WARNING: All log messages before absl::InitializeLog() is called are written to STDERR
E0000 00:00:1789299511.164786   88036 descriptor_database.cc:633] File already exists in database: grpc/health/v1/health.proto
W0000 00:00:1789299511.164807   88036 message.cc:301] Protobuf GeneratedMessageFactory: File is already registered: grpc/health/v1/health.proto
2026-09-13T11:38:31Z [Info] [carb] Logging to file: /home/trs/env_isaaclab/lib/python3.12/site-packages/isaacsim/kit/logs/Kit/Isaac-Sim Python/6.0/kit_20260913_203831.log
[0.046s] [ext: omni.assets.plugins-0.0.0] startup
[0.047s] [ext: omni.blobkey-1.1.2] startup
[0.047s] [ext: omni.kit.async_engine-0.0.3] startup
[0.109s] [ext: omni.client.lib-1.1.1] startup
[0.116s] [ext: omni.client-1.3.0] startup
[0.119s] [ext: omni.protobuf.lib-1.0.0] startup
[0.119s] [ext: omni.grpc.lib-1.0.0] startup
[0.122s] [ext: omni.metrics.core-0.0.3] startup
[0.122s] [ext: omni.datastore-0.0.0] startup
[0.122s] [ext: omni.gpu_foundation.shadercache.vulkan-1.0.0] startup
[0.124s] [ext: omni.hsscclient-1.1.4] startup
[0.125s] [ext: omni.stats-1.0.1] startup
[0.125s] [ext: omni.ujitso.default-1.0.0] startup
[0.127s] [ext: omni.gpu_foundation-0.0.0] startup
[0.299s] [ext: carb.windowing.plugins-1.0.1] startup
[0.300s] [ext: omni.kit.renderer.init-1.0.1] startup

|---------------------------------------------------------------------------------------------|
| Driver Version: 595.84        | Graphics API: Vulkan
|=============================================================================================|
| GPU | Name                             | Active | LDA | GPU Memory | Vendor-ID | LUID       |
|     |                                  |        |     |            | Device-ID | UUID       |
|     |                                  |        |     |            | Bus-ID    |            |
|---------------------------------------------------------------------------------------------|
| 0   | NVIDIA RTX A6000                 | Yes: 0 |     | 49140   MB | 10de      | 0          |
|     |                                  |        |     |            | 2230      | 1d7cbbed.. |
|     |                                  |        |     |            | 1         |            |
|=============================================================================================|
| OS: 24.04.4 LTS (Noble Numbat) ubuntu, Version: 24.04.4, Kernel: 7.0.0-31-generic
| XServer Vendor: The X.Org Foundation, XServer Version: 12101011 (1.21.1.11)
| Processor: Intel(R) Core(TM) i9-14900KF
| Cores: 24 | Logical Cores: 32
|---------------------------------------------------------------------------------------------|
| Total Memory (MB): 64135 | Free Memory: 57768
| Total Page/Swap (MB): 8191 | Free Page/Swap: 8191
|---------------------------------------------------------------------------------------------|
2026-09-13T11:38:31Z [803ms] [Warning] [omni.rtx] CPU performance profile is set to powersave. This profile sets the CPU to the lowest frequency reducing performance.
2026-09-13T11:38:31Z [813ms] [Warning] [omni.rtx] IOMMU is enabled.
[0.908s] [ext: omni.kit.pipapi-0.0.0] startup
[0.909s] [ext: omni.kit.telemetry-0.5.2] startup
[0.931s] [ext: omni.kit.loop-isaac-1.6.0] startup
[0.932s] [ext: omni.kit.test-2.0.7] startup
[0.966s] [ext: omni.materialx.libs-1.0.9] startup
[0.971s] [ext: omni.gpucompute.plugins-0.0.0] startup
[0.971s] [ext: omni.usd.config-1.0.7] startup
[0.973s] [ext: omni.usd.libs-1.0.3] startup
[1.029s] [ext: omni.iray.libs-0.0.1] startup
[1.032s] [ext: omni.mdl-57.0.3] startup
[1.084s] [ext: omni.mdl.neuraylib-0.2.20] startup
[1.086s] [ext: omni.kit.usd.mdl-1.1.9] startup
[1.165s] [ext: omni.appwindow-1.2.2] startup
[1.167s] [ext: omni.kit.renderer.core-1.2.2] startup
[1.195s] [ext: omni.kit.renderer.capture-2.0.1] startup
[1.196s] [ext: omni.kit.renderer.imgui-2.0.6] startup
[1.229s] [ext: omni.ui-3.1.3] startup
[1.235s] [ext: omni.kit.mainwindow-1.0.3] startup
[1.235s] [ext: carb.audio-0.1.0] startup
[1.238s] [ext: omni.uiaudio-1.0.0] startup
[1.238s] [ext: omni.kit.uiapp-0.0.0] startup
[1.238s] [ext: omni.usd.schema.metrics.assembler-110.1.0] startup
[1.240s] [ext: omni.usd.schema.audio-0.0.1] startup
[1.242s] [ext: omni.usd_resolver-1.0.0] startup
[1.244s] [ext: omni.usd.core-1.8.3] startup
[1.246s] [ext: omni.metropolis.schema-0.0.3] startup
[1.246s] [ext: isaacsim.anim.robot.schema-0.1.1] startup
[1.247s] [ext: omni.usd.schema.anim-0.0.1] startup
[1.258s] [ext: omni.usd.schema.geospatial-0.0.1] startup
[1.260s] [ext: omni.usd.schema.omnigraph-1.0.1] startup
[1.263s] [ext: omni.usd.schema.semantics-0.0.0] startup
[1.265s] [ext: omni.activity.core-1.0.3] startup
[1.265s] [ext: omni.cubric-0.1.0] startup
[1.265s] [ext: omni.graph.exec-0.9.6] startup
[1.266s] [ext: omni.hydra.scene_delegate-0.3.5] startup
[1.268s] [ext: usdrt.scenegraph-7.6.3] startup
[1.284s] [ext: omni.hydra.usdrt_delegate-7.5.2] startup
[1.288s] [ext: omni.inspect-1.0.2] startup
[1.289s] [ext: omni.kit.actions.core-1.0.0] startup
[1.290s] [ext: omni.kit.audiodeviceenum-1.0.2] startup
[1.291s] [ext: omni.kit.commands-1.5.0] startup
[1.293s] [ext: omni.kit.exec.core-0.13.5] startup
[1.294s] [ext: omni.kit.usd_undo-0.1.8] startup
[1.294s] [ext: omni.kit.window.popup_dialog-2.0.25] startup
[1.296s] [ext: omni.kit.widget.nucleus_connector-2.3.1] startup
[1.298s] [ext: omni.timeline-1.1.0] startup
[1.299s] [ext: omni.usd-1.15.2] startup
[1.325s] [ext: omni.graph.core-3.1.2] startup
[1.327s] [ext: omni.kit.notification_manager-1.0.11] startup
[1.328s] [ext: isaacsim.core.deprecation_manager-0.4.2] startup
[1.328s] [ext: isaacsim.replicator.agent.schema-0.1.1] startup
[1.329s] [ext: isaacsim.robot.schema-6.3.6] startup
[1.332s] [ext: isaacsim.robot_motion.schema-0.2.0] startup
[1.332s] [ext: omni.anim.behavior.schema-110.1.0] startup
[1.334s] [ext: omni.anim.graph.schema-110.1.1] startup
[1.338s] [ext: omni.anim.navigation.schema-110.1.0] startup
[1.339s] [ext: omni.behavior.tree.schema-110.1.0] startup
[1.340s] [ext: omni.kit.asset_converter-5.1.4] startup
[1.347s] [ext: omni.usd.schema.flow-110.0.0] startup
[1.347s] [ext: omni.usd.schema.mujoco-1.1.0] startup
[1.347s] [ext: omni.usd.schema.newton-1.2.0] startup
[1.348s] [ext: omni.usd.schema.omni_lens_distortion-1.0.0] startup
[1.348s] [ext: omni.usd.schema.omni_projectors-1.0.0] startup
[1.348s] [ext: omni.usd.schema.omni_sensors-0.0.0] startup
[1.353s] [ext: omni.usd.schema.omniscripting-1.0.1] startup
[1.355s] [ext: omni.usd.schema.physical_lighting-0.1.0] startup
[1.357s] [ext: omni.usd.schema.physx-110.1.11] startup
[1.375s] [ext: omni.usd.schema.render_settings.rtx-1.0.2] startup
[1.377s] [ext: omni.usd.schema.usd_particle_field-1.0.0] startup
[1.377s] [ext: isaacsim.core.version-2.1.0] startup
[1.377s] [ext: omni.kit.menu.core-1.2.0] startup
[1.378s] [ext: omni.kit.menu.utils-2.2.3] startup
[1.382s] [ext: isaacsim.app.about-2.3.0] startup
[1.385s] [ext: isaacsim.asset.transformer-1.2.3] startup
[1.387s] [ext: omni.scene.optimizer.core-110.1.0] startup
[1.425s] [ext: isaacsim.asset.importer.utils-1.8.0] startup
[1.427s] [ext: omni.convexdecomposition-110.1.11] startup
[1.428s] [ext: omni.physics-110.1.11] startup
[1.430s] [ext: omni.physx.gpu-110.1.11] startup
[1.430s] [ext: omni.physx.foundation-110.1.11] startup
[1.431s] [ext: omni.usdphysics-110.1.11] startup
[1.432s] [ext: omni.physx.cooking-110.1.11] startup
[1.434s] [ext: omni.physx-110.1.11] startup
[1.440s] [ext: omni.physics.physx-110.1.11] startup
[1.441s] [ext: isaacsim.asset.exporter.urdf-2.0.3] startup
[1.446s] [ext: omni.kit.clipboard-1.1.1] startup
[1.447s] [ext: omni.kit.usd.layers-2.6.1] startup
[1.451s] [ext: omni.kit.widget.context_menu-1.4.0] startup
[1.452s] [ext: omni.kit.context_menu-1.9.0] startup
[1.453s] [ext: omni.kit.helper.file_utils-0.1.10] startup
[1.454s] [ext: omni.kit.widget.nucleus_info-2.0.2] startup
[1.454s] [ext: omni.kit.search_core-1.0.8] startup
[1.454s] [ext: omni.kit.widget.path_field-2.0.13] startup
[1.455s] [ext: omni.kit.widget.browser_bar-2.0.10] startup
[1.455s] [ext: omni.kit.widget.filebrowser-2.13.4] startup
[1.458s] [ext: omni.kit.widget.options_menu-1.1.6] startup
[1.459s] [ext: omni.kit.widget.options_button-1.0.3] startup
[1.460s] [ext: omni.kit.widget.search_delegate-1.0.9] startup
[1.460s] [ext: omni.ui.scene-2.0.1] startup
[1.463s] [ext: omni.kit.window.filepicker-2.15.5] startup
[1.471s] [ext: omni.kit.window.file_importer-1.1.21] startup
[1.472s] [ext: omni.kit.material.library-3.1.2] startup
[1.475s] [ext: isaacsim.asset.transformer.rules-1.7.8] startup
[1.481s] [ext: omni.usdex.libs-2.2.2] startup
[1.487s] [ext: isaacsim.asset.importer.mjcf-3.10.0] startup
[1.488s] [ext: isaacsim.asset.importer.urdf-3.11.0] startup
[1.490s] [ext: omni.kit.primitive.mesh-1.1.0] startup
[1.492s] [ext: omni.kit.stage_template.core-1.1.22] startup
[1.492s] [ext: omni.kit.stage_templates-2.0.2] startup
[1.493s] [ext: omni.usd.metrics.assembler-110.1.2] startup
[1.495s] [ext: omni.warp.core-1.13.0] startup
[1.611s] [ext: isaacsim.core.experimental.utils-0.17.1] startup
[1.611s] [ext: omni.physics.stageupdate-110.1.11] startup
[1.612s] [ext: omni.physics.tensors-110.1.11] startup
[1.615s] [ext: omni.physx.tensors-110.1.11] startup
[1.618s] [ext: isaacsim.core.simulation_manager-1.15.4] startup
2026-09-13T11:38:32Z [1,603ms] [Warning] [isaacsim.core.simulation_manager.plugin] USD stage is not available; stage-opened subscription is deferred
2026-09-13T11:38:32Z [1,603ms] [Warning] [isaacsim.core.simulation_manager.plugin] USD stage is not available; stage-opened subscription is deferred
[1.627s] [ext: isaacsim.storage.native-1.9.2] startup
[1.628s] [ext: omni.usd.metrics.assembler.physics-110.1.11] startup
[1.629s] [ext: isaacsim.core.utils-4.1.6] startup
[1.631s] [ext: isaacsim.core.prims-0.11.6] startup
[2.383s] [ext: isaacsim.core.api-5.2.12] startup
[2.388s] [ext: isaacsim.core.cloner-1.7.2] startup
[2.389s] [ext: isaacsim.test.docstring-1.3.1] startup
[2.391s] [ext: isaacsim.core.experimental.prims-1.8.8] startup
[2.406s] [ext: isaacsim.core.experimental.primdata-0.3.2] startup
[2.408s] [ext: omni.graph.tools-1.81.0] startup
[2.422s] [ext: omni.graph-1.142.5] startup
[2.446s] [ext: isaacsim.core.experimental.actuators-0.1.0] startup
[3.688s] [ext: isaacsim.core.experimental.materials-0.7.0] startup
[3.690s] [ext: isaacsim.core.experimental.objects-0.8.0] startup
[3.730s] [ext: omni.hydra.engine.stats-1.0.5] startup
[3.732s] [ext: omni.hydra.rtx.shadercache.vulkan-1.0.0] startup
[3.732s] [ext: omni.index.libs-387500.3473.0] startup
[3.733s] [ext: omni.index-1.0.1] startup
[3.733s] [ext: omni.ujitso.client-0.0.0] startup
[3.733s] [ext: omni.usd.schema.playback-1.0.0] startup
[3.736s] [ext: omni.volume-0.5.2] startup
[3.739s] [ext: omni.hydra.rtx-1.0.3] startup
2026-09-13T11:38:34Z [3,726ms] [Warning] [omni.log] Source: omni.hydra was already registered.
[3.761s] [ext: omni.kit.hydra_texture-1.6.0] startup
[3.764s] [ext: omni.kit.raycast.query-1.2.0] startup
[3.767s] [ext: omni.kit.viewport.legacy_gizmos-1.0.24] startup
[3.769s] [ext: omni.kit.viewport.registry-104.0.6] startup
[3.770s] [ext: omni.kit.viewport.scene_camera_model-1.0.7] startup
[3.773s] [ext: omni.kit.widget.viewport-109.2.0] startup
[3.776s] [ext: omni.kit.window.drop_support-1.0.8] startup
[3.776s] [ext: omni.kit.viewport.window-109.0.2] startup
[3.787s] [ext: omni.kit.viewport.utility-2.0.1] startup
[3.788s] [ext: isaacsim.core.rendering_manager-0.4.2] startup
[3.801s] [ext: omni.graph.action_core-1.1.9] startup
[3.802s] [ext: omni.graph.action_nodes_core-2.10.2] startup
[3.804s] [ext: omni.graph.action_nodes-2.10.3] startup
[3.822s] [ext: omni.graph.action-2.10.2] startup
[3.823s] [ext: omni.graph.image.core-0.6.1] startup
[3.824s] [ext: omni.graph.image.nodes-1.3.1] startup
[3.824s] [ext: omni.graph.nodes_core-2.10.3] startup
[3.829s] [ext: omni.graph.nodes-2.11.1] startup
[3.836s] [ext: omni.kit.hotkeys.core-1.3.12] startup
[3.837s] [ext: omni.kit.property.adapter.core-1.1.1] startup
[3.838s] [ext: omni.kit.property.adapter.usd-1.0.5] startup
[3.839s] [ext: omni.kit.widget.filter-1.1.5] startup
[3.840s] [ext: omni.kit.widget.highlight_label-1.0.3] startup
[3.840s] [ext: omni.kit.widget.searchfield-1.1.8] startup
[3.841s] [ext: omni.kit.window.file_exporter-1.0.36] startup
[3.842s] [ext: omni.kit.widget.stage-4.3.0] startup
[3.848s] [ext: omni.kit.window.content_browser_registry-0.0.6] startup
[3.848s] [ext: omni.kit.window.file-2.0.10] startup
[3.850s] [ext: omni.kit.window.content_browser-3.1.8] startup
[3.857s] [ext: omni.kit.window.property-1.15.1] startup
[3.865s] [ext: omni.kit.property.usd-4.8.1] startup
[3.871s] [ext: omni.graph.scriptnode-2.10.2] startup
[3.878s] [ext: omni.kit.widget.searchable_combobox-1.0.7] startup
[3.878s] [ext: omni.kit.widget.settings-2.0.0] startup
[3.880s] [ext: omni.kit.window.preferences-1.8.3] startup
[3.883s] [ext: omni.kit.viewport.menubar.core-107.2.2] startup
[3.890s] [ext: omni.syntheticdata-0.6.15] startup
[3.910s] [ext: omni.replicator.nv-1.1.1] startup
[3.914s] [ext: omni.videoencoding-0.2.1] startup
[3.916s] [ext: omni.replicator.core-1.13.25] startup
2026-09-13T11:38:34Z [3,898ms] [Warning] [pxr.Semantics] pxr.Semantics is deprecated - please use Semantics instead
2026-09-13T11:38:35Z [3,953ms] [Warning] [omni.replicator.core.scripts.extension] No material configuration file, adding configuration to material settings directly.
[4.087s] [ext: isaacsim.core.nodes-5.10.4] startup
[4.111s] [ext: isaacsim.core.throttling-2.3.3] startup
[4.112s] [ext: omni.kit.manipulator.viewport-107.0.1] startup
[4.112s] [ext: omni.graph.visualization.nodes-2.1.4] startup
[4.122s] [ext: omni.kit.window.extensions-1.5.7] startup
[4.125s] [ext: isaacsim.gui.components-1.8.4] startup
[4.129s] [ext: isaacsim.robot.surface_gripper-3.6.1] startup
[4.136s] [ext: isaacsim.robot.manipulators-3.4.4] startup
[4.143s] [ext: isaacsim.robot_motion.lula-4.1.2] startup
[4.148s] [ext: isaacsim.robot_motion.motion_generation-8.2.8] startup
[4.152s] [ext: isaacsim.cortex.framework-1.0.17] startup
[4.153s] [ext: isaacsim.cortex.behaviors-2.0.16] startup
[4.155s] [ext: isaacsim.examples.base-1.3.1] startup
[4.156s] [ext: omni.kit.widget.zoombar-1.0.7] startup
[4.157s] [ext: omni.kit.browser.core-2.3.18] startup
[4.159s] [ext: omni.kit.browser.folder.core-2.0.2] startup
[4.162s] [ext: omni.kit.widget.stage_icons-1.0.8] startup
[4.163s] [ext: omni.kit.window.stage-2.6.1] startup
[4.165s] [ext: omni.kit.menu.stage-1.2.7] startup
[4.166s] [ext: omni.kit.usd.collect-3.0.5] startup
[4.168s] [ext: omni.kit.widget.prompt-1.0.7] startup
[4.169s] [ext: omni.kit.tool.collect-2.2.19] startup
[4.170s] [ext: isaacsim.examples.browser-0.3.1] startup
[4.172s] [ext: omni.kit.search.files-1.0.4] startup
[4.173s] [ext: omni.kit.widget.calendar-1.0.9] startup
[4.173s] [ext: omni.kit.widget.extended_searchfield-1.0.31] startup
[4.179s] [ext: omni.simready.content.browser-0.3.7] startup
[4.241s] [ext: isaacsim.gui.content_browser-0.4.2] startup
[4.243s] [ext: omni.kit.selection-0.1.6] startup
[4.244s] [ext: isaacsim.gui.menu-2.10.5] startup
[4.249s] [ext: isaacsim.gui.property-1.6.2] startup
[4.254s] [ext: omni.kit.viewport.actions-107.0.2] startup
[4.257s] [ext: omni.kit.viewport.menubar.display-107.1.3] startup
[4.258s] [ext: isaacsim.gui.sensors.icon-2.2.0] startup
[4.260s] [ext: omni.behavior.scripting.core-110.1.0] startup
[4.262s] [ext: isaacsim.replicator.behavior-1.5.3] startup
[4.263s] [ext: isaacsim.replicator.experimental.domain_randomization-1.2.4] startup
[4.274s] [ext: isaacsim.replicator.domain_randomization-1.2.1] startup
[4.325s] [ext: isaacsim.replicator.writers-1.5.3] startup
[4.341s] [ext: isaacsim.robot.experimental.wheeled_robots-0.2.9] startup
[4.355s] [ext: isaacsim.robot.policy.examples-5.2.11] startup
[4.369s] [ext: isaacsim.robot.wheeled_robots-5.2.3] startup
[4.372s] [ext: isaacsim.robot.wheeled_robots.nodes-0.1.2] startup
[4.386s] [ext: isaacsim.robot_motion.experimental.motion_generation-6.1.2] startup
[4.393s] [ext: isaacsim.robot_motion.cumotion-1.3.0] startup
[4.402s] [ext: omni.kit.numpy.common-0.1.3] startup
[4.403s] [ext: isaacsim.sensors.camera-1.7.8] startup
[4.422s] [ext: isaacsim.sensors.experimental.physics-3.0.1] startup
[4.428s] [ext: omni.sensors.net-1.0.1] startup
[4.430s] [ext: omni.sensors.nv.common-3.0.0] startup
[4.438s] [ext: omni.sensors.nv.materials-2.0.0] startup
[4.441s] [ext: omni.sensors.nv.acoustic-3.0.0] startup
[4.443s] [ext: omni.sensors.nv.ids-2.0.1] startup
[4.444s] [ext: omni.sensors.nv.lidar-3.0.0] startup
[4.447s] [ext: omni.sensors.nv.radar-3.0.0] startup
[4.449s] [ext: isaacsim.sensors.experimental.rtx-1.4.3] startup
[4.611s] [ext: isaacsim.sensors.physics.nodes-1.5.2] startup
[4.616s] [ext: isaacsim.util.debug_draw-3.2.2] startup
[4.620s] [ext: isaacsim.sensors.physx-2.5.4] startup
[4.626s] [ext: isaacsim.sensors.rtx-15.17.0] startup
[4.634s] [ext: isaacsim.simulation_app-2.18.3] startup
[4.635s] [ext: omni.anim.curve.core-1.6.0] startup
[4.641s] [ext: omni.graph.ui_nodes-2.10.5] startup
[4.661s] [ext: omni.hydra.scene_api-0.1.3] startup
[4.664s] [ext: omni.kit.manipulator.camera-110.0.0] startup
[4.667s] [ext: omni.kit.manipulator.selector-1.1.4] startup
[4.668s] [ext: omni.kit.manipulator.transform-107.0.0] startup
[4.671s] [ext: omni.kit.widget.toolbar-2.1.0] startup
[4.675s] [ext: omni.kit.manipulator.tool.snap-1.5.14] startup
[4.677s] [ext: omni.kit.viewport.manipulator.transform-107.0.4] startup
[4.679s] [ext: omni.kit.manipulator.prim.core-108.0.2] startup
[4.682s] [ext: omni.kit.manipulator.prim.usd-107.0.3] startup
[4.683s] [ext: omni.kit.manipulator.prim-108.0.0] startup
[4.683s] [ext: omni.kit.manipulator.selection-109.0.1] startup
[4.684s] [ext: omni.kit.menu.create-2.0.2] startup
[4.685s] [ext: omni.kit.property.audio-1.0.16] startup
[4.688s] [ext: omni.kit.property.camera-1.0.14] startup
[4.689s] [ext: omni.kit.property.geometry-2.1.2] startup
[4.691s] [ext: omni.kit.property.light-1.0.14] startup
2026-09-13T11:38:35Z [4,687ms] [Warning] [omni.usd] Encountered USD Warnings but USD Diagnostics are currently muted. To view USD Warnings, please set the '/persistent/app/usd/muteUsdDiagnostics' setting to false in Preferences page.
[4.717s] [ext: omni.kit.property.material-1.14.2] startup
[4.721s] [ext: omni.kit.property.render-1.2.2] startup
[4.722s] [ext: omni.kit.property.transform-1.6.9] startup
[4.724s] [ext: omni.kit.property.bundle-1.5.1] startup
[4.725s] [ext: omni.kit.usdz_export-1.1.0] startup
[4.727s] [ext: omni.kit.tool.asset_importer-5.2.0] startup
[4.730s] [ext: omni.kit.ui.actions-1.0.5] startup
[4.731s] [ext: omni.kit.viewport.menubar.camera-107.0.10] startup
[4.734s] [ext: omni.kit.viewport.menubar.lighting-107.3.2] startup
[4.736s] [ext: omni.kit.viewport.menubar.render-107.0.10] startup
[4.738s] [ext: omni.kit.viewport.menubar.settings-110.0.1] startup
[4.740s] [ext: omni.kit.window.console-1.1.8] startup
[4.743s] [ext: omni.kit.window.status_bar-0.1.11] startup
[4.745s] [ext: omni.kit.window.toolbar-3.0.3] startup
[4.747s] [ext: omni.ocio-0.1.1] startup
[4.747s] [ext: omni.physx.commands-110.1.11] startup
[4.753s] [ext: omni.replicator.replicator_yaml-2.0.12] startup
[4.761s] [ext: omni.rtx.window.settings-0.8.0] startup
[4.764s] [ext: omni.rtx.settings.core-0.7.0] startup
[4.766s] [ext: omni.usd.metrics.assembler.ui-110.1.1] startup
[4.770s] [ext: semantics.schema.editor-2.0.2] startup
[4.772s] [ext: semantics.schema.property-2.0.1] startup
[4.773s] [ext: omni.kit.menu.common-2.0.2] startup
[4.774s] [ext: isaacsim.exp.base-6.0.0] startup
[4.774s] [ext: isaacsim.exp.base.python-6.0.0] startup
[4.775s] Simulation App Starting
[5.544s] Simulation App Startup Complete
[5.565s] app ready
Starting kit application with the following args:  ['/home/trs/env_isaaclab/lib/python3.12/site-packages/isaacsim/exts/isaacsim.simulation_app/isaacsim/simulation_app/simulation_app.py', '/home/trs/env_isaaclab/lib/python3.12/site-packages/isaacsim/apps/isaacsim.exp.base.python.kit', '--/app/tokens/exe-path=/home/trs/env_isaaclab/lib/python3.12/site-packages/isaacsim/kit', '--/persistent/app/viewport/displayOptions=3094', '--/rtx/materialDb/syncLoads=True', '--/rtx/hydra/materialSyncLoads=True', '--/omni.kit.plugin/syncUsdLoads=True', '--/app/renderer/resolution/width=1280', '--/app/renderer/resolution/height=720', '--/app/window/width=1440', '--/app/window/height=900', '--/renderer/multiGpu/enabled=True', '--/app/fastShutdown=True', '--/app/installSignalHandlers=0', '--ext-folder', '/home/trs/env_isaaclab/lib/python3.12/site-packages/isaacsim/exts', '--ext-folder', '/home/trs/env_isaaclab/lib/python3.12/site-packages/isaacsim/apps', '--/physics/cudaDevice=0', '--/plugins/carb.tasking.plugin/threadCount=32', '--/plugins/omni.tbb.globalcontrol/maxThreadCount=32', '--portable', '--no-window', '--/app/window/hideUi=1']
Passing the following args to the base kit application:  ['--duration', '1400']
Warp 1.13.0 initialized:
   CUDA Toolkit 12.9, Driver 13.2
   Devices:
     "cpu"      : "x86_64"
     "cuda:0"   : "NVIDIA RTX A6000" (47 GiB, sm_86, mempool enabled)
   Kernel cache:
     /home/trs/.cache/warp/1.13.0
### stage opened: /home/trs/kotek_ws/src/kotek_isaac_stage/usd/kotek_scout_piper_wall_demo.usd
[6.115s] [ext: isaacsim.sensors.rtx.nodes-0.1.0] startup
[6.122s] [ext: isaacsim.ros2.core-1.9.1] startup
[6.134s] Attempting to load system rclpy
[6.134s] Could not import system rclpy: No module named 'rclpy'
[6.134s] Attempting to load internal rclpy for ROS Distro: jazzy
[6.145s] rclpy loaded
[6.148s] [ext: isaacsim.ros2.nodes-1.18.11] startup
[6.179s] [ext: isaacsim.ros2.examples-1.2.3] startup
[6.183s] [ext: isaacsim.ros2.ui-1.6.4] startup
[6.344s] [ext: isaacsim.ros2.bridge-5.1.1] startup
2026-09-13T11:38:37Z [6,745ms] [Warning] [isaacsim.ros2.nodes] OgnROS2PublishTransformTree: using targetPrims for internal computation is deprecated. Connect OgnIsaacComputeTransformTree to inputs:parentFrames/childFrames/translations/orientations instead.
2026-09-13T11:38:37Z [6,745ms] [Error] [omni.physx.tensors.plugin] Failed to create simulation view: no active physics scene found
2026-09-13T11:38:37Z [6,745ms] [Error] [omni.graph.core.plugin] /World/kotek_wall_sensor_graph/ros2_publish_transform_tree: [/World/kotek_wall_sensor_graph] Failed to create simulation view - physics backend may not be initialized
### physics playing -- /clock and /isaac_joint_states are live; start the 45s warm-up now
### still playing, 1400s left
### kotek_magnet[tick=60] sensor1: d=0.4082m in_range=False f_mag=0.000N tau_mag=0.0000Nm misalign_deg=90.0 pos=[0.10880279 0.1090093  0.49140233] bottom_world=[0.10880296 0.10900929 0.47140233] quat=[ 9.2484176e-01 -2.0293912e-06 -3.8486596e-06  3.8035229e-01] speed=0.0006 ang_speed=0.0049 ang_vel_vec=[0.00448202 0.00189047 0.00039158] |com_force|=0.0000N
### kotek_magnet[tick=60] sensor2: d=0.3208m in_range=False f_mag=0.000N tau_mag=0.0000Nm misalign_deg=90.0 pos=[ 0.10902467 -0.10904666  0.49140108] bottom_world=[ 0.10902465 -0.10904649  0.47140108] quat=[ 9.2300087e-01  3.7843577e-06  2.1311657e-06 -3.8479796e-01] speed=0.0004 ang_speed=0.0023 ang_vel_vec=[-0.0016911  -0.00122399 -0.00091027] |com_force|=0.0000N
### kotek_magnet[tick=60] sensor3: d=0.5470m in_range=False f_mag=0.000N tau_mag=0.0000Nm misalign_deg=90.0 pos=[-0.10910747 -0.10914613  0.49140114] bottom_world=[-0.10910741 -0.10914599  0.47140114] quat=[-3.8058406e-01 -2.6324492e-06 -2.6273779e-06  9.2474633e-01] speed=0.0005 ang_speed=0.0023 ang_vel_vec=[-0.00091867  0.00195101 -0.0009245 ] |com_force|=0.0000N
### kotek_magnet[tick=60] sensor4: d=0.5249m in_range=False f_mag=0.000N tau_mag=0.0000Nm misalign_deg=90.0 pos=[-0.10900018  0.10899954  0.49140233] bottom_world=[-0.10900028  0.10899957  0.47140233] quat=[3.8268229e-01 2.6469561e-06 2.1679557e-07 9.2388010e-01] speed=0.0004 ang_speed=0.0034 ang_vel_vec=[ 0.00290578 -0.00177686 -0.00043088] |com_force|=0.0000N
### kotek_magnet[tick=120] sensor1: d=0.4082m in_range=False f_mag=0.000N tau_mag=0.0000Nm misalign_deg=90.0 pos=[0.10880256 0.10900908 0.4914024 ] bottom_world=[0.10880275 0.1090091  0.47140239] quat=[ 9.2484188e-01 -1.3549216e-06 -4.7550493e-06  3.8035187e-01] speed=0.0010 ang_speed=0.0024 ang_vel_vec=[-0.00194262  0.00011888  0.00137404] |com_force|=0.0000N
### kotek_magnet[tick=120] sensor2: d=0.3208m in_range=False f_mag=0.000N tau_mag=0.0000Nm misalign_deg=90.0 pos=[ 0.10902449 -0.10904672  0.491401  ] bottom_world=[ 0.1090246  -0.10904652  0.47140099] quat=[ 9.2300093e-01  5.6364875e-06 -5.2745366e-07 -3.8479799e-01] speed=0.0004 ang_speed=0.0030 ang_vel_vec=[-0.00239843  0.00185671 -0.00030084] |com_force|=0.0000N
### kotek_magnet[tick=120] sensor3: d=0.5470m in_range=False f_mag=0.000N tau_mag=0.0000Nm misalign_deg=90.0 pos=[-0.1091075  -0.10914591  0.49140096] bottom_world=[-0.10910742 -0.1091459   0.47140096] quat=[-3.8058385e-01 -2.0400319e-06  4.8969514e-07  9.2474645e-01] speed=0.0004 ang_speed=0.0029 ang_vel_vec=[ 0.00175139  0.00229395 -0.00030659] |com_force|=0.0000N
### kotek_magnet[tick=120] sensor4: d=0.5249m in_range=False f_mag=0.000N tau_mag=0.0000Nm misalign_deg=90.0 pos=[-0.10900009  0.10900014  0.49140233] bottom_world=[-0.10900031  0.109       0.47140233] quat=[3.8268185e-01 3.7584534e-06 5.3168492e-06 9.2388022e-01] speed=0.0010 ang_speed=0.0025 ang_vel_vec=[ 0.00156604 -0.00169831 -0.00084199] |com_force|=0.0000N
### kotek_magnet[tick=180] sensor1: d=0.4082m in_range=False f_mag=0.000N tau_mag=0.0000Nm misalign_deg=90.0 pos=[0.10880381 0.10900926 0.49140236] bottom_world=[0.10880372 0.10900939 0.47140236] quat=[9.2484158e-01 3.9447241e-06 8.9494779e-07 3.8035277e-01] speed=0.0006 ang_speed=0.0027 ang_vel_vec=[-0.00011122 -0.00245961 -0.00102552] |com_force|=0.0000N
### kotek_magnet[tick=180] sensor2: d=0.3208m in_range=False f_mag=0.000N tau_mag=0.0000Nm misalign_deg=90.0 pos=[ 0.10902469 -0.1090467   0.49140102] bottom_world=[ 0.10902467 -0.10904652  0.47140102] quat=[ 9.2300087e-01  3.9918477e-06  2.0770669e-06 -3.8479799e-01] speed=0.0005 ang_speed=0.0027 ang_vel_vec=[-0.00219353 -0.00125844 -0.00084593] |com_force|=0.0000N
### kotek_magnet[tick=180] sensor3: d=0.5470m in_range=False f_mag=0.000N tau_mag=0.0000Nm misalign_deg=90.0 pos=[-0.1091075  -0.10914611  0.49140102] bottom_world=[-0.10910744 -0.10914598  0.47140102] quat=[-3.8058406e-01 -2.7526983e-06 -2.4222672e-06  9.2474639e-01] speed=0.0005 ang_speed=0.0026 ang_vel_vec=[-0.00103446  0.0022488  -0.00083914] |com_force|=0.0000N
### kotek_magnet[tick=180] sensor4: d=0.5249m in_range=False f_mag=0.000N tau_mag=0.0000Nm misalign_deg=90.0 pos=[-0.10900026  0.10899845  0.49140233] bottom_world=[-0.10900016  0.10899876  0.47140233] quat=[ 3.8268286e-01  6.3634468e-07 -8.1468079e-06  9.2387980e-01] speed=0.0009 ang_speed=0.0019 ang_vel_vec=[-0.00030473 -0.00146022  0.00121709] |com_force|=0.0000N
2026-09-13T11:38:37Z [6,860ms] [Warning] [omni.physx.plugin] Detected a rigid at /World/scout_mini/Geometry/base_link/sensor_cam_1 with more than 4 velocity iterations being added to a TGS scene.The related behavior changed recently, please consult the changelog. This warning will only print once.
2026-09-13T11:38:37Z [6,860ms] [Warning] [omni.physx.plugin] PhysicsUSD: CreateJoint - found a joint with disjointed body transforms, the simulation will most likely snap objects together: /World/_scout_parking_brake
2026-09-13T11:38:37Z [6,861ms] [Warning] [omni.physx.plugin] Detected an articulation at /World/piper/Geometry/base_link with more than 4 velocity iterations being added to a TGS scene.The related behavior changed recently, please consult the changelog. This warning will only print once.
2026-09-13T11:38:37Z [6,891ms] [Warning] [isaacsim.ros2.nodes] [ROS2 Publish Joint State] Reading from targetPrim is deprecated. Connect an Isaac Read Joint State node and use its outputs instead.
2026-09-13T11:38:37Z [6,929ms] [Warning] [carb] Client omni.hydratexture.plugin has acquired [carb::settings::ISettings v1.1] 100 times. Consider accessing this interface with carb::getCachedInterface() (Performance warning)
2026-09-13T11:38:38Z [7,560ms] [Warning] [omni.rtx] DLSS increasing input dimensions: Render resolution of (320, 240) is below minimal input resolution of 300.
2026-09-13T11:38:38Z [7,852ms] [Warning] [omni.timeline.plugin] Deprecated: direct use of ITimeline callbacks is deprecated. Use ITimeline::getTimeline (Python: omni.timeline.get_timeline_interface) instead.
### kotek_magnet[tick=240] sensor1: d=0.4082m in_range=False f_mag=0.000N tau_mag=0.0000Nm misalign_deg=90.0 pos=[0.10880429 0.10900896 0.4914024 ] bottom_world=[0.10880402 0.10900932 0.47140239] quat=[9.2484152e-01 1.0799759e-05 2.8339573e-06 3.8035288e-01] speed=0.0010 ang_speed=0.0025 ang_vel_vec=[-0.00165541 -0.00168924 -0.00074784] |com_force|=0.0000N
### kotek_magnet[tick=240] sensor2: d=0.3208m in_range=False f_mag=0.000N tau_mag=0.0000Nm misalign_deg=90.0 pos=[ 0.10902468 -0.10904647  0.49140093] bottom_world=[ 0.10902464 -0.10904637  0.47140093] quat=[ 9.2300087e-01  1.7970312e-06  1.9131264e-06 -3.8479814e-01] speed=0.0001 ang_speed=0.0016 ang_vel_vec=[ 0.00095513 -0.00124878 -0.00024862] |com_force|=0.0000N
### kotek_magnet[tick=240] sensor3: d=0.5470m in_range=False f_mag=0.000N tau_mag=0.0000Nm misalign_deg=90.0 pos=[-0.10910726 -0.10914613  0.49140093] bottom_world=[-0.10910728 -0.10914597  0.47140093] quat=[-3.8058388e-01 -9.9328167e-07 -4.0001228e-06  9.2474651e-01] speed=0.0001 ang_speed=0.0011 ang_vel_vec=[-0.00091932 -0.0005959  -0.00025951] |com_force|=0.0000N
### kotek_magnet[tick=240] sensor4: d=0.5249m in_range=False f_mag=0.000N tau_mag=0.0000Nm misalign_deg=90.0 pos=[-0.10900023  0.10899844  0.49140236] bottom_world=[-0.10900012  0.10899876  0.47140236] quat=[ 3.8268289e-01  5.1690364e-07 -8.3064660e-06  9.2387974e-01] speed=0.0009 ang_speed=0.0017 ang_vel_vec=[-0.00055898 -0.00070829  0.00144617] |com_force|=0.0000N
### kotek_magnet[tick=300] sensor1: d=0.4082m in_range=False f_mag=0.000N tau_mag=0.0000Nm misalign_deg=90.0 pos=[0.10880426 0.10900898 0.49140233] bottom_world=[0.10880399 0.10900934 0.47140233] quat=[9.2484152e-01 1.0770785e-05 2.7855392e-06 3.8035297e-01] speed=0.0010 ang_speed=0.0028 ang_vel_vec=[-0.00193009 -0.00176193 -0.00091368] |com_force|=0.0000N
### kotek_magnet[tick=300] sensor2: d=0.3208m in_range=False f_mag=0.000N tau_mag=0.0000Nm misalign_deg=90.0 pos=[ 0.10902468 -0.10904644  0.49140093] bottom_world=[ 0.10902464 -0.10904634  0.47140093] quat=[ 9.2300087e-01  1.9344550e-06  1.8984608e-06 -3.8479814e-01] speed=0.0001 ang_speed=0.0013 ang_vel_vec=[ 0.00024136 -0.00123502 -0.0004283 ] |com_force|=0.0000N
### kotek_magnet[tick=300] sensor3: d=0.5470m in_range=False f_mag=0.000N tau_mag=0.0000Nm misalign_deg=90.0 pos=[-0.10910637 -0.10914617  0.49140102] bottom_world=[-0.10910657 -0.10914587  0.47140102] quat=[-3.8058332e-01  1.8432601e-06 -8.9516952e-06  9.2474663e-01] speed=0.0009 ang_speed=0.0024 ang_vel_vec=[-0.00220514  0.00071893  0.00069393] |com_force|=0.0000N
### kotek_magnet[tick=300] sensor4: d=0.5249m in_range=False f_mag=0.000N tau_mag=0.0000Nm misalign_deg=90.0 pos=[-0.10900041  0.10899869  0.49140236] bottom_world=[-0.10900027  0.10899898  0.47140236] quat=[ 3.8268244e-01 -4.6692509e-07 -8.0770133e-06  9.2387992e-01] speed=0.0006 ang_speed=0.0043 ang_vel_vec=[-0.00159533  0.00392525  0.00040771] |com_force|=0.0000N
### kotek_magnet[tick=360] sensor1: d=0.4082m in_range=False f_mag=0.000N tau_mag=0.0000Nm misalign_deg=90.0 pos=[0.10880427 0.10900897 0.49140233] bottom_world=[0.108804   0.10900933 0.47140233] quat=[9.2484146e-01 1.0857890e-05 2.7857548e-06 3.8035291e-01] speed=0.0010 ang_speed=0.0029 ang_vel_vec=[-0.00208816 -0.00180887 -0.00084198] |com_force|=0.0000N
### kotek_magnet[tick=360] sensor2: d=0.3208m in_range=False f_mag=0.000N tau_mag=0.0000Nm misalign_deg=90.0 pos=[ 0.10902447 -0.10904639  0.49140105] bottom_world=[ 0.10902454 -0.10904624  0.47140105] quat=[ 9.2300063e-01  4.2297288e-06  2.8837231e-08 -3.8479841e-01] speed=0.0002 ang_speed=0.0031 ang_vel_vec=[-0.00166416  0.00257849  0.00026908] |com_force|=0.0000N
### kotek_magnet[tick=360] sensor3: d=0.5470m in_range=False f_mag=0.000N tau_mag=0.0000Nm misalign_deg=90.0 pos=[-0.10910746 -0.10914612  0.4914011 ] bottom_world=[-0.1091074  -0.10914599  0.47140111] quat=[-3.8058397e-01 -2.7412830e-06 -2.4000201e-06  9.2474633e-01] speed=0.0005 ang_speed=0.0025 ang_vel_vec=[-0.00099188  0.00218538 -0.0006827 ] |com_force|=0.0000N
### kotek_magnet[tick=360] sensor4: d=0.5249m in_range=False f_mag=0.000N tau_mag=0.0000Nm misalign_deg=90.0 pos=[-0.10900024  0.10899843  0.49140236] bottom_world=[-0.10900015  0.10899873  0.47140236] quat=[ 3.8268289e-01  7.4490174e-07 -8.0223654e-06  9.2387980e-01] speed=0.0009 ang_speed=0.0024 ang_vel_vec=[-0.00010234 -0.00192245  0.00135485] |com_force|=0.0000N
### kotek_magnet[tick=420] sensor1: d=0.4082m in_range=False f_mag=0.000N tau_mag=0.0000Nm misalign_deg=90.0 pos=[0.10880379 0.10900929 0.4914024 ] bottom_world=[0.1088037  0.1090094  0.47140239] quat=[9.2484164e-01 3.4742070e-06 1.0488067e-06 3.8035265e-01] speed=0.0006 ang_speed=0.0027 ang_vel_vec=[ 0.00157288 -0.00195551 -0.00090649] |com_force|=0.0000N
### kotek_magnet[tick=420] sensor2: d=0.3208m in_range=False f_mag=0.000N tau_mag=0.0000Nm misalign_deg=90.0 pos=[ 0.10902446 -0.10904564  0.49140105] bottom_world=[ 0.10902436 -0.10904573  0.47140105] quat=[ 9.2300034e-01 -3.0889732e-06  1.4352929e-06 -3.8479903e-01] speed=0.0010 ang_speed=0.0023 ang_vel_vec=[0.0006334  0.0017126  0.00140486] |com_force|=0.0000N
### kotek_magnet[tick=420] sensor3: d=0.5470m in_range=False f_mag=0.000N tau_mag=0.0000Nm misalign_deg=90.0 pos=[-0.10910639 -0.1091461   0.4914011 ] bottom_world=[-0.1091066  -0.10914579  0.47140111] quat=[-3.8058311e-01  2.0093357e-06 -9.0609446e-06  9.2474681e-01] speed=0.0009 ang_speed=0.0023 ang_vel_vec=[-0.0020992   0.00060522  0.0007379 ] |com_force|=0.0000N
### kotek_magnet[tick=420] sensor4: d=0.5249m in_range=False f_mag=0.000N tau_mag=0.0000Nm misalign_deg=90.0 pos=[-0.10900022  0.10899851  0.49140233] bottom_world=[-0.10900011  0.10899882  0.47140233] quat=[ 3.8268310e-01  3.4596013e-07 -8.2354500e-06  9.2387974e-01] speed=0.0009 ang_speed=0.0015 ang_vel_vec=[-0.00065828 -0.00037708  0.00131265] |com_force|=0.0000N
### kotek_magnet[tick=480] sensor1: d=0.4082m in_range=False f_mag=0.000N tau_mag=0.0000Nm misalign_deg=90.0 pos=[0.1088042  0.10900889 0.49140236] bottom_world=[0.10880394 0.10900925 0.47140236] quat=[9.2484152e-01 1.0685934e-05 2.6167252e-06 3.8035256e-01] speed=0.0009 ang_speed=0.0040 ang_vel_vec=[-0.00255356 -0.00299469 -0.0004536 ] |com_force|=0.0000N
### kotek_magnet[tick=480] sensor2: d=0.3208m in_range=False f_mag=0.000N tau_mag=0.0000Nm misalign_deg=90.0 pos=[ 0.10902465 -0.10904644  0.49140108] bottom_world=[ 0.1090246  -0.10904635  0.47140108] quat=[ 9.2300069e-01  1.5867282e-06  1.9521228e-06 -3.8479844e-01] speed=0.0001 ang_speed=0.0014 ang_vel_vec=[ 0.00048992 -0.00126014 -0.00026601] |com_force|=0.0000N
### kotek_magnet[tick=480] sensor3: d=0.5470m in_range=False f_mag=0.000N tau_mag=0.0000Nm misalign_deg=90.0 pos=[-0.10910814 -0.10914575  0.4914011 ] bottom_world=[-0.10910788 -0.10914587  0.47140111] quat=[-3.8058403e-01 -4.9439500e-06  5.1597453e-06  9.2474639e-01] speed=0.0010 ang_speed=0.0024 ang_vel_vec=[ 0.00181707  0.00146246 -0.00068988] |com_force|=0.0000N
### kotek_magnet[tick=480] sensor4: d=0.5249m in_range=False f_mag=0.000N tau_mag=0.0000Nm misalign_deg=90.0 pos=[-0.10900022  0.1089985   0.49140227] bottom_world=[-0.10900011  0.10899881  0.47140227] quat=[ 3.8268292e-01  4.6447002e-07 -8.1360085e-06  9.2387974e-01] speed=0.0009 ang_speed=0.0018 ang_vel_vec=[-0.00045878 -0.00100199  0.00143543] |com_force|=0.0000N
### kotek_magnet[tick=540] sensor1: d=0.4082m in_range=False f_mag=0.000N tau_mag=0.0000Nm misalign_deg=90.0 pos=[0.10880381 0.10900925 0.49140233] bottom_world=[0.10880372 0.10900937 0.47140233] quat=[9.2484158e-01 3.4988334e-06 8.6579485e-07 3.8035253e-01] speed=0.0006 ang_speed=0.0026 ang_vel_vec=[ 0.00064248 -0.00235584 -0.00099893] |com_force|=0.0000N
### kotek_magnet[tick=540] sensor2: d=0.3208m in_range=False f_mag=0.000N tau_mag=0.0000Nm misalign_deg=90.0 pos=[ 0.10902449 -0.10904562  0.49140117] bottom_world=[ 0.10902437 -0.10904572  0.47140117] quat=[ 9.2300045e-01 -3.7226598e-06  1.9465670e-06 -3.8479903e-01] speed=0.0010 ang_speed=0.0019 ang_vel_vec=[0.00132025 0.00019434 0.00136529] |com_force|=0.0000N
### kotek_magnet[tick=540] sensor3: d=0.5470m in_range=False f_mag=0.000N tau_mag=0.0000Nm misalign_deg=90.0 pos=[-0.10910752 -0.10914607  0.49140105] bottom_world=[-0.10910746 -0.10914593  0.47140105] quat=[-3.8058367e-01 -2.5067852e-06 -2.6643768e-06  9.2474645e-01] speed=0.0005 ang_speed=0.0024 ang_vel_vec=[-0.00114039  0.00196321 -0.00077522] |com_force|=0.0000N
### kotek_magnet[tick=540] sensor4: d=0.5249m in_range=False f_mag=0.000N tau_mag=0.0000Nm misalign_deg=90.0 pos=[-0.10900021  0.1089985   0.49140236] bottom_world=[-0.1090001   0.10899881  0.47140236] quat=[ 3.8268307e-01  4.6260226e-07 -8.2506667e-06  9.2387974e-01] speed=0.0009 ang_speed=0.0017 ang_vel_vec=[-0.00054565 -0.00096708  0.00123748] |com_force|=0.0000N
### kotek_magnet[tick=600] sensor1: d=0.4082m in_range=False f_mag=0.000N tau_mag=0.0000Nm misalign_deg=90.0 pos=[0.10880428 0.10900895 0.49140245] bottom_world=[0.10880401 0.10900929 0.47140245] quat=[9.2484158e-01 1.0519730e-05 2.8822542e-06 3.8035282e-01] speed=0.0009 ang_speed=0.0030 ang_vel_vec=[-0.00186451 -0.00202104 -0.00116317] |com_force|=0.0000N
### kotek_magnet[tick=600] sensor2: d=0.3208m in_range=False f_mag=0.000N tau_mag=0.0000Nm misalign_deg=90.0 pos=[ 0.10902467 -0.10904671  0.4914011 ] bottom_world=[ 0.10902465 -0.10904654  0.47140111] quat=[ 9.2300081e-01  3.7055004e-06  1.9705303e-06 -3.8479808e-01] speed=0.0004 ang_speed=0.0022 ang_vel_vec=[-0.00173239 -0.00097629 -0.00103553] |com_force|=0.0000N
### kotek_magnet[tick=600] sensor3: d=0.5470m in_range=False f_mag=0.000N tau_mag=0.0000Nm misalign_deg=90.0 pos=[-0.10910725 -0.1091461   0.49140108] bottom_world=[-0.10910727 -0.10914594  0.47140108] quat=[-3.8058373e-01 -1.0052979e-06 -3.8250569e-06  9.2474645e-01] speed=0.0001 ang_speed=0.0007 ang_vel_vec=[-3.6945869e-04 -4.5260109e-05 -6.4526114e-04] |com_force|=0.0000N
### kotek_magnet[tick=600] sensor4: d=0.5249m in_range=False f_mag=0.000N tau_mag=0.0000Nm misalign_deg=90.0 pos=[-0.10900036  0.10899872  0.49140248] bottom_world=[-0.10900022  0.10899901  0.47140248] quat=[ 3.8268268e-01 -5.6288837e-07 -8.0655718e-06  9.2387986e-01] speed=0.0006 ang_speed=0.0047 ang_vel_vec=[-0.00155402  0.00439315  0.00016654] |com_force|=0.0000N
### kotek_magnet[tick=660] sensor1: d=0.4082m in_range=False f_mag=0.000N tau_mag=0.0000Nm misalign_deg=90.0 pos=[0.10880383 0.10900924 0.49140233] bottom_world=[0.10880373 0.10900937 0.47140233] quat=[9.2484164e-01 3.7527600e-06 1.0858295e-06 3.8035265e-01] speed=0.0006 ang_speed=0.0022 ang_vel_vec=[ 0.00099967 -0.00194049 -0.00042223] |com_force|=0.0000N
### kotek_magnet[tick=660] sensor2: d=0.3208m in_range=False f_mag=0.000N tau_mag=0.0000Nm misalign_deg=90.0 pos=[ 0.1090243  -0.10904739  0.4914011 ] bottom_world=[ 0.10902455 -0.10904701  0.47140111] quat=[ 9.2300093e-01  1.1183862e-05 -1.9577894e-06 -3.8479799e-01] speed=0.0010 ang_speed=0.0027 ang_vel_vec=[-0.00170901  0.00211169 -0.00035773] |com_force|=0.0000N
### kotek_magnet[tick=660] sensor3: d=0.5470m in_range=False f_mag=0.000N tau_mag=0.0000Nm misalign_deg=90.0 pos=[-0.10910647 -0.10914586  0.4914012 ] bottom_world=[-0.10910665 -0.10914567  0.4714012 ] quat=[-3.8058290e-01  2.3924454e-06 -6.2419194e-06  9.2474681e-01] speed=0.0009 ang_speed=0.0033 ang_vel_vec=[0.00268405 0.0001732  0.00191518] |com_force|=0.0000N
### kotek_magnet[tick=660] sensor4: d=0.5249m in_range=False f_mag=0.000N tau_mag=0.0000Nm misalign_deg=90.0 pos=[-0.1090002   0.10899852  0.49140236] bottom_world=[-0.10900008  0.10899884  0.47140236] quat=[ 3.8268310e-01  3.6210275e-07 -8.3301411e-06  9.2387968e-01] speed=0.0009 ang_speed=0.0020 ang_vel_vec=[-0.0007829  -0.0004046   0.00181257] |com_force|=0.0000N
### kotek_magnet[tick=720] sensor1: d=0.4082m in_range=False f_mag=0.000N tau_mag=0.0000Nm misalign_deg=90.0 pos=[0.1088043  0.10900896 0.4914023 ] bottom_world=[0.10880403 0.10900931 0.4714023 ] quat=[9.2484146e-01 1.0661262e-05 2.9574394e-06 3.8035282e-01] speed=0.0010 ang_speed=0.0028 ang_vel_vec=[-0.0019182  -0.00178616 -0.00090474] |com_force|=0.0000N
### kotek_magnet[tick=720] sensor2: d=0.3208m in_range=False f_mag=0.000N tau_mag=0.0000Nm misalign_deg=90.0 pos=[ 0.10902467 -0.1090467   0.4914012 ] bottom_world=[ 0.10902465 -0.10904653  0.4714012 ] quat=[ 9.2300081e-01  3.6276156e-06  2.0369205e-06 -3.8479805e-01] speed=0.0005 ang_speed=0.0026 ang_vel_vec=[-0.00202799 -0.00144368 -0.00080333] |com_force|=0.0000N
### kotek_magnet[tick=720] sensor3: d=0.5470m in_range=False f_mag=0.000N tau_mag=0.0000Nm misalign_deg=90.0 pos=[-0.10910725 -0.10914608  0.4914011 ] bottom_world=[-0.10910727 -0.10914592  0.47140111] quat=[-3.8058367e-01 -9.5518635e-07 -3.9861552e-06  9.2474651e-01] speed=0.0002 ang_speed=0.0018 ang_vel_vec=[-0.00158053 -0.00069644 -0.00042592] |com_force|=0.0000N
### kotek_magnet[tick=720] sensor4: d=0.5249m in_range=False f_mag=0.000N tau_mag=0.0000Nm misalign_deg=90.0 pos=[-0.10900038  0.10899872  0.49140236] bottom_world=[-0.10900023  0.10899901  0.47140236] quat=[ 3.8268268e-01 -6.0522359e-07 -8.1062371e-06  9.2387986e-01] speed=0.0006 ang_speed=0.0044 ang_vel_vec=[-0.00164903  0.00408285  0.00042736] |com_force|=0.0000N
### kotek_magnet[tick=780] sensor1: d=0.4082m in_range=False f_mag=0.000N tau_mag=0.0000Nm misalign_deg=90.0 pos=[0.10880431 0.10900897 0.49140236] bottom_world=[0.10880404 0.10900931 0.47140236] quat=[9.2484152e-01 1.0546161e-05 2.8979728e-06 3.8035280e-01] speed=0.0010 ang_speed=0.0027 ang_vel_vec=[-0.00183909 -0.00175197 -0.00080697] |com_force|=0.0000N
### kotek_magnet[tick=780] sensor2: d=0.3208m in_range=False f_mag=0.000N tau_mag=0.0000Nm misalign_deg=90.0 pos=[ 0.10902467 -0.10904587  0.49140114] bottom_world=[ 0.10902453 -0.10904593  0.47140114] quat=[ 9.2300063e-01 -2.8286256e-06  2.6340549e-06 -3.8479853e-01] speed=0.0006 ang_speed=0.0046 ang_vel_vec=[ 0.00199171 -0.00414799  0.0005712 ] |com_force|=0.0000N
### kotek_magnet[tick=780] sensor3: d=0.5470m in_range=False f_mag=0.000N tau_mag=0.0000Nm misalign_deg=90.0 pos=[-0.1091073  -0.10914578  0.49140102] bottom_world=[-0.10910727 -0.10914575  0.47140102] quat=[-3.8058341e-01 -9.3573084e-07 -5.5429052e-07  9.2474657e-01] speed=0.0003 ang_speed=0.0058 ang_vel_vec=[0.00509305 0.00278459 0.00044373] |com_force|=0.0000N
### kotek_magnet[tick=780] sensor4: d=0.5249m in_range=False f_mag=0.000N tau_mag=0.0000Nm misalign_deg=90.0 pos=[-0.10900021  0.10899848  0.49140227] bottom_world=[-0.10900011  0.10899879  0.47140227] quat=[ 3.8268307e-01  4.6840839e-07 -8.1949274e-06  9.2387968e-01] speed=0.0009 ang_speed=0.0018 ang_vel_vec=[-0.000528   -0.00096171  0.00138839] |com_force|=0.0000N
### kotek_magnet[tick=840] sensor1: d=0.4082m in_range=False f_mag=0.000N tau_mag=0.0000Nm misalign_deg=90.0 pos=[0.10880432 0.10900895 0.4914024 ] bottom_world=[0.10880405 0.10900929 0.47140239] quat=[9.2484146e-01 1.0503974e-05 2.9059438e-06 3.8035274e-01] speed=0.0010 ang_speed=0.0029 ang_vel_vec=[-0.00196022 -0.00181271 -0.00101941] |com_force|=0.0000N
### kotek_magnet[tick=840] sensor2: d=0.3208m in_range=False f_mag=0.000N tau_mag=0.0000Nm misalign_deg=90.0 pos=[ 0.10902472 -0.10904559  0.49140108] bottom_world=[ 0.10902452 -0.1090457   0.47140108] quat=[ 9.2300063e-01 -4.3452696e-06  3.5229934e-06 -3.8479871e-01] speed=0.0009 ang_speed=0.0029 ang_vel_vec=[-0.0003497  -0.00277157  0.00057089] |com_force|=0.0000N
### kotek_magnet[tick=840] sensor3: d=0.5470m in_range=False f_mag=0.000N tau_mag=0.0000Nm misalign_deg=90.0 pos=[-0.10910649 -0.10914589  0.49140108] bottom_world=[-0.10910667 -0.1091457   0.47140108] quat=[-3.8058314e-01  2.3816183e-06 -6.2233280e-06  9.2474681e-01] speed=0.0009 ang_speed=0.0029 ang_vel_vec=[0.00258194 0.00033197 0.00132739] |com_force|=0.0000N
### kotek_magnet[tick=840] sensor4: d=0.5249m in_range=False f_mag=0.000N tau_mag=0.0000Nm misalign_deg=90.0 pos=[-0.10900021  0.10899846  0.49140236] bottom_world=[-0.1090001   0.10899877  0.47140236] quat=[ 3.8268307e-01  5.0526029e-07 -8.1483595e-06  9.2387980e-01] speed=0.0009 ang_speed=0.0016 ang_vel_vec=[-0.00052289 -0.00102997  0.00116873] |com_force|=0.0000N
### kotek_magnet[tick=900] sensor1: d=0.4082m in_range=False f_mag=0.000N tau_mag=0.0000Nm misalign_deg=90.0 pos=[0.10880288 0.10900892 0.4914023 ] bottom_world=[0.10880294 0.1090091  0.4714023 ] quat=[ 9.2484188e-01  3.6962549e-06 -2.9843648e-06  3.8035193e-01] speed=0.0007 ang_speed=0.0049 ang_vel_vec=[-0.00414831 -0.00243009  0.00109898] |com_force|=0.0000N
### kotek_magnet[tick=900] sensor2: d=0.3208m in_range=False f_mag=0.000N tau_mag=0.0000Nm misalign_deg=90.0 pos=[ 0.10902447 -0.10904569  0.49140117] bottom_world=[ 0.10902437 -0.10904579  0.47140117] quat=[ 9.2300051e-01 -3.1970421e-06  1.5276103e-06 -3.8479897e-01] speed=0.0010 ang_speed=0.0024 ang_vel_vec=[0.00065665 0.00172114 0.00152571] |com_force|=0.0000N
### kotek_magnet[tick=900] sensor3: d=0.5470m in_range=False f_mag=0.000N tau_mag=0.0000Nm misalign_deg=90.0 pos=[-0.10910753 -0.1091461   0.49140114] bottom_world=[-0.10910749 -0.10914597  0.47140114] quat=[-3.8058382e-01 -2.2143836e-06 -2.6894936e-06  9.2474651e-01] speed=0.0005 ang_speed=0.0022 ang_vel_vec=[-0.00082144  0.00198937 -0.00063653] |com_force|=0.0000N
### kotek_magnet[tick=900] sensor4: d=0.5249m in_range=False f_mag=0.000N tau_mag=0.0000Nm misalign_deg=90.0 pos=[-0.10900021  0.10899847  0.49140242] bottom_world=[-0.10900008  0.10899879  0.47140242] quat=[ 3.8268307e-01  9.5651693e-08 -8.5937963e-06  9.2387968e-01] speed=0.0009 ang_speed=0.0019 ang_vel_vec=[-0.00112205  0.00044982  0.00144014] |com_force|=0.0000N
### kotek_magnet[tick=960] sensor1: d=0.4082m in_range=False f_mag=0.000N tau_mag=0.0000Nm misalign_deg=90.0 pos=[0.10880259 0.10900905 0.49140248] bottom_world=[0.10880278 0.10900908 0.47140248] quat=[ 9.2484200e-01 -1.0187299e-06 -4.6952659e-06  3.8035172e-01] speed=0.0010 ang_speed=0.0032 ang_vel_vec=[-0.00281931 -0.00037906  0.00152722] |com_force|=0.0000N
### kotek_magnet[tick=960] sensor2: d=0.3208m in_range=False f_mag=0.000N tau_mag=0.0000Nm misalign_deg=90.0 pos=[ 0.10902449 -0.10904563  0.49140114] bottom_world=[ 0.10902438 -0.10904572  0.47140114] quat=[ 9.2300057e-01 -3.1268262e-06  1.7409659e-06 -3.8479877e-01] speed=0.0010 ang_speed=0.0020 ang_vel_vec=[0.00078399 0.00106033 0.00152719] |com_force|=0.0000N
### kotek_magnet[tick=960] sensor3: d=0.5470m in_range=False f_mag=0.000N tau_mag=0.0000Nm misalign_deg=90.0 pos=[-0.10910815 -0.1091458   0.49140117] bottom_world=[-0.10910788 -0.10914591  0.47140117] quat=[-3.8058403e-01 -5.1297898e-06  5.2509354e-06  9.2474639e-01] speed=0.0010 ang_speed=0.0025 ang_vel_vec=[ 0.00181251  0.0015546  -0.00068914] |com_force|=0.0000N
### kotek_magnet[tick=960] sensor4: d=0.5249m in_range=False f_mag=0.000N tau_mag=0.0000Nm misalign_deg=90.0 pos=[-0.10900021  0.10899848  0.49140242] bottom_world=[-0.10900012  0.10899879  0.47140242] quat=[ 3.8268304e-01  6.7257059e-07 -8.0548334e-06  9.2387974e-01] speed=0.0009 ang_speed=0.0022 ang_vel_vec=[-0.00013338 -0.00169745  0.00141834] |com_force|=0.0000N
### kotek_magnet[tick=1020] sensor1: d=0.4082m in_range=False f_mag=0.000N tau_mag=0.0000Nm misalign_deg=90.0 pos=[0.10880259 0.10900906 0.49140233] bottom_world=[0.10880278 0.10900908 0.47140233] quat=[ 9.2484194e-01 -1.3260607e-06 -4.7017734e-06  3.8035154e-01] speed=0.0010 ang_speed=0.0026 ang_vel_vec=[-0.00214951 -0.00011756  0.00142921] |com_force|=0.0000N
### kotek_magnet[tick=1020] sensor2: d=0.3208m in_range=False f_mag=0.000N tau_mag=0.0000Nm misalign_deg=90.0 pos=[ 0.10902463 -0.10904589  0.49140114] bottom_world=[ 0.10902449 -0.10904595  0.47140114] quat=[ 9.2300057e-01 -2.7174199e-06  2.5963520e-06 -3.8479871e-01] speed=0.0006 ang_speed=0.0047 ang_vel_vec=[ 0.0020088  -0.00425727  0.00050317] |com_force|=0.0000N
### kotek_magnet[tick=1020] sensor3: d=0.5470m in_range=False f_mag=0.000N tau_mag=0.0000Nm misalign_deg=90.0 pos=[-0.10910814 -0.10914578  0.49140105] bottom_world=[-0.10910788 -0.10914589  0.47140105] quat=[-3.8058400e-01 -4.9719342e-06  5.0825429e-06  9.2474639e-01] speed=0.0010 ang_speed=0.0027 ang_vel_vec=[ 0.00194693  0.00169925 -0.00080089] |com_force|=0.0000N
### kotek_magnet[tick=1020] sensor4: d=0.5249m in_range=False f_mag=0.000N tau_mag=0.0000Nm misalign_deg=90.0 pos=[-0.10900018  0.10899848  0.49140236] bottom_world=[-0.10900008  0.10899879  0.47140236] quat=[ 3.8268310e-01  5.1297496e-07 -8.2173774e-06  9.2387968e-01] speed=0.0009 ang_speed=0.0017 ang_vel_vec=[-0.00056805 -0.00089344  0.00133558] |com_force|=0.0000N
### kotek_magnet[tick=1080] sensor1: d=0.4082m in_range=False f_mag=0.000N tau_mag=0.0000Nm misalign_deg=90.0 pos=[0.10880256 0.10900909 0.49140224] bottom_world=[0.10880275 0.10900911 0.47140224] quat=[ 9.2484188e-01 -1.3800061e-06 -4.6906771e-06  3.8035169e-01] speed=0.0010 ang_speed=0.0030 ang_vel_vec=[-0.00262083 -0.00026914  0.00141733] |com_force|=0.0000N
### kotek_magnet[tick=1080] sensor2: d=0.3208m in_range=False f_mag=0.000N tau_mag=0.0000Nm misalign_deg=90.0 pos=[ 0.10902447 -0.10904562  0.4914011 ] bottom_world=[ 0.10902438 -0.1090457   0.47140111] quat=[ 9.2300045e-01 -2.8023110e-06  1.4303887e-06 -3.8479906e-01] speed=0.0010 ang_speed=0.0023 ang_vel_vec=[0.00026974 0.00176774 0.00143511] |com_force|=0.0000N
### kotek_magnet[tick=1080] sensor3: d=0.5470m in_range=False f_mag=0.000N tau_mag=0.0000Nm misalign_deg=90.0 pos=[-0.10910723 -0.10914608  0.49140096] bottom_world=[-0.10910725 -0.10914592  0.47140096] quat=[-3.8058370e-01 -9.1491893e-07 -4.0333025e-06  9.2474651e-01] speed=0.0001 ang_speed=0.0013 ang_vel_vec=[-0.00114219 -0.00056846 -0.00028087] |com_force|=0.0000N
### kotek_magnet[tick=1080] sensor4: d=0.5249m in_range=False f_mag=0.000N tau_mag=0.0000Nm misalign_deg=90.0 pos=[-0.10900012  0.10899931  0.4914022 ] bottom_world=[-0.10900019  0.1089994   0.47140221] quat=[ 3.8268274e-01  2.3289949e-06 -1.5530857e-06  9.2387986e-01] speed=0.0002 ang_speed=0.0052 ang_vel_vec=[ 0.00248219 -0.00457109  0.0003149 ] |com_force|=0.0000N
### kotek_magnet[tick=1140] sensor1: d=0.4082m in_range=False f_mag=0.000N tau_mag=0.0000Nm misalign_deg=90.0 pos=[0.10880259 0.10900912 0.49140233] bottom_world=[0.10880278 0.10900914 0.47140233] quat=[ 9.2484194e-01 -1.3115734e-06 -4.6946120e-06  3.8035187e-01] speed=0.0010 ang_speed=0.0029 ang_vel_vec=[-0.00246157 -0.00015698  0.00159233] |com_force|=0.0000N
### kotek_magnet[tick=1140] sensor2: d=0.3208m in_range=False f_mag=0.000N tau_mag=0.0000Nm misalign_deg=90.0 pos=[ 0.10902433 -0.10904732  0.49140108] bottom_world=[ 0.10902456 -0.10904695  0.47140108] quat=[ 9.2300087e-01  1.0849832e-05 -1.6962572e-06 -3.8479787e-01] speed=0.0010 ang_speed=0.0025 ang_vel_vec=[-0.00152478  0.0018305  -0.00062255] |com_force|=0.0000N
### kotek_magnet[tick=1140] sensor3: d=0.5470m in_range=False f_mag=0.000N tau_mag=0.0000Nm misalign_deg=90.0 pos=[-0.10910729 -0.10914605  0.49140102] bottom_world=[-0.1091073  -0.1091459   0.47140102] quat=[-3.8058361e-01 -1.0506870e-06 -3.7020232e-06  9.2474645e-01] speed=0.0001 ang_speed=0.0007 ang_vel_vec=[-0.00067623  0.00010387 -0.00020984] |com_force|=0.0000N
### kotek_magnet[tick=1140] sensor4: d=0.5249m in_range=False f_mag=0.000N tau_mag=0.0000Nm misalign_deg=90.0 pos=[-0.10900022  0.10899848  0.4914023 ] bottom_world=[-0.1090001  0.1089988  0.4714023] quat=[ 3.8268304e-01  3.5846026e-07 -8.4986914e-06  9.2387980e-01] speed=0.0009 ang_speed=0.0018 ang_vel_vec=[-0.0006385  -0.00086466  0.00149324] |com_force|=0.0000N
### kotek_magnet[tick=1200] sensor1: d=0.4082m in_range=False f_mag=0.000N tau_mag=0.0000Nm misalign_deg=90.0 pos=[0.10880255 0.10900911 0.4914024 ] bottom_world=[0.10880277 0.1090091  0.47140239] quat=[ 9.2484200e-01 -2.2921470e-06 -4.9007858e-06  3.8035166e-01] speed=0.0010 ang_speed=0.0018 ang_vel_vec=[-0.00080064  0.00065929  0.00141289] |com_force|=0.0000N
### kotek_magnet[tick=1200] sensor2: d=0.3208m in_range=False f_mag=0.000N tau_mag=0.0000Nm misalign_deg=90.0 pos=[ 0.10902434 -0.10904735  0.49140114] bottom_world=[ 0.10902456 -0.10904699  0.47140114] quat=[ 9.2300087e-01  1.0666438e-05 -1.6804725e-06 -3.8479793e-01] speed=0.0010 ang_speed=0.0027 ang_vel_vec=[-0.00159042  0.00197613 -0.00084644] |com_force|=0.0000N
### kotek_magnet[tick=1200] sensor3: d=0.5470m in_range=False f_mag=0.000N tau_mag=0.0000Nm misalign_deg=90.0 pos=[-0.10910648 -0.10914587  0.49140114] bottom_world=[-0.10910667 -0.10914567  0.47140114] quat=[-3.8058305e-01  2.5284271e-06 -6.5175118e-06  9.2474675e-01] speed=0.0009 ang_speed=0.0028 ang_vel_vec=[2.3927502e-03 8.3519517e-05 1.4316293e-03] |com_force|=0.0000N
### kotek_magnet[tick=1200] sensor4: d=0.5249m in_range=False f_mag=0.000N tau_mag=0.0000Nm misalign_deg=90.0 pos=[-0.10899989  0.10900027  0.49140224] bottom_world=[-0.10900018  0.10900011  0.47140224] quat=[3.8268238e-01 5.1554257e-06 6.5636373e-06 9.2387998e-01] speed=0.0013 ang_speed=0.0143 ang_vel_vec=[ 0.00738429 -0.0122406  -0.00032342] |com_force|=0.0000N
### kotek_magnet[tick=1260] sensor1: d=0.4082m in_range=False f_mag=0.000N tau_mag=0.0000Nm misalign_deg=90.0 pos=[0.10880258 0.10900908 0.4914024 ] bottom_world=[0.10880278 0.10900909 0.47140239] quat=[ 9.2484200e-01 -1.5100076e-06 -4.6740242e-06  3.8035163e-01] speed=0.0010 ang_speed=0.0022 ang_vel_vec=[-0.00162721  0.00014362  0.00146429] |com_force|=0.0000N
### kotek_magnet[tick=1260] sensor2: d=0.3208m in_range=False f_mag=0.000N tau_mag=0.0000Nm misalign_deg=90.0 pos=[ 0.10902464 -0.10904645  0.49140105] bottom_world=[ 0.1090246  -0.10904637  0.47140105] quat=[ 9.2300069e-01  1.5690727e-06  1.7692828e-06 -3.8479835e-01] speed=0.0001 ang_speed=0.0016 ang_vel_vec=[ 0.00106453 -0.00118385 -0.00034462] |com_force|=0.0000N
### kotek_magnet[tick=1260] sensor3: d=0.5470m in_range=False f_mag=0.000N tau_mag=0.0000Nm misalign_deg=90.0 pos=[-0.10910749 -0.10914606  0.4914011 ] bottom_world=[-0.10910744 -0.10914594  0.47140111] quat=[-3.8058391e-01 -2.3890639e-06 -2.3290420e-06  9.2474651e-01] speed=0.0005 ang_speed=0.0023 ang_vel_vec=[-0.00054092  0.00207773 -0.00072123] |com_force|=0.0000N
### kotek_magnet[tick=1260] sensor4: d=0.5249m in_range=False f_mag=0.000N tau_mag=0.0000Nm misalign_deg=90.0 pos=[-0.10900019  0.10899849  0.49140236] bottom_world=[-0.10900008  0.1089988   0.47140236] quat=[ 3.8268310e-01  3.9209868e-07 -8.2148072e-06  9.2387974e-01] speed=0.0009 ang_speed=0.0016 ang_vel_vec=[-0.00069547 -0.00048084  0.00135691] |com_force|=0.0000N
### kotek_magnet[tick=1320] sensor1: d=0.4082m in_range=False f_mag=0.000N tau_mag=0.0000Nm misalign_deg=90.0 pos=[0.10880258 0.10900909 0.49140233] bottom_world=[0.10880277 0.10900911 0.47140233] quat=[ 9.2484194e-01 -1.4154596e-06 -4.6195732e-06  3.8035163e-01] speed=0.0010 ang_speed=0.0025 ang_vel_vec=[-0.00185764  0.00011238  0.00168668] |com_force|=0.0000N
### kotek_magnet[tick=1320] sensor2: d=0.3208m in_range=False f_mag=0.000N tau_mag=0.0000Nm misalign_deg=90.0 pos=[ 0.10902448 -0.10904562  0.4914011 ] bottom_world=[ 0.10902438 -0.10904571  0.47140111] quat=[ 9.2300040e-01 -2.9713426e-06  1.4034130e-06 -3.8479897e-01] speed=0.0010 ang_speed=0.0026 ang_vel_vec=[0.00033129 0.00196925 0.0016793 ] |com_force|=0.0000N
### kotek_magnet[tick=1320] sensor3: d=0.5470m in_range=False f_mag=0.000N tau_mag=0.0000Nm misalign_deg=90.0 pos=[-0.10910641 -0.10914587  0.49140117] bottom_world=[-0.10910661 -0.10914566  0.47140117] quat=[-3.8058296e-01  2.6885066e-06 -6.9462649e-06  9.2474681e-01] speed=0.0010 ang_speed=0.0025 ang_vel_vec=[ 0.00172751 -0.00038072  0.00174043] |com_force|=0.0000N
### kotek_magnet[tick=1320] sensor4: d=0.5249m in_range=False f_mag=0.000N tau_mag=0.0000Nm misalign_deg=90.0 pos=[-0.10900035  0.10899936  0.4914022 ] bottom_world=[-0.1090003   0.10899949  0.47140221] quat=[ 3.8268244e-01  2.3660675e-07 -3.3988772e-06  9.2388004e-01] speed=0.0002 ang_speed=0.0009 ang_vel_vec=[ 3.8553197e-05  8.6800719e-04 -1.5101259e-04] |com_force|=0.0000N
### kotek_magnet[tick=1380] sensor1: d=0.4082m in_range=False f_mag=0.000N tau_mag=0.0000Nm misalign_deg=90.0 pos=[0.10880282 0.10900926 0.49140233] bottom_world=[0.10880299 0.10900923 0.47140233] quat=[ 9.2484182e-01 -2.3367684e-06 -3.7278492e-06  3.8035208e-01] speed=0.0006 ang_speed=0.0047 ang_vel_vec=[0.00424823 0.00183079 0.00058842] |com_force|=0.0000N
### kotek_magnet[tick=1380] sensor2: d=0.3208m in_range=False f_mag=0.000N tau_mag=0.0000Nm misalign_deg=90.0 pos=[ 0.1090247  -0.10904557  0.49140108] bottom_world=[ 0.10902449 -0.10904568  0.47140108] quat=[ 9.2300051e-01 -4.5813599e-06  3.5761107e-06 -3.8479879e-01] speed=0.0009 ang_speed=0.0031 ang_vel_vec=[-0.00016373 -0.00297519  0.00075121] |com_force|=0.0000N
### kotek_magnet[tick=1380] sensor3: d=0.5470m in_range=False f_mag=0.000N tau_mag=0.0000Nm misalign_deg=90.0 pos=[-0.10910728 -0.10914604  0.49140108] bottom_world=[-0.1091073  -0.10914589  0.47140108] quat=[-3.8058376e-01 -9.1769698e-07 -3.7800933e-06  9.2474657e-01] speed=0.0001 ang_speed=0.0012 ang_vel_vec=[-0.00100333 -0.00053039 -0.00034047] |com_force|=0.0000N
### kotek_magnet[tick=1380] sensor4: d=0.5249m in_range=False f_mag=0.000N tau_mag=0.0000Nm misalign_deg=90.0 pos=[-0.10900038  0.10899875  0.4914023 ] bottom_world=[-0.10900023  0.10899904  0.4714023 ] quat=[ 3.8268265e-01 -7.0999920e-07 -8.1399703e-06  9.2387992e-01] speed=0.0006 ang_speed=0.0048 ang_vel_vec=[-0.00176337  0.0044661   0.0004849 ] |com_force|=0.0000N
### kotek_magnet[tick=1440] sensor1: d=0.4082m in_range=False f_mag=0.000N tau_mag=0.0000Nm misalign_deg=90.0 pos=[0.1088044  0.10900877 0.49140236] bottom_world=[0.1088041  0.10900921 0.47140236] quat=[9.2484158e-01 1.2940436e-05 2.6978548e-06 3.8035247e-01] speed=0.0013 ang_speed=0.0165 ang_vel_vec=[-0.01417492 -0.00839077 -0.00037535] |com_force|=0.0000N
### kotek_magnet[tick=1440] sensor2: d=0.3208m in_range=False f_mag=0.000N tau_mag=0.0000Nm misalign_deg=90.0 pos=[ 0.10902467 -0.1090456   0.49140108] bottom_world=[ 0.10902447 -0.10904571  0.47140108] quat=[ 9.2300057e-01 -4.4984886e-06  3.6333265e-06 -3.8479879e-01] speed=0.0009 ang_speed=0.0030 ang_vel_vec=[-0.00022355 -0.00290859  0.00081476] |com_force|=0.0000N
### kotek_magnet[tick=1440] sensor3: d=0.5470m in_range=False f_mag=0.000N tau_mag=0.0000Nm misalign_deg=90.0 pos=[-0.1091075  -0.10914606  0.49140114] bottom_world=[-0.10910745 -0.10914593  0.47140114] quat=[-3.8058379e-01 -2.4948295e-06 -2.5766890e-06  9.2474645e-01] speed=0.0005 ang_speed=0.0023 ang_vel_vec=[-0.00118481  0.00188577 -0.00063927] |com_force|=0.0000N
### kotek_magnet[tick=1440] sensor4: d=0.5249m in_range=False f_mag=0.000N tau_mag=0.0000Nm misalign_deg=90.0 pos=[-0.10900022  0.10899851  0.49140233] bottom_world=[-0.10900011  0.10899882  0.47140233] quat=[ 3.826831e-01  5.150307e-07 -8.165719e-06  9.238797e-01] speed=0.0009 ang_speed=0.0019 ang_vel_vec=[-0.00039517 -0.00120479  0.00141825] |com_force|=0.0000N
### kotek_magnet[tick=1500] sensor1: d=0.4082m in_range=False f_mag=0.000N tau_mag=0.0000Nm misalign_deg=90.0 pos=[0.10880437 0.10900877 0.49140233] bottom_world=[0.10880409 0.1090092  0.47140233] quat=[9.2484158e-01 1.2596264e-05 2.6333728e-06 3.8035250e-01] speed=0.0013 ang_speed=0.0155 ang_vel_vec=[-0.01336055 -0.00784264 -0.00036646] |com_force|=0.0000N
### kotek_magnet[tick=1500] sensor2: d=0.3208m in_range=False f_mag=0.000N tau_mag=0.0000Nm misalign_deg=90.0 pos=[ 0.10902464 -0.10904645  0.49140105] bottom_world=[ 0.10902459 -0.10904636  0.47140105] quat=[ 9.2300075e-01  1.5689599e-06  1.9863542e-06 -3.8479826e-01] speed=0.0001 ang_speed=0.0018 ang_vel_vec=[ 0.00057693 -0.00171832 -0.0003214 ] |com_force|=0.0000N
### kotek_magnet[tick=1500] sensor3: d=0.5470m in_range=False f_mag=0.000N tau_mag=0.0000Nm misalign_deg=90.0 pos=[-0.1091075  -0.10914603  0.4914011 ] bottom_world=[-0.10910745 -0.1091459   0.47140111] quat=[-3.8058382e-01 -2.4762912e-06 -2.5170382e-06  9.2474639e-01] speed=0.0005 ang_speed=0.0025 ang_vel_vec=[-0.00133165  0.00204924 -0.00069875] |com_force|=0.0000N
### kotek_magnet[tick=1500] sensor4: d=0.5249m in_range=False f_mag=0.000N tau_mag=0.0000Nm misalign_deg=90.0 pos=[-0.10900021  0.10899851  0.49140227] bottom_world=[-0.1090001   0.10899882  0.47140227] quat=[ 3.8268301e-01  4.2763330e-07 -8.2107081e-06  9.2387974e-01] speed=0.0009 ang_speed=0.0017 ang_vel_vec=[-0.00061897 -0.00074365  0.00139406] |com_force|=0.0000N
### kotek_magnet[tick=1560] sensor1: d=0.4082m in_range=False f_mag=0.000N tau_mag=0.0000Nm misalign_deg=90.0 pos=[0.1088043  0.10900895 0.4914023 ] bottom_world=[0.10880403 0.1090093  0.4714023 ] quat=[9.2484152e-01 1.0511126e-05 2.9325313e-06 3.8035282e-01] speed=0.0010 ang_speed=0.0027 ang_vel_vec=[-0.0017922  -0.00175417 -0.00102101] |com_force|=0.0000N
### kotek_magnet[tick=1560] sensor2: d=0.3208m in_range=False f_mag=0.000N tau_mag=0.0000Nm misalign_deg=90.0 pos=[ 0.10902463 -0.10904672  0.49140114] bottom_world=[ 0.10902462 -0.10904655  0.47140114] quat=[ 9.2300081e-01  3.8594703e-06  1.9241688e-06 -3.8479808e-01] speed=0.0005 ang_speed=0.0024 ang_vel_vec=[-0.00217505 -0.00061572 -0.00089577] |com_force|=0.0000N
### kotek_magnet[tick=1560] sensor3: d=0.5470m in_range=False f_mag=0.000N tau_mag=0.0000Nm misalign_deg=90.0 pos=[-0.10910817 -0.10914579  0.49140117] bottom_world=[-0.10910791 -0.10914591  0.47140117] quat=[-3.8058406e-01 -4.9140062e-06  5.2229047e-06  9.2474639e-01] speed=0.0010 ang_speed=0.0027 ang_vel_vec=[ 0.00196667  0.00156512 -0.0009553 ] |com_force|=0.0000N
### kotek_magnet[tick=1560] sensor4: d=0.5249m in_range=False f_mag=0.000N tau_mag=0.0000Nm misalign_deg=90.0 pos=[-0.10900024  0.10899851  0.49140227] bottom_world=[-0.10900013  0.10899882  0.47140227] quat=[ 3.826829e-01  5.081984e-07 -8.146733e-06  9.238798e-01] speed=0.0009 ang_speed=0.0016 ang_vel_vec=[-0.00041452 -0.00100346  0.00118201] |com_force|=0.0000N
### kotek_magnet[tick=1620] sensor1: d=0.4082m in_range=False f_mag=0.000N tau_mag=0.0000Nm misalign_deg=90.0 pos=[0.10880377 0.10900928 0.49140233] bottom_world=[0.10880368 0.1090094  0.47140233] quat=[9.2484152e-01 3.7012778e-06 9.6610552e-07 3.8035268e-01] speed=0.0006 ang_speed=0.0025 ang_vel_vec=[ 0.00046419 -0.00225504 -0.00098149] |com_force|=0.0000N
### kotek_magnet[tick=1620] sensor2: d=0.3208m in_range=False f_mag=0.000N tau_mag=0.0000Nm misalign_deg=90.0 pos=[ 0.10902461 -0.10904672  0.49140108] bottom_world=[ 0.10902459 -0.10904656  0.47140108] quat=[ 9.2300081e-01  3.6497943e-06  1.9223608e-06 -3.8479811e-01] speed=0.0004 ang_speed=0.0024 ang_vel_vec=[-0.00200813 -0.00099923 -0.00081246] |com_force|=0.0000N
### kotek_magnet[tick=1620] sensor3: d=0.5470m in_range=False f_mag=0.000N tau_mag=0.0000Nm misalign_deg=90.0 pos=[-0.10910752 -0.10914605  0.49140105] bottom_world=[-0.10910746 -0.10914592  0.47140105] quat=[-3.8058394e-01 -2.4432391e-06 -2.4065539e-06  9.2474639e-01] speed=0.0005 ang_speed=0.0024 ang_vel_vec=[-0.0009822   0.002021   -0.00080902] |com_force|=0.0000N
### kotek_magnet[tick=1620] sensor4: d=0.5249m in_range=False f_mag=0.000N tau_mag=0.0000Nm misalign_deg=90.0 pos=[-0.10900035  0.10899931  0.4914022 ] bottom_world=[-0.1090003   0.10899945  0.47140221] quat=[ 3.8268247e-01  2.4798999e-07 -3.5847156e-06  9.2388004e-01] speed=0.0002 ang_speed=0.0014 ang_vel_vec=[-0.00036526  0.00122898 -0.00046202] |com_force|=0.0000N
### kotek_magnet[tick=1680] sensor1: d=0.4082m in_range=False f_mag=0.000N tau_mag=0.0000Nm misalign_deg=90.0 pos=[0.10880381 0.10900925 0.49140242] bottom_world=[0.10880372 0.10900937 0.47140242] quat=[9.2484158e-01 3.4875175e-06 8.9269037e-07 3.8035265e-01] speed=0.0006 ang_speed=0.0025 ang_vel_vec=[ 0.0012575  -0.00197386 -0.00075765] |com_force|=0.0000N
### kotek_magnet[tick=1680] sensor2: d=0.3208m in_range=False f_mag=0.000N tau_mag=0.0000Nm misalign_deg=90.0 pos=[ 0.10902472 -0.10904561  0.49140105] bottom_world=[ 0.10902452 -0.10904572  0.47140105] quat=[ 9.2300051e-01 -4.4818153e-06  3.6337349e-06 -3.8479891e-01] speed=0.0009 ang_speed=0.0031 ang_vel_vec=[-6.1329854e-05 -3.0120148e-03  8.8661403e-04] |com_force|=0.0000N
### kotek_magnet[tick=1680] sensor3: d=0.5470m in_range=False f_mag=0.000N tau_mag=0.0000Nm misalign_deg=90.0 pos=[-0.10910755 -0.10914586  0.49140105] bottom_world=[-0.10910747 -0.10914585  0.47140105] quat=[-3.8058367e-01 -2.0224131e-06  4.8099355e-07  9.2474651e-01] speed=0.0004 ang_speed=0.0025 ang_vel_vec=[ 1.6084884e-03  1.9722742e-03 -8.0645324e-05] |com_force|=0.0000N
### kotek_magnet[tick=1680] sensor4: d=0.5249m in_range=False f_mag=0.000N tau_mag=0.0000Nm misalign_deg=90.0 pos=[-0.10900036  0.10899928  0.49140227] bottom_world=[-0.10900031  0.10899943  0.47140227] quat=[ 3.8268238e-01  1.1876435e-07 -3.8625985e-06  9.2387998e-01] speed=0.0002 ang_speed=0.0021 ang_vel_vec=[-0.00086253  0.00189718 -0.00023492] |com_force|=0.0000N
### still playing, 1370s left
### kotek_magnet[tick=1740] sensor1: d=0.4082m in_range=False f_mag=0.000N tau_mag=0.0000Nm misalign_deg=90.0 pos=[0.10880381 0.10900928 0.49140224] bottom_world=[0.10880371 0.1090094  0.47140224] quat=[9.2484152e-01 3.7655429e-06 9.9403530e-07 3.8035268e-01] speed=0.0006 ang_speed=0.0029 ang_vel_vec=[-0.00017072 -0.00265864 -0.00112602] |com_force|=0.0000N
### kotek_magnet[tick=1740] sensor2: d=0.3208m in_range=False f_mag=0.000N tau_mag=0.0000Nm misalign_deg=90.0 pos=[ 0.10902444 -0.10904674  0.49140102] bottom_world=[ 0.10902455 -0.10904654  0.47140102] quat=[ 9.2300087e-01  5.6177228e-06 -5.0891123e-07 -3.8479811e-01] speed=0.0003 ang_speed=0.0030 ang_vel_vec=[-0.00236171  0.00181951 -0.00045082] |com_force|=0.0000N
### kotek_magnet[tick=1740] sensor3: d=0.5470m in_range=False f_mag=0.000N tau_mag=0.0000Nm misalign_deg=90.0 pos=[-0.10910755 -0.10914586  0.49140105] bottom_world=[-0.10910746 -0.10914586  0.47140105] quat=[-3.8058376e-01 -2.1646565e-06  8.8276670e-07  9.2474645e-01] speed=0.0004 ang_speed=0.0030 ang_vel_vec=[ 0.0018204   0.00237311 -0.00045176] |com_force|=0.0000N
### kotek_magnet[tick=1740] sensor4: d=0.5249m in_range=False f_mag=0.000N tau_mag=0.0000Nm misalign_deg=90.0 pos=[-0.10900008  0.10900021  0.4914023 ] bottom_world=[-0.1090003   0.10900006  0.4714023 ] quat=[3.8268209e-01 3.7927121e-06 5.5219230e-06 9.2388010e-01] speed=0.0010 ang_speed=0.0029 ang_vel_vec=[ 0.00191651 -0.00197786 -0.00099596] |com_force|=0.0000N
### kotek_magnet[tick=1800] sensor1: d=0.4082m in_range=False f_mag=0.000N tau_mag=0.0000Nm misalign_deg=90.0 pos=[0.10880419 0.10900887 0.49140236] bottom_world=[0.10880393 0.10900923 0.47140236] quat=[9.2484164e-01 1.0647734e-05 2.5580418e-06 3.8035253e-01] speed=0.0009 ang_speed=0.0041 ang_vel_vec=[-0.00270049 -0.00300038 -0.00043197] |com_force|=0.0000N
### kotek_magnet[tick=1800] sensor2: d=0.3208m in_range=False f_mag=0.000N tau_mag=0.0000Nm misalign_deg=90.0 pos=[ 0.10902444 -0.10904676  0.49140108] bottom_world=[ 0.10902454 -0.10904656  0.47140108] quat=[ 9.2300075e-01  5.5858177e-06 -3.8833866e-07 -3.8479835e-01] speed=0.0004 ang_speed=0.0029 ang_vel_vec=[-0.00240702  0.00154994 -0.00011758] |com_force|=0.0000N
### kotek_magnet[tick=1800] sensor3: d=0.5470m in_range=False f_mag=0.000N tau_mag=0.0000Nm misalign_deg=90.0 pos=[-0.10910751 -0.10914606  0.49140114] bottom_world=[-0.10910745 -0.10914593  0.47140114] quat=[-3.8058373e-01 -2.5860863e-06 -2.4290869e-06  9.2474645e-01] speed=0.0005 ang_speed=0.0024 ang_vel_vec=[-0.00134177  0.00194453 -0.00060187] |com_force|=0.0000N
### kotek_magnet[tick=1800] sensor4: d=0.5249m in_range=False f_mag=0.000N tau_mag=0.0000Nm misalign_deg=90.0 pos=[-0.10900006  0.10900017  0.49140236] bottom_world=[-0.10900029  0.10900003  0.47140236] quat=[3.8268220e-01 3.7582010e-06 5.3767817e-06 9.2388010e-01] speed=0.0010 ang_speed=0.0024 ang_vel_vec=[ 0.00162969 -0.00168842 -0.00064715] |com_force|=0.0000N
### kotek_magnet[tick=1860] sensor1: d=0.4082m in_range=False f_mag=0.000N tau_mag=0.0000Nm misalign_deg=90.0 pos=[0.10880379 0.10900929 0.49140233] bottom_world=[0.1088037  0.10900942 0.47140233] quat=[9.2484152e-01 3.9881443e-06 9.8429541e-07 3.8035256e-01] speed=0.0006 ang_speed=0.0028 ang_vel_vec=[-0.00037492 -0.00268701 -0.00067934] |com_force|=0.0000N
### kotek_magnet[tick=1860] sensor2: d=0.3208m in_range=False f_mag=0.000N tau_mag=0.0000Nm misalign_deg=90.0 pos=[ 0.10902429 -0.10904738  0.4914011 ] bottom_world=[ 0.10902454 -0.10904699  0.47140111] quat=[ 9.2300087e-01  1.1452935e-05 -1.9938957e-06 -3.8479790e-01] speed=0.0010 ang_speed=0.0027 ang_vel_vec=[-0.0016639   0.00209945 -0.00060166] |com_force|=0.0000N
### kotek_magnet[tick=1860] sensor3: d=0.5470m in_range=False f_mag=0.000N tau_mag=0.0000Nm misalign_deg=90.0 pos=[-0.10910816 -0.10914578  0.49140123] bottom_world=[-0.1091079  -0.1091459   0.47140123] quat=[-3.8058397e-01 -5.0006129e-06  5.2338428e-06  9.2474633e-01] speed=0.0010 ang_speed=0.0022 ang_vel_vec=[ 0.00167667  0.00134257 -0.00059949] |com_force|=0.0000N
### kotek_magnet[tick=1860] sensor4: d=0.5249m in_range=False f_mag=0.000N tau_mag=0.0000Nm misalign_deg=90.0 pos=[-0.10900036  0.10899955  0.49140236] bottom_world=[-0.10900035  0.10899961  0.47140236] quat=[ 3.8268226e-01  3.7362895e-07 -1.3322438e-06  9.2388010e-01] speed=0.0005 ang_speed=0.0026 ang_vel_vec=[ 0.00238604  0.00073619 -0.00054384] |com_force|=0.0000N
### kotek_magnet[tick=1920] sensor1: d=0.4082m in_range=False f_mag=0.000N tau_mag=0.0000Nm misalign_deg=90.0 pos=[0.1088038  0.10900927 0.4914023 ] bottom_world=[0.10880371 0.10900939 0.4714023 ] quat=[9.2484164e-01 3.7971806e-06 9.9554120e-07 3.8035250e-01] speed=0.0006 ang_speed=0.0025 ang_vel_vec=[ 0.00023469 -0.00238138 -0.00072201] |com_force|=0.0000N
### kotek_magnet[tick=1920] sensor2: d=0.3208m in_range=False f_mag=0.000N tau_mag=0.0000Nm misalign_deg=90.0 pos=[ 0.10902463 -0.1090467   0.4914011 ] bottom_world=[ 0.10902462 -0.10904652  0.47140111] quat=[ 9.2300075e-01  3.9231836e-06  1.9119427e-06 -3.8479814e-01] speed=0.0005 ang_speed=0.0023 ang_vel_vec=[-0.00198849 -0.00094247 -0.00057174] |com_force|=0.0000N
### kotek_magnet[tick=1920] sensor3: d=0.5470m in_range=False f_mag=0.000N tau_mag=0.0000Nm misalign_deg=90.0 pos=[-0.10910648 -0.10914586  0.4914011 ] bottom_world=[-0.10910667 -0.10914566  0.47140111] quat=[-3.8058290e-01  2.4020842e-06 -6.2775093e-06  9.2474687e-01] speed=0.0009 ang_speed=0.0029 ang_vel_vec=[0.00236734 0.00011736 0.00167425] |com_force|=0.0000N
### kotek_magnet[tick=1920] sensor4: d=0.5249m in_range=False f_mag=0.000N tau_mag=0.0000Nm misalign_deg=90.0 pos=[-0.10900005  0.10900019  0.4914023 ] bottom_world=[-0.10900027  0.10900005  0.4714023 ] quat=[3.8268209e-01 3.7640871e-06 5.4214615e-06 9.2388010e-01] speed=0.0010 ang_speed=0.0025 ang_vel_vec=[ 0.00172169 -0.0016729  -0.00058665] |com_force|=0.0000N
### kotek_magnet[tick=1980] sensor1: d=0.4082m in_range=False f_mag=0.000N tau_mag=0.0000Nm misalign_deg=90.0 pos=[0.10880381 0.10900926 0.49140233] bottom_world=[0.10880372 0.10900938 0.47140233] quat=[9.2484164e-01 3.6099404e-06 9.8606517e-07 3.8035265e-01] speed=0.0006 ang_speed=0.0024 ang_vel_vec=[ 0.00122957 -0.00188963 -0.00086128] |com_force|=0.0000N
### kotek_magnet[tick=1980] sensor2: d=0.3208m in_range=False f_mag=0.000N tau_mag=0.0000Nm misalign_deg=90.0 pos=[ 0.10902435 -0.10904735  0.49140108] bottom_world=[ 0.10902458 -0.10904697  0.47140108] quat=[ 9.2300087e-01  1.0834723e-05 -1.7580123e-06 -3.8479790e-01] speed=0.0010 ang_speed=0.0028 ang_vel_vec=[-0.00169007  0.00206269 -0.00079421] |com_force|=0.0000N
### kotek_magnet[tick=1980] sensor3: d=0.5470m in_range=False f_mag=0.000N tau_mag=0.0000Nm misalign_deg=90.0 pos=[-0.10910669 -0.10914607  0.49140114] bottom_world=[-0.10910686 -0.10914582  0.47140114] quat=[-3.8058323e-01  1.5690827e-06 -7.5622265e-06  9.2474663e-01] speed=0.0006 ang_speed=0.0043 ang_vel_vec=[-0.00388758 -0.00175123  0.00051798] |com_force|=0.0000N
### kotek_magnet[tick=1980] sensor4: d=0.5249m in_range=False f_mag=0.000N tau_mag=0.0000Nm misalign_deg=90.0 pos=[-0.10900034  0.1089993   0.4914023 ] bottom_world=[-0.10900028  0.10899944  0.4714023 ] quat=[ 3.8268241e-01  3.2100218e-08 -3.7550967e-06  9.2387998e-01] speed=0.0002 ang_speed=0.0014 ang_vel_vec=[-6.4182103e-05  1.3182597e-03 -3.6949862e-04] |com_force|=0.0000N
### kotek_magnet[tick=2040] sensor1: d=0.4082m in_range=False f_mag=0.000N tau_mag=0.0000Nm misalign_deg=90.0 pos=[0.10880429 0.10900896 0.49140236] bottom_world=[0.10880402 0.1090093  0.47140236] quat=[9.2484152e-01 1.0422677e-05 2.8635673e-06 3.8035288e-01] speed=0.0010 ang_speed=0.0030 ang_vel_vec=[-0.00203912 -0.00188514 -0.00104118] |com_force|=0.0000N
### kotek_magnet[tick=2040] sensor2: d=0.3208m in_range=False f_mag=0.000N tau_mag=0.0000Nm misalign_deg=90.0 pos=[ 0.10902464 -0.10904668  0.49140117] bottom_world=[ 0.10902462 -0.10904651  0.47140117] quat=[ 9.2300081e-01  3.7239865e-06  1.9583090e-06 -3.8479805e-01] speed=0.0004 ang_speed=0.0024 ang_vel_vec=[-0.00191521 -0.00105938 -0.00088031] |com_force|=0.0000N
### kotek_magnet[tick=2040] sensor3: d=0.5470m in_range=False f_mag=0.000N tau_mag=0.0000Nm misalign_deg=90.0 pos=[-0.10910755 -0.10914586  0.49140108] bottom_world=[-0.10910747 -0.10914586  0.47140108] quat=[-3.8058379e-01 -2.0828231e-06  7.4792320e-07  9.2474645e-01] speed=0.0004 ang_speed=0.0028 ang_vel_vec=[ 0.0017521   0.0022003  -0.00039696] |com_force|=0.0000N
### kotek_magnet[tick=2040] sensor4: d=0.5249m in_range=False f_mag=0.000N tau_mag=0.0000Nm misalign_deg=90.0 pos=[-0.10900009  0.10900016  0.49140233] bottom_world=[-0.10900031  0.10900002  0.47140233] quat=[3.8268200e-01 3.7287748e-06 5.3751119e-06 9.2388016e-01] speed=0.0010 ang_speed=0.0029 ang_vel_vec=[ 0.00193936 -0.00201136 -0.00093998] |com_force|=0.0000N
### kotek_magnet[tick=2100] sensor1: d=0.4082m in_range=False f_mag=0.000N tau_mag=0.0000Nm misalign_deg=90.0 pos=[0.10880379 0.10900929 0.49140227] bottom_world=[0.1088037  0.10900941 0.47140227] quat=[9.2484152e-01 3.6645365e-06 9.9449448e-07 3.8035268e-01] speed=0.0006 ang_speed=0.0024 ang_vel_vec=[ 0.00065626 -0.00213882 -0.0008971 ] |com_force|=0.0000N
### kotek_magnet[tick=2100] sensor2: d=0.3208m in_range=False f_mag=0.000N tau_mag=0.0000Nm misalign_deg=90.0 pos=[ 0.10902464 -0.1090467   0.49140108] bottom_world=[ 0.10902463 -0.10904653  0.47140108] quat=[ 9.2300081e-01  3.6136285e-06  1.9952731e-06 -3.8479805e-01] speed=0.0004 ang_speed=0.0024 ang_vel_vec=[-0.00199024 -0.00117294 -0.00073529] |com_force|=0.0000N
### kotek_magnet[tick=2100] sensor3: d=0.5470m in_range=False f_mag=0.000N tau_mag=0.0000Nm misalign_deg=90.0 pos=[-0.10910755 -0.10914584  0.491401  ] bottom_world=[-0.10910747 -0.10914583  0.47140099] quat=[-3.8058373e-01 -2.0880300e-06  6.0449747e-07  9.2474651e-01] speed=0.0004 ang_speed=0.0030 ang_vel_vec=[ 0.00179141  0.00239728 -0.00025651] |com_force|=0.0000N
### kotek_magnet[tick=2100] sensor4: d=0.5249m in_range=False f_mag=0.000N tau_mag=0.0000Nm misalign_deg=90.0 pos=[-0.10900006  0.10900021  0.49140227] bottom_world=[-0.10900028  0.10900006  0.47140227] quat=[3.8268200e-01 3.7615300e-06 5.5388864e-06 9.2388010e-01] speed=0.0010 ang_speed=0.0026 ang_vel_vec=[ 0.00176875 -0.00169116 -0.00077049] |com_force|=0.0000N
### kotek_magnet[tick=2160] sensor1: d=0.4082m in_range=False f_mag=0.000N tau_mag=0.0000Nm misalign_deg=90.0 pos=[0.10880382 0.1090093  0.49140227] bottom_world=[0.10880372 0.10900942 0.47140227] quat=[9.2484158e-01 3.8232511e-06 1.0239949e-06 3.8035268e-01] speed=0.0006 ang_speed=0.0025 ang_vel_vec=[ 0.00048434 -0.0022392  -0.00095027] |com_force|=0.0000N
### kotek_magnet[tick=2160] sensor2: d=0.3208m in_range=False f_mag=0.000N tau_mag=0.0000Nm misalign_deg=90.0 pos=[ 0.10902463 -0.10904647  0.49140102] bottom_world=[ 0.10902458 -0.10904638  0.47140102] quat=[ 9.2300075e-01  1.6976433e-06  1.9272090e-06 -3.8479829e-01] speed=0.0001 ang_speed=0.0016 ang_vel_vec=[ 0.00066882 -0.00137367 -0.00040283] |com_force|=0.0000N
### kotek_magnet[tick=2160] sensor3: d=0.5470m in_range=False f_mag=0.000N tau_mag=0.0000Nm misalign_deg=90.0 pos=[-0.10910816 -0.10914579  0.49140108] bottom_world=[-0.1091079  -0.1091459   0.47140108] quat=[-3.8058412e-01 -4.9323926e-06  5.0955537e-06  9.2474639e-01] speed=0.0010 ang_speed=0.0026 ang_vel_vec=[ 0.0018514   0.00156783 -0.00082884] |com_force|=0.0000N
### kotek_magnet[tick=2160] sensor4: d=0.5249m in_range=False f_mag=0.000N tau_mag=0.0000Nm misalign_deg=90.0 pos=[-0.10900036  0.10899951  0.4914023 ] bottom_world=[-0.10900034  0.10899957  0.4714023 ] quat=[ 3.8268214e-01  1.8427875e-07 -1.6350352e-06  9.2388004e-01] speed=0.0005 ang_speed=0.0025 ang_vel_vec=[ 0.00189878  0.00136828 -0.00078496] |com_force|=0.0000N
### kotek_magnet[tick=2220] sensor1: d=0.4082m in_range=False f_mag=0.000N tau_mag=0.0000Nm misalign_deg=90.0 pos=[0.10880381 0.10900922 0.49140242] bottom_world=[0.10880371 0.10900935 0.47140242] quat=[9.248416e-01 3.933203e-06 9.200088e-07 3.803526e-01] speed=0.0006 ang_speed=0.0029 ang_vel_vec=[-0.00049526 -0.00265948 -0.00105916] |com_force|=0.0000N
### kotek_magnet[tick=2220] sensor2: d=0.3208m in_range=False f_mag=0.000N tau_mag=0.0000Nm misalign_deg=90.0 pos=[ 0.10902433 -0.10904738  0.49140117] bottom_world=[ 0.10902457 -0.10904699  0.47140117] quat=[ 9.2300087e-01  1.1248771e-05 -1.8097135e-06 -3.8479790e-01] speed=0.0010 ang_speed=0.0030 ang_vel_vec=[-0.0019146   0.00215755 -0.00091807] |com_force|=0.0000N
### kotek_magnet[tick=2220] sensor3: d=0.5470m in_range=False f_mag=0.000N tau_mag=0.0000Nm misalign_deg=90.0 pos=[-0.10910818 -0.10914578  0.49140114] bottom_world=[-0.10910791 -0.1091459   0.47140114] quat=[-3.8058412e-01 -5.0603858e-06  5.3513008e-06  9.2474639e-01] speed=0.0010 ang_speed=0.0027 ang_vel_vec=[ 0.0019013   0.00164387 -0.00091723] |com_force|=0.0000N
### kotek_magnet[tick=2220] sensor4: d=0.5249m in_range=False f_mag=0.000N tau_mag=0.0000Nm misalign_deg=90.0 pos=[-0.10900043  0.10899843  0.49140242] bottom_world=[-0.10900023  0.10899876  0.47140242] quat=[ 3.8268289e-01 -1.3714073e-06 -9.6403701e-06  9.2387980e-01] speed=0.0009 ang_speed=0.0032 ang_vel_vec=[0.00023754 0.00313784 0.00047466] |com_force|=0.0000N
### kotek_magnet[tick=2280] sensor1: d=0.4082m in_range=False f_mag=0.000N tau_mag=0.0000Nm misalign_deg=90.0 pos=[0.10880378 0.1090093  0.49140227] bottom_world=[0.10880369 0.10900943 0.47140227] quat=[9.2484164e-01 3.7197126e-06 9.4666871e-07 3.8035265e-01] speed=0.0006 ang_speed=0.0025 ang_vel_vec=[ 0.00026929 -0.00230031 -0.0008851 ] |com_force|=0.0000N
### kotek_magnet[tick=2280] sensor2: d=0.3208m in_range=False f_mag=0.000N tau_mag=0.0000Nm misalign_deg=90.0 pos=[ 0.10902449 -0.10904562  0.4914011 ] bottom_world=[ 0.10902439 -0.10904571  0.47140111] quat=[ 9.2300045e-01 -2.9518524e-06  1.4801176e-06 -3.8479882e-01] speed=0.0010 ang_speed=0.0022 ang_vel_vec=[0.00046575 0.00165262 0.00141479] |com_force|=0.0000N
### kotek_magnet[tick=2280] sensor3: d=0.5470m in_range=False f_mag=0.000N tau_mag=0.0000Nm misalign_deg=90.0 pos=[-0.10910751 -0.10914609  0.4914011 ] bottom_world=[-0.10910745 -0.10914596  0.47140111] quat=[-3.8058388e-01 -2.4948429e-06 -2.4607309e-06  9.2474639e-01] speed=0.0005 ang_speed=0.0024 ang_vel_vec=[-0.00122836  0.00195581 -0.00076231] |com_force|=0.0000N
### kotek_magnet[tick=2280] sensor4: d=0.5249m in_range=False f_mag=0.000N tau_mag=0.0000Nm misalign_deg=90.0 pos=[-0.10900019  0.10899849  0.49140227] bottom_world=[-0.10900008  0.1089988   0.47140227] quat=[ 3.8268313e-01  4.7241227e-07 -8.1862936e-06  9.2387974e-01] speed=0.0009 ang_speed=0.0017 ang_vel_vec=[-0.00055375 -0.00088363  0.00133859] |com_force|=0.0000N
### kotek_magnet[tick=2340] sensor1: d=0.4082m in_range=False f_mag=0.000N tau_mag=0.0000Nm misalign_deg=90.0 pos=[0.1088038  0.10900924 0.49140233] bottom_world=[0.1088037  0.10900937 0.47140233] quat=[9.2484158e-01 3.8421545e-06 1.0334504e-06 3.8035262e-01] speed=0.0006 ang_speed=0.0026 ang_vel_vec=[ 0.0001612  -0.00249898 -0.00085913] |com_force|=0.0000N
### kotek_magnet[tick=2340] sensor2: d=0.3208m in_range=False f_mag=0.000N tau_mag=0.0000Nm misalign_deg=90.0 pos=[ 0.10902462 -0.10904644  0.49140108] bottom_world=[ 0.10902458 -0.10904635  0.47140108] quat=[ 9.2300069e-01  1.6922877e-06  1.8425798e-06 -3.8479841e-01] speed=0.0001 ang_speed=0.0011 ang_vel_vec=[ 0.00035538 -0.00100961 -0.00030538] |com_force|=0.0000N
### kotek_magnet[tick=2340] sensor3: d=0.5470m in_range=False f_mag=0.000N tau_mag=0.0000Nm misalign_deg=90.0 pos=[-0.10910752 -0.10914606  0.49140108] bottom_world=[-0.10910746 -0.10914594  0.47140108] quat=[-3.8058382e-01 -2.5524212e-06 -2.2671566e-06  9.2474645e-01] speed=0.0005 ang_speed=0.0023 ang_vel_vec=[-0.00096506  0.001931   -0.00066878] |com_force|=0.0000N
### kotek_magnet[tick=2340] sensor4: d=0.5249m in_range=False f_mag=0.000N tau_mag=0.0000Nm misalign_deg=90.0 pos=[-0.10900034  0.10899878  0.4914023 ] bottom_world=[-0.1090002   0.10899906  0.4714023 ] quat=[ 3.8268277e-01 -5.6618978e-07 -7.9359979e-06  9.2387980e-01] speed=0.0006 ang_speed=0.0046 ang_vel_vec=[-0.00172084  0.00423886  0.0005075 ] |com_force|=0.0000N
### kotek_magnet[tick=2400] sensor1: d=0.4082m in_range=False f_mag=0.000N tau_mag=0.0000Nm misalign_deg=90.0 pos=[0.1088038  0.10900925 0.4914023 ] bottom_world=[0.10880371 0.10900937 0.4714023 ] quat=[9.2484158e-01 3.7233042e-06 9.9607939e-07 3.8035253e-01] speed=0.0006 ang_speed=0.0028 ang_vel_vec=[-9.2387454e-05 -2.6771298e-03 -7.9309294e-04] |com_force|=0.0000N
### kotek_magnet[tick=2400] sensor2: d=0.3208m in_range=False f_mag=0.000N tau_mag=0.0000Nm misalign_deg=90.0 pos=[ 0.10902433 -0.10904737  0.49140114] bottom_world=[ 0.10902457 -0.10904699  0.47140114] quat=[ 9.2300093e-01  1.1017512e-05 -1.7772020e-06 -3.8479787e-01] speed=0.0010 ang_speed=0.0026 ang_vel_vec=[-0.00160696  0.00188611 -0.00063699] |com_force|=0.0000N
### kotek_magnet[tick=2400] sensor3: d=0.5470m in_range=False f_mag=0.000N tau_mag=0.0000Nm misalign_deg=90.0 pos=[-0.10910818 -0.10914576  0.49140126] bottom_world=[-0.10910791 -0.10914589  0.47140126] quat=[-3.8058394e-01 -5.0100630e-06  5.4756174e-06  9.2474639e-01] speed=0.0010 ang_speed=0.0025 ang_vel_vec=[ 0.00183367  0.00151307 -0.00062383] |com_force|=0.0000N
### kotek_magnet[tick=2400] sensor4: d=0.5249m in_range=False f_mag=0.000N tau_mag=0.0000Nm misalign_deg=90.0 pos=[-0.1090002   0.10899848  0.4914024 ] bottom_world=[-0.1090001   0.10899879  0.47140239] quat=[ 3.8268304e-01  5.8444442e-07 -7.9611609e-06  9.2387974e-01] speed=0.0009 ang_speed=0.0023 ang_vel_vec=[-0.00014707 -0.00182157  0.00145612] |com_force|=0.0000N
### kotek_magnet[tick=2460] sensor1: d=0.4082m in_range=False f_mag=0.000N tau_mag=0.0000Nm misalign_deg=90.0 pos=[0.10880258 0.10900907 0.4914024 ] bottom_world=[0.10880277 0.10900909 0.47140239] quat=[ 9.2484194e-01 -1.3855836e-06 -4.6406849e-06  3.8035169e-01] speed=0.0010 ang_speed=0.0024 ang_vel_vec=[-1.9222620e-03 -5.8616602e-05  1.4447180e-03] |com_force|=0.0000N
### kotek_magnet[tick=2460] sensor2: d=0.3208m in_range=False f_mag=0.000N tau_mag=0.0000Nm misalign_deg=90.0 pos=[ 0.10902432 -0.10904739  0.49140105] bottom_world=[ 0.10902458 -0.109047    0.47140105] quat=[ 9.23000872e-01  1.13956385e-05 -2.09780092e-06 -3.84797931e-01] speed=0.0010 ang_speed=0.0031 ang_vel_vec=[-0.00178792  0.00238049 -0.00081813] |com_force|=0.0000N
### kotek_magnet[tick=2460] sensor3: d=0.5470m in_range=False f_mag=0.000N tau_mag=0.0000Nm misalign_deg=90.0 pos=[-0.10910816 -0.10914575  0.4914011 ] bottom_world=[-0.10910791 -0.10914587  0.47140111] quat=[-3.8058406e-01 -4.8332604e-06  5.2454516e-06  9.2474639e-01] speed=0.0010 ang_speed=0.0027 ang_vel_vec=[ 0.00208611  0.00149743 -0.00079503] |com_force|=0.0000N
### kotek_magnet[tick=2460] sensor4: d=0.5249m in_range=False f_mag=0.000N tau_mag=0.0000Nm misalign_deg=90.0 pos=[-0.10900038  0.10899876  0.4914024 ] bottom_world=[-0.10900023  0.10899905  0.47140239] quat=[ 3.8268265e-01 -5.9097880e-07 -8.0837144e-06  9.2387980e-01] speed=0.0006 ang_speed=0.0046 ang_vel_vec=[-0.00158697  0.00429224  0.00048529] |com_force|=0.0000N
### kotek_magnet[tick=2520] sensor1: d=0.4082m in_range=False f_mag=0.000N tau_mag=0.0000Nm misalign_deg=90.0 pos=[0.10880283 0.10900928 0.49140224] bottom_world=[0.108803   0.10900926 0.47140224] quat=[ 9.2484176e-01 -2.1512194e-06 -3.7064458e-06  3.8035202e-01] speed=0.0006 ang_speed=0.0042 ang_vel_vec=[0.00386168 0.00170402 0.00040903] |com_force|=0.0000N
### kotek_magnet[tick=2520] sensor2: d=0.3208m in_range=False f_mag=0.000N tau_mag=0.0000Nm misalign_deg=90.0 pos=[ 0.10902433 -0.10904733  0.4914011 ] bottom_world=[ 0.10902457 -0.10904695  0.47140111] quat=[ 9.2300087e-01  1.1180692e-05 -1.8724672e-06 -3.8479781e-01] speed=0.0010 ang_speed=0.0030 ang_vel_vec=[-0.00192596  0.00213658 -0.00094612] |com_force|=0.0000N
### kotek_magnet[tick=2520] sensor3: d=0.5470m in_range=False f_mag=0.000N tau_mag=0.0000Nm misalign_deg=90.0 pos=[-0.10910729 -0.10914579  0.49140102] bottom_world=[-0.10910726 -0.10914576  0.47140102] quat=[-3.8058347e-01 -9.7375641e-07 -3.2389988e-07  9.2474663e-01] speed=0.0003 ang_speed=0.0061 ang_vel_vec=[0.00528359 0.0029502  0.00025167] |com_force|=0.0000N
### kotek_magnet[tick=2520] sensor4: d=0.5249m in_range=False f_mag=0.000N tau_mag=0.0000Nm misalign_deg=90.0 pos=[-0.10900021  0.10899851  0.49140233] bottom_world=[-0.1090001   0.10899882  0.47140233] quat=[ 3.8268304e-01  5.6700964e-07 -7.9697684e-06  9.2387980e-01] speed=0.0009 ang_speed=0.0019 ang_vel_vec=[-0.00027604 -0.00148535  0.00117359] |com_force|=0.0000N
### kotek_magnet[tick=2580] sensor1: d=0.4082m in_range=False f_mag=0.000N tau_mag=0.0000Nm misalign_deg=90.0 pos=[0.10880342 0.10900924 0.4914023 ] bottom_world=[0.10880344 0.10900932 0.4714023 ] quat=[ 9.2484164e-01  1.5050505e-06 -1.0623129e-06  3.8035235e-01] speed=0.0002 ang_speed=0.0018 ang_vel_vec=[ 0.00179481  0.00024473 -0.00013262] |com_force|=0.0000N
### kotek_magnet[tick=2580] sensor2: d=0.3208m in_range=False f_mag=0.000N tau_mag=0.0000Nm misalign_deg=90.0 pos=[ 0.10902464 -0.10904671  0.4914011 ] bottom_world=[ 0.10902463 -0.10904654  0.47140111] quat=[ 9.2300081e-01  3.8196877e-06  1.8865127e-06 -3.8479820e-01] speed=0.0004 ang_speed=0.0020 ang_vel_vec=[-0.0016113  -0.00103714 -0.00053674] |com_force|=0.0000N
### kotek_magnet[tick=2580] sensor3: d=0.5470m in_range=False f_mag=0.000N tau_mag=0.0000Nm misalign_deg=90.0 pos=[-0.10910818 -0.10914578  0.4914011 ] bottom_world=[-0.10910792 -0.1091459   0.47140111] quat=[-3.8058406e-01 -4.9556302e-06  5.2530245e-06  9.2474645e-01] speed=0.0010 ang_speed=0.0022 ang_vel_vec=[ 0.00174394  0.00128275 -0.00060232] |com_force|=0.0000N
### kotek_magnet[tick=2580] sensor4: d=0.5249m in_range=False f_mag=0.000N tau_mag=0.0000Nm misalign_deg=90.0 pos=[-0.10900015  0.10899848  0.49140242] bottom_world=[-0.10900005  0.10899879  0.47140242] quat=[ 3.8268304e-01  5.0103097e-07 -8.0481659e-06  9.2387974e-01] speed=0.0009 ang_speed=0.0021 ang_vel_vec=[-0.00023808 -0.00137721  0.00151533] |com_force|=0.0000N
### kotek_magnet[tick=2640] sensor1: d=0.4082m in_range=False f_mag=0.000N tau_mag=0.0000Nm misalign_deg=90.0 pos=[0.10880431 0.10900898 0.49140236] bottom_world=[0.10880405 0.10900932 0.47140236] quat=[9.2484158e-01 1.0413138e-05 2.6483699e-06 3.8035282e-01] speed=0.0010 ang_speed=0.0028 ang_vel_vec=[-0.00193252 -0.00179862 -0.00087433] |com_force|=0.0000N
### kotek_magnet[tick=2640] sensor2: d=0.3208m in_range=False f_mag=0.000N tau_mag=0.0000Nm misalign_deg=90.0 pos=[ 0.10902414 -0.10904744  0.49140105] bottom_world=[ 0.10902445 -0.10904703  0.47140105] quat=[ 9.2300069e-01  1.2576748e-05 -3.1953907e-06 -3.8479823e-01] speed=0.0013 ang_speed=0.0146 ang_vel_vec=[-0.00731663  0.01259613 -0.00030617] |com_force|=0.0000N
### kotek_magnet[tick=2640] sensor3: d=0.5470m in_range=False f_mag=0.000N tau_mag=0.0000Nm misalign_deg=90.0 pos=[-0.10910753 -0.10914608  0.49140108] bottom_world=[-0.10910747 -0.10914595  0.47140108] quat=[-3.8058385e-01 -2.6547928e-06 -2.5500531e-06  9.2474651e-01] speed=0.0004 ang_speed=0.0024 ang_vel_vec=[-0.00110528  0.00198753 -0.00068738] |com_force|=0.0000N
### kotek_magnet[tick=2640] sensor4: d=0.5249m in_range=False f_mag=0.000N tau_mag=0.0000Nm misalign_deg=90.0 pos=[-0.10900019  0.10899851  0.49140236] bottom_world=[-0.10900009  0.10899881  0.47140236] quat=[ 3.8268307e-01  6.8500282e-07 -8.0358341e-06  9.2387968e-01] speed=0.0009 ang_speed=0.0026 ang_vel_vec=[ 8.9653069e-05 -2.1927264e-03  1.3252952e-03] |com_force|=0.0000N
### kotek_magnet[tick=2700] sensor1: d=0.4082m in_range=False f_mag=0.000N tau_mag=0.0000Nm misalign_deg=90.0 pos=[0.10880431 0.10900898 0.49140233] bottom_world=[0.10880404 0.10900932 0.47140233] quat=[9.2484158e-01 1.0406177e-05 2.9270554e-06 3.8035271e-01] speed=0.0010 ang_speed=0.0024 ang_vel_vec=[-0.00164408 -0.00157838 -0.00080312] |com_force|=0.0000N
### kotek_magnet[tick=2700] sensor2: d=0.3208m in_range=False f_mag=0.000N tau_mag=0.0000Nm misalign_deg=90.0 pos=[ 0.10902465 -0.10904666  0.49140117] bottom_world=[ 0.10902464 -0.1090465   0.47140117] quat=[ 9.2300081e-01  3.6608610e-06  1.9124859e-06 -3.8479817e-01] speed=0.0004 ang_speed=0.0024 ang_vel_vec=[-0.0021296  -0.00085099 -0.00065594] |com_force|=0.0000N
### kotek_magnet[tick=2700] sensor3: d=0.5470m in_range=False f_mag=0.000N tau_mag=0.0000Nm misalign_deg=90.0 pos=[-0.10910755 -0.10914584  0.491401  ] bottom_world=[-0.10910746 -0.10914584  0.47140099] quat=[-3.8058367e-01 -2.1071835e-06  7.7944492e-07  9.2474651e-01] speed=0.0004 ang_speed=0.0031 ang_vel_vec=[ 0.00185535  0.00249138 -0.00017301] |com_force|=0.0000N
### kotek_magnet[tick=2700] sensor4: d=0.5249m in_range=False f_mag=0.000N tau_mag=0.0000Nm misalign_deg=90.0 pos=[-0.10900019  0.10899851  0.49140233] bottom_world=[-0.10900008  0.10899882  0.47140233] quat=[ 3.8268301e-01  4.7160324e-07 -8.0809868e-06  9.2387974e-01] speed=0.0009 ang_speed=0.0018 ang_vel_vec=[-0.00055624 -0.00089757  0.00140045] |com_force|=0.0000N
### kotek_magnet[tick=2760] sensor1: d=0.4082m in_range=False f_mag=0.000N tau_mag=0.0000Nm misalign_deg=90.0 pos=[0.1088043  0.10900895 0.49140233] bottom_world=[0.10880403 0.10900929 0.47140233] quat=[9.2484152e-01 1.0337861e-05 2.9614205e-06 3.8035277e-01] speed=0.0010 ang_speed=0.0024 ang_vel_vec=[-0.00161555 -0.00161846 -0.00082264] |com_force|=0.0000N
### kotek_magnet[tick=2760] sensor2: d=0.3208m in_range=False f_mag=0.000N tau_mag=0.0000Nm misalign_deg=90.0 pos=[ 0.10902435 -0.10904736  0.49140114] bottom_world=[ 0.10902459 -0.10904699  0.47140114] quat=[ 9.2300087e-01  1.0785669e-05 -1.8433220e-06 -3.8479781e-01] speed=0.0010 ang_speed=0.0027 ang_vel_vec=[-0.00162902  0.00204707 -0.00072459] |com_force|=0.0000N
### kotek_magnet[tick=2760] sensor3: d=0.5470m in_range=False f_mag=0.000N tau_mag=0.0000Nm misalign_deg=90.0 pos=[-0.10910808 -0.10914568  0.4914012 ] bottom_world=[-0.10910782 -0.10914582  0.4714012 ] quat=[-3.8058382e-01 -4.6653040e-06  5.7691368e-06  9.2474651e-01] speed=0.0010 ang_speed=0.0042 ang_vel_vec=[ 0.00292644  0.00291839 -0.00039078] |com_force|=0.0000N
### kotek_magnet[tick=2760] sensor4: d=0.5249m in_range=False f_mag=0.000N tau_mag=0.0000Nm misalign_deg=90.0 pos=[-0.10900035  0.10899873  0.49140236] bottom_world=[-0.1090002   0.10899902  0.47140236] quat=[ 3.8268277e-01 -6.9650969e-07 -8.0673226e-06  9.2387986e-01] speed=0.0006 ang_speed=0.0047 ang_vel_vec=[-0.00173676  0.00438506  0.00052266] |com_force|=0.0000N
### kotek_magnet[tick=2820] sensor1: d=0.4082m in_range=False f_mag=0.000N tau_mag=0.0000Nm misalign_deg=90.0 pos=[0.10880431 0.10900894 0.4914023 ] bottom_world=[0.10880404 0.10900929 0.4714023 ] quat=[9.2484146e-01 1.0744506e-05 2.9046569e-06 3.8035274e-01] speed=0.0010 ang_speed=0.0028 ang_vel_vec=[-0.00191708 -0.00180413 -0.00081693] |com_force|=0.0000N
### kotek_magnet[tick=2820] sensor2: d=0.3208m in_range=False f_mag=0.000N tau_mag=0.0000Nm misalign_deg=90.0 pos=[ 0.10902465 -0.10904673  0.4914012 ] bottom_world=[ 0.10902464 -0.10904656  0.4714012 ] quat=[ 9.2300081e-01  3.7782370e-06  1.9417319e-06 -3.8479805e-01] speed=0.0004 ang_speed=0.0024 ang_vel_vec=[-0.00216894 -0.00077019 -0.00071917] |com_force|=0.0000N
### kotek_magnet[tick=2820] sensor3: d=0.5470m in_range=False f_mag=0.000N tau_mag=0.0000Nm misalign_deg=90.0 pos=[-0.10910647 -0.10914588  0.49140114] bottom_world=[-0.10910665 -0.10914568  0.47140114] quat=[-3.8058305e-01  2.3920431e-06 -6.2960735e-06  9.2474681e-01] speed=0.0009 ang_speed=0.0030 ang_vel_vec=[0.00255116 0.00019764 0.00148256] |com_force|=0.0000N
### kotek_magnet[tick=2820] sensor4: d=0.5249m in_range=False f_mag=0.000N tau_mag=0.0000Nm misalign_deg=90.0 pos=[-0.10900042  0.10899843  0.49140245] bottom_world=[-0.10900022  0.10899876  0.47140245] quat=[ 3.8268283e-01 -1.4731471e-06 -9.7368420e-06  9.2387974e-01] speed=0.0009 ang_speed=0.0032 ang_vel_vec=[0.00036425 0.00306725 0.00064427] |com_force|=0.0000N
### kotek_magnet[tick=2880] sensor1: d=0.4082m in_range=False f_mag=0.000N tau_mag=0.0000Nm misalign_deg=90.0 pos=[0.10880431 0.10900899 0.49140233] bottom_world=[0.10880404 0.10900933 0.47140233] quat=[9.2484152e-01 1.0385204e-05 2.9311082e-06 3.8035265e-01] speed=0.0009 ang_speed=0.0025 ang_vel_vec=[-0.00165028 -0.00165853 -0.00098165] |com_force|=0.0000N
### kotek_magnet[tick=2880] sensor2: d=0.3208m in_range=False f_mag=0.000N tau_mag=0.0000Nm misalign_deg=90.0 pos=[ 0.10902433 -0.10904738  0.49140117] bottom_world=[ 0.10902458 -0.10904699  0.47140117] quat=[ 9.2300087e-01  1.1254916e-05 -1.9204799e-06 -3.8479805e-01] speed=0.0010 ang_speed=0.0032 ang_vel_vec=[-0.00204186  0.0023424  -0.00094584] |com_force|=0.0000N
### kotek_magnet[tick=2880] sensor3: d=0.5470m in_range=False f_mag=0.000N tau_mag=0.0000Nm misalign_deg=90.0 pos=[-0.10910642 -0.1091461   0.4914011 ] bottom_world=[-0.10910663 -0.10914579  0.47140111] quat=[-3.8058308e-01  2.0235359e-06 -8.9885361e-06  9.2474675e-01] speed=0.0009 ang_speed=0.0024 ang_vel_vec=[-0.0022896   0.00060018  0.00063035] |com_force|=0.0000N
### kotek_magnet[tick=2880] sensor4: d=0.5249m in_range=False f_mag=0.000N tau_mag=0.0000Nm misalign_deg=90.0 pos=[-0.10900021  0.10899851  0.49140236] bottom_world=[-0.1090001   0.10899882  0.47140236] quat=[ 3.8268307e-01  4.4525524e-07 -8.1509761e-06  9.2387974e-01] speed=0.0009 ang_speed=0.0015 ang_vel_vec=[-0.00047618 -0.00082929  0.0012063 ] |com_force|=0.0000N
### kotek_magnet[tick=2940] sensor1: d=0.4082m in_range=False f_mag=0.000N tau_mag=0.0000Nm misalign_deg=90.0 pos=[0.10880381 0.10900929 0.49140227] bottom_world=[0.10880371 0.10900941 0.47140227] quat=[9.2484158e-01 3.7025561e-06 1.0459099e-06 3.8035268e-01] speed=0.0006 ang_speed=0.0027 ang_vel_vec=[ 0.00076719 -0.00233231 -0.001079  ] |com_force|=0.0000N
### kotek_magnet[tick=2940] sensor2: d=0.3208m in_range=False f_mag=0.000N tau_mag=0.0000Nm misalign_deg=90.0 pos=[ 0.10902413 -0.10904743  0.491401  ] bottom_world=[ 0.10902445 -0.10904702  0.47140099] quat=[ 9.2300087e-01  1.2368556e-05 -3.4082889e-06 -3.8479814e-01] speed=0.0013 ang_speed=0.0160 ang_vel_vec=[-0.00792737  0.01386766 -0.00047194] |com_force|=0.0000N
### kotek_magnet[tick=2940] sensor3: d=0.5470m in_range=False f_mag=0.000N tau_mag=0.0000Nm misalign_deg=90.0 pos=[-0.10910641 -0.1091459   0.4914011 ] bottom_world=[-0.1091066  -0.10914569  0.47140111] quat=[-3.8058317e-01  2.5112440e-06 -6.6817852e-06  9.2474681e-01] speed=0.0010 ang_speed=0.0025 ang_vel_vec=[ 2.1455418e-03 -8.0162165e-05  1.3565607e-03] |com_force|=0.0000N
### kotek_magnet[tick=2940] sensor4: d=0.5249m in_range=False f_mag=0.000N tau_mag=0.0000Nm misalign_deg=90.0 pos=[-0.1090002   0.10899848  0.49140233] bottom_world=[-0.10900009  0.10899879  0.47140233] quat=[ 3.8268304e-01  4.7372112e-07 -8.1705530e-06  9.2387980e-01] speed=0.0009 ang_speed=0.0016 ang_vel_vec=[-0.00028328 -0.00106775  0.00118956] |com_force|=0.0000N
### kotek_magnet[tick=3000] sensor1: d=0.4082m in_range=False f_mag=0.000N tau_mag=0.0000Nm misalign_deg=90.0 pos=[0.10880379 0.10900928 0.49140227] bottom_world=[0.10880369 0.10900941 0.47140227] quat=[9.2484152e-01 3.9228980e-06 1.0179754e-06 3.8035277e-01] speed=0.0006 ang_speed=0.0025 ang_vel_vec=[ 0.00027616 -0.00233599 -0.00084697] |com_force|=0.0000N
### kotek_magnet[tick=3000] sensor2: d=0.3208m in_range=False f_mag=0.000N tau_mag=0.0000Nm misalign_deg=90.0 pos=[ 0.10902463 -0.10904643  0.49140102] bottom_world=[ 0.10902459 -0.10904633  0.47140102] quat=[ 9.2300063e-01  1.8186922e-06  1.8052004e-06 -3.8479838e-01] speed=0.0001 ang_speed=0.0013 ang_vel_vec=[ 0.00046968 -0.00117854 -0.00031399] |com_force|=0.0000N
### kotek_magnet[tick=3000] sensor3: d=0.5470m in_range=False f_mag=0.000N tau_mag=0.0000Nm misalign_deg=90.0 pos=[-0.10910647 -0.10914589  0.4914011 ] bottom_world=[-0.10910665 -0.10914569  0.47140111] quat=[-3.8058302e-01  2.3806936e-06 -6.3845509e-06  9.2474681e-01] speed=0.0009 ang_speed=0.0030 ang_vel_vec=[0.00254031 0.00019184 0.00152504] |com_force|=0.0000N
### kotek_magnet[tick=3000] sensor4: d=0.5249m in_range=False f_mag=0.000N tau_mag=0.0000Nm misalign_deg=90.0 pos=[-0.10900022  0.10899849  0.49140236] bottom_world=[-0.10900012  0.1089988   0.47140236] quat=[ 3.8268295e-01  5.5443530e-07 -8.1589533e-06  9.2387980e-01] speed=0.0009 ang_speed=0.0018 ang_vel_vec=[-0.00036842 -0.00114126  0.00138033] |com_force|=0.0000N
### kotek_magnet[tick=3060] sensor1: d=0.4082m in_range=False f_mag=0.000N tau_mag=0.0000Nm misalign_deg=90.0 pos=[0.10880382 0.10900928 0.49140233] bottom_world=[0.10880372 0.1090094  0.47140233] quat=[9.2484158e-01 3.7299508e-06 9.3724054e-07 3.8035271e-01] speed=0.0006 ang_speed=0.0024 ang_vel_vec=[ 0.00038768 -0.00226566 -0.0007765 ] |com_force|=0.0000N
### kotek_magnet[tick=3060] sensor2: d=0.3208m in_range=False f_mag=0.000N tau_mag=0.0000Nm misalign_deg=90.0 pos=[ 0.10902442 -0.10904673  0.491401  ] bottom_world=[ 0.10902452 -0.10904653  0.47140099] quat=[ 9.2300075e-01  5.5363548e-06 -4.5197703e-07 -3.8479820e-01] speed=0.0004 ang_speed=0.0029 ang_vel_vec=[-0.00227062  0.00173819 -0.00012365] |com_force|=0.0000N
### kotek_magnet[tick=3060] sensor3: d=0.5470m in_range=False f_mag=0.000N tau_mag=0.0000Nm misalign_deg=90.0 pos=[-0.10910641 -0.10914589  0.49140108] bottom_world=[-0.10910661 -0.10914568  0.47140108] quat=[-3.8058308e-01  2.5650577e-06 -6.8482086e-06  9.2474681e-01] speed=0.0010 ang_speed=0.0024 ang_vel_vec=[ 0.00170584 -0.00031541  0.00161181] |com_force|=0.0000N
### kotek_magnet[tick=3060] sensor4: d=0.5249m in_range=False f_mag=0.000N tau_mag=0.0000Nm misalign_deg=90.0 pos=[-0.10900026  0.10899847  0.49140236] bottom_world=[-0.10900013  0.1089988   0.47140236] quat=[ 3.8268298e-01  1.6335659e-07 -8.8401139e-06  9.2387980e-01] speed=0.0010 ang_speed=0.0018 ang_vel_vec=[-0.00101789 -0.00012016  0.00146588] |com_force|=0.0000N
### kotek_magnet[tick=3120] sensor1: d=0.4082m in_range=False f_mag=0.000N tau_mag=0.0000Nm misalign_deg=90.0 pos=[0.10880382 0.10900925 0.4914023 ] bottom_world=[0.10880372 0.10900936 0.4714023 ] quat=[9.2484164e-01 3.5273240e-06 1.2241710e-06 3.8035259e-01] speed=0.0006 ang_speed=0.0029 ang_vel_vec=[ 0.00167952 -0.00214657 -0.00110333] |com_force|=0.0000N
### kotek_magnet[tick=3120] sensor2: d=0.3208m in_range=False f_mag=0.000N tau_mag=0.0000Nm misalign_deg=90.0 pos=[ 0.10902445 -0.10904676  0.49140096] bottom_world=[ 0.10902456 -0.10904657  0.47140096] quat=[ 9.2300075e-01  5.4733578e-06 -6.5556424e-07 -3.8479826e-01] speed=0.0003 ang_speed=0.0028 ang_vel_vec=[-0.00197749  0.00195202 -0.00041629] |com_force|=0.0000N
### kotek_magnet[tick=3120] sensor3: d=0.5470m in_range=False f_mag=0.000N tau_mag=0.0000Nm misalign_deg=90.0 pos=[-0.10910645 -0.1091459   0.49140108] bottom_world=[-0.10910664 -0.1091457   0.47140108] quat=[-3.8058296e-01  2.5212018e-06 -6.3775483e-06  9.2474681e-01] speed=0.0009 ang_speed=0.0030 ang_vel_vec=[0.00265617 0.00028219 0.00131321] |com_force|=0.0000N
### kotek_magnet[tick=3120] sensor4: d=0.5249m in_range=False f_mag=0.000N tau_mag=0.0000Nm misalign_deg=90.0 pos=[-0.1090002  0.1089985  0.4914024] bottom_world=[-0.10900008  0.10899881  0.47140239] quat=[ 3.8268310e-01  2.9046905e-07 -8.2992774e-06  9.2387968e-01] speed=0.0009 ang_speed=0.0014 ang_vel_vec=[-0.00061726 -0.00059871  0.00114782] |com_force|=0.0000N
### kotek_magnet[tick=3180] sensor1: d=0.4082m in_range=False f_mag=0.000N tau_mag=0.0000Nm misalign_deg=90.0 pos=[0.10880381 0.10900926 0.49140233] bottom_world=[0.10880372 0.10900938 0.47140233] quat=[9.2484164e-01 3.7661714e-06 9.6800159e-07 3.8035259e-01] speed=0.0006 ang_speed=0.0025 ang_vel_vec=[ 0.00027939 -0.00233853 -0.00080479] |com_force|=0.0000N
### kotek_magnet[tick=3180] sensor2: d=0.3208m in_range=False f_mag=0.000N tau_mag=0.0000Nm misalign_deg=90.0 pos=[ 0.10902464 -0.10904588  0.49140117] bottom_world=[ 0.1090245  -0.10904594  0.47140117] quat=[ 9.2300063e-01 -2.7894778e-06  2.5569432e-06 -3.8479847e-01] speed=0.0006 ang_speed=0.0046 ang_vel_vec=[ 0.00201636 -0.00407302  0.00061364] |com_force|=0.0000N
### kotek_magnet[tick=3180] sensor3: d=0.5470m in_range=False f_mag=0.000N tau_mag=0.0000Nm misalign_deg=90.0 pos=[-0.10910721 -0.10914586  0.4914011 ] bottom_world=[-0.10910717 -0.10914581  0.47140111] quat=[-3.8058347e-01 -1.3642066e-06 -7.2878129e-07  9.2474663e-01] speed=0.0002 ang_speed=0.0031 ang_vel_vec=[0.00258105 0.00170165 0.00035755] |com_force|=0.0000N
### kotek_magnet[tick=3180] sensor4: d=0.5249m in_range=False f_mag=0.000N tau_mag=0.0000Nm misalign_deg=90.0 pos=[-0.10900041  0.10899848  0.49140227] bottom_world=[-0.10900021  0.10899882  0.47140227] quat=[ 3.8268292e-01 -1.5115191e-06 -9.6715548e-06  9.2387980e-01] speed=0.0009 ang_speed=0.0035 ang_vel_vec=[0.00019841 0.00341867 0.00070533] |com_force|=0.0000N
### kotek_magnet[tick=3240] sensor1: d=0.4082m in_range=False f_mag=0.000N tau_mag=0.0000Nm misalign_deg=90.0 pos=[0.1088038  0.10900924 0.4914024 ] bottom_world=[0.10880372 0.10900935 0.47140239] quat=[9.2484158e-01 3.3523334e-06 8.5459249e-07 3.8035262e-01] speed=0.0006 ang_speed=0.0025 ang_vel_vec=[ 0.00122465 -0.00205262 -0.00086367] |com_force|=0.0000N
### kotek_magnet[tick=3240] sensor2: d=0.3208m in_range=False f_mag=0.000N tau_mag=0.0000Nm misalign_deg=90.0 pos=[ 0.10902437 -0.10904735  0.49140117] bottom_world=[ 0.10902459 -0.10904698  0.47140117] quat=[ 9.2300093e-01  1.0512284e-05 -1.5084825e-06 -3.8479784e-01] speed=0.0010 ang_speed=0.0021 ang_vel_vec=[-0.00129202  0.00148788 -0.00075691] |com_force|=0.0000N
### kotek_magnet[tick=3240] sensor3: d=0.5470m in_range=False f_mag=0.000N tau_mag=0.0000Nm misalign_deg=90.0 pos=[-0.10910816 -0.1091458   0.49140117] bottom_world=[-0.1091079  -0.1091459   0.47140117] quat=[-3.8058412e-01 -4.8556353e-06  4.8534694e-06  9.2474633e-01] speed=0.0010 ang_speed=0.0020 ang_vel_vec=[ 0.00143304  0.00121063 -0.00075145] |com_force|=0.0000N
### kotek_magnet[tick=3240] sensor4: d=0.5249m in_range=False f_mag=0.000N tau_mag=0.0000Nm misalign_deg=90.0 pos=[-0.10900042  0.10899845  0.4914024 ] bottom_world=[-0.10900021  0.10899879  0.47140239] quat=[ 3.8268289e-01 -1.6500121e-06 -9.9404788e-06  9.2387980e-01] speed=0.0009 ang_speed=0.0038 ang_vel_vec=[2.5616169e-05 3.6996517e-03 6.5063540e-04] |com_force|=0.0000N
### kotek_magnet[tick=3300] sensor1: d=0.4082m in_range=False f_mag=0.000N tau_mag=0.0000Nm misalign_deg=90.0 pos=[0.10880256 0.10900935 0.49140227] bottom_world=[0.10880277 0.10900926 0.47140227] quat=[ 9.2484188e-01 -4.0041973e-06 -4.2258598e-06  3.8035181e-01] speed=0.0009 ang_speed=0.0035 ang_vel_vec=[3.4449867e-03 6.0542596e-05 7.6991098e-04] |com_force|=0.0000N
### kotek_magnet[tick=3300] sensor2: d=0.3208m in_range=False f_mag=0.000N tau_mag=0.0000Nm misalign_deg=90.0 pos=[ 0.10902463 -0.10904668  0.49140108] bottom_world=[ 0.10902461 -0.10904651  0.47140108] quat=[ 9.2300081e-01  3.6987863e-06  1.9352779e-06 -3.8479802e-01] speed=0.0004 ang_speed=0.0022 ang_vel_vec=[-0.001793   -0.0011468  -0.00071829] |com_force|=0.0000N
### kotek_magnet[tick=3300] sensor3: d=0.5470m in_range=False f_mag=0.000N tau_mag=0.0000Nm misalign_deg=90.0 pos=[-0.10910752 -0.10914609  0.49140108] bottom_world=[-0.10910746 -0.10914596  0.47140108] quat=[-3.8058400e-01 -2.5137817e-06 -2.3134889e-06  9.2474639e-01] speed=0.0005 ang_speed=0.0023 ang_vel_vec=[-0.00098084  0.00189869 -0.00072543] |com_force|=0.0000N
### kotek_magnet[tick=3300] sensor4: d=0.5249m in_range=False f_mag=0.000N tau_mag=0.0000Nm misalign_deg=90.0 pos=[-0.10900044  0.10899848  0.49140236] bottom_world=[-0.10900023  0.10899882  0.47140236] quat=[ 3.8268289e-01 -1.5440718e-06 -9.7102384e-06  9.2387980e-01] speed=0.0009 ang_speed=0.0035 ang_vel_vec=[0.00026961 0.00342847 0.00062086] |com_force|=0.0000N
### kotek_magnet[tick=3360] sensor1: d=0.4082m in_range=False f_mag=0.000N tau_mag=0.0000Nm misalign_deg=90.0 pos=[0.10880261 0.10900906 0.49140236] bottom_world=[0.1088028  0.10900908 0.47140236] quat=[ 9.2484206e-01 -1.2109066e-06 -4.6048895e-06  3.8035166e-01] speed=0.0010 ang_speed=0.0030 ang_vel_vec=[-0.00258226 -0.00028435  0.00152514] |com_force|=0.0000N
### kotek_magnet[tick=3360] sensor2: d=0.3208m in_range=False f_mag=0.000N tau_mag=0.0000Nm misalign_deg=90.0 pos=[ 0.10902432 -0.10904735  0.49140114] bottom_world=[ 0.10902456 -0.10904697  0.47140114] quat=[ 9.23000872e-01  1.10733645e-05 -1.89889579e-06 -3.84797812e-01] speed=0.0010 ang_speed=0.0029 ang_vel_vec=[-0.00182417  0.00214946 -0.00072524] |com_force|=0.0000N
### kotek_magnet[tick=3360] sensor3: d=0.5470m in_range=False f_mag=0.000N tau_mag=0.0000Nm misalign_deg=90.0 pos=[-0.10910752 -0.10914609  0.49140117] bottom_world=[-0.10910746 -0.10914597  0.47140117] quat=[-3.8058388e-01 -2.5242773e-06 -2.2360505e-06  9.2474645e-01] speed=0.0005 ang_speed=0.0024 ang_vel_vec=[-0.00068524  0.00216597 -0.0006863 ] |com_force|=0.0000N
### kotek_magnet[tick=3360] sensor4: d=0.5249m in_range=False f_mag=0.000N tau_mag=0.0000Nm misalign_deg=90.0 pos=[-0.10900021  0.10899848  0.4914024 ] bottom_world=[-0.1090001   0.10899879  0.47140239] quat=[ 3.8268304e-01  5.2065809e-07 -8.0099335e-06  9.2387974e-01] speed=0.0009 ang_speed=0.0019 ang_vel_vec=[-0.00042816 -0.00118445  0.00141281] |com_force|=0.0000N
### kotek_magnet[tick=3420] sensor1: d=0.4082m in_range=False f_mag=0.000N tau_mag=0.0000Nm misalign_deg=90.0 pos=[0.10880257 0.10900931 0.4914022 ] bottom_world=[0.10880279 0.10900922 0.47140221] quat=[ 9.2484188e-01 -4.0860768e-06 -4.3039554e-06  3.8035178e-01] speed=0.0009 ang_speed=0.0037 ang_vel_vec=[0.00366213 0.00015377 0.00079221] |com_force|=0.0000N
### kotek_magnet[tick=3420] sensor2: d=0.3208m in_range=False f_mag=0.000N tau_mag=0.0000Nm misalign_deg=90.0 pos=[ 0.10902464 -0.10904668  0.49140105] bottom_world=[ 0.10902462 -0.10904652  0.47140105] quat=[ 9.2300075e-01  3.6044266e-06  2.0629088e-06 -3.8479811e-01] speed=0.0004 ang_speed=0.0023 ang_vel_vec=[-0.00169054 -0.00133908 -0.00069924] |com_force|=0.0000N
### kotek_magnet[tick=3420] sensor3: d=0.5470m in_range=False f_mag=0.000N tau_mag=0.0000Nm misalign_deg=90.0 pos=[-0.10910647 -0.10914586  0.49140096] bottom_world=[-0.10910666 -0.10914565  0.47140096] quat=[-3.8058293e-01  2.4386254e-06 -6.5742843e-06  9.2474681e-01] speed=0.0009 ang_speed=0.0024 ang_vel_vec=[ 0.00190698 -0.00016506  0.00150664] |com_force|=0.0000N
### kotek_magnet[tick=3420] sensor4: d=0.5249m in_range=False f_mag=0.000N tau_mag=0.0000Nm misalign_deg=90.0 pos=[-0.10900021  0.1089985   0.4914023 ] bottom_world=[-0.10900009  0.10899882  0.4714023 ] quat=[ 3.8268301e-01  3.8980932e-07 -8.3840032e-06  9.2387968e-01] speed=0.0009 ang_speed=0.0016 ang_vel_vec=[-0.00060252 -0.00071804  0.00135735] |com_force|=0.0000N
### still playing, 1340s left
### kotek_magnet[tick=3480] sensor1: d=0.4082m in_range=False f_mag=0.000N tau_mag=0.0000Nm misalign_deg=90.0 pos=[0.10880258 0.10900909 0.49140227] bottom_world=[0.10880278 0.10900911 0.47140227] quat=[ 9.2484194e-01 -1.5753932e-06 -4.6944019e-06  3.8035175e-01] speed=0.0010 ang_speed=0.0023 ang_vel_vec=[-0.00170899  0.00012286  0.00154843] |com_force|=0.0000N
### kotek_magnet[tick=3480] sensor2: d=0.3208m in_range=False f_mag=0.000N tau_mag=0.0000Nm misalign_deg=90.0 pos=[ 0.10902466 -0.10904644  0.49140096] bottom_world=[ 0.10902461 -0.10904636  0.47140096] quat=[ 9.2300075e-01  1.4564469e-06  1.9483932e-06 -3.8479832e-01] speed=0.0001 ang_speed=0.0022 ang_vel_vec=[ 0.00120875 -0.00180213 -0.00023374] |com_force|=0.0000N
### kotek_magnet[tick=3480] sensor3: d=0.5470m in_range=False f_mag=0.000N tau_mag=0.0000Nm misalign_deg=90.0 pos=[-0.10910751 -0.10914607  0.4914011 ] bottom_world=[-0.10910746 -0.10914594  0.47140111] quat=[-3.8058382e-01 -2.4054275e-06 -2.5204731e-06  9.2474645e-01] speed=0.0005 ang_speed=0.0023 ang_vel_vec=[-0.00108004  0.00194433 -0.00063172] |com_force|=0.0000N
### kotek_magnet[tick=3480] sensor4: d=0.5249m in_range=False f_mag=0.000N tau_mag=0.0000Nm misalign_deg=90.0 pos=[-0.1090004   0.10899873  0.49140227] bottom_world=[-0.10900025  0.10899902  0.47140227] quat=[ 3.8268259e-01 -6.9802218e-07 -8.2156521e-06  9.2387986e-01] speed=0.0006 ang_speed=0.0048 ang_vel_vec=[-0.00174738  0.00440338  0.00057079] |com_force|=0.0000N
### kotek_magnet[tick=3540] sensor1: d=0.4082m in_range=False f_mag=0.000N tau_mag=0.0000Nm misalign_deg=90.0 pos=[0.10880259 0.10900932 0.4914024 ] bottom_world=[0.10880281 0.10900923 0.47140239] quat=[ 9.2484194e-01 -4.1154799e-06 -4.2660308e-06  3.8035184e-01] speed=0.0009 ang_speed=0.0036 ang_vel_vec=[3.6023778e-03 7.4884068e-05 4.9760891e-04] |com_force|=0.0000N
### kotek_magnet[tick=3540] sensor2: d=0.3208m in_range=False f_mag=0.000N tau_mag=0.0000Nm misalign_deg=90.0 pos=[ 0.10902451 -0.10904558  0.49140108] bottom_world=[ 0.10902439 -0.10904568  0.47140108] quat=[ 9.2300051e-01 -3.3601943e-06  1.7602736e-06 -3.8479888e-01] speed=0.0010 ang_speed=0.0017 ang_vel_vec=[0.00079693 0.00084896 0.00120248] |com_force|=0.0000N
### kotek_magnet[tick=3540] sensor3: d=0.5470m in_range=False f_mag=0.000N tau_mag=0.0000Nm misalign_deg=90.0 pos=[-0.10910815 -0.10914578  0.49140102] bottom_world=[-0.10910789 -0.10914589  0.47140102] quat=[-3.8058415e-01 -4.8749857e-06  5.1716470e-06  9.2474633e-01] speed=0.0010 ang_speed=0.0026 ang_vel_vec=[ 0.00192872  0.00147951 -0.00104151] |com_force|=0.0000N
### kotek_magnet[tick=3540] sensor4: d=0.5249m in_range=False f_mag=0.000N tau_mag=0.0000Nm misalign_deg=90.0 pos=[-0.10900036  0.10899953  0.49140224] bottom_world=[-0.10900034  0.10899959  0.47140224] quat=[ 3.8268211e-01  7.2493599e-08 -1.6920810e-06  9.2388004e-01] speed=0.0005 ang_speed=0.0029 ang_vel_vec=[ 0.00212439  0.00173093 -0.00102051] |com_force|=0.0000N
### kotek_magnet[tick=3600] sensor1: d=0.4082m in_range=False f_mag=0.000N tau_mag=0.0000Nm misalign_deg=90.0 pos=[0.10880338 0.10900927 0.49140218] bottom_world=[0.1088034  0.10900935 0.47140218] quat=[ 9.2484176e-01  1.4778930e-06 -1.2316838e-06  3.8035235e-01] speed=0.0002 ang_speed=0.0022 ang_vel_vec=[ 0.00195771  0.00103922 -0.00030913] |com_force|=0.0000N
### kotek_magnet[tick=3600] sensor2: d=0.3208m in_range=False f_mag=0.000N tau_mag=0.0000Nm misalign_deg=90.0 pos=[ 0.10902442 -0.10904672  0.49140096] bottom_world=[ 0.10902452 -0.10904652  0.47140096] quat=[ 9.230007e-01  5.634088e-06 -4.335975e-07 -3.847983e-01] speed=0.0004 ang_speed=0.0025 ang_vel_vec=[-0.0019917   0.00153129 -0.00021132] |com_force|=0.0000N
### kotek_magnet[tick=3600] sensor3: d=0.5470m in_range=False f_mag=0.000N tau_mag=0.0000Nm misalign_deg=90.0 pos=[-0.10910751 -0.10914607  0.49140108] bottom_world=[-0.10910745 -0.10914595  0.47140108] quat=[-3.8058394e-01 -2.6157124e-06 -2.3770376e-06  9.2474639e-01] speed=0.0005 ang_speed=0.0022 ang_vel_vec=[-0.00095536  0.00188219 -0.00068272] |com_force|=0.0000N
### kotek_magnet[tick=3600] sensor4: d=0.5249m in_range=False f_mag=0.000N tau_mag=0.0000Nm misalign_deg=90.0 pos=[-0.10900006  0.1090002   0.4914023 ] bottom_world=[-0.10900028  0.10900006  0.4714023 ] quat=[3.8268197e-01 3.8044172e-06 5.2717046e-06 9.2388010e-01] speed=0.0010 ang_speed=0.0029 ang_vel_vec=[ 0.00201249 -0.00193856 -0.00074442] |com_force|=0.0000N
### kotek_magnet[tick=3660] sensor1: d=0.4082m in_range=False f_mag=0.000N tau_mag=0.0000Nm misalign_deg=90.0 pos=[0.10880256 0.10900904 0.49140245] bottom_world=[0.10880276 0.10900906 0.47140245] quat=[ 9.2484194e-01 -1.4702506e-06 -4.7656267e-06  3.8035172e-01] speed=0.0010 ang_speed=0.0024 ang_vel_vec=[-1.9066664e-03  7.3561961e-05  1.4612712e-03] |com_force|=0.0000N
### kotek_magnet[tick=3660] sensor2: d=0.3208m in_range=False f_mag=0.000N tau_mag=0.0000Nm misalign_deg=90.0 pos=[ 0.10902447 -0.10904567  0.4914012 ] bottom_world=[ 0.10902436 -0.10904575  0.4714012 ] quat=[ 9.2300045e-01 -2.9190708e-06  1.5487894e-06 -3.8479897e-01] speed=0.0010 ang_speed=0.0023 ang_vel_vec=[0.00038545 0.00166957 0.00145983] |com_force|=0.0000N
### kotek_magnet[tick=3660] sensor3: d=0.5470m in_range=False f_mag=0.000N tau_mag=0.0000Nm misalign_deg=90.0 pos=[-0.10910701 -0.10914564  0.49140108] bottom_world=[-0.10910701 -0.10914562  0.47140108] quat=[-3.8058311e-01 -1.5489076e-07 -4.2283531e-07  9.2474681e-01] speed=0.0006 ang_speed=0.0095 ang_vel_vec=[0.00819544 0.00453641 0.00139671] |com_force|=0.0000N
### kotek_magnet[tick=3660] sensor4: d=0.5249m in_range=False f_mag=0.000N tau_mag=0.0000Nm misalign_deg=90.0 pos=[-0.10900008  0.10900013  0.4914024 ] bottom_world=[-0.1090003   0.10899999  0.47140239] quat=[3.8268211e-01 3.7650132e-06 5.2784003e-06 9.2388010e-01] speed=0.0010 ang_speed=0.0024 ang_vel_vec=[ 0.00155759 -0.00163904 -0.00073572] |com_force|=0.0000N
### kotek_magnet[tick=3720] sensor1: d=0.4082m in_range=False f_mag=0.000N tau_mag=0.0000Nm misalign_deg=90.0 pos=[0.10880258 0.10900933 0.4914023 ] bottom_world=[0.10880279 0.10900925 0.4714023 ] quat=[ 9.2484188e-01 -3.9340771e-06 -4.1798676e-06  3.8035181e-01] speed=0.0009 ang_speed=0.0034 ang_vel_vec=[ 3.3192425e-03 -5.7043620e-05  7.6726690e-04] |com_force|=0.0000N
### kotek_magnet[tick=3720] sensor2: d=0.3208m in_range=False f_mag=0.000N tau_mag=0.0000Nm misalign_deg=90.0 pos=[ 0.10902464 -0.1090467   0.49140117] bottom_world=[ 0.10902463 -0.10904653  0.47140117] quat=[ 9.2300087e-01  3.9128540e-06  1.7885196e-06 -3.8479811e-01] speed=0.0004 ang_speed=0.0023 ang_vel_vec=[-0.00221989 -0.00023558 -0.00070221] |com_force|=0.0000N
### kotek_magnet[tick=3720] sensor3: d=0.5470m in_range=False f_mag=0.000N tau_mag=0.0000Nm misalign_deg=90.0 pos=[-0.10910819 -0.10914576  0.49140114] bottom_world=[-0.10910792 -0.1091459   0.47140114] quat=[-3.8058409e-01 -5.1538041e-06  5.8032724e-06  9.2474633e-01] speed=0.0010 ang_speed=0.0030 ang_vel_vec=[ 0.00224872  0.00182627 -0.00078526] |com_force|=0.0000N
### kotek_magnet[tick=3720] sensor4: d=0.5249m in_range=False f_mag=0.000N tau_mag=0.0000Nm misalign_deg=90.0 pos=[-0.10900014  0.1089996   0.49140224] bottom_world=[-0.10900024  0.10899963  0.47140224] quat=[3.8268241e-01 2.4703063e-06 3.5385074e-07 9.2387998e-01] speed=0.0004 ang_speed=0.0032 ang_vel_vec=[ 0.00275161 -0.00159617 -0.00021853] |com_force|=0.0000N
### kotek_magnet[tick=3780] sensor1: d=0.4082m in_range=False f_mag=0.000N tau_mag=0.0000Nm misalign_deg=90.0 pos=[0.10880256 0.10900933 0.49140233] bottom_world=[0.10880277 0.10900926 0.47140233] quat=[ 9.2484194e-01 -3.5745677e-06 -4.2375441e-06  3.8035181e-01] speed=0.0009 ang_speed=0.0030 ang_vel_vec=[ 2.879746e-03 -8.743957e-05  7.350357e-04] |com_force|=0.0000N
### kotek_magnet[tick=3780] sensor2: d=0.3208m in_range=False f_mag=0.000N tau_mag=0.0000Nm misalign_deg=90.0 pos=[ 0.10902464 -0.10904671  0.4914011 ] bottom_world=[ 0.10902463 -0.10904653  0.47140111] quat=[ 9.2300075e-01  4.1180456e-06  1.8639267e-06 -3.8479820e-01] speed=0.0004 ang_speed=0.0024 ang_vel_vec=[-0.00216453 -0.00061998 -0.00074208] |com_force|=0.0000N
### kotek_magnet[tick=3780] sensor3: d=0.5470m in_range=False f_mag=0.000N tau_mag=0.0000Nm misalign_deg=90.0 pos=[-0.1091075  -0.1091461   0.49140108] bottom_world=[-0.10910744 -0.10914597  0.47140108] quat=[-3.8058391e-01 -2.6290977e-06 -2.2429076e-06  9.2474639e-01] speed=0.0005 ang_speed=0.0024 ang_vel_vec=[-0.00056243  0.00216982 -0.00073885] |com_force|=0.0000N
### kotek_magnet[tick=3780] sensor4: d=0.5249m in_range=False f_mag=0.000N tau_mag=0.0000Nm misalign_deg=90.0 pos=[-0.10900036  0.10899954  0.4914024 ] bottom_world=[-0.10900036  0.1089996   0.47140239] quat=[ 3.8268232e-01  5.3367921e-07 -1.2454334e-06  9.2387998e-01] speed=0.0005 ang_speed=0.0027 ang_vel_vec=[ 0.00261759 -0.00012795 -0.00077975] |com_force|=0.0000N
### kotek_magnet[tick=3840] sensor1: d=0.4082m in_range=False f_mag=0.000N tau_mag=0.0000Nm misalign_deg=90.0 pos=[0.10880337 0.10900926 0.49140227] bottom_world=[0.10880339 0.10900932 0.47140227] quat=[ 9.2484176e-01  1.2729984e-06 -1.0628113e-06  3.8035232e-01] speed=0.0001 ang_speed=0.0011 ang_vel_vec=[ 0.0010103  -0.00028519 -0.00045346] |com_force|=0.0000N
### kotek_magnet[tick=3840] sensor2: d=0.3208m in_range=False f_mag=0.000N tau_mag=0.0000Nm misalign_deg=90.0 pos=[ 0.10902464 -0.10904589  0.49140114] bottom_world=[ 0.10902451 -0.10904595  0.47140114] quat=[ 9.2300063e-01 -2.8258696e-06  2.5623667e-06 -3.8479850e-01] speed=0.0007 ang_speed=0.0046 ang_vel_vec=[ 0.00200175 -0.0041429   0.00035995] |com_force|=0.0000N
### kotek_magnet[tick=3840] sensor3: d=0.5470m in_range=False f_mag=0.000N tau_mag=0.0000Nm misalign_deg=90.0 pos=[-0.10910647 -0.10914587  0.49140114] bottom_world=[-0.10910666 -0.10914568  0.47140114] quat=[-3.8058305e-01  2.4481965e-06 -6.1879705e-06  9.2474687e-01] speed=0.0009 ang_speed=0.0035 ang_vel_vec=[0.00318514 0.00053431 0.00132954] |com_force|=0.0000N
### kotek_magnet[tick=3840] sensor4: d=0.5249m in_range=False f_mag=0.000N tau_mag=0.0000Nm misalign_deg=90.0 pos=[-0.10900037  0.10899951  0.4914023 ] bottom_world=[-0.10900035  0.10899957  0.4714023 ] quat=[ 3.8268217e-01  5.5503023e-08 -1.5138087e-06  9.2388016e-01] speed=0.0005 ang_speed=0.0026 ang_vel_vec=[ 0.00194764  0.00145044 -0.00091563] |com_force|=0.0000N
### kotek_magnet[tick=3900] sensor1: d=0.4082m in_range=False f_mag=0.000N tau_mag=0.0000Nm misalign_deg=90.0 pos=[0.10880282 0.10900926 0.49140242] bottom_world=[0.10880299 0.10900924 0.47140242] quat=[ 9.248418e-01 -2.120270e-06 -3.726907e-06  3.803521e-01] speed=0.0007 ang_speed=0.0041 ang_vel_vec=[0.0037757  0.00162282 0.00023913] |com_force|=0.0000N
### kotek_magnet[tick=3900] sensor2: d=0.3208m in_range=False f_mag=0.000N tau_mag=0.0000Nm misalign_deg=90.0 pos=[ 0.10902449 -0.10904564  0.4914012 ] bottom_world=[ 0.10902439 -0.10904572  0.4714012 ] quat=[ 9.2300045e-01 -2.8424820e-06  1.4166521e-06 -3.8479888e-01] speed=0.0010 ang_speed=0.0024 ang_vel_vec=[1.9310733e-05 2.1684540e-03 1.1074389e-03] |com_force|=0.0000N
### kotek_magnet[tick=3900] sensor3: d=0.5470m in_range=False f_mag=0.000N tau_mag=0.0000Nm misalign_deg=90.0 pos=[-0.10910816 -0.10914579  0.4914012 ] bottom_world=[-0.10910789 -0.10914591  0.4714012 ] quat=[-3.8058397e-01 -4.9595251e-06  5.2618652e-06  9.2474639e-01] speed=0.0010 ang_speed=0.0028 ang_vel_vec=[ 0.00196551  0.00171809 -0.00112159] |com_force|=0.0000N
### kotek_magnet[tick=3900] sensor4: d=0.5249m in_range=False f_mag=0.000N tau_mag=0.0000Nm misalign_deg=90.0 pos=[-0.1090001   0.10900015  0.49140236] bottom_world=[-0.10900032  0.10900001  0.47140236] quat=[3.8268206e-01 3.6760252e-06 5.4171182e-06 9.2388022e-01] speed=0.0010 ang_speed=0.0026 ang_vel_vec=[ 0.00166317 -0.00173602 -0.00111044] |com_force|=0.0000N
### kotek_magnet[tick=3960] sensor1: d=0.4082m in_range=False f_mag=0.000N tau_mag=0.0000Nm misalign_deg=90.0 pos=[0.10880257 0.10900936 0.4914023 ] bottom_world=[0.10880279 0.10900927 0.4714023 ] quat=[ 9.2484188e-01 -3.9357706e-06 -4.1943986e-06  3.8035199e-01] speed=0.0009 ang_speed=0.0034 ang_vel_vec=[ 0.00329316 -0.00010084  0.0006891 ] |com_force|=0.0000N
### kotek_magnet[tick=3960] sensor2: d=0.3208m in_range=False f_mag=0.000N tau_mag=0.0000Nm misalign_deg=90.0 pos=[ 0.10902436 -0.10904735  0.49140114] bottom_world=[ 0.1090246  -0.10904697  0.47140114] quat=[ 9.23000932e-01  1.08872355e-05 -1.80794405e-06 -3.84797812e-01] speed=0.0010 ang_speed=0.0028 ang_vel_vec=[-0.00160364  0.00211232 -0.0008738 ] |com_force|=0.0000N
### kotek_magnet[tick=3960] sensor3: d=0.5470m in_range=False f_mag=0.000N tau_mag=0.0000Nm misalign_deg=90.0 pos=[-0.10910669 -0.10914607  0.49140108] bottom_world=[-0.10910686 -0.10914582  0.47140108] quat=[-3.8058338e-01  1.5266949e-06 -7.2418907e-06  9.2474663e-01] speed=0.0006 ang_speed=0.0036 ang_vel_vec=[-0.0032451  -0.00150261  0.00045712] |com_force|=0.0000N
### kotek_magnet[tick=3960] sensor4: d=0.5249m in_range=False f_mag=0.000N tau_mag=0.0000Nm misalign_deg=90.0 pos=[-0.1090001   0.10900018  0.49140233] bottom_world=[-0.10900033  0.10900003  0.47140233] quat=[3.8268197e-01 3.7564657e-06 5.6601439e-06 9.2388022e-01] speed=0.0010 ang_speed=0.0028 ang_vel_vec=[ 0.00196527 -0.001778   -0.00085067] |com_force|=0.0000N
### kotek_magnet[tick=4020] sensor1: d=0.4082m in_range=False f_mag=0.000N tau_mag=0.0000Nm misalign_deg=90.0 pos=[0.1088043  0.10900898 0.49140242] bottom_world=[0.10880403 0.10900933 0.47140242] quat=[9.24841523e-01 1.06456655e-05 2.84936573e-06 3.80352706e-01] speed=0.0010 ang_speed=0.0028 ang_vel_vec=[-0.00187212 -0.00184492 -0.0008355 ] |com_force|=0.0000N
### kotek_magnet[tick=4020] sensor2: d=0.3208m in_range=False f_mag=0.000N tau_mag=0.0000Nm misalign_deg=90.0 pos=[ 0.10902432 -0.10904733  0.49140108] bottom_world=[ 0.10902455 -0.10904695  0.47140108] quat=[ 9.2300087e-01  1.1009045e-05 -1.6469817e-06 -3.8479802e-01] speed=0.0010 ang_speed=0.0025 ang_vel_vec=[-0.00150483  0.00180699 -0.00079191] |com_force|=0.0000N
### kotek_magnet[tick=4020] sensor3: d=0.5470m in_range=False f_mag=0.000N tau_mag=0.0000Nm misalign_deg=90.0 pos=[-0.10910644 -0.10914589  0.49140114] bottom_world=[-0.10910663 -0.10914568  0.47140114] quat=[-3.8058302e-01  2.3718605e-06 -6.4502774e-06  9.2474681e-01] speed=0.0010 ang_speed=0.0027 ang_vel_vec=[2.2731833e-03 6.6466360e-05 1.5106146e-03] |com_force|=0.0000N
### kotek_magnet[tick=4020] sensor4: d=0.5249m in_range=False f_mag=0.000N tau_mag=0.0000Nm misalign_deg=90.0 pos=[-0.10900006  0.10900016  0.49140233] bottom_world=[-0.10900029  0.10900002  0.47140233] quat=[3.8268220e-01 3.8717112e-06 5.4262914e-06 9.2388016e-01] speed=0.0010 ang_speed=0.0028 ang_vel_vec=[ 0.00195571 -0.00186269 -0.00073177] |com_force|=0.0000N
### kotek_magnet[tick=4080] sensor1: d=0.4082m in_range=False f_mag=0.000N tau_mag=0.0000Nm misalign_deg=90.0 pos=[0.1088043  0.10900895 0.4914023 ] bottom_world=[0.10880404 0.1090093  0.4714023 ] quat=[9.2484158e-01 1.0428250e-05 2.8357040e-06 3.8035268e-01] speed=0.0010 ang_speed=0.0025 ang_vel_vec=[-0.00174967 -0.00162181 -0.00081096] |com_force|=0.0000N
### kotek_magnet[tick=4080] sensor2: d=0.3208m in_range=False f_mag=0.000N tau_mag=0.0000Nm misalign_deg=90.0 pos=[ 0.10902432 -0.10904738  0.49140114] bottom_world=[ 0.10902456 -0.10904699  0.47140114] quat=[ 9.2300087e-01  1.1315653e-05 -1.8695830e-06 -3.8479787e-01] speed=0.0010 ang_speed=0.0030 ang_vel_vec=[-0.00195369  0.00218238 -0.00078604] |com_force|=0.0000N
### kotek_magnet[tick=4080] sensor3: d=0.5470m in_range=False f_mag=0.000N tau_mag=0.0000Nm misalign_deg=90.0 pos=[-0.10910822 -0.10914574  0.49140117] bottom_world=[-0.10910795 -0.10914587  0.47140117] quat=[-3.8058403e-01 -5.1185511e-06  5.6044682e-06  9.2474639e-01] speed=0.0010 ang_speed=0.0028 ang_vel_vec=[ 0.00205227  0.00180482 -0.00078974] |com_force|=0.0000N
### kotek_magnet[tick=4080] sensor4: d=0.5249m in_range=False f_mag=0.000N tau_mag=0.0000Nm misalign_deg=90.0 pos=[-0.10900007  0.10900015  0.49140233] bottom_world=[-0.10900029  0.10900001  0.47140233] quat=[3.8268217e-01 3.7406508e-06 5.4838160e-06 9.2388016e-01] speed=0.0010 ang_speed=0.0024 ang_vel_vec=[ 0.00164659 -0.00160541 -0.00072079] |com_force|=0.0000N
### kotek_magnet[tick=4140] sensor1: d=0.4082m in_range=False f_mag=0.000N tau_mag=0.0000Nm misalign_deg=90.0 pos=[0.10880256 0.10900906 0.49140236] bottom_world=[0.10880276 0.10900907 0.47140236] quat=[ 9.2484194e-01 -1.5449737e-06 -4.7005601e-06  3.8035169e-01] speed=0.0010 ang_speed=0.0023 ang_vel_vec=[-1.8725946e-03  7.4670228e-05  1.3266674e-03] |com_force|=0.0000N
### kotek_magnet[tick=4140] sensor2: d=0.3208m in_range=False f_mag=0.000N tau_mag=0.0000Nm misalign_deg=90.0 pos=[ 0.10902466 -0.10904592  0.4914011 ] bottom_world=[ 0.10902452 -0.10904598  0.47140111] quat=[ 9.2300057e-01 -2.8960508e-06  2.6289179e-06 -3.8479850e-01] speed=0.0006 ang_speed=0.0046 ang_vel_vec=[ 0.00199907 -0.00412801  0.0004126 ] |com_force|=0.0000N
### kotek_magnet[tick=4140] sensor3: d=0.5470m in_range=False f_mag=0.000N tau_mag=0.0000Nm misalign_deg=90.0 pos=[-0.10910671 -0.10914608  0.49140108] bottom_world=[-0.10910689 -0.10914583  0.47140108] quat=[-3.8058338e-01  1.5973848e-06 -7.5037037e-06  9.2474663e-01] speed=0.0006 ang_speed=0.0041 ang_vel_vec=[-0.00371187 -0.0016315   0.00042801] |com_force|=0.0000N
### kotek_magnet[tick=4140] sensor4: d=0.5249m in_range=False f_mag=0.000N tau_mag=0.0000Nm misalign_deg=90.0 pos=[-0.10900035  0.10899954  0.49140242] bottom_world=[-0.10900033  0.1089996   0.47140242] quat=[ 3.8268217e-01  1.2686975e-07 -1.5842918e-06  9.2388004e-01] speed=0.0005 ang_speed=0.0026 ang_vel_vec=[ 0.00196235  0.0014622  -0.00085934] |com_force|=0.0000N
### kotek_magnet[tick=4200] sensor1: d=0.4082m in_range=False f_mag=0.000N tau_mag=0.0000Nm misalign_deg=90.0 pos=[0.10880331 0.10900911 0.49140227] bottom_world=[0.10880332 0.10900925 0.47140227] quat=[ 9.2484170e-01  3.1298355e-06 -1.6467014e-06  3.8035217e-01] speed=0.0002 ang_speed=0.0011 ang_vel_vec=[-0.00107565  0.00023181  0.00015123] |com_force|=0.0000N
### kotek_magnet[tick=4200] sensor2: d=0.3208m in_range=False f_mag=0.000N tau_mag=0.0000Nm misalign_deg=90.0 pos=[ 0.10902462 -0.10904668  0.49140108] bottom_world=[ 0.10902461 -0.10904651  0.47140108] quat=[ 9.2300075e-01  3.8725898e-06  1.8569688e-06 -3.8479808e-01] speed=0.0004 ang_speed=0.0024 ang_vel_vec=[-0.00213237 -0.00078162 -0.00078145] |com_force|=0.0000N
### kotek_magnet[tick=4200] sensor3: d=0.5470m in_range=False f_mag=0.000N tau_mag=0.0000Nm misalign_deg=90.0 pos=[-0.10910817 -0.10914578  0.49140117] bottom_world=[-0.10910791 -0.1091459   0.47140117] quat=[-3.8058409e-01 -4.9240462e-06  5.2330324e-06  9.2474639e-01] speed=0.0010 ang_speed=0.0027 ang_vel_vec=[ 0.00193348  0.00160881 -0.00083998] |com_force|=0.0000N
### kotek_magnet[tick=4200] sensor4: d=0.5249m in_range=False f_mag=0.000N tau_mag=0.0000Nm misalign_deg=90.0 pos=[-0.10900004  0.10900018  0.4914023 ] bottom_world=[-0.10900027  0.10900004  0.4714023 ] quat=[3.8268220e-01 3.7800614e-06 5.5431756e-06 9.2388016e-01] speed=0.0010 ang_speed=0.0026 ang_vel_vec=[ 0.00171806 -0.00171037 -0.00083002] |com_force|=0.0000N
### kotek_magnet[tick=4260] sensor1: d=0.4082m in_range=False f_mag=0.000N tau_mag=0.0000Nm misalign_deg=90.0 pos=[0.10880281 0.10900927 0.49140233] bottom_world=[0.10880299 0.10900925 0.47140233] quat=[ 9.2484182e-01 -2.2418085e-06 -3.8583084e-06  3.8035196e-01] speed=0.0006 ang_speed=0.0044 ang_vel_vec=[0.00399773 0.001777   0.00055317] |com_force|=0.0000N
### kotek_magnet[tick=4260] sensor2: d=0.3208m in_range=False f_mag=0.000N tau_mag=0.0000Nm misalign_deg=90.0 pos=[ 0.10902444 -0.10904638  0.4914011 ] bottom_world=[ 0.1090245  -0.10904624  0.47140111] quat=[ 9.2300069e-01  3.8798257e-06  3.0488479e-08 -3.8479841e-01] speed=0.0002 ang_speed=0.0029 ang_vel_vec=[-0.00145564  0.00250141  0.00021302] |com_force|=0.0000N
### kotek_magnet[tick=4260] sensor3: d=0.5470m in_range=False f_mag=0.000N tau_mag=0.0000Nm misalign_deg=90.0 pos=[-0.10910701 -0.10914563  0.49140105] bottom_world=[-0.10910701 -0.10914561  0.47140105] quat=[-3.8058317e-01 -1.7541255e-07 -3.6137288e-07  9.2474669e-01] speed=0.0006 ang_speed=0.0095 ang_vel_vec=[0.00820001 0.00458061 0.00132923] |com_force|=0.0000N
### kotek_magnet[tick=4260] sensor4: d=0.5249m in_range=False f_mag=0.000N tau_mag=0.0000Nm misalign_deg=90.0 pos=[-0.10900007  0.1090002   0.49140233] bottom_world=[-0.1090003   0.10900006  0.47140233] quat=[3.8268214e-01 3.8362214e-06 5.4228190e-06 9.2388016e-01] speed=0.0010 ang_speed=0.0027 ang_vel_vec=[ 0.00180818 -0.00189147 -0.00079011] |com_force|=0.0000N
### kotek_magnet[tick=4320] sensor1: d=0.4082m in_range=False f_mag=0.000N tau_mag=0.0000Nm misalign_deg=90.0 pos=[0.10880284 0.10900924 0.49140245] bottom_world=[0.10880301 0.10900922 0.47140245] quat=[ 9.2484182e-01 -2.2101281e-06 -3.8027833e-06  3.8035205e-01] speed=0.0006 ang_speed=0.0041 ang_vel_vec=[0.00374602 0.00165294 0.00039914] |com_force|=0.0000N
### kotek_magnet[tick=4320] sensor2: d=0.3208m in_range=False f_mag=0.000N tau_mag=0.0000Nm misalign_deg=90.0 pos=[ 0.10902466 -0.10904672  0.4914011 ] bottom_world=[ 0.10902464 -0.10904656  0.47140111] quat=[ 9.2300081e-01  3.5988091e-06  1.9598226e-06 -3.8479808e-01] speed=0.0004 ang_speed=0.0026 ang_vel_vec=[-0.0022343  -0.00086483 -0.00089626] |com_force|=0.0000N
### kotek_magnet[tick=4320] sensor3: d=0.5470m in_range=False f_mag=0.000N tau_mag=0.0000Nm misalign_deg=90.0 pos=[-0.10910729 -0.10914582  0.49140114] bottom_world=[-0.10910726 -0.10914579  0.47140114] quat=[-3.8058335e-01 -8.2129219e-07 -6.0878165e-07  9.2474669e-01] speed=0.0003 ang_speed=0.0058 ang_vel_vec=[0.00515764 0.00267399 0.00022167] |com_force|=0.0000N
### kotek_magnet[tick=4320] sensor4: d=0.5249m in_range=False f_mag=0.000N tau_mag=0.0000Nm misalign_deg=90.0 pos=[-0.1090001   0.10900017  0.4914023 ] bottom_world=[-0.10900032  0.10900003  0.4714023 ] quat=[3.8268203e-01 3.7117486e-06 5.3951030e-06 9.2388016e-01] speed=0.0010 ang_speed=0.0025 ang_vel_vec=[ 0.00156209 -0.00165347 -0.00094633] |com_force|=0.0000N
### kotek_magnet[tick=4380] sensor1: d=0.4082m in_range=False f_mag=0.000N tau_mag=0.0000Nm misalign_deg=90.0 pos=[0.10880256 0.10900933 0.49140242] bottom_world=[0.10880278 0.10900924 0.47140242] quat=[ 9.2484194e-01 -3.9832744e-06 -4.3125065e-06  3.8035193e-01] speed=0.0009 ang_speed=0.0037 ang_vel_vec=[0.00352957 0.00018156 0.00094164] |com_force|=0.0000N
### kotek_magnet[tick=4380] sensor2: d=0.3208m in_range=False f_mag=0.000N tau_mag=0.0000Nm misalign_deg=90.0 pos=[ 0.10902464 -0.10904668  0.4914011 ] bottom_world=[ 0.10902462 -0.10904652  0.47140111] quat=[ 9.2300081e-01  3.6329743e-06  2.0668349e-06 -3.8479805e-01] speed=0.0004 ang_speed=0.0024 ang_vel_vec=[-0.00169255 -0.00153517 -0.00055512] |com_force|=0.0000N
### kotek_magnet[tick=4380] sensor3: d=0.5470m in_range=False f_mag=0.000N tau_mag=0.0000Nm misalign_deg=90.0 pos=[-0.10910641 -0.10914611  0.49140108] bottom_world=[-0.10910663 -0.1091458   0.47140108] quat=[-3.8058320e-01  1.9677000e-06 -9.1206593e-06  9.2474675e-01] speed=0.0008 ang_speed=0.0026 ang_vel_vec=[-0.00237615  0.0006028   0.00091778] |com_force|=0.0000N
### kotek_magnet[tick=4380] sensor4: d=0.5249m in_range=False f_mag=0.000N tau_mag=0.0000Nm misalign_deg=90.0 pos=[-0.10900007  0.10900019  0.49140227] bottom_world=[-0.10900029  0.10900005  0.47140227] quat=[3.8268211e-01 3.7848254e-06 5.4194711e-06 9.2388016e-01] speed=0.0010 ang_speed=0.0025 ang_vel_vec=[ 0.00172414 -0.00169587 -0.00061573] |com_force|=0.0000N
### kotek_magnet[tick=4440] sensor1: d=0.4082m in_range=False f_mag=0.000N tau_mag=0.0000Nm misalign_deg=90.0 pos=[0.1088029  0.10900892 0.49140233] bottom_world=[0.10880295 0.10900912 0.47140233] quat=[ 9.2484188e-01  4.1371522e-06 -2.9723265e-06  3.8035199e-01] speed=0.0007 ang_speed=0.0057 ang_vel_vec=[-0.00493206 -0.00277276  0.00098407] |com_force|=0.0000N
### kotek_magnet[tick=4440] sensor2: d=0.3208m in_range=False f_mag=0.000N tau_mag=0.0000Nm misalign_deg=90.0 pos=[ 0.10902446 -0.10904565  0.49140114] bottom_world=[ 0.10902436 -0.10904574  0.47140114] quat=[ 9.2300045e-01 -2.9077823e-06  1.4762263e-06 -3.8479897e-01] speed=0.0010 ang_speed=0.0024 ang_vel_vec=[0.00020993 0.00186454 0.00142272] |com_force|=0.0000N
### kotek_magnet[tick=4440] sensor3: d=0.5470m in_range=False f_mag=0.000N tau_mag=0.0000Nm misalign_deg=90.0 pos=[-0.10910646 -0.1091459   0.49140114] bottom_world=[-0.10910664 -0.10914571  0.47140114] quat=[-3.8058296e-01  2.3869022e-06 -6.3060475e-06  9.2474687e-01] speed=0.0009 ang_speed=0.0028 ang_vel_vec=[0.00236959 0.00018771 0.0014901 ] |com_force|=0.0000N
### kotek_magnet[tick=4440] sensor4: d=0.5249m in_range=False f_mag=0.000N tau_mag=0.0000Nm misalign_deg=90.0 pos=[-0.10900022  0.10899847  0.4914024 ] bottom_world=[-0.10900011  0.10899878  0.47140239] quat=[ 3.8268310e-01  5.2597517e-07 -8.1883290e-06  9.2387980e-01] speed=0.0009 ang_speed=0.0019 ang_vel_vec=[-0.00049835 -0.00125239  0.00132676] |com_force|=0.0000N
### kotek_magnet[tick=4500] sensor1: d=0.4082m in_range=False f_mag=0.000N tau_mag=0.0000Nm misalign_deg=90.0 pos=[0.10880259 0.10900908 0.4914023 ] bottom_world=[0.10880279 0.10900908 0.4714023 ] quat=[ 9.2484200e-01 -1.8366471e-06 -4.6663472e-06  3.8035166e-01] speed=0.0010 ang_speed=0.0016 ang_vel_vec=[-0.00072462  0.00042993  0.00138345] |com_force|=0.0000N
### kotek_magnet[tick=4500] sensor2: d=0.3208m in_range=False f_mag=0.000N tau_mag=0.0000Nm misalign_deg=90.0 pos=[ 0.10902428 -0.10904726  0.4914012 ] bottom_world=[ 0.10902453 -0.1090469   0.4714012 ] quat=[ 9.2300075e-01  1.0765409e-05 -2.3467437e-06 -3.8479811e-01] speed=0.0009 ang_speed=0.0044 ang_vel_vec=[-0.0028936   0.00325031 -0.00054974] |com_force|=0.0000N
### kotek_magnet[tick=4500] sensor3: d=0.5470m in_range=False f_mag=0.000N tau_mag=0.0000Nm misalign_deg=90.0 pos=[-0.10910701 -0.10914565  0.4914011 ] bottom_world=[-0.10910702 -0.10914563  0.47140111] quat=[-3.8058317e-01  3.5427725e-08 -4.2232747e-07  9.2474669e-01] speed=0.0006 ang_speed=0.0096 ang_vel_vec=[0.00843129 0.00441618 0.00126157] |com_force|=0.0000N
### kotek_magnet[tick=4500] sensor4: d=0.5249m in_range=False f_mag=0.000N tau_mag=0.0000Nm misalign_deg=90.0 pos=[-0.10900007  0.10900016  0.49140245] bottom_world=[-0.10900028  0.10900002  0.47140245] quat=[3.8268217e-01 3.3854751e-06 5.2678679e-06 9.2388010e-01] speed=0.0010 ang_speed=0.0023 ang_vel_vec=[ 0.00175477 -0.00125394 -0.00081631] |com_force|=0.0000N
### kotek_magnet[tick=4560] sensor1: d=0.4082m in_range=False f_mag=0.000N tau_mag=0.0000Nm misalign_deg=90.0 pos=[0.10880382 0.10900922 0.4914023 ] bottom_world=[0.10880372 0.10900935 0.4714023 ] quat=[9.2484164e-01 3.9843076e-06 9.1871402e-07 3.8035259e-01] speed=0.0006 ang_speed=0.0028 ang_vel_vec=[-0.00044319 -0.00263774 -0.00089143] |com_force|=0.0000N
### kotek_magnet[tick=4560] sensor2: d=0.3208m in_range=False f_mag=0.000N tau_mag=0.0000Nm misalign_deg=90.0 pos=[ 0.10902465 -0.10904671  0.4914012 ] bottom_world=[ 0.10902464 -0.10904654  0.4714012 ] quat=[ 9.2300081e-01  3.9167567e-06  2.0346795e-06 -3.8479814e-01] speed=0.0004 ang_speed=0.0024 ang_vel_vec=[-0.00186941 -0.00138501 -0.00072076] |com_force|=0.0000N
### kotek_magnet[tick=4560] sensor3: d=0.5470m in_range=False f_mag=0.000N tau_mag=0.0000Nm misalign_deg=90.0 pos=[-0.10910671 -0.10914609  0.49140123] bottom_world=[-0.10910688 -0.10914584  0.47140123] quat=[-3.8058335e-01  1.4941777e-06 -7.3976707e-06  9.2474663e-01] speed=0.0006 ang_speed=0.0040 ang_vel_vec=[-0.00362051 -0.00151478  0.0005451 ] |com_force|=0.0000N
### kotek_magnet[tick=4560] sensor4: d=0.5249m in_range=False f_mag=0.000N tau_mag=0.0000Nm misalign_deg=90.0 pos=[-0.10900006  0.10900015  0.49140242] bottom_world=[-0.10900029  0.10900001  0.47140242] quat=[3.8268211e-01 3.9127854e-06 5.5433652e-06 9.2388016e-01] speed=0.0010 ang_speed=0.0027 ang_vel_vec=[ 0.00185767 -0.00181082 -0.0007562 ] |com_force|=0.0000N
### kotek_magnet[tick=4620] sensor1: d=0.4082m in_range=False f_mag=0.000N tau_mag=0.0000Nm misalign_deg=90.0 pos=[0.10880379 0.10900924 0.49140236] bottom_world=[0.1088037  0.10900936 0.47140236] quat=[9.2484158e-01 3.5721152e-06 1.1456184e-06 3.8035259e-01] speed=0.0006 ang_speed=0.0026 ang_vel_vec=[ 0.00140467 -0.00198876 -0.00086997] |com_force|=0.0000N
### kotek_magnet[tick=4620] sensor2: d=0.3208m in_range=False f_mag=0.000N tau_mag=0.0000Nm misalign_deg=90.0 pos=[ 0.10902462 -0.10904671  0.49140114] bottom_world=[ 0.10902462 -0.10904654  0.47140114] quat=[ 9.2300087e-01  3.7122059e-06  1.6611156e-06 -3.8479808e-01] speed=0.0004 ang_speed=0.0025 ang_vel_vec=[-0.00242717  0.00026119 -0.00070044] |com_force|=0.0000N
### kotek_magnet[tick=4620] sensor3: d=0.5470m in_range=False f_mag=0.000N tau_mag=0.0000Nm misalign_deg=90.0 pos=[-0.10910645 -0.10914586  0.4914011 ] bottom_world=[-0.10910664 -0.10914567  0.47140111] quat=[-3.8058299e-01  2.5080376e-06 -6.2073191e-06  9.2474681e-01] speed=0.0009 ang_speed=0.0033 ang_vel_vec=[0.00291772 0.00037954 0.00151069] |com_force|=0.0000N
### kotek_magnet[tick=4620] sensor4: d=0.5249m in_range=False f_mag=0.000N tau_mag=0.0000Nm misalign_deg=90.0 pos=[-0.10900036  0.10899955  0.4914022 ] bottom_world=[-0.10900033  0.1089996   0.47140221] quat=[ 3.8268211e-01 -4.2160480e-08 -1.4376067e-06  9.2388004e-01] speed=0.0005 ang_speed=0.0028 ang_vel_vec=[ 0.00208596  0.00167016 -0.00072814] |com_force|=0.0000N
### kotek_magnet[tick=4680] sensor1: d=0.4082m in_range=False f_mag=0.000N tau_mag=0.0000Nm misalign_deg=90.0 pos=[0.1088043  0.10900898 0.49140236] bottom_world=[0.10880403 0.10900932 0.47140236] quat=[9.2484152e-01 1.0562416e-05 2.9961650e-06 3.8035280e-01] speed=0.0010 ang_speed=0.0030 ang_vel_vec=[-0.0019782  -0.0019072  -0.00110513] |com_force|=0.0000N
### kotek_magnet[tick=4680] sensor2: d=0.3208m in_range=False f_mag=0.000N tau_mag=0.0000Nm misalign_deg=90.0 pos=[ 0.10902465 -0.10904671  0.4914011 ] bottom_world=[ 0.10902464 -0.10904654  0.47140111] quat=[ 9.2300081e-01  3.7599357e-06  1.8469893e-06 -3.8479811e-01] speed=0.0004 ang_speed=0.0026 ang_vel_vec=[-0.00239845 -0.00030392 -0.00095778] |com_force|=0.0000N
### kotek_magnet[tick=4680] sensor3: d=0.5470m in_range=False f_mag=0.000N tau_mag=0.0000Nm misalign_deg=90.0 pos=[-0.10910752 -0.10914607  0.4914012 ] bottom_world=[-0.10910746 -0.10914596  0.4714012 ] quat=[-3.8058403e-01 -2.4642968e-06 -2.1612211e-06  9.2474645e-01] speed=0.0005 ang_speed=0.0026 ang_vel_vec=[-0.00012343  0.00245652 -0.00095321] |com_force|=0.0000N
### kotek_magnet[tick=4680] sensor4: d=0.5249m in_range=False f_mag=0.000N tau_mag=0.0000Nm misalign_deg=90.0 pos=[-0.10900037  0.10899953  0.49140236] bottom_world=[-0.10900036  0.10899958  0.47140236] quat=[ 3.8268223e-01  1.8111680e-07 -1.3448480e-06  9.2388004e-01] speed=0.0005 ang_speed=0.0027 ang_vel_vec=[ 0.00210289  0.00128821 -0.00099398] |com_force|=0.0000N
### kotek_magnet[tick=4740] sensor1: d=0.4082m in_range=False f_mag=0.000N tau_mag=0.0000Nm misalign_deg=90.0 pos=[0.10880255 0.10900909 0.49140227] bottom_world=[0.10880275 0.1090091  0.47140227] quat=[ 9.2484200e-01 -1.4930928e-06 -4.7232929e-06  3.8035160e-01] speed=0.0010 ang_speed=0.0024 ang_vel_vec=[-0.00193166  0.00012225  0.00146895] |com_force|=0.0000N
### kotek_magnet[tick=4740] sensor2: d=0.3208m in_range=False f_mag=0.000N tau_mag=0.0000Nm misalign_deg=90.0 pos=[ 0.10902444 -0.10904641  0.49140105] bottom_world=[ 0.1090245  -0.10904627  0.47140105] quat=[ 9.2300069e-01  3.7199875e-06  6.9896117e-08 -3.8479841e-01] speed=0.0002 ang_speed=0.0027 ang_vel_vec=[-0.00133429  0.0023829   0.00027602] |com_force|=0.0000N
### kotek_magnet[tick=4740] sensor3: d=0.5470m in_range=False f_mag=0.000N tau_mag=0.0000Nm misalign_deg=90.0 pos=[-0.10910721 -0.10914586  0.49140108] bottom_world=[-0.10910717 -0.10914581  0.47140108] quat=[-3.8058349e-01 -1.3418493e-06 -8.7741887e-07  9.2474663e-01] speed=0.0002 ang_speed=0.0029 ang_vel_vec=[0.00239115 0.00157272 0.00029799] |com_force|=0.0000N
### kotek_magnet[tick=4740] sensor4: d=0.5249m in_range=False f_mag=0.000N tau_mag=0.0000Nm misalign_deg=90.0 pos=[-0.10900036  0.10899955  0.4914023 ] bottom_world=[-0.10900035  0.10899961  0.4714023 ] quat=[ 3.8268223e-01  1.9913838e-07 -1.5536234e-06  9.2388010e-01] speed=0.0005 ang_speed=0.0024 ang_vel_vec=[ 0.0018409   0.00136831 -0.00072656] |com_force|=0.0000N
### kotek_magnet[tick=4800] sensor1: d=0.4082m in_range=False f_mag=0.000N tau_mag=0.0000Nm misalign_deg=90.0 pos=[0.10880256 0.10900929 0.49140236] bottom_world=[0.10880277 0.10900922 0.47140236] quat=[ 9.2484194e-01 -3.6059141e-06 -4.1820222e-06  3.8035181e-01] speed=0.0009 ang_speed=0.0032 ang_vel_vec=[ 0.00316607 -0.00013032  0.00066592] |com_force|=0.0000N
### kotek_magnet[tick=4800] sensor2: d=0.3208m in_range=False f_mag=0.000N tau_mag=0.0000Nm misalign_deg=90.0 pos=[ 0.10902465 -0.10904592  0.49140117] bottom_world=[ 0.10902452 -0.10904597  0.47140117] quat=[ 9.2300057e-01 -2.5651277e-06  2.5181316e-06 -3.8479856e-01] speed=0.0007 ang_speed=0.0040 ang_vel_vec=[ 0.00182242 -0.00354338  0.00041397] |com_force|=0.0000N
### kotek_magnet[tick=4800] sensor3: d=0.5470m in_range=False f_mag=0.000N tau_mag=0.0000Nm misalign_deg=90.0 pos=[-0.1091067  -0.10914608  0.4914012 ] bottom_world=[-0.10910687 -0.10914584  0.4714012 ] quat=[-3.8058326e-01  1.4398848e-06 -7.1913528e-06  9.2474663e-01] speed=0.0006 ang_speed=0.0035 ang_vel_vec=[-0.00313683 -0.00137326  0.00042845] |com_force|=0.0000N
### kotek_magnet[tick=4800] sensor4: d=0.5249m in_range=False f_mag=0.000N tau_mag=0.0000Nm misalign_deg=90.0 pos=[-0.10900006  0.10900016  0.49140245] bottom_world=[-0.10900029  0.10900001  0.47140245] quat=[3.8268209e-01 3.8745093e-06 5.6537215e-06 9.2388016e-01] speed=0.0010 ang_speed=0.0031 ang_vel_vec=[ 0.00217878 -0.002026   -0.00086411] |com_force|=0.0000N
### kotek_magnet[tick=4860] sensor1: d=0.4082m in_range=False f_mag=0.000N tau_mag=0.0000Nm misalign_deg=90.0 pos=[0.10880259 0.10900907 0.49140245] bottom_world=[0.10880278 0.10900909 0.47140245] quat=[ 9.2484194e-01 -1.5197339e-06 -4.6187697e-06  3.8035175e-01] speed=0.0010 ang_speed=0.0021 ang_vel_vec=[-0.00131223  0.00029583  0.00158878] |com_force|=0.0000N
### kotek_magnet[tick=4860] sensor2: d=0.3208m in_range=False f_mag=0.000N tau_mag=0.0000Nm misalign_deg=90.0 pos=[ 0.10902464 -0.10904587  0.49140117] bottom_world=[ 0.1090245  -0.10904594  0.47140117] quat=[ 9.2300069e-01 -2.9154944e-06  2.5734585e-06 -3.8479850e-01] speed=0.0006 ang_speed=0.0048 ang_vel_vec=[ 0.00222741 -0.00423382  0.00068661] |com_force|=0.0000N
### kotek_magnet[tick=4860] sensor3: d=0.5470m in_range=False f_mag=0.000N tau_mag=0.0000Nm misalign_deg=90.0 pos=[-0.10910644 -0.10914613  0.49140102] bottom_world=[-0.10910664 -0.10914584  0.47140102] quat=[-3.8058320e-01  1.9786519e-06 -8.7971775e-06  9.2474675e-01] speed=0.0008 ang_speed=0.0024 ang_vel_vec=[-0.00220351  0.00047386  0.00094126] |com_force|=0.0000N
### kotek_magnet[tick=4860] sensor4: d=0.5249m in_range=False f_mag=0.000N tau_mag=0.0000Nm misalign_deg=90.0 pos=[-0.10900033  0.10899957  0.4914023 ] bottom_world=[-0.1090003   0.10899962  0.4714023 ] quat=[ 3.8268220e-01  3.1683523e-08 -1.4304474e-06  9.2388004e-01] speed=0.0005 ang_speed=0.0026 ang_vel_vec=[ 0.00193385  0.00165475 -0.00058774] |com_force|=0.0000N
### kotek_magnet[tick=4920] sensor1: d=0.4082m in_range=False f_mag=0.000N tau_mag=0.0000Nm misalign_deg=90.0 pos=[0.10880341 0.10900927 0.49140224] bottom_world=[0.10880342 0.10900936 0.47140224] quat=[ 9.2484164e-01  1.8665636e-06 -1.1525569e-06  3.8035235e-01] speed=0.0002 ang_speed=0.0009 ang_vel_vec=[ 7.8463519e-04 -5.0829029e-05 -3.4351772e-04] |com_force|=0.0000N
### kotek_magnet[tick=4920] sensor2: d=0.3208m in_range=False f_mag=0.000N tau_mag=0.0000Nm misalign_deg=90.0 pos=[ 0.10902462 -0.10904672  0.491401  ] bottom_world=[ 0.10902462 -0.10904654  0.47140099] quat=[ 9.2300075e-01  4.1089297e-06  1.8301716e-06 -3.8479808e-01] speed=0.0005 ang_speed=0.0024 ang_vel_vec=[-0.00223948 -0.00031312 -0.00074784] |com_force|=0.0000N
### kotek_magnet[tick=4920] sensor3: d=0.5470m in_range=False f_mag=0.000N tau_mag=0.0000Nm misalign_deg=90.0 pos=[-0.10910816 -0.10914578  0.49140096] bottom_world=[-0.10910789 -0.1091459   0.47140096] quat=[-3.8058421e-01 -5.0309054e-06  5.5260148e-06  9.2474639e-01] speed=0.0010 ang_speed=0.0030 ang_vel_vec=[ 0.00225407  0.00174443 -0.00077298] |com_force|=0.0000N
### kotek_magnet[tick=4920] sensor4: d=0.5249m in_range=False f_mag=0.000N tau_mag=0.0000Nm misalign_deg=90.0 pos=[-0.1090002  0.1089985  0.4914024] bottom_world=[-0.1090001   0.1089988   0.47140239] quat=[ 3.8268301e-01  6.4334182e-07 -7.9869715e-06  9.2387974e-01] speed=0.0009 ang_speed=0.0022 ang_vel_vec=[ 5.4109032e-06 -1.7293380e-03  1.3301972e-03] |com_force|=0.0000N
### kotek_magnet[tick=4980] sensor1: d=0.4082m in_range=False f_mag=0.000N tau_mag=0.0000Nm misalign_deg=90.0 pos=[0.1088043  0.10900894 0.49140236] bottom_world=[0.10880404 0.10900928 0.47140236] quat=[9.2484146e-01 1.0516110e-05 2.8466700e-06 3.8035274e-01] speed=0.0010 ang_speed=0.0026 ang_vel_vec=[-0.00178612 -0.00167376 -0.00079737] |com_force|=0.0000N
### kotek_magnet[tick=4980] sensor2: d=0.3208m in_range=False f_mag=0.000N tau_mag=0.0000Nm misalign_deg=90.0 pos=[ 0.10902444 -0.10904642  0.49140117] bottom_world=[ 0.1090245  -0.10904628  0.47140117] quat=[ 9.2300069e-01  3.8629373e-06  1.8686876e-08 -3.8479838e-01] speed=0.0002 ang_speed=0.0028 ang_vel_vec=[-0.00138588  0.0024062   0.00032024] |com_force|=0.0000N
### kotek_magnet[tick=4980] sensor3: d=0.5470m in_range=False f_mag=0.000N tau_mag=0.0000Nm misalign_deg=90.0 pos=[-0.10910814 -0.1091458   0.49140114] bottom_world=[-0.10910788 -0.10914592  0.47140114] quat=[-3.8058394e-01 -4.9766049e-06  5.2485470e-06  9.2474639e-01] speed=0.0010 ang_speed=0.0024 ang_vel_vec=[ 0.00174711  0.00144546 -0.00071271] |com_force|=0.0000N
### kotek_magnet[tick=4980] sensor4: d=0.5249m in_range=False f_mag=0.000N tau_mag=0.0000Nm misalign_deg=90.0 pos=[-0.10900022  0.10899842  0.4914024 ] bottom_world=[-0.1090001   0.10899874  0.47140239] quat=[ 3.8268301e-01  2.3729578e-07 -8.6999416e-06  9.2387974e-01] speed=0.0010 ang_speed=0.0018 ang_vel_vec=[-0.00086029 -0.00058502  0.00141449] |com_force|=0.0000N
### kotek_magnet[tick=5040] sensor1: d=0.4082m in_range=False f_mag=0.000N tau_mag=0.0000Nm misalign_deg=90.0 pos=[0.10880284 0.10900928 0.49140233] bottom_world=[0.10880301 0.10900925 0.47140233] quat=[ 9.2484182e-01 -2.2597524e-06 -3.7872278e-06  3.8035205e-01] speed=0.0006 ang_speed=0.0046 ang_vel_vec=[0.00418692 0.00179027 0.00063291] |com_force|=0.0000N
### kotek_magnet[tick=5040] sensor2: d=0.3208m in_range=False f_mag=0.000N tau_mag=0.0000Nm misalign_deg=90.0 pos=[ 0.10902466 -0.10904667  0.49140114] bottom_world=[ 0.10902464 -0.10904651  0.47140114] quat=[ 9.2300093e-01  3.6048518e-06  1.8898191e-06 -3.8479796e-01] speed=0.0004 ang_speed=0.0022 ang_vel_vec=[-0.0019393  -0.00080318 -0.00068748] |com_force|=0.0000N
### kotek_magnet[tick=5040] sensor3: d=0.5470m in_range=False f_mag=0.000N tau_mag=0.0000Nm misalign_deg=90.0 pos=[-0.10910752 -0.10914606  0.49140114] bottom_world=[-0.10910747 -0.10914593  0.47140114] quat=[-3.8058385e-01 -2.3486439e-06 -2.4480896e-06  9.2474645e-01] speed=0.0005 ang_speed=0.0022 ang_vel_vec=[-0.00085293  0.00194368 -0.00069889] |com_force|=0.0000N
### kotek_magnet[tick=5040] sensor4: d=0.5249m in_range=False f_mag=0.000N tau_mag=0.0000Nm misalign_deg=90.0 pos=[-0.10900021  0.10899851  0.4914023 ] bottom_world=[-0.10900009  0.10899882  0.4714023 ] quat=[ 3.826831e-01  3.397259e-07 -8.254622e-06  9.238797e-01] speed=0.0009 ang_speed=0.0016 ang_vel_vec=[-0.0006744  -0.00050662  0.00139129] |com_force|=0.0000N
### kotek_magnet[tick=5100] sensor1: d=0.4082m in_range=False f_mag=0.000N tau_mag=0.0000Nm misalign_deg=90.0 pos=[0.10880256 0.10900907 0.4914023 ] bottom_world=[0.10880276 0.10900909 0.4714023 ] quat=[ 9.2484194e-01 -1.3631247e-06 -4.6677646e-06  3.8035166e-01] speed=0.0010 ang_speed=0.0027 ang_vel_vec=[-0.00225096 -0.00016969  0.00142182] |com_force|=0.0000N
### kotek_magnet[tick=5100] sensor2: d=0.3208m in_range=False f_mag=0.000N tau_mag=0.0000Nm misalign_deg=90.0 pos=[ 0.10902434 -0.10904735  0.4914012 ] bottom_world=[ 0.10902458 -0.10904697  0.4714012 ] quat=[ 9.2300081e-01  1.1057903e-05 -1.8060130e-06 -3.8479790e-01] speed=0.0010 ang_speed=0.0028 ang_vel_vec=[-0.00169949  0.00206563 -0.00081371] |com_force|=0.0000N
### kotek_magnet[tick=5100] sensor3: d=0.5470m in_range=False f_mag=0.000N tau_mag=0.0000Nm misalign_deg=90.0 pos=[-0.1091075  -0.10914608  0.49140108] bottom_world=[-0.10910745 -0.10914596  0.47140108] quat=[-3.8058394e-01 -2.4951348e-06 -2.3387909e-06  9.2474645e-01] speed=0.0005 ang_speed=0.0023 ang_vel_vec=[-0.00090036  0.00203241 -0.00076143] |com_force|=0.0000N
### kotek_magnet[tick=5100] sensor4: d=0.5249m in_range=False f_mag=0.000N tau_mag=0.0000Nm misalign_deg=90.0 pos=[-0.10900018  0.10899847  0.49140236] bottom_world=[-0.10900008  0.10899878  0.47140236] quat=[ 3.8268298e-01  5.1290783e-07 -8.0810805e-06  9.2387974e-01] speed=0.0009 ang_speed=0.0017 ang_vel_vec=[-0.00039316 -0.00106915  0.00131692] |com_force|=0.0000N
### still playing, 1310s left
### kotek_magnet[tick=5160] sensor1: d=0.4082m in_range=False f_mag=0.000N tau_mag=0.0000Nm misalign_deg=90.0 pos=[0.10880258 0.1090091  0.4914024 ] bottom_world=[0.10880278 0.10900912 0.47140239] quat=[ 9.2484200e-01 -1.4972915e-06 -4.7217063e-06  3.8035166e-01] speed=0.0010 ang_speed=0.0024 ang_vel_vec=[-0.00181942  0.00013213  0.00155034] |com_force|=0.0000N
### kotek_magnet[tick=5160] sensor2: d=0.3208m in_range=False f_mag=0.000N tau_mag=0.0000Nm misalign_deg=90.0 pos=[ 0.10902464 -0.10904589  0.49140108] bottom_world=[ 0.1090245  -0.10904595  0.47140108] quat=[ 9.2300057e-01 -2.8489449e-06  2.6517200e-06 -3.8479856e-01] speed=0.0006 ang_speed=0.0048 ang_vel_vec=[ 0.00212898 -0.00420257  0.00064253] |com_force|=0.0000N
### kotek_magnet[tick=5160] sensor3: d=0.5470m in_range=False f_mag=0.000N tau_mag=0.0000Nm misalign_deg=90.0 pos=[-0.10910729 -0.10914579  0.49140105] bottom_world=[-0.10910721 -0.10914576  0.47140105] quat=[-3.8058349e-01 -2.1323078e-06  6.0990722e-08  9.2474663e-01] speed=0.0002 ang_speed=0.0027 ang_vel_vec=[0.00176509 0.00197079 0.0004894 ] |com_force|=0.0000N
### kotek_magnet[tick=5160] sensor4: d=0.5249m in_range=False f_mag=0.000N tau_mag=0.0000Nm misalign_deg=90.0 pos=[-0.10900036  0.10899955  0.49140236] bottom_world=[-0.10900034  0.10899961  0.47140236] quat=[ 3.8268238e-01  1.3169597e-07 -1.5861933e-06  9.2387998e-01] speed=0.0005 ang_speed=0.0026 ang_vel_vec=[ 0.00195586  0.00166427 -0.00063622] |com_force|=0.0000N
### kotek_magnet[tick=5220] sensor1: d=0.4082m in_range=False f_mag=0.000N tau_mag=0.0000Nm misalign_deg=90.0 pos=[0.10880256 0.10900912 0.49140233] bottom_world=[0.10880275 0.10900914 0.47140233] quat=[ 9.2484200e-01 -1.5255848e-06 -4.7021863e-06  3.8035181e-01] speed=0.0010 ang_speed=0.0024 ang_vel_vec=[-1.9229533e-03  5.8836205e-05  1.3547620e-03] |com_force|=0.0000N
### kotek_magnet[tick=5220] sensor2: d=0.3208m in_range=False f_mag=0.000N tau_mag=0.0000Nm misalign_deg=90.0 pos=[ 0.10902446 -0.10904561  0.49140123] bottom_world=[ 0.10902436 -0.1090457   0.47140123] quat=[ 9.2300045e-01 -3.0105552e-06  1.4426987e-06 -3.8479888e-01] speed=0.0010 ang_speed=0.0021 ang_vel_vec=[0.00048402 0.001569   0.00136841] |com_force|=0.0000N
### kotek_magnet[tick=5220] sensor3: d=0.5470m in_range=False f_mag=0.000N tau_mag=0.0000Nm misalign_deg=90.0 pos=[-0.10910817 -0.10914576  0.49140108] bottom_world=[-0.10910791 -0.10914588  0.47140108] quat=[-3.8058406e-01 -4.9204887e-06  5.3178974e-06  9.2474639e-01] speed=0.0010 ang_speed=0.0026 ang_vel_vec=[ 0.00191488  0.00157363 -0.00084356] |com_force|=0.0000N
### kotek_magnet[tick=5220] sensor4: d=0.5249m in_range=False f_mag=0.000N tau_mag=0.0000Nm misalign_deg=90.0 pos=[-0.10900008  0.10900016  0.4914023 ] bottom_world=[-0.1090003   0.10900001  0.4714023 ] quat=[3.8268206e-01 3.7835573e-06 5.5566434e-06 9.2388010e-01] speed=0.0010 ang_speed=0.0027 ang_vel_vec=[ 0.00183814 -0.00179453 -0.00084655] |com_force|=0.0000N
### kotek_magnet[tick=5280] sensor1: d=0.4082m in_range=False f_mag=0.000N tau_mag=0.0000Nm misalign_deg=90.0 pos=[0.10880283 0.10900927 0.49140233] bottom_world=[0.10880299 0.10900925 0.47140233] quat=[ 9.2484182e-01 -2.0375116e-06 -3.7021202e-06  3.8035220e-01] speed=0.0006 ang_speed=0.0041 ang_vel_vec=[0.00380263 0.00160614 0.00036711] |com_force|=0.0000N
### kotek_magnet[tick=5280] sensor2: d=0.3208m in_range=False f_mag=0.000N tau_mag=0.0000Nm misalign_deg=90.0 pos=[ 0.10902435 -0.10904735  0.49140117] bottom_world=[ 0.10902458 -0.10904697  0.47140117] quat=[ 9.2300087e-01  1.0903319e-05 -1.8455125e-06 -3.8479793e-01] speed=0.0009 ang_speed=0.0031 ang_vel_vec=[-0.00186718  0.00227158 -0.0009774 ] |com_force|=0.0000N
### kotek_magnet[tick=5280] sensor3: d=0.5470m in_range=False f_mag=0.000N tau_mag=0.0000Nm misalign_deg=90.0 pos=[-0.10910815 -0.10914579  0.4914011 ] bottom_world=[-0.10910789 -0.10914591  0.47140111] quat=[-3.8058412e-01 -4.9277437e-06  5.3691592e-06  9.2474633e-01] speed=0.0010 ang_speed=0.0030 ang_vel_vec=[ 0.00217832  0.00174465 -0.00098253] |com_force|=0.0000N
### kotek_magnet[tick=5280] sensor4: d=0.5249m in_range=False f_mag=0.000N tau_mag=0.0000Nm misalign_deg=90.0 pos=[-0.10900009  0.10900019  0.4914023 ] bottom_world=[-0.10900032  0.10900004  0.4714023 ] quat=[3.8268206e-01 3.8721237e-06 5.7581442e-06 9.2388010e-01] speed=0.0010 ang_speed=0.0031 ang_vel_vec=[ 0.00205023 -0.00205011 -0.00097724] |com_force|=0.0000N
### kotek_magnet[tick=5340] sensor1: d=0.4082m in_range=False f_mag=0.000N tau_mag=0.0000Nm misalign_deg=90.0 pos=[0.10880258 0.10900909 0.49140236] bottom_world=[0.10880277 0.10900912 0.47140236] quat=[ 9.2484194e-01 -1.3256968e-06 -4.6933928e-06  3.8035172e-01] speed=0.0010 ang_speed=0.0027 ang_vel_vec=[-0.00233702 -0.00015814  0.00138438] |com_force|=0.0000N
### kotek_magnet[tick=5340] sensor2: d=0.3208m in_range=False f_mag=0.000N tau_mag=0.0000Nm misalign_deg=90.0 pos=[ 0.10902433 -0.10904738  0.4914011 ] bottom_world=[ 0.10902458 -0.10904699  0.47140111] quat=[ 9.2300087e-01  1.1366099e-05 -1.9351044e-06 -3.8479787e-01] speed=0.0010 ang_speed=0.0031 ang_vel_vec=[-0.0019184   0.00223334 -0.00086567] |com_force|=0.0000N
### kotek_magnet[tick=5340] sensor3: d=0.5470m in_range=False f_mag=0.000N tau_mag=0.0000Nm misalign_deg=90.0 pos=[-0.10910815 -0.10914577  0.49140105] bottom_world=[-0.10910789 -0.10914588  0.47140105] quat=[-3.8058406e-01 -4.9020223e-06  5.0607177e-06  9.2474633e-01] speed=0.0010 ang_speed=0.0025 ang_vel_vec=[ 0.00176611  0.00150206 -0.00084959] |com_force|=0.0000N
### kotek_magnet[tick=5340] sensor4: d=0.5249m in_range=False f_mag=0.000N tau_mag=0.0000Nm misalign_deg=90.0 pos=[-0.10900008  0.10900018  0.49140236] bottom_world=[-0.1090003   0.10900003  0.47140236] quat=[3.8268209e-01 3.7401089e-06 5.3885515e-06 9.2388010e-01] speed=0.0010 ang_speed=0.0027 ang_vel_vec=[ 0.00179125 -0.00177822 -0.00082673] |com_force|=0.0000N
### kotek_magnet[tick=5400] sensor1: d=0.4082m in_range=False f_mag=0.000N tau_mag=0.0000Nm misalign_deg=90.0 pos=[0.10880259 0.10900907 0.49140233] bottom_world=[0.10880279 0.10900909 0.47140233] quat=[ 9.2484194e-01 -1.4542525e-06 -4.6559726e-06  3.8035160e-01] speed=0.0010 ang_speed=0.0022 ang_vel_vec=[-0.0016036   0.00018857  0.00152528] |com_force|=0.0000N
### kotek_magnet[tick=5400] sensor2: d=0.3208m in_range=False f_mag=0.000N tau_mag=0.0000Nm misalign_deg=90.0 pos=[ 0.10902464 -0.10904645  0.49140102] bottom_world=[ 0.1090246  -0.10904637  0.47140102] quat=[ 9.2300069e-01  1.5424406e-06  1.8252621e-06 -3.8479835e-01] speed=0.0001 ang_speed=0.0022 ang_vel_vec=[ 0.00141144 -0.00160596 -0.00028499] |com_force|=0.0000N
### kotek_magnet[tick=5400] sensor3: d=0.5470m in_range=False f_mag=0.000N tau_mag=0.0000Nm misalign_deg=90.0 pos=[-0.10910645 -0.1091459   0.49140108] bottom_world=[-0.10910664 -0.1091457   0.47140108] quat=[-3.8058293e-01  2.4806016e-06 -6.4736651e-06  9.2474687e-01] speed=0.0009 ang_speed=0.0028 ang_vel_vec=[ 2.2860479e-03 -7.9717978e-07  1.5336776e-03] |com_force|=0.0000N
### kotek_magnet[tick=5400] sensor4: d=0.5249m in_range=False f_mag=0.000N tau_mag=0.0000Nm misalign_deg=90.0 pos=[-0.10899987  0.10900023  0.4914023 ] bottom_world=[-0.10900016  0.10900007  0.4714023 ] quat=[3.8268238e-01 5.1019492e-06 6.4151832e-06 9.2388004e-01] speed=0.0012 ang_speed=0.0138 ang_vel_vec=[ 0.0070558  -0.01181136 -0.00017803] |com_force|=0.0000N
### kotek_magnet[tick=5460] sensor1: d=0.4082m in_range=False f_mag=0.000N tau_mag=0.0000Nm misalign_deg=90.0 pos=[0.10880432 0.10900896 0.49140254] bottom_world=[0.10880405 0.10900931 0.47140254] quat=[9.2484158e-01 1.0641968e-05 2.8440656e-06 3.8035282e-01] speed=0.0010 ang_speed=0.0029 ang_vel_vec=[-0.0020466  -0.00177032 -0.00114123] |com_force|=0.0000N
### kotek_magnet[tick=5460] sensor2: d=0.3208m in_range=False f_mag=0.000N tau_mag=0.0000Nm misalign_deg=90.0 pos=[ 0.10902451 -0.10904559  0.49140117] bottom_world=[ 0.10902439 -0.10904569  0.47140117] quat=[ 9.2300045e-01 -3.4886486e-06  1.7941643e-06 -3.8479882e-01] speed=0.0010 ang_speed=0.0018 ang_vel_vec=[0.00068692 0.00119346 0.00116209] |com_force|=0.0000N
### kotek_magnet[tick=5460] sensor3: d=0.5470m in_range=False f_mag=0.000N tau_mag=0.0000Nm misalign_deg=90.0 pos=[-0.1091067  -0.10914608  0.4914011 ] bottom_world=[-0.10910687 -0.10914584  0.47140111] quat=[-3.8058341e-01  1.5338192e-06 -7.2474163e-06  9.2474657e-01] speed=0.0006 ang_speed=0.0040 ang_vel_vec=[-0.00365032 -0.00154859  0.00026402] |com_force|=0.0000N
### kotek_magnet[tick=5460] sensor4: d=0.5249m in_range=False f_mag=0.000N tau_mag=0.0000Nm misalign_deg=90.0 pos=[-0.10900006  0.10900017  0.49140245] bottom_world=[-0.10900028  0.10900003  0.47140245] quat=[3.8268209e-01 3.8925427e-06 5.4901780e-06 9.2388016e-01] speed=0.0010 ang_speed=0.0027 ang_vel_vec=[ 0.00166267 -0.00187781 -0.00105413] |com_force|=0.0000N
### kotek_magnet[tick=5520] sensor1: d=0.4082m in_range=False f_mag=0.000N tau_mag=0.0000Nm misalign_deg=90.0 pos=[0.10880383 0.10900929 0.49140224] bottom_world=[0.10880373 0.10900941 0.47140224] quat=[9.2484152e-01 3.6907618e-06 1.0986479e-06 3.8035277e-01] speed=0.0006 ang_speed=0.0024 ang_vel_vec=[ 0.00074425 -0.00213146 -0.00082958] |com_force|=0.0000N
### kotek_magnet[tick=5520] sensor2: d=0.3208m in_range=False f_mag=0.000N tau_mag=0.0000Nm misalign_deg=90.0 pos=[ 0.10902446 -0.10904563  0.4914011 ] bottom_world=[ 0.10902437 -0.10904572  0.47140111] quat=[ 9.2300051e-01 -2.8471379e-06  1.3025088e-06 -3.8479900e-01] speed=0.0010 ang_speed=0.0028 ang_vel_vec=[0.00014761 0.00239973 0.00146516] |com_force|=0.0000N
### kotek_magnet[tick=5520] sensor3: d=0.5470m in_range=False f_mag=0.000N tau_mag=0.0000Nm misalign_deg=90.0 pos=[-0.10910749 -0.10914604  0.49140114] bottom_world=[-0.10910743 -0.10914592  0.47140114] quat=[-3.8058382e-01 -2.3818613e-06 -2.2626259e-06  9.2474639e-01] speed=0.0005 ang_speed=0.0024 ang_vel_vec=[-0.00011395  0.00233369 -0.00070161] |com_force|=0.0000N
### kotek_magnet[tick=5520] sensor4: d=0.5249m in_range=False f_mag=0.000N tau_mag=0.0000Nm misalign_deg=90.0 pos=[-0.10900007  0.10900016  0.49140227] bottom_world=[-0.10900029  0.10900001  0.47140227] quat=[3.8268209e-01 3.6952329e-06 5.5994819e-06 9.2388016e-01] speed=0.0010 ang_speed=0.0024 ang_vel_vec=[ 0.00167954 -0.00151232 -0.00071681] |com_force|=0.0000N
### kotek_magnet[tick=5580] sensor1: d=0.4082m in_range=False f_mag=0.000N tau_mag=0.0000Nm misalign_deg=90.0 pos=[0.10880429 0.10900898 0.49140233] bottom_world=[0.10880403 0.10900933 0.47140233] quat=[9.2484152e-01 1.0514794e-05 2.8255113e-06 3.8035282e-01] speed=0.0010 ang_speed=0.0026 ang_vel_vec=[-0.00182382 -0.00160322 -0.00081879] |com_force|=0.0000N
### kotek_magnet[tick=5580] sensor2: d=0.3208m in_range=False f_mag=0.000N tau_mag=0.0000Nm misalign_deg=90.0 pos=[ 0.10902463 -0.10904645  0.4914011 ] bottom_world=[ 0.10902458 -0.10904636  0.47140111] quat=[ 9.2300075e-01  1.6393890e-06  1.9377171e-06 -3.8479832e-01] speed=0.0001 ang_speed=0.0019 ang_vel_vec=[ 0.00067154 -0.00169399 -0.00036086] |com_force|=0.0000N
### kotek_magnet[tick=5580] sensor3: d=0.5470m in_range=False f_mag=0.000N tau_mag=0.0000Nm misalign_deg=90.0 pos=[-0.10910729 -0.10914582  0.49140102] bottom_world=[-0.10910726 -0.10914578  0.47140102] quat=[-3.8058352e-01 -9.2612459e-07 -6.9481092e-07  9.2474657e-01] speed=0.0003 ang_speed=0.0057 ang_vel_vec=[0.00500597 0.00260126 0.0003901 ] |com_force|=0.0000N
### kotek_magnet[tick=5580] sensor4: d=0.5249m in_range=False f_mag=0.000N tau_mag=0.0000Nm misalign_deg=90.0 pos=[-0.10900037  0.10899874  0.4914023 ] bottom_world=[-0.10900022  0.10899903  0.4714023 ] quat=[ 3.8268256e-01 -5.8581730e-07 -8.1695989e-06  9.2387986e-01] speed=0.0006 ang_speed=0.0044 ang_vel_vec=[-0.00168817  0.00400897  0.00050044] |com_force|=0.0000N
### kotek_magnet[tick=5640] sensor1: d=0.4082m in_range=False f_mag=0.000N tau_mag=0.0000Nm misalign_deg=90.0 pos=[0.10880381 0.10900926 0.49140242] bottom_world=[0.10880372 0.10900938 0.47140242] quat=[9.2484152e-01 3.6719271e-06 9.8613248e-07 3.8035268e-01] speed=0.0006 ang_speed=0.0025 ang_vel_vec=[ 0.0005093  -0.00226399 -0.00086172] |com_force|=0.0000N
### kotek_magnet[tick=5640] sensor2: d=0.3208m in_range=False f_mag=0.000N tau_mag=0.0000Nm misalign_deg=90.0 pos=[ 0.10902467 -0.10904647  0.49140105] bottom_world=[ 0.10902462 -0.10904638  0.47140105] quat=[ 9.2300075e-01  1.6079354e-06  1.8486544e-06 -3.8479823e-01] speed=0.0001 ang_speed=0.0014 ang_vel_vec=[ 0.0007156  -0.00112965 -0.00031512] |com_force|=0.0000N
### kotek_magnet[tick=5640] sensor3: d=0.5470m in_range=False f_mag=0.000N tau_mag=0.0000Nm misalign_deg=90.0 pos=[-0.10910752 -0.10914608  0.4914011 ] bottom_world=[-0.10910746 -0.10914595  0.47140111] quat=[-3.8058385e-01 -2.4355090e-06 -2.4570763e-06  9.2474645e-01] speed=0.0005 ang_speed=0.0023 ang_vel_vec=[-0.00099394  0.00192713 -0.0006977 ] |com_force|=0.0000N
### kotek_magnet[tick=5640] sensor4: d=0.5249m in_range=False f_mag=0.000N tau_mag=0.0000Nm misalign_deg=90.0 pos=[-0.10900037  0.10899873  0.4914023 ] bottom_world=[-0.10900022  0.10899902  0.4714023 ] quat=[ 3.8268268e-01 -6.1695607e-07 -8.1569106e-06  9.2387986e-01] speed=0.0006 ang_speed=0.0048 ang_vel_vec=[-0.00185722  0.00442674  0.00049949] |com_force|=0.0000N
### kotek_magnet[tick=5700] sensor1: d=0.4082m in_range=False f_mag=0.000N tau_mag=0.0000Nm misalign_deg=90.0 pos=[0.10880256 0.10900906 0.49140233] bottom_world=[0.10880276 0.10900908 0.47140233] quat=[ 9.2484200e-01 -1.4235835e-06 -4.6972750e-06  3.8035169e-01] speed=0.0010 ang_speed=0.0027 ang_vel_vec=[-2.2901280e-03 -9.3641633e-05  1.4125792e-03] |com_force|=0.0000N
### kotek_magnet[tick=5700] sensor2: d=0.3208m in_range=False f_mag=0.000N tau_mag=0.0000Nm misalign_deg=90.0 pos=[ 0.10902447 -0.10904566  0.4914012 ] bottom_world=[ 0.10902437 -0.10904575  0.4714012 ] quat=[ 9.2300045e-01 -3.0560605e-06  1.5282003e-06 -3.8479882e-01] speed=0.0010 ang_speed=0.0020 ang_vel_vec=[0.00054242 0.0013145  0.00143098] |com_force|=0.0000N
### kotek_magnet[tick=5700] sensor3: d=0.5470m in_range=False f_mag=0.000N tau_mag=0.0000Nm misalign_deg=90.0 pos=[-0.10910731 -0.1091458   0.49140108] bottom_world=[-0.10910722 -0.10914577  0.47140108] quat=[-3.8058352e-01 -2.2132408e-06  2.5972170e-07  9.2474663e-01] speed=0.0002 ang_speed=0.0028 ang_vel_vec=[0.0017724  0.00209419 0.00038127] |com_force|=0.0000N
### kotek_magnet[tick=5700] sensor4: d=0.5249m in_range=False f_mag=0.000N tau_mag=0.0000Nm misalign_deg=90.0 pos=[-0.10900044  0.10899843  0.4914024 ] bottom_world=[-0.10900023  0.10899877  0.47140239] quat=[ 3.8268289e-01 -1.4938204e-06 -9.7035045e-06  9.2387980e-01] speed=0.0009 ang_speed=0.0035 ang_vel_vec=[0.00015604 0.00341292 0.00060242] |com_force|=0.0000N
### kotek_magnet[tick=5760] sensor1: d=0.4082m in_range=False f_mag=0.000N tau_mag=0.0000Nm misalign_deg=90.0 pos=[0.10880432 0.109009   0.4914023 ] bottom_world=[0.10880405 0.10900934 0.4714023 ] quat=[9.2484146e-01 1.0421975e-05 2.8049390e-06 3.8035282e-01] speed=0.0010 ang_speed=0.0026 ang_vel_vec=[-0.00180159 -0.00165305 -0.00085888] |com_force|=0.0000N
### kotek_magnet[tick=5760] sensor2: d=0.3208m in_range=False f_mag=0.000N tau_mag=0.0000Nm misalign_deg=90.0 pos=[ 0.10902471 -0.10904559  0.49140105] bottom_world=[ 0.10902451 -0.1090457   0.47140105] quat=[ 9.2300051e-01 -4.3969990e-06  3.5812059e-06 -3.8479879e-01] speed=0.0009 ang_speed=0.0031 ang_vel_vec=[-0.00023234 -0.00295534  0.00073995] |com_force|=0.0000N
### kotek_magnet[tick=5760] sensor3: d=0.5470m in_range=False f_mag=0.000N tau_mag=0.0000Nm misalign_deg=90.0 pos=[-0.10910814 -0.10914575  0.49140114] bottom_world=[-0.10910788 -0.10914587  0.47140114] quat=[-3.8058403e-01 -4.9295886e-06  5.0735862e-06  9.2474639e-01] speed=0.0010 ang_speed=0.0024 ang_vel_vec=[ 0.00175312  0.00148238 -0.00077611] |com_force|=0.0000N
### kotek_magnet[tick=5760] sensor4: d=0.5249m in_range=False f_mag=0.000N tau_mag=0.0000Nm misalign_deg=90.0 pos=[-0.10900021  0.10899848  0.49140233] bottom_world=[-0.10900011  0.10899879  0.47140233] quat=[ 3.8268295e-01  5.0702312e-07 -8.1823127e-06  9.2387974e-01] speed=0.0009 ang_speed=0.0018 ang_vel_vec=[-0.00051569 -0.00109513  0.00133902] |com_force|=0.0000N
### kotek_magnet[tick=5820] sensor1: d=0.4082m in_range=False f_mag=0.000N tau_mag=0.0000Nm misalign_deg=90.0 pos=[0.10880381 0.10900925 0.49140233] bottom_world=[0.10880371 0.10900939 0.47140233] quat=[9.2484146e-01 4.2115862e-06 1.0436942e-06 3.8035271e-01] speed=0.0006 ang_speed=0.0031 ang_vel_vec=[-0.00084508 -0.00284371 -0.00096803] |com_force|=0.0000N
### kotek_magnet[tick=5820] sensor2: d=0.3208m in_range=False f_mag=0.000N tau_mag=0.0000Nm misalign_deg=90.0 pos=[ 0.10902447 -0.10904565  0.49140117] bottom_world=[ 0.10902437 -0.10904573  0.47140117] quat=[ 9.2300045e-01 -2.6848941e-06  1.3482618e-06 -3.8479906e-01] speed=0.0010 ang_speed=0.0028 ang_vel_vec=[4.4170480e-05 2.4235593e-03 1.3696440e-03] |com_force|=0.0000N
### kotek_magnet[tick=5820] sensor3: d=0.5470m in_range=False f_mag=0.000N tau_mag=0.0000Nm misalign_deg=90.0 pos=[-0.10910751 -0.10914608  0.49140105] bottom_world=[-0.10910744 -0.10914597  0.47140105] quat=[-3.8058391e-01 -2.6153937e-06 -2.0079449e-06  9.2474645e-01] speed=0.0005 ang_speed=0.0025 ang_vel_vec=[-0.00013203  0.00234182 -0.00078275] |com_force|=0.0000N
### kotek_magnet[tick=5820] sensor4: d=0.5249m in_range=False f_mag=0.000N tau_mag=0.0000Nm misalign_deg=90.0 pos=[-0.10900036  0.10899876  0.49140233] bottom_world=[-0.10900023  0.10899905  0.47140233] quat=[ 3.8268277e-01 -4.1369381e-07 -7.8767816e-06  9.2387992e-01] speed=0.0006 ang_speed=0.0043 ang_vel_vec=[-0.00158336  0.0039658   0.00040559] |com_force|=0.0000N
### kotek_magnet[tick=5880] sensor1: d=0.4082m in_range=False f_mag=0.000N tau_mag=0.0000Nm misalign_deg=90.0 pos=[0.10880428 0.10900895 0.4914024 ] bottom_world=[0.10880401 0.1090093  0.47140239] quat=[9.2484146e-01 1.0493025e-05 2.8702157e-06 3.8035271e-01] speed=0.0010 ang_speed=0.0026 ang_vel_vec=[-0.0018481  -0.0016787  -0.00087955] |com_force|=0.0000N
### kotek_magnet[tick=5880] sensor2: d=0.3208m in_range=False f_mag=0.000N tau_mag=0.0000Nm misalign_deg=90.0 pos=[ 0.10902467 -0.10904589  0.49140117] bottom_world=[ 0.10902453 -0.10904596  0.47140117] quat=[ 9.2300063e-01 -2.9353025e-06  2.6817272e-06 -3.8479859e-01] speed=0.0006 ang_speed=0.0046 ang_vel_vec=[ 0.00192521 -0.00418254  0.00050936] |com_force|=0.0000N
### kotek_magnet[tick=5880] sensor3: d=0.5470m in_range=False f_mag=0.000N tau_mag=0.0000Nm misalign_deg=90.0 pos=[-0.10910816 -0.10914579  0.4914012 ] bottom_world=[-0.1091079 -0.1091459  0.4714012] quat=[-3.805840e-01 -4.958733e-06  5.119742e-06  9.247464e-01] speed=0.0010 ang_speed=0.0026 ang_vel_vec=[ 0.0018186   0.00159887 -0.00080769] |com_force|=0.0000N
### kotek_magnet[tick=5880] sensor4: d=0.5249m in_range=False f_mag=0.000N tau_mag=0.0000Nm misalign_deg=90.0 pos=[-0.10900021  0.10899849  0.4914024 ] bottom_world=[-0.10900011  0.1089988   0.47140239] quat=[ 3.8268295e-01  4.7516679e-07 -8.2158285e-06  9.2387968e-01] speed=0.0009 ang_speed=0.0017 ang_vel_vec=[-0.00054297 -0.00100496  0.00131206] |com_force|=0.0000N
### kotek_magnet[tick=5940] sensor1: d=0.4082m in_range=False f_mag=0.000N tau_mag=0.0000Nm misalign_deg=90.0 pos=[0.10880381 0.10900926 0.49140233] bottom_world=[0.10880371 0.10900939 0.47140233] quat=[9.2484152e-01 3.8460207e-06 9.5218013e-07 3.8035282e-01] speed=0.0006 ang_speed=0.0028 ang_vel_vec=[-0.00019886 -0.00259112 -0.00095398] |com_force|=0.0000N
### kotek_magnet[tick=5940] sensor2: d=0.3208m in_range=False f_mag=0.000N tau_mag=0.0000Nm misalign_deg=90.0 pos=[ 0.10902447 -0.10904567  0.49140114] bottom_world=[ 0.10902437 -0.10904575  0.47140114] quat=[ 9.2300045e-01 -2.8684126e-06  1.4802786e-06 -3.8479888e-01] speed=0.0010 ang_speed=0.0023 ang_vel_vec=[0.00037076 0.00176137 0.00136774] |com_force|=0.0000N
### kotek_magnet[tick=5940] sensor3: d=0.5470m in_range=False f_mag=0.000N tau_mag=0.0000Nm misalign_deg=90.0 pos=[-0.10910671 -0.10914607  0.49140108] bottom_world=[-0.10910688 -0.10914583  0.47140108] quat=[-3.8058341e-01  1.4895163e-06 -7.3063711e-06  9.2474657e-01] speed=0.0006 ang_speed=0.0039 ang_vel_vec=[-0.00351603 -0.00149898  0.00047996] |com_force|=0.0000N
### kotek_magnet[tick=5940] sensor4: d=0.5249m in_range=False f_mag=0.000N tau_mag=0.0000Nm misalign_deg=90.0 pos=[-0.10900021  0.1089985   0.4914023 ] bottom_world=[-0.1090001   0.10899881  0.4714023 ] quat=[ 3.8268301e-01  5.1413002e-07 -8.1329026e-06  9.2387974e-01] speed=0.0009 ang_speed=0.0019 ang_vel_vec=[-0.00025061 -0.00134374  0.00127921] |com_force|=0.0000N
### kotek_magnet[tick=6000] sensor1: d=0.4082m in_range=False f_mag=0.000N tau_mag=0.0000Nm misalign_deg=90.0 pos=[0.10880253 0.10900909 0.49140242] bottom_world=[0.10880274 0.1090091  0.47140242] quat=[ 9.2484200e-01 -1.9766669e-06 -4.8691763e-06  3.8035163e-01] speed=0.0010 ang_speed=0.0020 ang_vel_vec=[-0.00120432  0.00045539  0.00152418] |com_force|=0.0000N
### kotek_magnet[tick=6000] sensor2: d=0.3208m in_range=False f_mag=0.000N tau_mag=0.0000Nm misalign_deg=90.0 pos=[ 0.10902447 -0.10904565  0.49140108] bottom_world=[ 0.10902438 -0.10904573  0.47140108] quat=[ 9.2300045e-01 -2.8471113e-06  1.4328912e-06 -3.8479888e-01] speed=0.0010 ang_speed=0.0025 ang_vel_vec=[0.00036536 0.00197975 0.00148149] |com_force|=0.0000N
### kotek_magnet[tick=6000] sensor3: d=0.5470m in_range=False f_mag=0.000N tau_mag=0.0000Nm misalign_deg=90.0 pos=[-0.10910825 -0.1091456   0.4914011 ] bottom_world=[-0.10910795 -0.10914581  0.47140111] quat=[-3.8058382e-01 -4.7921699e-06  7.6746182e-06  9.2474645e-01] speed=0.0014 ang_speed=0.0163 ang_vel_vec=[ 0.01417181  0.00807301 -0.00025528] |com_force|=0.0000N
### kotek_magnet[tick=6000] sensor4: d=0.5249m in_range=False f_mag=0.000N tau_mag=0.0000Nm misalign_deg=90.0 pos=[-0.10900035  0.10899951  0.49140233] bottom_world=[-0.10900033  0.10899957  0.47140233] quat=[ 3.8268223e-01  2.1598349e-07 -1.5382957e-06  9.2388004e-01] speed=0.0005 ang_speed=0.0026 ang_vel_vec=[ 0.00202015  0.00144143 -0.00069247] |com_force|=0.0000N
### kotek_magnet[tick=6060] sensor1: d=0.4082m in_range=False f_mag=0.000N tau_mag=0.0000Nm misalign_deg=90.0 pos=[0.10880251 0.10900911 0.49140233] bottom_world=[0.10880272 0.10900911 0.47140233] quat=[ 9.2484194e-01 -2.0551627e-06 -4.8369398e-06  3.8035181e-01] speed=0.0010 ang_speed=0.0019 ang_vel_vec=[-0.00110314  0.00046011  0.00149769] |com_force|=0.0000N
### kotek_magnet[tick=6060] sensor2: d=0.3208m in_range=False f_mag=0.000N tau_mag=0.0000Nm misalign_deg=90.0 pos=[ 0.10902463 -0.10904644  0.49140102] bottom_world=[ 0.10902459 -0.10904635  0.47140102] quat=[ 9.2300069e-01  1.7094314e-06  1.7892012e-06 -3.8479829e-01] speed=0.0001 ang_speed=0.0014 ang_vel_vec=[ 0.00078467 -0.00106687 -0.00033162] |com_force|=0.0000N
### kotek_magnet[tick=6060] sensor3: d=0.5470m in_range=False f_mag=0.000N tau_mag=0.0000Nm misalign_deg=90.0 pos=[-0.10910813 -0.10914575  0.4914012 ] bottom_world=[-0.10910787 -0.10914587  0.4714012 ] quat=[-3.8058412e-01 -4.8798784e-06  5.2164928e-06  9.2474639e-01] speed=0.0010 ang_speed=0.0027 ang_vel_vec=[ 0.0020984   0.00151958 -0.00074788] |com_force|=0.0000N
### kotek_magnet[tick=6060] sensor4: d=0.5249m in_range=False f_mag=0.000N tau_mag=0.0000Nm misalign_deg=90.0 pos=[-0.10900009  0.10899933  0.49140224] bottom_world=[-0.10900017  0.10899937  0.47140224] quat=[ 3.8268250e-01  2.1991793e-06 -6.5228583e-08  9.2387986e-01] speed=0.0001 ang_speed=0.0030 ang_vel_vec=[ 0.00244499 -0.00171954  0.00044863] |com_force|=0.0000N
### kotek_magnet[tick=6120] sensor1: d=0.4082m in_range=False f_mag=0.000N tau_mag=0.0000Nm misalign_deg=90.0 pos=[0.10880257 0.10900911 0.4914023 ] bottom_world=[0.10880276 0.10900914 0.4714023 ] quat=[ 9.2484194e-01 -1.1635308e-06 -4.6629038e-06  3.8035181e-01] speed=0.0010 ang_speed=0.0031 ang_vel_vec=[-0.00278    -0.00031514  0.00138687] |com_force|=0.0000N
### kotek_magnet[tick=6120] sensor2: d=0.3208m in_range=False f_mag=0.000N tau_mag=0.0000Nm misalign_deg=90.0 pos=[ 0.10902466 -0.10904645  0.49140102] bottom_world=[ 0.10902462 -0.10904636  0.47140102] quat=[ 9.2300075e-01  1.7717557e-06  1.8746003e-06 -3.8479829e-01] speed=0.0001 ang_speed=0.0008 ang_vel_vec=[ 4.4616331e-06 -6.7923334e-04 -4.0299637e-04] |com_force|=0.0000N
### kotek_magnet[tick=6120] sensor3: d=0.5470m in_range=False f_mag=0.000N tau_mag=0.0000Nm misalign_deg=90.0 pos=[-0.10910644 -0.10914589  0.49140117] bottom_world=[-0.10910663 -0.10914567  0.47140117] quat=[-3.8058293e-01  2.5266054e-06 -6.8316522e-06  9.2474687e-01] speed=0.0010 ang_speed=0.0021 ang_vel_vec=[ 0.00151504 -0.00028425  0.00144689] |com_force|=0.0000N
### kotek_magnet[tick=6120] sensor4: d=0.5249m in_range=False f_mag=0.000N tau_mag=0.0000Nm misalign_deg=90.0 pos=[-0.10900007  0.10900021  0.49140233] bottom_world=[-0.1090003   0.10900006  0.47140233] quat=[3.8268197e-01 3.9528722e-06 5.6811850e-06 9.2388016e-01] speed=0.0010 ang_speed=0.0029 ang_vel_vec=[ 0.00195901 -0.00200003 -0.00082427] |com_force|=0.0000N
### kotek_magnet[tick=6180] sensor1: d=0.4082m in_range=False f_mag=0.000N tau_mag=0.0000Nm misalign_deg=90.0 pos=[0.10880258 0.10900906 0.49140245] bottom_world=[0.10880277 0.10900909 0.47140245] quat=[ 9.2484206e-01 -1.1741083e-06 -4.7477370e-06  3.8035157e-01] speed=0.0010 ang_speed=0.0032 ang_vel_vec=[-0.00285184 -0.00034351  0.00134593] |com_force|=0.0000N
### kotek_magnet[tick=6180] sensor2: d=0.3208m in_range=False f_mag=0.000N tau_mag=0.0000Nm misalign_deg=90.0 pos=[ 0.10902469 -0.10904563  0.49140117] bottom_world=[ 0.10902449 -0.10904574  0.47140117] quat=[ 9.2300045e-01 -4.3155014e-06  3.6493359e-06 -3.8479888e-01] speed=0.0009 ang_speed=0.0029 ang_vel_vec=[-0.00039772 -0.00279292  0.00065193] |com_force|=0.0000N
### kotek_magnet[tick=6180] sensor3: d=0.5470m in_range=False f_mag=0.000N tau_mag=0.0000Nm misalign_deg=90.0 pos=[-0.10910644 -0.10914592  0.49140128] bottom_world=[-0.10910664 -0.1091457   0.47140128] quat=[-3.805829e-01  2.473133e-06 -6.930538e-06  9.247468e-01] speed=0.0010 ang_speed=0.0021 ang_vel_vec=[ 0.00149207 -0.00026767  0.00142497] |com_force|=0.0000N
### kotek_magnet[tick=6180] sensor4: d=0.5249m in_range=False f_mag=0.000N tau_mag=0.0000Nm misalign_deg=90.0 pos=[-0.10900007  0.10900016  0.49140242] bottom_world=[-0.1090003   0.10900002  0.47140242] quat=[3.8268217e-01 3.9266242e-06 5.3785911e-06 9.2388016e-01] speed=0.0010 ang_speed=0.0027 ang_vel_vec=[ 0.00178208 -0.00189023 -0.00086432] |com_force|=0.0000N
### kotek_magnet[tick=6240] sensor1: d=0.4082m in_range=False f_mag=0.000N tau_mag=0.0000Nm misalign_deg=90.0 pos=[0.10880255 0.10900909 0.49140227] bottom_world=[0.10880275 0.1090091  0.47140227] quat=[ 9.2484194e-01 -1.6575522e-06 -4.6971645e-06  3.8035169e-01] speed=0.0010 ang_speed=0.0020 ang_vel_vec=[-0.00120204  0.00035975  0.00153187] |com_force|=0.0000N
### kotek_magnet[tick=6240] sensor2: d=0.3208m in_range=False f_mag=0.000N tau_mag=0.0000Nm misalign_deg=90.0 pos=[ 0.10902464 -0.10904588  0.49140105] bottom_world=[ 0.1090245  -0.10904595  0.47140105] quat=[ 9.2300063e-01 -3.0864883e-06  2.6848834e-06 -3.8479859e-01] speed=0.0006 ang_speed=0.0050 ang_vel_vec=[ 0.00228449 -0.00446207  0.00059443] |com_force|=0.0000N
### kotek_magnet[tick=6240] sensor3: d=0.5470m in_range=False f_mag=0.000N tau_mag=0.0000Nm misalign_deg=90.0 pos=[-0.10910729 -0.10914579  0.49140102] bottom_world=[-0.10910728 -0.10914575  0.47140102] quat=[-3.8058338e-01 -7.3979299e-07 -7.4850141e-07  9.2474657e-01] speed=0.0003 ang_speed=0.0054 ang_vel_vec=[0.00489239 0.0021418  0.00044282] |com_force|=0.0000N
### kotek_magnet[tick=6240] sensor4: d=0.5249m in_range=False f_mag=0.000N tau_mag=0.0000Nm misalign_deg=90.0 pos=[-0.10900009  0.10900023  0.49140233] bottom_world=[-0.10900031  0.10900008  0.47140233] quat=[3.8268206e-01 3.6669649e-06 5.5152600e-06 9.2388010e-01] speed=0.0010 ang_speed=0.0023 ang_vel_vec=[ 0.00165973 -0.00143474 -0.00069292] |com_force|=0.0000N
### kotek_magnet[tick=6300] sensor1: d=0.4082m in_range=False f_mag=0.000N tau_mag=0.0000Nm misalign_deg=90.0 pos=[0.10880259 0.10900907 0.4914024 ] bottom_world=[0.10880279 0.1090091  0.47140239] quat=[ 9.2484200e-01 -1.2563953e-06 -4.6479026e-06  3.8035154e-01] speed=0.0010 ang_speed=0.0028 ang_vel_vec=[-0.00237275 -0.00013892  0.00144863] |com_force|=0.0000N
### kotek_magnet[tick=6300] sensor2: d=0.3208m in_range=False f_mag=0.000N tau_mag=0.0000Nm misalign_deg=90.0 pos=[ 0.10902445 -0.10904565  0.4914011 ] bottom_world=[ 0.10902435 -0.10904574  0.47140111] quat=[ 9.2300045e-01 -2.9374655e-06  1.5081687e-06 -3.8479900e-01] speed=0.0010 ang_speed=0.0021 ang_vel_vec=[0.00049192 0.00151296 0.00144312] |com_force|=0.0000N
### kotek_magnet[tick=6300] sensor3: d=0.5470m in_range=False f_mag=0.000N tau_mag=0.0000Nm misalign_deg=90.0 pos=[-0.10910645 -0.10914586  0.49140114] bottom_world=[-0.10910664 -0.10914567  0.47140114] quat=[-3.8058296e-01  2.4389453e-06 -6.4023334e-06  9.2474681e-01] speed=0.0009 ang_speed=0.0026 ang_vel_vec=[2.1183619e-03 5.4377114e-08 1.4963781e-03] |com_force|=0.0000N
### kotek_magnet[tick=6300] sensor4: d=0.5249m in_range=False f_mag=0.000N tau_mag=0.0000Nm misalign_deg=90.0 pos=[-0.10900006  0.10900021  0.4914023 ] bottom_world=[-0.10900028  0.10900007  0.4714023 ] quat=[3.8268217e-01 3.8383942e-06 5.5129494e-06 9.2388016e-01] speed=0.0010 ang_speed=0.0025 ang_vel_vec=[ 0.00167348 -0.0017491  -0.00076624] |com_force|=0.0000N
### kotek_magnet[tick=6360] sensor1: d=0.4082m in_range=False f_mag=0.000N tau_mag=0.0000Nm misalign_deg=90.0 pos=[0.10880258 0.10900933 0.49140227] bottom_world=[0.1088028  0.10900924 0.47140227] quat=[ 9.2484194e-01 -4.0543750e-06 -4.2719153e-06  3.8035196e-01] speed=0.0009 ang_speed=0.0033 ang_vel_vec=[3.2249356e-03 4.8074948e-05 5.5907085e-04] |com_force|=0.0000N
### kotek_magnet[tick=6360] sensor2: d=0.3208m in_range=False f_mag=0.000N tau_mag=0.0000Nm misalign_deg=90.0 pos=[ 0.10902447 -0.10904562  0.4914011 ] bottom_world=[ 0.10902436 -0.10904571  0.47140111] quat=[ 9.2300045e-01 -3.0438639e-06  1.5215101e-06 -3.8479897e-01] speed=0.0010 ang_speed=0.0019 ang_vel_vec=[0.00046252 0.00143257 0.00122935] |com_force|=0.0000N
### kotek_magnet[tick=6360] sensor3: d=0.5470m in_range=False f_mag=0.000N tau_mag=0.0000Nm misalign_deg=90.0 pos=[-0.10910646 -0.10914588  0.4914011 ] bottom_world=[-0.10910665 -0.10914568  0.47140111] quat=[-3.8058308e-01  2.4413534e-06 -6.4573410e-06  9.2474681e-01] speed=0.0009 ang_speed=0.0023 ang_vel_vec=[ 1.8818483e-03 -4.5063192e-05  1.2839655e-03] |com_force|=0.0000N
### kotek_magnet[tick=6360] sensor4: d=0.5249m in_range=False f_mag=0.000N tau_mag=0.0000Nm misalign_deg=90.0 pos=[-0.10900037  0.10899954  0.49140227] bottom_world=[-0.10900035  0.1089996   0.47140227] quat=[ 3.8268226e-01  1.8795886e-07 -1.5738221e-06  9.2388010e-01] speed=0.0005 ang_speed=0.0026 ang_vel_vec=[ 0.00201286  0.001266   -0.00096201] |com_force|=0.0000N
### kotek_magnet[tick=6420] sensor1: d=0.4082m in_range=False f_mag=0.000N tau_mag=0.0000Nm misalign_deg=90.0 pos=[0.10880256 0.10900909 0.4914023 ] bottom_world=[0.10880276 0.10900911 0.4714023 ] quat=[ 9.2484200e-01 -1.3951319e-06 -4.6734999e-06  3.8035181e-01] speed=0.0010 ang_speed=0.0026 ang_vel_vec=[-2.1664852e-03 -8.3616469e-05  1.4145252e-03] |com_force|=0.0000N
### kotek_magnet[tick=6420] sensor2: d=0.3208m in_range=False f_mag=0.000N tau_mag=0.0000Nm misalign_deg=90.0 pos=[ 0.10902447 -0.10904565  0.4914011 ] bottom_world=[ 0.10902437 -0.10904574  0.47140111] quat=[ 9.2300040e-01 -2.9319735e-06  1.4547975e-06 -3.8479891e-01] speed=0.0010 ang_speed=0.0023 ang_vel_vec=[0.00041982 0.00171956 0.00141549] |com_force|=0.0000N
### kotek_magnet[tick=6420] sensor3: d=0.5470m in_range=False f_mag=0.000N tau_mag=0.0000Nm misalign_deg=90.0 pos=[-0.10910726 -0.1091458   0.491401  ] bottom_world=[-0.10910724 -0.10914576  0.47140099] quat=[-3.8058341e-01 -8.2549570e-07 -6.9633234e-07  9.2474657e-01] speed=0.0002 ang_speed=0.0055 ang_vel_vec=[0.00483685 0.00259975 0.00038267] |com_force|=0.0000N
### kotek_magnet[tick=6420] sensor4: d=0.5249m in_range=False f_mag=0.000N tau_mag=0.0000Nm misalign_deg=90.0 pos=[-0.10900009  0.10900021  0.49140236] bottom_world=[-0.10900031  0.10900006  0.47140236] quat=[3.8268206e-01 3.7925076e-06 5.5146670e-06 9.2388010e-01] speed=0.0010 ang_speed=0.0026 ang_vel_vec=[ 0.00173584 -0.00168725 -0.00080664] |com_force|=0.0000N
### kotek_magnet[tick=6480] sensor1: d=0.4082m in_range=False f_mag=0.000N tau_mag=0.0000Nm misalign_deg=90.0 pos=[0.10880257 0.1090093  0.49140233] bottom_world=[0.10880279 0.10900922 0.47140233] quat=[ 9.2484194e-01 -4.1198887e-06 -4.2503498e-06  3.8035166e-01] speed=0.0009 ang_speed=0.0036 ang_vel_vec=[3.4963018e-03 8.0303587e-05 8.7837386e-04] |com_force|=0.0000N
### kotek_magnet[tick=6480] sensor2: d=0.3208m in_range=False f_mag=0.000N tau_mag=0.0000Nm misalign_deg=90.0 pos=[ 0.10902464 -0.10904588  0.4914011 ] bottom_world=[ 0.1090245  -0.10904594  0.47140111] quat=[ 9.2300057e-01 -2.8966399e-06  2.6060256e-06 -3.8479865e-01] speed=0.0006 ang_speed=0.0048 ang_vel_vec=[ 0.00216852 -0.00421296  0.00062281] |com_force|=0.0000N
### kotek_magnet[tick=6480] sensor3: d=0.5470m in_range=False f_mag=0.000N tau_mag=0.0000Nm misalign_deg=90.0 pos=[-0.1091067  -0.10914607  0.49140105] bottom_world=[-0.10910688 -0.10914582  0.47140105] quat=[-3.8058344e-01  1.6714783e-06 -7.5732164e-06  9.2474669e-01] speed=0.0006 ang_speed=0.0042 ang_vel_vec=[-0.00378677 -0.00174924  0.00063756] |com_force|=0.0000N
### kotek_magnet[tick=6480] sensor4: d=0.5249m in_range=False f_mag=0.000N tau_mag=0.0000Nm misalign_deg=90.0 pos=[-0.10900006  0.10900021  0.49140227] bottom_world=[-0.10900028  0.10900007  0.47140227] quat=[3.8268220e-01 3.6901074e-06 5.3010749e-06 9.2388010e-01] speed=0.0010 ang_speed=0.0024 ang_vel_vec=[ 0.00163682 -0.00156302 -0.00066296] |com_force|=0.0000N
### kotek_magnet[tick=6540] sensor1: d=0.4082m in_range=False f_mag=0.000N tau_mag=0.0000Nm misalign_deg=90.0 pos=[0.10880259 0.10900909 0.4914024 ] bottom_world=[0.10880278 0.1090091  0.47140239] quat=[ 9.2484200e-01 -1.4048196e-06 -4.5671259e-06  3.8035157e-01] speed=0.0010 ang_speed=0.0026 ang_vel_vec=[-0.00219618 -0.0001139   0.00138838] |com_force|=0.0000N
### kotek_magnet[tick=6540] sensor2: d=0.3208m in_range=False f_mag=0.000N tau_mag=0.0000Nm misalign_deg=90.0 pos=[ 0.10902435 -0.10904734  0.49140117] bottom_world=[ 0.10902459 -0.10904697  0.47140117] quat=[ 9.2300087e-01  1.0813582e-05 -1.8515161e-06 -3.8479805e-01] speed=0.0010 ang_speed=0.0027 ang_vel_vec=[-0.00163426  0.00202999 -0.00082756] |com_force|=0.0000N
### kotek_magnet[tick=6540] sensor3: d=0.5470m in_range=False f_mag=0.000N tau_mag=0.0000Nm misalign_deg=90.0 pos=[-0.10910817 -0.10914577  0.49140117] bottom_world=[-0.10910791 -0.10914589  0.47140117] quat=[-3.8058400e-01 -4.8176880e-06  5.3044123e-06  9.2474639e-01] speed=0.0010 ang_speed=0.0026 ang_vel_vec=[ 0.00192875  0.00150984 -0.00083528] |com_force|=0.0000N
### kotek_magnet[tick=6540] sensor4: d=0.5249m in_range=False f_mag=0.000N tau_mag=0.0000Nm misalign_deg=90.0 pos=[-0.10900006  0.10900018  0.49140233] bottom_world=[-0.10900029  0.10900002  0.47140233] quat=[3.8268220e-01 3.7475459e-06 5.7194229e-06 9.2388016e-01] speed=0.0010 ang_speed=0.0028 ang_vel_vec=[ 0.00193419 -0.00186801 -0.00082036] |com_force|=0.0000N
### kotek_magnet[tick=6600] sensor1: d=0.4082m in_range=False f_mag=0.000N tau_mag=0.0000Nm misalign_deg=90.0 pos=[0.10880435 0.10900896 0.49140236] bottom_world=[0.10880408 0.1090093  0.47140236] quat=[9.2484158e-01 1.0433357e-05 2.7670142e-06 3.8035277e-01] speed=0.0010 ang_speed=0.0024 ang_vel_vec=[-0.00173384 -0.00147744 -0.00072132] |com_force|=0.0000N
### kotek_magnet[tick=6600] sensor2: d=0.3208m in_range=False f_mag=0.000N tau_mag=0.0000Nm misalign_deg=90.0 pos=[ 0.10902448 -0.10904565  0.49140117] bottom_world=[ 0.10902438 -0.10904574  0.47140117] quat=[ 9.2300045e-01 -2.8901011e-06  1.5014425e-06 -3.8479894e-01] speed=0.0010 ang_speed=0.0023 ang_vel_vec=[0.00043108 0.00157605 0.00155135] |com_force|=0.0000N
### kotek_magnet[tick=6600] sensor3: d=0.5470m in_range=False f_mag=0.000N tau_mag=0.0000Nm misalign_deg=90.0 pos=[-0.1091065  -0.10914589  0.49140114] bottom_world=[-0.10910668 -0.1091457   0.47140114] quat=[-3.8058302e-01  2.3301009e-06 -6.3505663e-06  9.2474681e-01] speed=0.0009 ang_speed=0.0027 ang_vel_vec=[0.0022098  0.00010132 0.00159502] |com_force|=0.0000N
### kotek_magnet[tick=6600] sensor4: d=0.5249m in_range=False f_mag=0.000N tau_mag=0.0000Nm misalign_deg=90.0 pos=[-0.10900009  0.1089993   0.49140218] bottom_world=[-0.10900017  0.10899934  0.47140218] quat=[ 3.8268274e-01  2.2457803e-06 -1.3152453e-07  9.2387986e-01] speed=0.0002 ang_speed=0.0027 ang_vel_vec=[ 0.00205378 -0.00172302  0.00056136] |com_force|=0.0000N
### kotek_magnet[tick=6660] sensor1: d=0.4082m in_range=False f_mag=0.000N tau_mag=0.0000Nm misalign_deg=90.0 pos=[0.10880432 0.10900897 0.49140233] bottom_world=[0.10880405 0.10900931 0.47140233] quat=[9.2484152e-01 1.0420473e-05 2.7991080e-06 3.8035268e-01] speed=0.0010 ang_speed=0.0024 ang_vel_vec=[-0.00169537 -0.00155544 -0.00083114] |com_force|=0.0000N
### kotek_magnet[tick=6660] sensor2: d=0.3208m in_range=False f_mag=0.000N tau_mag=0.0000Nm misalign_deg=90.0 pos=[ 0.10902444 -0.10904567  0.49140108] bottom_world=[ 0.10902434 -0.10904575  0.47140108] quat=[ 9.2300045e-01 -2.8984816e-06  1.4971652e-06 -3.8479897e-01] speed=0.0010 ang_speed=0.0022 ang_vel_vec=[0.00053125 0.00149051 0.00145845] |com_force|=0.0000N
### kotek_magnet[tick=6660] sensor3: d=0.5470m in_range=False f_mag=0.000N tau_mag=0.0000Nm misalign_deg=90.0 pos=[-0.10910754 -0.10914608  0.4914011 ] bottom_world=[-0.10910749 -0.10914595  0.47140111] quat=[-3.8058376e-01 -2.5130735e-06 -2.5753650e-06  9.2474645e-01] speed=0.0005 ang_speed=0.0026 ang_vel_vec=[-0.00149124  0.00194965 -0.00069998] |com_force|=0.0000N
### kotek_magnet[tick=6660] sensor4: d=0.5249m in_range=False f_mag=0.000N tau_mag=0.0000Nm misalign_deg=90.0 pos=[-0.1090002   0.10899849  0.49140233] bottom_world=[-0.10900009  0.10899881  0.47140233] quat=[ 3.8268304e-01  4.3789953e-07 -8.2966826e-06  9.2387968e-01] speed=0.0009 ang_speed=0.0017 ang_vel_vec=[-0.00061319 -0.00085735  0.00136784] |com_force|=0.0000N
### kotek_magnet[tick=6720] sensor1: d=0.4082m in_range=False f_mag=0.000N tau_mag=0.0000Nm misalign_deg=90.0 pos=[0.10880434 0.10900894 0.4914023 ] bottom_world=[0.10880408 0.10900928 0.4714023 ] quat=[9.24841464e-01 1.04596775e-05 2.71780755e-06 3.80352795e-01] speed=0.0010 ang_speed=0.0027 ang_vel_vec=[-0.00187087 -0.00159129 -0.0010049 ] |com_force|=0.0000N
### kotek_magnet[tick=6720] sensor2: d=0.3208m in_range=False f_mag=0.000N tau_mag=0.0000Nm misalign_deg=90.0 pos=[ 0.10902438 -0.10904741  0.49140114] bottom_world=[ 0.10902461 -0.10904703  0.47140114] quat=[ 9.2300081e-01  1.1184651e-05 -1.7385391e-06 -3.8479790e-01] speed=0.0010 ang_speed=0.0030 ang_vel_vec=[-0.00187508  0.00206761 -0.00096003] |com_force|=0.0000N
### kotek_magnet[tick=6720] sensor3: d=0.5470m in_range=False f_mag=0.000N tau_mag=0.0000Nm misalign_deg=90.0 pos=[-0.10910817 -0.10914582  0.49140108] bottom_world=[-0.10910791 -0.10914593  0.47140108] quat=[-3.8058406e-01 -4.9454875e-06  4.9636806e-06  9.2474645e-01] speed=0.0010 ang_speed=0.0025 ang_vel_vec=[ 0.001716    0.00149554 -0.00096305] |com_force|=0.0000N
### kotek_magnet[tick=6720] sensor4: d=0.5249m in_range=False f_mag=0.000N tau_mag=0.0000Nm misalign_deg=90.0 pos=[-0.10899988  0.10900022  0.49140227] bottom_world=[-0.10900018  0.10900006  0.47140227] quat=[3.8268238e-01 5.4252555e-06 6.5979380e-06 9.2388004e-01] speed=0.0013 ang_speed=0.0150 ang_vel_vec=[ 0.00762671 -0.01296503 -0.00043328] |com_force|=0.0000N
### kotek_magnet[tick=6780] sensor1: d=0.4082m in_range=False f_mag=0.000N tau_mag=0.0000Nm misalign_deg=90.0 pos=[0.10880259 0.10900906 0.4914024 ] bottom_world=[0.10880278 0.10900908 0.47140239] quat=[ 9.2484194e-01 -1.1893042e-06 -4.6497016e-06  3.8035172e-01] speed=0.0010 ang_speed=0.0028 ang_vel_vec=[-0.00253114 -0.00032861  0.00111694] |com_force|=0.0000N
### kotek_magnet[tick=6780] sensor2: d=0.3208m in_range=False f_mag=0.000N tau_mag=0.0000Nm misalign_deg=90.0 pos=[ 0.10902438 -0.10904739  0.49140108] bottom_world=[ 0.10902461 -0.10904701  0.47140108] quat=[ 9.2300081e-01  1.1042949e-05 -1.6900251e-06 -3.8479793e-01] speed=0.0009 ang_speed=0.0029 ang_vel_vec=[-0.00168354  0.00204503 -0.00109244] |com_force|=0.0000N
### kotek_magnet[tick=6780] sensor3: d=0.5470m in_range=False f_mag=0.000N tau_mag=0.0000Nm misalign_deg=90.0 pos=[-0.10910817 -0.1091458   0.49140102] bottom_world=[-0.10910791 -0.10914592  0.47140102] quat=[-3.8058397e-01 -5.0335630e-06  5.2977962e-06  9.2474645e-01] speed=0.0010 ang_speed=0.0031 ang_vel_vec=[ 0.00222679  0.0018299  -0.00108119] |com_force|=0.0000N
### kotek_magnet[tick=6780] sensor4: d=0.5249m in_range=False f_mag=0.000N tau_mag=0.0000Nm misalign_deg=90.0 pos=[-0.10900009  0.10900017  0.49140233] bottom_world=[-0.10900032  0.10900002  0.47140233] quat=[3.8268209e-01 3.8840512e-06 5.5823675e-06 9.2388016e-01] speed=0.0010 ang_speed=0.0031 ang_vel_vec=[ 0.00205503 -0.00209311 -0.00110411] |com_force|=0.0000N
### still playing, 1280s left
### kotek_magnet[tick=6840] sensor1: d=0.4082m in_range=False f_mag=0.000N tau_mag=0.0000Nm misalign_deg=90.0 pos=[0.10880288 0.10900927 0.4914024 ] bottom_world=[0.10880305 0.10900924 0.47140239] quat=[ 9.2484182e-01 -2.3445054e-06 -3.6206536e-06  3.8035202e-01] speed=0.0006 ang_speed=0.0040 ang_vel_vec=[0.00374924 0.00133949 0.00072466] |com_force|=0.0000N
### kotek_magnet[tick=6840] sensor2: d=0.3208m in_range=False f_mag=0.000N tau_mag=0.0000Nm misalign_deg=90.0 pos=[ 0.10902468 -0.10904673  0.49140117] bottom_world=[ 0.10902466 -0.10904657  0.47140117] quat=[ 9.2300081e-01  3.6705089e-06  1.9764411e-06 -3.8479811e-01] speed=0.0004 ang_speed=0.0023 ang_vel_vec=[-0.00213677 -0.00076832 -0.00058003] |com_force|=0.0000N
### kotek_magnet[tick=6840] sensor3: d=0.5470m in_range=False f_mag=0.000N tau_mag=0.0000Nm misalign_deg=90.0 pos=[-0.10910752 -0.10914611  0.49140123] bottom_world=[-0.10910746 -0.10914599  0.47140123] quat=[-3.8058382e-01 -2.4679960e-06 -2.3511579e-06  9.2474651e-01] speed=0.0005 ang_speed=0.0026 ang_vel_vec=[-0.00026939  0.00251298 -0.00058031] |com_force|=0.0000N
### kotek_magnet[tick=6840] sensor4: d=0.5249m in_range=False f_mag=0.000N tau_mag=0.0000Nm misalign_deg=90.0 pos=[-0.10900018  0.10899923  0.49140233] bottom_world=[-0.10900021  0.10899932  0.47140233] quat=[ 3.8268262e-01  1.7390431e-06 -1.7323915e-06  9.2387998e-01] speed=0.0001 ang_speed=0.0018 ang_vel_vec=[ 0.00110976 -0.00133578  0.00034894] |com_force|=0.0000N
### kotek_magnet[tick=6900] sensor1: d=0.4082m in_range=False f_mag=0.000N tau_mag=0.0000Nm misalign_deg=90.0 pos=[0.10880291 0.10900896 0.49140224] bottom_world=[0.10880294 0.10900916 0.47140224] quat=[ 9.2484188e-01  4.2813876e-06 -2.7321028e-06  3.8035178e-01] speed=0.0006 ang_speed=0.0058 ang_vel_vec=[-0.00470675 -0.00320861  0.00112441] |com_force|=0.0000N
### kotek_magnet[tick=6900] sensor2: d=0.3208m in_range=False f_mag=0.000N tau_mag=0.0000Nm misalign_deg=90.0 pos=[ 0.10902466 -0.10904668  0.49140123] bottom_world=[ 0.10902464 -0.10904651  0.47140123] quat=[ 9.2300081e-01  3.5878554e-06  1.8751260e-06 -3.8479817e-01] speed=0.0004 ang_speed=0.0022 ang_vel_vec=[-0.00201972 -0.0006145  -0.00064971] |com_force|=0.0000N
### kotek_magnet[tick=6900] sensor3: d=0.5470m in_range=False f_mag=0.000N tau_mag=0.0000Nm misalign_deg=90.0 pos=[-0.10910702 -0.10914561  0.49140105] bottom_world=[-0.10910702 -0.1091456   0.47140105] quat=[-3.8058305e-01 -5.6126520e-08 -1.5701363e-07  9.2474681e-01] speed=0.0007 ang_speed=0.0094 ang_vel_vec=[0.00808934 0.0045999  0.00144982] |com_force|=0.0000N
### kotek_magnet[tick=6900] sensor4: d=0.5249m in_range=False f_mag=0.000N tau_mag=0.0000Nm misalign_deg=90.0 pos=[-0.10900038  0.10899931  0.4914021 ] bottom_world=[-0.10900033  0.10899944  0.47140209] quat=[ 3.8268244e-01  1.9436908e-07 -3.4512127e-06  9.2387992e-01] speed=0.0002 ang_speed=0.0010 ang_vel_vec=[ 0.00025652  0.0009392  -0.00026841] |com_force|=0.0000N
### kotek_magnet[tick=6960] sensor1: d=0.4082m in_range=False f_mag=0.000N tau_mag=0.0000Nm misalign_deg=90.0 pos=[0.10880265 0.10900903 0.4914024 ] bottom_world=[0.10880281 0.10900908 0.47140239] quat=[ 9.2484200e-01 -3.7896723e-07 -4.2609208e-06  3.8035160e-01] speed=0.0009 ang_speed=0.0035 ang_vel_vec=[-0.00299227 -0.00099261  0.00140837] |com_force|=0.0000N
### kotek_magnet[tick=6960] sensor2: d=0.3208m in_range=False f_mag=0.000N tau_mag=0.0000Nm misalign_deg=90.0 pos=[ 0.10902438 -0.10904733  0.49140114] bottom_world=[ 0.1090246  -0.10904696  0.47140114] quat=[ 9.2300087e-01  1.0596889e-05 -1.6373392e-06 -3.8479793e-01] speed=0.0009 ang_speed=0.0026 ang_vel_vec=[-0.00154241  0.00187579 -0.00085089] |com_force|=0.0000N
### kotek_magnet[tick=6960] sensor3: d=0.5470m in_range=False f_mag=0.000N tau_mag=0.0000Nm misalign_deg=90.0 pos=[-0.10910644 -0.10914588  0.49140105] bottom_world=[-0.10910663 -0.10914569  0.47140105] quat=[-3.8058278e-01  2.4374747e-06 -6.1797527e-06  9.2474681e-01] speed=0.0010 ang_speed=0.0034 ang_vel_vec=[0.00297588 0.000602   0.00141636] |com_force|=0.0000N
### kotek_magnet[tick=6960] sensor4: d=0.5249m in_range=False f_mag=0.000N tau_mag=0.0000Nm misalign_deg=90.0 pos=[-0.10900018  0.10899854  0.49140233] bottom_world=[-0.10900009  0.10899882  0.47140233] quat=[ 3.8268310e-01  8.4684899e-07 -7.3598358e-06  9.2387974e-01] speed=0.0009 ang_speed=0.0021 ang_vel_vec=[ 0.00014839 -0.00164292  0.00129221] |com_force|=0.0000N
### kotek_magnet[tick=7020] sensor1: d=0.4082m in_range=False f_mag=0.000N tau_mag=0.0000Nm misalign_deg=90.0 pos=[0.10880263 0.10900908 0.49140227] bottom_world=[0.1088028  0.10900912 0.47140227] quat=[ 9.2484200e-01 -6.0143617e-07 -4.2192287e-06  3.8035160e-01] speed=0.0009 ang_speed=0.0025 ang_vel_vec=[-0.00185677 -0.00065312  0.00158854] |com_force|=0.0000N
### kotek_magnet[tick=7020] sensor2: d=0.3208m in_range=False f_mag=0.000N tau_mag=0.0000Nm misalign_deg=90.0 pos=[ 0.10902438 -0.10904735  0.4914011 ] bottom_world=[ 0.10902462 -0.10904698  0.47140111] quat=[ 9.2300087e-01  1.0755063e-05 -1.8132300e-06 -3.8479790e-01] speed=0.0009 ang_speed=0.0026 ang_vel_vec=[-0.00150968  0.0020337  -0.00073433] |com_force|=0.0000N
### kotek_magnet[tick=7020] sensor3: d=0.5470m in_range=False f_mag=0.000N tau_mag=0.0000Nm misalign_deg=90.0 pos=[-0.10910752 -0.10914604  0.49140114] bottom_world=[-0.10910746 -0.10914593  0.47140114] quat=[-3.8058376e-01 -2.3702237e-06 -2.1828459e-06  9.2474651e-01] speed=0.0004 ang_speed=0.0025 ang_vel_vec=[ 9.119606e-05  2.383658e-03 -6.821957e-04] |com_force|=0.0000N
### kotek_magnet[tick=7020] sensor4: d=0.5249m in_range=False f_mag=0.000N tau_mag=0.0000Nm misalign_deg=90.0 pos=[-0.10900018  0.10899855  0.4914023 ] bottom_world=[-0.10900009  0.10899884  0.4714023 ] quat=[ 3.8268313e-01  6.9891775e-07 -7.4723621e-06  9.2387974e-01] speed=0.0009 ang_speed=0.0016 ang_vel_vec=[-0.00028659 -0.00051997  0.00147911] |com_force|=0.0000N
### kotek_magnet[tick=7080] sensor1: d=0.4082m in_range=False f_mag=0.000N tau_mag=0.0000Nm misalign_deg=90.0 pos=[0.10880263 0.1090091  0.49140227] bottom_world=[0.1088028  0.10900914 0.47140227] quat=[ 9.2484194e-01 -6.8859435e-07 -4.2925412e-06  3.8035169e-01] speed=0.0009 ang_speed=0.0027 ang_vel_vec=[-0.00214956 -0.00068958  0.00149912] |com_force|=0.0000N
### kotek_magnet[tick=7080] sensor2: d=0.3208m in_range=False f_mag=0.000N tau_mag=0.0000Nm misalign_deg=90.0 pos=[ 0.10902468 -0.10904668  0.49140108] bottom_world=[ 0.10902466 -0.10904651  0.47140108] quat=[ 9.2300081e-01  3.5925693e-06  1.9698248e-06 -3.8479811e-01] speed=0.0004 ang_speed=0.0023 ang_vel_vec=[-0.00199074 -0.00091688 -0.00074442] |com_force|=0.0000N
### kotek_magnet[tick=7080] sensor3: d=0.5470m in_range=False f_mag=0.000N tau_mag=0.0000Nm misalign_deg=90.0 pos=[-0.10910754 -0.10914604  0.4914011 ] bottom_world=[-0.10910748 -0.10914591  0.47140111] quat=[-3.8058394e-01 -2.4593630e-06 -2.3369366e-06  9.2474645e-01] speed=0.0005 ang_speed=0.0023 ang_vel_vec=[-0.00086878  0.00194485 -0.00076107] |com_force|=0.0000N
### kotek_magnet[tick=7080] sensor4: d=0.5249m in_range=False f_mag=0.000N tau_mag=0.0000Nm misalign_deg=90.0 pos=[-0.10900018  0.10899855  0.49140242] bottom_world=[-0.10900009  0.10899884  0.47140242] quat=[ 3.8268307e-01  7.1668910e-07 -7.5278831e-06  9.2387974e-01] speed=0.0009 ang_speed=0.0016 ang_vel_vec=[-0.00016275 -0.00076365  0.00139849] |com_force|=0.0000N
### kotek_magnet[tick=7140] sensor1: d=0.4082m in_range=False f_mag=0.000N tau_mag=0.0000Nm misalign_deg=90.0 pos=[0.10880286 0.10900928 0.49140227] bottom_world=[0.10880302 0.10900924 0.47140227] quat=[ 9.2484176e-01 -2.4193982e-06 -3.3961976e-06  3.8035205e-01] speed=0.0006 ang_speed=0.0028 ang_vel_vec=[0.00271372 0.00039843 0.00045016] |com_force|=0.0000N
### kotek_magnet[tick=7140] sensor2: d=0.3208m in_range=False f_mag=0.000N tau_mag=0.0000Nm misalign_deg=90.0 pos=[ 0.10902442 -0.10904651  0.49140102] bottom_world=[ 0.1090245  -0.10904638  0.47140102] quat=[ 9.2300069e-01  3.8183671e-06 -4.9001744e-07 -3.8479844e-01] speed=0.0002 ang_speed=0.0061 ang_vel_vec=[-0.00299315  0.00536307  0.00021797] |com_force|=0.0000N
### kotek_magnet[tick=7140] sensor3: d=0.5470m in_range=False f_mag=0.000N tau_mag=0.0000Nm misalign_deg=90.0 pos=[-0.10910702 -0.10914565  0.49140102] bottom_world=[-0.10910703 -0.10914564  0.47140102] quat=[-3.8058320e-01  3.7023681e-10 -2.3560511e-07  9.2474669e-01] speed=0.0007 ang_speed=0.0098 ang_vel_vec=[0.00853017 0.00476673 0.00123864] |com_force|=0.0000N
### kotek_magnet[tick=7140] sensor4: d=0.5249m in_range=False f_mag=0.000N tau_mag=0.0000Nm misalign_deg=90.0 pos=[-0.10900038  0.10899876  0.49140227] bottom_world=[-0.10900022  0.10899904  0.47140227] quat=[ 3.8268268e-01 -9.2416383e-07 -7.9062493e-06  9.2387986e-01] speed=0.0005 ang_speed=0.0035 ang_vel_vec=[-0.00087835  0.00340397  0.00036138] |com_force|=0.0000N
### kotek_magnet[tick=7200] sensor1: d=0.4082m in_range=False f_mag=0.000N tau_mag=0.0000Nm misalign_deg=90.0 pos=[0.10880286 0.1090093  0.49140227] bottom_world=[0.10880302 0.10900925 0.47140227] quat=[ 9.2484182e-01 -2.5648726e-06 -3.4040768e-06  3.8035202e-01] speed=0.0006 ang_speed=0.0030 ang_vel_vec=[0.00288115 0.00045848 0.00054136] |com_force|=0.0000N
### kotek_magnet[tick=7200] sensor2: d=0.3208m in_range=False f_mag=0.000N tau_mag=0.0000Nm misalign_deg=90.0 pos=[ 0.10902447 -0.10904563  0.4914011 ] bottom_world=[ 0.10902438 -0.10904572  0.47140111] quat=[ 9.2300045e-01 -2.9323880e-06  1.3493932e-06 -3.8479897e-01] speed=0.0010 ang_speed=0.0028 ang_vel_vec=[-0.00012614  0.00241586  0.00139061] |com_force|=0.0000N
### kotek_magnet[tick=7200] sensor3: d=0.5470m in_range=False f_mag=0.000N tau_mag=0.0000Nm misalign_deg=90.0 pos=[-0.10910727 -0.10914607  0.49140108] bottom_world=[-0.1091073  -0.10914591  0.47140108] quat=[-3.8058373e-01 -8.8052667e-07 -3.8489206e-06  9.2474651e-01] speed=0.0001 ang_speed=0.0018 ang_vel_vec=[-0.00141155 -0.00096943 -0.00043268] |com_force|=0.0000N
### kotek_magnet[tick=7200] sensor4: d=0.5249m in_range=False f_mag=0.000N tau_mag=0.0000Nm misalign_deg=90.0 pos=[-0.10900006  0.1089988   0.49140218] bottom_world=[-0.10900012  0.10899895  0.47140218] quat=[ 3.8268286e-01  2.9628718e-06 -3.0245935e-06  9.2387980e-01] speed=0.0006 ang_speed=0.0048 ang_vel_vec=[ 0.00275339 -0.00376713  0.00098927] |com_force|=0.0000N
### kotek_magnet[tick=7260] sensor1: d=0.4082m in_range=False f_mag=0.000N tau_mag=0.0000Nm misalign_deg=90.0 pos=[0.10880263 0.10900909 0.4914022 ] bottom_world=[0.1088028  0.10900913 0.47140221] quat=[ 9.2484194e-01 -5.6284517e-07 -4.2645852e-06  3.8035169e-01] speed=0.0009 ang_speed=0.0029 ang_vel_vec=[-0.00220722 -0.00075685  0.00171566] |com_force|=0.0000N
### kotek_magnet[tick=7260] sensor2: d=0.3208m in_range=False f_mag=0.000N tau_mag=0.0000Nm misalign_deg=90.0 pos=[ 0.10902449 -0.10904561  0.4914012 ] bottom_world=[ 0.10902441 -0.10904569  0.4714012 ] quat=[ 9.2300045e-01 -2.8114366e-06  1.2510673e-06 -3.8479891e-01] speed=0.0010 ang_speed=0.0031 ang_vel_vec=[-8.8466499e-05  2.5954940e-03  1.6338722e-03] |com_force|=0.0000N
### kotek_magnet[tick=7260] sensor3: d=0.5470m in_range=False f_mag=0.000N tau_mag=0.0000Nm misalign_deg=90.0 pos=[-0.10910646 -0.10914583  0.49140117] bottom_world=[-0.10910665 -0.10914563  0.47140117] quat=[-3.8058290e-01  2.5307245e-06 -6.3359794e-06  9.2474687e-01] speed=0.0010 ang_speed=0.0032 ang_vel_vec=[0.00270153 0.00016333 0.00167777] |com_force|=0.0000N
### kotek_magnet[tick=7260] sensor4: d=0.5249m in_range=False f_mag=0.000N tau_mag=0.0000Nm misalign_deg=90.0 pos=[-0.10900039  0.10899878  0.49140224] bottom_world=[-0.10900023  0.10899906  0.47140224] quat=[ 3.8268259e-01 -1.0197995e-06 -7.9735473e-06  9.2387992e-01] speed=0.0005 ang_speed=0.0038 ang_vel_vec=[-0.00087165  0.00359591  0.0007066 ] |com_force|=0.0000N
### kotek_magnet[tick=7320] sensor1: d=0.4083m in_range=False f_mag=0.000N tau_mag=0.0000Nm misalign_deg=92.5 pos=[0.10997196 0.10769252 0.49152353] bottom_world=[0.10908746 0.10942529 0.47161838] quat=[0.9220538  0.04854863 0.00376381 0.38398665] speed=0.3075 ang_speed=4.1991 ang_vel_vec=[ 0.6381823  0.9348738 -4.043673 ] |com_force|=0.0000N
### kotek_magnet[tick=7320] sensor2: d=0.3208m in_range=False f_mag=0.000N tau_mag=0.0000Nm misalign_deg=90.0 pos=[ 0.10902465 -0.10904571  0.49140108] bottom_world=[ 0.10902445 -0.10904581  0.47140108] quat=[ 9.2300057e-01 -4.3211862e-06  3.5273438e-06 -3.8479865e-01] speed=0.0008 ang_speed=0.0044 ang_vel_vec=[ 0.00079978 -0.00429827  0.00082324] |com_force|=0.0000N
### kotek_magnet[tick=7320] sensor3: d=0.5470m in_range=False f_mag=0.000N tau_mag=0.0000Nm misalign_deg=90.0 pos=[-0.10910725 -0.10914588  0.49140105] bottom_world=[-0.10910721 -0.10914583  0.47140105] quat=[-3.8058344e-01 -1.4044927e-06 -7.3116223e-07  9.2474657e-01] speed=0.0001 ang_speed=0.0023 ang_vel_vec=[0.00171016 0.00146836 0.00031411] |com_force|=0.0000N
### kotek_magnet[tick=7320] sensor4: d=0.5249m in_range=False f_mag=0.000N tau_mag=0.0000Nm misalign_deg=90.0 pos=[-0.10900021  0.10899851  0.49140236] bottom_world=[-0.10900011  0.10899882  0.47140236] quat=[ 3.8268319e-01  5.5169050e-07 -8.0585532e-06  9.2387974e-01] speed=0.0010 ang_speed=0.0018 ang_vel_vec=[-0.00066496 -0.00084867  0.00143445] |com_force|=0.0000N
### kotek_magnet[tick=7380] sensor1: d=0.4109m in_range=False f_mag=0.000N tau_mag=0.0000Nm misalign_deg=90.0 pos=[0.10956883 0.1140272  0.4914022 ] bottom_world=[0.10956878 0.11402732 0.47140221] quat=[9.4010019e-01 3.2757607e-06 6.2105869e-08 3.4089828e-01] speed=0.0003 ang_speed=0.0012 ang_vel_vec=[-7.9311756e-04 -9.4930932e-04  3.0986557e-05] |com_force|=0.0000N
### kotek_magnet[tick=7380] sensor2: d=0.3208m in_range=False f_mag=0.000N tau_mag=0.0000Nm misalign_deg=90.0 pos=[ 0.10902449 -0.10904565  0.49140114] bottom_world=[ 0.10902439 -0.10904575  0.47140114] quat=[ 9.2300045e-01 -3.2797886e-06  1.4034667e-06 -3.8479894e-01] speed=0.0011 ang_speed=0.0027 ang_vel_vec=[0.00042126 0.00209162 0.00159741] |com_force|=0.0000N
### kotek_magnet[tick=7380] sensor3: d=0.5470m in_range=False f_mag=0.000N tau_mag=0.0000Nm misalign_deg=90.0 pos=[-0.10910821 -0.10914572  0.491401  ] bottom_world=[-0.10910795 -0.10914585  0.47140099] quat=[-3.8058391e-01 -4.8031502e-06  5.4769143e-06  9.2474639e-01] speed=0.0010 ang_speed=0.0026 ang_vel_vec=[ 0.00202602  0.0014278  -0.00069078] |com_force|=0.0000N
### kotek_magnet[tick=7380] sensor4: d=0.5249m in_range=False f_mag=0.000N tau_mag=0.0000Nm misalign_deg=90.0 pos=[-0.10900019  0.10899853  0.4914023 ] bottom_world=[-0.10900009  0.10899882  0.4714023 ] quat=[ 3.8268313e-01  5.2117895e-07 -7.6802471e-06  9.2387968e-01] speed=0.0009 ang_speed=0.0016 ang_vel_vec=[-0.00023597 -0.00038947  0.00156048] |com_force|=0.0000N
### kotek_magnet[tick=7440] sensor1: d=0.4048m in_range=False f_mag=0.000N tau_mag=0.0000Nm misalign_deg=90.9 pos=[0.11852372 0.11311638 0.4919849 ] bottom_world=[0.11821036 0.11378441 0.47199852] quat=[0.9729893  0.01805875 0.00378078 0.23011169] speed=0.1158 ang_speed=1.7744 ang_vel_vec=[ 1.3247048   0.46068478 -1.0868913 ] |com_force|=0.0000N
### kotek_magnet[tick=7440] sensor2: d=0.3208m in_range=False f_mag=0.000N tau_mag=0.0000Nm misalign_deg=90.0 pos=[ 0.1090242  -0.10904624  0.4914011 ] bottom_world=[ 0.10902429 -0.10904615  0.47140111] quat=[ 9.2300045e-01  3.0887820e-06 -1.1120417e-06 -3.8479888e-01] speed=0.0007 ang_speed=0.0089 ang_vel_vec=[-0.00404111  0.00778381  0.00148854] |com_force|=0.0000N
### kotek_magnet[tick=7440] sensor3: d=0.5470m in_range=False f_mag=0.000N tau_mag=0.0000Nm misalign_deg=90.0 pos=[-0.10910822 -0.1091458   0.49140108] bottom_world=[-0.10910795 -0.10914592  0.47140108] quat=[-3.8058391e-01 -4.9725531e-06  5.4176808e-06  9.2474639e-01] speed=0.0010 ang_speed=0.0021 ang_vel_vec=[ 0.00163921  0.00121679 -0.00063506] |com_force|=0.0000N
### kotek_magnet[tick=7440] sensor4: d=0.5249m in_range=False f_mag=0.000N tau_mag=0.0000Nm misalign_deg=90.0 pos=[-0.10900038  0.10899872  0.49140236] bottom_world=[-0.10900022  0.108999    0.47140236] quat=[ 3.8268271e-01 -1.0231853e-06 -8.0294012e-06  9.2387986e-01] speed=0.0005 ang_speed=0.0037 ang_vel_vec=[-0.00076669  0.00358899  0.00061437] |com_force|=0.0000N
### kotek_magnet[tick=7500] sensor1: d=0.3998m in_range=False f_mag=0.000N tau_mag=0.0000Nm misalign_deg=90.0 pos=[0.1232138  0.11179714 0.49142814] bottom_world=[0.12322437 0.11170499 0.47142835] quat=[ 9.8941082e-01 -2.3177024e-03  7.2725365e-05  1.4512360e-01] speed=0.1040 ang_speed=7.9906 ang_vel_vec=[3.0236328  0.64864093 7.367921  ] |com_force|=0.0000N
### kotek_magnet[tick=7500] sensor2: d=0.3208m in_range=False f_mag=0.000N tau_mag=0.0000Nm misalign_deg=90.0 pos=[ 0.10902463 -0.10904678  0.49140105] bottom_world=[ 0.10902461 -0.10904662  0.47140105] quat=[ 9.2300081e-01  3.6177537e-06  1.9891895e-06 -3.8479805e-01] speed=0.0005 ang_speed=0.0021 ang_vel_vec=[-0.00156372 -0.00125951 -0.00075795] |com_force|=0.0000N
### kotek_magnet[tick=7500] sensor3: d=0.5470m in_range=False f_mag=0.000N tau_mag=0.0000Nm misalign_deg=90.0 pos=[-0.10910752 -0.10914613  0.49140093] bottom_world=[-0.10910747 -0.109146    0.47140093] quat=[-3.8058373e-01 -2.3969021e-06 -2.5610361e-06  9.2474651e-01] speed=0.0005 ang_speed=0.0019 ang_vel_vec=[-0.00024416  0.0018126  -0.00066682] |com_force|=0.0000N
### kotek_magnet[tick=7500] sensor4: d=0.5249m in_range=False f_mag=0.000N tau_mag=0.0000Nm misalign_deg=90.0 pos=[-0.10900037  0.10899865  0.49140227] bottom_world=[-0.10900021  0.10899895  0.47140227] quat=[ 3.8268283e-01 -8.8554714e-07 -8.5205211e-06  9.2387986e-01] speed=0.0006 ang_speed=0.0045 ang_vel_vec=[-0.0013766   0.00425246  0.00050587] |com_force|=0.0000N
### kotek_magnet[tick=7560] sensor1: d=0.3969m in_range=False f_mag=0.000N tau_mag=0.0000Nm misalign_deg=91.2 pos=[0.12615721 0.10934702 0.49388438] bottom_world=[0.1257558  0.10877327 0.47389665] quat=[ 0.9975002  -0.01362501  0.01099546  0.06846122] speed=0.1250 ang_speed=6.2918 ang_vel_vec=[1.7512031  0.05543317 6.0429673 ] |com_force|=0.0000N
### kotek_magnet[tick=7560] sensor2: d=0.3208m in_range=False f_mag=0.000N tau_mag=0.0000Nm misalign_deg=90.0 pos=[ 0.10902416 -0.10904743  0.49140102] bottom_world=[ 0.10902449 -0.10904702  0.47140102] quat=[ 9.2300081e-01  1.2506178e-05 -3.7236716e-06 -3.8479808e-01] speed=0.0013 ang_speed=0.0164 ang_vel_vec=[-0.00813421  0.01419915 -0.00046915] |com_force|=0.0000N
### kotek_magnet[tick=7560] sensor3: d=0.5470m in_range=False f_mag=0.000N tau_mag=0.0000Nm misalign_deg=90.0 pos=[-0.10910753 -0.10914604  0.49140123] bottom_world=[-0.10910747 -0.10914593  0.47140123] quat=[-3.8058391e-01 -2.5339682e-06 -2.1210133e-06  9.2474645e-01] speed=0.0004 ang_speed=0.0023 ang_vel_vec=[-0.00064958  0.0019768  -0.00088931] |com_force|=0.0000N
### kotek_magnet[tick=7560] sensor4: d=0.5249m in_range=False f_mag=0.000N tau_mag=0.0000Nm misalign_deg=90.0 pos=[-0.10900016  0.10899855  0.49140227] bottom_world=[-0.10900008  0.10899883  0.47140227] quat=[ 3.8268295e-01  8.2580840e-07 -7.1913973e-06  9.2387968e-01] speed=0.0009 ang_speed=0.0016 ang_vel_vec=[-1.6774426e-05 -9.9109602e-04  1.2410484e-03] |com_force|=0.0000N
### kotek_magnet[tick=7620] sensor1: d=0.4031m in_range=False f_mag=0.000N tau_mag=0.0000Nm misalign_deg=91.1 pos=[0.12609054 0.10920256 0.51280695] bottom_world=[0.12570107 0.10861109 0.49281949] quat=[ 0.9981248  -0.01419286  0.01058816  0.05859491] speed=0.1303 ang_speed=7.8697 ang_vel_vec=[2.548565  1.3109021 7.3292847] |com_force|=0.0000N
### kotek_magnet[tick=7620] sensor2: d=0.3208m in_range=False f_mag=0.000N tau_mag=0.0000Nm misalign_deg=90.0 pos=[ 0.10902435 -0.10904737  0.49140114] bottom_world=[ 0.10902458 -0.109047    0.47140114] quat=[ 9.2300087e-01  1.0606366e-05 -1.6341592e-06 -3.8479796e-01] speed=0.0009 ang_speed=0.0024 ang_vel_vec=[-0.00143587  0.0018175  -0.00070635] |com_force|=0.0000N
### kotek_magnet[tick=7620] sensor3: d=0.5470m in_range=False f_mag=0.000N tau_mag=0.0000Nm misalign_deg=90.0 pos=[-0.10910644 -0.10914586  0.49140108] bottom_world=[-0.10910663 -0.10914566  0.47140108] quat=[-3.8058293e-01  2.5117665e-06 -6.4246542e-06  9.2474675e-01] speed=0.0010 ang_speed=0.0027 ang_vel_vec=[ 2.1773705e-03 -6.5077431e-05  1.5948366e-03] |com_force|=0.0000N
### kotek_magnet[tick=7620] sensor4: d=0.5249m in_range=False f_mag=0.000N tau_mag=0.0000Nm misalign_deg=90.0 pos=[-0.10900015  0.10899852  0.49140236] bottom_world=[-0.10900007  0.10899881  0.47140236] quat=[ 3.8268307e-01  8.0549995e-07 -7.3913006e-06  9.2387974e-01] speed=0.0009 ang_speed=0.0018 ang_vel_vec=[-6.4033971e-05 -9.5947331e-04  1.5016595e-03] |com_force|=0.0000N
### kotek_magnet[tick=7680] sensor1: d=0.4118m in_range=False f_mag=0.000N tau_mag=0.0000Nm misalign_deg=91.1 pos=[0.1263946  0.10939051 0.53579384] bottom_world=[0.12600622 0.10883413 0.51580535] quat=[ 0.99843156 -0.01337362  0.0104395   0.05335466] speed=0.1219 ang_speed=7.9666 ang_vel_vec=[2.135384  1.0652803 7.6008167] |com_force|=0.0000N
### kotek_magnet[tick=7680] sensor2: d=0.3208m in_range=False f_mag=0.000N tau_mag=0.0000Nm misalign_deg=90.0 pos=[ 0.10902449 -0.10904561  0.49140117] bottom_world=[ 0.10902439 -0.1090457   0.47140117] quat=[ 9.2300040e-01 -3.0706303e-06  1.4524185e-06 -3.8479909e-01] speed=0.0010 ang_speed=0.0024 ang_vel_vec=[-6.2156787e-06  1.9480356e-03  1.4770211e-03] |com_force|=0.0000N
### kotek_magnet[tick=7680] sensor3: d=0.5470m in_range=False f_mag=0.000N tau_mag=0.0000Nm misalign_deg=90.0 pos=[-0.10910644 -0.10914583  0.49140117] bottom_world=[-0.10910663 -0.10914562  0.47140117] quat=[-3.8058293e-01  2.5861209e-06 -6.5872873e-06  9.2474681e-01] speed=0.0010 ang_speed=0.0026 ang_vel_vec=[2.1269587e-03 1.7683224e-05 1.5102598e-03] |com_force|=0.0000N
### kotek_magnet[tick=7680] sensor4: d=0.5249m in_range=False f_mag=0.000N tau_mag=0.0000Nm misalign_deg=90.0 pos=[-0.10900038  0.10899881  0.4914023 ] bottom_world=[-0.10900023  0.10899909  0.4714023 ] quat=[ 3.8268274e-01 -9.6559211e-07 -8.0019536e-06  9.2387986e-01] speed=0.0005 ang_speed=0.0034 ang_vel_vec=[-0.00092507  0.00327797  0.00050121] |com_force|=0.0000N
### kotek_magnet[tick=7740] sensor1: d=0.4226m in_range=False f_mag=0.000N tau_mag=0.0000Nm misalign_deg=91.2 pos=[0.12694372 0.1095605  0.5616135 ] bottom_world=[0.12653679 0.10901387 0.54162511] quat=[ 0.99884325 -0.01319631  0.01077921  0.04496677] speed=0.0880 ang_speed=6.6120 ang_vel_vec=[2.15008    0.14041567 6.2510476 ] |com_force|=0.0000N
### kotek_magnet[tick=7740] sensor2: d=0.3208m in_range=False f_mag=0.000N tau_mag=0.0000Nm misalign_deg=90.0 pos=[ 0.10902475 -0.10904559  0.491401  ] bottom_world=[ 0.10902454 -0.1090457   0.47140099] quat=[ 9.2300045e-01 -4.4742524e-06  3.6991371e-06 -3.8479879e-01] speed=0.0010 ang_speed=0.0029 ang_vel_vec=[-0.00061315 -0.00281941  0.00057268] |com_force|=0.0000N
### kotek_magnet[tick=7740] sensor3: d=0.5470m in_range=False f_mag=0.000N tau_mag=0.0000Nm misalign_deg=90.0 pos=[-0.10910642 -0.10914613  0.49140102] bottom_world=[-0.10910664 -0.10914581  0.47140102] quat=[-3.8058308e-01  1.9907770e-06 -9.2603595e-06  9.2474681e-01] speed=0.0009 ang_speed=0.0029 ang_vel_vec=[-0.00279848  0.0005487   0.00059996] |com_force|=0.0000N
### kotek_magnet[tick=7740] sensor4: d=0.5249m in_range=False f_mag=0.000N tau_mag=0.0000Nm misalign_deg=90.0 pos=[-0.10900038  0.10899875  0.49140227] bottom_world=[-0.10900022  0.10899903  0.47140227] quat=[ 3.8268262e-01 -8.6281108e-07 -7.9868205e-06  9.2387992e-01] speed=0.0005 ang_speed=0.0031 ang_vel_vec=[-0.00074007  0.00297868  0.00032776] |com_force|=0.0000N
### kotek_magnet[tick=7800] sensor1: d=0.4313m in_range=False f_mag=0.000N tau_mag=0.0000Nm misalign_deg=91.2 pos=[0.12702833 0.10973781 0.5800037 ] bottom_world=[0.12661686 0.10924012 0.56001411] quat=[ 0.9989575  -0.01199317  0.01081009  0.04269934] speed=0.1096 ang_speed=7.7500 ang_vel_vec=[2.2499237 0.7875807 7.3743196] |com_force|=0.0000N
### kotek_magnet[tick=7800] sensor2: d=0.3208m in_range=False f_mag=0.000N tau_mag=0.0000Nm misalign_deg=90.0 pos=[ 0.10902476 -0.10904557  0.49140108] bottom_world=[ 0.10902456 -0.10904567  0.47140108] quat=[ 9.2300057e-01 -4.3666910e-06  3.4023462e-06 -3.8479871e-01] speed=0.0010 ang_speed=0.0023 ang_vel_vec=[-0.0007631  -0.00209629  0.00065102] |com_force|=0.0000N
### kotek_magnet[tick=7800] sensor3: d=0.5470m in_range=False f_mag=0.000N tau_mag=0.0000Nm misalign_deg=90.0 pos=[-0.10910755 -0.10914606  0.49140117] bottom_world=[-0.10910749 -0.10914595  0.47140117] quat=[-3.8058388e-01 -2.4622680e-06 -1.9884828e-06  9.2474645e-01] speed=0.0005 ang_speed=0.0024 ang_vel_vec=[ 5.8018227e-06  2.2510372e-03 -8.7678659e-04] |com_force|=0.0000N
### kotek_magnet[tick=7800] sensor4: d=0.5249m in_range=False f_mag=0.000N tau_mag=0.0000Nm misalign_deg=90.0 pos=[-0.10900019  0.10899855  0.49140227] bottom_world=[-0.10900011  0.10899883  0.47140227] quat=[ 3.8268295e-01  7.6499430e-07 -7.3342417e-06  9.2387980e-01] speed=0.0009 ang_speed=0.0017 ang_vel_vec=[-6.0075556e-05 -1.1093189e-03  1.2495754e-03] |com_force|=0.0000N
### kotek_magnet[tick=7860] sensor1: d=0.4304m in_range=False f_mag=0.000N tau_mag=0.0000Nm misalign_deg=91.2 pos=[0.12807271 0.11124101 0.5780068 ] bottom_world=[0.12764656 0.1103699  0.55803033] quat=[ 0.99827075 -0.02118213  0.01180836  0.05354841] speed=0.0998 ang_speed=7.2463 ang_vel_vec=[2.3702536 0.7627362 6.8050394] |com_force|=0.0000N
### kotek_magnet[tick=7860] sensor2: d=0.3208m in_range=False f_mag=0.000N tau_mag=0.0000Nm misalign_deg=90.0 pos=[ 0.10902449 -0.10904562  0.49140114] bottom_world=[ 0.1090244  -0.10904571  0.47140114] quat=[ 9.2300057e-01 -2.8381437e-06  1.3667792e-06 -3.8479882e-01] speed=0.0010 ang_speed=0.0028 ang_vel_vec=[-0.00022378  0.00250585  0.00130762] |com_force|=0.0000N
### kotek_magnet[tick=7860] sensor3: d=0.5470m in_range=False f_mag=0.000N tau_mag=0.0000Nm misalign_deg=90.0 pos=[-0.10910751 -0.10914608  0.4914011 ] bottom_world=[-0.10910745 -0.10914596  0.47140111] quat=[-3.8058388e-01 -2.4931910e-06 -2.2616136e-06  9.2474639e-01] speed=0.0004 ang_speed=0.0025 ang_vel_vec=[-0.00024895  0.002355   -0.00090206] |com_force|=0.0000N
### kotek_magnet[tick=7860] sensor4: d=0.5249m in_range=False f_mag=0.000N tau_mag=0.0000Nm misalign_deg=90.0 pos=[-0.1090002   0.10899851  0.4914023 ] bottom_world=[-0.10900012  0.10899879  0.4714023 ] quat=[ 3.8268295e-01  8.1429931e-07 -7.3942406e-06  9.2387974e-01] speed=0.0009 ang_speed=0.0015 ang_vel_vec=[-2.7601398e-05 -9.1112877e-04  1.2438952e-03] |com_force|=0.0000N
### kotek_magnet[tick=7920] sensor1: d=0.4261m in_range=False f_mag=0.000N tau_mag=0.0000Nm misalign_deg=90.4 pos=[0.1369955  0.11563609 0.57612413] bottom_world=[0.13683878 0.11426295 0.55617194] quat=[ 0.9957214  -0.03388638  0.00685115  0.08569569] speed=0.0954 ang_speed=7.4724 ang_vel_vec=[2.3988063 1.28475   6.959321 ] |com_force|=0.0000N
### kotek_magnet[tick=7920] sensor2: d=0.3208m in_range=False f_mag=0.000N tau_mag=0.0000Nm misalign_deg=90.0 pos=[ 0.10902447 -0.10904563  0.49140102] bottom_world=[ 0.10902437 -0.10904572  0.47140102] quat=[ 9.2300045e-01 -2.8194929e-06  1.3034683e-06 -3.8479894e-01] speed=0.0010 ang_speed=0.0029 ang_vel_vec=[-0.00016033  0.00246338  0.00145287] |com_force|=0.0000N
### kotek_magnet[tick=7920] sensor3: d=0.5470m in_range=False f_mag=0.000N tau_mag=0.0000Nm misalign_deg=90.0 pos=[-0.10910818 -0.10914578  0.49140102] bottom_world=[-0.10910791 -0.1091459   0.47140102] quat=[-3.8058394e-01 -4.9855857e-06  5.5339692e-06  9.2474639e-01] speed=0.0010 ang_speed=0.0028 ang_vel_vec=[ 0.00203095  0.00170905 -0.00082422] |com_force|=0.0000N
### kotek_magnet[tick=7920] sensor4: d=0.5249m in_range=False f_mag=0.000N tau_mag=0.0000Nm misalign_deg=90.0 pos=[-0.10900037  0.10899875  0.49140233] bottom_world=[-0.10900021  0.10899903  0.47140233] quat=[ 3.8268265e-01 -9.4047408e-07 -7.9645824e-06  9.2387980e-01] speed=0.0005 ang_speed=0.0035 ang_vel_vec=[-0.00080169  0.00332516  0.00049189] |com_force|=0.0000N
### kotek_magnet[tick=7980] sensor1: d=0.4207m in_range=False f_mag=0.000N tau_mag=0.0000Nm misalign_deg=89.4 pos=[0.14772989 0.1200407  0.5738187 ] bottom_world=[0.1479325  0.11808281 0.55391578] quat=[ 0.99100024 -0.04925672  0.00107512  0.12446353] speed=0.0937 ang_speed=7.4738 ang_vel_vec=[2.185189 1.662351 6.951151] |com_force|=0.0000N
### kotek_magnet[tick=7980] sensor2: d=0.3208m in_range=False f_mag=0.000N tau_mag=0.0000Nm misalign_deg=90.0 pos=[ 0.10902467 -0.10904587  0.49140117] bottom_world=[ 0.10902453 -0.10904594  0.47140117] quat=[ 9.2300057e-01 -3.0375807e-06  2.5999336e-06 -3.8479856e-01] speed=0.0007 ang_speed=0.0042 ang_vel_vec=[ 0.00165651 -0.0038233   0.00041608] |com_force|=0.0000N
### kotek_magnet[tick=7980] sensor3: d=0.5470m in_range=False f_mag=0.000N tau_mag=0.0000Nm misalign_deg=90.0 pos=[-0.10910642 -0.10914586  0.49140108] bottom_world=[-0.10910662 -0.10914567  0.47140108] quat=[-3.8058296e-01  2.6916414e-06 -6.4506648e-06  9.2474681e-01] speed=0.0010 ang_speed=0.0035 ang_vel_vec=[0.00318571 0.00039319 0.00137876] |com_force|=0.0000N
### kotek_magnet[tick=7980] sensor4: d=0.5249m in_range=False f_mag=0.000N tau_mag=0.0000Nm misalign_deg=90.0 pos=[-0.10900037  0.10899959  0.4914024 ] bottom_world=[-0.10900036  0.10899964  0.47140239] quat=[ 3.8268211e-01  2.0780773e-07 -1.3885929e-06  9.2388010e-01] speed=0.0005 ang_speed=0.0019 ang_vel_vec=[ 0.00137582  0.00097045 -0.00087674] |com_force|=0.0000N
### kotek_magnet[tick=8040] sensor1: d=0.4147m in_range=False f_mag=0.000N tau_mag=0.0000Nm misalign_deg=88.2 pos=[0.15883    0.12371214 0.57132906] bottom_world=[0.1594482  0.12114871 0.55150365] quat=[ 0.98421794 -0.06589924 -0.00471096  0.16416532] speed=0.0865 ang_speed=7.4146 ang_vel_vec=[1.914343  1.9815903 6.883717 ] |com_force|=0.0000N
### kotek_magnet[tick=8040] sensor2: d=0.3208m in_range=False f_mag=0.000N tau_mag=0.0000Nm misalign_deg=90.0 pos=[ 0.10902472 -0.10904554  0.49140114] bottom_world=[ 0.10902451 -0.10904566  0.47140114] quat=[ 9.2300051e-01 -4.6113414e-06  3.6383360e-06 -3.8479888e-01] speed=0.0010 ang_speed=0.0030 ang_vel_vec=[-0.00051422 -0.00278397  0.0009016 ] |com_force|=0.0000N
### kotek_magnet[tick=8040] sensor3: d=0.5470m in_range=False f_mag=0.000N tau_mag=0.0000Nm misalign_deg=90.0 pos=[-0.10910755 -0.10914604  0.4914011 ] bottom_world=[-0.10910749 -0.10914591  0.47140111] quat=[-3.8058373e-01 -2.5649920e-06 -2.3685902e-06  9.2474651e-01] speed=0.0004 ang_speed=0.0026 ang_vel_vec=[-0.00096667  0.00232797 -0.00064543] |com_force|=0.0000N
### kotek_magnet[tick=8040] sensor4: d=0.5249m in_range=False f_mag=0.000N tau_mag=0.0000Nm misalign_deg=90.0 pos=[-0.10900006  0.10900025  0.49140218] bottom_world=[-0.10900028  0.10900012  0.47140218] quat=[3.8268223e-01 3.5771598e-06 5.1492389e-06 9.2388016e-01] speed=0.0011 ang_speed=0.0008 ang_vel_vec=[ 0.00030028 -0.00028468 -0.00065021] |com_force|=0.0000N
### kotek_magnet[tick=8100] sensor1: d=0.4082m in_range=False f_mag=0.000N tau_mag=0.0000Nm misalign_deg=86.9 pos=[0.1700817  0.12642927 0.5686218 ] bottom_world=[0.17116048 0.1232524  0.54890523] quat=[ 0.9754342  -0.08355304 -0.01021078  0.20357522] speed=0.0790 ang_speed=7.3917 ang_vel_vec=[1.6443658 2.3857946 6.800044 ] |com_force|=0.0000N
### kotek_magnet[tick=8100] sensor2: d=0.3208m in_range=False f_mag=0.000N tau_mag=0.0000Nm misalign_deg=90.0 pos=[ 0.1090247  -0.10904586  0.49140117] bottom_world=[ 0.10902454 -0.10904594  0.47140117] quat=[ 9.2300057e-01 -3.2226403e-06  2.7701401e-06 -3.8479865e-01] speed=0.0007 ang_speed=0.0043 ang_vel_vec=[ 0.00170041 -0.00392288  0.00056911] |com_force|=0.0000N
### kotek_magnet[tick=8100] sensor3: d=0.5470m in_range=False f_mag=0.000N tau_mag=0.0000Nm misalign_deg=90.0 pos=[-0.1091082  -0.10914573  0.49140114] bottom_world=[-0.10910793 -0.10914587  0.47140114] quat=[-3.8058406e-01 -5.0605381e-06  5.7141519e-06  9.2474645e-01] speed=0.0010 ang_speed=0.0028 ang_vel_vec=[ 0.0020503   0.00179948 -0.00079917] |com_force|=0.0000N
### kotek_magnet[tick=8100] sensor4: d=0.5249m in_range=False f_mag=0.000N tau_mag=0.0000Nm misalign_deg=90.0 pos=[-0.10900008  0.10900024  0.49140227] bottom_world=[-0.10900029  0.1090001   0.47140227] quat=[3.8268214e-01 3.5265932e-06 5.1349348e-06 9.2388010e-01] speed=0.0011 ang_speed=0.0008 ang_vel_vec=[ 0.0002513  -0.00021584 -0.00074539] |com_force|=0.0000N
### kotek_magnet[tick=8160] sensor1: d=0.4012m in_range=False f_mag=0.000N tau_mag=0.0000Nm misalign_deg=85.5 pos=[0.18117915 0.12815836 0.56577486] bottom_world=[0.18274874 0.12438271 0.5461973 ] quat=[ 0.96481335 -0.10164016 -0.01517451  0.24202132] speed=0.0775 ang_speed=7.3592 ang_vel_vec=[1.3949194 2.5938303 6.7441707] |com_force|=0.0000N
### kotek_magnet[tick=8160] sensor2: d=0.3208m in_range=False f_mag=0.000N tau_mag=0.0000Nm misalign_deg=90.0 pos=[ 0.10902451 -0.10904557  0.49140105] bottom_world=[ 0.1090244  -0.10904567  0.47140105] quat=[ 9.2300040e-01 -3.2654525e-06  1.4948223e-06 -3.8479903e-01] speed=0.0011 ang_speed=0.0024 ang_vel_vec=[0.00020833 0.00189278 0.00150415] |com_force|=0.0000N
### kotek_magnet[tick=8160] sensor3: d=0.5470m in_range=False f_mag=0.000N tau_mag=0.0000Nm misalign_deg=90.0 pos=[-0.10910641 -0.10914582  0.49140108] bottom_world=[-0.10910662 -0.10914561  0.47140108] quat=[-3.8058290e-01  2.7425467e-06 -6.7903075e-06  9.2474687e-01] speed=0.0011 ang_speed=0.0029 ang_vel_vec=[ 2.4976132e-03 -9.0262074e-05  1.5318940e-03] |com_force|=0.0000N
### kotek_magnet[tick=8160] sensor4: d=0.5249m in_range=False f_mag=0.000N tau_mag=0.0000Nm misalign_deg=90.0 pos=[-0.10899994  0.10900015  0.49140227] bottom_world=[-0.10900018  0.10900002  0.47140227] quat=[3.8268226e-01 4.3790697e-06 5.4648494e-06 9.2387998e-01] speed=0.0011 ang_speed=0.0024 ang_vel_vec=[ 0.00178596 -0.00158934 -0.00034115] |com_force|=0.0000N
### kotek_magnet[tick=8220] sensor1: d=0.3938m in_range=False f_mag=0.000N tau_mag=0.0000Nm misalign_deg=84.0 pos=[0.19223443 0.12901564 0.5627509 ] bottom_world=[0.19433968 0.12465289 0.54334638] quat=[ 0.9521148  -0.12039296 -0.01983021  0.28033838] speed=0.0740 ang_speed=7.3157 ang_vel_vec=[1.047499  2.8936012 6.63696  ] |com_force|=0.0000N
### kotek_magnet[tick=8220] sensor2: d=0.3208m in_range=False f_mag=0.000N tau_mag=0.0000Nm misalign_deg=90.0 pos=[ 0.10902441 -0.10904732  0.4914011 ] bottom_world=[ 0.10902463 -0.10904695  0.47140111] quat=[ 9.2300087e-01  1.0514388e-05 -1.7141247e-06 -3.8479784e-01] speed=0.0009 ang_speed=0.0028 ang_vel_vec=[-0.00166605  0.00216313 -0.00075691] |com_force|=0.0000N
### kotek_magnet[tick=8220] sensor3: d=0.5470m in_range=False f_mag=0.000N tau_mag=0.0000Nm misalign_deg=90.0 pos=[-0.10910641 -0.10914586  0.4914012 ] bottom_world=[-0.10910661 -0.10914566  0.4714012 ] quat=[-3.8058293e-01  2.7608116e-06 -6.5944196e-06  9.2474687e-01] speed=0.0011 ang_speed=0.0032 ang_vel_vec=[2.8154994e-03 2.3185426e-05 1.5320880e-03] |com_force|=0.0000N
### kotek_magnet[tick=8220] sensor4: d=0.5249m in_range=False f_mag=0.000N tau_mag=0.0000Nm misalign_deg=90.0 pos=[-0.10900009  0.10900024  0.49140227] bottom_world=[-0.10900029  0.10900011  0.47140227] quat=[3.8268220e-01 3.4329009e-06 5.1376678e-06 9.2388016e-01] speed=0.0011 ang_speed=0.0008 ang_vel_vec=[ 2.9687714e-04 -8.4645588e-05 -7.2341261e-04] |com_force|=0.0000N
### kotek_magnet[tick=8280] sensor1: d=0.3859m in_range=False f_mag=0.000N tau_mag=0.0000Nm misalign_deg=82.3 pos=[0.20322122 0.12885217 0.5595026 ] bottom_world=[0.20589301 0.12391961 0.54030543] quat=[ 0.93743557 -0.13964452 -0.02387729  0.31803137] speed=0.0747 ang_speed=7.2597 ang_vel_vec=[0.7853423 3.1107564 6.512303 ] |com_force|=0.0000N
### kotek_magnet[tick=8280] sensor2: d=0.3208m in_range=False f_mag=0.000N tau_mag=0.0000Nm misalign_deg=90.0 pos=[ 0.10902439 -0.10904737  0.49140105] bottom_world=[ 0.10902461 -0.109047    0.47140105] quat=[ 9.2300081e-01  1.0570583e-05 -1.5578501e-06 -3.8479793e-01] speed=0.0009 ang_speed=0.0025 ang_vel_vec=[-0.00155429  0.00173576 -0.00085673] |com_force|=0.0000N
### kotek_magnet[tick=8280] sensor3: d=0.5470m in_range=False f_mag=0.000N tau_mag=0.0000Nm misalign_deg=90.0 pos=[-0.1091064  -0.10914587  0.4914011 ] bottom_world=[-0.10910661 -0.10914566  0.47140111] quat=[-3.8058281e-01  2.7678407e-06 -6.9793314e-06  9.2474681e-01] speed=0.0011 ang_speed=0.0023 ang_vel_vec=[ 0.00171821 -0.00029027  0.00145066] |com_force|=0.0000N
### kotek_magnet[tick=8280] sensor4: d=0.5249m in_range=False f_mag=0.000N tau_mag=0.0000Nm misalign_deg=90.0 pos=[-0.10900005  0.10900019  0.49140227] bottom_world=[-0.10900026  0.10900006  0.47140227] quat=[3.8268217e-01 3.5537712e-06 4.9676601e-06 9.2388010e-01] speed=0.0011 ang_speed=0.0011 ang_vel_vec=[ 0.00047708 -0.00059443 -0.00081685] |com_force|=0.0000N
### kotek_magnet[tick=8340] sensor1: d=0.3776m in_range=False f_mag=0.000N tau_mag=0.0000Nm misalign_deg=80.6 pos=[0.21395299 0.12775227 0.5560468 ] bottom_world=[0.21721901 0.12227968 0.53708936] quat=[ 0.92087084 -0.15911114 -0.02735109  0.35486966] speed=0.0703 ang_speed=7.2687 ang_vel_vec=[0.42239088 3.4021225  6.409511  ] |com_force|=0.0000N
### kotek_magnet[tick=8340] sensor2: d=0.3208m in_range=False f_mag=0.000N tau_mag=0.0000Nm misalign_deg=90.0 pos=[ 0.1090247  -0.10904671  0.49140108] bottom_world=[ 0.10902468 -0.10904654  0.47140108] quat=[ 9.2300081e-01  3.5723835e-06  2.0587249e-06 -3.8479808e-01] speed=0.0004 ang_speed=0.0025 ang_vel_vec=[-0.00219233 -0.00081245 -0.00078459] |com_force|=0.0000N
### kotek_magnet[tick=8340] sensor3: d=0.5470m in_range=False f_mag=0.000N tau_mag=0.0000Nm misalign_deg=90.0 pos=[-0.10910821 -0.10914574  0.49140108] bottom_world=[-0.10910792 -0.10914588  0.47140108] quat=[-3.8058400e-01 -5.2999817e-06  6.1070814e-06  9.2474639e-01] speed=0.0010 ang_speed=0.0034 ang_vel_vec=[ 0.00237845  0.00217075 -0.00093368] |com_force|=0.0000N
### kotek_magnet[tick=8340] sensor4: d=0.5249m in_range=False f_mag=0.000N tau_mag=0.0000Nm misalign_deg=90.0 pos=[-0.10900036  0.10899957  0.49140224] bottom_world=[-0.10900035  0.10899963  0.47140224] quat=[ 3.8268226e-01  4.3456794e-07 -1.4611442e-06  9.2388010e-01] speed=0.0006 ang_speed=0.0018 ang_vel_vec=[ 0.00125989  0.00099031 -0.00082552] |com_force|=0.0000N
### kotek_magnet[tick=8400] sensor1: d=0.3686m in_range=False f_mag=0.000N tau_mag=0.0000Nm misalign_deg=78.8 pos=[0.22460344 0.1257228  0.55228597] bottom_world=[0.2285023  0.1197345  0.53360606] quat=[ 0.90194046 -0.1791274  -0.0302578   0.39179236] speed=0.0682 ang_speed=7.2778 ang_vel_vec=[0.05262446 3.6983433  6.267822  ] |com_force|=0.0000N
### kotek_magnet[tick=8400] sensor2: d=0.3208m in_range=False f_mag=0.000N tau_mag=0.0000Nm misalign_deg=90.0 pos=[ 0.10902441 -0.10904732  0.49140087] bottom_world=[ 0.10902464 -0.10904695  0.47140087] quat=[ 9.2300087e-01  1.0675489e-05 -1.6006825e-06 -3.8479793e-01] speed=0.0009 ang_speed=0.0028 ang_vel_vec=[-0.001711    0.00194694 -0.0010119 ] |com_force|=0.0000N
### kotek_magnet[tick=8400] sensor3: d=0.5470m in_range=False f_mag=0.000N tau_mag=0.0000Nm misalign_deg=90.0 pos=[-0.1091075  -0.10914603  0.4914011 ] bottom_world=[-0.10910744 -0.10914591  0.47140111] quat=[-3.8058373e-01 -2.6376190e-06 -2.2260024e-06  9.2474645e-01] speed=0.0004 ang_speed=0.0029 ang_vel_vec=[-0.0006059   0.00262399 -0.00096343] |com_force|=0.0000N
### kotek_magnet[tick=8400] sensor4: d=0.5249m in_range=False f_mag=0.000N tau_mag=0.0000Nm misalign_deg=90.0 pos=[-0.10900032  0.10899963  0.49140224] bottom_world=[-0.10900032  0.10899968  0.47140224] quat=[ 3.8268223e-01  5.3921843e-07 -1.1985467e-06  9.2388004e-01] speed=0.0006 ang_speed=0.0018 ang_vel_vec=[ 0.00131784  0.00074752 -0.00097169] |com_force|=0.0000N
### kotek_magnet[tick=8460] sensor1: d=0.3592m in_range=False f_mag=0.000N tau_mag=0.0000Nm misalign_deg=76.8 pos=[0.23503807 0.12268312 0.54836136] bottom_world=[0.23960389 0.11621879 0.52999384] quat=[ 0.8808566  -0.19935693 -0.03269358  0.42811185] speed=0.0651 ang_speed=7.3185 ang_vel_vec=[-0.37420306  3.9550247   6.146344  ] |com_force|=0.0000N
### kotek_magnet[tick=8460] sensor2: d=0.3208m in_range=False f_mag=0.000N tau_mag=0.0000Nm misalign_deg=90.0 pos=[ 0.1090247  -0.10904586  0.4914011 ] bottom_world=[ 0.10902454 -0.10904593  0.47140111] quat=[ 9.2300057e-01 -3.1106115e-06  2.8104857e-06 -3.8479862e-01] speed=0.0008 ang_speed=0.0040 ang_vel_vec=[ 0.00140259 -0.00378326  0.00028875] |com_force|=0.0000N
### kotek_magnet[tick=8460] sensor3: d=0.5470m in_range=False f_mag=0.000N tau_mag=0.0000Nm misalign_deg=90.0 pos=[-0.10910749 -0.10914606  0.49140117] bottom_world=[-0.10910744 -0.10914593  0.47140117] quat=[-3.8058388e-01 -2.5052491e-06 -2.4676087e-06  9.2474651e-01] speed=0.0004 ang_speed=0.0030 ang_vel_vec=[-0.00093419  0.00262538 -0.00100418] |com_force|=0.0000N
### kotek_magnet[tick=8460] sensor4: d=0.5249m in_range=False f_mag=0.000N tau_mag=0.0000Nm misalign_deg=90.0 pos=[-0.10900036  0.10899961  0.49140233] bottom_world=[-0.10900036  0.10899966  0.47140233] quat=[ 3.8268220e-01  3.8472686e-07 -1.2842120e-06  9.2388010e-01] speed=0.0006 ang_speed=0.0017 ang_vel_vec=[ 0.00121913  0.00072179 -0.00097847] |com_force|=0.0000N
### still playing, 1249s left
### kotek_magnet[tick=8520] sensor1: d=0.3494m in_range=False f_mag=0.000N tau_mag=0.0000Nm misalign_deg=74.8 pos=[0.24485283 0.11874425 0.5442674 ] bottom_world=[0.25007984 0.11186236 0.52623084] quat=[ 0.85847104 -0.21888404 -0.03428558  0.46253842] speed=0.0688 ang_speed=7.3015 ang_vel_vec=[-0.70229036  4.1475987   5.9678884 ] |com_force|=0.0000N
### kotek_magnet[tick=8520] sensor2: d=0.3208m in_range=False f_mag=0.000N tau_mag=0.0000Nm misalign_deg=90.0 pos=[ 0.10902473 -0.10904583  0.49140105] bottom_world=[ 0.10902458 -0.10904591  0.47140105] quat=[ 9.2300057e-01 -3.3197005e-06  2.8874354e-06 -3.8479862e-01] speed=0.0008 ang_speed=0.0037 ang_vel_vec=[ 0.00119504 -0.00351835  0.00034876] |com_force|=0.0000N
### kotek_magnet[tick=8520] sensor3: d=0.5470m in_range=False f_mag=0.000N tau_mag=0.0000Nm misalign_deg=90.0 pos=[-0.10910816 -0.10914576  0.49140102] bottom_world=[-0.10910789 -0.1091459   0.47140102] quat=[-3.8058403e-01 -4.9784180e-06  5.7748885e-06  9.2474639e-01] speed=0.0010 ang_speed=0.0033 ang_vel_vec=[ 0.0023289   0.00205327 -0.00103044] |com_force|=0.0000N
### kotek_magnet[tick=8520] sensor4: d=0.5249m in_range=False f_mag=0.000N tau_mag=0.0000Nm misalign_deg=90.0 pos=[-0.10900005  0.10900025  0.49140227] bottom_world=[-0.10900026  0.10900011  0.47140227] quat=[3.8268197e-01 3.5695873e-06 5.3510239e-06 9.2388010e-01] speed=0.0011 ang_speed=0.0013 ang_vel_vec=[ 0.00058501 -0.00056741 -0.00098173] |com_force|=0.0000N
### kotek_magnet[tick=8580] sensor1: d=0.3392m in_range=False f_mag=0.000N tau_mag=0.0000Nm misalign_deg=72.8 pos=[0.25435722 0.11387767 0.5399431 ] bottom_world=[0.26026898 0.10662678 0.52226611] quat=[ 0.8339705  -0.23838557 -0.03532277  0.4964051 ] speed=0.0705 ang_speed=7.2793 ang_vel_vec=[-1.0633824  4.2806926  5.790783 ] |com_force|=0.0000N
### kotek_magnet[tick=8580] sensor2: d=0.3208m in_range=False f_mag=0.000N tau_mag=0.0000Nm misalign_deg=90.0 pos=[ 0.10902453 -0.1090456   0.49140108] bottom_world=[ 0.10902444 -0.10904569  0.47140108] quat=[ 9.2300045e-01 -2.9777802e-06  1.3660242e-06 -3.8479894e-01] speed=0.0010 ang_speed=0.0024 ang_vel_vec=[2.2103897e-05 1.9765163e-03 1.3748488e-03] |com_force|=0.0000N
### kotek_magnet[tick=8580] sensor3: d=0.5470m in_range=False f_mag=0.000N tau_mag=0.0000Nm misalign_deg=90.0 pos=[-0.10910817 -0.10914572  0.49140108] bottom_world=[-0.10910791 -0.10914585  0.47140108] quat=[-3.8058421e-01 -4.8392253e-06  5.6842509e-06  9.2474627e-01] speed=0.0010 ang_speed=0.0033 ang_vel_vec=[ 0.00243315  0.00198147 -0.00093451] |com_force|=0.0000N
### kotek_magnet[tick=8580] sensor4: d=0.5249m in_range=False f_mag=0.000N tau_mag=0.0000Nm misalign_deg=90.0 pos=[-0.10900032  0.10899963  0.49140227] bottom_world=[-0.1090003   0.10899969  0.47140227] quat=[ 3.8268211e-01  4.3784944e-08 -1.5642379e-06  9.2388004e-01] speed=0.0005 ang_speed=0.0024 ang_vel_vec=[ 0.00133532  0.00176061 -0.00087509] |com_force|=0.0000N
### kotek_magnet[tick=8640] sensor1: d=0.3285m in_range=False f_mag=0.000N tau_mag=0.0000Nm misalign_deg=70.7 pos=[0.2634495  0.10809824 0.5354462 ] bottom_world=[0.27006277 0.10053638 0.51815221] quat=[ 0.80756706 -0.25760937 -0.03587647  0.52932566] speed=0.0726 ang_speed=7.2824 ang_vel_vec=[-1.469076   4.4309473  5.589507 ] |com_force|=0.0000N
### kotek_magnet[tick=8640] sensor2: d=0.3208m in_range=False f_mag=0.000N tau_mag=0.0000Nm misalign_deg=90.0 pos=[ 0.10902476 -0.10904556  0.49140096] bottom_world=[ 0.10902457 -0.10904566  0.47140096] quat=[ 9.2300051e-01 -4.3759401e-06  3.5381806e-06 -3.8479877e-01] speed=0.0010 ang_speed=0.0021 ang_vel_vec=[-0.001253   -0.00159922  0.00057374] |com_force|=0.0000N
### kotek_magnet[tick=8640] sensor3: d=0.5470m in_range=False f_mag=0.000N tau_mag=0.0000Nm misalign_deg=90.0 pos=[-0.10910746 -0.10914603  0.49140114] bottom_world=[-0.10910741 -0.1091459   0.47140114] quat=[-3.8058376e-01 -2.3802982e-06 -2.3686275e-06  9.2474645e-01] speed=0.0004 ang_speed=0.0027 ang_vel_vec=[-0.00030283  0.00247545 -0.00096321] |com_force|=0.0000N
### kotek_magnet[tick=8640] sensor4: d=0.5249m in_range=False f_mag=0.000N tau_mag=0.0000Nm misalign_deg=90.0 pos=[-0.10900003  0.10900024  0.49140224] bottom_world=[-0.10900024  0.1090001   0.47140224] quat=[3.8268209e-01 3.5970982e-06 5.2713290e-06 9.2388010e-01] speed=0.0011 ang_speed=0.0014 ang_vel_vec=[ 0.00070564 -0.00065099 -0.0009955 ] |com_force|=0.0000N
### kotek_magnet[tick=8700] sensor1: d=0.3172m in_range=False f_mag=0.000N tau_mag=0.0000Nm misalign_deg=68.5 pos=[0.2721802  0.10130195 0.5306873 ] bottom_world=[0.27950452 0.09347859 0.5138009 ] quat=[ 0.77934086 -0.27669942 -0.03575248  0.5610588 ] speed=0.0904 ang_speed=6.6301 ang_vel_vec=[-1.5360919  3.9460866  5.1016154] |com_force|=0.0000N
### kotek_magnet[tick=8700] sensor2: d=0.3208m in_range=False f_mag=0.000N tau_mag=0.0000Nm misalign_deg=90.0 pos=[ 0.10902473 -0.10904588  0.49140105] bottom_world=[ 0.10902458 -0.10904595  0.47140105] quat=[ 9.2300051e-01 -3.0961774e-06  2.9608334e-06 -3.8479868e-01] speed=0.0007 ang_speed=0.0030 ang_vel_vec=[ 0.00081882 -0.0028675   0.000378  ] |com_force|=0.0000N
### kotek_magnet[tick=8700] sensor3: d=0.5470m in_range=False f_mag=0.000N tau_mag=0.0000Nm misalign_deg=90.0 pos=[-0.10910748 -0.10914605  0.49140105] bottom_world=[-0.10910742 -0.10914593  0.47140105] quat=[-3.8058388e-01 -2.3982614e-06 -2.2314512e-06  9.2474645e-01] speed=0.0004 ang_speed=0.0027 ang_vel_vec=[-1.6189524e-05  2.4850289e-03 -9.2552265e-04] |com_force|=0.0000N
### kotek_magnet[tick=8700] sensor4: d=0.5249m in_range=False f_mag=0.000N tau_mag=0.0000Nm misalign_deg=90.0 pos=[-0.10900033  0.10899964  0.49140233] bottom_world=[-0.10900032  0.10899969  0.47140233] quat=[ 3.8268220e-01  3.0037268e-07 -1.2365476e-06  9.2388010e-01] speed=0.0005 ang_speed=0.0023 ang_vel_vec=[ 0.00152687  0.00144897 -0.00096316] |com_force|=0.0000N
### kotek_magnet[tick=8760] sensor1: d=0.3060m in_range=False f_mag=0.000N tau_mag=0.0000Nm misalign_deg=66.3 pos=[0.28015846 0.09394903 0.52599734] bottom_world=[0.28819427 0.0859523  0.50952074] quat=[ 0.7498442  -0.29465348 -0.03555848  0.5913109 ] speed=0.0932 ang_speed=6.6294 ang_vel_vec=[-2.2407217  3.9270885  4.8482447] |com_force|=0.0000N
### kotek_magnet[tick=8760] sensor2: d=0.3208m in_range=False f_mag=0.000N tau_mag=0.0000Nm misalign_deg=90.0 pos=[ 0.10902474 -0.10904588  0.49140105] bottom_world=[ 0.10902458 -0.10904595  0.47140105] quat=[ 9.2300057e-01 -3.1653781e-06  3.0701167e-06 -3.8479865e-01] speed=0.0007 ang_speed=0.0035 ang_vel_vec=[ 0.00110252 -0.00332002  0.00052774] |com_force|=0.0000N
### kotek_magnet[tick=8760] sensor3: d=0.5470m in_range=False f_mag=0.000N tau_mag=0.0000Nm misalign_deg=90.0 pos=[-0.1091072  -0.10914586  0.49140105] bottom_world=[-0.10910718 -0.10914581  0.47140105] quat=[-3.8058358e-01 -1.0880967e-06 -9.1687753e-07  9.2474657e-01] speed=0.0003 ang_speed=0.0031 ang_vel_vec=[0.00274598 0.00148349 0.0002126 ] |com_force|=0.0000N
### kotek_magnet[tick=8760] sensor4: d=0.5249m in_range=False f_mag=0.000N tau_mag=0.0000Nm misalign_deg=90.0 pos=[-0.10900032  0.10899962  0.49140233] bottom_world=[-0.10900031  0.10899968  0.47140233] quat=[ 3.8268220e-01  2.7012879e-07 -1.4070242e-06  9.2388010e-01] speed=0.0005 ang_speed=0.0021 ang_vel_vec=[ 0.00148077  0.0013453  -0.00078634] |com_force|=0.0000N
### kotek_magnet[tick=8820] sensor1: d=0.2942m in_range=False f_mag=0.000N tau_mag=0.0000Nm misalign_deg=64.0 pos=[0.28769433 0.08569825 0.5210877 ] bottom_world=[0.29644717 0.0775888  0.50503701] quat=[ 0.71842754 -0.31228116 -0.03483005  0.6205878 ] speed=0.0973 ang_speed=6.5925 ang_vel_vec=[-2.505793  3.997041  4.604987] |com_force|=0.0000N
### kotek_magnet[tick=8820] sensor2: d=0.3208m in_range=False f_mag=0.000N tau_mag=0.0000Nm misalign_deg=90.0 pos=[ 0.10902452 -0.10904559  0.49140105] bottom_world=[ 0.10902442 -0.10904567  0.47140105] quat=[ 9.2300040e-01 -2.7301376e-06  1.3835211e-06 -3.8479900e-01] speed=0.0010 ang_speed=0.0023 ang_vel_vec=[-5.0646104e-05  1.6966192e-03  1.5133845e-03] |com_force|=0.0000N
### kotek_magnet[tick=8820] sensor3: d=0.5470m in_range=False f_mag=0.000N tau_mag=0.0000Nm misalign_deg=90.0 pos=[-0.10910638 -0.10914588  0.491401  ] bottom_world=[-0.10910658 -0.10914567  0.47140099] quat=[-3.8058305e-01  2.6966027e-06 -6.7147921e-06  9.2474687e-01] speed=0.0011 ang_speed=0.0028 ang_vel_vec=[2.3736265e-03 9.3082024e-05 1.5196148e-03] |com_force|=0.0000N
### kotek_magnet[tick=8820] sensor4: d=0.5249m in_range=False f_mag=0.000N tau_mag=0.0000Nm misalign_deg=90.0 pos=[-0.10900011  0.10899856  0.49140227] bottom_world=[-0.10900002  0.10899885  0.47140227] quat=[ 3.8268319e-01  7.5915250e-07 -7.5889266e-06  9.2387974e-01] speed=0.0009 ang_speed=0.0017 ang_vel_vec=[-0.00028935 -0.00090874  0.00139814] |com_force|=0.0000N
### kotek_magnet[tick=8880] sensor1: d=0.2821m in_range=False f_mag=0.000N tau_mag=0.0000Nm misalign_deg=61.8 pos=[0.29468173 0.07668956 0.5160882 ] bottom_world=[0.30414802 0.06854667 0.50046504] quat=[ 0.68562037 -0.32904077 -0.03396454  0.64846236] speed=0.1001 ang_speed=7.0005 ang_vel_vec=[-3.3982072  3.8970466  4.719294 ] |com_force|=0.0000N
### kotek_magnet[tick=8880] sensor2: d=0.3208m in_range=False f_mag=0.000N tau_mag=0.0000Nm misalign_deg=90.0 pos=[ 0.10902453 -0.10904568  0.49140117] bottom_world=[ 0.10902445 -0.10904574  0.47140117] quat=[ 9.2300051e-01 -2.3531645e-06  1.2707948e-06 -3.8479900e-01] speed=0.0010 ang_speed=0.0028 ang_vel_vec=[-0.00054059  0.0023704   0.00146842] |com_force|=0.0000N
### kotek_magnet[tick=8880] sensor3: d=0.5470m in_range=False f_mag=0.000N tau_mag=0.0000Nm misalign_deg=90.0 pos=[-0.10910637 -0.10914592  0.49140117] bottom_world=[-0.10910656 -0.10914572  0.47140117] quat=[-3.8058290e-01  2.5459599e-06 -6.4634587e-06  9.2474693e-01] speed=0.0011 ang_speed=0.0036 ang_vel_vec=[0.0031717  0.00062137 0.0014751 ] |com_force|=0.0000N
### kotek_magnet[tick=8880] sensor4: d=0.5249m in_range=False f_mag=0.000N tau_mag=0.0000Nm misalign_deg=90.0 pos=[-0.10900038  0.10899844  0.49140224] bottom_world=[-0.10900019  0.10899876  0.47140224] quat=[ 3.8268289e-01 -1.2687264e-06 -9.1032225e-06  9.2387980e-01] speed=0.0008 ang_speed=0.0025 ang_vel_vec=[0.00072316 0.00233875 0.00060644] |com_force|=0.0000N
### kotek_magnet[tick=8940] sensor1: d=0.2698m in_range=False f_mag=0.000N tau_mag=0.0000Nm misalign_deg=59.4 pos=[0.30105338 0.0669991  0.51108503] bottom_world=[0.31124159 0.05889529 0.49590187] quat=[ 0.65201974 -0.34539285 -0.03353614  0.6741287 ] speed=0.0912 ang_speed=7.1900 ang_vel_vec=[-3.7139432  4.488315   4.2140727] |com_force|=0.0000N
### kotek_magnet[tick=8940] sensor2: d=0.3208m in_range=False f_mag=0.000N tau_mag=0.0000Nm misalign_deg=90.0 pos=[ 0.10902452 -0.10904561  0.49140105] bottom_world=[ 0.10902443 -0.10904568  0.47140105] quat=[ 9.2300045e-01 -2.3693026e-06  1.3035278e-06 -3.8479897e-01] speed=0.0010 ang_speed=0.0024 ang_vel_vec=[-0.00028615  0.0018869   0.00151187] |com_force|=0.0000N
### kotek_magnet[tick=8940] sensor3: d=0.5470m in_range=False f_mag=0.000N tau_mag=0.0000Nm misalign_deg=90.0 pos=[-0.10910725 -0.10914582  0.4914011 ] bottom_world=[-0.10910722 -0.10914578  0.47140111] quat=[-3.8058332e-01 -9.4533112e-07 -5.8132184e-07  9.2474663e-01] speed=0.0003 ang_speed=0.0062 ang_vel_vec=[0.00530413 0.0031187  0.00040135] |com_force|=0.0000N
### kotek_magnet[tick=8940] sensor4: d=0.5249m in_range=False f_mag=0.000N tau_mag=0.0000Nm misalign_deg=90.0 pos=[-0.10900033  0.10899875  0.49140236] bottom_world=[-0.10900019  0.10899903  0.47140236] quat=[ 3.8268268e-01 -6.4366861e-07 -7.7716513e-06  9.2387986e-01] speed=0.0006 ang_speed=0.0039 ang_vel_vec=[-0.00128834  0.00366417  0.00049945] |com_force|=0.0000N
### kotek_magnet[tick=9000] sensor1: d=0.2573m in_range=False f_mag=0.000N tau_mag=0.0000Nm misalign_deg=57.0 pos=[0.3068233  0.05669716 0.5059669 ] bottom_world=[0.31770985 0.04870079 0.49121762] quat=[ 0.61636066 -0.36087453 -0.0322093   0.699165  ] speed=0.0938 ang_speed=7.1239 ang_vel_vec=[-4.1752486  4.2514234  3.9041486] |com_force|=0.0000N
### kotek_magnet[tick=9000] sensor2: d=0.3208m in_range=False f_mag=0.000N tau_mag=0.0000Nm misalign_deg=90.0 pos=[ 0.10902453 -0.10904565  0.49140105] bottom_world=[ 0.10902445 -0.10904572  0.47140105] quat=[ 9.2300040e-01 -2.3725086e-06  1.2022811e-06 -3.8479903e-01] speed=0.0010 ang_speed=0.0026 ang_vel_vec=[-0.00014427  0.00202236  0.00161602] |com_force|=0.0000N
### kotek_magnet[tick=9000] sensor3: d=0.5470m in_range=False f_mag=0.000N tau_mag=0.0000Nm misalign_deg=90.0 pos=[-0.10910637 -0.1091461   0.49140117] bottom_world=[-0.10910659 -0.1091458   0.47140117] quat=[-3.8058305e-01  2.1928699e-06 -9.1088677e-06  9.2474681e-01] speed=0.0010 ang_speed=0.0023 ang_vel_vec=[-0.00204302  0.00072913  0.00088722] |com_force|=0.0000N
### kotek_magnet[tick=9000] sensor4: d=0.5249m in_range=False f_mag=0.000N tau_mag=0.0000Nm misalign_deg=90.0 pos=[-0.10900005  0.10900024  0.4914022 ] bottom_world=[-0.10900027  0.10900009  0.47140221] quat=[3.8268203e-01 3.7238658e-06 5.4645293e-06 9.2388016e-01] speed=0.0010 ang_speed=0.0016 ang_vel_vec=[ 0.00112098 -0.00091254 -0.00068235] |com_force|=0.0000N
### kotek_magnet[tick=9060] sensor1: d=0.2447m in_range=False f_mag=0.000N tau_mag=0.0000Nm misalign_deg=54.7 pos=[0.31191978 0.04596516 0.5008681 ] bottom_world=[0.32348149 0.03814577 0.48654384] quat=[ 0.57996047 -0.3754267  -0.03080052  0.7223241 ] speed=0.1029 ang_speed=7.0305 ang_vel_vec=[-4.6184874  3.929414   3.557601 ] |com_force|=0.0000N
### kotek_magnet[tick=9060] sensor2: d=0.3208m in_range=False f_mag=0.000N tau_mag=0.0000Nm misalign_deg=90.0 pos=[ 0.10902454 -0.10904565  0.49140105] bottom_world=[ 0.10902446 -0.10904571  0.47140105] quat=[ 9.2300057e-01 -2.3499035e-06  1.2700281e-06 -3.8479885e-01] speed=0.0010 ang_speed=0.0023 ang_vel_vec=[-0.0002136   0.00178824  0.0013557 ] |com_force|=0.0000N
### kotek_magnet[tick=9060] sensor3: d=0.5470m in_range=False f_mag=0.000N tau_mag=0.0000Nm misalign_deg=90.0 pos=[-0.10910637 -0.10914589  0.49140114] bottom_world=[-0.10910657 -0.10914569  0.47140114] quat=[-3.8058305e-01  2.6429168e-06 -6.5943191e-06  9.2474687e-01] speed=0.0011 ang_speed=0.0030 ang_vel_vec=[0.00262325 0.00033838 0.00136472] |com_force|=0.0000N
### kotek_magnet[tick=9060] sensor4: d=0.5249m in_range=False f_mag=0.000N tau_mag=0.0000Nm misalign_deg=90.0 pos=[-0.10900003  0.1090002   0.49140236] bottom_world=[-0.10900025  0.10900006  0.47140236] quat=[3.8268203e-01 3.7255427e-06 5.3477002e-06 9.2388010e-01] speed=0.0010 ang_speed=0.0019 ang_vel_vec=[ 0.00119036 -0.00108431 -0.00095175] |com_force|=0.0000N
### kotek_magnet[tick=9120] sensor1: d=0.2321m in_range=False f_mag=0.000N tau_mag=0.0000Nm misalign_deg=52.4 pos=[0.31645286 0.03466263 0.49589068] bottom_world=[0.32865869 0.02707301 0.48198329] quat=[ 0.54450357 -0.3891344  -0.02982722  0.7424289 ] speed=0.0936 ang_speed=7.4645 ang_vel_vec=[-4.671956  3.115554  4.91782 ] |com_force|=0.0000N
### kotek_magnet[tick=9120] sensor2: d=0.3208m in_range=False f_mag=0.000N tau_mag=0.0000Nm misalign_deg=90.0 pos=[ 0.10902473 -0.10904676  0.49140108] bottom_world=[ 0.10902471 -0.1090466   0.47140108] quat=[ 9.2300081e-01  3.5259407e-06  1.9670554e-06 -3.8479814e-01] speed=0.0005 ang_speed=0.0020 ang_vel_vec=[-0.0017529  -0.00023881 -0.00083193] |com_force|=0.0000N
### kotek_magnet[tick=9120] sensor3: d=0.5470m in_range=False f_mag=0.000N tau_mag=0.0000Nm misalign_deg=90.0 pos=[-0.10910641 -0.10914589  0.4914011 ] bottom_world=[-0.10910661 -0.10914568  0.47140111] quat=[-3.8058293e-01  2.6488894e-06 -6.7331307e-06  9.2474687e-01] speed=0.0011 ang_speed=0.0026 ang_vel_vec=[0.00224027 0.00017603 0.0013571 ] |com_force|=0.0000N
### kotek_magnet[tick=9120] sensor4: d=0.5249m in_range=False f_mag=0.000N tau_mag=0.0000Nm misalign_deg=90.0 pos=[-0.10900002  0.10900021  0.49140224] bottom_world=[-0.10900024  0.10900006  0.47140224] quat=[3.8268223e-01 3.7544705e-06 5.3834219e-06 9.2388010e-01] speed=0.0010 ang_speed=0.0019 ang_vel_vec=[ 0.00121071 -0.00107839 -0.00090283] |com_force|=0.0000N
### kotek_magnet[tick=9180] sensor1: d=0.2194m in_range=False f_mag=0.000N tau_mag=0.0000Nm misalign_deg=50.0 pos=[0.32028466 0.02298967 0.49079305] bottom_world=[0.33314933 0.01572092 0.47731471] quat=[ 0.5056873  -0.4027562  -0.02879094  0.7623903 ] speed=0.1256 ang_speed=6.2733 ang_vel_vec=[-4.479614   3.5151677  2.6327264] |com_force|=0.0000N
### kotek_magnet[tick=9180] sensor2: d=0.3208m in_range=False f_mag=0.000N tau_mag=0.0000Nm misalign_deg=90.0 pos=[ 0.10902443 -0.10904736  0.49140102] bottom_world=[ 0.10902464 -0.10904701  0.47140102] quat=[ 9.2300081e-01  1.0176032e-05 -1.3899280e-06 -3.8479799e-01] speed=0.0009 ang_speed=0.0013 ang_vel_vec=[-0.00053111  0.00094737 -0.00078496] |com_force|=0.0000N
### kotek_magnet[tick=9180] sensor3: d=0.5470m in_range=False f_mag=0.000N tau_mag=0.0000Nm misalign_deg=90.0 pos=[-0.10910638 -0.10914586  0.4914011 ] bottom_world=[-0.10910656 -0.10914567  0.47140111] quat=[-3.8058272e-01  2.4838985e-06 -6.2701888e-06  9.2474687e-01] speed=0.0011 ang_speed=0.0036 ang_vel_vec=[0.0032083  0.0008001  0.00150512] |com_force|=0.0000N
### kotek_magnet[tick=9180] sensor4: d=0.5249m in_range=False f_mag=0.000N tau_mag=0.0000Nm misalign_deg=90.0 pos=[-0.109       0.10900022  0.49140227] bottom_world=[-0.10900023  0.10900007  0.47140227] quat=[3.8268217e-01 4.0389154e-06 5.7314987e-06 9.2388010e-01] speed=0.0010 ang_speed=0.0024 ang_vel_vec=[ 0.00157535 -0.00163014 -0.0008265 ] |com_force|=0.0000N
### kotek_magnet[tick=9240] sensor1: d=0.2068m in_range=False f_mag=0.000N tau_mag=0.0000Nm misalign_deg=47.7 pos=[0.32353324 0.01093275 0.48586732] bottom_world=[0.33700365 0.00403296 0.47279288] quat=[ 0.4690643  -0.41512066 -0.02852834  0.7789992 ] speed=0.0881 ang_speed=8.5034 ang_vel_vec=[-6.505107   4.5813637  3.0003805] |com_force|=0.0000N
### kotek_magnet[tick=9240] sensor2: d=0.3208m in_range=False f_mag=0.000N tau_mag=0.0000Nm misalign_deg=90.0 pos=[ 0.10902445 -0.10904735  0.4914011 ] bottom_world=[ 0.10902465 -0.10904699  0.47140111] quat=[ 9.2300087e-01  1.0081956e-05 -1.2853357e-06 -3.8479799e-01] speed=0.0010 ang_speed=0.0012 ang_vel_vec=[-0.00032472  0.00077929 -0.00084638] |com_force|=0.0000N
### kotek_magnet[tick=9240] sensor3: d=0.5470m in_range=False f_mag=0.000N tau_mag=0.0000Nm misalign_deg=90.0 pos=[-0.10910664 -0.10914606  0.49140102] bottom_world=[-0.10910682 -0.1091458   0.47140102] quat=[-3.8058329e-01  1.6313465e-06 -7.6148040e-06  9.2474663e-01] speed=0.0007 ang_speed=0.0035 ang_vel_vec=[-0.00327335 -0.00122494  0.00045294] |com_force|=0.0000N
### kotek_magnet[tick=9240] sensor4: d=0.5249m in_range=False f_mag=0.000N tau_mag=0.0000Nm misalign_deg=90.0 pos=[-0.10900001  0.10900022  0.49140227] bottom_world=[-0.10900024  0.10900008  0.47140227] quat=[3.8268214e-01 3.8461926e-06 5.4434677e-06 9.2388016e-01] speed=0.0010 ang_speed=0.0021 ang_vel_vec=[ 0.00138979 -0.00126219 -0.00088157] |com_force|=0.0000N
### kotek_magnet[tick=9300] sensor1: d=0.1942m in_range=False f_mag=0.000N tau_mag=0.0000Nm misalign_deg=45.5 pos=[ 0.32619572 -0.00143413  0.48091432] bottom_world=[ 0.34021955 -0.00804379  0.46827927] quat=[ 0.4346809  -0.42828184 -0.02642701  0.7917884 ] speed=0.1245 ang_speed=6.4678 ang_vel_vec=[-3.0990818  2.1931913  5.2362337] |com_force|=0.0000N
### kotek_magnet[tick=9300] sensor2: d=0.3208m in_range=False f_mag=0.000N tau_mag=0.0000Nm misalign_deg=90.0 pos=[ 0.10902451 -0.10904572  0.49140093] bottom_world=[ 0.10902444 -0.10904578  0.47140093] quat=[ 9.2300045e-01 -1.9326924e-06  1.1200873e-06 -3.8479900e-01] speed=0.0009 ang_speed=0.0024 ang_vel_vec=[-0.00039421  0.00179981  0.001585  ] |com_force|=0.0000N
### kotek_magnet[tick=9300] sensor3: d=0.5470m in_range=False f_mag=0.000N tau_mag=0.0000Nm misalign_deg=90.0 pos=[-0.10910641 -0.10914592  0.49140108] bottom_world=[-0.1091066  -0.10914572  0.47140108] quat=[-3.8058293e-01  2.5445158e-06 -6.3926809e-06  9.2474681e-01] speed=0.0011 ang_speed=0.0030 ang_vel_vec=[0.00248054 0.00036861 0.00161164] |com_force|=0.0000N
### kotek_magnet[tick=9300] sensor4: d=0.5249m in_range=False f_mag=0.000N tau_mag=0.0000Nm misalign_deg=90.0 pos=[-0.1090003   0.10899954  0.4914023 ] bottom_world=[-0.10900028  0.10899959  0.4714023 ] quat=[ 3.8268217e-01  3.2251009e-07 -1.4771213e-06  9.2388010e-01] speed=0.0005 ang_speed=0.0024 ang_vel_vec=[ 0.00168179  0.00159197 -0.00070799] |com_force|=0.0000N
### kotek_magnet[tick=9360] sensor1: d=0.1820m in_range=False f_mag=0.000N tau_mag=0.0000Nm misalign_deg=43.2 pos=[ 0.32810965 -0.01399862  0.47619286] bottom_world=[ 0.34268304 -0.02008237  0.46392076] quat=[ 0.39774027 -0.4386631  -0.02778924  0.8053602 ] speed=0.1182 ang_speed=7.5025 ang_vel_vec=[-6.4166183  3.4373384  1.8164952] |com_force|=0.0000N
### kotek_magnet[tick=9360] sensor2: d=0.3208m in_range=False f_mag=0.000N tau_mag=0.0000Nm misalign_deg=90.0 pos=[ 0.10902452 -0.10904568  0.49140105] bottom_world=[ 0.10902445 -0.10904573  0.47140105] quat=[ 9.2300045e-01 -1.7736384e-06  1.0092372e-06 -3.8479900e-01] speed=0.0009 ang_speed=0.0029 ang_vel_vec=[-0.00071595  0.00234893  0.00151186] |com_force|=0.0000N
### kotek_magnet[tick=9360] sensor3: d=0.5470m in_range=False f_mag=0.000N tau_mag=0.0000Nm misalign_deg=90.0 pos=[-0.10910641 -0.10914589  0.49140105] bottom_world=[-0.1091066  -0.1091457   0.47140105] quat=[-3.8058299e-01  2.5158761e-06 -6.1796773e-06  9.2474675e-01] speed=0.0010 ang_speed=0.0036 ang_vel_vec=[0.00314813 0.00077166 0.00152245] |com_force|=0.0000N
### kotek_magnet[tick=9360] sensor4: d=0.5249m in_range=False f_mag=0.000N tau_mag=0.0000Nm misalign_deg=90.0 pos=[-0.10899999  0.10900019  0.49140227] bottom_world=[-0.10900021  0.10900005  0.47140227] quat=[3.8268211e-01 3.7423449e-06 5.4772077e-06 9.2388010e-01] speed=0.0010 ang_speed=0.0019 ang_vel_vec=[ 0.00132571 -0.00112317 -0.0007941 ] |com_force|=0.0000N
### kotek_magnet[tick=9420] sensor1: d=0.1702m in_range=False f_mag=0.000N tau_mag=0.0000Nm misalign_deg=41.0 pos=[ 0.3291836  -0.02666614  0.47148505] bottom_world=[ 0.34426783 -0.03223767  0.45959286] quat=[ 0.3585698  -0.44942245 -0.02673266  0.81776065] speed=0.1521 ang_speed=6.0935 ang_vel_vec=[-5.6526947  1.2535201  1.899127 ] |com_force|=0.0000N
### kotek_magnet[tick=9420] sensor2: d=0.3208m in_range=False f_mag=0.000N tau_mag=0.0000Nm misalign_deg=90.0 pos=[ 0.10902474 -0.10904594  0.49140096] bottom_world=[ 0.10902458 -0.10904599  0.47140096] quat=[ 9.2300057e-01 -2.7335727e-06  3.2783646e-06 -3.8479865e-01] speed=0.0006 ang_speed=0.0024 ang_vel_vec=[ 0.00017198 -0.0023723   0.00045443] |com_force|=0.0000N
### kotek_magnet[tick=9420] sensor3: d=0.5470m in_range=False f_mag=0.000N tau_mag=0.0000Nm misalign_deg=90.0 pos=[-0.10910641 -0.10914589  0.4914011 ] bottom_world=[-0.1091066  -0.1091457   0.47140111] quat=[-3.8058308e-01  2.4528176e-06 -6.2147915e-06  9.2474681e-01] speed=0.0011 ang_speed=0.0034 ang_vel_vec=[0.00302117 0.00072428 0.00139023] |com_force|=0.0000N
### kotek_magnet[tick=9420] sensor4: d=0.5249m in_range=False f_mag=0.000N tau_mag=0.0000Nm misalign_deg=90.0 pos=[-0.10900003  0.10900018  0.49140227] bottom_world=[-0.10900026  0.10900003  0.47140227] quat=[3.826820e-01 3.892607e-06 5.569261e-06 9.238801e-01] speed=0.0010 ang_speed=0.0022 ang_vel_vec=[ 0.0014572  -0.00132684 -0.00090965] |com_force|=0.0000N
### kotek_magnet[tick=9480] sensor1: d=0.1588m in_range=False f_mag=0.000N tau_mag=0.0000Nm misalign_deg=38.8 pos=[ 0.3296434 -0.0395325  0.4668684] bottom_world=[ 0.3452246  -0.04456145  0.45538206] quat=[ 0.3180989  -0.4606626  -0.02512891  0.8282341 ] speed=0.1555 ang_speed=6.1992 ang_vel_vec=[-5.8312078  0.9765745  1.8635837] |com_force|=0.0000N
### kotek_magnet[tick=9480] sensor2: d=0.3208m in_range=False f_mag=0.000N tau_mag=0.0000Nm misalign_deg=90.0 pos=[ 0.10902452 -0.1090457   0.4914011 ] bottom_world=[ 0.10902446 -0.10904574  0.47140111] quat=[ 9.2300051e-01 -1.6613798e-06  1.1009779e-06 -3.8479888e-01] speed=0.0009 ang_speed=0.0026 ang_vel_vec=[-0.00075013  0.00207019  0.0014006 ] |com_force|=0.0000N
### kotek_magnet[tick=9480] sensor3: d=0.5470m in_range=False f_mag=0.000N tau_mag=0.0000Nm misalign_deg=90.0 pos=[-0.10910642 -0.10914592  0.4914011 ] bottom_world=[-0.1091066  -0.10914573  0.47140111] quat=[-3.8058296e-01  2.3508151e-06 -6.0221309e-06  9.2474675e-01] speed=0.0010 ang_speed=0.0033 ang_vel_vec=[0.00282802 0.00085385 0.00143222] |com_force|=0.0000N
### kotek_magnet[tick=9480] sensor4: d=0.5249m in_range=False f_mag=0.000N tau_mag=0.0000Nm misalign_deg=90.0 pos=[-0.10900028  0.10899952  0.49140224] bottom_world=[-0.10900028  0.10899958  0.47140224] quat=[ 3.826822e-01  4.778537e-07 -1.437129e-06  9.238801e-01] speed=0.0004 ang_speed=0.0024 ang_vel_vec=[ 0.00223747  0.00042906 -0.00089618] |com_force|=0.0000N
### kotek_magnet[tick=9540] sensor1: d=0.1479m in_range=False f_mag=0.000N tau_mag=0.0000Nm misalign_deg=36.6 pos=[ 0.32948977 -0.05265203  0.46239236] bottom_world=[ 0.34553671 -0.05710711  0.45131771] quat=[ 0.27717853 -0.47180107 -0.02318221  0.836683  ] speed=0.1578 ang_speed=6.3040 ang_vel_vec=[-5.991576    0.69149315  1.8340678 ] |com_force|=0.0000N
### kotek_magnet[tick=9540] sensor2: d=0.3208m in_range=False f_mag=0.000N tau_mag=0.0000Nm misalign_deg=90.0 pos=[ 0.10902444 -0.10904657  0.4914009 ] bottom_world=[ 0.1090245  -0.10904639  0.4714009 ] quat=[ 9.2300057e-01  4.8347092e-06  1.9899254e-07 -3.8479850e-01] speed=0.0001 ang_speed=0.0008 ang_vel_vec=[-0.00045302  0.00031078  0.00058973] |com_force|=0.0000N
### kotek_magnet[tick=9540] sensor3: d=0.5470m in_range=False f_mag=0.000N tau_mag=0.0000Nm misalign_deg=90.0 pos=[-0.10910638 -0.10914595  0.4914012 ] bottom_world=[-0.10910658 -0.10914573  0.4714012 ] quat=[-3.8058296e-01  2.7125802e-06 -7.0406113e-06  9.2474687e-01] speed=0.0011 ang_speed=0.0024 ang_vel_vec=[ 0.00171123 -0.00010294  0.00167778] |com_force|=0.0000N
### kotek_magnet[tick=9540] sensor4: d=0.5249m in_range=False f_mag=0.000N tau_mag=0.0000Nm misalign_deg=90.0 pos=[-0.10900032  0.10899951  0.49140227] bottom_world=[-0.10900029  0.10899957  0.47140227] quat=[ 3.8268223e-01  5.5060429e-08 -1.7429379e-06  9.2388010e-01] speed=0.0004 ang_speed=0.0023 ang_vel_vec=[ 0.00174242  0.00142547 -0.00061251] |com_force|=0.0000N
### kotek_magnet[tick=9600] sensor1: d=0.1378m in_range=False f_mag=0.000N tau_mag=0.0000Nm misalign_deg=34.5 pos=[ 0.32882872 -0.06552221  0.45817858] bottom_world=[ 0.34530725 -0.06937388  0.44751918] quat=[ 0.23611762 -0.48277763 -0.02099582  0.8430501 ] speed=0.1592 ang_speed=6.4132 ang_vel_vec=[-6.150151   0.4229733  1.7680607] |com_force|=0.0000N
### kotek_magnet[tick=9600] sensor2: d=0.3208m in_range=False f_mag=0.000N tau_mag=0.0000Nm misalign_deg=90.0 pos=[ 0.10902475 -0.10904596  0.491401  ] bottom_world=[ 0.10902458 -0.10904601  0.47140099] quat=[ 9.2300063e-01 -2.6589701e-06  3.3973020e-06 -3.8479844e-01] speed=0.0006 ang_speed=0.0025 ang_vel_vec=[ 5.3033582e-05 -2.4302385e-03  4.0859246e-04] |com_force|=0.0000N
### kotek_magnet[tick=9600] sensor3: d=0.5470m in_range=False f_mag=0.000N tau_mag=0.0000Nm misalign_deg=90.0 pos=[-0.10910668 -0.10914616  0.4914011 ] bottom_world=[-0.10910686 -0.10914589  0.47140111] quat=[-3.8058335e-01  1.4402078e-06 -7.8955582e-06  9.2474669e-01] speed=0.0007 ang_speed=0.0031 ang_vel_vec=[-0.0029516  -0.00067631  0.00038325] |com_force|=0.0000N
### kotek_magnet[tick=9600] sensor4: d=0.5249m in_range=False f_mag=0.000N tau_mag=0.0000Nm misalign_deg=90.0 pos=[-0.10900014  0.1089984   0.4914023 ] bottom_world=[-0.10900004  0.10899871  0.4714023 ] quat=[ 3.8268304e-01  6.2274609e-07 -8.2492461e-06  9.2387974e-01] speed=0.0010 ang_speed=0.0016 ang_vel_vec=[-0.00043926 -0.0009776   0.00119915] |com_force|=0.0000N
### kotek_magnet[tick=9660] sensor1: d=0.1289m in_range=False f_mag=0.000N tau_mag=0.0000Nm misalign_deg=32.5 pos=[ 0.32764155 -0.07828206  0.45431736] bottom_world=[ 0.3445096  -0.08153047  0.44407449] quat=[ 0.19584695 -0.49355403 -0.01823781  0.8471811 ] speed=0.1595 ang_speed=6.5223 ang_vel_vec=[-6.2870355   0.12681684  1.7312229 ] |com_force|=0.0000N
### kotek_magnet[tick=9660] sensor2: d=0.3208m in_range=False f_mag=0.000N tau_mag=0.0000Nm misalign_deg=90.0 pos=[ 0.10902449 -0.10904571  0.49140096] bottom_world=[ 0.10902442 -0.10904576  0.47140096] quat=[ 9.2300045e-01 -1.7132552e-06  1.0267456e-06 -3.8479888e-01] speed=0.0009 ang_speed=0.0025 ang_vel_vec=[-0.00054085  0.00191822  0.00148513] |com_force|=0.0000N
### kotek_magnet[tick=9660] sensor3: d=0.5470m in_range=False f_mag=0.000N tau_mag=0.0000Nm misalign_deg=90.0 pos=[-0.10910641 -0.10914589  0.49140096] bottom_world=[-0.10910659 -0.1091457   0.47140096] quat=[-3.8058293e-01  2.3335449e-06 -5.9261256e-06  9.2474687e-01] speed=0.0010 ang_speed=0.0033 ang_vel_vec=[0.00283659 0.00077997 0.00150612] |com_force|=0.0000N
### kotek_magnet[tick=9660] sensor4: d=0.5249m in_range=False f_mag=0.000N tau_mag=0.0000Nm misalign_deg=90.0 pos=[-0.10900033  0.10899871  0.49140233] bottom_world=[-0.10900018  0.108999    0.47140233] quat=[ 3.8268277e-01 -6.1581989e-07 -8.1495073e-06  9.2387992e-01] speed=0.0006 ang_speed=0.0045 ang_vel_vec=[-0.0015831   0.00415198  0.00041217] |com_force|=0.0000N
### kotek_magnet[tick=9720] sensor1: d=0.1211m in_range=False f_mag=0.000N tau_mag=0.0000Nm misalign_deg=30.5 pos=[ 0.3259452  -0.09103899  0.45066652] bottom_world=[ 0.34316939 -0.09367145  0.4408483 ] quat=[ 0.15536094 -0.50430804 -0.01476321  0.8493046 ] speed=0.1622 ang_speed=6.6151 ang_vel_vec=[-6.394823   -0.19233927  1.6818277 ] |com_force|=0.0000N
### kotek_magnet[tick=9720] sensor2: d=0.3208m in_range=False f_mag=0.000N tau_mag=0.0000Nm misalign_deg=90.0 pos=[ 0.10902449 -0.10904572  0.49140096] bottom_world=[ 0.10902443 -0.10904576  0.47140096] quat=[ 9.2300045e-01 -1.5548685e-06  1.0576932e-06 -3.8479891e-01] speed=0.0009 ang_speed=0.0025 ang_vel_vec=[-0.00066988  0.00191905  0.00144259] |com_force|=0.0000N
### kotek_magnet[tick=9720] sensor3: d=0.5470m in_range=False f_mag=0.000N tau_mag=0.0000Nm misalign_deg=90.0 pos=[-0.10910644 -0.10914591  0.491401  ] bottom_world=[-0.10910661 -0.10914572  0.47140099] quat=[-3.8058320e-01  2.2901932e-06 -6.0205302e-06  9.2474681e-01] speed=0.0010 ang_speed=0.0031 ang_vel_vec=[0.0026182  0.00079638 0.00147015] |com_force|=0.0000N
### kotek_magnet[tick=9720] sensor4: d=0.5249m in_range=False f_mag=0.000N tau_mag=0.0000Nm misalign_deg=90.0 pos=[-0.10900012  0.10899849  0.49140224] bottom_world=[-0.10900002  0.1089988   0.47140224] quat=[ 3.8268307e-01  7.0300968e-07 -8.1409362e-06  9.2387974e-01] speed=0.0010 ang_speed=0.0020 ang_vel_vec=[-0.00019605 -0.00154484  0.00125932] |com_force|=0.0000N
### kotek_magnet[tick=9780] sensor1: d=0.1145m in_range=False f_mag=0.000N tau_mag=0.0000Nm misalign_deg=28.7 pos=[ 0.32371768 -0.10389455  0.44728294] bottom_world=[ 0.34126436 -0.10591067  0.43789948] quat=[ 0.11484231 -0.5150799  -0.01030176  0.8493515 ] speed=0.1651 ang_speed=6.6937 ang_vel_vec=[-6.4860916 -0.5030716  1.5757093] |com_force|=0.0000N
### kotek_magnet[tick=9780] sensor2: d=0.3208m in_range=False f_mag=0.000N tau_mag=0.0000Nm misalign_deg=90.0 pos=[ 0.10902475 -0.10904595  0.49140102] bottom_world=[ 0.10902458 -0.109046    0.47140102] quat=[ 9.230006e-01 -2.826828e-06  3.427082e-06 -3.847985e-01] speed=0.0006 ang_speed=0.0023 ang_vel_vec=[-3.6997233e-05 -2.2561026e-03  4.2931686e-04] |com_force|=0.0000N
### kotek_magnet[tick=9780] sensor3: d=0.5470m in_range=False f_mag=0.000N tau_mag=0.0000Nm misalign_deg=90.0 pos=[-0.10910666 -0.10914613  0.491401  ] bottom_world=[-0.10910683 -0.10914586  0.47140099] quat=[-3.8058323e-01  1.4210839e-06 -7.8067060e-06  9.2474669e-01] speed=0.0007 ang_speed=0.0025 ang_vel_vec=[-0.00248369 -0.00038533  0.00040278] |com_force|=0.0000N
### kotek_magnet[tick=9780] sensor4: d=0.5249m in_range=False f_mag=0.000N tau_mag=0.0000Nm misalign_deg=90.0 pos=[-0.10900032  0.1089987   0.49140233] bottom_world=[-0.10900017  0.10899899  0.47140233] quat=[ 3.8268262e-01 -6.2517756e-07 -8.1294056e-06  9.2387992e-01] speed=0.0006 ang_speed=0.0044 ang_vel_vec=[-0.00150289  0.00415049  0.00029768] |com_force|=0.0000N
### kotek_magnet[tick=9840] sensor1: d=0.1097m in_range=False f_mag=0.000N tau_mag=0.0000Nm misalign_deg=26.9 pos=[ 0.3210315  -0.11655051  0.44425565] bottom_world=[ 0.3388656  -0.11795828  0.43531342] quat=[ 0.07465294 -0.52575797 -0.00478567  0.84733856] speed=0.1686 ang_speed=6.7625 ang_vel_vec=[-6.544474  -0.8338624  1.4851888] |com_force|=0.0000N
### kotek_magnet[tick=9840] sensor2: d=0.3208m in_range=False f_mag=0.000N tau_mag=0.0000Nm misalign_deg=90.0 pos=[ 0.10902451 -0.10904574  0.49140105] bottom_world=[ 0.10902445 -0.10904579  0.47140105] quat=[ 9.2300045e-01 -1.5576003e-06  9.6804570e-07 -3.8479894e-01] speed=0.0009 ang_speed=0.0026 ang_vel_vec=[-0.00057415  0.00195415  0.00154174] |com_force|=0.0000N
### kotek_magnet[tick=9840] sensor3: d=0.5470m in_range=False f_mag=0.000N tau_mag=0.0000Nm misalign_deg=90.0 pos=[-0.10910641 -0.10914589  0.49140105] bottom_world=[-0.10910659 -0.10914571  0.47140105] quat=[-3.8058299e-01  2.3123928e-06 -5.8735936e-06  9.2474687e-01] speed=0.0010 ang_speed=0.0033 ang_vel_vec=[0.00274789 0.00079975 0.00155657] |com_force|=0.0000N
### kotek_magnet[tick=9840] sensor4: d=0.5249m in_range=False f_mag=0.000N tau_mag=0.0000Nm misalign_deg=90.0 pos=[-0.10900016  0.10899848  0.49140236] bottom_world=[-0.10900006  0.10899878  0.47140236] quat=[ 3.8268301e-01  6.6861566e-07 -7.9789033e-06  9.2387968e-01] speed=0.0010 ang_speed=0.0019 ang_vel_vec=[-0.00015554 -0.00133534  0.00136702] |com_force|=0.0000N
### kotek_magnet[tick=9900] sensor1: d=0.1068m in_range=False f_mag=0.000N tau_mag=0.0000Nm misalign_deg=25.3 pos=[ 0.3179064 -0.1289772  0.4415844] bottom_world=[ 0.33599368 -0.12978913  0.43308785] quat=[ 0.03475405 -0.53626686  0.00196941  0.84333044] speed=0.1705 ang_speed=6.8681 ang_vel_vec=[-6.618709  -1.1679894  1.4138807] |com_force|=0.0000N
### kotek_magnet[tick=9900] sensor2: d=0.3208m in_range=False f_mag=0.000N tau_mag=0.0000Nm misalign_deg=90.0 pos=[ 0.10902448 -0.10904578  0.49140102] bottom_world=[ 0.10902442 -0.10904582  0.47140102] quat=[ 9.2300040e-01 -1.5780288e-06  9.7591249e-07 -3.8479891e-01] speed=0.0009 ang_speed=0.0025 ang_vel_vec=[-0.00041789  0.00184765  0.00160907] |com_force|=0.0000N
### kotek_magnet[tick=9900] sensor3: d=0.5470m in_range=False f_mag=0.000N tau_mag=0.0000Nm misalign_deg=90.0 pos=[-0.10910666 -0.10914617  0.49140105] bottom_world=[-0.10910683 -0.1091459   0.47140105] quat=[-3.8058323e-01  1.4130982e-06 -7.9853517e-06  9.2474669e-01] speed=0.0007 ang_speed=0.0029 ang_vel_vec=[-0.0027785  -0.00053377  0.00063929] |com_force|=0.0000N
### kotek_magnet[tick=9900] sensor4: d=0.5249m in_range=False f_mag=0.000N tau_mag=0.0000Nm misalign_deg=90.0 pos=[-0.10900016  0.10899843  0.49140236] bottom_world=[-0.10900006  0.10899874  0.47140236] quat=[ 3.8268304e-01  5.8526365e-07 -8.1535827e-06  9.2387968e-01] speed=0.0010 ang_speed=0.0017 ang_vel_vec=[-0.00032264 -0.00081625  0.00145958] |com_force|=0.0000N
### kotek_magnet[tick=9960] sensor1: d=0.1059m in_range=False f_mag=0.000N tau_mag=0.0000Nm misalign_deg=23.9 pos=[ 0.3148347  -0.13961968  0.43965238] bottom_world=[ 0.33311337 -0.13994885  0.43154176] quat=[ 0.00114629 -0.54511654  0.00907127  0.8383105 ] speed=0.1684 ang_speed=6.8437 ang_vel_vec=[-6.5570707 -1.4312279  1.3390714] |com_force|=0.0000N
### kotek_magnet[tick=9960] sensor2: d=0.3208m in_range=False f_mag=0.000N tau_mag=0.0000Nm misalign_deg=90.0 pos=[ 0.10902473 -0.10904597  0.49140102] bottom_world=[ 0.10902457 -0.10904602  0.47140102] quat=[ 9.2300057e-01 -2.6061959e-06  3.3294698e-06 -3.8479850e-01] speed=0.0006 ang_speed=0.0023 ang_vel_vec=[ 8.7103901e-05 -2.2441335e-03  4.1926399e-04] |com_force|=0.0000N
### kotek_magnet[tick=9960] sensor3: d=0.5470m in_range=False f_mag=0.000N tau_mag=0.0000Nm misalign_deg=90.0 pos=[-0.10910668 -0.10914619  0.49140108] bottom_world=[-0.10910685 -0.10914592  0.47140108] quat=[-3.8058335e-01  1.3666216e-06 -7.7953664e-06  9.2474663e-01] speed=0.0007 ang_speed=0.0025 ang_vel_vec=[-0.0024691  -0.0004212   0.00039782] |com_force|=0.0000N
### kotek_magnet[tick=9960] sensor4: d=0.5249m in_range=False f_mag=0.000N tau_mag=0.0000Nm misalign_deg=90.0 pos=[-0.10900033  0.10899922  0.49140224] bottom_world=[-0.10900028  0.10899935  0.47140224] quat=[ 3.8268232e-01  3.0477378e-07 -3.5172548e-06  9.2388004e-01] speed=0.0001 ang_speed=0.0010 ang_vel_vec=[ 0.00032674  0.00080415 -0.00052323] |com_force|=0.0000N
### kotek_magnet[tick=10020] sensor1: d=0.1047m in_range=False f_mag=0.000N tau_mag=0.0000Nm misalign_deg=24.3 pos=[ 0.31002104 -0.14644033  0.43444955] bottom_world=[ 0.32825425 -0.14692455  0.42624494] quat=[ 0.00302433 -0.54288983  0.01246119  0.83970606] speed=0.1550 ang_speed=6.6735 ang_vel_vec=[-6.3911066 -1.3412884  1.3749197] |com_force|=0.0000N
### kotek_magnet[tick=10020] sensor2: d=0.3208m in_range=False f_mag=0.000N tau_mag=0.0000Nm misalign_deg=90.0 pos=[ 0.10902473 -0.10904596  0.491401  ] bottom_world=[ 0.10902456 -0.109046    0.47140099] quat=[ 9.2300057e-01 -2.6219443e-06  3.4363618e-06 -3.8479868e-01] speed=0.0006 ang_speed=0.0026 ang_vel_vec=[ 0.00016788 -0.00254719  0.0007001 ] |com_force|=0.0000N
### kotek_magnet[tick=10020] sensor3: d=0.5470m in_range=False f_mag=0.000N tau_mag=0.0000Nm misalign_deg=90.0 pos=[-0.10910666 -0.10914616  0.49140105] bottom_world=[-0.10910683 -0.10914589  0.47140105] quat=[-3.8058332e-01  1.3150180e-06 -7.9655683e-06  9.2474663e-01] speed=0.0007 ang_speed=0.0030 ang_vel_vec=[-0.00285178 -0.0005313   0.00067774] |com_force|=0.0000N
### kotek_magnet[tick=10020] sensor4: d=0.5249m in_range=False f_mag=0.000N tau_mag=0.0000Nm misalign_deg=90.0 pos=[-0.10900016  0.10899845  0.49140233] bottom_world=[-0.10900007  0.10899876  0.47140233] quat=[ 3.8268313e-01  7.4846344e-07 -8.0875770e-06  9.2387968e-01] speed=0.0010 ang_speed=0.0020 ang_vel_vec=[-0.00019942 -0.0013554   0.00149151] |com_force|=0.0000N
### kotek_magnet[tick=10080] sensor1: d=0.0888m in_range=True f_mag=1.768N tau_mag=0.0018Nm misalign_deg=24.3 pos=[ 0.31756932 -0.14921889  0.4195015 ] bottom_world=[ 0.33580152 -0.14968606  0.41129368] quat=[ 0.00316877 -0.5428293   0.01185963  0.8397534 ] speed=0.1810 ang_speed=7.0936 ang_vel_vec=[-6.2631936 -1.5072433  2.969758 ] |com_force|=0.3954N
### kotek_magnet[tick=10080] sensor2: d=0.3208m in_range=False f_mag=0.000N tau_mag=0.0000Nm misalign_deg=90.0 pos=[ 0.10902449 -0.10904575  0.491401  ] bottom_world=[ 0.10902443 -0.10904578  0.47140099] quat=[ 9.2300045e-01 -1.2827325e-06  9.4869574e-07 -3.8479891e-01] speed=0.0009 ang_speed=0.0027 ang_vel_vec=[-0.00090384  0.00207532  0.00138444] |com_force|=0.0000N
### kotek_magnet[tick=10080] sensor3: d=0.5470m in_range=False f_mag=0.000N tau_mag=0.0000Nm misalign_deg=90.0 pos=[-0.10910644 -0.10914594  0.49140105] bottom_world=[-0.10910661 -0.10914576  0.47140105] quat=[-3.8058305e-01  2.1723285e-06 -5.8181713e-06  9.2474675e-01] speed=0.0010 ang_speed=0.0032 ang_vel_vec=[0.0027293  0.00092919 0.00140716] |com_force|=0.0000N
### kotek_magnet[tick=10080] sensor4: d=0.5249m in_range=False f_mag=0.000N tau_mag=0.0000Nm misalign_deg=90.0 pos=[-0.10900015  0.10899843  0.49140233] bottom_world=[-0.10900005  0.10899874  0.47140233] quat=[ 3.8268295e-01  6.8431649e-07 -8.1383996e-06  9.2387968e-01] speed=0.0010 ang_speed=0.0019 ang_vel_vec=[-0.00018087 -0.00139007  0.00121398] |com_force|=0.0000N
### kotek_magnet[tick=10140] sensor1: d=0.0637m in_range=True f_mag=1.252N tau_mag=0.0012Nm misalign_deg=23.9 pos=[ 0.33252075 -0.15359265  0.39843094] bottom_world=[ 0.35081252 -0.1539446   0.39035089] quat=[-0.00183291 -0.5457672   0.01169567  0.8378532 ] speed=0.1829 ang_speed=7.3542 ang_vel_vec=[-6.829995  -1.7389753  2.100414 ] |com_force|=0.3592N
### kotek_magnet[tick=10140] sensor2: d=0.3208m in_range=False f_mag=0.000N tau_mag=0.0000Nm misalign_deg=90.0 pos=[ 0.10902473 -0.10904592  0.49140102] bottom_world=[ 0.10902456 -0.10904597  0.47140102] quat=[ 9.2300057e-01 -2.8357274e-06  3.4972950e-06 -3.8479853e-01] speed=0.0006 ang_speed=0.0023 ang_vel_vec=[-0.0002504  -0.0022097   0.00041662] |com_force|=0.0000N
### kotek_magnet[tick=10140] sensor3: d=0.5470m in_range=False f_mag=0.000N tau_mag=0.0000Nm misalign_deg=90.0 pos=[-0.10910643 -0.10914589  0.49140102] bottom_world=[-0.1091066  -0.10914571  0.47140102] quat=[-3.8058296e-01  2.2888248e-06 -5.8298410e-06  9.2474681e-01] speed=0.0010 ang_speed=0.0030 ang_vel_vec=[0.00257838 0.00078723 0.00136683] |com_force|=0.0000N
### kotek_magnet[tick=10140] sensor4: d=0.5249m in_range=False f_mag=0.000N tau_mag=0.0000Nm misalign_deg=90.0 pos=[-0.10900004  0.10900018  0.49140224] bottom_world=[-0.10900026  0.10900004  0.47140224] quat=[3.8268203e-01 3.6416945e-06 5.2650712e-06 9.2388016e-01] speed=0.0010 ang_speed=0.0021 ang_vel_vec=[ 0.00137587 -0.00130817 -0.00094281] |com_force|=0.0000N
### still playing, 1219s left
### kotek_magnet[tick=10200] sensor1: d=0.0435m in_range=True f_mag=0.835N tau_mag=0.0007Nm misalign_deg=11.9 pos=[ 0.34540588 -0.15392102  0.37964782] bottom_world=[ 0.36497365 -0.15338327  0.37554745] quat=[ 0.00974145 -0.62996364 -0.02522786  0.7761536 ] speed=0.1857 ang_speed=3.5096 ang_vel_vec=[ 0.02304389 -3.5086353  -0.07939625] |com_force|=0.8269N
### kotek_magnet[tick=10200] sensor2: d=0.3208m in_range=False f_mag=0.000N tau_mag=0.0000Nm misalign_deg=90.0 pos=[ 0.10902449 -0.10904577  0.491401  ] bottom_world=[ 0.10902443 -0.10904582  0.47140099] quat=[ 9.2300045e-01 -1.5296646e-06  9.8507576e-07 -3.8479891e-01] speed=0.0009 ang_speed=0.0025 ang_vel_vec=[-0.00088787  0.00204135  0.00121842] |com_force|=0.0000N
### kotek_magnet[tick=10200] sensor3: d=0.5470m in_range=False f_mag=0.000N tau_mag=0.0000Nm misalign_deg=90.0 pos=[-0.10910646 -0.10914591  0.49140108] bottom_world=[-0.10910663 -0.10914572  0.47140108] quat=[-3.8058287e-01  2.2750380e-06 -6.0016664e-06  9.2474687e-01] speed=0.0010 ang_speed=0.0026 ang_vel_vec=[0.00216276 0.00062231 0.00125689] |com_force|=0.0000N
### kotek_magnet[tick=10200] sensor4: d=0.5249m in_range=False f_mag=0.000N tau_mag=0.0000Nm misalign_deg=90.0 pos=[-0.10900019  0.10899843  0.4914023 ] bottom_world=[-0.10900008  0.10899875  0.4714023 ] quat=[ 3.8268316e-01  5.4718862e-07 -8.2633960e-06  9.2387974e-01] speed=0.0010 ang_speed=0.0015 ang_vel_vec=[-0.00047028 -0.00092444  0.00108237] |com_force|=0.0000N
### kotek_magnet[tick=10260] sensor1: d=0.0140m in_range=True f_mag=0.227N tau_mag=0.0001Nm misalign_deg=14.5 pos=[ 0.37062272 -0.15085033  0.36472064] bottom_world=[ 0.3899855  -0.14998687  0.35978733] quat=[ 0.05303598 -0.60990125 -0.06846647  0.787731  ] speed=0.0108 ang_speed=0.2391 ang_vel_vec=[0.00358217 0.23590554 0.03878463] |com_force|=0.4763N
### kotek_magnet[tick=10260] sensor2: d=0.3208m in_range=False f_mag=0.000N tau_mag=0.0000Nm misalign_deg=90.0 pos=[ 0.10902448 -0.10904572  0.49140105] bottom_world=[ 0.10902442 -0.10904577  0.47140105] quat=[ 9.2300034e-01 -1.7650846e-06  9.6098927e-07 -3.8479903e-01] speed=0.0009 ang_speed=0.0025 ang_vel_vec=[-0.00045147  0.00199123  0.00149635] |com_force|=0.0000N
### kotek_magnet[tick=10260] sensor3: d=0.5470m in_range=False f_mag=0.000N tau_mag=0.0000Nm misalign_deg=90.0 pos=[-0.10910726 -0.10914612  0.4914011 ] bottom_world=[-0.10910729 -0.10914596  0.47140111] quat=[-3.8058364e-01 -7.4368779e-07 -3.9385700e-06  9.2474645e-01] speed=0.0001 ang_speed=0.0006 ang_vel_vec=[-0.00026796 -0.00036758 -0.00031739] |com_force|=0.0000N
### kotek_magnet[tick=10260] sensor4: d=0.5249m in_range=False f_mag=0.000N tau_mag=0.0000Nm misalign_deg=90.0 pos=[-0.10900018  0.10899846  0.49140236] bottom_world=[-0.10900007  0.10899877  0.47140236] quat=[ 3.8268304e-01  3.9781338e-07 -8.3807827e-06  9.2387974e-01] speed=0.0010 ang_speed=0.0016 ang_vel_vec=[-7.8070658e-04 -5.9040656e-05  1.3576290e-03] |com_force|=0.0000N
### kotek_magnet[tick=10262]: welded sensor 1 at d=0.0141m misalign_deg=14.7 pos=[ 0.37051103 -0.15087737  0.36481765] wall_pos=[0.425 0.    0.5  ] local_pos1=[-0.05448897 -0.15087737 -0.13518235] quat=[ 0.05283002 -0.60862684 -0.06846372  0.78873014]
### kotek_magnet[tick=10320] sensor2: d=0.3208m in_range=False f_mag=0.000N tau_mag=0.0000Nm misalign_deg=90.0 pos=[ 0.10902469 -0.10904596  0.49140105] bottom_world=[ 0.10902452 -0.10904601  0.47140105] quat=[ 9.2300057e-01 -2.6964594e-06  3.3842575e-06 -3.8479874e-01] speed=0.0006 ang_speed=0.0026 ang_vel_vec=[ 0.00016277 -0.00247106  0.00064719] |com_force|=0.0000N
### kotek_magnet[tick=10320] sensor3: d=0.5470m in_range=False f_mag=0.000N tau_mag=0.0000Nm misalign_deg=90.0 pos=[-0.10910646 -0.1091459   0.49140102] bottom_world=[-0.10910663 -0.10914571  0.47140102] quat=[-3.8058281e-01  2.2552215e-06 -6.0120751e-06  9.2474681e-01] speed=0.0010 ang_speed=0.0029 ang_vel_vec=[0.00239156 0.00053861 0.00161438] |com_force|=0.0000N
### kotek_magnet[tick=10320] sensor4: d=0.5249m in_range=False f_mag=0.000N tau_mag=0.0000Nm misalign_deg=90.0 pos=[-0.10900033  0.10899872  0.49140233] bottom_world=[-0.10900018  0.10899901  0.47140233] quat=[ 3.8268283e-01 -7.1011243e-07 -8.2137940e-06  9.2387986e-01] speed=0.0006 ang_speed=0.0042 ang_vel_vec=[-0.00134223  0.00398662  0.00056231] |com_force|=0.0000N
### kotek_magnet[tick=10380] sensor2: d=0.3208m in_range=False f_mag=0.000N tau_mag=0.0000Nm misalign_deg=90.0 pos=[ 0.10902447 -0.10904569  0.49140108] bottom_world=[ 0.1090244  -0.10904574  0.47140108] quat=[ 9.2300045e-01 -1.8382129e-06  1.0823821e-06 -3.8479897e-01] speed=0.0009 ang_speed=0.0023 ang_vel_vec=[-0.00032287  0.00171185  0.00148753] |com_force|=0.0000N
### kotek_magnet[tick=10380] sensor3: d=0.5470m in_range=False f_mag=0.000N tau_mag=0.0000Nm misalign_deg=90.0 pos=[-0.1091064  -0.10914613  0.4914011 ] bottom_world=[-0.1091066  -0.10914582  0.47140111] quat=[-3.8058305e-01  1.7903943e-06 -8.9331506e-06  9.2474675e-01] speed=0.0009 ang_speed=0.0021 ang_vel_vec=[-0.00088976  0.00166838  0.00079454] |com_force|=0.0000N
### kotek_magnet[tick=10380] sensor4: d=0.5249m in_range=False f_mag=0.000N tau_mag=0.0000Nm misalign_deg=90.0 pos=[-0.10900036  0.1089987   0.4914024 ] bottom_world=[-0.1090002   0.108999    0.47140239] quat=[ 3.8268283e-01 -8.0348002e-07 -8.4125122e-06  9.2387986e-01] speed=0.0006 ang_speed=0.0046 ang_vel_vec=[-0.00146006  0.00434259  0.00049313] |com_force|=0.0000N
### kotek_magnet[tick=10440] sensor2: d=0.3208m in_range=False f_mag=0.000N tau_mag=0.0000Nm misalign_deg=90.0 pos=[ 0.10902472 -0.10904595  0.49140096] bottom_world=[ 0.10902456 -0.10904598  0.47140096] quat=[ 9.2300057e-01 -2.4140634e-06  3.3804095e-06 -3.8479862e-01] speed=0.0006 ang_speed=0.0023 ang_vel_vec=[-0.00016058 -0.00220945  0.0006615 ] |com_force|=0.0000N
### kotek_magnet[tick=10440] sensor3: d=0.5470m in_range=False f_mag=0.000N tau_mag=0.0000Nm misalign_deg=90.0 pos=[-0.10910748 -0.10914611  0.491401  ] bottom_world=[-0.10910743 -0.10914598  0.47140099] quat=[-3.8058388e-01 -2.4718281e-06 -2.5021500e-06  9.2474639e-01] speed=0.0004 ang_speed=0.0021 ang_vel_vec=[-0.00024446  0.00200882 -0.000615  ] |com_force|=0.0000N
### kotek_magnet[tick=10440] sensor4: d=0.5249m in_range=False f_mag=0.000N tau_mag=0.0000Nm misalign_deg=90.0 pos=[-0.10900018  0.10899846  0.49140224] bottom_world=[-0.10900009  0.10899877  0.47140224] quat=[ 3.8268310e-01  7.9238646e-07 -7.9506681e-06  9.2387968e-01] speed=0.0010 ang_speed=0.0023 ang_vel_vec=[ 1.6152349e-05 -1.8168552e-03  1.4502850e-03] |com_force|=0.0000N
### kotek_magnet[tick=10500] sensor2: d=0.3208m in_range=False f_mag=0.000N tau_mag=0.0000Nm misalign_deg=90.0 pos=[ 0.10902447 -0.10904577  0.491401  ] bottom_world=[ 0.10902442 -0.1090458   0.47140099] quat=[ 9.2300057e-01 -1.3752519e-06  8.9244270e-07 -3.8479885e-01] speed=0.0009 ang_speed=0.0025 ang_vel_vec=[-0.0006846   0.00193327  0.00142294] |com_force|=0.0000N
### kotek_magnet[tick=10500] sensor3: d=0.5470m in_range=False f_mag=0.000N tau_mag=0.0000Nm misalign_deg=90.0 pos=[-0.10910802 -0.10914575  0.49140105] bottom_world=[-0.10910779 -0.10914587  0.47140105] quat=[-3.8058379e-01 -4.2046790e-06  4.9683035e-06  9.2474639e-01] speed=0.0009 ang_speed=0.0031 ang_vel_vec=[ 0.00228267  0.00208244 -0.00054561] |com_force|=0.0000N
### kotek_magnet[tick=10500] sensor4: d=0.5249m in_range=False f_mag=0.000N tau_mag=0.0000Nm misalign_deg=90.0 pos=[-0.10900016  0.10899842  0.49140227] bottom_world=[-0.10900004  0.10899874  0.47140227] quat=[ 3.8268310e-01  3.6891424e-07 -8.6369764e-06  9.2387980e-01] speed=0.0010 ang_speed=0.0016 ang_vel_vec=[-0.0008357  -0.00045769  0.00125215] |com_force|=0.0000N
### kotek_magnet[tick=10560] sensor2: d=0.3208m in_range=False f_mag=0.000N tau_mag=0.0000Nm misalign_deg=90.0 pos=[ 0.10902474 -0.10904599  0.49140102] bottom_world=[ 0.10902458 -0.10904603  0.47140102] quat=[ 9.2300063e-01 -2.4541614e-06  3.2801722e-06 -3.8479850e-01] speed=0.0005 ang_speed=0.0020 ang_vel_vec=[-1.1996204e-05 -1.9931935e-03  4.6974653e-04] |com_force|=0.0000N
### kotek_magnet[tick=10560] sensor3: d=0.5470m in_range=False f_mag=0.000N tau_mag=0.0000Nm misalign_deg=90.0 pos=[-0.10910748 -0.10914612  0.4914011 ] bottom_world=[-0.10910743 -0.109146    0.47140111] quat=[-3.8058379e-01 -2.3213106e-06 -2.3407624e-06  9.2474651e-01] speed=0.0004 ang_speed=0.0021 ang_vel_vec=[ 0.00027254  0.00193629 -0.00077898] |com_force|=0.0000N
### kotek_magnet[tick=10560] sensor4: d=0.5249m in_range=False f_mag=0.000N tau_mag=0.0000Nm misalign_deg=90.0 pos=[-0.10900015  0.10899841  0.49140236] bottom_world=[-0.10900003  0.10899873  0.47140236] quat=[ 3.8268301e-01  4.9314826e-07 -8.4977164e-06  9.2387974e-01] speed=0.0010 ang_speed=0.0017 ang_vel_vec=[-0.00046676 -0.0011583   0.00120109] |com_force|=0.0000N
### kotek_magnet[tick=10620] sensor2: d=0.3208m in_range=False f_mag=0.000N tau_mag=0.0000Nm misalign_deg=90.0 pos=[ 0.10902448 -0.10904576  0.49140096] bottom_world=[ 0.10902443 -0.10904579  0.47140096] quat=[ 9.2300045e-01 -1.2495628e-06  9.6000508e-07 -3.8479891e-01] speed=0.0009 ang_speed=0.0027 ang_vel_vec=[-0.0008589   0.00199941  0.00151511] |com_force|=0.0000N
### kotek_magnet[tick=10620] sensor3: d=0.5470m in_range=False f_mag=0.000N tau_mag=0.0000Nm misalign_deg=90.0 pos=[-0.10910747 -0.10914612  0.49140102] bottom_world=[-0.10910742 -0.10914599  0.47140102] quat=[-3.8058382e-01 -2.4458693e-06 -2.4495409e-06  9.2474645e-01] speed=0.0004 ang_speed=0.0023 ang_vel_vec=[-0.0001215   0.00220484 -0.00070056] |com_force|=0.0000N
### kotek_magnet[tick=10620] sensor4: d=0.5249m in_range=False f_mag=0.000N tau_mag=0.0000Nm misalign_deg=90.0 pos=[-0.10900003  0.10900016  0.49140227] bottom_world=[-0.10900027  0.10900001  0.47140227] quat=[3.8268206e-01 4.1204553e-06 5.7525385e-06 9.2388010e-01] speed=0.0009 ang_speed=0.0031 ang_vel_vec=[ 0.00204887 -0.00222968 -0.00082656] |com_force|=0.0000N
### kotek_magnet[tick=10680] sensor2: d=0.3208m in_range=False f_mag=0.000N tau_mag=0.0000Nm misalign_deg=90.0 pos=[ 0.10902452 -0.1090458   0.49140102] bottom_world=[ 0.10902446 -0.10904583  0.47140102] quat=[ 9.2300045e-01 -1.3207025e-06  1.0060942e-06 -3.8479882e-01] speed=0.0009 ang_speed=0.0026 ang_vel_vec=[-0.0009349   0.00209417  0.00130968] |com_force|=0.0000N
### kotek_magnet[tick=10680] sensor3: d=0.5470m in_range=False f_mag=0.000N tau_mag=0.0000Nm misalign_deg=90.0 pos=[-0.10910802 -0.10914581  0.49140102] bottom_world=[-0.10910778 -0.10914592  0.47140102] quat=[-3.8058388e-01 -4.3931445e-06  4.7708827e-06  9.2474645e-01] speed=0.0009 ang_speed=0.0030 ang_vel_vec=[ 0.00210502  0.00210151 -0.00066777] |com_force|=0.0000N
### kotek_magnet[tick=10680] sensor4: d=0.5249m in_range=False f_mag=0.000N tau_mag=0.0000Nm misalign_deg=90.0 pos=[-0.10900004  0.10900012  0.4914024 ] bottom_world=[-0.10900028  0.10899996  0.47140239] quat=[3.8268200e-01 4.0418136e-06 5.8105770e-06 9.2388010e-01] speed=0.0009 ang_speed=0.0036 ang_vel_vec=[ 0.0023733  -0.0024638  -0.00103702] |com_force|=0.0000N
### kotek_magnet[tick=10740] sensor2: d=0.3208m in_range=False f_mag=0.000N tau_mag=0.0000Nm misalign_deg=90.0 pos=[ 0.10902447 -0.1090458   0.49140102] bottom_world=[ 0.10902441 -0.10904583  0.47140102] quat=[ 9.2300045e-01 -1.2604560e-06  9.6191457e-07 -3.8479903e-01] speed=0.0008 ang_speed=0.0026 ang_vel_vec=[-0.00069664  0.00199926  0.00149022] |com_force|=0.0000N
### kotek_magnet[tick=10740] sensor3: d=0.5470m in_range=False f_mag=0.000N tau_mag=0.0000Nm misalign_deg=90.0 pos=[-0.10910814 -0.10914588  0.49140096] bottom_world=[-0.1091079  -0.10914596  0.47140096] quat=[-3.8058394e-01 -4.5674096e-06  4.1471103e-06  9.2474645e-01] speed=0.0009 ang_speed=0.0015 ang_vel_vec=[ 0.00111087  0.00060925 -0.00080703] |com_force|=0.0000N
### kotek_magnet[tick=10740] sensor4: d=0.5249m in_range=False f_mag=0.000N tau_mag=0.0000Nm misalign_deg=90.0 pos=[-0.10900002  0.10900014  0.4914023 ] bottom_world=[-0.10900026  0.10899999  0.4714023 ] quat=[3.8268220e-01 4.0233299e-06 5.7640264e-06 9.2388016e-01] speed=0.0009 ang_speed=0.0035 ang_vel_vec=[ 0.00242136 -0.00230969 -0.00084426] |com_force|=0.0000N
### kotek_magnet[tick=10800] sensor2: d=0.3208m in_range=False f_mag=0.000N tau_mag=0.0000Nm misalign_deg=90.0 pos=[ 0.10902473 -0.10904603  0.49140102] bottom_world=[ 0.10902457 -0.10904607  0.47140102] quat=[ 9.2300057e-01 -2.4416177e-06  3.4521124e-06 -3.8479868e-01] speed=0.0005 ang_speed=0.0023 ang_vel_vec=[-0.00031735 -0.0022164   0.00043874] |com_force|=0.0000N
### kotek_magnet[tick=10800] sensor3: d=0.5470m in_range=False f_mag=0.000N tau_mag=0.0000Nm misalign_deg=90.0 pos=[-0.10910749 -0.10914613  0.49140105] bottom_world=[-0.10910744 -0.109146    0.47140105] quat=[-3.8058376e-01 -2.4637302e-06 -2.5921422e-06  9.2474651e-01] speed=0.0005 ang_speed=0.0022 ang_vel_vec=[-6.9155496e-05  2.0448028e-03 -8.2501071e-04] |com_force|=0.0000N
### kotek_magnet[tick=10800] sensor4: d=0.5249m in_range=False f_mag=0.000N tau_mag=0.0000Nm misalign_deg=90.0 pos=[-0.1090003   0.10899948  0.49140227] bottom_world=[-0.1090003   0.10899954  0.47140227] quat=[ 3.8268226e-01  5.0105695e-07 -1.4590387e-06  9.2388004e-01] speed=0.0004 ang_speed=0.0032 ang_vel_vec=[ 0.00299152 -0.00043053 -0.00094333] |com_force|=0.0000N
### kotek_magnet[tick=10860] sensor2: d=0.3208m in_range=False f_mag=0.000N tau_mag=0.0000Nm misalign_deg=90.0 pos=[ 0.1090247  -0.10904597  0.49140108] bottom_world=[ 0.10902455 -0.10904601  0.47140108] quat=[ 9.2300057e-01 -2.5531449e-06  3.1130205e-06 -3.8479871e-01] speed=0.0005 ang_speed=0.0029 ang_vel_vec=[ 0.00057204 -0.00281845  0.00055055] |com_force|=0.0000N
### kotek_magnet[tick=10860] sensor3: d=0.5470m in_range=False f_mag=0.000N tau_mag=0.0000Nm misalign_deg=90.0 pos=[-0.10910749 -0.1091461   0.4914011 ] bottom_world=[-0.10910745 -0.10914598  0.47140111] quat=[-3.8058382e-01 -2.2987153e-06 -2.3638968e-06  9.2474651e-01] speed=0.0005 ang_speed=0.0020 ang_vel_vec=[-0.0001476   0.00189124 -0.00072616] |com_force|=0.0000N
### kotek_magnet[tick=10860] sensor4: d=0.5249m in_range=False f_mag=0.000N tau_mag=0.0000Nm misalign_deg=90.0 pos=[-0.10900006  0.10900018  0.49140227] bottom_world=[-0.10900029  0.10900003  0.47140227] quat=[3.8268217e-01 3.8728163e-06 5.8095879e-06 9.2388010e-01] speed=0.0010 ang_speed=0.0029 ang_vel_vec=[ 0.00200209 -0.00191036 -0.00080134] |com_force|=0.0000N
### kotek_magnet[tick=10920] sensor2: d=0.3208m in_range=False f_mag=0.000N tau_mag=0.0000Nm misalign_deg=90.0 pos=[ 0.1090247  -0.10904605  0.491401  ] bottom_world=[ 0.10902455 -0.10904609  0.47140099] quat=[ 9.2300057e-01 -2.5130353e-06  3.2384050e-06 -3.8479850e-01] speed=0.0005 ang_speed=0.0030 ang_vel_vec=[ 0.00053968 -0.00289453  0.00044533] |com_force|=0.0000N
### kotek_magnet[tick=10920] sensor3: d=0.5470m in_range=False f_mag=0.000N tau_mag=0.0000Nm misalign_deg=90.0 pos=[-0.10910807 -0.10914581  0.49140096] bottom_world=[-0.10910783 -0.10914591  0.47140096] quat=[-3.8058376e-01 -4.4111880e-06  4.7471021e-06  9.2474651e-01] speed=0.0009 ang_speed=0.0025 ang_vel_vec=[ 0.00180614  0.00168318 -0.0005802 ] |com_force|=0.0000N
### kotek_magnet[tick=10920] sensor4: d=0.5249m in_range=False f_mag=0.000N tau_mag=0.0000Nm misalign_deg=90.0 pos=[-0.10900034  0.10899945  0.49140233] bottom_world=[-0.10900033  0.10899952  0.47140233] quat=[ 3.8268226e-01  2.7072727e-07 -1.5899991e-06  9.2387998e-01] speed=0.0004 ang_speed=0.0029 ang_vel_vec=[ 0.00258815  0.0008009  -0.00091565] |com_force|=0.0000N
### kotek_magnet[tick=10980] sensor2: d=0.3208m in_range=False f_mag=0.000N tau_mag=0.0000Nm misalign_deg=90.0 pos=[ 0.10902468 -0.10904566  0.49140108] bottom_world=[ 0.10902449 -0.10904575  0.47140108] quat=[ 9.2300057e-01 -3.9287156e-06  3.5755884e-06 -3.8479877e-01] speed=0.0009 ang_speed=0.0023 ang_vel_vec=[-0.00102139 -0.00189498  0.0008276 ] |com_force|=0.0000N
### kotek_magnet[tick=10980] sensor3: d=0.5470m in_range=False f_mag=0.000N tau_mag=0.0000Nm misalign_deg=90.0 pos=[-0.10910753 -0.10914613  0.49140105] bottom_world=[-0.10910747 -0.109146    0.47140105] quat=[-3.8058397e-01 -2.4920821e-06 -2.3220550e-06  9.2474645e-01] speed=0.0005 ang_speed=0.0019 ang_vel_vec=[-0.00020912  0.00173343 -0.000652  ] |com_force|=0.0000N
### kotek_magnet[tick=10980] sensor4: d=0.5249m in_range=False f_mag=0.000N tau_mag=0.0000Nm misalign_deg=90.0 pos=[-0.10900018  0.10899844  0.4914023 ] bottom_world=[-0.10900008  0.10899875  0.4714023 ] quat=[ 3.8268298e-01  5.9660579e-07 -8.2486922e-06  9.2387968e-01] speed=0.0010 ang_speed=0.0021 ang_vel_vec=[-0.000146   -0.00156222  0.00139937] |com_force|=0.0000N
### kotek_magnet[tick=11040] sensor2: d=0.3208m in_range=False f_mag=0.000N tau_mag=0.0000Nm misalign_deg=90.0 pos=[ 0.10902465 -0.109046    0.49140105] bottom_world=[ 0.10902451 -0.10904605  0.47140105] quat=[ 9.2300045e-01 -2.3697883e-06  2.8995332e-06 -3.8479877e-01] speed=0.0006 ang_speed=0.0032 ang_vel_vec=[ 0.00089521 -0.00300061  0.00058242] |com_force|=0.0000N
### kotek_magnet[tick=11040] sensor3: d=0.5470m in_range=False f_mag=0.000N tau_mag=0.0000Nm misalign_deg=90.0 pos=[-0.10910754 -0.10914616  0.49140105] bottom_world=[-0.10910747 -0.10914604  0.47140105] quat=[-3.8058379e-01 -2.5662846e-06 -1.9795361e-06  9.2474645e-01] speed=0.0005 ang_speed=0.0020 ang_vel_vec=[-1.7589065e-05  1.8938816e-03 -6.7829451e-04] |com_force|=0.0000N
### kotek_magnet[tick=11040] sensor4: d=0.5249m in_range=False f_mag=0.000N tau_mag=0.0000Nm misalign_deg=90.0 pos=[-0.10900036  0.10899862  0.4914023 ] bottom_world=[-0.10900023  0.10899891  0.4714023 ] quat=[ 3.8268280e-01 -3.3476005e-07 -7.9387273e-06  9.2387980e-01] speed=0.0007 ang_speed=0.0039 ang_vel_vec=[-0.00141742  0.00362128  0.00049639] |com_force|=0.0000N
### kotek_magnet[tick=11100] sensor2: d=0.3208m in_range=False f_mag=0.000N tau_mag=0.0000Nm misalign_deg=90.0 pos=[ 0.10902468 -0.10904594  0.49140105] bottom_world=[ 0.10902452 -0.109046    0.47140105] quat=[ 9.2300063e-01 -2.9172897e-06  3.1428572e-06 -3.8479862e-01] speed=0.0006 ang_speed=0.0036 ang_vel_vec=[ 0.00103515 -0.00338364  0.00053516] |com_force|=0.0000N
### kotek_magnet[tick=11100] sensor3: d=0.5470m in_range=False f_mag=0.000N tau_mag=0.0000Nm misalign_deg=90.0 pos=[-0.10910754 -0.10914613  0.49140105] bottom_world=[-0.10910749 -0.109146    0.47140105] quat=[-3.8058376e-01 -2.3056928e-06 -2.4433982e-06  9.2474651e-01] speed=0.0005 ang_speed=0.0019 ang_vel_vec=[-0.00016626  0.00170749 -0.00071382] |com_force|=0.0000N
### kotek_magnet[tick=11100] sensor4: d=0.5249m in_range=False f_mag=0.000N tau_mag=0.0000Nm misalign_deg=90.0 pos=[-0.10900038  0.10899867  0.49140245] bottom_world=[-0.10900024  0.10899897  0.47140245] quat=[ 3.8268286e-01 -6.1145533e-07 -8.2869883e-06  9.2387986e-01] speed=0.0007 ang_speed=0.0047 ang_vel_vec=[-0.00167504  0.00433496  0.00041481] |com_force|=0.0000N
### kotek_magnet[tick=11160] sensor2: d=0.3208m in_range=False f_mag=0.000N tau_mag=0.0000Nm misalign_deg=90.0 pos=[ 0.10902443 -0.10904577  0.4914011 ] bottom_world=[ 0.10902435 -0.10904583  0.47140111] quat=[ 9.2300051e-01 -2.0107827e-06  1.2073239e-06 -3.8479897e-01] speed=0.0009 ang_speed=0.0020 ang_vel_vec=[0.00013095 0.00128675 0.0015203 ] |com_force|=0.0000N
### kotek_magnet[tick=11160] sensor3: d=0.5470m in_range=False f_mag=0.000N tau_mag=0.0000Nm misalign_deg=90.0 pos=[-0.10910678 -0.10914585  0.4914009 ] bottom_world=[-0.10910682 -0.10914581  0.4714009 ] quat=[-3.8058308e-01  5.7107366e-07 -1.3234503e-06  9.2474669e-01] speed=0.0006 ang_speed=0.0060 ang_vel_vec=[0.00478746 0.00338171 0.001093  ] |com_force|=0.0000N
### kotek_magnet[tick=11160] sensor4: d=0.5249m in_range=False f_mag=0.000N tau_mag=0.0000Nm misalign_deg=90.0 pos=[-0.10900043  0.10899837  0.49140224] bottom_world=[-0.10900022  0.10899872  0.47140224] quat=[ 3.8268289e-01 -1.4909024e-06 -9.9708514e-06  9.2387986e-01] speed=0.0010 ang_speed=0.0035 ang_vel_vec=[0.00035196 0.00339075 0.00063899] |com_force|=0.0000N
### kotek_magnet[tick=11220] sensor2: d=0.3215m in_range=False f_mag=0.000N tau_mag=0.0000Nm misalign_deg=90.0 pos=[ 0.10921749 -0.11360409  0.49140096] bottom_world=[ 0.1092172  -0.11360422  0.47140096] quat=[ 9.2848557e-01 -5.6072513e-06  5.5733417e-06 -3.7136868e-01] speed=0.0009 ang_speed=0.0030 ang_vel_vec=[ 0.00216034 -0.0018899   0.00083881] |com_force|=0.0000N
### kotek_magnet[tick=11220] sensor3: d=0.5470m in_range=False f_mag=0.000N tau_mag=0.0000Nm misalign_deg=90.0 pos=[-0.10910672 -0.10914616  0.49140117] bottom_world=[-0.10910689 -0.1091459   0.47140117] quat=[-3.8058338e-01  1.3156895e-06 -7.7313643e-06  9.2474669e-01] speed=0.0006 ang_speed=0.0029 ang_vel_vec=[-0.00276268 -0.00061375  0.00054061] |com_force|=0.0000N
### kotek_magnet[tick=11220] sensor4: d=0.5249m in_range=False f_mag=0.000N tau_mag=0.0000Nm misalign_deg=90.0 pos=[-0.10900021  0.10899843  0.49140227] bottom_world=[-0.10900011  0.10899875  0.47140227] quat=[ 3.8268307e-01  5.6944032e-07 -8.2733013e-06  9.2387968e-01] speed=0.0010 ang_speed=0.0018 ang_vel_vec=[-0.00026791 -0.00117702  0.00133334] |com_force|=0.0000N
### kotek_magnet[tick=11280] sensor2: d=0.3198m in_range=False f_mag=0.000N tau_mag=0.0000Nm misalign_deg=90.0 pos=[ 0.11077646 -0.11245465  0.49136156] bottom_world=[ 0.11078362 -0.11249046  0.47136159] quat=[ 9.3475574e-01 -7.7333010e-04 -4.8550803e-04 -3.5529003e-01] speed=0.0402 ang_speed=1.7021 ang_vel_vec=[-0.48874632 -0.5598979  -1.5312295 ] |com_force|=0.0000N
### kotek_magnet[tick=11280] sensor3: d=0.5470m in_range=False f_mag=0.000N tau_mag=0.0000Nm misalign_deg=90.0 pos=[-0.10910673 -0.10914613  0.49140105] bottom_world=[-0.10910691 -0.10914585  0.47140105] quat=[-3.8058326e-01  1.4320744e-06 -8.1457138e-06  9.2474675e-01] speed=0.0006 ang_speed=0.0029 ang_vel_vec=[-0.00281828 -0.00026076  0.00039832] |com_force|=0.0000N
### kotek_magnet[tick=11280] sensor4: d=0.5249m in_range=False f_mag=0.000N tau_mag=0.0000Nm misalign_deg=90.0 pos=[-0.10900045  0.10899837  0.49140236] bottom_world=[-0.10900024  0.10899872  0.47140236] quat=[ 3.8268289e-01 -1.6204544e-06 -1.0108541e-05  9.2387980e-01] speed=0.0010 ang_speed=0.0031 ang_vel_vec=[0.00051737 0.00303074 0.00054113] |com_force|=0.0000N
### kotek_magnet[tick=11340] sensor2: d=0.3065m in_range=False f_mag=0.000N tau_mag=0.0000Nm misalign_deg=89.9 pos=[ 0.12570994 -0.11312467  0.49148104] bottom_world=[ 0.12573609 -0.11301669  0.47148134] quat=[ 9.9036437e-01  2.7639603e-03 -2.7387886e-04 -1.3845833e-01] speed=0.1189 ang_speed=3.8057 ang_vel_vec=[-2.507205   1.0197848  2.6753023] |com_force|=0.0000N
### kotek_magnet[tick=11340] sensor3: d=0.5470m in_range=False f_mag=0.000N tau_mag=0.0000Nm misalign_deg=90.0 pos=[-0.10910822 -0.10914584  0.49140102] bottom_world=[-0.10910796 -0.10914596  0.47140102] quat=[-3.8058391e-01 -4.9787504e-06  5.4663228e-06  9.2474645e-01] speed=0.0010 ang_speed=0.0025 ang_vel_vec=[ 0.00184827  0.00146335 -0.00074456] |com_force|=0.0000N
### kotek_magnet[tick=11340] sensor4: d=0.5249m in_range=False f_mag=0.000N tau_mag=0.0000Nm misalign_deg=90.0 pos=[-0.10900021  0.10899842  0.49140224] bottom_world=[-0.10900011  0.10899871  0.47140224] quat=[ 3.8268307e-01  7.2469675e-07 -7.7391151e-06  9.2387974e-01] speed=0.0009 ang_speed=0.0023 ang_vel_vec=[ 0.00014354 -0.00182796  0.0014068 ] |com_force|=0.0000N
### kotek_magnet[tick=11400] sensor2: d=0.3049m in_range=False f_mag=0.000N tau_mag=0.0000Nm misalign_deg=90.1 pos=[ 0.12746984 -0.11194433  0.49215478] bottom_world=[ 0.12742511 -0.11132127  0.47216453] quat=[ 0.99499524  0.01539191  0.00265049 -0.09869467] speed=0.1082 ang_speed=1.8286 ang_vel_vec=[-0.694624  -0.8276376  1.4752693] |com_force|=0.0000N
### kotek_magnet[tick=11400] sensor3: d=0.5470m in_range=False f_mag=0.000N tau_mag=0.0000Nm misalign_deg=90.0 pos=[-0.10910828 -0.10914559  0.49140102] bottom_world=[-0.109108   -0.10914581  0.47140102] quat=[-3.8058367e-01 -4.5713464e-06  7.7468567e-06  9.2474651e-01] speed=0.0013 ang_speed=0.0144 ang_vel_vec=[ 0.0126072   0.0069932  -0.00015035] |com_force|=0.0000N
### kotek_magnet[tick=11400] sensor4: d=0.5249m in_range=False f_mag=0.000N tau_mag=0.0000Nm misalign_deg=90.0 pos=[-0.10900036  0.10899868  0.49140236] bottom_world=[-0.10900022  0.10899897  0.47140236] quat=[ 3.8268283e-01 -4.1859397e-07 -8.1414992e-06  9.2387986e-01] speed=0.0007 ang_speed=0.0048 ang_vel_vec=[-0.00182454  0.00438881  0.00048102] |com_force|=0.0000N
### kotek_magnet[tick=11460] sensor2: d=0.3078m in_range=False f_mag=0.000N tau_mag=0.0000Nm misalign_deg=90.0 pos=[ 0.13010092 -0.10807129  0.50657153] bottom_world=[ 0.13009338 -0.10707236  0.48659649] quat=[ 9.9929237e-01  2.4965912e-02  8.9115585e-04 -2.8122095e-02] speed=0.1051 ang_speed=5.6707 ang_vel_vec=[ 0.06782159  0.507758   -5.6475277 ] |com_force|=0.0000N
### kotek_magnet[tick=11460] sensor3: d=0.5470m in_range=False f_mag=0.000N tau_mag=0.0000Nm misalign_deg=90.0 pos=[-0.10910811 -0.10914578  0.49140105] bottom_world=[-0.10910787 -0.1091459   0.47140105] quat=[-3.8058382e-01 -4.4936305e-06  5.0366884e-06  9.2474651e-01] speed=0.0009 ang_speed=0.0027 ang_vel_vec=[ 0.00189635  0.00187652 -0.00057489] |com_force|=0.0000N
### kotek_magnet[tick=11460] sensor4: d=0.5249m in_range=False f_mag=0.000N tau_mag=0.0000Nm misalign_deg=90.0 pos=[-0.1090002   0.10899846  0.4914024 ] bottom_world=[-0.10900009  0.10899878  0.47140239] quat=[ 3.8268298e-01  5.9997672e-07 -8.2763081e-06  9.2387974e-01] speed=0.0010 ang_speed=0.0020 ang_vel_vec=[-0.00016492 -0.00155723  0.00121969] |com_force|=0.0000N
### kotek_magnet[tick=11520] sensor2: d=0.3183m in_range=False f_mag=0.000N tau_mag=0.0000Nm misalign_deg=90.1 pos=[ 0.13041477 -0.10842334  0.52913904] bottom_world=[ 0.13038446 -0.10760133  0.50915596] quat=[ 0.99961966  0.0205372   0.00113555 -0.01837082] speed=0.0910 ang_speed=5.7146 ang_vel_vec=[ 2.6272428  1.6162295 -4.8106537] |com_force|=0.0000N
### kotek_magnet[tick=11520] sensor3: d=0.5470m in_range=False f_mag=0.000N tau_mag=0.0000Nm misalign_deg=90.0 pos=[-0.10910816 -0.1091459   0.491401  ] bottom_world=[-0.10910792 -0.10914599  0.47140099] quat=[-3.8058403e-01 -4.6844161e-06  4.4058083e-06  9.2474645e-01] speed=0.0010 ang_speed=0.0014 ang_vel_vec=[ 0.0009698   0.00059308 -0.00085891] |com_force|=0.0000N
### kotek_magnet[tick=11520] sensor4: d=0.5249m in_range=False f_mag=0.000N tau_mag=0.0000Nm misalign_deg=90.0 pos=[-0.10900006  0.10900012  0.49140224] bottom_world=[-0.10900028  0.10899998  0.47140224] quat=[3.8268211e-01 3.8045762e-06 5.4023521e-06 9.2388010e-01] speed=0.0009 ang_speed=0.0029 ang_vel_vec=[ 0.00193568 -0.00194393 -0.00090891] |com_force|=0.0000N
### kotek_magnet[tick=11580] sensor2: d=0.3315m in_range=False f_mag=0.000N tau_mag=0.0000Nm misalign_deg=90.2 pos=[ 0.13061382 -0.10920342  0.5540031 ] bottom_world=[ 0.13055351 -0.10853703  0.53401432] quat=[ 0.9997685   0.01664024  0.00173319 -0.01353146] speed=0.1014 ang_speed=6.1421 ang_vel_vec=[ 3.474387   1.7075235 -4.768505 ] |com_force|=0.0000N
### kotek_magnet[tick=11580] sensor3: d=0.5470m in_range=False f_mag=0.000N tau_mag=0.0000Nm misalign_deg=90.0 pos=[-0.10910807 -0.10914576  0.49140108] bottom_world=[-0.10910783 -0.10914588  0.47140108] quat=[-3.805838e-01 -4.406077e-06  4.929759e-06  9.247464e-01] speed=0.0010 ang_speed=0.0025 ang_vel_vec=[ 0.00184116  0.00168927 -0.00020328] |com_force|=0.0000N
### kotek_magnet[tick=11580] sensor4: d=0.5249m in_range=False f_mag=0.000N tau_mag=0.0000Nm misalign_deg=90.0 pos=[-0.10900005  0.10900016  0.49140233] bottom_world=[-0.10900027  0.10900001  0.47140233] quat=[3.8268214e-01 3.7821533e-06 5.5929513e-06 9.2388016e-01] speed=0.0010 ang_speed=0.0026 ang_vel_vec=[ 0.00190351 -0.00171665 -0.00054136] |com_force|=0.0000N
### kotek_magnet[tick=11640] sensor2: d=0.3450m in_range=False f_mag=0.000N tau_mag=0.0000Nm misalign_deg=90.2 pos=[ 0.1307283  -0.10995077  0.57725394] bottom_world=[ 0.13065801 -0.10941489  0.55726124] quat=[ 0.99984705  0.01337772  0.00190614 -0.01110634] speed=0.0968 ang_speed=6.2682 ang_vel_vec=[ 4.013548    0.69544125 -4.764292  ] |com_force|=0.0000N
### kotek_magnet[tick=11640] sensor3: d=0.5470m in_range=False f_mag=0.000N tau_mag=0.0000Nm misalign_deg=90.0 pos=[-0.10910754 -0.10914613  0.491401  ] bottom_world=[-0.10910748 -0.10914601  0.47140099] quat=[-3.8058391e-01 -2.5928621e-06 -2.2923903e-06  9.2474651e-01] speed=0.0005 ang_speed=0.0021 ang_vel_vec=[-0.00041404  0.00189215 -0.00075592] |com_force|=0.0000N
### kotek_magnet[tick=11640] sensor4: d=0.5249m in_range=False f_mag=0.000N tau_mag=0.0000Nm misalign_deg=90.0 pos=[-0.10900007  0.10900016  0.49140242] bottom_world=[-0.10900031  0.10900001  0.47140242] quat=[3.8268194e-01 4.0726550e-06 5.7392667e-06 9.2388010e-01] speed=0.0010 ang_speed=0.0032 ang_vel_vec=[ 0.00208972 -0.0022926  -0.00087667] |com_force|=0.0000N
### kotek_magnet[tick=11700] sensor2: d=0.3465m in_range=False f_mag=0.000N tau_mag=0.0000Nm misalign_deg=90.8 pos=[ 0.12996079 -0.11097644  0.5781327 ] bottom_world=[ 0.12968594 -0.11044409  0.55814166] quat=[ 0.9998819   0.01328652  0.00691782 -0.00344   ] speed=0.0643 ang_speed=4.7161 ang_vel_vec=[ 2.8770745  -0.87006634 -3.6340828 ] |com_force|=0.0000N
### kotek_magnet[tick=11700] sensor3: d=0.5470m in_range=False f_mag=0.000N tau_mag=0.0000Nm misalign_deg=90.0 pos=[-0.10910752 -0.10914614  0.49140096] bottom_world=[-0.10910746 -0.10914601  0.47140096] quat=[-3.8058376e-01 -2.5293436e-06 -2.3951313e-06  9.2474645e-01] speed=0.0005 ang_speed=0.0020 ang_vel_vec=[-0.00033343  0.00186337 -0.00060469] |com_force|=0.0000N
### kotek_magnet[tick=11700] sensor4: d=0.5249m in_range=False f_mag=0.000N tau_mag=0.0000Nm misalign_deg=90.0 pos=[-0.10900033  0.10899948  0.49140224] bottom_world=[-0.10900033  0.10899953  0.47140224] quat=[ 3.8268232e-01  5.0679591e-07 -1.2810283e-06  9.2388004e-01] speed=0.0004 ang_speed=0.0026 ang_vel_vec=[ 2.5418999e-03 -4.9995939e-05 -7.1492366e-04] |com_force|=0.0000N
### kotek_magnet[tick=11760] sensor2: d=0.3427m in_range=False f_mag=0.000N tau_mag=0.0000Nm misalign_deg=92.7 pos=[ 0.129757   -0.11905192  0.56758314] bottom_world=[ 0.12881961 -0.11977215  0.54761811] quat=[ 0.9985694  -0.01695082  0.02422472  0.04455487] speed=0.0582 ang_speed=3.0466 ang_vel_vec=[ 2.1014638   0.02006332 -2.2057316 ] |com_force|=0.0000N
### kotek_magnet[tick=11760] sensor3: d=0.5470m in_range=False f_mag=0.000N tau_mag=0.0000Nm misalign_deg=90.0 pos=[-0.10910809 -0.10914575  0.49140096] bottom_world=[-0.10910784 -0.10914587  0.47140096] quat=[-3.8058373e-01 -4.5461629e-06  5.1505117e-06  9.2474645e-01] speed=0.0009 ang_speed=0.0030 ang_vel_vec=[ 0.0020948   0.00199803 -0.00075989] |com_force|=0.0000N
### kotek_magnet[tick=11760] sensor4: d=0.5249m in_range=False f_mag=0.000N tau_mag=0.0000Nm misalign_deg=90.0 pos=[-0.10900036  0.10899946  0.49140233] bottom_world=[-0.10900035  0.10899952  0.47140233] quat=[ 3.8268229e-01  3.7857436e-07 -1.5552002e-06  9.2388010e-01] speed=0.0004 ang_speed=0.0029 ang_vel_vec=[ 0.00263862  0.00017033 -0.00109008] |com_force|=0.0000N
### kotek_magnet[tick=11820] sensor2: d=0.3371m in_range=False f_mag=0.000N tau_mag=0.0000Nm misalign_deg=94.6 pos=[ 0.1309609  -0.13035661  0.55276155] bottom_world=[ 0.12935764 -0.13303958  0.53300728] quat=[ 0.9895611  -0.06190708  0.04806999  0.12093674] speed=0.0605 ang_speed=3.3052 ang_vel_vec=[ 0.76686275 -0.02984662 -3.2148902 ] |com_force|=0.0000N
### kotek_magnet[tick=11820] sensor3: d=0.5470m in_range=False f_mag=0.000N tau_mag=0.0000Nm misalign_deg=90.0 pos=[-0.10910751 -0.10914613  0.49140105] bottom_world=[-0.10910746 -0.10914601  0.47140105] quat=[-3.8058388e-01 -2.3630437e-06 -2.4688507e-06  9.2474639e-01] speed=0.0005 ang_speed=0.0020 ang_vel_vec=[-3.9622140e-05  1.8066560e-03 -7.6442765e-04] |com_force|=0.0000N
### kotek_magnet[tick=11820] sensor4: d=0.5249m in_range=False f_mag=0.000N tau_mag=0.0000Nm misalign_deg=90.0 pos=[-0.10900036  0.10899948  0.49140224] bottom_world=[-0.10900034  0.10899955  0.47140224] quat=[ 3.8268220e-01  2.3503719e-07 -1.7439170e-06  9.2388004e-01] speed=0.0004 ang_speed=0.0027 ang_vel_vec=[ 0.00227999  0.00116876 -0.00084098] |com_force|=0.0000N
### still playing, 1189s left
### kotek_magnet[tick=11880] sensor2: d=0.3309m in_range=False f_mag=0.000N tau_mag=0.0000Nm misalign_deg=95.4 pos=[ 0.13410221 -0.14081718  0.5386775 ] bottom_world=[ 0.13221482 -0.14556553  0.51934125] quat=[ 0.9710467  -0.1075637   0.07087685  0.20118378] speed=0.0672 ang_speed=3.1881 ang_vel_vec=[ 0.43547064 -0.41841534 -3.1303632 ] |com_force|=0.0000N
### kotek_magnet[tick=11880] sensor3: d=0.5470m in_range=False f_mag=0.000N tau_mag=0.0000Nm misalign_deg=90.0 pos=[-0.10910815 -0.10914588  0.49140102] bottom_world=[-0.1091079  -0.10914598  0.47140102] quat=[-3.8058403e-01 -4.7715039e-06  4.5511674e-06  9.2474639e-01] speed=0.0010 ang_speed=0.0014 ang_vel_vec=[ 0.0010347   0.00063104 -0.00077368] |com_force|=0.0000N
### kotek_magnet[tick=11880] sensor4: d=0.5249m in_range=False f_mag=0.000N tau_mag=0.0000Nm misalign_deg=90.0 pos=[-0.10900036  0.10899948  0.49140227] bottom_world=[-0.10900034  0.10899954  0.47140227] quat=[ 3.8268226e-01  3.1936739e-07 -1.5187957e-06  9.2388004e-01] speed=0.0004 ang_speed=0.0027 ang_vel_vec=[ 0.00246638  0.0007068  -0.00075747] |com_force|=0.0000N
### kotek_magnet[tick=11940] sensor2: d=0.3236m in_range=False f_mag=0.000N tau_mag=0.0000Nm misalign_deg=94.9 pos=[ 0.13955694 -0.15006775  0.5255021 ] bottom_world=[ 0.13786475 -0.15684085  0.50676011] quat=[ 0.9421089  -0.15227543  0.09090025  0.2845702 ] speed=0.0609 ang_speed=2.6182 ang_vel_vec=[-1.6858087 -1.4312239 -1.4017282] |com_force|=0.0000N
### kotek_magnet[tick=11940] sensor3: d=0.5470m in_range=False f_mag=0.000N tau_mag=0.0000Nm misalign_deg=90.0 pos=[-0.10910819 -0.10914587  0.49140114] bottom_world=[-0.10910795 -0.10914598  0.47140114] quat=[-3.8058385e-01 -4.6948185e-06  4.7676563e-06  9.2474639e-01] speed=0.0010 ang_speed=0.0017 ang_vel_vec=[ 0.00127127  0.00072069 -0.00076635] |com_force|=0.0000N
### kotek_magnet[tick=11940] sensor4: d=0.5249m in_range=False f_mag=0.000N tau_mag=0.0000Nm misalign_deg=90.0 pos=[-0.10900005  0.10900013  0.49140233] bottom_world=[-0.10900029  0.10899998  0.47140233] quat=[3.8268197e-01 3.9790630e-06 5.8298956e-06 9.2388010e-01] speed=0.0009 ang_speed=0.0034 ang_vel_vec=[ 0.0023465  -0.00234416 -0.00078754] |com_force|=0.0000N
### kotek_magnet[tick=12000] sensor2: d=0.3147m in_range=False f_mag=0.000N tau_mag=0.0000Nm misalign_deg=92.7 pos=[ 0.14731927 -0.1579842   0.51321083] bottom_world=[ 0.14636101 -0.16669326  0.49523212] quat=[ 0.90216553 -0.19758944  0.10719455  0.36819172] speed=0.0693 ang_speed=3.0333 ang_vel_vec=[ 0.6936779 -0.3740451 -2.929116 ] |com_force|=0.0000N
### kotek_magnet[tick=12000] sensor3: d=0.5470m in_range=False f_mag=0.000N tau_mag=0.0000Nm misalign_deg=90.0 pos=[-0.10910749 -0.10914618  0.49140114] bottom_world=[-0.10910744 -0.10914605  0.47140114] quat=[-3.8058406e-01 -2.4531323e-06 -2.5603874e-06  9.2474645e-01] speed=0.0005 ang_speed=0.0022 ang_vel_vec=[ 0.00011686  0.00198266 -0.00089936] |com_force|=0.0000N
### kotek_magnet[tick=12000] sensor4: d=0.5249m in_range=False f_mag=0.000N tau_mag=0.0000Nm misalign_deg=90.0 pos=[-0.10900036  0.10899945  0.49140224] bottom_world=[-0.10900035  0.10899951  0.47140224] quat=[ 3.8268223e-01  4.0500831e-07 -1.5460948e-06  9.2388016e-01] speed=0.0004 ang_speed=0.0031 ang_vel_vec=[ 2.9554602e-03  5.0092487e-05 -9.8535081e-04] |com_force|=0.0000N
### kotek_magnet[tick=12060] sensor2: d=0.3038m in_range=False f_mag=0.000N tau_mag=0.0000Nm misalign_deg=89.3 pos=[ 0.15758292 -0.16398355  0.5019957 ] bottom_world=[ 0.15784116 -0.1743207   0.4848762 ] quat=[ 0.85163707 -0.2402987   0.11945493  0.45022362] speed=0.0729 ang_speed=3.0415 ang_vel_vec=[ 0.0847826 -0.6187792 -2.9767177] |com_force|=0.0000N
### kotek_magnet[tick=12060] sensor3: d=0.5470m in_range=False f_mag=0.000N tau_mag=0.0000Nm misalign_deg=90.0 pos=[-0.10910815 -0.10914585  0.49140105] bottom_world=[-0.10910791 -0.10914593  0.47140105] quat=[-3.8058397e-01 -4.7448693e-06  4.1926141e-06  9.2474639e-01] speed=0.0010 ang_speed=0.0012 ang_vel_vec=[ 0.00083478  0.0004867  -0.00066073] |com_force|=0.0000N
### kotek_magnet[tick=12060] sensor4: d=0.5249m in_range=False f_mag=0.000N tau_mag=0.0000Nm misalign_deg=90.0 pos=[-0.10900002  0.10900013  0.49140242] bottom_world=[-0.10900025  0.10899999  0.47140242] quat=[3.8268226e-01 3.9789406e-06 5.4970360e-06 9.2387998e-01] speed=0.0009 ang_speed=0.0030 ang_vel_vec=[ 0.00212892 -0.00204709 -0.00065809] |com_force|=0.0000N
### kotek_magnet[tick=12120] sensor2: d=0.2901m in_range=False f_mag=0.000N tau_mag=0.0000Nm misalign_deg=84.3 pos=[ 0.17056298 -0.16767173  0.49145848] bottom_world=[ 0.17254093 -0.17928845  0.47529867] quat=[ 0.7889872  -0.2824923   0.12729038  0.53056055] speed=0.0794 ang_speed=2.9876 ang_vel_vec=[-0.00482142 -0.75029075 -2.8918042 ] |com_force|=0.0000N
### kotek_magnet[tick=12120] sensor3: d=0.5470m in_range=False f_mag=0.000N tau_mag=0.0000Nm misalign_deg=90.0 pos=[-0.10910751 -0.10914619  0.49140102] bottom_world=[-0.10910746 -0.10914607  0.47140102] quat=[-3.8058370e-01 -2.3584646e-06 -2.2183929e-06  9.2474651e-01] speed=0.0005 ang_speed=0.0019 ang_vel_vec=[ 0.00038157  0.00180274 -0.0005913 ] |com_force|=0.0000N
### kotek_magnet[tick=12120] sensor4: d=0.5249m in_range=False f_mag=0.000N tau_mag=0.0000Nm misalign_deg=90.0 pos=[-0.10900005  0.10900011  0.49140227] bottom_world=[-0.10900028  0.10899996  0.47140227] quat=[3.8268217e-01 3.9961524e-06 5.6634972e-06 9.2388010e-01] speed=0.0009 ang_speed=0.0033 ang_vel_vec=[ 0.00228042 -0.00224435 -0.00070303] |com_force|=0.0000N
### kotek_magnet[tick=12180] sensor2: d=0.2736m in_range=False f_mag=0.000N tau_mag=0.0000Nm misalign_deg=78.2 pos=[ 0.18584256 -0.16837789  0.48187423] bottom_world=[ 0.18993746 -0.18079056  0.46673628] quat=[ 0.7161949  -0.32345584  0.13010629  0.6045772 ] speed=0.0932 ang_speed=2.7590 ang_vel_vec=[ 0.9977919   0.36211708 -2.5465837 ] |com_force|=0.0000N
### kotek_magnet[tick=12180] sensor3: d=0.5470m in_range=False f_mag=0.000N tau_mag=0.0000Nm misalign_deg=90.0 pos=[-0.10910813 -0.10914584  0.491401  ] bottom_world=[-0.10910789 -0.10914592  0.47140099] quat=[-3.805840e-01 -4.615708e-06  4.328891e-06  9.247464e-01] speed=0.0009 ang_speed=0.0014 ang_vel_vec=[ 0.00101372  0.00059778 -0.00078018] |com_force|=0.0000N
### kotek_magnet[tick=12180] sensor4: d=0.5249m in_range=False f_mag=0.000N tau_mag=0.0000Nm misalign_deg=90.0 pos=[-0.10900002  0.10900018  0.4914024 ] bottom_world=[-0.10900024  0.10900003  0.47140239] quat=[3.8268209e-01 3.8184767e-06 5.4850907e-06 9.2388010e-01] speed=0.0009 ang_speed=0.0028 ang_vel_vec=[ 0.00194123 -0.00180279 -0.00079287] |com_force|=0.0000N
### kotek_magnet[tick=12240] sensor2: d=0.2542m in_range=False f_mag=0.000N tau_mag=0.0000Nm misalign_deg=71.1 pos=[ 0.20299864 -0.1656354   0.4730341 ] bottom_world=[ 0.20947524 -0.17822726  0.4589097 ] quat=[ 0.63368094 -0.361365    0.12769124  0.67198133] speed=0.0957 ang_speed=2.6738 ang_vel_vec=[ 0.9624516   0.26172927 -2.480849  ] |com_force|=0.0000N
### kotek_magnet[tick=12240] sensor3: d=0.5470m in_range=False f_mag=0.000N tau_mag=0.0000Nm misalign_deg=90.0 pos=[-0.10910748 -0.10914619  0.49140105] bottom_world=[-0.10910743 -0.10914607  0.47140105] quat=[-3.8058391e-01 -2.3598325e-06 -2.4753338e-06  9.2474651e-01] speed=0.0004 ang_speed=0.0021 ang_vel_vec=[ 0.00011436  0.00193815 -0.00067443] |com_force|=0.0000N
### kotek_magnet[tick=12240] sensor4: d=0.5249m in_range=False f_mag=0.000N tau_mag=0.0000Nm misalign_deg=90.0 pos=[-0.10900017  0.10899837  0.49140233] bottom_world=[-0.10900006  0.10899869  0.47140233] quat=[ 3.826831e-01  5.347331e-07 -8.517808e-06  9.238798e-01] speed=0.0010 ang_speed=0.0020 ang_vel_vec=[-0.00024062 -0.00132551  0.00141472] |com_force|=0.0000N
### kotek_magnet[tick=12300] sensor2: d=0.2317m in_range=False f_mag=0.000N tau_mag=0.0000Nm misalign_deg=63.2 pos=[ 0.22168036 -0.1588224   0.46505097] bottom_world=[ 0.2306894  -0.17093726  0.45193352] quat=[ 0.5425581  -0.39718428  0.1196183   0.7304566 ] speed=0.0902 ang_speed=2.0306 ang_vel_vec=[ 0.80667126  0.7112398  -1.722455  ] |com_force|=0.0000N
### kotek_magnet[tick=12300] sensor3: d=0.5470m in_range=False f_mag=0.000N tau_mag=0.0000Nm misalign_deg=90.0 pos=[-0.10910749 -0.10914613  0.49140105] bottom_world=[-0.10910743 -0.10914601  0.47140105] quat=[-3.8058391e-01 -2.4008971e-06 -2.2687500e-06  9.2474645e-01] speed=0.0004 ang_speed=0.0022 ang_vel_vec=[ 0.0002839   0.00201919 -0.00093036] |com_force|=0.0000N
### kotek_magnet[tick=12300] sensor4: d=0.5249m in_range=False f_mag=0.000N tau_mag=0.0000Nm misalign_deg=90.0 pos=[-0.10900018  0.10899845  0.49140233] bottom_world=[-0.10900008  0.10899876  0.47140233] quat=[ 3.8268295e-01  7.1869249e-07 -8.0378331e-06  9.2387980e-01] speed=0.0010 ang_speed=0.0022 ang_vel_vec=[ 8.4019700e-07 -1.8775151e-03  1.0743444e-03] |com_force|=0.0000N
### kotek_magnet[tick=12360] sensor2: d=0.2064m in_range=False f_mag=0.000N tau_mag=0.0000Nm misalign_deg=54.9 pos=[ 0.24128243 -0.14748438  0.45779383] bottom_world=[ 0.25278234 -0.15844806  0.44564682] quat=[ 0.44440305 -0.430082    0.10655631  0.7785763 ] speed=0.1004 ang_speed=2.6433 ang_vel_vec=[ 0.79365027 -0.09505647 -2.5194974 ] |com_force|=0.0000N
### kotek_magnet[tick=12360] sensor3: d=0.5470m in_range=False f_mag=0.000N tau_mag=0.0000Nm misalign_deg=90.0 pos=[-0.10910811 -0.10914584  0.49140102] bottom_world=[-0.10910788 -0.10914593  0.47140102] quat=[-3.8058394e-01 -4.5804968e-06  4.3918199e-06  9.2474639e-01] speed=0.0009 ang_speed=0.0019 ang_vel_vec=[ 0.00142868  0.00094707 -0.00081492] |com_force|=0.0000N
### kotek_magnet[tick=12360] sensor4: d=0.5249m in_range=False f_mag=0.000N tau_mag=0.0000Nm misalign_deg=90.0 pos=[-0.10900013  0.10899844  0.49140242] bottom_world=[-0.10900002  0.10899876  0.47140242] quat=[ 3.8268325e-01  4.9369424e-07 -8.4679268e-06  9.2387974e-01] speed=0.0010 ang_speed=0.0016 ang_vel_vec=[-0.00055161 -0.0006848   0.0013349 ] |com_force|=0.0000N
### kotek_magnet[tick=12420] sensor2: d=0.1789m in_range=False f_mag=0.000N tau_mag=0.0000Nm misalign_deg=46.4 pos=[ 0.26085335 -0.13130835  0.45129547] bottom_world=[ 0.27464669 -0.14048602  0.44009215] quat=[ 0.34234154 -0.46059602  0.0881389   0.81417763] speed=0.0981 ang_speed=2.0707 ang_vel_vec=[ 0.52061486  0.496      -1.94187   ] |com_force|=0.0000N
### kotek_magnet[tick=12420] sensor3: d=0.5470m in_range=False f_mag=0.000N tau_mag=0.0000Nm misalign_deg=90.0 pos=[-0.10910813 -0.10914584  0.49140102] bottom_world=[-0.1091079  -0.10914593  0.47140102] quat=[-3.8058406e-01 -4.4426374e-06  4.2940669e-06  9.2474639e-01] speed=0.0009 ang_speed=0.0018 ang_vel_vec=[ 0.00139076  0.00084775 -0.00065532] |com_force|=0.0000N
### kotek_magnet[tick=12420] sensor4: d=0.5249m in_range=False f_mag=0.000N tau_mag=0.0000Nm misalign_deg=90.0 pos=[-0.10900032  0.10899871  0.49140236] bottom_world=[-0.10900016  0.10899901  0.47140236] quat=[ 3.8268283e-01 -7.4905779e-07 -8.4782232e-06  9.2387980e-01] speed=0.0006 ang_speed=0.0045 ang_vel_vec=[-0.00155153  0.00420823  0.00060717] |com_force|=0.0000N
### kotek_magnet[tick=12480] sensor2: d=0.1510m in_range=False f_mag=0.000N tau_mag=0.0000Nm misalign_deg=38.2 pos=[ 0.27936995 -0.110285    0.44563395] bottom_world=[ 0.29509598 -0.11711868  0.43533867] quat=[ 0.2379499  -0.48821375  0.06530942  0.8371152 ] speed=0.1067 ang_speed=2.6598 ang_vel_vec=[ 0.5361022  -0.34576538 -2.582155  ] |com_force|=0.0000N
### kotek_magnet[tick=12480] sensor3: d=0.5470m in_range=False f_mag=0.000N tau_mag=0.0000Nm misalign_deg=90.0 pos=[-0.10910642 -0.10914589  0.491401  ] bottom_world=[-0.10910661 -0.10914569  0.47140099] quat=[-3.8058290e-01  2.4811827e-06 -6.3630669e-06  9.2474687e-01] speed=0.0010 ang_speed=0.0027 ang_vel_vec=[0.00210963 0.00014697 0.00168161] |com_force|=0.0000N
### kotek_magnet[tick=12480] sensor4: d=0.5249m in_range=False f_mag=0.000N tau_mag=0.0000Nm misalign_deg=90.0 pos=[-0.10900033  0.10899928  0.49140218] bottom_world=[-0.10900027  0.10899943  0.47140218] quat=[ 3.8268250e-01  1.5539942e-07 -3.8183071e-06  9.2387998e-01] speed=0.0001 ang_speed=0.0015 ang_vel_vec=[-0.00029676  0.00141835 -0.00020754] |com_force|=0.0000N
### kotek_magnet[tick=12540] sensor2: d=0.1254m in_range=False f_mag=0.000N tau_mag=0.0000Nm misalign_deg=30.8 pos=[ 0.29572475 -0.08473831  0.44081038] bottom_world=[ 0.31289567 -0.08882581  0.43140549] quat=[ 0.13371305 -0.5131335   0.03964405  0.84690213] speed=0.1160 ang_speed=2.5444 ang_vel_vec=[ 2.2563186 -1.0817482  0.4612592] |com_force|=0.0000N
### kotek_magnet[tick=12540] sensor3: d=0.5470m in_range=False f_mag=0.000N tau_mag=0.0000Nm misalign_deg=90.0 pos=[-0.10910667 -0.10914612  0.49140105] bottom_world=[-0.10910684 -0.10914585  0.47140105] quat=[-3.8058329e-01  1.3989202e-06 -7.7075656e-06  9.2474663e-01] speed=0.0007 ang_speed=0.0025 ang_vel_vec=[-0.00242932 -0.00041347  0.0002882 ] |com_force|=0.0000N
### kotek_magnet[tick=12540] sensor4: d=0.5249m in_range=False f_mag=0.000N tau_mag=0.0000Nm misalign_deg=90.0 pos=[-0.10900002  0.10900017  0.49140242] bottom_world=[-0.10900025  0.10900002  0.47140242] quat=[3.8268194e-01 3.9641841e-06 5.6910712e-06 9.2388010e-01] speed=0.0010 ang_speed=0.0030 ang_vel_vec=[ 0.00196997 -0.00195904 -0.00109769] |com_force|=0.0000N
### kotek_magnet[tick=12600] sensor2: d=0.1079m in_range=False f_mag=0.000N tau_mag=0.0000Nm misalign_deg=25.5 pos=[ 0.30841395 -0.05647366  0.43715748] bottom_world=[ 0.32646375 -0.05758372  0.42861507] quat=[ 0.03606575 -0.53510696  0.0100153   0.84395474] speed=0.1039 ang_speed=3.0551 ang_vel_vec=[ 1.5003766 -0.996951  -2.467462 ] |com_force|=0.0000N
### kotek_magnet[tick=12600] sensor3: d=0.5470m in_range=False f_mag=0.000N tau_mag=0.0000Nm misalign_deg=90.0 pos=[-0.10910643 -0.1091459   0.49140102] bottom_world=[-0.10910661 -0.10914571  0.47140102] quat=[-3.8058290e-01  2.4217218e-06 -6.2848740e-06  9.2474681e-01] speed=0.0010 ang_speed=0.0032 ang_vel_vec=[0.00282199 0.00078567 0.00129539] |com_force|=0.0000N
### kotek_magnet[tick=12600] sensor4: d=0.5249m in_range=False f_mag=0.000N tau_mag=0.0000Nm misalign_deg=90.0 pos=[-0.10900015  0.10899844  0.49140233] bottom_world=[-0.10900004  0.10899875  0.47140233] quat=[ 3.826830e-01  5.507452e-07 -8.258420e-06  9.238797e-01] speed=0.0010 ang_speed=0.0015 ang_vel_vec=[-0.00041975 -0.0009597   0.00112745] |com_force|=0.0000N
### kotek_magnet[tick=12660] sensor2: d=0.1041m in_range=False f_mag=0.000N tau_mag=0.0000Nm misalign_deg=25.2 pos=[ 0.30885056 -0.04985391  0.4327045 ] bottom_world=[ 0.32695184 -0.05022461  0.4242071 ] quat=[ 0.01360167 -0.53624547  0.0023386   0.8439493 ] speed=0.0650 ang_speed=2.9918 ang_vel_vec=[ 1.0316664 -0.1818962 -2.8023846] |com_force|=0.0000N
### kotek_magnet[tick=12660] sensor3: d=0.5470m in_range=False f_mag=0.000N tau_mag=0.0000Nm misalign_deg=90.0 pos=[-0.10910643 -0.10914595  0.49140108] bottom_world=[-0.10910661 -0.10914576  0.47140108] quat=[-3.8058296e-01  2.3060252e-06 -6.0033194e-06  9.2474687e-01] speed=0.0010 ang_speed=0.0034 ang_vel_vec=[0.00296435 0.00083686 0.00136799] |com_force|=0.0000N
### kotek_magnet[tick=12660] sensor4: d=0.5249m in_range=False f_mag=0.000N tau_mag=0.0000Nm misalign_deg=90.0 pos=[-0.10900016  0.10899846  0.4914024 ] bottom_world=[-0.10900006  0.10899877  0.47140239] quat=[ 3.8268307e-01  6.0480642e-07 -8.1836079e-06  9.2387974e-01] speed=0.0010 ang_speed=0.0017 ang_vel_vec=[-0.00022682 -0.00111911  0.00119159] |com_force|=0.0000N
### kotek_magnet[tick=12720] sensor2: d=0.0923m in_range=True f_mag=1.842N tau_mag=0.0018Nm misalign_deg=25.2 pos=[ 0.31485346 -0.05053311  0.42198575] bottom_world=[ 0.33294779 -0.05087367  0.41347227] quat=[ 0.0128771  -0.5358726   0.00191123  0.8441986 ] speed=0.0705 ang_speed=2.6163 ang_vel_vec=[ 0.5853522 -0.5155026 -2.497287 ] |com_force|=0.3915N
### kotek_magnet[tick=12720] sensor3: d=0.5470m in_range=False f_mag=0.000N tau_mag=0.0000Nm misalign_deg=90.0 pos=[-0.10910641 -0.10914595  0.491401  ] bottom_world=[-0.10910659 -0.10914575  0.47140099] quat=[-3.8058305e-01  2.4257092e-06 -6.2927297e-06  9.2474675e-01] speed=0.0010 ang_speed=0.0027 ang_vel_vec=[0.00214149 0.00042908 0.00150511] |com_force|=0.0000N
### kotek_magnet[tick=12720] sensor4: d=0.5249m in_range=False f_mag=0.000N tau_mag=0.0000Nm misalign_deg=90.0 pos=[-0.10900034  0.10899867  0.49140227] bottom_world=[-0.10900019  0.10899897  0.47140227] quat=[ 3.8268271e-01 -7.0583877e-07 -8.3709620e-06  9.2387986e-01] speed=0.0006 ang_speed=0.0046 ang_vel_vec=[-0.00151604  0.0042937   0.00043998] |com_force|=0.0000N
### kotek_magnet[tick=12780] sensor2: d=0.0703m in_range=True f_mag=1.388N tau_mag=0.0013Nm misalign_deg=24.7 pos=[ 0.32841238 -0.05115459  0.4040916 ] bottom_world=[ 0.34657542 -0.05142535  0.39572315] quat=[ 0.00916619 -0.539244    0.00216861  0.842097  ] speed=0.0771 ang_speed=3.3075 ang_vel_vec=[ 2.145163  -0.8386811 -2.3737366] |com_force|=0.4166N
### kotek_magnet[tick=12780] sensor3: d=0.5470m in_range=False f_mag=0.000N tau_mag=0.0000Nm misalign_deg=90.0 pos=[-0.10910642 -0.10914592  0.49140096] bottom_world=[-0.1091066  -0.10914573  0.47140096] quat=[-3.8058302e-01  2.2977524e-06 -5.9791391e-06  9.2474675e-01] speed=0.0010 ang_speed=0.0033 ang_vel_vec=[0.00292356 0.00092535 0.00131857] |com_force|=0.0000N
### kotek_magnet[tick=12780] sensor4: d=0.5249m in_range=False f_mag=0.000N tau_mag=0.0000Nm misalign_deg=90.0 pos=[-0.10900035  0.1089987   0.49140236] bottom_world=[-0.10900021  0.10899899  0.47140236] quat=[ 3.8268265e-01 -5.3624075e-07 -7.9575138e-06  9.2387992e-01] speed=0.0006 ang_speed=0.0039 ang_vel_vec=[-0.00124345  0.00364459  0.00023823] |com_force|=0.0000N
### kotek_magnet[tick=12840] sensor2: d=0.0522m in_range=True f_mag=1.015N tau_mag=0.0009Nm misalign_deg=24.2 pos=[ 0.34001544 -0.05156662  0.3895238 ] bottom_world=[ 0.35825264 -0.05174747  0.38131577] quat=[ 0.0058756  -0.5429517   0.00158515  0.83974195] speed=0.0751 ang_speed=3.2040 ang_vel_vec=[ 1.3201088 -0.9958466 -2.7443311] |com_force|=0.3633N
### kotek_magnet[tick=12840] sensor3: d=0.5470m in_range=False f_mag=0.000N tau_mag=0.0000Nm misalign_deg=90.0 pos=[-0.10910812 -0.10914586  0.49140105] bottom_world=[-0.10910788 -0.10914596  0.47140105] quat=[-3.8058406e-01 -4.6708374e-06  4.5348620e-06  9.2474639e-01] speed=0.0009 ang_speed=0.0019 ang_vel_vec=[ 0.00143783  0.00090944 -0.00089424] |com_force|=0.0000N
### kotek_magnet[tick=12840] sensor4: d=0.5249m in_range=False f_mag=0.000N tau_mag=0.0000Nm misalign_deg=90.0 pos=[-0.10900017  0.10899844  0.49140233] bottom_world=[-0.10900008  0.10899874  0.47140233] quat=[ 3.8268295e-01  7.6611582e-07 -7.9045649e-06  9.2387968e-01] speed=0.0009 ang_speed=0.0019 ang_vel_vec=[ 6.5732092e-05 -1.4231557e-03  1.2330277e-03] |com_force|=0.0000N
### kotek_magnet[tick=12900] sensor2: d=0.0147m in_range=True f_mag=0.242N tau_mag=0.0001Nm misalign_deg=15.3 pos=[ 0.37005678 -0.05024465  0.36544555] bottom_world=[ 0.38935125 -0.05017219  0.36018073] quat=[ 0.00381278 -0.60692054 -0.00519104  0.7947365 ] speed=0.0051 ang_speed=0.2477 ang_vel_vec=[ 0.04555365 -0.24340998  0.00542323] |com_force|=0.4872N
### kotek_magnet[tick=12900] sensor3: d=0.5470m in_range=False f_mag=0.000N tau_mag=0.0000Nm misalign_deg=90.0 pos=[-0.10910805 -0.10914575  0.4914011 ] bottom_world=[-0.10910781 -0.10914587  0.47140111] quat=[-3.8058379e-01 -4.3677528e-06  5.1379325e-06  9.2474645e-01] speed=0.0009 ang_speed=0.0034 ang_vel_vec=[ 0.00248205  0.00226112 -0.00051367] |com_force|=0.0000N
### kotek_magnet[tick=12900] sensor4: d=0.5249m in_range=False f_mag=0.000N tau_mag=0.0000Nm misalign_deg=90.0 pos=[-0.10900018  0.10899847  0.4914023 ] bottom_world=[-0.10900008  0.10899878  0.4714023 ] quat=[ 3.8268301e-01  6.0319286e-07 -8.0254194e-06  9.2387974e-01] speed=0.0010 ang_speed=0.0017 ang_vel_vec=[-0.00022459 -0.00103202  0.00128997] |com_force|=0.0000N
### kotek_magnet[tick=12960] sensor2: d=0.0148m in_range=True f_mag=0.244N tau_mag=0.0001Nm misalign_deg=15.5 pos=[ 0.37001702 -0.05014271  0.36562106] bottom_world=[ 0.38928626 -0.0500606   0.36026477] quat=[ 0.00463951 -0.60502523 -0.00610385  0.79616934] speed=0.0000 ang_speed=0.0025 ang_vel_vec=[-0.00169781  0.00039089 -0.00180006] |com_force|=0.4905N
### kotek_magnet[tick=12960] sensor3: d=0.5470m in_range=False f_mag=0.000N tau_mag=0.0000Nm misalign_deg=90.0 pos=[-0.10910745 -0.10914615  0.49140105] bottom_world=[-0.1091074  -0.10914602  0.47140105] quat=[-3.8058388e-01 -2.3356849e-06 -2.5113884e-06  9.2474651e-01] speed=0.0004 ang_speed=0.0022 ang_vel_vec=[ 4.3235421e-05  2.0090307e-03 -7.8607758e-04] |com_force|=0.0000N
### kotek_magnet[tick=12960] sensor4: d=0.5249m in_range=False f_mag=0.000N tau_mag=0.0000Nm misalign_deg=90.0 pos=[-0.10900033  0.10899924  0.49140224] bottom_world=[-0.10900028  0.10899937  0.47140224] quat=[ 3.8268253e-01  3.5648330e-07 -3.5096218e-06  9.2387998e-01] speed=0.0001 ang_speed=0.0011 ang_vel_vec=[-0.00011902  0.00096869 -0.0004828 ] |com_force|=0.0000N
### kotek_magnet[tick=13020] sensor2: d=0.0148m in_range=True f_mag=0.244N tau_mag=0.0001Nm misalign_deg=15.5 pos=[ 0.37001643 -0.05014268  0.36562145] bottom_world=[ 0.38928558 -0.05006058  0.36026487] quat=[ 0.00463994 -0.60501933 -0.00610386  0.7961739 ] speed=0.0000 ang_speed=0.0026 ang_vel_vec=[-0.00207232  0.00071684 -0.00139405] |com_force|=0.4905N
### kotek_magnet[tick=13020] sensor3: d=0.5470m in_range=False f_mag=0.000N tau_mag=0.0000Nm misalign_deg=90.0 pos=[-0.10910805 -0.10914574  0.49140114] bottom_world=[-0.10910781 -0.10914586  0.47140114] quat=[-3.8058376e-01 -4.3908117e-06  5.1839902e-06  9.2474657e-01] speed=0.0009 ang_speed=0.0035 ang_vel_vec=[ 0.00245328  0.00244952 -0.00069208] |com_force|=0.0000N
### kotek_magnet[tick=13020] sensor4: d=0.5249m in_range=False f_mag=0.000N tau_mag=0.0000Nm misalign_deg=90.0 pos=[-0.10900019  0.10899848  0.49140242] bottom_world=[-0.10900009  0.10899878  0.47140242] quat=[ 3.8268313e-01  6.0006442e-07 -7.9828806e-06  9.2387974e-01] speed=0.0010 ang_speed=0.0015 ang_vel_vec=[-0.00042937 -0.00086527  0.00113954] |com_force|=0.0000N
### kotek_magnet[tick=13080] sensor2: d=0.0148m in_range=True f_mag=0.244N tau_mag=0.0001Nm misalign_deg=15.5 pos=[ 0.37001655 -0.05014251  0.36562142] bottom_world=[ 0.38928571 -0.05006041  0.36026489] quat=[ 0.00464145 -0.60502034 -0.00610498  0.79617304] speed=0.0002 ang_speed=0.0062 ang_vel_vec=[-0.00592747  0.00093608 -0.00153002] |com_force|=0.4905N
### kotek_magnet[tick=13080] sensor3: d=0.5470m in_range=False f_mag=0.000N tau_mag=0.0000Nm misalign_deg=90.0 pos=[-0.10910814 -0.10914581  0.49140102] bottom_world=[-0.10910789 -0.10914591  0.47140102] quat=[-3.8058394e-01 -4.7510621e-06  4.8613060e-06  9.2474633e-01] speed=0.0009 ang_speed=0.0021 ang_vel_vec=[ 0.00169824  0.00104362 -0.00069418] |com_force|=0.0000N
### kotek_magnet[tick=13080] sensor4: d=0.5249m in_range=False f_mag=0.000N tau_mag=0.0000Nm misalign_deg=90.0 pos=[-0.10900002  0.10900019  0.49140233] bottom_world=[-0.10900025  0.10900005  0.47140233] quat=[3.8268214e-01 3.8947487e-06 5.5440346e-06 9.2388010e-01] speed=0.0010 ang_speed=0.0023 ang_vel_vec=[ 0.00167668 -0.00143979 -0.00068461] |com_force|=0.0000N
### kotek_magnet[tick=13140] sensor2: d=0.0148m in_range=True f_mag=0.244N tau_mag=0.0001Nm misalign_deg=15.5 pos=[ 0.37001637 -0.05014268  0.36562145] bottom_world=[ 0.38928552 -0.05006058  0.36026485] quat=[ 0.00463997 -0.6050188  -0.00610387  0.7961743 ] speed=0.0000 ang_speed=0.0026 ang_vel_vec=[-0.00208807  0.00067728 -0.00138762] |com_force|=0.4905N
### kotek_magnet[tick=13140] sensor3: d=0.5470m in_range=False f_mag=0.000N tau_mag=0.0000Nm misalign_deg=90.0 pos=[-0.10910748 -0.10914612  0.4914011 ] bottom_world=[-0.10910743 -0.10914599  0.47140111] quat=[-3.805838e-01 -2.316258e-06 -2.608803e-06  9.247464e-01] speed=0.0004 ang_speed=0.0023 ang_vel_vec=[-0.00049693  0.00211474 -0.0007176 ] |com_force|=0.0000N
### kotek_magnet[tick=13140] sensor4: d=0.5249m in_range=False f_mag=0.000N tau_mag=0.0000Nm misalign_deg=90.0 pos=[-0.10900001  0.1090002   0.49140227] bottom_world=[-0.10900024  0.10900005  0.47140227] quat=[3.8268211e-01 3.8713538e-06 5.5377577e-06 9.2388010e-01] speed=0.0010 ang_speed=0.0023 ang_vel_vec=[ 0.00148053 -0.00155691 -0.00080112] |com_force|=0.0000N
### kotek_magnet[tick=13200] sensor2: d=0.0148m in_range=True f_mag=0.244N tau_mag=0.0001Nm misalign_deg=15.5 pos=[ 0.37001655 -0.05014251  0.36562142] bottom_world=[ 0.38928571 -0.05006041  0.3602649 ] quat=[ 0.00464151 -0.60502046 -0.0061051   0.7961729 ] speed=0.0002 ang_speed=0.0062 ang_vel_vec=[-0.00591799  0.00093761 -0.00153076] |com_force|=0.4905N
### kotek_magnet[tick=13200] sensor3: d=0.5470m in_range=False f_mag=0.000N tau_mag=0.0000Nm misalign_deg=90.0 pos=[-0.10910723 -0.10914607  0.49140102] bottom_world=[-0.10910725 -0.10914592  0.47140102] quat=[-3.8058349e-01 -1.0438594e-06 -3.6894155e-06  9.2474663e-01] speed=0.0001 ang_speed=0.0007 ang_vel_vec=[-2.1526650e-05  6.2366173e-04 -4.0580300e-04] |com_force|=0.0000N
### kotek_magnet[tick=13200] sensor4: d=0.5249m in_range=False f_mag=0.000N tau_mag=0.0000Nm misalign_deg=90.0 pos=[-0.1090003   0.10899954  0.49140227] bottom_world=[-0.1090003   0.1089996   0.47140227] quat=[ 3.8268241e-01  5.3054242e-07 -1.2617676e-06  9.2388004e-01] speed=0.0004 ang_speed=0.0025 ang_vel_vec=[ 2.3422271e-03  5.3295043e-05 -8.4444490e-04] |com_force|=0.0000N
### kotek_magnet[tick=13260] sensor2: d=0.0148m in_range=True f_mag=0.244N tau_mag=0.0001Nm misalign_deg=15.5 pos=[ 0.37001643 -0.05014268  0.3656214 ] bottom_world=[ 0.38928559 -0.05006058  0.36026483] quat=[ 0.0046399  -0.60501957 -0.00610397  0.7961737 ] speed=0.0000 ang_speed=0.0025 ang_vel_vec=[-0.00195085  0.0006873  -0.0013802 ] |com_force|=0.4905N
### kotek_magnet[tick=13260] sensor3: d=0.5470m in_range=False f_mag=0.000N tau_mag=0.0000Nm misalign_deg=90.0 pos=[-0.10910641 -0.1091459   0.49140114] bottom_world=[-0.10910661 -0.1091457   0.47140114] quat=[-3.8058302e-01  2.5703796e-06 -6.4280998e-06  9.2474681e-01] speed=0.0010 ang_speed=0.0027 ang_vel_vec=[0.002252   0.00033011 0.00153934] |com_force|=0.0000N
### kotek_magnet[tick=13260] sensor4: d=0.5249m in_range=False f_mag=0.000N tau_mag=0.0000Nm misalign_deg=90.0 pos=[-0.109       0.10900019  0.49140227] bottom_world=[-0.10900024  0.10900004  0.47140227] quat=[3.8268211e-01 3.9191864e-06 5.7154189e-06 9.2388010e-01] speed=0.0010 ang_speed=0.0026 ang_vel_vec=[ 0.00180797 -0.00173888 -0.00081062] |com_force|=0.0000N
### kotek_magnet[tick=13320] sensor2: d=0.0148m in_range=True f_mag=0.244N tau_mag=0.0001Nm misalign_deg=15.5 pos=[ 0.3700164  -0.05014272  0.36562142] bottom_world=[ 0.38928557 -0.05006061  0.36026488] quat=[ 0.0046393  -0.6050201  -0.00610377  0.7961734 ] speed=0.0000 ang_speed=0.0019 ang_vel_vec=[-0.00126063  0.00038716 -0.00130153] |com_force|=0.4905N
### kotek_magnet[tick=13320] sensor3: d=0.5470m in_range=False f_mag=0.000N tau_mag=0.0000Nm misalign_deg=90.0 pos=[-0.10910641 -0.10914595  0.49140102] bottom_world=[-0.1091066  -0.10914575  0.47140102] quat=[-3.8058293e-01  2.3945518e-06 -6.2670069e-06  9.2474681e-01] speed=0.0010 ang_speed=0.0030 ang_vel_vec=[0.00260871 0.00071939 0.00130752] |com_force|=0.0000N
### kotek_magnet[tick=13320] sensor4: d=0.5249m in_range=False f_mag=0.000N tau_mag=0.0000Nm misalign_deg=90.0 pos=[-0.10900032  0.10899927  0.4914023 ] bottom_world=[-0.10900028  0.10899941  0.4714023 ] quat=[ 3.8268232e-01  4.1814312e-07 -3.6312115e-06  9.2387998e-01] speed=0.0001 ang_speed=0.0022 ang_vel_vec=[-0.00108434  0.00183515 -0.00065377] |com_force|=0.0000N
### kotek_magnet[tick=13380] sensor2: d=0.0148m in_range=True f_mag=0.244N tau_mag=0.0001Nm misalign_deg=15.5 pos=[ 0.37001643 -0.0501425   0.36562142] bottom_world=[ 0.38928559 -0.05006041  0.36026487] quat=[ 0.00464147 -0.6050198  -0.00610503  0.7961735 ] speed=0.0002 ang_speed=0.0063 ang_vel_vec=[-0.0060138   0.00094499 -0.00152438] |com_force|=0.4905N
### kotek_magnet[tick=13380] sensor3: d=0.5470m in_range=False f_mag=0.000N tau_mag=0.0000Nm misalign_deg=90.0 pos=[-0.1091081  -0.10914582  0.49140114] bottom_world=[-0.10910785 -0.10914593  0.47140114] quat=[-3.8058406e-01 -4.7261246e-06  4.9842688e-06  9.2474639e-01] speed=0.0009 ang_speed=0.0025 ang_vel_vec=[ 0.00181596  0.0014852  -0.00088098] |com_force|=0.0000N
### kotek_magnet[tick=13380] sensor4: d=0.5249m in_range=False f_mag=0.000N tau_mag=0.0000Nm misalign_deg=90.0 pos=[-0.10899998  0.10900023  0.49140248] bottom_world=[-0.10900023  0.10900006  0.47140248] quat=[3.8268209e-01 4.1598487e-06 6.2446961e-06 9.2388022e-01] speed=0.0010 ang_speed=0.0032 ang_vel_vec=[ 0.00210251 -0.00215911 -0.00094319] |com_force|=0.0000N
### kotek_magnet[tick=13440] sensor2: d=0.0148m in_range=True f_mag=0.244N tau_mag=0.0001Nm misalign_deg=15.5 pos=[ 0.37001646 -0.05014251  0.36562142] bottom_world=[ 0.38928562 -0.05006041  0.36026488] quat=[ 0.0046415  -0.60502    -0.00610502  0.7961735 ] speed=0.0002 ang_speed=0.0063 ang_vel_vec=[-0.00605309  0.00094149 -0.00152099] |com_force|=0.4905N
### kotek_magnet[tick=13440] sensor3: d=0.5470m in_range=False f_mag=0.000N tau_mag=0.0000Nm misalign_deg=90.0 pos=[-0.10910745 -0.10914611  0.491401  ] bottom_world=[-0.10910741 -0.10914597  0.47140099] quat=[-3.8058397e-01 -2.2255958e-06 -2.8184952e-06  9.2474645e-01] speed=0.0004 ang_speed=0.0022 ang_vel_vec=[-0.0006645   0.00203717 -0.0005788 ] |com_force|=0.0000N
### kotek_magnet[tick=13440] sensor4: d=0.5249m in_range=False f_mag=0.000N tau_mag=0.0000Nm misalign_deg=90.0 pos=[-0.10900031  0.10899866  0.49140236] bottom_world=[-0.10900016  0.10899896  0.47140236] quat=[ 3.8268283e-01 -5.7599840e-07 -8.5711599e-06  9.2387986e-01] speed=0.0007 ang_speed=0.0052 ang_vel_vec=[-0.00212023  0.00467486  0.00060987] |com_force|=0.0000N
### kotek_magnet[tick=13500] sensor2: d=0.0148m in_range=True f_mag=0.244N tau_mag=0.0001Nm misalign_deg=15.5 pos=[ 0.37001643 -0.05014268  0.3656214 ] bottom_world=[ 0.38928558 -0.05006059  0.36026482] quat=[ 0.00463985 -0.6050194  -0.00610376  0.7961738 ] speed=0.0000 ang_speed=0.0025 ang_vel_vec=[-0.00203078  0.00067491 -0.00136623] |com_force|=0.4905N
### kotek_magnet[tick=13500] sensor3: d=0.5470m in_range=False f_mag=0.000N tau_mag=0.0000Nm misalign_deg=90.0 pos=[-0.10910744 -0.1091461   0.491401  ] bottom_world=[-0.10910739 -0.10914598  0.47140099] quat=[-3.8058382e-01 -2.3950947e-06 -2.4650649e-06  9.2474651e-01] speed=0.0004 ang_speed=0.0021 ang_vel_vec=[ 0.00011642  0.00196056 -0.00061591] |com_force|=0.0000N
### kotek_magnet[tick=13500] sensor4: d=0.5249m in_range=False f_mag=0.000N tau_mag=0.0000Nm misalign_deg=90.0 pos=[-0.10900012  0.10899954  0.49140224] bottom_world=[-0.10900023  0.10899956  0.47140224] quat=[3.8268241e-01 2.7915421e-06 4.1152703e-07 9.2388004e-01] speed=0.0003 ang_speed=0.0038 ang_vel_vec=[ 0.00317108 -0.00203961 -0.00017246] |com_force|=0.0000N
### kotek_magnet[tick=13560] sensor2: d=0.0148m in_range=True f_mag=0.244N tau_mag=0.0001Nm misalign_deg=15.5 pos=[ 0.37001646 -0.0501425   0.36562142] bottom_world=[ 0.38928563 -0.05006041  0.36026488] quat=[ 0.00464148 -0.60502005 -0.00610498  0.79617345] speed=0.0002 ang_speed=0.0063 ang_vel_vec=[-0.00599716  0.00094082 -0.00152563] |com_force|=0.4905N
### kotek_magnet[tick=13560] sensor3: d=0.5470m in_range=False f_mag=0.000N tau_mag=0.0000Nm misalign_deg=90.0 pos=[-0.10910814 -0.1091459   0.49140105] bottom_world=[-0.1091079  -0.109146    0.47140105] quat=[-3.8058394e-01 -4.6437376e-06  4.4382632e-06  9.2474639e-01] speed=0.0009 ang_speed=0.0018 ang_vel_vec=[ 0.00132623  0.00085558 -0.00092331] |com_force|=0.0000N
### kotek_magnet[tick=13560] sensor4: d=0.5249m in_range=False f_mag=0.000N tau_mag=0.0000Nm misalign_deg=90.0 pos=[-0.1090003   0.10899946  0.49140227] bottom_world=[-0.10900028  0.10899953  0.47140227] quat=[ 3.8268226e-01  1.4493259e-07 -1.7163816e-06  9.2387998e-01] speed=0.0004 ang_speed=0.0029 ang_vel_vec=[ 0.00229864  0.00151287 -0.0009088 ] |com_force|=0.0000N
### still playing, 1159s left
### kotek_magnet[tick=13620] sensor2: d=0.0148m in_range=True f_mag=0.244N tau_mag=0.0001Nm misalign_deg=15.5 pos=[ 0.37001646 -0.05014251  0.3656214 ] bottom_world=[ 0.38928562 -0.05006041  0.36026485] quat=[ 0.00464145 -0.6050201  -0.00610497  0.79617333] speed=0.0002 ang_speed=0.0062 ang_vel_vec=[-0.00596705  0.00094903 -0.00152821] |com_force|=0.4905N
### kotek_magnet[tick=13620] sensor3: d=0.5470m in_range=False f_mag=0.000N tau_mag=0.0000Nm misalign_deg=90.0 pos=[-0.10910812 -0.10914591  0.49140108] bottom_world=[-0.10910788 -0.109146    0.47140108] quat=[-3.8058391e-01 -4.6231412e-06  4.3917016e-06  9.2474645e-01] speed=0.0009 ang_speed=0.0016 ang_vel_vec=[ 0.00119457  0.00073681 -0.00083547] |com_force|=0.0000N
### kotek_magnet[tick=13620] sensor4: d=0.5249m in_range=False f_mag=0.000N tau_mag=0.0000Nm misalign_deg=90.0 pos=[-0.10900031  0.1089986   0.49140236] bottom_world=[-0.10900016  0.1089989   0.47140236] quat=[ 3.8268277e-01 -4.2898330e-07 -8.4796684e-06  9.2387980e-01] speed=0.0007 ang_speed=0.0051 ang_vel_vec=[-0.00205165  0.00463106  0.0003732 ] |com_force|=0.0000N
### kotek_magnet[tick=13680] sensor2: d=0.0148m in_range=True f_mag=0.244N tau_mag=0.0001Nm misalign_deg=15.5 pos=[ 0.37001652 -0.0501425   0.36562142] bottom_world=[ 0.38928568 -0.0500604   0.36026488] quat=[ 0.0046416  -0.6050201  -0.00610509  0.7961733 ] speed=0.0002 ang_speed=0.0064 ang_vel_vec=[-0.00617719  0.00098932 -0.00150793] |com_force|=0.4905N
### kotek_magnet[tick=13680] sensor3: d=0.5470m in_range=False f_mag=0.000N tau_mag=0.0000Nm misalign_deg=90.0 pos=[-0.10910811 -0.10914587  0.491401  ] bottom_world=[-0.10910787 -0.10914597  0.47140099] quat=[-3.8058406e-01 -4.6651589e-06  4.5410629e-06  9.2474639e-01] speed=0.0009 ang_speed=0.0018 ang_vel_vec=[ 0.00130992  0.00080356 -0.00084736] |com_force|=0.0000N
### kotek_magnet[tick=13680] sensor4: d=0.5249m in_range=False f_mag=0.000N tau_mag=0.0000Nm misalign_deg=90.0 pos=[-0.10900019  0.10899838  0.49140236] bottom_world=[-0.10900006  0.10899872  0.47140236] quat=[ 3.8268307e-01  2.2283723e-07 -9.1061138e-06  9.2387968e-01] speed=0.0011 ang_speed=0.0016 ang_vel_vec=[-0.00077968 -0.00070985  0.00125638] |com_force|=0.0000N
### kotek_magnet[tick=13740] sensor2: d=0.0148m in_range=True f_mag=0.244N tau_mag=0.0001Nm misalign_deg=15.5 pos=[ 0.37001643 -0.05014267  0.3656214 ] bottom_world=[ 0.38928558 -0.05006057  0.36026482] quat=[ 0.00463988 -0.60501945 -0.00610391  0.79617375] speed=0.0000 ang_speed=0.0025 ang_vel_vec=[-0.00199089  0.00068298 -0.00137451] |com_force|=0.4905N
### kotek_magnet[tick=13740] sensor3: d=0.5470m in_range=False f_mag=0.000N tau_mag=0.0000Nm misalign_deg=90.0 pos=[-0.10910644 -0.10914592  0.49140108] bottom_world=[-0.10910661 -0.10914573  0.47140108] quat=[-3.8058302e-01  2.2555316e-06 -6.2339495e-06  9.2474687e-01] speed=0.0010 ang_speed=0.0025 ang_vel_vec=[0.00199938 0.0006053  0.00130104] |com_force|=0.0000N
### kotek_magnet[tick=13740] sensor4: d=0.5249m in_range=False f_mag=0.000N tau_mag=0.0000Nm misalign_deg=90.0 pos=[-0.10900041  0.10899834  0.49140233] bottom_world=[-0.1090002   0.1089987   0.47140233] quat=[ 3.8268286e-01 -1.5650918e-06 -1.0483510e-05  9.2387980e-01] speed=0.0010 ang_speed=0.0040 ang_vel_vec=[-0.00010517  0.00398667  0.00036639] |com_force|=0.0000N
### kotek_magnet[tick=13800] sensor2: d=0.0148m in_range=True f_mag=0.244N tau_mag=0.0001Nm misalign_deg=15.5 pos=[ 0.37001652 -0.0501425   0.36562145] bottom_world=[ 0.38928568 -0.05006041  0.3602649 ] quat=[ 0.00464157 -0.60501987 -0.00610499  0.7961735 ] speed=0.0002 ang_speed=0.0066 ang_vel_vec=[-0.00631245  0.00099117 -0.00149826] |com_force|=0.4905N
### kotek_magnet[tick=13800] sensor3: d=0.5470m in_range=False f_mag=0.000N tau_mag=0.0000Nm misalign_deg=90.0 pos=[-0.10910644 -0.10914593  0.49140105] bottom_world=[-0.10910661 -0.10914575  0.47140105] quat=[-3.8058278e-01  2.2013458e-06 -5.8324040e-06  9.2474681e-01] speed=0.0010 ang_speed=0.0028 ang_vel_vec=[0.00220353 0.00064315 0.00168192] |com_force|=0.0000N
### kotek_magnet[tick=13800] sensor4: d=0.5249m in_range=False f_mag=0.000N tau_mag=0.0000Nm misalign_deg=90.0 pos=[-0.10900036  0.10899863  0.49140224] bottom_world=[-0.10900021  0.10899893  0.47140224] quat=[ 3.8268280e-01 -4.6549323e-07 -8.4836774e-06  9.2387986e-01] speed=0.0007 ang_speed=0.0054 ang_vel_vec=[-0.00219501  0.00487382  0.00055282] |com_force|=0.0000N
### kotek_magnet[tick=13860] sensor2: d=0.0148m in_range=True f_mag=0.244N tau_mag=0.0001Nm misalign_deg=15.5 pos=[ 0.37001634 -0.05014268  0.36562145] bottom_world=[ 0.38928549 -0.05006058  0.36026484] quat=[ 0.00463988 -0.60501873 -0.00610391  0.79617435] speed=0.0000 ang_speed=0.0025 ang_vel_vec=[-0.00193463  0.00067825 -0.00138225] |com_force|=0.4905N
### kotek_magnet[tick=13860] sensor3: d=0.5470m in_range=False f_mag=0.000N tau_mag=0.0000Nm misalign_deg=90.0 pos=[-0.10910729 -0.10914592  0.49140096] bottom_world=[-0.10910726 -0.10914588  0.47140096] quat=[-3.8058344e-01 -9.2058656e-07 -5.9499223e-07  9.2474657e-01] speed=0.0001 ang_speed=0.0058 ang_vel_vec=[0.00499901 0.00280438 0.00045911] |com_force|=0.0000N
### kotek_magnet[tick=13860] sensor4: d=0.5249m in_range=False f_mag=0.000N tau_mag=0.0000Nm misalign_deg=90.0 pos=[-0.10900006  0.10900015  0.4914024 ] bottom_world=[-0.10900029  0.10899999  0.47140239] quat=[3.8268211e-01 3.9961578e-06 5.8687406e-06 9.2388016e-01] speed=0.0009 ang_speed=0.0033 ang_vel_vec=[ 0.00231716 -0.00219958 -0.00076454] |com_force|=0.0000N
### kotek_magnet[tick=13920] sensor2: d=0.0148m in_range=True f_mag=0.244N tau_mag=0.0001Nm misalign_deg=15.5 pos=[ 0.3700164  -0.05014267  0.3656214 ] bottom_world=[ 0.38928556 -0.05006057  0.36026481] quat=[ 0.00463994 -0.60501933 -0.00610398  0.796174  ] speed=0.0000 ang_speed=0.0025 ang_vel_vec=[-0.00198557  0.00065469 -0.0013599 ] |com_force|=0.4905N
### kotek_magnet[tick=13920] sensor3: d=0.5470m in_range=False f_mag=0.000N tau_mag=0.0000Nm misalign_deg=90.0 pos=[-0.1091065  -0.10914595  0.49140105] bottom_world=[-0.10910667 -0.10914577  0.47140105] quat=[-3.8058275e-01  2.2189392e-06 -5.7923135e-06  9.2474687e-01] speed=0.0009 ang_speed=0.0031 ang_vel_vec=[0.00253304 0.00056975 0.00166795] |com_force|=0.0000N
### kotek_magnet[tick=13920] sensor4: d=0.5249m in_range=False f_mag=0.000N tau_mag=0.0000Nm misalign_deg=90.0 pos=[-0.10900004  0.10900012  0.49140227] bottom_world=[-0.10900028  0.10899996  0.47140227] quat=[3.8268223e-01 3.9100510e-06 5.8884762e-06 9.2388004e-01] speed=0.0010 ang_speed=0.0030 ang_vel_vec=[ 0.00222003 -0.00197627 -0.00067327] |com_force|=0.0000N
### kotek_magnet[tick=13980] sensor2: d=0.0148m in_range=True f_mag=0.244N tau_mag=0.0001Nm misalign_deg=15.5 pos=[ 0.37001643 -0.05014272  0.36562142] bottom_world=[ 0.38928559 -0.05006061  0.36026488] quat=[ 0.00463931 -0.6050201  -0.00610378  0.7961732 ] speed=0.0000 ang_speed=0.0018 ang_vel_vec=[-0.00121643  0.00037788 -0.00129582] |com_force|=0.4905N
### kotek_magnet[tick=13980] sensor3: d=0.5470m in_range=False f_mag=0.000N tau_mag=0.0000Nm misalign_deg=90.0 pos=[-0.10910677 -0.10914581  0.49140105] bottom_world=[-0.1091068  -0.10914578  0.47140105] quat=[-3.8058308e-01  4.1366590e-07 -9.8326211e-07  9.2474669e-01] speed=0.0006 ang_speed=0.0062 ang_vel_vec=[0.00493142 0.00356378 0.00115077] |com_force|=0.0000N
### kotek_magnet[tick=13980] sensor4: d=0.5249m in_range=False f_mag=0.000N tau_mag=0.0000Nm misalign_deg=90.0 pos=[-0.10900022  0.10899837  0.49140233] bottom_world=[-0.10900012  0.10899869  0.47140233] quat=[ 3.8268298e-01  6.2328292e-07 -8.3706718e-06  9.2387968e-01] speed=0.0010 ang_speed=0.0024 ang_vel_vec=[-6.6340603e-05 -1.9439246e-03  1.4241494e-03] |com_force|=0.0000N
### kotek_magnet[tick=14040] sensor2: d=0.0148m in_range=True f_mag=0.244N tau_mag=0.0001Nm misalign_deg=15.5 pos=[ 0.37001646 -0.05014272  0.36562145] bottom_world=[ 0.38928562 -0.05006061  0.3602649 ] quat=[ 0.00463931 -0.6050199  -0.00610386  0.79617345] speed=0.0000 ang_speed=0.0018 ang_vel_vec=[-0.00118395  0.0003799  -0.00129424] |com_force|=0.4905N
### kotek_magnet[tick=14040] sensor3: d=0.5470m in_range=False f_mag=0.000N tau_mag=0.0000Nm misalign_deg=90.0 pos=[-0.10910647 -0.10914597  0.49140108] bottom_world=[-0.10910664 -0.10914579  0.47140108] quat=[-3.8058296e-01  2.1738244e-06 -5.8463311e-06  9.2474681e-01] speed=0.0009 ang_speed=0.0031 ang_vel_vec=[0.00260865 0.00076836 0.00150527] |com_force|=0.0000N
### kotek_magnet[tick=14040] sensor4: d=0.5249m in_range=False f_mag=0.000N tau_mag=0.0000Nm misalign_deg=90.0 pos=[-0.10900034  0.10899922  0.4914022 ] bottom_world=[-0.10900029  0.10899936  0.47140221] quat=[ 3.8268250e-01  2.4113831e-07 -3.7228701e-06  9.2387998e-01] speed=0.0002 ang_speed=0.0011 ang_vel_vec=[-0.00018536  0.00102964 -0.00041926] |com_force|=0.0000N
### kotek_magnet[tick=14100] sensor2: d=0.0148m in_range=True f_mag=0.244N tau_mag=0.0001Nm misalign_deg=15.5 pos=[ 0.3700165  -0.05014249  0.36562142] bottom_world=[ 0.38928565 -0.05006039  0.36026486] quat=[ 0.00464162 -0.60501975 -0.00610515  0.79617363] speed=0.0002 ang_speed=0.0065 ang_vel_vec=[-0.00625082  0.00096862 -0.00150209] |com_force|=0.4905N
### kotek_magnet[tick=14100] sensor3: d=0.5470m in_range=False f_mag=0.000N tau_mag=0.0000Nm misalign_deg=90.0 pos=[-0.10910672 -0.10914619  0.49140105] bottom_world=[-0.10910688 -0.10914592  0.47140105] quat=[-3.8058341e-01  1.1740520e-06 -7.6389315e-06  9.2474669e-01] speed=0.0006 ang_speed=0.0027 ang_vel_vec=[-0.00262306 -0.00052267  0.00045555] |com_force|=0.0000N
### kotek_magnet[tick=14100] sensor4: d=0.5249m in_range=False f_mag=0.000N tau_mag=0.0000Nm misalign_deg=90.0 pos=[-0.10900022  0.10899845  0.49140224] bottom_world=[-0.10900012  0.10899876  0.47140224] quat=[ 3.8268298e-01  6.1120159e-07 -8.2288452e-06  9.2387974e-01] speed=0.0010 ang_speed=0.0019 ang_vel_vec=[-0.00014076 -0.00137639  0.00123358] |com_force|=0.0000N
### kotek_magnet[tick=14160] sensor2: d=0.0148m in_range=True f_mag=0.244N tau_mag=0.0001Nm misalign_deg=15.5 pos=[ 0.37001634 -0.05014267  0.36562148] bottom_world=[ 0.38928549 -0.05006057  0.36026487] quat=[ 0.00463997 -0.6050186  -0.00610394  0.7961745 ] speed=0.0000 ang_speed=0.0026 ang_vel_vec=[-0.002067    0.00066484 -0.00138152] |com_force|=0.4905N
### kotek_magnet[tick=14160] sensor3: d=0.5470m in_range=False f_mag=0.000N tau_mag=0.0000Nm misalign_deg=90.0 pos=[-0.10910647 -0.10914592  0.4914011 ] bottom_world=[-0.10910664 -0.10914574  0.47140111] quat=[-3.8058293e-01  2.2716899e-06 -6.0377874e-06  9.2474675e-01] speed=0.0009 ang_speed=0.0030 ang_vel_vec=[0.00245865 0.00061857 0.00154238] |com_force|=0.0000N
### kotek_magnet[tick=14160] sensor4: d=0.5249m in_range=False f_mag=0.000N tau_mag=0.0000Nm misalign_deg=90.0 pos=[-0.1090002   0.1089984   0.49140233] bottom_world=[-0.10900008  0.10899872  0.47140233] quat=[ 3.8268298e-01  3.7627655e-07 -8.5261763e-06  9.2387968e-01] speed=0.0010 ang_speed=0.0017 ang_vel_vec=[-0.00039652 -0.00089343  0.00136775] |com_force|=0.0000N
### kotek_magnet[tick=14220] sensor2: d=0.0148m in_range=True f_mag=0.244N tau_mag=0.0001Nm misalign_deg=15.5 pos=[ 0.37001637 -0.05014266  0.36562145] bottom_world=[ 0.38928551 -0.05006056  0.36026484] quat=[ 0.00463993 -0.60501873 -0.00610392  0.79617435] speed=0.0000 ang_speed=0.0025 ang_vel_vec=[-0.00200043  0.00068424 -0.00138626] |com_force|=0.4905N
### kotek_magnet[tick=14220] sensor3: d=0.5470m in_range=False f_mag=0.000N tau_mag=0.0000Nm misalign_deg=90.0 pos=[-0.10910646 -0.10914592  0.491401  ] bottom_world=[-0.10910663 -0.10914574  0.47140099] quat=[-3.8058308e-01  2.1563758e-06 -5.7917114e-06  9.2474681e-01] speed=0.0009 ang_speed=0.0030 ang_vel_vec=[0.00259374 0.00086418 0.00128375] |com_force|=0.0000N
### kotek_magnet[tick=14220] sensor4: d=0.5249m in_range=False f_mag=0.000N tau_mag=0.0000Nm misalign_deg=90.0 pos=[-0.10900009  0.10900015  0.49140236] bottom_world=[-0.10900031  0.109       0.47140236] quat=[3.8268203e-01 3.8474441e-06 5.4348452e-06 9.2388016e-01] speed=0.0009 ang_speed=0.0031 ang_vel_vec=[ 0.00198422 -0.00211102 -0.00105534] |com_force|=0.0000N
### kotek_magnet[tick=14280] sensor2: d=0.0148m in_range=True f_mag=0.244N tau_mag=0.0001Nm misalign_deg=15.5 pos=[ 0.37001637 -0.05014271  0.36562145] bottom_world=[ 0.38928553 -0.0500606   0.3602649 ] quat=[ 0.00463939 -0.60501987 -0.00610388  0.7961736 ] speed=0.0000 ang_speed=0.0019 ang_vel_vec=[-0.00127744  0.00037572 -0.00129991] |com_force|=0.4905N
### kotek_magnet[tick=14280] sensor3: d=0.5471m in_range=False f_mag=0.000N tau_mag=0.0000Nm misalign_deg=90.0 pos=[-0.10915979 -0.10916232  0.4913993 ] bottom_world=[-0.10915987 -0.10915958  0.47139929] quat=[-3.8123673e-01 -2.4172841e-05 -6.4130028e-05  9.2447746e-01] speed=0.0100 ang_speed=0.0532 ang_vel_vec=[-0.03450232 -0.02107263 -0.03462838] |com_force|=0.0000N
### kotek_magnet[tick=14280] sensor4: d=0.5249m in_range=False f_mag=0.000N tau_mag=0.0000Nm misalign_deg=90.0 pos=[-0.10900009  0.10900015  0.4914023 ] bottom_world=[-0.10900032  0.10900001  0.4714023 ] quat=[3.8268206e-01 3.7703708e-06 5.4365296e-06 9.2388010e-01] speed=0.0009 ang_speed=0.0025 ang_vel_vec=[ 0.00163089 -0.00175035 -0.00067165] |com_force|=0.0000N
### kotek_magnet[tick=14340] sensor2: d=0.0148m in_range=True f_mag=0.244N tau_mag=0.0001Nm misalign_deg=15.5 pos=[ 0.37001652 -0.05014249  0.3656214 ] bottom_world=[ 0.38928568 -0.0500604   0.36026485] quat=[ 0.00464162 -0.60502005 -0.00610508  0.79617345] speed=0.0002 ang_speed=0.0065 ang_vel_vec=[-0.00628762  0.00098689 -0.00149921] |com_force|=0.4905N
### kotek_magnet[tick=14340] sensor3: d=0.5474m in_range=False f_mag=0.000N tau_mag=0.0000Nm misalign_deg=90.0 pos=[-0.1099122  -0.10796969  0.4913912 ] bottom_world=[-0.10990785 -0.10797682  0.47139121] quat=[-3.8082013e-01 -3.2656535e-05  2.0624645e-04  9.2464918e-01] speed=0.0279 ang_speed=0.1316 ang_vel_vec=[ 0.05524301 -0.04424697 -0.11099762] |com_force|=0.0000N
### kotek_magnet[tick=14340] sensor4: d=0.5249m in_range=False f_mag=0.000N tau_mag=0.0000Nm misalign_deg=90.0 pos=[-0.10900006  0.10900017  0.49140227] bottom_world=[-0.10900029  0.10900002  0.47140227] quat=[3.8268211e-01 3.8603212e-06 5.5488977e-06 9.2388010e-01] speed=0.0009 ang_speed=0.0032 ang_vel_vec=[ 0.00224954 -0.00203161 -0.00092842] |com_force|=0.0000N
### kotek_magnet[tick=14400] sensor2: d=0.0148m in_range=True f_mag=0.244N tau_mag=0.0001Nm misalign_deg=15.5 pos=[ 0.3700164  -0.05014273  0.36562142] bottom_world=[ 0.38928556 -0.05006062  0.36026488] quat=[ 0.00463926 -0.6050201  -0.00610367  0.7961733 ] speed=0.0000 ang_speed=0.0018 ang_vel_vec=[-0.00123059  0.00038313 -0.00129733] |com_force|=0.4905N
### kotek_magnet[tick=14400] sensor3: d=0.5543m in_range=False f_mag=0.000N tau_mag=0.0000Nm misalign_deg=89.3 pos=[-0.11726832 -0.1079329   0.49174863] bottom_world=[-0.11702164 -0.10841273  0.47175591] quat=[-0.29760167 -0.00231765  0.01328884  0.95459485] speed=0.1142 ang_speed=1.2057 ang_vel_vec=[ 0.6947833 -0.4646983 -0.8689575] |com_force|=0.0000N
### kotek_magnet[tick=14400] sensor4: d=0.5249m in_range=False f_mag=0.000N tau_mag=0.0000Nm misalign_deg=90.0 pos=[-0.10899999  0.10900021  0.49140227] bottom_world=[-0.10900022  0.10900006  0.47140227] quat=[3.8268226e-01 3.9152810e-06 5.7094908e-06 9.2388010e-01] speed=0.0010 ang_speed=0.0028 ang_vel_vec=[ 0.00191547 -0.00184443 -0.00089492] |com_force|=0.0000N
### kotek_magnet[tick=14460] sensor2: d=0.0148m in_range=True f_mag=0.244N tau_mag=0.0001Nm misalign_deg=15.5 pos=[ 0.37001643 -0.05014272  0.36562142] bottom_world=[ 0.38928559 -0.05006061  0.36026488] quat=[ 0.00463932 -0.60502017 -0.00610381  0.7961733 ] speed=0.0000 ang_speed=0.0018 ang_vel_vec=[-0.00121561  0.00037678 -0.00129449] |com_force|=0.4905N
### kotek_magnet[tick=14460] sensor3: d=0.5583m in_range=False f_mag=0.000N tau_mag=0.0000Nm misalign_deg=89.6 pos=[-0.12154491 -0.10787302  0.49162215] bottom_world=[-0.12139952 -0.10825751  0.47162637] quat=[-0.22932    -0.00133369  0.01019008  0.97329694] speed=0.1215 ang_speed=5.8953 ang_vel_vec=[ 0.72490346 -0.46657953  5.831887  ] |com_force|=0.0000N
### kotek_magnet[tick=14460] sensor4: d=0.5249m in_range=False f_mag=0.000N tau_mag=0.0000Nm misalign_deg=90.0 pos=[-0.10900003  0.10900022  0.4914023 ] bottom_world=[-0.10900028  0.10900006  0.4714023 ] quat=[3.8268211e-01 4.1882267e-06 5.9599265e-06 9.2388010e-01] speed=0.0010 ang_speed=0.0031 ang_vel_vec=[ 0.00201713 -0.00216301 -0.00084756] |com_force|=0.0000N
### kotek_magnet[tick=14520] sensor2: d=0.0148m in_range=True f_mag=0.244N tau_mag=0.0001Nm misalign_deg=15.5 pos=[ 0.3700164  -0.05014268  0.36562142] bottom_world=[ 0.38928555 -0.05006057  0.36026484] quat=[ 0.0046399  -0.60501915 -0.00610389  0.7961741 ] speed=0.0000 ang_speed=0.0025 ang_vel_vec=[-0.00199786  0.00065666 -0.00136467] |com_force|=0.4905N
### kotek_magnet[tick=14520] sensor3: d=0.5656m in_range=False f_mag=0.000N tau_mag=0.0000Nm misalign_deg=90.1 pos=[-0.13011223 -0.10320837  0.49429986] bottom_world=[-0.13015614 -0.10279739  0.47430413] quat=[-7.7940986e-02  2.9365456e-04 -1.0329327e-02  9.9690449e-01] speed=0.0947 ang_speed=5.9532 ang_vel_vec=[-0.07763012  0.07710106  5.952244  ] |com_force|=0.0000N
### kotek_magnet[tick=14520] sensor4: d=0.5249m in_range=False f_mag=0.000N tau_mag=0.0000Nm misalign_deg=90.0 pos=[-0.10900024  0.1089984   0.49140233] bottom_world=[-0.10900013  0.10899872  0.47140233] quat=[ 3.8268298e-01  5.0942350e-07 -8.6307537e-06  9.2387968e-01] speed=0.0010 ang_speed=0.0019 ang_vel_vec=[-0.00022216 -0.00133256  0.00136631] |com_force|=0.0000N
### kotek_magnet[tick=14580] sensor2: d=0.0148m in_range=True f_mag=0.244N tau_mag=0.0001Nm misalign_deg=15.5 pos=[ 0.3700165  -0.05014249  0.36562142] bottom_world=[ 0.38928565 -0.05006039  0.36026486] quat=[ 0.00464162 -0.60501975 -0.00610515  0.79617363] speed=0.0002 ang_speed=0.0065 ang_vel_vec=[-0.0062346   0.00096656 -0.00150351] |com_force|=0.4905N
### kotek_magnet[tick=14580] sensor3: d=0.5698m in_range=False f_mag=0.000N tau_mag=0.0000Nm misalign_deg=90.2 pos=[-0.12969334 -0.10386592  0.51328355] bottom_world=[-0.12976648 -0.10340702  0.49328895] quat=[-0.06690228  0.00105686 -0.01157006  0.9976919 ] speed=0.0794 ang_speed=5.7328 ang_vel_vec=[-3.5068054 -1.1005069  4.399568 ] |com_force|=0.0000N
### kotek_magnet[tick=14580] sensor4: d=0.5249m in_range=False f_mag=0.000N tau_mag=0.0000Nm misalign_deg=90.0 pos=[-0.10900024  0.10899842  0.4914024 ] bottom_world=[-0.10900012  0.10899874  0.47140239] quat=[ 3.8268307e-01  3.4477304e-07 -8.6447662e-06  9.2387968e-01] speed=0.0010 ang_speed=0.0017 ang_vel_vec=[-0.00056698 -0.00044832  0.00148843] |com_force|=0.0000N
### kotek_magnet[tick=14640] sensor2: d=0.0148m in_range=True f_mag=0.244N tau_mag=0.0001Nm misalign_deg=15.5 pos=[ 0.37001646 -0.05014251  0.36562145] bottom_world=[ 0.38928562 -0.05006041  0.36026489] quat=[ 0.00464151 -0.6050196  -0.00610503  0.79617375] speed=0.0002 ang_speed=0.0062 ang_vel_vec=[-0.00599169  0.00091162 -0.00152589] |com_force|=0.4905N
### kotek_magnet[tick=14640] sensor3: d=0.5762m in_range=False f_mag=0.000N tau_mag=0.0000Nm misalign_deg=90.4 pos=[-0.12939103 -0.10475393  0.53666264] bottom_world=[-0.12953439 -0.10428743  0.51666859] quat=[-0.05315116  0.00295929 -0.01183757  0.99851197] speed=0.0840 ang_speed=4.8646 ang_vel_vec=[-1.7658345 -1.3413537  4.3297243] |com_force|=0.0000N
### kotek_magnet[tick=14640] sensor4: d=0.5249m in_range=False f_mag=0.000N tau_mag=0.0000Nm misalign_deg=90.0 pos=[-0.10900006  0.10900017  0.4914024 ] bottom_world=[-0.10900028  0.10900002  0.47140239] quat=[3.8268211e-01 3.7960258e-06 5.4890229e-06 9.2388010e-01] speed=0.0009 ang_speed=0.0030 ang_vel_vec=[ 0.00213007 -0.001976   -0.00071476] |com_force|=0.0000N
### kotek_magnet[tick=14700] sensor2: d=0.0148m in_range=True f_mag=0.244N tau_mag=0.0001Nm misalign_deg=15.5 pos=[ 0.3700165 -0.0501425  0.3656214] bottom_world=[ 0.38928566 -0.0500604   0.36026486] quat=[ 0.00464159 -0.6050203  -0.0061051   0.79617316] speed=0.0002 ang_speed=0.0062 ang_vel_vec=[-0.0059235   0.00094504 -0.00153019] |com_force|=0.4905N
### kotek_magnet[tick=14700] sensor3: d=0.5845m in_range=False f_mag=0.000N tau_mag=0.0000Nm misalign_deg=90.6 pos=[-0.12931694 -0.10572631  0.5627754 ] bottom_world=[-0.12953281 -0.10526925  0.54278176] quat=[-0.03504235  0.00499331 -0.01160963  0.9993059 ] speed=0.0728 ang_speed=4.7204 ang_vel_vec=[-1.5796232  -0.52830434  4.4167333 ] |com_force|=0.0000N
### kotek_magnet[tick=14700] sensor4: d=0.5249m in_range=False f_mag=0.000N tau_mag=0.0000Nm misalign_deg=90.0 pos=[-0.10900037  0.10899948  0.49140233] bottom_world=[-0.10900035  0.10899954  0.47140233] quat=[ 3.8268226e-01  2.1584614e-07 -1.5703481e-06  9.2388004e-01] speed=0.0004 ang_speed=0.0025 ang_vel_vec=[ 0.00224981  0.00080711 -0.00086144] |com_force|=0.0000N
### kotek_magnet[tick=14760] sensor2: d=0.0148m in_range=True f_mag=0.244N tau_mag=0.0001Nm misalign_deg=15.5 pos=[ 0.37001643 -0.05014272  0.36562145] bottom_world=[ 0.38928559 -0.05006061  0.3602649 ] quat=[ 0.00463935 -0.6050199  -0.00610384  0.79617345] speed=0.0000 ang_speed=0.0018 ang_vel_vec=[-0.00122921  0.00038641 -0.00130035] |com_force|=0.4905N
### kotek_magnet[tick=14760] sensor3: d=0.5912m in_range=False f_mag=0.000N tau_mag=0.0000Nm misalign_deg=90.6 pos=[-0.12907381 -0.1068074   0.58181655] bottom_world=[-0.12927197 -0.10646075  0.56182054] quat=[-0.03470534  0.00465033 -0.00883319  0.9993478 ] speed=0.0499 ang_speed=4.1410 ang_vel_vec=[-1.454996   -0.11450937  3.8752658 ] |com_force|=0.0000N
### kotek_magnet[tick=14760] sensor4: d=0.5249m in_range=False f_mag=0.000N tau_mag=0.0000Nm misalign_deg=90.0 pos=[-0.10900036  0.10899952  0.49140236] bottom_world=[-0.10900034  0.10899958  0.47140236] quat=[ 3.8268229e-01  3.6335857e-07 -1.5706137e-06  9.2388004e-01] speed=0.0004 ang_speed=0.0024 ang_vel_vec=[ 0.00212066  0.00070909 -0.00074692] |com_force|=0.0000N
### kotek_magnet[tick=14820] sensor2: d=0.0148m in_range=True f_mag=0.244N tau_mag=0.0001Nm misalign_deg=15.5 pos=[ 0.37001643 -0.05014266  0.36562142] bottom_world=[ 0.38928558 -0.05006056  0.36026484] quat=[ 0.00463996 -0.60501933 -0.00610397  0.796174  ] speed=0.0000 ang_speed=0.0025 ang_vel_vec=[-0.00198107  0.00070425 -0.00138924] |com_force|=0.4905N
### kotek_magnet[tick=14820] sensor3: d=0.5882m in_range=False f_mag=0.000N tau_mag=0.0000Nm misalign_deg=90.0 pos=[-0.1261956  -0.11165254  0.57772404] bottom_world=[-0.1261853  -0.11128507  0.55772742] quat=[-3.7149422e-02 -5.9857336e-04 -9.1711832e-03  9.9926746e-01] speed=0.0915 ang_speed=5.4405 ang_vel_vec=[-1.875506  -0.5674268  5.0753665] |com_force|=0.0000N
### kotek_magnet[tick=14820] sensor4: d=0.5249m in_range=False f_mag=0.000N tau_mag=0.0000Nm misalign_deg=90.0 pos=[-0.10900007  0.10900009  0.4914024 ] bottom_world=[-0.1090003   0.10899994  0.47140239] quat=[3.8268203e-01 3.9840870e-06 5.5230657e-06 9.2388022e-01] speed=0.0009 ang_speed=0.0031 ang_vel_vec=[ 0.00215809 -0.00204943 -0.00099396] |com_force|=0.0000N
### kotek_magnet[tick=14880] sensor2: d=0.0148m in_range=True f_mag=0.244N tau_mag=0.0001Nm misalign_deg=15.5 pos=[ 0.3700164  -0.05014272  0.36562142] bottom_world=[ 0.38928556 -0.05006061  0.36026488] quat=[ 0.00463929 -0.60502005 -0.00610374  0.7961733 ] speed=0.0000 ang_speed=0.0019 ang_vel_vec=[-0.00125816  0.00038854 -0.00130002] |com_force|=0.4905N
### kotek_magnet[tick=14880] sensor3: d=0.5753m in_range=False f_mag=0.000N tau_mag=0.0000Nm misalign_deg=87.7 pos=[-0.10735956 -0.13790482  0.5667889 ] bottom_world=[-0.10656681 -0.13879557  0.54682449] quat=[-0.05487284 -0.01857461  0.0233335   0.9980479 ] speed=0.1205 ang_speed=4.9110 ang_vel_vec=[-1.6561433  -0.15087152  4.6208863 ] |com_force|=0.0000N
### kotek_magnet[tick=14880] sensor4: d=0.5249m in_range=False f_mag=0.000N tau_mag=0.0000Nm misalign_deg=90.0 pos=[-0.10900007  0.10900014  0.49140233] bottom_world=[-0.1090003   0.10899999  0.47140233] quat=[3.8268220e-01 3.8840399e-06 5.5161499e-06 9.2388016e-01] speed=0.0009 ang_speed=0.0027 ang_vel_vec=[ 0.00186967 -0.00182538 -0.00071889] |com_force|=0.0000N
### kotek_magnet[tick=14940] sensor2: d=0.0148m in_range=True f_mag=0.244N tau_mag=0.0001Nm misalign_deg=15.5 pos=[ 0.37001643 -0.05014267  0.3656214 ] bottom_world=[ 0.38928559 -0.05006057  0.36026483] quat=[ 0.00463985 -0.60501957 -0.00610387  0.79617375] speed=0.0000 ang_speed=0.0025 ang_vel_vec=[-0.0019804   0.00069281 -0.00138426] |com_force|=0.4905N
### kotek_magnet[tick=14940] sensor3: d=0.5563m in_range=False f_mag=0.000N tau_mag=0.0000Nm misalign_deg=84.4 pos=[-0.08002456 -0.16424379  0.5543624 ] bottom_world=[-0.07805991 -0.16638593  0.53457476] quat=[-0.07250594 -0.04521325  0.05713437  0.9947032 ] speed=0.1534 ang_speed=4.3932 ang_vel_vec=[-0.5756382  0.7234993  4.2948213] |com_force|=0.0000N
### kotek_magnet[tick=14940] sensor4: d=0.5249m in_range=False f_mag=0.000N tau_mag=0.0000Nm misalign_deg=90.0 pos=[-0.10900037  0.10899945  0.4914023 ] bottom_world=[-0.10900037  0.10899952  0.4714023 ] quat=[ 3.826822e-01  5.786043e-07 -1.533002e-06  9.238801e-01] speed=0.0004 ang_speed=0.0028 ang_vel_vec=[ 0.00266525 -0.00052294 -0.00086141] |com_force|=0.0000N
### kotek_magnet[tick=15000] sensor2: d=0.0148m in_range=True f_mag=0.244N tau_mag=0.0001Nm misalign_deg=15.5 pos=[ 0.37001652 -0.0501425   0.3656214 ] bottom_world=[ 0.38928569 -0.0500604   0.36026486] quat=[ 0.0046416  -0.6050202  -0.00610516  0.7961733 ] speed=0.0002 ang_speed=0.0062 ang_vel_vec=[-0.00589925  0.00093089 -0.00153146] |com_force|=0.4905N
### kotek_magnet[tick=15000] sensor3: d=0.5331m in_range=False f_mag=0.000N tau_mag=0.0000Nm misalign_deg=80.3 pos=[-0.04773667 -0.18537883  0.5423105 ] bottom_world=[-0.044375   -0.18853861  0.52284988] quat=[-0.08810708 -0.07722562  0.08672477  0.98931915] speed=0.1261 ang_speed=4.7146 ang_vel_vec=[-1.8677535   0.17876714  4.325108  ] |com_force|=0.0000N
### kotek_magnet[tick=15000] sensor4: d=0.5249m in_range=False f_mag=0.000N tau_mag=0.0000Nm misalign_deg=90.0 pos=[-0.10900018  0.10899916  0.49140236] bottom_world=[-0.10900023  0.10899927  0.47140236] quat=[ 3.8268247e-01  1.9471031e-06 -1.9846366e-06  9.2387998e-01] speed=0.0002 ang_speed=0.0026 ang_vel_vec=[ 0.0013009  -0.00223425  0.00012054] |com_force|=0.0000N
### kotek_magnet[tick=15060] sensor2: d=0.0148m in_range=True f_mag=0.244N tau_mag=0.0001Nm misalign_deg=15.5 pos=[ 0.37001643 -0.05014267  0.3656214 ] bottom_world=[ 0.38928559 -0.05006057  0.36026483] quat=[ 0.00463987 -0.60501957 -0.0061039   0.7961737 ] speed=0.0000 ang_speed=0.0025 ang_vel_vec=[-0.00197831  0.00069138 -0.00138394] |com_force|=0.4905N
### kotek_magnet[tick=15060] sensor3: d=0.5069m in_range=False f_mag=0.000N tau_mag=0.0000Nm misalign_deg=75.9 pos=[-0.01250039 -0.20018868  0.53103256] bottom_world=[-0.00763635 -0.20407961  0.51202725] quat=[-0.09980581 -0.11255505  0.11044715  0.98243153] speed=0.1637 ang_speed=6.7122 ang_vel_vec=[-3.2759717  0.4431106  5.84171  ] |com_force|=0.0000N
### kotek_magnet[tick=15060] sensor4: d=0.5249m in_range=False f_mag=0.000N tau_mag=0.0000Nm misalign_deg=90.0 pos=[-0.10900035  0.10899861  0.4914023 ] bottom_world=[-0.1090002   0.10899891  0.4714023 ] quat=[ 3.8268274e-01 -4.9329236e-07 -8.2653023e-06  9.2387986e-01] speed=0.0007 ang_speed=0.0045 ang_vel_vec=[-0.00151976  0.00419572  0.0004967 ] |com_force|=0.0000N
### kotek_magnet[tick=15120] sensor2: d=0.0148m in_range=True f_mag=0.244N tau_mag=0.0001Nm misalign_deg=15.5 pos=[ 0.37001643 -0.05014272  0.36562145] bottom_world=[ 0.38928559 -0.05006061  0.3602649 ] quat=[ 0.00463928 -0.6050198  -0.00610379  0.7961736 ] speed=0.0000 ang_speed=0.0018 ang_vel_vec=[-0.00119506  0.00036909 -0.00129473] |com_force|=0.4905N
### kotek_magnet[tick=15120] sensor3: d=0.4777m in_range=False f_mag=0.000N tau_mag=0.0000Nm misalign_deg=71.3 pos=[ 0.02473036 -0.20845796  0.5203252 ] bottom_world=[ 0.0311296  -0.21280481  0.5018819 ] quat=[-0.10104408 -0.1508937   0.12707898  0.9751267 ] speed=0.1262 ang_speed=4.8548 ang_vel_vec=[-3.0527267   0.78835195  3.6916735 ] |com_force|=0.0000N
### kotek_magnet[tick=15120] sensor4: d=0.5249m in_range=False f_mag=0.000N tau_mag=0.0000Nm misalign_deg=90.0 pos=[-0.10900035  0.10899865  0.49140233] bottom_world=[-0.1090002   0.10899895  0.47140233] quat=[ 3.8268286e-01 -4.3740278e-07 -8.3585419e-06  9.2387980e-01] speed=0.0007 ang_speed=0.0049 ang_vel_vec=[-0.00188191  0.00441519  0.00070095] |com_force|=0.0000N
### kotek_magnet[tick=15180] sensor2: d=0.0148m in_range=True f_mag=0.244N tau_mag=0.0001Nm misalign_deg=15.5 pos=[ 0.37001646 -0.05014246  0.36562142] bottom_world=[ 0.38928561 -0.05006036  0.36026485] quat=[ 0.00464198 -0.6050194  -0.00610536  0.7961739 ] speed=0.0002 ang_speed=0.0074 ang_vel_vec=[-0.00710533  0.00123546 -0.00141944] |com_force|=0.4905N
### kotek_magnet[tick=15180] sensor3: d=0.4458m in_range=False f_mag=0.000N tau_mag=0.0000Nm misalign_deg=66.6 pos=[ 0.06312496 -0.21034928  0.5104109 ] bottom_world=[ 0.07105944 -0.21495095  0.49263821] quat=[-0.09543525 -0.19151337  0.13785972  0.9670623 ] speed=0.0998 ang_speed=6.6824 ang_vel_vec=[1.9658597 1.1987889 6.2731934] |com_force|=0.0000N
### kotek_magnet[tick=15180] sensor4: d=0.5249m in_range=False f_mag=0.000N tau_mag=0.0000Nm misalign_deg=90.0 pos=[-0.10900036  0.10899949  0.49140236] bottom_world=[-0.10900034  0.10899956  0.47140236] quat=[ 3.8268226e-01  1.0187066e-07 -1.8088299e-06  9.2387998e-01] speed=0.0004 ang_speed=0.0027 ang_vel_vec=[ 0.00220269  0.00141489 -0.00081501] |com_force|=0.0000N
### kotek_magnet[tick=15240] sensor2: d=0.0148m in_range=True f_mag=0.244N tau_mag=0.0001Nm misalign_deg=15.5 pos=[ 0.37001643 -0.05014268  0.3656214 ] bottom_world=[ 0.38928559 -0.05006058  0.36026482] quat=[ 0.00463986 -0.60501945 -0.00610382  0.79617393] speed=0.0000 ang_speed=0.0026 ang_vel_vec=[-0.00205333  0.00067631 -0.00136908] |com_force|=0.4905N
### kotek_magnet[tick=15240] sensor3: d=0.4124m in_range=False f_mag=0.000N tau_mag=0.0000Nm misalign_deg=62.0 pos=[ 0.10084019 -0.20627496  0.5013027 ] bottom_world=[ 0.11023936 -0.210894    0.48426394] quat=[-0.09364431 -0.23135474  0.14319757  0.95770574] speed=0.0990 ang_speed=2.0209 ang_vel_vec=[0.2301072  0.41024303 1.9653691 ] |com_force|=0.0000N
### kotek_magnet[tick=15240] sensor4: d=0.5249m in_range=False f_mag=0.000N tau_mag=0.0000Nm misalign_deg=90.0 pos=[-0.10900005  0.10900019  0.49140242] bottom_world=[-0.10900028  0.10900004  0.47140242] quat=[3.8268209e-01 3.8987155e-06 5.6082513e-06 9.2388016e-01] speed=0.0010 ang_speed=0.0029 ang_vel_vec=[ 0.00199155 -0.001949   -0.00073241] |com_force|=0.0000N
### still playing, 1129s left
### kotek_magnet[tick=15300] sensor2: d=0.0148m in_range=True f_mag=0.244N tau_mag=0.0001Nm misalign_deg=15.5 pos=[ 0.37001643 -0.05014266  0.36562145] bottom_world=[ 0.38928558 -0.05006056  0.36026488] quat=[ 0.0046399  -0.6050194  -0.00610384  0.7961739 ] speed=0.0000 ang_speed=0.0026 ang_vel_vec=[-0.00202903  0.00070811 -0.00139051] |com_force|=0.4905N
### kotek_magnet[tick=15300] sensor3: d=0.3778m in_range=False f_mag=0.000N tau_mag=0.0000Nm misalign_deg=57.4 pos=[ 0.13709262 -0.19685794  0.49265558] bottom_world=[ 0.14785844 -0.2012905   0.47639367] quat=[-0.09150866 -0.27018362  0.14301473  0.94772035] speed=0.0954 ang_speed=2.0164 ang_vel_vec=[-1.8633424   0.27485585  0.7198149 ] |com_force|=0.0000N
### kotek_magnet[tick=15300] sensor4: d=0.5249m in_range=False f_mag=0.000N tau_mag=0.0000Nm misalign_deg=90.0 pos=[-0.10900003  0.10900013  0.49140236] bottom_world=[-0.10900027  0.10899998  0.47140236] quat=[3.8268217e-01 3.9478891e-06 5.7895163e-06 9.2388016e-01] speed=0.0009 ang_speed=0.0034 ang_vel_vec=[ 0.00242196 -0.00228682 -0.0008686 ] |com_force|=0.0000N
### kotek_magnet[tick=15360] sensor2: d=0.0148m in_range=True f_mag=0.244N tau_mag=0.0001Nm misalign_deg=15.5 pos=[ 0.3700165  -0.05014251  0.3656214 ] bottom_world=[ 0.38928565 -0.05006041  0.36026485] quat=[ 0.00464151 -0.60502017 -0.006105    0.79617316] speed=0.0002 ang_speed=0.0062 ang_vel_vec=[-0.00594047  0.00094184 -0.00152926] |com_force|=0.4905N
### kotek_magnet[tick=15360] sensor3: d=0.3423m in_range=False f_mag=0.000N tau_mag=0.0000Nm misalign_deg=53.0 pos=[ 0.17119373 -0.1823337   0.48468852] bottom_world=[ 0.18322096 -0.18648894  0.46925869] quat=[-0.08743954 -0.3078485   0.13958341  0.93707   ] speed=0.0998 ang_speed=2.5367 ang_vel_vec=[-2.2329326 -0.7900962  0.9081995] |com_force|=0.0000N
### kotek_magnet[tick=15360] sensor4: d=0.5249m in_range=False f_mag=0.000N tau_mag=0.0000Nm misalign_deg=90.0 pos=[-0.10900004  0.10900008  0.49140236] bottom_world=[-0.10900027  0.10899994  0.47140236] quat=[3.8268209e-01 3.8576682e-06 5.4574239e-06 9.2388016e-01] speed=0.0009 ang_speed=0.0033 ang_vel_vec=[ 0.00224378 -0.00215875 -0.00095391] |com_force|=0.0000N
### kotek_magnet[tick=15420] sensor2: d=0.0148m in_range=True f_mag=0.244N tau_mag=0.0001Nm misalign_deg=15.5 pos=[ 0.3700165  -0.05014251  0.3656214 ] bottom_world=[ 0.38928566 -0.05006041  0.36026486] quat=[ 0.00464148 -0.60502034 -0.00610499  0.7961731 ] speed=0.0002 ang_speed=0.0062 ang_vel_vec=[-0.00592782  0.00095561 -0.00153053] |com_force|=0.4905N
### kotek_magnet[tick=15420] sensor3: d=0.3066m in_range=False f_mag=0.000N tau_mag=0.0000Nm misalign_deg=48.9 pos=[ 0.20227942 -0.1635235   0.47720957] bottom_world=[ 0.21542572 -0.16736302  0.46263449] quat=[-0.08108595 -0.3431506   0.1336818   0.926176  ] speed=0.1029 ang_speed=1.5428 ang_vel_vec=[0.3255419  0.05412405 1.5070951 ] |com_force|=0.0000N
### kotek_magnet[tick=15420] sensor4: d=0.5249m in_range=False f_mag=0.000N tau_mag=0.0000Nm misalign_deg=90.0 pos=[-0.10900034  0.10899947  0.4914023 ] bottom_world=[-0.10900032  0.10899953  0.4714023 ] quat=[ 3.8268229e-01  1.7249000e-07 -1.6959752e-06  9.2388004e-01] speed=0.0004 ang_speed=0.0027 ang_vel_vec=[ 0.00216672  0.00144728 -0.00078946] |com_force|=0.0000N
### kotek_magnet[tick=15480] sensor2: d=0.0148m in_range=True f_mag=0.244N tau_mag=0.0001Nm misalign_deg=15.5 pos=[ 0.3700164  -0.05014272  0.36562145] bottom_world=[ 0.38928556 -0.0500606   0.36026488] quat=[ 0.00463931 -0.6050195  -0.00610377  0.7961738 ] speed=0.0000 ang_speed=0.0019 ang_vel_vec=[-0.00127781  0.00036768 -0.00129992] |com_force|=0.4905N
### kotek_magnet[tick=15480] sensor3: d=0.2710m in_range=False f_mag=0.000N tau_mag=0.0000Nm misalign_deg=45.0 pos=[ 0.22988574 -0.1408805   0.4703556 ] bottom_world=[ 0.24402045 -0.14428739  0.45662232] quat=[-0.07248939 -0.37627167  0.12283166  0.9154656 ] speed=0.1059 ang_speed=1.9465 ang_vel_vec=[ 0.57284766 -0.28782323  1.8379023 ] |com_force|=0.0000N
### kotek_magnet[tick=15480] sensor4: d=0.5249m in_range=False f_mag=0.000N tau_mag=0.0000Nm misalign_deg=90.0 pos=[-0.10899998  0.10900015  0.49140233] bottom_world=[-0.10900021  0.109       0.47140233] quat=[3.8268214e-01 3.8902699e-06 5.6974809e-06 9.2388010e-01] speed=0.0010 ang_speed=0.0028 ang_vel_vec=[ 0.00204914 -0.00172888 -0.00073763] |com_force|=0.0000N
### kotek_magnet[tick=15540] sensor2: d=0.0148m in_range=True f_mag=0.244N tau_mag=0.0001Nm misalign_deg=15.5 pos=[ 0.37001655 -0.0501425   0.3656214 ] bottom_world=[ 0.38928571 -0.05006041  0.36026485] quat=[ 0.00464155 -0.60502017 -0.00610509  0.79617316] speed=0.0002 ang_speed=0.0062 ang_vel_vec=[-0.00593932  0.00093366 -0.00152897] |com_force|=0.4905N
### kotek_magnet[tick=15540] sensor3: d=0.2362m in_range=False f_mag=0.000N tau_mag=0.0000Nm misalign_deg=41.5 pos=[ 0.25356415 -0.11526948  0.4640795 ] bottom_world=[ 0.26854931 -0.11815541  0.45115214] quat=[-0.0629482  -0.4063955   0.10797599  0.9051086 ] speed=0.0874 ang_speed=1.8454 ang_vel_vec=[-1.7563002  -0.08000295  0.560862  ] |com_force|=0.0000N
### kotek_magnet[tick=15540] sensor4: d=0.5249m in_range=False f_mag=0.000N tau_mag=0.0000Nm misalign_deg=90.0 pos=[-0.10900002  0.10900014  0.4914023 ] bottom_world=[-0.10900025  0.10899999  0.4714023 ] quat=[3.8268223e-01 3.8467447e-06 5.4884517e-06 9.2388016e-01] speed=0.0010 ang_speed=0.0022 ang_vel_vec=[ 0.00152022 -0.00133902 -0.00072375] |com_force|=0.0000N
### kotek_magnet[tick=15600] sensor2: d=0.0148m in_range=True f_mag=0.244N tau_mag=0.0001Nm misalign_deg=15.5 pos=[ 0.3700164  -0.0501425   0.36562145] bottom_world=[ 0.38928556 -0.0500604   0.36026489] quat=[ 0.00464155 -0.6050197  -0.00610505  0.79617363] speed=0.0002 ang_speed=0.0062 ang_vel_vec=[-0.00592306  0.00092466 -0.00153032] |com_force|=0.4905N
### kotek_magnet[tick=15600] sensor3: d=0.2023m in_range=False f_mag=0.000N tau_mag=0.0000Nm misalign_deg=38.1 pos=[ 0.27347028 -0.08700449  0.45818266] bottom_world=[ 0.28921363 -0.08938486  0.44607974] quat=[-0.05134166 -0.43480504  0.09149556  0.8943922 ] speed=0.1118 ang_speed=2.6659 ang_vel_vec=[-2.2645154  -1.3228422   0.47853965] |com_force|=0.0000N
### kotek_magnet[tick=15600] sensor4: d=0.5249m in_range=False f_mag=0.000N tau_mag=0.0000Nm misalign_deg=90.0 pos=[-0.10900032  0.10899866  0.49140236] bottom_world=[-0.10900017  0.10899896  0.47140236] quat=[ 3.8268268e-01 -6.3814764e-07 -8.3821524e-06  9.2387986e-01] speed=0.0006 ang_speed=0.0049 ang_vel_vec=[-0.00177933  0.00453791  0.00048121] |com_force|=0.0000N
### kotek_magnet[tick=15660] sensor2: d=0.0148m in_range=True f_mag=0.244N tau_mag=0.0001Nm misalign_deg=15.5 pos=[ 0.37001643 -0.05014266  0.3656214 ] bottom_world=[ 0.38928559 -0.05006056  0.36026483] quat=[ 0.00463987 -0.60501957 -0.0061039   0.79617375] speed=0.0000 ang_speed=0.0025 ang_vel_vec=[-0.00199502  0.00069503 -0.00138536] |com_force|=0.4905N
### kotek_magnet[tick=15660] sensor3: d=0.1712m in_range=False f_mag=0.000N tau_mag=0.0000Nm misalign_deg=35.0 pos=[ 0.28894547 -0.05743122  0.45286834] bottom_world=[ 0.30533708 -0.05933351  0.44156806] quat=[-0.04018074 -0.4603322   0.07474823  0.8836813 ] speed=0.1016 ang_speed=1.8762 ang_vel_vec=[ 0.2602653 -0.2263197  1.8441833] |com_force|=0.0000N
### kotek_magnet[tick=15660] sensor4: d=0.5249m in_range=False f_mag=0.000N tau_mag=0.0000Nm misalign_deg=90.0 pos=[-0.10900015  0.10899846  0.4914023 ] bottom_world=[-0.10900004  0.10899877  0.4714023 ] quat=[ 3.8268307e-01  5.9621908e-07 -8.1358130e-06  9.2387980e-01] speed=0.0010 ang_speed=0.0020 ang_vel_vec=[-0.00019178 -0.00145871  0.00130071] |com_force|=0.0000N
### kotek_magnet[tick=15720] sensor2: d=0.0148m in_range=True f_mag=0.244N tau_mag=0.0001Nm misalign_deg=15.5 pos=[ 0.37001646 -0.0501425   0.3656214 ] bottom_world=[ 0.38928562 -0.05006041  0.36026485] quat=[ 0.00464151 -0.60502005 -0.00610502  0.79617333] speed=0.0002 ang_speed=0.0063 ang_vel_vec=[-0.00599669  0.00095274 -0.00152555] |com_force|=0.4905N
### kotek_magnet[tick=15720] sensor3: d=0.1437m in_range=False f_mag=0.000N tau_mag=0.0000Nm misalign_deg=32.1 pos=[ 0.30027226 -0.02686062  0.4482344 ] bottom_world=[ 0.31721533 -0.02817572  0.43768914] quat=[-0.02957631 -0.48316815  0.05400738  0.87335956] speed=0.0965 ang_speed=2.7166 ang_vel_vec=[-2.2997665 -1.4304783  0.2113092] |com_force|=0.0000N
### kotek_magnet[tick=15720] sensor4: d=0.5249m in_range=False f_mag=0.000N tau_mag=0.0000Nm misalign_deg=90.0 pos=[-0.10900006  0.10900018  0.4914023 ] bottom_world=[-0.10900028  0.10900004  0.4714023 ] quat=[3.8268206e-01 3.6324373e-06 5.2627915e-06 9.2388016e-01] speed=0.0010 ang_speed=0.0019 ang_vel_vec=[ 0.00129118 -0.00112087 -0.00086511] |com_force|=0.0000N
### kotek_magnet[tick=15780] sensor2: d=0.0148m in_range=True f_mag=0.244N tau_mag=0.0001Nm misalign_deg=15.5 pos=[ 0.37001646 -0.0501425   0.3656214 ] bottom_world=[ 0.38928562 -0.05006041  0.36026485] quat=[ 0.00464151 -0.6050201  -0.00610501  0.79617333] speed=0.0002 ang_speed=0.0063 ang_vel_vec=[-0.00599679  0.00095415 -0.00152541] |com_force|=0.4905N
### kotek_magnet[tick=15780] sensor3: d=0.1222m in_range=False f_mag=0.000N tau_mag=0.0000Nm misalign_deg=29.4 pos=[0.30762652 0.00402314 0.4442215 ] bottom_world=[0.32505666 0.00326823 0.43444294] quat=[-0.01921635 -0.50442     0.03311582  0.86260915] speed=0.0898 ang_speed=2.8617 ang_vel_vec=[-2.4723263  -1.402025    0.33327878] |com_force|=0.0000N
### kotek_magnet[tick=15780] sensor4: d=0.5249m in_range=False f_mag=0.000N tau_mag=0.0000Nm misalign_deg=90.0 pos=[-0.10900032  0.10899951  0.49140236] bottom_world=[-0.1090003   0.10899958  0.47140236] quat=[ 3.8268217e-01  3.5793732e-07 -1.7333064e-06  9.2388010e-01] speed=0.0004 ang_speed=0.0022 ang_vel_vec=[ 0.00169163  0.00104907 -0.00081974] |com_force|=0.0000N
### kotek_magnet[tick=15840] sensor2: d=0.0148m in_range=True f_mag=0.244N tau_mag=0.0001Nm misalign_deg=15.5 pos=[ 0.3700164  -0.05014272  0.36562148] bottom_world=[ 0.38928555 -0.05006061  0.36026491] quat=[ 0.00463934 -0.6050195  -0.00610387  0.7961737 ] speed=0.0000 ang_speed=0.0018 ang_vel_vec=[-0.00119972  0.00036006 -0.00129352] |com_force|=0.4905N
### kotek_magnet[tick=15840] sensor3: d=0.1097m in_range=False f_mag=0.000N tau_mag=0.0000Nm misalign_deg=26.8 pos=[0.31110623 0.03421134 0.4410293 ] bottom_world=[0.32895312 0.03403485 0.43200393] quat=[-0.00994529 -0.52367723  0.01129456  0.85178393] speed=0.0880 ang_speed=2.7209 ang_vel_vec=[-2.359311   -1.3552161  -0.01470011] |com_force|=0.0000N
### kotek_magnet[tick=15840] sensor4: d=0.5249m in_range=False f_mag=0.000N tau_mag=0.0000Nm misalign_deg=90.0 pos=[-0.10900031  0.10899954  0.4914023 ] bottom_world=[-0.1090003  0.1089996  0.4714023] quat=[ 3.8268232e-01  2.8793852e-07 -1.5518713e-06  9.2388004e-01] speed=0.0005 ang_speed=0.0020 ang_vel_vec=[ 0.00154454  0.00100309 -0.00074307] |com_force|=0.0000N
### kotek_magnet[tick=15900] sensor2: d=0.0148m in_range=True f_mag=0.244N tau_mag=0.0001Nm misalign_deg=15.5 pos=[ 0.37001643 -0.05014267  0.3656214 ] bottom_world=[ 0.38928558 -0.05006057  0.36026482] quat=[ 0.0046399  -0.60501945 -0.00610392  0.7961738 ] speed=0.0000 ang_speed=0.0025 ang_vel_vec=[-0.00200447  0.00066898 -0.00136476] |com_force|=0.4905N
### kotek_magnet[tick=15900] sensor3: d=0.1069m in_range=False f_mag=0.000N tau_mag=0.0000Nm misalign_deg=26.1 pos=[0.31009138 0.0478141  0.43788883] bottom_world=[0.32804547 0.047913   0.42907743] quat=[-0.0086034  -0.52887523  0.00244839  0.8486525 ] speed=0.0625 ang_speed=1.5767 ang_vel_vec=[-0.3058655  -0.13181143  1.541131  ] |com_force|=0.0000N
### kotek_magnet[tick=15900] sensor4: d=0.5249m in_range=False f_mag=0.000N tau_mag=0.0000Nm misalign_deg=90.0 pos=[-0.10900012  0.1089985   0.4914023 ] bottom_world=[-0.10900002  0.1089988   0.4714023 ] quat=[ 3.8268298e-01  6.0058676e-07 -7.9367092e-06  9.2387968e-01] speed=0.0009 ang_speed=0.0016 ang_vel_vec=[-0.00065021 -0.00023207  0.00140793] |com_force|=0.0000N
### kotek_magnet[tick=15960] sensor2: d=0.0148m in_range=True f_mag=0.244N tau_mag=0.0001Nm misalign_deg=15.5 pos=[ 0.37001643 -0.05014268  0.3656214 ] bottom_world=[ 0.38928558 -0.05006058  0.36026482] quat=[ 0.00463985 -0.6050194  -0.00610376  0.7961738 ] speed=0.0000 ang_speed=0.0025 ang_vel_vec=[-0.00203078  0.00067477 -0.00136624] |com_force|=0.4905N
### kotek_magnet[tick=15960] sensor3: d=0.0983m in_range=True f_mag=1.503N tau_mag=0.0020Nm misalign_deg=26.5 pos=[0.31308338 0.04901579 0.4288779 ] bottom_world=[0.33098069 0.04920699 0.41995321] quat=[-0.01114075 -0.5261953   0.00127273  0.8502898 ] speed=0.0866 ang_speed=2.9000 ang_vel_vec=[-2.487862   -1.4894068   0.04703254] |com_force|=0.4950N
### kotek_magnet[tick=15960] sensor4: d=0.5249m in_range=False f_mag=0.000N tau_mag=0.0000Nm misalign_deg=90.0 pos=[-0.10900016  0.10899851  0.4914024 ] bottom_world=[-0.10900007  0.10899881  0.47140239] quat=[ 3.8268295e-01  7.7126094e-07 -7.6815277e-06  9.2387968e-01] speed=0.0009 ang_speed=0.0016 ang_vel_vec=[-0.00022211 -0.00084655  0.00137206] |com_force|=0.0000N
### kotek_magnet[tick=16020] sensor2: d=0.0148m in_range=True f_mag=0.244N tau_mag=0.0001Nm misalign_deg=15.5 pos=[ 0.37001655 -0.0501425   0.36562142] bottom_world=[ 0.38928571 -0.05006041  0.36026488] quat=[ 0.00464153 -0.6050201  -0.00610498  0.7961733 ] speed=0.0002 ang_speed=0.0066 ang_vel_vec=[-0.00631717  0.00100328 -0.00149757] |com_force|=0.4905N
### kotek_magnet[tick=16020] sensor3: d=0.0772m in_range=True f_mag=1.529N tau_mag=0.0015Nm misalign_deg=26.1 pos=[0.32529864 0.05126607 0.41108108] bottom_world=[0.34325414 0.0514568  0.40227407] quat=[-9.4102025e-03 -5.2898467e-01  2.4705444e-04  8.4857917e-01] speed=0.1044 ang_speed=2.5477 ang_vel_vec=[-2.0646036  -1.4714482  -0.25137973] |com_force|=0.4915N
### kotek_magnet[tick=16020] sensor4: d=0.5249m in_range=False f_mag=0.000N tau_mag=0.0000Nm misalign_deg=90.0 pos=[-0.10900014  0.10899854  0.4914022 ] bottom_world=[-0.10900005  0.10899883  0.47140221] quat=[ 3.8268310e-01  8.0843392e-07 -7.4827667e-06  9.2387968e-01] speed=0.0009 ang_speed=0.0018 ang_vel_vec=[-0.00019222 -0.00097483  0.00149333] |com_force|=0.0000N
### kotek_magnet[tick=16080] sensor2: d=0.0148m in_range=True f_mag=0.244N tau_mag=0.0001Nm misalign_deg=15.5 pos=[ 0.3700164  -0.05014267  0.36562142] bottom_world=[ 0.38928555 -0.05006057  0.36026483] quat=[ 0.00463998 -0.6050191  -0.00610392  0.79617405] speed=0.0000 ang_speed=0.0025 ang_vel_vec=[-0.00199564  0.00065978 -0.00136392] |com_force|=0.4905N
### kotek_magnet[tick=16080] sensor3: d=0.0570m in_range=True f_mag=1.113N tau_mag=0.0010Nm misalign_deg=25.6 pos=[0.33785838 0.05324808 0.39452684] bottom_world=[0.35589236 0.05342743 0.38588141] quat=[-7.1301050e-03 -5.3278852e-01 -8.0942875e-04  8.4621799e-01] speed=0.1024 ang_speed=2.5434 ang_vel_vec=[-2.1285856  -1.3515073  -0.33351594] |com_force|=0.4364N
### kotek_magnet[tick=16080] sensor4: d=0.5249m in_range=False f_mag=0.000N tau_mag=0.0000Nm misalign_deg=90.0 pos=[-0.10900011  0.1089996   0.49140218] bottom_world=[-0.1090002   0.10899964  0.47140218] quat=[ 3.8268250e-01  2.4229571e-06 -1.1613156e-07  9.2387992e-01] speed=0.0003 ang_speed=0.0018 ang_vel_vec=[ 0.00149929 -0.00094307 -0.00024138] |com_force|=0.0000N
### kotek_magnet[tick=16140] sensor2: d=0.0148m in_range=True f_mag=0.244N tau_mag=0.0001Nm misalign_deg=15.5 pos=[ 0.3700165  -0.0501425   0.36562148] bottom_world=[ 0.38928564 -0.0500604   0.36026491] quat=[ 0.00464159 -0.6050195  -0.00610508  0.79617363] speed=0.0002 ang_speed=0.0065 ang_vel_vec=[-0.00628866  0.00098059 -0.00149997] |com_force|=0.4905N
### kotek_magnet[tick=16140] sensor3: d=0.0171m in_range=True f_mag=0.291N tau_mag=0.0002Nm misalign_deg=11.7 pos=[0.36583087 0.05152007 0.36288443] bottom_world=[0.38541184 0.05047218 0.358949  ] quat=[-0.00406595 -0.63263816  0.03719196  0.77354336] speed=0.0743 ang_speed=0.9027 ang_vel_vec=[0.02387783 0.8956054  0.11034613] |com_force|=0.5319N
### kotek_magnet[tick=16140] sensor4: d=0.5249m in_range=False f_mag=0.000N tau_mag=0.0000Nm misalign_deg=90.0 pos=[-0.10900006  0.10900017  0.49140224] bottom_world=[-0.10900027  0.10900003  0.47140224] quat=[3.8268211e-01 3.5441039e-06 5.0951494e-06 9.2388016e-01] speed=0.0010 ang_speed=0.0009 ang_vel_vec=[ 0.00063644 -0.00044575 -0.00052251] |com_force|=0.0000N
### kotek_magnet[tick=16168]: welded sensor 3 at d=0.0143m misalign_deg=14.2 pos=[0.3704547  0.05045241 0.3649546 ] wall_pos=[0.425 0.    0.5  ] local_pos1=[-0.0545453   0.05045241 -0.13504541] quat=[-0.01886186 -0.61383235  0.02337687  0.7888648 ]
### kotek_magnet[tick=16200] sensor2: d=0.0148m in_range=True f_mag=0.244N tau_mag=0.0001Nm misalign_deg=15.5 pos=[ 0.37001643 -0.05014267  0.3656214 ] bottom_world=[ 0.38928559 -0.05006057  0.36026483] quat=[ 0.00463986 -0.60501957 -0.00610389  0.7961737 ] speed=0.0000 ang_speed=0.0025 ang_vel_vec=[-0.00198119  0.00068986 -0.00138402] |com_force|=0.4905N
### kotek_magnet[tick=16200] sensor4: d=0.5249m in_range=False f_mag=0.000N tau_mag=0.0000Nm misalign_deg=90.0 pos=[-0.10900037  0.10899872  0.4914023 ] bottom_world=[-0.10900021  0.10899901  0.4714023 ] quat=[ 3.8268277e-01 -9.9808665e-07 -8.3518571e-06  9.2387992e-01] speed=0.0006 ang_speed=0.0042 ang_vel_vec=[-0.00113655  0.00398452  0.00072948] |com_force|=0.0000N
### kotek_magnet[tick=16260] sensor2: d=0.0148m in_range=True f_mag=0.244N tau_mag=0.0001Nm misalign_deg=15.5 pos=[ 0.3700165 -0.0501425  0.3656214] bottom_world=[ 0.38928566 -0.05006041  0.36026486] quat=[ 0.00464151 -0.60502034 -0.00610504  0.79617316] speed=0.0002 ang_speed=0.0062 ang_vel_vec=[-0.00597365  0.00095657 -0.00152747] |com_force|=0.4905N
### kotek_magnet[tick=16260] sensor4: d=0.5249m in_range=False f_mag=0.000N tau_mag=0.0000Nm misalign_deg=90.0 pos=[-0.10900014  0.10899847  0.4914023 ] bottom_world=[-0.10900004  0.10899877  0.4714023 ] quat=[ 3.8268310e-01  6.4880817e-07 -7.8002440e-06  9.2387980e-01] speed=0.0009 ang_speed=0.0015 ang_vel_vec=[-0.00044853 -0.00048859  0.00134553] |com_force|=0.0000N
### kotek_magnet[tick=16320] sensor2: d=0.0148m in_range=True f_mag=0.244N tau_mag=0.0001Nm misalign_deg=15.5 pos=[ 0.37001643 -0.05014266  0.3656214 ] bottom_world=[ 0.38928559 -0.05006056  0.36026483] quat=[ 0.00463996 -0.6050196  -0.00610395  0.79617375] speed=0.0000 ang_speed=0.0025 ang_vel_vec=[-0.00197771  0.00068607 -0.0013832 ] |com_force|=0.4905N
### kotek_magnet[tick=16320] sensor4: d=0.5249m in_range=False f_mag=0.000N tau_mag=0.0000Nm misalign_deg=90.0 pos=[-0.10900032  0.10899952  0.49140233] bottom_world=[-0.10900032  0.10899958  0.47140233] quat=[ 3.8268238e-01  5.8448012e-07 -1.4393813e-06  9.2387998e-01] speed=0.0005 ang_speed=0.0016 ang_vel_vec=[ 0.00128677  0.00068441 -0.00055745] |com_force|=0.0000N
### kotek_magnet[tick=16380] sensor2: d=0.0148m in_range=True f_mag=0.244N tau_mag=0.0001Nm misalign_deg=15.5 pos=[ 0.37001643 -0.05014272  0.36562142] bottom_world=[ 0.38928559 -0.0500606   0.36026486] quat=[ 0.00463935 -0.60501975 -0.00610391  0.7961735 ] speed=0.0000 ang_speed=0.0018 ang_vel_vec=[-0.00117631  0.0003674  -0.0012928 ] |com_force|=0.4905N
### kotek_magnet[tick=16380] sensor4: d=0.5249m in_range=False f_mag=0.000N tau_mag=0.0000Nm misalign_deg=90.0 pos=[-0.10900003  0.10900022  0.4914023 ] bottom_world=[-0.10900025  0.10900008  0.4714023 ] quat=[3.8268200e-01 3.5607634e-06 5.2590140e-06 9.2388016e-01] speed=0.0010 ang_speed=0.0012 ang_vel_vec=[ 0.00077904 -0.00064897 -0.00064112] |com_force|=0.0000N
### kotek_magnet[tick=16440] sensor2: d=0.0148m in_range=True f_mag=0.244N tau_mag=0.0001Nm misalign_deg=15.5 pos=[ 0.37001643 -0.05014269  0.3656214 ] bottom_world=[ 0.38928559 -0.05006058  0.36026483] quat=[ 0.00463986 -0.60501957 -0.00610389  0.7961737 ] speed=0.0000 ang_speed=0.0025 ang_vel_vec=[-0.00196126  0.00068932 -0.00138263] |com_force|=0.4905N
### kotek_magnet[tick=16440] sensor4: d=0.5249m in_range=False f_mag=0.000N tau_mag=0.0000Nm misalign_deg=90.0 pos=[-0.10900003  0.10900021  0.49140227] bottom_world=[-0.10900025  0.10900006  0.47140227] quat=[3.8268209e-01 3.6919757e-06 5.3911194e-06 9.2388022e-01] speed=0.0010 ang_speed=0.0018 ang_vel_vec=[ 0.00114115 -0.00088053 -0.00099914] |com_force|=0.0000N
### kotek_magnet[tick=16500] sensor2: d=0.0148m in_range=True f_mag=0.244N tau_mag=0.0001Nm misalign_deg=15.5 pos=[ 0.3700164  -0.05014268  0.36562142] bottom_world=[ 0.38928555 -0.05006058  0.36026484] quat=[ 0.00463997 -0.60501915 -0.00610403  0.7961741 ] speed=0.0000 ang_speed=0.0025 ang_vel_vec=[-0.0019801   0.00065544 -0.00136468] |com_force|=0.4905N
### kotek_magnet[tick=16500] sensor4: d=0.5249m in_range=False f_mag=0.000N tau_mag=0.0000Nm misalign_deg=90.0 pos=[-0.109       0.10900018  0.49140224] bottom_world=[-0.10900021  0.10900004  0.47140224] quat=[3.8268220e-01 3.5277244e-06 5.3623626e-06 9.2388016e-01] speed=0.0010 ang_speed=0.0014 ang_vel_vec=[ 0.00103335 -0.00061192 -0.00069731] |com_force|=0.0000N
### kotek_magnet[tick=16560] sensor2: d=0.0148m in_range=True f_mag=0.244N tau_mag=0.0001Nm misalign_deg=15.5 pos=[ 0.3700165  -0.05014251  0.3656214 ] bottom_world=[ 0.38928566 -0.05006041  0.36026486] quat=[ 0.00464151 -0.60502034 -0.00610507  0.7961732 ] speed=0.0002 ang_speed=0.0062 ang_vel_vec=[-0.0059014   0.00093895 -0.00153244] |com_force|=0.4905N
### kotek_magnet[tick=16560] sensor4: d=0.5249m in_range=False f_mag=0.000N tau_mag=0.0000Nm misalign_deg=90.0 pos=[-0.109       0.10900019  0.49140227] bottom_world=[-0.10900022  0.10900005  0.47140227] quat=[3.8268211e-01 3.5857531e-06 5.2677105e-06 9.2388010e-01] speed=0.0010 ang_speed=0.0014 ang_vel_vec=[ 0.00089056 -0.00074818 -0.00083461] |com_force|=0.0000N
### kotek_magnet[tick=16620] sensor2: d=0.0148m in_range=True f_mag=0.244N tau_mag=0.0001Nm misalign_deg=15.5 pos=[ 0.37001643 -0.05014267  0.3656214 ] bottom_world=[ 0.38928558 -0.05006057  0.36026482] quat=[ 0.00463995 -0.6050194  -0.00610391  0.79617375] speed=0.0000 ang_speed=0.0025 ang_vel_vec=[-0.00199028  0.00066857 -0.00136368] |com_force|=0.4905N
### kotek_magnet[tick=16620] sensor4: d=0.5249m in_range=False f_mag=0.000N tau_mag=0.0000Nm misalign_deg=90.0 pos=[-0.10900001  0.10900021  0.49140224] bottom_world=[-0.10900023  0.10900007  0.47140224] quat=[3.8268223e-01 3.7894481e-06 5.1444999e-06 9.2388010e-01] speed=0.0010 ang_speed=0.0015 ang_vel_vec=[ 0.00084018 -0.00086562 -0.00083137] |com_force|=0.0000N
### kotek_magnet[tick=16680] sensor2: d=0.0148m in_range=True f_mag=0.244N tau_mag=0.0001Nm misalign_deg=15.5 pos=[ 0.37001643 -0.05014268  0.3656214 ] bottom_world=[ 0.38928558 -0.05006058  0.36026482] quat=[ 0.00463993 -0.60501945 -0.00610395  0.7961738 ] speed=0.0000 ang_speed=0.0025 ang_vel_vec=[-0.00196677  0.00067609 -0.00137459] |com_force|=0.4905N
### kotek_magnet[tick=16680] sensor4: d=0.5249m in_range=False f_mag=0.000N tau_mag=0.0000Nm misalign_deg=90.0 pos=[-0.10900009  0.10899956  0.4914022 ] bottom_world=[-0.10900019  0.10899959  0.47140221] quat=[3.8268241e-01 2.4821882e-06 2.0025982e-07 9.2388004e-01] speed=0.0004 ang_speed=0.0017 ang_vel_vec=[ 0.00152946 -0.00068342 -0.00013992] |com_force|=0.0000N
### kotek_magnet[tick=16740] sensor2: d=0.0148m in_range=True f_mag=0.244N tau_mag=0.0001Nm misalign_deg=15.5 pos=[ 0.37001643 -0.05014268  0.3656214 ] bottom_world=[ 0.38928558 -0.05006058  0.36026482] quat=[ 0.00463993 -0.6050194  -0.00610392  0.7961739 ] speed=0.0000 ang_speed=0.0025 ang_vel_vec=[-0.00196635  0.00068609 -0.0013786 ] |com_force|=0.4905N
### kotek_magnet[tick=16740] sensor4: d=0.5249m in_range=False f_mag=0.000N tau_mag=0.0000Nm misalign_deg=90.0 pos=[-0.10900001  0.10900025  0.49140227] bottom_world=[-0.10900024  0.1090001   0.47140227] quat=[3.8268206e-01 3.7498337e-06 5.5476921e-06 9.2388010e-01] speed=0.0011 ang_speed=0.0014 ang_vel_vec=[ 0.0008625  -0.00083114 -0.00073723] |com_force|=0.0000N
### kotek_magnet[tick=16800] sensor2: d=0.0148m in_range=True f_mag=0.244N tau_mag=0.0001Nm misalign_deg=15.5 pos=[ 0.37001643 -0.05014266  0.3656214 ] bottom_world=[ 0.38928558 -0.05006056  0.36026482] quat=[ 0.00463996 -0.6050194  -0.00610392  0.7961739 ] speed=0.0000 ang_speed=0.0025 ang_vel_vec=[-0.00197652  0.00068717 -0.00137924] |com_force|=0.4905N
### kotek_magnet[tick=16800] sensor4: d=0.5249m in_range=False f_mag=0.000N tau_mag=0.0000Nm misalign_deg=90.0 pos=[-0.10899991  0.10900009  0.49140227] bottom_world=[-0.10900016  0.10899996  0.47140227] quat=[3.8268238e-01 4.5515162e-06 5.6342615e-06 9.2388004e-01] speed=0.0010 ang_speed=0.0030 ang_vel_vec=[ 0.00220838 -0.00197377 -0.00040593] |com_force|=0.0000N
### kotek_magnet[tick=16860] sensor2: d=0.0148m in_range=True f_mag=0.244N tau_mag=0.0001Nm misalign_deg=15.5 pos=[ 0.37001643 -0.05014272  0.36562145] bottom_world=[ 0.38928559 -0.05006061  0.3602649 ] quat=[ 0.00463933 -0.6050198  -0.00610387  0.79617345] speed=0.0000 ang_speed=0.0018 ang_vel_vec=[-0.00118541  0.00036476 -0.0012928 ] |com_force|=0.4905N
### kotek_magnet[tick=16860] sensor4: d=0.5249m in_range=False f_mag=0.000N tau_mag=0.0000Nm misalign_deg=90.0 pos=[-0.10900032  0.1089996   0.49140224] bottom_world=[-0.1090003   0.10899966  0.47140224] quat=[ 3.8268223e-01  8.0426076e-08 -1.5762625e-06  9.2388010e-01] speed=0.0006 ang_speed=0.0024 ang_vel_vec=[ 0.00146644  0.00176072 -0.00078553] |com_force|=0.0000N
### kotek_magnet[tick=16920] sensor2: d=0.0148m in_range=True f_mag=0.244N tau_mag=0.0001Nm misalign_deg=15.5 pos=[ 0.37001646 -0.05014249  0.36562145] bottom_world=[ 0.38928562 -0.05006039  0.36026488] quat=[ 0.00464162 -0.6050194  -0.00610512  0.79617393] speed=0.0002 ang_speed=0.0065 ang_vel_vec=[-0.00626683  0.00096796 -0.00150044] |com_force|=0.4905N
### kotek_magnet[tick=16920] sensor4: d=0.5249m in_range=False f_mag=0.000N tau_mag=0.0000Nm misalign_deg=90.0 pos=[-0.10900033  0.10899959  0.49140227] bottom_world=[-0.10900032  0.10899964  0.47140227] quat=[ 3.8268220e-01  2.5871776e-07 -1.4189940e-06  9.2388004e-01] speed=0.0006 ang_speed=0.0021 ang_vel_vec=[ 0.00148405  0.00127922 -0.00079318] |com_force|=0.0000N
### still playing, 1099s left
### kotek_magnet[tick=16980] sensor2: d=0.0148m in_range=True f_mag=0.244N tau_mag=0.0001Nm misalign_deg=15.5 pos=[ 0.37001646 -0.0501425   0.36562142] bottom_world=[ 0.38928562 -0.0500604   0.36026488] quat=[ 0.0046415  -0.60502005 -0.00610501  0.79617333] speed=0.0002 ang_speed=0.0063 ang_vel_vec=[-0.00600157  0.000953   -0.00152523] |com_force|=0.4905N
### kotek_magnet[tick=16980] sensor4: d=0.5249m in_range=False f_mag=0.000N tau_mag=0.0000Nm misalign_deg=90.0 pos=[-0.10900006  0.10900026  0.49140218] bottom_world=[-0.10900027  0.10900012  0.47140218] quat=[3.8268220e-01 3.5094981e-06 5.2714699e-06 9.2388016e-01] speed=0.0011 ang_speed=0.0008 ang_vel_vec=[ 2.2873230e-04  1.2136036e-05 -7.1905280e-04] |com_force|=0.0000N
### kotek_magnet[tick=17040] sensor2: d=0.0148m in_range=True f_mag=0.244N tau_mag=0.0001Nm misalign_deg=15.5 pos=[ 0.37001637 -0.05014274  0.36562145] bottom_world=[ 0.38928552 -0.05006062  0.36026488] quat=[ 0.00463931 -0.6050194  -0.0061038   0.79617375] speed=0.0000 ang_speed=0.0018 ang_vel_vec=[-0.00124777  0.00036992 -0.00130247] |com_force|=0.4905N
### kotek_magnet[tick=17040] sensor4: d=0.5249m in_range=False f_mag=0.000N tau_mag=0.0000Nm misalign_deg=90.0 pos=[-0.10900031  0.10899961  0.49140236] bottom_world=[-0.10900029  0.10899967  0.47140236] quat=[ 3.8268226e-01  1.2954980e-07 -1.5473806e-06  9.2388004e-01] speed=0.0006 ang_speed=0.0020 ang_vel_vec=[ 0.00127169  0.00140337 -0.000663  ] |com_force|=0.0000N
### kotek_magnet[tick=17100] sensor2: d=0.0148m in_range=True f_mag=0.244N tau_mag=0.0001Nm misalign_deg=15.5 pos=[ 0.37001643 -0.05014272  0.36562142] bottom_world=[ 0.38928559 -0.05006061  0.36026488] quat=[ 0.00463933 -0.60502005 -0.00610383  0.7961733 ] speed=0.0000 ang_speed=0.0018 ang_vel_vec=[-0.00120896  0.00038257 -0.00129613] |com_force|=0.4905N
### kotek_magnet[tick=17100] sensor4: d=0.5249m in_range=False f_mag=0.000N tau_mag=0.0000Nm misalign_deg=90.0 pos=[-0.10900035  0.1089988   0.49140233] bottom_world=[-0.1090002   0.10899907  0.47140233] quat=[ 3.8268274e-01 -7.8336882e-07 -7.6102278e-06  9.2387986e-01] speed=0.0005 ang_speed=0.0035 ang_vel_vec=[-0.00086787  0.00332906  0.00054815] |com_force|=0.0000N
### kotek_magnet[tick=17160] sensor2: d=0.0148m in_range=True f_mag=0.244N tau_mag=0.0001Nm misalign_deg=15.5 pos=[ 0.3700164  -0.05014251  0.36562142] bottom_world=[ 0.38928556 -0.05006041  0.36026486] quat=[ 0.00464145 -0.6050196  -0.00610497  0.7961736 ] speed=0.0002 ang_speed=0.0062 ang_vel_vec=[-0.00598701  0.00093155 -0.00152676] |com_force|=0.4905N
### kotek_magnet[tick=17160] sensor4: d=0.5249m in_range=False f_mag=0.000N tau_mag=0.0000Nm misalign_deg=90.0 pos=[-0.10900006  0.10899881  0.49140224] bottom_world=[-0.10900013  0.10899897  0.47140224] quat=[ 3.8268280e-01  2.9827909e-06 -3.0461581e-06  9.2387986e-01] speed=0.0006 ang_speed=0.0046 ang_vel_vec=[ 0.00270798 -0.00365223  0.00092527] |com_force|=0.0000N
### kotek_magnet[tick=17220] sensor2: d=0.0148m in_range=True f_mag=0.244N tau_mag=0.0001Nm misalign_deg=15.5 pos=[ 0.37001643 -0.05014267  0.36562145] bottom_world=[ 0.38928558 -0.05006057  0.36026487] quat=[ 0.00463983 -0.60501933 -0.00610378  0.7961739 ] speed=0.0000 ang_speed=0.0025 ang_vel_vec=[-0.00198822  0.00070678 -0.00138987] |com_force|=0.4905N
### kotek_magnet[tick=17220] sensor4: d=0.5249m in_range=False f_mag=0.000N tau_mag=0.0000Nm misalign_deg=90.0 pos=[-0.10900038  0.10899881  0.49140233] bottom_world=[-0.10900023  0.10899909  0.47140233] quat=[ 3.8268277e-01 -9.5805376e-07 -8.0118880e-06  9.2387986e-01] speed=0.0005 ang_speed=0.0039 ang_vel_vec=[-0.00111182  0.00366817  0.00058491] |com_force|=0.0000N
### kotek_magnet[tick=17280] sensor2: d=0.0148m in_range=True f_mag=0.244N tau_mag=0.0001Nm misalign_deg=15.5 pos=[ 0.37001643 -0.05014267  0.3656214 ] bottom_world=[ 0.38928559 -0.05006057  0.36026483] quat=[ 0.00463991 -0.60501957 -0.00610395  0.7961737 ] speed=0.0000 ang_speed=0.0025 ang_vel_vec=[-0.00197855  0.00069056 -0.00138373] |com_force|=0.4905N
### kotek_magnet[tick=17280] sensor4: d=0.5249m in_range=False f_mag=0.000N tau_mag=0.0000Nm misalign_deg=90.0 pos=[-0.10900044  0.10899848  0.49140227] bottom_world=[-0.10900024  0.10899879  0.47140227] quat=[ 3.8268280e-01 -1.5313636e-06 -9.2115943e-06  9.2387974e-01] speed=0.0008 ang_speed=0.0026 ang_vel_vec=[0.00107236 0.00224044 0.00058557] |com_force|=0.0000N
### kotek_magnet[tick=17340] sensor2: d=0.0148m in_range=True f_mag=0.244N tau_mag=0.0001Nm misalign_deg=15.5 pos=[ 0.3700165 -0.0501425  0.3656214] bottom_world=[ 0.38928566 -0.05006041  0.36026486] quat=[ 0.00464142 -0.6050203  -0.00610491  0.79617316] speed=0.0002 ang_speed=0.0063 ang_vel_vec=[-0.00600863  0.00095379 -0.00152501] |com_force|=0.4905N
### kotek_magnet[tick=17340] sensor4: d=0.5249m in_range=False f_mag=0.000N tau_mag=0.0000Nm misalign_deg=90.0 pos=[-0.10900036  0.10899932  0.49140212] bottom_world=[-0.10900031  0.10899946  0.47140212] quat=[ 3.8268259e-01  5.4102966e-08 -3.6985653e-06  9.2387998e-01] speed=0.0002 ang_speed=0.0010 ang_vel_vec=[ 0.000222    0.00099316 -0.00020767] |com_force|=0.0000N
### kotek_magnet[tick=17400] sensor2: d=0.0148m in_range=True f_mag=0.244N tau_mag=0.0001Nm misalign_deg=15.5 pos=[ 0.37001643 -0.05014273  0.36562145] bottom_world=[ 0.38928559 -0.05006062  0.3602649 ] quat=[ 0.00463933 -0.60501987 -0.00610381  0.79617363] speed=0.0000 ang_speed=0.0019 ang_vel_vec=[-0.00126663  0.00037835 -0.00130133] |com_force|=0.4905N
### kotek_magnet[tick=17400] sensor4: d=0.5249m in_range=False f_mag=0.000N tau_mag=0.0000Nm misalign_deg=90.0 pos=[-0.10900018  0.10899855  0.49140227] bottom_world=[-0.10900009  0.10899884  0.47140227] quat=[ 3.8268307e-01  7.0970117e-07 -7.4296131e-06  9.2387974e-01] speed=0.0009 ang_speed=0.0017 ang_vel_vec=[-0.0002669  -0.0007412   0.00147843] |com_force|=0.0000N
### kotek_magnet[tick=17460] sensor2: d=0.0148m in_range=True f_mag=0.244N tau_mag=0.0001Nm misalign_deg=15.5 pos=[ 0.3700165 -0.0501425  0.3656214] bottom_world=[ 0.38928566 -0.0500604   0.36026486] quat=[ 0.00464161 -0.6050203  -0.00610519  0.7961733 ] speed=0.0002 ang_speed=0.0061 ang_vel_vec=[-0.00586706  0.00093337 -0.00153373] |com_force|=0.4905N
### kotek_magnet[tick=17460] sensor4: d=0.5249m in_range=False f_mag=0.000N tau_mag=0.0000Nm misalign_deg=90.0 pos=[-0.10900018  0.10899851  0.49140233] bottom_world=[-0.1090001   0.1089988   0.47140233] quat=[ 3.8268307e-01  7.3692746e-07 -7.4742584e-06  9.2387968e-01] speed=0.0009 ang_speed=0.0016 ang_vel_vec=[-2.4138782e-05 -9.6547947e-04  1.2728695e-03] |com_force|=0.0000N
### kotek_magnet[tick=17520] sensor2: d=0.0148m in_range=True f_mag=0.244N tau_mag=0.0001Nm misalign_deg=15.5 pos=[ 0.37001643 -0.05014268  0.36562145] bottom_world=[ 0.38928559 -0.05006058  0.36026488] quat=[ 0.00463997 -0.6050194  -0.00610387  0.79617393] speed=0.0000 ang_speed=0.0026 ang_vel_vec=[-0.00208324  0.00071671 -0.00139601] |com_force|=0.4905N
### kotek_magnet[tick=17520] sensor4: d=0.5255m in_range=False f_mag=0.000N tau_mag=0.0000Nm misalign_deg=82.4 pos=[-0.11213011  0.10498688  0.4917404 ] bottom_world=[-0.10948694  0.11009197  0.47258442] quat=[ 0.38237205 -0.01174542 -0.14478397  0.9125193 ] speed=0.3590 ang_speed=4.8473 ang_vel_vec=[-4.276037   2.1469448 -0.7762478] |com_force|=0.0000N
### kotek_magnet[tick=17580] sensor2: d=0.0148m in_range=True f_mag=0.244N tau_mag=0.0001Nm misalign_deg=15.5 pos=[ 0.3700165 -0.0501425  0.3656214] bottom_world=[ 0.38928566 -0.05006041  0.36026486] quat=[ 0.00464154 -0.6050203  -0.00610507  0.7961732 ] speed=0.0002 ang_speed=0.0062 ang_vel_vec=[-0.00592493  0.00094551 -0.00153037] |com_force|=0.4905N
### kotek_magnet[tick=17580] sensor4: d=0.5258m in_range=False f_mag=0.000N tau_mag=0.0000Nm misalign_deg=90.0 pos=[-0.11034889  0.11406723  0.49140537] bottom_world=[-0.11034425  0.11406238  0.47140537] quat=[ 3.3582380e-01 -1.4995267e-04  7.5465628e-05  9.4192481e-01] speed=0.0149 ang_speed=0.3338 ang_vel_vec=[-0.1737313  -0.26748034  0.09857756] |com_force|=0.0000N
### kotek_magnet[tick=17640] sensor2: d=0.0148m in_range=True f_mag=0.244N tau_mag=0.0001Nm misalign_deg=15.5 pos=[ 0.3700164  -0.05014272  0.36562145] bottom_world=[ 0.38928555 -0.0500606   0.36026488] quat=[ 0.00463937 -0.60501945 -0.00610395  0.79617375] speed=0.0000 ang_speed=0.0018 ang_vel_vec=[-0.00115993  0.0003536  -0.00129082] |com_force|=0.4905N
### kotek_magnet[tick=17640] sensor4: d=0.5364m in_range=False f_mag=0.000N tau_mag=0.0000Nm misalign_deg=90.4 pos=[-0.12084098  0.11149527  0.491714  ] bottom_world=[-0.12097301  0.11117276  0.47171704] quat=[0.14166762 0.00212534 0.0084493  0.989876  ] speed=0.0904 ang_speed=2.6893 ang_vel_vec=[-0.5803119   0.42769098  2.590886  ] |com_force|=0.0000N
### kotek_magnet[tick=17700] sensor2: d=0.0148m in_range=True f_mag=0.244N tau_mag=0.0001Nm misalign_deg=15.5 pos=[ 0.37001643 -0.05014273  0.36562142] bottom_world=[ 0.38928559 -0.05006062  0.36026486] quat=[ 0.00463929 -0.60501975 -0.00610371  0.7961737 ] speed=0.0000 ang_speed=0.0019 ang_vel_vec=[-0.00129442  0.00040228 -0.00130696] |com_force|=0.4905N
### kotek_magnet[tick=17700] sensor4: d=0.5373m in_range=False f_mag=0.000N tau_mag=0.0000Nm misalign_deg=90.4 pos=[-0.12170864  0.11169996  0.49180993] bottom_world=[-0.12185766  0.11113117  0.47181858] quat=[0.11590301 0.00205245 0.0145573  0.9931517 ] speed=0.0929 ang_speed=6.0617 ang_vel_vec=[ 1.0998551   0.15359214 -5.959094  ] |com_force|=0.0000N
### kotek_magnet[tick=17760] sensor2: d=0.0148m in_range=True f_mag=0.244N tau_mag=0.0001Nm misalign_deg=15.5 pos=[ 0.37001643 -0.05014273  0.36562145] bottom_world=[ 0.38928559 -0.05006062  0.3602649 ] quat=[ 0.00463935 -0.6050199  -0.00610384  0.79617345] speed=0.0000 ang_speed=0.0018 ang_vel_vec=[-0.00122927  0.00038604 -0.00130031] |com_force|=0.4905N
### kotek_magnet[tick=17760] sensor4: d=0.5413m in_range=False f_mag=0.000N tau_mag=0.0000Nm misalign_deg=92.7 pos=[-0.1235563   0.10560436  0.4959946 ] bottom_world=[-0.12449259  0.10508989  0.47602315] quat=[-0.004139    0.02346854  0.01276926  0.9996345 ] speed=0.0528 ang_speed=1.6028 ang_vel_vec=[ 0.22350141 -0.38686895 -1.5392854 ] |com_force|=0.0000N
### kotek_magnet[tick=17820] sensor2: d=0.0148m in_range=True f_mag=0.244N tau_mag=0.0001Nm misalign_deg=15.5 pos=[ 0.37001652 -0.0501425   0.3656214 ] bottom_world=[ 0.38928568 -0.0500604   0.36026485] quat=[ 0.00464157 -0.60502    -0.00610504  0.79617333] speed=0.0002 ang_speed=0.0065 ang_vel_vec=[-0.00628459  0.00098638 -0.00150012] |com_force|=0.4905N
### kotek_magnet[tick=17820] sensor4: d=0.5460m in_range=False f_mag=0.000N tau_mag=0.0000Nm misalign_deg=92.6 pos=[-0.1236137   0.10617202  0.5151303 ] bottom_world=[-0.1245186   0.10566138  0.49515729] quat=[-0.0049163   0.02269277  0.01265886  0.9996503 ] speed=0.0763 ang_speed=1.0198 ang_vel_vec=[ 0.40365764  0.35188612 -0.8678499 ] |com_force|=0.0000N
### kotek_magnet[tick=17880] sensor2: d=0.0148m in_range=True f_mag=0.244N tau_mag=0.0001Nm misalign_deg=15.5 pos=[ 0.3700165  -0.0501425   0.36562148] bottom_world=[ 0.38928565 -0.05006041  0.36026491] quat=[ 0.00464157 -0.6050195  -0.00610503  0.7961738 ] speed=0.0002 ang_speed=0.0066 ang_vel_vec=[-0.00632648  0.00099211 -0.00149663] |com_force|=0.4905N
### kotek_magnet[tick=17880] sensor4: d=0.5525m in_range=False f_mag=0.000N tau_mag=0.0000Nm misalign_deg=92.6 pos=[-0.12351085  0.10706185  0.53825814] bottom_world=[-0.1244147   0.10660411  0.51828381] quat=[-0.00432454  0.02265269  0.01134928  0.9996696 ] speed=0.0767 ang_speed=0.9221 ang_vel_vec=[ 0.29201823  0.27620316 -0.8298601 ] |com_force|=0.0000N
### kotek_magnet[tick=17940] sensor2: d=0.0148m in_range=True f_mag=0.244N tau_mag=0.0001Nm misalign_deg=15.5 pos=[ 0.37001634 -0.05014268  0.36562145] bottom_world=[ 0.38928548 -0.05006058  0.36026483] quat=[ 0.00464004 -0.6050185  -0.00610391  0.7961745 ] speed=0.0000 ang_speed=0.0026 ang_vel_vec=[-0.00211642  0.00069264 -0.00138981] |com_force|=0.4905N
### kotek_magnet[tick=17940] sensor4: d=0.5606m in_range=False f_mag=0.000N tau_mag=0.0000Nm misalign_deg=92.6 pos=[-0.12342968  0.10804877  0.5638009 ] bottom_world=[-0.1243343   0.10765612  0.5438252 ] quat=[-0.00375386  0.02265901  0.00973415  0.9996888 ] speed=0.0768 ang_speed=0.9188 ang_vel_vec=[ 0.2175576   0.2890457  -0.84460366] |com_force|=0.0000N
### kotek_magnet[tick=18000] sensor2: d=0.0148m in_range=True f_mag=0.244N tau_mag=0.0001Nm misalign_deg=15.5 pos=[ 0.3700164  -0.05014267  0.3656214 ] bottom_world=[ 0.38928555 -0.05006057  0.36026481] quat=[ 0.0046399  -0.6050193  -0.00610382  0.796174  ] speed=0.0000 ang_speed=0.0026 ang_vel_vec=[-0.00204765  0.000692   -0.00138739] |com_force|=0.4905N
### kotek_magnet[tick=18000] sensor4: d=0.5670m in_range=False f_mag=0.000N tau_mag=0.0000Nm misalign_deg=92.6 pos=[-0.12331328  0.10865138  0.5819037 ] bottom_world=[-0.12421663  0.10830651  0.56192708] quat=[-0.00335983  0.02261935  0.00854834  0.99970204] speed=0.0437 ang_speed=0.8959 ang_vel_vec=[ 0.27896324  0.20307767 -0.82678777] |com_force|=0.0000N
### kotek_magnet[tick=18060] sensor2: d=0.0148m in_range=True f_mag=0.244N tau_mag=0.0001Nm misalign_deg=15.5 pos=[ 0.37001643 -0.05014272  0.36562142] bottom_world=[ 0.38928559 -0.05006061  0.36026488] quat=[ 0.00463931 -0.6050201  -0.00610377  0.7961732 ] speed=0.0000 ang_speed=0.0018 ang_vel_vec=[-0.00121644  0.00037788 -0.00129582] |com_force|=0.4905N
### kotek_magnet[tick=18060] sensor4: d=0.5666m in_range=False f_mag=0.000N tau_mag=0.0000Nm misalign_deg=92.6 pos=[-0.12399015  0.11068789  0.5794957 ] bottom_world=[-0.12488017  0.10999665  0.5595275 ] quat=[0.00945974 0.02209488 0.01749766 0.99955803] speed=0.0414 ang_speed=1.0438 ang_vel_vec=[ 0.2741093   0.19842999 -0.98746496] |com_force|=0.0000N
### kotek_magnet[tick=18120] sensor2: d=0.0148m in_range=True f_mag=0.244N tau_mag=0.0001Nm misalign_deg=15.5 pos=[ 0.3700164  -0.05014273  0.36562142] bottom_world=[ 0.38928556 -0.05006062  0.36026488] quat=[ 0.00463926 -0.6050201  -0.00610375  0.7961732 ] speed=0.0000 ang_speed=0.0018 ang_vel_vec=[-0.00121436  0.00038051 -0.0012965 ] |com_force|=0.4905N
### kotek_magnet[tick=18120] sensor4: d=0.5652m in_range=False f_mag=0.000N tau_mag=0.0000Nm misalign_deg=93.4 pos=[-0.12382778  0.12447949  0.5774358 ] bottom_world=[-0.12502698  0.12347341  0.55749714] quat=[0.08116775 0.02785922 0.02752527 0.9959308 ] speed=0.0512 ang_speed=1.1290 ang_vel_vec=[ 0.18669546  0.12125334 -1.1068366 ] |com_force|=0.0000N
### kotek_magnet[tick=18180] sensor2: d=0.0148m in_range=True f_mag=0.244N tau_mag=0.0001Nm misalign_deg=15.5 pos=[ 0.37001646 -0.05014251  0.3656214 ] bottom_world=[ 0.38928562 -0.05006041  0.36026485] quat=[ 0.00464146 -0.6050201  -0.00610497  0.79617333] speed=0.0002 ang_speed=0.0062 ang_vel_vec=[-0.0059835   0.00094989 -0.0015269 ] |com_force|=0.4905N
### kotek_magnet[tick=18180] sensor4: d=0.5626m in_range=False f_mag=0.000N tau_mag=0.0000Nm misalign_deg=94.8 pos=[-0.12215754  0.14063613  0.5749041 ] bottom_world=[-0.12382299  0.13930411  0.55501811] quat=[0.16454905 0.03563067 0.03976311 0.9849229 ] speed=0.0597 ang_speed=1.3112 ang_vel_vec=[ 0.23196968 -0.00519821 -1.2904905 ] |com_force|=0.0000N
### kotek_magnet[tick=18240] sensor2: d=0.0148m in_range=True f_mag=0.244N tau_mag=0.0001Nm misalign_deg=15.5 pos=[ 0.37001652 -0.0501425   0.36562145] bottom_world=[ 0.38928568 -0.0500604   0.3602649 ] quat=[ 0.00464164 -0.60501987 -0.00610512  0.7961736 ] speed=0.0002 ang_speed=0.0065 ang_vel_vec=[-0.0061983   0.00098193 -0.00150655] |com_force|=0.4905N
### kotek_magnet[tick=18240] sensor4: d=0.5594m in_range=False f_mag=0.000N tau_mag=0.0000Nm misalign_deg=96.4 pos=[-0.11916078  0.15632653  0.57233596] bottom_world=[-0.12139084  0.15475801  0.55252267] quat=[0.24557239 0.04448799 0.05185093 0.96696776] speed=0.0615 ang_speed=1.3182 ang_vel_vec=[ 0.19331974 -0.04367973 -1.3032643 ] |com_force|=0.0000N
### kotek_magnet[tick=18300] sensor2: d=0.0148m in_range=True f_mag=0.244N tau_mag=0.0001Nm misalign_deg=15.5 pos=[ 0.37001646 -0.05014249  0.36562145] bottom_world=[ 0.38928561 -0.05006039  0.36026487] quat=[ 0.00464167 -0.60501933 -0.00610518  0.7961738 ] speed=0.0002 ang_speed=0.0065 ang_vel_vec=[-0.00624706  0.00096468 -0.00150167] |com_force|=0.4905N
### kotek_magnet[tick=18300] sensor4: d=0.5551m in_range=False f_mag=0.000N tau_mag=0.0000Nm misalign_deg=98.3 pos=[-0.11454681  0.17185383  0.56955576] bottom_world=[-0.11743662  0.17013311  0.54984058] quat=[0.32525757 0.05444007 0.06447398 0.941853  ] speed=0.0571 ang_speed=1.0772 ang_vel_vec=[ 0.09986899 -0.01380797 -1.0724722 ] |com_force|=0.0000N
### kotek_magnet[tick=18360] sensor2: d=0.0148m in_range=True f_mag=0.244N tau_mag=0.0001Nm misalign_deg=15.5 pos=[ 0.37001643 -0.05014268  0.3656214 ] bottom_world=[ 0.38928559 -0.05006058  0.36026482] quat=[ 0.00463986 -0.60501945 -0.00610384  0.79617393] speed=0.0000 ang_speed=0.0025 ang_vel_vec=[-0.0020409   0.00067464 -0.00136807] |com_force|=0.4905N
### kotek_magnet[tick=18360] sensor4: d=0.5499m in_range=False f_mag=0.000N tau_mag=0.0000Nm misalign_deg=100.4 pos=[-0.10855981  0.18689539  0.56664   ] bottom_world=[-0.1121732   0.18515085  0.54704665] quat=[0.40249437 0.06530105 0.07682204 0.90985304] speed=0.0600 ang_speed=1.0860 ang_vel_vec=[ 0.06102449 -0.03184839 -1.0837828 ] |com_force|=0.0000N
### kotek_magnet[tick=18420] sensor2: d=0.0148m in_range=True f_mag=0.244N tau_mag=0.0001Nm misalign_deg=15.5 pos=[ 0.37001643 -0.05014273  0.36562142] bottom_world=[ 0.38928559 -0.05006062  0.36026487] quat=[ 0.00463928 -0.6050198  -0.00610377  0.79617363] speed=0.0000 ang_speed=0.0018 ang_vel_vec=[-0.00120734  0.00038758 -0.00129965] |com_force|=0.4905N
### kotek_magnet[tick=18420] sensor4: d=0.5437m in_range=False f_mag=0.000N tau_mag=0.0000Nm misalign_deg=102.7 pos=[-0.10104463  0.20151412  0.5634998 ] bottom_world=[-0.10543379  0.19988294  0.54405567] quat=[0.47745302 0.07714406 0.08913646 0.87071365] speed=0.0593 ang_speed=1.0707 ang_vel_vec=[ 0.01701007 -0.00899823 -1.0705724 ] |com_force|=0.0000N
### kotek_magnet[tick=18480] sensor2: d=0.0148m in_range=True f_mag=0.244N tau_mag=0.0001Nm misalign_deg=15.5 pos=[ 0.37001643 -0.05014266  0.3656214 ] bottom_world=[ 0.38928559 -0.05006056  0.36026483] quat=[ 0.00463993 -0.60501957 -0.00610398  0.7961737 ] speed=0.0000 ang_speed=0.0025 ang_vel_vec=[-0.00197981  0.00069261 -0.00138254] |com_force|=0.4905N
### kotek_magnet[tick=18480] sensor4: d=0.5366m in_range=False f_mag=0.000N tau_mag=0.0000Nm misalign_deg=105.0 pos=[-0.09224188  0.21537551  0.56020457] bottom_world=[-0.09742611  0.21400968  0.5409365 ] quat=[0.5486011  0.08984542 0.10112492 0.8250687 ] speed=0.0616 ang_speed=1.0695 ang_vel_vec=[-0.01554697 -0.00590881 -1.069335  ] |com_force|=0.0000N
### kotek_magnet[tick=18540] sensor2: d=0.0148m in_range=True f_mag=0.244N tau_mag=0.0001Nm misalign_deg=15.5 pos=[ 0.37001637 -0.05014266  0.36562145] bottom_world=[ 0.38928552 -0.05006056  0.36026486] quat=[ 0.00463992 -0.605019   -0.00610395  0.7961742 ] speed=0.0000 ang_speed=0.0025 ang_vel_vec=[-0.00197497  0.00067822 -0.00138131] |com_force|=0.4905N
### kotek_magnet[tick=18540] sensor4: d=0.5287m in_range=False f_mag=0.000N tau_mag=0.0000Nm misalign_deg=107.3 pos=[-0.08220665  0.22834374  0.55673075] bottom_world=[-0.08816996  0.22739969  0.53766382] quat=[0.61517024 0.10319772 0.11259231 0.773459  ] speed=0.0597 ang_speed=1.0536 ang_vel_vec=[ 0.07196973  0.10090389 -1.046269  ] |com_force|=0.0000N
### still playing, 1069s left
### kotek_magnet[tick=18600] sensor2: d=0.0148m in_range=True f_mag=0.244N tau_mag=0.0001Nm misalign_deg=15.5 pos=[ 0.3700164  -0.05014268  0.36562142] bottom_world=[ 0.38928555 -0.05006057  0.36026484] quat=[ 0.00463987 -0.6050192  -0.00610388  0.7961741 ] speed=0.0000 ang_speed=0.0025 ang_vel_vec=[-0.0020107   0.00066002 -0.00136282] |com_force|=0.4905N
### kotek_magnet[tick=18600] sensor4: d=0.5198m in_range=False f_mag=0.000N tau_mag=0.0000Nm misalign_deg=109.6 pos=[-0.07096097  0.2404679   0.55307275] bottom_world=[-0.07767103  0.24011392  0.53423529] quat=[0.67745143 0.11745119 0.12356705 0.715539  ] speed=0.0642 ang_speed=1.1009 ang_vel_vec=[ 0.05854534  0.11667366 -1.0930886 ] |com_force|=0.0000N
### kotek_magnet[tick=18660] sensor2: d=0.0148m in_range=True f_mag=0.244N tau_mag=0.0001Nm misalign_deg=15.5 pos=[ 0.37001655 -0.0501425   0.36562142] bottom_world=[ 0.38928571 -0.0500604   0.36026488] quat=[ 0.00464151 -0.60502017 -0.00610496  0.7961733 ] speed=0.0002 ang_speed=0.0065 ang_vel_vec=[-0.00622778  0.00099396 -0.0015051 ] |com_force|=0.4905N
### kotek_magnet[tick=18660] sensor4: d=0.5101m in_range=False f_mag=0.000N tau_mag=0.0000Nm misalign_deg=111.7 pos=[-0.05869033  0.25152704  0.54924357] bottom_world=[-0.06607399  0.25192139  0.53066062] quat=[0.7341787  0.13234408 0.13383311 0.65234613] speed=0.0662 ang_speed=1.0462 ang_vel_vec=[-0.0812664   0.04205815 -1.0422109 ] |com_force|=0.0000N
### kotek_magnet[tick=18720] sensor2: d=0.0148m in_range=True f_mag=0.244N tau_mag=0.0001Nm misalign_deg=15.5 pos=[ 0.3700164  -0.05014272  0.36562142] bottom_world=[ 0.38928556 -0.05006061  0.36026488] quat=[ 0.00463925 -0.6050201  -0.00610372  0.7961733 ] speed=0.0000 ang_speed=0.0019 ang_vel_vec=[-0.00126053  0.00038819 -0.00130027] |com_force|=0.4905N
### kotek_magnet[tick=18720] sensor4: d=0.4995m in_range=False f_mag=0.000N tau_mag=0.0000Nm misalign_deg=113.4 pos=[-0.04531824  0.26160097  0.5452082 ] bottom_world=[-0.053275    0.26290886  0.52690577] quat=[0.7856879  0.14800322 0.14329691 0.5833142 ] speed=0.0638 ang_speed=0.9773 ang_vel_vec=[-0.10124183  0.06331059 -0.96994454] |com_force|=0.0000N
### kotek_magnet[tick=18780] sensor2: d=0.0148m in_range=True f_mag=0.244N tau_mag=0.0001Nm misalign_deg=15.5 pos=[ 0.3700164  -0.05014272  0.36562145] bottom_world=[ 0.38928555 -0.05006061  0.36026488] quat=[ 0.00463936 -0.6050195  -0.00610389  0.7961737 ] speed=0.0000 ang_speed=0.0018 ang_vel_vec=[-0.00122263  0.00035857 -0.00129522] |com_force|=0.4905N
### kotek_magnet[tick=18780] sensor4: d=0.4883m in_range=False f_mag=0.000N tau_mag=0.0000Nm misalign_deg=114.8 pos=[-0.03143804  0.2702772   0.5411025 ] bottom_world=[-0.03982164  0.27260836  0.52309473] quat=[0.8296973  0.16374843 0.15162905 0.5116616 ] speed=0.0692 ang_speed=1.0402 ang_vel_vec=[-0.10502127  0.0629566  -1.0330144 ] |com_force|=0.0000N
### kotek_magnet[tick=18840] sensor2: d=0.0148m in_range=True f_mag=0.244N tau_mag=0.0001Nm misalign_deg=15.5 pos=[ 0.37001634 -0.05014266  0.36562148] bottom_world=[ 0.38928548 -0.05006056  0.36026486] quat=[ 0.00463993 -0.6050185  -0.00610392  0.7961745 ] speed=0.0000 ang_speed=0.0025 ang_vel_vec=[-0.00201353  0.00067571 -0.00138681] |com_force|=0.4905N
### kotek_magnet[tick=18840] sensor4: d=0.4762m in_range=False f_mag=0.000N tau_mag=0.0000Nm misalign_deg=115.6 pos=[-0.01668075  0.27791518  0.5368091 ] bottom_world=[-0.02533422  0.28140665  0.51911934] quat=[0.86782163 0.18024217 0.15896279 0.43488982] speed=0.0691 ang_speed=1.0672 ang_vel_vec=[-0.03249221  0.09119527 -1.0628399 ] |com_force|=0.0000N
### kotek_magnet[tick=18900] sensor2: d=0.0148m in_range=True f_mag=0.244N tau_mag=0.0001Nm misalign_deg=15.5 pos=[ 0.3700165  -0.0501425   0.36562148] bottom_world=[ 0.38928565 -0.0500604   0.36026492] quat=[ 0.00464161 -0.60501957 -0.00610507  0.7961737 ] speed=0.0002 ang_speed=0.0066 ang_vel_vec=[-0.00632014  0.0009804  -0.00149724] |com_force|=0.4905N
### kotek_magnet[tick=18900] sensor4: d=0.4632m in_range=False f_mag=0.000N tau_mag=0.0000Nm misalign_deg=115.9 pos=[-0.00112211  0.2842807   0.5323542 ] bottom_world=[-0.00985533  0.28902655  0.51499884] quat=[0.8989369  0.19712578 0.16509977 0.3546771 ] speed=0.0709 ang_speed=1.1032 ang_vel_vec=[-0.03644513  0.09848349 -1.0982215 ] |com_force|=0.0000N
### kotek_magnet[tick=18960] sensor2: d=0.0148m in_range=True f_mag=0.244N tau_mag=0.0001Nm misalign_deg=15.5 pos=[ 0.3700164  -0.05014251  0.3656215 ] bottom_world=[ 0.38928555 -0.05006041  0.36026492] quat=[ 0.00464151 -0.60501903 -0.00610498  0.7961741 ] speed=0.0002 ang_speed=0.0066 ang_vel_vec=[-0.00635703  0.00094988 -0.00149438] |com_force|=0.4905N
### kotek_magnet[tick=18960] sensor4: d=0.4496m in_range=False f_mag=0.000N tau_mag=0.0000Nm misalign_deg=115.5 pos=[0.01470379 0.2893321  0.5277975 ] bottom_world=[0.00609857 0.29537859 0.51078605] quat=[0.92245054 0.21410498 0.1699186  0.27271187] speed=0.0747 ang_speed=1.0668 ang_vel_vec=[-0.07629699 -0.11606213 -1.0577177 ] |com_force|=0.0000N
### kotek_magnet[tick=19020] sensor2: d=0.0148m in_range=True f_mag=0.244N tau_mag=0.0001Nm misalign_deg=15.5 pos=[ 0.37001646 -0.0501425   0.3656214 ] bottom_world=[ 0.38928562 -0.0500604   0.36026485] quat=[ 0.00464153 -0.60502005 -0.00610511  0.79617333] speed=0.0002 ang_speed=0.0062 ang_vel_vec=[-0.00595063  0.00094863 -0.00152843] |com_force|=0.4905N
### kotek_magnet[tick=19020] sensor4: d=0.4355m in_range=False f_mag=0.000N tau_mag=0.0000Nm misalign_deg=114.4 pos=[0.03070666 0.29309744 0.5232338 ] bottom_world=[0.02244721 0.30045785 0.50657227] quat=[0.9383552  0.23115239 0.17329448 0.18980804] speed=0.0724 ang_speed=1.1160 ang_vel_vec=[-0.15190654 -0.00430504 -1.1056427 ] |com_force|=0.0000N
### kotek_magnet[tick=19080] sensor2: d=0.0148m in_range=True f_mag=0.244N tau_mag=0.0001Nm misalign_deg=15.5 pos=[ 0.37001646 -0.05014247  0.36562145] bottom_world=[ 0.38928561 -0.05006037  0.36026486] quat=[ 0.00464195 -0.6050191  -0.00610529  0.7961741 ] speed=0.0002 ang_speed=0.0074 ang_vel_vec=[-0.00717537  0.00123276 -0.00141459] |com_force|=0.4905N
### kotek_magnet[tick=19080] sensor4: d=0.4205m in_range=False f_mag=0.000N tau_mag=0.0000Nm misalign_deg=112.6 pos=[0.0473936  0.29563347 0.51848525] bottom_world=[0.03971889 0.30432179 0.50218764] quat=[0.94688594 0.24867119 0.17527832 0.10415005] speed=0.0743 ang_speed=1.1296 ang_vel_vec=[-0.460208   0.2477025 -1.0014374] |com_force|=0.0000N
### kotek_magnet[tick=19140] sensor2: d=0.0148m in_range=True f_mag=0.244N tau_mag=0.0001Nm misalign_deg=15.5 pos=[ 0.37001646 -0.0501425   0.36562142] bottom_world=[ 0.38928562 -0.0500604   0.36026488] quat=[ 0.00464157 -0.60502005 -0.00610513  0.7961734 ] speed=0.0002 ang_speed=0.0062 ang_vel_vec=[-0.00593287  0.00093385 -0.00152956] |com_force|=0.4905N
### kotek_magnet[tick=19140] sensor4: d=0.4051m in_range=False f_mag=0.000N tau_mag=0.0000Nm misalign_deg=110.1 pos=[0.06388366 0.2968543  0.51369876] bottom_world=[0.0570023  0.30680492 0.49777294] quat=[0.94752216 0.26601225 0.17632914 0.01863967] speed=0.0832 ang_speed=1.0098 ang_vel_vec=[-0.3127403  -0.9509602   0.13281304] |com_force|=0.0000N
### kotek_magnet[tick=19200] sensor2: d=0.0148m in_range=True f_mag=0.244N tau_mag=0.0001Nm misalign_deg=15.5 pos=[ 0.37001643 -0.05014267  0.3656214 ] bottom_world=[ 0.38928558 -0.05006057  0.36026482] quat=[ 0.00463986 -0.6050194  -0.00610376  0.79617375] speed=0.0000 ang_speed=0.0026 ang_vel_vec=[-0.00208101  0.00068412 -0.00137033] |com_force|=0.4905N
### kotek_magnet[tick=19200] sensor4: d=0.3889m in_range=False f_mag=0.000N tau_mag=0.0000Nm misalign_deg=107.0 pos=[0.08069433 0.2970041  0.5089228 ] bottom_world=[0.07486237 0.30812958 0.49335965] quat=[ 0.9406137   0.28347427  0.17482364 -0.06576447] speed=0.0747 ang_speed=1.1526 ang_vel_vec=[-0.40624082  0.25590807 -1.0477885 ] |com_force|=0.0000N
### kotek_magnet[tick=19260] sensor2: d=0.0148m in_range=True f_mag=0.244N tau_mag=0.0001Nm misalign_deg=15.5 pos=[ 0.37001643 -0.05014268  0.3656214 ] bottom_world=[ 0.38928558 -0.05006058  0.36026482] quat=[ 0.00463986 -0.6050194  -0.00610384  0.7961739 ] speed=0.0000 ang_speed=0.0025 ang_vel_vec=[-0.0019949   0.00066931 -0.00136791] |com_force|=0.4905N
### kotek_magnet[tick=19260] sensor4: d=0.3721m in_range=False f_mag=0.000N tau_mag=0.0000Nm misalign_deg=103.2 pos=[0.09763066 0.29573256 0.50401336] bottom_world=[0.09304801 0.3078995  0.48881584] quat=[ 0.92601794  0.30060345  0.17233533 -0.14976308] speed=0.0775 ang_speed=1.0103 ang_vel_vec=[-0.15138046  0.24422204 -0.968592  ] |com_force|=0.0000N
### kotek_magnet[tick=19320] sensor2: d=0.0148m in_range=True f_mag=0.244N tau_mag=0.0001Nm misalign_deg=15.5 pos=[ 0.37001643 -0.05014273  0.36562142] bottom_world=[ 0.38928559 -0.05006061  0.36026488] quat=[ 0.00463932 -0.60502005 -0.00610386  0.7961733 ] speed=0.0000 ang_speed=0.0018 ang_vel_vec=[-0.00119005  0.00037713 -0.00129487] |com_force|=0.4905N
### kotek_magnet[tick=19320] sensor4: d=0.3551m in_range=False f_mag=0.000N tau_mag=0.0000Nm misalign_deg=99.1 pos=[0.114149   0.29339927 0.4992482 ] bottom_world=[0.11099219 0.30643664 0.48441373] quat=[ 0.9042396   0.31752136  0.16828014 -0.23067865] speed=0.0765 ang_speed=1.0490 ang_vel_vec=[-0.2632973   0.45697644 -0.9067308 ] |com_force|=0.0000N
### kotek_magnet[tick=19380] sensor2: d=0.0148m in_range=True f_mag=0.244N tau_mag=0.0001Nm misalign_deg=15.5 pos=[ 0.37001643 -0.05014269  0.3656214 ] bottom_world=[ 0.38928559 -0.05006058  0.36026483] quat=[ 0.00463985 -0.60501957 -0.0061039   0.79617375] speed=0.0000 ang_speed=0.0025 ang_vel_vec=[-0.00196358  0.00068994 -0.00138283] |com_force|=0.4905N
### kotek_magnet[tick=19380] sensor4: d=0.3374m in_range=False f_mag=0.000N tau_mag=0.0000Nm misalign_deg=94.5 pos=[0.13071801 0.28986105 0.49441725] bottom_world=[0.12916114 0.30357202 0.47994018] quat=[ 0.87516063  0.33404425  0.1627502  -0.30987203] speed=0.0742 ang_speed=1.1456 ang_vel_vec=[ 0.04795122  0.69312704 -0.9108703 ] |com_force|=0.0000N
### kotek_magnet[tick=19440] sensor2: d=0.0148m in_range=True f_mag=0.244N tau_mag=0.0001Nm misalign_deg=15.5 pos=[ 0.37001643 -0.05014267  0.3656214 ] bottom_world=[ 0.38928559 -0.05006057  0.36026482] quat=[ 0.00463995 -0.60501945 -0.0061039   0.79617393] speed=0.0000 ang_speed=0.0025 ang_vel_vec=[-0.00203037  0.00067581 -0.00136597] |com_force|=0.4905N
### kotek_magnet[tick=19440] sensor4: d=0.3193m in_range=False f_mag=0.000N tau_mag=0.0000Nm misalign_deg=89.5 pos=[0.14709096 0.2851953  0.48965412] bottom_world=[0.14727216 0.29937021 0.47554601] quat=[ 0.83902466  0.35073727  0.15582196 -0.38566893] speed=0.0746 ang_speed=1.1656 ang_vel_vec=[-0.0910631   0.75369996 -0.88448   ] |com_force|=0.0000N
### kotek_magnet[tick=19500] sensor2: d=0.0148m in_range=True f_mag=0.244N tau_mag=0.0001Nm misalign_deg=15.5 pos=[ 0.3700165 -0.0501425  0.3656214] bottom_world=[ 0.38928566 -0.0500604   0.36026487] quat=[ 0.00464159 -0.6050204  -0.00610514  0.7961731 ] speed=0.0002 ang_speed=0.0062 ang_vel_vec=[-0.00592088  0.00095282 -0.00153074] |com_force|=0.4905N
### kotek_magnet[tick=19500] sensor4: d=0.3008m in_range=False f_mag=0.000N tau_mag=0.0000Nm misalign_deg=84.2 pos=[0.16317569 0.27943748 0.48492345] bottom_world=[0.16518809 0.29382252 0.47117496] quat=[ 0.79643714  0.3667619   0.14755838 -0.45760247] speed=0.0727 ang_speed=1.1357 ang_vel_vec=[ 0.44144702  0.44673657 -0.94620144] |com_force|=0.0000N
### kotek_magnet[tick=19560] sensor2: d=0.0148m in_range=True f_mag=0.244N tau_mag=0.0001Nm misalign_deg=15.5 pos=[ 0.37001637 -0.05014269  0.36562142] bottom_world=[ 0.38928552 -0.05006059  0.36026483] quat=[ 0.00463984 -0.60501903 -0.00610371  0.79617417] speed=0.0000 ang_speed=0.0026 ang_vel_vec=[-0.00208136  0.00068231 -0.0013892 ] |com_force|=0.4905N
### kotek_magnet[tick=19560] sensor4: d=0.2818m in_range=False f_mag=0.000N tau_mag=0.0000Nm misalign_deg=78.7 pos=[0.17915042 0.27249265 0.4802075 ] bottom_world=[0.18307117 0.28682904 0.46682484] quat=[ 0.74713594  0.38260433  0.13801242 -0.5256943 ] speed=0.0760 ang_speed=1.1120 ang_vel_vec=[ 0.36384952  0.40953344 -0.9677268 ] |com_force|=0.0000N
### kotek_magnet[tick=19620] sensor2: d=0.0148m in_range=True f_mag=0.244N tau_mag=0.0001Nm misalign_deg=15.5 pos=[ 0.37001643 -0.05014266  0.36562142] bottom_world=[ 0.38928559 -0.05006056  0.36026486] quat=[ 0.00463996 -0.60501957 -0.00610392  0.79617375] speed=0.0000 ang_speed=0.0025 ang_vel_vec=[-0.001982    0.00069243 -0.00138161] |com_force|=0.4905N
### kotek_magnet[tick=19620] sensor4: d=0.2629m in_range=False f_mag=0.000N tau_mag=0.0000Nm misalign_deg=73.1 pos=[0.19451194 0.26468953 0.47566617] bottom_world=[0.20034068 0.27871241 0.46265138] quat=[ 0.6925521   0.39796898  0.1274796  -0.5879978 ] speed=0.0788 ang_speed=1.1193 ang_vel_vec=[ 0.28164813  0.5151696  -0.9529811 ] |com_force|=0.0000N
### kotek_magnet[tick=19680] sensor2: d=0.0148m in_range=True f_mag=0.244N tau_mag=0.0001Nm misalign_deg=15.5 pos=[ 0.37001646 -0.0501425   0.36562142] bottom_world=[ 0.38928562 -0.0500604   0.36026487] quat=[ 0.00464151 -0.6050199  -0.00610503  0.7961734 ] speed=0.0002 ang_speed=0.0063 ang_vel_vec=[-0.00601686  0.00093758 -0.00152377] |com_force|=0.4905N
### kotek_magnet[tick=19680] sensor4: d=0.2440m in_range=False f_mag=0.000N tau_mag=0.0000Nm misalign_deg=67.4 pos=[0.20940013 0.25590146 0.4714061 ] bottom_world=[0.21709016 0.26935101 0.45875806] quat=[ 0.6335762   0.4127037   0.11607986 -0.64403594] speed=0.0796 ang_speed=1.1499 ang_vel_vec=[ 0.55466616  0.37911016 -0.93320763] |com_force|=0.0000N
### kotek_magnet[tick=19740] sensor2: d=0.0148m in_range=True f_mag=0.244N tau_mag=0.0001Nm misalign_deg=15.5 pos=[ 0.37001652 -0.0501425   0.3656214 ] bottom_world=[ 0.38928568 -0.05006041  0.36026485] quat=[ 0.00464153 -0.60502    -0.00610498  0.79617333] speed=0.0002 ang_speed=0.0066 ang_vel_vec=[-0.00631737  0.00098933 -0.00149832] |com_force|=0.4905N
### kotek_magnet[tick=19740] sensor4: d=0.2245m in_range=False f_mag=0.000N tau_mag=0.0000Nm misalign_deg=61.5 pos=[0.22421089 0.24589488 0.46716356] bottom_world=[0.23374302 0.25849131 0.454897  ] quat=[ 0.5683821   0.4273278   0.10357115 -0.6954177 ] speed=0.0826 ang_speed=1.2497 ang_vel_vec=[ 0.62729055  0.2795233  -1.0441191 ] |com_force|=0.0000N
### kotek_magnet[tick=19800] sensor2: d=0.0148m in_range=True f_mag=0.244N tau_mag=0.0001Nm misalign_deg=15.5 pos=[ 0.37001634 -0.05014273  0.36562148] bottom_world=[ 0.38928549 -0.05006062  0.36026491] quat=[ 0.0046393  -0.6050194  -0.00610371  0.79617375] speed=0.0000 ang_speed=0.0019 ang_vel_vec=[-0.00130452  0.00037946 -0.00130776] |com_force|=0.4905N
### kotek_magnet[tick=19800] sensor4: d=0.2056m in_range=False f_mag=0.000N tau_mag=0.0000Nm misalign_deg=55.8 pos=[0.23824595 0.23514585 0.46320656] bottom_world=[0.24948065 0.2466586  0.45132219] quat=[ 0.5005702   0.4412368   0.09055907 -0.73928255] speed=0.0831 ang_speed=1.0669 ang_vel_vec=[ 0.52224976  0.3839889  -0.8474346 ] |com_force|=0.0000N
### kotek_magnet[tick=19860] sensor2: d=0.0148m in_range=True f_mag=0.244N tau_mag=0.0001Nm misalign_deg=15.5 pos=[ 0.37001643 -0.05014268  0.3656214 ] bottom_world=[ 0.38928558 -0.05006058  0.36026482] quat=[ 0.00463993 -0.6050194  -0.00610393  0.79617375] speed=0.0000 ang_speed=0.0025 ang_vel_vec=[-0.00197564  0.00066631 -0.00136253] |com_force|=0.4905N
### kotek_magnet[tick=19860] sensor4: d=0.1867m in_range=False f_mag=0.000N tau_mag=0.0000Nm misalign_deg=50.1 pos=[0.25187004 0.22335948 0.45939386] bottom_world=[0.26470563 0.23353952 0.44792154] quat=[ 0.42731538  0.45523545  0.07715327 -0.7773092 ] speed=0.0942 ang_speed=0.6514 ang_vel_vec=[-0.3383911   0.43591642  0.34601378] |com_force|=0.0000N
### kotek_magnet[tick=19920] sensor2: d=0.0148m in_range=True f_mag=0.244N tau_mag=0.0001Nm misalign_deg=15.5 pos=[ 0.3700165  -0.0501425   0.36562148] bottom_world=[ 0.38928565 -0.0500604   0.36026492] quat=[ 0.0046416  -0.60501957 -0.00610508  0.7961737 ] speed=0.0002 ang_speed=0.0066 ang_vel_vec=[-0.00632     0.00098349 -0.00149725] |com_force|=0.4905N
### kotek_magnet[tick=19920] sensor4: d=0.1685m in_range=False f_mag=0.000N tau_mag=0.0000Nm misalign_deg=44.7 pos=[0.2649399  0.21063939 0.4559199 ] bottom_world=[0.27915043 0.21930644 0.44483191] quat=[ 0.35441798  0.46778944  0.06303599 -0.80720973] speed=0.0860 ang_speed=1.2884 ang_vel_vec=[ 0.5821568   0.42464906 -1.0681036 ] |com_force|=0.0000N
### kotek_magnet[tick=19980] sensor2: d=0.0148m in_range=True f_mag=0.244N tau_mag=0.0001Nm misalign_deg=15.5 pos=[ 0.37001646 -0.05014251  0.3656214 ] bottom_world=[ 0.38928562 -0.05006041  0.36026485] quat=[ 0.0046415  -0.60502005 -0.00610501  0.79617333] speed=0.0002 ang_speed=0.0062 ang_vel_vec=[-0.00598181  0.00094753 -0.00152695] |com_force|=0.4905N
### kotek_magnet[tick=19980] sensor4: d=0.1509m in_range=False f_mag=0.000N tau_mag=0.0000Nm misalign_deg=39.5 pos=[0.27763173 0.1967082  0.45266333] bottom_world=[0.29306524 0.20363716 0.44199579] quat=[ 0.27661946  0.48058298  0.04849187 -0.83076483] speed=0.0875 ang_speed=1.1633 ang_vel_vec=[ 0.8261074   0.21188754 -0.7911263 ] |com_force|=0.0000N
### kotek_magnet[tick=20040] sensor2: d=0.0148m in_range=True f_mag=0.244N tau_mag=0.0001Nm misalign_deg=15.5 pos=[ 0.3700165  -0.05014251  0.3656214 ] bottom_world=[ 0.38928565 -0.05006041  0.36026486] quat=[ 0.00464145 -0.6050203  -0.00610497  0.7961731 ] speed=0.0002 ang_speed=0.0063 ang_vel_vec=[-0.00599216  0.00095045 -0.00152604] |com_force|=0.4905N
### kotek_magnet[tick=20040] sensor4: d=0.1354m in_range=False f_mag=0.000N tau_mag=0.0000Nm misalign_deg=35.0 pos=[0.28914756 0.18250628 0.4497442 ] bottom_world=[0.30553987 0.18761858 0.43948961] quat=[ 0.20012142  0.49238124  0.03458533 -0.8463546 ] speed=0.0878 ang_speed=1.1686 ang_vel_vec=[ 0.81936073  0.07019013 -0.8302317 ] |com_force|=0.0000N
### kotek_magnet[tick=20100] sensor2: d=0.0148m in_range=True f_mag=0.244N tau_mag=0.0001Nm misalign_deg=15.5 pos=[ 0.3700165 -0.0501425  0.3656214] bottom_world=[ 0.38928566 -0.0500604   0.36026487] quat=[ 0.00464159 -0.6050204  -0.00610514  0.7961731 ] speed=0.0002 ang_speed=0.0062 ang_vel_vec=[-0.0059359   0.00095496 -0.00152923] |com_force|=0.4905N
### kotek_magnet[tick=20100] sensor4: d=0.1220m in_range=False f_mag=0.000N tau_mag=0.0000Nm misalign_deg=31.1 pos=[0.3001685  0.1671567  0.44721198] bottom_world=[0.31730178 0.17031585 0.43739002] quat=[ 0.1218894   0.5040135   0.02052498 -0.8548053 ] speed=0.0901 ang_speed=1.1509 ang_vel_vec=[ 0.98022413  0.14558007 -0.58529603] |com_force|=0.0000N
### kotek_magnet[tick=20160] sensor2: d=0.0148m in_range=True f_mag=0.244N tau_mag=0.0001Nm misalign_deg=15.5 pos=[ 0.37001655 -0.05014251  0.3656214 ] bottom_world=[ 0.38928571 -0.05006041  0.36026486] quat=[ 0.00464148 -0.6050202  -0.00610498  0.7961732 ] speed=0.0002 ang_speed=0.0062 ang_vel_vec=[-0.00595594  0.00093852 -0.00152798] |com_force|=0.4905N
### kotek_magnet[tick=20160] sensor4: d=0.1123m in_range=False f_mag=0.000N tau_mag=0.0000Nm misalign_deg=28.3 pos=[0.30989844 0.15180302 0.4450757 ] bottom_world=[0.32750468 0.15303795 0.4356685 ] quat=[ 0.04725436  0.5145498   0.00766069 -0.8561232 ] speed=0.0900 ang_speed=1.0543 ang_vel_vec=[ 0.7378101  -0.11240584 -0.74461746] |com_force|=0.0000N
### kotek_magnet[tick=20220] sensor2: d=0.0148m in_range=True f_mag=0.244N tau_mag=0.0001Nm misalign_deg=15.5 pos=[ 0.37001643 -0.05014266  0.36562142] bottom_world=[ 0.38928558 -0.05006056  0.36026484] quat=[ 0.00463989 -0.60501933 -0.00610386  0.79617393] speed=0.0000 ang_speed=0.0025 ang_vel_vec=[-0.00201251  0.00070819 -0.00139053] |com_force|=0.4905N
### kotek_magnet[tick=20220] sensor4: d=0.1089m in_range=False f_mag=0.000N tau_mag=0.0000Nm misalign_deg=27.7 pos=[0.31209993 0.14619184 0.44249082] bottom_world=[0.3298028  0.14664608 0.43319554] quat=[ 0.0183564   0.5173137   0.00217393 -0.8555962 ] speed=0.1090 ang_speed=0.8865 ang_vel_vec=[ 0.881987   -0.05636547 -0.06873108] |com_force|=0.0000N
### still playing, 1039s left
### kotek_magnet[tick=20280] sensor2: d=0.0148m in_range=True f_mag=0.244N tau_mag=0.0001Nm misalign_deg=15.5 pos=[ 0.37001646 -0.05014251  0.3656214 ] bottom_world=[ 0.38928562 -0.05006041  0.36026485] quat=[ 0.00464149 -0.6050201  -0.00610499  0.79617333] speed=0.0002 ang_speed=0.0062 ang_vel_vec=[-0.0059829   0.00095294 -0.00152667] |com_force|=0.4905N
### kotek_magnet[tick=20280] sensor4: d=0.1015m in_range=False f_mag=0.000N tau_mag=0.0000Nm misalign_deg=28.0 pos=[0.31322554 0.15111525 0.4336157 ] bottom_world=[0.33088074 0.15176074 0.42424143] quat=[ 0.0250399   0.5153918   0.00377278 -0.85658056] speed=0.0728 ang_speed=0.8949 ang_vel_vec=[ 0.6209887  -0.05207148 -0.6422761 ] |com_force|=0.0000N
### kotek_magnet[tick=20340] sensor2: d=0.0148m in_range=True f_mag=0.244N tau_mag=0.0001Nm misalign_deg=15.5 pos=[ 0.37001643 -0.05014267  0.3656214 ] bottom_world=[ 0.38928558 -0.05006057  0.36026482] quat=[ 0.00463996 -0.60501945 -0.00610393  0.7961738 ] speed=0.0000 ang_speed=0.0025 ang_vel_vec=[-0.00200544  0.00067045 -0.0013643 ] |com_force|=0.4905N
### kotek_magnet[tick=20340] sensor4: d=0.0771m in_range=True f_mag=1.527N tau_mag=0.0015Nm misalign_deg=27.8 pos=[0.3267064  0.1547024  0.41243562] bottom_world=[0.34439829 0.15523403 0.40312355] quat=[ 0.02049985  0.51690257  0.00314837 -0.85579294] speed=0.0836 ang_speed=0.9401 ang_vel_vec=[ 0.70396245 -0.22842531 -0.57968336] |com_force|=0.4048N
### kotek_magnet[tick=20400] sensor2: d=0.0148m in_range=True f_mag=0.244N tau_mag=0.0001Nm misalign_deg=15.5 pos=[ 0.37001643 -0.05014267  0.3656214 ] bottom_world=[ 0.38928558 -0.05006057  0.36026482] quat=[ 0.00463985 -0.60501945 -0.00610373  0.7961738 ] speed=0.0000 ang_speed=0.0026 ang_vel_vec=[-0.00212655  0.0006895  -0.00137298] |com_force|=0.4905N
### kotek_magnet[tick=20400] sensor4: d=0.0577m in_range=True f_mag=1.128N tau_mag=0.0011Nm misalign_deg=27.5 pos=[0.33857703 0.15747792 0.39610606] bottom_world=[0.3563251  0.15789937 0.38689582] quat=[ 0.01531809  0.51936     0.00302053 -0.854413  ] speed=0.1041 ang_speed=0.9568 ang_vel_vec=[ 0.79103553 -0.2321633  -0.48563677] |com_force|=0.3260N
### kotek_magnet[tick=20460] sensor2: d=0.0148m in_range=True f_mag=0.244N tau_mag=0.0001Nm misalign_deg=15.5 pos=[ 0.3700164  -0.05014266  0.36562145] bottom_world=[ 0.38928555 -0.05006056  0.36026486] quat=[ 0.00463991 -0.60501903 -0.00610389  0.79617417] speed=0.0000 ang_speed=0.0026 ang_vel_vec=[-0.0020316   0.00070186 -0.00139073] |com_force|=0.4905N
### kotek_magnet[tick=20460] sensor4: d=0.0150m in_range=True f_mag=0.248N tau_mag=0.0001Nm misalign_deg=17.5 pos=[0.3686214  0.15206099 0.36446178] bottom_world=[0.38769995 0.15110817 0.35853712] quat=[ 0.02319435  0.5913609  -0.04664547 -0.8047226 ] speed=0.0499 ang_speed=1.5109 ang_vel_vec=[ 0.43576604 -0.6015589   1.3156402 ] |com_force|=0.5151N
### kotek_magnet[tick=20472]: welded sensor 4 at d=0.0145m misalign_deg=14.5 pos=[0.37028345 0.15100758 0.36505264] wall_pos=[0.425 0.    0.5  ] local_pos1=[-0.05471655  0.15100758 -0.13494736] quat=[ 0.02868008  0.61181355 -0.03681291 -0.7896243 ]
### kotek_magnet[tick=20520] sensor2: d=0.0148m in_range=True f_mag=0.244N tau_mag=0.0001Nm misalign_deg=15.5 pos=[ 0.37001637 -0.05014269  0.36562142] bottom_world=[ 0.38928552 -0.05006059  0.36026483] quat=[ 0.00463983 -0.60501903 -0.00610372  0.79617417] speed=0.0000 ang_speed=0.0026 ang_vel_vec=[-0.00208136  0.0006823  -0.00138917] |com_force|=0.4905N
### kotek_magnet[tick=20580] sensor2: d=0.0148m in_range=True f_mag=0.244N tau_mag=0.0001Nm misalign_deg=15.5 pos=[ 0.37001643 -0.05014267  0.3656214 ] bottom_world=[ 0.38928558 -0.05006057  0.36026482] quat=[ 0.00463995 -0.6050194  -0.00610393  0.79617375] speed=0.0000 ang_speed=0.0025 ang_vel_vec=[-0.00199036  0.00066802 -0.00136362] |com_force|=0.4905N
### kotek_magnet[tick=20640] sensor2: d=0.0148m in_range=True f_mag=0.244N tau_mag=0.0001Nm misalign_deg=15.5 pos=[ 0.37001643 -0.05014267  0.3656214 ] bottom_world=[ 0.38928559 -0.05006057  0.36026482] quat=[ 0.00463995 -0.60501945 -0.00610389  0.79617393] speed=0.0000 ang_speed=0.0025 ang_vel_vec=[-0.00203658  0.00067708 -0.00136712] |com_force|=0.4905N
### kotek_magnet[tick=20700] sensor2: d=0.0148m in_range=True f_mag=0.244N tau_mag=0.0001Nm misalign_deg=15.5 pos=[ 0.37001646 -0.05014247  0.36562145] bottom_world=[ 0.38928561 -0.05006037  0.36026486] quat=[ 0.00464196 -0.6050191  -0.00610533  0.796174  ] speed=0.0002 ang_speed=0.0074 ang_vel_vec=[-0.00716643  0.00122975 -0.00141545] |com_force|=0.4905N
### kotek_magnet[tick=20760] sensor2: d=0.0148m in_range=True f_mag=0.244N tau_mag=0.0001Nm misalign_deg=15.5 pos=[ 0.37001643 -0.05014249  0.36562145] bottom_world=[ 0.38928557 -0.05006039  0.36026485] quat=[ 0.0046418  -0.6050188  -0.00610512  0.7961742 ] speed=0.0002 ang_speed=0.0075 ang_vel_vec=[-0.00722721  0.00122863 -0.00141244] |com_force|=0.4905N
### kotek_magnet[tick=20820] sensor2: d=0.0148m in_range=True f_mag=0.244N tau_mag=0.0001Nm misalign_deg=15.5 pos=[ 0.37001637 -0.05014274  0.36562145] bottom_world=[ 0.38928552 -0.05006062  0.36026488] quat=[ 0.00463931 -0.6050194  -0.0061038   0.79617375] speed=0.0000 ang_speed=0.0018 ang_vel_vec=[-0.00124777  0.00036992 -0.00130246] |com_force|=0.4905N
