WARNING: All log messages before absl::InitializeLog() is called are written to STDERR
E0000 00:00:1789299892.884756   90882 descriptor_database.cc:633] File already exists in database: grpc/health/v1/health.proto
W0000 00:00:1789299892.884776   90882 message.cc:301] Protobuf GeneratedMessageFactory: File is already registered: grpc/health/v1/health.proto
2026-09-13T11:44:52Z [Info] [carb] Logging to file: /home/trs/env_isaaclab/lib/python3.12/site-packages/isaacsim/kit/logs/Kit/Isaac-Sim Python/6.0/kit_20260913_204452.log
[0.054s] [ext: omni.assets.plugins-0.0.0] startup
[0.055s] [ext: omni.blobkey-1.1.2] startup
[0.055s] [ext: omni.kit.async_engine-0.0.3] startup
[0.115s] [ext: omni.client.lib-1.1.1] startup
[0.122s] [ext: omni.client-1.3.0] startup
[0.125s] [ext: omni.protobuf.lib-1.0.0] startup
[0.125s] [ext: omni.grpc.lib-1.0.0] startup
[0.128s] [ext: omni.metrics.core-0.0.3] startup
[0.128s] [ext: omni.datastore-0.0.0] startup
[0.129s] [ext: omni.gpu_foundation.shadercache.vulkan-1.0.0] startup
[0.131s] [ext: omni.hsscclient-1.1.4] startup
[0.131s] [ext: omni.stats-1.0.1] startup
[0.132s] [ext: omni.ujitso.default-1.0.0] startup
[0.134s] [ext: omni.gpu_foundation-0.0.0] startup
[0.307s] [ext: carb.windowing.plugins-1.0.1] startup
[0.307s] [ext: omni.kit.renderer.init-1.0.1] startup

|---------------------------------------------------------------------------------------------|
| Driver Version: 595.84        | Graphics API: Vulkan
|=============================================================================================|
| GPU | Name                             | Active | LDA | GPU Memory | Vendor-ID | LUID       |
|     |                                  |        |     |            | Device-ID | UUID       |
|     |                                  |        |     |            | Bus-ID    |            |
|---------------------------------------------------------------------------------------------|
| 0   | NVIDIA RTX A6000                 | Yes: 0 |     | 49140   MB | 10de      | 0          |
|     |                                  |        |     |            | 2230      | 1d7cbbed.. |
|     |                                  |        |     |            | 1         |            |
|=============================================================================================|
| OS: 24.04.4 LTS (Noble Numbat) ubuntu, Version: 24.04.4, Kernel: 7.0.0-31-generic
| XServer Vendor: The X.Org Foundation, XServer Version: 12101011 (1.21.1.11)
| Processor: Intel(R) Core(TM) i9-14900KF
| Cores: 24 | Logical Cores: 32
|---------------------------------------------------------------------------------------------|
| Total Memory (MB): 64135 | Free Memory: 57740
| Total Page/Swap (MB): 8191 | Free Page/Swap: 8191
|---------------------------------------------------------------------------------------------|
2026-09-13T11:44:53Z [804ms] [Warning] [omni.rtx] CPU performance profile is set to powersave. This profile sets the CPU to the lowest frequency reducing performance.
2026-09-13T11:44:53Z [814ms] [Warning] [omni.rtx] IOMMU is enabled.
[0.920s] [ext: omni.kit.pipapi-0.0.0] startup
[0.921s] [ext: omni.kit.telemetry-0.5.2] startup
[0.943s] [ext: omni.kit.loop-isaac-1.6.0] startup
[0.944s] [ext: omni.kit.test-2.0.7] startup
[0.979s] [ext: omni.materialx.libs-1.0.9] startup
[0.983s] [ext: omni.gpucompute.plugins-0.0.0] startup
[0.984s] [ext: omni.usd.config-1.0.7] startup
[0.986s] [ext: omni.usd.libs-1.0.3] startup
[1.041s] [ext: omni.iray.libs-0.0.1] startup
[1.044s] [ext: omni.mdl-57.0.3] startup
[1.079s] [ext: omni.mdl.neuraylib-0.2.20] startup
[1.081s] [ext: omni.kit.usd.mdl-1.1.9] startup
[1.146s] [ext: omni.appwindow-1.2.2] startup
[1.148s] [ext: omni.kit.renderer.core-1.2.2] startup
[1.185s] [ext: omni.kit.renderer.capture-2.0.1] startup
[1.186s] [ext: omni.kit.renderer.imgui-2.0.6] startup
[1.228s] [ext: omni.ui-3.1.3] startup
[1.234s] [ext: omni.kit.mainwindow-1.0.3] startup
[1.234s] [ext: carb.audio-0.1.0] startup
[1.236s] [ext: omni.uiaudio-1.0.0] startup
[1.237s] [ext: omni.kit.uiapp-0.0.0] startup
[1.237s] [ext: omni.usd.schema.metrics.assembler-110.1.0] startup
[1.238s] [ext: omni.usd.schema.audio-0.0.1] startup
[1.240s] [ext: omni.usd_resolver-1.0.0] startup
[1.242s] [ext: omni.usd.core-1.8.3] startup
[1.244s] [ext: omni.metropolis.schema-0.0.3] startup
[1.245s] [ext: isaacsim.anim.robot.schema-0.1.1] startup
[1.245s] [ext: omni.usd.schema.anim-0.0.1] startup
[1.256s] [ext: omni.usd.schema.geospatial-0.0.1] startup
[1.258s] [ext: omni.usd.schema.omnigraph-1.0.1] startup
[1.261s] [ext: omni.usd.schema.semantics-0.0.0] startup
[1.262s] [ext: omni.activity.core-1.0.3] startup
[1.263s] [ext: omni.cubric-0.1.0] startup
[1.263s] [ext: omni.graph.exec-0.9.6] startup
[1.263s] [ext: omni.hydra.scene_delegate-0.3.5] startup
[1.266s] [ext: usdrt.scenegraph-7.6.3] startup
[1.282s] [ext: omni.hydra.usdrt_delegate-7.5.2] startup
[1.286s] [ext: omni.inspect-1.0.2] startup
[1.287s] [ext: omni.kit.actions.core-1.0.0] startup
[1.288s] [ext: omni.kit.audiodeviceenum-1.0.2] startup
[1.288s] [ext: omni.kit.commands-1.5.0] startup
[1.290s] [ext: omni.kit.exec.core-0.13.5] startup
[1.291s] [ext: omni.kit.usd_undo-0.1.8] startup
[1.291s] [ext: omni.kit.window.popup_dialog-2.0.25] startup
[1.293s] [ext: omni.kit.widget.nucleus_connector-2.3.1] startup
[1.295s] [ext: omni.timeline-1.1.0] startup
[1.296s] [ext: omni.usd-1.15.2] startup
[1.322s] [ext: omni.graph.core-3.1.2] startup
[1.324s] [ext: omni.kit.notification_manager-1.0.11] startup
[1.325s] [ext: isaacsim.core.deprecation_manager-0.4.2] startup
[1.325s] [ext: isaacsim.replicator.agent.schema-0.1.1] startup
[1.325s] [ext: isaacsim.robot.schema-6.3.6] startup
[1.329s] [ext: isaacsim.robot_motion.schema-0.2.0] startup
[1.329s] [ext: omni.anim.behavior.schema-110.1.0] startup
[1.331s] [ext: omni.anim.graph.schema-110.1.1] startup
[1.335s] [ext: omni.anim.navigation.schema-110.1.0] startup
[1.336s] [ext: omni.behavior.tree.schema-110.1.0] startup
[1.337s] [ext: omni.kit.asset_converter-5.1.4] startup
[1.344s] [ext: omni.usd.schema.flow-110.0.0] startup
[1.345s] [ext: omni.usd.schema.mujoco-1.1.0] startup
[1.345s] [ext: omni.usd.schema.newton-1.2.0] startup
[1.345s] [ext: omni.usd.schema.omni_lens_distortion-1.0.0] startup
[1.346s] [ext: omni.usd.schema.omni_projectors-1.0.0] startup
[1.346s] [ext: omni.usd.schema.omni_sensors-0.0.0] startup
[1.350s] [ext: omni.usd.schema.omniscripting-1.0.1] startup
[1.353s] [ext: omni.usd.schema.physical_lighting-0.1.0] startup
[1.354s] [ext: omni.usd.schema.physx-110.1.11] startup
[1.372s] [ext: omni.usd.schema.render_settings.rtx-1.0.2] startup
[1.375s] [ext: omni.usd.schema.usd_particle_field-1.0.0] startup
[1.375s] [ext: isaacsim.core.version-2.1.0] startup
[1.375s] [ext: omni.kit.menu.core-1.2.0] startup
[1.375s] [ext: omni.kit.menu.utils-2.2.3] startup
[1.380s] [ext: isaacsim.app.about-2.3.0] startup
[1.383s] [ext: isaacsim.asset.transformer-1.2.3] startup
[1.385s] [ext: omni.scene.optimizer.core-110.1.0] startup
[1.422s] [ext: isaacsim.asset.importer.utils-1.8.0] startup
[1.423s] [ext: omni.convexdecomposition-110.1.11] startup
[1.425s] [ext: omni.physics-110.1.11] startup
[1.427s] [ext: omni.physx.gpu-110.1.11] startup
[1.427s] [ext: omni.physx.foundation-110.1.11] startup
[1.428s] [ext: omni.usdphysics-110.1.11] startup
[1.429s] [ext: omni.physx.cooking-110.1.11] startup
[1.430s] [ext: omni.physx-110.1.11] startup
[1.436s] [ext: omni.physics.physx-110.1.11] startup
[1.438s] [ext: isaacsim.asset.exporter.urdf-2.0.3] startup
[1.443s] [ext: omni.kit.clipboard-1.1.1] startup
[1.443s] [ext: omni.kit.usd.layers-2.6.1] startup
[1.448s] [ext: omni.kit.widget.context_menu-1.4.0] startup
[1.448s] [ext: omni.kit.context_menu-1.9.0] startup
[1.449s] [ext: omni.kit.helper.file_utils-0.1.10] startup
[1.450s] [ext: omni.kit.widget.nucleus_info-2.0.2] startup
[1.450s] [ext: omni.kit.search_core-1.0.8] startup
[1.451s] [ext: omni.kit.widget.path_field-2.0.13] startup
[1.451s] [ext: omni.kit.widget.browser_bar-2.0.10] startup
[1.452s] [ext: omni.kit.widget.filebrowser-2.13.4] startup
[1.454s] [ext: omni.kit.widget.options_menu-1.1.6] startup
[1.456s] [ext: omni.kit.widget.options_button-1.0.3] startup
[1.456s] [ext: omni.kit.widget.search_delegate-1.0.9] startup
[1.457s] [ext: omni.ui.scene-2.0.1] startup
[1.459s] [ext: omni.kit.window.filepicker-2.15.5] startup
[1.467s] [ext: omni.kit.window.file_importer-1.1.21] startup
[1.468s] [ext: omni.kit.material.library-3.1.2] startup
[1.471s] [ext: isaacsim.asset.transformer.rules-1.7.8] startup
[1.477s] [ext: omni.usdex.libs-2.2.2] startup
[1.483s] [ext: isaacsim.asset.importer.mjcf-3.10.0] startup
[1.484s] [ext: isaacsim.asset.importer.urdf-3.11.0] startup
[1.487s] [ext: omni.kit.primitive.mesh-1.1.0] startup
[1.488s] [ext: omni.kit.stage_template.core-1.1.22] startup
[1.488s] [ext: omni.kit.stage_templates-2.0.2] startup
[1.489s] [ext: omni.usd.metrics.assembler-110.1.2] startup
[1.491s] [ext: omni.warp.core-1.13.0] startup
[1.605s] [ext: isaacsim.core.experimental.utils-0.17.1] startup
[1.606s] [ext: omni.physics.stageupdate-110.1.11] startup
[1.607s] [ext: omni.physics.tensors-110.1.11] startup
[1.609s] [ext: omni.physx.tensors-110.1.11] startup
[1.613s] [ext: isaacsim.core.simulation_manager-1.15.4] startup
2026-09-13T11:44:54Z [1,597ms] [Warning] [isaacsim.core.simulation_manager.plugin] USD stage is not available; stage-opened subscription is deferred
2026-09-13T11:44:54Z [1,597ms] [Warning] [isaacsim.core.simulation_manager.plugin] USD stage is not available; stage-opened subscription is deferred
[1.622s] [ext: isaacsim.storage.native-1.9.2] startup
[1.623s] [ext: omni.usd.metrics.assembler.physics-110.1.11] startup
[1.624s] [ext: isaacsim.core.utils-4.1.6] startup
[1.625s] [ext: isaacsim.core.prims-0.11.6] startup
[2.341s] [ext: isaacsim.core.api-5.2.12] startup
[2.346s] [ext: isaacsim.core.cloner-1.7.2] startup
[2.347s] [ext: isaacsim.test.docstring-1.3.1] startup
[2.349s] [ext: isaacsim.core.experimental.prims-1.8.8] startup
[2.364s] [ext: isaacsim.core.experimental.primdata-0.3.2] startup
[2.365s] [ext: omni.graph.tools-1.81.0] startup
[2.379s] [ext: omni.graph-1.142.5] startup
[2.403s] [ext: isaacsim.core.experimental.actuators-0.1.0] startup
[3.645s] [ext: isaacsim.core.experimental.materials-0.7.0] startup
[3.647s] [ext: isaacsim.core.experimental.objects-0.8.0] startup
[3.687s] [ext: omni.hydra.engine.stats-1.0.5] startup
[3.689s] [ext: omni.hydra.rtx.shadercache.vulkan-1.0.0] startup
[3.689s] [ext: omni.index.libs-387500.3473.0] startup
[3.689s] [ext: omni.index-1.0.1] startup
[3.690s] [ext: omni.ujitso.client-0.0.0] startup
[3.690s] [ext: omni.usd.schema.playback-1.0.0] startup
[3.692s] [ext: omni.volume-0.5.2] startup
[3.695s] [ext: omni.hydra.rtx-1.0.3] startup
2026-09-13T11:44:56Z [3,681ms] [Warning] [omni.log] Source: omni.hydra was already registered.
[3.718s] [ext: omni.kit.hydra_texture-1.6.0] startup
[3.720s] [ext: omni.kit.raycast.query-1.2.0] startup
[3.724s] [ext: omni.kit.viewport.legacy_gizmos-1.0.24] startup
[3.726s] [ext: omni.kit.viewport.registry-104.0.6] startup
[3.726s] [ext: omni.kit.viewport.scene_camera_model-1.0.7] startup
[3.729s] [ext: omni.kit.widget.viewport-109.2.0] startup
[3.732s] [ext: omni.kit.window.drop_support-1.0.8] startup
[3.732s] [ext: omni.kit.viewport.window-109.0.2] startup
[3.744s] [ext: omni.kit.viewport.utility-2.0.1] startup
[3.745s] [ext: isaacsim.core.rendering_manager-0.4.2] startup
[3.757s] [ext: omni.graph.action_core-1.1.9] startup
[3.759s] [ext: omni.graph.action_nodes_core-2.10.2] startup
[3.760s] [ext: omni.graph.action_nodes-2.10.3] startup
[3.779s] [ext: omni.graph.action-2.10.2] startup
[3.779s] [ext: omni.graph.image.core-0.6.1] startup
[3.780s] [ext: omni.graph.image.nodes-1.3.1] startup
[3.781s] [ext: omni.graph.nodes_core-2.10.3] startup
[3.784s] [ext: omni.graph.nodes-2.11.1] startup
[3.789s] [ext: omni.kit.hotkeys.core-1.3.12] startup
[3.789s] [ext: omni.kit.property.adapter.core-1.1.1] startup
[3.791s] [ext: omni.kit.property.adapter.usd-1.0.5] startup
[3.792s] [ext: omni.kit.widget.filter-1.1.5] startup
[3.792s] [ext: omni.kit.widget.highlight_label-1.0.3] startup
[3.793s] [ext: omni.kit.widget.searchfield-1.1.8] startup
[3.794s] [ext: omni.kit.window.file_exporter-1.0.36] startup
[3.795s] [ext: omni.kit.widget.stage-4.3.0] startup
[3.800s] [ext: omni.kit.window.content_browser_registry-0.0.6] startup
[3.801s] [ext: omni.kit.window.file-2.0.10] startup
[3.803s] [ext: omni.kit.window.content_browser-3.1.8] startup
[3.810s] [ext: omni.kit.window.property-1.15.1] startup
[3.818s] [ext: omni.kit.property.usd-4.8.1] startup
[3.824s] [ext: omni.graph.scriptnode-2.10.2] startup
[3.830s] [ext: omni.kit.widget.searchable_combobox-1.0.7] startup
[3.831s] [ext: omni.kit.widget.settings-2.0.0] startup
[3.832s] [ext: omni.kit.window.preferences-1.8.3] startup
[3.835s] [ext: omni.kit.viewport.menubar.core-107.2.2] startup
[3.843s] [ext: omni.syntheticdata-0.6.15] startup
[3.861s] [ext: omni.replicator.nv-1.1.1] startup
[3.865s] [ext: omni.videoencoding-0.2.1] startup
[3.866s] [ext: omni.replicator.core-1.13.25] startup
2026-09-13T11:44:56Z [3,849ms] [Warning] [pxr.Semantics] pxr.Semantics is deprecated - please use Semantics instead
2026-09-13T11:44:56Z [3,900ms] [Warning] [omni.replicator.core.scripts.extension] No material configuration file, adding configuration to material settings directly.
[4.023s] [ext: isaacsim.core.nodes-5.10.4] startup
[4.045s] [ext: isaacsim.core.throttling-2.3.3] startup
[4.046s] [ext: omni.kit.manipulator.viewport-107.0.1] startup
[4.047s] [ext: omni.graph.visualization.nodes-2.1.4] startup
[4.057s] [ext: omni.kit.window.extensions-1.5.7] startup
[4.061s] [ext: isaacsim.gui.components-1.8.4] startup
[4.064s] [ext: isaacsim.robot.surface_gripper-3.6.1] startup
[4.072s] [ext: isaacsim.robot.manipulators-3.4.4] startup
[4.079s] [ext: isaacsim.robot_motion.lula-4.1.2] startup
[4.084s] [ext: isaacsim.robot_motion.motion_generation-8.2.8] startup
[4.088s] [ext: isaacsim.cortex.framework-1.0.17] startup
[4.089s] [ext: isaacsim.cortex.behaviors-2.0.16] startup
[4.091s] [ext: isaacsim.examples.base-1.3.1] startup
[4.092s] [ext: omni.kit.widget.zoombar-1.0.7] startup
[4.093s] [ext: omni.kit.browser.core-2.3.18] startup
[4.095s] [ext: omni.kit.browser.folder.core-2.0.2] startup
[4.098s] [ext: omni.kit.widget.stage_icons-1.0.8] startup
[4.099s] [ext: omni.kit.window.stage-2.6.1] startup
[4.101s] [ext: omni.kit.menu.stage-1.2.7] startup
[4.102s] [ext: omni.kit.usd.collect-3.0.5] startup
[4.104s] [ext: omni.kit.widget.prompt-1.0.7] startup
[4.105s] [ext: omni.kit.tool.collect-2.2.19] startup
[4.106s] [ext: isaacsim.examples.browser-0.3.1] startup
[4.108s] [ext: omni.kit.search.files-1.0.4] startup
[4.109s] [ext: omni.kit.widget.calendar-1.0.9] startup
[4.110s] [ext: omni.kit.widget.extended_searchfield-1.0.31] startup
[4.115s] [ext: omni.simready.content.browser-0.3.7] startup
[4.177s] [ext: isaacsim.gui.content_browser-0.4.2] startup
[4.178s] [ext: omni.kit.selection-0.1.6] startup
[4.179s] [ext: isaacsim.gui.menu-2.10.5] startup
[4.185s] [ext: isaacsim.gui.property-1.6.2] startup
[4.190s] [ext: omni.kit.viewport.actions-107.0.2] startup
[4.192s] [ext: omni.kit.viewport.menubar.display-107.1.3] startup
[4.193s] [ext: isaacsim.gui.sensors.icon-2.2.0] startup
[4.195s] [ext: omni.behavior.scripting.core-110.1.0] startup
[4.197s] [ext: isaacsim.replicator.behavior-1.5.3] startup
[4.198s] [ext: isaacsim.replicator.experimental.domain_randomization-1.2.4] startup
[4.209s] [ext: isaacsim.replicator.domain_randomization-1.2.1] startup
[4.260s] [ext: isaacsim.replicator.writers-1.5.3] startup
[4.277s] [ext: isaacsim.robot.experimental.wheeled_robots-0.2.9] startup
[4.291s] [ext: isaacsim.robot.policy.examples-5.2.11] startup
[4.305s] [ext: isaacsim.robot.wheeled_robots-5.2.3] startup
[4.308s] [ext: isaacsim.robot.wheeled_robots.nodes-0.1.2] startup
[4.322s] [ext: isaacsim.robot_motion.experimental.motion_generation-6.1.2] startup
[4.329s] [ext: isaacsim.robot_motion.cumotion-1.3.0] startup
[4.338s] [ext: omni.kit.numpy.common-0.1.3] startup
[4.339s] [ext: isaacsim.sensors.camera-1.7.8] startup
[4.358s] [ext: isaacsim.sensors.experimental.physics-3.0.1] startup
[4.364s] [ext: omni.sensors.net-1.0.1] startup
[4.366s] [ext: omni.sensors.nv.common-3.0.0] startup
[4.374s] [ext: omni.sensors.nv.materials-2.0.0] startup
[4.376s] [ext: omni.sensors.nv.acoustic-3.0.0] startup
[4.378s] [ext: omni.sensors.nv.ids-2.0.1] startup
[4.380s] [ext: omni.sensors.nv.lidar-3.0.0] startup
[4.383s] [ext: omni.sensors.nv.radar-3.0.0] startup
[4.385s] [ext: isaacsim.sensors.experimental.rtx-1.4.3] startup
[4.554s] [ext: isaacsim.sensors.physics.nodes-1.5.2] startup
[4.559s] [ext: isaacsim.util.debug_draw-3.2.2] startup
[4.563s] [ext: isaacsim.sensors.physx-2.5.4] startup
[4.569s] [ext: isaacsim.sensors.rtx-15.17.0] startup
[4.577s] [ext: isaacsim.simulation_app-2.18.3] startup
[4.577s] [ext: omni.anim.curve.core-1.6.0] startup
[4.584s] [ext: omni.graph.ui_nodes-2.10.5] startup
[4.607s] [ext: omni.hydra.scene_api-0.1.3] startup
[4.612s] [ext: omni.kit.manipulator.camera-110.0.0] startup
[4.617s] [ext: omni.kit.manipulator.selector-1.1.4] startup
[4.618s] [ext: omni.kit.manipulator.transform-107.0.0] startup
[4.622s] [ext: omni.kit.widget.toolbar-2.1.0] startup
[4.626s] [ext: omni.kit.manipulator.tool.snap-1.5.14] startup
[4.629s] [ext: omni.kit.viewport.manipulator.transform-107.0.4] startup
[4.630s] [ext: omni.kit.manipulator.prim.core-108.0.2] startup
[4.634s] [ext: omni.kit.manipulator.prim.usd-107.0.3] startup
[4.635s] [ext: omni.kit.manipulator.prim-108.0.0] startup
[4.635s] [ext: omni.kit.manipulator.selection-109.0.1] startup
[4.636s] [ext: omni.kit.menu.create-2.0.2] startup
[4.637s] [ext: omni.kit.property.audio-1.0.16] startup
[4.639s] [ext: omni.kit.property.camera-1.0.14] startup
[4.640s] [ext: omni.kit.property.geometry-2.1.2] startup
[4.643s] [ext: omni.kit.property.light-1.0.14] startup
2026-09-13T11:44:57Z [4,637ms] [Warning] [omni.usd] Encountered USD Warnings but USD Diagnostics are currently muted. To view USD Warnings, please set the '/persistent/app/usd/muteUsdDiagnostics' setting to false in Preferences page.
[4.669s] [ext: omni.kit.property.material-1.14.2] startup
[4.673s] [ext: omni.kit.property.render-1.2.2] startup
[4.673s] [ext: omni.kit.property.transform-1.6.9] startup
[4.676s] [ext: omni.kit.property.bundle-1.5.1] startup
[4.677s] [ext: omni.kit.usdz_export-1.1.0] startup
[4.678s] [ext: omni.kit.tool.asset_importer-5.2.0] startup
[4.682s] [ext: omni.kit.ui.actions-1.0.5] startup
[4.683s] [ext: omni.kit.viewport.menubar.camera-107.0.10] startup
[4.686s] [ext: omni.kit.viewport.menubar.lighting-107.3.2] startup
[4.688s] [ext: omni.kit.viewport.menubar.render-107.0.10] startup
[4.690s] [ext: omni.kit.viewport.menubar.settings-110.0.1] startup
[4.692s] [ext: omni.kit.window.console-1.1.8] startup
[4.695s] [ext: omni.kit.window.status_bar-0.1.11] startup
[4.697s] [ext: omni.kit.window.toolbar-3.0.3] startup
[4.698s] [ext: omni.ocio-0.1.1] startup
[4.699s] [ext: omni.physx.commands-110.1.11] startup
[4.705s] [ext: omni.replicator.replicator_yaml-2.0.12] startup
[4.712s] [ext: omni.rtx.window.settings-0.8.0] startup
[4.715s] [ext: omni.rtx.settings.core-0.7.0] startup
[4.717s] [ext: omni.usd.metrics.assembler.ui-110.1.1] startup
[4.722s] [ext: semantics.schema.editor-2.0.2] startup
[4.723s] [ext: semantics.schema.property-2.0.1] startup
[4.724s] [ext: omni.kit.menu.common-2.0.2] startup
[4.725s] [ext: isaacsim.exp.base-6.0.0] startup
[4.725s] [ext: isaacsim.exp.base.python-6.0.0] startup
[4.726s] Simulation App Starting
[5.496s] Simulation App Startup Complete
[5.513s] app ready
Starting kit application with the following args:  ['/home/trs/env_isaaclab/lib/python3.12/site-packages/isaacsim/exts/isaacsim.simulation_app/isaacsim/simulation_app/simulation_app.py', '/home/trs/env_isaaclab/lib/python3.12/site-packages/isaacsim/apps/isaacsim.exp.base.python.kit', '--/app/tokens/exe-path=/home/trs/env_isaaclab/lib/python3.12/site-packages/isaacsim/kit', '--/persistent/app/viewport/displayOptions=3094', '--/rtx/materialDb/syncLoads=True', '--/rtx/hydra/materialSyncLoads=True', '--/omni.kit.plugin/syncUsdLoads=True', '--/app/renderer/resolution/width=1280', '--/app/renderer/resolution/height=720', '--/app/window/width=1440', '--/app/window/height=900', '--/renderer/multiGpu/enabled=True', '--/app/fastShutdown=True', '--/app/installSignalHandlers=0', '--ext-folder', '/home/trs/env_isaaclab/lib/python3.12/site-packages/isaacsim/exts', '--ext-folder', '/home/trs/env_isaaclab/lib/python3.12/site-packages/isaacsim/apps', '--/physics/cudaDevice=0', '--/plugins/carb.tasking.plugin/threadCount=32', '--/plugins/omni.tbb.globalcontrol/maxThreadCount=32', '--portable', '--no-window', '--/app/window/hideUi=1']
Passing the following args to the base kit application:  ['--duration', '1400']
Warp 1.13.0 initialized:
   CUDA Toolkit 12.9, Driver 13.2
   Devices:
     "cpu"      : "x86_64"
     "cuda:0"   : "NVIDIA RTX A6000" (47 GiB, sm_86, mempool enabled)
   Kernel cache:
     /home/trs/.cache/warp/1.13.0
### stage opened: /home/trs/kotek_ws/src/kotek_isaac_stage/usd/kotek_scout_piper_wall_demo.usd
[6.058s] [ext: isaacsim.sensors.rtx.nodes-0.1.0] startup
[6.065s] [ext: isaacsim.ros2.core-1.9.1] startup
[6.082s] Attempting to load system rclpy
[6.082s] Could not import system rclpy: No module named 'rclpy'
[6.082s] Attempting to load internal rclpy for ROS Distro: jazzy
[6.098s] rclpy loaded
[6.101s] [ext: isaacsim.ros2.nodes-1.18.11] startup
[6.136s] [ext: isaacsim.ros2.examples-1.2.3] startup
[6.142s] [ext: isaacsim.ros2.ui-1.6.4] startup
[6.301s] [ext: isaacsim.ros2.bridge-5.1.1] startup
2026-09-13T11:44:59Z [6,730ms] [Warning] [isaacsim.ros2.nodes] OgnROS2PublishTransformTree: using targetPrims for internal computation is deprecated. Connect OgnIsaacComputeTransformTree to inputs:parentFrames/childFrames/translations/orientations instead.
2026-09-13T11:44:59Z [6,730ms] [Error] [omni.physx.tensors.plugin] Failed to create simulation view: no active physics scene found
2026-09-13T11:44:59Z [6,730ms] [Error] [omni.graph.core.plugin] /World/kotek_wall_sensor_graph/ros2_publish_transform_tree: [/World/kotek_wall_sensor_graph] Failed to create simulation view - physics backend may not be initialized
### physics playing -- /clock and /isaac_joint_states are live; start the 45s warm-up now
### still playing, 1400s left
### kotek_magnet[tick=60] sensor1: d=0.4082m in_range=False f_mag=0.000N tau_mag=0.0000Nm misalign_deg=90.0 pos=[0.10880279 0.1090093  0.49140233] bottom_world=[0.10880296 0.10900929 0.47140233] quat=[ 9.2484176e-01 -2.0293912e-06 -3.8486596e-06  3.8035229e-01] speed=0.0006 ang_speed=0.0049 ang_vel_vec=[0.00448202 0.00189047 0.00039158] |com_force|=0.0000N
### kotek_magnet[tick=60] sensor2: d=0.3208m in_range=False f_mag=0.000N tau_mag=0.0000Nm misalign_deg=90.0 pos=[ 0.10902467 -0.10904666  0.49140108] bottom_world=[ 0.10902465 -0.10904649  0.47140108] quat=[ 9.2300087e-01  3.7843577e-06  2.1311657e-06 -3.8479796e-01] speed=0.0004 ang_speed=0.0023 ang_vel_vec=[-0.0016911  -0.00122399 -0.00091027] |com_force|=0.0000N
### kotek_magnet[tick=60] sensor3: d=0.5470m in_range=False f_mag=0.000N tau_mag=0.0000Nm misalign_deg=90.0 pos=[-0.10910747 -0.10914613  0.49140114] bottom_world=[-0.10910741 -0.10914599  0.47140114] quat=[-3.8058406e-01 -2.6324492e-06 -2.6273779e-06  9.2474633e-01] speed=0.0005 ang_speed=0.0023 ang_vel_vec=[-0.00091867  0.00195101 -0.0009245 ] |com_force|=0.0000N
### kotek_magnet[tick=60] sensor4: d=0.5249m in_range=False f_mag=0.000N tau_mag=0.0000Nm misalign_deg=90.0 pos=[-0.10900018  0.10899954  0.49140233] bottom_world=[-0.10900028  0.10899957  0.47140233] quat=[3.8268229e-01 2.6469561e-06 2.1679557e-07 9.2388010e-01] speed=0.0004 ang_speed=0.0034 ang_vel_vec=[ 0.00290578 -0.00177686 -0.00043088] |com_force|=0.0000N
### kotek_magnet[tick=120] sensor1: d=0.4082m in_range=False f_mag=0.000N tau_mag=0.0000Nm misalign_deg=90.0 pos=[0.10880256 0.10900908 0.4914024 ] bottom_world=[0.10880275 0.1090091  0.47140239] quat=[ 9.2484188e-01 -1.3549216e-06 -4.7550493e-06  3.8035187e-01] speed=0.0010 ang_speed=0.0024 ang_vel_vec=[-0.00194262  0.00011888  0.00137404] |com_force|=0.0000N
### kotek_magnet[tick=120] sensor2: d=0.3208m in_range=False f_mag=0.000N tau_mag=0.0000Nm misalign_deg=90.0 pos=[ 0.10902449 -0.10904672  0.491401  ] bottom_world=[ 0.1090246  -0.10904652  0.47140099] quat=[ 9.2300093e-01  5.6364875e-06 -5.2745366e-07 -3.8479799e-01] speed=0.0004 ang_speed=0.0030 ang_vel_vec=[-0.00239843  0.00185671 -0.00030084] |com_force|=0.0000N
### kotek_magnet[tick=120] sensor3: d=0.5470m in_range=False f_mag=0.000N tau_mag=0.0000Nm misalign_deg=90.0 pos=[-0.1091075  -0.10914591  0.49140096] bottom_world=[-0.10910742 -0.1091459   0.47140096] quat=[-3.8058385e-01 -2.0400319e-06  4.8969514e-07  9.2474645e-01] speed=0.0004 ang_speed=0.0029 ang_vel_vec=[ 0.00175139  0.00229395 -0.00030659] |com_force|=0.0000N
### kotek_magnet[tick=120] sensor4: d=0.5249m in_range=False f_mag=0.000N tau_mag=0.0000Nm misalign_deg=90.0 pos=[-0.10900009  0.10900014  0.49140233] bottom_world=[-0.10900031  0.109       0.47140233] quat=[3.8268185e-01 3.7584534e-06 5.3168492e-06 9.2388022e-01] speed=0.0010 ang_speed=0.0025 ang_vel_vec=[ 0.00156604 -0.00169831 -0.00084199] |com_force|=0.0000N
2026-09-13T11:44:59Z [6,848ms] [Warning] [omni.physx.plugin] Detected a rigid at /World/scout_mini/Geometry/base_link/sensor_cam_1 with more than 4 velocity iterations being added to a TGS scene.The related behavior changed recently, please consult the changelog. This warning will only print once.
2026-09-13T11:44:59Z [6,848ms] [Warning] [omni.physx.plugin] PhysicsUSD: CreateJoint - found a joint with disjointed body transforms, the simulation will most likely snap objects together: /World/_scout_parking_brake
2026-09-13T11:44:59Z [6,849ms] [Warning] [omni.physx.plugin] Detected an articulation at /World/piper/Geometry/base_link with more than 4 velocity iterations being added to a TGS scene.The related behavior changed recently, please consult the changelog. This warning will only print once.
2026-09-13T11:44:59Z [6,883ms] [Warning] [isaacsim.ros2.nodes] [ROS2 Publish Joint State] Reading from targetPrim is deprecated. Connect an Isaac Read Joint State node and use its outputs instead.
2026-09-13T11:44:59Z [6,920ms] [Warning] [carb] Client omni.hydratexture.plugin has acquired [carb::settings::ISettings v1.1] 100 times. Consider accessing this interface with carb::getCachedInterface() (Performance warning)
2026-09-13T11:45:00Z [7,547ms] [Warning] [omni.rtx] DLSS increasing input dimensions: Render resolution of (320, 240) is below minimal input resolution of 300.
2026-09-13T11:45:00Z [7,867ms] [Warning] [omni.timeline.plugin] Deprecated: direct use of ITimeline callbacks is deprecated. Use ITimeline::getTimeline (Python: omni.timeline.get_timeline_interface) instead.
### kotek_magnet[tick=180] sensor1: d=0.4082m in_range=False f_mag=0.000N tau_mag=0.0000Nm misalign_deg=90.0 pos=[0.10880381 0.10900926 0.49140236] bottom_world=[0.10880372 0.10900939 0.47140236] quat=[9.2484158e-01 3.9447241e-06 8.9494779e-07 3.8035277e-01] speed=0.0006 ang_speed=0.0027 ang_vel_vec=[-0.00011122 -0.00245961 -0.00102552] |com_force|=0.0000N
### kotek_magnet[tick=180] sensor2: d=0.3208m in_range=False f_mag=0.000N tau_mag=0.0000Nm misalign_deg=90.0 pos=[ 0.10902469 -0.1090467   0.49140102] bottom_world=[ 0.10902467 -0.10904652  0.47140102] quat=[ 9.2300087e-01  3.9918477e-06  2.0770669e-06 -3.8479799e-01] speed=0.0005 ang_speed=0.0027 ang_vel_vec=[-0.00219353 -0.00125844 -0.00084593] |com_force|=0.0000N
### kotek_magnet[tick=180] sensor3: d=0.5470m in_range=False f_mag=0.000N tau_mag=0.0000Nm misalign_deg=90.0 pos=[-0.1091075  -0.10914611  0.49140102] bottom_world=[-0.10910744 -0.10914598  0.47140102] quat=[-3.8058406e-01 -2.7526983e-06 -2.4222672e-06  9.2474639e-01] speed=0.0005 ang_speed=0.0026 ang_vel_vec=[-0.00103446  0.0022488  -0.00083914] |com_force|=0.0000N
### kotek_magnet[tick=180] sensor4: d=0.5249m in_range=False f_mag=0.000N tau_mag=0.0000Nm misalign_deg=90.0 pos=[-0.10900026  0.10899845  0.49140233] bottom_world=[-0.10900016  0.10899876  0.47140233] quat=[ 3.8268286e-01  6.3634468e-07 -8.1468079e-06  9.2387980e-01] speed=0.0009 ang_speed=0.0019 ang_vel_vec=[-0.00030473 -0.00146022  0.00121709] |com_force|=0.0000N
### kotek_magnet[tick=240] sensor1: d=0.4082m in_range=False f_mag=0.000N tau_mag=0.0000Nm misalign_deg=90.0 pos=[0.10880429 0.10900896 0.4914024 ] bottom_world=[0.10880402 0.10900932 0.47140239] quat=[9.2484152e-01 1.0799759e-05 2.8339573e-06 3.8035288e-01] speed=0.0010 ang_speed=0.0025 ang_vel_vec=[-0.00165541 -0.00168924 -0.00074784] |com_force|=0.0000N
### kotek_magnet[tick=240] sensor2: d=0.3208m in_range=False f_mag=0.000N tau_mag=0.0000Nm misalign_deg=90.0 pos=[ 0.10902468 -0.10904647  0.49140093] bottom_world=[ 0.10902464 -0.10904637  0.47140093] quat=[ 9.2300087e-01  1.7970312e-06  1.9131264e-06 -3.8479814e-01] speed=0.0001 ang_speed=0.0016 ang_vel_vec=[ 0.00095513 -0.00124878 -0.00024862] |com_force|=0.0000N
### kotek_magnet[tick=240] sensor3: d=0.5470m in_range=False f_mag=0.000N tau_mag=0.0000Nm misalign_deg=90.0 pos=[-0.10910726 -0.10914613  0.49140093] bottom_world=[-0.10910728 -0.10914597  0.47140093] quat=[-3.8058388e-01 -9.9328167e-07 -4.0001228e-06  9.2474651e-01] speed=0.0001 ang_speed=0.0011 ang_vel_vec=[-0.00091932 -0.0005959  -0.00025951] |com_force|=0.0000N
### kotek_magnet[tick=240] sensor4: d=0.5249m in_range=False f_mag=0.000N tau_mag=0.0000Nm misalign_deg=90.0 pos=[-0.10900023  0.10899844  0.49140236] bottom_world=[-0.10900012  0.10899876  0.47140236] quat=[ 3.8268289e-01  5.1690364e-07 -8.3064660e-06  9.2387974e-01] speed=0.0009 ang_speed=0.0017 ang_vel_vec=[-0.00055898 -0.00070829  0.00144617] |com_force|=0.0000N
### kotek_magnet[tick=300] sensor1: d=0.4082m in_range=False f_mag=0.000N tau_mag=0.0000Nm misalign_deg=90.0 pos=[0.10880426 0.10900898 0.49140233] bottom_world=[0.10880399 0.10900934 0.47140233] quat=[9.2484152e-01 1.0770785e-05 2.7855392e-06 3.8035297e-01] speed=0.0010 ang_speed=0.0028 ang_vel_vec=[-0.00193009 -0.00176193 -0.00091368] |com_force|=0.0000N
### kotek_magnet[tick=300] sensor2: d=0.3208m in_range=False f_mag=0.000N tau_mag=0.0000Nm misalign_deg=90.0 pos=[ 0.10902468 -0.10904644  0.49140093] bottom_world=[ 0.10902464 -0.10904634  0.47140093] quat=[ 9.2300087e-01  1.9344550e-06  1.8984608e-06 -3.8479814e-01] speed=0.0001 ang_speed=0.0013 ang_vel_vec=[ 0.00024136 -0.00123502 -0.0004283 ] |com_force|=0.0000N
### kotek_magnet[tick=300] sensor3: d=0.5470m in_range=False f_mag=0.000N tau_mag=0.0000Nm misalign_deg=90.0 pos=[-0.10910637 -0.10914617  0.49140102] bottom_world=[-0.10910657 -0.10914587  0.47140102] quat=[-3.8058332e-01  1.8432601e-06 -8.9516952e-06  9.2474663e-01] speed=0.0009 ang_speed=0.0024 ang_vel_vec=[-0.00220514  0.00071893  0.00069393] |com_force|=0.0000N
### kotek_magnet[tick=300] sensor4: d=0.5249m in_range=False f_mag=0.000N tau_mag=0.0000Nm misalign_deg=90.0 pos=[-0.10900041  0.10899869  0.49140236] bottom_world=[-0.10900027  0.10899898  0.47140236] quat=[ 3.8268244e-01 -4.6692509e-07 -8.0770133e-06  9.2387992e-01] speed=0.0006 ang_speed=0.0043 ang_vel_vec=[-0.00159533  0.00392525  0.00040771] |com_force|=0.0000N
### kotek_magnet[tick=360] sensor1: d=0.4082m in_range=False f_mag=0.000N tau_mag=0.0000Nm misalign_deg=90.0 pos=[0.10880427 0.10900897 0.49140233] bottom_world=[0.108804   0.10900933 0.47140233] quat=[9.2484146e-01 1.0857890e-05 2.7857548e-06 3.8035291e-01] speed=0.0010 ang_speed=0.0029 ang_vel_vec=[-0.00208816 -0.00180887 -0.00084198] |com_force|=0.0000N
### kotek_magnet[tick=360] sensor2: d=0.3208m in_range=False f_mag=0.000N tau_mag=0.0000Nm misalign_deg=90.0 pos=[ 0.10902447 -0.10904639  0.49140105] bottom_world=[ 0.10902454 -0.10904624  0.47140105] quat=[ 9.2300063e-01  4.2297288e-06  2.8837231e-08 -3.8479841e-01] speed=0.0002 ang_speed=0.0031 ang_vel_vec=[-0.00166416  0.00257849  0.00026908] |com_force|=0.0000N
### kotek_magnet[tick=360] sensor3: d=0.5470m in_range=False f_mag=0.000N tau_mag=0.0000Nm misalign_deg=90.0 pos=[-0.10910746 -0.10914612  0.4914011 ] bottom_world=[-0.1091074  -0.10914599  0.47140111] quat=[-3.8058397e-01 -2.7412830e-06 -2.4000201e-06  9.2474633e-01] speed=0.0005 ang_speed=0.0025 ang_vel_vec=[-0.00099188  0.00218538 -0.0006827 ] |com_force|=0.0000N
### kotek_magnet[tick=360] sensor4: d=0.5249m in_range=False f_mag=0.000N tau_mag=0.0000Nm misalign_deg=90.0 pos=[-0.10900024  0.10899843  0.49140236] bottom_world=[-0.10900015  0.10899873  0.47140236] quat=[ 3.8268289e-01  7.4490174e-07 -8.0223654e-06  9.2387980e-01] speed=0.0009 ang_speed=0.0024 ang_vel_vec=[-0.00010234 -0.00192245  0.00135485] |com_force|=0.0000N
### kotek_magnet[tick=420] sensor1: d=0.4082m in_range=False f_mag=0.000N tau_mag=0.0000Nm misalign_deg=90.0 pos=[0.10880379 0.10900929 0.4914024 ] bottom_world=[0.1088037  0.1090094  0.47140239] quat=[9.2484164e-01 3.4742070e-06 1.0488067e-06 3.8035265e-01] speed=0.0006 ang_speed=0.0027 ang_vel_vec=[ 0.00157288 -0.00195551 -0.00090649] |com_force|=0.0000N
### kotek_magnet[tick=420] sensor2: d=0.3208m in_range=False f_mag=0.000N tau_mag=0.0000Nm misalign_deg=90.0 pos=[ 0.10902446 -0.10904564  0.49140105] bottom_world=[ 0.10902436 -0.10904573  0.47140105] quat=[ 9.2300034e-01 -3.0889732e-06  1.4352929e-06 -3.8479903e-01] speed=0.0010 ang_speed=0.0023 ang_vel_vec=[0.0006334  0.0017126  0.00140486] |com_force|=0.0000N
### kotek_magnet[tick=420] sensor3: d=0.5470m in_range=False f_mag=0.000N tau_mag=0.0000Nm misalign_deg=90.0 pos=[-0.10910639 -0.1091461   0.4914011 ] bottom_world=[-0.1091066  -0.10914579  0.47140111] quat=[-3.8058311e-01  2.0093357e-06 -9.0609446e-06  9.2474681e-01] speed=0.0009 ang_speed=0.0023 ang_vel_vec=[-0.0020992   0.00060522  0.0007379 ] |com_force|=0.0000N
### kotek_magnet[tick=420] sensor4: d=0.5249m in_range=False f_mag=0.000N tau_mag=0.0000Nm misalign_deg=90.0 pos=[-0.10900022  0.10899851  0.49140233] bottom_world=[-0.10900011  0.10899882  0.47140233] quat=[ 3.8268310e-01  3.4596013e-07 -8.2354500e-06  9.2387974e-01] speed=0.0009 ang_speed=0.0015 ang_vel_vec=[-0.00065828 -0.00037708  0.00131265] |com_force|=0.0000N
### kotek_magnet[tick=480] sensor1: d=0.4082m in_range=False f_mag=0.000N tau_mag=0.0000Nm misalign_deg=90.0 pos=[0.1088042  0.10900889 0.49140236] bottom_world=[0.10880394 0.10900925 0.47140236] quat=[9.2484152e-01 1.0685934e-05 2.6167252e-06 3.8035256e-01] speed=0.0009 ang_speed=0.0040 ang_vel_vec=[-0.00255356 -0.00299469 -0.0004536 ] |com_force|=0.0000N
### kotek_magnet[tick=480] sensor2: d=0.3208m in_range=False f_mag=0.000N tau_mag=0.0000Nm misalign_deg=90.0 pos=[ 0.10902465 -0.10904644  0.49140108] bottom_world=[ 0.1090246  -0.10904635  0.47140108] quat=[ 9.2300069e-01  1.5867282e-06  1.9521228e-06 -3.8479844e-01] speed=0.0001 ang_speed=0.0014 ang_vel_vec=[ 0.00048992 -0.00126014 -0.00026601] |com_force|=0.0000N
### kotek_magnet[tick=480] sensor3: d=0.5470m in_range=False f_mag=0.000N tau_mag=0.0000Nm misalign_deg=90.0 pos=[-0.10910814 -0.10914575  0.4914011 ] bottom_world=[-0.10910788 -0.10914587  0.47140111] quat=[-3.8058403e-01 -4.9439500e-06  5.1597453e-06  9.2474639e-01] speed=0.0010 ang_speed=0.0024 ang_vel_vec=[ 0.00181707  0.00146246 -0.00068988] |com_force|=0.0000N
### kotek_magnet[tick=480] sensor4: d=0.5249m in_range=False f_mag=0.000N tau_mag=0.0000Nm misalign_deg=90.0 pos=[-0.10900022  0.1089985   0.49140227] bottom_world=[-0.10900011  0.10899881  0.47140227] quat=[ 3.8268292e-01  4.6447002e-07 -8.1360085e-06  9.2387974e-01] speed=0.0009 ang_speed=0.0018 ang_vel_vec=[-0.00045878 -0.00100199  0.00143543] |com_force|=0.0000N
### kotek_magnet[tick=540] sensor1: d=0.4082m in_range=False f_mag=0.000N tau_mag=0.0000Nm misalign_deg=90.0 pos=[0.10880381 0.10900925 0.49140233] bottom_world=[0.10880372 0.10900937 0.47140233] quat=[9.2484158e-01 3.4988334e-06 8.6579485e-07 3.8035253e-01] speed=0.0006 ang_speed=0.0026 ang_vel_vec=[ 0.00064248 -0.00235584 -0.00099893] |com_force|=0.0000N
### kotek_magnet[tick=540] sensor2: d=0.3208m in_range=False f_mag=0.000N tau_mag=0.0000Nm misalign_deg=90.0 pos=[ 0.10902449 -0.10904562  0.49140117] bottom_world=[ 0.10902437 -0.10904572  0.47140117] quat=[ 9.2300045e-01 -3.7226598e-06  1.9465670e-06 -3.8479903e-01] speed=0.0010 ang_speed=0.0019 ang_vel_vec=[0.00132025 0.00019434 0.00136529] |com_force|=0.0000N
### kotek_magnet[tick=540] sensor3: d=0.5470m in_range=False f_mag=0.000N tau_mag=0.0000Nm misalign_deg=90.0 pos=[-0.10910752 -0.10914607  0.49140105] bottom_world=[-0.10910746 -0.10914593  0.47140105] quat=[-3.8058367e-01 -2.5067852e-06 -2.6643768e-06  9.2474645e-01] speed=0.0005 ang_speed=0.0024 ang_vel_vec=[-0.00114039  0.00196321 -0.00077522] |com_force|=0.0000N
### kotek_magnet[tick=540] sensor4: d=0.5249m in_range=False f_mag=0.000N tau_mag=0.0000Nm misalign_deg=90.0 pos=[-0.10900021  0.1089985   0.49140236] bottom_world=[-0.1090001   0.10899881  0.47140236] quat=[ 3.8268307e-01  4.6260226e-07 -8.2506667e-06  9.2387974e-01] speed=0.0009 ang_speed=0.0017 ang_vel_vec=[-0.00054565 -0.00096708  0.00123748] |com_force|=0.0000N
### kotek_magnet[tick=600] sensor1: d=0.4082m in_range=False f_mag=0.000N tau_mag=0.0000Nm misalign_deg=90.0 pos=[0.10880428 0.10900895 0.49140245] bottom_world=[0.10880401 0.10900929 0.47140245] quat=[9.2484158e-01 1.0519730e-05 2.8822542e-06 3.8035282e-01] speed=0.0009 ang_speed=0.0030 ang_vel_vec=[-0.00186451 -0.00202104 -0.00116317] |com_force|=0.0000N
### kotek_magnet[tick=600] sensor2: d=0.3208m in_range=False f_mag=0.000N tau_mag=0.0000Nm misalign_deg=90.0 pos=[ 0.10902467 -0.10904671  0.4914011 ] bottom_world=[ 0.10902465 -0.10904654  0.47140111] quat=[ 9.2300081e-01  3.7055004e-06  1.9705303e-06 -3.8479808e-01] speed=0.0004 ang_speed=0.0022 ang_vel_vec=[-0.00173239 -0.00097629 -0.00103553] |com_force|=0.0000N
### kotek_magnet[tick=600] sensor3: d=0.5470m in_range=False f_mag=0.000N tau_mag=0.0000Nm misalign_deg=90.0 pos=[-0.10910725 -0.1091461   0.49140108] bottom_world=[-0.10910727 -0.10914594  0.47140108] quat=[-3.8058373e-01 -1.0052979e-06 -3.8250569e-06  9.2474645e-01] speed=0.0001 ang_speed=0.0007 ang_vel_vec=[-3.6945869e-04 -4.5260109e-05 -6.4526114e-04] |com_force|=0.0000N
### kotek_magnet[tick=600] sensor4: d=0.5249m in_range=False f_mag=0.000N tau_mag=0.0000Nm misalign_deg=90.0 pos=[-0.10900036  0.10899872  0.49140248] bottom_world=[-0.10900022  0.10899901  0.47140248] quat=[ 3.8268268e-01 -5.6288837e-07 -8.0655718e-06  9.2387986e-01] speed=0.0006 ang_speed=0.0047 ang_vel_vec=[-0.00155402  0.00439315  0.00016654] |com_force|=0.0000N
### kotek_magnet[tick=660] sensor1: d=0.4082m in_range=False f_mag=0.000N tau_mag=0.0000Nm misalign_deg=90.0 pos=[0.10880383 0.10900924 0.49140233] bottom_world=[0.10880373 0.10900937 0.47140233] quat=[9.2484164e-01 3.7527600e-06 1.0858295e-06 3.8035265e-01] speed=0.0006 ang_speed=0.0022 ang_vel_vec=[ 0.00099967 -0.00194049 -0.00042223] |com_force|=0.0000N
### kotek_magnet[tick=660] sensor2: d=0.3208m in_range=False f_mag=0.000N tau_mag=0.0000Nm misalign_deg=90.0 pos=[ 0.1090243  -0.10904739  0.4914011 ] bottom_world=[ 0.10902455 -0.10904701  0.47140111] quat=[ 9.2300093e-01  1.1183862e-05 -1.9577894e-06 -3.8479799e-01] speed=0.0010 ang_speed=0.0027 ang_vel_vec=[-0.00170901  0.00211169 -0.00035773] |com_force|=0.0000N
### kotek_magnet[tick=660] sensor3: d=0.5470m in_range=False f_mag=0.000N tau_mag=0.0000Nm misalign_deg=90.0 pos=[-0.10910647 -0.10914586  0.4914012 ] bottom_world=[-0.10910665 -0.10914567  0.4714012 ] quat=[-3.8058290e-01  2.3924454e-06 -6.2419194e-06  9.2474681e-01] speed=0.0009 ang_speed=0.0033 ang_vel_vec=[0.00268405 0.0001732  0.00191518] |com_force|=0.0000N
### kotek_magnet[tick=660] sensor4: d=0.5249m in_range=False f_mag=0.000N tau_mag=0.0000Nm misalign_deg=90.0 pos=[-0.1090002   0.10899852  0.49140236] bottom_world=[-0.10900008  0.10899884  0.47140236] quat=[ 3.8268310e-01  3.6210275e-07 -8.3301411e-06  9.2387968e-01] speed=0.0009 ang_speed=0.0020 ang_vel_vec=[-0.0007829  -0.0004046   0.00181257] |com_force|=0.0000N
### kotek_magnet[tick=720] sensor1: d=0.4082m in_range=False f_mag=0.000N tau_mag=0.0000Nm misalign_deg=90.0 pos=[0.1088043  0.10900896 0.4914023 ] bottom_world=[0.10880403 0.10900931 0.4714023 ] quat=[9.2484146e-01 1.0661262e-05 2.9574394e-06 3.8035282e-01] speed=0.0010 ang_speed=0.0028 ang_vel_vec=[-0.0019182  -0.00178616 -0.00090474] |com_force|=0.0000N
### kotek_magnet[tick=720] sensor2: d=0.3208m in_range=False f_mag=0.000N tau_mag=0.0000Nm misalign_deg=90.0 pos=[ 0.10902467 -0.1090467   0.4914012 ] bottom_world=[ 0.10902465 -0.10904653  0.4714012 ] quat=[ 9.2300081e-01  3.6276156e-06  2.0369205e-06 -3.8479805e-01] speed=0.0005 ang_speed=0.0026 ang_vel_vec=[-0.00202799 -0.00144368 -0.00080333] |com_force|=0.0000N
### kotek_magnet[tick=720] sensor3: d=0.5470m in_range=False f_mag=0.000N tau_mag=0.0000Nm misalign_deg=90.0 pos=[-0.10910725 -0.10914608  0.4914011 ] bottom_world=[-0.10910727 -0.10914592  0.47140111] quat=[-3.8058367e-01 -9.5518635e-07 -3.9861552e-06  9.2474651e-01] speed=0.0002 ang_speed=0.0018 ang_vel_vec=[-0.00158053 -0.00069644 -0.00042592] |com_force|=0.0000N
### kotek_magnet[tick=720] sensor4: d=0.5249m in_range=False f_mag=0.000N tau_mag=0.0000Nm misalign_deg=90.0 pos=[-0.10900038  0.10899872  0.49140236] bottom_world=[-0.10900023  0.10899901  0.47140236] quat=[ 3.8268268e-01 -6.0522359e-07 -8.1062371e-06  9.2387986e-01] speed=0.0006 ang_speed=0.0044 ang_vel_vec=[-0.00164903  0.00408285  0.00042736] |com_force|=0.0000N
### kotek_magnet[tick=780] sensor1: d=0.4082m in_range=False f_mag=0.000N tau_mag=0.0000Nm misalign_deg=90.0 pos=[0.10880431 0.10900897 0.49140236] bottom_world=[0.10880404 0.10900931 0.47140236] quat=[9.2484152e-01 1.0546161e-05 2.8979728e-06 3.8035280e-01] speed=0.0010 ang_speed=0.0027 ang_vel_vec=[-0.00183909 -0.00175197 -0.00080697] |com_force|=0.0000N
### kotek_magnet[tick=780] sensor2: d=0.3208m in_range=False f_mag=0.000N tau_mag=0.0000Nm misalign_deg=90.0 pos=[ 0.10902467 -0.10904587  0.49140114] bottom_world=[ 0.10902453 -0.10904593  0.47140114] quat=[ 9.2300063e-01 -2.8286256e-06  2.6340549e-06 -3.8479853e-01] speed=0.0006 ang_speed=0.0046 ang_vel_vec=[ 0.00199171 -0.00414799  0.0005712 ] |com_force|=0.0000N
### kotek_magnet[tick=780] sensor3: d=0.5470m in_range=False f_mag=0.000N tau_mag=0.0000Nm misalign_deg=90.0 pos=[-0.1091073  -0.10914578  0.49140102] bottom_world=[-0.10910727 -0.10914575  0.47140102] quat=[-3.8058341e-01 -9.3573084e-07 -5.5429052e-07  9.2474657e-01] speed=0.0003 ang_speed=0.0058 ang_vel_vec=[0.00509305 0.00278459 0.00044373] |com_force|=0.0000N
### kotek_magnet[tick=780] sensor4: d=0.5249m in_range=False f_mag=0.000N tau_mag=0.0000Nm misalign_deg=90.0 pos=[-0.10900021  0.10899848  0.49140227] bottom_world=[-0.10900011  0.10899879  0.47140227] quat=[ 3.8268307e-01  4.6840839e-07 -8.1949274e-06  9.2387968e-01] speed=0.0009 ang_speed=0.0018 ang_vel_vec=[-0.000528   -0.00096171  0.00138839] |com_force|=0.0000N
### kotek_magnet[tick=840] sensor1: d=0.4082m in_range=False f_mag=0.000N tau_mag=0.0000Nm misalign_deg=90.0 pos=[0.10880432 0.10900895 0.4914024 ] bottom_world=[0.10880405 0.10900929 0.47140239] quat=[9.2484146e-01 1.0503974e-05 2.9059438e-06 3.8035274e-01] speed=0.0010 ang_speed=0.0029 ang_vel_vec=[-0.00196022 -0.00181271 -0.00101941] |com_force|=0.0000N
### kotek_magnet[tick=840] sensor2: d=0.3208m in_range=False f_mag=0.000N tau_mag=0.0000Nm misalign_deg=90.0 pos=[ 0.10902472 -0.10904559  0.49140108] bottom_world=[ 0.10902452 -0.1090457   0.47140108] quat=[ 9.2300063e-01 -4.3452696e-06  3.5229934e-06 -3.8479871e-01] speed=0.0009 ang_speed=0.0029 ang_vel_vec=[-0.0003497  -0.00277157  0.00057089] |com_force|=0.0000N
### kotek_magnet[tick=840] sensor3: d=0.5470m in_range=False f_mag=0.000N tau_mag=0.0000Nm misalign_deg=90.0 pos=[-0.10910649 -0.10914589  0.49140108] bottom_world=[-0.10910667 -0.1091457   0.47140108] quat=[-3.8058314e-01  2.3816183e-06 -6.2233280e-06  9.2474681e-01] speed=0.0009 ang_speed=0.0029 ang_vel_vec=[0.00258194 0.00033197 0.00132739] |com_force|=0.0000N
### kotek_magnet[tick=840] sensor4: d=0.5249m in_range=False f_mag=0.000N tau_mag=0.0000Nm misalign_deg=90.0 pos=[-0.10900021  0.10899846  0.49140236] bottom_world=[-0.1090001   0.10899877  0.47140236] quat=[ 3.8268307e-01  5.0526029e-07 -8.1483595e-06  9.2387980e-01] speed=0.0009 ang_speed=0.0016 ang_vel_vec=[-0.00052289 -0.00102997  0.00116873] |com_force|=0.0000N
### kotek_magnet[tick=900] sensor1: d=0.4082m in_range=False f_mag=0.000N tau_mag=0.0000Nm misalign_deg=90.0 pos=[0.10880288 0.10900892 0.4914023 ] bottom_world=[0.10880294 0.1090091  0.4714023 ] quat=[ 9.2484188e-01  3.6962549e-06 -2.9843648e-06  3.8035193e-01] speed=0.0007 ang_speed=0.0049 ang_vel_vec=[-0.00414831 -0.00243009  0.00109898] |com_force|=0.0000N
### kotek_magnet[tick=900] sensor2: d=0.3208m in_range=False f_mag=0.000N tau_mag=0.0000Nm misalign_deg=90.0 pos=[ 0.10902447 -0.10904569  0.49140117] bottom_world=[ 0.10902437 -0.10904579  0.47140117] quat=[ 9.2300051e-01 -3.1970421e-06  1.5276103e-06 -3.8479897e-01] speed=0.0010 ang_speed=0.0024 ang_vel_vec=[0.00065665 0.00172114 0.00152571] |com_force|=0.0000N
### kotek_magnet[tick=900] sensor3: d=0.5470m in_range=False f_mag=0.000N tau_mag=0.0000Nm misalign_deg=90.0 pos=[-0.10910753 -0.1091461   0.49140114] bottom_world=[-0.10910749 -0.10914597  0.47140114] quat=[-3.8058382e-01 -2.2143836e-06 -2.6894936e-06  9.2474651e-01] speed=0.0005 ang_speed=0.0022 ang_vel_vec=[-0.00082144  0.00198937 -0.00063653] |com_force|=0.0000N
### kotek_magnet[tick=900] sensor4: d=0.5249m in_range=False f_mag=0.000N tau_mag=0.0000Nm misalign_deg=90.0 pos=[-0.10900021  0.10899847  0.49140242] bottom_world=[-0.10900008  0.10899879  0.47140242] quat=[ 3.8268307e-01  9.5651693e-08 -8.5937963e-06  9.2387968e-01] speed=0.0009 ang_speed=0.0019 ang_vel_vec=[-0.00112205  0.00044982  0.00144014] |com_force|=0.0000N
### kotek_magnet[tick=960] sensor1: d=0.4082m in_range=False f_mag=0.000N tau_mag=0.0000Nm misalign_deg=90.0 pos=[0.10880259 0.10900905 0.49140248] bottom_world=[0.10880278 0.10900908 0.47140248] quat=[ 9.2484200e-01 -1.0187299e-06 -4.6952659e-06  3.8035172e-01] speed=0.0010 ang_speed=0.0032 ang_vel_vec=[-0.00281931 -0.00037906  0.00152722] |com_force|=0.0000N
### kotek_magnet[tick=960] sensor2: d=0.3208m in_range=False f_mag=0.000N tau_mag=0.0000Nm misalign_deg=90.0 pos=[ 0.10902449 -0.10904563  0.49140114] bottom_world=[ 0.10902438 -0.10904572  0.47140114] quat=[ 9.2300057e-01 -3.1268262e-06  1.7409659e-06 -3.8479877e-01] speed=0.0010 ang_speed=0.0020 ang_vel_vec=[0.00078399 0.00106033 0.00152719] |com_force|=0.0000N
### kotek_magnet[tick=960] sensor3: d=0.5470m in_range=False f_mag=0.000N tau_mag=0.0000Nm misalign_deg=90.0 pos=[-0.10910815 -0.1091458   0.49140117] bottom_world=[-0.10910788 -0.10914591  0.47140117] quat=[-3.8058403e-01 -5.1297898e-06  5.2509354e-06  9.2474639e-01] speed=0.0010 ang_speed=0.0025 ang_vel_vec=[ 0.00181251  0.0015546  -0.00068914] |com_force|=0.0000N
### kotek_magnet[tick=960] sensor4: d=0.5249m in_range=False f_mag=0.000N tau_mag=0.0000Nm misalign_deg=90.0 pos=[-0.10900021  0.10899848  0.49140242] bottom_world=[-0.10900012  0.10899879  0.47140242] quat=[ 3.8268304e-01  6.7257059e-07 -8.0548334e-06  9.2387974e-01] speed=0.0009 ang_speed=0.0022 ang_vel_vec=[-0.00013338 -0.00169745  0.00141834] |com_force|=0.0000N
### kotek_magnet[tick=1020] sensor1: d=0.4082m in_range=False f_mag=0.000N tau_mag=0.0000Nm misalign_deg=90.0 pos=[0.10880259 0.10900906 0.49140233] bottom_world=[0.10880278 0.10900908 0.47140233] quat=[ 9.2484194e-01 -1.3260607e-06 -4.7017734e-06  3.8035154e-01] speed=0.0010 ang_speed=0.0026 ang_vel_vec=[-0.00214951 -0.00011756  0.00142921] |com_force|=0.0000N
### kotek_magnet[tick=1020] sensor2: d=0.3208m in_range=False f_mag=0.000N tau_mag=0.0000Nm misalign_deg=90.0 pos=[ 0.10902463 -0.10904589  0.49140114] bottom_world=[ 0.10902449 -0.10904595  0.47140114] quat=[ 9.2300057e-01 -2.7174199e-06  2.5963520e-06 -3.8479871e-01] speed=0.0006 ang_speed=0.0047 ang_vel_vec=[ 0.0020088  -0.00425727  0.00050317] |com_force|=0.0000N
### kotek_magnet[tick=1020] sensor3: d=0.5470m in_range=False f_mag=0.000N tau_mag=0.0000Nm misalign_deg=90.0 pos=[-0.10910814 -0.10914578  0.49140105] bottom_world=[-0.10910788 -0.10914589  0.47140105] quat=[-3.8058400e-01 -4.9719342e-06  5.0825429e-06  9.2474639e-01] speed=0.0010 ang_speed=0.0027 ang_vel_vec=[ 0.00194693  0.00169925 -0.00080089] |com_force|=0.0000N
### kotek_magnet[tick=1020] sensor4: d=0.5249m in_range=False f_mag=0.000N tau_mag=0.0000Nm misalign_deg=90.0 pos=[-0.10900018  0.10899848  0.49140236] bottom_world=[-0.10900008  0.10899879  0.47140236] quat=[ 3.8268310e-01  5.1297496e-07 -8.2173774e-06  9.2387968e-01] speed=0.0009 ang_speed=0.0017 ang_vel_vec=[-0.00056805 -0.00089344  0.00133558] |com_force|=0.0000N
### kotek_magnet[tick=1080] sensor1: d=0.4082m in_range=False f_mag=0.000N tau_mag=0.0000Nm misalign_deg=90.0 pos=[0.10880256 0.10900909 0.49140224] bottom_world=[0.10880275 0.10900911 0.47140224] quat=[ 9.2484188e-01 -1.3800061e-06 -4.6906771e-06  3.8035169e-01] speed=0.0010 ang_speed=0.0030 ang_vel_vec=[-0.00262083 -0.00026914  0.00141733] |com_force|=0.0000N
### kotek_magnet[tick=1080] sensor2: d=0.3208m in_range=False f_mag=0.000N tau_mag=0.0000Nm misalign_deg=90.0 pos=[ 0.10902447 -0.10904562  0.4914011 ] bottom_world=[ 0.10902438 -0.1090457   0.47140111] quat=[ 9.2300045e-01 -2.8023110e-06  1.4303887e-06 -3.8479906e-01] speed=0.0010 ang_speed=0.0023 ang_vel_vec=[0.00026974 0.00176774 0.00143511] |com_force|=0.0000N
### kotek_magnet[tick=1080] sensor3: d=0.5470m in_range=False f_mag=0.000N tau_mag=0.0000Nm misalign_deg=90.0 pos=[-0.10910723 -0.10914608  0.49140096] bottom_world=[-0.10910725 -0.10914592  0.47140096] quat=[-3.8058370e-01 -9.1491893e-07 -4.0333025e-06  9.2474651e-01] speed=0.0001 ang_speed=0.0013 ang_vel_vec=[-0.00114219 -0.00056846 -0.00028087] |com_force|=0.0000N
### kotek_magnet[tick=1080] sensor4: d=0.5249m in_range=False f_mag=0.000N tau_mag=0.0000Nm misalign_deg=90.0 pos=[-0.10900012  0.10899931  0.4914022 ] bottom_world=[-0.10900019  0.1089994   0.47140221] quat=[ 3.8268274e-01  2.3289949e-06 -1.5530857e-06  9.2387986e-01] speed=0.0002 ang_speed=0.0052 ang_vel_vec=[ 0.00248219 -0.00457109  0.0003149 ] |com_force|=0.0000N
### kotek_magnet[tick=1140] sensor1: d=0.4082m in_range=False f_mag=0.000N tau_mag=0.0000Nm misalign_deg=90.0 pos=[0.10880259 0.10900912 0.49140233] bottom_world=[0.10880278 0.10900914 0.47140233] quat=[ 9.2484194e-01 -1.3115734e-06 -4.6946120e-06  3.8035187e-01] speed=0.0010 ang_speed=0.0029 ang_vel_vec=[-0.00246157 -0.00015698  0.00159233] |com_force|=0.0000N
### kotek_magnet[tick=1140] sensor2: d=0.3208m in_range=False f_mag=0.000N tau_mag=0.0000Nm misalign_deg=90.0 pos=[ 0.10902433 -0.10904732  0.49140108] bottom_world=[ 0.10902456 -0.10904695  0.47140108] quat=[ 9.2300087e-01  1.0849832e-05 -1.6962572e-06 -3.8479787e-01] speed=0.0010 ang_speed=0.0025 ang_vel_vec=[-0.00152478  0.0018305  -0.00062255] |com_force|=0.0000N
### kotek_magnet[tick=1140] sensor3: d=0.5470m in_range=False f_mag=0.000N tau_mag=0.0000Nm misalign_deg=90.0 pos=[-0.10910729 -0.10914605  0.49140102] bottom_world=[-0.1091073  -0.1091459   0.47140102] quat=[-3.8058361e-01 -1.0506870e-06 -3.7020232e-06  9.2474645e-01] speed=0.0001 ang_speed=0.0007 ang_vel_vec=[-0.00067623  0.00010387 -0.00020984] |com_force|=0.0000N
### kotek_magnet[tick=1140] sensor4: d=0.5249m in_range=False f_mag=0.000N tau_mag=0.0000Nm misalign_deg=90.0 pos=[-0.10900022  0.10899848  0.4914023 ] bottom_world=[-0.1090001  0.1089988  0.4714023] quat=[ 3.8268304e-01  3.5846026e-07 -8.4986914e-06  9.2387980e-01] speed=0.0009 ang_speed=0.0018 ang_vel_vec=[-0.0006385  -0.00086466  0.00149324] |com_force|=0.0000N
### kotek_magnet[tick=1200] sensor1: d=0.4082m in_range=False f_mag=0.000N tau_mag=0.0000Nm misalign_deg=90.0 pos=[0.10880255 0.10900911 0.4914024 ] bottom_world=[0.10880277 0.1090091  0.47140239] quat=[ 9.2484200e-01 -2.2921470e-06 -4.9007858e-06  3.8035166e-01] speed=0.0010 ang_speed=0.0018 ang_vel_vec=[-0.00080064  0.00065929  0.00141289] |com_force|=0.0000N
### kotek_magnet[tick=1200] sensor2: d=0.3208m in_range=False f_mag=0.000N tau_mag=0.0000Nm misalign_deg=90.0 pos=[ 0.10902434 -0.10904735  0.49140114] bottom_world=[ 0.10902456 -0.10904699  0.47140114] quat=[ 9.2300087e-01  1.0666438e-05 -1.6804725e-06 -3.8479793e-01] speed=0.0010 ang_speed=0.0027 ang_vel_vec=[-0.00159042  0.00197613 -0.00084644] |com_force|=0.0000N
### kotek_magnet[tick=1200] sensor3: d=0.5470m in_range=False f_mag=0.000N tau_mag=0.0000Nm misalign_deg=90.0 pos=[-0.10910648 -0.10914587  0.49140114] bottom_world=[-0.10910667 -0.10914567  0.47140114] quat=[-3.8058305e-01  2.5284271e-06 -6.5175118e-06  9.2474675e-01] speed=0.0009 ang_speed=0.0028 ang_vel_vec=[2.3927502e-03 8.3519517e-05 1.4316293e-03] |com_force|=0.0000N
### kotek_magnet[tick=1200] sensor4: d=0.5249m in_range=False f_mag=0.000N tau_mag=0.0000Nm misalign_deg=90.0 pos=[-0.10899989  0.10900027  0.49140224] bottom_world=[-0.10900018  0.10900011  0.47140224] quat=[3.8268238e-01 5.1554257e-06 6.5636373e-06 9.2387998e-01] speed=0.0013 ang_speed=0.0143 ang_vel_vec=[ 0.00738429 -0.0122406  -0.00032342] |com_force|=0.0000N
### kotek_magnet[tick=1260] sensor1: d=0.4082m in_range=False f_mag=0.000N tau_mag=0.0000Nm misalign_deg=90.0 pos=[0.10880258 0.10900908 0.4914024 ] bottom_world=[0.10880278 0.10900909 0.47140239] quat=[ 9.2484200e-01 -1.5100076e-06 -4.6740242e-06  3.8035163e-01] speed=0.0010 ang_speed=0.0022 ang_vel_vec=[-0.00162721  0.00014362  0.00146429] |com_force|=0.0000N
### kotek_magnet[tick=1260] sensor2: d=0.3208m in_range=False f_mag=0.000N tau_mag=0.0000Nm misalign_deg=90.0 pos=[ 0.10902464 -0.10904645  0.49140105] bottom_world=[ 0.1090246  -0.10904637  0.47140105] quat=[ 9.2300069e-01  1.5690727e-06  1.7692828e-06 -3.8479835e-01] speed=0.0001 ang_speed=0.0016 ang_vel_vec=[ 0.00106453 -0.00118385 -0.00034462] |com_force|=0.0000N
### kotek_magnet[tick=1260] sensor3: d=0.5470m in_range=False f_mag=0.000N tau_mag=0.0000Nm misalign_deg=90.0 pos=[-0.10910749 -0.10914606  0.4914011 ] bottom_world=[-0.10910744 -0.10914594  0.47140111] quat=[-3.8058391e-01 -2.3890639e-06 -2.3290420e-06  9.2474651e-01] speed=0.0005 ang_speed=0.0023 ang_vel_vec=[-0.00054092  0.00207773 -0.00072123] |com_force|=0.0000N
### kotek_magnet[tick=1260] sensor4: d=0.5249m in_range=False f_mag=0.000N tau_mag=0.0000Nm misalign_deg=90.0 pos=[-0.10900019  0.10899849  0.49140236] bottom_world=[-0.10900008  0.1089988   0.47140236] quat=[ 3.8268310e-01  3.9209868e-07 -8.2148072e-06  9.2387974e-01] speed=0.0009 ang_speed=0.0016 ang_vel_vec=[-0.00069547 -0.00048084  0.00135691] |com_force|=0.0000N
### kotek_magnet[tick=1320] sensor1: d=0.4082m in_range=False f_mag=0.000N tau_mag=0.0000Nm misalign_deg=90.0 pos=[0.10880258 0.10900909 0.49140233] bottom_world=[0.10880277 0.10900911 0.47140233] quat=[ 9.2484194e-01 -1.4154596e-06 -4.6195732e-06  3.8035163e-01] speed=0.0010 ang_speed=0.0025 ang_vel_vec=[-0.00185764  0.00011238  0.00168668] |com_force|=0.0000N
### kotek_magnet[tick=1320] sensor2: d=0.3208m in_range=False f_mag=0.000N tau_mag=0.0000Nm misalign_deg=90.0 pos=[ 0.10902448 -0.10904562  0.4914011 ] bottom_world=[ 0.10902438 -0.10904571  0.47140111] quat=[ 9.2300040e-01 -2.9713426e-06  1.4034130e-06 -3.8479897e-01] speed=0.0010 ang_speed=0.0026 ang_vel_vec=[0.00033129 0.00196925 0.0016793 ] |com_force|=0.0000N
### kotek_magnet[tick=1320] sensor3: d=0.5470m in_range=False f_mag=0.000N tau_mag=0.0000Nm misalign_deg=90.0 pos=[-0.10910641 -0.10914587  0.49140117] bottom_world=[-0.10910661 -0.10914566  0.47140117] quat=[-3.8058296e-01  2.6885066e-06 -6.9462649e-06  9.2474681e-01] speed=0.0010 ang_speed=0.0025 ang_vel_vec=[ 0.00172751 -0.00038072  0.00174043] |com_force|=0.0000N
### kotek_magnet[tick=1320] sensor4: d=0.5249m in_range=False f_mag=0.000N tau_mag=0.0000Nm misalign_deg=90.0 pos=[-0.10900035  0.10899936  0.4914022 ] bottom_world=[-0.1090003   0.10899949  0.47140221] quat=[ 3.8268244e-01  2.3660675e-07 -3.3988772e-06  9.2388004e-01] speed=0.0002 ang_speed=0.0009 ang_vel_vec=[ 3.8553197e-05  8.6800719e-04 -1.5101259e-04] |com_force|=0.0000N
### kotek_magnet[tick=1380] sensor1: d=0.4082m in_range=False f_mag=0.000N tau_mag=0.0000Nm misalign_deg=90.0 pos=[0.10880282 0.10900926 0.49140233] bottom_world=[0.10880299 0.10900923 0.47140233] quat=[ 9.2484182e-01 -2.3367684e-06 -3.7278492e-06  3.8035208e-01] speed=0.0006 ang_speed=0.0047 ang_vel_vec=[0.00424823 0.00183079 0.00058842] |com_force|=0.0000N
### kotek_magnet[tick=1380] sensor2: d=0.3208m in_range=False f_mag=0.000N tau_mag=0.0000Nm misalign_deg=90.0 pos=[ 0.1090247  -0.10904557  0.49140108] bottom_world=[ 0.10902449 -0.10904568  0.47140108] quat=[ 9.2300051e-01 -4.5813599e-06  3.5761107e-06 -3.8479879e-01] speed=0.0009 ang_speed=0.0031 ang_vel_vec=[-0.00016373 -0.00297519  0.00075121] |com_force|=0.0000N
### kotek_magnet[tick=1380] sensor3: d=0.5470m in_range=False f_mag=0.000N tau_mag=0.0000Nm misalign_deg=90.0 pos=[-0.10910728 -0.10914604  0.49140108] bottom_world=[-0.1091073  -0.10914589  0.47140108] quat=[-3.8058376e-01 -9.1769698e-07 -3.7800933e-06  9.2474657e-01] speed=0.0001 ang_speed=0.0012 ang_vel_vec=[-0.00100333 -0.00053039 -0.00034047] |com_force|=0.0000N
### kotek_magnet[tick=1380] sensor4: d=0.5249m in_range=False f_mag=0.000N tau_mag=0.0000Nm misalign_deg=90.0 pos=[-0.10900038  0.10899875  0.4914023 ] bottom_world=[-0.10900023  0.10899904  0.4714023 ] quat=[ 3.8268265e-01 -7.0999920e-07 -8.1399703e-06  9.2387992e-01] speed=0.0006 ang_speed=0.0048 ang_vel_vec=[-0.00176337  0.0044661   0.0004849 ] |com_force|=0.0000N
### kotek_magnet[tick=1440] sensor1: d=0.4082m in_range=False f_mag=0.000N tau_mag=0.0000Nm misalign_deg=90.0 pos=[0.1088044  0.10900877 0.49140236] bottom_world=[0.1088041  0.10900921 0.47140236] quat=[9.2484158e-01 1.2940436e-05 2.6978548e-06 3.8035247e-01] speed=0.0013 ang_speed=0.0165 ang_vel_vec=[-0.01417492 -0.00839077 -0.00037535] |com_force|=0.0000N
### kotek_magnet[tick=1440] sensor2: d=0.3208m in_range=False f_mag=0.000N tau_mag=0.0000Nm misalign_deg=90.0 pos=[ 0.10902467 -0.1090456   0.49140108] bottom_world=[ 0.10902447 -0.10904571  0.47140108] quat=[ 9.2300057e-01 -4.4984886e-06  3.6333265e-06 -3.8479879e-01] speed=0.0009 ang_speed=0.0030 ang_vel_vec=[-0.00022355 -0.00290859  0.00081476] |com_force|=0.0000N
### kotek_magnet[tick=1440] sensor3: d=0.5470m in_range=False f_mag=0.000N tau_mag=0.0000Nm misalign_deg=90.0 pos=[-0.1091075  -0.10914606  0.49140114] bottom_world=[-0.10910745 -0.10914593  0.47140114] quat=[-3.8058379e-01 -2.4948295e-06 -2.5766890e-06  9.2474645e-01] speed=0.0005 ang_speed=0.0023 ang_vel_vec=[-0.00118481  0.00188577 -0.00063927] |com_force|=0.0000N
### kotek_magnet[tick=1440] sensor4: d=0.5249m in_range=False f_mag=0.000N tau_mag=0.0000Nm misalign_deg=90.0 pos=[-0.10900022  0.10899851  0.49140233] bottom_world=[-0.10900011  0.10899882  0.47140233] quat=[ 3.826831e-01  5.150307e-07 -8.165719e-06  9.238797e-01] speed=0.0009 ang_speed=0.0019 ang_vel_vec=[-0.00039517 -0.00120479  0.00141825] |com_force|=0.0000N
### kotek_magnet[tick=1500] sensor1: d=0.4082m in_range=False f_mag=0.000N tau_mag=0.0000Nm misalign_deg=90.0 pos=[0.10880437 0.10900877 0.49140233] bottom_world=[0.10880409 0.1090092  0.47140233] quat=[9.2484158e-01 1.2596264e-05 2.6333728e-06 3.8035250e-01] speed=0.0013 ang_speed=0.0155 ang_vel_vec=[-0.01336055 -0.00784264 -0.00036646] |com_force|=0.0000N
### kotek_magnet[tick=1500] sensor2: d=0.3208m in_range=False f_mag=0.000N tau_mag=0.0000Nm misalign_deg=90.0 pos=[ 0.10902464 -0.10904645  0.49140105] bottom_world=[ 0.10902459 -0.10904636  0.47140105] quat=[ 9.2300075e-01  1.5689599e-06  1.9863542e-06 -3.8479826e-01] speed=0.0001 ang_speed=0.0018 ang_vel_vec=[ 0.00057693 -0.00171832 -0.0003214 ] |com_force|=0.0000N
### kotek_magnet[tick=1500] sensor3: d=0.5470m in_range=False f_mag=0.000N tau_mag=0.0000Nm misalign_deg=90.0 pos=[-0.1091075  -0.10914603  0.4914011 ] bottom_world=[-0.10910745 -0.1091459   0.47140111] quat=[-3.8058382e-01 -2.4762912e-06 -2.5170382e-06  9.2474639e-01] speed=0.0005 ang_speed=0.0025 ang_vel_vec=[-0.00133165  0.00204924 -0.00069875] |com_force|=0.0000N
### kotek_magnet[tick=1500] sensor4: d=0.5249m in_range=False f_mag=0.000N tau_mag=0.0000Nm misalign_deg=90.0 pos=[-0.10900021  0.10899851  0.49140227] bottom_world=[-0.1090001   0.10899882  0.47140227] quat=[ 3.8268301e-01  4.2763330e-07 -8.2107081e-06  9.2387974e-01] speed=0.0009 ang_speed=0.0017 ang_vel_vec=[-0.00061897 -0.00074365  0.00139406] |com_force|=0.0000N
### kotek_magnet[tick=1560] sensor1: d=0.4082m in_range=False f_mag=0.000N tau_mag=0.0000Nm misalign_deg=90.0 pos=[0.1088043  0.10900895 0.4914023 ] bottom_world=[0.10880403 0.1090093  0.4714023 ] quat=[9.2484152e-01 1.0511126e-05 2.9325313e-06 3.8035282e-01] speed=0.0010 ang_speed=0.0027 ang_vel_vec=[-0.0017922  -0.00175417 -0.00102101] |com_force|=0.0000N
### kotek_magnet[tick=1560] sensor2: d=0.3208m in_range=False f_mag=0.000N tau_mag=0.0000Nm misalign_deg=90.0 pos=[ 0.10902463 -0.10904672  0.49140114] bottom_world=[ 0.10902462 -0.10904655  0.47140114] quat=[ 9.2300081e-01  3.8594703e-06  1.9241688e-06 -3.8479808e-01] speed=0.0005 ang_speed=0.0024 ang_vel_vec=[-0.00217505 -0.00061572 -0.00089577] |com_force|=0.0000N
### kotek_magnet[tick=1560] sensor3: d=0.5470m in_range=False f_mag=0.000N tau_mag=0.0000Nm misalign_deg=90.0 pos=[-0.10910817 -0.10914579  0.49140117] bottom_world=[-0.10910791 -0.10914591  0.47140117] quat=[-3.8058406e-01 -4.9140062e-06  5.2229047e-06  9.2474639e-01] speed=0.0010 ang_speed=0.0027 ang_vel_vec=[ 0.00196667  0.00156512 -0.0009553 ] |com_force|=0.0000N
### kotek_magnet[tick=1560] sensor4: d=0.5249m in_range=False f_mag=0.000N tau_mag=0.0000Nm misalign_deg=90.0 pos=[-0.10900024  0.10899851  0.49140227] bottom_world=[-0.10900013  0.10899882  0.47140227] quat=[ 3.826829e-01  5.081984e-07 -8.146733e-06  9.238798e-01] speed=0.0009 ang_speed=0.0016 ang_vel_vec=[-0.00041452 -0.00100346  0.00118201] |com_force|=0.0000N
### kotek_magnet[tick=1620] sensor1: d=0.4082m in_range=False f_mag=0.000N tau_mag=0.0000Nm misalign_deg=90.0 pos=[0.10880377 0.10900928 0.49140233] bottom_world=[0.10880368 0.1090094  0.47140233] quat=[9.2484152e-01 3.7012778e-06 9.6610552e-07 3.8035268e-01] speed=0.0006 ang_speed=0.0025 ang_vel_vec=[ 0.00046419 -0.00225504 -0.00098149] |com_force|=0.0000N
### kotek_magnet[tick=1620] sensor2: d=0.3208m in_range=False f_mag=0.000N tau_mag=0.0000Nm misalign_deg=90.0 pos=[ 0.10902461 -0.10904672  0.49140108] bottom_world=[ 0.10902459 -0.10904656  0.47140108] quat=[ 9.2300081e-01  3.6497943e-06  1.9223608e-06 -3.8479811e-01] speed=0.0004 ang_speed=0.0024 ang_vel_vec=[-0.00200813 -0.00099923 -0.00081246] |com_force|=0.0000N
### kotek_magnet[tick=1620] sensor3: d=0.5470m in_range=False f_mag=0.000N tau_mag=0.0000Nm misalign_deg=90.0 pos=[-0.10910752 -0.10914605  0.49140105] bottom_world=[-0.10910746 -0.10914592  0.47140105] quat=[-3.8058394e-01 -2.4432391e-06 -2.4065539e-06  9.2474639e-01] speed=0.0005 ang_speed=0.0024 ang_vel_vec=[-0.0009822   0.002021   -0.00080902] |com_force|=0.0000N
### kotek_magnet[tick=1620] sensor4: d=0.5249m in_range=False f_mag=0.000N tau_mag=0.0000Nm misalign_deg=90.0 pos=[-0.10900035  0.10899931  0.4914022 ] bottom_world=[-0.1090003   0.10899945  0.47140221] quat=[ 3.8268247e-01  2.4798999e-07 -3.5847156e-06  9.2388004e-01] speed=0.0002 ang_speed=0.0014 ang_vel_vec=[-0.00036526  0.00122898 -0.00046202] |com_force|=0.0000N
### kotek_magnet[tick=1680] sensor1: d=0.4082m in_range=False f_mag=0.000N tau_mag=0.0000Nm misalign_deg=90.0 pos=[0.10880381 0.10900925 0.49140242] bottom_world=[0.10880372 0.10900937 0.47140242] quat=[9.2484158e-01 3.4875175e-06 8.9269037e-07 3.8035265e-01] speed=0.0006 ang_speed=0.0025 ang_vel_vec=[ 0.0012575  -0.00197386 -0.00075765] |com_force|=0.0000N
### kotek_magnet[tick=1680] sensor2: d=0.3208m in_range=False f_mag=0.000N tau_mag=0.0000Nm misalign_deg=90.0 pos=[ 0.10902472 -0.10904561  0.49140105] bottom_world=[ 0.10902452 -0.10904572  0.47140105] quat=[ 9.2300051e-01 -4.4818153e-06  3.6337349e-06 -3.8479891e-01] speed=0.0009 ang_speed=0.0031 ang_vel_vec=[-6.1329854e-05 -3.0120148e-03  8.8661403e-04] |com_force|=0.0000N
### kotek_magnet[tick=1680] sensor3: d=0.5470m in_range=False f_mag=0.000N tau_mag=0.0000Nm misalign_deg=90.0 pos=[-0.10910755 -0.10914586  0.49140105] bottom_world=[-0.10910747 -0.10914585  0.47140105] quat=[-3.8058367e-01 -2.0224131e-06  4.8099355e-07  9.2474651e-01] speed=0.0004 ang_speed=0.0025 ang_vel_vec=[ 1.6084884e-03  1.9722742e-03 -8.0645324e-05] |com_force|=0.0000N
### kotek_magnet[tick=1680] sensor4: d=0.5249m in_range=False f_mag=0.000N tau_mag=0.0000Nm misalign_deg=90.0 pos=[-0.10900036  0.10899928  0.49140227] bottom_world=[-0.10900031  0.10899943  0.47140227] quat=[ 3.8268238e-01  1.1876435e-07 -3.8625985e-06  9.2387998e-01] speed=0.0002 ang_speed=0.0021 ang_vel_vec=[-0.00086253  0.00189718 -0.00023492] |com_force|=0.0000N
### still playing, 1370s left
### kotek_magnet[tick=1740] sensor1: d=0.4082m in_range=False f_mag=0.000N tau_mag=0.0000Nm misalign_deg=90.0 pos=[0.10880381 0.10900928 0.49140224] bottom_world=[0.10880371 0.1090094  0.47140224] quat=[9.2484152e-01 3.7655429e-06 9.9403530e-07 3.8035268e-01] speed=0.0006 ang_speed=0.0029 ang_vel_vec=[-0.00017072 -0.00265864 -0.00112602] |com_force|=0.0000N
### kotek_magnet[tick=1740] sensor2: d=0.3208m in_range=False f_mag=0.000N tau_mag=0.0000Nm misalign_deg=90.0 pos=[ 0.10902444 -0.10904674  0.49140102] bottom_world=[ 0.10902455 -0.10904654  0.47140102] quat=[ 9.2300087e-01  5.6177228e-06 -5.0891123e-07 -3.8479811e-01] speed=0.0003 ang_speed=0.0030 ang_vel_vec=[-0.00236171  0.00181951 -0.00045082] |com_force|=0.0000N
### kotek_magnet[tick=1740] sensor3: d=0.5470m in_range=False f_mag=0.000N tau_mag=0.0000Nm misalign_deg=90.0 pos=[-0.10910755 -0.10914586  0.49140105] bottom_world=[-0.10910746 -0.10914586  0.47140105] quat=[-3.8058376e-01 -2.1646565e-06  8.8276670e-07  9.2474645e-01] speed=0.0004 ang_speed=0.0030 ang_vel_vec=[ 0.0018204   0.00237311 -0.00045176] |com_force|=0.0000N
### kotek_magnet[tick=1740] sensor4: d=0.5249m in_range=False f_mag=0.000N tau_mag=0.0000Nm misalign_deg=90.0 pos=[-0.10900008  0.10900021  0.4914023 ] bottom_world=[-0.1090003   0.10900006  0.4714023 ] quat=[3.8268209e-01 3.7927121e-06 5.5219230e-06 9.2388010e-01] speed=0.0010 ang_speed=0.0029 ang_vel_vec=[ 0.00191651 -0.00197786 -0.00099596] |com_force|=0.0000N
### kotek_magnet[tick=1800] sensor1: d=0.4082m in_range=False f_mag=0.000N tau_mag=0.0000Nm misalign_deg=90.0 pos=[0.10880419 0.10900887 0.49140236] bottom_world=[0.10880393 0.10900923 0.47140236] quat=[9.2484164e-01 1.0647734e-05 2.5580418e-06 3.8035253e-01] speed=0.0009 ang_speed=0.0041 ang_vel_vec=[-0.00270049 -0.00300038 -0.00043197] |com_force|=0.0000N
### kotek_magnet[tick=1800] sensor2: d=0.3208m in_range=False f_mag=0.000N tau_mag=0.0000Nm misalign_deg=90.0 pos=[ 0.10902444 -0.10904676  0.49140108] bottom_world=[ 0.10902454 -0.10904656  0.47140108] quat=[ 9.2300075e-01  5.5858177e-06 -3.8833866e-07 -3.8479835e-01] speed=0.0004 ang_speed=0.0029 ang_vel_vec=[-0.00240702  0.00154994 -0.00011758] |com_force|=0.0000N
### kotek_magnet[tick=1800] sensor3: d=0.5470m in_range=False f_mag=0.000N tau_mag=0.0000Nm misalign_deg=90.0 pos=[-0.10910751 -0.10914606  0.49140114] bottom_world=[-0.10910745 -0.10914593  0.47140114] quat=[-3.8058373e-01 -2.5860863e-06 -2.4290869e-06  9.2474645e-01] speed=0.0005 ang_speed=0.0024 ang_vel_vec=[-0.00134177  0.00194453 -0.00060187] |com_force|=0.0000N
### kotek_magnet[tick=1800] sensor4: d=0.5249m in_range=False f_mag=0.000N tau_mag=0.0000Nm misalign_deg=90.0 pos=[-0.10900006  0.10900017  0.49140236] bottom_world=[-0.10900029  0.10900003  0.47140236] quat=[3.8268220e-01 3.7582010e-06 5.3767817e-06 9.2388010e-01] speed=0.0010 ang_speed=0.0024 ang_vel_vec=[ 0.00162969 -0.00168842 -0.00064715] |com_force|=0.0000N
### kotek_magnet[tick=1860] sensor1: d=0.4082m in_range=False f_mag=0.000N tau_mag=0.0000Nm misalign_deg=90.0 pos=[0.10880379 0.10900929 0.49140233] bottom_world=[0.1088037  0.10900942 0.47140233] quat=[9.2484152e-01 3.9881443e-06 9.8429541e-07 3.8035256e-01] speed=0.0006 ang_speed=0.0028 ang_vel_vec=[-0.00037492 -0.00268701 -0.00067934] |com_force|=0.0000N
### kotek_magnet[tick=1860] sensor2: d=0.3208m in_range=False f_mag=0.000N tau_mag=0.0000Nm misalign_deg=90.0 pos=[ 0.10902429 -0.10904738  0.4914011 ] bottom_world=[ 0.10902454 -0.10904699  0.47140111] quat=[ 9.2300087e-01  1.1452935e-05 -1.9938957e-06 -3.8479790e-01] speed=0.0010 ang_speed=0.0027 ang_vel_vec=[-0.0016639   0.00209945 -0.00060166] |com_force|=0.0000N
### kotek_magnet[tick=1860] sensor3: d=0.5470m in_range=False f_mag=0.000N tau_mag=0.0000Nm misalign_deg=90.0 pos=[-0.10910816 -0.10914578  0.49140123] bottom_world=[-0.1091079  -0.1091459   0.47140123] quat=[-3.8058397e-01 -5.0006129e-06  5.2338428e-06  9.2474633e-01] speed=0.0010 ang_speed=0.0022 ang_vel_vec=[ 0.00167667  0.00134257 -0.00059949] |com_force|=0.0000N
### kotek_magnet[tick=1860] sensor4: d=0.5249m in_range=False f_mag=0.000N tau_mag=0.0000Nm misalign_deg=90.0 pos=[-0.10900036  0.10899955  0.49140236] bottom_world=[-0.10900035  0.10899961  0.47140236] quat=[ 3.8268226e-01  3.7362895e-07 -1.3322438e-06  9.2388010e-01] speed=0.0005 ang_speed=0.0026 ang_vel_vec=[ 0.00238604  0.00073619 -0.00054384] |com_force|=0.0000N
### kotek_magnet[tick=1920] sensor1: d=0.4082m in_range=False f_mag=0.000N tau_mag=0.0000Nm misalign_deg=90.0 pos=[0.1088038  0.10900927 0.4914023 ] bottom_world=[0.10880371 0.10900939 0.4714023 ] quat=[9.2484164e-01 3.7971806e-06 9.9554120e-07 3.8035250e-01] speed=0.0006 ang_speed=0.0025 ang_vel_vec=[ 0.00023469 -0.00238138 -0.00072201] |com_force|=0.0000N
### kotek_magnet[tick=1920] sensor2: d=0.3208m in_range=False f_mag=0.000N tau_mag=0.0000Nm misalign_deg=90.0 pos=[ 0.10902463 -0.1090467   0.4914011 ] bottom_world=[ 0.10902462 -0.10904652  0.47140111] quat=[ 9.2300075e-01  3.9231836e-06  1.9119427e-06 -3.8479814e-01] speed=0.0005 ang_speed=0.0023 ang_vel_vec=[-0.00198849 -0.00094247 -0.00057174] |com_force|=0.0000N
### kotek_magnet[tick=1920] sensor3: d=0.5470m in_range=False f_mag=0.000N tau_mag=0.0000Nm misalign_deg=90.0 pos=[-0.10910648 -0.10914586  0.4914011 ] bottom_world=[-0.10910667 -0.10914566  0.47140111] quat=[-3.8058290e-01  2.4020842e-06 -6.2775093e-06  9.2474687e-01] speed=0.0009 ang_speed=0.0029 ang_vel_vec=[0.00236734 0.00011736 0.00167425] |com_force|=0.0000N
### kotek_magnet[tick=1920] sensor4: d=0.5249m in_range=False f_mag=0.000N tau_mag=0.0000Nm misalign_deg=90.0 pos=[-0.10900005  0.10900019  0.4914023 ] bottom_world=[-0.10900027  0.10900005  0.4714023 ] quat=[3.8268209e-01 3.7640871e-06 5.4214615e-06 9.2388010e-01] speed=0.0010 ang_speed=0.0025 ang_vel_vec=[ 0.00172169 -0.0016729  -0.00058665] |com_force|=0.0000N
### kotek_magnet[tick=1980] sensor1: d=0.4082m in_range=False f_mag=0.000N tau_mag=0.0000Nm misalign_deg=90.0 pos=[0.10880381 0.10900926 0.49140233] bottom_world=[0.10880372 0.10900938 0.47140233] quat=[9.2484164e-01 3.6099404e-06 9.8606517e-07 3.8035265e-01] speed=0.0006 ang_speed=0.0024 ang_vel_vec=[ 0.00122957 -0.00188963 -0.00086128] |com_force|=0.0000N
### kotek_magnet[tick=1980] sensor2: d=0.3208m in_range=False f_mag=0.000N tau_mag=0.0000Nm misalign_deg=90.0 pos=[ 0.10902435 -0.10904735  0.49140108] bottom_world=[ 0.10902458 -0.10904697  0.47140108] quat=[ 9.2300087e-01  1.0834723e-05 -1.7580123e-06 -3.8479790e-01] speed=0.0010 ang_speed=0.0028 ang_vel_vec=[-0.00169007  0.00206269 -0.00079421] |com_force|=0.0000N
### kotek_magnet[tick=1980] sensor3: d=0.5470m in_range=False f_mag=0.000N tau_mag=0.0000Nm misalign_deg=90.0 pos=[-0.10910669 -0.10914607  0.49140114] bottom_world=[-0.10910686 -0.10914582  0.47140114] quat=[-3.8058323e-01  1.5690827e-06 -7.5622265e-06  9.2474663e-01] speed=0.0006 ang_speed=0.0043 ang_vel_vec=[-0.00388758 -0.00175123  0.00051798] |com_force|=0.0000N
### kotek_magnet[tick=1980] sensor4: d=0.5249m in_range=False f_mag=0.000N tau_mag=0.0000Nm misalign_deg=90.0 pos=[-0.10900034  0.1089993   0.4914023 ] bottom_world=[-0.10900028  0.10899944  0.4714023 ] quat=[ 3.8268241e-01  3.2100218e-08 -3.7550967e-06  9.2387998e-01] speed=0.0002 ang_speed=0.0014 ang_vel_vec=[-6.4182103e-05  1.3182597e-03 -3.6949862e-04] |com_force|=0.0000N
### kotek_magnet[tick=2040] sensor1: d=0.4082m in_range=False f_mag=0.000N tau_mag=0.0000Nm misalign_deg=90.0 pos=[0.10880429 0.10900896 0.49140236] bottom_world=[0.10880402 0.1090093  0.47140236] quat=[9.2484152e-01 1.0422677e-05 2.8635673e-06 3.8035288e-01] speed=0.0010 ang_speed=0.0030 ang_vel_vec=[-0.00203912 -0.00188514 -0.00104118] |com_force|=0.0000N
### kotek_magnet[tick=2040] sensor2: d=0.3208m in_range=False f_mag=0.000N tau_mag=0.0000Nm misalign_deg=90.0 pos=[ 0.10902464 -0.10904668  0.49140117] bottom_world=[ 0.10902462 -0.10904651  0.47140117] quat=[ 9.2300081e-01  3.7239865e-06  1.9583090e-06 -3.8479805e-01] speed=0.0004 ang_speed=0.0024 ang_vel_vec=[-0.00191521 -0.00105938 -0.00088031] |com_force|=0.0000N
### kotek_magnet[tick=2040] sensor3: d=0.5470m in_range=False f_mag=0.000N tau_mag=0.0000Nm misalign_deg=90.0 pos=[-0.10910755 -0.10914586  0.49140108] bottom_world=[-0.10910747 -0.10914586  0.47140108] quat=[-3.8058379e-01 -2.0828231e-06  7.4792320e-07  9.2474645e-01] speed=0.0004 ang_speed=0.0028 ang_vel_vec=[ 0.0017521   0.0022003  -0.00039696] |com_force|=0.0000N
### kotek_magnet[tick=2040] sensor4: d=0.5249m in_range=False f_mag=0.000N tau_mag=0.0000Nm misalign_deg=90.0 pos=[-0.10900009  0.10900016  0.49140233] bottom_world=[-0.10900031  0.10900002  0.47140233] quat=[3.8268200e-01 3.7287748e-06 5.3751119e-06 9.2388016e-01] speed=0.0010 ang_speed=0.0029 ang_vel_vec=[ 0.00193936 -0.00201136 -0.00093998] |com_force|=0.0000N
### kotek_magnet[tick=2100] sensor1: d=0.4082m in_range=False f_mag=0.000N tau_mag=0.0000Nm misalign_deg=90.0 pos=[0.10880379 0.10900929 0.49140227] bottom_world=[0.1088037  0.10900941 0.47140227] quat=[9.2484152e-01 3.6645365e-06 9.9449448e-07 3.8035268e-01] speed=0.0006 ang_speed=0.0024 ang_vel_vec=[ 0.00065626 -0.00213882 -0.0008971 ] |com_force|=0.0000N
### kotek_magnet[tick=2100] sensor2: d=0.3208m in_range=False f_mag=0.000N tau_mag=0.0000Nm misalign_deg=90.0 pos=[ 0.10902464 -0.1090467   0.49140108] bottom_world=[ 0.10902463 -0.10904653  0.47140108] quat=[ 9.2300081e-01  3.6136285e-06  1.9952731e-06 -3.8479805e-01] speed=0.0004 ang_speed=0.0024 ang_vel_vec=[-0.00199024 -0.00117294 -0.00073529] |com_force|=0.0000N
### kotek_magnet[tick=2100] sensor3: d=0.5470m in_range=False f_mag=0.000N tau_mag=0.0000Nm misalign_deg=90.0 pos=[-0.10910755 -0.10914584  0.491401  ] bottom_world=[-0.10910747 -0.10914583  0.47140099] quat=[-3.8058373e-01 -2.0880300e-06  6.0449747e-07  9.2474651e-01] speed=0.0004 ang_speed=0.0030 ang_vel_vec=[ 0.00179141  0.00239728 -0.00025651] |com_force|=0.0000N
### kotek_magnet[tick=2100] sensor4: d=0.5249m in_range=False f_mag=0.000N tau_mag=0.0000Nm misalign_deg=90.0 pos=[-0.10900006  0.10900021  0.49140227] bottom_world=[-0.10900028  0.10900006  0.47140227] quat=[3.8268200e-01 3.7615300e-06 5.5388864e-06 9.2388010e-01] speed=0.0010 ang_speed=0.0026 ang_vel_vec=[ 0.00176875 -0.00169116 -0.00077049] |com_force|=0.0000N
### kotek_magnet[tick=2160] sensor1: d=0.4082m in_range=False f_mag=0.000N tau_mag=0.0000Nm misalign_deg=90.0 pos=[0.10880382 0.1090093  0.49140227] bottom_world=[0.10880372 0.10900942 0.47140227] quat=[9.2484158e-01 3.8232511e-06 1.0239949e-06 3.8035268e-01] speed=0.0006 ang_speed=0.0025 ang_vel_vec=[ 0.00048434 -0.0022392  -0.00095027] |com_force|=0.0000N
### kotek_magnet[tick=2160] sensor2: d=0.3208m in_range=False f_mag=0.000N tau_mag=0.0000Nm misalign_deg=90.0 pos=[ 0.10902463 -0.10904647  0.49140102] bottom_world=[ 0.10902458 -0.10904638  0.47140102] quat=[ 9.2300075e-01  1.6976433e-06  1.9272090e-06 -3.8479829e-01] speed=0.0001 ang_speed=0.0016 ang_vel_vec=[ 0.00066882 -0.00137367 -0.00040283] |com_force|=0.0000N
### kotek_magnet[tick=2160] sensor3: d=0.5470m in_range=False f_mag=0.000N tau_mag=0.0000Nm misalign_deg=90.0 pos=[-0.10910816 -0.10914579  0.49140108] bottom_world=[-0.1091079  -0.1091459   0.47140108] quat=[-3.8058412e-01 -4.9323926e-06  5.0955537e-06  9.2474639e-01] speed=0.0010 ang_speed=0.0026 ang_vel_vec=[ 0.0018514   0.00156783 -0.00082884] |com_force|=0.0000N
### kotek_magnet[tick=2160] sensor4: d=0.5249m in_range=False f_mag=0.000N tau_mag=0.0000Nm misalign_deg=90.0 pos=[-0.10900036  0.10899951  0.4914023 ] bottom_world=[-0.10900034  0.10899957  0.4714023 ] quat=[ 3.8268214e-01  1.8427875e-07 -1.6350352e-06  9.2388004e-01] speed=0.0005 ang_speed=0.0025 ang_vel_vec=[ 0.00189878  0.00136828 -0.00078496] |com_force|=0.0000N
### kotek_magnet[tick=2220] sensor1: d=0.4082m in_range=False f_mag=0.000N tau_mag=0.0000Nm misalign_deg=90.0 pos=[0.10880381 0.10900922 0.49140242] bottom_world=[0.10880371 0.10900935 0.47140242] quat=[9.248416e-01 3.933203e-06 9.200088e-07 3.803526e-01] speed=0.0006 ang_speed=0.0029 ang_vel_vec=[-0.00049526 -0.00265948 -0.00105916] |com_force|=0.0000N
### kotek_magnet[tick=2220] sensor2: d=0.3208m in_range=False f_mag=0.000N tau_mag=0.0000Nm misalign_deg=90.0 pos=[ 0.10902433 -0.10904738  0.49140117] bottom_world=[ 0.10902457 -0.10904699  0.47140117] quat=[ 9.2300087e-01  1.1248771e-05 -1.8097135e-06 -3.8479790e-01] speed=0.0010 ang_speed=0.0030 ang_vel_vec=[-0.0019146   0.00215755 -0.00091807] |com_force|=0.0000N
### kotek_magnet[tick=2220] sensor3: d=0.5470m in_range=False f_mag=0.000N tau_mag=0.0000Nm misalign_deg=90.0 pos=[-0.10910818 -0.10914578  0.49140114] bottom_world=[-0.10910791 -0.1091459   0.47140114] quat=[-3.8058412e-01 -5.0603858e-06  5.3513008e-06  9.2474639e-01] speed=0.0010 ang_speed=0.0027 ang_vel_vec=[ 0.0019013   0.00164387 -0.00091723] |com_force|=0.0000N
### kotek_magnet[tick=2220] sensor4: d=0.5249m in_range=False f_mag=0.000N tau_mag=0.0000Nm misalign_deg=90.0 pos=[-0.10900043  0.10899843  0.49140242] bottom_world=[-0.10900023  0.10899876  0.47140242] quat=[ 3.8268289e-01 -1.3714073e-06 -9.6403701e-06  9.2387980e-01] speed=0.0009 ang_speed=0.0032 ang_vel_vec=[0.00023754 0.00313784 0.00047466] |com_force|=0.0000N
### kotek_magnet[tick=2280] sensor1: d=0.4082m in_range=False f_mag=0.000N tau_mag=0.0000Nm misalign_deg=90.0 pos=[0.10880378 0.1090093  0.49140227] bottom_world=[0.10880369 0.10900943 0.47140227] quat=[9.2484164e-01 3.7197126e-06 9.4666871e-07 3.8035265e-01] speed=0.0006 ang_speed=0.0025 ang_vel_vec=[ 0.00026929 -0.00230031 -0.0008851 ] |com_force|=0.0000N
### kotek_magnet[tick=2280] sensor2: d=0.3208m in_range=False f_mag=0.000N tau_mag=0.0000Nm misalign_deg=90.0 pos=[ 0.10902449 -0.10904562  0.4914011 ] bottom_world=[ 0.10902439 -0.10904571  0.47140111] quat=[ 9.2300045e-01 -2.9518524e-06  1.4801176e-06 -3.8479882e-01] speed=0.0010 ang_speed=0.0022 ang_vel_vec=[0.00046575 0.00165262 0.00141479] |com_force|=0.0000N
### kotek_magnet[tick=2280] sensor3: d=0.5470m in_range=False f_mag=0.000N tau_mag=0.0000Nm misalign_deg=90.0 pos=[-0.10910751 -0.10914609  0.4914011 ] bottom_world=[-0.10910745 -0.10914596  0.47140111] quat=[-3.8058388e-01 -2.4948429e-06 -2.4607309e-06  9.2474639e-01] speed=0.0005 ang_speed=0.0024 ang_vel_vec=[-0.00122836  0.00195581 -0.00076231] |com_force|=0.0000N
### kotek_magnet[tick=2280] sensor4: d=0.5249m in_range=False f_mag=0.000N tau_mag=0.0000Nm misalign_deg=90.0 pos=[-0.10900019  0.10899849  0.49140227] bottom_world=[-0.10900008  0.1089988   0.47140227] quat=[ 3.8268313e-01  4.7241227e-07 -8.1862936e-06  9.2387974e-01] speed=0.0009 ang_speed=0.0017 ang_vel_vec=[-0.00055375 -0.00088363  0.00133859] |com_force|=0.0000N
### kotek_magnet[tick=2340] sensor1: d=0.4082m in_range=False f_mag=0.000N tau_mag=0.0000Nm misalign_deg=90.0 pos=[0.1088038  0.10900924 0.49140233] bottom_world=[0.1088037  0.10900937 0.47140233] quat=[9.2484158e-01 3.8421545e-06 1.0334504e-06 3.8035262e-01] speed=0.0006 ang_speed=0.0026 ang_vel_vec=[ 0.0001612  -0.00249898 -0.00085913] |com_force|=0.0000N
### kotek_magnet[tick=2340] sensor2: d=0.3208m in_range=False f_mag=0.000N tau_mag=0.0000Nm misalign_deg=90.0 pos=[ 0.10902462 -0.10904644  0.49140108] bottom_world=[ 0.10902458 -0.10904635  0.47140108] quat=[ 9.2300069e-01  1.6922877e-06  1.8425798e-06 -3.8479841e-01] speed=0.0001 ang_speed=0.0011 ang_vel_vec=[ 0.00035538 -0.00100961 -0.00030538] |com_force|=0.0000N
### kotek_magnet[tick=2340] sensor3: d=0.5470m in_range=False f_mag=0.000N tau_mag=0.0000Nm misalign_deg=90.0 pos=[-0.10910752 -0.10914606  0.49140108] bottom_world=[-0.10910746 -0.10914594  0.47140108] quat=[-3.8058382e-01 -2.5524212e-06 -2.2671566e-06  9.2474645e-01] speed=0.0005 ang_speed=0.0023 ang_vel_vec=[-0.00096506  0.001931   -0.00066878] |com_force|=0.0000N
### kotek_magnet[tick=2340] sensor4: d=0.5249m in_range=False f_mag=0.000N tau_mag=0.0000Nm misalign_deg=90.0 pos=[-0.10900034  0.10899878  0.4914023 ] bottom_world=[-0.1090002   0.10899906  0.4714023 ] quat=[ 3.8268277e-01 -5.6618978e-07 -7.9359979e-06  9.2387980e-01] speed=0.0006 ang_speed=0.0046 ang_vel_vec=[-0.00172084  0.00423886  0.0005075 ] |com_force|=0.0000N
### kotek_magnet[tick=2400] sensor1: d=0.4082m in_range=False f_mag=0.000N tau_mag=0.0000Nm misalign_deg=90.0 pos=[0.1088038  0.10900925 0.4914023 ] bottom_world=[0.10880371 0.10900937 0.4714023 ] quat=[9.2484158e-01 3.7233042e-06 9.9607939e-07 3.8035253e-01] speed=0.0006 ang_speed=0.0028 ang_vel_vec=[-9.2387454e-05 -2.6771298e-03 -7.9309294e-04] |com_force|=0.0000N
### kotek_magnet[tick=2400] sensor2: d=0.3208m in_range=False f_mag=0.000N tau_mag=0.0000Nm misalign_deg=90.0 pos=[ 0.10902433 -0.10904737  0.49140114] bottom_world=[ 0.10902457 -0.10904699  0.47140114] quat=[ 9.2300093e-01  1.1017512e-05 -1.7772020e-06 -3.8479787e-01] speed=0.0010 ang_speed=0.0026 ang_vel_vec=[-0.00160696  0.00188611 -0.00063699] |com_force|=0.0000N
### kotek_magnet[tick=2400] sensor3: d=0.5470m in_range=False f_mag=0.000N tau_mag=0.0000Nm misalign_deg=90.0 pos=[-0.10910818 -0.10914576  0.49140126] bottom_world=[-0.10910791 -0.10914589  0.47140126] quat=[-3.8058394e-01 -5.0100630e-06  5.4756174e-06  9.2474639e-01] speed=0.0010 ang_speed=0.0025 ang_vel_vec=[ 0.00183367  0.00151307 -0.00062383] |com_force|=0.0000N
### kotek_magnet[tick=2400] sensor4: d=0.5249m in_range=False f_mag=0.000N tau_mag=0.0000Nm misalign_deg=90.0 pos=[-0.1090002   0.10899848  0.4914024 ] bottom_world=[-0.1090001   0.10899879  0.47140239] quat=[ 3.8268304e-01  5.8444442e-07 -7.9611609e-06  9.2387974e-01] speed=0.0009 ang_speed=0.0023 ang_vel_vec=[-0.00014707 -0.00182157  0.00145612] |com_force|=0.0000N
### kotek_magnet[tick=2460] sensor1: d=0.4082m in_range=False f_mag=0.000N tau_mag=0.0000Nm misalign_deg=90.0 pos=[0.10880258 0.10900907 0.4914024 ] bottom_world=[0.10880277 0.10900909 0.47140239] quat=[ 9.2484194e-01 -1.3855836e-06 -4.6406849e-06  3.8035169e-01] speed=0.0010 ang_speed=0.0024 ang_vel_vec=[-1.9222620e-03 -5.8616602e-05  1.4447180e-03] |com_force|=0.0000N
### kotek_magnet[tick=2460] sensor2: d=0.3208m in_range=False f_mag=0.000N tau_mag=0.0000Nm misalign_deg=90.0 pos=[ 0.10902432 -0.10904739  0.49140105] bottom_world=[ 0.10902458 -0.109047    0.47140105] quat=[ 9.23000872e-01  1.13956385e-05 -2.09780092e-06 -3.84797931e-01] speed=0.0010 ang_speed=0.0031 ang_vel_vec=[-0.00178792  0.00238049 -0.00081813] |com_force|=0.0000N
### kotek_magnet[tick=2460] sensor3: d=0.5470m in_range=False f_mag=0.000N tau_mag=0.0000Nm misalign_deg=90.0 pos=[-0.10910816 -0.10914575  0.4914011 ] bottom_world=[-0.10910791 -0.10914587  0.47140111] quat=[-3.8058406e-01 -4.8332604e-06  5.2454516e-06  9.2474639e-01] speed=0.0010 ang_speed=0.0027 ang_vel_vec=[ 0.00208611  0.00149743 -0.00079503] |com_force|=0.0000N
### kotek_magnet[tick=2460] sensor4: d=0.5249m in_range=False f_mag=0.000N tau_mag=0.0000Nm misalign_deg=90.0 pos=[-0.10900038  0.10899876  0.4914024 ] bottom_world=[-0.10900023  0.10899905  0.47140239] quat=[ 3.8268265e-01 -5.9097880e-07 -8.0837144e-06  9.2387980e-01] speed=0.0006 ang_speed=0.0046 ang_vel_vec=[-0.00158697  0.00429224  0.00048529] |com_force|=0.0000N
### kotek_magnet[tick=2520] sensor1: d=0.4082m in_range=False f_mag=0.000N tau_mag=0.0000Nm misalign_deg=90.0 pos=[0.10880283 0.10900928 0.49140224] bottom_world=[0.108803   0.10900926 0.47140224] quat=[ 9.2484176e-01 -2.1512194e-06 -3.7064458e-06  3.8035202e-01] speed=0.0006 ang_speed=0.0042 ang_vel_vec=[0.00386168 0.00170402 0.00040903] |com_force|=0.0000N
### kotek_magnet[tick=2520] sensor2: d=0.3208m in_range=False f_mag=0.000N tau_mag=0.0000Nm misalign_deg=90.0 pos=[ 0.10902433 -0.10904733  0.4914011 ] bottom_world=[ 0.10902457 -0.10904695  0.47140111] quat=[ 9.2300087e-01  1.1180692e-05 -1.8724672e-06 -3.8479781e-01] speed=0.0010 ang_speed=0.0030 ang_vel_vec=[-0.00192596  0.00213658 -0.00094612] |com_force|=0.0000N
### kotek_magnet[tick=2520] sensor3: d=0.5470m in_range=False f_mag=0.000N tau_mag=0.0000Nm misalign_deg=90.0 pos=[-0.10910729 -0.10914579  0.49140102] bottom_world=[-0.10910726 -0.10914576  0.47140102] quat=[-3.8058347e-01 -9.7375641e-07 -3.2389988e-07  9.2474663e-01] speed=0.0003 ang_speed=0.0061 ang_vel_vec=[0.00528359 0.0029502  0.00025167] |com_force|=0.0000N
### kotek_magnet[tick=2520] sensor4: d=0.5249m in_range=False f_mag=0.000N tau_mag=0.0000Nm misalign_deg=90.0 pos=[-0.10900021  0.10899851  0.49140233] bottom_world=[-0.1090001   0.10899882  0.47140233] quat=[ 3.8268304e-01  5.6700964e-07 -7.9697684e-06  9.2387980e-01] speed=0.0009 ang_speed=0.0019 ang_vel_vec=[-0.00027604 -0.00148535  0.00117359] |com_force|=0.0000N
### kotek_magnet[tick=2580] sensor1: d=0.4082m in_range=False f_mag=0.000N tau_mag=0.0000Nm misalign_deg=90.0 pos=[0.10880342 0.10900924 0.4914023 ] bottom_world=[0.10880344 0.10900932 0.4714023 ] quat=[ 9.2484164e-01  1.5050505e-06 -1.0623129e-06  3.8035235e-01] speed=0.0002 ang_speed=0.0018 ang_vel_vec=[ 0.00179481  0.00024473 -0.00013262] |com_force|=0.0000N
### kotek_magnet[tick=2580] sensor2: d=0.3208m in_range=False f_mag=0.000N tau_mag=0.0000Nm misalign_deg=90.0 pos=[ 0.10902464 -0.10904671  0.4914011 ] bottom_world=[ 0.10902463 -0.10904654  0.47140111] quat=[ 9.2300081e-01  3.8196877e-06  1.8865127e-06 -3.8479820e-01] speed=0.0004 ang_speed=0.0020 ang_vel_vec=[-0.0016113  -0.00103714 -0.00053674] |com_force|=0.0000N
### kotek_magnet[tick=2580] sensor3: d=0.5470m in_range=False f_mag=0.000N tau_mag=0.0000Nm misalign_deg=90.0 pos=[-0.10910818 -0.10914578  0.4914011 ] bottom_world=[-0.10910792 -0.1091459   0.47140111] quat=[-3.8058406e-01 -4.9556302e-06  5.2530245e-06  9.2474645e-01] speed=0.0010 ang_speed=0.0022 ang_vel_vec=[ 0.00174394  0.00128275 -0.00060232] |com_force|=0.0000N
### kotek_magnet[tick=2580] sensor4: d=0.5249m in_range=False f_mag=0.000N tau_mag=0.0000Nm misalign_deg=90.0 pos=[-0.10900015  0.10899848  0.49140242] bottom_world=[-0.10900005  0.10899879  0.47140242] quat=[ 3.8268304e-01  5.0103097e-07 -8.0481659e-06  9.2387974e-01] speed=0.0009 ang_speed=0.0021 ang_vel_vec=[-0.00023808 -0.00137721  0.00151533] |com_force|=0.0000N
### kotek_magnet[tick=2640] sensor1: d=0.4082m in_range=False f_mag=0.000N tau_mag=0.0000Nm misalign_deg=90.0 pos=[0.10880431 0.10900898 0.49140236] bottom_world=[0.10880405 0.10900932 0.47140236] quat=[9.2484158e-01 1.0413138e-05 2.6483699e-06 3.8035282e-01] speed=0.0010 ang_speed=0.0028 ang_vel_vec=[-0.00193252 -0.00179862 -0.00087433] |com_force|=0.0000N
### kotek_magnet[tick=2640] sensor2: d=0.3208m in_range=False f_mag=0.000N tau_mag=0.0000Nm misalign_deg=90.0 pos=[ 0.10902414 -0.10904744  0.49140105] bottom_world=[ 0.10902445 -0.10904703  0.47140105] quat=[ 9.2300069e-01  1.2576748e-05 -3.1953907e-06 -3.8479823e-01] speed=0.0013 ang_speed=0.0146 ang_vel_vec=[-0.00731663  0.01259613 -0.00030617] |com_force|=0.0000N
### kotek_magnet[tick=2640] sensor3: d=0.5470m in_range=False f_mag=0.000N tau_mag=0.0000Nm misalign_deg=90.0 pos=[-0.10910753 -0.10914608  0.49140108] bottom_world=[-0.10910747 -0.10914595  0.47140108] quat=[-3.8058385e-01 -2.6547928e-06 -2.5500531e-06  9.2474651e-01] speed=0.0004 ang_speed=0.0024 ang_vel_vec=[-0.00110528  0.00198753 -0.00068738] |com_force|=0.0000N
### kotek_magnet[tick=2640] sensor4: d=0.5249m in_range=False f_mag=0.000N tau_mag=0.0000Nm misalign_deg=90.0 pos=[-0.10900019  0.10899851  0.49140236] bottom_world=[-0.10900009  0.10899881  0.47140236] quat=[ 3.8268307e-01  6.8500282e-07 -8.0358341e-06  9.2387968e-01] speed=0.0009 ang_speed=0.0026 ang_vel_vec=[ 8.9653069e-05 -2.1927264e-03  1.3252952e-03] |com_force|=0.0000N
### kotek_magnet[tick=2700] sensor1: d=0.4082m in_range=False f_mag=0.000N tau_mag=0.0000Nm misalign_deg=90.0 pos=[0.10880431 0.10900898 0.49140233] bottom_world=[0.10880404 0.10900932 0.47140233] quat=[9.2484158e-01 1.0406177e-05 2.9270554e-06 3.8035271e-01] speed=0.0010 ang_speed=0.0024 ang_vel_vec=[-0.00164408 -0.00157838 -0.00080312] |com_force|=0.0000N
### kotek_magnet[tick=2700] sensor2: d=0.3208m in_range=False f_mag=0.000N tau_mag=0.0000Nm misalign_deg=90.0 pos=[ 0.10902465 -0.10904666  0.49140117] bottom_world=[ 0.10902464 -0.1090465   0.47140117] quat=[ 9.2300081e-01  3.6608610e-06  1.9124859e-06 -3.8479817e-01] speed=0.0004 ang_speed=0.0024 ang_vel_vec=[-0.0021296  -0.00085099 -0.00065594] |com_force|=0.0000N
### kotek_magnet[tick=2700] sensor3: d=0.5470m in_range=False f_mag=0.000N tau_mag=0.0000Nm misalign_deg=90.0 pos=[-0.10910755 -0.10914584  0.491401  ] bottom_world=[-0.10910746 -0.10914584  0.47140099] quat=[-3.8058367e-01 -2.1071835e-06  7.7944492e-07  9.2474651e-01] speed=0.0004 ang_speed=0.0031 ang_vel_vec=[ 0.00185535  0.00249138 -0.00017301] |com_force|=0.0000N
### kotek_magnet[tick=2700] sensor4: d=0.5249m in_range=False f_mag=0.000N tau_mag=0.0000Nm misalign_deg=90.0 pos=[-0.10900019  0.10899851  0.49140233] bottom_world=[-0.10900008  0.10899882  0.47140233] quat=[ 3.8268301e-01  4.7160324e-07 -8.0809868e-06  9.2387974e-01] speed=0.0009 ang_speed=0.0018 ang_vel_vec=[-0.00055624 -0.00089757  0.00140045] |com_force|=0.0000N
### kotek_magnet[tick=2760] sensor1: d=0.4082m in_range=False f_mag=0.000N tau_mag=0.0000Nm misalign_deg=90.0 pos=[0.1088043  0.10900895 0.49140233] bottom_world=[0.10880403 0.10900929 0.47140233] quat=[9.2484152e-01 1.0337861e-05 2.9614205e-06 3.8035277e-01] speed=0.0010 ang_speed=0.0024 ang_vel_vec=[-0.00161555 -0.00161846 -0.00082264] |com_force|=0.0000N
### kotek_magnet[tick=2760] sensor2: d=0.3208m in_range=False f_mag=0.000N tau_mag=0.0000Nm misalign_deg=90.0 pos=[ 0.10902435 -0.10904736  0.49140114] bottom_world=[ 0.10902459 -0.10904699  0.47140114] quat=[ 9.2300087e-01  1.0785669e-05 -1.8433220e-06 -3.8479781e-01] speed=0.0010 ang_speed=0.0027 ang_vel_vec=[-0.00162902  0.00204707 -0.00072459] |com_force|=0.0000N
### kotek_magnet[tick=2760] sensor3: d=0.5470m in_range=False f_mag=0.000N tau_mag=0.0000Nm misalign_deg=90.0 pos=[-0.10910808 -0.10914568  0.4914012 ] bottom_world=[-0.10910782 -0.10914582  0.4714012 ] quat=[-3.8058382e-01 -4.6653040e-06  5.7691368e-06  9.2474651e-01] speed=0.0010 ang_speed=0.0042 ang_vel_vec=[ 0.00292644  0.00291839 -0.00039078] |com_force|=0.0000N
### kotek_magnet[tick=2760] sensor4: d=0.5249m in_range=False f_mag=0.000N tau_mag=0.0000Nm misalign_deg=90.0 pos=[-0.10900035  0.10899873  0.49140236] bottom_world=[-0.1090002   0.10899902  0.47140236] quat=[ 3.8268277e-01 -6.9650969e-07 -8.0673226e-06  9.2387986e-01] speed=0.0006 ang_speed=0.0047 ang_vel_vec=[-0.00173676  0.00438506  0.00052266] |com_force|=0.0000N
### kotek_magnet[tick=2820] sensor1: d=0.4082m in_range=False f_mag=0.000N tau_mag=0.0000Nm misalign_deg=90.0 pos=[0.10880431 0.10900894 0.4914023 ] bottom_world=[0.10880404 0.10900929 0.4714023 ] quat=[9.2484146e-01 1.0744506e-05 2.9046569e-06 3.8035274e-01] speed=0.0010 ang_speed=0.0028 ang_vel_vec=[-0.00191708 -0.00180413 -0.00081693] |com_force|=0.0000N
### kotek_magnet[tick=2820] sensor2: d=0.3208m in_range=False f_mag=0.000N tau_mag=0.0000Nm misalign_deg=90.0 pos=[ 0.10902465 -0.10904673  0.4914012 ] bottom_world=[ 0.10902464 -0.10904656  0.4714012 ] quat=[ 9.2300081e-01  3.7782370e-06  1.9417319e-06 -3.8479805e-01] speed=0.0004 ang_speed=0.0024 ang_vel_vec=[-0.00216894 -0.00077019 -0.00071917] |com_force|=0.0000N
### kotek_magnet[tick=2820] sensor3: d=0.5470m in_range=False f_mag=0.000N tau_mag=0.0000Nm misalign_deg=90.0 pos=[-0.10910647 -0.10914588  0.49140114] bottom_world=[-0.10910665 -0.10914568  0.47140114] quat=[-3.8058305e-01  2.3920431e-06 -6.2960735e-06  9.2474681e-01] speed=0.0009 ang_speed=0.0030 ang_vel_vec=[0.00255116 0.00019764 0.00148256] |com_force|=0.0000N
### kotek_magnet[tick=2820] sensor4: d=0.5249m in_range=False f_mag=0.000N tau_mag=0.0000Nm misalign_deg=90.0 pos=[-0.10900042  0.10899843  0.49140245] bottom_world=[-0.10900022  0.10899876  0.47140245] quat=[ 3.8268283e-01 -1.4731471e-06 -9.7368420e-06  9.2387974e-01] speed=0.0009 ang_speed=0.0032 ang_vel_vec=[0.00036425 0.00306725 0.00064427] |com_force|=0.0000N
### kotek_magnet[tick=2880] sensor1: d=0.4082m in_range=False f_mag=0.000N tau_mag=0.0000Nm misalign_deg=90.0 pos=[0.10880431 0.10900899 0.49140233] bottom_world=[0.10880404 0.10900933 0.47140233] quat=[9.2484152e-01 1.0385204e-05 2.9311082e-06 3.8035265e-01] speed=0.0009 ang_speed=0.0025 ang_vel_vec=[-0.00165028 -0.00165853 -0.00098165] |com_force|=0.0000N
### kotek_magnet[tick=2880] sensor2: d=0.3208m in_range=False f_mag=0.000N tau_mag=0.0000Nm misalign_deg=90.0 pos=[ 0.10902433 -0.10904738  0.49140117] bottom_world=[ 0.10902458 -0.10904699  0.47140117] quat=[ 9.2300087e-01  1.1254916e-05 -1.9204799e-06 -3.8479805e-01] speed=0.0010 ang_speed=0.0032 ang_vel_vec=[-0.00204186  0.0023424  -0.00094584] |com_force|=0.0000N
### kotek_magnet[tick=2880] sensor3: d=0.5470m in_range=False f_mag=0.000N tau_mag=0.0000Nm misalign_deg=90.0 pos=[-0.10910642 -0.1091461   0.4914011 ] bottom_world=[-0.10910663 -0.10914579  0.47140111] quat=[-3.8058308e-01  2.0235359e-06 -8.9885361e-06  9.2474675e-01] speed=0.0009 ang_speed=0.0024 ang_vel_vec=[-0.0022896   0.00060018  0.00063035] |com_force|=0.0000N
### kotek_magnet[tick=2880] sensor4: d=0.5249m in_range=False f_mag=0.000N tau_mag=0.0000Nm misalign_deg=90.0 pos=[-0.10900021  0.10899851  0.49140236] bottom_world=[-0.1090001   0.10899882  0.47140236] quat=[ 3.8268307e-01  4.4525524e-07 -8.1509761e-06  9.2387974e-01] speed=0.0009 ang_speed=0.0015 ang_vel_vec=[-0.00047618 -0.00082929  0.0012063 ] |com_force|=0.0000N
### kotek_magnet[tick=2940] sensor1: d=0.4082m in_range=False f_mag=0.000N tau_mag=0.0000Nm misalign_deg=90.0 pos=[0.10880381 0.10900929 0.49140227] bottom_world=[0.10880371 0.10900941 0.47140227] quat=[9.2484158e-01 3.7025561e-06 1.0459099e-06 3.8035268e-01] speed=0.0006 ang_speed=0.0027 ang_vel_vec=[ 0.00076719 -0.00233231 -0.001079  ] |com_force|=0.0000N
### kotek_magnet[tick=2940] sensor2: d=0.3208m in_range=False f_mag=0.000N tau_mag=0.0000Nm misalign_deg=90.0 pos=[ 0.10902413 -0.10904743  0.491401  ] bottom_world=[ 0.10902445 -0.10904702  0.47140099] quat=[ 9.2300087e-01  1.2368556e-05 -3.4082889e-06 -3.8479814e-01] speed=0.0013 ang_speed=0.0160 ang_vel_vec=[-0.00792737  0.01386766 -0.00047194] |com_force|=0.0000N
### kotek_magnet[tick=2940] sensor3: d=0.5470m in_range=False f_mag=0.000N tau_mag=0.0000Nm misalign_deg=90.0 pos=[-0.10910641 -0.1091459   0.4914011 ] bottom_world=[-0.1091066  -0.10914569  0.47140111] quat=[-3.8058317e-01  2.5112440e-06 -6.6817852e-06  9.2474681e-01] speed=0.0010 ang_speed=0.0025 ang_vel_vec=[ 2.1455418e-03 -8.0162165e-05  1.3565607e-03] |com_force|=0.0000N
### kotek_magnet[tick=2940] sensor4: d=0.5249m in_range=False f_mag=0.000N tau_mag=0.0000Nm misalign_deg=90.0 pos=[-0.1090002   0.10899848  0.49140233] bottom_world=[-0.10900009  0.10899879  0.47140233] quat=[ 3.8268304e-01  4.7372112e-07 -8.1705530e-06  9.2387980e-01] speed=0.0009 ang_speed=0.0016 ang_vel_vec=[-0.00028328 -0.00106775  0.00118956] |com_force|=0.0000N
### kotek_magnet[tick=3000] sensor1: d=0.4082m in_range=False f_mag=0.000N tau_mag=0.0000Nm misalign_deg=90.0 pos=[0.10880379 0.10900928 0.49140227] bottom_world=[0.10880369 0.10900941 0.47140227] quat=[9.2484152e-01 3.9228980e-06 1.0179754e-06 3.8035277e-01] speed=0.0006 ang_speed=0.0025 ang_vel_vec=[ 0.00027616 -0.00233599 -0.00084697] |com_force|=0.0000N
### kotek_magnet[tick=3000] sensor2: d=0.3208m in_range=False f_mag=0.000N tau_mag=0.0000Nm misalign_deg=90.0 pos=[ 0.10902463 -0.10904643  0.49140102] bottom_world=[ 0.10902459 -0.10904633  0.47140102] quat=[ 9.2300063e-01  1.8186922e-06  1.8052004e-06 -3.8479838e-01] speed=0.0001 ang_speed=0.0013 ang_vel_vec=[ 0.00046968 -0.00117854 -0.00031399] |com_force|=0.0000N
### kotek_magnet[tick=3000] sensor3: d=0.5470m in_range=False f_mag=0.000N tau_mag=0.0000Nm misalign_deg=90.0 pos=[-0.10910647 -0.10914589  0.4914011 ] bottom_world=[-0.10910665 -0.10914569  0.47140111] quat=[-3.8058302e-01  2.3806936e-06 -6.3845509e-06  9.2474681e-01] speed=0.0009 ang_speed=0.0030 ang_vel_vec=[0.00254031 0.00019184 0.00152504] |com_force|=0.0000N
### kotek_magnet[tick=3000] sensor4: d=0.5249m in_range=False f_mag=0.000N tau_mag=0.0000Nm misalign_deg=90.0 pos=[-0.10900022  0.10899849  0.49140236] bottom_world=[-0.10900012  0.1089988   0.47140236] quat=[ 3.8268295e-01  5.5443530e-07 -8.1589533e-06  9.2387980e-01] speed=0.0009 ang_speed=0.0018 ang_vel_vec=[-0.00036842 -0.00114126  0.00138033] |com_force|=0.0000N
### kotek_magnet[tick=3060] sensor1: d=0.4082m in_range=False f_mag=0.000N tau_mag=0.0000Nm misalign_deg=90.0 pos=[0.10880382 0.10900928 0.49140233] bottom_world=[0.10880372 0.1090094  0.47140233] quat=[9.2484158e-01 3.7299508e-06 9.3724054e-07 3.8035271e-01] speed=0.0006 ang_speed=0.0024 ang_vel_vec=[ 0.00038768 -0.00226566 -0.0007765 ] |com_force|=0.0000N
### kotek_magnet[tick=3060] sensor2: d=0.3208m in_range=False f_mag=0.000N tau_mag=0.0000Nm misalign_deg=90.0 pos=[ 0.10902442 -0.10904673  0.491401  ] bottom_world=[ 0.10902452 -0.10904653  0.47140099] quat=[ 9.2300075e-01  5.5363548e-06 -4.5197703e-07 -3.8479820e-01] speed=0.0004 ang_speed=0.0029 ang_vel_vec=[-0.00227062  0.00173819 -0.00012365] |com_force|=0.0000N
### kotek_magnet[tick=3060] sensor3: d=0.5470m in_range=False f_mag=0.000N tau_mag=0.0000Nm misalign_deg=90.0 pos=[-0.10910641 -0.10914589  0.49140108] bottom_world=[-0.10910661 -0.10914568  0.47140108] quat=[-3.8058308e-01  2.5650577e-06 -6.8482086e-06  9.2474681e-01] speed=0.0010 ang_speed=0.0024 ang_vel_vec=[ 0.00170584 -0.00031541  0.00161181] |com_force|=0.0000N
### kotek_magnet[tick=3060] sensor4: d=0.5249m in_range=False f_mag=0.000N tau_mag=0.0000Nm misalign_deg=90.0 pos=[-0.10900026  0.10899847  0.49140236] bottom_world=[-0.10900013  0.1089988   0.47140236] quat=[ 3.8268298e-01  1.6335659e-07 -8.8401139e-06  9.2387980e-01] speed=0.0010 ang_speed=0.0018 ang_vel_vec=[-0.00101789 -0.00012016  0.00146588] |com_force|=0.0000N
### kotek_magnet[tick=3120] sensor1: d=0.4082m in_range=False f_mag=0.000N tau_mag=0.0000Nm misalign_deg=90.0 pos=[0.10880382 0.10900925 0.4914023 ] bottom_world=[0.10880372 0.10900936 0.4714023 ] quat=[9.2484164e-01 3.5273240e-06 1.2241710e-06 3.8035259e-01] speed=0.0006 ang_speed=0.0029 ang_vel_vec=[ 0.00167952 -0.00214657 -0.00110333] |com_force|=0.0000N
### kotek_magnet[tick=3120] sensor2: d=0.3208m in_range=False f_mag=0.000N tau_mag=0.0000Nm misalign_deg=90.0 pos=[ 0.10902445 -0.10904676  0.49140096] bottom_world=[ 0.10902456 -0.10904657  0.47140096] quat=[ 9.2300075e-01  5.4733578e-06 -6.5556424e-07 -3.8479826e-01] speed=0.0003 ang_speed=0.0028 ang_vel_vec=[-0.00197749  0.00195202 -0.00041629] |com_force|=0.0000N
### kotek_magnet[tick=3120] sensor3: d=0.5470m in_range=False f_mag=0.000N tau_mag=0.0000Nm misalign_deg=90.0 pos=[-0.10910645 -0.1091459   0.49140108] bottom_world=[-0.10910664 -0.1091457   0.47140108] quat=[-3.8058296e-01  2.5212018e-06 -6.3775483e-06  9.2474681e-01] speed=0.0009 ang_speed=0.0030 ang_vel_vec=[0.00265617 0.00028219 0.00131321] |com_force|=0.0000N
### kotek_magnet[tick=3120] sensor4: d=0.5249m in_range=False f_mag=0.000N tau_mag=0.0000Nm misalign_deg=90.0 pos=[-0.1090002  0.1089985  0.4914024] bottom_world=[-0.10900008  0.10899881  0.47140239] quat=[ 3.8268310e-01  2.9046905e-07 -8.2992774e-06  9.2387968e-01] speed=0.0009 ang_speed=0.0014 ang_vel_vec=[-0.00061726 -0.00059871  0.00114782] |com_force|=0.0000N
### kotek_magnet[tick=3180] sensor1: d=0.4082m in_range=False f_mag=0.000N tau_mag=0.0000Nm misalign_deg=90.0 pos=[0.10880381 0.10900926 0.49140233] bottom_world=[0.10880372 0.10900938 0.47140233] quat=[9.2484164e-01 3.7661714e-06 9.6800159e-07 3.8035259e-01] speed=0.0006 ang_speed=0.0025 ang_vel_vec=[ 0.00027939 -0.00233853 -0.00080479] |com_force|=0.0000N
### kotek_magnet[tick=3180] sensor2: d=0.3208m in_range=False f_mag=0.000N tau_mag=0.0000Nm misalign_deg=90.0 pos=[ 0.10902464 -0.10904588  0.49140117] bottom_world=[ 0.1090245  -0.10904594  0.47140117] quat=[ 9.2300063e-01 -2.7894778e-06  2.5569432e-06 -3.8479847e-01] speed=0.0006 ang_speed=0.0046 ang_vel_vec=[ 0.00201636 -0.00407302  0.00061364] |com_force|=0.0000N
### kotek_magnet[tick=3180] sensor3: d=0.5470m in_range=False f_mag=0.000N tau_mag=0.0000Nm misalign_deg=90.0 pos=[-0.10910721 -0.10914586  0.4914011 ] bottom_world=[-0.10910717 -0.10914581  0.47140111] quat=[-3.8058347e-01 -1.3642066e-06 -7.2878129e-07  9.2474663e-01] speed=0.0002 ang_speed=0.0031 ang_vel_vec=[0.00258105 0.00170165 0.00035755] |com_force|=0.0000N
### kotek_magnet[tick=3180] sensor4: d=0.5249m in_range=False f_mag=0.000N tau_mag=0.0000Nm misalign_deg=90.0 pos=[-0.10900041  0.10899848  0.49140227] bottom_world=[-0.10900021  0.10899882  0.47140227] quat=[ 3.8268292e-01 -1.5115191e-06 -9.6715548e-06  9.2387980e-01] speed=0.0009 ang_speed=0.0035 ang_vel_vec=[0.00019841 0.00341867 0.00070533] |com_force|=0.0000N
### kotek_magnet[tick=3240] sensor1: d=0.4082m in_range=False f_mag=0.000N tau_mag=0.0000Nm misalign_deg=90.0 pos=[0.1088038  0.10900924 0.4914024 ] bottom_world=[0.10880372 0.10900935 0.47140239] quat=[9.2484158e-01 3.3523334e-06 8.5459249e-07 3.8035262e-01] speed=0.0006 ang_speed=0.0025 ang_vel_vec=[ 0.00122465 -0.00205262 -0.00086367] |com_force|=0.0000N
### kotek_magnet[tick=3240] sensor2: d=0.3208m in_range=False f_mag=0.000N tau_mag=0.0000Nm misalign_deg=90.0 pos=[ 0.10902437 -0.10904735  0.49140117] bottom_world=[ 0.10902459 -0.10904698  0.47140117] quat=[ 9.2300093e-01  1.0512284e-05 -1.5084825e-06 -3.8479784e-01] speed=0.0010 ang_speed=0.0021 ang_vel_vec=[-0.00129202  0.00148788 -0.00075691] |com_force|=0.0000N
### kotek_magnet[tick=3240] sensor3: d=0.5470m in_range=False f_mag=0.000N tau_mag=0.0000Nm misalign_deg=90.0 pos=[-0.10910816 -0.1091458   0.49140117] bottom_world=[-0.1091079  -0.1091459   0.47140117] quat=[-3.8058412e-01 -4.8556353e-06  4.8534694e-06  9.2474633e-01] speed=0.0010 ang_speed=0.0020 ang_vel_vec=[ 0.00143304  0.00121063 -0.00075145] |com_force|=0.0000N
### kotek_magnet[tick=3240] sensor4: d=0.5249m in_range=False f_mag=0.000N tau_mag=0.0000Nm misalign_deg=90.0 pos=[-0.10900042  0.10899845  0.4914024 ] bottom_world=[-0.10900021  0.10899879  0.47140239] quat=[ 3.8268289e-01 -1.6500121e-06 -9.9404788e-06  9.2387980e-01] speed=0.0009 ang_speed=0.0038 ang_vel_vec=[2.5616169e-05 3.6996517e-03 6.5063540e-04] |com_force|=0.0000N
### kotek_magnet[tick=3300] sensor1: d=0.4082m in_range=False f_mag=0.000N tau_mag=0.0000Nm misalign_deg=90.0 pos=[0.10880256 0.10900935 0.49140227] bottom_world=[0.10880277 0.10900926 0.47140227] quat=[ 9.2484188e-01 -4.0041973e-06 -4.2258598e-06  3.8035181e-01] speed=0.0009 ang_speed=0.0035 ang_vel_vec=[3.4449867e-03 6.0542596e-05 7.6991098e-04] |com_force|=0.0000N
### kotek_magnet[tick=3300] sensor2: d=0.3208m in_range=False f_mag=0.000N tau_mag=0.0000Nm misalign_deg=90.0 pos=[ 0.10902463 -0.10904668  0.49140108] bottom_world=[ 0.10902461 -0.10904651  0.47140108] quat=[ 9.2300081e-01  3.6987863e-06  1.9352779e-06 -3.8479802e-01] speed=0.0004 ang_speed=0.0022 ang_vel_vec=[-0.001793   -0.0011468  -0.00071829] |com_force|=0.0000N
### kotek_magnet[tick=3300] sensor3: d=0.5470m in_range=False f_mag=0.000N tau_mag=0.0000Nm misalign_deg=90.0 pos=[-0.10910752 -0.10914609  0.49140108] bottom_world=[-0.10910746 -0.10914596  0.47140108] quat=[-3.8058400e-01 -2.5137817e-06 -2.3134889e-06  9.2474639e-01] speed=0.0005 ang_speed=0.0023 ang_vel_vec=[-0.00098084  0.00189869 -0.00072543] |com_force|=0.0000N
### kotek_magnet[tick=3300] sensor4: d=0.5249m in_range=False f_mag=0.000N tau_mag=0.0000Nm misalign_deg=90.0 pos=[-0.10900044  0.10899848  0.49140236] bottom_world=[-0.10900023  0.10899882  0.47140236] quat=[ 3.8268289e-01 -1.5440718e-06 -9.7102384e-06  9.2387980e-01] speed=0.0009 ang_speed=0.0035 ang_vel_vec=[0.00026961 0.00342847 0.00062086] |com_force|=0.0000N
### kotek_magnet[tick=3360] sensor1: d=0.4082m in_range=False f_mag=0.000N tau_mag=0.0000Nm misalign_deg=90.0 pos=[0.10880261 0.10900906 0.49140236] bottom_world=[0.1088028  0.10900908 0.47140236] quat=[ 9.2484206e-01 -1.2109066e-06 -4.6048895e-06  3.8035166e-01] speed=0.0010 ang_speed=0.0030 ang_vel_vec=[-0.00258226 -0.00028435  0.00152514] |com_force|=0.0000N
### kotek_magnet[tick=3360] sensor2: d=0.3208m in_range=False f_mag=0.000N tau_mag=0.0000Nm misalign_deg=90.0 pos=[ 0.10902432 -0.10904735  0.49140114] bottom_world=[ 0.10902456 -0.10904697  0.47140114] quat=[ 9.23000872e-01  1.10733645e-05 -1.89889579e-06 -3.84797812e-01] speed=0.0010 ang_speed=0.0029 ang_vel_vec=[-0.00182417  0.00214946 -0.00072524] |com_force|=0.0000N
### kotek_magnet[tick=3360] sensor3: d=0.5470m in_range=False f_mag=0.000N tau_mag=0.0000Nm misalign_deg=90.0 pos=[-0.10910752 -0.10914609  0.49140117] bottom_world=[-0.10910746 -0.10914597  0.47140117] quat=[-3.8058388e-01 -2.5242773e-06 -2.2360505e-06  9.2474645e-01] speed=0.0005 ang_speed=0.0024 ang_vel_vec=[-0.00068524  0.00216597 -0.0006863 ] |com_force|=0.0000N
### kotek_magnet[tick=3360] sensor4: d=0.5249m in_range=False f_mag=0.000N tau_mag=0.0000Nm misalign_deg=90.0 pos=[-0.10900021  0.10899848  0.4914024 ] bottom_world=[-0.1090001   0.10899879  0.47140239] quat=[ 3.8268304e-01  5.2065809e-07 -8.0099335e-06  9.2387974e-01] speed=0.0009 ang_speed=0.0019 ang_vel_vec=[-0.00042816 -0.00118445  0.00141281] |com_force|=0.0000N
### still playing, 1340s left
### kotek_magnet[tick=3420] sensor1: d=0.4082m in_range=False f_mag=0.000N tau_mag=0.0000Nm misalign_deg=90.0 pos=[0.10880257 0.10900931 0.4914022 ] bottom_world=[0.10880279 0.10900922 0.47140221] quat=[ 9.2484188e-01 -4.0860768e-06 -4.3039554e-06  3.8035178e-01] speed=0.0009 ang_speed=0.0037 ang_vel_vec=[0.00366213 0.00015377 0.00079221] |com_force|=0.0000N
### kotek_magnet[tick=3420] sensor2: d=0.3208m in_range=False f_mag=0.000N tau_mag=0.0000Nm misalign_deg=90.0 pos=[ 0.10902464 -0.10904668  0.49140105] bottom_world=[ 0.10902462 -0.10904652  0.47140105] quat=[ 9.2300075e-01  3.6044266e-06  2.0629088e-06 -3.8479811e-01] speed=0.0004 ang_speed=0.0023 ang_vel_vec=[-0.00169054 -0.00133908 -0.00069924] |com_force|=0.0000N
### kotek_magnet[tick=3420] sensor3: d=0.5470m in_range=False f_mag=0.000N tau_mag=0.0000Nm misalign_deg=90.0 pos=[-0.10910647 -0.10914586  0.49140096] bottom_world=[-0.10910666 -0.10914565  0.47140096] quat=[-3.8058293e-01  2.4386254e-06 -6.5742843e-06  9.2474681e-01] speed=0.0009 ang_speed=0.0024 ang_vel_vec=[ 0.00190698 -0.00016506  0.00150664] |com_force|=0.0000N
### kotek_magnet[tick=3420] sensor4: d=0.5249m in_range=False f_mag=0.000N tau_mag=0.0000Nm misalign_deg=90.0 pos=[-0.10900021  0.1089985   0.4914023 ] bottom_world=[-0.10900009  0.10899882  0.4714023 ] quat=[ 3.8268301e-01  3.8980932e-07 -8.3840032e-06  9.2387968e-01] speed=0.0009 ang_speed=0.0016 ang_vel_vec=[-0.00060252 -0.00071804  0.00135735] |com_force|=0.0000N
### kotek_magnet[tick=3480] sensor1: d=0.4082m in_range=False f_mag=0.000N tau_mag=0.0000Nm misalign_deg=90.0 pos=[0.10880258 0.10900909 0.49140227] bottom_world=[0.10880278 0.10900911 0.47140227] quat=[ 9.2484194e-01 -1.5753932e-06 -4.6944019e-06  3.8035175e-01] speed=0.0010 ang_speed=0.0023 ang_vel_vec=[-0.00170899  0.00012286  0.00154843] |com_force|=0.0000N
### kotek_magnet[tick=3480] sensor2: d=0.3208m in_range=False f_mag=0.000N tau_mag=0.0000Nm misalign_deg=90.0 pos=[ 0.10902466 -0.10904644  0.49140096] bottom_world=[ 0.10902461 -0.10904636  0.47140096] quat=[ 9.2300075e-01  1.4564469e-06  1.9483932e-06 -3.8479832e-01] speed=0.0001 ang_speed=0.0022 ang_vel_vec=[ 0.00120875 -0.00180213 -0.00023374] |com_force|=0.0000N
### kotek_magnet[tick=3480] sensor3: d=0.5470m in_range=False f_mag=0.000N tau_mag=0.0000Nm misalign_deg=90.0 pos=[-0.10910751 -0.10914607  0.4914011 ] bottom_world=[-0.10910746 -0.10914594  0.47140111] quat=[-3.8058382e-01 -2.4054275e-06 -2.5204731e-06  9.2474645e-01] speed=0.0005 ang_speed=0.0023 ang_vel_vec=[-0.00108004  0.00194433 -0.00063172] |com_force|=0.0000N
### kotek_magnet[tick=3480] sensor4: d=0.5249m in_range=False f_mag=0.000N tau_mag=0.0000Nm misalign_deg=90.0 pos=[-0.1090004   0.10899873  0.49140227] bottom_world=[-0.10900025  0.10899902  0.47140227] quat=[ 3.8268259e-01 -6.9802218e-07 -8.2156521e-06  9.2387986e-01] speed=0.0006 ang_speed=0.0048 ang_vel_vec=[-0.00174738  0.00440338  0.00057079] |com_force|=0.0000N
### kotek_magnet[tick=3540] sensor1: d=0.4082m in_range=False f_mag=0.000N tau_mag=0.0000Nm misalign_deg=90.0 pos=[0.10880259 0.10900932 0.4914024 ] bottom_world=[0.10880281 0.10900923 0.47140239] quat=[ 9.2484194e-01 -4.1154799e-06 -4.2660308e-06  3.8035184e-01] speed=0.0009 ang_speed=0.0036 ang_vel_vec=[3.6023778e-03 7.4884068e-05 4.9760891e-04] |com_force|=0.0000N
### kotek_magnet[tick=3540] sensor2: d=0.3208m in_range=False f_mag=0.000N tau_mag=0.0000Nm misalign_deg=90.0 pos=[ 0.10902451 -0.10904558  0.49140108] bottom_world=[ 0.10902439 -0.10904568  0.47140108] quat=[ 9.2300051e-01 -3.3601943e-06  1.7602736e-06 -3.8479888e-01] speed=0.0010 ang_speed=0.0017 ang_vel_vec=[0.00079693 0.00084896 0.00120248] |com_force|=0.0000N
### kotek_magnet[tick=3540] sensor3: d=0.5470m in_range=False f_mag=0.000N tau_mag=0.0000Nm misalign_deg=90.0 pos=[-0.10910815 -0.10914578  0.49140102] bottom_world=[-0.10910789 -0.10914589  0.47140102] quat=[-3.8058415e-01 -4.8749857e-06  5.1716470e-06  9.2474633e-01] speed=0.0010 ang_speed=0.0026 ang_vel_vec=[ 0.00192872  0.00147951 -0.00104151] |com_force|=0.0000N
### kotek_magnet[tick=3540] sensor4: d=0.5249m in_range=False f_mag=0.000N tau_mag=0.0000Nm misalign_deg=90.0 pos=[-0.10900036  0.10899953  0.49140224] bottom_world=[-0.10900034  0.10899959  0.47140224] quat=[ 3.8268211e-01  7.2493599e-08 -1.6920810e-06  9.2388004e-01] speed=0.0005 ang_speed=0.0029 ang_vel_vec=[ 0.00212439  0.00173093 -0.00102051] |com_force|=0.0000N
### kotek_magnet[tick=3600] sensor1: d=0.4082m in_range=False f_mag=0.000N tau_mag=0.0000Nm misalign_deg=90.0 pos=[0.10880338 0.10900927 0.49140218] bottom_world=[0.1088034  0.10900935 0.47140218] quat=[ 9.2484176e-01  1.4778930e-06 -1.2316838e-06  3.8035235e-01] speed=0.0002 ang_speed=0.0022 ang_vel_vec=[ 0.00195771  0.00103922 -0.00030913] |com_force|=0.0000N
### kotek_magnet[tick=3600] sensor2: d=0.3208m in_range=False f_mag=0.000N tau_mag=0.0000Nm misalign_deg=90.0 pos=[ 0.10902442 -0.10904672  0.49140096] bottom_world=[ 0.10902452 -0.10904652  0.47140096] quat=[ 9.230007e-01  5.634088e-06 -4.335975e-07 -3.847983e-01] speed=0.0004 ang_speed=0.0025 ang_vel_vec=[-0.0019917   0.00153129 -0.00021132] |com_force|=0.0000N
### kotek_magnet[tick=3600] sensor3: d=0.5470m in_range=False f_mag=0.000N tau_mag=0.0000Nm misalign_deg=90.0 pos=[-0.10910751 -0.10914607  0.49140108] bottom_world=[-0.10910745 -0.10914595  0.47140108] quat=[-3.8058394e-01 -2.6157124e-06 -2.3770376e-06  9.2474639e-01] speed=0.0005 ang_speed=0.0022 ang_vel_vec=[-0.00095536  0.00188219 -0.00068272] |com_force|=0.0000N
### kotek_magnet[tick=3600] sensor4: d=0.5249m in_range=False f_mag=0.000N tau_mag=0.0000Nm misalign_deg=90.0 pos=[-0.10900006  0.1090002   0.4914023 ] bottom_world=[-0.10900028  0.10900006  0.4714023 ] quat=[3.8268197e-01 3.8044172e-06 5.2717046e-06 9.2388010e-01] speed=0.0010 ang_speed=0.0029 ang_vel_vec=[ 0.00201249 -0.00193856 -0.00074442] |com_force|=0.0000N
### kotek_magnet[tick=3660] sensor1: d=0.4082m in_range=False f_mag=0.000N tau_mag=0.0000Nm misalign_deg=90.0 pos=[0.10880256 0.10900904 0.49140245] bottom_world=[0.10880276 0.10900906 0.47140245] quat=[ 9.2484194e-01 -1.4702506e-06 -4.7656267e-06  3.8035172e-01] speed=0.0010 ang_speed=0.0024 ang_vel_vec=[-1.9066664e-03  7.3561961e-05  1.4612712e-03] |com_force|=0.0000N
### kotek_magnet[tick=3660] sensor2: d=0.3208m in_range=False f_mag=0.000N tau_mag=0.0000Nm misalign_deg=90.0 pos=[ 0.10902447 -0.10904567  0.4914012 ] bottom_world=[ 0.10902436 -0.10904575  0.4714012 ] quat=[ 9.2300045e-01 -2.9190708e-06  1.5487894e-06 -3.8479897e-01] speed=0.0010 ang_speed=0.0023 ang_vel_vec=[0.00038545 0.00166957 0.00145983] |com_force|=0.0000N
### kotek_magnet[tick=3660] sensor3: d=0.5470m in_range=False f_mag=0.000N tau_mag=0.0000Nm misalign_deg=90.0 pos=[-0.10910701 -0.10914564  0.49140108] bottom_world=[-0.10910701 -0.10914562  0.47140108] quat=[-3.8058311e-01 -1.5489076e-07 -4.2283531e-07  9.2474681e-01] speed=0.0006 ang_speed=0.0095 ang_vel_vec=[0.00819544 0.00453641 0.00139671] |com_force|=0.0000N
### kotek_magnet[tick=3660] sensor4: d=0.5249m in_range=False f_mag=0.000N tau_mag=0.0000Nm misalign_deg=90.0 pos=[-0.10900008  0.10900013  0.4914024 ] bottom_world=[-0.1090003   0.10899999  0.47140239] quat=[3.8268211e-01 3.7650132e-06 5.2784003e-06 9.2388010e-01] speed=0.0010 ang_speed=0.0024 ang_vel_vec=[ 0.00155759 -0.00163904 -0.00073572] |com_force|=0.0000N
### kotek_magnet[tick=3720] sensor1: d=0.4082m in_range=False f_mag=0.000N tau_mag=0.0000Nm misalign_deg=90.0 pos=[0.10880258 0.10900933 0.4914023 ] bottom_world=[0.10880279 0.10900925 0.4714023 ] quat=[ 9.2484188e-01 -3.9340771e-06 -4.1798676e-06  3.8035181e-01] speed=0.0009 ang_speed=0.0034 ang_vel_vec=[ 3.3192425e-03 -5.7043620e-05  7.6726690e-04] |com_force|=0.0000N
### kotek_magnet[tick=3720] sensor2: d=0.3208m in_range=False f_mag=0.000N tau_mag=0.0000Nm misalign_deg=90.0 pos=[ 0.10902464 -0.1090467   0.49140117] bottom_world=[ 0.10902463 -0.10904653  0.47140117] quat=[ 9.2300087e-01  3.9128540e-06  1.7885196e-06 -3.8479811e-01] speed=0.0004 ang_speed=0.0023 ang_vel_vec=[-0.00221989 -0.00023558 -0.00070221] |com_force|=0.0000N
### kotek_magnet[tick=3720] sensor3: d=0.5470m in_range=False f_mag=0.000N tau_mag=0.0000Nm misalign_deg=90.0 pos=[-0.10910819 -0.10914576  0.49140114] bottom_world=[-0.10910792 -0.1091459   0.47140114] quat=[-3.8058409e-01 -5.1538041e-06  5.8032724e-06  9.2474633e-01] speed=0.0010 ang_speed=0.0030 ang_vel_vec=[ 0.00224872  0.00182627 -0.00078526] |com_force|=0.0000N
### kotek_magnet[tick=3720] sensor4: d=0.5249m in_range=False f_mag=0.000N tau_mag=0.0000Nm misalign_deg=90.0 pos=[-0.10900014  0.1089996   0.49140224] bottom_world=[-0.10900024  0.10899963  0.47140224] quat=[3.8268241e-01 2.4703063e-06 3.5385074e-07 9.2387998e-01] speed=0.0004 ang_speed=0.0032 ang_vel_vec=[ 0.00275161 -0.00159617 -0.00021853] |com_force|=0.0000N
### kotek_magnet[tick=3780] sensor1: d=0.4082m in_range=False f_mag=0.000N tau_mag=0.0000Nm misalign_deg=90.0 pos=[0.10880256 0.10900933 0.49140233] bottom_world=[0.10880277 0.10900926 0.47140233] quat=[ 9.2484194e-01 -3.5745677e-06 -4.2375441e-06  3.8035181e-01] speed=0.0009 ang_speed=0.0030 ang_vel_vec=[ 2.879746e-03 -8.743957e-05  7.350357e-04] |com_force|=0.0000N
### kotek_magnet[tick=3780] sensor2: d=0.3208m in_range=False f_mag=0.000N tau_mag=0.0000Nm misalign_deg=90.0 pos=[ 0.10902464 -0.10904671  0.4914011 ] bottom_world=[ 0.10902463 -0.10904653  0.47140111] quat=[ 9.2300075e-01  4.1180456e-06  1.8639267e-06 -3.8479820e-01] speed=0.0004 ang_speed=0.0024 ang_vel_vec=[-0.00216453 -0.00061998 -0.00074208] |com_force|=0.0000N
### kotek_magnet[tick=3780] sensor3: d=0.5470m in_range=False f_mag=0.000N tau_mag=0.0000Nm misalign_deg=90.0 pos=[-0.1091075  -0.1091461   0.49140108] bottom_world=[-0.10910744 -0.10914597  0.47140108] quat=[-3.8058391e-01 -2.6290977e-06 -2.2429076e-06  9.2474639e-01] speed=0.0005 ang_speed=0.0024 ang_vel_vec=[-0.00056243  0.00216982 -0.00073885] |com_force|=0.0000N
### kotek_magnet[tick=3780] sensor4: d=0.5249m in_range=False f_mag=0.000N tau_mag=0.0000Nm misalign_deg=90.0 pos=[-0.10900036  0.10899954  0.4914024 ] bottom_world=[-0.10900036  0.1089996   0.47140239] quat=[ 3.8268232e-01  5.3367921e-07 -1.2454334e-06  9.2387998e-01] speed=0.0005 ang_speed=0.0027 ang_vel_vec=[ 0.00261759 -0.00012795 -0.00077975] |com_force|=0.0000N
### kotek_magnet[tick=3840] sensor1: d=0.4082m in_range=False f_mag=0.000N tau_mag=0.0000Nm misalign_deg=90.0 pos=[0.10880337 0.10900926 0.49140227] bottom_world=[0.10880339 0.10900932 0.47140227] quat=[ 9.2484176e-01  1.2729984e-06 -1.0628113e-06  3.8035232e-01] speed=0.0001 ang_speed=0.0011 ang_vel_vec=[ 0.0010103  -0.00028519 -0.00045346] |com_force|=0.0000N
### kotek_magnet[tick=3840] sensor2: d=0.3208m in_range=False f_mag=0.000N tau_mag=0.0000Nm misalign_deg=90.0 pos=[ 0.10902464 -0.10904589  0.49140114] bottom_world=[ 0.10902451 -0.10904595  0.47140114] quat=[ 9.2300063e-01 -2.8258696e-06  2.5623667e-06 -3.8479850e-01] speed=0.0007 ang_speed=0.0046 ang_vel_vec=[ 0.00200175 -0.0041429   0.00035995] |com_force|=0.0000N
### kotek_magnet[tick=3840] sensor3: d=0.5470m in_range=False f_mag=0.000N tau_mag=0.0000Nm misalign_deg=90.0 pos=[-0.10910647 -0.10914587  0.49140114] bottom_world=[-0.10910666 -0.10914568  0.47140114] quat=[-3.8058305e-01  2.4481965e-06 -6.1879705e-06  9.2474687e-01] speed=0.0009 ang_speed=0.0035 ang_vel_vec=[0.00318514 0.00053431 0.00132954] |com_force|=0.0000N
### kotek_magnet[tick=3840] sensor4: d=0.5249m in_range=False f_mag=0.000N tau_mag=0.0000Nm misalign_deg=90.0 pos=[-0.10900037  0.10899951  0.4914023 ] bottom_world=[-0.10900035  0.10899957  0.4714023 ] quat=[ 3.8268217e-01  5.5503023e-08 -1.5138087e-06  9.2388016e-01] speed=0.0005 ang_speed=0.0026 ang_vel_vec=[ 0.00194764  0.00145044 -0.00091563] |com_force|=0.0000N
### kotek_magnet[tick=3900] sensor1: d=0.4082m in_range=False f_mag=0.000N tau_mag=0.0000Nm misalign_deg=90.0 pos=[0.10880282 0.10900926 0.49140242] bottom_world=[0.10880299 0.10900924 0.47140242] quat=[ 9.248418e-01 -2.120270e-06 -3.726907e-06  3.803521e-01] speed=0.0007 ang_speed=0.0041 ang_vel_vec=[0.0037757  0.00162282 0.00023913] |com_force|=0.0000N
### kotek_magnet[tick=3900] sensor2: d=0.3208m in_range=False f_mag=0.000N tau_mag=0.0000Nm misalign_deg=90.0 pos=[ 0.10902449 -0.10904564  0.4914012 ] bottom_world=[ 0.10902439 -0.10904572  0.4714012 ] quat=[ 9.2300045e-01 -2.8424820e-06  1.4166521e-06 -3.8479888e-01] speed=0.0010 ang_speed=0.0024 ang_vel_vec=[1.9310733e-05 2.1684540e-03 1.1074389e-03] |com_force|=0.0000N
### kotek_magnet[tick=3900] sensor3: d=0.5470m in_range=False f_mag=0.000N tau_mag=0.0000Nm misalign_deg=90.0 pos=[-0.10910816 -0.10914579  0.4914012 ] bottom_world=[-0.10910789 -0.10914591  0.4714012 ] quat=[-3.8058397e-01 -4.9595251e-06  5.2618652e-06  9.2474639e-01] speed=0.0010 ang_speed=0.0028 ang_vel_vec=[ 0.00196551  0.00171809 -0.00112159] |com_force|=0.0000N
### kotek_magnet[tick=3900] sensor4: d=0.5249m in_range=False f_mag=0.000N tau_mag=0.0000Nm misalign_deg=90.0 pos=[-0.1090001   0.10900015  0.49140236] bottom_world=[-0.10900032  0.10900001  0.47140236] quat=[3.8268206e-01 3.6760252e-06 5.4171182e-06 9.2388022e-01] speed=0.0010 ang_speed=0.0026 ang_vel_vec=[ 0.00166317 -0.00173602 -0.00111044] |com_force|=0.0000N
### kotek_magnet[tick=3960] sensor1: d=0.4082m in_range=False f_mag=0.000N tau_mag=0.0000Nm misalign_deg=90.0 pos=[0.10880257 0.10900936 0.4914023 ] bottom_world=[0.10880279 0.10900927 0.4714023 ] quat=[ 9.2484188e-01 -3.9357706e-06 -4.1943986e-06  3.8035199e-01] speed=0.0009 ang_speed=0.0034 ang_vel_vec=[ 0.00329316 -0.00010084  0.0006891 ] |com_force|=0.0000N
### kotek_magnet[tick=3960] sensor2: d=0.3208m in_range=False f_mag=0.000N tau_mag=0.0000Nm misalign_deg=90.0 pos=[ 0.10902436 -0.10904735  0.49140114] bottom_world=[ 0.1090246  -0.10904697  0.47140114] quat=[ 9.23000932e-01  1.08872355e-05 -1.80794405e-06 -3.84797812e-01] speed=0.0010 ang_speed=0.0028 ang_vel_vec=[-0.00160364  0.00211232 -0.0008738 ] |com_force|=0.0000N
### kotek_magnet[tick=3960] sensor3: d=0.5470m in_range=False f_mag=0.000N tau_mag=0.0000Nm misalign_deg=90.0 pos=[-0.10910669 -0.10914607  0.49140108] bottom_world=[-0.10910686 -0.10914582  0.47140108] quat=[-3.8058338e-01  1.5266949e-06 -7.2418907e-06  9.2474663e-01] speed=0.0006 ang_speed=0.0036 ang_vel_vec=[-0.0032451  -0.00150261  0.00045712] |com_force|=0.0000N
### kotek_magnet[tick=3960] sensor4: d=0.5249m in_range=False f_mag=0.000N tau_mag=0.0000Nm misalign_deg=90.0 pos=[-0.1090001   0.10900018  0.49140233] bottom_world=[-0.10900033  0.10900003  0.47140233] quat=[3.8268197e-01 3.7564657e-06 5.6601439e-06 9.2388022e-01] speed=0.0010 ang_speed=0.0028 ang_vel_vec=[ 0.00196527 -0.001778   -0.00085067] |com_force|=0.0000N
### kotek_magnet[tick=4020] sensor1: d=0.4082m in_range=False f_mag=0.000N tau_mag=0.0000Nm misalign_deg=90.0 pos=[0.1088043  0.10900898 0.49140242] bottom_world=[0.10880403 0.10900933 0.47140242] quat=[9.24841523e-01 1.06456655e-05 2.84936573e-06 3.80352706e-01] speed=0.0010 ang_speed=0.0028 ang_vel_vec=[-0.00187212 -0.00184492 -0.0008355 ] |com_force|=0.0000N
### kotek_magnet[tick=4020] sensor2: d=0.3208m in_range=False f_mag=0.000N tau_mag=0.0000Nm misalign_deg=90.0 pos=[ 0.10902432 -0.10904733  0.49140108] bottom_world=[ 0.10902455 -0.10904695  0.47140108] quat=[ 9.2300087e-01  1.1009045e-05 -1.6469817e-06 -3.8479802e-01] speed=0.0010 ang_speed=0.0025 ang_vel_vec=[-0.00150483  0.00180699 -0.00079191] |com_force|=0.0000N
### kotek_magnet[tick=4020] sensor3: d=0.5470m in_range=False f_mag=0.000N tau_mag=0.0000Nm misalign_deg=90.0 pos=[-0.10910644 -0.10914589  0.49140114] bottom_world=[-0.10910663 -0.10914568  0.47140114] quat=[-3.8058302e-01  2.3718605e-06 -6.4502774e-06  9.2474681e-01] speed=0.0010 ang_speed=0.0027 ang_vel_vec=[2.2731833e-03 6.6466360e-05 1.5106146e-03] |com_force|=0.0000N
### kotek_magnet[tick=4020] sensor4: d=0.5249m in_range=False f_mag=0.000N tau_mag=0.0000Nm misalign_deg=90.0 pos=[-0.10900006  0.10900016  0.49140233] bottom_world=[-0.10900029  0.10900002  0.47140233] quat=[3.8268220e-01 3.8717112e-06 5.4262914e-06 9.2388016e-01] speed=0.0010 ang_speed=0.0028 ang_vel_vec=[ 0.00195571 -0.00186269 -0.00073177] |com_force|=0.0000N
### kotek_magnet[tick=4080] sensor1: d=0.4082m in_range=False f_mag=0.000N tau_mag=0.0000Nm misalign_deg=90.0 pos=[0.1088043  0.10900895 0.4914023 ] bottom_world=[0.10880404 0.1090093  0.4714023 ] quat=[9.2484158e-01 1.0428250e-05 2.8357040e-06 3.8035268e-01] speed=0.0010 ang_speed=0.0025 ang_vel_vec=[-0.00174967 -0.00162181 -0.00081096] |com_force|=0.0000N
### kotek_magnet[tick=4080] sensor2: d=0.3208m in_range=False f_mag=0.000N tau_mag=0.0000Nm misalign_deg=90.0 pos=[ 0.10902432 -0.10904738  0.49140114] bottom_world=[ 0.10902456 -0.10904699  0.47140114] quat=[ 9.2300087e-01  1.1315653e-05 -1.8695830e-06 -3.8479787e-01] speed=0.0010 ang_speed=0.0030 ang_vel_vec=[-0.00195369  0.00218238 -0.00078604] |com_force|=0.0000N
### kotek_magnet[tick=4080] sensor3: d=0.5470m in_range=False f_mag=0.000N tau_mag=0.0000Nm misalign_deg=90.0 pos=[-0.10910822 -0.10914574  0.49140117] bottom_world=[-0.10910795 -0.10914587  0.47140117] quat=[-3.8058403e-01 -5.1185511e-06  5.6044682e-06  9.2474639e-01] speed=0.0010 ang_speed=0.0028 ang_vel_vec=[ 0.00205227  0.00180482 -0.00078974] |com_force|=0.0000N
### kotek_magnet[tick=4080] sensor4: d=0.5249m in_range=False f_mag=0.000N tau_mag=0.0000Nm misalign_deg=90.0 pos=[-0.10900007  0.10900015  0.49140233] bottom_world=[-0.10900029  0.10900001  0.47140233] quat=[3.8268217e-01 3.7406508e-06 5.4838160e-06 9.2388016e-01] speed=0.0010 ang_speed=0.0024 ang_vel_vec=[ 0.00164659 -0.00160541 -0.00072079] |com_force|=0.0000N
### kotek_magnet[tick=4140] sensor1: d=0.4082m in_range=False f_mag=0.000N tau_mag=0.0000Nm misalign_deg=90.0 pos=[0.10880256 0.10900906 0.49140236] bottom_world=[0.10880276 0.10900907 0.47140236] quat=[ 9.2484194e-01 -1.5449737e-06 -4.7005601e-06  3.8035169e-01] speed=0.0010 ang_speed=0.0023 ang_vel_vec=[-1.8725946e-03  7.4670228e-05  1.3266674e-03] |com_force|=0.0000N
### kotek_magnet[tick=4140] sensor2: d=0.3208m in_range=False f_mag=0.000N tau_mag=0.0000Nm misalign_deg=90.0 pos=[ 0.10902466 -0.10904592  0.4914011 ] bottom_world=[ 0.10902452 -0.10904598  0.47140111] quat=[ 9.2300057e-01 -2.8960508e-06  2.6289179e-06 -3.8479850e-01] speed=0.0006 ang_speed=0.0046 ang_vel_vec=[ 0.00199907 -0.00412801  0.0004126 ] |com_force|=0.0000N
### kotek_magnet[tick=4140] sensor3: d=0.5470m in_range=False f_mag=0.000N tau_mag=0.0000Nm misalign_deg=90.0 pos=[-0.10910671 -0.10914608  0.49140108] bottom_world=[-0.10910689 -0.10914583  0.47140108] quat=[-3.8058338e-01  1.5973848e-06 -7.5037037e-06  9.2474663e-01] speed=0.0006 ang_speed=0.0041 ang_vel_vec=[-0.00371187 -0.0016315   0.00042801] |com_force|=0.0000N
### kotek_magnet[tick=4140] sensor4: d=0.5249m in_range=False f_mag=0.000N tau_mag=0.0000Nm misalign_deg=90.0 pos=[-0.10900035  0.10899954  0.49140242] bottom_world=[-0.10900033  0.1089996   0.47140242] quat=[ 3.8268217e-01  1.2686975e-07 -1.5842918e-06  9.2388004e-01] speed=0.0005 ang_speed=0.0026 ang_vel_vec=[ 0.00196235  0.0014622  -0.00085934] |com_force|=0.0000N
### kotek_magnet[tick=4200] sensor1: d=0.4082m in_range=False f_mag=0.000N tau_mag=0.0000Nm misalign_deg=90.0 pos=[0.10880331 0.10900911 0.49140227] bottom_world=[0.10880332 0.10900925 0.47140227] quat=[ 9.2484170e-01  3.1298355e-06 -1.6467014e-06  3.8035217e-01] speed=0.0002 ang_speed=0.0011 ang_vel_vec=[-0.00107565  0.00023181  0.00015123] |com_force|=0.0000N
### kotek_magnet[tick=4200] sensor2: d=0.3208m in_range=False f_mag=0.000N tau_mag=0.0000Nm misalign_deg=90.0 pos=[ 0.10902462 -0.10904668  0.49140108] bottom_world=[ 0.10902461 -0.10904651  0.47140108] quat=[ 9.2300075e-01  3.8725898e-06  1.8569688e-06 -3.8479808e-01] speed=0.0004 ang_speed=0.0024 ang_vel_vec=[-0.00213237 -0.00078162 -0.00078145] |com_force|=0.0000N
### kotek_magnet[tick=4200] sensor3: d=0.5470m in_range=False f_mag=0.000N tau_mag=0.0000Nm misalign_deg=90.0 pos=[-0.10910817 -0.10914578  0.49140117] bottom_world=[-0.10910791 -0.1091459   0.47140117] quat=[-3.8058409e-01 -4.9240462e-06  5.2330324e-06  9.2474639e-01] speed=0.0010 ang_speed=0.0027 ang_vel_vec=[ 0.00193348  0.00160881 -0.00083998] |com_force|=0.0000N
### kotek_magnet[tick=4200] sensor4: d=0.5249m in_range=False f_mag=0.000N tau_mag=0.0000Nm misalign_deg=90.0 pos=[-0.10900004  0.10900018  0.4914023 ] bottom_world=[-0.10900027  0.10900004  0.4714023 ] quat=[3.8268220e-01 3.7800614e-06 5.5431756e-06 9.2388016e-01] speed=0.0010 ang_speed=0.0026 ang_vel_vec=[ 0.00171806 -0.00171037 -0.00083002] |com_force|=0.0000N
### kotek_magnet[tick=4260] sensor1: d=0.4082m in_range=False f_mag=0.000N tau_mag=0.0000Nm misalign_deg=90.0 pos=[0.10880281 0.10900927 0.49140233] bottom_world=[0.10880299 0.10900925 0.47140233] quat=[ 9.2484182e-01 -2.2418085e-06 -3.8583084e-06  3.8035196e-01] speed=0.0006 ang_speed=0.0044 ang_vel_vec=[0.00399773 0.001777   0.00055317] |com_force|=0.0000N
### kotek_magnet[tick=4260] sensor2: d=0.3208m in_range=False f_mag=0.000N tau_mag=0.0000Nm misalign_deg=90.0 pos=[ 0.10902444 -0.10904638  0.4914011 ] bottom_world=[ 0.1090245  -0.10904624  0.47140111] quat=[ 9.2300069e-01  3.8798257e-06  3.0488479e-08 -3.8479841e-01] speed=0.0002 ang_speed=0.0029 ang_vel_vec=[-0.00145564  0.00250141  0.00021302] |com_force|=0.0000N
### kotek_magnet[tick=4260] sensor3: d=0.5470m in_range=False f_mag=0.000N tau_mag=0.0000Nm misalign_deg=90.0 pos=[-0.10910701 -0.10914563  0.49140105] bottom_world=[-0.10910701 -0.10914561  0.47140105] quat=[-3.8058317e-01 -1.7541255e-07 -3.6137288e-07  9.2474669e-01] speed=0.0006 ang_speed=0.0095 ang_vel_vec=[0.00820001 0.00458061 0.00132923] |com_force|=0.0000N
### kotek_magnet[tick=4260] sensor4: d=0.5249m in_range=False f_mag=0.000N tau_mag=0.0000Nm misalign_deg=90.0 pos=[-0.10900007  0.1090002   0.49140233] bottom_world=[-0.1090003   0.10900006  0.47140233] quat=[3.8268214e-01 3.8362214e-06 5.4228190e-06 9.2388016e-01] speed=0.0010 ang_speed=0.0027 ang_vel_vec=[ 0.00180818 -0.00189147 -0.00079011] |com_force|=0.0000N
### kotek_magnet[tick=4320] sensor1: d=0.4082m in_range=False f_mag=0.000N tau_mag=0.0000Nm misalign_deg=90.0 pos=[0.10880284 0.10900924 0.49140245] bottom_world=[0.10880301 0.10900922 0.47140245] quat=[ 9.2484182e-01 -2.2101281e-06 -3.8027833e-06  3.8035205e-01] speed=0.0006 ang_speed=0.0041 ang_vel_vec=[0.00374602 0.00165294 0.00039914] |com_force|=0.0000N
### kotek_magnet[tick=4320] sensor2: d=0.3208m in_range=False f_mag=0.000N tau_mag=0.0000Nm misalign_deg=90.0 pos=[ 0.10902466 -0.10904672  0.4914011 ] bottom_world=[ 0.10902464 -0.10904656  0.47140111] quat=[ 9.2300081e-01  3.5988091e-06  1.9598226e-06 -3.8479808e-01] speed=0.0004 ang_speed=0.0026 ang_vel_vec=[-0.0022343  -0.00086483 -0.00089626] |com_force|=0.0000N
### kotek_magnet[tick=4320] sensor3: d=0.5470m in_range=False f_mag=0.000N tau_mag=0.0000Nm misalign_deg=90.0 pos=[-0.10910729 -0.10914582  0.49140114] bottom_world=[-0.10910726 -0.10914579  0.47140114] quat=[-3.8058335e-01 -8.2129219e-07 -6.0878165e-07  9.2474669e-01] speed=0.0003 ang_speed=0.0058 ang_vel_vec=[0.00515764 0.00267399 0.00022167] |com_force|=0.0000N
### kotek_magnet[tick=4320] sensor4: d=0.5249m in_range=False f_mag=0.000N tau_mag=0.0000Nm misalign_deg=90.0 pos=[-0.1090001   0.10900017  0.4914023 ] bottom_world=[-0.10900032  0.10900003  0.4714023 ] quat=[3.8268203e-01 3.7117486e-06 5.3951030e-06 9.2388016e-01] speed=0.0010 ang_speed=0.0025 ang_vel_vec=[ 0.00156209 -0.00165347 -0.00094633] |com_force|=0.0000N
### kotek_magnet[tick=4380] sensor1: d=0.4082m in_range=False f_mag=0.000N tau_mag=0.0000Nm misalign_deg=90.0 pos=[0.10880256 0.10900933 0.49140242] bottom_world=[0.10880278 0.10900924 0.47140242] quat=[ 9.2484194e-01 -3.9832744e-06 -4.3125065e-06  3.8035193e-01] speed=0.0009 ang_speed=0.0037 ang_vel_vec=[0.00352957 0.00018156 0.00094164] |com_force|=0.0000N
### kotek_magnet[tick=4380] sensor2: d=0.3208m in_range=False f_mag=0.000N tau_mag=0.0000Nm misalign_deg=90.0 pos=[ 0.10902464 -0.10904668  0.4914011 ] bottom_world=[ 0.10902462 -0.10904652  0.47140111] quat=[ 9.2300081e-01  3.6329743e-06  2.0668349e-06 -3.8479805e-01] speed=0.0004 ang_speed=0.0024 ang_vel_vec=[-0.00169255 -0.00153517 -0.00055512] |com_force|=0.0000N
### kotek_magnet[tick=4380] sensor3: d=0.5470m in_range=False f_mag=0.000N tau_mag=0.0000Nm misalign_deg=90.0 pos=[-0.10910641 -0.10914611  0.49140108] bottom_world=[-0.10910663 -0.1091458   0.47140108] quat=[-3.8058320e-01  1.9677000e-06 -9.1206593e-06  9.2474675e-01] speed=0.0008 ang_speed=0.0026 ang_vel_vec=[-0.00237615  0.0006028   0.00091778] |com_force|=0.0000N
### kotek_magnet[tick=4380] sensor4: d=0.5249m in_range=False f_mag=0.000N tau_mag=0.0000Nm misalign_deg=90.0 pos=[-0.10900007  0.10900019  0.49140227] bottom_world=[-0.10900029  0.10900005  0.47140227] quat=[3.8268211e-01 3.7848254e-06 5.4194711e-06 9.2388016e-01] speed=0.0010 ang_speed=0.0025 ang_vel_vec=[ 0.00172414 -0.00169587 -0.00061573] |com_force|=0.0000N
### kotek_magnet[tick=4440] sensor1: d=0.4082m in_range=False f_mag=0.000N tau_mag=0.0000Nm misalign_deg=90.0 pos=[0.1088029  0.10900892 0.49140233] bottom_world=[0.10880295 0.10900912 0.47140233] quat=[ 9.2484188e-01  4.1371522e-06 -2.9723265e-06  3.8035199e-01] speed=0.0007 ang_speed=0.0057 ang_vel_vec=[-0.00493206 -0.00277276  0.00098407] |com_force|=0.0000N
### kotek_magnet[tick=4440] sensor2: d=0.3208m in_range=False f_mag=0.000N tau_mag=0.0000Nm misalign_deg=90.0 pos=[ 0.10902446 -0.10904565  0.49140114] bottom_world=[ 0.10902436 -0.10904574  0.47140114] quat=[ 9.2300045e-01 -2.9077823e-06  1.4762263e-06 -3.8479897e-01] speed=0.0010 ang_speed=0.0024 ang_vel_vec=[0.00020993 0.00186454 0.00142272] |com_force|=0.0000N
### kotek_magnet[tick=4440] sensor3: d=0.5470m in_range=False f_mag=0.000N tau_mag=0.0000Nm misalign_deg=90.0 pos=[-0.10910646 -0.1091459   0.49140114] bottom_world=[-0.10910664 -0.10914571  0.47140114] quat=[-3.8058296e-01  2.3869022e-06 -6.3060475e-06  9.2474687e-01] speed=0.0009 ang_speed=0.0028 ang_vel_vec=[0.00236959 0.00018771 0.0014901 ] |com_force|=0.0000N
### kotek_magnet[tick=4440] sensor4: d=0.5249m in_range=False f_mag=0.000N tau_mag=0.0000Nm misalign_deg=90.0 pos=[-0.10900022  0.10899847  0.4914024 ] bottom_world=[-0.10900011  0.10899878  0.47140239] quat=[ 3.8268310e-01  5.2597517e-07 -8.1883290e-06  9.2387980e-01] speed=0.0009 ang_speed=0.0019 ang_vel_vec=[-0.00049835 -0.00125239  0.00132676] |com_force|=0.0000N
### kotek_magnet[tick=4500] sensor1: d=0.4082m in_range=False f_mag=0.000N tau_mag=0.0000Nm misalign_deg=90.0 pos=[0.10880259 0.10900908 0.4914023 ] bottom_world=[0.10880279 0.10900908 0.4714023 ] quat=[ 9.2484200e-01 -1.8366471e-06 -4.6663472e-06  3.8035166e-01] speed=0.0010 ang_speed=0.0016 ang_vel_vec=[-0.00072462  0.00042993  0.00138345] |com_force|=0.0000N
### kotek_magnet[tick=4500] sensor2: d=0.3208m in_range=False f_mag=0.000N tau_mag=0.0000Nm misalign_deg=90.0 pos=[ 0.10902428 -0.10904726  0.4914012 ] bottom_world=[ 0.10902453 -0.1090469   0.4714012 ] quat=[ 9.2300075e-01  1.0765409e-05 -2.3467437e-06 -3.8479811e-01] speed=0.0009 ang_speed=0.0044 ang_vel_vec=[-0.0028936   0.00325031 -0.00054974] |com_force|=0.0000N
### kotek_magnet[tick=4500] sensor3: d=0.5470m in_range=False f_mag=0.000N tau_mag=0.0000Nm misalign_deg=90.0 pos=[-0.10910701 -0.10914565  0.4914011 ] bottom_world=[-0.10910702 -0.10914563  0.47140111] quat=[-3.8058317e-01  3.5427725e-08 -4.2232747e-07  9.2474669e-01] speed=0.0006 ang_speed=0.0096 ang_vel_vec=[0.00843129 0.00441618 0.00126157] |com_force|=0.0000N
### kotek_magnet[tick=4500] sensor4: d=0.5249m in_range=False f_mag=0.000N tau_mag=0.0000Nm misalign_deg=90.0 pos=[-0.10900007  0.10900016  0.49140245] bottom_world=[-0.10900028  0.10900002  0.47140245] quat=[3.8268217e-01 3.3854751e-06 5.2678679e-06 9.2388010e-01] speed=0.0010 ang_speed=0.0023 ang_vel_vec=[ 0.00175477 -0.00125394 -0.00081631] |com_force|=0.0000N
### kotek_magnet[tick=4560] sensor1: d=0.4082m in_range=False f_mag=0.000N tau_mag=0.0000Nm misalign_deg=90.0 pos=[0.10880382 0.10900922 0.4914023 ] bottom_world=[0.10880372 0.10900935 0.4714023 ] quat=[9.2484164e-01 3.9843076e-06 9.1871402e-07 3.8035259e-01] speed=0.0006 ang_speed=0.0028 ang_vel_vec=[-0.00044319 -0.00263774 -0.00089143] |com_force|=0.0000N
### kotek_magnet[tick=4560] sensor2: d=0.3208m in_range=False f_mag=0.000N tau_mag=0.0000Nm misalign_deg=90.0 pos=[ 0.10902465 -0.10904671  0.4914012 ] bottom_world=[ 0.10902464 -0.10904654  0.4714012 ] quat=[ 9.2300081e-01  3.9167567e-06  2.0346795e-06 -3.8479814e-01] speed=0.0004 ang_speed=0.0024 ang_vel_vec=[-0.00186941 -0.00138501 -0.00072076] |com_force|=0.0000N
### kotek_magnet[tick=4560] sensor3: d=0.5470m in_range=False f_mag=0.000N tau_mag=0.0000Nm misalign_deg=90.0 pos=[-0.10910671 -0.10914609  0.49140123] bottom_world=[-0.10910688 -0.10914584  0.47140123] quat=[-3.8058335e-01  1.4941777e-06 -7.3976707e-06  9.2474663e-01] speed=0.0006 ang_speed=0.0040 ang_vel_vec=[-0.00362051 -0.00151478  0.0005451 ] |com_force|=0.0000N
### kotek_magnet[tick=4560] sensor4: d=0.5249m in_range=False f_mag=0.000N tau_mag=0.0000Nm misalign_deg=90.0 pos=[-0.10900006  0.10900015  0.49140242] bottom_world=[-0.10900029  0.10900001  0.47140242] quat=[3.8268211e-01 3.9127854e-06 5.5433652e-06 9.2388016e-01] speed=0.0010 ang_speed=0.0027 ang_vel_vec=[ 0.00185767 -0.00181082 -0.0007562 ] |com_force|=0.0000N
### kotek_magnet[tick=4620] sensor1: d=0.4082m in_range=False f_mag=0.000N tau_mag=0.0000Nm misalign_deg=90.0 pos=[0.10880379 0.10900924 0.49140236] bottom_world=[0.1088037  0.10900936 0.47140236] quat=[9.2484158e-01 3.5721152e-06 1.1456184e-06 3.8035259e-01] speed=0.0006 ang_speed=0.0026 ang_vel_vec=[ 0.00140467 -0.00198876 -0.00086997] |com_force|=0.0000N
### kotek_magnet[tick=4620] sensor2: d=0.3208m in_range=False f_mag=0.000N tau_mag=0.0000Nm misalign_deg=90.0 pos=[ 0.10902462 -0.10904671  0.49140114] bottom_world=[ 0.10902462 -0.10904654  0.47140114] quat=[ 9.2300087e-01  3.7122059e-06  1.6611156e-06 -3.8479808e-01] speed=0.0004 ang_speed=0.0025 ang_vel_vec=[-0.00242717  0.00026119 -0.00070044] |com_force|=0.0000N
### kotek_magnet[tick=4620] sensor3: d=0.5470m in_range=False f_mag=0.000N tau_mag=0.0000Nm misalign_deg=90.0 pos=[-0.10910645 -0.10914586  0.4914011 ] bottom_world=[-0.10910664 -0.10914567  0.47140111] quat=[-3.8058299e-01  2.5080376e-06 -6.2073191e-06  9.2474681e-01] speed=0.0009 ang_speed=0.0033 ang_vel_vec=[0.00291772 0.00037954 0.00151069] |com_force|=0.0000N
### kotek_magnet[tick=4620] sensor4: d=0.5249m in_range=False f_mag=0.000N tau_mag=0.0000Nm misalign_deg=90.0 pos=[-0.10900036  0.10899955  0.4914022 ] bottom_world=[-0.10900033  0.1089996   0.47140221] quat=[ 3.8268211e-01 -4.2160480e-08 -1.4376067e-06  9.2388004e-01] speed=0.0005 ang_speed=0.0028 ang_vel_vec=[ 0.00208596  0.00167016 -0.00072814] |com_force|=0.0000N
### kotek_magnet[tick=4680] sensor1: d=0.4082m in_range=False f_mag=0.000N tau_mag=0.0000Nm misalign_deg=90.0 pos=[0.1088043  0.10900898 0.49140236] bottom_world=[0.10880403 0.10900932 0.47140236] quat=[9.2484152e-01 1.0562416e-05 2.9961650e-06 3.8035280e-01] speed=0.0010 ang_speed=0.0030 ang_vel_vec=[-0.0019782  -0.0019072  -0.00110513] |com_force|=0.0000N
### kotek_magnet[tick=4680] sensor2: d=0.3208m in_range=False f_mag=0.000N tau_mag=0.0000Nm misalign_deg=90.0 pos=[ 0.10902465 -0.10904671  0.4914011 ] bottom_world=[ 0.10902464 -0.10904654  0.47140111] quat=[ 9.2300081e-01  3.7599357e-06  1.8469893e-06 -3.8479811e-01] speed=0.0004 ang_speed=0.0026 ang_vel_vec=[-0.00239845 -0.00030392 -0.00095778] |com_force|=0.0000N
### kotek_magnet[tick=4680] sensor3: d=0.5470m in_range=False f_mag=0.000N tau_mag=0.0000Nm misalign_deg=90.0 pos=[-0.10910752 -0.10914607  0.4914012 ] bottom_world=[-0.10910746 -0.10914596  0.4714012 ] quat=[-3.8058403e-01 -2.4642968e-06 -2.1612211e-06  9.2474645e-01] speed=0.0005 ang_speed=0.0026 ang_vel_vec=[-0.00012343  0.00245652 -0.00095321] |com_force|=0.0000N
### kotek_magnet[tick=4680] sensor4: d=0.5249m in_range=False f_mag=0.000N tau_mag=0.0000Nm misalign_deg=90.0 pos=[-0.10900037  0.10899953  0.49140236] bottom_world=[-0.10900036  0.10899958  0.47140236] quat=[ 3.8268223e-01  1.8111680e-07 -1.3448480e-06  9.2388004e-01] speed=0.0005 ang_speed=0.0027 ang_vel_vec=[ 0.00210289  0.00128821 -0.00099398] |com_force|=0.0000N
### kotek_magnet[tick=4740] sensor1: d=0.4082m in_range=False f_mag=0.000N tau_mag=0.0000Nm misalign_deg=90.0 pos=[0.10880255 0.10900909 0.49140227] bottom_world=[0.10880275 0.1090091  0.47140227] quat=[ 9.2484200e-01 -1.4930928e-06 -4.7232929e-06  3.8035160e-01] speed=0.0010 ang_speed=0.0024 ang_vel_vec=[-0.00193166  0.00012225  0.00146895] |com_force|=0.0000N
### kotek_magnet[tick=4740] sensor2: d=0.3208m in_range=False f_mag=0.000N tau_mag=0.0000Nm misalign_deg=90.0 pos=[ 0.10902444 -0.10904641  0.49140105] bottom_world=[ 0.1090245  -0.10904627  0.47140105] quat=[ 9.2300069e-01  3.7199875e-06  6.9896117e-08 -3.8479841e-01] speed=0.0002 ang_speed=0.0027 ang_vel_vec=[-0.00133429  0.0023829   0.00027602] |com_force|=0.0000N
### kotek_magnet[tick=4740] sensor3: d=0.5470m in_range=False f_mag=0.000N tau_mag=0.0000Nm misalign_deg=90.0 pos=[-0.10910721 -0.10914586  0.49140108] bottom_world=[-0.10910717 -0.10914581  0.47140108] quat=[-3.8058349e-01 -1.3418493e-06 -8.7741887e-07  9.2474663e-01] speed=0.0002 ang_speed=0.0029 ang_vel_vec=[0.00239115 0.00157272 0.00029799] |com_force|=0.0000N
### kotek_magnet[tick=4740] sensor4: d=0.5249m in_range=False f_mag=0.000N tau_mag=0.0000Nm misalign_deg=90.0 pos=[-0.10900036  0.10899955  0.4914023 ] bottom_world=[-0.10900035  0.10899961  0.4714023 ] quat=[ 3.8268223e-01  1.9913838e-07 -1.5536234e-06  9.2388010e-01] speed=0.0005 ang_speed=0.0024 ang_vel_vec=[ 0.0018409   0.00136831 -0.00072656] |com_force|=0.0000N
### kotek_magnet[tick=4800] sensor1: d=0.4082m in_range=False f_mag=0.000N tau_mag=0.0000Nm misalign_deg=90.0 pos=[0.10880256 0.10900929 0.49140236] bottom_world=[0.10880277 0.10900922 0.47140236] quat=[ 9.2484194e-01 -3.6059141e-06 -4.1820222e-06  3.8035181e-01] speed=0.0009 ang_speed=0.0032 ang_vel_vec=[ 0.00316607 -0.00013032  0.00066592] |com_force|=0.0000N
### kotek_magnet[tick=4800] sensor2: d=0.3208m in_range=False f_mag=0.000N tau_mag=0.0000Nm misalign_deg=90.0 pos=[ 0.10902465 -0.10904592  0.49140117] bottom_world=[ 0.10902452 -0.10904597  0.47140117] quat=[ 9.2300057e-01 -2.5651277e-06  2.5181316e-06 -3.8479856e-01] speed=0.0007 ang_speed=0.0040 ang_vel_vec=[ 0.00182242 -0.00354338  0.00041397] |com_force|=0.0000N
### kotek_magnet[tick=4800] sensor3: d=0.5470m in_range=False f_mag=0.000N tau_mag=0.0000Nm misalign_deg=90.0 pos=[-0.1091067  -0.10914608  0.4914012 ] bottom_world=[-0.10910687 -0.10914584  0.4714012 ] quat=[-3.8058326e-01  1.4398848e-06 -7.1913528e-06  9.2474663e-01] speed=0.0006 ang_speed=0.0035 ang_vel_vec=[-0.00313683 -0.00137326  0.00042845] |com_force|=0.0000N
### kotek_magnet[tick=4800] sensor4: d=0.5249m in_range=False f_mag=0.000N tau_mag=0.0000Nm misalign_deg=90.0 pos=[-0.10900006  0.10900016  0.49140245] bottom_world=[-0.10900029  0.10900001  0.47140245] quat=[3.8268209e-01 3.8745093e-06 5.6537215e-06 9.2388016e-01] speed=0.0010 ang_speed=0.0031 ang_vel_vec=[ 0.00217878 -0.002026   -0.00086411] |com_force|=0.0000N
### kotek_magnet[tick=4860] sensor1: d=0.4082m in_range=False f_mag=0.000N tau_mag=0.0000Nm misalign_deg=90.0 pos=[0.10880259 0.10900907 0.49140245] bottom_world=[0.10880278 0.10900909 0.47140245] quat=[ 9.2484194e-01 -1.5197339e-06 -4.6187697e-06  3.8035175e-01] speed=0.0010 ang_speed=0.0021 ang_vel_vec=[-0.00131223  0.00029583  0.00158878] |com_force|=0.0000N
### kotek_magnet[tick=4860] sensor2: d=0.3208m in_range=False f_mag=0.000N tau_mag=0.0000Nm misalign_deg=90.0 pos=[ 0.10902464 -0.10904587  0.49140117] bottom_world=[ 0.1090245  -0.10904594  0.47140117] quat=[ 9.2300069e-01 -2.9154944e-06  2.5734585e-06 -3.8479850e-01] speed=0.0006 ang_speed=0.0048 ang_vel_vec=[ 0.00222741 -0.00423382  0.00068661] |com_force|=0.0000N
### kotek_magnet[tick=4860] sensor3: d=0.5470m in_range=False f_mag=0.000N tau_mag=0.0000Nm misalign_deg=90.0 pos=[-0.10910644 -0.10914613  0.49140102] bottom_world=[-0.10910664 -0.10914584  0.47140102] quat=[-3.8058320e-01  1.9786519e-06 -8.7971775e-06  9.2474675e-01] speed=0.0008 ang_speed=0.0024 ang_vel_vec=[-0.00220351  0.00047386  0.00094126] |com_force|=0.0000N
### kotek_magnet[tick=4860] sensor4: d=0.5249m in_range=False f_mag=0.000N tau_mag=0.0000Nm misalign_deg=90.0 pos=[-0.10900033  0.10899957  0.4914023 ] bottom_world=[-0.1090003   0.10899962  0.4714023 ] quat=[ 3.8268220e-01  3.1683523e-08 -1.4304474e-06  9.2388004e-01] speed=0.0005 ang_speed=0.0026 ang_vel_vec=[ 0.00193385  0.00165475 -0.00058774] |com_force|=0.0000N
### kotek_magnet[tick=4920] sensor1: d=0.4082m in_range=False f_mag=0.000N tau_mag=0.0000Nm misalign_deg=90.0 pos=[0.10880341 0.10900927 0.49140224] bottom_world=[0.10880342 0.10900936 0.47140224] quat=[ 9.2484164e-01  1.8665636e-06 -1.1525569e-06  3.8035235e-01] speed=0.0002 ang_speed=0.0009 ang_vel_vec=[ 7.8463519e-04 -5.0829029e-05 -3.4351772e-04] |com_force|=0.0000N
### kotek_magnet[tick=4920] sensor2: d=0.3208m in_range=False f_mag=0.000N tau_mag=0.0000Nm misalign_deg=90.0 pos=[ 0.10902462 -0.10904672  0.491401  ] bottom_world=[ 0.10902462 -0.10904654  0.47140099] quat=[ 9.2300075e-01  4.1089297e-06  1.8301716e-06 -3.8479808e-01] speed=0.0005 ang_speed=0.0024 ang_vel_vec=[-0.00223948 -0.00031312 -0.00074784] |com_force|=0.0000N
### kotek_magnet[tick=4920] sensor3: d=0.5470m in_range=False f_mag=0.000N tau_mag=0.0000Nm misalign_deg=90.0 pos=[-0.10910816 -0.10914578  0.49140096] bottom_world=[-0.10910789 -0.1091459   0.47140096] quat=[-3.8058421e-01 -5.0309054e-06  5.5260148e-06  9.2474639e-01] speed=0.0010 ang_speed=0.0030 ang_vel_vec=[ 0.00225407  0.00174443 -0.00077298] |com_force|=0.0000N
### kotek_magnet[tick=4920] sensor4: d=0.5249m in_range=False f_mag=0.000N tau_mag=0.0000Nm misalign_deg=90.0 pos=[-0.1090002  0.1089985  0.4914024] bottom_world=[-0.1090001   0.1089988   0.47140239] quat=[ 3.8268301e-01  6.4334182e-07 -7.9869715e-06  9.2387974e-01] speed=0.0009 ang_speed=0.0022 ang_vel_vec=[ 5.4109032e-06 -1.7293380e-03  1.3301972e-03] |com_force|=0.0000N
### kotek_magnet[tick=4980] sensor1: d=0.4082m in_range=False f_mag=0.000N tau_mag=0.0000Nm misalign_deg=90.0 pos=[0.1088043  0.10900894 0.49140236] bottom_world=[0.10880404 0.10900928 0.47140236] quat=[9.2484146e-01 1.0516110e-05 2.8466700e-06 3.8035274e-01] speed=0.0010 ang_speed=0.0026 ang_vel_vec=[-0.00178612 -0.00167376 -0.00079737] |com_force|=0.0000N
### kotek_magnet[tick=4980] sensor2: d=0.3208m in_range=False f_mag=0.000N tau_mag=0.0000Nm misalign_deg=90.0 pos=[ 0.10902444 -0.10904642  0.49140117] bottom_world=[ 0.1090245  -0.10904628  0.47140117] quat=[ 9.2300069e-01  3.8629373e-06  1.8686876e-08 -3.8479838e-01] speed=0.0002 ang_speed=0.0028 ang_vel_vec=[-0.00138588  0.0024062   0.00032024] |com_force|=0.0000N
### kotek_magnet[tick=4980] sensor3: d=0.5470m in_range=False f_mag=0.000N tau_mag=0.0000Nm misalign_deg=90.0 pos=[-0.10910814 -0.1091458   0.49140114] bottom_world=[-0.10910788 -0.10914592  0.47140114] quat=[-3.8058394e-01 -4.9766049e-06  5.2485470e-06  9.2474639e-01] speed=0.0010 ang_speed=0.0024 ang_vel_vec=[ 0.00174711  0.00144546 -0.00071271] |com_force|=0.0000N
### kotek_magnet[tick=4980] sensor4: d=0.5249m in_range=False f_mag=0.000N tau_mag=0.0000Nm misalign_deg=90.0 pos=[-0.10900022  0.10899842  0.4914024 ] bottom_world=[-0.1090001   0.10899874  0.47140239] quat=[ 3.8268301e-01  2.3729578e-07 -8.6999416e-06  9.2387974e-01] speed=0.0010 ang_speed=0.0018 ang_vel_vec=[-0.00086029 -0.00058502  0.00141449] |com_force|=0.0000N
### kotek_magnet[tick=5040] sensor1: d=0.4082m in_range=False f_mag=0.000N tau_mag=0.0000Nm misalign_deg=90.0 pos=[0.10880284 0.10900928 0.49140233] bottom_world=[0.10880301 0.10900925 0.47140233] quat=[ 9.2484182e-01 -2.2597524e-06 -3.7872278e-06  3.8035205e-01] speed=0.0006 ang_speed=0.0046 ang_vel_vec=[0.00418692 0.00179027 0.00063291] |com_force|=0.0000N
### kotek_magnet[tick=5040] sensor2: d=0.3208m in_range=False f_mag=0.000N tau_mag=0.0000Nm misalign_deg=90.0 pos=[ 0.10902466 -0.10904667  0.49140114] bottom_world=[ 0.10902464 -0.10904651  0.47140114] quat=[ 9.2300093e-01  3.6048518e-06  1.8898191e-06 -3.8479796e-01] speed=0.0004 ang_speed=0.0022 ang_vel_vec=[-0.0019393  -0.00080318 -0.00068748] |com_force|=0.0000N
### kotek_magnet[tick=5040] sensor3: d=0.5470m in_range=False f_mag=0.000N tau_mag=0.0000Nm misalign_deg=90.0 pos=[-0.10910752 -0.10914606  0.49140114] bottom_world=[-0.10910747 -0.10914593  0.47140114] quat=[-3.8058385e-01 -2.3486439e-06 -2.4480896e-06  9.2474645e-01] speed=0.0005 ang_speed=0.0022 ang_vel_vec=[-0.00085293  0.00194368 -0.00069889] |com_force|=0.0000N
### kotek_magnet[tick=5040] sensor4: d=0.5249m in_range=False f_mag=0.000N tau_mag=0.0000Nm misalign_deg=90.0 pos=[-0.10900021  0.10899851  0.4914023 ] bottom_world=[-0.10900009  0.10899882  0.4714023 ] quat=[ 3.826831e-01  3.397259e-07 -8.254622e-06  9.238797e-01] speed=0.0009 ang_speed=0.0016 ang_vel_vec=[-0.0006744  -0.00050662  0.00139129] |com_force|=0.0000N
### still playing, 1310s left
### kotek_magnet[tick=5100] sensor1: d=0.4082m in_range=False f_mag=0.000N tau_mag=0.0000Nm misalign_deg=90.0 pos=[0.10880256 0.10900907 0.4914023 ] bottom_world=[0.10880276 0.10900909 0.4714023 ] quat=[ 9.2484194e-01 -1.3631247e-06 -4.6677646e-06  3.8035166e-01] speed=0.0010 ang_speed=0.0027 ang_vel_vec=[-0.00225096 -0.00016969  0.00142182] |com_force|=0.0000N
### kotek_magnet[tick=5100] sensor2: d=0.3208m in_range=False f_mag=0.000N tau_mag=0.0000Nm misalign_deg=90.0 pos=[ 0.10902434 -0.10904735  0.4914012 ] bottom_world=[ 0.10902458 -0.10904697  0.4714012 ] quat=[ 9.2300081e-01  1.1057903e-05 -1.8060130e-06 -3.8479790e-01] speed=0.0010 ang_speed=0.0028 ang_vel_vec=[-0.00169949  0.00206563 -0.00081371] |com_force|=0.0000N
### kotek_magnet[tick=5100] sensor3: d=0.5470m in_range=False f_mag=0.000N tau_mag=0.0000Nm misalign_deg=90.0 pos=[-0.1091075  -0.10914608  0.49140108] bottom_world=[-0.10910745 -0.10914596  0.47140108] quat=[-3.8058394e-01 -2.4951348e-06 -2.3387909e-06  9.2474645e-01] speed=0.0005 ang_speed=0.0023 ang_vel_vec=[-0.00090036  0.00203241 -0.00076143] |com_force|=0.0000N
### kotek_magnet[tick=5100] sensor4: d=0.5249m in_range=False f_mag=0.000N tau_mag=0.0000Nm misalign_deg=90.0 pos=[-0.10900018  0.10899847  0.49140236] bottom_world=[-0.10900008  0.10899878  0.47140236] quat=[ 3.8268298e-01  5.1290783e-07 -8.0810805e-06  9.2387974e-01] speed=0.0009 ang_speed=0.0017 ang_vel_vec=[-0.00039316 -0.00106915  0.00131692] |com_force|=0.0000N
### kotek_magnet[tick=5160] sensor1: d=0.4082m in_range=False f_mag=0.000N tau_mag=0.0000Nm misalign_deg=90.0 pos=[0.10880258 0.1090091  0.4914024 ] bottom_world=[0.10880278 0.10900912 0.47140239] quat=[ 9.2484200e-01 -1.4972915e-06 -4.7217063e-06  3.8035166e-01] speed=0.0010 ang_speed=0.0024 ang_vel_vec=[-0.00181942  0.00013213  0.00155034] |com_force|=0.0000N
### kotek_magnet[tick=5160] sensor2: d=0.3208m in_range=False f_mag=0.000N tau_mag=0.0000Nm misalign_deg=90.0 pos=[ 0.10902464 -0.10904589  0.49140108] bottom_world=[ 0.1090245  -0.10904595  0.47140108] quat=[ 9.2300057e-01 -2.8489449e-06  2.6517200e-06 -3.8479856e-01] speed=0.0006 ang_speed=0.0048 ang_vel_vec=[ 0.00212898 -0.00420257  0.00064253] |com_force|=0.0000N
### kotek_magnet[tick=5160] sensor3: d=0.5470m in_range=False f_mag=0.000N tau_mag=0.0000Nm misalign_deg=90.0 pos=[-0.10910729 -0.10914579  0.49140105] bottom_world=[-0.10910721 -0.10914576  0.47140105] quat=[-3.8058349e-01 -2.1323078e-06  6.0990722e-08  9.2474663e-01] speed=0.0002 ang_speed=0.0027 ang_vel_vec=[0.00176509 0.00197079 0.0004894 ] |com_force|=0.0000N
### kotek_magnet[tick=5160] sensor4: d=0.5249m in_range=False f_mag=0.000N tau_mag=0.0000Nm misalign_deg=90.0 pos=[-0.10900036  0.10899955  0.49140236] bottom_world=[-0.10900034  0.10899961  0.47140236] quat=[ 3.8268238e-01  1.3169597e-07 -1.5861933e-06  9.2387998e-01] speed=0.0005 ang_speed=0.0026 ang_vel_vec=[ 0.00195586  0.00166427 -0.00063622] |com_force|=0.0000N
### kotek_magnet[tick=5220] sensor1: d=0.4082m in_range=False f_mag=0.000N tau_mag=0.0000Nm misalign_deg=90.0 pos=[0.10880256 0.10900912 0.49140233] bottom_world=[0.10880275 0.10900914 0.47140233] quat=[ 9.2484200e-01 -1.5255848e-06 -4.7021863e-06  3.8035181e-01] speed=0.0010 ang_speed=0.0024 ang_vel_vec=[-1.9229533e-03  5.8836205e-05  1.3547620e-03] |com_force|=0.0000N
### kotek_magnet[tick=5220] sensor2: d=0.3208m in_range=False f_mag=0.000N tau_mag=0.0000Nm misalign_deg=90.0 pos=[ 0.10902446 -0.10904561  0.49140123] bottom_world=[ 0.10902436 -0.1090457   0.47140123] quat=[ 9.2300045e-01 -3.0105552e-06  1.4426987e-06 -3.8479888e-01] speed=0.0010 ang_speed=0.0021 ang_vel_vec=[0.00048402 0.001569   0.00136841] |com_force|=0.0000N
### kotek_magnet[tick=5220] sensor3: d=0.5470m in_range=False f_mag=0.000N tau_mag=0.0000Nm misalign_deg=90.0 pos=[-0.10910817 -0.10914576  0.49140108] bottom_world=[-0.10910791 -0.10914588  0.47140108] quat=[-3.8058406e-01 -4.9204887e-06  5.3178974e-06  9.2474639e-01] speed=0.0010 ang_speed=0.0026 ang_vel_vec=[ 0.00191488  0.00157363 -0.00084356] |com_force|=0.0000N
### kotek_magnet[tick=5220] sensor4: d=0.5249m in_range=False f_mag=0.000N tau_mag=0.0000Nm misalign_deg=90.0 pos=[-0.10900008  0.10900016  0.4914023 ] bottom_world=[-0.1090003   0.10900001  0.4714023 ] quat=[3.8268206e-01 3.7835573e-06 5.5566434e-06 9.2388010e-01] speed=0.0010 ang_speed=0.0027 ang_vel_vec=[ 0.00183814 -0.00179453 -0.00084655] |com_force|=0.0000N
### kotek_magnet[tick=5280] sensor1: d=0.4082m in_range=False f_mag=0.000N tau_mag=0.0000Nm misalign_deg=90.0 pos=[0.10880283 0.10900927 0.49140233] bottom_world=[0.10880299 0.10900925 0.47140233] quat=[ 9.2484182e-01 -2.0375116e-06 -3.7021202e-06  3.8035220e-01] speed=0.0006 ang_speed=0.0041 ang_vel_vec=[0.00380263 0.00160614 0.00036711] |com_force|=0.0000N
### kotek_magnet[tick=5280] sensor2: d=0.3208m in_range=False f_mag=0.000N tau_mag=0.0000Nm misalign_deg=90.0 pos=[ 0.10902435 -0.10904735  0.49140117] bottom_world=[ 0.10902458 -0.10904697  0.47140117] quat=[ 9.2300087e-01  1.0903319e-05 -1.8455125e-06 -3.8479793e-01] speed=0.0009 ang_speed=0.0031 ang_vel_vec=[-0.00186718  0.00227158 -0.0009774 ] |com_force|=0.0000N
### kotek_magnet[tick=5280] sensor3: d=0.5470m in_range=False f_mag=0.000N tau_mag=0.0000Nm misalign_deg=90.0 pos=[-0.10910815 -0.10914579  0.4914011 ] bottom_world=[-0.10910789 -0.10914591  0.47140111] quat=[-3.8058412e-01 -4.9277437e-06  5.3691592e-06  9.2474633e-01] speed=0.0010 ang_speed=0.0030 ang_vel_vec=[ 0.00217832  0.00174465 -0.00098253] |com_force|=0.0000N
### kotek_magnet[tick=5280] sensor4: d=0.5249m in_range=False f_mag=0.000N tau_mag=0.0000Nm misalign_deg=90.0 pos=[-0.10900009  0.10900019  0.4914023 ] bottom_world=[-0.10900032  0.10900004  0.4714023 ] quat=[3.8268206e-01 3.8721237e-06 5.7581442e-06 9.2388010e-01] speed=0.0010 ang_speed=0.0031 ang_vel_vec=[ 0.00205023 -0.00205011 -0.00097724] |com_force|=0.0000N
### kotek_magnet[tick=5340] sensor1: d=0.4082m in_range=False f_mag=0.000N tau_mag=0.0000Nm misalign_deg=90.0 pos=[0.10880258 0.10900909 0.49140236] bottom_world=[0.10880277 0.10900912 0.47140236] quat=[ 9.2484194e-01 -1.3256968e-06 -4.6933928e-06  3.8035172e-01] speed=0.0010 ang_speed=0.0027 ang_vel_vec=[-0.00233702 -0.00015814  0.00138438] |com_force|=0.0000N
### kotek_magnet[tick=5340] sensor2: d=0.3208m in_range=False f_mag=0.000N tau_mag=0.0000Nm misalign_deg=90.0 pos=[ 0.10902433 -0.10904738  0.4914011 ] bottom_world=[ 0.10902458 -0.10904699  0.47140111] quat=[ 9.2300087e-01  1.1366099e-05 -1.9351044e-06 -3.8479787e-01] speed=0.0010 ang_speed=0.0031 ang_vel_vec=[-0.0019184   0.00223334 -0.00086567] |com_force|=0.0000N
### kotek_magnet[tick=5340] sensor3: d=0.5470m in_range=False f_mag=0.000N tau_mag=0.0000Nm misalign_deg=90.0 pos=[-0.10910815 -0.10914577  0.49140105] bottom_world=[-0.10910789 -0.10914588  0.47140105] quat=[-3.8058406e-01 -4.9020223e-06  5.0607177e-06  9.2474633e-01] speed=0.0010 ang_speed=0.0025 ang_vel_vec=[ 0.00176611  0.00150206 -0.00084959] |com_force|=0.0000N
### kotek_magnet[tick=5340] sensor4: d=0.5249m in_range=False f_mag=0.000N tau_mag=0.0000Nm misalign_deg=90.0 pos=[-0.10900008  0.10900018  0.49140236] bottom_world=[-0.1090003   0.10900003  0.47140236] quat=[3.8268209e-01 3.7401089e-06 5.3885515e-06 9.2388010e-01] speed=0.0010 ang_speed=0.0027 ang_vel_vec=[ 0.00179125 -0.00177822 -0.00082673] |com_force|=0.0000N
### kotek_magnet[tick=5400] sensor1: d=0.4082m in_range=False f_mag=0.000N tau_mag=0.0000Nm misalign_deg=90.0 pos=[0.10880259 0.10900907 0.49140233] bottom_world=[0.10880279 0.10900909 0.47140233] quat=[ 9.2484194e-01 -1.4542525e-06 -4.6559726e-06  3.8035160e-01] speed=0.0010 ang_speed=0.0022 ang_vel_vec=[-0.0016036   0.00018857  0.00152528] |com_force|=0.0000N
### kotek_magnet[tick=5400] sensor2: d=0.3208m in_range=False f_mag=0.000N tau_mag=0.0000Nm misalign_deg=90.0 pos=[ 0.10902464 -0.10904645  0.49140102] bottom_world=[ 0.1090246  -0.10904637  0.47140102] quat=[ 9.2300069e-01  1.5424406e-06  1.8252621e-06 -3.8479835e-01] speed=0.0001 ang_speed=0.0022 ang_vel_vec=[ 0.00141144 -0.00160596 -0.00028499] |com_force|=0.0000N
### kotek_magnet[tick=5400] sensor3: d=0.5470m in_range=False f_mag=0.000N tau_mag=0.0000Nm misalign_deg=90.0 pos=[-0.10910645 -0.1091459   0.49140108] bottom_world=[-0.10910664 -0.1091457   0.47140108] quat=[-3.8058293e-01  2.4806016e-06 -6.4736651e-06  9.2474687e-01] speed=0.0009 ang_speed=0.0028 ang_vel_vec=[ 2.2860479e-03 -7.9717978e-07  1.5336776e-03] |com_force|=0.0000N
### kotek_magnet[tick=5400] sensor4: d=0.5249m in_range=False f_mag=0.000N tau_mag=0.0000Nm misalign_deg=90.0 pos=[-0.10899987  0.10900023  0.4914023 ] bottom_world=[-0.10900016  0.10900007  0.4714023 ] quat=[3.8268238e-01 5.1019492e-06 6.4151832e-06 9.2388004e-01] speed=0.0012 ang_speed=0.0138 ang_vel_vec=[ 0.0070558  -0.01181136 -0.00017803] |com_force|=0.0000N
### kotek_magnet[tick=5460] sensor1: d=0.4082m in_range=False f_mag=0.000N tau_mag=0.0000Nm misalign_deg=90.0 pos=[0.10880432 0.10900896 0.49140254] bottom_world=[0.10880405 0.10900931 0.47140254] quat=[9.2484158e-01 1.0641968e-05 2.8440656e-06 3.8035282e-01] speed=0.0010 ang_speed=0.0029 ang_vel_vec=[-0.0020466  -0.00177032 -0.00114123] |com_force|=0.0000N
### kotek_magnet[tick=5460] sensor2: d=0.3208m in_range=False f_mag=0.000N tau_mag=0.0000Nm misalign_deg=90.0 pos=[ 0.10902451 -0.10904559  0.49140117] bottom_world=[ 0.10902439 -0.10904569  0.47140117] quat=[ 9.2300045e-01 -3.4886486e-06  1.7941643e-06 -3.8479882e-01] speed=0.0010 ang_speed=0.0018 ang_vel_vec=[0.00068692 0.00119346 0.00116209] |com_force|=0.0000N
### kotek_magnet[tick=5460] sensor3: d=0.5470m in_range=False f_mag=0.000N tau_mag=0.0000Nm misalign_deg=90.0 pos=[-0.1091067  -0.10914608  0.4914011 ] bottom_world=[-0.10910687 -0.10914584  0.47140111] quat=[-3.8058341e-01  1.5338192e-06 -7.2474163e-06  9.2474657e-01] speed=0.0006 ang_speed=0.0040 ang_vel_vec=[-0.00365032 -0.00154859  0.00026402] |com_force|=0.0000N
### kotek_magnet[tick=5460] sensor4: d=0.5249m in_range=False f_mag=0.000N tau_mag=0.0000Nm misalign_deg=90.0 pos=[-0.10900006  0.10900017  0.49140245] bottom_world=[-0.10900028  0.10900003  0.47140245] quat=[3.8268209e-01 3.8925427e-06 5.4901780e-06 9.2388016e-01] speed=0.0010 ang_speed=0.0027 ang_vel_vec=[ 0.00166267 -0.00187781 -0.00105413] |com_force|=0.0000N
### kotek_magnet[tick=5520] sensor1: d=0.4082m in_range=False f_mag=0.000N tau_mag=0.0000Nm misalign_deg=90.0 pos=[0.10880383 0.10900929 0.49140224] bottom_world=[0.10880373 0.10900941 0.47140224] quat=[9.2484152e-01 3.6907618e-06 1.0986479e-06 3.8035277e-01] speed=0.0006 ang_speed=0.0024 ang_vel_vec=[ 0.00074425 -0.00213146 -0.00082958] |com_force|=0.0000N
### kotek_magnet[tick=5520] sensor2: d=0.3208m in_range=False f_mag=0.000N tau_mag=0.0000Nm misalign_deg=90.0 pos=[ 0.10902446 -0.10904563  0.4914011 ] bottom_world=[ 0.10902437 -0.10904572  0.47140111] quat=[ 9.2300051e-01 -2.8471379e-06  1.3025088e-06 -3.8479900e-01] speed=0.0010 ang_speed=0.0028 ang_vel_vec=[0.00014761 0.00239973 0.00146516] |com_force|=0.0000N
### kotek_magnet[tick=5520] sensor3: d=0.5470m in_range=False f_mag=0.000N tau_mag=0.0000Nm misalign_deg=90.0 pos=[-0.10910749 -0.10914604  0.49140114] bottom_world=[-0.10910743 -0.10914592  0.47140114] quat=[-3.8058382e-01 -2.3818613e-06 -2.2626259e-06  9.2474639e-01] speed=0.0005 ang_speed=0.0024 ang_vel_vec=[-0.00011395  0.00233369 -0.00070161] |com_force|=0.0000N
### kotek_magnet[tick=5520] sensor4: d=0.5249m in_range=False f_mag=0.000N tau_mag=0.0000Nm misalign_deg=90.0 pos=[-0.10900007  0.10900016  0.49140227] bottom_world=[-0.10900029  0.10900001  0.47140227] quat=[3.8268209e-01 3.6952329e-06 5.5994819e-06 9.2388016e-01] speed=0.0010 ang_speed=0.0024 ang_vel_vec=[ 0.00167954 -0.00151232 -0.00071681] |com_force|=0.0000N
### kotek_magnet[tick=5580] sensor1: d=0.4082m in_range=False f_mag=0.000N tau_mag=0.0000Nm misalign_deg=90.0 pos=[0.10880429 0.10900898 0.49140233] bottom_world=[0.10880403 0.10900933 0.47140233] quat=[9.2484152e-01 1.0514794e-05 2.8255113e-06 3.8035282e-01] speed=0.0010 ang_speed=0.0026 ang_vel_vec=[-0.00182382 -0.00160322 -0.00081879] |com_force|=0.0000N
### kotek_magnet[tick=5580] sensor2: d=0.3208m in_range=False f_mag=0.000N tau_mag=0.0000Nm misalign_deg=90.0 pos=[ 0.10902463 -0.10904645  0.4914011 ] bottom_world=[ 0.10902458 -0.10904636  0.47140111] quat=[ 9.2300075e-01  1.6393890e-06  1.9377171e-06 -3.8479832e-01] speed=0.0001 ang_speed=0.0019 ang_vel_vec=[ 0.00067154 -0.00169399 -0.00036086] |com_force|=0.0000N
### kotek_magnet[tick=5580] sensor3: d=0.5470m in_range=False f_mag=0.000N tau_mag=0.0000Nm misalign_deg=90.0 pos=[-0.10910729 -0.10914582  0.49140102] bottom_world=[-0.10910726 -0.10914578  0.47140102] quat=[-3.8058352e-01 -9.2612459e-07 -6.9481092e-07  9.2474657e-01] speed=0.0003 ang_speed=0.0057 ang_vel_vec=[0.00500597 0.00260126 0.0003901 ] |com_force|=0.0000N
### kotek_magnet[tick=5580] sensor4: d=0.5249m in_range=False f_mag=0.000N tau_mag=0.0000Nm misalign_deg=90.0 pos=[-0.10900037  0.10899874  0.4914023 ] bottom_world=[-0.10900022  0.10899903  0.4714023 ] quat=[ 3.8268256e-01 -5.8581730e-07 -8.1695989e-06  9.2387986e-01] speed=0.0006 ang_speed=0.0044 ang_vel_vec=[-0.00168817  0.00400897  0.00050044] |com_force|=0.0000N
### kotek_magnet[tick=5640] sensor1: d=0.4082m in_range=False f_mag=0.000N tau_mag=0.0000Nm misalign_deg=90.0 pos=[0.10880381 0.10900926 0.49140242] bottom_world=[0.10880372 0.10900938 0.47140242] quat=[9.2484152e-01 3.6719271e-06 9.8613248e-07 3.8035268e-01] speed=0.0006 ang_speed=0.0025 ang_vel_vec=[ 0.0005093  -0.00226399 -0.00086172] |com_force|=0.0000N
### kotek_magnet[tick=5640] sensor2: d=0.3208m in_range=False f_mag=0.000N tau_mag=0.0000Nm misalign_deg=90.0 pos=[ 0.10902467 -0.10904647  0.49140105] bottom_world=[ 0.10902462 -0.10904638  0.47140105] quat=[ 9.2300075e-01  1.6079354e-06  1.8486544e-06 -3.8479823e-01] speed=0.0001 ang_speed=0.0014 ang_vel_vec=[ 0.0007156  -0.00112965 -0.00031512] |com_force|=0.0000N
### kotek_magnet[tick=5640] sensor3: d=0.5470m in_range=False f_mag=0.000N tau_mag=0.0000Nm misalign_deg=90.0 pos=[-0.10910752 -0.10914608  0.4914011 ] bottom_world=[-0.10910746 -0.10914595  0.47140111] quat=[-3.8058385e-01 -2.4355090e-06 -2.4570763e-06  9.2474645e-01] speed=0.0005 ang_speed=0.0023 ang_vel_vec=[-0.00099394  0.00192713 -0.0006977 ] |com_force|=0.0000N
### kotek_magnet[tick=5640] sensor4: d=0.5249m in_range=False f_mag=0.000N tau_mag=0.0000Nm misalign_deg=90.0 pos=[-0.10900037  0.10899873  0.4914023 ] bottom_world=[-0.10900022  0.10899902  0.4714023 ] quat=[ 3.8268268e-01 -6.1695607e-07 -8.1569106e-06  9.2387986e-01] speed=0.0006 ang_speed=0.0048 ang_vel_vec=[-0.00185722  0.00442674  0.00049949] |com_force|=0.0000N
### kotek_magnet[tick=5700] sensor1: d=0.4082m in_range=False f_mag=0.000N tau_mag=0.0000Nm misalign_deg=90.0 pos=[0.10880256 0.10900906 0.49140233] bottom_world=[0.10880276 0.10900908 0.47140233] quat=[ 9.2484200e-01 -1.4235835e-06 -4.6972750e-06  3.8035169e-01] speed=0.0010 ang_speed=0.0027 ang_vel_vec=[-2.2901280e-03 -9.3641633e-05  1.4125792e-03] |com_force|=0.0000N
### kotek_magnet[tick=5700] sensor2: d=0.3208m in_range=False f_mag=0.000N tau_mag=0.0000Nm misalign_deg=90.0 pos=[ 0.10902447 -0.10904566  0.4914012 ] bottom_world=[ 0.10902437 -0.10904575  0.4714012 ] quat=[ 9.2300045e-01 -3.0560605e-06  1.5282003e-06 -3.8479882e-01] speed=0.0010 ang_speed=0.0020 ang_vel_vec=[0.00054242 0.0013145  0.00143098] |com_force|=0.0000N
### kotek_magnet[tick=5700] sensor3: d=0.5470m in_range=False f_mag=0.000N tau_mag=0.0000Nm misalign_deg=90.0 pos=[-0.10910731 -0.1091458   0.49140108] bottom_world=[-0.10910722 -0.10914577  0.47140108] quat=[-3.8058352e-01 -2.2132408e-06  2.5972170e-07  9.2474663e-01] speed=0.0002 ang_speed=0.0028 ang_vel_vec=[0.0017724  0.00209419 0.00038127] |com_force|=0.0000N
### kotek_magnet[tick=5700] sensor4: d=0.5249m in_range=False f_mag=0.000N tau_mag=0.0000Nm misalign_deg=90.0 pos=[-0.10900044  0.10899843  0.4914024 ] bottom_world=[-0.10900023  0.10899877  0.47140239] quat=[ 3.8268289e-01 -1.4938204e-06 -9.7035045e-06  9.2387980e-01] speed=0.0009 ang_speed=0.0035 ang_vel_vec=[0.00015604 0.00341292 0.00060242] |com_force|=0.0000N
### kotek_magnet[tick=5760] sensor1: d=0.4082m in_range=False f_mag=0.000N tau_mag=0.0000Nm misalign_deg=90.0 pos=[0.10880432 0.109009   0.4914023 ] bottom_world=[0.10880405 0.10900934 0.4714023 ] quat=[9.2484146e-01 1.0421975e-05 2.8049390e-06 3.8035282e-01] speed=0.0010 ang_speed=0.0026 ang_vel_vec=[-0.00180159 -0.00165305 -0.00085888] |com_force|=0.0000N
### kotek_magnet[tick=5760] sensor2: d=0.3208m in_range=False f_mag=0.000N tau_mag=0.0000Nm misalign_deg=90.0 pos=[ 0.10902471 -0.10904559  0.49140105] bottom_world=[ 0.10902451 -0.1090457   0.47140105] quat=[ 9.2300051e-01 -4.3969990e-06  3.5812059e-06 -3.8479879e-01] speed=0.0009 ang_speed=0.0031 ang_vel_vec=[-0.00023234 -0.00295534  0.00073995] |com_force|=0.0000N
### kotek_magnet[tick=5760] sensor3: d=0.5470m in_range=False f_mag=0.000N tau_mag=0.0000Nm misalign_deg=90.0 pos=[-0.10910814 -0.10914575  0.49140114] bottom_world=[-0.10910788 -0.10914587  0.47140114] quat=[-3.8058403e-01 -4.9295886e-06  5.0735862e-06  9.2474639e-01] speed=0.0010 ang_speed=0.0024 ang_vel_vec=[ 0.00175312  0.00148238 -0.00077611] |com_force|=0.0000N
### kotek_magnet[tick=5760] sensor4: d=0.5249m in_range=False f_mag=0.000N tau_mag=0.0000Nm misalign_deg=90.0 pos=[-0.10900021  0.10899848  0.49140233] bottom_world=[-0.10900011  0.10899879  0.47140233] quat=[ 3.8268295e-01  5.0702312e-07 -8.1823127e-06  9.2387974e-01] speed=0.0009 ang_speed=0.0018 ang_vel_vec=[-0.00051569 -0.00109513  0.00133902] |com_force|=0.0000N
### kotek_magnet[tick=5820] sensor1: d=0.4082m in_range=False f_mag=0.000N tau_mag=0.0000Nm misalign_deg=90.0 pos=[0.10880381 0.10900925 0.49140233] bottom_world=[0.10880371 0.10900939 0.47140233] quat=[9.2484146e-01 4.2115862e-06 1.0436942e-06 3.8035271e-01] speed=0.0006 ang_speed=0.0031 ang_vel_vec=[-0.00084508 -0.00284371 -0.00096803] |com_force|=0.0000N
### kotek_magnet[tick=5820] sensor2: d=0.3208m in_range=False f_mag=0.000N tau_mag=0.0000Nm misalign_deg=90.0 pos=[ 0.10902447 -0.10904565  0.49140117] bottom_world=[ 0.10902437 -0.10904573  0.47140117] quat=[ 9.2300045e-01 -2.6848941e-06  1.3482618e-06 -3.8479906e-01] speed=0.0010 ang_speed=0.0028 ang_vel_vec=[4.4170480e-05 2.4235593e-03 1.3696440e-03] |com_force|=0.0000N
### kotek_magnet[tick=5820] sensor3: d=0.5470m in_range=False f_mag=0.000N tau_mag=0.0000Nm misalign_deg=90.0 pos=[-0.10910751 -0.10914608  0.49140105] bottom_world=[-0.10910744 -0.10914597  0.47140105] quat=[-3.8058391e-01 -2.6153937e-06 -2.0079449e-06  9.2474645e-01] speed=0.0005 ang_speed=0.0025 ang_vel_vec=[-0.00013203  0.00234182 -0.00078275] |com_force|=0.0000N
### kotek_magnet[tick=5820] sensor4: d=0.5249m in_range=False f_mag=0.000N tau_mag=0.0000Nm misalign_deg=90.0 pos=[-0.10900036  0.10899876  0.49140233] bottom_world=[-0.10900023  0.10899905  0.47140233] quat=[ 3.8268277e-01 -4.1369381e-07 -7.8767816e-06  9.2387992e-01] speed=0.0006 ang_speed=0.0043 ang_vel_vec=[-0.00158336  0.0039658   0.00040559] |com_force|=0.0000N
### kotek_magnet[tick=5880] sensor1: d=0.4082m in_range=False f_mag=0.000N tau_mag=0.0000Nm misalign_deg=90.0 pos=[0.10880428 0.10900895 0.4914024 ] bottom_world=[0.10880401 0.1090093  0.47140239] quat=[9.2484146e-01 1.0493025e-05 2.8702157e-06 3.8035271e-01] speed=0.0010 ang_speed=0.0026 ang_vel_vec=[-0.0018481  -0.0016787  -0.00087955] |com_force|=0.0000N
### kotek_magnet[tick=5880] sensor2: d=0.3208m in_range=False f_mag=0.000N tau_mag=0.0000Nm misalign_deg=90.0 pos=[ 0.10902467 -0.10904589  0.49140117] bottom_world=[ 0.10902453 -0.10904596  0.47140117] quat=[ 9.2300063e-01 -2.9353025e-06  2.6817272e-06 -3.8479859e-01] speed=0.0006 ang_speed=0.0046 ang_vel_vec=[ 0.00192521 -0.00418254  0.00050936] |com_force|=0.0000N
### kotek_magnet[tick=5880] sensor3: d=0.5470m in_range=False f_mag=0.000N tau_mag=0.0000Nm misalign_deg=90.0 pos=[-0.10910816 -0.10914579  0.4914012 ] bottom_world=[-0.1091079 -0.1091459  0.4714012] quat=[-3.805840e-01 -4.958733e-06  5.119742e-06  9.247464e-01] speed=0.0010 ang_speed=0.0026 ang_vel_vec=[ 0.0018186   0.00159887 -0.00080769] |com_force|=0.0000N
### kotek_magnet[tick=5880] sensor4: d=0.5249m in_range=False f_mag=0.000N tau_mag=0.0000Nm misalign_deg=90.0 pos=[-0.10900021  0.10899849  0.4914024 ] bottom_world=[-0.10900011  0.1089988   0.47140239] quat=[ 3.8268295e-01  4.7516679e-07 -8.2158285e-06  9.2387968e-01] speed=0.0009 ang_speed=0.0017 ang_vel_vec=[-0.00054297 -0.00100496  0.00131206] |com_force|=0.0000N
### kotek_magnet[tick=5940] sensor1: d=0.4082m in_range=False f_mag=0.000N tau_mag=0.0000Nm misalign_deg=90.0 pos=[0.10880381 0.10900926 0.49140233] bottom_world=[0.10880371 0.10900939 0.47140233] quat=[9.2484152e-01 3.8460207e-06 9.5218013e-07 3.8035282e-01] speed=0.0006 ang_speed=0.0028 ang_vel_vec=[-0.00019886 -0.00259112 -0.00095398] |com_force|=0.0000N
### kotek_magnet[tick=5940] sensor2: d=0.3208m in_range=False f_mag=0.000N tau_mag=0.0000Nm misalign_deg=90.0 pos=[ 0.10902447 -0.10904567  0.49140114] bottom_world=[ 0.10902437 -0.10904575  0.47140114] quat=[ 9.2300045e-01 -2.8684126e-06  1.4802786e-06 -3.8479888e-01] speed=0.0010 ang_speed=0.0023 ang_vel_vec=[0.00037076 0.00176137 0.00136774] |com_force|=0.0000N
### kotek_magnet[tick=5940] sensor3: d=0.5470m in_range=False f_mag=0.000N tau_mag=0.0000Nm misalign_deg=90.0 pos=[-0.10910671 -0.10914607  0.49140108] bottom_world=[-0.10910688 -0.10914583  0.47140108] quat=[-3.8058341e-01  1.4895163e-06 -7.3063711e-06  9.2474657e-01] speed=0.0006 ang_speed=0.0039 ang_vel_vec=[-0.00351603 -0.00149898  0.00047996] |com_force|=0.0000N
### kotek_magnet[tick=5940] sensor4: d=0.5249m in_range=False f_mag=0.000N tau_mag=0.0000Nm misalign_deg=90.0 pos=[-0.10900021  0.1089985   0.4914023 ] bottom_world=[-0.1090001   0.10899881  0.4714023 ] quat=[ 3.8268301e-01  5.1413002e-07 -8.1329026e-06  9.2387974e-01] speed=0.0009 ang_speed=0.0019 ang_vel_vec=[-0.00025061 -0.00134374  0.00127921] |com_force|=0.0000N
### kotek_magnet[tick=6000] sensor1: d=0.4082m in_range=False f_mag=0.000N tau_mag=0.0000Nm misalign_deg=90.0 pos=[0.10880253 0.10900909 0.49140242] bottom_world=[0.10880274 0.1090091  0.47140242] quat=[ 9.2484200e-01 -1.9766669e-06 -4.8691763e-06  3.8035163e-01] speed=0.0010 ang_speed=0.0020 ang_vel_vec=[-0.00120432  0.00045539  0.00152418] |com_force|=0.0000N
### kotek_magnet[tick=6000] sensor2: d=0.3208m in_range=False f_mag=0.000N tau_mag=0.0000Nm misalign_deg=90.0 pos=[ 0.10902447 -0.10904565  0.49140108] bottom_world=[ 0.10902438 -0.10904573  0.47140108] quat=[ 9.2300045e-01 -2.8471113e-06  1.4328912e-06 -3.8479888e-01] speed=0.0010 ang_speed=0.0025 ang_vel_vec=[0.00036536 0.00197975 0.00148149] |com_force|=0.0000N
### kotek_magnet[tick=6000] sensor3: d=0.5470m in_range=False f_mag=0.000N tau_mag=0.0000Nm misalign_deg=90.0 pos=[-0.10910825 -0.1091456   0.4914011 ] bottom_world=[-0.10910795 -0.10914581  0.47140111] quat=[-3.8058382e-01 -4.7921699e-06  7.6746182e-06  9.2474645e-01] speed=0.0014 ang_speed=0.0163 ang_vel_vec=[ 0.01417181  0.00807301 -0.00025528] |com_force|=0.0000N
### kotek_magnet[tick=6000] sensor4: d=0.5249m in_range=False f_mag=0.000N tau_mag=0.0000Nm misalign_deg=90.0 pos=[-0.10900035  0.10899951  0.49140233] bottom_world=[-0.10900033  0.10899957  0.47140233] quat=[ 3.8268223e-01  2.1598349e-07 -1.5382957e-06  9.2388004e-01] speed=0.0005 ang_speed=0.0026 ang_vel_vec=[ 0.00202015  0.00144143 -0.00069247] |com_force|=0.0000N
### kotek_magnet[tick=6060] sensor1: d=0.4082m in_range=False f_mag=0.000N tau_mag=0.0000Nm misalign_deg=90.0 pos=[0.10880251 0.10900911 0.49140233] bottom_world=[0.10880272 0.10900911 0.47140233] quat=[ 9.2484194e-01 -2.0551627e-06 -4.8369398e-06  3.8035181e-01] speed=0.0010 ang_speed=0.0019 ang_vel_vec=[-0.00110314  0.00046011  0.00149769] |com_force|=0.0000N
### kotek_magnet[tick=6060] sensor2: d=0.3208m in_range=False f_mag=0.000N tau_mag=0.0000Nm misalign_deg=90.0 pos=[ 0.10902463 -0.10904644  0.49140102] bottom_world=[ 0.10902459 -0.10904635  0.47140102] quat=[ 9.2300069e-01  1.7094314e-06  1.7892012e-06 -3.8479829e-01] speed=0.0001 ang_speed=0.0014 ang_vel_vec=[ 0.00078467 -0.00106687 -0.00033162] |com_force|=0.0000N
### kotek_magnet[tick=6060] sensor3: d=0.5470m in_range=False f_mag=0.000N tau_mag=0.0000Nm misalign_deg=90.0 pos=[-0.10910813 -0.10914575  0.4914012 ] bottom_world=[-0.10910787 -0.10914587  0.4714012 ] quat=[-3.8058412e-01 -4.8798784e-06  5.2164928e-06  9.2474639e-01] speed=0.0010 ang_speed=0.0027 ang_vel_vec=[ 0.0020984   0.00151958 -0.00074788] |com_force|=0.0000N
### kotek_magnet[tick=6060] sensor4: d=0.5249m in_range=False f_mag=0.000N tau_mag=0.0000Nm misalign_deg=90.0 pos=[-0.10900009  0.10899933  0.49140224] bottom_world=[-0.10900017  0.10899937  0.47140224] quat=[ 3.8268250e-01  2.1991793e-06 -6.5228583e-08  9.2387986e-01] speed=0.0001 ang_speed=0.0030 ang_vel_vec=[ 0.00244499 -0.00171954  0.00044863] |com_force|=0.0000N
### kotek_magnet[tick=6120] sensor1: d=0.4082m in_range=False f_mag=0.000N tau_mag=0.0000Nm misalign_deg=90.0 pos=[0.10880257 0.10900911 0.4914023 ] bottom_world=[0.10880276 0.10900914 0.4714023 ] quat=[ 9.2484194e-01 -1.1635308e-06 -4.6629038e-06  3.8035181e-01] speed=0.0010 ang_speed=0.0031 ang_vel_vec=[-0.00278    -0.00031514  0.00138687] |com_force|=0.0000N
### kotek_magnet[tick=6120] sensor2: d=0.3208m in_range=False f_mag=0.000N tau_mag=0.0000Nm misalign_deg=90.0 pos=[ 0.10902466 -0.10904645  0.49140102] bottom_world=[ 0.10902462 -0.10904636  0.47140102] quat=[ 9.2300075e-01  1.7717557e-06  1.8746003e-06 -3.8479829e-01] speed=0.0001 ang_speed=0.0008 ang_vel_vec=[ 4.4616331e-06 -6.7923334e-04 -4.0299637e-04] |com_force|=0.0000N
### kotek_magnet[tick=6120] sensor3: d=0.5470m in_range=False f_mag=0.000N tau_mag=0.0000Nm misalign_deg=90.0 pos=[-0.10910644 -0.10914589  0.49140117] bottom_world=[-0.10910663 -0.10914567  0.47140117] quat=[-3.8058293e-01  2.5266054e-06 -6.8316522e-06  9.2474687e-01] speed=0.0010 ang_speed=0.0021 ang_vel_vec=[ 0.00151504 -0.00028425  0.00144689] |com_force|=0.0000N
### kotek_magnet[tick=6120] sensor4: d=0.5249m in_range=False f_mag=0.000N tau_mag=0.0000Nm misalign_deg=90.0 pos=[-0.10900007  0.10900021  0.49140233] bottom_world=[-0.1090003   0.10900006  0.47140233] quat=[3.8268197e-01 3.9528722e-06 5.6811850e-06 9.2388016e-01] speed=0.0010 ang_speed=0.0029 ang_vel_vec=[ 0.00195901 -0.00200003 -0.00082427] |com_force|=0.0000N
### kotek_magnet[tick=6180] sensor1: d=0.4082m in_range=False f_mag=0.000N tau_mag=0.0000Nm misalign_deg=90.0 pos=[0.10880258 0.10900906 0.49140245] bottom_world=[0.10880277 0.10900909 0.47140245] quat=[ 9.2484206e-01 -1.1741083e-06 -4.7477370e-06  3.8035157e-01] speed=0.0010 ang_speed=0.0032 ang_vel_vec=[-0.00285184 -0.00034351  0.00134593] |com_force|=0.0000N
### kotek_magnet[tick=6180] sensor2: d=0.3208m in_range=False f_mag=0.000N tau_mag=0.0000Nm misalign_deg=90.0 pos=[ 0.10902469 -0.10904563  0.49140117] bottom_world=[ 0.10902449 -0.10904574  0.47140117] quat=[ 9.2300045e-01 -4.3155014e-06  3.6493359e-06 -3.8479888e-01] speed=0.0009 ang_speed=0.0029 ang_vel_vec=[-0.00039772 -0.00279292  0.00065193] |com_force|=0.0000N
### kotek_magnet[tick=6180] sensor3: d=0.5470m in_range=False f_mag=0.000N tau_mag=0.0000Nm misalign_deg=90.0 pos=[-0.10910644 -0.10914592  0.49140128] bottom_world=[-0.10910664 -0.1091457   0.47140128] quat=[-3.805829e-01  2.473133e-06 -6.930538e-06  9.247468e-01] speed=0.0010 ang_speed=0.0021 ang_vel_vec=[ 0.00149207 -0.00026767  0.00142497] |com_force|=0.0000N
### kotek_magnet[tick=6180] sensor4: d=0.5249m in_range=False f_mag=0.000N tau_mag=0.0000Nm misalign_deg=90.0 pos=[-0.10900007  0.10900016  0.49140242] bottom_world=[-0.1090003   0.10900002  0.47140242] quat=[3.8268217e-01 3.9266242e-06 5.3785911e-06 9.2388016e-01] speed=0.0010 ang_speed=0.0027 ang_vel_vec=[ 0.00178208 -0.00189023 -0.00086432] |com_force|=0.0000N
### kotek_magnet[tick=6240] sensor1: d=0.4082m in_range=False f_mag=0.000N tau_mag=0.0000Nm misalign_deg=90.0 pos=[0.10880255 0.10900909 0.49140227] bottom_world=[0.10880275 0.1090091  0.47140227] quat=[ 9.2484194e-01 -1.6575522e-06 -4.6971645e-06  3.8035169e-01] speed=0.0010 ang_speed=0.0020 ang_vel_vec=[-0.00120204  0.00035975  0.00153187] |com_force|=0.0000N
### kotek_magnet[tick=6240] sensor2: d=0.3208m in_range=False f_mag=0.000N tau_mag=0.0000Nm misalign_deg=90.0 pos=[ 0.10902464 -0.10904588  0.49140105] bottom_world=[ 0.1090245  -0.10904595  0.47140105] quat=[ 9.2300063e-01 -3.0864883e-06  2.6848834e-06 -3.8479859e-01] speed=0.0006 ang_speed=0.0050 ang_vel_vec=[ 0.00228449 -0.00446207  0.00059443] |com_force|=0.0000N
### kotek_magnet[tick=6240] sensor3: d=0.5470m in_range=False f_mag=0.000N tau_mag=0.0000Nm misalign_deg=90.0 pos=[-0.10910729 -0.10914579  0.49140102] bottom_world=[-0.10910728 -0.10914575  0.47140102] quat=[-3.8058338e-01 -7.3979299e-07 -7.4850141e-07  9.2474657e-01] speed=0.0003 ang_speed=0.0054 ang_vel_vec=[0.00489239 0.0021418  0.00044282] |com_force|=0.0000N
### kotek_magnet[tick=6240] sensor4: d=0.5249m in_range=False f_mag=0.000N tau_mag=0.0000Nm misalign_deg=90.0 pos=[-0.10900009  0.10900023  0.49140233] bottom_world=[-0.10900031  0.10900008  0.47140233] quat=[3.8268206e-01 3.6669649e-06 5.5152600e-06 9.2388010e-01] speed=0.0010 ang_speed=0.0023 ang_vel_vec=[ 0.00165973 -0.00143474 -0.00069292] |com_force|=0.0000N
### kotek_magnet[tick=6300] sensor1: d=0.4082m in_range=False f_mag=0.000N tau_mag=0.0000Nm misalign_deg=90.0 pos=[0.10880259 0.10900907 0.4914024 ] bottom_world=[0.10880279 0.1090091  0.47140239] quat=[ 9.2484200e-01 -1.2563953e-06 -4.6479026e-06  3.8035154e-01] speed=0.0010 ang_speed=0.0028 ang_vel_vec=[-0.00237275 -0.00013892  0.00144863] |com_force|=0.0000N
### kotek_magnet[tick=6300] sensor2: d=0.3208m in_range=False f_mag=0.000N tau_mag=0.0000Nm misalign_deg=90.0 pos=[ 0.10902445 -0.10904565  0.4914011 ] bottom_world=[ 0.10902435 -0.10904574  0.47140111] quat=[ 9.2300045e-01 -2.9374655e-06  1.5081687e-06 -3.8479900e-01] speed=0.0010 ang_speed=0.0021 ang_vel_vec=[0.00049192 0.00151296 0.00144312] |com_force|=0.0000N
### kotek_magnet[tick=6300] sensor3: d=0.5470m in_range=False f_mag=0.000N tau_mag=0.0000Nm misalign_deg=90.0 pos=[-0.10910645 -0.10914586  0.49140114] bottom_world=[-0.10910664 -0.10914567  0.47140114] quat=[-3.8058296e-01  2.4389453e-06 -6.4023334e-06  9.2474681e-01] speed=0.0009 ang_speed=0.0026 ang_vel_vec=[2.1183619e-03 5.4377114e-08 1.4963781e-03] |com_force|=0.0000N
### kotek_magnet[tick=6300] sensor4: d=0.5249m in_range=False f_mag=0.000N tau_mag=0.0000Nm misalign_deg=90.0 pos=[-0.10900006  0.10900021  0.4914023 ] bottom_world=[-0.10900028  0.10900007  0.4714023 ] quat=[3.8268217e-01 3.8383942e-06 5.5129494e-06 9.2388016e-01] speed=0.0010 ang_speed=0.0025 ang_vel_vec=[ 0.00167348 -0.0017491  -0.00076624] |com_force|=0.0000N
### kotek_magnet[tick=6360] sensor1: d=0.4082m in_range=False f_mag=0.000N tau_mag=0.0000Nm misalign_deg=90.0 pos=[0.10880258 0.10900933 0.49140227] bottom_world=[0.1088028  0.10900924 0.47140227] quat=[ 9.2484194e-01 -4.0543750e-06 -4.2719153e-06  3.8035196e-01] speed=0.0009 ang_speed=0.0033 ang_vel_vec=[3.2249356e-03 4.8074948e-05 5.5907085e-04] |com_force|=0.0000N
### kotek_magnet[tick=6360] sensor2: d=0.3208m in_range=False f_mag=0.000N tau_mag=0.0000Nm misalign_deg=90.0 pos=[ 0.10902447 -0.10904562  0.4914011 ] bottom_world=[ 0.10902436 -0.10904571  0.47140111] quat=[ 9.2300045e-01 -3.0438639e-06  1.5215101e-06 -3.8479897e-01] speed=0.0010 ang_speed=0.0019 ang_vel_vec=[0.00046252 0.00143257 0.00122935] |com_force|=0.0000N
### kotek_magnet[tick=6360] sensor3: d=0.5470m in_range=False f_mag=0.000N tau_mag=0.0000Nm misalign_deg=90.0 pos=[-0.10910646 -0.10914588  0.4914011 ] bottom_world=[-0.10910665 -0.10914568  0.47140111] quat=[-3.8058308e-01  2.4413534e-06 -6.4573410e-06  9.2474681e-01] speed=0.0009 ang_speed=0.0023 ang_vel_vec=[ 1.8818483e-03 -4.5063192e-05  1.2839655e-03] |com_force|=0.0000N
### kotek_magnet[tick=6360] sensor4: d=0.5249m in_range=False f_mag=0.000N tau_mag=0.0000Nm misalign_deg=90.0 pos=[-0.10900037  0.10899954  0.49140227] bottom_world=[-0.10900035  0.1089996   0.47140227] quat=[ 3.8268226e-01  1.8795886e-07 -1.5738221e-06  9.2388010e-01] speed=0.0005 ang_speed=0.0026 ang_vel_vec=[ 0.00201286  0.001266   -0.00096201] |com_force|=0.0000N
### kotek_magnet[tick=6420] sensor1: d=0.4082m in_range=False f_mag=0.000N tau_mag=0.0000Nm misalign_deg=90.0 pos=[0.10880256 0.10900909 0.4914023 ] bottom_world=[0.10880276 0.10900911 0.4714023 ] quat=[ 9.2484200e-01 -1.3951319e-06 -4.6734999e-06  3.8035181e-01] speed=0.0010 ang_speed=0.0026 ang_vel_vec=[-2.1664852e-03 -8.3616469e-05  1.4145252e-03] |com_force|=0.0000N
### kotek_magnet[tick=6420] sensor2: d=0.3208m in_range=False f_mag=0.000N tau_mag=0.0000Nm misalign_deg=90.0 pos=[ 0.10902447 -0.10904565  0.4914011 ] bottom_world=[ 0.10902437 -0.10904574  0.47140111] quat=[ 9.2300040e-01 -2.9319735e-06  1.4547975e-06 -3.8479891e-01] speed=0.0010 ang_speed=0.0023 ang_vel_vec=[0.00041982 0.00171956 0.00141549] |com_force|=0.0000N
### kotek_magnet[tick=6420] sensor3: d=0.5470m in_range=False f_mag=0.000N tau_mag=0.0000Nm misalign_deg=90.0 pos=[-0.10910726 -0.1091458   0.491401  ] bottom_world=[-0.10910724 -0.10914576  0.47140099] quat=[-3.8058341e-01 -8.2549570e-07 -6.9633234e-07  9.2474657e-01] speed=0.0002 ang_speed=0.0055 ang_vel_vec=[0.00483685 0.00259975 0.00038267] |com_force|=0.0000N
### kotek_magnet[tick=6420] sensor4: d=0.5249m in_range=False f_mag=0.000N tau_mag=0.0000Nm misalign_deg=90.0 pos=[-0.10900009  0.10900021  0.49140236] bottom_world=[-0.10900031  0.10900006  0.47140236] quat=[3.8268206e-01 3.7925076e-06 5.5146670e-06 9.2388010e-01] speed=0.0010 ang_speed=0.0026 ang_vel_vec=[ 0.00173584 -0.00168725 -0.00080664] |com_force|=0.0000N
### kotek_magnet[tick=6480] sensor1: d=0.4082m in_range=False f_mag=0.000N tau_mag=0.0000Nm misalign_deg=90.0 pos=[0.10880257 0.1090093  0.49140233] bottom_world=[0.10880279 0.10900922 0.47140233] quat=[ 9.2484194e-01 -4.1198887e-06 -4.2503498e-06  3.8035166e-01] speed=0.0009 ang_speed=0.0036 ang_vel_vec=[3.4963018e-03 8.0303587e-05 8.7837386e-04] |com_force|=0.0000N
### kotek_magnet[tick=6480] sensor2: d=0.3208m in_range=False f_mag=0.000N tau_mag=0.0000Nm misalign_deg=90.0 pos=[ 0.10902464 -0.10904588  0.4914011 ] bottom_world=[ 0.1090245  -0.10904594  0.47140111] quat=[ 9.2300057e-01 -2.8966399e-06  2.6060256e-06 -3.8479865e-01] speed=0.0006 ang_speed=0.0048 ang_vel_vec=[ 0.00216852 -0.00421296  0.00062281] |com_force|=0.0000N
### kotek_magnet[tick=6480] sensor3: d=0.5470m in_range=False f_mag=0.000N tau_mag=0.0000Nm misalign_deg=90.0 pos=[-0.1091067  -0.10914607  0.49140105] bottom_world=[-0.10910688 -0.10914582  0.47140105] quat=[-3.8058344e-01  1.6714783e-06 -7.5732164e-06  9.2474669e-01] speed=0.0006 ang_speed=0.0042 ang_vel_vec=[-0.00378677 -0.00174924  0.00063756] |com_force|=0.0000N
### kotek_magnet[tick=6480] sensor4: d=0.5249m in_range=False f_mag=0.000N tau_mag=0.0000Nm misalign_deg=90.0 pos=[-0.10900006  0.10900021  0.49140227] bottom_world=[-0.10900028  0.10900007  0.47140227] quat=[3.8268220e-01 3.6901074e-06 5.3010749e-06 9.2388010e-01] speed=0.0010 ang_speed=0.0024 ang_vel_vec=[ 0.00163682 -0.00156302 -0.00066296] |com_force|=0.0000N
### kotek_magnet[tick=6540] sensor1: d=0.4082m in_range=False f_mag=0.000N tau_mag=0.0000Nm misalign_deg=90.0 pos=[0.10880259 0.10900909 0.4914024 ] bottom_world=[0.10880278 0.1090091  0.47140239] quat=[ 9.2484200e-01 -1.4048196e-06 -4.5671259e-06  3.8035157e-01] speed=0.0010 ang_speed=0.0026 ang_vel_vec=[-0.00219618 -0.0001139   0.00138838] |com_force|=0.0000N
### kotek_magnet[tick=6540] sensor2: d=0.3208m in_range=False f_mag=0.000N tau_mag=0.0000Nm misalign_deg=90.0 pos=[ 0.10902435 -0.10904734  0.49140117] bottom_world=[ 0.10902459 -0.10904697  0.47140117] quat=[ 9.2300087e-01  1.0813582e-05 -1.8515161e-06 -3.8479805e-01] speed=0.0010 ang_speed=0.0027 ang_vel_vec=[-0.00163426  0.00202999 -0.00082756] |com_force|=0.0000N
### kotek_magnet[tick=6540] sensor3: d=0.5470m in_range=False f_mag=0.000N tau_mag=0.0000Nm misalign_deg=90.0 pos=[-0.10910817 -0.10914577  0.49140117] bottom_world=[-0.10910791 -0.10914589  0.47140117] quat=[-3.8058400e-01 -4.8176880e-06  5.3044123e-06  9.2474639e-01] speed=0.0010 ang_speed=0.0026 ang_vel_vec=[ 0.00192875  0.00150984 -0.00083528] |com_force|=0.0000N
### kotek_magnet[tick=6540] sensor4: d=0.5249m in_range=False f_mag=0.000N tau_mag=0.0000Nm misalign_deg=90.0 pos=[-0.10900006  0.10900018  0.49140233] bottom_world=[-0.10900029  0.10900002  0.47140233] quat=[3.8268220e-01 3.7475459e-06 5.7194229e-06 9.2388016e-01] speed=0.0010 ang_speed=0.0028 ang_vel_vec=[ 0.00193419 -0.00186801 -0.00082036] |com_force|=0.0000N
### kotek_magnet[tick=6600] sensor1: d=0.4082m in_range=False f_mag=0.000N tau_mag=0.0000Nm misalign_deg=90.0 pos=[0.10880435 0.10900896 0.49140236] bottom_world=[0.10880408 0.1090093  0.47140236] quat=[9.2484158e-01 1.0433357e-05 2.7670142e-06 3.8035277e-01] speed=0.0010 ang_speed=0.0024 ang_vel_vec=[-0.00173384 -0.00147744 -0.00072132] |com_force|=0.0000N
### kotek_magnet[tick=6600] sensor2: d=0.3208m in_range=False f_mag=0.000N tau_mag=0.0000Nm misalign_deg=90.0 pos=[ 0.10902448 -0.10904565  0.49140117] bottom_world=[ 0.10902438 -0.10904574  0.47140117] quat=[ 9.2300045e-01 -2.8901011e-06  1.5014425e-06 -3.8479894e-01] speed=0.0010 ang_speed=0.0023 ang_vel_vec=[0.00043108 0.00157605 0.00155135] |com_force|=0.0000N
### kotek_magnet[tick=6600] sensor3: d=0.5470m in_range=False f_mag=0.000N tau_mag=0.0000Nm misalign_deg=90.0 pos=[-0.1091065  -0.10914589  0.49140114] bottom_world=[-0.10910668 -0.1091457   0.47140114] quat=[-3.8058302e-01  2.3301009e-06 -6.3505663e-06  9.2474681e-01] speed=0.0009 ang_speed=0.0027 ang_vel_vec=[0.0022098  0.00010132 0.00159502] |com_force|=0.0000N
### kotek_magnet[tick=6600] sensor4: d=0.5249m in_range=False f_mag=0.000N tau_mag=0.0000Nm misalign_deg=90.0 pos=[-0.10900009  0.1089993   0.49140218] bottom_world=[-0.10900017  0.10899934  0.47140218] quat=[ 3.8268274e-01  2.2457803e-06 -1.3152453e-07  9.2387986e-01] speed=0.0002 ang_speed=0.0027 ang_vel_vec=[ 0.00205378 -0.00172302  0.00056136] |com_force|=0.0000N
### kotek_magnet[tick=6660] sensor1: d=0.4082m in_range=False f_mag=0.000N tau_mag=0.0000Nm misalign_deg=90.0 pos=[0.10880432 0.10900894 0.49140233] bottom_world=[0.10880406 0.10900928 0.47140233] quat=[9.2484152e-01 1.0365663e-05 2.8748659e-06 3.8035277e-01] speed=0.0010 ang_speed=0.0025 ang_vel_vec=[-0.00164923 -0.00166271 -0.00083455] |com_force|=0.0000N
### kotek_magnet[tick=6660] sensor2: d=0.3208m in_range=False f_mag=0.000N tau_mag=0.0000Nm misalign_deg=90.0 pos=[ 0.10902449 -0.10904568  0.49140108] bottom_world=[ 0.10902439 -0.10904576  0.47140108] quat=[ 9.2300045e-01 -2.9671114e-06  1.4221423e-06 -3.8479888e-01] speed=0.0010 ang_speed=0.0024 ang_vel_vec=[0.00038434 0.00189117 0.00145296] |com_force|=0.0000N
### kotek_magnet[tick=6660] sensor3: d=0.5470m in_range=False f_mag=0.000N tau_mag=0.0000Nm misalign_deg=90.0 pos=[-0.10910752 -0.1091461   0.4914011 ] bottom_world=[-0.10910746 -0.10914598  0.47140111] quat=[-3.8058373e-01 -2.5056142e-06 -2.3261468e-06  9.2474645e-01] speed=0.0005 ang_speed=0.0023 ang_vel_vec=[-0.00070422  0.00207111 -0.00070361] |com_force|=0.0000N
### kotek_magnet[tick=6660] sensor4: d=0.5249m in_range=False f_mag=0.000N tau_mag=0.0000Nm misalign_deg=90.0 pos=[-0.10900023  0.10899848  0.49140233] bottom_world=[-0.10900012  0.1089988   0.47140233] quat=[ 3.8268295e-01  4.2151279e-07 -8.2337974e-06  9.2387980e-01] speed=0.0009 ang_speed=0.0016 ang_vel_vec=[-0.00056945 -0.00075558  0.00134629] |com_force|=0.0000N
### kotek_magnet[tick=6720] sensor1: d=0.4082m in_range=False f_mag=0.000N tau_mag=0.0000Nm misalign_deg=90.0 pos=[0.10880382 0.10900922 0.49140227] bottom_world=[0.10880373 0.10900934 0.47140227] quat=[9.2484164e-01 3.7624282e-06 1.0231950e-06 3.8035250e-01] speed=0.0006 ang_speed=0.0025 ang_vel_vec=[ 0.00051958 -0.00219376 -0.00099973] |com_force|=0.0000N
### kotek_magnet[tick=6720] sensor2: d=0.3208m in_range=False f_mag=0.000N tau_mag=0.0000Nm misalign_deg=90.0 pos=[ 0.10902437 -0.10904737  0.4914012 ] bottom_world=[ 0.1090246 -0.109047   0.4714012] quat=[ 9.2300087e-01  1.0813950e-05 -1.7421771e-06 -3.8479787e-01] speed=0.0010 ang_speed=0.0026 ang_vel_vec=[-0.00159546  0.00188897 -0.00086919] |com_force|=0.0000N
### kotek_magnet[tick=6720] sensor3: d=0.5470m in_range=False f_mag=0.000N tau_mag=0.0000Nm misalign_deg=90.0 pos=[-0.10910817 -0.10914579  0.49140114] bottom_world=[-0.10910791 -0.10914591  0.47140114] quat=[-3.8058406e-01 -4.9352052e-06  5.2885530e-06  9.2474645e-01] speed=0.0010 ang_speed=0.0027 ang_vel_vec=[ 0.00200604  0.00166227 -0.00087813] |com_force|=0.0000N
### kotek_magnet[tick=6720] sensor4: d=0.5249m in_range=False f_mag=0.000N tau_mag=0.0000Nm misalign_deg=90.0 pos=[-0.10900035  0.10899931  0.49140227] bottom_world=[-0.1090003   0.10899944  0.47140227] quat=[ 3.8268244e-01  2.5618607e-07 -3.4943564e-06  9.2387992e-01] speed=0.0002 ang_speed=0.0013 ang_vel_vec=[-0.00020059  0.00121717 -0.00049124] |com_force|=0.0000N
### still playing, 1280s left
### kotek_magnet[tick=6780] sensor1: d=0.4082m in_range=False f_mag=0.000N tau_mag=0.0000Nm misalign_deg=90.0 pos=[0.10880383 0.10900922 0.49140224] bottom_world=[0.10880374 0.10900934 0.47140224] quat=[9.2484164e-01 3.6599183e-06 1.0215416e-06 3.8035256e-01] speed=0.0006 ang_speed=0.0022 ang_vel_vec=[ 0.0012742  -0.00159512 -0.00077614] |com_force|=0.0000N
### kotek_magnet[tick=6780] sensor2: d=0.3208m in_range=False f_mag=0.000N tau_mag=0.0000Nm misalign_deg=90.0 pos=[ 0.10902448 -0.10904569  0.4914011 ] bottom_world=[ 0.10902437 -0.10904579  0.47140111] quat=[ 9.2300045e-01 -3.1897880e-06  1.5470537e-06 -3.8479900e-01] speed=0.0010 ang_speed=0.0024 ang_vel_vec=[0.00050721 0.0017607  0.00154745] |com_force|=0.0000N
### kotek_magnet[tick=6780] sensor3: d=0.5470m in_range=False f_mag=0.000N tau_mag=0.0000Nm misalign_deg=90.0 pos=[-0.10910752 -0.10914613  0.49140108] bottom_world=[-0.10910747 -0.109146    0.47140108] quat=[-3.8058379e-01 -2.4891867e-06 -2.4766712e-06  9.2474645e-01] speed=0.0005 ang_speed=0.0025 ang_vel_vec=[-0.00102607  0.00224665 -0.00062641] |com_force|=0.0000N
### kotek_magnet[tick=6780] sensor4: d=0.5249m in_range=False f_mag=0.000N tau_mag=0.0000Nm misalign_deg=90.0 pos=[-0.10900022  0.10899845  0.49140242] bottom_world=[-0.10900011  0.10899876  0.47140242] quat=[ 3.8268313e-01  4.4751812e-07 -8.2102279e-06  9.2387968e-01] speed=0.0009 ang_speed=0.0017 ang_vel_vec=[-0.00062074 -0.00049578  0.00145914] |com_force|=0.0000N
### kotek_magnet[tick=6840] sensor1: d=0.4082m in_range=False f_mag=0.000N tau_mag=0.0000Nm misalign_deg=90.0 pos=[0.10880432 0.10900898 0.49140227] bottom_world=[0.10880406 0.10900931 0.47140227] quat=[9.2484158e-01 1.0183990e-05 2.7778565e-06 3.8035265e-01] speed=0.0010 ang_speed=0.0018 ang_vel_vec=[-0.00118478 -0.001015   -0.0008364 ] |com_force|=0.0000N
### kotek_magnet[tick=6840] sensor2: d=0.3208m in_range=False f_mag=0.000N tau_mag=0.0000Nm misalign_deg=90.0 pos=[ 0.10902467 -0.10904589  0.4914011 ] bottom_world=[ 0.10902453 -0.10904596  0.47140111] quat=[ 9.2300063e-01 -2.9625483e-06  2.5819991e-06 -3.8479862e-01] speed=0.0007 ang_speed=0.0044 ang_vel_vec=[ 0.00188923 -0.00392841  0.00053301] |com_force|=0.0000N
### kotek_magnet[tick=6840] sensor3: d=0.5470m in_range=False f_mag=0.000N tau_mag=0.0000Nm misalign_deg=90.0 pos=[-0.10910819 -0.10914579  0.49140108] bottom_world=[-0.10910793 -0.10914591  0.47140108] quat=[-3.8058391e-01 -4.8924398e-06  5.3674075e-06  9.2474639e-01] speed=0.0010 ang_speed=0.0027 ang_vel_vec=[ 0.00193859  0.00161982 -0.00081945] |com_force|=0.0000N
### kotek_magnet[tick=6840] sensor4: d=0.5249m in_range=False f_mag=0.000N tau_mag=0.0000Nm misalign_deg=90.0 pos=[-0.10900018  0.10899848  0.49140236] bottom_world=[-0.10900008  0.10899877  0.47140236] quat=[ 3.826831e-01  6.599624e-07 -7.709503e-06  9.238797e-01] speed=0.0009 ang_speed=0.0016 ang_vel_vec=[-0.00045343 -0.00058534  0.0013694 ] |com_force|=0.0000N
### kotek_magnet[tick=6900] sensor1: d=0.4082m in_range=False f_mag=0.000N tau_mag=0.0000Nm misalign_deg=90.0 pos=[0.10880385 0.10900925 0.49140224] bottom_world=[0.10880376 0.10900937 0.47140224] quat=[9.2484158e-01 3.5327291e-06 9.3092058e-07 3.8035256e-01] speed=0.0006 ang_speed=0.0021 ang_vel_vec=[ 0.00100798 -0.00148137 -0.00104928] |com_force|=0.0000N
### kotek_magnet[tick=6900] sensor2: d=0.3208m in_range=False f_mag=0.000N tau_mag=0.0000Nm misalign_deg=90.0 pos=[ 0.1090245  -0.10904567  0.49140114] bottom_world=[ 0.10902441 -0.10904575  0.47140114] quat=[ 9.2300045e-01 -2.7214228e-06  1.3670392e-06 -3.8479894e-01] speed=0.0010 ang_speed=0.0026 ang_vel_vec=[-0.00017124  0.00221349  0.00128265] |com_force|=0.0000N
### kotek_magnet[tick=6900] sensor3: d=0.5470m in_range=False f_mag=0.000N tau_mag=0.0000Nm misalign_deg=90.0 pos=[-0.10910814 -0.10914578  0.49140117] bottom_world=[-0.10910788 -0.10914589  0.47140117] quat=[-3.8058412e-01 -4.8831412e-06  5.1484603e-06  9.2474639e-01] speed=0.0010 ang_speed=0.0024 ang_vel_vec=[ 0.00165442  0.00136866 -0.00098223] |com_force|=0.0000N
### kotek_magnet[tick=6900] sensor4: d=0.5249m in_range=False f_mag=0.000N tau_mag=0.0000Nm misalign_deg=90.0 pos=[-0.10900038  0.10899955  0.49140227] bottom_world=[-0.10900037  0.10899961  0.47140227] quat=[ 3.8268214e-01  1.6148829e-07 -1.5311825e-06  9.2388010e-01] speed=0.0005 ang_speed=0.0023 ang_vel_vec=[ 0.00157475  0.00133986 -0.00091811] |com_force|=0.0000N
### kotek_magnet[tick=6960] sensor1: d=0.4082m in_range=False f_mag=0.000N tau_mag=0.0000Nm misalign_deg=90.0 pos=[0.10880388 0.10900927 0.49140227] bottom_world=[0.10880378 0.10900939 0.47140227] quat=[9.2484164e-01 3.5334624e-06 1.0093783e-06 3.8035268e-01] speed=0.0006 ang_speed=0.0021 ang_vel_vec=[ 0.00123226 -0.00142476 -0.0008492 ] |com_force|=0.0000N
### kotek_magnet[tick=6960] sensor2: d=0.3208m in_range=False f_mag=0.000N tau_mag=0.0000Nm misalign_deg=90.0 pos=[ 0.10902469 -0.10904588  0.49140114] bottom_world=[ 0.10902454 -0.10904594  0.47140114] quat=[ 9.2300057e-01 -2.9396770e-06  2.7382910e-06 -3.8479853e-01] speed=0.0007 ang_speed=0.0037 ang_vel_vec=[ 0.00132462 -0.00344467  0.00055589] |com_force|=0.0000N
### kotek_magnet[tick=6960] sensor3: d=0.5470m in_range=False f_mag=0.000N tau_mag=0.0000Nm misalign_deg=90.0 pos=[-0.10910814 -0.10914578  0.49140108] bottom_world=[-0.10910788 -0.10914589  0.47140108] quat=[-3.8058397e-01 -4.7581193e-06  5.1418929e-06  9.2474645e-01] speed=0.0010 ang_speed=0.0020 ang_vel_vec=[ 0.00143708  0.00111636 -0.00078529] |com_force|=0.0000N
### kotek_magnet[tick=6960] sensor4: d=0.5249m in_range=False f_mag=0.000N tau_mag=0.0000Nm misalign_deg=90.0 pos=[-0.1090001   0.10900023  0.49140236] bottom_world=[-0.10900031  0.10900009  0.47140236] quat=[3.8268206e-01 3.4835534e-06 5.2394453e-06 9.2388016e-01] speed=0.0010 ang_speed=0.0014 ang_vel_vec=[ 0.00090564 -0.00082842 -0.00075466] |com_force|=0.0000N
### kotek_magnet[tick=7020] sensor1: d=0.4082m in_range=False f_mag=0.000N tau_mag=0.0000Nm misalign_deg=90.0 pos=[0.10880437 0.10900901 0.49140236] bottom_world=[0.10880412 0.10900932 0.47140236] quat=[9.2484146e-01 9.7038610e-06 2.6444857e-06 3.8035277e-01] speed=0.0010 ang_speed=0.0012 ang_vel_vec=[-0.00062912 -0.00045484 -0.00092359] |com_force|=0.0000N
### kotek_magnet[tick=7020] sensor2: d=0.3208m in_range=False f_mag=0.000N tau_mag=0.0000Nm misalign_deg=90.0 pos=[ 0.1090247  -0.10904645  0.491401  ] bottom_world=[ 0.10902464 -0.10904637  0.47140099] quat=[ 9.2300069e-01  1.3052116e-06  2.1137134e-06 -3.8479829e-01] speed=0.0002 ang_speed=0.0021 ang_vel_vec=[ 0.00093842 -0.00183748 -0.0004202 ] |com_force|=0.0000N
### kotek_magnet[tick=7020] sensor3: d=0.5470m in_range=False f_mag=0.000N tau_mag=0.0000Nm misalign_deg=90.0 pos=[-0.10910643 -0.10914611  0.49140102] bottom_world=[-0.10910664 -0.1091458   0.47140102] quat=[-3.8058308e-01  2.0321227e-06 -9.2140908e-06  9.2474669e-01] speed=0.0009 ang_speed=0.0028 ang_vel_vec=[-0.00265774  0.00055838  0.00070031] |com_force|=0.0000N
### kotek_magnet[tick=7020] sensor4: d=0.5249m in_range=False f_mag=0.000N tau_mag=0.0000Nm misalign_deg=90.0 pos=[-0.10900009  0.10900022  0.4914023 ] bottom_world=[-0.10900029  0.10900009  0.4714023 ] quat=[3.8268209e-01 3.4305569e-06 4.9538498e-06 9.2388016e-01] speed=0.0011 ang_speed=0.0010 ang_vel_vec=[ 0.0003187  -0.00030798 -0.0008482 ] |com_force|=0.0000N
### kotek_magnet[tick=7080] sensor1: d=0.4082m in_range=False f_mag=0.000N tau_mag=0.0000Nm misalign_deg=90.0 pos=[0.10880422 0.10900893 0.49140233] bottom_world=[0.10880397 0.10900927 0.47140233] quat=[9.2484164e-01 1.0225545e-05 2.4752653e-06 3.8035250e-01] speed=0.0009 ang_speed=0.0028 ang_vel_vec=[-0.00177336 -0.00205096 -0.00061343] |com_force|=0.0000N
### kotek_magnet[tick=7080] sensor2: d=0.3208m in_range=False f_mag=0.000N tau_mag=0.0000Nm misalign_deg=90.0 pos=[ 0.10902466 -0.10904583  0.49140117] bottom_world=[ 0.10902452 -0.1090459   0.47140117] quat=[ 9.2300057e-01 -2.8562665e-06  2.5259581e-06 -3.8479865e-01] speed=0.0007 ang_speed=0.0037 ang_vel_vec=[ 0.00148937 -0.00330182  0.00050341] |com_force|=0.0000N
### kotek_magnet[tick=7080] sensor3: d=0.5470m in_range=False f_mag=0.000N tau_mag=0.0000Nm misalign_deg=90.0 pos=[-0.10910668 -0.10914603  0.49140114] bottom_world=[-0.10910685 -0.10914579  0.47140114] quat=[-3.8058326e-01  1.6537361e-06 -7.1166951e-06  9.2474663e-01] speed=0.0006 ang_speed=0.0036 ang_vel_vec=[-0.00324502 -0.00155116  0.00052601] |com_force|=0.0000N
### kotek_magnet[tick=7080] sensor4: d=0.5249m in_range=False f_mag=0.000N tau_mag=0.0000Nm misalign_deg=90.0 pos=[-0.10899987  0.10900031  0.49140224] bottom_world=[-0.10900018  0.10900014  0.47140224] quat=[3.8268241e-01 5.5179503e-06 6.8948107e-06 9.2388004e-01] speed=0.0013 ang_speed=0.0136 ang_vel_vec=[ 0.00670079 -0.01183824 -0.00029879] |com_force|=0.0000N
### kotek_magnet[tick=7140] sensor1: d=0.4082m in_range=False f_mag=0.000N tau_mag=0.0000Nm misalign_deg=90.0 pos=[0.10880434 0.10900905 0.49140227] bottom_world=[0.10880409 0.10900937 0.47140227] quat=[9.2484152e-01 9.7912643e-06 2.6112609e-06 3.8035274e-01] speed=0.0010 ang_speed=0.0013 ang_vel_vec=[-0.00074444 -0.00063252 -0.0008657 ] |com_force|=0.0000N
### kotek_magnet[tick=7140] sensor2: d=0.3208m in_range=False f_mag=0.000N tau_mag=0.0000Nm misalign_deg=90.0 pos=[ 0.1090247  -0.10904642  0.49140102] bottom_world=[ 0.10902465 -0.10904634  0.47140102] quat=[ 9.2300069e-01  1.5228808e-06  1.9444019e-06 -3.8479838e-01] speed=0.0002 ang_speed=0.0010 ang_vel_vec=[ 0.00032524 -0.00083938 -0.00036714] |com_force|=0.0000N
### kotek_magnet[tick=7140] sensor3: d=0.5470m in_range=False f_mag=0.000N tau_mag=0.0000Nm misalign_deg=90.0 pos=[-0.10910641 -0.10914608  0.49140114] bottom_world=[-0.10910662 -0.10914577  0.47140114] quat=[-3.8058305e-01  2.0619182e-06 -9.1242382e-06  9.2474675e-01] speed=0.0009 ang_speed=0.0024 ang_vel_vec=[-0.00216787  0.00067762  0.00077403] |com_force|=0.0000N
### kotek_magnet[tick=7140] sensor4: d=0.5249m in_range=False f_mag=0.000N tau_mag=0.0000Nm misalign_deg=90.0 pos=[-0.10900011  0.10900027  0.49140227] bottom_world=[-0.10900032  0.10900013  0.47140227] quat=[3.8268206e-01 3.5688261e-06 5.0626813e-06 9.2388010e-01] speed=0.0011 ang_speed=0.0010 ang_vel_vec=[ 0.00052519 -0.00043201 -0.00079491] |com_force|=0.0000N
### kotek_magnet[tick=7200] sensor1: d=0.4082m in_range=False f_mag=0.000N tau_mag=0.0000Nm misalign_deg=90.0 pos=[0.10880433 0.109009   0.49140224] bottom_world=[0.10880409 0.10900932 0.47140224] quat=[9.2484158e-01 9.7143056e-06 2.6304963e-06 3.8035274e-01] speed=0.0010 ang_speed=0.0010 ang_vel_vec=[-0.00053494 -0.00048043 -0.00071972] |com_force|=0.0000N
### kotek_magnet[tick=7200] sensor2: d=0.3208m in_range=False f_mag=0.000N tau_mag=0.0000Nm misalign_deg=90.0 pos=[ 0.10902466 -0.10904583  0.4914012 ] bottom_world=[ 0.10902451 -0.10904589  0.4714012 ] quat=[ 9.2300057e-01 -2.9774542e-06  2.7439021e-06 -3.8479856e-01] speed=0.0007 ang_speed=0.0043 ang_vel_vec=[ 0.0017842  -0.00389128  0.00064228] |com_force|=0.0000N
### kotek_magnet[tick=7200] sensor3: d=0.5470m in_range=False f_mag=0.000N tau_mag=0.0000Nm misalign_deg=90.0 pos=[-0.10910818 -0.10914573  0.49140108] bottom_world=[-0.10910792 -0.10914585  0.47140108] quat=[-3.8058409e-01 -4.9656937e-06  5.2188157e-06  9.2474627e-01] speed=0.0010 ang_speed=0.0022 ang_vel_vec=[ 0.0016383   0.00129903 -0.00071581] |com_force|=0.0000N
### kotek_magnet[tick=7200] sensor4: d=0.5249m in_range=False f_mag=0.000N tau_mag=0.0000Nm misalign_deg=90.0 pos=[-0.10900038  0.10899962  0.49140224] bottom_world=[-0.10900036  0.10899968  0.47140224] quat=[ 3.8268226e-01  2.4195890e-07 -1.6840625e-06  9.2388010e-01] speed=0.0005 ang_speed=0.0019 ang_vel_vec=[ 0.00143456  0.00114377 -0.00062883] |com_force|=0.0000N
### kotek_magnet[tick=7260] sensor1: d=0.4082m in_range=False f_mag=0.000N tau_mag=0.0000Nm misalign_deg=90.0 pos=[0.10888872 0.10904284 0.49141127] bottom_world=[0.1088726  0.10904322 0.47141128] quat=[9.2465562e-01 1.6225174e-04 3.6899591e-04 3.8080409e-01] speed=0.0431 ang_speed=0.9987 ang_vel_vec=[0.6387992  0.01366777 0.76756597] |com_force|=0.0000N
### kotek_magnet[tick=7260] sensor2: d=0.3208m in_range=False f_mag=0.000N tau_mag=0.0000Nm misalign_deg=90.0 pos=[ 0.10902464 -0.10904592  0.49140114] bottom_world=[ 0.1090245  -0.10904599  0.47140114] quat=[ 9.2300063e-01 -2.8692707e-06  2.6131081e-06 -3.8479862e-01] speed=0.0007 ang_speed=0.0045 ang_vel_vec=[ 0.00169392 -0.00411297  0.00039118] |com_force|=0.0000N
### kotek_magnet[tick=7260] sensor3: d=0.5470m in_range=False f_mag=0.000N tau_mag=0.0000Nm misalign_deg=90.0 pos=[-0.10910819 -0.10914576  0.49140114] bottom_world=[-0.10910792 -0.10914589  0.47140114] quat=[-3.8058403e-01 -5.0627036e-06  5.4689735e-06  9.2474639e-01] speed=0.0010 ang_speed=0.0024 ang_vel_vec=[ 0.00135533  0.00160424 -0.00108462] |com_force|=0.0000N
### kotek_magnet[tick=7260] sensor4: d=0.5249m in_range=False f_mag=0.000N tau_mag=0.0000Nm misalign_deg=90.0 pos=[-0.10900031  0.1089996   0.4914022 ] bottom_world=[-0.1090003   0.10899966  0.47140221] quat=[ 3.8268223e-01  4.3468228e-07 -1.5060264e-06  9.2388004e-01] speed=0.0005 ang_speed=0.0016 ang_vel_vec=[ 0.00076589  0.00115636 -0.00087576] |com_force|=0.0000N
### kotek_magnet[tick=7320] sensor1: d=0.4099m in_range=False f_mag=0.000N tau_mag=0.0000Nm misalign_deg=107.4 pos=[0.11818498 0.10393282 0.49547234] bottom_world=[0.11219269 0.11217891 0.47826495] quat=[0.9060733  0.25403243 0.07268184 0.33047885] speed=0.2670 ang_speed=9.9318 ang_vel_vec=[-0.8190776  5.0993915  8.483245 ] |com_force|=0.0000N
### kotek_magnet[tick=7320] sensor2: d=0.3208m in_range=False f_mag=0.000N tau_mag=0.0000Nm misalign_deg=90.0 pos=[ 0.10902442 -0.10904554  0.4914014 ] bottom_world=[ 0.10902421 -0.10904575  0.4714014 ] quat=[ 9.2300045e-01 -7.0014426e-06  2.8204204e-06 -3.8479885e-01] speed=0.0013 ang_speed=0.0038 ang_vel_vec=[0.00289895 0.00226085 0.00106781] |com_force|=0.0000N
### kotek_magnet[tick=7320] sensor3: d=0.5470m in_range=False f_mag=0.000N tau_mag=0.0000Nm misalign_deg=90.0 pos=[-0.1091064  -0.10914575  0.4914013 ] bottom_world=[-0.10910665 -0.10914551  0.47140131] quat=[-3.8058284e-01  3.4677109e-06 -7.9061128e-06  9.2474687e-01] speed=0.0009 ang_speed=0.0025 ang_vel_vec=[ 0.00198439 -0.00068912  0.00129955] |com_force|=0.0000N
### kotek_magnet[tick=7320] sensor4: d=0.5249m in_range=False f_mag=0.000N tau_mag=0.0000Nm misalign_deg=90.0 pos=[-0.10900014  0.10900033  0.4914022 ] bottom_world=[-0.10900031  0.10900023  0.47140221] quat=[3.8268209e-01 2.8151651e-06 4.0736331e-06 9.2388010e-01] speed=0.0011 ang_speed=0.0031 ang_vel_vec=[-0.00206     0.00215102 -0.00099856] |com_force|=0.0000N
### kotek_magnet[tick=7380] sensor1: d=0.4092m in_range=False f_mag=0.000N tau_mag=0.0000Nm misalign_deg=90.2 pos=[0.11201786 0.11388573 0.4915042 ] bottom_world=[0.11195127 0.11396093 0.47150444] quat=[0.9463508  0.00231705 0.00096786 0.3231315 ] speed=0.0955 ang_speed=2.6176 ang_vel_vec=[ 0.16699778 -0.41171896 -2.5796044 ] |com_force|=0.0000N
### kotek_magnet[tick=7380] sensor2: d=0.3208m in_range=False f_mag=0.000N tau_mag=0.0000Nm misalign_deg=90.0 pos=[ 0.10902434 -0.10904738  0.49140105] bottom_world=[ 0.10902458 -0.10904701  0.47140105] quat=[ 9.2300087e-01  1.0951987e-05 -1.8614869e-06 -3.8479784e-01] speed=0.0010 ang_speed=0.0025 ang_vel_vec=[-0.00139407  0.00182522 -0.00094936] |com_force|=0.0000N
### kotek_magnet[tick=7380] sensor3: d=0.5470m in_range=False f_mag=0.000N tau_mag=0.0000Nm misalign_deg=90.0 pos=[-0.10910647 -0.10914584  0.49140102] bottom_world=[-0.10910667 -0.10914564  0.47140102] quat=[-3.8058290e-01  2.5568363e-06 -6.4337873e-06  9.2474681e-01] speed=0.0010 ang_speed=0.0030 ang_vel_vec=[0.00265292 0.00013369 0.00134407] |com_force|=0.0000N
### kotek_magnet[tick=7380] sensor4: d=0.5249m in_range=False f_mag=0.000N tau_mag=0.0000Nm misalign_deg=90.0 pos=[-0.1090001   0.10900024  0.4914022 ] bottom_world=[-0.10900031  0.10900011  0.47140221] quat=[3.8268209e-01 3.4537859e-06 5.1423522e-06 9.2388016e-01] speed=0.0011 ang_speed=0.0012 ang_vel_vec=[ 0.00062161 -0.00049282 -0.00093864] |com_force|=0.0000N
### kotek_magnet[tick=7440] sensor1: d=0.4009m in_range=False f_mag=0.000N tau_mag=0.0000Nm misalign_deg=90.3 pos=[0.12272511 0.11225446 0.49169174] bottom_world=[0.12262602 0.11256797 0.47169444] quat=[0.98474634 0.00814934 0.00107737 0.17380194] speed=0.0568 ang_speed=4.6439 ang_vel_vec=[0.35782865 1.7673041  4.2795115 ] |com_force|=0.0000N
### kotek_magnet[tick=7440] sensor2: d=0.3208m in_range=False f_mag=0.000N tau_mag=0.0000Nm misalign_deg=90.0 pos=[ 0.10902463 -0.1090467   0.49140108] bottom_world=[ 0.1090246  -0.10904653  0.47140108] quat=[ 9.2300069e-01  3.5635485e-06  2.1556116e-06 -3.8479820e-01] speed=0.0004 ang_speed=0.0026 ang_vel_vec=[-0.00184237 -0.00167567 -0.00076547] |com_force|=0.0000N
### kotek_magnet[tick=7440] sensor3: d=0.5470m in_range=False f_mag=0.000N tau_mag=0.0000Nm misalign_deg=90.0 pos=[-0.10910671 -0.10914603  0.4914011 ] bottom_world=[-0.10910688 -0.10914578  0.47140111] quat=[-3.8058326e-01  1.6247515e-06 -7.4119212e-06  9.2474669e-01] speed=0.0006 ang_speed=0.0049 ang_vel_vec=[-0.00445116 -0.00205187  0.00050191] |com_force|=0.0000N
### kotek_magnet[tick=7440] sensor4: d=0.5249m in_range=False f_mag=0.000N tau_mag=0.0000Nm misalign_deg=90.0 pos=[-0.10900017  0.10899851  0.49140242] bottom_world=[-0.10900008  0.10899881  0.47140242] quat=[ 3.8268322e-01  7.5853023e-07 -7.6938513e-06  9.2387974e-01] speed=0.0009 ang_speed=0.0024 ang_vel_vec=[ 0.00062195 -0.00182395  0.00137581] |com_force|=0.0000N
### kotek_magnet[tick=7500] sensor1: d=0.3987m in_range=False f_mag=0.000N tau_mag=0.0000Nm misalign_deg=89.6 pos=[0.12443482 0.11156055 0.49169242] bottom_world=[0.12456086 0.11128609 0.4716947 ] quat=[ 0.9909616  -0.00722205 -0.00220354  0.13393286] speed=0.4818 ang_speed=12.1433 ang_vel_vec=[ -0.53238535   2.5546443  -11.859589  ] |com_force|=0.0000N
### kotek_magnet[tick=7500] sensor2: d=0.3208m in_range=False f_mag=0.000N tau_mag=0.0000Nm misalign_deg=90.0 pos=[ 0.10902447 -0.10904564  0.4914011 ] bottom_world=[ 0.10902438 -0.10904572  0.47140111] quat=[ 9.2300034e-01 -2.7735600e-06  1.3494913e-06 -3.8479903e-01] speed=0.0011 ang_speed=0.0023 ang_vel_vec=[0.00014631 0.00182954 0.00143966] |com_force|=0.0000N
### kotek_magnet[tick=7500] sensor3: d=0.5470m in_range=False f_mag=0.000N tau_mag=0.0000Nm misalign_deg=90.0 pos=[-0.10910823 -0.10914576  0.4914011 ] bottom_world=[-0.10910796 -0.10914588  0.47140111] quat=[-3.8058403e-01 -5.0962249e-06  5.2640862e-06  9.2474633e-01] speed=0.0010 ang_speed=0.0023 ang_vel_vec=[ 0.00157412  0.00132283 -0.00094732] |com_force|=0.0000N
### kotek_magnet[tick=7500] sensor4: d=0.5249m in_range=False f_mag=0.000N tau_mag=0.0000Nm misalign_deg=90.0 pos=[-0.10900024  0.10899849  0.49140224] bottom_world=[-0.10900014  0.10899879  0.47140224] quat=[ 3.8268310e-01  5.1936763e-07 -7.8074409e-06  9.2387968e-01] speed=0.0009 ang_speed=0.0016 ang_vel_vec=[-0.0002959  -0.00063499  0.00139212] |com_force|=0.0000N
### kotek_magnet[tick=7560] sensor1: d=0.4007m in_range=False f_mag=0.000N tau_mag=0.0000Nm misalign_deg=90.5 pos=[0.12636426 0.10997275 0.50483024] bottom_world=[0.12618643 0.10955687 0.48483536] quat=[ 0.99637544 -0.00998578  0.00530699  0.08431031] speed=0.1266 ang_speed=9.5227 ang_vel_vec=[ 2.830327  -0.4317257  9.082123 ] |com_force|=0.0000N
### kotek_magnet[tick=7560] sensor2: d=0.3208m in_range=False f_mag=0.000N tau_mag=0.0000Nm misalign_deg=90.0 pos=[ 0.10902447 -0.10904562  0.4914011 ] bottom_world=[ 0.10902437 -0.10904572  0.47140111] quat=[ 9.2300051e-01 -3.0462918e-06  1.4346799e-06 -3.8479900e-01] speed=0.0011 ang_speed=0.0025 ang_vel_vec=[-5.0042021e-05  2.0939582e-03  1.3987622e-03] |com_force|=0.0000N
### kotek_magnet[tick=7560] sensor3: d=0.5470m in_range=False f_mag=0.000N tau_mag=0.0000Nm misalign_deg=90.0 pos=[-0.10910822 -0.10914575  0.4914012 ] bottom_world=[-0.10910794 -0.10914589  0.4714012 ] quat=[-3.8058394e-01 -5.0740255e-06  5.8921555e-06  9.2474645e-01] speed=0.0010 ang_speed=0.0028 ang_vel_vec=[ 0.00208842  0.0017136  -0.00087632] |com_force|=0.0000N
### kotek_magnet[tick=7560] sensor4: d=0.5249m in_range=False f_mag=0.000N tau_mag=0.0000Nm misalign_deg=90.0 pos=[-0.10900019  0.10899851  0.49140224] bottom_world=[-0.10900011  0.1089988   0.47140224] quat=[ 3.8268307e-01  9.1815559e-07 -7.2058465e-06  9.2387968e-01] speed=0.0009 ang_speed=0.0020 ang_vel_vec=[ 7.7604745e-05 -1.5102130e-03  1.2653397e-03] |com_force|=0.0000N
### kotek_magnet[tick=7620] sensor1: d=0.4086m in_range=False f_mag=0.000N tau_mag=0.0000Nm misalign_deg=90.5 pos=[0.12665822 0.11028423 0.52688384] bottom_world=[0.12647556 0.10991456 0.50688809] quat=[ 0.9965159  -0.00883256  0.00531602  0.08276356] speed=0.1277 ang_speed=9.5493 ang_vel_vec=[ 2.8491468 -0.5249782  9.099272 ] |com_force|=0.0000N
### kotek_magnet[tick=7620] sensor2: d=0.3208m in_range=False f_mag=0.000N tau_mag=0.0000Nm misalign_deg=90.0 pos=[ 0.10902467 -0.10904668  0.49140105] bottom_world=[ 0.10902466 -0.10904651  0.47140105] quat=[ 9.2300075e-01  3.5861142e-06  1.9413533e-06 -3.8479820e-01] speed=0.0004 ang_speed=0.0025 ang_vel_vec=[-0.00226633 -0.00063187 -0.00078476] |com_force|=0.0000N
### kotek_magnet[tick=7620] sensor3: d=0.5470m in_range=False f_mag=0.000N tau_mag=0.0000Nm misalign_deg=90.0 pos=[-0.10910819 -0.10914577  0.49140108] bottom_world=[-0.10910793 -0.10914589  0.47140108] quat=[-3.8058391e-01 -4.8754177e-06  5.2539581e-06  9.2474639e-01] speed=0.0010 ang_speed=0.0026 ang_vel_vec=[ 0.00188163  0.00154388 -0.00086485] |com_force|=0.0000N
### kotek_magnet[tick=7620] sensor4: d=0.5249m in_range=False f_mag=0.000N tau_mag=0.0000Nm misalign_deg=90.0 pos=[-0.10900039  0.10899878  0.49140227] bottom_world=[-0.10900023  0.10899907  0.47140227] quat=[ 3.8268274e-01 -1.0102510e-06 -8.1020735e-06  9.2387980e-01] speed=0.0005 ang_speed=0.0038 ang_vel_vec=[-0.00095097  0.00364109  0.00044948] |com_force|=0.0000N
### kotek_magnet[tick=7680] sensor1: d=0.4187m in_range=False f_mag=0.000N tau_mag=0.0000Nm misalign_deg=90.5 pos=[0.12695171 0.11068799 0.5513116 ] bottom_world=[0.12676624 0.11037539 0.53131492] quat=[ 0.9966534  -0.00741292  0.00525642  0.08123758] speed=0.1278 ang_speed=9.5642 ang_vel_vec=[ 2.832423   -0.58862656  9.116203  ] |com_force|=0.0000N
### kotek_magnet[tick=7680] sensor2: d=0.3208m in_range=False f_mag=0.000N tau_mag=0.0000Nm misalign_deg=90.0 pos=[ 0.10902436 -0.10904732  0.49140108] bottom_world=[ 0.10902459 -0.10904694  0.47140108] quat=[ 9.2300081e-01  1.0770640e-05 -1.6305485e-06 -3.8479802e-01] speed=0.0009 ang_speed=0.0029 ang_vel_vec=[-0.00182374  0.00208267 -0.00075888] |com_force|=0.0000N
### kotek_magnet[tick=7680] sensor3: d=0.5470m in_range=False f_mag=0.000N tau_mag=0.0000Nm misalign_deg=90.0 pos=[-0.10910819 -0.10914573  0.49140123] bottom_world=[-0.10910792 -0.10914586  0.47140123] quat=[-3.8058397e-01 -5.0888875e-06  5.5274068e-06  9.2474639e-01] speed=0.0010 ang_speed=0.0026 ang_vel_vec=[ 0.00185031  0.00163559 -0.00077807] |com_force|=0.0000N
### kotek_magnet[tick=7680] sensor4: d=0.5249m in_range=False f_mag=0.000N tau_mag=0.0000Nm misalign_deg=90.0 pos=[-0.10900018  0.10899856  0.49140233] bottom_world=[-0.10900009  0.10899884  0.47140233] quat=[ 3.8268322e-01  8.2120044e-07 -7.3691608e-06  9.2387974e-01] speed=0.0009 ang_speed=0.0017 ang_vel_vec=[-0.00025228 -0.00091163  0.0014288 ] |com_force|=0.0000N
### kotek_magnet[tick=7740] sensor1: d=0.4298m in_range=False f_mag=0.000N tau_mag=0.0000Nm misalign_deg=90.5 pos=[0.12721458 0.11106376 0.5754469 ] bottom_world=[0.12702756 0.11081396 0.55544934] quat=[ 0.9967828  -0.00585245  0.00515909  0.07976977] speed=0.1191 ang_speed=9.5796 ang_vel_vec=[ 2.6975179 -0.6836237  9.166545 ] |com_force|=0.0000N
### kotek_magnet[tick=7740] sensor2: d=0.3208m in_range=False f_mag=0.000N tau_mag=0.0000Nm misalign_deg=90.0 pos=[ 0.10902466 -0.10904671  0.4914011 ] bottom_world=[ 0.10902465 -0.10904653  0.47140111] quat=[ 9.2300081e-01  3.9375191e-06  1.8240480e-06 -3.8479805e-01] speed=0.0004 ang_speed=0.0025 ang_vel_vec=[-0.00239552 -0.0002446  -0.00082396] |com_force|=0.0000N
### kotek_magnet[tick=7740] sensor3: d=0.5470m in_range=False f_mag=0.000N tau_mag=0.0000Nm misalign_deg=90.0 pos=[-0.10910755 -0.10914605  0.49140105] bottom_world=[-0.10910748 -0.10914593  0.47140105] quat=[-3.8058394e-01 -2.6087746e-06 -2.1591209e-06  9.2474639e-01] speed=0.0004 ang_speed=0.0025 ang_vel_vec=[-0.00048862  0.0022728  -0.00085042] |com_force|=0.0000N
### kotek_magnet[tick=7740] sensor4: d=0.5249m in_range=False f_mag=0.000N tau_mag=0.0000Nm misalign_deg=90.0 pos=[-0.10900018  0.10899852  0.49140227] bottom_world=[-0.10900009  0.10899881  0.47140227] quat=[ 3.8268307e-01  7.9241676e-07 -7.4785221e-06  9.2387974e-01] speed=0.0009 ang_speed=0.0017 ang_vel_vec=[-8.5170694e-05 -1.1133790e-03  1.3062061e-03] |com_force|=0.0000N
### kotek_magnet[tick=7800] sensor1: d=0.4323m in_range=False f_mag=0.000N tau_mag=0.0000Nm misalign_deg=90.7 pos=[0.12682481 0.1117909  0.57944673] bottom_world=[0.12658798 0.11130413 0.55945406] quat=[ 0.9963677  -0.01162929  0.00692367  0.08407346] speed=0.1098 ang_speed=9.6011 ang_vel_vec=[ 2.692642   -0.55653596  9.198979  ] |com_force|=0.0000N
### kotek_magnet[tick=7800] sensor2: d=0.3208m in_range=False f_mag=0.000N tau_mag=0.0000Nm misalign_deg=90.0 pos=[ 0.10902437 -0.10904736  0.49140108] bottom_world=[ 0.10902459 -0.10904699  0.47140108] quat=[ 9.2300093e-01  1.0704720e-05 -1.6324657e-06 -3.8479787e-01] speed=0.0009 ang_speed=0.0026 ang_vel_vec=[-0.00164068  0.00190346 -0.00077292] |com_force|=0.0000N
### kotek_magnet[tick=7800] sensor3: d=0.5470m in_range=False f_mag=0.000N tau_mag=0.0000Nm misalign_deg=90.0 pos=[-0.10910753 -0.10914607  0.49140105] bottom_world=[-0.10910747 -0.10914594  0.47140105] quat=[-3.8058388e-01 -2.5565473e-06 -2.3051684e-06  9.2474645e-01] speed=0.0004 ang_speed=0.0024 ang_vel_vec=[-0.00105062  0.00198596 -0.00069765] |com_force|=0.0000N
### kotek_magnet[tick=7800] sensor4: d=0.5249m in_range=False f_mag=0.000N tau_mag=0.0000Nm misalign_deg=90.0 pos=[-0.10900043  0.10899847  0.4914023 ] bottom_world=[-0.10900023  0.10899879  0.4714023 ] quat=[ 3.8268280e-01 -1.5244020e-06 -9.2586497e-06  9.2387974e-01] speed=0.0008 ang_speed=0.0026 ang_vel_vec=[0.00088581 0.00233442 0.00069207] |com_force|=0.0000N
### kotek_magnet[tick=7860] sensor1: d=0.4295m in_range=False f_mag=0.000N tau_mag=0.0000Nm misalign_deg=90.2 pos=[0.13279389 0.11504824 0.5778159 ] bottom_world=[0.1327146  0.11420457 0.55783385] quat=[ 0.99399954 -0.02076164  0.00423566  0.10731327] speed=0.1129 ang_speed=9.7003 ang_vel_vec=[ 2.6233418  -0.19395356  9.336838  ] |com_force|=0.0000N
### kotek_magnet[tick=7860] sensor2: d=0.3208m in_range=False f_mag=0.000N tau_mag=0.0000Nm misalign_deg=90.0 pos=[ 0.10902467 -0.10904669  0.49140108] bottom_world=[ 0.10902466 -0.10904653  0.47140108] quat=[ 9.2300069e-01  3.4865106e-06  1.7293306e-06 -3.8479817e-01] speed=0.0004 ang_speed=0.0028 ang_vel_vec=[-0.00264319  0.00028058 -0.0007749 ] |com_force|=0.0000N
### kotek_magnet[tick=7860] sensor3: d=0.5470m in_range=False f_mag=0.000N tau_mag=0.0000Nm misalign_deg=90.0 pos=[-0.10910752 -0.10914605  0.49140105] bottom_world=[-0.10910748 -0.10914593  0.47140105] quat=[-3.8058376e-01 -2.2514864e-06 -2.2958086e-06  9.2474657e-01] speed=0.0004 ang_speed=0.0027 ang_vel_vec=[ 0.00031995  0.00260741 -0.00079618] |com_force|=0.0000N
### kotek_magnet[tick=7860] sensor4: d=0.5249m in_range=False f_mag=0.000N tau_mag=0.0000Nm misalign_deg=90.0 pos=[-0.10900042  0.10899846  0.49140233] bottom_world=[-0.10900022  0.10899877  0.47140233] quat=[ 3.8268304e-01 -1.7315220e-06 -9.3307544e-06  9.2387980e-01] speed=0.0008 ang_speed=0.0027 ang_vel_vec=[0.00110287 0.00241624 0.00062346] |com_force|=0.0000N
### kotek_magnet[tick=7920] sensor1: d=0.4244m in_range=False f_mag=0.000N tau_mag=0.0000Nm misalign_deg=89.3 pos=[0.14316198 0.11978272 0.57557386] bottom_world=[0.14339808 0.11838529 0.55562414] quat=[ 9.8870689e-01 -3.5445314e-02 -7.4964867e-04  1.4560844e-01] speed=0.1068 ang_speed=9.6701 ang_vel_vec=[2.5045562  0.28141505 9.335864  ] |com_force|=0.0000N
### kotek_magnet[tick=7920] sensor2: d=0.3208m in_range=False f_mag=0.000N tau_mag=0.0000Nm misalign_deg=90.0 pos=[ 0.10902438 -0.10904732  0.49140102] bottom_world=[ 0.10902461 -0.10904693  0.47140102] quat=[ 9.23000872e-01  1.11000645e-05 -1.76403864e-06 -3.84798020e-01] speed=0.0009 ang_speed=0.0028 ang_vel_vec=[-0.00179036  0.0020199  -0.00086203] |com_force|=0.0000N
### kotek_magnet[tick=7920] sensor3: d=0.5470m in_range=False f_mag=0.000N tau_mag=0.0000Nm misalign_deg=90.0 pos=[-0.10910641 -0.10914584  0.49140114] bottom_world=[-0.10910661 -0.10914564  0.47140114] quat=[-3.8058293e-01  2.5216875e-06 -6.4405376e-06  9.2474681e-01] speed=0.0010 ang_speed=0.0028 ang_vel_vec=[0.00233409 0.00016848 0.00145284] |com_force|=0.0000N
### kotek_magnet[tick=7920] sensor4: d=0.5249m in_range=False f_mag=0.000N tau_mag=0.0000Nm misalign_deg=90.0 pos=[-0.10900016  0.10899855  0.49140233] bottom_world=[-0.10900009  0.10899883  0.47140233] quat=[ 3.8268298e-01  9.8332498e-07 -7.1576669e-06  9.2387968e-01] speed=0.0009 ang_speed=0.0025 ang_vel_vec=[ 0.00035418 -0.00213986  0.00130263] |com_force|=0.0000N
### kotek_magnet[tick=7980] sensor1: d=0.4187m in_range=False f_mag=0.000N tau_mag=0.0000Nm misalign_deg=88.3 pos=[0.15409908 0.12380716 0.573085  ] bottom_world=[0.15470745 0.12182005 0.55319327] quat=[ 0.98133886 -0.05170614 -0.00574502  0.18511525] speed=0.0985 ang_speed=9.6083 ang_vel_vec=[2.3364213  0.79305273 9.28613   ] |com_force|=0.0000N
### kotek_magnet[tick=7980] sensor2: d=0.3208m in_range=False f_mag=0.000N tau_mag=0.0000Nm misalign_deg=90.0 pos=[ 0.10902438 -0.10904729  0.49140102] bottom_world=[ 0.10902461 -0.10904693  0.47140102] quat=[ 9.2300087e-01  1.0601592e-05 -1.6452441e-06 -3.8479781e-01] speed=0.0009 ang_speed=0.0030 ang_vel_vec=[-0.00176584  0.00223157 -0.00098531] |com_force|=0.0000N
### kotek_magnet[tick=7980] sensor3: d=0.5470m in_range=False f_mag=0.000N tau_mag=0.0000Nm misalign_deg=90.0 pos=[-0.10910642 -0.10914584  0.49140108] bottom_world=[-0.10910662 -0.10914564  0.47140108] quat=[-3.805829e-01  2.664375e-06 -6.625741e-06  9.247468e-01] speed=0.0011 ang_speed=0.0029 ang_vel_vec=[2.5926193e-03 3.5070410e-05 1.3154193e-03] |com_force|=0.0000N
### kotek_magnet[tick=7980] sensor4: d=0.5249m in_range=False f_mag=0.000N tau_mag=0.0000Nm misalign_deg=90.0 pos=[-0.10900038  0.10899878  0.4914023 ] bottom_world=[-0.10900023  0.10899906  0.4714023 ] quat=[ 3.8268262e-01 -9.7537702e-07 -8.0071759e-06  9.2387986e-01] speed=0.0005 ang_speed=0.0038 ang_vel_vec=[-0.0009446   0.00365563  0.00031248] |com_force|=0.0000N
### kotek_magnet[tick=8040] sensor1: d=0.4126m in_range=False f_mag=0.000N tau_mag=0.0000Nm misalign_deg=87.1 pos=[0.16503699 0.12689306 0.570468  ] bottom_world=[0.16605899 0.12431582 0.55066111] quat=[ 0.97209376 -0.06868944 -0.01045048  0.22406763] speed=0.0970 ang_speed=9.5586 ang_vel_vec=[2.082081  1.2828912 9.240449 ] |com_force|=0.0000N
### kotek_magnet[tick=8040] sensor2: d=0.3208m in_range=False f_mag=0.000N tau_mag=0.0000Nm misalign_deg=90.0 pos=[ 0.10902468 -0.1090467   0.49140105] bottom_world=[ 0.10902466 -0.10904653  0.47140105] quat=[ 9.2300081e-01  3.6011581e-06  2.0448033e-06 -3.8479817e-01] speed=0.0004 ang_speed=0.0025 ang_vel_vec=[-0.00221312 -0.00088945 -0.00075791] |com_force|=0.0000N
### kotek_magnet[tick=8040] sensor3: d=0.5470m in_range=False f_mag=0.000N tau_mag=0.0000Nm misalign_deg=90.0 pos=[-0.10910665 -0.10914607  0.49140114] bottom_world=[-0.10910683 -0.10914583  0.47140114] quat=[-3.8058332e-01  1.7363171e-06 -7.4276008e-06  9.2474663e-01] speed=0.0007 ang_speed=0.0046 ang_vel_vec=[-0.00407092 -0.00204753  0.00049442] |com_force|=0.0000N
### kotek_magnet[tick=8040] sensor4: d=0.5249m in_range=False f_mag=0.000N tau_mag=0.0000Nm misalign_deg=90.0 pos=[-0.10900015  0.10899853  0.49140233] bottom_world=[-0.10900007  0.10899882  0.47140233] quat=[ 3.8268310e-01  8.1993426e-07 -7.4425720e-06  9.2387968e-01] speed=0.0009 ang_speed=0.0016 ang_vel_vec=[-0.00027718 -0.00079592  0.00135927] |com_force|=0.0000N
### kotek_magnet[tick=8100] sensor1: d=0.4055m in_range=False f_mag=0.000N tau_mag=0.0000Nm misalign_deg=85.9 pos=[0.17644998 0.12880704 0.56758463] bottom_world=[0.17786289 0.12559731 0.5478945 ] quat=[ 0.96349055 -0.08691861 -0.01384997  0.2528623 ] speed=0.0823 ang_speed=6.5862 ang_vel_vec=[1.2356832 2.0682507 6.1296906] |com_force|=0.0000N
### kotek_magnet[tick=8100] sensor2: d=0.3208m in_range=False f_mag=0.000N tau_mag=0.0000Nm misalign_deg=90.0 pos=[ 0.10902438 -0.1090473   0.49140108] bottom_world=[ 0.1090246  -0.10904695  0.47140108] quat=[ 9.2300087e-01  1.0291802e-05 -1.5831424e-06 -3.8479799e-01] speed=0.0009 ang_speed=0.0031 ang_vel_vec=[-0.00169592  0.00237915 -0.00089135] |com_force|=0.0000N
### kotek_magnet[tick=8100] sensor3: d=0.5470m in_range=False f_mag=0.000N tau_mag=0.0000Nm misalign_deg=90.0 pos=[-0.10910638 -0.10914607  0.49140117] bottom_world=[-0.10910661 -0.10914575  0.47140117] quat=[-3.8058308e-01  2.3405951e-06 -9.3813824e-06  9.2474669e-01] speed=0.0010 ang_speed=0.0033 ang_vel_vec=[-0.00323361 -0.00015077  0.0006929 ] |com_force|=0.0000N
### kotek_magnet[tick=8100] sensor4: d=0.5249m in_range=False f_mag=0.000N tau_mag=0.0000Nm misalign_deg=90.0 pos=[-0.10900017  0.10899858  0.49140233] bottom_world=[-0.10900007  0.10899887  0.47140233] quat=[ 3.8268310e-01  5.4563685e-07 -7.5966136e-06  9.2387974e-01] speed=0.0009 ang_speed=0.0015 ang_vel_vec=[-0.00023945 -0.00072985  0.00134118] |com_force|=0.0000N
### kotek_magnet[tick=8160] sensor1: d=0.3982m in_range=False f_mag=0.000N tau_mag=0.0000Nm misalign_deg=84.5 pos=[0.18748875 0.1297558  0.56464756] bottom_world=[0.18941403 0.12592014 0.54511346] quat=[ 0.95229787 -0.10629451 -0.01868152  0.2854493 ] speed=0.1026 ang_speed=6.7738 ang_vel_vec=[-0.27689365  1.0380037   6.688071  ] |com_force|=0.0000N
### kotek_magnet[tick=8160] sensor2: d=0.3208m in_range=False f_mag=0.000N tau_mag=0.0000Nm misalign_deg=90.0 pos=[ 0.10902441 -0.10904736  0.4914011 ] bottom_world=[ 0.10902463 -0.109047    0.47140111] quat=[ 9.2300087e-01  1.0515337e-05 -1.5621254e-06 -3.8479790e-01] speed=0.0009 ang_speed=0.0025 ang_vel_vec=[-0.00161325  0.00178022 -0.00085364] |com_force|=0.0000N
### kotek_magnet[tick=8160] sensor3: d=0.5470m in_range=False f_mag=0.000N tau_mag=0.0000Nm misalign_deg=90.0 pos=[-0.1091073  -0.10914581  0.49140108] bottom_world=[-0.10910728 -0.10914577  0.47140108] quat=[-3.8058326e-01 -8.5179585e-07 -6.5420352e-07  9.2474663e-01] speed=0.0004 ang_speed=0.0055 ang_vel_vec=[0.0048616  0.00264486 0.00036185] |com_force|=0.0000N
### kotek_magnet[tick=8160] sensor4: d=0.5249m in_range=False f_mag=0.000N tau_mag=0.0000Nm misalign_deg=90.0 pos=[-0.10900016  0.10899855  0.49140227] bottom_world=[-0.10900008  0.10899884  0.47140227] quat=[ 3.826831e-01  7.840094e-07 -7.454293e-06  9.238797e-01] speed=0.0009 ang_speed=0.0016 ang_vel_vec=[-0.00031036 -0.00070713  0.001356  ] |com_force|=0.0000N
### kotek_magnet[tick=8220] sensor1: d=0.3904m in_range=False f_mag=0.000N tau_mag=0.0000Nm misalign_deg=82.9 pos=[0.19845438 0.12984248 0.56149036] bottom_world=[0.20092437 0.12540092 0.54214684] quat=[ 0.9392324  -0.12602578 -0.02301118  0.31848156] speed=0.0942 ang_speed=6.9793 ang_vel_vec=[-0.07661065  2.8101873   6.3881187 ] |com_force|=0.0000N
### kotek_magnet[tick=8220] sensor2: d=0.3208m in_range=False f_mag=0.000N tau_mag=0.0000Nm misalign_deg=90.0 pos=[ 0.10902438 -0.10904732  0.49140105] bottom_world=[ 0.1090246  -0.10904694  0.47140105] quat=[ 9.2300087e-01  1.0786211e-05 -1.6327176e-06 -3.8479784e-01] speed=0.0009 ang_speed=0.0030 ang_vel_vec=[-0.00182214  0.00212859 -0.00092294] |com_force|=0.0000N
### kotek_magnet[tick=8220] sensor3: d=0.5470m in_range=False f_mag=0.000N tau_mag=0.0000Nm misalign_deg=90.0 pos=[-0.10910641 -0.1091461   0.4914011 ] bottom_world=[-0.10910663 -0.10914579  0.47140111] quat=[-3.8058323e-01  2.1415942e-06 -9.1585871e-06  9.2474669e-01] speed=0.0010 ang_speed=0.0029 ang_vel_vec=[-0.00275805  0.00037608  0.00065711] |com_force|=0.0000N
### kotek_magnet[tick=8220] sensor4: d=0.5249m in_range=False f_mag=0.000N tau_mag=0.0000Nm misalign_deg=90.0 pos=[-0.10900036  0.10899962  0.49140227] bottom_world=[-0.10900036  0.10899968  0.47140227] quat=[ 3.8268211e-01  3.8706631e-07 -1.3658431e-06  9.2388004e-01] speed=0.0005 ang_speed=0.0019 ang_vel_vec=[ 0.00138286  0.00093132 -0.00087231] |com_force|=0.0000N
### kotek_magnet[tick=8280] sensor1: d=0.3822m in_range=False f_mag=0.000N tau_mag=0.0000Nm misalign_deg=81.2 pos=[0.20930505 0.12915955 0.5580213 ] bottom_world=[0.2123481  0.12415707 0.53889763] quat=[ 0.92283714 -0.14565696 -0.02630807  0.3556173 ] speed=0.0764 ang_speed=7.5062 ang_vel_vec=[0.5163802 3.2842255 6.729855 ] |com_force|=0.0000N
### kotek_magnet[tick=8280] sensor2: d=0.3208m in_range=False f_mag=0.000N tau_mag=0.0000Nm misalign_deg=90.0 pos=[ 0.10902468 -0.10904665  0.4914011 ] bottom_world=[ 0.10902468 -0.10904648  0.47140111] quat=[ 9.2300069e-01  3.8126923e-06  1.7208361e-06 -3.8479817e-01] speed=0.0004 ang_speed=0.0027 ang_vel_vec=[-0.00262456  0.00026202 -0.00072861] |com_force|=0.0000N
### kotek_magnet[tick=8280] sensor3: d=0.5470m in_range=False f_mag=0.000N tau_mag=0.0000Nm misalign_deg=90.0 pos=[-0.10910642 -0.10914582  0.49140108] bottom_world=[-0.10910662 -0.10914562  0.47140108] quat=[-3.8058293e-01  2.6860057e-06 -6.4042947e-06  9.2474681e-01] speed=0.0011 ang_speed=0.0039 ang_vel_vec=[0.00356004 0.00057121 0.00149281] |com_force|=0.0000N
### kotek_magnet[tick=8280] sensor4: d=0.5249m in_range=False f_mag=0.000N tau_mag=0.0000Nm misalign_deg=90.0 pos=[-0.10900005  0.10900029  0.4914023 ] bottom_world=[-0.10900027  0.10900014  0.4714023 ] quat=[3.8268209e-01 3.7457539e-06 5.4809443e-06 9.2388010e-01] speed=0.0011 ang_speed=0.0010 ang_vel_vec=[ 0.00036396 -0.00041925 -0.00080139] |com_force|=0.0000N
### kotek_magnet[tick=8340] sensor1: d=0.3735m in_range=False f_mag=0.000N tau_mag=0.0000Nm misalign_deg=79.5 pos=[0.21995588 0.1274348  0.554401  ] bottom_world=[0.22359547 0.12189385 0.53553166] quat=[ 0.90478784 -0.1656177  -0.02894456  0.3912698 ] speed=0.0758 ang_speed=7.3561 ang_vel_vec=[0.24075294 3.3887832  6.524575  ] |com_force|=0.0000N
### kotek_magnet[tick=8340] sensor2: d=0.3208m in_range=False f_mag=0.000N tau_mag=0.0000Nm misalign_deg=90.0 pos=[ 0.10902473 -0.1090464   0.491401  ] bottom_world=[ 0.10902467 -0.10904632  0.47140099] quat=[ 9.2300069e-01  1.2127492e-06  1.9696593e-06 -3.8479838e-01] speed=0.0002 ang_speed=0.0018 ang_vel_vec=[ 0.00108636 -0.00146957 -0.00018178] |com_force|=0.0000N
### kotek_magnet[tick=8340] sensor3: d=0.5470m in_range=False f_mag=0.000N tau_mag=0.0000Nm misalign_deg=90.0 pos=[-0.10910724 -0.10914607  0.49140096] bottom_world=[-0.10910727 -0.10914591  0.47140096] quat=[-3.8058361e-01 -7.7849313e-07 -4.0272962e-06  9.2474657e-01] speed=0.0001 ang_speed=0.0027 ang_vel_vec=[-0.00207596 -0.00169326 -0.00022134] |com_force|=0.0000N
### kotek_magnet[tick=8340] sensor4: d=0.5249m in_range=False f_mag=0.000N tau_mag=0.0000Nm misalign_deg=90.0 pos=[-0.10900003  0.10900026  0.49140227] bottom_world=[-0.10900025  0.10900012  0.47140227] quat=[3.8268206e-01 3.5273326e-06 5.2810142e-06 9.2388010e-01] speed=0.0011 ang_speed=0.0008 ang_vel_vec=[ 0.00033647 -0.00024522 -0.00066209] |com_force|=0.0000N
### kotek_magnet[tick=8400] sensor1: d=0.3643m in_range=False f_mag=0.000N tau_mag=0.0000Nm misalign_deg=77.7 pos=[0.23027918 0.12484743 0.5505419 ] bottom_world=[0.23454097 0.11881537 0.53195556] quat=[ 0.88445526 -0.18543391 -0.03092276  0.4270795 ] speed=0.0747 ang_speed=7.3429 ang_vel_vec=[-0.07996276  3.6301856   6.382319  ] |com_force|=0.0000N
### kotek_magnet[tick=8400] sensor2: d=0.3208m in_range=False f_mag=0.000N tau_mag=0.0000Nm misalign_deg=90.0 pos=[ 0.10902452 -0.10904558  0.4914011 ] bottom_world=[ 0.10902442 -0.10904568  0.47140111] quat=[ 9.2300045e-01 -3.2572725e-06  1.4917637e-06 -3.8479888e-01] speed=0.0011 ang_speed=0.0025 ang_vel_vec=[9.5056355e-05 2.0333945e-03 1.4610220e-03] |com_force|=0.0000N
### kotek_magnet[tick=8400] sensor3: d=0.5470m in_range=False f_mag=0.000N tau_mag=0.0000Nm misalign_deg=90.0 pos=[-0.10910748 -0.10914605  0.49140108] bottom_world=[-0.10910743 -0.10914593  0.47140108] quat=[-3.8058391e-01 -2.3254063e-06 -2.4189369e-06  9.2474651e-01] speed=0.0004 ang_speed=0.0028 ang_vel_vec=[-0.00037771  0.00266535 -0.00077193] |com_force|=0.0000N
### kotek_magnet[tick=8400] sensor4: d=0.5249m in_range=False f_mag=0.000N tau_mag=0.0000Nm misalign_deg=90.0 pos=[-0.10900033  0.1089996   0.49140227] bottom_world=[-0.10900031  0.10899965  0.47140227] quat=[ 3.82682234e-01  1.09232346e-07 -1.53014116e-06  9.23880041e-01] speed=0.0006 ang_speed=0.0020 ang_vel_vec=[ 0.00124447  0.00130981 -0.00075187] |com_force|=0.0000N
### kotek_magnet[tick=8460] sensor1: d=0.3547m in_range=False f_mag=0.000N tau_mag=0.0000Nm misalign_deg=75.8 pos=[0.24032025 0.12127323 0.5464689 ] bottom_world=[0.24522892 0.11479167 0.52819614] quat=[ 0.8621342  -0.20527148 -0.0323142   0.46210825] speed=0.0753 ang_speed=7.3576 ang_vel_vec=[-0.4337014  3.8449738  6.2579503] |com_force|=0.0000N
### kotek_magnet[tick=8460] sensor2: d=0.3208m in_range=False f_mag=0.000N tau_mag=0.0000Nm misalign_deg=90.0 pos=[ 0.10902452 -0.10904564  0.4914011 ] bottom_world=[ 0.10902442 -0.10904572  0.47140111] quat=[ 9.2300045e-01 -2.8734039e-06  1.4249267e-06 -3.8479891e-01] speed=0.0011 ang_speed=0.0026 ang_vel_vec=[-0.00031955  0.00223656  0.00118981] |com_force|=0.0000N
### kotek_magnet[tick=8460] sensor3: d=0.5470m in_range=False f_mag=0.000N tau_mag=0.0000Nm misalign_deg=90.0 pos=[-0.10910818 -0.10914576  0.49140105] bottom_world=[-0.1091079  -0.1091459   0.47140105] quat=[-3.8058388e-01 -5.1507245e-06  5.8230025e-06  9.2474645e-01] speed=0.0009 ang_speed=0.0034 ang_vel_vec=[ 0.00234675  0.00224239 -0.00112293] |com_force|=0.0000N
### kotek_magnet[tick=8460] sensor4: d=0.5249m in_range=False f_mag=0.000N tau_mag=0.0000Nm misalign_deg=90.0 pos=[-0.10900033  0.10899959  0.49140224] bottom_world=[-0.10900032  0.10899964  0.47140224] quat=[ 3.8268223e-01  3.5742352e-07 -1.3882777e-06  9.2388004e-01] speed=0.0005 ang_speed=0.0019 ang_vel_vec=[ 0.00132241  0.00084871 -0.00105448] |com_force|=0.0000N
### still playing, 1250s left
### kotek_magnet[tick=8520] sensor1: d=0.3444m in_range=False f_mag=0.000N tau_mag=0.0000Nm misalign_deg=73.7 pos=[0.25012714 0.11655121 0.5422189 ] bottom_world=[0.25572828 0.10965684 0.5242998 ] quat=[ 0.83879083 -0.22553284 -0.03401387  0.49437627] speed=0.0778 ang_speed=7.2765 ang_vel_vec=[-0.7971251  3.9655807  6.0485997] |com_force|=0.0000N
### kotek_magnet[tick=8520] sensor2: d=0.3208m in_range=False f_mag=0.000N tau_mag=0.0000Nm misalign_deg=90.0 pos=[ 0.10902452 -0.10904562  0.4914011 ] bottom_world=[ 0.10902443 -0.1090457   0.47140111] quat=[ 9.2300057e-01 -2.9219943e-06  1.3152395e-06 -3.8479877e-01] speed=0.0011 ang_speed=0.0023 ang_vel_vec=[0.0001137  0.0019825  0.00125359] |com_force|=0.0000N
### kotek_magnet[tick=8520] sensor3: d=0.5470m in_range=False f_mag=0.000N tau_mag=0.0000Nm misalign_deg=90.0 pos=[-0.10910642 -0.10914585  0.49140117] bottom_world=[-0.10910662 -0.10914565  0.47140117] quat=[-3.8058305e-01  2.7661354e-06 -6.6345287e-06  9.2474687e-01] speed=0.0011 ang_speed=0.0030 ang_vel_vec=[0.00267735 0.000115   0.00125412] |com_force|=0.0000N
### kotek_magnet[tick=8520] sensor4: d=0.5249m in_range=False f_mag=0.000N tau_mag=0.0000Nm misalign_deg=90.0 pos=[-0.10900012  0.10899965  0.4914022 ] bottom_world=[-0.10900021  0.10899967  0.47140221] quat=[3.8268241e-01 2.3227080e-06 2.9113903e-07 9.2387998e-01] speed=0.0004 ang_speed=0.0019 ang_vel_vec=[ 0.00171386 -0.00065716 -0.00045433] |com_force|=0.0000N
### kotek_magnet[tick=8580] sensor1: d=0.3339m in_range=False f_mag=0.000N tau_mag=0.0000Nm misalign_deg=71.7 pos=[0.25931132 0.1111751  0.53775793] bottom_world=[0.26559016 0.10393946 0.52020169] quat=[ 0.81287444 -0.24478143 -0.03429246  0.527391  ] speed=0.0783 ang_speed=7.3119 ang_vel_vec=[-1.193289  4.186706  5.8747  ] |com_force|=0.0000N
### kotek_magnet[tick=8580] sensor2: d=0.3208m in_range=False f_mag=0.000N tau_mag=0.0000Nm misalign_deg=90.0 pos=[ 0.10902451 -0.10904557  0.49140108] bottom_world=[ 0.10902441 -0.10904566  0.47140108] quat=[ 9.2300034e-01 -3.0274373e-06  1.4904547e-06 -3.8479903e-01] speed=0.0010 ang_speed=0.0023 ang_vel_vec=[1.1191700e-05 1.7400619e-03 1.5004739e-03] |com_force|=0.0000N
### kotek_magnet[tick=8580] sensor3: d=0.5470m in_range=False f_mag=0.000N tau_mag=0.0000Nm misalign_deg=90.0 pos=[-0.10910816 -0.10914572  0.491401  ] bottom_world=[-0.1091079  -0.10914585  0.47140099] quat=[-3.8058400e-01 -4.9674686e-06  5.4227912e-06  9.2474639e-01] speed=0.0009 ang_speed=0.0029 ang_vel_vec=[ 0.00204046  0.00185549 -0.00083268] |com_force|=0.0000N
### kotek_magnet[tick=8580] sensor4: d=0.5249m in_range=False f_mag=0.000N tau_mag=0.0000Nm misalign_deg=90.0 pos=[-0.10900012  0.10899935  0.49140224] bottom_world=[-0.10900015  0.10899944  0.47140224] quat=[ 3.8268259e-01  1.6383200e-06 -1.7093056e-06  9.2387986e-01] speed=0.0001 ang_speed=0.0012 ang_vel_vec=[ 0.00078791 -0.00088518  0.00024407] |com_force|=0.0000N
### kotek_magnet[tick=8640] sensor1: d=0.3230m in_range=False f_mag=0.000N tau_mag=0.0000Nm misalign_deg=69.5 pos=[0.26810527 0.10479283 0.5331911 ] bottom_world=[0.27509766 0.0972871  0.5160222 ] quat=[ 0.7857484  -0.26372156 -0.03505583  0.5584098 ] speed=0.0511 ang_speed=9.2257 ang_vel_vec=[-2.0483713  5.8122716  6.8655486] |com_force|=0.0000N
### kotek_magnet[tick=8640] sensor2: d=0.3208m in_range=False f_mag=0.000N tau_mag=0.0000Nm misalign_deg=90.0 pos=[ 0.10902452 -0.10904564  0.49140108] bottom_world=[ 0.10902443 -0.10904572  0.47140108] quat=[ 9.2300040e-01 -2.8887405e-06  1.4594050e-06 -3.8479894e-01] speed=0.0010 ang_speed=0.0021 ang_vel_vec=[-4.1068761e-05  1.6311973e-03  1.3005218e-03] |com_force|=0.0000N
### kotek_magnet[tick=8640] sensor3: d=0.5470m in_range=False f_mag=0.000N tau_mag=0.0000Nm misalign_deg=90.0 pos=[-0.10910748 -0.10914605  0.49140108] bottom_world=[-0.10910743 -0.10914592  0.47140108] quat=[-3.8058379e-01 -2.4252706e-06 -2.5021188e-06  9.2474639e-01] speed=0.0004 ang_speed=0.0028 ang_vel_vec=[-0.000979    0.00240517 -0.00094051] |com_force|=0.0000N
### kotek_magnet[tick=8640] sensor4: d=0.5249m in_range=False f_mag=0.000N tau_mag=0.0000Nm misalign_deg=90.0 pos=[-0.10900006  0.10900023  0.49140236] bottom_world=[-0.10900027  0.1090001   0.47140236] quat=[3.8268206e-01 3.6065444e-06 5.0718904e-06 9.2388010e-01] speed=0.0011 ang_speed=0.0012 ang_vel_vec=[ 0.00048515 -0.00049252 -0.00096691] |com_force|=0.0000N
### kotek_magnet[tick=8700] sensor1: d=0.3117m in_range=False f_mag=0.000N tau_mag=0.0000Nm misalign_deg=67.4 pos=[0.276381  0.0976107 0.5284994] bottom_world=[0.28407448 0.08987139 0.51173896] quat=[ 0.75711507 -0.28246683 -0.03465282  0.5880378 ] speed=0.0793 ang_speed=7.3080 ang_vel_vec=[-2.0666475  4.3875923  5.466695 ] |com_force|=0.0000N
### kotek_magnet[tick=8700] sensor2: d=0.3208m in_range=False f_mag=0.000N tau_mag=0.0000Nm misalign_deg=90.0 pos=[ 0.10902475 -0.10904582  0.49140105] bottom_world=[ 0.10902458 -0.10904589  0.47140105] quat=[ 9.2300057e-01 -3.2916003e-06  3.0559384e-06 -3.8479862e-01] speed=0.0007 ang_speed=0.0039 ang_vel_vec=[ 0.00113752 -0.0036415   0.00062623] |com_force|=0.0000N
### kotek_magnet[tick=8700] sensor3: d=0.5470m in_range=False f_mag=0.000N tau_mag=0.0000Nm misalign_deg=90.0 pos=[-0.10910721 -0.10914584  0.49140105] bottom_world=[-0.10910718 -0.10914579  0.47140105] quat=[-3.8058370e-01 -1.1083567e-06 -8.4549004e-07  9.2474657e-01] speed=0.0003 ang_speed=0.0032 ang_vel_vec=[0.00273623 0.00153732 0.00032339] |com_force|=0.0000N
### kotek_magnet[tick=8700] sensor4: d=0.5249m in_range=False f_mag=0.000N tau_mag=0.0000Nm misalign_deg=90.0 pos=[-0.10900005  0.10900024  0.49140224] bottom_world=[-0.10900027  0.10900011  0.47140224] quat=[3.8268211e-01 3.7357547e-06 5.2378355e-06 9.2388016e-01] speed=0.0011 ang_speed=0.0011 ang_vel_vec=[ 0.00052969 -0.00055001 -0.00073629] |com_force|=0.0000N
### kotek_magnet[tick=8760] sensor1: d=0.3001m in_range=False f_mag=0.000N tau_mag=0.0000Nm misalign_deg=65.2 pos=[0.2840847  0.08969766 0.52362365] bottom_world=[0.29247759 0.08180809 0.5072739 ] quat=[ 0.726236   -0.3002062  -0.03365334  0.61751515] speed=0.0840 ang_speed=7.2813 ang_vel_vec=[-2.476171   4.4657426  5.1907134] |com_force|=0.0000N
### kotek_magnet[tick=8760] sensor2: d=0.3208m in_range=False f_mag=0.000N tau_mag=0.0000Nm misalign_deg=90.0 pos=[ 0.10902474 -0.10904589  0.49140105] bottom_world=[ 0.10902458 -0.10904596  0.47140105] quat=[ 9.2300057e-01 -3.0796307e-06  3.1028364e-06 -3.8479853e-01] speed=0.0007 ang_speed=0.0032 ang_vel_vec=[ 0.00091547 -0.00304637  0.00053583] |com_force|=0.0000N
### kotek_magnet[tick=8760] sensor3: d=0.5470m in_range=False f_mag=0.000N tau_mag=0.0000Nm misalign_deg=90.0 pos=[-0.10910635 -0.10914614  0.4914011 ] bottom_world=[-0.10910658 -0.10914583  0.47140111] quat=[-3.8058305e-01  2.2085942e-06 -9.3058170e-06  9.2474681e-01] speed=0.0010 ang_speed=0.0026 ang_vel_vec=[-0.00239763  0.00064574  0.00075643] |com_force|=0.0000N
### kotek_magnet[tick=8760] sensor4: d=0.5249m in_range=False f_mag=0.000N tau_mag=0.0000Nm misalign_deg=90.0 pos=[-0.10900032  0.10899954  0.49140224] bottom_world=[-0.10900031  0.10899961  0.47140224] quat=[ 3.8268223e-01  3.3224137e-07 -1.5460328e-06  9.2388004e-01] speed=0.0005 ang_speed=0.0022 ang_vel_vec=[ 0.0015747   0.00125708 -0.00079533] |com_force|=0.0000N
### kotek_magnet[tick=8820] sensor1: d=0.2880m in_range=False f_mag=0.000N tau_mag=0.0000Nm misalign_deg=62.9 pos=[0.29130474 0.08094708 0.5186136 ] bottom_world=[0.30040592 0.07297592 0.50268784] quat=[ 0.6934699  -0.3175051  -0.03235785  0.6459435 ] speed=0.0871 ang_speed=7.2407 ang_vel_vec=[-2.8987184  4.4882283  4.886881 ] |com_force|=0.0000N
### kotek_magnet[tick=8820] sensor2: d=0.3208m in_range=False f_mag=0.000N tau_mag=0.0000Nm misalign_deg=90.0 pos=[ 0.10902471 -0.10904585  0.49140105] bottom_world=[ 0.10902455 -0.10904591  0.47140105] quat=[ 9.2300057e-01 -3.0290778e-06  3.0586916e-06 -3.8479865e-01] speed=0.0007 ang_speed=0.0032 ang_vel_vec=[ 0.00072901 -0.0031092   0.00049208] |com_force|=0.0000N
### kotek_magnet[tick=8820] sensor3: d=0.5470m in_range=False f_mag=0.000N tau_mag=0.0000Nm misalign_deg=90.0 pos=[-0.10910814 -0.10914578  0.4914011 ] bottom_world=[-0.10910786 -0.1091459   0.47140111] quat=[-3.8058418e-01 -5.0511489e-06  5.5102892e-06  9.2474627e-01] speed=0.0009 ang_speed=0.0030 ang_vel_vec=[ 0.00210561  0.00198107 -0.00087397] |com_force|=0.0000N
### kotek_magnet[tick=8820] sensor4: d=0.5249m in_range=False f_mag=0.000N tau_mag=0.0000Nm misalign_deg=90.0 pos=[-0.10900005  0.10900025  0.49140227] bottom_world=[-0.10900027  0.10900011  0.47140227] quat=[3.8268206e-01 3.8067001e-06 5.4120737e-06 9.2388016e-01] speed=0.0011 ang_speed=0.0015 ang_vel_vec=[ 0.00076874 -0.00088647 -0.00088475] |com_force|=0.0000N
### kotek_magnet[tick=8880] sensor1: d=0.2759m in_range=False f_mag=0.000N tau_mag=0.0000Nm misalign_deg=60.7 pos=[0.2978274  0.07165746 0.5135692 ] bottom_world=[0.30761934 0.06367605 0.49806386] quat=[ 0.6598146  -0.33379504 -0.03079096  0.67251587] speed=0.0959 ang_speed=7.1439 ang_vel_vec=[-3.2875943  4.4359765  4.5331564] |com_force|=0.0000N
### kotek_magnet[tick=8880] sensor2: d=0.3208m in_range=False f_mag=0.000N tau_mag=0.0000Nm misalign_deg=90.0 pos=[ 0.10902473 -0.1090459   0.49140114] bottom_world=[ 0.10902458 -0.10904596  0.47140114] quat=[ 9.2300057e-01 -2.7865206e-06  2.9130522e-06 -3.8479871e-01] speed=0.0007 ang_speed=0.0029 ang_vel_vec=[ 0.00073884 -0.00268251  0.00077412] |com_force|=0.0000N
### kotek_magnet[tick=8880] sensor3: d=0.5470m in_range=False f_mag=0.000N tau_mag=0.0000Nm misalign_deg=90.0 pos=[-0.10910749 -0.10914604  0.4914011 ] bottom_world=[-0.10910743 -0.10914594  0.47140111] quat=[-3.8058379e-01 -2.4827020e-06 -1.8481810e-06  9.2474645e-01] speed=0.0004 ang_speed=0.0030 ang_vel_vec=[ 0.00097343  0.00282258 -0.00052906] |com_force|=0.0000N
### kotek_magnet[tick=8880] sensor4: d=0.5249m in_range=False f_mag=0.000N tau_mag=0.0000Nm misalign_deg=90.0 pos=[-0.10900002  0.10900021  0.49140227] bottom_world=[-0.10900025  0.10900006  0.47140227] quat=[3.8268211e-01 3.8837170e-06 5.6010540e-06 9.2388016e-01] speed=0.0011 ang_speed=0.0016 ang_vel_vec=[ 0.00103745 -0.00102477 -0.00057523] |com_force|=0.0000N
### kotek_magnet[tick=8940] sensor1: d=0.2632m in_range=False f_mag=0.000N tau_mag=0.0000Nm misalign_deg=58.4 pos=[0.30391005 0.06142331 0.5084152 ] bottom_world=[0.3144045  0.05350369 0.49334385] quat=[ 0.62405115 -0.34981322 -0.02909459  0.6981006 ] speed=0.0954 ang_speed=7.1561 ang_vel_vec=[-3.7708926  4.3264456  4.274513 ] |com_force|=0.0000N
### kotek_magnet[tick=8940] sensor2: d=0.3208m in_range=False f_mag=0.000N tau_mag=0.0000Nm misalign_deg=90.0 pos=[ 0.10902451 -0.10904565  0.49140102] bottom_world=[ 0.10902442 -0.10904572  0.47140102] quat=[ 9.2300051e-01 -2.4713759e-06  1.2859468e-06 -3.8479891e-01] speed=0.0010 ang_speed=0.0023 ang_vel_vec=[-0.00014844  0.00172402  0.00151727] |com_force|=0.0000N
### kotek_magnet[tick=8940] sensor3: d=0.5470m in_range=False f_mag=0.000N tau_mag=0.0000Nm misalign_deg=90.0 pos=[-0.10910815 -0.10914578  0.49140102] bottom_world=[-0.10910789 -0.1091459   0.47140102] quat=[-3.8058394e-01 -4.8979355e-06  5.2990858e-06  9.2474633e-01] speed=0.0009 ang_speed=0.0026 ang_vel_vec=[ 0.00186159  0.00160071 -0.00081548] |com_force|=0.0000N
### kotek_magnet[tick=8940] sensor4: d=0.5249m in_range=False f_mag=0.000N tau_mag=0.0000Nm misalign_deg=90.0 pos=[-0.10900005  0.10900022  0.4914023 ] bottom_world=[-0.10900027  0.10900008  0.4714023 ] quat=[3.8268197e-01 3.6630718e-06 5.3093895e-06 9.2388016e-01] speed=0.0010 ang_speed=0.0014 ang_vel_vec=[ 0.00088761 -0.00082976 -0.00077741] |com_force|=0.0000N
### kotek_magnet[tick=9000] sensor1: d=0.2506m in_range=False f_mag=0.000N tau_mag=0.0000Nm misalign_deg=56.1 pos=[0.30926985 0.05082839 0.5032674 ] bottom_world=[0.32043876 0.0430424  0.48861703] quat=[ 0.58775187 -0.3646857  -0.02729076  0.72166985] speed=0.1055 ang_speed=7.1310 ang_vel_vec=[-4.2761965  4.087879   3.9817035] |com_force|=0.0000N
### kotek_magnet[tick=9000] sensor2: d=0.3208m in_range=False f_mag=0.000N tau_mag=0.0000Nm misalign_deg=90.0 pos=[ 0.10902473 -0.10904586  0.49140108] bottom_world=[ 0.10902457 -0.10904592  0.47140108] quat=[ 9.2300057e-01 -2.9980813e-06  3.1823295e-06 -3.8479871e-01] speed=0.0007 ang_speed=0.0032 ang_vel_vec=[ 0.0007465  -0.00310636  0.00048324] |com_force|=0.0000N
### kotek_magnet[tick=9000] sensor3: d=0.5470m in_range=False f_mag=0.000N tau_mag=0.0000Nm misalign_deg=90.0 pos=[-0.10910662 -0.10914607  0.49140108] bottom_world=[-0.1091068  -0.10914581  0.47140108] quat=[-3.8058323e-01  1.7337154e-06 -7.6264123e-06  9.2474663e-01] speed=0.0007 ang_speed=0.0041 ang_vel_vec=[-0.00377367 -0.00157321  0.00045359] |com_force|=0.0000N
### kotek_magnet[tick=9000] sensor4: d=0.5249m in_range=False f_mag=0.000N tau_mag=0.0000Nm misalign_deg=90.0 pos=[-0.10899991  0.10900009  0.49140224] bottom_world=[-0.10900017  0.10899995  0.47140224] quat=[3.8268238e-01 4.6434579e-06 5.7330421e-06 9.2387998e-01] speed=0.0010 ang_speed=0.0035 ang_vel_vec=[ 0.00251442 -0.00239338 -0.00047005] |com_force|=0.0000N
### kotek_magnet[tick=9060] sensor1: d=0.2378m in_range=False f_mag=0.000N tau_mag=0.0000Nm misalign_deg=53.8 pos=[0.31399623 0.03957355 0.49811965] bottom_world=[0.32582136 0.03198208 0.48388814] quat=[ 0.5505545  -0.37890783 -0.02531916  0.7434229 ] speed=0.1066 ang_speed=7.0436 ang_vel_vec=[-4.6453314  3.8314867  3.6542082] |com_force|=0.0000N
### kotek_magnet[tick=9060] sensor2: d=0.3208m in_range=False f_mag=0.000N tau_mag=0.0000Nm misalign_deg=90.0 pos=[ 0.10902476 -0.10904591  0.4914011 ] bottom_world=[ 0.10902459 -0.10904597  0.47140111] quat=[ 9.2300063e-01 -3.0952688e-06  3.2905814e-06 -3.8479856e-01] speed=0.0007 ang_speed=0.0033 ang_vel_vec=[ 0.00074921 -0.00314459  0.00054811] |com_force|=0.0000N
### kotek_magnet[tick=9060] sensor3: d=0.5470m in_range=False f_mag=0.000N tau_mag=0.0000Nm misalign_deg=90.0 pos=[-0.10910802 -0.10914575  0.49140108] bottom_world=[-0.10910777 -0.10914589  0.47140108] quat=[-3.8058388e-01 -4.5618513e-06  5.4814709e-06  9.2474639e-01] speed=0.0009 ang_speed=0.0042 ang_vel_vec=[ 0.00297541  0.00296667 -0.00052075] |com_force|=0.0000N
### kotek_magnet[tick=9060] sensor4: d=0.5249m in_range=False f_mag=0.000N tau_mag=0.0000Nm misalign_deg=90.0 pos=[-0.10900033  0.10899951  0.49140233] bottom_world=[-0.10900032  0.10899957  0.47140233] quat=[ 3.8268214e-01  2.7070126e-07 -1.6143563e-06  9.2388010e-01] speed=0.0005 ang_speed=0.0022 ang_vel_vec=[ 0.0016071   0.00129598 -0.00079449] |com_force|=0.0000N
### kotek_magnet[tick=9120] sensor1: d=0.2253m in_range=False f_mag=0.000N tau_mag=0.0000Nm misalign_deg=51.5 pos=[0.31803298 0.02823921 0.4930753 ] bottom_world=[0.33049466 0.02091567 0.47925242] quat=[ 0.512589   -0.39226627 -0.0235555   0.76342964] speed=0.1155 ang_speed=6.9652 ang_vel_vec=[-5.1037445  3.3148031  3.38791  ] |com_force|=0.0000N
### kotek_magnet[tick=9120] sensor2: d=0.3208m in_range=False f_mag=0.000N tau_mag=0.0000Nm misalign_deg=90.0 pos=[ 0.10902452 -0.10904571  0.491401  ] bottom_world=[ 0.10902443 -0.10904577  0.47140099] quat=[ 9.2300034e-01 -2.3764092e-06  1.4390650e-06 -3.8479906e-01] speed=0.0010 ang_speed=0.0021 ang_vel_vec=[-7.6928329e-05  1.3326886e-03  1.5940925e-03] |com_force|=0.0000N
### kotek_magnet[tick=9120] sensor3: d=0.5470m in_range=False f_mag=0.000N tau_mag=0.0000Nm misalign_deg=90.0 pos=[-0.10910745 -0.1091461   0.49140105] bottom_world=[-0.1091074  -0.10914596  0.47140105] quat=[-3.8058361e-01 -2.4546332e-06 -2.6096470e-06  9.2474645e-01] speed=0.0004 ang_speed=0.0024 ang_vel_vec=[-0.00081523  0.00211122 -0.00063988] |com_force|=0.0000N
### kotek_magnet[tick=9120] sensor4: d=0.5249m in_range=False f_mag=0.000N tau_mag=0.0000Nm misalign_deg=90.0 pos=[-0.10900002  0.10900019  0.4914023 ] bottom_world=[-0.10900024  0.10900006  0.4714023 ] quat=[3.8268214e-01 3.7252642e-06 5.2034720e-06 9.2388010e-01] speed=0.0010 ang_speed=0.0017 ang_vel_vec=[ 0.00111013 -0.00105128 -0.00073614] |com_force|=0.0000N
### kotek_magnet[tick=9180] sensor1: d=0.2126m in_range=False f_mag=0.000N tau_mag=0.0000Nm misalign_deg=49.2 pos=[0.32148364 0.0162618  0.48804262] bottom_world=[0.33455726 0.00927758 0.474615  ] quat=[ 0.47428185 -0.40474206 -0.02220888  0.78150326] speed=0.1326 ang_speed=6.3090 ang_vel_vec=[-4.8738623  2.6293254  3.0224202] |com_force|=0.0000N
### kotek_magnet[tick=9180] sensor2: d=0.3208m in_range=False f_mag=0.000N tau_mag=0.0000Nm misalign_deg=90.0 pos=[ 0.10902445 -0.10904739  0.49140102] bottom_world=[ 0.10902466 -0.10904704  0.47140102] quat=[ 9.2300087e-01  1.0080249e-05 -1.5675237e-06 -3.8479787e-01] speed=0.0010 ang_speed=0.0018 ang_vel_vec=[-0.00062163  0.00129547 -0.00113658] |com_force|=0.0000N
### kotek_magnet[tick=9180] sensor3: d=0.5470m in_range=False f_mag=0.000N tau_mag=0.0000Nm misalign_deg=90.0 pos=[-0.10910812 -0.10914581  0.49140108] bottom_world=[-0.10910787 -0.10914594  0.47140108] quat=[-3.8058412e-01 -4.6729651e-06  5.2545452e-06  9.2474639e-01] speed=0.0009 ang_speed=0.0033 ang_vel_vec=[ 0.00243529  0.00186031 -0.00117678] |com_force|=0.0000N
### kotek_magnet[tick=9180] sensor4: d=0.5249m in_range=False f_mag=0.000N tau_mag=0.0000Nm misalign_deg=90.0 pos=[-0.10900031  0.10899954  0.49140227] bottom_world=[-0.10900029  0.1089996   0.47140227] quat=[ 3.8268220e-01  5.9051818e-08 -1.4002745e-06  9.2388016e-01] speed=0.0004 ang_speed=0.0027 ang_vel_vec=[ 0.00197266  0.00139039 -0.00114437] |com_force|=0.0000N
### kotek_magnet[tick=9240] sensor1: d=0.2002m in_range=False f_mag=0.000N tau_mag=0.0000Nm misalign_deg=46.8 pos=[0.32443726 0.00424002 0.48319137] bottom_world=[ 0.33813846 -0.00230412  0.47017402] quat=[ 0.44198146 -0.41699654 -0.02607924  0.7937798 ] speed=0.1337 ang_speed=6.2400 ang_vel_vec=[-3.9590313  4.030217   2.6497412] |com_force|=0.0000N
### kotek_magnet[tick=9240] sensor2: d=0.3208m in_range=False f_mag=0.000N tau_mag=0.0000Nm misalign_deg=90.0 pos=[ 0.10902445 -0.10904741  0.491401  ] bottom_world=[ 0.10902465 -0.10904707  0.47140099] quat=[ 9.2300081e-01  9.9114768e-06 -1.3298494e-06 -3.8479790e-01] speed=0.0010 ang_speed=0.0013 ang_vel_vec=[-0.00036755  0.00081664 -0.00088841] |com_force|=0.0000N
### kotek_magnet[tick=9240] sensor3: d=0.5470m in_range=False f_mag=0.000N tau_mag=0.0000Nm misalign_deg=90.0 pos=[-0.10910812 -0.10914581  0.49140108] bottom_world=[-0.10910787 -0.10914593  0.47140108] quat=[-3.8058406e-01 -4.6600862e-06  4.9682935e-06  9.2474639e-01] speed=0.0009 ang_speed=0.0027 ang_vel_vec=[ 0.00198916  0.00157489 -0.00091869] |com_force|=0.0000N
### kotek_magnet[tick=9240] sensor4: d=0.5249m in_range=False f_mag=0.000N tau_mag=0.0000Nm misalign_deg=90.0 pos=[-0.10900004  0.10900017  0.49140233] bottom_world=[-0.10900026  0.10900003  0.47140233] quat=[3.8268203e-01 3.6509673e-06 5.3838353e-06 9.2388016e-01] speed=0.0010 ang_speed=0.0021 ang_vel_vec=[ 0.00132949 -0.00129859 -0.00095625] |com_force|=0.0000N
### kotek_magnet[tick=9300] sensor1: d=0.1879m in_range=False f_mag=0.000N tau_mag=0.0000Nm misalign_deg=44.6 pos=[ 0.32647866 -0.00822514  0.47829434] bottom_world=[ 0.34072508 -0.01435771  0.46566773] quat=[ 0.40351504 -0.4286526  -0.0243243   0.80798566] speed=0.1440 ang_speed=6.0855 ang_vel_vec=[-5.3465996  1.8973589  2.2015777] |com_force|=0.0000N
### kotek_magnet[tick=9300] sensor2: d=0.3208m in_range=False f_mag=0.000N tau_mag=0.0000Nm misalign_deg=90.0 pos=[ 0.10902444 -0.10904738  0.49140102] bottom_world=[ 0.10902463 -0.10904704  0.47140102] quat=[ 9.2300087e-01  9.8201081e-06 -1.1225966e-06 -3.8479784e-01] speed=0.0009 ang_speed=0.0010 ang_vel_vec=[-0.00019059  0.00050061 -0.0008616 ] |com_force|=0.0000N
### kotek_magnet[tick=9300] sensor3: d=0.5470m in_range=False f_mag=0.000N tau_mag=0.0000Nm misalign_deg=90.0 pos=[-0.10910751 -0.1091461   0.49140108] bottom_world=[-0.10910746 -0.10914597  0.47140108] quat=[-3.8058379e-01 -2.4461604e-06 -2.5353218e-06  9.2474651e-01] speed=0.0004 ang_speed=0.0025 ang_vel_vec=[-0.00065424  0.00222272 -0.00085331] |com_force|=0.0000N
### kotek_magnet[tick=9300] sensor4: d=0.5249m in_range=False f_mag=0.000N tau_mag=0.0000Nm misalign_deg=90.0 pos=[-0.10900005  0.10900018  0.49140227] bottom_world=[-0.10900028  0.10900004  0.47140227] quat=[3.8268203e-01 3.8727826e-06 5.5043324e-06 9.2388016e-01] speed=0.0010 ang_speed=0.0022 ang_vel_vec=[ 0.00145155 -0.00138406 -0.00090102] |com_force|=0.0000N
### kotek_magnet[tick=9360] sensor1: d=0.1757m in_range=False f_mag=0.000N tau_mag=0.0000Nm misalign_deg=42.3 pos=[ 0.32784656 -0.02099687  0.4734207 ] bottom_world=[ 0.34262797 -0.0266515   0.46119226] quat=[ 0.3631735  -0.44020513 -0.02254328  0.82086325] speed=0.1527 ang_speed=6.1991 ang_vel_vec=[-5.611745   1.7007282  2.011051 ] |com_force|=0.0000N
### kotek_magnet[tick=9360] sensor2: d=0.3208m in_range=False f_mag=0.000N tau_mag=0.0000Nm misalign_deg=90.0 pos=[ 0.10902444 -0.10904734  0.49140102] bottom_world=[ 0.10902464 -0.10904698  0.47140102] quat=[ 9.2300087e-01  1.0081140e-05 -1.1796997e-06 -3.8479799e-01] speed=0.0010 ang_speed=0.0010 ang_vel_vec=[-4.4389959e-05  4.2244414e-04 -8.6803467e-04] |com_force|=0.0000N
### kotek_magnet[tick=9360] sensor3: d=0.5470m in_range=False f_mag=0.000N tau_mag=0.0000Nm misalign_deg=90.0 pos=[-0.10910802 -0.10914569  0.49140102] bottom_world=[-0.10910776 -0.10914582  0.47140102] quat=[-3.8058391e-01 -4.6127116e-06  5.4497737e-06  9.2474651e-01] speed=0.0009 ang_speed=0.0040 ang_vel_vec=[ 0.00285465  0.00277299 -0.00058873] |com_force|=0.0000N
### kotek_magnet[tick=9360] sensor4: d=0.5249m in_range=False f_mag=0.000N tau_mag=0.0000Nm misalign_deg=90.0 pos=[-0.10900001  0.10900017  0.49140236] bottom_world=[-0.10900024  0.10900003  0.47140236] quat=[3.8268217e-01 3.9262031e-06 5.4251873e-06 9.2388016e-01] speed=0.0010 ang_speed=0.0026 ang_vel_vec=[ 0.00176413 -0.00169577 -0.00090173] |com_force|=0.0000N
### kotek_magnet[tick=9420] sensor1: d=0.1639m in_range=False f_mag=0.000N tau_mag=0.0000Nm misalign_deg=40.1 pos=[ 0.32858244 -0.0340459   0.46866998] bottom_world=[ 0.34387884 -0.03917105  0.45684828] quat=[ 0.32178146 -0.45169562 -0.02069847  0.8318651 ] speed=0.1573 ang_speed=6.4529 ang_vel_vec=[-5.981185   1.4286356  1.9555109] |com_force|=0.0000N
### kotek_magnet[tick=9420] sensor2: d=0.3208m in_range=False f_mag=0.000N tau_mag=0.0000Nm misalign_deg=90.0 pos=[ 0.10902435 -0.10904727  0.491401  ] bottom_world=[ 0.10902457 -0.10904692  0.47140099] quat=[ 9.2300087e-01  1.0260000e-05 -1.8547587e-06 -3.8479805e-01] speed=0.0009 ang_speed=0.0021 ang_vel_vec=[-0.00138339  0.00156383 -0.00044137] |com_force|=0.0000N
### kotek_magnet[tick=9420] sensor3: d=0.5470m in_range=False f_mag=0.000N tau_mag=0.0000Nm misalign_deg=90.0 pos=[-0.10910815 -0.10914582  0.491401  ] bottom_world=[-0.1091079  -0.10914592  0.47140099] quat=[-3.8058394e-01 -4.8598376e-06  4.8318830e-06  9.2474645e-01] speed=0.0009 ang_speed=0.0022 ang_vel_vec=[ 0.00162361  0.00129587 -0.00081958] |com_force|=0.0000N
### kotek_magnet[tick=9420] sensor4: d=0.5249m in_range=False f_mag=0.000N tau_mag=0.0000Nm misalign_deg=90.0 pos=[-0.10900031  0.10899952  0.49140227] bottom_world=[-0.1090003   0.10899958  0.47140227] quat=[ 3.8268220e-01  4.6107189e-07 -1.5144087e-06  9.2388010e-01] speed=0.0005 ang_speed=0.0023 ang_vel_vec=[ 0.00202167  0.00081699 -0.00080556] |com_force|=0.0000N
### kotek_magnet[tick=9480] sensor1: d=0.1527m in_range=False f_mag=0.000N tau_mag=0.0000Nm misalign_deg=38.0 pos=[ 0.32868874 -0.04696552  0.46413925] bottom_world=[ 0.34445245 -0.05154609  0.45271455] quat=[ 0.28126967 -0.46264175 -0.01857489  0.84053856] speed=0.1612 ang_speed=6.6441 ang_vel_vec=[-6.280255   1.1691837  1.8262699] |com_force|=0.0000N
### kotek_magnet[tick=9480] sensor2: d=0.3208m in_range=False f_mag=0.000N tau_mag=0.0000Nm misalign_deg=90.0 pos=[ 0.10902445 -0.10904743  0.49140102] bottom_world=[ 0.10902464 -0.10904707  0.47140102] quat=[ 9.2300087e-01  1.0017547e-05 -1.0801218e-06 -3.8479790e-01] speed=0.0010 ang_speed=0.0011 ang_vel_vec=[ 5.607771e-05  2.716287e-04 -1.060470e-03] |com_force|=0.0000N
### kotek_magnet[tick=9480] sensor3: d=0.5470m in_range=False f_mag=0.000N tau_mag=0.0000Nm misalign_deg=90.0 pos=[-0.10910811 -0.10914589  0.49140102] bottom_world=[-0.10910786 -0.10914599  0.47140102] quat=[-3.805840e-01 -4.853210e-06  4.633859e-06  9.247464e-01] speed=0.0009 ang_speed=0.0022 ang_vel_vec=[ 0.00148109  0.0011823  -0.00111791] |com_force|=0.0000N
### kotek_magnet[tick=9480] sensor4: d=0.5249m in_range=False f_mag=0.000N tau_mag=0.0000Nm misalign_deg=90.0 pos=[-0.10900031  0.10899949  0.49140233] bottom_world=[-0.1090003   0.10899955  0.47140233] quat=[ 3.8268214e-01  4.5573952e-07 -1.4971297e-06  9.2388010e-01] speed=0.0004 ang_speed=0.0027 ang_vel_vec=[ 0.00243224  0.0005219  -0.00109106] |com_force|=0.0000N
### kotek_magnet[tick=9540] sensor1: d=0.1423m in_range=False f_mag=0.000N tau_mag=0.0000Nm misalign_deg=35.9 pos=[ 0.32823798 -0.05994947  0.45984402] bottom_world=[ 0.34443816 -0.06396034  0.44882281] quat=[ 0.24059975 -0.47350806 -0.01611795  0.8471376 ] speed=0.1662 ang_speed=6.8294 ang_vel_vec=[-6.549147   0.8711569  1.729446 ] |com_force|=0.0000N
### kotek_magnet[tick=9540] sensor2: d=0.3208m in_range=False f_mag=0.000N tau_mag=0.0000Nm misalign_deg=90.0 pos=[ 0.10902444 -0.10904741  0.49140096] bottom_world=[ 0.10902463 -0.10904707  0.47140096] quat=[ 9.2300087e-01  9.8339269e-06 -1.0520398e-06 -3.8479796e-01] speed=0.0010 ang_speed=0.0009 ang_vel_vec=[ 2.4196049e-04  9.3806520e-05 -8.6955103e-04] |com_force|=0.0000N
### kotek_magnet[tick=9540] sensor3: d=0.5470m in_range=False f_mag=0.000N tau_mag=0.0000Nm misalign_deg=90.0 pos=[-0.10910748 -0.10914613  0.49140108] bottom_world=[-0.10910743 -0.109146    0.47140108] quat=[-3.8058382e-01 -2.3642874e-06 -2.7306689e-06  9.2474645e-01] speed=0.0004 ang_speed=0.0023 ang_vel_vec=[-0.00036499  0.00212092 -0.00086791] |com_force|=0.0000N
### kotek_magnet[tick=9540] sensor4: d=0.5249m in_range=False f_mag=0.000N tau_mag=0.0000Nm misalign_deg=90.0 pos=[-0.10900014  0.10899846  0.49140233] bottom_world=[-0.10900004  0.10899877  0.47140233] quat=[ 3.8268307e-01  7.1739436e-07 -8.1435292e-06  9.2387980e-01] speed=0.0010 ang_speed=0.0019 ang_vel_vec=[-0.0001594  -0.00147922  0.00122798] |com_force|=0.0000N
### kotek_magnet[tick=9600] sensor1: d=0.1328m in_range=False f_mag=0.000N tau_mag=0.0000Nm misalign_deg=33.9 pos=[ 0.32725418 -0.07296535  0.45577192] bottom_world=[ 0.34385906 -0.07638639  0.44516181] quat=[ 0.19974811 -0.48432818 -0.01317125  0.8516769 ] speed=0.1695 ang_speed=6.9841 ang_vel_vec=[-6.7705517   0.54579365  1.6244133 ] |com_force|=0.0000N
### kotek_magnet[tick=9600] sensor2: d=0.3208m in_range=False f_mag=0.000N tau_mag=0.0000Nm misalign_deg=90.0 pos=[ 0.10902435 -0.10904733  0.491401  ] bottom_world=[ 0.10902457 -0.10904699  0.47140099] quat=[ 9.2300069e-01  1.0008960e-05 -1.8608453e-06 -3.8479823e-01] speed=0.0009 ang_speed=0.0018 ang_vel_vec=[-0.0011221   0.00136069 -0.00045176] |com_force|=0.0000N
### kotek_magnet[tick=9600] sensor3: d=0.5470m in_range=False f_mag=0.000N tau_mag=0.0000Nm misalign_deg=90.0 pos=[-0.10910644 -0.10914598  0.49140093] bottom_world=[-0.10910662 -0.10914579  0.47140093] quat=[-3.8058287e-01  2.3580124e-06 -6.2094109e-06  9.2474687e-01] speed=0.0010 ang_speed=0.0030 ang_vel_vec=[0.00254994 0.00059745 0.001479  ] |com_force|=0.0000N
### kotek_magnet[tick=9600] sensor4: d=0.5249m in_range=False f_mag=0.000N tau_mag=0.0000Nm misalign_deg=90.0 pos=[-0.1090003  0.1089995  0.4914023] bottom_world=[-0.10900029  0.10899956  0.4714023 ] quat=[ 3.8268229e-01  2.7200218e-07 -1.6110016e-06  9.2387998e-01] speed=0.0004 ang_speed=0.0025 ang_vel_vec=[ 0.0019827   0.00124749 -0.00081345] |com_force|=0.0000N
### kotek_magnet[tick=9660] sensor1: d=0.1243m in_range=False f_mag=0.000N tau_mag=0.0000Nm misalign_deg=31.9 pos=[ 0.32576433 -0.08592335  0.45197284] bottom_world=[ 0.34274004 -0.08874408  0.44178123] quat=[ 0.1589753  -0.49509376 -0.00958831  0.85411775] speed=0.1733 ang_speed=7.1124 ang_vel_vec=[-6.9469643   0.19851547  1.5120409 ] |com_force|=0.0000N
### kotek_magnet[tick=9660] sensor2: d=0.3208m in_range=False f_mag=0.000N tau_mag=0.0000Nm misalign_deg=90.0 pos=[ 0.10902474 -0.10904595  0.49140102] bottom_world=[ 0.10902458 -0.10904599  0.47140102] quat=[ 9.2300051e-01 -2.5316192e-06  3.1807256e-06 -3.8479868e-01] speed=0.0006 ang_speed=0.0016 ang_vel_vec=[-2.9195260e-05 -1.5723747e-03  4.2411240e-04] |com_force|=0.0000N
### kotek_magnet[tick=9660] sensor3: d=0.5470m in_range=False f_mag=0.000N tau_mag=0.0000Nm misalign_deg=90.0 pos=[-0.10910644 -0.10914588  0.49140108] bottom_world=[-0.10910661 -0.1091457   0.47140108] quat=[-3.8058290e-01  2.3924949e-06 -5.7657367e-06  9.2474687e-01] speed=0.0010 ang_speed=0.0035 ang_vel_vec=[0.00305474 0.0008556  0.00138436] |com_force|=0.0000N
### kotek_magnet[tick=9660] sensor4: d=0.5249m in_range=False f_mag=0.000N tau_mag=0.0000Nm misalign_deg=90.0 pos=[-0.10900015  0.10899846  0.49140227] bottom_world=[-0.10900004  0.10899877  0.47140227] quat=[ 3.826831e-01  5.284314e-07 -8.060694e-06  9.238798e-01] speed=0.0010 ang_speed=0.0020 ang_vel_vec=[ 9.6555646e-05 -1.5444499e-03  1.1894498e-03] |com_force|=0.0000N
### kotek_magnet[tick=9720] sensor1: d=0.1172m in_range=False f_mag=0.000N tau_mag=0.0000Nm misalign_deg=30.1 pos=[ 0.3237744  -0.0987424   0.44848078] bottom_world=[ 0.34108256 -0.10097005  0.43871016] quat=[ 0.1188668  -0.50567544 -0.00516903  0.85448015] speed=0.1751 ang_speed=7.1865 ang_vel_vec=[-7.0523086  -0.15505195  1.3737593 ] |com_force|=0.0000N
### kotek_magnet[tick=9720] sensor2: d=0.3208m in_range=False f_mag=0.000N tau_mag=0.0000Nm misalign_deg=90.0 pos=[ 0.10902473 -0.10904592  0.49140102] bottom_world=[ 0.10902456 -0.10904596  0.47140102] quat=[ 9.2300057e-01 -2.6797622e-06  3.3519489e-06 -3.8479868e-01] speed=0.0006 ang_speed=0.0022 ang_vel_vec=[ 3.9772691e-05 -2.1427264e-03  4.7479302e-04] |com_force|=0.0000N
### kotek_magnet[tick=9720] sensor3: d=0.5470m in_range=False f_mag=0.000N tau_mag=0.0000Nm misalign_deg=90.0 pos=[-0.10910816 -0.10914584  0.49140102] bottom_world=[-0.10910791 -0.10914595  0.47140102] quat=[-3.8058403e-01 -4.9033074e-06  5.0834797e-06  9.2474633e-01] speed=0.0009 ang_speed=0.0022 ang_vel_vec=[ 0.00163654  0.00109864 -0.00090672] |com_force|=0.0000N
### kotek_magnet[tick=9720] sensor4: d=0.5249m in_range=False f_mag=0.000N tau_mag=0.0000Nm misalign_deg=90.0 pos=[-0.10900018  0.1089984   0.49140233] bottom_world=[-0.10900006  0.10899874  0.47140233] quat=[ 3.8268310e-01  3.2816652e-07 -8.8809811e-06  9.2387980e-01] speed=0.0010 ang_speed=0.0015 ang_vel_vec=[-0.00061767 -0.00067129  0.00124507] |com_force|=0.0000N
### kotek_magnet[tick=9780] sensor1: d=0.1117m in_range=False f_mag=0.000N tau_mag=0.0000Nm misalign_deg=28.3 pos=[ 0.32134664 -0.11143818  0.44532228] bottom_world=[ 0.33895934 -0.11306603  0.43598723] quat=[ 7.8479417e-02 -5.1635635e-01  2.0255669e-04  8.5277033e-01] speed=0.1780 ang_speed=7.2625 ang_vel_vec=[-7.12985   -0.4683512  1.3001392] |com_force|=0.0000N
### kotek_magnet[tick=9780] sensor2: d=0.3208m in_range=False f_mag=0.000N tau_mag=0.0000Nm misalign_deg=90.0 pos=[ 0.10902446 -0.10904654  0.49140084] bottom_world=[ 0.10902454 -0.10904634  0.47140084] quat=[ 9.2300075e-01  5.3049439e-06  6.4826402e-08 -3.8479844e-01] speed=0.0000 ang_speed=0.0008 ang_vel_vec=[-0.00059464  0.00043814  0.00023496] |com_force|=0.0000N
### kotek_magnet[tick=9780] sensor3: d=0.5470m in_range=False f_mag=0.000N tau_mag=0.0000Nm misalign_deg=90.0 pos=[-0.10910815 -0.10914581  0.4914011 ] bottom_world=[-0.1091079  -0.10914592  0.47140111] quat=[-3.8058409e-01 -4.7965423e-06  4.9244504e-06  9.2474639e-01] speed=0.0009 ang_speed=0.0022 ang_vel_vec=[ 0.00162187  0.00117119 -0.00100117] |com_force|=0.0000N
### kotek_magnet[tick=9780] sensor4: d=0.5249m in_range=False f_mag=0.000N tau_mag=0.0000Nm misalign_deg=90.0 pos=[-0.1090002   0.10899846  0.4914022 ] bottom_world=[-0.1090001   0.10899878  0.47140221] quat=[ 3.8268304e-01  6.1061405e-07 -8.2197366e-06  9.2387974e-01] speed=0.0010 ang_speed=0.0020 ang_vel_vec=[-0.0001183  -0.00157954  0.00115076] |com_force|=0.0000N
### kotek_magnet[tick=9840] sensor1: d=0.1080m in_range=False f_mag=0.000N tau_mag=0.0000Nm misalign_deg=26.6 pos=[ 0.31845072 -0.123946    0.44252568] bottom_world=[ 0.33633127 -0.12499687  0.43362727] quat=[ 0.03894667 -0.5267767   0.00677854  0.849084  ] speed=0.1808 ang_speed=7.2877 ang_vel_vec=[-7.1377373  -0.84067184  1.2066921 ] |com_force|=0.0000N
### kotek_magnet[tick=9840] sensor2: d=0.3208m in_range=False f_mag=0.000N tau_mag=0.0000Nm misalign_deg=90.0 pos=[ 0.1090245  -0.10904579  0.49140102] bottom_world=[ 0.10902445 -0.10904583  0.47140102] quat=[ 9.2300057e-01 -1.4278671e-06  9.5484131e-07 -3.8479877e-01] speed=0.0009 ang_speed=0.0026 ang_vel_vec=[-0.00067825  0.00205081  0.00142574] |com_force|=0.0000N
### kotek_magnet[tick=9840] sensor3: d=0.5470m in_range=False f_mag=0.000N tau_mag=0.0000Nm misalign_deg=90.0 pos=[-0.10910746 -0.10914616  0.49140102] bottom_world=[-0.10910741 -0.10914603  0.47140102] quat=[-3.8058388e-01 -2.3832777e-06 -2.4957899e-06  9.2474645e-01] speed=0.0004 ang_speed=0.0021 ang_vel_vec=[ 0.00020533  0.00191607 -0.00078735] |com_force|=0.0000N
### kotek_magnet[tick=9840] sensor4: d=0.5249m in_range=False f_mag=0.000N tau_mag=0.0000Nm misalign_deg=90.0 pos=[-0.10900034  0.10899924  0.49140224] bottom_world=[-0.1090003   0.10899938  0.47140224] quat=[ 3.8268238e-01  3.9767605e-07 -3.5753144e-06  9.2388004e-01] speed=0.0001 ang_speed=0.0015 ang_vel_vec=[-0.00064249  0.00131861 -0.00050031] |com_force|=0.0000N
### kotek_magnet[tick=9900] sensor1: d=0.1063m in_range=False f_mag=0.000N tau_mag=0.0000Nm misalign_deg=25.1 pos=[ 0.31513402 -0.1362245   0.44011715] bottom_world=[ 0.33325054 -0.13671972  0.43165864] quat=[-1.1008233e-05 -5.3695577e-01  1.4685139e-02  8.4348261e-01] speed=0.1795 ang_speed=7.3184 ang_vel_vec=[-7.1414366 -1.1628579  1.0986774] |com_force|=0.0000N
### kotek_magnet[tick=9900] sensor2: d=0.3208m in_range=False f_mag=0.000N tau_mag=0.0000Nm misalign_deg=90.0 pos=[ 0.1090247  -0.10904676  0.49140093] bottom_world=[ 0.10902468 -0.10904658  0.47140093] quat=[ 9.2300087e-01  3.8775397e-06  2.0412749e-06 -3.8479808e-01] speed=0.0005 ang_speed=0.0015 ang_vel_vec=[-0.001327   -0.00022862 -0.00061898] |com_force|=0.0000N
### kotek_magnet[tick=9900] sensor3: d=0.5470m in_range=False f_mag=0.000N tau_mag=0.0000Nm misalign_deg=90.0 pos=[-0.1091075  -0.10914613  0.491401  ] bottom_world=[-0.10910745 -0.10914599  0.47140099] quat=[-3.8058391e-01 -2.5134098e-06 -2.5775778e-06  9.2474639e-01] speed=0.0004 ang_speed=0.0021 ang_vel_vec=[-0.0001462   0.00203558 -0.00064781] |com_force|=0.0000N
### kotek_magnet[tick=9900] sensor4: d=0.5249m in_range=False f_mag=0.000N tau_mag=0.0000Nm misalign_deg=90.0 pos=[-0.10900033  0.10899869  0.4914023 ] bottom_world=[-0.10900019  0.10899899  0.4714023 ] quat=[ 3.8268277e-01 -4.2137316e-07 -8.1848793e-06  9.2387992e-01] speed=0.0006 ang_speed=0.0041 ang_vel_vec=[-0.00142331  0.00383099  0.00053358] |com_force|=0.0000N
### kotek_magnet[tick=9960] sensor1: d=0.1061m in_range=False f_mag=0.000N tau_mag=0.0000Nm misalign_deg=24.5 pos=[ 0.31219932 -0.14314964  0.43807337] bottom_world=[ 0.33040321 -0.14341912  0.42979412] quat=[-0.01758362 -0.5409669   0.01932934  0.8406378 ] speed=0.1606 ang_speed=7.4617 ang_vel_vec=[-7.3011065 -1.0479985  1.1280318] |com_force|=0.0000N
### kotek_magnet[tick=9960] sensor2: d=0.3208m in_range=False f_mag=0.000N tau_mag=0.0000Nm misalign_deg=90.0 pos=[ 0.10902472 -0.10904671  0.491401  ] bottom_world=[ 0.1090247  -0.10904656  0.47140099] quat=[ 9.2300075e-01  3.3621532e-06  1.8678369e-06 -3.8479802e-01] speed=0.0005 ang_speed=0.0015 ang_vel_vec=[-1.3282602e-03 -4.5164365e-05 -7.7798899e-04] |com_force|=0.0000N
### kotek_magnet[tick=9960] sensor3: d=0.5470m in_range=False f_mag=0.000N tau_mag=0.0000Nm misalign_deg=90.0 pos=[-0.10910729 -0.10914586  0.49140096] bottom_world=[-0.10910721 -0.10914583  0.47140096] quat=[-3.8058347e-01 -1.9713946e-06 -6.0310910e-08  9.2474651e-01] speed=0.0001 ang_speed=0.0020 ang_vel_vec=[0.00133136 0.00147781 0.00030087] |com_force|=0.0000N
### kotek_magnet[tick=9960] sensor4: d=0.5249m in_range=False f_mag=0.000N tau_mag=0.0000Nm misalign_deg=90.0 pos=[-0.10900032  0.10899869  0.4914023 ] bottom_world=[-0.10900017  0.10899898  0.4714023 ] quat=[ 3.8268274e-01 -7.3860502e-07 -8.1474818e-06  9.2387986e-01] speed=0.0006 ang_speed=0.0043 ang_vel_vec=[-0.0014437   0.0039967   0.00038118] |com_force|=0.0000N
### kotek_magnet[tick=10020] sensor1: d=0.0984m in_range=True f_mag=1.488N tau_mag=0.0020Nm misalign_deg=24.9 pos=[ 0.3123304 -0.1479145  0.4280533] bottom_world=[ 0.33047012 -0.14839036  0.41964353] quat=[-0.01008644 -0.5378973   0.02055525  0.84269947] speed=0.1472 ang_speed=6.1039 ang_vel_vec=[-5.910061   -0.38213786  1.4774415 ] |com_force|=0.3449N
### kotek_magnet[tick=10020] sensor2: d=0.3208m in_range=False f_mag=0.000N tau_mag=0.0000Nm misalign_deg=90.0 pos=[ 0.10902469 -0.10904674  0.49140093] bottom_world=[ 0.10902468 -0.10904657  0.47140093] quat=[ 9.2300081e-01  3.8003006e-06  1.7945705e-06 -3.8479814e-01] speed=0.0005 ang_speed=0.0014 ang_vel_vec=[-0.00117804  0.00032578 -0.00070475] |com_force|=0.0000N
### kotek_magnet[tick=10020] sensor3: d=0.5470m in_range=False f_mag=0.000N tau_mag=0.0000Nm misalign_deg=90.0 pos=[-0.10910747 -0.1091461   0.491401  ] bottom_world=[-0.10910742 -0.10914597  0.47140099] quat=[-3.8058382e-01 -2.3676173e-06 -2.3236553e-06  9.2474645e-01] speed=0.0004 ang_speed=0.0022 ang_vel_vec=[ 0.00047888  0.00198811 -0.00071207] |com_force|=0.0000N
### kotek_magnet[tick=10020] sensor4: d=0.5249m in_range=False f_mag=0.000N tau_mag=0.0000Nm misalign_deg=90.0 pos=[-0.10900013  0.10899848  0.49140236] bottom_world=[-0.10900003  0.10899879  0.47140236] quat=[ 3.826832e-01  7.172834e-07 -8.166313e-06  9.238797e-01] speed=0.0010 ang_speed=0.0022 ang_vel_vec=[ 5.239289e-05 -1.793682e-03  1.315306e-03] |com_force|=0.0000N
### kotek_magnet[tick=10080] sensor1: d=0.0748m in_range=True f_mag=1.480N tau_mag=0.0014Nm misalign_deg=24.6 pos=[ 0.32536742 -0.15218638  0.4073323 ] bottom_world=[ 0.34354494 -0.15258515  0.39900051] quat=[-0.0124967  -0.5397321   0.01986209  0.8415097 ] speed=0.1832 ang_speed=8.3319 ang_vel_vec=[-7.9396887 -0.7003916  2.42732  ] |com_force|=0.3823N
### kotek_magnet[tick=10080] sensor2: d=0.3208m in_range=False f_mag=0.000N tau_mag=0.0000Nm misalign_deg=90.0 pos=[ 0.10902443 -0.10904738  0.49140093] bottom_world=[ 0.10902461 -0.10904705  0.47140093] quat=[ 9.2300081e-01  9.4750030e-06 -1.0581601e-06 -3.8479790e-01] speed=0.0010 ang_speed=0.0010 ang_vel_vec=[ 4.8163725e-04 -9.4305993e-05 -8.3841878e-04] |com_force|=0.0000N
### kotek_magnet[tick=10080] sensor3: d=0.5470m in_range=False f_mag=0.000N tau_mag=0.0000Nm misalign_deg=90.0 pos=[-0.1091081  -0.10914584  0.49140102] bottom_world=[-0.10910786 -0.10914594  0.47140102] quat=[-3.8058406e-01 -4.5661836e-06  4.3884265e-06  9.2474645e-01] speed=0.0009 ang_speed=0.0018 ang_vel_vec=[ 0.00132759  0.00087435 -0.00088324] |com_force|=0.0000N
### kotek_magnet[tick=10080] sensor4: d=0.5249m in_range=False f_mag=0.000N tau_mag=0.0000Nm misalign_deg=90.0 pos=[-0.10900003  0.10900017  0.4914023 ] bottom_world=[-0.10900026  0.10900003  0.4714023 ] quat=[3.8268209e-01 3.7950945e-06 5.3563622e-06 9.2388010e-01] speed=0.0010 ang_speed=0.0023 ang_vel_vec=[ 0.00154318 -0.00142074 -0.0009238 ] |com_force|=0.0000N
### still playing, 1219s left
### kotek_magnet[tick=10140] sensor1: d=0.0554m in_range=True f_mag=1.081N tau_mag=0.0010Nm misalign_deg=24.3 pos=[ 0.33739874 -0.15545672  0.3909506 ] bottom_world=[ 0.35562418 -0.15572045  0.38271872] quat=[-0.01603535 -0.54209965  0.01819838  0.83996415] speed=0.1666 ang_speed=7.8948 ang_vel_vec=[-7.7783504  -1.2424192   0.53130245] |com_force|=0.3526N
### kotek_magnet[tick=10140] sensor2: d=0.3208m in_range=False f_mag=0.000N tau_mag=0.0000Nm misalign_deg=90.0 pos=[ 0.10902441 -0.10904653  0.4914009 ] bottom_world=[ 0.10902448 -0.10904633  0.4714009 ] quat=[ 9.2300063e-01  5.1914558e-06  2.8351515e-08 -3.8479850e-01] speed=0.0001 ang_speed=0.0010 ang_vel_vec=[-0.00076066  0.00041878  0.00040989] |com_force|=0.0000N
### kotek_magnet[tick=10140] sensor3: d=0.5470m in_range=False f_mag=0.000N tau_mag=0.0000Nm misalign_deg=90.0 pos=[-0.10910641 -0.10914589  0.49140105] bottom_world=[-0.10910659 -0.10914571  0.47140105] quat=[-3.8058299e-01  2.3733194e-06 -6.0188804e-06  9.2474687e-01] speed=0.0010 ang_speed=0.0031 ang_vel_vec=[0.00260941 0.00070207 0.00151481] |com_force|=0.0000N
### kotek_magnet[tick=10140] sensor4: d=0.5249m in_range=False f_mag=0.000N tau_mag=0.0000Nm misalign_deg=90.0 pos=[-0.10900031  0.10899951  0.4914023 ] bottom_world=[-0.1090003   0.10899958  0.4714023 ] quat=[ 3.8268226e-01  3.9144791e-07 -1.5527103e-06  9.2387998e-01] speed=0.0004 ang_speed=0.0018 ang_vel_vec=[ 0.00158978  0.0005376  -0.00074956] |com_force|=0.0000N
### kotek_magnet[tick=10200] sensor1: d=0.0133m in_range=True f_mag=0.213N tau_mag=0.0001Nm misalign_deg=14.3 pos=[ 0.37065724 -0.15109518  0.36376455] bottom_world=[ 0.39003854 -0.15082553  0.35883584] quat=[ 0.01142089 -0.61357856 -0.01741785  0.78935903] speed=0.0299 ang_speed=0.9148 ang_vel_vec=[-0.39022622 -0.20542455 -0.80151093] |com_force|=0.4510N
### kotek_magnet[tick=10200] sensor2: d=0.3208m in_range=False f_mag=0.000N tau_mag=0.0000Nm misalign_deg=90.0 pos=[ 0.10902448 -0.10904571  0.49140105] bottom_world=[ 0.10902442 -0.10904576  0.47140105] quat=[ 9.2300045e-01 -1.7948919e-06  9.8793726e-07 -3.8479894e-01] speed=0.0009 ang_speed=0.0023 ang_vel_vec=[-0.00052426  0.0018226   0.00133279] |com_force|=0.0000N
### kotek_magnet[tick=10200] sensor3: d=0.5470m in_range=False f_mag=0.000N tau_mag=0.0000Nm misalign_deg=90.0 pos=[-0.10910643 -0.10914592  0.49140105] bottom_world=[-0.10910662 -0.10914572  0.47140105] quat=[-3.8058302e-01  2.5166671e-06 -6.4796868e-06  9.2474687e-01] speed=0.0010 ang_speed=0.0024 ang_vel_vec=[0.00197166 0.0002965  0.00138045] |com_force|=0.0000N
### kotek_magnet[tick=10200] sensor4: d=0.5249m in_range=False f_mag=0.000N tau_mag=0.0000Nm misalign_deg=90.0 pos=[-0.10900004  0.10900018  0.49140227] bottom_world=[-0.10900025  0.10900005  0.47140227] quat=[3.8268206e-01 3.6202202e-06 5.1286975e-06 9.2388010e-01] speed=0.0010 ang_speed=0.0020 ang_vel_vec=[ 0.00122827 -0.00123704 -0.00094865] |com_force|=0.0000N
### kotek_magnet[tick=10216]: welded sensor 1 at d=0.0145m misalign_deg=14.5 pos=[ 0.37026593 -0.15004043  0.36505038] wall_pos=[0.425 0.    0.5  ] local_pos1=[-0.05473407 -0.15004043 -0.13494962] quat=[ 0.01735938 -0.61261415 -0.00286159  0.7901862 ]
### kotek_magnet[tick=10260] sensor2: d=0.3208m in_range=False f_mag=0.000N tau_mag=0.0000Nm misalign_deg=90.0 pos=[ 0.10902446 -0.10904572  0.49140102] bottom_world=[ 0.1090244  -0.10904576  0.47140102] quat=[ 9.2300045e-01 -1.5114426e-06  9.8566738e-07 -3.8479903e-01] speed=0.0009 ang_speed=0.0029 ang_vel_vec=[-0.00080712  0.00229806  0.00148642] |com_force|=0.0000N
### kotek_magnet[tick=10260] sensor3: d=0.5470m in_range=False f_mag=0.000N tau_mag=0.0000Nm misalign_deg=90.0 pos=[-0.10910645 -0.10914589  0.49140105] bottom_world=[-0.10910662 -0.1091457   0.47140105] quat=[-3.8058278e-01  2.2157906e-06 -5.8485689e-06  9.2474681e-01] speed=0.0010 ang_speed=0.0036 ang_vel_vec=[0.00312963 0.00097631 0.00153808] |com_force|=0.0000N
### kotek_magnet[tick=10260] sensor4: d=0.5249m in_range=False f_mag=0.000N tau_mag=0.0000Nm misalign_deg=90.0 pos=[-0.10900004  0.10900015  0.49140236] bottom_world=[-0.10900026  0.10900002  0.47140236] quat=[3.8268220e-01 3.8211933e-06 5.2728601e-06 9.2388010e-01] speed=0.0010 ang_speed=0.0020 ang_vel_vec=[ 0.00121563 -0.00132486 -0.00077636] |com_force|=0.0000N
### kotek_magnet[tick=10320] sensor2: d=0.3208m in_range=False f_mag=0.000N tau_mag=0.0000Nm misalign_deg=90.0 pos=[ 0.1090247  -0.10904564  0.491401  ] bottom_world=[ 0.10902452 -0.10904571  0.47140099] quat=[ 9.2300040e-01 -3.3455617e-06  3.5818598e-06 -3.8479888e-01] speed=0.0009 ang_speed=0.0023 ang_vel_vec=[-0.00200438 -0.00070715  0.00084497] |com_force|=0.0000N
### kotek_magnet[tick=10320] sensor3: d=0.5470m in_range=False f_mag=0.000N tau_mag=0.0000Nm misalign_deg=90.0 pos=[-0.10910644 -0.10914587  0.49140105] bottom_world=[-0.10910662 -0.10914568  0.47140105] quat=[-3.8058281e-01  2.2644019e-06 -6.0310417e-06  9.2474681e-01] speed=0.0010 ang_speed=0.0027 ang_vel_vec=[0.0021324  0.00045205 0.0016064 ] |com_force|=0.0000N
### kotek_magnet[tick=10320] sensor4: d=0.5249m in_range=False f_mag=0.000N tau_mag=0.0000Nm misalign_deg=90.0 pos=[-0.10900031  0.10899958  0.49140218] bottom_world=[-0.1090003   0.10899965  0.47140218] quat=[ 3.8268223e-01  3.2476896e-07 -1.6810709e-06  9.2388010e-01] speed=0.0005 ang_speed=0.0020 ang_vel_vec=[ 0.00168841  0.00090691 -0.00067845] |com_force|=0.0000N
### kotek_magnet[tick=10380] sensor2: d=0.3208m in_range=False f_mag=0.000N tau_mag=0.0000Nm misalign_deg=90.0 pos=[ 0.10902468 -0.10904598  0.49140102] bottom_world=[ 0.10902452 -0.10904603  0.47140102] quat=[ 9.2300057e-01 -2.5532279e-06  3.2847024e-06 -3.8479868e-01] speed=0.0006 ang_speed=0.0022 ang_vel_vec=[-2.2616154e-05 -2.0627468e-03  6.4972660e-04] |com_force|=0.0000N
### kotek_magnet[tick=10380] sensor3: d=0.5470m in_range=False f_mag=0.000N tau_mag=0.0000Nm misalign_deg=90.0 pos=[-0.10910646 -0.10914593  0.49140102] bottom_world=[-0.10910663 -0.10914575  0.47140102] quat=[-3.8058290e-01  2.2723411e-06 -5.7971638e-06  9.2474687e-01] speed=0.0010 ang_speed=0.0031 ang_vel_vec=[0.00254766 0.00066632 0.0016341 ] |com_force|=0.0000N
### kotek_magnet[tick=10380] sensor4: d=0.5249m in_range=False f_mag=0.000N tau_mag=0.0000Nm misalign_deg=90.0 pos=[-0.10900031  0.10899949  0.49140227] bottom_world=[-0.1090003   0.10899955  0.47140227] quat=[ 3.8268229e-01  2.9780176e-07 -1.5256801e-06  9.2388004e-01] speed=0.0004 ang_speed=0.0023 ang_vel_vec=[ 0.00192516  0.0011203  -0.00066737] |com_force|=0.0000N
### kotek_magnet[tick=10440] sensor2: d=0.3208m in_range=False f_mag=0.000N tau_mag=0.0000Nm misalign_deg=90.0 pos=[ 0.1090242  -0.10904747  0.49140087] bottom_world=[ 0.10902453 -0.10904708  0.47140087] quat=[ 9.2300075e-01  1.2319834e-05 -3.9012725e-06 -3.8479814e-01] speed=0.0013 ang_speed=0.0137 ang_vel_vec=[-0.0062079   0.0121996  -0.00047734] |com_force|=0.0000N
### kotek_magnet[tick=10440] sensor3: d=0.5470m in_range=False f_mag=0.000N tau_mag=0.0000Nm misalign_deg=90.0 pos=[-0.10910641 -0.10914592  0.49140105] bottom_world=[-0.10910659 -0.10914573  0.47140105] quat=[-3.8058290e-01  2.2952902e-06 -6.1044334e-06  9.2474681e-01] speed=0.0010 ang_speed=0.0030 ang_vel_vec=[0.002642   0.00076312 0.00131348] |com_force|=0.0000N
### kotek_magnet[tick=10440] sensor4: d=0.5249m in_range=False f_mag=0.000N tau_mag=0.0000Nm misalign_deg=90.0 pos=[-0.10900003  0.10900014  0.49140233] bottom_world=[-0.10900026  0.109       0.47140233] quat=[3.8268206e-01 3.9174597e-06 5.4900888e-06 9.2388010e-01] speed=0.0010 ang_speed=0.0027 ang_vel_vec=[ 0.00183675 -0.0017643  -0.00099498] |com_force|=0.0000N
### kotek_magnet[tick=10500] sensor2: d=0.3208m in_range=False f_mag=0.000N tau_mag=0.0000Nm misalign_deg=90.0 pos=[ 0.10902472 -0.10904676  0.49140108] bottom_world=[ 0.1090247  -0.1090466   0.47140108] quat=[ 9.2300087e-01  3.7215357e-06  2.0788816e-06 -3.8479802e-01] speed=0.0005 ang_speed=0.0017 ang_vel_vec=[-0.00144428 -0.00036729 -0.00071716] |com_force|=0.0000N
### kotek_magnet[tick=10500] sensor3: d=0.5470m in_range=False f_mag=0.000N tau_mag=0.0000Nm misalign_deg=90.0 pos=[-0.10910641 -0.10914592  0.49140105] bottom_world=[-0.10910659 -0.10914573  0.47140105] quat=[-3.8058275e-01  2.2108170e-06 -6.0869916e-06  9.2474681e-01] speed=0.0010 ang_speed=0.0032 ang_vel_vec=[0.00268311 0.00082339 0.00149501] |com_force|=0.0000N
### kotek_magnet[tick=10500] sensor4: d=0.5249m in_range=False f_mag=0.000N tau_mag=0.0000Nm misalign_deg=90.0 pos=[-0.10900003  0.10900011  0.4914023 ] bottom_world=[-0.10900027  0.10899996  0.4714023 ] quat=[3.8268223e-01 4.0803761e-06 5.6299973e-06 9.2388016e-01] speed=0.0009 ang_speed=0.0028 ang_vel_vec=[ 0.00187592 -0.00193634 -0.00083284] |com_force|=0.0000N
### kotek_magnet[tick=10560] sensor2: d=0.3208m in_range=False f_mag=0.000N tau_mag=0.0000Nm misalign_deg=90.0 pos=[ 0.10902433 -0.10904736  0.49140093] bottom_world=[ 0.10902455 -0.10904703  0.47140093] quat=[ 9.2300075e-01  9.8242299e-06 -1.8014639e-06 -3.8479814e-01] speed=0.0010 ang_speed=0.0013 ang_vel_vec=[-0.00077482  0.00096686 -0.00048718] |com_force|=0.0000N
### kotek_magnet[tick=10560] sensor3: d=0.5470m in_range=False f_mag=0.000N tau_mag=0.0000Nm misalign_deg=90.0 pos=[-0.10910641 -0.10914599  0.49140102] bottom_world=[-0.10910659 -0.1091458   0.47140102] quat=[-3.8058284e-01  2.3221044e-06 -6.1242481e-06  9.2474687e-01] speed=0.0010 ang_speed=0.0031 ang_vel_vec=[0.0026251  0.00075352 0.00147462] |com_force|=0.0000N
### kotek_magnet[tick=10560] sensor4: d=0.5249m in_range=False f_mag=0.000N tau_mag=0.0000Nm misalign_deg=90.0 pos=[-0.1090003   0.10899945  0.49140227] bottom_world=[-0.10900028  0.10899952  0.47140227] quat=[ 3.8268232e-01  2.0071866e-07 -1.7640727e-06  9.2387998e-01] speed=0.0004 ang_speed=0.0027 ang_vel_vec=[ 0.00214852  0.0013808  -0.00086419] |com_force|=0.0000N
### kotek_magnet[tick=10620] sensor2: d=0.3208m in_range=False f_mag=0.000N tau_mag=0.0000Nm misalign_deg=90.0 pos=[ 0.10902435 -0.10904726  0.49140096] bottom_world=[ 0.10902456 -0.10904693  0.47140096] quat=[ 9.2300069e-01  9.8009104e-06 -1.7046664e-06 -3.8479820e-01] speed=0.0009 ang_speed=0.0012 ang_vel_vec=[-0.00064843  0.00094515 -0.00037997] |com_force|=0.0000N
### kotek_magnet[tick=10620] sensor3: d=0.5470m in_range=False f_mag=0.000N tau_mag=0.0000Nm misalign_deg=90.0 pos=[-0.10910809 -0.10914586  0.491401  ] bottom_world=[-0.10910785 -0.10914595  0.47140099] quat=[-3.8058406e-01 -4.6512018e-06  4.3089422e-06  9.2474639e-01] speed=0.0009 ang_speed=0.0016 ang_vel_vec=[ 0.00122087  0.00077334 -0.00076247] |com_force|=0.0000N
### kotek_magnet[tick=10620] sensor4: d=0.5249m in_range=False f_mag=0.000N tau_mag=0.0000Nm misalign_deg=90.0 pos=[-0.10900032  0.10899951  0.49140227] bottom_world=[-0.10900031  0.10899958  0.47140227] quat=[ 3.8268226e-01  3.4185487e-07 -1.6125566e-06  9.2388010e-01] speed=0.0004 ang_speed=0.0027 ang_vel_vec=[ 0.00246746  0.00079184 -0.00075215] |com_force|=0.0000N
### kotek_magnet[tick=10680] sensor2: d=0.3208m in_range=False f_mag=0.000N tau_mag=0.0000Nm misalign_deg=90.0 pos=[ 0.10902435 -0.10904735  0.49140096] bottom_world=[ 0.10902456 -0.10904701  0.47140096] quat=[ 9.2300081e-01  9.6936656e-06 -1.7486980e-06 -3.8479814e-01] speed=0.0010 ang_speed=0.0013 ang_vel_vec=[-0.00071422  0.00089781 -0.00051215] |com_force|=0.0000N
### kotek_magnet[tick=10680] sensor3: d=0.5470m in_range=False f_mag=0.000N tau_mag=0.0000Nm misalign_deg=90.0 pos=[-0.10910808 -0.10914591  0.491401  ] bottom_world=[-0.10910785 -0.10914599  0.47140099] quat=[-3.8058397e-01 -4.5385800e-06  4.0792766e-06  9.2474639e-01] speed=0.0009 ang_speed=0.0017 ang_vel_vec=[ 0.00110459  0.00083525 -0.00091456] |com_force|=0.0000N
### kotek_magnet[tick=10680] sensor4: d=0.5249m in_range=False f_mag=0.000N tau_mag=0.0000Nm misalign_deg=90.0 pos=[-0.10900002  0.10900009  0.4914024 ] bottom_world=[-0.10900025  0.10899994  0.47140239] quat=[3.826821e-01 3.991659e-06 5.602600e-06 9.238801e-01] speed=0.0009 ang_speed=0.0032 ang_vel_vec=[ 0.00215209 -0.00219299 -0.00091626] |com_force|=0.0000N
### kotek_magnet[tick=10740] sensor2: d=0.3208m in_range=False f_mag=0.000N tau_mag=0.0000Nm misalign_deg=90.0 pos=[ 0.10902416 -0.10904755  0.49140087] bottom_world=[ 0.1090245  -0.10904714  0.47140087] quat=[ 9.2300087e-01  1.2584552e-05 -4.0224918e-06 -3.8479814e-01] speed=0.0013 ang_speed=0.0130 ang_vel_vec=[-0.00558299  0.01169222 -0.00020998] |com_force|=0.0000N
### kotek_magnet[tick=10740] sensor3: d=0.5470m in_range=False f_mag=0.000N tau_mag=0.0000Nm misalign_deg=90.0 pos=[-0.10910748 -0.10914617  0.49140105] bottom_world=[-0.10910743 -0.10914605  0.47140105] quat=[-3.8058394e-01 -2.3149953e-06 -2.4199053e-06  9.2474639e-01] speed=0.0004 ang_speed=0.0021 ang_vel_vec=[ 0.00069113  0.00185508 -0.00066761] |com_force|=0.0000N
### kotek_magnet[tick=10740] sensor4: d=0.5249m in_range=False f_mag=0.000N tau_mag=0.0000Nm misalign_deg=90.0 pos=[-0.10900032  0.10899947  0.49140236] bottom_world=[-0.1090003   0.10899953  0.47140236] quat=[ 3.8268220e-01  2.7925302e-07 -1.5673461e-06  9.2388016e-01] speed=0.0004 ang_speed=0.0032 ang_vel_vec=[ 0.00300476  0.00072424 -0.00078556] |com_force|=0.0000N
### kotek_magnet[tick=10800] sensor2: d=0.3208m in_range=False f_mag=0.000N tau_mag=0.0000Nm misalign_deg=90.0 pos=[ 0.10902441 -0.10904749  0.49140096] bottom_world=[ 0.10902461 -0.10904714  0.47140096] quat=[ 9.2300087e-01  1.0155149e-05 -1.2278656e-06 -3.8479802e-01] speed=0.0011 ang_speed=0.0009 ang_vel_vec=[ 4.1668283e-04 -5.1117160e-05 -7.9834153e-04] |com_force|=0.0000N
### kotek_magnet[tick=10800] sensor3: d=0.5470m in_range=False f_mag=0.000N tau_mag=0.0000Nm misalign_deg=90.0 pos=[-0.10910814 -0.10914595  0.49140102] bottom_world=[-0.10910791 -0.10914603  0.47140102] quat=[-3.8058412e-01 -4.6568716e-06  4.1547814e-06  9.2474639e-01] speed=0.0010 ang_speed=0.0012 ang_vel_vec=[ 0.00075403  0.00031975 -0.00080887] |com_force|=0.0000N
### kotek_magnet[tick=10800] sensor4: d=0.5249m in_range=False f_mag=0.000N tau_mag=0.0000Nm misalign_deg=90.0 pos=[-0.10900004  0.10900009  0.49140236] bottom_world=[-0.10900028  0.10899994  0.47140236] quat=[3.8268220e-01 4.0342397e-06 5.7576094e-06 9.2388016e-01] speed=0.0009 ang_speed=0.0036 ang_vel_vec=[ 0.00251458 -0.00241595 -0.00084205] |com_force|=0.0000N
### kotek_magnet[tick=10860] sensor2: d=0.3208m in_range=False f_mag=0.000N tau_mag=0.0000Nm misalign_deg=90.0 pos=[ 0.10902464 -0.10904682  0.49140093] bottom_world=[ 0.10902464 -0.10904665  0.47140093] quat=[ 9.2300075e-01  4.0125346e-06  1.7557372e-06 -3.8479814e-01] speed=0.0005 ang_speed=0.0015 ang_vel_vec=[-0.00123318 -0.00034758 -0.00069681] |com_force|=0.0000N
### kotek_magnet[tick=10860] sensor3: d=0.5470m in_range=False f_mag=0.000N tau_mag=0.0000Nm misalign_deg=90.0 pos=[-0.10910754 -0.10914613  0.49140096] bottom_world=[-0.10910748 -0.10914601  0.47140096] quat=[-3.8058388e-01 -2.5376758e-06 -2.0409177e-06  9.2474651e-01] speed=0.0005 ang_speed=0.0019 ang_vel_vec=[ 0.00039393  0.00178474 -0.00067877] |com_force|=0.0000N
### kotek_magnet[tick=10860] sensor4: d=0.5249m in_range=False f_mag=0.000N tau_mag=0.0000Nm misalign_deg=90.0 pos=[-0.10900009  0.10900015  0.4914023 ] bottom_world=[-0.10900033  0.10900001  0.4714023 ] quat=[3.8268206e-01 4.0326904e-06 5.6835011e-06 9.2388016e-01] speed=0.0009 ang_speed=0.0033 ang_vel_vec=[ 0.00223392 -0.00233366 -0.00079823] |com_force|=0.0000N
### kotek_magnet[tick=10920] sensor2: d=0.3208m in_range=False f_mag=0.000N tau_mag=0.0000Nm misalign_deg=90.0 pos=[ 0.10902467 -0.10904679  0.49140114] bottom_world=[ 0.10902465 -0.10904663  0.47140114] quat=[ 9.2300087e-01  3.6902031e-06  1.8896999e-06 -3.8479814e-01] speed=0.0005 ang_speed=0.0015 ang_vel_vec=[-0.00107481 -0.00091977 -0.0005943 ] |com_force|=0.0000N
### kotek_magnet[tick=10920] sensor3: d=0.5470m in_range=False f_mag=0.000N tau_mag=0.0000Nm misalign_deg=90.0 pos=[-0.10910752 -0.10914613  0.4914011 ] bottom_world=[-0.10910747 -0.109146    0.47140111] quat=[-3.8058373e-01 -2.4023991e-06 -2.4915566e-06  9.2474651e-01] speed=0.0005 ang_speed=0.0018 ang_vel_vec=[-0.0002173   0.00168688 -0.00058456] |com_force|=0.0000N
### kotek_magnet[tick=10920] sensor4: d=0.5249m in_range=False f_mag=0.000N tau_mag=0.0000Nm misalign_deg=90.0 pos=[-0.10900006  0.10900015  0.49140233] bottom_world=[-0.10900029  0.10900001  0.47140233] quat=[3.8268211e-01 3.7679572e-06 5.3710414e-06 9.2388004e-01] speed=0.0009 ang_speed=0.0028 ang_vel_vec=[ 0.00193807 -0.00186755 -0.00068443] |com_force|=0.0000N
### kotek_magnet[tick=10980] sensor2: d=0.3208m in_range=False f_mag=0.000N tau_mag=0.0000Nm misalign_deg=90.0 pos=[ 0.10902441 -0.10904747  0.49140108] bottom_world=[ 0.10902462 -0.10904711  0.47140108] quat=[ 9.2300087e-01  1.0235422e-05 -1.3188583e-06 -3.8479790e-01] speed=0.0010 ang_speed=0.0013 ang_vel_vec=[-6.7568471e-05  4.4744104e-04 -1.2001352e-03] |com_force|=0.0000N
### kotek_magnet[tick=10980] sensor3: d=0.5470m in_range=False f_mag=0.000N tau_mag=0.0000Nm misalign_deg=90.0 pos=[-0.10910816 -0.10914591  0.49140105] bottom_world=[-0.10910792 -0.109146    0.47140105] quat=[-3.8058400e-01 -4.7695989e-06  4.4505705e-06  9.2474639e-01] speed=0.0010 ang_speed=0.0017 ang_vel_vec=[ 0.00102232  0.0006001  -0.0012008 ] |com_force|=0.0000N
### kotek_magnet[tick=10980] sensor4: d=0.5249m in_range=False f_mag=0.000N tau_mag=0.0000Nm misalign_deg=90.0 pos=[-0.10900039  0.10899945  0.4914024 ] bottom_world=[-0.10900037  0.10899952  0.47140239] quat=[ 3.8268229e-01  2.0437449e-07 -1.6541974e-06  9.2388010e-01] speed=0.0004 ang_speed=0.0029 ang_vel_vec=[ 0.00242566  0.00103498 -0.00117829] |com_force|=0.0000N
### kotek_magnet[tick=11040] sensor2: d=0.3208m in_range=False f_mag=0.000N tau_mag=0.0000Nm misalign_deg=90.0 pos=[ 0.10902466 -0.10904676  0.49140102] bottom_world=[ 0.10902464 -0.10904659  0.47140102] quat=[ 9.2300081e-01  3.6588592e-06  1.9444865e-06 -3.8479805e-01] speed=0.0005 ang_speed=0.0019 ang_vel_vec=[-0.00138364 -0.00090326 -0.00089838] |com_force|=0.0000N
### kotek_magnet[tick=11040] sensor3: d=0.5470m in_range=False f_mag=0.000N tau_mag=0.0000Nm misalign_deg=90.0 pos=[-0.10910816 -0.10914584  0.49140108] bottom_world=[-0.10910791 -0.10914594  0.47140108] quat=[-3.8058394e-01 -4.8271781e-06  4.7666308e-06  9.2474645e-01] speed=0.0010 ang_speed=0.0017 ang_vel_vec=[ 0.00114602  0.00075164 -0.00098266] |com_force|=0.0000N
### kotek_magnet[tick=11040] sensor4: d=0.5249m in_range=False f_mag=0.000N tau_mag=0.0000Nm misalign_deg=90.0 pos=[-0.10900038  0.1089995   0.4914023 ] bottom_world=[-0.10900036  0.10899956  0.4714023 ] quat=[ 3.8268223e-01  1.7037273e-07 -1.6778686e-06  9.2388004e-01] speed=0.0004 ang_speed=0.0026 ang_vel_vec=[ 0.00215916  0.00116829 -0.00093812] |com_force|=0.0000N
### kotek_magnet[tick=11100] sensor2: d=0.3208m in_range=False f_mag=0.000N tau_mag=0.0000Nm misalign_deg=90.0 pos=[ 0.10902447 -0.10904574  0.4914011 ] bottom_world=[ 0.10902439 -0.1090458   0.47140111] quat=[ 9.2300045e-01 -2.1380913e-06  1.1811239e-06 -3.8479885e-01] speed=0.0009 ang_speed=0.0021 ang_vel_vec=[0.00014445 0.00140476 0.00158105] |com_force|=0.0000N
### kotek_magnet[tick=11100] sensor3: d=0.5470m in_range=False f_mag=0.000N tau_mag=0.0000Nm misalign_deg=90.0 pos=[-0.10910727 -0.10914592  0.49140108] bottom_world=[-0.10910724 -0.10914585  0.47140108] quat=[-3.8058347e-01 -1.4050567e-06 -1.3379299e-06  9.2474657e-01] speed=0.0001 ang_speed=0.0022 ang_vel_vec=[0.00171146 0.00126251 0.00038719] |com_force|=0.0000N
### kotek_magnet[tick=11100] sensor4: d=0.5249m in_range=False f_mag=0.000N tau_mag=0.0000Nm misalign_deg=90.0 pos=[-0.10900005  0.10900016  0.49140227] bottom_world=[-0.10900027  0.10900002  0.47140227] quat=[3.8268220e-01 3.7805294e-06 5.4368375e-06 9.2388016e-01] speed=0.0009 ang_speed=0.0024 ang_vel_vec=[ 0.00165921 -0.00162202 -0.00071061] |com_force|=0.0000N
### kotek_magnet[tick=11160] sensor2: d=0.3208m in_range=False f_mag=0.000N tau_mag=0.0000Nm misalign_deg=90.4 pos=[ 0.10920525 -0.10906579  0.4914702 ] bottom_world=[ 0.10908045 -0.10923162  0.47147126] quat=[ 0.9226749  -0.00502806  0.0012805  -0.38554394] speed=0.1266 ang_speed=1.0735 ang_vel_vec=[ 0.98738986 -0.29206428  0.30355972] |com_force|=0.0000N
### kotek_magnet[tick=11160] sensor3: d=0.5470m in_range=False f_mag=0.000N tau_mag=0.0000Nm misalign_deg=90.0 pos=[-0.10910749 -0.10914621  0.491401  ] bottom_world=[-0.10910745 -0.10914607  0.47140099] quat=[-3.8058382e-01 -2.1589290e-06 -2.9379353e-06  9.2474651e-01] speed=0.0005 ang_speed=0.0029 ang_vel_vec=[ 0.00147163  0.00243716 -0.00054852] |com_force|=0.0000N
### kotek_magnet[tick=11160] sensor4: d=0.5249m in_range=False f_mag=0.000N tau_mag=0.0000Nm misalign_deg=90.0 pos=[-0.10900002  0.10900009  0.49140236] bottom_world=[-0.10900027  0.10899993  0.47140236] quat=[3.8268220e-01 4.2745742e-06 5.9145950e-06 9.2388004e-01] speed=0.0009 ang_speed=0.0054 ang_vel_vec=[ 0.00380703 -0.00368054 -0.00078576] |com_force|=0.0000N
### kotek_magnet[tick=11220] sensor2: d=0.3212m in_range=False f_mag=0.000N tau_mag=0.0000Nm misalign_deg=90.0 pos=[ 0.1094215  -0.11315341  0.4914009 ] bottom_world=[ 0.10942107 -0.11315373  0.4714009 ] quat=[ 9.2834908e-01 -1.1431131e-05  6.9918196e-06 -3.7170967e-01] speed=0.0019 ang_speed=0.0047 ang_vel_vec=[ 0.00277287 -0.00347532  0.00164823] |com_force|=0.0000N
### kotek_magnet[tick=11220] sensor3: d=0.5470m in_range=False f_mag=0.000N tau_mag=0.0000Nm misalign_deg=90.0 pos=[-0.10910818 -0.1091459   0.49140108] bottom_world=[-0.10910794 -0.10914599  0.47140108] quat=[-3.8058391e-01 -4.6625773e-06  4.3862628e-06  9.2474645e-01] speed=0.0010 ang_speed=0.0011 ang_vel_vec=[ 0.0007939   0.00037459 -0.00072579] |com_force|=0.0000N
### kotek_magnet[tick=11220] sensor4: d=0.5249m in_range=False f_mag=0.000N tau_mag=0.0000Nm misalign_deg=90.0 pos=[-0.10900006  0.1090001   0.4914024 ] bottom_world=[-0.10900028  0.10899996  0.47140239] quat=[3.8268217e-01 3.7168579e-06 5.3845511e-06 9.2388010e-01] speed=0.0010 ang_speed=0.0026 ang_vel_vec=[ 0.00182899 -0.00172253 -0.00074822] |com_force|=0.0000N
### kotek_magnet[tick=11280] sensor2: d=0.3173m in_range=False f_mag=0.000N tau_mag=0.0000Nm misalign_deg=89.9 pos=[ 0.11363962 -0.11283564  0.49133015] bottom_world=[ 0.11365722 -0.11287394  0.47133019] quat=[ 9.4703484e-01 -7.6551345e-04 -7.2416203e-04 -3.2112938e-01] speed=0.1046 ang_speed=4.1243 ang_vel_vec=[-3.3794158  1.8877977  1.4232926] |com_force|=0.0000N
### kotek_magnet[tick=11280] sensor3: d=0.5470m in_range=False f_mag=0.000N tau_mag=0.0000Nm misalign_deg=90.0 pos=[-0.10910823 -0.10914581  0.49140114] bottom_world=[-0.10910797 -0.10914594  0.47140114] quat=[-3.8058394e-01 -4.9306377e-06  5.3918034e-06  9.2474633e-01] speed=0.0011 ang_speed=0.0021 ang_vel_vec=[ 0.00160766  0.00106777 -0.00075235] |com_force|=0.0000N
### kotek_magnet[tick=11280] sensor4: d=0.5249m in_range=False f_mag=0.000N tau_mag=0.0000Nm misalign_deg=90.0 pos=[-0.10899998  0.10900009  0.49140227] bottom_world=[-0.10900024  0.10899995  0.47140227] quat=[3.8268232e-01 4.4468352e-06 5.7668913e-06 9.2387998e-01] speed=0.0010 ang_speed=0.0041 ang_vel_vec=[ 0.00302119 -0.00264398 -0.00054951] |com_force|=0.0000N
### kotek_magnet[tick=11340] sensor2: d=0.3064m in_range=False f_mag=0.000N tau_mag=0.0000Nm misalign_deg=89.9 pos=[ 0.12606893 -0.11385069  0.49153048] bottom_world=[ 0.12608694 -0.11368065  0.47153121] quat=[ 9.9128973e-01  4.2731813e-03  1.1339492e-04 -1.3162969e-01] speed=0.0432 ang_speed=2.6945 ang_vel_vec=[-2.1019738  0.9862252 -1.36719  ] |com_force|=0.0000N
### kotek_magnet[tick=11340] sensor3: d=0.5470m in_range=False f_mag=0.000N tau_mag=0.0000Nm misalign_deg=90.0 pos=[-0.10910753 -0.1091461   0.49140105] bottom_world=[-0.10910748 -0.10914597  0.47140105] quat=[-3.8058391e-01 -2.3858354e-06 -2.5205454e-06  9.2474639e-01] speed=0.0005 ang_speed=0.0020 ang_vel_vec=[-0.00163583  0.00081571 -0.00077901] |com_force|=0.0000N
### kotek_magnet[tick=11340] sensor4: d=0.5249m in_range=False f_mag=0.000N tau_mag=0.0000Nm misalign_deg=90.0 pos=[-0.10900007  0.1090002   0.49140236] bottom_world=[-0.10900029  0.10900006  0.47140236] quat=[3.8268206e-01 3.6285626e-06 5.2775322e-06 9.2388016e-01] speed=0.0010 ang_speed=0.0027 ang_vel_vec=[ 0.00181607 -0.00188215 -0.00082649] |com_force|=0.0000N
### kotek_magnet[tick=11400] sensor2: d=0.3025m in_range=False f_mag=0.000N tau_mag=0.0000Nm misalign_deg=90.2 pos=[ 0.12982972 -0.10979363  0.49253097] bottom_world=[ 0.12976767 -0.10905489  0.47254472] quat=[ 0.9991286   0.01840059  0.00224135 -0.03739774] speed=0.1046 ang_speed=6.0612 ang_vel_vec=[ 1.6155463  1.2345519 -5.7099466] |com_force|=0.0000N
### kotek_magnet[tick=11400] sensor3: d=0.5470m in_range=False f_mag=0.000N tau_mag=0.0000Nm misalign_deg=90.0 pos=[-0.10910749 -0.10914617  0.4914011 ] bottom_world=[-0.10910745 -0.10914604  0.47140111] quat=[-3.8058385e-01 -2.3836860e-06 -2.5782415e-06  9.2474645e-01] speed=0.0005 ang_speed=0.0022 ang_vel_vec=[-0.00048448  0.00185835 -0.00107597] |com_force|=0.0000N
### kotek_magnet[tick=11400] sensor4: d=0.5249m in_range=False f_mag=0.000N tau_mag=0.0000Nm misalign_deg=90.0 pos=[-0.10900008  0.10900012  0.49140236] bottom_world=[-0.1090003   0.10899998  0.47140236] quat=[3.8268209e-01 3.7825241e-06 5.5001674e-06 9.2388022e-01] speed=0.0009 ang_speed=0.0032 ang_vel_vec=[ 0.00203616 -0.00218157 -0.00117921] |com_force|=0.0000N
### kotek_magnet[tick=11460] sensor2: d=0.3095m in_range=False f_mag=0.000N tau_mag=0.0000Nm misalign_deg=90.3 pos=[ 0.1298901  -0.10973824  0.50891805] bottom_world=[ 0.12979984 -0.10896304  0.48893328] quat=[ 0.9993656   0.01930779  0.00283346 -0.02979402] speed=0.1103 ang_speed=6.3233 ang_vel_vec=[ 0.67043555  0.41445276 -6.274021  ] |com_force|=0.0000N
### kotek_magnet[tick=11460] sensor3: d=0.5470m in_range=False f_mag=0.000N tau_mag=0.0000Nm misalign_deg=90.0 pos=[-0.10910734 -0.10914587  0.49140093] bottom_world=[-0.10910725 -0.10914583  0.47140093] quat=[-3.8058338e-01 -2.3062960e-06 -9.6082431e-08  9.2474663e-01] speed=0.0001 ang_speed=0.0014 ang_vel_vec=[0.00086646 0.00108337 0.00018803] |com_force|=0.0000N
### kotek_magnet[tick=11460] sensor4: d=0.5249m in_range=False f_mag=0.000N tau_mag=0.0000Nm misalign_deg=90.0 pos=[-0.10900007  0.10900014  0.49140236] bottom_world=[-0.1090003   0.109       0.47140236] quat=[3.8268223e-01 3.8761264e-06 5.4312732e-06 9.2388016e-01] speed=0.0009 ang_speed=0.0030 ang_vel_vec=[ 0.00207111 -0.00200936 -0.00095486] |com_force|=0.0000N
### kotek_magnet[tick=11520] sensor2: d=0.3201m in_range=False f_mag=0.000N tau_mag=0.0000Nm misalign_deg=90.3 pos=[ 0.13021922 -0.11001273  0.5316332 ] bottom_world=[ 0.1301237  -0.10928548  0.51164665] quat=[ 0.99949783  0.01811657  0.00285768 -0.02584063] speed=0.0952 ang_speed=4.9180 ang_vel_vec=[ 0.5811305  0.8546224 -4.808178 ] |com_force|=0.0000N
### kotek_magnet[tick=11520] sensor3: d=0.5470m in_range=False f_mag=0.000N tau_mag=0.0000Nm misalign_deg=90.0 pos=[-0.10910751 -0.10914616  0.4914011 ] bottom_world=[-0.10910746 -0.10914603  0.47140111] quat=[-3.8058385e-01 -2.4534409e-06 -2.4330980e-06  9.2474645e-01] speed=0.0005 ang_speed=0.0021 ang_vel_vec=[-7.7141020e-05  1.9119618e-03 -7.6989224e-04] |com_force|=0.0000N
### kotek_magnet[tick=11520] sensor4: d=0.5249m in_range=False f_mag=0.000N tau_mag=0.0000Nm misalign_deg=90.0 pos=[-0.10900008  0.10900014  0.4914023 ] bottom_world=[-0.10900031  0.10899999  0.4714023 ] quat=[3.8268217e-01 3.9083034e-06 5.5378168e-06 9.2388016e-01] speed=0.0010 ang_speed=0.0031 ang_vel_vec=[ 0.00211957 -0.00206011 -0.00097159] |com_force|=0.0000N
### kotek_magnet[tick=11580] sensor2: d=0.3330m in_range=False f_mag=0.000N tau_mag=0.0000Nm misalign_deg=90.3 pos=[ 0.13071336 -0.11023086  0.5564101 ] bottom_world=[ 0.13059783 -0.10956204  0.53642159] quat=[ 0.9997169   0.01667254  0.00316724 -0.01668137] speed=0.1407 ang_speed=3.9458 ang_vel_vec=[ 1.1944562  -0.16108102 -3.7572346 ] |com_force|=0.0000N
### kotek_magnet[tick=11580] sensor3: d=0.5470m in_range=False f_mag=0.000N tau_mag=0.0000Nm misalign_deg=90.0 pos=[-0.10910755 -0.1091461   0.491401  ] bottom_world=[-0.10910749 -0.10914598  0.47140099] quat=[-3.8058388e-01 -2.4440692e-06 -2.2840484e-06  9.2474651e-01] speed=0.0005 ang_speed=0.0019 ang_vel_vec=[ 2.2541455e-05  1.7989560e-03 -7.1393070e-04] |com_force|=0.0000N
### kotek_magnet[tick=11580] sensor4: d=0.5249m in_range=False f_mag=0.000N tau_mag=0.0000Nm misalign_deg=90.0 pos=[-0.10900004  0.10900015  0.49140227] bottom_world=[-0.10900028  0.109       0.47140227] quat=[3.8268220e-01 4.0382470e-06 5.7038314e-06 9.2388016e-01] speed=0.0009 ang_speed=0.0032 ang_vel_vec=[ 0.0021278  -0.00227895 -0.00084563] |com_force|=0.0000N
### kotek_magnet[tick=11640] sensor2: d=0.3458m in_range=False f_mag=0.000N tau_mag=0.0000Nm misalign_deg=90.3 pos=[ 0.1308799  -0.11064398  0.57843506] bottom_world=[ 0.13076551 -0.11007025  0.55844362] quat=[ 0.99978507  0.01430137  0.00307035 -0.01469344] speed=0.1032 ang_speed=7.2565 ang_vel_vec=[ 3.3628073   0.43924713 -6.4151974 ] |com_force|=0.0000N
### kotek_magnet[tick=11640] sensor3: d=0.5470m in_range=False f_mag=0.000N tau_mag=0.0000Nm misalign_deg=90.0 pos=[-0.10910816 -0.10914584  0.49140102] bottom_world=[-0.10910792 -0.10914593  0.47140102] quat=[-3.8058394e-01 -4.6792438e-06  4.5306292e-06  9.2474645e-01] speed=0.0010 ang_speed=0.0016 ang_vel_vec=[ 0.00109712  0.00052244 -0.00097131] |com_force|=0.0000N
### kotek_magnet[tick=11640] sensor4: d=0.5249m in_range=False f_mag=0.000N tau_mag=0.0000Nm misalign_deg=90.0 pos=[-0.10900006  0.10900016  0.49140236] bottom_world=[-0.10900029  0.10900002  0.47140236] quat=[3.8268209e-01 3.7944421e-06 5.4615398e-06 9.2388010e-01] speed=0.0009 ang_speed=0.0030 ang_vel_vec=[ 0.00208535 -0.00190494 -0.00095606] |com_force|=0.0000N
### kotek_magnet[tick=11700] sensor2: d=0.3462m in_range=False f_mag=0.000N tau_mag=0.0000Nm misalign_deg=90.8 pos=[ 0.1301934  -0.11194149  0.5776403 ] bottom_world=[ 0.12989832 -0.11140786  0.55764959] quat=[ 0.9998706   0.01330411  0.00744636 -0.00514401] speed=0.0789 ang_speed=7.2253 ang_vel_vec=[ 4.5827312  -0.05129257 -5.5858293 ] |com_force|=0.0000N
### kotek_magnet[tick=11700] sensor3: d=0.5470m in_range=False f_mag=0.000N tau_mag=0.0000Nm misalign_deg=90.0 pos=[-0.1091075  -0.10914618  0.49140108] bottom_world=[-0.10910746 -0.10914604  0.47140108] quat=[-3.8058385e-01 -2.3415882e-06 -2.6554931e-06  9.2474645e-01] speed=0.0005 ang_speed=0.0019 ang_vel_vec=[-0.00021334  0.00177051 -0.0007396 ] |com_force|=0.0000N
### kotek_magnet[tick=11700] sensor4: d=0.5249m in_range=False f_mag=0.000N tau_mag=0.0000Nm misalign_deg=90.0 pos=[-0.10900009  0.10900015  0.4914023 ] bottom_world=[-0.10900031  0.10900001  0.4714023 ] quat=[3.8268206e-01 3.7258180e-06 5.3143813e-06 9.2388010e-01] speed=0.0009 ang_speed=0.0027 ang_vel_vec=[ 0.00180882 -0.00180819 -0.00087442] |com_force|=0.0000N
### kotek_magnet[tick=11760] sensor2: d=0.3418m in_range=False f_mag=0.000N tau_mag=0.0000Nm misalign_deg=92.8 pos=[ 0.13032745 -0.12058673  0.5661493 ] bottom_world=[ 0.12934456 -0.12148789  0.5461938 ] quat=[ 0.99811053 -0.02124218  0.02571704  0.05160172] speed=0.0643 ang_speed=5.0153 ang_vel_vec=[ 3.4696605  0.5377625 -3.5812888] |com_force|=0.0000N
### kotek_magnet[tick=11760] sensor3: d=0.5470m in_range=False f_mag=0.000N tau_mag=0.0000Nm misalign_deg=90.0 pos=[-0.10910805 -0.10914578  0.49140093] bottom_world=[-0.10910781 -0.10914589  0.47140093] quat=[-3.8058385e-01 -4.4803405e-06  4.8196689e-06  9.2474645e-01] speed=0.0009 ang_speed=0.0026 ang_vel_vec=[ 0.00178846  0.00178236 -0.00054566] |com_force|=0.0000N
### kotek_magnet[tick=11760] sensor4: d=0.5249m in_range=False f_mag=0.000N tau_mag=0.0000Nm misalign_deg=90.0 pos=[-0.10900033  0.10899948  0.4914023 ] bottom_world=[-0.10900032  0.10899955  0.4714023 ] quat=[ 3.8268232e-01  3.2403349e-07 -1.5946612e-06  9.2388004e-01] speed=0.0004 ang_speed=0.0027 ang_vel_vec=[ 0.00248431  0.00059074 -0.0008301 ] |com_force|=0.0000N
### kotek_magnet[tick=11820] sensor2: d=0.3363m in_range=False f_mag=0.000N tau_mag=0.0000Nm misalign_deg=94.6 pos=[ 0.13172303 -0.1315297   0.55168283] bottom_world=[ 0.13010554 -0.13438668  0.53195413] quat=[ 0.9883971  -0.06588157  0.04941893  0.12762631] speed=0.0635 ang_speed=3.6131 ang_vel_vec=[ 0.7833164   0.02766782 -3.5271084 ] |com_force|=0.0000N
### kotek_magnet[tick=11820] sensor3: d=0.5470m in_range=False f_mag=0.000N tau_mag=0.0000Nm misalign_deg=90.0 pos=[-0.10910817 -0.1091459   0.49140102] bottom_world=[-0.10910794 -0.10914599  0.47140102] quat=[-3.8058400e-01 -4.5530783e-06  4.2890911e-06  9.2474645e-01] speed=0.0010 ang_speed=0.0014 ang_vel_vec=[ 0.00107088  0.00049373 -0.00081586] |com_force|=0.0000N
### kotek_magnet[tick=11820] sensor4: d=0.5249m in_range=False f_mag=0.000N tau_mag=0.0000Nm misalign_deg=90.0 pos=[-0.10900034  0.10899944  0.4914023 ] bottom_world=[-0.10900031  0.1089995   0.4714023 ] quat=[ 3.8268232e-01  4.6324344e-09 -1.6796225e-06  9.2388004e-01] speed=0.0004 ang_speed=0.0029 ang_vel_vec=[ 0.00233954  0.00148792 -0.00080007] |com_force|=0.0000N
### still playing, 1189s left
### kotek_magnet[tick=11880] sensor2: d=0.3298m in_range=False f_mag=0.000N tau_mag=0.0000Nm misalign_deg=95.3 pos=[ 0.1352019  -0.14174774  0.53755194] bottom_world=[ 0.13335331 -0.14670203  0.51826366] quat=[ 0.96885353 -0.11235642  0.0718958   0.20863798] speed=0.0706 ang_speed=4.4658 ang_vel_vec=[ 2.5342996  0.8861153 -3.5686216] |com_force|=0.0000N
### kotek_magnet[tick=11880] sensor3: d=0.5470m in_range=False f_mag=0.000N tau_mag=0.0000Nm misalign_deg=90.0 pos=[-0.10910816 -0.10914587  0.49140108] bottom_world=[-0.10910792 -0.10914595  0.47140108] quat=[-3.8058385e-01 -4.7496942e-06  4.1834601e-06  9.2474645e-01] speed=0.0010 ang_speed=0.0012 ang_vel_vec=[ 0.0008394   0.00064948 -0.00062495] |com_force|=0.0000N
### kotek_magnet[tick=11880] sensor4: d=0.5249m in_range=False f_mag=0.000N tau_mag=0.0000Nm misalign_deg=90.0 pos=[-0.10900006  0.10900009  0.49140227] bottom_world=[-0.10900029  0.10899995  0.47140227] quat=[3.8268214e-01 3.8922931e-06 5.3366066e-06 9.2388010e-01] speed=0.0009 ang_speed=0.0026 ang_vel_vec=[ 0.00177535 -0.00181831 -0.00062298] |com_force|=0.0000N
### kotek_magnet[tick=11940] sensor2: d=0.3223m in_range=False f_mag=0.000N tau_mag=0.0000Nm misalign_deg=94.6 pos=[ 0.14082798 -0.15093218  0.5243685 ] bottom_world=[ 0.1392336  -0.15792988  0.50570064] quat=[ 0.9388273  -0.15785645  0.09156479  0.2920628 ] speed=0.0762 ang_speed=4.4828 ang_vel_vec=[ 2.2370396  0.9805319 -3.7589686] |com_force|=0.0000N
### kotek_magnet[tick=11940] sensor3: d=0.5470m in_range=False f_mag=0.000N tau_mag=0.0000Nm misalign_deg=90.0 pos=[-0.10910818 -0.10914586  0.49140105] bottom_world=[-0.10910793 -0.10914596  0.47140105] quat=[-3.8058406e-01 -4.7456542e-06  4.6267023e-06  9.2474633e-01] speed=0.0010 ang_speed=0.0017 ang_vel_vec=[ 0.00120729  0.00070148 -0.00090269] |com_force|=0.0000N
### kotek_magnet[tick=11940] sensor4: d=0.5249m in_range=False f_mag=0.000N tau_mag=0.0000Nm misalign_deg=90.0 pos=[-0.10899995  0.10899897  0.49140227] bottom_world=[-0.10900003  0.1089991   0.47140227] quat=[ 3.8268295e-01  3.0854048e-06 -2.3497430e-06  9.2387980e-01] speed=0.0006 ang_speed=0.0088 ang_vel_vec=[ 0.00440964 -0.0074929   0.0011856 ] |com_force|=0.0000N
### kotek_magnet[tick=12000] sensor2: d=0.3130m in_range=False f_mag=0.000N tau_mag=0.0000Nm misalign_deg=92.4 pos=[ 0.14897387 -0.15856782  0.5120016 ] bottom_world=[ 0.14815274 -0.16745396  0.49410291] quat=[ 0.89763874 -0.20231411  0.10771435  0.3764458 ] speed=0.0747 ang_speed=4.5564 ang_vel_vec=[ 1.9382439  1.1715412 -3.9536455] |com_force|=0.0000N
### kotek_magnet[tick=12000] sensor3: d=0.5470m in_range=False f_mag=0.000N tau_mag=0.0000Nm misalign_deg=90.0 pos=[-0.10910818 -0.10914591  0.49140108] bottom_world=[-0.10910794 -0.109146    0.47140108] quat=[-3.8058415e-01 -4.6590826e-06  4.2993788e-06  9.2474639e-01] speed=0.0010 ang_speed=0.0014 ang_vel_vec=[ 0.00091843  0.00050004 -0.00086345] |com_force|=0.0000N
### kotek_magnet[tick=12000] sensor4: d=0.5249m in_range=False f_mag=0.000N tau_mag=0.0000Nm misalign_deg=90.0 pos=[-0.10900005  0.10900011  0.4914023 ] bottom_world=[-0.10900028  0.10899996  0.4714023 ] quat=[3.8268223e-01 4.0225777e-06 5.6256158e-06 9.2388016e-01] speed=0.0009 ang_speed=0.0035 ang_vel_vec=[ 0.00240868 -0.00235732 -0.00085974] |com_force|=0.0000N
### kotek_magnet[tick=12060] sensor2: d=0.3019m in_range=False f_mag=0.000N tau_mag=0.0000Nm misalign_deg=88.7 pos=[ 0.1594559  -0.16433722  0.5008338 ] bottom_world=[ 0.1599106  -0.17483025  0.48381354] quat=[ 0.845831   -0.24537203  0.11952323  0.4583413 ] speed=0.0768 ang_speed=4.4841 ang_vel_vec=[ 1.4043162  1.2165523 -4.0810804] |com_force|=0.0000N
### kotek_magnet[tick=12060] sensor3: d=0.5470m in_range=False f_mag=0.000N tau_mag=0.0000Nm misalign_deg=90.0 pos=[-0.10910816 -0.10914588  0.49140105] bottom_world=[-0.10910791 -0.10914597  0.47140105] quat=[-3.8058397e-01 -4.7682493e-06  4.4876051e-06  9.2474645e-01] speed=0.0010 ang_speed=0.0014 ang_vel_vec=[ 0.00099144  0.00059849 -0.00085193] |com_force|=0.0000N
### kotek_magnet[tick=12060] sensor4: d=0.5249m in_range=False f_mag=0.000N tau_mag=0.0000Nm misalign_deg=90.0 pos=[-0.10900004  0.10900015  0.49140233] bottom_world=[-0.10900027  0.109       0.47140233] quat=[3.8268209e-01 3.9634810e-06 5.5509058e-06 9.2388016e-01] speed=0.0009 ang_speed=0.0033 ang_vel_vec=[ 0.00220326 -0.00222476 -0.00089895] |com_force|=0.0000N
### kotek_magnet[tick=12120] sensor2: d=0.2877m in_range=False f_mag=0.000N tau_mag=0.0000Nm misalign_deg=83.6 pos=[ 0.17273696 -0.167455    0.4902831 ] bottom_world=[ 0.17494917 -0.17916812  0.47422355] quat=[ 0.7821199  -0.28707832  0.12687524  0.53830945] speed=0.0859 ang_speed=4.5104 ang_vel_vec=[ 0.9165454  1.0361949 -4.2930446] |com_force|=0.0000N
### kotek_magnet[tick=12120] sensor3: d=0.5470m in_range=False f_mag=0.000N tau_mag=0.0000Nm misalign_deg=90.0 pos=[-0.10910813 -0.10914586  0.49140102] bottom_world=[-0.10910789 -0.10914595  0.47140102] quat=[-3.805840e-01 -4.605941e-06  4.422875e-06  9.247464e-01] speed=0.0009 ang_speed=0.0017 ang_vel_vec=[ 0.00110727  0.00076611 -0.00105701] |com_force|=0.0000N
### kotek_magnet[tick=12120] sensor4: d=0.5249m in_range=False f_mag=0.000N tau_mag=0.0000Nm misalign_deg=90.0 pos=[-0.10900033  0.10899949  0.4914022 ] bottom_world=[-0.10900031  0.10899955  0.47140221] quat=[ 3.8268223e-01  2.9027427e-07 -1.5375226e-06  9.2388004e-01] speed=0.0004 ang_speed=0.0028 ang_vel_vec=[ 0.00254659  0.00058606 -0.00106735] |com_force|=0.0000N
### kotek_magnet[tick=12180] sensor2: d=0.2709m in_range=False f_mag=0.000N tau_mag=0.0000Nm misalign_deg=77.4 pos=[ 0.18815616 -0.16771986  0.48071465] bottom_world=[ 0.19250706 -0.18014177  0.4656559 ] quat=[ 0.7081889  -0.32691428  0.12906736  0.61232114] speed=0.0840 ang_speed=4.5311 ang_vel_vec=[ 0.2845394  0.7745068 -4.45534  ] |com_force|=0.0000N
### kotek_magnet[tick=12180] sensor3: d=0.5470m in_range=False f_mag=0.000N tau_mag=0.0000Nm misalign_deg=90.0 pos=[-0.10910746 -0.10914615  0.491401  ] bottom_world=[-0.10910741 -0.10914602  0.47140099] quat=[-3.8058382e-01 -2.2886627e-06 -2.5970978e-06  9.2474645e-01] speed=0.0004 ang_speed=0.0023 ang_vel_vec=[ 0.00022846  0.00207391 -0.0009689 ] |com_force|=0.0000N
### kotek_magnet[tick=12180] sensor4: d=0.5249m in_range=False f_mag=0.000N tau_mag=0.0000Nm misalign_deg=90.0 pos=[-0.10900033  0.10899921  0.49140218] bottom_world=[-0.10900027  0.10899936  0.47140218] quat=[ 3.8268247e-01  1.7763065e-07 -4.0084510e-06  9.2387992e-01] speed=0.0002 ang_speed=0.0023 ang_vel_vec=[-0.00111112  0.00188174 -0.00064912] |com_force|=0.0000N
### kotek_magnet[tick=12240] sensor2: d=0.2515m in_range=False f_mag=0.000N tau_mag=0.0000Nm misalign_deg=70.4 pos=[ 0.2051212  -0.16457437  0.47216487] bottom_world=[ 0.21183198 -0.17711273  0.45810233] quat=[ 0.62620056 -0.36404222  0.12613353  0.6778175 ] speed=0.0899 ang_speed=4.4823 ang_vel_vec=[-0.19185635  0.24497253 -4.4714885 ] |com_force|=0.0000N
### kotek_magnet[tick=12240] sensor3: d=0.5470m in_range=False f_mag=0.000N tau_mag=0.0000Nm misalign_deg=90.0 pos=[-0.10910811 -0.10914586  0.49140093] bottom_world=[-0.10910787 -0.10914596  0.47140093] quat=[-3.8058406e-01 -4.5723791e-06  4.3751315e-06  9.2474639e-01] speed=0.0009 ang_speed=0.0019 ang_vel_vec=[ 0.0012758   0.00091896 -0.00098316] |com_force|=0.0000N
### kotek_magnet[tick=12240] sensor4: d=0.5249m in_range=False f_mag=0.000N tau_mag=0.0000Nm misalign_deg=90.0 pos=[-0.10900033  0.10899951  0.49140227] bottom_world=[-0.1090003   0.10899958  0.47140227] quat=[ 3.8268217e-01  8.0225583e-08 -1.8276812e-06  9.2388004e-01] speed=0.0004 ang_speed=0.0027 ang_vel_vec=[ 0.00207574  0.00138803 -0.00097141] |com_force|=0.0000N
### kotek_magnet[tick=12300] sensor2: d=0.2290m in_range=False f_mag=0.000N tau_mag=0.0000Nm misalign_deg=62.6 pos=[ 0.22365208 -0.157479    0.46414965] bottom_world=[ 0.23287137 -0.16948949  0.45108241] quat=[ 0.53475773 -0.39924577  0.11799071  0.7353334 ] speed=0.0947 ang_speed=4.5283 ang_vel_vec=[-0.35084027 -0.15984094 -4.5118527 ] |com_force|=0.0000N
### kotek_magnet[tick=12300] sensor3: d=0.5470m in_range=False f_mag=0.000N tau_mag=0.0000Nm misalign_deg=90.0 pos=[-0.10910646 -0.10914593  0.49140105] bottom_world=[-0.10910663 -0.10914574  0.47140105] quat=[-3.8058293e-01  2.2775187e-06 -6.0159914e-06  9.2474687e-01] speed=0.0010 ang_speed=0.0031 ang_vel_vec=[0.00257032 0.00076761 0.00157295] |com_force|=0.0000N
### kotek_magnet[tick=12300] sensor4: d=0.5249m in_range=False f_mag=0.000N tau_mag=0.0000Nm misalign_deg=90.0 pos=[-0.10900031  0.10899948  0.4914023 ] bottom_world=[-0.10900029  0.10899955  0.4714023 ] quat=[ 3.8268235e-01  2.0470038e-07 -1.6120316e-06  9.2388004e-01] speed=0.0004 ang_speed=0.0026 ang_vel_vec=[ 0.00213037  0.00137561 -0.00074618] |com_force|=0.0000N
### kotek_magnet[tick=12360] sensor2: d=0.2032m in_range=False f_mag=0.000N tau_mag=0.0000Nm misalign_deg=54.1 pos=[ 0.24335378 -0.14553256  0.45690733] bottom_world=[ 0.25507314 -0.15633016  0.44482144] quat=[ 0.43557084 -0.43241447  0.10426184  0.782576  ] speed=0.1005 ang_speed=4.5484 ang_vel_vec=[-0.14170694 -0.38162565 -4.5301433 ] |com_force|=0.0000N
### kotek_magnet[tick=12360] sensor3: d=0.5470m in_range=False f_mag=0.000N tau_mag=0.0000Nm misalign_deg=90.0 pos=[-0.10910642 -0.10914589  0.49140105] bottom_world=[-0.1091066  -0.10914571  0.47140105] quat=[-3.8058305e-01  2.3623568e-06 -5.8502887e-06  9.2474681e-01] speed=0.0010 ang_speed=0.0037 ang_vel_vec=[0.00320668 0.00096583 0.00152058] |com_force|=0.0000N
### kotek_magnet[tick=12360] sensor4: d=0.5249m in_range=False f_mag=0.000N tau_mag=0.0000Nm misalign_deg=90.0 pos=[-0.10900033  0.10899955  0.4914023 ] bottom_world=[-0.10900031  0.10899961  0.4714023 ] quat=[ 3.8268220e-01  2.2986271e-07 -1.5051558e-06  9.2388004e-01] speed=0.0004 ang_speed=0.0026 ang_vel_vec=[ 0.00205531  0.00136192 -0.00081408] |com_force|=0.0000N
### kotek_magnet[tick=12420] sensor2: d=0.1757m in_range=False f_mag=0.000N tau_mag=0.0000Nm misalign_deg=45.6 pos=[ 0.26280874 -0.12891258  0.45044768] bottom_world=[ 0.27679012 -0.13787803  0.43930579] quat=[ 0.33291176 -0.46270284  0.08578338  0.8171395 ] speed=0.1073 ang_speed=4.4497 ang_vel_vec=[ 0.20020986 -0.5975276  -4.404805  ] |com_force|=0.0000N
### kotek_magnet[tick=12420] sensor3: d=0.5470m in_range=False f_mag=0.000N tau_mag=0.0000Nm misalign_deg=90.0 pos=[-0.10910666 -0.10914613  0.49140108] bottom_world=[-0.10910684 -0.10914586  0.47140108] quat=[-3.8058320e-01  1.5115114e-06 -7.9291221e-06  9.2474675e-01] speed=0.0007 ang_speed=0.0031 ang_vel_vec=[-0.00298969 -0.00067476  0.00057282] |com_force|=0.0000N
### kotek_magnet[tick=12420] sensor4: d=0.5249m in_range=False f_mag=0.000N tau_mag=0.0000Nm misalign_deg=90.0 pos=[-0.10900004  0.10900015  0.49140224] bottom_world=[-0.10900026  0.10900001  0.47140224] quat=[3.8268203e-01 3.7969203e-06 5.3704175e-06 9.2388016e-01] speed=0.0010 ang_speed=0.0023 ang_vel_vec=[ 0.00152811 -0.00152936 -0.00079158] |com_force|=0.0000N
### kotek_magnet[tick=12480] sensor2: d=0.1477m in_range=False f_mag=0.000N tau_mag=0.0000Nm misalign_deg=37.4 pos=[ 0.28123847 -0.10722329  0.44478697] bottom_world=[ 0.29712982 -0.11378692  0.43457014] quat=[ 0.2276038  -0.49058354  0.06250694  0.83881897] speed=0.1074 ang_speed=4.3853 ang_vel_vec=[ 0.5493476 -0.7627794 -4.283385 ] |com_force|=0.0000N
### kotek_magnet[tick=12480] sensor3: d=0.5470m in_range=False f_mag=0.000N tau_mag=0.0000Nm misalign_deg=90.0 pos=[-0.10910666 -0.10914615  0.49140105] bottom_world=[-0.10910684 -0.10914588  0.47140105] quat=[-3.8058323e-01  1.5765382e-06 -7.9155434e-06  9.2474669e-01] speed=0.0007 ang_speed=0.0030 ang_vel_vec=[-0.00288038 -0.00077754  0.00054481] |com_force|=0.0000N
### kotek_magnet[tick=12480] sensor4: d=0.5249m in_range=False f_mag=0.000N tau_mag=0.0000Nm misalign_deg=90.0 pos=[-0.10900003  0.10900018  0.49140227] bottom_world=[-0.10900025  0.10900004  0.47140227] quat=[3.8268223e-01 3.6200904e-06 5.2946316e-06 9.2388016e-01] speed=0.0010 ang_speed=0.0022 ang_vel_vec=[ 0.00149774 -0.00134001 -0.00081968] |com_force|=0.0000N
### kotek_magnet[tick=12540] sensor2: d=0.1226m in_range=False f_mag=0.000N tau_mag=0.0000Nm misalign_deg=30.1 pos=[ 0.29725525 -0.08120444  0.44002664] bottom_world=[ 0.31455495 -0.08494259  0.43071286] quat=[ 0.12308542 -0.51565754  0.03539315  0.84716856] speed=0.1128 ang_speed=4.4530 ang_vel_vec=[ 0.7799054  -0.90659785 -4.2894177 ] |com_force|=0.0000N
### kotek_magnet[tick=12540] sensor3: d=0.5470m in_range=False f_mag=0.000N tau_mag=0.0000Nm misalign_deg=90.0 pos=[-0.1091064  -0.10914616  0.49140102] bottom_world=[-0.1091066  -0.10914586  0.47140102] quat=[-3.8058320e-01  1.8001579e-06 -8.7022117e-06  9.2474681e-01] speed=0.0009 ang_speed=0.0019 ang_vel_vec=[-0.000671    0.00174551  0.00050024] |com_force|=0.0000N
### kotek_magnet[tick=12540] sensor4: d=0.5249m in_range=False f_mag=0.000N tau_mag=0.0000Nm misalign_deg=90.0 pos=[-0.10900001  0.10900021  0.4914023 ] bottom_world=[-0.10900025  0.10900005  0.4714023 ] quat=[3.8268209e-01 3.9003312e-06 5.8505516e-06 9.2388016e-01] speed=0.0010 ang_speed=0.0028 ang_vel_vec=[ 0.00188488 -0.00170174 -0.00109412] |com_force|=0.0000N
### kotek_magnet[tick=12600] sensor2: d=0.1070m in_range=False f_mag=0.000N tau_mag=0.0000Nm misalign_deg=25.3 pos=[ 0.30896667 -0.05423439  0.43665028] bottom_world=[ 0.32704626 -0.05517452  0.4281506 ] quat=[ 0.03102646 -0.536136    0.00814328  0.843522  ] speed=0.0989 ang_speed=4.5729 ang_vel_vec=[ 1.1647607  -0.99660355 -4.3082876 ] |com_force|=0.0000N
### kotek_magnet[tick=12600] sensor3: d=0.5470m in_range=False f_mag=0.000N tau_mag=0.0000Nm misalign_deg=90.0 pos=[-0.10910666 -0.10914616  0.49140108] bottom_world=[-0.10910683 -0.1091459   0.47140108] quat=[-3.8058332e-01  1.5042338e-06 -7.8418743e-06  9.2474669e-01] speed=0.0007 ang_speed=0.0029 ang_vel_vec=[-0.00277043 -0.00073857  0.00058663] |com_force|=0.0000N
### kotek_magnet[tick=12600] sensor4: d=0.5249m in_range=False f_mag=0.000N tau_mag=0.0000Nm misalign_deg=90.0 pos=[-0.10900003  0.10900014  0.49140224] bottom_world=[-0.10900025  0.10899999  0.47140224] quat=[3.8268206e-01 3.7585232e-06 5.4564230e-06 9.2388016e-01] speed=0.0010 ang_speed=0.0023 ang_vel_vec=[ 0.00160612 -0.0014073  -0.00076938] |com_force|=0.0000N
### kotek_magnet[tick=12660] sensor2: d=0.1036m in_range=False f_mag=0.000N tau_mag=0.0000Nm misalign_deg=25.3 pos=[ 0.30872148 -0.04980528  0.43188307] bottom_world=[ 0.32681001 -0.05022976  0.42336103] quat=[ 0.01545782 -0.53566927  0.0027617   0.84428185] speed=0.0640 ang_speed=4.0344 ang_vel_vec=[ 1.1943117  -0.68523186 -3.7921221 ] |com_force|=0.0000N
### kotek_magnet[tick=12660] sensor3: d=0.5470m in_range=False f_mag=0.000N tau_mag=0.0000Nm misalign_deg=90.0 pos=[-0.10910644 -0.10914595  0.49140108] bottom_world=[-0.10910662 -0.10914576  0.47140108] quat=[-3.8058296e-01  2.3607893e-06 -6.0275142e-06  9.2474687e-01] speed=0.0010 ang_speed=0.0034 ang_vel_vec=[0.00292194 0.0008443  0.00150194] |com_force|=0.0000N
### kotek_magnet[tick=12660] sensor4: d=0.5249m in_range=False f_mag=0.000N tau_mag=0.0000Nm misalign_deg=90.0 pos=[-0.10900033  0.10899952  0.49140233] bottom_world=[-0.10900032  0.10899958  0.47140233] quat=[ 3.8268223e-01  3.3713602e-07 -1.3452409e-06  9.2388010e-01] speed=0.0005 ang_speed=0.0024 ang_vel_vec=[ 0.00198581  0.00102511 -0.00083426] |com_force|=0.0000N
### kotek_magnet[tick=12720] sensor2: d=0.0902m in_range=True f_mag=1.797N tau_mag=0.0018Nm misalign_deg=25.3 pos=[ 0.31589338 -0.0504849   0.41993228] bottom_world=[ 0.3339807  -0.0508495   0.41140491] quat=[ 0.01335861 -0.53554684  0.00232231  0.84439677] speed=0.0678 ang_speed=2.9327 ang_vel_vec=[ 0.49394292 -0.84348315 -2.7650595 ] |com_force|=0.4009N
### kotek_magnet[tick=12720] sensor3: d=0.5470m in_range=False f_mag=0.000N tau_mag=0.0000Nm misalign_deg=90.0 pos=[-0.10910664 -0.10914616  0.49140114] bottom_world=[-0.10910681 -0.10914589  0.47140114] quat=[-3.8058326e-01  1.3993895e-06 -7.7141449e-06  9.2474675e-01] speed=0.0007 ang_speed=0.0026 ang_vel_vec=[-0.00249721 -0.00035166  0.00051058] |com_force|=0.0000N
### kotek_magnet[tick=12720] sensor4: d=0.5249m in_range=False f_mag=0.000N tau_mag=0.0000Nm misalign_deg=90.0 pos=[-0.10900014  0.1089984   0.4914023 ] bottom_world=[-0.10900004  0.1089987   0.4714023 ] quat=[ 3.8268310e-01  7.1947693e-07 -8.0024811e-06  9.2387974e-01] speed=0.0010 ang_speed=0.0021 ang_vel_vec=[-3.2178023e-06 -1.6876659e-03  1.2793626e-03] |com_force|=0.0000N
### kotek_magnet[tick=12780] sensor2: d=0.0680m in_range=True f_mag=1.340N tau_mag=0.0013Nm misalign_deg=24.8 pos=[ 0.32963625 -0.05109485  0.40188304] bottom_world=[ 0.34779865 -0.0513664   0.39351324] quat=[ 0.00921867 -0.5392129   0.00215865  0.84211636] speed=0.0612 ang_speed=3.8239 ang_vel_vec=[ 1.3531526 -1.1422735 -3.389127 ] |com_force|=0.4192N
### kotek_magnet[tick=12780] sensor3: d=0.5470m in_range=False f_mag=0.000N tau_mag=0.0000Nm misalign_deg=90.0 pos=[-0.10910667 -0.10914614  0.4914011 ] bottom_world=[-0.10910684 -0.10914588  0.47140111] quat=[-3.8058326e-01  1.4180449e-06 -7.6614233e-06  9.2474675e-01] speed=0.0007 ang_speed=0.0026 ang_vel_vec=[-0.00255953 -0.00049442  0.00045327] |com_force|=0.0000N
### kotek_magnet[tick=12780] sensor4: d=0.5249m in_range=False f_mag=0.000N tau_mag=0.0000Nm misalign_deg=90.0 pos=[-0.10900036  0.10899866  0.49140233] bottom_world=[-0.10900022  0.10899895  0.47140233] quat=[ 3.8268253e-01 -5.6582661e-07 -8.0330810e-06  9.2387986e-01] speed=0.0006 ang_speed=0.0038 ang_vel_vec=[-0.00127471  0.00361682  0.00034048] |com_force|=0.0000N
### kotek_magnet[tick=12840] sensor2: d=0.0514m in_range=True f_mag=0.998N tau_mag=0.0009Nm misalign_deg=24.2 pos=[ 0.34031025 -0.05151001  0.38854814] bottom_world=[ 0.35854614 -0.05170104  0.38033743] quat=[ 0.006099   -0.5428899   0.00174406  0.83978003] speed=0.0775 ang_speed=3.0824 ang_vel_vec=[ 1.0893524  -0.38732034 -2.8573077 ] |com_force|=0.3426N
### kotek_magnet[tick=12840] sensor3: d=0.5470m in_range=False f_mag=0.000N tau_mag=0.0000Nm misalign_deg=90.0 pos=[-0.10910748 -0.10914608  0.49140102] bottom_world=[-0.10910743 -0.10914595  0.47140102] quat=[-3.8058373e-01 -2.3895245e-06 -2.5014322e-06  9.2474645e-01] speed=0.0004 ang_speed=0.0021 ang_vel_vec=[ 0.00014067  0.00197022 -0.00076028] |com_force|=0.0000N
### kotek_magnet[tick=12840] sensor4: d=0.5249m in_range=False f_mag=0.000N tau_mag=0.0000Nm misalign_deg=90.0 pos=[-0.10900015  0.1089985   0.49140227] bottom_world=[-0.10900006  0.1089988   0.47140227] quat=[ 3.826831e-01  8.064416e-07 -7.806108e-06  9.238797e-01] speed=0.0010 ang_speed=0.0021 ang_vel_vec=[ 0.00016758 -0.00171459  0.00127195] |com_force|=0.0000N
### kotek_magnet[tick=12896]: welded sensor 2 at d=0.0142m misalign_deg=14.6 pos=[ 0.3704322  -0.05027753  0.36495748] wall_pos=[0.425 0.    0.5  ] local_pos1=[-0.0545678  -0.05027753 -0.13504252] quat=[ 0.00307035 -0.61165255 -0.00417643  0.7911096 ]
### kotek_magnet[tick=12900] sensor3: d=0.5470m in_range=False f_mag=0.000N tau_mag=0.0000Nm misalign_deg=90.0 pos=[-0.10910644 -0.10914587  0.49140102] bottom_world=[-0.10910662 -0.10914568  0.47140102] quat=[-3.8058293e-01  2.5003358e-06 -6.2017371e-06  9.2474687e-01] speed=0.0010 ang_speed=0.0031 ang_vel_vec=[0.00265403 0.00046175 0.00148401] |com_force|=0.0000N
### kotek_magnet[tick=12900] sensor4: d=0.5249m in_range=False f_mag=0.000N tau_mag=0.0000Nm misalign_deg=90.0 pos=[-0.10900015  0.10899853  0.49140227] bottom_world=[-0.10900005  0.10899884  0.47140227] quat=[ 3.8268298e-01  5.3657430e-07 -8.0873306e-06  9.2387968e-01] speed=0.0009 ang_speed=0.0014 ang_vel_vec=[-0.00050967 -0.0003991   0.00129022] |com_force|=0.0000N
### kotek_magnet[tick=12960] sensor3: d=0.5470m in_range=False f_mag=0.000N tau_mag=0.0000Nm misalign_deg=90.0 pos=[-0.10910643 -0.10914591  0.49140102] bottom_world=[-0.10910661 -0.10914572  0.47140102] quat=[-3.8058281e-01  2.3978087e-06 -6.0507973e-06  9.2474681e-01] speed=0.0010 ang_speed=0.0031 ang_vel_vec=[0.00265436 0.00061995 0.00147658] |com_force|=0.0000N
### kotek_magnet[tick=12960] sensor4: d=0.5249m in_range=False f_mag=0.000N tau_mag=0.0000Nm misalign_deg=90.0 pos=[-0.1090004   0.10899844  0.4914023 ] bottom_world=[-0.1090002   0.10899877  0.4714023 ] quat=[ 3.8268286e-01 -1.5163844e-06 -9.6660078e-06  9.2387974e-01] speed=0.0009 ang_speed=0.0030 ang_vel_vec=[0.0005612  0.00291946 0.00056423] |com_force|=0.0000N
### kotek_magnet[tick=13020] sensor3: d=0.5470m in_range=False f_mag=0.000N tau_mag=0.0000Nm misalign_deg=90.0 pos=[-0.10910664 -0.10914613  0.49140105] bottom_world=[-0.10910682 -0.10914586  0.47140105] quat=[-3.8058347e-01  1.4717795e-06 -7.8149878e-06  9.2474657e-01] speed=0.0007 ang_speed=0.0027 ang_vel_vec=[-0.00254613 -0.00068756  0.00073518] |com_force|=0.0000N
### kotek_magnet[tick=13020] sensor4: d=0.5249m in_range=False f_mag=0.000N tau_mag=0.0000Nm misalign_deg=90.0 pos=[-0.10900031  0.10899929  0.49140227] bottom_world=[-0.10900027  0.10899943  0.47140227] quat=[ 3.8268247e-01  4.0259488e-07 -3.5031592e-06  9.2387992e-01] speed=0.0001 ang_speed=0.0012 ang_vel_vec=[-0.00022898  0.00118933 -0.00025732] |com_force|=0.0000N
### kotek_magnet[tick=13080] sensor3: d=0.5470m in_range=False f_mag=0.000N tau_mag=0.0000Nm misalign_deg=90.0 pos=[-0.10910723 -0.10914611  0.49140093] bottom_world=[-0.10910726 -0.10914595  0.47140093] quat=[-3.8058355e-01 -8.0556379e-07 -3.9610040e-06  9.2474657e-01] speed=0.0001 ang_speed=0.0004 ang_vel_vec=[-1.0627573e-04  3.6864037e-06 -3.9467914e-04] |com_force|=0.0000N
### kotek_magnet[tick=13080] sensor4: d=0.5249m in_range=False f_mag=0.000N tau_mag=0.0000Nm misalign_deg=90.0 pos=[-0.109       0.10900018  0.49140236] bottom_world=[-0.10900023  0.10900004  0.47140236] quat=[3.8268217e-01 3.7823518e-06 5.5393234e-06 9.2388010e-01] speed=0.0010 ang_speed=0.0024 ang_vel_vec=[ 0.0016596  -0.00145723 -0.00083905] |com_force|=0.0000N
### kotek_magnet[tick=13140] sensor3: d=0.5470m in_range=False f_mag=0.000N tau_mag=0.0000Nm misalign_deg=90.0 pos=[-0.10910748 -0.10914611  0.49140105] bottom_world=[-0.10910743 -0.10914599  0.47140105] quat=[-3.8058373e-01 -2.3497466e-06 -2.3904054e-06  9.2474651e-01] speed=0.0004 ang_speed=0.0023 ang_vel_vec=[-0.0001306   0.00213835 -0.00071594] |com_force|=0.0000N
### kotek_magnet[tick=13140] sensor4: d=0.5249m in_range=False f_mag=0.000N tau_mag=0.0000Nm misalign_deg=90.0 pos=[-0.10900015  0.10899846  0.49140227] bottom_world=[-0.10900005  0.10899877  0.47140227] quat=[ 3.8268298e-01  5.1441663e-07 -8.3228842e-06  9.2387974e-01] speed=0.0010 ang_speed=0.0018 ang_vel_vec=[-0.00048247 -0.00104997  0.00133966] |com_force|=0.0000N
### kotek_magnet[tick=13200] sensor3: d=0.5470m in_range=False f_mag=0.000N tau_mag=0.0000Nm misalign_deg=90.0 pos=[-0.10910747 -0.10914613  0.49140114] bottom_world=[-0.10910742 -0.10914601  0.47140114] quat=[-3.8058382e-01 -2.4330345e-06 -2.2954368e-06  9.2474645e-01] speed=0.0004 ang_speed=0.0023 ang_vel_vec=[-3.9012662e-05  2.2060196e-03 -7.3559338e-04] |com_force|=0.0000N
### kotek_magnet[tick=13200] sensor4: d=0.5249m in_range=False f_mag=0.000N tau_mag=0.0000Nm misalign_deg=90.0 pos=[-0.10900041  0.10899838  0.49140236] bottom_world=[-0.1090002   0.10899872  0.47140236] quat=[ 3.8268286e-01 -1.4811645e-06 -9.8623032e-06  9.2387980e-01] speed=0.0009 ang_speed=0.0036 ang_vel_vec=[0.00010483 0.00353205 0.00058404] |com_force|=0.0000N
### kotek_magnet[tick=13260] sensor3: d=0.5470m in_range=False f_mag=0.000N tau_mag=0.0000Nm misalign_deg=90.0 pos=[-0.10910814 -0.10914586  0.49140102] bottom_world=[-0.10910789 -0.10914597  0.47140102] quat=[-3.8058397e-01 -4.7770773e-06  4.7460835e-06  9.2474639e-01] speed=0.0009 ang_speed=0.0020 ang_vel_vec=[ 0.001465    0.0011102  -0.00081698] |com_force|=0.0000N
### kotek_magnet[tick=13260] sensor4: d=0.5249m in_range=False f_mag=0.000N tau_mag=0.0000Nm misalign_deg=90.0 pos=[-0.10900018  0.10899836  0.49140227] bottom_world=[-0.10900005  0.1089987   0.47140227] quat=[ 3.8268310e-01  2.1302989e-07 -9.0363210e-06  9.2387968e-01] speed=0.0010 ang_speed=0.0017 ang_vel_vec=[-0.00110094 -0.00012207  0.00133223] |com_force|=0.0000N
### kotek_magnet[tick=13320] sensor3: d=0.5470m in_range=False f_mag=0.000N tau_mag=0.0000Nm misalign_deg=90.0 pos=[-0.10910746 -0.1091461   0.49140105] bottom_world=[-0.10910742 -0.10914598  0.47140105] quat=[-3.8058388e-01 -2.3370405e-06 -2.4370117e-06  9.2474651e-01] speed=0.0004 ang_speed=0.0021 ang_vel_vec=[-0.00035718  0.00204639 -0.00046076] |com_force|=0.0000N
### kotek_magnet[tick=13320] sensor4: d=0.5249m in_range=False f_mag=0.000N tau_mag=0.0000Nm misalign_deg=90.0 pos=[-0.10900016  0.10899846  0.49140242] bottom_world=[-0.10900005  0.10899878  0.47140242] quat=[ 3.8268310e-01  4.0999873e-07 -8.5280790e-06  9.2387968e-01] speed=0.0010 ang_speed=0.0019 ang_vel_vec=[-0.00078294 -0.00062595  0.00158512] |com_force|=0.0000N
### kotek_magnet[tick=13380] sensor3: d=0.5470m in_range=False f_mag=0.000N tau_mag=0.0000Nm misalign_deg=90.0 pos=[-0.10910645 -0.10914595  0.49140096] bottom_world=[-0.10910663 -0.10914576  0.47140096] quat=[-3.8058302e-01  2.3849636e-06 -6.2380468e-06  9.2474687e-01] speed=0.0010 ang_speed=0.0028 ang_vel_vec=[0.00238357 0.00057012 0.00140305] |com_force|=0.0000N
### kotek_magnet[tick=13380] sensor4: d=0.5249m in_range=False f_mag=0.000N tau_mag=0.0000Nm misalign_deg=90.0 pos=[-0.10900012  0.10899922  0.4914023 ] bottom_world=[-0.10900017  0.10899932  0.4714023 ] quat=[ 3.8268244e-01  2.1110611e-06 -1.7708146e-06  9.2387992e-01] speed=0.0002 ang_speed=0.0024 ang_vel_vec=[ 1.2371235e-03 -2.0696530e-03  1.3741014e-05] |com_force|=0.0000N
### kotek_magnet[tick=13440] sensor3: d=0.5470m in_range=False f_mag=0.000N tau_mag=0.0000Nm misalign_deg=90.0 pos=[-0.10910641 -0.10914592  0.49140096] bottom_world=[-0.10910659 -0.10914573  0.47140096] quat=[-3.8058308e-01  2.3771495e-06 -6.0233451e-06  9.2474681e-01] speed=0.0010 ang_speed=0.0033 ang_vel_vec=[0.00281926 0.00077649 0.00147904] |com_force|=0.0000N
### kotek_magnet[tick=13440] sensor4: d=0.5249m in_range=False f_mag=0.000N tau_mag=0.0000Nm misalign_deg=90.0 pos=[-0.10900003  0.10900018  0.4914024 ] bottom_world=[-0.10900027  0.10900002  0.47140239] quat=[3.8268214e-01 3.9199786e-06 5.7965358e-06 9.2388016e-01] speed=0.0009 ang_speed=0.0031 ang_vel_vec=[ 0.00220669 -0.00204044 -0.00087855] |com_force|=0.0000N
### kotek_magnet[tick=13500] sensor3: d=0.5470m in_range=False f_mag=0.000N tau_mag=0.0000Nm misalign_deg=90.0 pos=[-0.10910641 -0.10914594  0.4914011 ] bottom_world=[-0.1091066  -0.10914575  0.47140111] quat=[-3.8058311e-01  2.3833429e-06 -6.1394799e-06  9.2474675e-01] speed=0.0010 ang_speed=0.0030 ang_vel_vec=[0.00247824 0.00058415 0.00155437] |com_force|=0.0000N
### kotek_magnet[tick=13500] sensor4: d=0.5249m in_range=False f_mag=0.000N tau_mag=0.0000Nm misalign_deg=90.0 pos=[-0.10900032  0.10899951  0.4914023 ] bottom_world=[-0.10900031  0.10899957  0.4714023 ] quat=[ 3.8268223e-01  3.0100009e-07 -1.5074697e-06  9.2388004e-01] speed=0.0004 ang_speed=0.0026 ang_vel_vec=[ 0.00239322  0.00082555 -0.00077628] |com_force|=0.0000N
### kotek_magnet[tick=13560] sensor3: d=0.5470m in_range=False f_mag=0.000N tau_mag=0.0000Nm misalign_deg=90.0 pos=[-0.10910725 -0.10914584  0.49140108] bottom_world=[-0.10910722 -0.10914581  0.47140108] quat=[-3.8058323e-01 -9.5750568e-07 -4.9070434e-07  9.2474675e-01] speed=0.0002 ang_speed=0.0060 ang_vel_vec=[0.0051308  0.00300975 0.00044258] |com_force|=0.0000N
### kotek_magnet[tick=13560] sensor4: d=0.5249m in_range=False f_mag=0.000N tau_mag=0.0000Nm misalign_deg=90.0 pos=[-0.10900002  0.10900015  0.4914024 ] bottom_world=[-0.10900026  0.10899999  0.47140239] quat=[3.8268209e-01 4.1243225e-06 5.9254530e-06 9.2388010e-01] speed=0.0009 ang_speed=0.0033 ang_vel_vec=[ 0.00220487 -0.00232044 -0.00081252] |com_force|=0.0000N
### still playing, 1159s left
### kotek_magnet[tick=13620] sensor3: d=0.5470m in_range=False f_mag=0.000N tau_mag=0.0000Nm misalign_deg=90.0 pos=[-0.10910664 -0.10914613  0.49140105] bottom_world=[-0.10910682 -0.10914586  0.47140105] quat=[-3.8058326e-01  1.4389231e-06 -7.8845951e-06  9.2474663e-01] speed=0.0007 ang_speed=0.0030 ang_vel_vec=[-0.00283089 -0.0005894   0.00060503] |com_force|=0.0000N
### kotek_magnet[tick=13620] sensor4: d=0.5249m in_range=False f_mag=0.000N tau_mag=0.0000Nm misalign_deg=90.0 pos=[-0.10900019  0.1089984   0.49140236] bottom_world=[-0.10900008  0.10899872  0.47140236] quat=[ 3.8268313e-01  4.3888119e-07 -8.6435593e-06  9.2387968e-01] speed=0.0010 ang_speed=0.0019 ang_vel_vec=[-0.0004087  -0.00130533  0.00137543] |com_force|=0.0000N
### kotek_magnet[tick=13680] sensor3: d=0.5470m in_range=False f_mag=0.000N tau_mag=0.0000Nm misalign_deg=90.0 pos=[-0.10910641 -0.10914616  0.49140108] bottom_world=[-0.1091066  -0.10914587  0.47140108] quat=[-3.8058299e-01  1.6057232e-06 -8.6368991e-06  9.2474675e-01] speed=0.0009 ang_speed=0.0023 ang_vel_vec=[-0.00047388  0.00210724  0.00067572] |com_force|=0.0000N
### kotek_magnet[tick=13680] sensor4: d=0.5249m in_range=False f_mag=0.000N tau_mag=0.0000Nm misalign_deg=90.0 pos=[-0.10900022  0.10899841  0.49140233] bottom_world=[-0.1090001   0.10899874  0.47140233] quat=[ 3.8268298e-01  4.2984902e-07 -8.6360587e-06  9.2387968e-01] speed=0.0010 ang_speed=0.0021 ang_vel_vec=[-0.00021794 -0.00167626  0.00116521] |com_force|=0.0000N
### kotek_magnet[tick=13740] sensor3: d=0.5470m in_range=False f_mag=0.000N tau_mag=0.0000Nm misalign_deg=90.0 pos=[-0.10910644 -0.10914594  0.4914011 ] bottom_world=[-0.10910661 -0.10914575  0.47140111] quat=[-3.8058296e-01  2.1692033e-06 -5.9314880e-06  9.2474681e-01] speed=0.0010 ang_speed=0.0032 ang_vel_vec=[0.00261043 0.00085602 0.00157442] |com_force|=0.0000N
### kotek_magnet[tick=13740] sensor4: d=0.5249m in_range=False f_mag=0.000N tau_mag=0.0000Nm misalign_deg=90.0 pos=[-0.10900018  0.10899843  0.4914024 ] bottom_world=[-0.10900007  0.10899876  0.47140239] quat=[ 3.8268298e-01  5.1818620e-07 -8.6165201e-06  9.2387968e-01] speed=0.0011 ang_speed=0.0022 ang_vel_vec=[-0.00028303 -0.0017092   0.00137275] |com_force|=0.0000N
### kotek_magnet[tick=13800] sensor3: d=0.5470m in_range=False f_mag=0.000N tau_mag=0.0000Nm misalign_deg=90.0 pos=[-0.10910645 -0.10914595  0.4914011 ] bottom_world=[-0.10910662 -0.10914577  0.47140111] quat=[-3.8058293e-01  2.1866019e-06 -5.8821151e-06  9.2474681e-01] speed=0.0010 ang_speed=0.0029 ang_vel_vec=[0.00227754 0.00065872 0.00161624] |com_force|=0.0000N
### kotek_magnet[tick=13800] sensor4: d=0.5249m in_range=False f_mag=0.000N tau_mag=0.0000Nm misalign_deg=90.0 pos=[-0.10900017  0.10899841  0.49140236] bottom_world=[-0.10900005  0.10899874  0.47140236] quat=[ 3.8268307e-01  4.5229970e-07 -8.6642149e-06  9.2387974e-01] speed=0.0011 ang_speed=0.0022 ang_vel_vec=[-0.0003173  -0.00159663  0.0014127 ] |com_force|=0.0000N
### kotek_magnet[tick=13860] sensor3: d=0.5470m in_range=False f_mag=0.000N tau_mag=0.0000Nm misalign_deg=90.0 pos=[-0.10910643 -0.10914598  0.49140114] bottom_world=[-0.1091066  -0.10914579  0.47140114] quat=[-3.8058299e-01  2.1993606e-06 -5.8668647e-06  9.2474687e-01] speed=0.0010 ang_speed=0.0034 ang_vel_vec=[0.00289085 0.00087797 0.00159096] |com_force|=0.0000N
### kotek_magnet[tick=13860] sensor4: d=0.5249m in_range=False f_mag=0.000N tau_mag=0.0000Nm misalign_deg=90.0 pos=[-0.10900021  0.10899836  0.49140245] bottom_world=[-0.10900009  0.10899869  0.47140245] quat=[ 3.8268313e-01  4.5542538e-07 -8.7448843e-06  9.2387974e-01] speed=0.0010 ang_speed=0.0019 ang_vel_vec=[-0.00049543 -0.00122952  0.00137711] |com_force|=0.0000N
### kotek_magnet[tick=13920] sensor3: d=0.5470m in_range=False f_mag=0.000N tau_mag=0.0000Nm misalign_deg=90.0 pos=[-0.10910645 -0.10914595  0.4914011 ] bottom_world=[-0.10910662 -0.10914576  0.47140111] quat=[-3.805828e-01  2.229948e-06 -5.900896e-06  9.247468e-01] speed=0.0010 ang_speed=0.0031 ang_vel_vec=[0.00258212 0.0007504  0.0015101 ] |com_force|=0.0000N
### kotek_magnet[tick=13920] sensor4: d=0.5249m in_range=False f_mag=0.000N tau_mag=0.0000Nm misalign_deg=90.0 pos=[-0.10900018  0.10899836  0.49140248] bottom_world=[-0.10900006  0.10899869  0.47140248] quat=[ 3.8268310e-01  4.3159315e-07 -8.6757300e-06  9.2387968e-01] speed=0.0010 ang_speed=0.0019 ang_vel_vec=[-0.00038686 -0.00128136  0.00129658] |com_force|=0.0000N
### kotek_magnet[tick=13980] sensor3: d=0.5470m in_range=False f_mag=0.000N tau_mag=0.0000Nm misalign_deg=90.0 pos=[-0.10910644 -0.10914595  0.49140105] bottom_world=[-0.10910662 -0.10914577  0.47140105] quat=[-3.8058287e-01  2.1737569e-06 -5.9918252e-06  9.2474681e-01] speed=0.0010 ang_speed=0.0029 ang_vel_vec=[0.00224542 0.00061026 0.0017073 ] |com_force|=0.0000N
### kotek_magnet[tick=13980] sensor4: d=0.5249m in_range=False f_mag=0.000N tau_mag=0.0000Nm misalign_deg=90.0 pos=[-0.10900019  0.10899837  0.49140236] bottom_world=[-0.10900007  0.1089987   0.47140236] quat=[ 3.8268316e-01  4.0842122e-07 -8.7144326e-06  9.2387974e-01] speed=0.0010 ang_speed=0.0020 ang_vel_vec=[-0.0004244  -0.00125072  0.00149005] |com_force|=0.0000N
### kotek_magnet[tick=14040] sensor3: d=0.5470m in_range=False f_mag=0.000N tau_mag=0.0000Nm misalign_deg=90.0 pos=[-0.1091065  -0.10914595  0.491401  ] bottom_world=[-0.10910666 -0.10914577  0.47140099] quat=[-3.8058287e-01  2.1619535e-06 -5.7172374e-06  9.2474681e-01] speed=0.0009 ang_speed=0.0031 ang_vel_vec=[0.00258564 0.0006369  0.00156764] |com_force|=0.0000N
### kotek_magnet[tick=14040] sensor4: d=0.5249m in_range=False f_mag=0.000N tau_mag=0.0000Nm misalign_deg=90.0 pos=[-0.10900039  0.10899862  0.4914024 ] bottom_world=[-0.10900024  0.10899892  0.47140239] quat=[ 3.8268280e-01 -6.1131914e-07 -8.3559262e-06  9.2387986e-01] speed=0.0007 ang_speed=0.0046 ang_vel_vec=[-0.00164604  0.0042258   0.00049659] |com_force|=0.0000N
### kotek_magnet[tick=14100] sensor3: d=0.5470m in_range=False f_mag=0.000N tau_mag=0.0000Nm misalign_deg=90.0 pos=[-0.10910641 -0.10914593  0.49140105] bottom_world=[-0.10910659 -0.10914573  0.47140105] quat=[-3.8058275e-01  2.4075553e-06 -6.4905880e-06  9.2474681e-01] speed=0.0010 ang_speed=0.0024 ang_vel_vec=[0.00157577 0.00017644 0.00175394] |com_force|=0.0000N
### kotek_magnet[tick=14100] sensor4: d=0.5249m in_range=False f_mag=0.000N tau_mag=0.0000Nm misalign_deg=90.0 pos=[-0.10900021  0.10899843  0.4914023 ] bottom_world=[-0.1090001   0.10899875  0.4714023 ] quat=[ 3.8268310e-01  4.9944447e-07 -8.3162631e-06  9.2387974e-01] speed=0.0010 ang_speed=0.0021 ang_vel_vec=[-0.00031452 -0.00140898  0.00152458] |com_force|=0.0000N
### kotek_magnet[tick=14160] sensor3: d=0.5470m in_range=False f_mag=0.000N tau_mag=0.0000Nm misalign_deg=90.0 pos=[-0.10910647 -0.10914593  0.491401  ] bottom_world=[-0.10910664 -0.10914574  0.47140099] quat=[-3.8058284e-01  2.2094735e-06 -5.9778768e-06  9.2474681e-01] speed=0.0009 ang_speed=0.0028 ang_vel_vec=[0.00227392 0.00060225 0.00145809] |com_force|=0.0000N
### kotek_magnet[tick=14160] sensor4: d=0.5249m in_range=False f_mag=0.000N tau_mag=0.0000Nm misalign_deg=90.0 pos=[-0.10900037  0.10899869  0.4914023 ] bottom_world=[-0.10900022  0.10899899  0.4714023 ] quat=[ 3.8268277e-01 -5.8134680e-07 -8.3278073e-06  9.2387986e-01] speed=0.0007 ang_speed=0.0044 ang_vel_vec=[-0.00155721  0.00411538  0.00036288] |com_force|=0.0000N
### kotek_magnet[tick=14220] sensor3: d=0.5470m in_range=False f_mag=0.000N tau_mag=0.0000Nm misalign_deg=90.0 pos=[-0.10910672 -0.10914616  0.49140105] bottom_world=[-0.10910689 -0.10914589  0.47140105] quat=[-3.8058320e-01  1.3622554e-06 -8.0327936e-06  9.2474669e-01] speed=0.0006 ang_speed=0.0028 ang_vel_vec=[-0.00267867 -0.00047391  0.00067931] |com_force|=0.0000N
### kotek_magnet[tick=14220] sensor4: d=0.5249m in_range=False f_mag=0.000N tau_mag=0.0000Nm misalign_deg=90.0 pos=[-0.1090002   0.10899842  0.4914024 ] bottom_world=[-0.10900008  0.10899874  0.47140239] quat=[ 3.8268313e-01  3.7380553e-07 -8.6010859e-06  9.2387968e-01] speed=0.0010 ang_speed=0.0017 ang_vel_vec=[-0.00056557 -0.00073494  0.0014732 ] |com_force|=0.0000N
### kotek_magnet[tick=14280] sensor3: d=0.5485m in_range=False f_mag=0.000N tau_mag=0.0000Nm misalign_deg=80.7 pos=[-0.11300755 -0.10478946  0.49223745] bottom_world=[-0.10976239 -0.11056799  0.47336743] quat=[-0.37997714 -0.01945139  0.16694671  0.90959764] speed=0.3921 ang_speed=7.2005 ang_vel_vec=[5.528857  4.3347015 1.577744 ] |com_force|=0.0000N
### kotek_magnet[tick=14280] sensor4: d=0.5249m in_range=False f_mag=0.000N tau_mag=0.0000Nm misalign_deg=90.0 pos=[-0.10899995  0.10899906  0.49140242] bottom_world=[-0.109       0.10899919  0.47140242] quat=[ 3.8268301e-01  2.5816091e-06 -2.4198614e-06  9.2387980e-01] speed=0.0006 ang_speed=0.0086 ang_vel_vec=[ 0.00356054 -0.00775866  0.0013916 ] |com_force|=0.0000N
### kotek_magnet[tick=14340] sensor3: d=0.5492m in_range=False f_mag=0.000N tau_mag=0.0000Nm misalign_deg=83.3 pos=[-0.1108398  -0.11349231  0.49411285] bottom_world=[-0.10851551 -0.11601514  0.47440922] quat=[-0.3624592  -0.03129581  0.08018636  0.92801625] speed=0.0118 ang_speed=0.2074 ang_vel_vec=[ 0.12694736  0.14881389 -0.06883472] |com_force|=0.0000N
### kotek_magnet[tick=14340] sensor4: d=0.5249m in_range=False f_mag=0.000N tau_mag=0.0000Nm misalign_deg=90.0 pos=[-0.10900036  0.10899956  0.49140227] bottom_world=[-0.10900036  0.10899961  0.47140227] quat=[ 3.8268223e-01  6.5286440e-07 -1.2635082e-06  9.2388010e-01] speed=0.0005 ang_speed=0.0031 ang_vel_vec=[ 0.00293136 -0.00059626 -0.00066166] |com_force|=0.0000N
### kotek_magnet[tick=14400] sensor3: d=0.5609m in_range=False f_mag=0.000N tau_mag=0.0000Nm misalign_deg=88.8 pos=[-0.12298654 -0.11213607  0.4923012 ] bottom_world=[-0.12257173 -0.11310976  0.47232922] quat=[-0.19287884 -0.00548068  0.02589466  0.9808656 ] speed=0.0904 ang_speed=8.1700 ang_vel_vec=[-2.6848972 -0.9730069  7.6546392] |com_force|=0.0000N
### kotek_magnet[tick=14400] sensor4: d=0.5249m in_range=False f_mag=0.000N tau_mag=0.0000Nm misalign_deg=90.0 pos=[-0.10900034  0.10899948  0.49140224] bottom_world=[-0.10900033  0.10899955  0.47140224] quat=[ 3.8268220e-01  2.9311587e-07 -1.5920928e-06  9.2388004e-01] speed=0.0004 ang_speed=0.0022 ang_vel_vec=[ 0.00182072  0.00089206 -0.00079442] |com_force|=0.0000N
### kotek_magnet[tick=14460] sensor3: d=0.5641m in_range=False f_mag=0.000N tau_mag=0.0000Nm misalign_deg=90.0 pos=[-0.12726995 -0.1094423   0.49139237] bottom_world=[-0.12726606 -0.10941324  0.4713924 ] quat=[-1.0142612e-01 -1.7048688e-04 -7.1280194e-04  9.9484289e-01] speed=0.0865 ang_speed=4.2377 ang_vel_vec=[-1.4922332 -0.0221639  3.9662216] |com_force|=0.0000N
### kotek_magnet[tick=14460] sensor4: d=0.5249m in_range=False f_mag=0.000N tau_mag=0.0000Nm misalign_deg=90.0 pos=[-0.10900036  0.10899953  0.49140233] bottom_world=[-0.10900035  0.10899958  0.47140233] quat=[ 3.8268229e-01  3.4731991e-07 -1.3958543e-06  9.2388010e-01] speed=0.0005 ang_speed=0.0023 ang_vel_vec=[ 0.00184679  0.00102574 -0.00087342] |com_force|=0.0000N
### kotek_magnet[tick=14520] sensor3: d=0.5664m in_range=False f_mag=0.000N tau_mag=0.0000Nm misalign_deg=90.7 pos=[-0.12957549 -0.10559568  0.49693665] bottom_world=[-0.12981291 -0.10500071  0.47694691] quat=[-0.04477422  0.00526422 -0.01512691  0.9988688 ] speed=0.1503 ang_speed=8.7609 ang_vel_vec=[2.9074852 1.4738439 8.13191  ] |com_force|=0.0000N
### kotek_magnet[tick=14520] sensor4: d=0.5249m in_range=False f_mag=0.000N tau_mag=0.0000Nm misalign_deg=90.0 pos=[-0.10900006  0.10900015  0.49140218] bottom_world=[-0.10900029  0.109       0.47140218] quat=[3.8268220e-01 3.8054709e-06 5.6264071e-06 9.2388016e-01] speed=0.0009 ang_speed=0.0030 ang_vel_vec=[ 0.0020448  -0.00201665 -0.00081734] |com_force|=0.0000N
### kotek_magnet[tick=14580] sensor3: d=0.5711m in_range=False f_mag=0.000N tau_mag=0.0000Nm misalign_deg=91.9 pos=[-0.12909412 -0.10481405  0.5172051 ] bottom_world=[-0.12976537 -0.1043929   0.49722082] quat=[-0.00855485  0.01669378 -0.01067384  0.9997671 ] speed=0.0943 ang_speed=3.4757 ang_vel_vec=[-0.74236137 -1.2622381   3.152154  ] |com_force|=0.0000N
### kotek_magnet[tick=14580] sensor4: d=0.5249m in_range=False f_mag=0.000N tau_mag=0.0000Nm misalign_deg=90.0 pos=[-0.10900006  0.10900012  0.4914022 ] bottom_world=[-0.1090003   0.10899997  0.47140221] quat=[3.8268209e-01 3.9750453e-06 5.6039130e-06 9.2388010e-01] speed=0.0009 ang_speed=0.0033 ang_vel_vec=[ 0.00216103 -0.00226278 -0.00090101] |com_force|=0.0000N
### kotek_magnet[tick=14640] sensor3: d=0.5776m in_range=False f_mag=0.000N tau_mag=0.0000Nm misalign_deg=92.0 pos=[-0.12893723 -0.10544066  0.54041946] bottom_world=[-0.12962704 -0.10503897  0.5204354 ] quat=[-0.00597393  0.01718844 -0.01014723  0.999783  ] speed=0.0818 ang_speed=5.0708 ang_vel_vec=[-1.9404107  -0.56776816  4.6503134 ] |com_force|=0.0000N
### kotek_magnet[tick=14640] sensor4: d=0.5249m in_range=False f_mag=0.000N tau_mag=0.0000Nm misalign_deg=90.0 pos=[-0.10900037  0.10899953  0.49140233] bottom_world=[-0.10900036  0.10899959  0.47140233] quat=[ 3.8268226e-01  2.9558939e-07 -1.4736361e-06  9.2387998e-01] speed=0.0004 ang_speed=0.0028 ang_vel_vec=[ 0.00251139  0.00067589 -0.00090802] |com_force|=0.0000N
### kotek_magnet[tick=14700] sensor3: d=0.5858m in_range=False f_mag=0.000N tau_mag=0.0000Nm misalign_deg=92.0 pos=[-0.12877236 -0.10619186  0.5661785 ] bottom_world=[-0.12948107 -0.10583352  0.54619427] quat=[-0.00364843  0.01768832 -0.00902474  0.99979615] speed=0.0820 ang_speed=5.1335 ang_vel_vec=[-1.6097394  -0.76166755  4.8147173 ] |com_force|=0.0000N
### kotek_magnet[tick=14700] sensor4: d=0.5249m in_range=False f_mag=0.000N tau_mag=0.0000Nm misalign_deg=90.0 pos=[-0.10900007  0.10900015  0.4914024 ] bottom_world=[-0.1090003   0.10900001  0.47140239] quat=[3.8268209e-01 3.8473740e-06 5.5259334e-06 9.2388010e-01] speed=0.0009 ang_speed=0.0029 ang_vel_vec=[ 0.00199727 -0.00192702 -0.00091977] |com_force|=0.0000N
### kotek_magnet[tick=14760] sensor3: d=0.5914m in_range=False f_mag=0.000N tau_mag=0.0000Nm misalign_deg=92.1 pos=[-0.12862042 -0.10647182  0.5824471 ] bottom_world=[-0.12933715 -0.10612857  0.56246291] quat=[ 3.5009813e-05  1.7922116e-02 -8.5823312e-03  9.9980253e-01] speed=0.0353 ang_speed=2.8486 ang_vel_vec=[-1.1148407  -0.23508789  2.610814  ] |com_force|=0.0000N
### kotek_magnet[tick=14760] sensor4: d=0.5249m in_range=False f_mag=0.000N tau_mag=0.0000Nm misalign_deg=90.0 pos=[-0.10900036  0.10899951  0.49140227] bottom_world=[-0.10900034  0.10899958  0.47140227] quat=[ 3.8268229e-01  1.3335078e-07 -1.7081875e-06  9.2388004e-01] speed=0.0004 ang_speed=0.0027 ang_vel_vec=[ 0.00215449  0.0013349  -0.00084687] |com_force|=0.0000N
### kotek_magnet[tick=14820] sensor3: d=0.5873m in_range=False f_mag=0.000N tau_mag=0.0000Nm misalign_deg=91.3 pos=[-0.12447774 -0.11329794  0.57693315] bottom_world=[-0.12494635 -0.11301817  0.55694059] quat=[-0.00322385  0.01169376 -0.00703256  0.9999017 ] speed=0.0751 ang_speed=3.2509 ang_vel_vec=[-1.682094  -1.1303728  2.541901 ] |com_force|=0.0000N
### kotek_magnet[tick=14820] sensor4: d=0.5249m in_range=False f_mag=0.000N tau_mag=0.0000Nm misalign_deg=90.0 pos=[-0.10900036  0.10899946  0.49140227] bottom_world=[-0.10900034  0.10899952  0.47140227] quat=[ 3.8268244e-01  1.5099997e-07 -1.6381125e-06  9.2388004e-01] speed=0.0004 ang_speed=0.0027 ang_vel_vec=[ 0.00226249  0.00126602 -0.00072512] |com_force|=0.0000N
### kotek_magnet[tick=14880] sensor3: d=0.5734m in_range=False f_mag=0.000N tau_mag=0.0000Nm misalign_deg=89.0 pos=[-0.10423318 -0.1404166   0.565558  ] bottom_world=[-0.10387428 -0.14145028  0.54558797] quat=[-0.0247578  -0.00833289  0.02606584  0.99931884] speed=0.1058 ang_speed=3.8466 ang_vel_vec=[-2.2875798 -1.6894175  2.5902436] |com_force|=0.0000N
### kotek_magnet[tick=14880] sensor4: d=0.5249m in_range=False f_mag=0.000N tau_mag=0.0000Nm misalign_deg=90.0 pos=[-0.10900037  0.10899948  0.49140233] bottom_world=[-0.10900035  0.10899954  0.47140233] quat=[ 3.8268223e-01  2.1932320e-07 -1.5131191e-06  9.2388004e-01] speed=0.0004 ang_speed=0.0027 ang_vel_vec=[ 0.00229499  0.00118095 -0.00070922] |com_force|=0.0000N
### kotek_magnet[tick=14940] sensor3: d=0.5537m in_range=False f_mag=0.000N tau_mag=0.0000Nm misalign_deg=85.5 pos=[-0.07606924 -0.16646881  0.5530925 ] bottom_world=[-0.07449414 -0.16876481  0.53328724] quat=[-0.04523189 -0.03682415  0.0592709   0.99653655] speed=0.1010 ang_speed=3.6726 ang_vel_vec=[-2.294161  -1.4022435  2.5016935] |com_force|=0.0000N
### kotek_magnet[tick=14940] sensor4: d=0.5249m in_range=False f_mag=0.000N tau_mag=0.0000Nm misalign_deg=90.0 pos=[-0.10900008  0.10900015  0.49140236] bottom_world=[-0.10900031  0.10900001  0.47140236] quat=[3.8268214e-01 3.9072438e-06 5.6384843e-06 9.2388010e-01] speed=0.0009 ang_speed=0.0030 ang_vel_vec=[ 0.00202863 -0.00208656 -0.00073711] |com_force|=0.0000N
### kotek_magnet[tick=15000] sensor3: d=0.5303m in_range=False f_mag=0.000N tau_mag=0.0000Nm misalign_deg=81.4 pos=[-0.04343668 -0.1869021   0.54117936] bottom_world=[-0.04044464 -0.19020907  0.5216829 ] quat=[-0.06152547 -0.06998046  0.08770055  0.9917792 ] speed=0.0964 ang_speed=3.7732 ang_vel_vec=[-2.5626383 -1.4393935  2.3659937] |com_force|=0.0000N
### kotek_magnet[tick=15000] sensor4: d=0.5249m in_range=False f_mag=0.000N tau_mag=0.0000Nm misalign_deg=90.0 pos=[-0.10900006  0.10900015  0.49140227] bottom_world=[-0.10900028  0.10900001  0.47140227] quat=[3.8268223e-01 3.8953149e-06 5.3409572e-06 9.2388004e-01] speed=0.0009 ang_speed=0.0029 ang_vel_vec=[ 0.00189596 -0.0020592  -0.00073918] |com_force|=0.0000N
### kotek_magnet[tick=15060] sensor3: d=0.5034m in_range=False f_mag=0.000N tau_mag=0.0000Nm misalign_deg=76.9 pos=[-0.00759419 -0.20116076  0.5298949 ] bottom_world=[-0.0030564  -0.20519942  0.51083977] quat=[-0.07396181 -0.10683845  0.11048745  0.98534656] speed=0.1107 ang_speed=3.2973 ang_vel_vec=[-2.0071557  -0.84000516  2.4774532 ] |com_force|=0.0000N
### kotek_magnet[tick=15060] sensor4: d=0.5249m in_range=False f_mag=0.000N tau_mag=0.0000Nm misalign_deg=90.0 pos=[-0.10900036  0.10899943  0.49140224] bottom_world=[-0.10900035  0.1089995   0.47140224] quat=[ 3.8268223e-01  4.0863941e-07 -1.6223103e-06  9.2388010e-01] speed=0.0004 ang_speed=0.0028 ang_vel_vec=[ 0.00272602  0.0001159  -0.00076889] |com_force|=0.0000N
### kotek_magnet[tick=15120] sensor3: d=0.4741m in_range=False f_mag=0.000N tau_mag=0.0000Nm misalign_deg=72.2 pos=[ 0.02977906 -0.20896417  0.5193617 ] bottom_world=[ 0.03587974 -0.21346072  0.50085322] quat=[-0.0826351  -0.14524132  0.12725441  0.97769254] speed=0.1005 ang_speed=3.4976 ang_vel_vec=[-2.4861338  -0.95279247  2.2681055 ] |com_force|=0.0000N
### kotek_magnet[tick=15120] sensor4: d=0.5249m in_range=False f_mag=0.000N tau_mag=0.0000Nm misalign_deg=90.0 pos=[-0.10900005  0.10900012  0.49140236] bottom_world=[-0.10900028  0.10899997  0.47140236] quat=[3.8268220e-01 3.9594106e-06 5.6249855e-06 9.2388016e-01] speed=0.0009 ang_speed=0.0036 ang_vel_vec=[ 0.00252807 -0.00241436 -0.00062221] |com_force|=0.0000N
### kotek_magnet[tick=15180] sensor3: d=0.4424m in_range=False f_mag=0.000N tau_mag=0.0000Nm misalign_deg=67.5 pos=[ 0.06791518 -0.2105538   0.5094807 ] bottom_world=[ 0.07556707 -0.21528019  0.49161707] quat=[-0.08749337 -0.18490191  0.13863719  0.96898705] speed=0.1181 ang_speed=3.5934 ang_vel_vec=[-2.800127  -1.4670525  1.7086089] |com_force|=0.0000N
### kotek_magnet[tick=15180] sensor4: d=0.5249m in_range=False f_mag=0.000N tau_mag=0.0000Nm misalign_deg=90.0 pos=[-0.10900035  0.10899941  0.4914023 ] bottom_world=[-0.10900033  0.10899947  0.4714023 ] quat=[ 3.8268217e-01  1.6933039e-07 -1.7075008e-06  9.2388010e-01] speed=0.0004 ang_speed=0.0028 ang_vel_vec=[ 0.00235828  0.00134463 -0.00079265] |com_force|=0.0000N
### kotek_magnet[tick=15240] sensor3: d=0.4094m in_range=False f_mag=0.000N tau_mag=0.0000Nm misalign_deg=62.9 pos=[ 0.10493471 -0.20622683  0.50046414] bottom_world=[ 0.11404808 -0.21097419  0.48330579] quat=[-0.08907214 -0.22399403  0.14445731  0.9597005 ] speed=0.1111 ang_speed=3.7178 ang_vel_vec=[-3.0343308 -1.5342394  1.5036488] |com_force|=0.0000N
### kotek_magnet[tick=15240] sensor4: d=0.5249m in_range=False f_mag=0.000N tau_mag=0.0000Nm misalign_deg=90.0 pos=[-0.10900038  0.10899939  0.4914022 ] bottom_world=[-0.10900036  0.10899947  0.47140221] quat=[ 3.8268226e-01  2.1532638e-07 -1.9283957e-06  9.2388010e-01] speed=0.0004 ang_speed=0.0027 ang_vel_vec=[ 0.00222815  0.00124593 -0.00078641] |com_force|=0.0000N
### still playing, 1129s left
### kotek_magnet[tick=15300] sensor3: d=0.3743m in_range=False f_mag=0.000N tau_mag=0.0000Nm misalign_deg=58.3 pos=[ 0.14141056 -0.19609609  0.4918663 ] bottom_world=[ 0.15192522 -0.20068335  0.4754834 ] quat=[-0.08777848 -0.26338658  0.14510462  0.9496669 ] speed=0.1026 ang_speed=3.4777 ang_vel_vec=[-3.0793831 -1.2266995  1.0520217] |com_force|=0.0000N
### kotek_magnet[tick=15300] sensor4: d=0.5249m in_range=False f_mag=0.000N tau_mag=0.0000Nm misalign_deg=90.0 pos=[-0.10900003  0.10900014  0.49140227] bottom_world=[-0.10900027  0.10899999  0.47140227] quat=[3.8268211e-01 3.9692432e-06 5.6886433e-06 9.2388010e-01] speed=0.0009 ang_speed=0.0034 ang_vel_vec=[ 0.00239917 -0.00221601 -0.00081959] |com_force|=0.0000N
### kotek_magnet[tick=15360] sensor3: d=0.3386m in_range=False f_mag=0.000N tau_mag=0.0000Nm misalign_deg=53.9 pos=[ 0.17539948 -0.18103443  0.48386765] bottom_world=[ 0.1871853  -0.18533421  0.46829182] quat=[-0.08336106 -0.30113155  0.14115302  0.93938625] speed=0.1032 ang_speed=3.3179 ang_vel_vec=[-2.7704847 -0.9408164  1.5646298] |com_force|=0.0000N
### kotek_magnet[tick=15360] sensor4: d=0.5249m in_range=False f_mag=0.000N tau_mag=0.0000Nm misalign_deg=90.0 pos=[-0.10900016  0.10899838  0.49140224] bottom_world=[-0.10900005  0.1089987   0.47140224] quat=[ 3.8268301e-01  4.4684668e-07 -8.5868205e-06  9.2387968e-01] speed=0.0010 ang_speed=0.0018 ang_vel_vec=[-0.0004236  -0.0012225   0.00125429] |com_force|=0.0000N
### kotek_magnet[tick=15420] sensor3: d=0.3031m in_range=False f_mag=0.000N tau_mag=0.0000Nm misalign_deg=49.8 pos=[ 0.20592202 -0.16175215  0.47662067] bottom_world=[ 0.21882002 -0.16566531  0.46184472] quat=[-0.0772447  -0.33594152  0.13320853  0.9292105 ] speed=0.0959 ang_speed=3.0339 ang_vel_vec=[-2.658198  -0.9678288  1.096153 ] |com_force|=0.0000N
### kotek_magnet[tick=15420] sensor4: d=0.5249m in_range=False f_mag=0.000N tau_mag=0.0000Nm misalign_deg=90.0 pos=[-0.10900031  0.10899863  0.49140236] bottom_world=[-0.10900017  0.10899892  0.47140236] quat=[ 3.8268259e-01 -4.0406016e-07 -8.0757409e-06  9.2387992e-01] speed=0.0007 ang_speed=0.0043 ang_vel_vec=[-1.605117e-03  4.020406e-03  4.188981e-05] |com_force|=0.0000N
### kotek_magnet[tick=15480] sensor3: d=0.2675m in_range=False f_mag=0.000N tau_mag=0.0000Nm misalign_deg=46.0 pos=[ 0.23317108 -0.13880423  0.4697442 ] bottom_world=[ 0.24706405 -0.14227712  0.45578267] quat=[-0.06846042 -0.36889672  0.12197057  0.9188861 ] speed=0.1006 ang_speed=3.0678 ang_vel_vec=[-2.680288  -0.9822427  1.1237407] |com_force|=0.0000N
### kotek_magnet[tick=15480] sensor4: d=0.5249m in_range=False f_mag=0.000N tau_mag=0.0000Nm misalign_deg=90.0 pos=[-0.10900021  0.10899838  0.49140227] bottom_world=[-0.10900009  0.1089987   0.47140227] quat=[ 3.8268295e-01  5.1826362e-07 -8.5057318e-06  9.2387980e-01] speed=0.0010 ang_speed=0.0017 ang_vel_vec=[-0.00044445 -0.00110522  0.00116009] |com_force|=0.0000N
### kotek_magnet[tick=15540] sensor3: d=0.2331m in_range=False f_mag=0.000N tau_mag=0.0000Nm misalign_deg=42.5 pos=[ 0.2562494  -0.11321347  0.46355304] bottom_world=[ 0.27099831 -0.11620183  0.45037961] quat=[-0.05861612 -0.39876816  0.10792708  0.90879035] speed=0.1047 ang_speed=3.0632 ang_vel_vec=[-2.644294  -1.1208887  1.0649929] |com_force|=0.0000N
### kotek_magnet[tick=15540] sensor4: d=0.5249m in_range=False f_mag=0.000N tau_mag=0.0000Nm misalign_deg=90.0 pos=[-0.10900041  0.10899836  0.49140233] bottom_world=[-0.1090002   0.10899871  0.47140233] quat=[ 3.8268283e-01 -1.5352734e-06 -1.0180779e-05  9.2387980e-01] speed=0.0009 ang_speed=0.0035 ang_vel_vec=[0.00013546 0.00348679 0.00057536] |com_force|=0.0000N
### kotek_magnet[tick=15600] sensor3: d=0.1996m in_range=False f_mag=0.000N tau_mag=0.0000Nm misalign_deg=39.2 pos=[ 0.275618   -0.08494806  0.45774144] bottom_world=[ 0.29112415 -0.0874183   0.44535367] quat=[-0.04773272 -0.42656085  0.09138668  0.8985633 ] speed=0.0966 ang_speed=3.0325 ang_vel_vec=[-2.6762283 -1.1970254  0.7752195] |com_force|=0.0000N
### kotek_magnet[tick=15600] sensor4: d=0.5249m in_range=False f_mag=0.000N tau_mag=0.0000Nm misalign_deg=90.0 pos=[-0.10900036  0.10899926  0.4914023 ] bottom_world=[-0.10900031  0.1089994   0.4714023 ] quat=[ 3.8268241e-01  3.4748226e-07 -3.6596407e-06  9.2388004e-01] speed=0.0001 ang_speed=0.0012 ang_vel_vec=[-0.00030702  0.00104241 -0.00047362] |com_force|=0.0000N
### kotek_magnet[tick=15660] sensor3: d=0.1681m in_range=False f_mag=0.000N tau_mag=0.0000Nm misalign_deg=36.1 pos=[ 0.29086894 -0.05475386  0.45243064] bottom_world=[ 0.30703516 -0.05666917  0.44081234] quat=[-0.03712676 -0.4519335   0.0727922   0.8883012 ] speed=0.0873 ang_speed=3.0764 ang_vel_vec=[-2.7714367 -1.1823587  0.6209524] |com_force|=0.0000N
### kotek_magnet[tick=15660] sensor4: d=0.5249m in_range=False f_mag=0.000N tau_mag=0.0000Nm misalign_deg=90.0 pos=[-0.10900003  0.10900022  0.49140236] bottom_world=[-0.10900026  0.10900007  0.47140236] quat=[3.8268209e-01 3.9336792e-06 5.7187131e-06 9.2388010e-01] speed=0.0010 ang_speed=0.0025 ang_vel_vec=[ 0.00164196 -0.00160137 -0.00094546] |com_force|=0.0000N
### kotek_magnet[tick=15720] sensor3: d=0.1411m in_range=False f_mag=0.000N tau_mag=0.0000Nm misalign_deg=33.2 pos=[ 0.30174103 -0.0242536   0.4478131 ] bottom_world=[ 0.31847283 -0.02560731  0.43694045] quat=[-0.02690576 -0.47472706  0.05308582  0.8781186 ] speed=0.0803 ang_speed=2.9936 ang_vel_vec=[-2.7298698 -1.1460276  0.4431311] |com_force|=0.0000N
### kotek_magnet[tick=15720] sensor4: d=0.5249m in_range=False f_mag=0.000N tau_mag=0.0000Nm misalign_deg=90.0 pos=[-0.10900003  0.10900023  0.4914023 ] bottom_world=[-0.10900025  0.10900009  0.4714023 ] quat=[3.8268203e-01 3.7446607e-06 5.3344625e-06 9.2388010e-01] speed=0.0010 ang_speed=0.0020 ang_vel_vec=[ 0.00133484 -0.0012831  -0.00081137] |com_force|=0.0000N
### kotek_magnet[tick=15780] sensor3: d=0.1200m in_range=False f_mag=0.000N tau_mag=0.0000Nm misalign_deg=30.5 pos=[0.3087333  0.00702464 0.44381016] bottom_world=[0.32596721 0.00626483 0.43369011] quat=[-0.01715324 -0.49597746  0.03170056  0.867587  ] speed=0.0790 ang_speed=3.0156 ang_vel_vec=[-2.776887   -1.1507509   0.24150264] |com_force|=0.0000N
### kotek_magnet[tick=15780] sensor4: d=0.5249m in_range=False f_mag=0.000N tau_mag=0.0000Nm misalign_deg=90.0 pos=[-0.10900033  0.10899954  0.49140242] bottom_world=[-0.10900032  0.10899959  0.47140242] quat=[ 3.8268220e-01  2.2789123e-07 -1.4030998e-06  9.2388010e-01] speed=0.0005 ang_speed=0.0024 ang_vel_vec=[ 0.00178659  0.00130364 -0.00099153] |com_force|=0.0000N
### kotek_magnet[tick=15840] sensor3: d=0.1086m in_range=False f_mag=0.000N tau_mag=0.0000Nm misalign_deg=28.0 pos=[0.3117987  0.03637234 0.4407496 ] bottom_world=[0.32945238 0.03619166 0.43135201] quat=[-0.00837181 -0.5147373   0.01029607  0.8572452 ] speed=0.0778 ang_speed=3.1887 ang_vel_vec=[-2.9489276 -1.1708646 -0.3170108] |com_force|=0.0000N
### kotek_magnet[tick=15840] sensor4: d=0.5249m in_range=False f_mag=0.000N tau_mag=0.0000Nm misalign_deg=90.0 pos=[-0.10900003  0.10900021  0.49140224] bottom_world=[-0.10900024  0.10900007  0.47140224] quat=[3.8268220e-01 3.6878860e-06 5.1908123e-06 9.2388010e-01] speed=0.0010 ang_speed=0.0011 ang_vel_vec=[ 0.00073859 -0.00060018 -0.00047126] |com_force|=0.0000N
### kotek_magnet[tick=15900] sensor3: d=0.1060m in_range=False f_mag=0.000N tau_mag=0.0000Nm misalign_deg=27.8 pos=[0.30991423 0.04802704 0.43670824] bottom_world=[0.32761318 0.04815587 0.42739531] quat=[-0.00938767 -0.51688796  0.00190606  0.85599947] speed=0.0592 ang_speed=3.3370 ang_vel_vec=[-3.0894997 -1.1547445 -0.5071314] |com_force|=0.0000N
### kotek_magnet[tick=15900] sensor4: d=0.5249m in_range=False f_mag=0.000N tau_mag=0.0000Nm misalign_deg=90.0 pos=[-0.10900032  0.10899955  0.4914023 ] bottom_world=[-0.1090003   0.10899961  0.4714023 ] quat=[ 3.8268220e-01  1.7935879e-07 -1.5575911e-06  9.2388010e-01] speed=0.0005 ang_speed=0.0022 ang_vel_vec=[ 0.00154305  0.00140034 -0.00075353] |com_force|=0.0000N
### kotek_magnet[tick=15960] sensor3: d=0.0957m in_range=True f_mag=1.658N tau_mag=0.0019Nm misalign_deg=27.9 pos=[0.31449232 0.04936177 0.42687592] bottom_world=[0.3321649  0.04951061 0.41751335] quat=[-0.01029262 -0.5156862   0.00185214  0.8567138 ] speed=0.0921 ang_speed=3.3347 ang_vel_vec=[-2.919725  -1.5021231 -0.5821427] |com_force|=0.4935N
### kotek_magnet[tick=15960] sensor4: d=0.5249m in_range=False f_mag=0.000N tau_mag=0.0000Nm misalign_deg=90.0 pos=[-0.10900013  0.10899927  0.4914022 ] bottom_world=[-0.10900017  0.10899936  0.47140221] quat=[ 3.8268256e-01  1.6755655e-06 -1.6921499e-06  9.2387986e-01] speed=0.0002 ang_speed=0.0016 ang_vel_vec=[ 0.00104405 -0.00115188  0.00010519] |com_force|=0.0000N
### kotek_magnet[tick=16020] sensor3: d=0.0743m in_range=True f_mag=1.470N tau_mag=0.0014Nm misalign_deg=27.5 pos=[0.32726493 0.05154861 0.40918905] bottom_world=[0.34501034 0.0516976  0.39996524] quat=[-8.429704e-03 -5.190417e-01  7.612427e-04  8.547070e-01] speed=0.1011 ang_speed=3.1064 ang_vel_vec=[-2.6669228  -1.5927706   0.00523776] |com_force|=0.5036N
### kotek_magnet[tick=16020] sensor4: d=0.5249m in_range=False f_mag=0.000N tau_mag=0.0000Nm misalign_deg=90.0 pos=[-0.1090003   0.10899953  0.49140227] bottom_world=[-0.10900029  0.10899959  0.47140227] quat=[ 3.8268220e-01  2.9951548e-07 -1.4910711e-06  9.2388004e-01] speed=0.0004 ang_speed=0.0020 ang_vel_vec=[ 0.00151145  0.00090858 -0.00095169] |com_force|=0.0000N
### kotek_magnet[tick=16080] sensor3: d=0.0551m in_range=True f_mag=1.074N tau_mag=0.0010Nm misalign_deg=27.0 pos=[0.33925512 0.05333487 0.3934407 ] bottom_world=[0.35708076 0.05347928 0.38437284] quat=[-6.4707408e-03 -5.2278441e-01 -2.6682083e-04  8.5244036e-01] speed=0.0967 ang_speed=2.7489 ang_vel_vec=[-2.4037042  -1.2407031  -0.48906204] |com_force|=0.4269N
### kotek_magnet[tick=16080] sensor4: d=0.5249m in_range=False f_mag=0.000N tau_mag=0.0000Nm misalign_deg=90.0 pos=[-0.10900002  0.10900018  0.49140215] bottom_world=[-0.10900024  0.10900005  0.47140215] quat=[3.8268209e-01 3.8073954e-06 5.1024699e-06 9.2388016e-01] speed=0.0010 ang_speed=0.0013 ang_vel_vec=[ 0.0007289  -0.00092546 -0.00063931] |com_force|=0.0000N
### kotek_magnet[tick=16140] sensor3: d=0.0143m in_range=True f_mag=0.234N tau_mag=0.0001Nm misalign_deg=13.4 pos=[0.36881447 0.05135309 0.3627883 ] bottom_world=[0.38826649 0.05044503 0.35822823] quat=[-0.00472687 -0.6204259   0.03271472  0.7835682 ] speed=0.0475 ang_speed=0.9792 ang_vel_vec=[0.07619441 0.96925616 0.11687235] |com_force|=0.4784N
### kotek_magnet[tick=16140] sensor4: d=0.5249m in_range=False f_mag=0.000N tau_mag=0.0000Nm misalign_deg=90.0 pos=[-0.10900033  0.10899954  0.49140224] bottom_world=[-0.10900031  0.1089996   0.47140224] quat=[ 3.8268223e-01  2.7271759e-07 -1.5026610e-06  9.2388016e-01] speed=0.0005 ang_speed=0.0020 ang_vel_vec=[ 0.00160375  0.00109032 -0.00059652] |com_force|=0.0000N
### kotek_magnet[tick=16162]: welded sensor 3 at d=0.0143m misalign_deg=14.6 pos=[0.37047073 0.0504379  0.36502936] wall_pos=[0.425 0.    0.5  ] local_pos1=[-0.05452927  0.0504379  -0.13497064] quat=[-0.014841   -0.6115109   0.01890479  0.79087085]
### kotek_magnet[tick=16200] sensor4: d=0.5249m in_range=False f_mag=0.000N tau_mag=0.0000Nm misalign_deg=90.0 pos=[-0.10900007  0.10900016  0.49140227] bottom_world=[-0.10900028  0.10900003  0.47140227] quat=[3.8268209e-01 3.5122082e-06 5.0659933e-06 9.2388010e-01] speed=0.0010 ang_speed=0.0013 ang_vel_vec=[ 0.0006841  -0.00070716 -0.00091033] |com_force|=0.0000N
### kotek_magnet[tick=16260] sensor4: d=0.5249m in_range=False f_mag=0.000N tau_mag=0.0000Nm misalign_deg=90.0 pos=[-0.10900005  0.10900018  0.49140227] bottom_world=[-0.10900026  0.10900005  0.47140227] quat=[3.8268220e-01 3.6402707e-06 5.0862218e-06 9.2388004e-01] speed=0.0010 ang_speed=0.0015 ang_vel_vec=[ 0.00074913 -0.00088866 -0.00102384] |com_force|=0.0000N
### kotek_magnet[tick=16320] sensor4: d=0.5249m in_range=False f_mag=0.000N tau_mag=0.0000Nm misalign_deg=90.0 pos=[-0.10900033  0.10899956  0.49140227] bottom_world=[-0.10900032  0.10899962  0.47140227] quat=[ 3.8268226e-01  4.8230692e-07 -1.4212128e-06  9.2387998e-01] speed=0.0005 ang_speed=0.0018 ang_vel_vec=[ 0.00148529  0.00067186 -0.0008706 ] |com_force|=0.0000N
### kotek_magnet[tick=16380] sensor4: d=0.5249m in_range=False f_mag=0.000N tau_mag=0.0000Nm misalign_deg=90.0 pos=[-0.10900029  0.10899955  0.4914023 ] bottom_world=[-0.10900028  0.10899962  0.4714023 ] quat=[ 3.8268220e-01  3.3787788e-07 -1.6216500e-06  9.2388004e-01] speed=0.0005 ang_speed=0.0020 ang_vel_vec=[ 0.00145786  0.00118307 -0.0007209 ] |com_force|=0.0000N
### kotek_magnet[tick=16440] sensor4: d=0.5249m in_range=False f_mag=0.000N tau_mag=0.0000Nm misalign_deg=90.0 pos=[-0.10900002  0.10900022  0.4914023 ] bottom_world=[-0.10900024  0.10900008  0.4714023 ] quat=[3.8268223e-01 3.7550924e-06 5.3946023e-06 9.2388004e-01] speed=0.0010 ang_speed=0.0017 ang_vel_vec=[ 0.0010978  -0.0010561  -0.00064694] |com_force|=0.0000N
### kotek_magnet[tick=16500] sensor4: d=0.5249m in_range=False f_mag=0.000N tau_mag=0.0000Nm misalign_deg=90.0 pos=[-0.10900001  0.10900021  0.4914023 ] bottom_world=[-0.10900024  0.10900007  0.4714023 ] quat=[3.8268214e-01 3.8525559e-06 5.4676098e-06 9.2388010e-01] speed=0.0010 ang_speed=0.0016 ang_vel_vec=[ 0.00098135 -0.00100515 -0.00076372] |com_force|=0.0000N
### kotek_magnet[tick=16560] sensor4: d=0.5249m in_range=False f_mag=0.000N tau_mag=0.0000Nm misalign_deg=90.0 pos=[-0.109       0.10900023  0.49140227] bottom_world=[-0.10900022  0.10900009  0.47140227] quat=[3.8268223e-01 3.7616958e-06 5.3181188e-06 9.2388016e-01] speed=0.0010 ang_speed=0.0017 ang_vel_vec=[ 0.00118346 -0.00104532 -0.00068476] |com_force|=0.0000N
### kotek_magnet[tick=16620] sensor4: d=0.5249m in_range=False f_mag=0.000N tau_mag=0.0000Nm misalign_deg=90.0 pos=[-0.10900003  0.10900024  0.49140233] bottom_world=[-0.10900026  0.10900009  0.47140233] quat=[3.8268211e-01 3.9299848e-06 5.4938855e-06 9.2388016e-01] speed=0.0010 ang_speed=0.0021 ang_vel_vec=[ 0.00118749 -0.00137748 -0.00097954] |com_force|=0.0000N
### kotek_magnet[tick=16680] sensor4: d=0.5249m in_range=False f_mag=0.000N tau_mag=0.0000Nm misalign_deg=90.0 pos=[-0.1090003   0.10899958  0.49140227] bottom_world=[-0.10900029  0.10899964  0.47140227] quat=[ 3.8268223e-01  2.9066527e-07 -1.3887634e-06  9.2388004e-01] speed=0.0005 ang_speed=0.0022 ang_vel_vec=[ 0.00152814  0.00134197 -0.0008913 ] |com_force|=0.0000N
### kotek_magnet[tick=16740] sensor4: d=0.5249m in_range=False f_mag=0.000N tau_mag=0.0000Nm misalign_deg=90.0 pos=[-0.10900033  0.10899961  0.49140233] bottom_world=[-0.10900032  0.10899967  0.47140233] quat=[ 3.8268226e-01  2.4369052e-07 -1.4685756e-06  9.2388004e-01] speed=0.0005 ang_speed=0.0021 ang_vel_vec=[ 0.0015012   0.00127493 -0.00077661] |com_force|=0.0000N
### kotek_magnet[tick=16800] sensor4: d=0.5249m in_range=False f_mag=0.000N tau_mag=0.0000Nm misalign_deg=90.0 pos=[-0.1090003   0.1089996   0.49140236] bottom_world=[-0.10900029  0.10899965  0.47140236] quat=[ 3.8268235e-01  1.4803948e-07 -1.4266652e-06  9.2388004e-01] speed=0.0005 ang_speed=0.0022 ang_vel_vec=[ 0.00139728  0.00155851 -0.00076012] |com_force|=0.0000N
### kotek_magnet[tick=16860] sensor4: d=0.5249m in_range=False f_mag=0.000N tau_mag=0.0000Nm misalign_deg=90.0 pos=[-0.10900007  0.10900027  0.49140242] bottom_world=[-0.10900029  0.10900012  0.47140242] quat=[3.8268209e-01 3.6873732e-06 5.3686013e-06 9.2388016e-01] speed=0.0011 ang_speed=0.0013 ang_vel_vec=[ 0.00068468 -0.00065016 -0.00081946] |com_force|=0.0000N
### kotek_magnet[tick=16920] sensor4: d=0.5249m in_range=False f_mag=0.000N tau_mag=0.0000Nm misalign_deg=90.0 pos=[-0.10900007  0.10900026  0.49140233] bottom_world=[-0.10900028  0.10900012  0.47140233] quat=[3.8268206e-01 3.5284286e-06 5.0862236e-06 9.2388016e-01] speed=0.0011 ang_speed=0.0012 ang_vel_vec=[ 0.00066556 -0.00043963 -0.00093694] |com_force|=0.0000N
### kotek_magnet[tick=16980] sensor4: d=0.5249m in_range=False f_mag=0.000N tau_mag=0.0000Nm misalign_deg=90.0 pos=[-0.10900006  0.10900024  0.49140224] bottom_world=[-0.10900027  0.1090001   0.47140224] quat=[3.8268220e-01 3.5016774e-06 5.2873097e-06 9.2388016e-01] speed=0.0011 ang_speed=0.0008 ang_vel_vec=[ 0.00040138 -0.00026632 -0.00065662] |com_force|=0.0000N
### still playing, 1099s left
### kotek_magnet[tick=17040] sensor4: d=0.5249m in_range=False f_mag=0.000N tau_mag=0.0000Nm misalign_deg=90.0 pos=[-0.10900005  0.10900028  0.4914022 ] bottom_world=[-0.10900027  0.10900014  0.47140221] quat=[3.8268209e-01 3.6216504e-06 5.3342583e-06 9.2388016e-01] speed=0.0011 ang_speed=0.0010 ang_vel_vec=[ 0.00042736 -0.00031051 -0.00083078] |com_force|=0.0000N
### kotek_magnet[tick=17100] sensor4: d=0.5249m in_range=False f_mag=0.000N tau_mag=0.0000Nm misalign_deg=90.0 pos=[-0.10900006  0.10900023  0.49140227] bottom_world=[-0.10900028  0.10900009  0.47140227] quat=[3.8268214e-01 3.6355209e-06 5.3050180e-06 9.2388016e-01] speed=0.0011 ang_speed=0.0011 ang_vel_vec=[ 0.00029243 -0.00032321 -0.00097261] |com_force|=0.0000N
### kotek_magnet[tick=17160] sensor4: d=0.5249m in_range=False f_mag=0.000N tau_mag=0.0000Nm misalign_deg=90.0 pos=[-0.10900035  0.10899962  0.4914023 ] bottom_world=[-0.10900033  0.10899968  0.4714023 ] quat=[ 3.8268220e-01  1.6133228e-07 -1.4813363e-06  9.2388010e-01] speed=0.0006 ang_speed=0.0019 ang_vel_vec=[ 0.00120207  0.00130779 -0.00066161] |com_force|=0.0000N
### kotek_magnet[tick=17220] sensor4: d=0.5249m in_range=False f_mag=0.000N tau_mag=0.0000Nm misalign_deg=90.0 pos=[-0.10900035  0.10899964  0.49140224] bottom_world=[-0.10900033  0.1089997   0.47140224] quat=[ 3.8268226e-01  1.5192644e-07 -1.5869473e-06  9.2388010e-01] speed=0.0005 ang_speed=0.0019 ang_vel_vec=[ 0.00131823  0.00105426 -0.00084122] |com_force|=0.0000N
### kotek_magnet[tick=17280] sensor4: d=0.5249m in_range=False f_mag=0.000N tau_mag=0.0000Nm misalign_deg=90.0 pos=[-0.10899998  0.10900014  0.49140227] bottom_world=[-0.10900022  0.109       0.47140227] quat=[3.8268229e-01 4.2713868e-06 5.4242423e-06 9.2388004e-01] speed=0.0010 ang_speed=0.0026 ang_vel_vec=[ 0.00187174 -0.00174024 -0.00037697] |com_force|=0.0000N
### kotek_magnet[tick=17340] sensor4: d=0.5249m in_range=False f_mag=0.000N tau_mag=0.0000Nm misalign_deg=90.0 pos=[-0.10900011  0.10900027  0.49140224] bottom_world=[-0.10900032  0.10900014  0.47140224] quat=[3.8268197e-01 3.6196252e-06 5.1612055e-06 9.2388010e-01] speed=0.0011 ang_speed=0.0012 ang_vel_vec=[ 0.00060976 -0.00068133 -0.00083676] |com_force|=0.0000N
### kotek_magnet[tick=17400] sensor4: d=0.5249m in_range=False f_mag=0.000N tau_mag=0.0000Nm misalign_deg=90.0 pos=[-0.10900006  0.10900025  0.4914023 ] bottom_world=[-0.10900027  0.10900013  0.4714023 ] quat=[3.8268220e-01 3.5720514e-06 4.8804504e-06 9.2388004e-01] speed=0.0010 ang_speed=0.0011 ang_vel_vec=[ 0.00047641 -0.00057192 -0.0008051 ] |com_force|=0.0000N
### kotek_magnet[tick=17460] sensor4: d=0.5249m in_range=False f_mag=0.000N tau_mag=0.0000Nm misalign_deg=90.0 pos=[-0.10900009  0.10900018  0.49140236] bottom_world=[-0.1090003   0.10900006  0.47140236] quat=[3.8268214e-01 3.4927089e-06 4.8281349e-06 9.2388010e-01] speed=0.0011 ang_speed=0.0011 ang_vel_vec=[ 0.0004673  -0.00054618 -0.00078248] |com_force|=0.0000N
### kotek_magnet[tick=17520] sensor4: d=0.5249m in_range=False f_mag=0.000N tau_mag=0.0000Nm misalign_deg=90.0 pos=[-0.10900013  0.10900024  0.49140224] bottom_world=[-0.10900034  0.1090001   0.47140224] quat=[3.8268203e-01 3.5356004e-06 5.0386311e-06 9.2388022e-01] speed=0.0011 ang_speed=0.0011 ang_vel_vec=[ 0.00041399 -0.00045519 -0.00087458] |com_force|=0.0000N
### kotek_magnet[tick=17580] sensor4: d=0.5346m in_range=False f_mag=0.000N tau_mag=0.0000Nm misalign_deg=62.2 pos=[-0.12550803  0.10966998  0.49656263] bottom_world=[-0.11618471  0.12426877  0.48656506] quat=[ 0.24277087 -0.14021088 -0.48000184  0.83126503] speed=0.0368 ang_speed=0.2120 ang_vel_vec=[-0.148187    0.14947344 -0.02531487] |com_force|=0.0000N
### kotek_magnet[tick=17640] sensor4: d=0.5422m in_range=False f_mag=0.000N tau_mag=0.0000Nm misalign_deg=60.8 pos=[-0.1327423   0.11733352  0.49628487] bottom_world=[-0.12298111  0.13435162  0.49239855] quat=[ 0.15096684 -0.20214689 -0.60164654  0.75787014] speed=0.1003 ang_speed=4.3496 ang_vel_vec=[ 1.8968712 -3.6979084  1.2832744] |com_force|=0.0000N
### kotek_magnet[tick=17700] sensor4: d=0.5485m in_range=False f_mag=0.000N tau_mag=0.0000Nm misalign_deg=64.6 pos=[-0.13736917  0.11749867  0.49548033] bottom_world=[-0.1288035   0.13556285  0.49491944] quat=[ 0.07480741 -0.23132904 -0.6576204   0.7130401 ] speed=0.0748 ang_speed=4.1858 ang_vel_vec=[ 0.9321493 -1.6871191 -3.7156436] |com_force|=0.0000N
### kotek_magnet[tick=17760] sensor4: d=0.5495m in_range=False f_mag=0.000N tau_mag=0.0000Nm misalign_deg=65.2 pos=[-0.13804133  0.11566615  0.49608886] bottom_world=[-0.12965575  0.13380656  0.49530936] quat=[ 0.07068589 -0.2277504  -0.6547078   0.7172803 ] speed=0.1137 ang_speed=5.3831 ang_vel_vec=[ 1.1912069 -1.9519935 -4.87319  ] |com_force|=0.0000N
### kotek_magnet[tick=17820] sensor4: d=0.5543m in_range=False f_mag=0.000N tau_mag=0.0000Nm misalign_deg=67.7 pos=[-0.1383635   0.11452815  0.5094817 ] bottom_world=[-0.13078058  0.13302646  0.50892309] quat=[ 0.03280448 -0.2346352  -0.6564909   0.71616334] speed=0.1330 ang_speed=1.5059 ang_vel_vec=[ 0.09149519  0.68249047 -1.3392061 ] |com_force|=0.0000N
### kotek_magnet[tick=17880] sensor4: d=0.5615m in_range=False f_mag=0.000N tau_mag=0.0000Nm misalign_deg=73.2 pos=[-0.13788804  0.11327061  0.528946  ] bottom_world=[-0.13209987  0.13240978  0.52851089] quat=[-0.04082512 -0.24035825 -0.6567728   0.7135901 ] speed=0.1239 ang_speed=5.1762 ang_vel_vec=[ 4.176324  -0.5974754 -2.9989865] |com_force|=0.0000N
### kotek_magnet[tick=17940] sensor4: d=0.5696m in_range=False f_mag=0.000N tau_mag=0.0000Nm misalign_deg=73.1 pos=[-0.13780788  0.11416884  0.55334926] bottom_world=[-0.13198058  0.13329702  0.55295519] quat=[-0.03974246 -0.24098513 -0.6573238   0.7129321 ] speed=0.1283 ang_speed=5.0953 ang_vel_vec=[ 4.071538  -0.6595611 -2.9916332] |com_force|=0.0000N
### kotek_magnet[tick=18000] sensor4: d=0.5782m in_range=False f_mag=0.000N tau_mag=0.0000Nm misalign_deg=72.9 pos=[-0.13767713  0.11502606  0.5767335 ] bottom_world=[-0.13180449  0.13414126  0.57638532] quat=[-0.03849329 -0.24170585 -0.6579308   0.7121964 ] speed=0.1171 ang_speed=4.8289 ang_vel_vec=[ 3.8206506  -0.56415975 -2.8987856 ] |com_force|=0.0000N
### kotek_magnet[tick=18060] sensor4: d=0.5794m in_range=False f_mag=0.000N tau_mag=0.0000Nm misalign_deg=72.9 pos=[-0.13818693  0.11480143  0.5789026 ] bottom_world=[-0.13229434  0.13390495  0.57832557] quat=[-0.04060528 -0.24276085 -0.653178    0.7160845 ] speed=0.1108 ang_speed=4.5403 ang_vel_vec=[ 3.7799907 -0.5553133 -2.45312  ] |com_force|=0.0000N
### kotek_magnet[tick=18120] sensor4: d=0.5760m in_range=False f_mag=0.000N tau_mag=0.0000Nm misalign_deg=66.8 pos=[-0.13761291  0.12651876  0.5771269 ] bottom_world=[-0.12972122  0.14487054  0.57616073] quat=[-0.00240981 -0.2746164  -0.6327963   0.7239814 ] speed=0.1191 ang_speed=4.7202 ang_vel_vec=[ 3.7347858 -1.0885849 -2.6733181] |com_force|=0.0000N
### kotek_magnet[tick=18180] sensor4: d=0.5699m in_range=False f_mag=0.000N tau_mag=0.0000Nm misalign_deg=57.3 pos=[-0.13511159  0.14464839  0.5746132 ] bottom_world=[-0.12430458  0.16140378  0.57304305] quat=[ 0.0580535  -0.32166943 -0.5977245   0.732041  ] speed=0.1182 ang_speed=4.6829 ang_vel_vec=[ 3.3507338 -1.9082087 -2.6573157] |com_force|=0.0000N
### kotek_magnet[tick=18240] sensor4: d=0.5628m in_range=False f_mag=0.000N tau_mag=0.0000Nm misalign_deg=48.0 pos=[-0.1308287  0.1622132  0.5719405] bottom_world=[-0.11745211  0.17691835  0.56974372] quat=[ 0.11815004 -0.36496565 -0.5584631   0.7354996 ] speed=0.1129 ang_speed=4.8161 ang_vel_vec=[ 2.9490557 -2.5771282 -2.8029191] |com_force|=0.0000N
### kotek_magnet[tick=18300] sensor4: d=0.5547m in_range=False f_mag=0.000N tau_mag=0.0000Nm misalign_deg=38.8 pos=[-0.12470276  0.17946698  0.5690181 ] bottom_world=[-0.1091126   0.19166586  0.56616603] quat=[ 0.17910361 -0.40535823 -0.5141813   0.7343189 ] speed=0.1022 ang_speed=4.5787 ang_vel_vec=[ 2.2122936 -3.0322177 -2.6221771] |com_force|=0.0000N
### kotek_magnet[tick=18360] sensor4: d=0.5456m in_range=False f_mag=0.000N tau_mag=0.0000Nm misalign_deg=29.8 pos=[-0.11684688  0.19607583  0.5658643 ] bottom_world=[-0.09949978  0.20538599  0.56234309] quat=[ 0.2400883  -0.44207913 -0.46533343  0.72827786] speed=0.1070 ang_speed=4.8374 ang_vel_vec=[ 1.7284878 -3.5772045 -2.759793 ] |com_force|=0.0000N
### kotek_magnet[tick=18420] sensor4: d=0.5358m in_range=False f_mag=0.000N tau_mag=0.0000Nm misalign_deg=22.0 pos=[-0.10751446  0.2114607   0.5625171 ] bottom_world=[-0.08896668  0.21767186  0.55834562] quat=[ 0.2988831  -0.47384566 -0.41374275  0.7176044 ] speed=0.0937 ang_speed=4.6027 ang_vel_vec=[ 0.97781444 -3.7172332  -2.531887  ] |com_force|=0.0000N
### kotek_magnet[tick=18480] sensor4: d=0.5254m in_range=False f_mag=0.000N tau_mag=0.0000Nm misalign_deg=16.4 pos=[-0.09685158  0.2257332   0.55896705] bottom_world=[-0.07766153  0.22867768  0.5541637 ] quat=[ 0.35621396 -0.50105715 -0.35896787  0.7022788 ] speed=0.0893 ang_speed=4.5807 ang_vel_vec=[ 0.28022912 -3.8838491  -2.4124417 ] |com_force|=0.0000N
### kotek_magnet[tick=18540] sensor4: d=0.5141m in_range=False f_mag=0.000N tau_mag=0.0000Nm misalign_deg=15.8 pos=[-0.08464777  0.23910199  0.5551024 ] bottom_world=[-0.06540156  0.23863182  0.54968372] quat=[ 0.4129393  -0.52392906 -0.3000519   0.6818712 ] speed=0.0833 ang_speed=4.6357 ang_vel_vec=[-0.48652428 -4.0193434  -2.2577775 ] |com_force|=0.0000N
### kotek_magnet[tick=18600] sensor4: d=0.5023m in_range=False f_mag=0.000N tau_mag=0.0000Nm misalign_deg=20.8 pos=[-0.07130313  0.25107285  0.5510034 ] bottom_world=[-0.05260868  0.2472415   0.54501688] quat=[ 0.46702796 -0.5414408  -0.23912117  0.656923  ] speed=0.0775 ang_speed=4.6137 ang_vel_vec=[-1.231049  -3.801505  -2.3063576] |com_force|=0.0000N
### kotek_magnet[tick=18660] sensor4: d=0.4906m in_range=False f_mag=0.000N tau_mag=0.0000Nm misalign_deg=28.4 pos=[-0.05753125  0.26131248  0.5468384 ] bottom_world=[-0.03994034  0.25434472  0.54035686] quat=[ 0.5168963  -0.5534163  -0.17802204  0.6283764 ] speed=0.0800 ang_speed=4.8063 ang_vel_vec=[-1.9638464 -3.8547523 -2.0939503] |com_force|=0.0000N
### kotek_magnet[tick=18720] sensor4: d=0.4781m in_range=False f_mag=0.000N tau_mag=0.0000Nm misalign_deg=37.4 pos=[-0.04247722  0.27045006  0.5423063 ] bottom_world=[-0.02657977  0.26048373  0.53538217] quat=[ 0.5652548 -0.5603405 -0.1136448  0.5946348] speed=0.0795 ang_speed=4.8953 ang_vel_vec=[-2.6474423 -3.6774478 -1.852355 ] |com_force|=0.0000N
### still playing, 1069s left
### kotek_magnet[tick=18780] sensor4: d=0.4655m in_range=False f_mag=0.000N tau_mag=0.0000Nm misalign_deg=46.8 pos=[-0.02698897  0.27809942  0.537644  ] bottom_world=[-0.01329085  0.26548738  0.53034348] quat=[ 0.6100245  -0.56135    -0.04870832  0.5571209 ] speed=0.0609 ang_speed=5.4123 ang_vel_vec=[-3.6451213 -3.5697331 -1.8062884] |com_force|=0.0000N
### kotek_magnet[tick=18840] sensor4: d=0.4523m in_range=False f_mag=0.000N tau_mag=0.0000Nm misalign_deg=56.7 pos=[-0.01056005  0.28441358  0.53263414] bottom_world=[4.25545534e-04 2.69521564e-01 5.25048314e-01] quat=[ 0.6518722  -0.5567988   0.01815096  0.5144981 ] speed=0.0821 ang_speed=4.9418 ang_vel_vec=[-3.9241738 -2.7952597 -1.0994687] |com_force|=0.0000N
### kotek_magnet[tick=18900] sensor4: d=0.4398m in_range=False f_mag=0.000N tau_mag=0.0000Nm misalign_deg=66.2 pos=[0.00527866 0.28902984 0.52774954] bottom_world=[0.01333546 0.27246093 0.51996755] quat=[ 0.68768567 -0.546657    0.08134171  0.47078463] speed=0.0767 ang_speed=5.1745 ang_vel_vec=[-4.638747  -2.1264184 -0.8579986] |com_force|=0.0000N
### kotek_magnet[tick=18960] sensor4: d=0.4268m in_range=False f_mag=0.000N tau_mag=0.0000Nm misalign_deg=75.8 pos=[0.02155484 0.2923848  0.5225667 ] bottom_world=[0.02646881 0.27471668 0.51458606] quat=[ 0.7199774  -0.52937037  0.14230825  0.42561492] speed=0.1041 ang_speed=4.6640 ang_vel_vec=[-3.433392 -1.709339 -2.653831] |com_force|=0.0000N
### kotek_magnet[tick=19020] sensor4: d=0.4139m in_range=False f_mag=0.000N tau_mag=0.0000Nm misalign_deg=85.6 pos=[0.03792011 0.29433587 0.5173205 ] bottom_world=[0.03943752 0.27606741 0.50932296] quat=[ 0.7478296  -0.50828916  0.20421374  0.3750864 ] speed=0.0925 ang_speed=4.2512 ang_vel_vec=[-3.3064866 -0.9751776 -2.4877744] |com_force|=0.0000N
### kotek_magnet[tick=19080] sensor4: d=0.4010m in_range=False f_mag=0.000N tau_mag=0.0000Nm misalign_deg=95.6 pos=[0.05417103 0.2950822  0.51201105] bottom_world=[0.05223467 0.27682723 0.5040734 ] quat=[ 0.77101487 -0.48144573  0.2641376   0.3224556 ] speed=0.1014 ang_speed=4.5355 ang_vel_vec=[-3.9467373  -0.42776754 -2.1933732 ] |com_force|=0.0000N
### kotek_magnet[tick=19140] sensor4: d=0.3880m in_range=False f_mag=0.000N tau_mag=0.0000Nm misalign_deg=105.5 pos=[0.07025486 0.29465243 0.5066335 ] bottom_world=[0.06491829 0.27701885 0.49885034] quat=[ 0.7891958  -0.4494403   0.32159576  0.2678613 ] speed=0.1049 ang_speed=4.4951 ang_vel_vec=[-4.0248265   0.21770631 -1.9897871 ] |com_force|=0.0000N
### kotek_magnet[tick=19200] sensor4: d=0.3751m in_range=False f_mag=0.000N tau_mag=0.0000Nm misalign_deg=115.4 pos=[0.08607057 0.2931305  0.5012023 ] bottom_world=[0.07750762 0.27670548 0.49365942] quat=[ 0.80225825 -0.41250488  0.37585637  0.21202195] speed=0.1104 ang_speed=4.4605 ang_vel_vec=[-3.9814095   0.82331705 -1.834933  ] |com_force|=0.0000N
### kotek_magnet[tick=19260] sensor4: d=0.3621m in_range=False f_mag=0.000N tau_mag=0.0000Nm misalign_deg=125.2 pos=[0.10160838 0.2906185  0.4958253 ] bottom_world=[0.09008309 0.27595548 0.48860288] quat=[ 0.8102307  -0.37071416  0.42662725  0.15519828] speed=0.1125 ang_speed=4.1102 ang_vel_vec=[-3.5227718  1.2045572 -1.7414341] |com_force|=0.0000N
### kotek_magnet[tick=19320] sensor4: d=0.3492m in_range=False f_mag=0.000N tau_mag=0.0000Nm misalign_deg=134.8 pos=[0.1166182  0.28722197 0.49047604] bottom_world=[0.10253722 0.27477241 0.48363978] quat=[ 0.8130867  -0.32526353  0.4725433   0.09897848] speed=0.1138 ang_speed=4.0738 ang_vel_vec=[-3.3179314  1.7598605 -1.5778683] |com_force|=0.0000N
### kotek_magnet[tick=19380] sensor4: d=0.3359m in_range=False f_mag=0.000N tau_mag=0.0000Nm misalign_deg=144.2 pos=[0.13143787 0.28297448 0.48515618] bottom_world=[0.1152187  0.27316629 0.47877356] quat=[ 0.8110233  -0.27538133  0.51439255  0.04250485] speed=0.1206 ang_speed=4.0291 ang_vel_vec=[-3.0325708  2.2492592 -1.4064347] |com_force|=0.0000N
### kotek_magnet[tick=19440] sensor4: d=0.3224m in_range=False f_mag=0.000N tau_mag=0.0000Nm misalign_deg=153.2 pos=[0.14597079 0.2779273  0.47985625] bottom_world=[0.12811374 0.27109159 0.47399121] quat=[ 0.8040185  -0.22175992  0.55154014 -0.01342809] speed=0.1286 ang_speed=4.0010 ang_vel_vec=[-2.6673741  2.7088678 -1.2469047] |com_force|=0.0000N
### kotek_magnet[tick=19500] sensor4: d=0.3087m in_range=False f_mag=0.000N tau_mag=0.0000Nm misalign_deg=161.2 pos=[0.16011873 0.27221623 0.47468683] bottom_world=[0.141181   0.26856561 0.46939199] quat=[ 0.7923164  -0.16515994  0.5833962  -0.06786719] speed=0.1362 ang_speed=4.0047 ang_vel_vec=[-2.2392998  3.1406841 -1.0767205] |com_force|=0.0000N
### kotek_magnet[tick=19560] sensor4: d=0.2947m in_range=False f_mag=0.000N tau_mag=0.0000Nm misalign_deg=166.5 pos=[0.17393883 0.26586002 0.46963763] bottom_world=[0.1544955  0.26550979 0.46496489] quat=[ 0.77608556 -0.10594212  0.6098834  -0.12045632] speed=0.1429 ang_speed=4.0356 ang_vel_vec=[-1.7232311   3.5362506  -0.90066063] |com_force|=0.0000N
### kotek_magnet[tick=19620] sensor4: d=0.2802m in_range=False f_mag=0.000N tau_mag=0.0000Nm misalign_deg=165.6 pos=[0.18758243 0.25882354 0.464738  ] bottom_world=[0.16821432 0.26180501 0.46073962] quat=[ 0.7554595  -0.0441509   0.6309445  -0.17099892] speed=0.1485 ang_speed=4.1139 ang_vel_vec=[-1.1225369   3.8960528  -0.69635826] |com_force|=0.0000N
### kotek_magnet[tick=19680] sensor4: d=0.2650m in_range=False f_mag=0.000N tau_mag=0.0000Nm misalign_deg=159.3 pos=[0.20113578 0.25103682 0.45996198] bottom_world=[0.18242212 0.2572916  0.45669449] quat=[ 0.7304914   0.02003329  0.64646065 -0.21924797] speed=0.1571 ang_speed=4.1973 ang_vel_vec=[-0.41474807  4.150403   -0.4681654 ] |com_force|=0.0000N
### kotek_magnet[tick=19740] sensor4: d=0.2498m in_range=False f_mag=0.000N tau_mag=0.0000Nm misalign_deg=151.3 pos=[0.21417974 0.24281704 0.4554891 ] bottom_world=[0.19664078 0.25209737 0.45298699] quat=[ 0.7022685   0.08433753  0.65599877 -0.2633855 ] speed=0.1554 ang_speed=4.2993 ang_vel_vec=[ 0.32818988  4.277717   -0.27775276] |com_force|=0.0000N
### kotek_magnet[tick=19800] sensor4: d=0.2337m in_range=False f_mag=0.000N tau_mag=0.0000Nm misalign_deg=142.4 pos=[0.22734708 0.23367895 0.4512098 ] bottom_world=[0.21149701 0.2457605  0.44953296] quat=[ 0.6701182   0.15066762  0.6598317  -0.30473453] speed=0.1616 ang_speed=4.4134 ang_vel_vec=[1.1256599e+00 4.2674708e+00 3.2222867e-03] |com_force|=0.0000N
### kotek_magnet[tick=19860] sensor4: d=0.2178m in_range=False f_mag=0.000N tau_mag=0.0000Nm misalign_deg=133.7 pos=[0.23979329 0.2241993  0.44726974] bottom_world=[0.22597745 0.23863642 0.4464379 ] quat=[ 0.6361215   0.21483062  0.6580668  -0.340801  ] speed=0.1597 ang_speed=4.5080 ang_vel_vec=[1.8921242  4.088514   0.15985164] |com_force|=0.0000N
### kotek_magnet[tick=19920] sensor4: d=0.2007m in_range=False f_mag=0.000N tau_mag=0.0000Nm misalign_deg=124.5 pos=[0.25272018 0.2134019  0.4434925 ] bottom_world=[0.24138321 0.22987805 0.44359061] quat=[ 0.5979122   0.28181538  0.65040976 -0.3742303 ] speed=0.1670 ang_speed=4.6055 ang_vel_vec=[2.6665778  3.7232678  0.48733234] |com_force|=0.0000N
### kotek_magnet[tick=19980] sensor4: d=0.1842m in_range=False f_mag=0.000N tau_mag=0.0000Nm misalign_deg=115.8 pos=[0.26493445 0.20221092 0.44015962] bottom_world=[0.25623847 0.22019115 0.44120426] quat=[ 0.558866    0.34572312  0.63764524 -0.40193653] speed=0.1723 ang_speed=4.6958 ang_vel_vec=[3.3343322 3.2066367 0.8061521] |com_force|=0.0000N
### kotek_magnet[tick=20040] sensor4: d=0.1672m in_range=False f_mag=0.000N tau_mag=0.0000Nm misalign_deg=106.9 pos=[0.27717766 0.18985559 0.43706098] bottom_world=[0.2713586  0.20887784 0.43913283] quat=[ 0.5168289   0.41024628  0.61926913 -0.42554864] speed=0.1753 ang_speed=4.7821 ang_vel_vec=[3.923737  2.5238264 1.0503957] |com_force|=0.0000N
### kotek_magnet[tick=20100] sensor4: d=0.1510m in_range=False f_mag=0.000N tau_mag=0.0000Nm misalign_deg=98.4 pos=[0.28890905 0.17678493 0.43439043] bottom_world=[0.28599515 0.19632094 0.43752947] quat=[ 0.47384965  0.47232428  0.59614253 -0.44383606] speed=0.1810 ang_speed=4.6547 ang_vel_vec=[4.197166  1.6210206 1.1926718] |com_force|=0.0000N
### kotek_magnet[tick=20160] sensor4: d=0.1360m in_range=False f_mag=0.000N tau_mag=0.0000Nm misalign_deg=90.2 pos=[0.30020222 0.16281003 0.4321824 ] bottom_world=[0.30013959 0.1823535  0.4364308 ] quat=[ 0.4302631  0.5320237  0.5684723 -0.4567973] speed=0.1846 ang_speed=4.7837 ang_vel_vec=[4.519096   0.61679745 1.442714  ] |com_force|=0.0000N
### kotek_magnet[tick=20220] sensor4: d=0.1263m in_range=False f_mag=0.000N tau_mag=0.0000Nm misalign_deg=84.5 pos=[0.30807284 0.1520919  0.43086687] bottom_world=[0.30999862 0.17133966 0.43594775] quat=[ 0.39838633  0.57372475  0.54576737 -0.46288902] speed=0.1902 ang_speed=4.8367 ang_vel_vec=[ 4.507389   -0.03674822  1.7537777 ] |com_force|=0.0000N
### kotek_magnet[tick=20280] sensor4: d=0.1255m in_range=False f_mag=0.000N tau_mag=0.0000Nm misalign_deg=85.1 pos=[0.3046362  0.15643702 0.42455044] bottom_world=[0.30634986 0.17573898 0.4295    ] quat=[ 0.4008993   0.5670079   0.54976445 -0.46426395] speed=0.1798 ang_speed=4.7775 ang_vel_vec=[4.439398   0.02554594 1.7651192 ] |com_force|=0.0000N
### kotek_magnet[tick=20340] sensor4: d=0.1077m in_range=False f_mag=0.000N tau_mag=0.0000Nm misalign_deg=84.7 pos=[0.31605712 0.15940101 0.4085261 ] bottom_world=[0.31789229 0.17866786 0.41356801] quat=[ 0.39912936  0.5709423   0.54778904 -0.46330106] speed=0.1686 ang_speed=4.7034 ang_vel_vec=[ 4.3800826e+00 -1.8947124e-03  1.7136171e+00] |com_force|=0.0000N
### kotek_magnet[tick=20400] sensor4: d=0.0862m in_range=True f_mag=1.715N tau_mag=0.0017Nm misalign_deg=84.3 pos=[0.3294862  0.16259533 0.38630542] bottom_world=[0.33146627 0.18183952 0.39137893] quat=[ 0.39679384  0.5731843   0.5461661  -0.46445334] speed=0.2259 ang_speed=5.5490 ang_vel_vec=[ 5.1183696  -2.1417196  -0.07929146] |com_force|=0.4177N
### still playing, 1039s left
### kotek_magnet[tick=20460] sensor4: d=0.1027m in_range=False f_mag=0.000N tau_mag=0.0000Nm misalign_deg=91.9 pos=[0.3080521  0.15231058 0.3940362 ] bottom_world=[0.30738416 0.17160138 0.38879991] quat=[ 0.3007871   0.2104668   0.56990916 -0.73514247] speed=0.2419 ang_speed=7.5277 ang_vel_vec=[-1.8356419  5.037968   5.283523 ] |com_force|=0.0000N
### kotek_magnet[tick=20520] sensor4: d=0.1429m in_range=False f_mag=0.000N tau_mag=0.0000Nm misalign_deg=123.9 pos=[0.29993117 0.14247338 0.25179508] bottom_world=[0.28877601 0.15661623 0.26048659] quat=[ 0.17420839 -0.27767482  0.8001152  -0.5023583 ] speed=0.3000 ang_speed=0.5563 ang_vel_vec=[0.20806691 0.49206117 0.1550282 ] |com_force|=0.0000N
### kotek_magnet[tick=20580] sensor4: d=0.2276m in_range=False f_mag=0.000N tau_mag=0.0000Nm misalign_deg=96.0 pos=[0.32609054 0.14626226 0.12545472] bottom_world=[0.32400993 0.16318538 0.13590839] quat=[-0.29705215 -0.6111234   0.622792   -0.3878382 ] speed=0.3000 ang_speed=2.0794 ang_vel_vec=[ 1.8539103  -0.02198049 -0.9416055 ] |com_force|=0.0000N
### kotek_magnet[tick=20640] sensor4: d=0.3186m in_range=False f_mag=0.000N tau_mag=0.0000Nm misalign_deg=90.0 pos=[0.33097664 0.12463563 0.0199999 ] bottom_world=[0.33097639 0.12463561 0.0399999 ] quat=[ 4.7343251e-06 -7.1042472e-01  7.0377326e-01 -4.0870273e-06] speed=0.0007 ang_speed=0.0013 ang_vel_vec=[-0.00056499  0.0009329  -0.00075788] |com_force|=0.0000N
### kotek_magnet[tick=20700] sensor4: d=0.3186m in_range=False f_mag=0.000N tau_mag=0.0000Nm misalign_deg=90.0 pos=[0.33097664 0.12463562 0.01999988] bottom_world=[0.33097639 0.1246356  0.03999988] quat=[ 4.7813014e-06 -7.1042466e-01  7.0377332e-01 -4.0664154e-06] speed=0.0007 ang_speed=0.0013 ang_vel_vec=[-0.00056528  0.00093277 -0.00075816] |com_force|=0.0000N
### kotek_magnet[tick=20760] sensor4: d=0.3186m in_range=False f_mag=0.000N tau_mag=0.0000Nm misalign_deg=90.0 pos=[0.33097664 0.12463563 0.01999989] bottom_world=[0.33097638 0.12463561 0.03999989] quat=[ 4.7773842e-06 -7.1042466e-01  7.0377332e-01 -4.0943828e-06] speed=0.0007 ang_speed=0.0013 ang_vel_vec=[-0.00056521  0.00093297 -0.00075789] |com_force|=0.0000N
### kotek_magnet[tick=20820] sensor4: d=0.3186m in_range=False f_mag=0.000N tau_mag=0.0000Nm misalign_deg=90.0 pos=[0.33097664 0.12463564 0.0199999 ] bottom_world=[0.33097639 0.12463562 0.03999991] quat=[ 4.7999074e-06 -7.1042466e-01  7.0377332e-01 -4.0180184e-06] speed=0.0007 ang_speed=0.0013 ang_vel_vec=[-0.00056586  0.00093476 -0.00075794] |com_force|=0.0000N
### kotek_magnet[tick=20880] sensor4: d=0.3186m in_range=False f_mag=0.000N tau_mag=0.0000Nm misalign_deg=90.0 pos=[0.33097664 0.12463564 0.01999988] bottom_world=[0.33097639 0.12463561 0.03999988] quat=[ 4.7961762e-06 -7.1042466e-01  7.0377332e-01 -4.0461946e-06] speed=0.0007 ang_speed=0.0013 ang_vel_vec=[-0.00056546  0.00093322 -0.00075817] |com_force|=0.0000N
