WARNING: All log messages before absl::InitializeLog() is called are written to STDERR
E0000 00:00:1789309036.586154  159241 descriptor_database.cc:633] File already exists in database: grpc/health/v1/health.proto
W0000 00:00:1789309036.586181  159241 message.cc:301] Protobuf GeneratedMessageFactory: File is already registered: grpc/health/v1/health.proto
2026-09-13T14:17:16Z [Info] [carb] Logging to file: /home/trs/env_isaaclab/lib/python3.12/site-packages/isaacsim/kit/logs/Kit/Isaac-Sim Python/6.0/kit_20260913_231716.log
[0.053s] [ext: omni.assets.plugins-0.0.0] startup
[0.054s] [ext: omni.blobkey-1.1.2] startup
[0.054s] [ext: omni.kit.async_engine-0.0.3] startup
[0.114s] [ext: omni.client.lib-1.1.1] startup
[0.121s] [ext: omni.client-1.3.0] startup
[0.124s] [ext: omni.protobuf.lib-1.0.0] startup
[0.124s] [ext: omni.grpc.lib-1.0.0] startup
[0.127s] [ext: omni.metrics.core-0.0.3] startup
[0.127s] [ext: omni.datastore-0.0.0] startup
[0.128s] [ext: omni.gpu_foundation.shadercache.vulkan-1.0.0] startup
[0.130s] [ext: omni.hsscclient-1.1.4] startup
[0.130s] [ext: omni.stats-1.0.1] startup
[0.130s] [ext: omni.ujitso.default-1.0.0] startup
[0.132s] [ext: omni.gpu_foundation-0.0.0] startup
[0.304s] [ext: carb.windowing.plugins-1.0.1] startup
[0.305s] [ext: omni.kit.renderer.init-1.0.1] startup

|---------------------------------------------------------------------------------------------|
| Driver Version: 595.84        | Graphics API: Vulkan
|=============================================================================================|
| GPU | Name                             | Active | LDA | GPU Memory | Vendor-ID | LUID       |
|     |                                  |        |     |            | Device-ID | UUID       |
|     |                                  |        |     |            | Bus-ID    |            |
|---------------------------------------------------------------------------------------------|
| 0   | NVIDIA RTX A6000                 | Yes: 0 |     | 49140   MB | 10de      | 0          |
|     |                                  |        |     |            | 2230      | 1d7cbbed.. |
|     |                                  |        |     |            | 1         |            |
|=============================================================================================|
| OS: 24.04.4 LTS (Noble Numbat) ubuntu, Version: 24.04.4, Kernel: 7.0.0-31-generic
| XServer Vendor: The X.Org Foundation, XServer Version: 12101011 (1.21.1.11)
| Processor: Intel(R) Core(TM) i9-14900KF
| Cores: 24 | Logical Cores: 32
|---------------------------------------------------------------------------------------------|
| Total Memory (MB): 64135 | Free Memory: 57720
| Total Page/Swap (MB): 8191 | Free Page/Swap: 8191
|---------------------------------------------------------------------------------------------|
2026-09-13T14:17:17Z [809ms] [Warning] [omni.rtx] CPU performance profile is set to powersave. This profile sets the CPU to the lowest frequency reducing performance.
2026-09-13T14:17:17Z [819ms] [Warning] [omni.rtx] IOMMU is enabled.
[0.928s] [ext: omni.kit.pipapi-0.0.0] startup
[0.929s] [ext: omni.kit.telemetry-0.5.2] startup
[0.952s] [ext: omni.kit.loop-isaac-1.6.0] startup
[0.953s] [ext: omni.kit.test-2.0.7] startup
[0.988s] [ext: omni.materialx.libs-1.0.9] startup
[0.993s] [ext: omni.gpucompute.plugins-0.0.0] startup
[0.993s] [ext: omni.usd.config-1.0.7] startup
[0.995s] [ext: omni.usd.libs-1.0.3] startup
[1.051s] [ext: omni.iray.libs-0.0.1] startup
[1.054s] [ext: omni.mdl-57.0.3] startup
[1.089s] [ext: omni.mdl.neuraylib-0.2.20] startup
[1.090s] [ext: omni.kit.usd.mdl-1.1.9] startup
[1.156s] [ext: omni.appwindow-1.2.2] startup
[1.158s] [ext: omni.kit.renderer.core-1.2.2] startup
[1.185s] [ext: omni.kit.renderer.capture-2.0.1] startup
[1.187s] [ext: omni.kit.renderer.imgui-2.0.6] startup
[1.222s] [ext: omni.ui-3.1.3] startup
[1.228s] [ext: omni.kit.mainwindow-1.0.3] startup
[1.229s] [ext: carb.audio-0.1.0] startup
[1.231s] [ext: omni.uiaudio-1.0.0] startup
[1.231s] [ext: omni.kit.uiapp-0.0.0] startup
[1.231s] [ext: omni.usd.schema.metrics.assembler-110.1.0] startup
[1.233s] [ext: omni.usd.schema.audio-0.0.1] startup
[1.235s] [ext: omni.usd_resolver-1.0.0] startup
[1.236s] [ext: omni.usd.core-1.8.3] startup
[1.239s] [ext: omni.metropolis.schema-0.0.3] startup
[1.239s] [ext: isaacsim.anim.robot.schema-0.1.1] startup
[1.239s] [ext: omni.usd.schema.anim-0.0.1] startup
[1.251s] [ext: omni.usd.schema.geospatial-0.0.1] startup
[1.253s] [ext: omni.usd.schema.omnigraph-1.0.1] startup
[1.256s] [ext: omni.usd.schema.semantics-0.0.0] startup
[1.258s] [ext: omni.activity.core-1.0.3] startup
[1.258s] [ext: omni.cubric-0.1.0] startup
[1.258s] [ext: omni.graph.exec-0.9.6] startup
[1.259s] [ext: omni.hydra.scene_delegate-0.3.5] startup
[1.261s] [ext: usdrt.scenegraph-7.6.3] startup
[1.277s] [ext: omni.hydra.usdrt_delegate-7.5.2] startup
[1.281s] [ext: omni.inspect-1.0.2] startup
[1.282s] [ext: omni.kit.actions.core-1.0.0] startup
[1.283s] [ext: omni.kit.audiodeviceenum-1.0.2] startup
[1.284s] [ext: omni.kit.commands-1.5.0] startup
[1.285s] [ext: omni.kit.exec.core-0.13.5] startup
[1.286s] [ext: omni.kit.usd_undo-0.1.8] startup
[1.286s] [ext: omni.kit.window.popup_dialog-2.0.25] startup
[1.289s] [ext: omni.kit.widget.nucleus_connector-2.3.1] startup
[1.290s] [ext: omni.timeline-1.1.0] startup
[1.291s] [ext: omni.usd-1.15.2] startup
[1.316s] [ext: omni.graph.core-3.1.2] startup
[1.318s] [ext: omni.kit.notification_manager-1.0.11] startup
[1.319s] [ext: isaacsim.core.deprecation_manager-0.4.2] startup
[1.319s] [ext: isaacsim.replicator.agent.schema-0.1.1] startup
[1.320s] [ext: isaacsim.robot.schema-6.3.6] startup
[1.323s] [ext: isaacsim.robot_motion.schema-0.2.0] startup
[1.323s] [ext: omni.anim.behavior.schema-110.1.0] startup
[1.325s] [ext: omni.anim.graph.schema-110.1.1] startup
[1.329s] [ext: omni.anim.navigation.schema-110.1.0] startup
[1.330s] [ext: omni.behavior.tree.schema-110.1.0] startup
[1.331s] [ext: omni.kit.asset_converter-5.1.4] startup
[1.338s] [ext: omni.usd.schema.flow-110.0.0] startup
[1.338s] [ext: omni.usd.schema.mujoco-1.1.0] startup
[1.338s] [ext: omni.usd.schema.newton-1.2.0] startup
[1.339s] [ext: omni.usd.schema.omni_lens_distortion-1.0.0] startup
[1.339s] [ext: omni.usd.schema.omni_projectors-1.0.0] startup
[1.339s] [ext: omni.usd.schema.omni_sensors-0.0.0] startup
[1.344s] [ext: omni.usd.schema.omniscripting-1.0.1] startup
[1.346s] [ext: omni.usd.schema.physical_lighting-0.1.0] startup
[1.348s] [ext: omni.usd.schema.physx-110.1.11] startup
[1.366s] [ext: omni.usd.schema.render_settings.rtx-1.0.2] startup
[1.368s] [ext: omni.usd.schema.usd_particle_field-1.0.0] startup
[1.368s] [ext: isaacsim.core.version-2.1.0] startup
[1.368s] [ext: omni.kit.menu.core-1.2.0] startup
[1.369s] [ext: omni.kit.menu.utils-2.2.3] startup
[1.373s] [ext: isaacsim.app.about-2.3.0] startup
[1.376s] [ext: isaacsim.asset.transformer-1.2.3] startup
[1.378s] [ext: omni.scene.optimizer.core-110.1.0] startup
[1.416s] [ext: isaacsim.asset.importer.utils-1.8.0] startup
[1.418s] [ext: omni.convexdecomposition-110.1.11] startup
[1.419s] [ext: omni.physics-110.1.11] startup
[1.421s] [ext: omni.physx.gpu-110.1.11] startup
[1.421s] [ext: omni.physx.foundation-110.1.11] startup
[1.422s] [ext: omni.usdphysics-110.1.11] startup
[1.423s] [ext: omni.physx.cooking-110.1.11] startup
[1.425s] [ext: omni.physx-110.1.11] startup
[1.431s] [ext: omni.physics.physx-110.1.11] startup
[1.432s] [ext: isaacsim.asset.exporter.urdf-2.0.3] startup
[1.437s] [ext: omni.kit.clipboard-1.1.1] startup
[1.438s] [ext: omni.kit.usd.layers-2.6.1] startup
[1.442s] [ext: omni.kit.widget.context_menu-1.4.0] startup
[1.443s] [ext: omni.kit.context_menu-1.9.0] startup
[1.444s] [ext: omni.kit.helper.file_utils-0.1.10] startup
[1.445s] [ext: omni.kit.widget.nucleus_info-2.0.2] startup
[1.445s] [ext: omni.kit.search_core-1.0.8] startup
[1.445s] [ext: omni.kit.widget.path_field-2.0.13] startup
[1.446s] [ext: omni.kit.widget.browser_bar-2.0.10] startup
[1.446s] [ext: omni.kit.widget.filebrowser-2.13.4] startup
[1.449s] [ext: omni.kit.widget.options_menu-1.1.6] startup
[1.450s] [ext: omni.kit.widget.options_button-1.0.3] startup
[1.451s] [ext: omni.kit.widget.search_delegate-1.0.9] startup
[1.451s] [ext: omni.ui.scene-2.0.1] startup
[1.454s] [ext: omni.kit.window.filepicker-2.15.5] startup
[1.462s] [ext: omni.kit.window.file_importer-1.1.21] startup
[1.463s] [ext: omni.kit.material.library-3.1.2] startup
[1.466s] [ext: isaacsim.asset.transformer.rules-1.7.8] startup
[1.472s] [ext: omni.usdex.libs-2.2.2] startup
[1.478s] [ext: isaacsim.asset.importer.mjcf-3.10.0] startup
[1.479s] [ext: isaacsim.asset.importer.urdf-3.11.0] startup
[1.482s] [ext: omni.kit.primitive.mesh-1.1.0] startup
[1.483s] [ext: omni.kit.stage_template.core-1.1.22] startup
[1.483s] [ext: omni.kit.stage_templates-2.0.2] startup
[1.484s] [ext: omni.usd.metrics.assembler-110.1.2] startup
[1.486s] [ext: omni.warp.core-1.13.0] startup
[1.601s] [ext: isaacsim.core.experimental.utils-0.17.1] startup
[1.602s] [ext: omni.physics.stageupdate-110.1.11] startup
[1.603s] [ext: omni.physics.tensors-110.1.11] startup
[1.605s] [ext: omni.physx.tensors-110.1.11] startup
[1.609s] [ext: isaacsim.core.simulation_manager-1.15.4] startup
2026-09-13T14:17:18Z [1,591ms] [Warning] [isaacsim.core.simulation_manager.plugin] USD stage is not available; stage-opened subscription is deferred
2026-09-13T14:17:18Z [1,591ms] [Warning] [isaacsim.core.simulation_manager.plugin] USD stage is not available; stage-opened subscription is deferred
[1.618s] [ext: isaacsim.storage.native-1.9.2] startup
[1.619s] [ext: omni.usd.metrics.assembler.physics-110.1.11] startup
[1.620s] [ext: isaacsim.core.utils-4.1.6] startup
[1.622s] [ext: isaacsim.core.prims-0.11.6] startup
[2.349s] [ext: isaacsim.core.api-5.2.12] startup
[2.354s] [ext: isaacsim.core.cloner-1.7.2] startup
[2.355s] [ext: isaacsim.test.docstring-1.3.1] startup
[2.356s] [ext: isaacsim.core.experimental.prims-1.8.8] startup
[2.371s] [ext: isaacsim.core.experimental.primdata-0.3.2] startup
[2.372s] [ext: omni.graph.tools-1.81.0] startup
[2.386s] [ext: omni.graph-1.142.5] startup
[2.410s] [ext: isaacsim.core.experimental.actuators-0.1.0] startup
[3.641s] [ext: isaacsim.core.experimental.materials-0.7.0] startup
[3.643s] [ext: isaacsim.core.experimental.objects-0.8.0] startup
[3.682s] [ext: omni.hydra.engine.stats-1.0.5] startup
[3.684s] [ext: omni.hydra.rtx.shadercache.vulkan-1.0.0] startup
[3.685s] [ext: omni.index.libs-387500.3473.0] startup
[3.685s] [ext: omni.index-1.0.1] startup
[3.685s] [ext: omni.ujitso.client-0.0.0] startup
[3.686s] [ext: omni.usd.schema.playback-1.0.0] startup
[3.688s] [ext: omni.volume-0.5.2] startup
[3.691s] [ext: omni.hydra.rtx-1.0.3] startup
2026-09-13T14:17:20Z [3,675ms] [Warning] [omni.log] Source: omni.hydra was already registered.
[3.714s] [ext: omni.kit.hydra_texture-1.6.0] startup
[3.716s] [ext: omni.kit.raycast.query-1.2.0] startup
[3.720s] [ext: omni.kit.viewport.legacy_gizmos-1.0.24] startup
[3.722s] [ext: omni.kit.viewport.registry-104.0.6] startup
[3.722s] [ext: omni.kit.viewport.scene_camera_model-1.0.7] startup
[3.725s] [ext: omni.kit.widget.viewport-109.2.0] startup
[3.728s] [ext: omni.kit.window.drop_support-1.0.8] startup
[3.729s] [ext: omni.kit.viewport.window-109.0.2] startup
[3.740s] [ext: omni.kit.viewport.utility-2.0.1] startup
[3.740s] [ext: isaacsim.core.rendering_manager-0.4.2] startup
[3.753s] [ext: omni.graph.action_core-1.1.9] startup
[3.754s] [ext: omni.graph.action_nodes_core-2.10.2] startup
[3.756s] [ext: omni.graph.action_nodes-2.10.3] startup
[3.775s] [ext: omni.graph.action-2.10.2] startup
[3.776s] [ext: omni.graph.image.core-0.6.1] startup
[3.776s] [ext: omni.graph.image.nodes-1.3.1] startup
[3.777s] [ext: omni.graph.nodes_core-2.10.3] startup
[3.781s] [ext: omni.graph.nodes-2.11.1] startup
[3.785s] [ext: omni.kit.hotkeys.core-1.3.12] startup
[3.786s] [ext: omni.kit.property.adapter.core-1.1.1] startup
[3.787s] [ext: omni.kit.property.adapter.usd-1.0.5] startup
[3.788s] [ext: omni.kit.widget.filter-1.1.5] startup
[3.789s] [ext: omni.kit.widget.highlight_label-1.0.3] startup
[3.789s] [ext: omni.kit.widget.searchfield-1.1.8] startup
[3.790s] [ext: omni.kit.window.file_exporter-1.0.36] startup
[3.791s] [ext: omni.kit.widget.stage-4.3.0] startup
[3.797s] [ext: omni.kit.window.content_browser_registry-0.0.6] startup
[3.798s] [ext: omni.kit.window.file-2.0.10] startup
[3.800s] [ext: omni.kit.window.content_browser-3.1.8] startup
[3.807s] [ext: omni.kit.window.property-1.15.1] startup
[3.815s] [ext: omni.kit.property.usd-4.8.1] startup
[3.821s] [ext: omni.graph.scriptnode-2.10.2] startup
[3.828s] [ext: omni.kit.widget.searchable_combobox-1.0.7] startup
[3.829s] [ext: omni.kit.widget.settings-2.0.0] startup
[3.830s] [ext: omni.kit.window.preferences-1.8.3] startup
[3.833s] [ext: omni.kit.viewport.menubar.core-107.2.2] startup
[3.841s] [ext: omni.syntheticdata-0.6.15] startup
[3.860s] [ext: omni.replicator.nv-1.1.1] startup
[3.864s] [ext: omni.videoencoding-0.2.1] startup
[3.865s] [ext: omni.replicator.core-1.13.25] startup
2026-09-13T14:17:20Z [3,845ms] [Warning] [pxr.Semantics] pxr.Semantics is deprecated - please use Semantics instead
2026-09-13T14:17:20Z [3,895ms] [Warning] [omni.replicator.core.scripts.extension] No material configuration file, adding configuration to material settings directly.
[4.027s] [ext: isaacsim.core.nodes-5.10.4] startup
[4.049s] [ext: isaacsim.core.throttling-2.3.3] startup
[4.050s] [ext: omni.kit.manipulator.viewport-107.0.1] startup
[4.051s] [ext: omni.graph.visualization.nodes-2.1.4] startup
[4.062s] [ext: omni.kit.window.extensions-1.5.7] startup
[4.066s] [ext: isaacsim.gui.components-1.8.4] startup
[4.069s] [ext: isaacsim.robot.surface_gripper-3.6.1] startup
[4.076s] [ext: isaacsim.robot.manipulators-3.4.4] startup
[4.084s] [ext: isaacsim.robot_motion.lula-4.1.2] startup
[4.088s] [ext: isaacsim.robot_motion.motion_generation-8.2.8] startup
[4.092s] [ext: isaacsim.cortex.framework-1.0.17] startup
[4.094s] [ext: isaacsim.cortex.behaviors-2.0.16] startup
[4.095s] [ext: isaacsim.examples.base-1.3.1] startup
[4.096s] [ext: omni.kit.widget.zoombar-1.0.7] startup
[4.097s] [ext: omni.kit.browser.core-2.3.18] startup
[4.099s] [ext: omni.kit.browser.folder.core-2.0.2] startup
[4.102s] [ext: omni.kit.widget.stage_icons-1.0.8] startup
[4.103s] [ext: omni.kit.window.stage-2.6.1] startup
[4.106s] [ext: omni.kit.menu.stage-1.2.7] startup
[4.107s] [ext: omni.kit.usd.collect-3.0.5] startup
[4.108s] [ext: omni.kit.widget.prompt-1.0.7] startup
[4.109s] [ext: omni.kit.tool.collect-2.2.19] startup
[4.110s] [ext: isaacsim.examples.browser-0.3.1] startup
[4.112s] [ext: omni.kit.search.files-1.0.4] startup
[4.113s] [ext: omni.kit.widget.calendar-1.0.9] startup
[4.114s] [ext: omni.kit.widget.extended_searchfield-1.0.31] startup
[4.119s] [ext: omni.simready.content.browser-0.3.7] startup
[4.182s] [ext: isaacsim.gui.content_browser-0.4.2] startup
[4.184s] [ext: omni.kit.selection-0.1.6] startup
[4.184s] [ext: isaacsim.gui.menu-2.10.5] startup
[4.190s] [ext: isaacsim.gui.property-1.6.2] startup
[4.195s] [ext: omni.kit.viewport.actions-107.0.2] startup
[4.197s] [ext: omni.kit.viewport.menubar.display-107.1.3] startup
[4.199s] [ext: isaacsim.gui.sensors.icon-2.2.0] startup
[4.201s] [ext: omni.behavior.scripting.core-110.1.0] startup
[4.203s] [ext: isaacsim.replicator.behavior-1.5.3] startup
[4.203s] [ext: isaacsim.replicator.experimental.domain_randomization-1.2.4] startup
[4.215s] [ext: isaacsim.replicator.domain_randomization-1.2.1] startup
[4.266s] [ext: isaacsim.replicator.writers-1.5.3] startup
[4.283s] [ext: isaacsim.robot.experimental.wheeled_robots-0.2.9] startup
[4.297s] [ext: isaacsim.robot.policy.examples-5.2.11] startup
[4.311s] [ext: isaacsim.robot.wheeled_robots-5.2.3] startup
[4.314s] [ext: isaacsim.robot.wheeled_robots.nodes-0.1.2] startup
[4.327s] [ext: isaacsim.robot_motion.experimental.motion_generation-6.1.2] startup
[4.335s] [ext: isaacsim.robot_motion.cumotion-1.3.0] startup
[4.344s] [ext: omni.kit.numpy.common-0.1.3] startup
[4.345s] [ext: isaacsim.sensors.camera-1.7.8] startup
[4.364s] [ext: isaacsim.sensors.experimental.physics-3.0.1] startup
[4.369s] [ext: omni.sensors.net-1.0.1] startup
[4.371s] [ext: omni.sensors.nv.common-3.0.0] startup
[4.379s] [ext: omni.sensors.nv.materials-2.0.0] startup
[4.382s] [ext: omni.sensors.nv.acoustic-3.0.0] startup
[4.384s] [ext: omni.sensors.nv.ids-2.0.1] startup
[4.385s] [ext: omni.sensors.nv.lidar-3.0.0] startup
[4.388s] [ext: omni.sensors.nv.radar-3.0.0] startup
[4.390s] [ext: isaacsim.sensors.experimental.rtx-1.4.3] startup
[4.553s] [ext: isaacsim.sensors.physics.nodes-1.5.2] startup
[4.558s] [ext: isaacsim.util.debug_draw-3.2.2] startup
[4.562s] [ext: isaacsim.sensors.physx-2.5.4] startup
[4.568s] [ext: isaacsim.sensors.rtx-15.17.0] startup
[4.576s] [ext: isaacsim.simulation_app-2.18.3] startup
[4.577s] [ext: omni.anim.curve.core-1.6.0] startup
[4.583s] [ext: omni.graph.ui_nodes-2.10.5] startup
[4.607s] [ext: omni.hydra.scene_api-0.1.3] startup
[4.610s] [ext: omni.kit.manipulator.camera-110.0.0] startup
[4.613s] [ext: omni.kit.manipulator.selector-1.1.4] startup
[4.614s] [ext: omni.kit.manipulator.transform-107.0.0] startup
[4.617s] [ext: omni.kit.widget.toolbar-2.1.0] startup
[4.621s] [ext: omni.kit.manipulator.tool.snap-1.5.14] startup
[4.623s] [ext: omni.kit.viewport.manipulator.transform-107.0.4] startup
[4.625s] [ext: omni.kit.manipulator.prim.core-108.0.2] startup
[4.628s] [ext: omni.kit.manipulator.prim.usd-107.0.3] startup
[4.629s] [ext: omni.kit.manipulator.prim-108.0.0] startup
[4.629s] [ext: omni.kit.manipulator.selection-109.0.1] startup
[4.630s] [ext: omni.kit.menu.create-2.0.2] startup
[4.631s] [ext: omni.kit.property.audio-1.0.16] startup
[4.634s] [ext: omni.kit.property.camera-1.0.14] startup
[4.635s] [ext: omni.kit.property.geometry-2.1.2] startup
[4.637s] [ext: omni.kit.property.light-1.0.14] startup
2026-09-13T14:17:21Z [4,630ms] [Warning] [omni.usd] Encountered USD Warnings but USD Diagnostics are currently muted. To view USD Warnings, please set the '/persistent/app/usd/muteUsdDiagnostics' setting to false in Preferences page.
[4.663s] [ext: omni.kit.property.material-1.14.2] startup
[4.666s] [ext: omni.kit.property.render-1.2.2] startup
[4.667s] [ext: omni.kit.property.transform-1.6.9] startup
[4.670s] [ext: omni.kit.property.bundle-1.5.1] startup
[4.671s] [ext: omni.kit.usdz_export-1.1.0] startup
[4.672s] [ext: omni.kit.tool.asset_importer-5.2.0] startup
[4.676s] [ext: omni.kit.ui.actions-1.0.5] startup
[4.677s] [ext: omni.kit.viewport.menubar.camera-107.0.10] startup
[4.680s] [ext: omni.kit.viewport.menubar.lighting-107.3.2] startup
[4.682s] [ext: omni.kit.viewport.menubar.render-107.0.10] startup
[4.684s] [ext: omni.kit.viewport.menubar.settings-110.0.1] startup
[4.686s] [ext: omni.kit.window.console-1.1.8] startup
[4.689s] [ext: omni.kit.window.status_bar-0.1.11] startup
[4.691s] [ext: omni.kit.window.toolbar-3.0.3] startup
[4.692s] [ext: omni.ocio-0.1.1] startup
[4.693s] [ext: omni.physx.commands-110.1.11] startup
[4.699s] [ext: omni.replicator.replicator_yaml-2.0.12] startup
[4.706s] [ext: omni.rtx.window.settings-0.8.0] startup
[4.709s] [ext: omni.rtx.settings.core-0.7.0] startup
[4.711s] [ext: omni.usd.metrics.assembler.ui-110.1.1] startup
[4.716s] [ext: semantics.schema.editor-2.0.2] startup
[4.717s] [ext: semantics.schema.property-2.0.1] startup
[4.719s] [ext: omni.kit.menu.common-2.0.2] startup
[4.719s] [ext: isaacsim.exp.base-6.0.0] startup
[4.720s] [ext: isaacsim.exp.base.python-6.0.0] startup
[4.721s] Simulation App Starting
[5.511s] Simulation App Startup Complete
[5.527s] app ready
Starting kit application with the following args:  ['/home/trs/env_isaaclab/lib/python3.12/site-packages/isaacsim/exts/isaacsim.simulation_app/isaacsim/simulation_app/simulation_app.py', '/home/trs/env_isaaclab/lib/python3.12/site-packages/isaacsim/apps/isaacsim.exp.base.python.kit', '--/app/tokens/exe-path=/home/trs/env_isaaclab/lib/python3.12/site-packages/isaacsim/kit', '--/persistent/app/viewport/displayOptions=3094', '--/rtx/materialDb/syncLoads=True', '--/rtx/hydra/materialSyncLoads=True', '--/omni.kit.plugin/syncUsdLoads=True', '--/app/renderer/resolution/width=1280', '--/app/renderer/resolution/height=720', '--/app/window/width=1440', '--/app/window/height=900', '--/renderer/multiGpu/enabled=True', '--/app/fastShutdown=True', '--/app/installSignalHandlers=0', '--ext-folder', '/home/trs/env_isaaclab/lib/python3.12/site-packages/isaacsim/exts', '--ext-folder', '/home/trs/env_isaaclab/lib/python3.12/site-packages/isaacsim/apps', '--/physics/cudaDevice=0', '--/plugins/carb.tasking.plugin/threadCount=32', '--/plugins/omni.tbb.globalcontrol/maxThreadCount=32', '--portable', '--no-window', '--/app/window/hideUi=1']
Passing the following args to the base kit application:  ['--duration', '1400']
Warp 1.13.0 initialized:
   CUDA Toolkit 12.9, Driver 13.2
   Devices:
     "cpu"      : "x86_64"
     "cuda:0"   : "NVIDIA RTX A6000" (47 GiB, sm_86, mempool enabled)
   Kernel cache:
     /home/trs/.cache/warp/1.13.0
### stage opened: /home/trs/kotek_ws/src/kotek_isaac_stage/usd/kotek_scout_piper_wall_demo.usd
[6.082s] [ext: isaacsim.sensors.rtx.nodes-0.1.0] startup
[6.089s] [ext: isaacsim.ros2.core-1.9.1] startup
[6.101s] Attempting to load system rclpy
[6.101s] Could not import system rclpy: No module named 'rclpy'
[6.101s] Attempting to load internal rclpy for ROS Distro: jazzy
[6.111s] rclpy loaded
[6.114s] [ext: isaacsim.ros2.nodes-1.18.11] startup
[6.145s] [ext: isaacsim.ros2.examples-1.2.3] startup
[6.149s] [ext: isaacsim.ros2.ui-1.6.4] startup
[6.308s] [ext: isaacsim.ros2.bridge-5.1.1] startup
2026-09-13T14:17:23Z [6,749ms] [Warning] [isaacsim.ros2.nodes] OgnROS2PublishTransformTree: using targetPrims for internal computation is deprecated. Connect OgnIsaacComputeTransformTree to inputs:parentFrames/childFrames/translations/orientations instead.
2026-09-13T14:17:23Z [6,749ms] [Error] [omni.physx.tensors.plugin] Failed to create simulation view: no active physics scene found
2026-09-13T14:17:23Z [6,749ms] [Error] [omni.graph.core.plugin] /World/kotek_wall_sensor_graph/ros2_publish_transform_tree: [/World/kotek_wall_sensor_graph] Failed to create simulation view - physics backend may not be initialized
### physics playing -- /clock and /isaac_joint_states are live; start the 45s warm-up now
### still playing, 1400s left
### kotek_magnet[tick=60] sensor1: d=0.4082m in_range=False f_mag=0.000N tau_mag=0.0000Nm misalign_deg=90.0 pos=[0.10880279 0.1090093  0.49140233] bottom_world=[0.10880296 0.10900929 0.47140233] quat=[ 9.2484176e-01 -2.0293912e-06 -3.8486596e-06  3.8035229e-01] speed=0.0006 ang_speed=0.0049 ang_vel_vec=[0.00448202 0.00189047 0.00039158] |com_force|=0.0000N
### kotek_magnet[tick=60] sensor2: d=0.3208m in_range=False f_mag=0.000N tau_mag=0.0000Nm misalign_deg=90.0 pos=[ 0.10902467 -0.10904666  0.49140108] bottom_world=[ 0.10902465 -0.10904649  0.47140108] quat=[ 9.2300087e-01  3.7843577e-06  2.1311657e-06 -3.8479796e-01] speed=0.0004 ang_speed=0.0023 ang_vel_vec=[-0.0016911  -0.00122399 -0.00091027] |com_force|=0.0000N
### kotek_magnet[tick=60] sensor3: d=0.5470m in_range=False f_mag=0.000N tau_mag=0.0000Nm misalign_deg=90.0 pos=[-0.10910747 -0.10914613  0.49140114] bottom_world=[-0.10910741 -0.10914599  0.47140114] quat=[-3.8058406e-01 -2.6324492e-06 -2.6273779e-06  9.2474633e-01] speed=0.0005 ang_speed=0.0023 ang_vel_vec=[-0.00091867  0.00195101 -0.0009245 ] |com_force|=0.0000N
### kotek_magnet[tick=60] sensor4: d=0.5249m in_range=False f_mag=0.000N tau_mag=0.0000Nm misalign_deg=90.0 pos=[-0.10900018  0.10899954  0.49140233] bottom_world=[-0.10900028  0.10899957  0.47140233] quat=[3.8268229e-01 2.6469561e-06 2.1679557e-07 9.2388010e-01] speed=0.0004 ang_speed=0.0034 ang_vel_vec=[ 0.00290578 -0.00177686 -0.00043088] |com_force|=0.0000N
### kotek_magnet[tick=120] sensor1: d=0.4082m in_range=False f_mag=0.000N tau_mag=0.0000Nm misalign_deg=90.0 pos=[0.10880256 0.10900908 0.4914024 ] bottom_world=[0.10880275 0.1090091  0.47140239] quat=[ 9.2484188e-01 -1.3549216e-06 -4.7550493e-06  3.8035187e-01] speed=0.0010 ang_speed=0.0024 ang_vel_vec=[-0.00194262  0.00011888  0.00137404] |com_force|=0.0000N
### kotek_magnet[tick=120] sensor2: d=0.3208m in_range=False f_mag=0.000N tau_mag=0.0000Nm misalign_deg=90.0 pos=[ 0.10902449 -0.10904672  0.491401  ] bottom_world=[ 0.1090246  -0.10904652  0.47140099] quat=[ 9.2300093e-01  5.6364875e-06 -5.2745366e-07 -3.8479799e-01] speed=0.0004 ang_speed=0.0030 ang_vel_vec=[-0.00239843  0.00185671 -0.00030084] |com_force|=0.0000N
### kotek_magnet[tick=120] sensor3: d=0.5470m in_range=False f_mag=0.000N tau_mag=0.0000Nm misalign_deg=90.0 pos=[-0.1091075  -0.10914591  0.49140096] bottom_world=[-0.10910742 -0.1091459   0.47140096] quat=[-3.8058385e-01 -2.0400319e-06  4.8969514e-07  9.2474645e-01] speed=0.0004 ang_speed=0.0029 ang_vel_vec=[ 0.00175139  0.00229395 -0.00030659] |com_force|=0.0000N
### kotek_magnet[tick=120] sensor4: d=0.5249m in_range=False f_mag=0.000N tau_mag=0.0000Nm misalign_deg=90.0 pos=[-0.10900009  0.10900014  0.49140233] bottom_world=[-0.10900031  0.109       0.47140233] quat=[3.8268185e-01 3.7584534e-06 5.3168492e-06 9.2388022e-01] speed=0.0010 ang_speed=0.0025 ang_vel_vec=[ 0.00156604 -0.00169831 -0.00084199] |com_force|=0.0000N
### kotek_magnet[tick=180] sensor1: d=0.4082m in_range=False f_mag=0.000N tau_mag=0.0000Nm misalign_deg=90.0 pos=[0.10880381 0.10900926 0.49140236] bottom_world=[0.10880372 0.10900939 0.47140236] quat=[9.2484158e-01 3.9447241e-06 8.9494779e-07 3.8035277e-01] speed=0.0006 ang_speed=0.0027 ang_vel_vec=[-0.00011122 -0.00245961 -0.00102552] |com_force|=0.0000N
### kotek_magnet[tick=180] sensor2: d=0.3208m in_range=False f_mag=0.000N tau_mag=0.0000Nm misalign_deg=90.0 pos=[ 0.10902469 -0.1090467   0.49140102] bottom_world=[ 0.10902467 -0.10904652  0.47140102] quat=[ 9.2300087e-01  3.9918477e-06  2.0770669e-06 -3.8479799e-01] speed=0.0005 ang_speed=0.0027 ang_vel_vec=[-0.00219353 -0.00125844 -0.00084593] |com_force|=0.0000N
### kotek_magnet[tick=180] sensor3: d=0.5470m in_range=False f_mag=0.000N tau_mag=0.0000Nm misalign_deg=90.0 pos=[-0.1091075  -0.10914611  0.49140102] bottom_world=[-0.10910744 -0.10914598  0.47140102] quat=[-3.8058406e-01 -2.7526983e-06 -2.4222672e-06  9.2474639e-01] speed=0.0005 ang_speed=0.0026 ang_vel_vec=[-0.00103446  0.0022488  -0.00083914] |com_force|=0.0000N
### kotek_magnet[tick=180] sensor4: d=0.5249m in_range=False f_mag=0.000N tau_mag=0.0000Nm misalign_deg=90.0 pos=[-0.10900026  0.10899845  0.49140233] bottom_world=[-0.10900016  0.10899876  0.47140233] quat=[ 3.8268286e-01  6.3634468e-07 -8.1468079e-06  9.2387980e-01] speed=0.0009 ang_speed=0.0019 ang_vel_vec=[-0.00030473 -0.00146022  0.00121709] |com_force|=0.0000N
2026-09-13T14:17:23Z [6,869ms] [Warning] [omni.physx.plugin] Detected a rigid at /World/scout_mini/Geometry/base_link/sensor_cam_1 with more than 4 velocity iterations being added to a TGS scene.The related behavior changed recently, please consult the changelog. This warning will only print once.
2026-09-13T14:17:23Z [6,869ms] [Warning] [omni.physx.plugin] PhysicsUSD: CreateJoint - found a joint with disjointed body transforms, the simulation will most likely snap objects together: /World/_scout_parking_brake
2026-09-13T14:17:23Z [6,870ms] [Warning] [omni.physx.plugin] Detected an articulation at /World/piper/Geometry/base_link with more than 4 velocity iterations being added to a TGS scene.The related behavior changed recently, please consult the changelog. This warning will only print once.
2026-09-13T14:17:23Z [6,935ms] [Warning] [carb] Client omni.hydratexture.plugin has acquired [carb::settings::ISettings v1.1] 100 times. Consider accessing this interface with carb::getCachedInterface() (Performance warning)
2026-09-13T14:17:23Z [6,962ms] [Warning] [isaacsim.ros2.nodes] [ROS2 Publish Joint State] Reading from targetPrim is deprecated. Connect an Isaac Read Joint State node and use its outputs instead.
2026-09-13T14:17:24Z [7,586ms] [Warning] [omni.rtx] DLSS increasing input dimensions: Render resolution of (320, 240) is below minimal input resolution of 300.
2026-09-13T14:17:24Z [7,970ms] [Warning] [omni.timeline.plugin] Deprecated: direct use of ITimeline callbacks is deprecated. Use ITimeline::getTimeline (Python: omni.timeline.get_timeline_interface) instead.
### kotek_magnet[tick=240] sensor1: d=0.4082m in_range=False f_mag=0.000N tau_mag=0.0000Nm misalign_deg=90.0 pos=[0.10880429 0.10900896 0.4914024 ] bottom_world=[0.10880402 0.10900932 0.47140239] quat=[9.2484152e-01 1.0799759e-05 2.8339573e-06 3.8035288e-01] speed=0.0010 ang_speed=0.0025 ang_vel_vec=[-0.00165541 -0.00168924 -0.00074784] |com_force|=0.0000N
### kotek_magnet[tick=240] sensor2: d=0.3208m in_range=False f_mag=0.000N tau_mag=0.0000Nm misalign_deg=90.0 pos=[ 0.10902468 -0.10904647  0.49140093] bottom_world=[ 0.10902464 -0.10904637  0.47140093] quat=[ 9.2300087e-01  1.7970312e-06  1.9131264e-06 -3.8479814e-01] speed=0.0001 ang_speed=0.0016 ang_vel_vec=[ 0.00095513 -0.00124878 -0.00024862] |com_force|=0.0000N
### kotek_magnet[tick=240] sensor3: d=0.5470m in_range=False f_mag=0.000N tau_mag=0.0000Nm misalign_deg=90.0 pos=[-0.10910726 -0.10914613  0.49140093] bottom_world=[-0.10910728 -0.10914597  0.47140093] quat=[-3.8058388e-01 -9.9328167e-07 -4.0001228e-06  9.2474651e-01] speed=0.0001 ang_speed=0.0011 ang_vel_vec=[-0.00091932 -0.0005959  -0.00025951] |com_force|=0.0000N
### kotek_magnet[tick=240] sensor4: d=0.5249m in_range=False f_mag=0.000N tau_mag=0.0000Nm misalign_deg=90.0 pos=[-0.10900023  0.10899844  0.49140236] bottom_world=[-0.10900012  0.10899876  0.47140236] quat=[ 3.8268289e-01  5.1690364e-07 -8.3064660e-06  9.2387974e-01] speed=0.0009 ang_speed=0.0017 ang_vel_vec=[-0.00055898 -0.00070829  0.00144617] |com_force|=0.0000N
### kotek_magnet[tick=300] sensor1: d=0.4082m in_range=False f_mag=0.000N tau_mag=0.0000Nm misalign_deg=90.0 pos=[0.10880426 0.10900898 0.49140233] bottom_world=[0.10880399 0.10900934 0.47140233] quat=[9.2484152e-01 1.0770785e-05 2.7855392e-06 3.8035297e-01] speed=0.0010 ang_speed=0.0028 ang_vel_vec=[-0.00193009 -0.00176193 -0.00091368] |com_force|=0.0000N
### kotek_magnet[tick=300] sensor2: d=0.3208m in_range=False f_mag=0.000N tau_mag=0.0000Nm misalign_deg=90.0 pos=[ 0.10902468 -0.10904644  0.49140093] bottom_world=[ 0.10902464 -0.10904634  0.47140093] quat=[ 9.2300087e-01  1.9344550e-06  1.8984608e-06 -3.8479814e-01] speed=0.0001 ang_speed=0.0013 ang_vel_vec=[ 0.00024136 -0.00123502 -0.0004283 ] |com_force|=0.0000N
### kotek_magnet[tick=300] sensor3: d=0.5470m in_range=False f_mag=0.000N tau_mag=0.0000Nm misalign_deg=90.0 pos=[-0.10910637 -0.10914617  0.49140102] bottom_world=[-0.10910657 -0.10914587  0.47140102] quat=[-3.8058332e-01  1.8432601e-06 -8.9516952e-06  9.2474663e-01] speed=0.0009 ang_speed=0.0024 ang_vel_vec=[-0.00220514  0.00071893  0.00069393] |com_force|=0.0000N
### kotek_magnet[tick=300] sensor4: d=0.5249m in_range=False f_mag=0.000N tau_mag=0.0000Nm misalign_deg=90.0 pos=[-0.10900041  0.10899869  0.49140236] bottom_world=[-0.10900027  0.10899898  0.47140236] quat=[ 3.8268244e-01 -4.6692509e-07 -8.0770133e-06  9.2387992e-01] speed=0.0006 ang_speed=0.0043 ang_vel_vec=[-0.00159533  0.00392525  0.00040771] |com_force|=0.0000N
### kotek_magnet[tick=360] sensor1: d=0.4082m in_range=False f_mag=0.000N tau_mag=0.0000Nm misalign_deg=90.0 pos=[0.10880427 0.10900897 0.49140233] bottom_world=[0.108804   0.10900933 0.47140233] quat=[9.2484146e-01 1.0857890e-05 2.7857548e-06 3.8035291e-01] speed=0.0010 ang_speed=0.0029 ang_vel_vec=[-0.00208816 -0.00180887 -0.00084198] |com_force|=0.0000N
### kotek_magnet[tick=360] sensor2: d=0.3208m in_range=False f_mag=0.000N tau_mag=0.0000Nm misalign_deg=90.0 pos=[ 0.10902447 -0.10904639  0.49140105] bottom_world=[ 0.10902454 -0.10904624  0.47140105] quat=[ 9.2300063e-01  4.2297288e-06  2.8837231e-08 -3.8479841e-01] speed=0.0002 ang_speed=0.0031 ang_vel_vec=[-0.00166416  0.00257849  0.00026908] |com_force|=0.0000N
### kotek_magnet[tick=360] sensor3: d=0.5470m in_range=False f_mag=0.000N tau_mag=0.0000Nm misalign_deg=90.0 pos=[-0.10910746 -0.10914612  0.4914011 ] bottom_world=[-0.1091074  -0.10914599  0.47140111] quat=[-3.8058397e-01 -2.7412830e-06 -2.4000201e-06  9.2474633e-01] speed=0.0005 ang_speed=0.0025 ang_vel_vec=[-0.00099188  0.00218538 -0.0006827 ] |com_force|=0.0000N
### kotek_magnet[tick=360] sensor4: d=0.5249m in_range=False f_mag=0.000N tau_mag=0.0000Nm misalign_deg=90.0 pos=[-0.10900024  0.10899843  0.49140236] bottom_world=[-0.10900015  0.10899873  0.47140236] quat=[ 3.8268289e-01  7.4490174e-07 -8.0223654e-06  9.2387980e-01] speed=0.0009 ang_speed=0.0024 ang_vel_vec=[-0.00010234 -0.00192245  0.00135485] |com_force|=0.0000N
### kotek_magnet[tick=420] sensor1: d=0.4082m in_range=False f_mag=0.000N tau_mag=0.0000Nm misalign_deg=90.0 pos=[0.10880379 0.10900929 0.4914024 ] bottom_world=[0.1088037  0.1090094  0.47140239] quat=[9.2484164e-01 3.4742070e-06 1.0488067e-06 3.8035265e-01] speed=0.0006 ang_speed=0.0027 ang_vel_vec=[ 0.00157288 -0.00195551 -0.00090649] |com_force|=0.0000N
### kotek_magnet[tick=420] sensor2: d=0.3208m in_range=False f_mag=0.000N tau_mag=0.0000Nm misalign_deg=90.0 pos=[ 0.10902446 -0.10904564  0.49140105] bottom_world=[ 0.10902436 -0.10904573  0.47140105] quat=[ 9.2300034e-01 -3.0889732e-06  1.4352929e-06 -3.8479903e-01] speed=0.0010 ang_speed=0.0023 ang_vel_vec=[0.0006334  0.0017126  0.00140486] |com_force|=0.0000N
### kotek_magnet[tick=420] sensor3: d=0.5470m in_range=False f_mag=0.000N tau_mag=0.0000Nm misalign_deg=90.0 pos=[-0.10910639 -0.1091461   0.4914011 ] bottom_world=[-0.1091066  -0.10914579  0.47140111] quat=[-3.8058311e-01  2.0093357e-06 -9.0609446e-06  9.2474681e-01] speed=0.0009 ang_speed=0.0023 ang_vel_vec=[-0.0020992   0.00060522  0.0007379 ] |com_force|=0.0000N
### kotek_magnet[tick=420] sensor4: d=0.5249m in_range=False f_mag=0.000N tau_mag=0.0000Nm misalign_deg=90.0 pos=[-0.10900022  0.10899851  0.49140233] bottom_world=[-0.10900011  0.10899882  0.47140233] quat=[ 3.8268310e-01  3.4596013e-07 -8.2354500e-06  9.2387974e-01] speed=0.0009 ang_speed=0.0015 ang_vel_vec=[-0.00065828 -0.00037708  0.00131265] |com_force|=0.0000N
### kotek_magnet[tick=480] sensor1: d=0.4082m in_range=False f_mag=0.000N tau_mag=0.0000Nm misalign_deg=90.0 pos=[0.1088042  0.10900889 0.49140236] bottom_world=[0.10880394 0.10900925 0.47140236] quat=[9.2484152e-01 1.0685934e-05 2.6167252e-06 3.8035256e-01] speed=0.0009 ang_speed=0.0040 ang_vel_vec=[-0.00255356 -0.00299469 -0.0004536 ] |com_force|=0.0000N
### kotek_magnet[tick=480] sensor2: d=0.3208m in_range=False f_mag=0.000N tau_mag=0.0000Nm misalign_deg=90.0 pos=[ 0.10902465 -0.10904644  0.49140108] bottom_world=[ 0.1090246  -0.10904635  0.47140108] quat=[ 9.2300069e-01  1.5867282e-06  1.9521228e-06 -3.8479844e-01] speed=0.0001 ang_speed=0.0014 ang_vel_vec=[ 0.00048992 -0.00126014 -0.00026601] |com_force|=0.0000N
### kotek_magnet[tick=480] sensor3: d=0.5470m in_range=False f_mag=0.000N tau_mag=0.0000Nm misalign_deg=90.0 pos=[-0.10910814 -0.10914575  0.4914011 ] bottom_world=[-0.10910788 -0.10914587  0.47140111] quat=[-3.8058403e-01 -4.9439500e-06  5.1597453e-06  9.2474639e-01] speed=0.0010 ang_speed=0.0024 ang_vel_vec=[ 0.00181707  0.00146246 -0.00068988] |com_force|=0.0000N
### kotek_magnet[tick=480] sensor4: d=0.5249m in_range=False f_mag=0.000N tau_mag=0.0000Nm misalign_deg=90.0 pos=[-0.10900022  0.1089985   0.49140227] bottom_world=[-0.10900011  0.10899881  0.47140227] quat=[ 3.8268292e-01  4.6447002e-07 -8.1360085e-06  9.2387974e-01] speed=0.0009 ang_speed=0.0018 ang_vel_vec=[-0.00045878 -0.00100199  0.00143543] |com_force|=0.0000N
### kotek_magnet[tick=540] sensor1: d=0.4082m in_range=False f_mag=0.000N tau_mag=0.0000Nm misalign_deg=90.0 pos=[0.10880381 0.10900925 0.49140233] bottom_world=[0.10880372 0.10900937 0.47140233] quat=[9.2484158e-01 3.4988334e-06 8.6579485e-07 3.8035253e-01] speed=0.0006 ang_speed=0.0026 ang_vel_vec=[ 0.00064248 -0.00235584 -0.00099893] |com_force|=0.0000N
### kotek_magnet[tick=540] sensor2: d=0.3208m in_range=False f_mag=0.000N tau_mag=0.0000Nm misalign_deg=90.0 pos=[ 0.10902449 -0.10904562  0.49140117] bottom_world=[ 0.10902437 -0.10904572  0.47140117] quat=[ 9.2300045e-01 -3.7226598e-06  1.9465670e-06 -3.8479903e-01] speed=0.0010 ang_speed=0.0019 ang_vel_vec=[0.00132025 0.00019434 0.00136529] |com_force|=0.0000N
### kotek_magnet[tick=540] sensor3: d=0.5470m in_range=False f_mag=0.000N tau_mag=0.0000Nm misalign_deg=90.0 pos=[-0.10910752 -0.10914607  0.49140105] bottom_world=[-0.10910746 -0.10914593  0.47140105] quat=[-3.8058367e-01 -2.5067852e-06 -2.6643768e-06  9.2474645e-01] speed=0.0005 ang_speed=0.0024 ang_vel_vec=[-0.00114039  0.00196321 -0.00077522] |com_force|=0.0000N
### kotek_magnet[tick=540] sensor4: d=0.5249m in_range=False f_mag=0.000N tau_mag=0.0000Nm misalign_deg=90.0 pos=[-0.10900021  0.1089985   0.49140236] bottom_world=[-0.1090001   0.10899881  0.47140236] quat=[ 3.8268307e-01  4.6260226e-07 -8.2506667e-06  9.2387974e-01] speed=0.0009 ang_speed=0.0017 ang_vel_vec=[-0.00054565 -0.00096708  0.00123748] |com_force|=0.0000N
### kotek_magnet[tick=600] sensor1: d=0.4082m in_range=False f_mag=0.000N tau_mag=0.0000Nm misalign_deg=90.0 pos=[0.10880428 0.10900895 0.49140245] bottom_world=[0.10880401 0.10900929 0.47140245] quat=[9.2484158e-01 1.0519730e-05 2.8822542e-06 3.8035282e-01] speed=0.0009 ang_speed=0.0030 ang_vel_vec=[-0.00186451 -0.00202104 -0.00116317] |com_force|=0.0000N
### kotek_magnet[tick=600] sensor2: d=0.3208m in_range=False f_mag=0.000N tau_mag=0.0000Nm misalign_deg=90.0 pos=[ 0.10902467 -0.10904671  0.4914011 ] bottom_world=[ 0.10902465 -0.10904654  0.47140111] quat=[ 9.2300081e-01  3.7055004e-06  1.9705303e-06 -3.8479808e-01] speed=0.0004 ang_speed=0.0022 ang_vel_vec=[-0.00173239 -0.00097629 -0.00103553] |com_force|=0.0000N
### kotek_magnet[tick=600] sensor3: d=0.5470m in_range=False f_mag=0.000N tau_mag=0.0000Nm misalign_deg=90.0 pos=[-0.10910725 -0.1091461   0.49140108] bottom_world=[-0.10910727 -0.10914594  0.47140108] quat=[-3.8058373e-01 -1.0052979e-06 -3.8250569e-06  9.2474645e-01] speed=0.0001 ang_speed=0.0007 ang_vel_vec=[-3.6945869e-04 -4.5260109e-05 -6.4526114e-04] |com_force|=0.0000N
### kotek_magnet[tick=600] sensor4: d=0.5249m in_range=False f_mag=0.000N tau_mag=0.0000Nm misalign_deg=90.0 pos=[-0.10900036  0.10899872  0.49140248] bottom_world=[-0.10900022  0.10899901  0.47140248] quat=[ 3.8268268e-01 -5.6288837e-07 -8.0655718e-06  9.2387986e-01] speed=0.0006 ang_speed=0.0047 ang_vel_vec=[-0.00155402  0.00439315  0.00016654] |com_force|=0.0000N
### kotek_magnet[tick=660] sensor1: d=0.4082m in_range=False f_mag=0.000N tau_mag=0.0000Nm misalign_deg=90.0 pos=[0.10880383 0.10900924 0.49140233] bottom_world=[0.10880373 0.10900937 0.47140233] quat=[9.2484164e-01 3.7527600e-06 1.0858295e-06 3.8035265e-01] speed=0.0006 ang_speed=0.0022 ang_vel_vec=[ 0.00099967 -0.00194049 -0.00042223] |com_force|=0.0000N
### kotek_magnet[tick=660] sensor2: d=0.3208m in_range=False f_mag=0.000N tau_mag=0.0000Nm misalign_deg=90.0 pos=[ 0.1090243  -0.10904739  0.4914011 ] bottom_world=[ 0.10902455 -0.10904701  0.47140111] quat=[ 9.2300093e-01  1.1183862e-05 -1.9577894e-06 -3.8479799e-01] speed=0.0010 ang_speed=0.0027 ang_vel_vec=[-0.00170901  0.00211169 -0.00035773] |com_force|=0.0000N
### kotek_magnet[tick=660] sensor3: d=0.5470m in_range=False f_mag=0.000N tau_mag=0.0000Nm misalign_deg=90.0 pos=[-0.10910647 -0.10914586  0.4914012 ] bottom_world=[-0.10910665 -0.10914567  0.4714012 ] quat=[-3.8058290e-01  2.3924454e-06 -6.2419194e-06  9.2474681e-01] speed=0.0009 ang_speed=0.0033 ang_vel_vec=[0.00268405 0.0001732  0.00191518] |com_force|=0.0000N
### kotek_magnet[tick=660] sensor4: d=0.5249m in_range=False f_mag=0.000N tau_mag=0.0000Nm misalign_deg=90.0 pos=[-0.1090002   0.10899852  0.49140236] bottom_world=[-0.10900008  0.10899884  0.47140236] quat=[ 3.8268310e-01  3.6210275e-07 -8.3301411e-06  9.2387968e-01] speed=0.0009 ang_speed=0.0020 ang_vel_vec=[-0.0007829  -0.0004046   0.00181257] |com_force|=0.0000N
### kotek_magnet[tick=720] sensor1: d=0.4082m in_range=False f_mag=0.000N tau_mag=0.0000Nm misalign_deg=90.0 pos=[0.1088043  0.10900896 0.4914023 ] bottom_world=[0.10880403 0.10900931 0.4714023 ] quat=[9.2484146e-01 1.0661262e-05 2.9574394e-06 3.8035282e-01] speed=0.0010 ang_speed=0.0028 ang_vel_vec=[-0.0019182  -0.00178616 -0.00090474] |com_force|=0.0000N
### kotek_magnet[tick=720] sensor2: d=0.3208m in_range=False f_mag=0.000N tau_mag=0.0000Nm misalign_deg=90.0 pos=[ 0.10902467 -0.1090467   0.4914012 ] bottom_world=[ 0.10902465 -0.10904653  0.4714012 ] quat=[ 9.2300081e-01  3.6276156e-06  2.0369205e-06 -3.8479805e-01] speed=0.0005 ang_speed=0.0026 ang_vel_vec=[-0.00202799 -0.00144368 -0.00080333] |com_force|=0.0000N
### kotek_magnet[tick=720] sensor3: d=0.5470m in_range=False f_mag=0.000N tau_mag=0.0000Nm misalign_deg=90.0 pos=[-0.10910725 -0.10914608  0.4914011 ] bottom_world=[-0.10910727 -0.10914592  0.47140111] quat=[-3.8058367e-01 -9.5518635e-07 -3.9861552e-06  9.2474651e-01] speed=0.0002 ang_speed=0.0018 ang_vel_vec=[-0.00158053 -0.00069644 -0.00042592] |com_force|=0.0000N
### kotek_magnet[tick=720] sensor4: d=0.5249m in_range=False f_mag=0.000N tau_mag=0.0000Nm misalign_deg=90.0 pos=[-0.10900038  0.10899872  0.49140236] bottom_world=[-0.10900023  0.10899901  0.47140236] quat=[ 3.8268268e-01 -6.0522359e-07 -8.1062371e-06  9.2387986e-01] speed=0.0006 ang_speed=0.0044 ang_vel_vec=[-0.00164903  0.00408285  0.00042736] |com_force|=0.0000N
### kotek_magnet[tick=780] sensor1: d=0.4082m in_range=False f_mag=0.000N tau_mag=0.0000Nm misalign_deg=90.0 pos=[0.10880431 0.10900897 0.49140236] bottom_world=[0.10880404 0.10900931 0.47140236] quat=[9.2484152e-01 1.0546161e-05 2.8979728e-06 3.8035280e-01] speed=0.0010 ang_speed=0.0027 ang_vel_vec=[-0.00183909 -0.00175197 -0.00080697] |com_force|=0.0000N
### kotek_magnet[tick=780] sensor2: d=0.3208m in_range=False f_mag=0.000N tau_mag=0.0000Nm misalign_deg=90.0 pos=[ 0.10902467 -0.10904587  0.49140114] bottom_world=[ 0.10902453 -0.10904593  0.47140114] quat=[ 9.2300063e-01 -2.8286256e-06  2.6340549e-06 -3.8479853e-01] speed=0.0006 ang_speed=0.0046 ang_vel_vec=[ 0.00199171 -0.00414799  0.0005712 ] |com_force|=0.0000N
### kotek_magnet[tick=780] sensor3: d=0.5470m in_range=False f_mag=0.000N tau_mag=0.0000Nm misalign_deg=90.0 pos=[-0.1091073  -0.10914578  0.49140102] bottom_world=[-0.10910727 -0.10914575  0.47140102] quat=[-3.8058341e-01 -9.3573084e-07 -5.5429052e-07  9.2474657e-01] speed=0.0003 ang_speed=0.0058 ang_vel_vec=[0.00509305 0.00278459 0.00044373] |com_force|=0.0000N
### kotek_magnet[tick=780] sensor4: d=0.5249m in_range=False f_mag=0.000N tau_mag=0.0000Nm misalign_deg=90.0 pos=[-0.10900021  0.10899848  0.49140227] bottom_world=[-0.10900011  0.10899879  0.47140227] quat=[ 3.8268307e-01  4.6840839e-07 -8.1949274e-06  9.2387968e-01] speed=0.0009 ang_speed=0.0018 ang_vel_vec=[-0.000528   -0.00096171  0.00138839] |com_force|=0.0000N
### kotek_magnet[tick=840] sensor1: d=0.4082m in_range=False f_mag=0.000N tau_mag=0.0000Nm misalign_deg=90.0 pos=[0.10880432 0.10900895 0.4914024 ] bottom_world=[0.10880405 0.10900929 0.47140239] quat=[9.2484146e-01 1.0503974e-05 2.9059438e-06 3.8035274e-01] speed=0.0010 ang_speed=0.0029 ang_vel_vec=[-0.00196022 -0.00181271 -0.00101941] |com_force|=0.0000N
### kotek_magnet[tick=840] sensor2: d=0.3208m in_range=False f_mag=0.000N tau_mag=0.0000Nm misalign_deg=90.0 pos=[ 0.10902472 -0.10904559  0.49140108] bottom_world=[ 0.10902452 -0.1090457   0.47140108] quat=[ 9.2300063e-01 -4.3452696e-06  3.5229934e-06 -3.8479871e-01] speed=0.0009 ang_speed=0.0029 ang_vel_vec=[-0.0003497  -0.00277157  0.00057089] |com_force|=0.0000N
### kotek_magnet[tick=840] sensor3: d=0.5470m in_range=False f_mag=0.000N tau_mag=0.0000Nm misalign_deg=90.0 pos=[-0.10910649 -0.10914589  0.49140108] bottom_world=[-0.10910667 -0.1091457   0.47140108] quat=[-3.8058314e-01  2.3816183e-06 -6.2233280e-06  9.2474681e-01] speed=0.0009 ang_speed=0.0029 ang_vel_vec=[0.00258194 0.00033197 0.00132739] |com_force|=0.0000N
### kotek_magnet[tick=840] sensor4: d=0.5249m in_range=False f_mag=0.000N tau_mag=0.0000Nm misalign_deg=90.0 pos=[-0.10900021  0.10899846  0.49140236] bottom_world=[-0.1090001   0.10899877  0.47140236] quat=[ 3.8268307e-01  5.0526029e-07 -8.1483595e-06  9.2387980e-01] speed=0.0009 ang_speed=0.0016 ang_vel_vec=[-0.00052289 -0.00102997  0.00116873] |com_force|=0.0000N
### kotek_magnet[tick=900] sensor1: d=0.4082m in_range=False f_mag=0.000N tau_mag=0.0000Nm misalign_deg=90.0 pos=[0.10880288 0.10900892 0.4914023 ] bottom_world=[0.10880294 0.1090091  0.4714023 ] quat=[ 9.2484188e-01  3.6962549e-06 -2.9843648e-06  3.8035193e-01] speed=0.0007 ang_speed=0.0049 ang_vel_vec=[-0.00414831 -0.00243009  0.00109898] |com_force|=0.0000N
### kotek_magnet[tick=900] sensor2: d=0.3208m in_range=False f_mag=0.000N tau_mag=0.0000Nm misalign_deg=90.0 pos=[ 0.10902447 -0.10904569  0.49140117] bottom_world=[ 0.10902437 -0.10904579  0.47140117] quat=[ 9.2300051e-01 -3.1970421e-06  1.5276103e-06 -3.8479897e-01] speed=0.0010 ang_speed=0.0024 ang_vel_vec=[0.00065665 0.00172114 0.00152571] |com_force|=0.0000N
### kotek_magnet[tick=900] sensor3: d=0.5470m in_range=False f_mag=0.000N tau_mag=0.0000Nm misalign_deg=90.0 pos=[-0.10910753 -0.1091461   0.49140114] bottom_world=[-0.10910749 -0.10914597  0.47140114] quat=[-3.8058382e-01 -2.2143836e-06 -2.6894936e-06  9.2474651e-01] speed=0.0005 ang_speed=0.0022 ang_vel_vec=[-0.00082144  0.00198937 -0.00063653] |com_force|=0.0000N
### kotek_magnet[tick=900] sensor4: d=0.5249m in_range=False f_mag=0.000N tau_mag=0.0000Nm misalign_deg=90.0 pos=[-0.10900021  0.10899847  0.49140242] bottom_world=[-0.10900008  0.10899879  0.47140242] quat=[ 3.8268307e-01  9.5651693e-08 -8.5937963e-06  9.2387968e-01] speed=0.0009 ang_speed=0.0019 ang_vel_vec=[-0.00112205  0.00044982  0.00144014] |com_force|=0.0000N
### kotek_magnet[tick=960] sensor1: d=0.4082m in_range=False f_mag=0.000N tau_mag=0.0000Nm misalign_deg=90.0 pos=[0.10880259 0.10900905 0.49140248] bottom_world=[0.10880278 0.10900908 0.47140248] quat=[ 9.2484200e-01 -1.0187299e-06 -4.6952659e-06  3.8035172e-01] speed=0.0010 ang_speed=0.0032 ang_vel_vec=[-0.00281931 -0.00037906  0.00152722] |com_force|=0.0000N
### kotek_magnet[tick=960] sensor2: d=0.3208m in_range=False f_mag=0.000N tau_mag=0.0000Nm misalign_deg=90.0 pos=[ 0.10902449 -0.10904563  0.49140114] bottom_world=[ 0.10902438 -0.10904572  0.47140114] quat=[ 9.2300057e-01 -3.1268262e-06  1.7409659e-06 -3.8479877e-01] speed=0.0010 ang_speed=0.0020 ang_vel_vec=[0.00078399 0.00106033 0.00152719] |com_force|=0.0000N
### kotek_magnet[tick=960] sensor3: d=0.5470m in_range=False f_mag=0.000N tau_mag=0.0000Nm misalign_deg=90.0 pos=[-0.10910815 -0.1091458   0.49140117] bottom_world=[-0.10910788 -0.10914591  0.47140117] quat=[-3.8058403e-01 -5.1297898e-06  5.2509354e-06  9.2474639e-01] speed=0.0010 ang_speed=0.0025 ang_vel_vec=[ 0.00181251  0.0015546  -0.00068914] |com_force|=0.0000N
### kotek_magnet[tick=960] sensor4: d=0.5249m in_range=False f_mag=0.000N tau_mag=0.0000Nm misalign_deg=90.0 pos=[-0.10900021  0.10899848  0.49140242] bottom_world=[-0.10900012  0.10899879  0.47140242] quat=[ 3.8268304e-01  6.7257059e-07 -8.0548334e-06  9.2387974e-01] speed=0.0009 ang_speed=0.0022 ang_vel_vec=[-0.00013338 -0.00169745  0.00141834] |com_force|=0.0000N
### kotek_magnet[tick=1020] sensor1: d=0.4082m in_range=False f_mag=0.000N tau_mag=0.0000Nm misalign_deg=90.0 pos=[0.10880259 0.10900906 0.49140233] bottom_world=[0.10880278 0.10900908 0.47140233] quat=[ 9.2484194e-01 -1.3260607e-06 -4.7017734e-06  3.8035154e-01] speed=0.0010 ang_speed=0.0026 ang_vel_vec=[-0.00214951 -0.00011756  0.00142921] |com_force|=0.0000N
### kotek_magnet[tick=1020] sensor2: d=0.3208m in_range=False f_mag=0.000N tau_mag=0.0000Nm misalign_deg=90.0 pos=[ 0.10902463 -0.10904589  0.49140114] bottom_world=[ 0.10902449 -0.10904595  0.47140114] quat=[ 9.2300057e-01 -2.7174199e-06  2.5963520e-06 -3.8479871e-01] speed=0.0006 ang_speed=0.0047 ang_vel_vec=[ 0.0020088  -0.00425727  0.00050317] |com_force|=0.0000N
### kotek_magnet[tick=1020] sensor3: d=0.5470m in_range=False f_mag=0.000N tau_mag=0.0000Nm misalign_deg=90.0 pos=[-0.10910814 -0.10914578  0.49140105] bottom_world=[-0.10910788 -0.10914589  0.47140105] quat=[-3.8058400e-01 -4.9719342e-06  5.0825429e-06  9.2474639e-01] speed=0.0010 ang_speed=0.0027 ang_vel_vec=[ 0.00194693  0.00169925 -0.00080089] |com_force|=0.0000N
### kotek_magnet[tick=1020] sensor4: d=0.5249m in_range=False f_mag=0.000N tau_mag=0.0000Nm misalign_deg=90.0 pos=[-0.10900018  0.10899848  0.49140236] bottom_world=[-0.10900008  0.10899879  0.47140236] quat=[ 3.8268310e-01  5.1297496e-07 -8.2173774e-06  9.2387968e-01] speed=0.0009 ang_speed=0.0017 ang_vel_vec=[-0.00056805 -0.00089344  0.00133558] |com_force|=0.0000N
### kotek_magnet[tick=1080] sensor1: d=0.4082m in_range=False f_mag=0.000N tau_mag=0.0000Nm misalign_deg=90.0 pos=[0.10880256 0.10900909 0.49140224] bottom_world=[0.10880275 0.10900911 0.47140224] quat=[ 9.2484188e-01 -1.3800061e-06 -4.6906771e-06  3.8035169e-01] speed=0.0010 ang_speed=0.0030 ang_vel_vec=[-0.00262083 -0.00026914  0.00141733] |com_force|=0.0000N
### kotek_magnet[tick=1080] sensor2: d=0.3208m in_range=False f_mag=0.000N tau_mag=0.0000Nm misalign_deg=90.0 pos=[ 0.10902447 -0.10904562  0.4914011 ] bottom_world=[ 0.10902438 -0.1090457   0.47140111] quat=[ 9.2300045e-01 -2.8023110e-06  1.4303887e-06 -3.8479906e-01] speed=0.0010 ang_speed=0.0023 ang_vel_vec=[0.00026974 0.00176774 0.00143511] |com_force|=0.0000N
### kotek_magnet[tick=1080] sensor3: d=0.5470m in_range=False f_mag=0.000N tau_mag=0.0000Nm misalign_deg=90.0 pos=[-0.10910723 -0.10914608  0.49140096] bottom_world=[-0.10910725 -0.10914592  0.47140096] quat=[-3.8058370e-01 -9.1491893e-07 -4.0333025e-06  9.2474651e-01] speed=0.0001 ang_speed=0.0013 ang_vel_vec=[-0.00114219 -0.00056846 -0.00028087] |com_force|=0.0000N
### kotek_magnet[tick=1080] sensor4: d=0.5249m in_range=False f_mag=0.000N tau_mag=0.0000Nm misalign_deg=90.0 pos=[-0.10900012  0.10899931  0.4914022 ] bottom_world=[-0.10900019  0.1089994   0.47140221] quat=[ 3.8268274e-01  2.3289949e-06 -1.5530857e-06  9.2387986e-01] speed=0.0002 ang_speed=0.0052 ang_vel_vec=[ 0.00248219 -0.00457109  0.0003149 ] |com_force|=0.0000N
### kotek_magnet[tick=1140] sensor1: d=0.4082m in_range=False f_mag=0.000N tau_mag=0.0000Nm misalign_deg=90.0 pos=[0.10880259 0.10900912 0.49140233] bottom_world=[0.10880278 0.10900914 0.47140233] quat=[ 9.2484194e-01 -1.3115734e-06 -4.6946120e-06  3.8035187e-01] speed=0.0010 ang_speed=0.0029 ang_vel_vec=[-0.00246157 -0.00015698  0.00159233] |com_force|=0.0000N
### kotek_magnet[tick=1140] sensor2: d=0.3208m in_range=False f_mag=0.000N tau_mag=0.0000Nm misalign_deg=90.0 pos=[ 0.10902433 -0.10904732  0.49140108] bottom_world=[ 0.10902456 -0.10904695  0.47140108] quat=[ 9.2300087e-01  1.0849832e-05 -1.6962572e-06 -3.8479787e-01] speed=0.0010 ang_speed=0.0025 ang_vel_vec=[-0.00152478  0.0018305  -0.00062255] |com_force|=0.0000N
### kotek_magnet[tick=1140] sensor3: d=0.5470m in_range=False f_mag=0.000N tau_mag=0.0000Nm misalign_deg=90.0 pos=[-0.10910729 -0.10914605  0.49140102] bottom_world=[-0.1091073  -0.1091459   0.47140102] quat=[-3.8058361e-01 -1.0506870e-06 -3.7020232e-06  9.2474645e-01] speed=0.0001 ang_speed=0.0007 ang_vel_vec=[-0.00067623  0.00010387 -0.00020984] |com_force|=0.0000N
### kotek_magnet[tick=1140] sensor4: d=0.5249m in_range=False f_mag=0.000N tau_mag=0.0000Nm misalign_deg=90.0 pos=[-0.10900022  0.10899848  0.4914023 ] bottom_world=[-0.1090001  0.1089988  0.4714023] quat=[ 3.8268304e-01  3.5846026e-07 -8.4986914e-06  9.2387980e-01] speed=0.0009 ang_speed=0.0018 ang_vel_vec=[-0.0006385  -0.00086466  0.00149324] |com_force|=0.0000N
### kotek_magnet[tick=1200] sensor1: d=0.4082m in_range=False f_mag=0.000N tau_mag=0.0000Nm misalign_deg=90.0 pos=[0.10880255 0.10900911 0.4914024 ] bottom_world=[0.10880277 0.1090091  0.47140239] quat=[ 9.2484200e-01 -2.2921470e-06 -4.9007858e-06  3.8035166e-01] speed=0.0010 ang_speed=0.0018 ang_vel_vec=[-0.00080064  0.00065929  0.00141289] |com_force|=0.0000N
### kotek_magnet[tick=1200] sensor2: d=0.3208m in_range=False f_mag=0.000N tau_mag=0.0000Nm misalign_deg=90.0 pos=[ 0.10902434 -0.10904735  0.49140114] bottom_world=[ 0.10902456 -0.10904699  0.47140114] quat=[ 9.2300087e-01  1.0666438e-05 -1.6804725e-06 -3.8479793e-01] speed=0.0010 ang_speed=0.0027 ang_vel_vec=[-0.00159042  0.00197613 -0.00084644] |com_force|=0.0000N
### kotek_magnet[tick=1200] sensor3: d=0.5470m in_range=False f_mag=0.000N tau_mag=0.0000Nm misalign_deg=90.0 pos=[-0.10910648 -0.10914587  0.49140114] bottom_world=[-0.10910667 -0.10914567  0.47140114] quat=[-3.8058305e-01  2.5284271e-06 -6.5175118e-06  9.2474675e-01] speed=0.0009 ang_speed=0.0028 ang_vel_vec=[2.3927502e-03 8.3519517e-05 1.4316293e-03] |com_force|=0.0000N
### kotek_magnet[tick=1200] sensor4: d=0.5249m in_range=False f_mag=0.000N tau_mag=0.0000Nm misalign_deg=90.0 pos=[-0.10899989  0.10900027  0.49140224] bottom_world=[-0.10900018  0.10900011  0.47140224] quat=[3.8268238e-01 5.1554257e-06 6.5636373e-06 9.2387998e-01] speed=0.0013 ang_speed=0.0143 ang_vel_vec=[ 0.00738429 -0.0122406  -0.00032342] |com_force|=0.0000N
### kotek_magnet[tick=1260] sensor1: d=0.4082m in_range=False f_mag=0.000N tau_mag=0.0000Nm misalign_deg=90.0 pos=[0.10880258 0.10900908 0.4914024 ] bottom_world=[0.10880278 0.10900909 0.47140239] quat=[ 9.2484200e-01 -1.5100076e-06 -4.6740242e-06  3.8035163e-01] speed=0.0010 ang_speed=0.0022 ang_vel_vec=[-0.00162721  0.00014362  0.00146429] |com_force|=0.0000N
### kotek_magnet[tick=1260] sensor2: d=0.3208m in_range=False f_mag=0.000N tau_mag=0.0000Nm misalign_deg=90.0 pos=[ 0.10902464 -0.10904645  0.49140105] bottom_world=[ 0.1090246  -0.10904637  0.47140105] quat=[ 9.2300069e-01  1.5690727e-06  1.7692828e-06 -3.8479835e-01] speed=0.0001 ang_speed=0.0016 ang_vel_vec=[ 0.00106453 -0.00118385 -0.00034462] |com_force|=0.0000N
### kotek_magnet[tick=1260] sensor3: d=0.5470m in_range=False f_mag=0.000N tau_mag=0.0000Nm misalign_deg=90.0 pos=[-0.10910749 -0.10914606  0.4914011 ] bottom_world=[-0.10910744 -0.10914594  0.47140111] quat=[-3.8058391e-01 -2.3890639e-06 -2.3290420e-06  9.2474651e-01] speed=0.0005 ang_speed=0.0023 ang_vel_vec=[-0.00054092  0.00207773 -0.00072123] |com_force|=0.0000N
### kotek_magnet[tick=1260] sensor4: d=0.5249m in_range=False f_mag=0.000N tau_mag=0.0000Nm misalign_deg=90.0 pos=[-0.10900019  0.10899849  0.49140236] bottom_world=[-0.10900008  0.1089988   0.47140236] quat=[ 3.8268310e-01  3.9209868e-07 -8.2148072e-06  9.2387974e-01] speed=0.0009 ang_speed=0.0016 ang_vel_vec=[-0.00069547 -0.00048084  0.00135691] |com_force|=0.0000N
### kotek_magnet[tick=1320] sensor1: d=0.4082m in_range=False f_mag=0.000N tau_mag=0.0000Nm misalign_deg=90.0 pos=[0.10880258 0.10900909 0.49140233] bottom_world=[0.10880277 0.10900911 0.47140233] quat=[ 9.2484194e-01 -1.4154596e-06 -4.6195732e-06  3.8035163e-01] speed=0.0010 ang_speed=0.0025 ang_vel_vec=[-0.00185764  0.00011238  0.00168668] |com_force|=0.0000N
### kotek_magnet[tick=1320] sensor2: d=0.3208m in_range=False f_mag=0.000N tau_mag=0.0000Nm misalign_deg=90.0 pos=[ 0.10902448 -0.10904562  0.4914011 ] bottom_world=[ 0.10902438 -0.10904571  0.47140111] quat=[ 9.2300040e-01 -2.9713426e-06  1.4034130e-06 -3.8479897e-01] speed=0.0010 ang_speed=0.0026 ang_vel_vec=[0.00033129 0.00196925 0.0016793 ] |com_force|=0.0000N
### kotek_magnet[tick=1320] sensor3: d=0.5470m in_range=False f_mag=0.000N tau_mag=0.0000Nm misalign_deg=90.0 pos=[-0.10910641 -0.10914587  0.49140117] bottom_world=[-0.10910661 -0.10914566  0.47140117] quat=[-3.8058296e-01  2.6885066e-06 -6.9462649e-06  9.2474681e-01] speed=0.0010 ang_speed=0.0025 ang_vel_vec=[ 0.00172751 -0.00038072  0.00174043] |com_force|=0.0000N
### kotek_magnet[tick=1320] sensor4: d=0.5249m in_range=False f_mag=0.000N tau_mag=0.0000Nm misalign_deg=90.0 pos=[-0.10900035  0.10899936  0.4914022 ] bottom_world=[-0.1090003   0.10899949  0.47140221] quat=[ 3.8268244e-01  2.3660675e-07 -3.3988772e-06  9.2388004e-01] speed=0.0002 ang_speed=0.0009 ang_vel_vec=[ 3.8553197e-05  8.6800719e-04 -1.5101259e-04] |com_force|=0.0000N
### kotek_magnet[tick=1380] sensor1: d=0.4082m in_range=False f_mag=0.000N tau_mag=0.0000Nm misalign_deg=90.0 pos=[0.10880282 0.10900926 0.49140233] bottom_world=[0.10880299 0.10900923 0.47140233] quat=[ 9.2484182e-01 -2.3367684e-06 -3.7278492e-06  3.8035208e-01] speed=0.0006 ang_speed=0.0047 ang_vel_vec=[0.00424823 0.00183079 0.00058842] |com_force|=0.0000N
### kotek_magnet[tick=1380] sensor2: d=0.3208m in_range=False f_mag=0.000N tau_mag=0.0000Nm misalign_deg=90.0 pos=[ 0.1090247  -0.10904557  0.49140108] bottom_world=[ 0.10902449 -0.10904568  0.47140108] quat=[ 9.2300051e-01 -4.5813599e-06  3.5761107e-06 -3.8479879e-01] speed=0.0009 ang_speed=0.0031 ang_vel_vec=[-0.00016373 -0.00297519  0.00075121] |com_force|=0.0000N
### kotek_magnet[tick=1380] sensor3: d=0.5470m in_range=False f_mag=0.000N tau_mag=0.0000Nm misalign_deg=90.0 pos=[-0.10910728 -0.10914604  0.49140108] bottom_world=[-0.1091073  -0.10914589  0.47140108] quat=[-3.8058376e-01 -9.1769698e-07 -3.7800933e-06  9.2474657e-01] speed=0.0001 ang_speed=0.0012 ang_vel_vec=[-0.00100333 -0.00053039 -0.00034047] |com_force|=0.0000N
### kotek_magnet[tick=1380] sensor4: d=0.5249m in_range=False f_mag=0.000N tau_mag=0.0000Nm misalign_deg=90.0 pos=[-0.10900038  0.10899875  0.4914023 ] bottom_world=[-0.10900023  0.10899904  0.4714023 ] quat=[ 3.8268265e-01 -7.0999920e-07 -8.1399703e-06  9.2387992e-01] speed=0.0006 ang_speed=0.0048 ang_vel_vec=[-0.00176337  0.0044661   0.0004849 ] |com_force|=0.0000N
### kotek_magnet[tick=1440] sensor1: d=0.4082m in_range=False f_mag=0.000N tau_mag=0.0000Nm misalign_deg=90.0 pos=[0.1088044  0.10900877 0.49140236] bottom_world=[0.1088041  0.10900921 0.47140236] quat=[9.2484158e-01 1.2940436e-05 2.6978548e-06 3.8035247e-01] speed=0.0013 ang_speed=0.0165 ang_vel_vec=[-0.01417492 -0.00839077 -0.00037535] |com_force|=0.0000N
### kotek_magnet[tick=1440] sensor2: d=0.3208m in_range=False f_mag=0.000N tau_mag=0.0000Nm misalign_deg=90.0 pos=[ 0.10902467 -0.1090456   0.49140108] bottom_world=[ 0.10902447 -0.10904571  0.47140108] quat=[ 9.2300057e-01 -4.4984886e-06  3.6333265e-06 -3.8479879e-01] speed=0.0009 ang_speed=0.0030 ang_vel_vec=[-0.00022355 -0.00290859  0.00081476] |com_force|=0.0000N
### kotek_magnet[tick=1440] sensor3: d=0.5470m in_range=False f_mag=0.000N tau_mag=0.0000Nm misalign_deg=90.0 pos=[-0.1091075  -0.10914606  0.49140114] bottom_world=[-0.10910745 -0.10914593  0.47140114] quat=[-3.8058379e-01 -2.4948295e-06 -2.5766890e-06  9.2474645e-01] speed=0.0005 ang_speed=0.0023 ang_vel_vec=[-0.00118481  0.00188577 -0.00063927] |com_force|=0.0000N
### kotek_magnet[tick=1440] sensor4: d=0.5249m in_range=False f_mag=0.000N tau_mag=0.0000Nm misalign_deg=90.0 pos=[-0.10900022  0.10899851  0.49140233] bottom_world=[-0.10900011  0.10899882  0.47140233] quat=[ 3.826831e-01  5.150307e-07 -8.165719e-06  9.238797e-01] speed=0.0009 ang_speed=0.0019 ang_vel_vec=[-0.00039517 -0.00120479  0.00141825] |com_force|=0.0000N
### kotek_magnet[tick=1500] sensor1: d=0.4082m in_range=False f_mag=0.000N tau_mag=0.0000Nm misalign_deg=90.0 pos=[0.10880437 0.10900877 0.49140233] bottom_world=[0.10880409 0.1090092  0.47140233] quat=[9.2484158e-01 1.2596264e-05 2.6333728e-06 3.8035250e-01] speed=0.0013 ang_speed=0.0155 ang_vel_vec=[-0.01336055 -0.00784264 -0.00036646] |com_force|=0.0000N
### kotek_magnet[tick=1500] sensor2: d=0.3208m in_range=False f_mag=0.000N tau_mag=0.0000Nm misalign_deg=90.0 pos=[ 0.10902464 -0.10904645  0.49140105] bottom_world=[ 0.10902459 -0.10904636  0.47140105] quat=[ 9.2300075e-01  1.5689599e-06  1.9863542e-06 -3.8479826e-01] speed=0.0001 ang_speed=0.0018 ang_vel_vec=[ 0.00057693 -0.00171832 -0.0003214 ] |com_force|=0.0000N
### kotek_magnet[tick=1500] sensor3: d=0.5470m in_range=False f_mag=0.000N tau_mag=0.0000Nm misalign_deg=90.0 pos=[-0.1091075  -0.10914603  0.4914011 ] bottom_world=[-0.10910745 -0.1091459   0.47140111] quat=[-3.8058382e-01 -2.4762912e-06 -2.5170382e-06  9.2474639e-01] speed=0.0005 ang_speed=0.0025 ang_vel_vec=[-0.00133165  0.00204924 -0.00069875] |com_force|=0.0000N
### kotek_magnet[tick=1500] sensor4: d=0.5249m in_range=False f_mag=0.000N tau_mag=0.0000Nm misalign_deg=90.0 pos=[-0.10900021  0.10899851  0.49140227] bottom_world=[-0.1090001   0.10899882  0.47140227] quat=[ 3.8268301e-01  4.2763330e-07 -8.2107081e-06  9.2387974e-01] speed=0.0009 ang_speed=0.0017 ang_vel_vec=[-0.00061897 -0.00074365  0.00139406] |com_force|=0.0000N
### kotek_magnet[tick=1560] sensor1: d=0.4082m in_range=False f_mag=0.000N tau_mag=0.0000Nm misalign_deg=90.0 pos=[0.1088043  0.10900895 0.4914023 ] bottom_world=[0.10880403 0.1090093  0.4714023 ] quat=[9.2484152e-01 1.0511126e-05 2.9325313e-06 3.8035282e-01] speed=0.0010 ang_speed=0.0027 ang_vel_vec=[-0.0017922  -0.00175417 -0.00102101] |com_force|=0.0000N
### kotek_magnet[tick=1560] sensor2: d=0.3208m in_range=False f_mag=0.000N tau_mag=0.0000Nm misalign_deg=90.0 pos=[ 0.10902463 -0.10904672  0.49140114] bottom_world=[ 0.10902462 -0.10904655  0.47140114] quat=[ 9.2300081e-01  3.8594703e-06  1.9241688e-06 -3.8479808e-01] speed=0.0005 ang_speed=0.0024 ang_vel_vec=[-0.00217505 -0.00061572 -0.00089577] |com_force|=0.0000N
### kotek_magnet[tick=1560] sensor3: d=0.5470m in_range=False f_mag=0.000N tau_mag=0.0000Nm misalign_deg=90.0 pos=[-0.10910817 -0.10914579  0.49140117] bottom_world=[-0.10910791 -0.10914591  0.47140117] quat=[-3.8058406e-01 -4.9140062e-06  5.2229047e-06  9.2474639e-01] speed=0.0010 ang_speed=0.0027 ang_vel_vec=[ 0.00196667  0.00156512 -0.0009553 ] |com_force|=0.0000N
### kotek_magnet[tick=1560] sensor4: d=0.5249m in_range=False f_mag=0.000N tau_mag=0.0000Nm misalign_deg=90.0 pos=[-0.10900024  0.10899851  0.49140227] bottom_world=[-0.10900013  0.10899882  0.47140227] quat=[ 3.826829e-01  5.081984e-07 -8.146733e-06  9.238798e-01] speed=0.0009 ang_speed=0.0016 ang_vel_vec=[-0.00041452 -0.00100346  0.00118201] |com_force|=0.0000N
### kotek_magnet[tick=1620] sensor1: d=0.4082m in_range=False f_mag=0.000N tau_mag=0.0000Nm misalign_deg=90.0 pos=[0.10880377 0.10900928 0.49140233] bottom_world=[0.10880368 0.1090094  0.47140233] quat=[9.2484152e-01 3.7012778e-06 9.6610552e-07 3.8035268e-01] speed=0.0006 ang_speed=0.0025 ang_vel_vec=[ 0.00046419 -0.00225504 -0.00098149] |com_force|=0.0000N
### kotek_magnet[tick=1620] sensor2: d=0.3208m in_range=False f_mag=0.000N tau_mag=0.0000Nm misalign_deg=90.0 pos=[ 0.10902461 -0.10904672  0.49140108] bottom_world=[ 0.10902459 -0.10904656  0.47140108] quat=[ 9.2300081e-01  3.6497943e-06  1.9223608e-06 -3.8479811e-01] speed=0.0004 ang_speed=0.0024 ang_vel_vec=[-0.00200813 -0.00099923 -0.00081246] |com_force|=0.0000N
### kotek_magnet[tick=1620] sensor3: d=0.5470m in_range=False f_mag=0.000N tau_mag=0.0000Nm misalign_deg=90.0 pos=[-0.10910752 -0.10914605  0.49140105] bottom_world=[-0.10910746 -0.10914592  0.47140105] quat=[-3.8058394e-01 -2.4432391e-06 -2.4065539e-06  9.2474639e-01] speed=0.0005 ang_speed=0.0024 ang_vel_vec=[-0.0009822   0.002021   -0.00080902] |com_force|=0.0000N
### kotek_magnet[tick=1620] sensor4: d=0.5249m in_range=False f_mag=0.000N tau_mag=0.0000Nm misalign_deg=90.0 pos=[-0.10900035  0.10899931  0.4914022 ] bottom_world=[-0.1090003   0.10899945  0.47140221] quat=[ 3.8268247e-01  2.4798999e-07 -3.5847156e-06  9.2388004e-01] speed=0.0002 ang_speed=0.0014 ang_vel_vec=[-0.00036526  0.00122898 -0.00046202] |com_force|=0.0000N
### kotek_magnet[tick=1680] sensor1: d=0.4082m in_range=False f_mag=0.000N tau_mag=0.0000Nm misalign_deg=90.0 pos=[0.10880381 0.10900925 0.49140242] bottom_world=[0.10880372 0.10900937 0.47140242] quat=[9.2484158e-01 3.4875175e-06 8.9269037e-07 3.8035265e-01] speed=0.0006 ang_speed=0.0025 ang_vel_vec=[ 0.0012575  -0.00197386 -0.00075765] |com_force|=0.0000N
### kotek_magnet[tick=1680] sensor2: d=0.3208m in_range=False f_mag=0.000N tau_mag=0.0000Nm misalign_deg=90.0 pos=[ 0.10902472 -0.10904561  0.49140105] bottom_world=[ 0.10902452 -0.10904572  0.47140105] quat=[ 9.2300051e-01 -4.4818153e-06  3.6337349e-06 -3.8479891e-01] speed=0.0009 ang_speed=0.0031 ang_vel_vec=[-6.1329854e-05 -3.0120148e-03  8.8661403e-04] |com_force|=0.0000N
### kotek_magnet[tick=1680] sensor3: d=0.5470m in_range=False f_mag=0.000N tau_mag=0.0000Nm misalign_deg=90.0 pos=[-0.10910755 -0.10914586  0.49140105] bottom_world=[-0.10910747 -0.10914585  0.47140105] quat=[-3.8058367e-01 -2.0224131e-06  4.8099355e-07  9.2474651e-01] speed=0.0004 ang_speed=0.0025 ang_vel_vec=[ 1.6084884e-03  1.9722742e-03 -8.0645324e-05] |com_force|=0.0000N
### kotek_magnet[tick=1680] sensor4: d=0.5249m in_range=False f_mag=0.000N tau_mag=0.0000Nm misalign_deg=90.0 pos=[-0.10900036  0.10899928  0.49140227] bottom_world=[-0.10900031  0.10899943  0.47140227] quat=[ 3.8268238e-01  1.1876435e-07 -3.8625985e-06  9.2387998e-01] speed=0.0002 ang_speed=0.0021 ang_vel_vec=[-0.00086253  0.00189718 -0.00023492] |com_force|=0.0000N
### still playing, 1370s left
### kotek_magnet[tick=1740] sensor1: d=0.4082m in_range=False f_mag=0.000N tau_mag=0.0000Nm misalign_deg=90.0 pos=[0.10880381 0.10900928 0.49140224] bottom_world=[0.10880371 0.1090094  0.47140224] quat=[9.2484152e-01 3.7655429e-06 9.9403530e-07 3.8035268e-01] speed=0.0006 ang_speed=0.0029 ang_vel_vec=[-0.00017072 -0.00265864 -0.00112602] |com_force|=0.0000N
### kotek_magnet[tick=1740] sensor2: d=0.3208m in_range=False f_mag=0.000N tau_mag=0.0000Nm misalign_deg=90.0 pos=[ 0.10902444 -0.10904674  0.49140102] bottom_world=[ 0.10902455 -0.10904654  0.47140102] quat=[ 9.2300087e-01  5.6177228e-06 -5.0891123e-07 -3.8479811e-01] speed=0.0003 ang_speed=0.0030 ang_vel_vec=[-0.00236171  0.00181951 -0.00045082] |com_force|=0.0000N
### kotek_magnet[tick=1740] sensor3: d=0.5470m in_range=False f_mag=0.000N tau_mag=0.0000Nm misalign_deg=90.0 pos=[-0.10910755 -0.10914586  0.49140105] bottom_world=[-0.10910746 -0.10914586  0.47140105] quat=[-3.8058376e-01 -2.1646565e-06  8.8276670e-07  9.2474645e-01] speed=0.0004 ang_speed=0.0030 ang_vel_vec=[ 0.0018204   0.00237311 -0.00045176] |com_force|=0.0000N
### kotek_magnet[tick=1740] sensor4: d=0.5249m in_range=False f_mag=0.000N tau_mag=0.0000Nm misalign_deg=90.0 pos=[-0.10900008  0.10900021  0.4914023 ] bottom_world=[-0.1090003   0.10900006  0.4714023 ] quat=[3.8268209e-01 3.7927121e-06 5.5219230e-06 9.2388010e-01] speed=0.0010 ang_speed=0.0029 ang_vel_vec=[ 0.00191651 -0.00197786 -0.00099596] |com_force|=0.0000N
### kotek_magnet[tick=1800] sensor1: d=0.4082m in_range=False f_mag=0.000N tau_mag=0.0000Nm misalign_deg=90.0 pos=[0.10880419 0.10900887 0.49140236] bottom_world=[0.10880393 0.10900923 0.47140236] quat=[9.2484164e-01 1.0647734e-05 2.5580418e-06 3.8035253e-01] speed=0.0009 ang_speed=0.0041 ang_vel_vec=[-0.00270049 -0.00300038 -0.00043197] |com_force|=0.0000N
### kotek_magnet[tick=1800] sensor2: d=0.3208m in_range=False f_mag=0.000N tau_mag=0.0000Nm misalign_deg=90.0 pos=[ 0.10902444 -0.10904676  0.49140108] bottom_world=[ 0.10902454 -0.10904656  0.47140108] quat=[ 9.2300075e-01  5.5858177e-06 -3.8833866e-07 -3.8479835e-01] speed=0.0004 ang_speed=0.0029 ang_vel_vec=[-0.00240702  0.00154994 -0.00011758] |com_force|=0.0000N
### kotek_magnet[tick=1800] sensor3: d=0.5470m in_range=False f_mag=0.000N tau_mag=0.0000Nm misalign_deg=90.0 pos=[-0.10910751 -0.10914606  0.49140114] bottom_world=[-0.10910745 -0.10914593  0.47140114] quat=[-3.8058373e-01 -2.5860863e-06 -2.4290869e-06  9.2474645e-01] speed=0.0005 ang_speed=0.0024 ang_vel_vec=[-0.00134177  0.00194453 -0.00060187] |com_force|=0.0000N
### kotek_magnet[tick=1800] sensor4: d=0.5249m in_range=False f_mag=0.000N tau_mag=0.0000Nm misalign_deg=90.0 pos=[-0.10900006  0.10900017  0.49140236] bottom_world=[-0.10900029  0.10900003  0.47140236] quat=[3.8268220e-01 3.7582010e-06 5.3767817e-06 9.2388010e-01] speed=0.0010 ang_speed=0.0024 ang_vel_vec=[ 0.00162969 -0.00168842 -0.00064715] |com_force|=0.0000N
### kotek_magnet[tick=1860] sensor1: d=0.4082m in_range=False f_mag=0.000N tau_mag=0.0000Nm misalign_deg=90.0 pos=[0.10880379 0.10900929 0.49140233] bottom_world=[0.1088037  0.10900942 0.47140233] quat=[9.2484152e-01 3.9881443e-06 9.8429541e-07 3.8035256e-01] speed=0.0006 ang_speed=0.0028 ang_vel_vec=[-0.00037492 -0.00268701 -0.00067934] |com_force|=0.0000N
### kotek_magnet[tick=1860] sensor2: d=0.3208m in_range=False f_mag=0.000N tau_mag=0.0000Nm misalign_deg=90.0 pos=[ 0.10902429 -0.10904738  0.4914011 ] bottom_world=[ 0.10902454 -0.10904699  0.47140111] quat=[ 9.2300087e-01  1.1452935e-05 -1.9938957e-06 -3.8479790e-01] speed=0.0010 ang_speed=0.0027 ang_vel_vec=[-0.0016639   0.00209945 -0.00060166] |com_force|=0.0000N
### kotek_magnet[tick=1860] sensor3: d=0.5470m in_range=False f_mag=0.000N tau_mag=0.0000Nm misalign_deg=90.0 pos=[-0.10910816 -0.10914578  0.49140123] bottom_world=[-0.1091079  -0.1091459   0.47140123] quat=[-3.8058397e-01 -5.0006129e-06  5.2338428e-06  9.2474633e-01] speed=0.0010 ang_speed=0.0022 ang_vel_vec=[ 0.00167667  0.00134257 -0.00059949] |com_force|=0.0000N
### kotek_magnet[tick=1860] sensor4: d=0.5249m in_range=False f_mag=0.000N tau_mag=0.0000Nm misalign_deg=90.0 pos=[-0.10900036  0.10899955  0.49140236] bottom_world=[-0.10900035  0.10899961  0.47140236] quat=[ 3.8268226e-01  3.7362895e-07 -1.3322438e-06  9.2388010e-01] speed=0.0005 ang_speed=0.0026 ang_vel_vec=[ 0.00238604  0.00073619 -0.00054384] |com_force|=0.0000N
### kotek_magnet[tick=1920] sensor1: d=0.4082m in_range=False f_mag=0.000N tau_mag=0.0000Nm misalign_deg=90.0 pos=[0.1088038  0.10900927 0.4914023 ] bottom_world=[0.10880371 0.10900939 0.4714023 ] quat=[9.2484164e-01 3.7971806e-06 9.9554120e-07 3.8035250e-01] speed=0.0006 ang_speed=0.0025 ang_vel_vec=[ 0.00023469 -0.00238138 -0.00072201] |com_force|=0.0000N
### kotek_magnet[tick=1920] sensor2: d=0.3208m in_range=False f_mag=0.000N tau_mag=0.0000Nm misalign_deg=90.0 pos=[ 0.10902463 -0.1090467   0.4914011 ] bottom_world=[ 0.10902462 -0.10904652  0.47140111] quat=[ 9.2300075e-01  3.9231836e-06  1.9119427e-06 -3.8479814e-01] speed=0.0005 ang_speed=0.0023 ang_vel_vec=[-0.00198849 -0.00094247 -0.00057174] |com_force|=0.0000N
### kotek_magnet[tick=1920] sensor3: d=0.5470m in_range=False f_mag=0.000N tau_mag=0.0000Nm misalign_deg=90.0 pos=[-0.10910648 -0.10914586  0.4914011 ] bottom_world=[-0.10910667 -0.10914566  0.47140111] quat=[-3.8058290e-01  2.4020842e-06 -6.2775093e-06  9.2474687e-01] speed=0.0009 ang_speed=0.0029 ang_vel_vec=[0.00236734 0.00011736 0.00167425] |com_force|=0.0000N
### kotek_magnet[tick=1920] sensor4: d=0.5249m in_range=False f_mag=0.000N tau_mag=0.0000Nm misalign_deg=90.0 pos=[-0.10900005  0.10900019  0.4914023 ] bottom_world=[-0.10900027  0.10900005  0.4714023 ] quat=[3.8268209e-01 3.7640871e-06 5.4214615e-06 9.2388010e-01] speed=0.0010 ang_speed=0.0025 ang_vel_vec=[ 0.00172169 -0.0016729  -0.00058665] |com_force|=0.0000N
### kotek_magnet[tick=1980] sensor1: d=0.4082m in_range=False f_mag=0.000N tau_mag=0.0000Nm misalign_deg=90.0 pos=[0.10880381 0.10900926 0.49140233] bottom_world=[0.10880372 0.10900938 0.47140233] quat=[9.2484164e-01 3.6099404e-06 9.8606517e-07 3.8035265e-01] speed=0.0006 ang_speed=0.0024 ang_vel_vec=[ 0.00122957 -0.00188963 -0.00086128] |com_force|=0.0000N
### kotek_magnet[tick=1980] sensor2: d=0.3208m in_range=False f_mag=0.000N tau_mag=0.0000Nm misalign_deg=90.0 pos=[ 0.10902435 -0.10904735  0.49140108] bottom_world=[ 0.10902458 -0.10904697  0.47140108] quat=[ 9.2300087e-01  1.0834723e-05 -1.7580123e-06 -3.8479790e-01] speed=0.0010 ang_speed=0.0028 ang_vel_vec=[-0.00169007  0.00206269 -0.00079421] |com_force|=0.0000N
### kotek_magnet[tick=1980] sensor3: d=0.5470m in_range=False f_mag=0.000N tau_mag=0.0000Nm misalign_deg=90.0 pos=[-0.10910669 -0.10914607  0.49140114] bottom_world=[-0.10910686 -0.10914582  0.47140114] quat=[-3.8058323e-01  1.5690827e-06 -7.5622265e-06  9.2474663e-01] speed=0.0006 ang_speed=0.0043 ang_vel_vec=[-0.00388758 -0.00175123  0.00051798] |com_force|=0.0000N
### kotek_magnet[tick=1980] sensor4: d=0.5249m in_range=False f_mag=0.000N tau_mag=0.0000Nm misalign_deg=90.0 pos=[-0.10900034  0.1089993   0.4914023 ] bottom_world=[-0.10900028  0.10899944  0.4714023 ] quat=[ 3.8268241e-01  3.2100218e-08 -3.7550967e-06  9.2387998e-01] speed=0.0002 ang_speed=0.0014 ang_vel_vec=[-6.4182103e-05  1.3182597e-03 -3.6949862e-04] |com_force|=0.0000N
### kotek_magnet[tick=2040] sensor1: d=0.4082m in_range=False f_mag=0.000N tau_mag=0.0000Nm misalign_deg=90.0 pos=[0.10880429 0.10900896 0.49140236] bottom_world=[0.10880402 0.1090093  0.47140236] quat=[9.2484152e-01 1.0422677e-05 2.8635673e-06 3.8035288e-01] speed=0.0010 ang_speed=0.0030 ang_vel_vec=[-0.00203912 -0.00188514 -0.00104118] |com_force|=0.0000N
### kotek_magnet[tick=2040] sensor2: d=0.3208m in_range=False f_mag=0.000N tau_mag=0.0000Nm misalign_deg=90.0 pos=[ 0.10902464 -0.10904668  0.49140117] bottom_world=[ 0.10902462 -0.10904651  0.47140117] quat=[ 9.2300081e-01  3.7239865e-06  1.9583090e-06 -3.8479805e-01] speed=0.0004 ang_speed=0.0024 ang_vel_vec=[-0.00191521 -0.00105938 -0.00088031] |com_force|=0.0000N
### kotek_magnet[tick=2040] sensor3: d=0.5470m in_range=False f_mag=0.000N tau_mag=0.0000Nm misalign_deg=90.0 pos=[-0.10910755 -0.10914586  0.49140108] bottom_world=[-0.10910747 -0.10914586  0.47140108] quat=[-3.8058379e-01 -2.0828231e-06  7.4792320e-07  9.2474645e-01] speed=0.0004 ang_speed=0.0028 ang_vel_vec=[ 0.0017521   0.0022003  -0.00039696] |com_force|=0.0000N
### kotek_magnet[tick=2040] sensor4: d=0.5249m in_range=False f_mag=0.000N tau_mag=0.0000Nm misalign_deg=90.0 pos=[-0.10900009  0.10900016  0.49140233] bottom_world=[-0.10900031  0.10900002  0.47140233] quat=[3.8268200e-01 3.7287748e-06 5.3751119e-06 9.2388016e-01] speed=0.0010 ang_speed=0.0029 ang_vel_vec=[ 0.00193936 -0.00201136 -0.00093998] |com_force|=0.0000N
### kotek_magnet[tick=2100] sensor1: d=0.4082m in_range=False f_mag=0.000N tau_mag=0.0000Nm misalign_deg=90.0 pos=[0.10880379 0.10900929 0.49140227] bottom_world=[0.1088037  0.10900941 0.47140227] quat=[9.2484152e-01 3.6645365e-06 9.9449448e-07 3.8035268e-01] speed=0.0006 ang_speed=0.0024 ang_vel_vec=[ 0.00065626 -0.00213882 -0.0008971 ] |com_force|=0.0000N
### kotek_magnet[tick=2100] sensor2: d=0.3208m in_range=False f_mag=0.000N tau_mag=0.0000Nm misalign_deg=90.0 pos=[ 0.10902464 -0.1090467   0.49140108] bottom_world=[ 0.10902463 -0.10904653  0.47140108] quat=[ 9.2300081e-01  3.6136285e-06  1.9952731e-06 -3.8479805e-01] speed=0.0004 ang_speed=0.0024 ang_vel_vec=[-0.00199024 -0.00117294 -0.00073529] |com_force|=0.0000N
### kotek_magnet[tick=2100] sensor3: d=0.5470m in_range=False f_mag=0.000N tau_mag=0.0000Nm misalign_deg=90.0 pos=[-0.10910755 -0.10914584  0.491401  ] bottom_world=[-0.10910747 -0.10914583  0.47140099] quat=[-3.8058373e-01 -2.0880300e-06  6.0449747e-07  9.2474651e-01] speed=0.0004 ang_speed=0.0030 ang_vel_vec=[ 0.00179141  0.00239728 -0.00025651] |com_force|=0.0000N
### kotek_magnet[tick=2100] sensor4: d=0.5249m in_range=False f_mag=0.000N tau_mag=0.0000Nm misalign_deg=90.0 pos=[-0.10900006  0.10900021  0.49140227] bottom_world=[-0.10900028  0.10900006  0.47140227] quat=[3.8268200e-01 3.7615300e-06 5.5388864e-06 9.2388010e-01] speed=0.0010 ang_speed=0.0026 ang_vel_vec=[ 0.00176875 -0.00169116 -0.00077049] |com_force|=0.0000N
### kotek_magnet[tick=2160] sensor1: d=0.4082m in_range=False f_mag=0.000N tau_mag=0.0000Nm misalign_deg=90.0 pos=[0.10880382 0.1090093  0.49140227] bottom_world=[0.10880372 0.10900942 0.47140227] quat=[9.2484158e-01 3.8232511e-06 1.0239949e-06 3.8035268e-01] speed=0.0006 ang_speed=0.0025 ang_vel_vec=[ 0.00048434 -0.0022392  -0.00095027] |com_force|=0.0000N
### kotek_magnet[tick=2160] sensor2: d=0.3208m in_range=False f_mag=0.000N tau_mag=0.0000Nm misalign_deg=90.0 pos=[ 0.10902463 -0.10904647  0.49140102] bottom_world=[ 0.10902458 -0.10904638  0.47140102] quat=[ 9.2300075e-01  1.6976433e-06  1.9272090e-06 -3.8479829e-01] speed=0.0001 ang_speed=0.0016 ang_vel_vec=[ 0.00066882 -0.00137367 -0.00040283] |com_force|=0.0000N
### kotek_magnet[tick=2160] sensor3: d=0.5470m in_range=False f_mag=0.000N tau_mag=0.0000Nm misalign_deg=90.0 pos=[-0.10910816 -0.10914579  0.49140108] bottom_world=[-0.1091079  -0.1091459   0.47140108] quat=[-3.8058412e-01 -4.9323926e-06  5.0955537e-06  9.2474639e-01] speed=0.0010 ang_speed=0.0026 ang_vel_vec=[ 0.0018514   0.00156783 -0.00082884] |com_force|=0.0000N
### kotek_magnet[tick=2160] sensor4: d=0.5249m in_range=False f_mag=0.000N tau_mag=0.0000Nm misalign_deg=90.0 pos=[-0.10900036  0.10899951  0.4914023 ] bottom_world=[-0.10900034  0.10899957  0.4714023 ] quat=[ 3.8268214e-01  1.8427875e-07 -1.6350352e-06  9.2388004e-01] speed=0.0005 ang_speed=0.0025 ang_vel_vec=[ 0.00189878  0.00136828 -0.00078496] |com_force|=0.0000N
### kotek_magnet[tick=2220] sensor1: d=0.4082m in_range=False f_mag=0.000N tau_mag=0.0000Nm misalign_deg=90.0 pos=[0.10880381 0.10900922 0.49140242] bottom_world=[0.10880371 0.10900935 0.47140242] quat=[9.248416e-01 3.933203e-06 9.200088e-07 3.803526e-01] speed=0.0006 ang_speed=0.0029 ang_vel_vec=[-0.00049526 -0.00265948 -0.00105916] |com_force|=0.0000N
### kotek_magnet[tick=2220] sensor2: d=0.3208m in_range=False f_mag=0.000N tau_mag=0.0000Nm misalign_deg=90.0 pos=[ 0.10902433 -0.10904738  0.49140117] bottom_world=[ 0.10902457 -0.10904699  0.47140117] quat=[ 9.2300087e-01  1.1248771e-05 -1.8097135e-06 -3.8479790e-01] speed=0.0010 ang_speed=0.0030 ang_vel_vec=[-0.0019146   0.00215755 -0.00091807] |com_force|=0.0000N
### kotek_magnet[tick=2220] sensor3: d=0.5470m in_range=False f_mag=0.000N tau_mag=0.0000Nm misalign_deg=90.0 pos=[-0.10910818 -0.10914578  0.49140114] bottom_world=[-0.10910791 -0.1091459   0.47140114] quat=[-3.8058412e-01 -5.0603858e-06  5.3513008e-06  9.2474639e-01] speed=0.0010 ang_speed=0.0027 ang_vel_vec=[ 0.0019013   0.00164387 -0.00091723] |com_force|=0.0000N
### kotek_magnet[tick=2220] sensor4: d=0.5249m in_range=False f_mag=0.000N tau_mag=0.0000Nm misalign_deg=90.0 pos=[-0.10900043  0.10899843  0.49140242] bottom_world=[-0.10900023  0.10899876  0.47140242] quat=[ 3.8268289e-01 -1.3714073e-06 -9.6403701e-06  9.2387980e-01] speed=0.0009 ang_speed=0.0032 ang_vel_vec=[0.00023754 0.00313784 0.00047466] |com_force|=0.0000N
### kotek_magnet[tick=2280] sensor1: d=0.4082m in_range=False f_mag=0.000N tau_mag=0.0000Nm misalign_deg=90.0 pos=[0.10880378 0.1090093  0.49140227] bottom_world=[0.10880369 0.10900943 0.47140227] quat=[9.2484164e-01 3.7197126e-06 9.4666871e-07 3.8035265e-01] speed=0.0006 ang_speed=0.0025 ang_vel_vec=[ 0.00026929 -0.00230031 -0.0008851 ] |com_force|=0.0000N
### kotek_magnet[tick=2280] sensor2: d=0.3208m in_range=False f_mag=0.000N tau_mag=0.0000Nm misalign_deg=90.0 pos=[ 0.10902449 -0.10904562  0.4914011 ] bottom_world=[ 0.10902439 -0.10904571  0.47140111] quat=[ 9.2300045e-01 -2.9518524e-06  1.4801176e-06 -3.8479882e-01] speed=0.0010 ang_speed=0.0022 ang_vel_vec=[0.00046575 0.00165262 0.00141479] |com_force|=0.0000N
### kotek_magnet[tick=2280] sensor3: d=0.5470m in_range=False f_mag=0.000N tau_mag=0.0000Nm misalign_deg=90.0 pos=[-0.10910751 -0.10914609  0.4914011 ] bottom_world=[-0.10910745 -0.10914596  0.47140111] quat=[-3.8058388e-01 -2.4948429e-06 -2.4607309e-06  9.2474639e-01] speed=0.0005 ang_speed=0.0024 ang_vel_vec=[-0.00122836  0.00195581 -0.00076231] |com_force|=0.0000N
### kotek_magnet[tick=2280] sensor4: d=0.5249m in_range=False f_mag=0.000N tau_mag=0.0000Nm misalign_deg=90.0 pos=[-0.10900019  0.10899849  0.49140227] bottom_world=[-0.10900008  0.1089988   0.47140227] quat=[ 3.8268313e-01  4.7241227e-07 -8.1862936e-06  9.2387974e-01] speed=0.0009 ang_speed=0.0017 ang_vel_vec=[-0.00055375 -0.00088363  0.00133859] |com_force|=0.0000N
### kotek_magnet[tick=2340] sensor1: d=0.4082m in_range=False f_mag=0.000N tau_mag=0.0000Nm misalign_deg=90.0 pos=[0.1088038  0.10900924 0.49140233] bottom_world=[0.1088037  0.10900937 0.47140233] quat=[9.2484158e-01 3.8421545e-06 1.0334504e-06 3.8035262e-01] speed=0.0006 ang_speed=0.0026 ang_vel_vec=[ 0.0001612  -0.00249898 -0.00085913] |com_force|=0.0000N
### kotek_magnet[tick=2340] sensor2: d=0.3208m in_range=False f_mag=0.000N tau_mag=0.0000Nm misalign_deg=90.0 pos=[ 0.10902462 -0.10904644  0.49140108] bottom_world=[ 0.10902458 -0.10904635  0.47140108] quat=[ 9.2300069e-01  1.6922877e-06  1.8425798e-06 -3.8479841e-01] speed=0.0001 ang_speed=0.0011 ang_vel_vec=[ 0.00035538 -0.00100961 -0.00030538] |com_force|=0.0000N
### kotek_magnet[tick=2340] sensor3: d=0.5470m in_range=False f_mag=0.000N tau_mag=0.0000Nm misalign_deg=90.0 pos=[-0.10910752 -0.10914606  0.49140108] bottom_world=[-0.10910746 -0.10914594  0.47140108] quat=[-3.8058382e-01 -2.5524212e-06 -2.2671566e-06  9.2474645e-01] speed=0.0005 ang_speed=0.0023 ang_vel_vec=[-0.00096506  0.001931   -0.00066878] |com_force|=0.0000N
### kotek_magnet[tick=2340] sensor4: d=0.5249m in_range=False f_mag=0.000N tau_mag=0.0000Nm misalign_deg=90.0 pos=[-0.10900034  0.10899878  0.4914023 ] bottom_world=[-0.1090002   0.10899906  0.4714023 ] quat=[ 3.8268277e-01 -5.6618978e-07 -7.9359979e-06  9.2387980e-01] speed=0.0006 ang_speed=0.0046 ang_vel_vec=[-0.00172084  0.00423886  0.0005075 ] |com_force|=0.0000N
### kotek_magnet[tick=2400] sensor1: d=0.4082m in_range=False f_mag=0.000N tau_mag=0.0000Nm misalign_deg=90.0 pos=[0.1088038  0.10900925 0.4914023 ] bottom_world=[0.10880371 0.10900937 0.4714023 ] quat=[9.2484158e-01 3.7233042e-06 9.9607939e-07 3.8035253e-01] speed=0.0006 ang_speed=0.0028 ang_vel_vec=[-9.2387454e-05 -2.6771298e-03 -7.9309294e-04] |com_force|=0.0000N
### kotek_magnet[tick=2400] sensor2: d=0.3208m in_range=False f_mag=0.000N tau_mag=0.0000Nm misalign_deg=90.0 pos=[ 0.10902433 -0.10904737  0.49140114] bottom_world=[ 0.10902457 -0.10904699  0.47140114] quat=[ 9.2300093e-01  1.1017512e-05 -1.7772020e-06 -3.8479787e-01] speed=0.0010 ang_speed=0.0026 ang_vel_vec=[-0.00160696  0.00188611 -0.00063699] |com_force|=0.0000N
### kotek_magnet[tick=2400] sensor3: d=0.5470m in_range=False f_mag=0.000N tau_mag=0.0000Nm misalign_deg=90.0 pos=[-0.10910818 -0.10914576  0.49140126] bottom_world=[-0.10910791 -0.10914589  0.47140126] quat=[-3.8058394e-01 -5.0100630e-06  5.4756174e-06  9.2474639e-01] speed=0.0010 ang_speed=0.0025 ang_vel_vec=[ 0.00183367  0.00151307 -0.00062383] |com_force|=0.0000N
### kotek_magnet[tick=2400] sensor4: d=0.5249m in_range=False f_mag=0.000N tau_mag=0.0000Nm misalign_deg=90.0 pos=[-0.1090002   0.10899848  0.4914024 ] bottom_world=[-0.1090001   0.10899879  0.47140239] quat=[ 3.8268304e-01  5.8444442e-07 -7.9611609e-06  9.2387974e-01] speed=0.0009 ang_speed=0.0023 ang_vel_vec=[-0.00014707 -0.00182157  0.00145612] |com_force|=0.0000N
### kotek_magnet[tick=2460] sensor1: d=0.4082m in_range=False f_mag=0.000N tau_mag=0.0000Nm misalign_deg=90.0 pos=[0.10880258 0.10900907 0.4914024 ] bottom_world=[0.10880277 0.10900909 0.47140239] quat=[ 9.2484194e-01 -1.3855836e-06 -4.6406849e-06  3.8035169e-01] speed=0.0010 ang_speed=0.0024 ang_vel_vec=[-1.9222620e-03 -5.8616602e-05  1.4447180e-03] |com_force|=0.0000N
### kotek_magnet[tick=2460] sensor2: d=0.3208m in_range=False f_mag=0.000N tau_mag=0.0000Nm misalign_deg=90.0 pos=[ 0.10902432 -0.10904739  0.49140105] bottom_world=[ 0.10902458 -0.109047    0.47140105] quat=[ 9.23000872e-01  1.13956385e-05 -2.09780092e-06 -3.84797931e-01] speed=0.0010 ang_speed=0.0031 ang_vel_vec=[-0.00178792  0.00238049 -0.00081813] |com_force|=0.0000N
### kotek_magnet[tick=2460] sensor3: d=0.5470m in_range=False f_mag=0.000N tau_mag=0.0000Nm misalign_deg=90.0 pos=[-0.10910816 -0.10914575  0.4914011 ] bottom_world=[-0.10910791 -0.10914587  0.47140111] quat=[-3.8058406e-01 -4.8332604e-06  5.2454516e-06  9.2474639e-01] speed=0.0010 ang_speed=0.0027 ang_vel_vec=[ 0.00208611  0.00149743 -0.00079503] |com_force|=0.0000N
### kotek_magnet[tick=2460] sensor4: d=0.5249m in_range=False f_mag=0.000N tau_mag=0.0000Nm misalign_deg=90.0 pos=[-0.10900038  0.10899876  0.4914024 ] bottom_world=[-0.10900023  0.10899905  0.47140239] quat=[ 3.8268265e-01 -5.9097880e-07 -8.0837144e-06  9.2387980e-01] speed=0.0006 ang_speed=0.0046 ang_vel_vec=[-0.00158697  0.00429224  0.00048529] |com_force|=0.0000N
### kotek_magnet[tick=2520] sensor1: d=0.4082m in_range=False f_mag=0.000N tau_mag=0.0000Nm misalign_deg=90.0 pos=[0.10880283 0.10900928 0.49140224] bottom_world=[0.108803   0.10900926 0.47140224] quat=[ 9.2484176e-01 -2.1512194e-06 -3.7064458e-06  3.8035202e-01] speed=0.0006 ang_speed=0.0042 ang_vel_vec=[0.00386168 0.00170402 0.00040903] |com_force|=0.0000N
### kotek_magnet[tick=2520] sensor2: d=0.3208m in_range=False f_mag=0.000N tau_mag=0.0000Nm misalign_deg=90.0 pos=[ 0.10902433 -0.10904733  0.4914011 ] bottom_world=[ 0.10902457 -0.10904695  0.47140111] quat=[ 9.2300087e-01  1.1180692e-05 -1.8724672e-06 -3.8479781e-01] speed=0.0010 ang_speed=0.0030 ang_vel_vec=[-0.00192596  0.00213658 -0.00094612] |com_force|=0.0000N
### kotek_magnet[tick=2520] sensor3: d=0.5470m in_range=False f_mag=0.000N tau_mag=0.0000Nm misalign_deg=90.0 pos=[-0.10910729 -0.10914579  0.49140102] bottom_world=[-0.10910726 -0.10914576  0.47140102] quat=[-3.8058347e-01 -9.7375641e-07 -3.2389988e-07  9.2474663e-01] speed=0.0003 ang_speed=0.0061 ang_vel_vec=[0.00528359 0.0029502  0.00025167] |com_force|=0.0000N
### kotek_magnet[tick=2520] sensor4: d=0.5249m in_range=False f_mag=0.000N tau_mag=0.0000Nm misalign_deg=90.0 pos=[-0.10900021  0.10899851  0.49140233] bottom_world=[-0.1090001   0.10899882  0.47140233] quat=[ 3.8268304e-01  5.6700964e-07 -7.9697684e-06  9.2387980e-01] speed=0.0009 ang_speed=0.0019 ang_vel_vec=[-0.00027604 -0.00148535  0.00117359] |com_force|=0.0000N
### kotek_magnet[tick=2580] sensor1: d=0.4082m in_range=False f_mag=0.000N tau_mag=0.0000Nm misalign_deg=90.0 pos=[0.10880342 0.10900924 0.4914023 ] bottom_world=[0.10880344 0.10900932 0.4714023 ] quat=[ 9.2484164e-01  1.5050505e-06 -1.0623129e-06  3.8035235e-01] speed=0.0002 ang_speed=0.0018 ang_vel_vec=[ 0.00179481  0.00024473 -0.00013262] |com_force|=0.0000N
### kotek_magnet[tick=2580] sensor2: d=0.3208m in_range=False f_mag=0.000N tau_mag=0.0000Nm misalign_deg=90.0 pos=[ 0.10902464 -0.10904671  0.4914011 ] bottom_world=[ 0.10902463 -0.10904654  0.47140111] quat=[ 9.2300081e-01  3.8196877e-06  1.8865127e-06 -3.8479820e-01] speed=0.0004 ang_speed=0.0020 ang_vel_vec=[-0.0016113  -0.00103714 -0.00053674] |com_force|=0.0000N
### kotek_magnet[tick=2580] sensor3: d=0.5470m in_range=False f_mag=0.000N tau_mag=0.0000Nm misalign_deg=90.0 pos=[-0.10910818 -0.10914578  0.4914011 ] bottom_world=[-0.10910792 -0.1091459   0.47140111] quat=[-3.8058406e-01 -4.9556302e-06  5.2530245e-06  9.2474645e-01] speed=0.0010 ang_speed=0.0022 ang_vel_vec=[ 0.00174394  0.00128275 -0.00060232] |com_force|=0.0000N
### kotek_magnet[tick=2580] sensor4: d=0.5249m in_range=False f_mag=0.000N tau_mag=0.0000Nm misalign_deg=90.0 pos=[-0.10900015  0.10899848  0.49140242] bottom_world=[-0.10900005  0.10899879  0.47140242] quat=[ 3.8268304e-01  5.0103097e-07 -8.0481659e-06  9.2387974e-01] speed=0.0009 ang_speed=0.0021 ang_vel_vec=[-0.00023808 -0.00137721  0.00151533] |com_force|=0.0000N
### kotek_magnet[tick=2640] sensor1: d=0.4082m in_range=False f_mag=0.000N tau_mag=0.0000Nm misalign_deg=90.0 pos=[0.10880431 0.10900898 0.49140236] bottom_world=[0.10880405 0.10900932 0.47140236] quat=[9.2484158e-01 1.0413138e-05 2.6483699e-06 3.8035282e-01] speed=0.0010 ang_speed=0.0028 ang_vel_vec=[-0.00193252 -0.00179862 -0.00087433] |com_force|=0.0000N
### kotek_magnet[tick=2640] sensor2: d=0.3208m in_range=False f_mag=0.000N tau_mag=0.0000Nm misalign_deg=90.0 pos=[ 0.10902414 -0.10904744  0.49140105] bottom_world=[ 0.10902445 -0.10904703  0.47140105] quat=[ 9.2300069e-01  1.2576748e-05 -3.1953907e-06 -3.8479823e-01] speed=0.0013 ang_speed=0.0146 ang_vel_vec=[-0.00731663  0.01259613 -0.00030617] |com_force|=0.0000N
### kotek_magnet[tick=2640] sensor3: d=0.5470m in_range=False f_mag=0.000N tau_mag=0.0000Nm misalign_deg=90.0 pos=[-0.10910753 -0.10914608  0.49140108] bottom_world=[-0.10910747 -0.10914595  0.47140108] quat=[-3.8058385e-01 -2.6547928e-06 -2.5500531e-06  9.2474651e-01] speed=0.0004 ang_speed=0.0024 ang_vel_vec=[-0.00110528  0.00198753 -0.00068738] |com_force|=0.0000N
### kotek_magnet[tick=2640] sensor4: d=0.5249m in_range=False f_mag=0.000N tau_mag=0.0000Nm misalign_deg=90.0 pos=[-0.10900019  0.10899851  0.49140236] bottom_world=[-0.10900009  0.10899881  0.47140236] quat=[ 3.8268307e-01  6.8500282e-07 -8.0358341e-06  9.2387968e-01] speed=0.0009 ang_speed=0.0026 ang_vel_vec=[ 8.9653069e-05 -2.1927264e-03  1.3252952e-03] |com_force|=0.0000N
### kotek_magnet[tick=2700] sensor1: d=0.4082m in_range=False f_mag=0.000N tau_mag=0.0000Nm misalign_deg=90.0 pos=[0.10880431 0.10900898 0.49140233] bottom_world=[0.10880404 0.10900932 0.47140233] quat=[9.2484158e-01 1.0406177e-05 2.9270554e-06 3.8035271e-01] speed=0.0010 ang_speed=0.0024 ang_vel_vec=[-0.00164408 -0.00157838 -0.00080312] |com_force|=0.0000N
### kotek_magnet[tick=2700] sensor2: d=0.3208m in_range=False f_mag=0.000N tau_mag=0.0000Nm misalign_deg=90.0 pos=[ 0.10902465 -0.10904666  0.49140117] bottom_world=[ 0.10902464 -0.1090465   0.47140117] quat=[ 9.2300081e-01  3.6608610e-06  1.9124859e-06 -3.8479817e-01] speed=0.0004 ang_speed=0.0024 ang_vel_vec=[-0.0021296  -0.00085099 -0.00065594] |com_force|=0.0000N
### kotek_magnet[tick=2700] sensor3: d=0.5470m in_range=False f_mag=0.000N tau_mag=0.0000Nm misalign_deg=90.0 pos=[-0.10910755 -0.10914584  0.491401  ] bottom_world=[-0.10910746 -0.10914584  0.47140099] quat=[-3.8058367e-01 -2.1071835e-06  7.7944492e-07  9.2474651e-01] speed=0.0004 ang_speed=0.0031 ang_vel_vec=[ 0.00185535  0.00249138 -0.00017301] |com_force|=0.0000N
### kotek_magnet[tick=2700] sensor4: d=0.5249m in_range=False f_mag=0.000N tau_mag=0.0000Nm misalign_deg=90.0 pos=[-0.10900019  0.10899851  0.49140233] bottom_world=[-0.10900008  0.10899882  0.47140233] quat=[ 3.8268301e-01  4.7160324e-07 -8.0809868e-06  9.2387974e-01] speed=0.0009 ang_speed=0.0018 ang_vel_vec=[-0.00055624 -0.00089757  0.00140045] |com_force|=0.0000N
### kotek_magnet[tick=2760] sensor1: d=0.4082m in_range=False f_mag=0.000N tau_mag=0.0000Nm misalign_deg=90.0 pos=[0.1088043  0.10900895 0.49140233] bottom_world=[0.10880403 0.10900929 0.47140233] quat=[9.2484152e-01 1.0337861e-05 2.9614205e-06 3.8035277e-01] speed=0.0010 ang_speed=0.0024 ang_vel_vec=[-0.00161555 -0.00161846 -0.00082264] |com_force|=0.0000N
### kotek_magnet[tick=2760] sensor2: d=0.3208m in_range=False f_mag=0.000N tau_mag=0.0000Nm misalign_deg=90.0 pos=[ 0.10902435 -0.10904736  0.49140114] bottom_world=[ 0.10902459 -0.10904699  0.47140114] quat=[ 9.2300087e-01  1.0785669e-05 -1.8433220e-06 -3.8479781e-01] speed=0.0010 ang_speed=0.0027 ang_vel_vec=[-0.00162902  0.00204707 -0.00072459] |com_force|=0.0000N
### kotek_magnet[tick=2760] sensor3: d=0.5470m in_range=False f_mag=0.000N tau_mag=0.0000Nm misalign_deg=90.0 pos=[-0.10910808 -0.10914568  0.4914012 ] bottom_world=[-0.10910782 -0.10914582  0.4714012 ] quat=[-3.8058382e-01 -4.6653040e-06  5.7691368e-06  9.2474651e-01] speed=0.0010 ang_speed=0.0042 ang_vel_vec=[ 0.00292644  0.00291839 -0.00039078] |com_force|=0.0000N
### kotek_magnet[tick=2760] sensor4: d=0.5249m in_range=False f_mag=0.000N tau_mag=0.0000Nm misalign_deg=90.0 pos=[-0.10900035  0.10899873  0.49140236] bottom_world=[-0.1090002   0.10899902  0.47140236] quat=[ 3.8268277e-01 -6.9650969e-07 -8.0673226e-06  9.2387986e-01] speed=0.0006 ang_speed=0.0047 ang_vel_vec=[-0.00173676  0.00438506  0.00052266] |com_force|=0.0000N
### kotek_magnet[tick=2820] sensor1: d=0.4082m in_range=False f_mag=0.000N tau_mag=0.0000Nm misalign_deg=90.0 pos=[0.10880431 0.10900894 0.4914023 ] bottom_world=[0.10880404 0.10900929 0.4714023 ] quat=[9.2484146e-01 1.0744506e-05 2.9046569e-06 3.8035274e-01] speed=0.0010 ang_speed=0.0028 ang_vel_vec=[-0.00191708 -0.00180413 -0.00081693] |com_force|=0.0000N
### kotek_magnet[tick=2820] sensor2: d=0.3208m in_range=False f_mag=0.000N tau_mag=0.0000Nm misalign_deg=90.0 pos=[ 0.10902465 -0.10904673  0.4914012 ] bottom_world=[ 0.10902464 -0.10904656  0.4714012 ] quat=[ 9.2300081e-01  3.7782370e-06  1.9417319e-06 -3.8479805e-01] speed=0.0004 ang_speed=0.0024 ang_vel_vec=[-0.00216894 -0.00077019 -0.00071917] |com_force|=0.0000N
### kotek_magnet[tick=2820] sensor3: d=0.5470m in_range=False f_mag=0.000N tau_mag=0.0000Nm misalign_deg=90.0 pos=[-0.10910647 -0.10914588  0.49140114] bottom_world=[-0.10910665 -0.10914568  0.47140114] quat=[-3.8058305e-01  2.3920431e-06 -6.2960735e-06  9.2474681e-01] speed=0.0009 ang_speed=0.0030 ang_vel_vec=[0.00255116 0.00019764 0.00148256] |com_force|=0.0000N
### kotek_magnet[tick=2820] sensor4: d=0.5249m in_range=False f_mag=0.000N tau_mag=0.0000Nm misalign_deg=90.0 pos=[-0.10900042  0.10899843  0.49140245] bottom_world=[-0.10900022  0.10899876  0.47140245] quat=[ 3.8268283e-01 -1.4731471e-06 -9.7368420e-06  9.2387974e-01] speed=0.0009 ang_speed=0.0032 ang_vel_vec=[0.00036425 0.00306725 0.00064427] |com_force|=0.0000N
### kotek_magnet[tick=2880] sensor1: d=0.4082m in_range=False f_mag=0.000N tau_mag=0.0000Nm misalign_deg=90.0 pos=[0.10880431 0.10900899 0.49140233] bottom_world=[0.10880404 0.10900933 0.47140233] quat=[9.2484152e-01 1.0385204e-05 2.9311082e-06 3.8035265e-01] speed=0.0009 ang_speed=0.0025 ang_vel_vec=[-0.00165028 -0.00165853 -0.00098165] |com_force|=0.0000N
### kotek_magnet[tick=2880] sensor2: d=0.3208m in_range=False f_mag=0.000N tau_mag=0.0000Nm misalign_deg=90.0 pos=[ 0.10902433 -0.10904738  0.49140117] bottom_world=[ 0.10902458 -0.10904699  0.47140117] quat=[ 9.2300087e-01  1.1254916e-05 -1.9204799e-06 -3.8479805e-01] speed=0.0010 ang_speed=0.0032 ang_vel_vec=[-0.00204186  0.0023424  -0.00094584] |com_force|=0.0000N
### kotek_magnet[tick=2880] sensor3: d=0.5470m in_range=False f_mag=0.000N tau_mag=0.0000Nm misalign_deg=90.0 pos=[-0.10910642 -0.1091461   0.4914011 ] bottom_world=[-0.10910663 -0.10914579  0.47140111] quat=[-3.8058308e-01  2.0235359e-06 -8.9885361e-06  9.2474675e-01] speed=0.0009 ang_speed=0.0024 ang_vel_vec=[-0.0022896   0.00060018  0.00063035] |com_force|=0.0000N
### kotek_magnet[tick=2880] sensor4: d=0.5249m in_range=False f_mag=0.000N tau_mag=0.0000Nm misalign_deg=90.0 pos=[-0.10900021  0.10899851  0.49140236] bottom_world=[-0.1090001   0.10899882  0.47140236] quat=[ 3.8268307e-01  4.4525524e-07 -8.1509761e-06  9.2387974e-01] speed=0.0009 ang_speed=0.0015 ang_vel_vec=[-0.00047618 -0.00082929  0.0012063 ] |com_force|=0.0000N
### kotek_magnet[tick=2940] sensor1: d=0.4082m in_range=False f_mag=0.000N tau_mag=0.0000Nm misalign_deg=90.0 pos=[0.10880381 0.10900929 0.49140227] bottom_world=[0.10880371 0.10900941 0.47140227] quat=[9.2484158e-01 3.7025561e-06 1.0459099e-06 3.8035268e-01] speed=0.0006 ang_speed=0.0027 ang_vel_vec=[ 0.00076719 -0.00233231 -0.001079  ] |com_force|=0.0000N
### kotek_magnet[tick=2940] sensor2: d=0.3208m in_range=False f_mag=0.000N tau_mag=0.0000Nm misalign_deg=90.0 pos=[ 0.10902413 -0.10904743  0.491401  ] bottom_world=[ 0.10902445 -0.10904702  0.47140099] quat=[ 9.2300087e-01  1.2368556e-05 -3.4082889e-06 -3.8479814e-01] speed=0.0013 ang_speed=0.0160 ang_vel_vec=[-0.00792737  0.01386766 -0.00047194] |com_force|=0.0000N
### kotek_magnet[tick=2940] sensor3: d=0.5470m in_range=False f_mag=0.000N tau_mag=0.0000Nm misalign_deg=90.0 pos=[-0.10910641 -0.1091459   0.4914011 ] bottom_world=[-0.1091066  -0.10914569  0.47140111] quat=[-3.8058317e-01  2.5112440e-06 -6.6817852e-06  9.2474681e-01] speed=0.0010 ang_speed=0.0025 ang_vel_vec=[ 2.1455418e-03 -8.0162165e-05  1.3565607e-03] |com_force|=0.0000N
### kotek_magnet[tick=2940] sensor4: d=0.5249m in_range=False f_mag=0.000N tau_mag=0.0000Nm misalign_deg=90.0 pos=[-0.1090002   0.10899848  0.49140233] bottom_world=[-0.10900009  0.10899879  0.47140233] quat=[ 3.8268304e-01  4.7372112e-07 -8.1705530e-06  9.2387980e-01] speed=0.0009 ang_speed=0.0016 ang_vel_vec=[-0.00028328 -0.00106775  0.00118956] |com_force|=0.0000N
### kotek_magnet[tick=3000] sensor1: d=0.4082m in_range=False f_mag=0.000N tau_mag=0.0000Nm misalign_deg=90.0 pos=[0.10880379 0.10900928 0.49140227] bottom_world=[0.10880369 0.10900941 0.47140227] quat=[9.2484152e-01 3.9228980e-06 1.0179754e-06 3.8035277e-01] speed=0.0006 ang_speed=0.0025 ang_vel_vec=[ 0.00027616 -0.00233599 -0.00084697] |com_force|=0.0000N
### kotek_magnet[tick=3000] sensor2: d=0.3208m in_range=False f_mag=0.000N tau_mag=0.0000Nm misalign_deg=90.0 pos=[ 0.10902463 -0.10904643  0.49140102] bottom_world=[ 0.10902459 -0.10904633  0.47140102] quat=[ 9.2300063e-01  1.8186922e-06  1.8052004e-06 -3.8479838e-01] speed=0.0001 ang_speed=0.0013 ang_vel_vec=[ 0.00046968 -0.00117854 -0.00031399] |com_force|=0.0000N
### kotek_magnet[tick=3000] sensor3: d=0.5470m in_range=False f_mag=0.000N tau_mag=0.0000Nm misalign_deg=90.0 pos=[-0.10910647 -0.10914589  0.4914011 ] bottom_world=[-0.10910665 -0.10914569  0.47140111] quat=[-3.8058302e-01  2.3806936e-06 -6.3845509e-06  9.2474681e-01] speed=0.0009 ang_speed=0.0030 ang_vel_vec=[0.00254031 0.00019184 0.00152504] |com_force|=0.0000N
### kotek_magnet[tick=3000] sensor4: d=0.5249m in_range=False f_mag=0.000N tau_mag=0.0000Nm misalign_deg=90.0 pos=[-0.10900022  0.10899849  0.49140236] bottom_world=[-0.10900012  0.1089988   0.47140236] quat=[ 3.8268295e-01  5.5443530e-07 -8.1589533e-06  9.2387980e-01] speed=0.0009 ang_speed=0.0018 ang_vel_vec=[-0.00036842 -0.00114126  0.00138033] |com_force|=0.0000N
### kotek_magnet[tick=3060] sensor1: d=0.4082m in_range=False f_mag=0.000N tau_mag=0.0000Nm misalign_deg=90.0 pos=[0.10880382 0.10900928 0.49140233] bottom_world=[0.10880372 0.1090094  0.47140233] quat=[9.2484158e-01 3.7299508e-06 9.3724054e-07 3.8035271e-01] speed=0.0006 ang_speed=0.0024 ang_vel_vec=[ 0.00038768 -0.00226566 -0.0007765 ] |com_force|=0.0000N
### kotek_magnet[tick=3060] sensor2: d=0.3208m in_range=False f_mag=0.000N tau_mag=0.0000Nm misalign_deg=90.0 pos=[ 0.10902442 -0.10904673  0.491401  ] bottom_world=[ 0.10902452 -0.10904653  0.47140099] quat=[ 9.2300075e-01  5.5363548e-06 -4.5197703e-07 -3.8479820e-01] speed=0.0004 ang_speed=0.0029 ang_vel_vec=[-0.00227062  0.00173819 -0.00012365] |com_force|=0.0000N
### kotek_magnet[tick=3060] sensor3: d=0.5470m in_range=False f_mag=0.000N tau_mag=0.0000Nm misalign_deg=90.0 pos=[-0.10910641 -0.10914589  0.49140108] bottom_world=[-0.10910661 -0.10914568  0.47140108] quat=[-3.8058308e-01  2.5650577e-06 -6.8482086e-06  9.2474681e-01] speed=0.0010 ang_speed=0.0024 ang_vel_vec=[ 0.00170584 -0.00031541  0.00161181] |com_force|=0.0000N
### kotek_magnet[tick=3060] sensor4: d=0.5249m in_range=False f_mag=0.000N tau_mag=0.0000Nm misalign_deg=90.0 pos=[-0.10900026  0.10899847  0.49140236] bottom_world=[-0.10900013  0.1089988   0.47140236] quat=[ 3.8268298e-01  1.6335659e-07 -8.8401139e-06  9.2387980e-01] speed=0.0010 ang_speed=0.0018 ang_vel_vec=[-0.00101789 -0.00012016  0.00146588] |com_force|=0.0000N
### kotek_magnet[tick=3120] sensor1: d=0.4082m in_range=False f_mag=0.000N tau_mag=0.0000Nm misalign_deg=90.0 pos=[0.10880382 0.10900925 0.4914023 ] bottom_world=[0.10880372 0.10900936 0.4714023 ] quat=[9.2484164e-01 3.5273240e-06 1.2241710e-06 3.8035259e-01] speed=0.0006 ang_speed=0.0029 ang_vel_vec=[ 0.00167952 -0.00214657 -0.00110333] |com_force|=0.0000N
### kotek_magnet[tick=3120] sensor2: d=0.3208m in_range=False f_mag=0.000N tau_mag=0.0000Nm misalign_deg=90.0 pos=[ 0.10902445 -0.10904676  0.49140096] bottom_world=[ 0.10902456 -0.10904657  0.47140096] quat=[ 9.2300075e-01  5.4733578e-06 -6.5556424e-07 -3.8479826e-01] speed=0.0003 ang_speed=0.0028 ang_vel_vec=[-0.00197749  0.00195202 -0.00041629] |com_force|=0.0000N
### kotek_magnet[tick=3120] sensor3: d=0.5470m in_range=False f_mag=0.000N tau_mag=0.0000Nm misalign_deg=90.0 pos=[-0.10910645 -0.1091459   0.49140108] bottom_world=[-0.10910664 -0.1091457   0.47140108] quat=[-3.8058296e-01  2.5212018e-06 -6.3775483e-06  9.2474681e-01] speed=0.0009 ang_speed=0.0030 ang_vel_vec=[0.00265617 0.00028219 0.00131321] |com_force|=0.0000N
### kotek_magnet[tick=3120] sensor4: d=0.5249m in_range=False f_mag=0.000N tau_mag=0.0000Nm misalign_deg=90.0 pos=[-0.1090002  0.1089985  0.4914024] bottom_world=[-0.10900008  0.10899881  0.47140239] quat=[ 3.8268310e-01  2.9046905e-07 -8.2992774e-06  9.2387968e-01] speed=0.0009 ang_speed=0.0014 ang_vel_vec=[-0.00061726 -0.00059871  0.00114782] |com_force|=0.0000N
### kotek_magnet[tick=3180] sensor1: d=0.4082m in_range=False f_mag=0.000N tau_mag=0.0000Nm misalign_deg=90.0 pos=[0.10880381 0.10900926 0.49140233] bottom_world=[0.10880372 0.10900938 0.47140233] quat=[9.2484164e-01 3.7661714e-06 9.6800159e-07 3.8035259e-01] speed=0.0006 ang_speed=0.0025 ang_vel_vec=[ 0.00027939 -0.00233853 -0.00080479] |com_force|=0.0000N
### kotek_magnet[tick=3180] sensor2: d=0.3208m in_range=False f_mag=0.000N tau_mag=0.0000Nm misalign_deg=90.0 pos=[ 0.10902464 -0.10904588  0.49140117] bottom_world=[ 0.1090245  -0.10904594  0.47140117] quat=[ 9.2300063e-01 -2.7894778e-06  2.5569432e-06 -3.8479847e-01] speed=0.0006 ang_speed=0.0046 ang_vel_vec=[ 0.00201636 -0.00407302  0.00061364] |com_force|=0.0000N
### kotek_magnet[tick=3180] sensor3: d=0.5470m in_range=False f_mag=0.000N tau_mag=0.0000Nm misalign_deg=90.0 pos=[-0.10910721 -0.10914586  0.4914011 ] bottom_world=[-0.10910717 -0.10914581  0.47140111] quat=[-3.8058347e-01 -1.3642066e-06 -7.2878129e-07  9.2474663e-01] speed=0.0002 ang_speed=0.0031 ang_vel_vec=[0.00258105 0.00170165 0.00035755] |com_force|=0.0000N
### kotek_magnet[tick=3180] sensor4: d=0.5249m in_range=False f_mag=0.000N tau_mag=0.0000Nm misalign_deg=90.0 pos=[-0.10900041  0.10899848  0.49140227] bottom_world=[-0.10900021  0.10899882  0.47140227] quat=[ 3.8268292e-01 -1.5115191e-06 -9.6715548e-06  9.2387980e-01] speed=0.0009 ang_speed=0.0035 ang_vel_vec=[0.00019841 0.00341867 0.00070533] |com_force|=0.0000N
### kotek_magnet[tick=3240] sensor1: d=0.4082m in_range=False f_mag=0.000N tau_mag=0.0000Nm misalign_deg=90.0 pos=[0.1088038  0.10900924 0.4914024 ] bottom_world=[0.10880372 0.10900935 0.47140239] quat=[9.2484158e-01 3.3523334e-06 8.5459249e-07 3.8035262e-01] speed=0.0006 ang_speed=0.0025 ang_vel_vec=[ 0.00122465 -0.00205262 -0.00086367] |com_force|=0.0000N
### kotek_magnet[tick=3240] sensor2: d=0.3208m in_range=False f_mag=0.000N tau_mag=0.0000Nm misalign_deg=90.0 pos=[ 0.10902437 -0.10904735  0.49140117] bottom_world=[ 0.10902459 -0.10904698  0.47140117] quat=[ 9.2300093e-01  1.0512284e-05 -1.5084825e-06 -3.8479784e-01] speed=0.0010 ang_speed=0.0021 ang_vel_vec=[-0.00129202  0.00148788 -0.00075691] |com_force|=0.0000N
### kotek_magnet[tick=3240] sensor3: d=0.5470m in_range=False f_mag=0.000N tau_mag=0.0000Nm misalign_deg=90.0 pos=[-0.10910816 -0.1091458   0.49140117] bottom_world=[-0.1091079  -0.1091459   0.47140117] quat=[-3.8058412e-01 -4.8556353e-06  4.8534694e-06  9.2474633e-01] speed=0.0010 ang_speed=0.0020 ang_vel_vec=[ 0.00143304  0.00121063 -0.00075145] |com_force|=0.0000N
### kotek_magnet[tick=3240] sensor4: d=0.5249m in_range=False f_mag=0.000N tau_mag=0.0000Nm misalign_deg=90.0 pos=[-0.10900042  0.10899845  0.4914024 ] bottom_world=[-0.10900021  0.10899879  0.47140239] quat=[ 3.8268289e-01 -1.6500121e-06 -9.9404788e-06  9.2387980e-01] speed=0.0009 ang_speed=0.0038 ang_vel_vec=[2.5616169e-05 3.6996517e-03 6.5063540e-04] |com_force|=0.0000N
### kotek_magnet[tick=3300] sensor1: d=0.4082m in_range=False f_mag=0.000N tau_mag=0.0000Nm misalign_deg=90.0 pos=[0.10880256 0.10900935 0.49140227] bottom_world=[0.10880277 0.10900926 0.47140227] quat=[ 9.2484188e-01 -4.0041973e-06 -4.2258598e-06  3.8035181e-01] speed=0.0009 ang_speed=0.0035 ang_vel_vec=[3.4449867e-03 6.0542596e-05 7.6991098e-04] |com_force|=0.0000N
### kotek_magnet[tick=3300] sensor2: d=0.3208m in_range=False f_mag=0.000N tau_mag=0.0000Nm misalign_deg=90.0 pos=[ 0.10902463 -0.10904668  0.49140108] bottom_world=[ 0.10902461 -0.10904651  0.47140108] quat=[ 9.2300081e-01  3.6987863e-06  1.9352779e-06 -3.8479802e-01] speed=0.0004 ang_speed=0.0022 ang_vel_vec=[-0.001793   -0.0011468  -0.00071829] |com_force|=0.0000N
### kotek_magnet[tick=3300] sensor3: d=0.5470m in_range=False f_mag=0.000N tau_mag=0.0000Nm misalign_deg=90.0 pos=[-0.10910752 -0.10914609  0.49140108] bottom_world=[-0.10910746 -0.10914596  0.47140108] quat=[-3.8058400e-01 -2.5137817e-06 -2.3134889e-06  9.2474639e-01] speed=0.0005 ang_speed=0.0023 ang_vel_vec=[-0.00098084  0.00189869 -0.00072543] |com_force|=0.0000N
### kotek_magnet[tick=3300] sensor4: d=0.5249m in_range=False f_mag=0.000N tau_mag=0.0000Nm misalign_deg=90.0 pos=[-0.10900044  0.10899848  0.49140236] bottom_world=[-0.10900023  0.10899882  0.47140236] quat=[ 3.8268289e-01 -1.5440718e-06 -9.7102384e-06  9.2387980e-01] speed=0.0009 ang_speed=0.0035 ang_vel_vec=[0.00026961 0.00342847 0.00062086] |com_force|=0.0000N
### still playing, 1339s left
### kotek_magnet[tick=3360] sensor1: d=0.4082m in_range=False f_mag=0.000N tau_mag=0.0000Nm misalign_deg=90.0 pos=[0.10880261 0.10900906 0.49140236] bottom_world=[0.1088028  0.10900908 0.47140236] quat=[ 9.2484206e-01 -1.2109066e-06 -4.6048895e-06  3.8035166e-01] speed=0.0010 ang_speed=0.0030 ang_vel_vec=[-0.00258226 -0.00028435  0.00152514] |com_force|=0.0000N
### kotek_magnet[tick=3360] sensor2: d=0.3208m in_range=False f_mag=0.000N tau_mag=0.0000Nm misalign_deg=90.0 pos=[ 0.10902432 -0.10904735  0.49140114] bottom_world=[ 0.10902456 -0.10904697  0.47140114] quat=[ 9.23000872e-01  1.10733645e-05 -1.89889579e-06 -3.84797812e-01] speed=0.0010 ang_speed=0.0029 ang_vel_vec=[-0.00182417  0.00214946 -0.00072524] |com_force|=0.0000N
### kotek_magnet[tick=3360] sensor3: d=0.5470m in_range=False f_mag=0.000N tau_mag=0.0000Nm misalign_deg=90.0 pos=[-0.10910752 -0.10914609  0.49140117] bottom_world=[-0.10910746 -0.10914597  0.47140117] quat=[-3.8058388e-01 -2.5242773e-06 -2.2360505e-06  9.2474645e-01] speed=0.0005 ang_speed=0.0024 ang_vel_vec=[-0.00068524  0.00216597 -0.0006863 ] |com_force|=0.0000N
### kotek_magnet[tick=3360] sensor4: d=0.5249m in_range=False f_mag=0.000N tau_mag=0.0000Nm misalign_deg=90.0 pos=[-0.10900021  0.10899848  0.4914024 ] bottom_world=[-0.1090001   0.10899879  0.47140239] quat=[ 3.8268304e-01  5.2065809e-07 -8.0099335e-06  9.2387974e-01] speed=0.0009 ang_speed=0.0019 ang_vel_vec=[-0.00042816 -0.00118445  0.00141281] |com_force|=0.0000N
### kotek_magnet[tick=3420] sensor1: d=0.4082m in_range=False f_mag=0.000N tau_mag=0.0000Nm misalign_deg=90.0 pos=[0.10880257 0.10900931 0.4914022 ] bottom_world=[0.10880279 0.10900922 0.47140221] quat=[ 9.2484188e-01 -4.0860768e-06 -4.3039554e-06  3.8035178e-01] speed=0.0009 ang_speed=0.0037 ang_vel_vec=[0.00366213 0.00015377 0.00079221] |com_force|=0.0000N
### kotek_magnet[tick=3420] sensor2: d=0.3208m in_range=False f_mag=0.000N tau_mag=0.0000Nm misalign_deg=90.0 pos=[ 0.10902464 -0.10904668  0.49140105] bottom_world=[ 0.10902462 -0.10904652  0.47140105] quat=[ 9.2300075e-01  3.6044266e-06  2.0629088e-06 -3.8479811e-01] speed=0.0004 ang_speed=0.0023 ang_vel_vec=[-0.00169054 -0.00133908 -0.00069924] |com_force|=0.0000N
### kotek_magnet[tick=3420] sensor3: d=0.5470m in_range=False f_mag=0.000N tau_mag=0.0000Nm misalign_deg=90.0 pos=[-0.10910647 -0.10914586  0.49140096] bottom_world=[-0.10910666 -0.10914565  0.47140096] quat=[-3.8058293e-01  2.4386254e-06 -6.5742843e-06  9.2474681e-01] speed=0.0009 ang_speed=0.0024 ang_vel_vec=[ 0.00190698 -0.00016506  0.00150664] |com_force|=0.0000N
### kotek_magnet[tick=3420] sensor4: d=0.5249m in_range=False f_mag=0.000N tau_mag=0.0000Nm misalign_deg=90.0 pos=[-0.10900021  0.1089985   0.4914023 ] bottom_world=[-0.10900009  0.10899882  0.4714023 ] quat=[ 3.8268301e-01  3.8980932e-07 -8.3840032e-06  9.2387968e-01] speed=0.0009 ang_speed=0.0016 ang_vel_vec=[-0.00060252 -0.00071804  0.00135735] |com_force|=0.0000N
### kotek_magnet[tick=3480] sensor1: d=0.4082m in_range=False f_mag=0.000N tau_mag=0.0000Nm misalign_deg=90.0 pos=[0.10880258 0.10900909 0.49140227] bottom_world=[0.10880278 0.10900911 0.47140227] quat=[ 9.2484194e-01 -1.5753932e-06 -4.6944019e-06  3.8035175e-01] speed=0.0010 ang_speed=0.0023 ang_vel_vec=[-0.00170899  0.00012286  0.00154843] |com_force|=0.0000N
### kotek_magnet[tick=3480] sensor2: d=0.3208m in_range=False f_mag=0.000N tau_mag=0.0000Nm misalign_deg=90.0 pos=[ 0.10902466 -0.10904644  0.49140096] bottom_world=[ 0.10902461 -0.10904636  0.47140096] quat=[ 9.2300075e-01  1.4564469e-06  1.9483932e-06 -3.8479832e-01] speed=0.0001 ang_speed=0.0022 ang_vel_vec=[ 0.00120875 -0.00180213 -0.00023374] |com_force|=0.0000N
### kotek_magnet[tick=3480] sensor3: d=0.5470m in_range=False f_mag=0.000N tau_mag=0.0000Nm misalign_deg=90.0 pos=[-0.10910751 -0.10914607  0.4914011 ] bottom_world=[-0.10910746 -0.10914594  0.47140111] quat=[-3.8058382e-01 -2.4054275e-06 -2.5204731e-06  9.2474645e-01] speed=0.0005 ang_speed=0.0023 ang_vel_vec=[-0.00108004  0.00194433 -0.00063172] |com_force|=0.0000N
### kotek_magnet[tick=3480] sensor4: d=0.5249m in_range=False f_mag=0.000N tau_mag=0.0000Nm misalign_deg=90.0 pos=[-0.1090004   0.10899873  0.49140227] bottom_world=[-0.10900025  0.10899902  0.47140227] quat=[ 3.8268259e-01 -6.9802218e-07 -8.2156521e-06  9.2387986e-01] speed=0.0006 ang_speed=0.0048 ang_vel_vec=[-0.00174738  0.00440338  0.00057079] |com_force|=0.0000N
### kotek_magnet[tick=3540] sensor1: d=0.4082m in_range=False f_mag=0.000N tau_mag=0.0000Nm misalign_deg=90.0 pos=[0.10880259 0.10900932 0.4914024 ] bottom_world=[0.10880281 0.10900923 0.47140239] quat=[ 9.2484194e-01 -4.1154799e-06 -4.2660308e-06  3.8035184e-01] speed=0.0009 ang_speed=0.0036 ang_vel_vec=[3.6023778e-03 7.4884068e-05 4.9760891e-04] |com_force|=0.0000N
### kotek_magnet[tick=3540] sensor2: d=0.3208m in_range=False f_mag=0.000N tau_mag=0.0000Nm misalign_deg=90.0 pos=[ 0.10902451 -0.10904558  0.49140108] bottom_world=[ 0.10902439 -0.10904568  0.47140108] quat=[ 9.2300051e-01 -3.3601943e-06  1.7602736e-06 -3.8479888e-01] speed=0.0010 ang_speed=0.0017 ang_vel_vec=[0.00079693 0.00084896 0.00120248] |com_force|=0.0000N
### kotek_magnet[tick=3540] sensor3: d=0.5470m in_range=False f_mag=0.000N tau_mag=0.0000Nm misalign_deg=90.0 pos=[-0.10910815 -0.10914578  0.49140102] bottom_world=[-0.10910789 -0.10914589  0.47140102] quat=[-3.8058415e-01 -4.8749857e-06  5.1716470e-06  9.2474633e-01] speed=0.0010 ang_speed=0.0026 ang_vel_vec=[ 0.00192872  0.00147951 -0.00104151] |com_force|=0.0000N
### kotek_magnet[tick=3540] sensor4: d=0.5249m in_range=False f_mag=0.000N tau_mag=0.0000Nm misalign_deg=90.0 pos=[-0.10900036  0.10899953  0.49140224] bottom_world=[-0.10900034  0.10899959  0.47140224] quat=[ 3.8268211e-01  7.2493599e-08 -1.6920810e-06  9.2388004e-01] speed=0.0005 ang_speed=0.0029 ang_vel_vec=[ 0.00212439  0.00173093 -0.00102051] |com_force|=0.0000N
### kotek_magnet[tick=3600] sensor1: d=0.4082m in_range=False f_mag=0.000N tau_mag=0.0000Nm misalign_deg=90.0 pos=[0.10880338 0.10900927 0.49140218] bottom_world=[0.1088034  0.10900935 0.47140218] quat=[ 9.2484176e-01  1.4778930e-06 -1.2316838e-06  3.8035235e-01] speed=0.0002 ang_speed=0.0022 ang_vel_vec=[ 0.00195771  0.00103922 -0.00030913] |com_force|=0.0000N
### kotek_magnet[tick=3600] sensor2: d=0.3208m in_range=False f_mag=0.000N tau_mag=0.0000Nm misalign_deg=90.0 pos=[ 0.10902442 -0.10904672  0.49140096] bottom_world=[ 0.10902452 -0.10904652  0.47140096] quat=[ 9.230007e-01  5.634088e-06 -4.335975e-07 -3.847983e-01] speed=0.0004 ang_speed=0.0025 ang_vel_vec=[-0.0019917   0.00153129 -0.00021132] |com_force|=0.0000N
### kotek_magnet[tick=3600] sensor3: d=0.5470m in_range=False f_mag=0.000N tau_mag=0.0000Nm misalign_deg=90.0 pos=[-0.10910751 -0.10914607  0.49140108] bottom_world=[-0.10910745 -0.10914595  0.47140108] quat=[-3.8058394e-01 -2.6157124e-06 -2.3770376e-06  9.2474639e-01] speed=0.0005 ang_speed=0.0022 ang_vel_vec=[-0.00095536  0.00188219 -0.00068272] |com_force|=0.0000N
### kotek_magnet[tick=3600] sensor4: d=0.5249m in_range=False f_mag=0.000N tau_mag=0.0000Nm misalign_deg=90.0 pos=[-0.10900006  0.1090002   0.4914023 ] bottom_world=[-0.10900028  0.10900006  0.4714023 ] quat=[3.8268197e-01 3.8044172e-06 5.2717046e-06 9.2388010e-01] speed=0.0010 ang_speed=0.0029 ang_vel_vec=[ 0.00201249 -0.00193856 -0.00074442] |com_force|=0.0000N
### kotek_magnet[tick=3660] sensor1: d=0.4082m in_range=False f_mag=0.000N tau_mag=0.0000Nm misalign_deg=90.0 pos=[0.10880256 0.10900904 0.49140245] bottom_world=[0.10880276 0.10900906 0.47140245] quat=[ 9.2484194e-01 -1.4702506e-06 -4.7656267e-06  3.8035172e-01] speed=0.0010 ang_speed=0.0024 ang_vel_vec=[-1.9066664e-03  7.3561961e-05  1.4612712e-03] |com_force|=0.0000N
### kotek_magnet[tick=3660] sensor2: d=0.3208m in_range=False f_mag=0.000N tau_mag=0.0000Nm misalign_deg=90.0 pos=[ 0.10902447 -0.10904567  0.4914012 ] bottom_world=[ 0.10902436 -0.10904575  0.4714012 ] quat=[ 9.2300045e-01 -2.9190708e-06  1.5487894e-06 -3.8479897e-01] speed=0.0010 ang_speed=0.0023 ang_vel_vec=[0.00038545 0.00166957 0.00145983] |com_force|=0.0000N
### kotek_magnet[tick=3660] sensor3: d=0.5470m in_range=False f_mag=0.000N tau_mag=0.0000Nm misalign_deg=90.0 pos=[-0.10910701 -0.10914564  0.49140108] bottom_world=[-0.10910701 -0.10914562  0.47140108] quat=[-3.8058311e-01 -1.5489076e-07 -4.2283531e-07  9.2474681e-01] speed=0.0006 ang_speed=0.0095 ang_vel_vec=[0.00819544 0.00453641 0.00139671] |com_force|=0.0000N
### kotek_magnet[tick=3660] sensor4: d=0.5249m in_range=False f_mag=0.000N tau_mag=0.0000Nm misalign_deg=90.0 pos=[-0.10900008  0.10900013  0.4914024 ] bottom_world=[-0.1090003   0.10899999  0.47140239] quat=[3.8268211e-01 3.7650132e-06 5.2784003e-06 9.2388010e-01] speed=0.0010 ang_speed=0.0024 ang_vel_vec=[ 0.00155759 -0.00163904 -0.00073572] |com_force|=0.0000N
### kotek_magnet[tick=3720] sensor1: d=0.4082m in_range=False f_mag=0.000N tau_mag=0.0000Nm misalign_deg=90.0 pos=[0.10880258 0.10900933 0.4914023 ] bottom_world=[0.10880279 0.10900925 0.4714023 ] quat=[ 9.2484188e-01 -3.9340771e-06 -4.1798676e-06  3.8035181e-01] speed=0.0009 ang_speed=0.0034 ang_vel_vec=[ 3.3192425e-03 -5.7043620e-05  7.6726690e-04] |com_force|=0.0000N
### kotek_magnet[tick=3720] sensor2: d=0.3208m in_range=False f_mag=0.000N tau_mag=0.0000Nm misalign_deg=90.0 pos=[ 0.10902464 -0.1090467   0.49140117] bottom_world=[ 0.10902463 -0.10904653  0.47140117] quat=[ 9.2300087e-01  3.9128540e-06  1.7885196e-06 -3.8479811e-01] speed=0.0004 ang_speed=0.0023 ang_vel_vec=[-0.00221989 -0.00023558 -0.00070221] |com_force|=0.0000N
### kotek_magnet[tick=3720] sensor3: d=0.5470m in_range=False f_mag=0.000N tau_mag=0.0000Nm misalign_deg=90.0 pos=[-0.10910819 -0.10914576  0.49140114] bottom_world=[-0.10910792 -0.1091459   0.47140114] quat=[-3.8058409e-01 -5.1538041e-06  5.8032724e-06  9.2474633e-01] speed=0.0010 ang_speed=0.0030 ang_vel_vec=[ 0.00224872  0.00182627 -0.00078526] |com_force|=0.0000N
### kotek_magnet[tick=3720] sensor4: d=0.5249m in_range=False f_mag=0.000N tau_mag=0.0000Nm misalign_deg=90.0 pos=[-0.10900014  0.1089996   0.49140224] bottom_world=[-0.10900024  0.10899963  0.47140224] quat=[3.8268241e-01 2.4703063e-06 3.5385074e-07 9.2387998e-01] speed=0.0004 ang_speed=0.0032 ang_vel_vec=[ 0.00275161 -0.00159617 -0.00021853] |com_force|=0.0000N
### kotek_magnet[tick=3780] sensor1: d=0.4082m in_range=False f_mag=0.000N tau_mag=0.0000Nm misalign_deg=90.0 pos=[0.10880256 0.10900933 0.49140233] bottom_world=[0.10880277 0.10900926 0.47140233] quat=[ 9.2484194e-01 -3.5745677e-06 -4.2375441e-06  3.8035181e-01] speed=0.0009 ang_speed=0.0030 ang_vel_vec=[ 2.879746e-03 -8.743957e-05  7.350357e-04] |com_force|=0.0000N
### kotek_magnet[tick=3780] sensor2: d=0.3208m in_range=False f_mag=0.000N tau_mag=0.0000Nm misalign_deg=90.0 pos=[ 0.10902464 -0.10904671  0.4914011 ] bottom_world=[ 0.10902463 -0.10904653  0.47140111] quat=[ 9.2300075e-01  4.1180456e-06  1.8639267e-06 -3.8479820e-01] speed=0.0004 ang_speed=0.0024 ang_vel_vec=[-0.00216453 -0.00061998 -0.00074208] |com_force|=0.0000N
### kotek_magnet[tick=3780] sensor3: d=0.5470m in_range=False f_mag=0.000N tau_mag=0.0000Nm misalign_deg=90.0 pos=[-0.1091075  -0.1091461   0.49140108] bottom_world=[-0.10910744 -0.10914597  0.47140108] quat=[-3.8058391e-01 -2.6290977e-06 -2.2429076e-06  9.2474639e-01] speed=0.0005 ang_speed=0.0024 ang_vel_vec=[-0.00056243  0.00216982 -0.00073885] |com_force|=0.0000N
### kotek_magnet[tick=3780] sensor4: d=0.5249m in_range=False f_mag=0.000N tau_mag=0.0000Nm misalign_deg=90.0 pos=[-0.10900036  0.10899954  0.4914024 ] bottom_world=[-0.10900036  0.1089996   0.47140239] quat=[ 3.8268232e-01  5.3367921e-07 -1.2454334e-06  9.2387998e-01] speed=0.0005 ang_speed=0.0027 ang_vel_vec=[ 0.00261759 -0.00012795 -0.00077975] |com_force|=0.0000N
### kotek_magnet[tick=3840] sensor1: d=0.4082m in_range=False f_mag=0.000N tau_mag=0.0000Nm misalign_deg=90.0 pos=[0.10880337 0.10900926 0.49140227] bottom_world=[0.10880339 0.10900932 0.47140227] quat=[ 9.2484176e-01  1.2729984e-06 -1.0628113e-06  3.8035232e-01] speed=0.0001 ang_speed=0.0011 ang_vel_vec=[ 0.0010103  -0.00028519 -0.00045346] |com_force|=0.0000N
### kotek_magnet[tick=3840] sensor2: d=0.3208m in_range=False f_mag=0.000N tau_mag=0.0000Nm misalign_deg=90.0 pos=[ 0.10902464 -0.10904589  0.49140114] bottom_world=[ 0.10902451 -0.10904595  0.47140114] quat=[ 9.2300063e-01 -2.8258696e-06  2.5623667e-06 -3.8479850e-01] speed=0.0007 ang_speed=0.0046 ang_vel_vec=[ 0.00200175 -0.0041429   0.00035995] |com_force|=0.0000N
### kotek_magnet[tick=3840] sensor3: d=0.5470m in_range=False f_mag=0.000N tau_mag=0.0000Nm misalign_deg=90.0 pos=[-0.10910647 -0.10914587  0.49140114] bottom_world=[-0.10910666 -0.10914568  0.47140114] quat=[-3.8058305e-01  2.4481965e-06 -6.1879705e-06  9.2474687e-01] speed=0.0009 ang_speed=0.0035 ang_vel_vec=[0.00318514 0.00053431 0.00132954] |com_force|=0.0000N
### kotek_magnet[tick=3840] sensor4: d=0.5249m in_range=False f_mag=0.000N tau_mag=0.0000Nm misalign_deg=90.0 pos=[-0.10900037  0.10899951  0.4914023 ] bottom_world=[-0.10900035  0.10899957  0.4714023 ] quat=[ 3.8268217e-01  5.5503023e-08 -1.5138087e-06  9.2388016e-01] speed=0.0005 ang_speed=0.0026 ang_vel_vec=[ 0.00194764  0.00145044 -0.00091563] |com_force|=0.0000N
### kotek_magnet[tick=3900] sensor1: d=0.4082m in_range=False f_mag=0.000N tau_mag=0.0000Nm misalign_deg=90.0 pos=[0.10880282 0.10900926 0.49140242] bottom_world=[0.10880299 0.10900924 0.47140242] quat=[ 9.248418e-01 -2.120270e-06 -3.726907e-06  3.803521e-01] speed=0.0007 ang_speed=0.0041 ang_vel_vec=[0.0037757  0.00162282 0.00023913] |com_force|=0.0000N
### kotek_magnet[tick=3900] sensor2: d=0.3208m in_range=False f_mag=0.000N tau_mag=0.0000Nm misalign_deg=90.0 pos=[ 0.10902449 -0.10904564  0.4914012 ] bottom_world=[ 0.10902439 -0.10904572  0.4714012 ] quat=[ 9.2300045e-01 -2.8424820e-06  1.4166521e-06 -3.8479888e-01] speed=0.0010 ang_speed=0.0024 ang_vel_vec=[1.9310733e-05 2.1684540e-03 1.1074389e-03] |com_force|=0.0000N
### kotek_magnet[tick=3900] sensor3: d=0.5470m in_range=False f_mag=0.000N tau_mag=0.0000Nm misalign_deg=90.0 pos=[-0.10910816 -0.10914579  0.4914012 ] bottom_world=[-0.10910789 -0.10914591  0.4714012 ] quat=[-3.8058397e-01 -4.9595251e-06  5.2618652e-06  9.2474639e-01] speed=0.0010 ang_speed=0.0028 ang_vel_vec=[ 0.00196551  0.00171809 -0.00112159] |com_force|=0.0000N
### kotek_magnet[tick=3900] sensor4: d=0.5249m in_range=False f_mag=0.000N tau_mag=0.0000Nm misalign_deg=90.0 pos=[-0.1090001   0.10900015  0.49140236] bottom_world=[-0.10900032  0.10900001  0.47140236] quat=[3.8268206e-01 3.6760252e-06 5.4171182e-06 9.2388022e-01] speed=0.0010 ang_speed=0.0026 ang_vel_vec=[ 0.00166317 -0.00173602 -0.00111044] |com_force|=0.0000N
### kotek_magnet[tick=3960] sensor1: d=0.4082m in_range=False f_mag=0.000N tau_mag=0.0000Nm misalign_deg=90.0 pos=[0.10880257 0.10900936 0.4914023 ] bottom_world=[0.10880279 0.10900927 0.4714023 ] quat=[ 9.2484188e-01 -3.9357706e-06 -4.1943986e-06  3.8035199e-01] speed=0.0009 ang_speed=0.0034 ang_vel_vec=[ 0.00329316 -0.00010084  0.0006891 ] |com_force|=0.0000N
### kotek_magnet[tick=3960] sensor2: d=0.3208m in_range=False f_mag=0.000N tau_mag=0.0000Nm misalign_deg=90.0 pos=[ 0.10902436 -0.10904735  0.49140114] bottom_world=[ 0.1090246  -0.10904697  0.47140114] quat=[ 9.23000932e-01  1.08872355e-05 -1.80794405e-06 -3.84797812e-01] speed=0.0010 ang_speed=0.0028 ang_vel_vec=[-0.00160364  0.00211232 -0.0008738 ] |com_force|=0.0000N
### kotek_magnet[tick=3960] sensor3: d=0.5470m in_range=False f_mag=0.000N tau_mag=0.0000Nm misalign_deg=90.0 pos=[-0.10910669 -0.10914607  0.49140108] bottom_world=[-0.10910686 -0.10914582  0.47140108] quat=[-3.8058338e-01  1.5266949e-06 -7.2418907e-06  9.2474663e-01] speed=0.0006 ang_speed=0.0036 ang_vel_vec=[-0.0032451  -0.00150261  0.00045712] |com_force|=0.0000N
### kotek_magnet[tick=3960] sensor4: d=0.5249m in_range=False f_mag=0.000N tau_mag=0.0000Nm misalign_deg=90.0 pos=[-0.1090001   0.10900018  0.49140233] bottom_world=[-0.10900033  0.10900003  0.47140233] quat=[3.8268197e-01 3.7564657e-06 5.6601439e-06 9.2388022e-01] speed=0.0010 ang_speed=0.0028 ang_vel_vec=[ 0.00196527 -0.001778   -0.00085067] |com_force|=0.0000N
### kotek_magnet[tick=4020] sensor1: d=0.4082m in_range=False f_mag=0.000N tau_mag=0.0000Nm misalign_deg=90.0 pos=[0.1088043  0.10900898 0.49140242] bottom_world=[0.10880403 0.10900933 0.47140242] quat=[9.24841523e-01 1.06456655e-05 2.84936573e-06 3.80352706e-01] speed=0.0010 ang_speed=0.0028 ang_vel_vec=[-0.00187212 -0.00184492 -0.0008355 ] |com_force|=0.0000N
### kotek_magnet[tick=4020] sensor2: d=0.3208m in_range=False f_mag=0.000N tau_mag=0.0000Nm misalign_deg=90.0 pos=[ 0.10902432 -0.10904733  0.49140108] bottom_world=[ 0.10902455 -0.10904695  0.47140108] quat=[ 9.2300087e-01  1.1009045e-05 -1.6469817e-06 -3.8479802e-01] speed=0.0010 ang_speed=0.0025 ang_vel_vec=[-0.00150483  0.00180699 -0.00079191] |com_force|=0.0000N
### kotek_magnet[tick=4020] sensor3: d=0.5470m in_range=False f_mag=0.000N tau_mag=0.0000Nm misalign_deg=90.0 pos=[-0.10910644 -0.10914589  0.49140114] bottom_world=[-0.10910663 -0.10914568  0.47140114] quat=[-3.8058302e-01  2.3718605e-06 -6.4502774e-06  9.2474681e-01] speed=0.0010 ang_speed=0.0027 ang_vel_vec=[2.2731833e-03 6.6466360e-05 1.5106146e-03] |com_force|=0.0000N
### kotek_magnet[tick=4020] sensor4: d=0.5249m in_range=False f_mag=0.000N tau_mag=0.0000Nm misalign_deg=90.0 pos=[-0.10900006  0.10900016  0.49140233] bottom_world=[-0.10900029  0.10900002  0.47140233] quat=[3.8268220e-01 3.8717112e-06 5.4262914e-06 9.2388016e-01] speed=0.0010 ang_speed=0.0028 ang_vel_vec=[ 0.00195571 -0.00186269 -0.00073177] |com_force|=0.0000N
### kotek_magnet[tick=4080] sensor1: d=0.4082m in_range=False f_mag=0.000N tau_mag=0.0000Nm misalign_deg=90.0 pos=[0.1088043  0.10900895 0.4914023 ] bottom_world=[0.10880404 0.1090093  0.4714023 ] quat=[9.2484158e-01 1.0428250e-05 2.8357040e-06 3.8035268e-01] speed=0.0010 ang_speed=0.0025 ang_vel_vec=[-0.00174967 -0.00162181 -0.00081096] |com_force|=0.0000N
### kotek_magnet[tick=4080] sensor2: d=0.3208m in_range=False f_mag=0.000N tau_mag=0.0000Nm misalign_deg=90.0 pos=[ 0.10902432 -0.10904738  0.49140114] bottom_world=[ 0.10902456 -0.10904699  0.47140114] quat=[ 9.2300087e-01  1.1315653e-05 -1.8695830e-06 -3.8479787e-01] speed=0.0010 ang_speed=0.0030 ang_vel_vec=[-0.00195369  0.00218238 -0.00078604] |com_force|=0.0000N
### kotek_magnet[tick=4080] sensor3: d=0.5470m in_range=False f_mag=0.000N tau_mag=0.0000Nm misalign_deg=90.0 pos=[-0.10910822 -0.10914574  0.49140117] bottom_world=[-0.10910795 -0.10914587  0.47140117] quat=[-3.8058403e-01 -5.1185511e-06  5.6044682e-06  9.2474639e-01] speed=0.0010 ang_speed=0.0028 ang_vel_vec=[ 0.00205227  0.00180482 -0.00078974] |com_force|=0.0000N
### kotek_magnet[tick=4080] sensor4: d=0.5249m in_range=False f_mag=0.000N tau_mag=0.0000Nm misalign_deg=90.0 pos=[-0.10900007  0.10900015  0.49140233] bottom_world=[-0.10900029  0.10900001  0.47140233] quat=[3.8268217e-01 3.7406508e-06 5.4838160e-06 9.2388016e-01] speed=0.0010 ang_speed=0.0024 ang_vel_vec=[ 0.00164659 -0.00160541 -0.00072079] |com_force|=0.0000N
### kotek_magnet[tick=4140] sensor1: d=0.4082m in_range=False f_mag=0.000N tau_mag=0.0000Nm misalign_deg=90.0 pos=[0.10880256 0.10900906 0.49140236] bottom_world=[0.10880276 0.10900907 0.47140236] quat=[ 9.2484194e-01 -1.5449737e-06 -4.7005601e-06  3.8035169e-01] speed=0.0010 ang_speed=0.0023 ang_vel_vec=[-1.8725946e-03  7.4670228e-05  1.3266674e-03] |com_force|=0.0000N
### kotek_magnet[tick=4140] sensor2: d=0.3208m in_range=False f_mag=0.000N tau_mag=0.0000Nm misalign_deg=90.0 pos=[ 0.10902466 -0.10904592  0.4914011 ] bottom_world=[ 0.10902452 -0.10904598  0.47140111] quat=[ 9.2300057e-01 -2.8960508e-06  2.6289179e-06 -3.8479850e-01] speed=0.0006 ang_speed=0.0046 ang_vel_vec=[ 0.00199907 -0.00412801  0.0004126 ] |com_force|=0.0000N
### kotek_magnet[tick=4140] sensor3: d=0.5470m in_range=False f_mag=0.000N tau_mag=0.0000Nm misalign_deg=90.0 pos=[-0.10910671 -0.10914608  0.49140108] bottom_world=[-0.10910689 -0.10914583  0.47140108] quat=[-3.8058338e-01  1.5973848e-06 -7.5037037e-06  9.2474663e-01] speed=0.0006 ang_speed=0.0041 ang_vel_vec=[-0.00371187 -0.0016315   0.00042801] |com_force|=0.0000N
### kotek_magnet[tick=4140] sensor4: d=0.5249m in_range=False f_mag=0.000N tau_mag=0.0000Nm misalign_deg=90.0 pos=[-0.10900035  0.10899954  0.49140242] bottom_world=[-0.10900033  0.1089996   0.47140242] quat=[ 3.8268217e-01  1.2686975e-07 -1.5842918e-06  9.2388004e-01] speed=0.0005 ang_speed=0.0026 ang_vel_vec=[ 0.00196235  0.0014622  -0.00085934] |com_force|=0.0000N
### kotek_magnet[tick=4200] sensor1: d=0.4082m in_range=False f_mag=0.000N tau_mag=0.0000Nm misalign_deg=90.0 pos=[0.10880331 0.10900911 0.49140227] bottom_world=[0.10880332 0.10900925 0.47140227] quat=[ 9.2484170e-01  3.1298355e-06 -1.6467014e-06  3.8035217e-01] speed=0.0002 ang_speed=0.0011 ang_vel_vec=[-0.00107565  0.00023181  0.00015123] |com_force|=0.0000N
### kotek_magnet[tick=4200] sensor2: d=0.3208m in_range=False f_mag=0.000N tau_mag=0.0000Nm misalign_deg=90.0 pos=[ 0.10902462 -0.10904668  0.49140108] bottom_world=[ 0.10902461 -0.10904651  0.47140108] quat=[ 9.2300075e-01  3.8725898e-06  1.8569688e-06 -3.8479808e-01] speed=0.0004 ang_speed=0.0024 ang_vel_vec=[-0.00213237 -0.00078162 -0.00078145] |com_force|=0.0000N
### kotek_magnet[tick=4200] sensor3: d=0.5470m in_range=False f_mag=0.000N tau_mag=0.0000Nm misalign_deg=90.0 pos=[-0.10910817 -0.10914578  0.49140117] bottom_world=[-0.10910791 -0.1091459   0.47140117] quat=[-3.8058409e-01 -4.9240462e-06  5.2330324e-06  9.2474639e-01] speed=0.0010 ang_speed=0.0027 ang_vel_vec=[ 0.00193348  0.00160881 -0.00083998] |com_force|=0.0000N
### kotek_magnet[tick=4200] sensor4: d=0.5249m in_range=False f_mag=0.000N tau_mag=0.0000Nm misalign_deg=90.0 pos=[-0.10900004  0.10900018  0.4914023 ] bottom_world=[-0.10900027  0.10900004  0.4714023 ] quat=[3.8268220e-01 3.7800614e-06 5.5431756e-06 9.2388016e-01] speed=0.0010 ang_speed=0.0026 ang_vel_vec=[ 0.00171806 -0.00171037 -0.00083002] |com_force|=0.0000N
### kotek_magnet[tick=4260] sensor1: d=0.4082m in_range=False f_mag=0.000N tau_mag=0.0000Nm misalign_deg=90.0 pos=[0.10880281 0.10900927 0.49140233] bottom_world=[0.10880299 0.10900925 0.47140233] quat=[ 9.2484182e-01 -2.2418085e-06 -3.8583084e-06  3.8035196e-01] speed=0.0006 ang_speed=0.0044 ang_vel_vec=[0.00399773 0.001777   0.00055317] |com_force|=0.0000N
### kotek_magnet[tick=4260] sensor2: d=0.3208m in_range=False f_mag=0.000N tau_mag=0.0000Nm misalign_deg=90.0 pos=[ 0.10902444 -0.10904638  0.4914011 ] bottom_world=[ 0.1090245  -0.10904624  0.47140111] quat=[ 9.2300069e-01  3.8798257e-06  3.0488479e-08 -3.8479841e-01] speed=0.0002 ang_speed=0.0029 ang_vel_vec=[-0.00145564  0.00250141  0.00021302] |com_force|=0.0000N
### kotek_magnet[tick=4260] sensor3: d=0.5470m in_range=False f_mag=0.000N tau_mag=0.0000Nm misalign_deg=90.0 pos=[-0.10910701 -0.10914563  0.49140105] bottom_world=[-0.10910701 -0.10914561  0.47140105] quat=[-3.8058317e-01 -1.7541255e-07 -3.6137288e-07  9.2474669e-01] speed=0.0006 ang_speed=0.0095 ang_vel_vec=[0.00820001 0.00458061 0.00132923] |com_force|=0.0000N
### kotek_magnet[tick=4260] sensor4: d=0.5249m in_range=False f_mag=0.000N tau_mag=0.0000Nm misalign_deg=90.0 pos=[-0.10900007  0.1090002   0.49140233] bottom_world=[-0.1090003   0.10900006  0.47140233] quat=[3.8268214e-01 3.8362214e-06 5.4228190e-06 9.2388016e-01] speed=0.0010 ang_speed=0.0027 ang_vel_vec=[ 0.00180818 -0.00189147 -0.00079011] |com_force|=0.0000N
### kotek_magnet[tick=4320] sensor1: d=0.4082m in_range=False f_mag=0.000N tau_mag=0.0000Nm misalign_deg=90.0 pos=[0.10880284 0.10900924 0.49140245] bottom_world=[0.10880301 0.10900922 0.47140245] quat=[ 9.2484182e-01 -2.2101281e-06 -3.8027833e-06  3.8035205e-01] speed=0.0006 ang_speed=0.0041 ang_vel_vec=[0.00374602 0.00165294 0.00039914] |com_force|=0.0000N
### kotek_magnet[tick=4320] sensor2: d=0.3208m in_range=False f_mag=0.000N tau_mag=0.0000Nm misalign_deg=90.0 pos=[ 0.10902466 -0.10904672  0.4914011 ] bottom_world=[ 0.10902464 -0.10904656  0.47140111] quat=[ 9.2300081e-01  3.5988091e-06  1.9598226e-06 -3.8479808e-01] speed=0.0004 ang_speed=0.0026 ang_vel_vec=[-0.0022343  -0.00086483 -0.00089626] |com_force|=0.0000N
### kotek_magnet[tick=4320] sensor3: d=0.5470m in_range=False f_mag=0.000N tau_mag=0.0000Nm misalign_deg=90.0 pos=[-0.10910729 -0.10914582  0.49140114] bottom_world=[-0.10910726 -0.10914579  0.47140114] quat=[-3.8058335e-01 -8.2129219e-07 -6.0878165e-07  9.2474669e-01] speed=0.0003 ang_speed=0.0058 ang_vel_vec=[0.00515764 0.00267399 0.00022167] |com_force|=0.0000N
### kotek_magnet[tick=4320] sensor4: d=0.5249m in_range=False f_mag=0.000N tau_mag=0.0000Nm misalign_deg=90.0 pos=[-0.1090001   0.10900017  0.4914023 ] bottom_world=[-0.10900032  0.10900003  0.4714023 ] quat=[3.8268203e-01 3.7117486e-06 5.3951030e-06 9.2388016e-01] speed=0.0010 ang_speed=0.0025 ang_vel_vec=[ 0.00156209 -0.00165347 -0.00094633] |com_force|=0.0000N
### kotek_magnet[tick=4380] sensor1: d=0.4082m in_range=False f_mag=0.000N tau_mag=0.0000Nm misalign_deg=90.0 pos=[0.10880256 0.10900933 0.49140242] bottom_world=[0.10880278 0.10900924 0.47140242] quat=[ 9.2484194e-01 -3.9832744e-06 -4.3125065e-06  3.8035193e-01] speed=0.0009 ang_speed=0.0037 ang_vel_vec=[0.00352957 0.00018156 0.00094164] |com_force|=0.0000N
### kotek_magnet[tick=4380] sensor2: d=0.3208m in_range=False f_mag=0.000N tau_mag=0.0000Nm misalign_deg=90.0 pos=[ 0.10902464 -0.10904668  0.4914011 ] bottom_world=[ 0.10902462 -0.10904652  0.47140111] quat=[ 9.2300081e-01  3.6329743e-06  2.0668349e-06 -3.8479805e-01] speed=0.0004 ang_speed=0.0024 ang_vel_vec=[-0.00169255 -0.00153517 -0.00055512] |com_force|=0.0000N
### kotek_magnet[tick=4380] sensor3: d=0.5470m in_range=False f_mag=0.000N tau_mag=0.0000Nm misalign_deg=90.0 pos=[-0.10910641 -0.10914611  0.49140108] bottom_world=[-0.10910663 -0.1091458   0.47140108] quat=[-3.8058320e-01  1.9677000e-06 -9.1206593e-06  9.2474675e-01] speed=0.0008 ang_speed=0.0026 ang_vel_vec=[-0.00237615  0.0006028   0.00091778] |com_force|=0.0000N
### kotek_magnet[tick=4380] sensor4: d=0.5249m in_range=False f_mag=0.000N tau_mag=0.0000Nm misalign_deg=90.0 pos=[-0.10900007  0.10900019  0.49140227] bottom_world=[-0.10900029  0.10900005  0.47140227] quat=[3.8268211e-01 3.7848254e-06 5.4194711e-06 9.2388016e-01] speed=0.0010 ang_speed=0.0025 ang_vel_vec=[ 0.00172414 -0.00169587 -0.00061573] |com_force|=0.0000N
### kotek_magnet[tick=4440] sensor1: d=0.4082m in_range=False f_mag=0.000N tau_mag=0.0000Nm misalign_deg=90.0 pos=[0.1088029  0.10900892 0.49140233] bottom_world=[0.10880295 0.10900912 0.47140233] quat=[ 9.2484188e-01  4.1371522e-06 -2.9723265e-06  3.8035199e-01] speed=0.0007 ang_speed=0.0057 ang_vel_vec=[-0.00493206 -0.00277276  0.00098407] |com_force|=0.0000N
### kotek_magnet[tick=4440] sensor2: d=0.3208m in_range=False f_mag=0.000N tau_mag=0.0000Nm misalign_deg=90.0 pos=[ 0.10902446 -0.10904565  0.49140114] bottom_world=[ 0.10902436 -0.10904574  0.47140114] quat=[ 9.2300045e-01 -2.9077823e-06  1.4762263e-06 -3.8479897e-01] speed=0.0010 ang_speed=0.0024 ang_vel_vec=[0.00020993 0.00186454 0.00142272] |com_force|=0.0000N
### kotek_magnet[tick=4440] sensor3: d=0.5470m in_range=False f_mag=0.000N tau_mag=0.0000Nm misalign_deg=90.0 pos=[-0.10910646 -0.1091459   0.49140114] bottom_world=[-0.10910664 -0.10914571  0.47140114] quat=[-3.8058296e-01  2.3869022e-06 -6.3060475e-06  9.2474687e-01] speed=0.0009 ang_speed=0.0028 ang_vel_vec=[0.00236959 0.00018771 0.0014901 ] |com_force|=0.0000N
### kotek_magnet[tick=4440] sensor4: d=0.5249m in_range=False f_mag=0.000N tau_mag=0.0000Nm misalign_deg=90.0 pos=[-0.10900022  0.10899847  0.4914024 ] bottom_world=[-0.10900011  0.10899878  0.47140239] quat=[ 3.8268310e-01  5.2597517e-07 -8.1883290e-06  9.2387980e-01] speed=0.0009 ang_speed=0.0019 ang_vel_vec=[-0.00049835 -0.00125239  0.00132676] |com_force|=0.0000N
### kotek_magnet[tick=4500] sensor1: d=0.4082m in_range=False f_mag=0.000N tau_mag=0.0000Nm misalign_deg=90.0 pos=[0.10880259 0.10900908 0.4914023 ] bottom_world=[0.10880279 0.10900908 0.4714023 ] quat=[ 9.2484200e-01 -1.8366471e-06 -4.6663472e-06  3.8035166e-01] speed=0.0010 ang_speed=0.0016 ang_vel_vec=[-0.00072462  0.00042993  0.00138345] |com_force|=0.0000N
### kotek_magnet[tick=4500] sensor2: d=0.3208m in_range=False f_mag=0.000N tau_mag=0.0000Nm misalign_deg=90.0 pos=[ 0.10902428 -0.10904726  0.4914012 ] bottom_world=[ 0.10902453 -0.1090469   0.4714012 ] quat=[ 9.2300075e-01  1.0765409e-05 -2.3467437e-06 -3.8479811e-01] speed=0.0009 ang_speed=0.0044 ang_vel_vec=[-0.0028936   0.00325031 -0.00054974] |com_force|=0.0000N
### kotek_magnet[tick=4500] sensor3: d=0.5470m in_range=False f_mag=0.000N tau_mag=0.0000Nm misalign_deg=90.0 pos=[-0.10910701 -0.10914565  0.4914011 ] bottom_world=[-0.10910702 -0.10914563  0.47140111] quat=[-3.8058317e-01  3.5427725e-08 -4.2232747e-07  9.2474669e-01] speed=0.0006 ang_speed=0.0096 ang_vel_vec=[0.00843129 0.00441618 0.00126157] |com_force|=0.0000N
### kotek_magnet[tick=4500] sensor4: d=0.5249m in_range=False f_mag=0.000N tau_mag=0.0000Nm misalign_deg=90.0 pos=[-0.10900007  0.10900016  0.49140245] bottom_world=[-0.10900028  0.10900002  0.47140245] quat=[3.8268217e-01 3.3854751e-06 5.2678679e-06 9.2388010e-01] speed=0.0010 ang_speed=0.0023 ang_vel_vec=[ 0.00175477 -0.00125394 -0.00081631] |com_force|=0.0000N
### kotek_magnet[tick=4560] sensor1: d=0.4082m in_range=False f_mag=0.000N tau_mag=0.0000Nm misalign_deg=90.0 pos=[0.10880382 0.10900922 0.4914023 ] bottom_world=[0.10880372 0.10900935 0.4714023 ] quat=[9.2484164e-01 3.9843076e-06 9.1871402e-07 3.8035259e-01] speed=0.0006 ang_speed=0.0028 ang_vel_vec=[-0.00044319 -0.00263774 -0.00089143] |com_force|=0.0000N
### kotek_magnet[tick=4560] sensor2: d=0.3208m in_range=False f_mag=0.000N tau_mag=0.0000Nm misalign_deg=90.0 pos=[ 0.10902465 -0.10904671  0.4914012 ] bottom_world=[ 0.10902464 -0.10904654  0.4714012 ] quat=[ 9.2300081e-01  3.9167567e-06  2.0346795e-06 -3.8479814e-01] speed=0.0004 ang_speed=0.0024 ang_vel_vec=[-0.00186941 -0.00138501 -0.00072076] |com_force|=0.0000N
### kotek_magnet[tick=4560] sensor3: d=0.5470m in_range=False f_mag=0.000N tau_mag=0.0000Nm misalign_deg=90.0 pos=[-0.10910671 -0.10914609  0.49140123] bottom_world=[-0.10910688 -0.10914584  0.47140123] quat=[-3.8058335e-01  1.4941777e-06 -7.3976707e-06  9.2474663e-01] speed=0.0006 ang_speed=0.0040 ang_vel_vec=[-0.00362051 -0.00151478  0.0005451 ] |com_force|=0.0000N
### kotek_magnet[tick=4560] sensor4: d=0.5249m in_range=False f_mag=0.000N tau_mag=0.0000Nm misalign_deg=90.0 pos=[-0.10900006  0.10900015  0.49140242] bottom_world=[-0.10900029  0.10900001  0.47140242] quat=[3.8268211e-01 3.9127854e-06 5.5433652e-06 9.2388016e-01] speed=0.0010 ang_speed=0.0027 ang_vel_vec=[ 0.00185767 -0.00181082 -0.0007562 ] |com_force|=0.0000N
### kotek_magnet[tick=4620] sensor1: d=0.4082m in_range=False f_mag=0.000N tau_mag=0.0000Nm misalign_deg=90.0 pos=[0.10880379 0.10900924 0.49140236] bottom_world=[0.1088037  0.10900936 0.47140236] quat=[9.2484158e-01 3.5721152e-06 1.1456184e-06 3.8035259e-01] speed=0.0006 ang_speed=0.0026 ang_vel_vec=[ 0.00140467 -0.00198876 -0.00086997] |com_force|=0.0000N
### kotek_magnet[tick=4620] sensor2: d=0.3208m in_range=False f_mag=0.000N tau_mag=0.0000Nm misalign_deg=90.0 pos=[ 0.10902462 -0.10904671  0.49140114] bottom_world=[ 0.10902462 -0.10904654  0.47140114] quat=[ 9.2300087e-01  3.7122059e-06  1.6611156e-06 -3.8479808e-01] speed=0.0004 ang_speed=0.0025 ang_vel_vec=[-0.00242717  0.00026119 -0.00070044] |com_force|=0.0000N
### kotek_magnet[tick=4620] sensor3: d=0.5470m in_range=False f_mag=0.000N tau_mag=0.0000Nm misalign_deg=90.0 pos=[-0.10910645 -0.10914586  0.4914011 ] bottom_world=[-0.10910664 -0.10914567  0.47140111] quat=[-3.8058299e-01  2.5080376e-06 -6.2073191e-06  9.2474681e-01] speed=0.0009 ang_speed=0.0033 ang_vel_vec=[0.00291772 0.00037954 0.00151069] |com_force|=0.0000N
### kotek_magnet[tick=4620] sensor4: d=0.5249m in_range=False f_mag=0.000N tau_mag=0.0000Nm misalign_deg=90.0 pos=[-0.10900036  0.10899955  0.4914022 ] bottom_world=[-0.10900033  0.1089996   0.47140221] quat=[ 3.8268211e-01 -4.2160480e-08 -1.4376067e-06  9.2388004e-01] speed=0.0005 ang_speed=0.0028 ang_vel_vec=[ 0.00208596  0.00167016 -0.00072814] |com_force|=0.0000N
### kotek_magnet[tick=4680] sensor1: d=0.4082m in_range=False f_mag=0.000N tau_mag=0.0000Nm misalign_deg=90.0 pos=[0.1088043  0.10900898 0.49140236] bottom_world=[0.10880403 0.10900932 0.47140236] quat=[9.2484152e-01 1.0562416e-05 2.9961650e-06 3.8035280e-01] speed=0.0010 ang_speed=0.0030 ang_vel_vec=[-0.0019782  -0.0019072  -0.00110513] |com_force|=0.0000N
### kotek_magnet[tick=4680] sensor2: d=0.3208m in_range=False f_mag=0.000N tau_mag=0.0000Nm misalign_deg=90.0 pos=[ 0.10902465 -0.10904671  0.4914011 ] bottom_world=[ 0.10902464 -0.10904654  0.47140111] quat=[ 9.2300081e-01  3.7599357e-06  1.8469893e-06 -3.8479811e-01] speed=0.0004 ang_speed=0.0026 ang_vel_vec=[-0.00239845 -0.00030392 -0.00095778] |com_force|=0.0000N
### kotek_magnet[tick=4680] sensor3: d=0.5470m in_range=False f_mag=0.000N tau_mag=0.0000Nm misalign_deg=90.0 pos=[-0.10910752 -0.10914607  0.4914012 ] bottom_world=[-0.10910746 -0.10914596  0.4714012 ] quat=[-3.8058403e-01 -2.4642968e-06 -2.1612211e-06  9.2474645e-01] speed=0.0005 ang_speed=0.0026 ang_vel_vec=[-0.00012343  0.00245652 -0.00095321] |com_force|=0.0000N
### kotek_magnet[tick=4680] sensor4: d=0.5249m in_range=False f_mag=0.000N tau_mag=0.0000Nm misalign_deg=90.0 pos=[-0.10900037  0.10899953  0.49140236] bottom_world=[-0.10900036  0.10899958  0.47140236] quat=[ 3.8268223e-01  1.8111680e-07 -1.3448480e-06  9.2388004e-01] speed=0.0005 ang_speed=0.0027 ang_vel_vec=[ 0.00210289  0.00128821 -0.00099398] |com_force|=0.0000N
### kotek_magnet[tick=4740] sensor1: d=0.4082m in_range=False f_mag=0.000N tau_mag=0.0000Nm misalign_deg=90.0 pos=[0.10880255 0.10900909 0.49140227] bottom_world=[0.10880275 0.1090091  0.47140227] quat=[ 9.2484200e-01 -1.4930928e-06 -4.7232929e-06  3.8035160e-01] speed=0.0010 ang_speed=0.0024 ang_vel_vec=[-0.00193166  0.00012225  0.00146895] |com_force|=0.0000N
### kotek_magnet[tick=4740] sensor2: d=0.3208m in_range=False f_mag=0.000N tau_mag=0.0000Nm misalign_deg=90.0 pos=[ 0.10902444 -0.10904641  0.49140105] bottom_world=[ 0.1090245  -0.10904627  0.47140105] quat=[ 9.2300069e-01  3.7199875e-06  6.9896117e-08 -3.8479841e-01] speed=0.0002 ang_speed=0.0027 ang_vel_vec=[-0.00133429  0.0023829   0.00027602] |com_force|=0.0000N
### kotek_magnet[tick=4740] sensor3: d=0.5470m in_range=False f_mag=0.000N tau_mag=0.0000Nm misalign_deg=90.0 pos=[-0.10910721 -0.10914586  0.49140108] bottom_world=[-0.10910717 -0.10914581  0.47140108] quat=[-3.8058349e-01 -1.3418493e-06 -8.7741887e-07  9.2474663e-01] speed=0.0002 ang_speed=0.0029 ang_vel_vec=[0.00239115 0.00157272 0.00029799] |com_force|=0.0000N
### kotek_magnet[tick=4740] sensor4: d=0.5249m in_range=False f_mag=0.000N tau_mag=0.0000Nm misalign_deg=90.0 pos=[-0.10900036  0.10899955  0.4914023 ] bottom_world=[-0.10900035  0.10899961  0.4714023 ] quat=[ 3.8268223e-01  1.9913838e-07 -1.5536234e-06  9.2388010e-01] speed=0.0005 ang_speed=0.0024 ang_vel_vec=[ 0.0018409   0.00136831 -0.00072656] |com_force|=0.0000N
### kotek_magnet[tick=4800] sensor1: d=0.4082m in_range=False f_mag=0.000N tau_mag=0.0000Nm misalign_deg=90.0 pos=[0.10880256 0.10900929 0.49140236] bottom_world=[0.10880277 0.10900922 0.47140236] quat=[ 9.2484194e-01 -3.6059141e-06 -4.1820222e-06  3.8035181e-01] speed=0.0009 ang_speed=0.0032 ang_vel_vec=[ 0.00316607 -0.00013032  0.00066592] |com_force|=0.0000N
### kotek_magnet[tick=4800] sensor2: d=0.3208m in_range=False f_mag=0.000N tau_mag=0.0000Nm misalign_deg=90.0 pos=[ 0.10902465 -0.10904592  0.49140117] bottom_world=[ 0.10902452 -0.10904597  0.47140117] quat=[ 9.2300057e-01 -2.5651277e-06  2.5181316e-06 -3.8479856e-01] speed=0.0007 ang_speed=0.0040 ang_vel_vec=[ 0.00182242 -0.00354338  0.00041397] |com_force|=0.0000N
### kotek_magnet[tick=4800] sensor3: d=0.5470m in_range=False f_mag=0.000N tau_mag=0.0000Nm misalign_deg=90.0 pos=[-0.1091067  -0.10914608  0.4914012 ] bottom_world=[-0.10910687 -0.10914584  0.4714012 ] quat=[-3.8058326e-01  1.4398848e-06 -7.1913528e-06  9.2474663e-01] speed=0.0006 ang_speed=0.0035 ang_vel_vec=[-0.00313683 -0.00137326  0.00042845] |com_force|=0.0000N
### kotek_magnet[tick=4800] sensor4: d=0.5249m in_range=False f_mag=0.000N tau_mag=0.0000Nm misalign_deg=90.0 pos=[-0.10900006  0.10900016  0.49140245] bottom_world=[-0.10900029  0.10900001  0.47140245] quat=[3.8268209e-01 3.8745093e-06 5.6537215e-06 9.2388016e-01] speed=0.0010 ang_speed=0.0031 ang_vel_vec=[ 0.00217878 -0.002026   -0.00086411] |com_force|=0.0000N
### kotek_magnet[tick=4860] sensor1: d=0.4082m in_range=False f_mag=0.000N tau_mag=0.0000Nm misalign_deg=90.0 pos=[0.10880259 0.10900907 0.49140245] bottom_world=[0.10880278 0.10900909 0.47140245] quat=[ 9.2484194e-01 -1.5197339e-06 -4.6187697e-06  3.8035175e-01] speed=0.0010 ang_speed=0.0021 ang_vel_vec=[-0.00131223  0.00029583  0.00158878] |com_force|=0.0000N
### kotek_magnet[tick=4860] sensor2: d=0.3208m in_range=False f_mag=0.000N tau_mag=0.0000Nm misalign_deg=90.0 pos=[ 0.10902464 -0.10904587  0.49140117] bottom_world=[ 0.1090245  -0.10904594  0.47140117] quat=[ 9.2300069e-01 -2.9154944e-06  2.5734585e-06 -3.8479850e-01] speed=0.0006 ang_speed=0.0048 ang_vel_vec=[ 0.00222741 -0.00423382  0.00068661] |com_force|=0.0000N
### kotek_magnet[tick=4860] sensor3: d=0.5470m in_range=False f_mag=0.000N tau_mag=0.0000Nm misalign_deg=90.0 pos=[-0.10910644 -0.10914613  0.49140102] bottom_world=[-0.10910664 -0.10914584  0.47140102] quat=[-3.8058320e-01  1.9786519e-06 -8.7971775e-06  9.2474675e-01] speed=0.0008 ang_speed=0.0024 ang_vel_vec=[-0.00220351  0.00047386  0.00094126] |com_force|=0.0000N
### kotek_magnet[tick=4860] sensor4: d=0.5249m in_range=False f_mag=0.000N tau_mag=0.0000Nm misalign_deg=90.0 pos=[-0.10900033  0.10899957  0.4914023 ] bottom_world=[-0.1090003   0.10899962  0.4714023 ] quat=[ 3.8268220e-01  3.1683523e-08 -1.4304474e-06  9.2388004e-01] speed=0.0005 ang_speed=0.0026 ang_vel_vec=[ 0.00193385  0.00165475 -0.00058774] |com_force|=0.0000N
### kotek_magnet[tick=4920] sensor1: d=0.4082m in_range=False f_mag=0.000N tau_mag=0.0000Nm misalign_deg=90.0 pos=[0.10880341 0.10900927 0.49140224] bottom_world=[0.10880342 0.10900936 0.47140224] quat=[ 9.2484164e-01  1.8665636e-06 -1.1525569e-06  3.8035235e-01] speed=0.0002 ang_speed=0.0009 ang_vel_vec=[ 7.8463519e-04 -5.0829029e-05 -3.4351772e-04] |com_force|=0.0000N
### kotek_magnet[tick=4920] sensor2: d=0.3208m in_range=False f_mag=0.000N tau_mag=0.0000Nm misalign_deg=90.0 pos=[ 0.10902462 -0.10904672  0.491401  ] bottom_world=[ 0.10902462 -0.10904654  0.47140099] quat=[ 9.2300075e-01  4.1089297e-06  1.8301716e-06 -3.8479808e-01] speed=0.0005 ang_speed=0.0024 ang_vel_vec=[-0.00223948 -0.00031312 -0.00074784] |com_force|=0.0000N
### kotek_magnet[tick=4920] sensor3: d=0.5470m in_range=False f_mag=0.000N tau_mag=0.0000Nm misalign_deg=90.0 pos=[-0.10910816 -0.10914578  0.49140096] bottom_world=[-0.10910789 -0.1091459   0.47140096] quat=[-3.8058421e-01 -5.0309054e-06  5.5260148e-06  9.2474639e-01] speed=0.0010 ang_speed=0.0030 ang_vel_vec=[ 0.00225407  0.00174443 -0.00077298] |com_force|=0.0000N
### kotek_magnet[tick=4920] sensor4: d=0.5249m in_range=False f_mag=0.000N tau_mag=0.0000Nm misalign_deg=90.0 pos=[-0.1090002  0.1089985  0.4914024] bottom_world=[-0.1090001   0.1089988   0.47140239] quat=[ 3.8268301e-01  6.4334182e-07 -7.9869715e-06  9.2387974e-01] speed=0.0009 ang_speed=0.0022 ang_vel_vec=[ 5.4109032e-06 -1.7293380e-03  1.3301972e-03] |com_force|=0.0000N
### kotek_magnet[tick=4980] sensor1: d=0.4082m in_range=False f_mag=0.000N tau_mag=0.0000Nm misalign_deg=90.0 pos=[0.1088043  0.10900894 0.49140236] bottom_world=[0.10880404 0.10900928 0.47140236] quat=[9.2484146e-01 1.0516110e-05 2.8466700e-06 3.8035274e-01] speed=0.0010 ang_speed=0.0026 ang_vel_vec=[-0.00178612 -0.00167376 -0.00079737] |com_force|=0.0000N
### kotek_magnet[tick=4980] sensor2: d=0.3208m in_range=False f_mag=0.000N tau_mag=0.0000Nm misalign_deg=90.0 pos=[ 0.10902444 -0.10904642  0.49140117] bottom_world=[ 0.1090245  -0.10904628  0.47140117] quat=[ 9.2300069e-01  3.8629373e-06  1.8686876e-08 -3.8479838e-01] speed=0.0002 ang_speed=0.0028 ang_vel_vec=[-0.00138588  0.0024062   0.00032024] |com_force|=0.0000N
### kotek_magnet[tick=4980] sensor3: d=0.5470m in_range=False f_mag=0.000N tau_mag=0.0000Nm misalign_deg=90.0 pos=[-0.10910814 -0.1091458   0.49140114] bottom_world=[-0.10910788 -0.10914592  0.47140114] quat=[-3.8058394e-01 -4.9766049e-06  5.2485470e-06  9.2474639e-01] speed=0.0010 ang_speed=0.0024 ang_vel_vec=[ 0.00174711  0.00144546 -0.00071271] |com_force|=0.0000N
### kotek_magnet[tick=4980] sensor4: d=0.5249m in_range=False f_mag=0.000N tau_mag=0.0000Nm misalign_deg=90.0 pos=[-0.10900022  0.10899842  0.4914024 ] bottom_world=[-0.1090001   0.10899874  0.47140239] quat=[ 3.8268301e-01  2.3729578e-07 -8.6999416e-06  9.2387974e-01] speed=0.0010 ang_speed=0.0018 ang_vel_vec=[-0.00086029 -0.00058502  0.00141449] |com_force|=0.0000N
### kotek_magnet[tick=5040] sensor1: d=0.4082m in_range=False f_mag=0.000N tau_mag=0.0000Nm misalign_deg=90.0 pos=[0.10880284 0.10900928 0.49140233] bottom_world=[0.10880301 0.10900925 0.47140233] quat=[ 9.2484182e-01 -2.2597524e-06 -3.7872278e-06  3.8035205e-01] speed=0.0006 ang_speed=0.0046 ang_vel_vec=[0.00418692 0.00179027 0.00063291] |com_force|=0.0000N
### kotek_magnet[tick=5040] sensor2: d=0.3208m in_range=False f_mag=0.000N tau_mag=0.0000Nm misalign_deg=90.0 pos=[ 0.10902466 -0.10904667  0.49140114] bottom_world=[ 0.10902464 -0.10904651  0.47140114] quat=[ 9.2300093e-01  3.6048518e-06  1.8898191e-06 -3.8479796e-01] speed=0.0004 ang_speed=0.0022 ang_vel_vec=[-0.0019393  -0.00080318 -0.00068748] |com_force|=0.0000N
### kotek_magnet[tick=5040] sensor3: d=0.5470m in_range=False f_mag=0.000N tau_mag=0.0000Nm misalign_deg=90.0 pos=[-0.10910752 -0.10914606  0.49140114] bottom_world=[-0.10910747 -0.10914593  0.47140114] quat=[-3.8058385e-01 -2.3486439e-06 -2.4480896e-06  9.2474645e-01] speed=0.0005 ang_speed=0.0022 ang_vel_vec=[-0.00085293  0.00194368 -0.00069889] |com_force|=0.0000N
### kotek_magnet[tick=5040] sensor4: d=0.5249m in_range=False f_mag=0.000N tau_mag=0.0000Nm misalign_deg=90.0 pos=[-0.10900021  0.10899851  0.4914023 ] bottom_world=[-0.10900009  0.10899882  0.4714023 ] quat=[ 3.826831e-01  3.397259e-07 -8.254622e-06  9.238797e-01] speed=0.0009 ang_speed=0.0016 ang_vel_vec=[-0.0006744  -0.00050662  0.00139129] |com_force|=0.0000N
### still playing, 1309s left
### kotek_magnet[tick=5100] sensor1: d=0.4082m in_range=False f_mag=0.000N tau_mag=0.0000Nm misalign_deg=90.0 pos=[0.10880256 0.10900907 0.4914023 ] bottom_world=[0.10880276 0.10900909 0.4714023 ] quat=[ 9.2484194e-01 -1.3631247e-06 -4.6677646e-06  3.8035166e-01] speed=0.0010 ang_speed=0.0027 ang_vel_vec=[-0.00225096 -0.00016969  0.00142182] |com_force|=0.0000N
### kotek_magnet[tick=5100] sensor2: d=0.3208m in_range=False f_mag=0.000N tau_mag=0.0000Nm misalign_deg=90.0 pos=[ 0.10902434 -0.10904735  0.4914012 ] bottom_world=[ 0.10902458 -0.10904697  0.4714012 ] quat=[ 9.2300081e-01  1.1057903e-05 -1.8060130e-06 -3.8479790e-01] speed=0.0010 ang_speed=0.0028 ang_vel_vec=[-0.00169949  0.00206563 -0.00081371] |com_force|=0.0000N
### kotek_magnet[tick=5100] sensor3: d=0.5470m in_range=False f_mag=0.000N tau_mag=0.0000Nm misalign_deg=90.0 pos=[-0.1091075  -0.10914608  0.49140108] bottom_world=[-0.10910745 -0.10914596  0.47140108] quat=[-3.8058394e-01 -2.4951348e-06 -2.3387909e-06  9.2474645e-01] speed=0.0005 ang_speed=0.0023 ang_vel_vec=[-0.00090036  0.00203241 -0.00076143] |com_force|=0.0000N
### kotek_magnet[tick=5100] sensor4: d=0.5249m in_range=False f_mag=0.000N tau_mag=0.0000Nm misalign_deg=90.0 pos=[-0.10900018  0.10899847  0.49140236] bottom_world=[-0.10900008  0.10899878  0.47140236] quat=[ 3.8268298e-01  5.1290783e-07 -8.0810805e-06  9.2387974e-01] speed=0.0009 ang_speed=0.0017 ang_vel_vec=[-0.00039316 -0.00106915  0.00131692] |com_force|=0.0000N
### kotek_magnet[tick=5160] sensor1: d=0.4082m in_range=False f_mag=0.000N tau_mag=0.0000Nm misalign_deg=90.0 pos=[0.10880258 0.1090091  0.4914024 ] bottom_world=[0.10880278 0.10900912 0.47140239] quat=[ 9.2484200e-01 -1.4972915e-06 -4.7217063e-06  3.8035166e-01] speed=0.0010 ang_speed=0.0024 ang_vel_vec=[-0.00181942  0.00013213  0.00155034] |com_force|=0.0000N
### kotek_magnet[tick=5160] sensor2: d=0.3208m in_range=False f_mag=0.000N tau_mag=0.0000Nm misalign_deg=90.0 pos=[ 0.10902464 -0.10904589  0.49140108] bottom_world=[ 0.1090245  -0.10904595  0.47140108] quat=[ 9.2300057e-01 -2.8489449e-06  2.6517200e-06 -3.8479856e-01] speed=0.0006 ang_speed=0.0048 ang_vel_vec=[ 0.00212898 -0.00420257  0.00064253] |com_force|=0.0000N
### kotek_magnet[tick=5160] sensor3: d=0.5470m in_range=False f_mag=0.000N tau_mag=0.0000Nm misalign_deg=90.0 pos=[-0.10910729 -0.10914579  0.49140105] bottom_world=[-0.10910721 -0.10914576  0.47140105] quat=[-3.8058349e-01 -2.1323078e-06  6.0990722e-08  9.2474663e-01] speed=0.0002 ang_speed=0.0027 ang_vel_vec=[0.00176509 0.00197079 0.0004894 ] |com_force|=0.0000N
### kotek_magnet[tick=5160] sensor4: d=0.5249m in_range=False f_mag=0.000N tau_mag=0.0000Nm misalign_deg=90.0 pos=[-0.10900036  0.10899955  0.49140236] bottom_world=[-0.10900034  0.10899961  0.47140236] quat=[ 3.8268238e-01  1.3169597e-07 -1.5861933e-06  9.2387998e-01] speed=0.0005 ang_speed=0.0026 ang_vel_vec=[ 0.00195586  0.00166427 -0.00063622] |com_force|=0.0000N
### kotek_magnet[tick=5220] sensor1: d=0.4082m in_range=False f_mag=0.000N tau_mag=0.0000Nm misalign_deg=90.0 pos=[0.10880256 0.10900912 0.49140233] bottom_world=[0.10880275 0.10900914 0.47140233] quat=[ 9.2484200e-01 -1.5255848e-06 -4.7021863e-06  3.8035181e-01] speed=0.0010 ang_speed=0.0024 ang_vel_vec=[-1.9229533e-03  5.8836205e-05  1.3547620e-03] |com_force|=0.0000N
### kotek_magnet[tick=5220] sensor2: d=0.3208m in_range=False f_mag=0.000N tau_mag=0.0000Nm misalign_deg=90.0 pos=[ 0.10902446 -0.10904561  0.49140123] bottom_world=[ 0.10902436 -0.1090457   0.47140123] quat=[ 9.2300045e-01 -3.0105552e-06  1.4426987e-06 -3.8479888e-01] speed=0.0010 ang_speed=0.0021 ang_vel_vec=[0.00048402 0.001569   0.00136841] |com_force|=0.0000N
### kotek_magnet[tick=5220] sensor3: d=0.5470m in_range=False f_mag=0.000N tau_mag=0.0000Nm misalign_deg=90.0 pos=[-0.10910817 -0.10914576  0.49140108] bottom_world=[-0.10910791 -0.10914588  0.47140108] quat=[-3.8058406e-01 -4.9204887e-06  5.3178974e-06  9.2474639e-01] speed=0.0010 ang_speed=0.0026 ang_vel_vec=[ 0.00191488  0.00157363 -0.00084356] |com_force|=0.0000N
### kotek_magnet[tick=5220] sensor4: d=0.5249m in_range=False f_mag=0.000N tau_mag=0.0000Nm misalign_deg=90.0 pos=[-0.10900008  0.10900016  0.4914023 ] bottom_world=[-0.1090003   0.10900001  0.4714023 ] quat=[3.8268206e-01 3.7835573e-06 5.5566434e-06 9.2388010e-01] speed=0.0010 ang_speed=0.0027 ang_vel_vec=[ 0.00183814 -0.00179453 -0.00084655] |com_force|=0.0000N
### kotek_magnet[tick=5280] sensor1: d=0.4082m in_range=False f_mag=0.000N tau_mag=0.0000Nm misalign_deg=90.0 pos=[0.10880283 0.10900927 0.49140233] bottom_world=[0.10880299 0.10900925 0.47140233] quat=[ 9.2484182e-01 -2.0375116e-06 -3.7021202e-06  3.8035220e-01] speed=0.0006 ang_speed=0.0041 ang_vel_vec=[0.00380263 0.00160614 0.00036711] |com_force|=0.0000N
### kotek_magnet[tick=5280] sensor2: d=0.3208m in_range=False f_mag=0.000N tau_mag=0.0000Nm misalign_deg=90.0 pos=[ 0.10902435 -0.10904735  0.49140117] bottom_world=[ 0.10902458 -0.10904697  0.47140117] quat=[ 9.2300087e-01  1.0903319e-05 -1.8455125e-06 -3.8479793e-01] speed=0.0009 ang_speed=0.0031 ang_vel_vec=[-0.00186718  0.00227158 -0.0009774 ] |com_force|=0.0000N
### kotek_magnet[tick=5280] sensor3: d=0.5470m in_range=False f_mag=0.000N tau_mag=0.0000Nm misalign_deg=90.0 pos=[-0.10910815 -0.10914579  0.4914011 ] bottom_world=[-0.10910789 -0.10914591  0.47140111] quat=[-3.8058412e-01 -4.9277437e-06  5.3691592e-06  9.2474633e-01] speed=0.0010 ang_speed=0.0030 ang_vel_vec=[ 0.00217832  0.00174465 -0.00098253] |com_force|=0.0000N
### kotek_magnet[tick=5280] sensor4: d=0.5249m in_range=False f_mag=0.000N tau_mag=0.0000Nm misalign_deg=90.0 pos=[-0.10900009  0.10900019  0.4914023 ] bottom_world=[-0.10900032  0.10900004  0.4714023 ] quat=[3.8268206e-01 3.8721237e-06 5.7581442e-06 9.2388010e-01] speed=0.0010 ang_speed=0.0031 ang_vel_vec=[ 0.00205023 -0.00205011 -0.00097724] |com_force|=0.0000N
### kotek_magnet[tick=5340] sensor1: d=0.4082m in_range=False f_mag=0.000N tau_mag=0.0000Nm misalign_deg=90.0 pos=[0.10880258 0.10900909 0.49140236] bottom_world=[0.10880277 0.10900912 0.47140236] quat=[ 9.2484194e-01 -1.3256968e-06 -4.6933928e-06  3.8035172e-01] speed=0.0010 ang_speed=0.0027 ang_vel_vec=[-0.00233702 -0.00015814  0.00138438] |com_force|=0.0000N
### kotek_magnet[tick=5340] sensor2: d=0.3208m in_range=False f_mag=0.000N tau_mag=0.0000Nm misalign_deg=90.0 pos=[ 0.10902433 -0.10904738  0.4914011 ] bottom_world=[ 0.10902458 -0.10904699  0.47140111] quat=[ 9.2300087e-01  1.1366099e-05 -1.9351044e-06 -3.8479787e-01] speed=0.0010 ang_speed=0.0031 ang_vel_vec=[-0.0019184   0.00223334 -0.00086567] |com_force|=0.0000N
### kotek_magnet[tick=5340] sensor3: d=0.5470m in_range=False f_mag=0.000N tau_mag=0.0000Nm misalign_deg=90.0 pos=[-0.10910815 -0.10914577  0.49140105] bottom_world=[-0.10910789 -0.10914588  0.47140105] quat=[-3.8058406e-01 -4.9020223e-06  5.0607177e-06  9.2474633e-01] speed=0.0010 ang_speed=0.0025 ang_vel_vec=[ 0.00176611  0.00150206 -0.00084959] |com_force|=0.0000N
### kotek_magnet[tick=5340] sensor4: d=0.5249m in_range=False f_mag=0.000N tau_mag=0.0000Nm misalign_deg=90.0 pos=[-0.10900008  0.10900018  0.49140236] bottom_world=[-0.1090003   0.10900003  0.47140236] quat=[3.8268209e-01 3.7401089e-06 5.3885515e-06 9.2388010e-01] speed=0.0010 ang_speed=0.0027 ang_vel_vec=[ 0.00179125 -0.00177822 -0.00082673] |com_force|=0.0000N
### kotek_magnet[tick=5400] sensor1: d=0.4082m in_range=False f_mag=0.000N tau_mag=0.0000Nm misalign_deg=90.0 pos=[0.10880259 0.10900907 0.49140233] bottom_world=[0.10880279 0.10900909 0.47140233] quat=[ 9.2484194e-01 -1.4542525e-06 -4.6559726e-06  3.8035160e-01] speed=0.0010 ang_speed=0.0022 ang_vel_vec=[-0.0016036   0.00018857  0.00152528] |com_force|=0.0000N
### kotek_magnet[tick=5400] sensor2: d=0.3208m in_range=False f_mag=0.000N tau_mag=0.0000Nm misalign_deg=90.0 pos=[ 0.10902464 -0.10904645  0.49140102] bottom_world=[ 0.1090246  -0.10904637  0.47140102] quat=[ 9.2300069e-01  1.5424406e-06  1.8252621e-06 -3.8479835e-01] speed=0.0001 ang_speed=0.0022 ang_vel_vec=[ 0.00141144 -0.00160596 -0.00028499] |com_force|=0.0000N
### kotek_magnet[tick=5400] sensor3: d=0.5470m in_range=False f_mag=0.000N tau_mag=0.0000Nm misalign_deg=90.0 pos=[-0.10910645 -0.1091459   0.49140108] bottom_world=[-0.10910664 -0.1091457   0.47140108] quat=[-3.8058293e-01  2.4806016e-06 -6.4736651e-06  9.2474687e-01] speed=0.0009 ang_speed=0.0028 ang_vel_vec=[ 2.2860479e-03 -7.9717978e-07  1.5336776e-03] |com_force|=0.0000N
### kotek_magnet[tick=5400] sensor4: d=0.5249m in_range=False f_mag=0.000N tau_mag=0.0000Nm misalign_deg=90.0 pos=[-0.10899987  0.10900023  0.4914023 ] bottom_world=[-0.10900016  0.10900007  0.4714023 ] quat=[3.8268238e-01 5.1019492e-06 6.4151832e-06 9.2388004e-01] speed=0.0012 ang_speed=0.0138 ang_vel_vec=[ 0.0070558  -0.01181136 -0.00017803] |com_force|=0.0000N
### kotek_magnet[tick=5460] sensor1: d=0.4082m in_range=False f_mag=0.000N tau_mag=0.0000Nm misalign_deg=90.0 pos=[0.10880432 0.10900896 0.49140254] bottom_world=[0.10880405 0.10900931 0.47140254] quat=[9.2484158e-01 1.0641968e-05 2.8440656e-06 3.8035282e-01] speed=0.0010 ang_speed=0.0029 ang_vel_vec=[-0.0020466  -0.00177032 -0.00114123] |com_force|=0.0000N
### kotek_magnet[tick=5460] sensor2: d=0.3208m in_range=False f_mag=0.000N tau_mag=0.0000Nm misalign_deg=90.0 pos=[ 0.10902451 -0.10904559  0.49140117] bottom_world=[ 0.10902439 -0.10904569  0.47140117] quat=[ 9.2300045e-01 -3.4886486e-06  1.7941643e-06 -3.8479882e-01] speed=0.0010 ang_speed=0.0018 ang_vel_vec=[0.00068692 0.00119346 0.00116209] |com_force|=0.0000N
### kotek_magnet[tick=5460] sensor3: d=0.5470m in_range=False f_mag=0.000N tau_mag=0.0000Nm misalign_deg=90.0 pos=[-0.1091067  -0.10914608  0.4914011 ] bottom_world=[-0.10910687 -0.10914584  0.47140111] quat=[-3.8058341e-01  1.5338192e-06 -7.2474163e-06  9.2474657e-01] speed=0.0006 ang_speed=0.0040 ang_vel_vec=[-0.00365032 -0.00154859  0.00026402] |com_force|=0.0000N
### kotek_magnet[tick=5460] sensor4: d=0.5249m in_range=False f_mag=0.000N tau_mag=0.0000Nm misalign_deg=90.0 pos=[-0.10900006  0.10900017  0.49140245] bottom_world=[-0.10900028  0.10900003  0.47140245] quat=[3.8268209e-01 3.8925427e-06 5.4901780e-06 9.2388016e-01] speed=0.0010 ang_speed=0.0027 ang_vel_vec=[ 0.00166267 -0.00187781 -0.00105413] |com_force|=0.0000N
### kotek_magnet[tick=5520] sensor1: d=0.4082m in_range=False f_mag=0.000N tau_mag=0.0000Nm misalign_deg=90.0 pos=[0.10880383 0.10900929 0.49140224] bottom_world=[0.10880373 0.10900941 0.47140224] quat=[9.2484152e-01 3.6907618e-06 1.0986479e-06 3.8035277e-01] speed=0.0006 ang_speed=0.0024 ang_vel_vec=[ 0.00074425 -0.00213146 -0.00082958] |com_force|=0.0000N
### kotek_magnet[tick=5520] sensor2: d=0.3208m in_range=False f_mag=0.000N tau_mag=0.0000Nm misalign_deg=90.0 pos=[ 0.10902446 -0.10904563  0.4914011 ] bottom_world=[ 0.10902437 -0.10904572  0.47140111] quat=[ 9.2300051e-01 -2.8471379e-06  1.3025088e-06 -3.8479900e-01] speed=0.0010 ang_speed=0.0028 ang_vel_vec=[0.00014761 0.00239973 0.00146516] |com_force|=0.0000N
### kotek_magnet[tick=5520] sensor3: d=0.5470m in_range=False f_mag=0.000N tau_mag=0.0000Nm misalign_deg=90.0 pos=[-0.10910749 -0.10914604  0.49140114] bottom_world=[-0.10910743 -0.10914592  0.47140114] quat=[-3.8058382e-01 -2.3818613e-06 -2.2626259e-06  9.2474639e-01] speed=0.0005 ang_speed=0.0024 ang_vel_vec=[-0.00011395  0.00233369 -0.00070161] |com_force|=0.0000N
### kotek_magnet[tick=5520] sensor4: d=0.5249m in_range=False f_mag=0.000N tau_mag=0.0000Nm misalign_deg=90.0 pos=[-0.10900007  0.10900016  0.49140227] bottom_world=[-0.10900029  0.10900001  0.47140227] quat=[3.8268209e-01 3.6952329e-06 5.5994819e-06 9.2388016e-01] speed=0.0010 ang_speed=0.0024 ang_vel_vec=[ 0.00167954 -0.00151232 -0.00071681] |com_force|=0.0000N
### kotek_magnet[tick=5580] sensor1: d=0.4082m in_range=False f_mag=0.000N tau_mag=0.0000Nm misalign_deg=90.0 pos=[0.10880429 0.10900898 0.49140233] bottom_world=[0.10880403 0.10900933 0.47140233] quat=[9.2484152e-01 1.0514794e-05 2.8255113e-06 3.8035282e-01] speed=0.0010 ang_speed=0.0026 ang_vel_vec=[-0.00182382 -0.00160322 -0.00081879] |com_force|=0.0000N
### kotek_magnet[tick=5580] sensor2: d=0.3208m in_range=False f_mag=0.000N tau_mag=0.0000Nm misalign_deg=90.0 pos=[ 0.10902463 -0.10904645  0.4914011 ] bottom_world=[ 0.10902458 -0.10904636  0.47140111] quat=[ 9.2300075e-01  1.6393890e-06  1.9377171e-06 -3.8479832e-01] speed=0.0001 ang_speed=0.0019 ang_vel_vec=[ 0.00067154 -0.00169399 -0.00036086] |com_force|=0.0000N
### kotek_magnet[tick=5580] sensor3: d=0.5470m in_range=False f_mag=0.000N tau_mag=0.0000Nm misalign_deg=90.0 pos=[-0.10910729 -0.10914582  0.49140102] bottom_world=[-0.10910726 -0.10914578  0.47140102] quat=[-3.8058352e-01 -9.2612459e-07 -6.9481092e-07  9.2474657e-01] speed=0.0003 ang_speed=0.0057 ang_vel_vec=[0.00500597 0.00260126 0.0003901 ] |com_force|=0.0000N
### kotek_magnet[tick=5580] sensor4: d=0.5249m in_range=False f_mag=0.000N tau_mag=0.0000Nm misalign_deg=90.0 pos=[-0.10900037  0.10899874  0.4914023 ] bottom_world=[-0.10900022  0.10899903  0.4714023 ] quat=[ 3.8268256e-01 -5.8581730e-07 -8.1695989e-06  9.2387986e-01] speed=0.0006 ang_speed=0.0044 ang_vel_vec=[-0.00168817  0.00400897  0.00050044] |com_force|=0.0000N
### kotek_magnet[tick=5640] sensor1: d=0.4082m in_range=False f_mag=0.000N tau_mag=0.0000Nm misalign_deg=90.0 pos=[0.10880381 0.10900926 0.49140242] bottom_world=[0.10880372 0.10900938 0.47140242] quat=[9.2484152e-01 3.6719271e-06 9.8613248e-07 3.8035268e-01] speed=0.0006 ang_speed=0.0025 ang_vel_vec=[ 0.0005093  -0.00226399 -0.00086172] |com_force|=0.0000N
### kotek_magnet[tick=5640] sensor2: d=0.3208m in_range=False f_mag=0.000N tau_mag=0.0000Nm misalign_deg=90.0 pos=[ 0.10902467 -0.10904647  0.49140105] bottom_world=[ 0.10902462 -0.10904638  0.47140105] quat=[ 9.2300075e-01  1.6079354e-06  1.8486544e-06 -3.8479823e-01] speed=0.0001 ang_speed=0.0014 ang_vel_vec=[ 0.0007156  -0.00112965 -0.00031512] |com_force|=0.0000N
### kotek_magnet[tick=5640] sensor3: d=0.5470m in_range=False f_mag=0.000N tau_mag=0.0000Nm misalign_deg=90.0 pos=[-0.10910752 -0.10914608  0.4914011 ] bottom_world=[-0.10910746 -0.10914595  0.47140111] quat=[-3.8058385e-01 -2.4355090e-06 -2.4570763e-06  9.2474645e-01] speed=0.0005 ang_speed=0.0023 ang_vel_vec=[-0.00099394  0.00192713 -0.0006977 ] |com_force|=0.0000N
### kotek_magnet[tick=5640] sensor4: d=0.5249m in_range=False f_mag=0.000N tau_mag=0.0000Nm misalign_deg=90.0 pos=[-0.10900037  0.10899873  0.4914023 ] bottom_world=[-0.10900022  0.10899902  0.4714023 ] quat=[ 3.8268268e-01 -6.1695607e-07 -8.1569106e-06  9.2387986e-01] speed=0.0006 ang_speed=0.0048 ang_vel_vec=[-0.00185722  0.00442674  0.00049949] |com_force|=0.0000N
### kotek_magnet[tick=5700] sensor1: d=0.4082m in_range=False f_mag=0.000N tau_mag=0.0000Nm misalign_deg=90.0 pos=[0.10880256 0.10900906 0.49140233] bottom_world=[0.10880276 0.10900908 0.47140233] quat=[ 9.2484200e-01 -1.4235835e-06 -4.6972750e-06  3.8035169e-01] speed=0.0010 ang_speed=0.0027 ang_vel_vec=[-2.2901280e-03 -9.3641633e-05  1.4125792e-03] |com_force|=0.0000N
### kotek_magnet[tick=5700] sensor2: d=0.3208m in_range=False f_mag=0.000N tau_mag=0.0000Nm misalign_deg=90.0 pos=[ 0.10902447 -0.10904566  0.4914012 ] bottom_world=[ 0.10902437 -0.10904575  0.4714012 ] quat=[ 9.2300045e-01 -3.0560605e-06  1.5282003e-06 -3.8479882e-01] speed=0.0010 ang_speed=0.0020 ang_vel_vec=[0.00054242 0.0013145  0.00143098] |com_force|=0.0000N
### kotek_magnet[tick=5700] sensor3: d=0.5470m in_range=False f_mag=0.000N tau_mag=0.0000Nm misalign_deg=90.0 pos=[-0.10910731 -0.1091458   0.49140108] bottom_world=[-0.10910722 -0.10914577  0.47140108] quat=[-3.8058352e-01 -2.2132408e-06  2.5972170e-07  9.2474663e-01] speed=0.0002 ang_speed=0.0028 ang_vel_vec=[0.0017724  0.00209419 0.00038127] |com_force|=0.0000N
### kotek_magnet[tick=5700] sensor4: d=0.5249m in_range=False f_mag=0.000N tau_mag=0.0000Nm misalign_deg=90.0 pos=[-0.10900044  0.10899843  0.4914024 ] bottom_world=[-0.10900023  0.10899877  0.47140239] quat=[ 3.8268289e-01 -1.4938204e-06 -9.7035045e-06  9.2387980e-01] speed=0.0009 ang_speed=0.0035 ang_vel_vec=[0.00015604 0.00341292 0.00060242] |com_force|=0.0000N
### kotek_magnet[tick=5760] sensor1: d=0.4082m in_range=False f_mag=0.000N tau_mag=0.0000Nm misalign_deg=90.0 pos=[0.10880432 0.109009   0.4914023 ] bottom_world=[0.10880405 0.10900934 0.4714023 ] quat=[9.2484146e-01 1.0421975e-05 2.8049390e-06 3.8035282e-01] speed=0.0010 ang_speed=0.0026 ang_vel_vec=[-0.00180159 -0.00165305 -0.00085888] |com_force|=0.0000N
### kotek_magnet[tick=5760] sensor2: d=0.3208m in_range=False f_mag=0.000N tau_mag=0.0000Nm misalign_deg=90.0 pos=[ 0.10902471 -0.10904559  0.49140105] bottom_world=[ 0.10902451 -0.1090457   0.47140105] quat=[ 9.2300051e-01 -4.3969990e-06  3.5812059e-06 -3.8479879e-01] speed=0.0009 ang_speed=0.0031 ang_vel_vec=[-0.00023234 -0.00295534  0.00073995] |com_force|=0.0000N
### kotek_magnet[tick=5760] sensor3: d=0.5470m in_range=False f_mag=0.000N tau_mag=0.0000Nm misalign_deg=90.0 pos=[-0.10910814 -0.10914575  0.49140114] bottom_world=[-0.10910788 -0.10914587  0.47140114] quat=[-3.8058403e-01 -4.9295886e-06  5.0735862e-06  9.2474639e-01] speed=0.0010 ang_speed=0.0024 ang_vel_vec=[ 0.00175312  0.00148238 -0.00077611] |com_force|=0.0000N
### kotek_magnet[tick=5760] sensor4: d=0.5249m in_range=False f_mag=0.000N tau_mag=0.0000Nm misalign_deg=90.0 pos=[-0.10900021  0.10899848  0.49140233] bottom_world=[-0.10900011  0.10899879  0.47140233] quat=[ 3.8268295e-01  5.0702312e-07 -8.1823127e-06  9.2387974e-01] speed=0.0009 ang_speed=0.0018 ang_vel_vec=[-0.00051569 -0.00109513  0.00133902] |com_force|=0.0000N
### kotek_magnet[tick=5820] sensor1: d=0.4082m in_range=False f_mag=0.000N tau_mag=0.0000Nm misalign_deg=90.0 pos=[0.10880381 0.10900925 0.49140233] bottom_world=[0.10880371 0.10900939 0.47140233] quat=[9.2484146e-01 4.2115862e-06 1.0436942e-06 3.8035271e-01] speed=0.0006 ang_speed=0.0031 ang_vel_vec=[-0.00084508 -0.00284371 -0.00096803] |com_force|=0.0000N
### kotek_magnet[tick=5820] sensor2: d=0.3208m in_range=False f_mag=0.000N tau_mag=0.0000Nm misalign_deg=90.0 pos=[ 0.10902447 -0.10904565  0.49140117] bottom_world=[ 0.10902437 -0.10904573  0.47140117] quat=[ 9.2300045e-01 -2.6848941e-06  1.3482618e-06 -3.8479906e-01] speed=0.0010 ang_speed=0.0028 ang_vel_vec=[4.4170480e-05 2.4235593e-03 1.3696440e-03] |com_force|=0.0000N
### kotek_magnet[tick=5820] sensor3: d=0.5470m in_range=False f_mag=0.000N tau_mag=0.0000Nm misalign_deg=90.0 pos=[-0.10910751 -0.10914608  0.49140105] bottom_world=[-0.10910744 -0.10914597  0.47140105] quat=[-3.8058391e-01 -2.6153937e-06 -2.0079449e-06  9.2474645e-01] speed=0.0005 ang_speed=0.0025 ang_vel_vec=[-0.00013203  0.00234182 -0.00078275] |com_force|=0.0000N
### kotek_magnet[tick=5820] sensor4: d=0.5249m in_range=False f_mag=0.000N tau_mag=0.0000Nm misalign_deg=90.0 pos=[-0.10900036  0.10899876  0.49140233] bottom_world=[-0.10900023  0.10899905  0.47140233] quat=[ 3.8268277e-01 -4.1369381e-07 -7.8767816e-06  9.2387992e-01] speed=0.0006 ang_speed=0.0043 ang_vel_vec=[-0.00158336  0.0039658   0.00040559] |com_force|=0.0000N
### kotek_magnet[tick=5880] sensor1: d=0.4082m in_range=False f_mag=0.000N tau_mag=0.0000Nm misalign_deg=90.0 pos=[0.10880428 0.10900895 0.4914024 ] bottom_world=[0.10880401 0.1090093  0.47140239] quat=[9.2484146e-01 1.0493025e-05 2.8702157e-06 3.8035271e-01] speed=0.0010 ang_speed=0.0026 ang_vel_vec=[-0.0018481  -0.0016787  -0.00087955] |com_force|=0.0000N
### kotek_magnet[tick=5880] sensor2: d=0.3208m in_range=False f_mag=0.000N tau_mag=0.0000Nm misalign_deg=90.0 pos=[ 0.10902467 -0.10904589  0.49140117] bottom_world=[ 0.10902453 -0.10904596  0.47140117] quat=[ 9.2300063e-01 -2.9353025e-06  2.6817272e-06 -3.8479859e-01] speed=0.0006 ang_speed=0.0046 ang_vel_vec=[ 0.00192521 -0.00418254  0.00050936] |com_force|=0.0000N
### kotek_magnet[tick=5880] sensor3: d=0.5470m in_range=False f_mag=0.000N tau_mag=0.0000Nm misalign_deg=90.0 pos=[-0.10910816 -0.10914579  0.4914012 ] bottom_world=[-0.1091079 -0.1091459  0.4714012] quat=[-3.805840e-01 -4.958733e-06  5.119742e-06  9.247464e-01] speed=0.0010 ang_speed=0.0026 ang_vel_vec=[ 0.0018186   0.00159887 -0.00080769] |com_force|=0.0000N
### kotek_magnet[tick=5880] sensor4: d=0.5249m in_range=False f_mag=0.000N tau_mag=0.0000Nm misalign_deg=90.0 pos=[-0.10900021  0.10899849  0.4914024 ] bottom_world=[-0.10900011  0.1089988   0.47140239] quat=[ 3.8268295e-01  4.7516679e-07 -8.2158285e-06  9.2387968e-01] speed=0.0009 ang_speed=0.0017 ang_vel_vec=[-0.00054297 -0.00100496  0.00131206] |com_force|=0.0000N
### kotek_magnet[tick=5940] sensor1: d=0.4082m in_range=False f_mag=0.000N tau_mag=0.0000Nm misalign_deg=90.0 pos=[0.10880381 0.10900926 0.49140233] bottom_world=[0.10880371 0.10900939 0.47140233] quat=[9.2484152e-01 3.8460207e-06 9.5218013e-07 3.8035282e-01] speed=0.0006 ang_speed=0.0028 ang_vel_vec=[-0.00019886 -0.00259112 -0.00095398] |com_force|=0.0000N
### kotek_magnet[tick=5940] sensor2: d=0.3208m in_range=False f_mag=0.000N tau_mag=0.0000Nm misalign_deg=90.0 pos=[ 0.10902447 -0.10904567  0.49140114] bottom_world=[ 0.10902437 -0.10904575  0.47140114] quat=[ 9.2300045e-01 -2.8684126e-06  1.4802786e-06 -3.8479888e-01] speed=0.0010 ang_speed=0.0023 ang_vel_vec=[0.00037076 0.00176137 0.00136774] |com_force|=0.0000N
### kotek_magnet[tick=5940] sensor3: d=0.5470m in_range=False f_mag=0.000N tau_mag=0.0000Nm misalign_deg=90.0 pos=[-0.10910671 -0.10914607  0.49140108] bottom_world=[-0.10910688 -0.10914583  0.47140108] quat=[-3.8058341e-01  1.4895163e-06 -7.3063711e-06  9.2474657e-01] speed=0.0006 ang_speed=0.0039 ang_vel_vec=[-0.00351603 -0.00149898  0.00047996] |com_force|=0.0000N
### kotek_magnet[tick=5940] sensor4: d=0.5249m in_range=False f_mag=0.000N tau_mag=0.0000Nm misalign_deg=90.0 pos=[-0.10900021  0.1089985   0.4914023 ] bottom_world=[-0.1090001   0.10899881  0.4714023 ] quat=[ 3.8268301e-01  5.1413002e-07 -8.1329026e-06  9.2387974e-01] speed=0.0009 ang_speed=0.0019 ang_vel_vec=[-0.00025061 -0.00134374  0.00127921] |com_force|=0.0000N
### kotek_magnet[tick=6000] sensor1: d=0.4082m in_range=False f_mag=0.000N tau_mag=0.0000Nm misalign_deg=90.0 pos=[0.10880253 0.10900909 0.49140242] bottom_world=[0.10880274 0.1090091  0.47140242] quat=[ 9.2484200e-01 -1.9766669e-06 -4.8691763e-06  3.8035163e-01] speed=0.0010 ang_speed=0.0020 ang_vel_vec=[-0.00120432  0.00045539  0.00152418] |com_force|=0.0000N
### kotek_magnet[tick=6000] sensor2: d=0.3208m in_range=False f_mag=0.000N tau_mag=0.0000Nm misalign_deg=90.0 pos=[ 0.10902447 -0.10904565  0.49140108] bottom_world=[ 0.10902438 -0.10904573  0.47140108] quat=[ 9.2300045e-01 -2.8471113e-06  1.4328912e-06 -3.8479888e-01] speed=0.0010 ang_speed=0.0025 ang_vel_vec=[0.00036536 0.00197975 0.00148149] |com_force|=0.0000N
### kotek_magnet[tick=6000] sensor3: d=0.5470m in_range=False f_mag=0.000N tau_mag=0.0000Nm misalign_deg=90.0 pos=[-0.10910825 -0.1091456   0.4914011 ] bottom_world=[-0.10910795 -0.10914581  0.47140111] quat=[-3.8058382e-01 -4.7921699e-06  7.6746182e-06  9.2474645e-01] speed=0.0014 ang_speed=0.0163 ang_vel_vec=[ 0.01417181  0.00807301 -0.00025528] |com_force|=0.0000N
### kotek_magnet[tick=6000] sensor4: d=0.5249m in_range=False f_mag=0.000N tau_mag=0.0000Nm misalign_deg=90.0 pos=[-0.10900035  0.10899951  0.49140233] bottom_world=[-0.10900033  0.10899957  0.47140233] quat=[ 3.8268223e-01  2.1598349e-07 -1.5382957e-06  9.2388004e-01] speed=0.0005 ang_speed=0.0026 ang_vel_vec=[ 0.00202015  0.00144143 -0.00069247] |com_force|=0.0000N
### kotek_magnet[tick=6060] sensor1: d=0.4082m in_range=False f_mag=0.000N tau_mag=0.0000Nm misalign_deg=90.0 pos=[0.10880251 0.10900911 0.49140233] bottom_world=[0.10880272 0.10900911 0.47140233] quat=[ 9.2484194e-01 -2.0551627e-06 -4.8369398e-06  3.8035181e-01] speed=0.0010 ang_speed=0.0019 ang_vel_vec=[-0.00110314  0.00046011  0.00149769] |com_force|=0.0000N
### kotek_magnet[tick=6060] sensor2: d=0.3208m in_range=False f_mag=0.000N tau_mag=0.0000Nm misalign_deg=90.0 pos=[ 0.10902463 -0.10904644  0.49140102] bottom_world=[ 0.10902459 -0.10904635  0.47140102] quat=[ 9.2300069e-01  1.7094314e-06  1.7892012e-06 -3.8479829e-01] speed=0.0001 ang_speed=0.0014 ang_vel_vec=[ 0.00078467 -0.00106687 -0.00033162] |com_force|=0.0000N
### kotek_magnet[tick=6060] sensor3: d=0.5470m in_range=False f_mag=0.000N tau_mag=0.0000Nm misalign_deg=90.0 pos=[-0.10910813 -0.10914575  0.4914012 ] bottom_world=[-0.10910787 -0.10914587  0.4714012 ] quat=[-3.8058412e-01 -4.8798784e-06  5.2164928e-06  9.2474639e-01] speed=0.0010 ang_speed=0.0027 ang_vel_vec=[ 0.0020984   0.00151958 -0.00074788] |com_force|=0.0000N
### kotek_magnet[tick=6060] sensor4: d=0.5249m in_range=False f_mag=0.000N tau_mag=0.0000Nm misalign_deg=90.0 pos=[-0.10900009  0.10899933  0.49140224] bottom_world=[-0.10900017  0.10899937  0.47140224] quat=[ 3.8268250e-01  2.1991793e-06 -6.5228583e-08  9.2387986e-01] speed=0.0001 ang_speed=0.0030 ang_vel_vec=[ 0.00244499 -0.00171954  0.00044863] |com_force|=0.0000N
### kotek_magnet[tick=6120] sensor1: d=0.4082m in_range=False f_mag=0.000N tau_mag=0.0000Nm misalign_deg=90.0 pos=[0.10880257 0.10900911 0.4914023 ] bottom_world=[0.10880276 0.10900914 0.4714023 ] quat=[ 9.2484194e-01 -1.1635308e-06 -4.6629038e-06  3.8035181e-01] speed=0.0010 ang_speed=0.0031 ang_vel_vec=[-0.00278    -0.00031514  0.00138687] |com_force|=0.0000N
### kotek_magnet[tick=6120] sensor2: d=0.3208m in_range=False f_mag=0.000N tau_mag=0.0000Nm misalign_deg=90.0 pos=[ 0.10902466 -0.10904645  0.49140102] bottom_world=[ 0.10902462 -0.10904636  0.47140102] quat=[ 9.2300075e-01  1.7717557e-06  1.8746003e-06 -3.8479829e-01] speed=0.0001 ang_speed=0.0008 ang_vel_vec=[ 4.4616331e-06 -6.7923334e-04 -4.0299637e-04] |com_force|=0.0000N
### kotek_magnet[tick=6120] sensor3: d=0.5470m in_range=False f_mag=0.000N tau_mag=0.0000Nm misalign_deg=90.0 pos=[-0.10910644 -0.10914589  0.49140117] bottom_world=[-0.10910663 -0.10914567  0.47140117] quat=[-3.8058293e-01  2.5266054e-06 -6.8316522e-06  9.2474687e-01] speed=0.0010 ang_speed=0.0021 ang_vel_vec=[ 0.00151504 -0.00028425  0.00144689] |com_force|=0.0000N
### kotek_magnet[tick=6120] sensor4: d=0.5249m in_range=False f_mag=0.000N tau_mag=0.0000Nm misalign_deg=90.0 pos=[-0.10900007  0.10900021  0.49140233] bottom_world=[-0.1090003   0.10900006  0.47140233] quat=[3.8268197e-01 3.9528722e-06 5.6811850e-06 9.2388016e-01] speed=0.0010 ang_speed=0.0029 ang_vel_vec=[ 0.00195901 -0.00200003 -0.00082427] |com_force|=0.0000N
### kotek_magnet[tick=6180] sensor1: d=0.4082m in_range=False f_mag=0.000N tau_mag=0.0000Nm misalign_deg=90.0 pos=[0.10880258 0.10900906 0.49140245] bottom_world=[0.10880277 0.10900909 0.47140245] quat=[ 9.2484206e-01 -1.1741083e-06 -4.7477370e-06  3.8035157e-01] speed=0.0010 ang_speed=0.0032 ang_vel_vec=[-0.00285184 -0.00034351  0.00134593] |com_force|=0.0000N
### kotek_magnet[tick=6180] sensor2: d=0.3208m in_range=False f_mag=0.000N tau_mag=0.0000Nm misalign_deg=90.0 pos=[ 0.10902469 -0.10904563  0.49140117] bottom_world=[ 0.10902449 -0.10904574  0.47140117] quat=[ 9.2300045e-01 -4.3155014e-06  3.6493359e-06 -3.8479888e-01] speed=0.0009 ang_speed=0.0029 ang_vel_vec=[-0.00039772 -0.00279292  0.00065193] |com_force|=0.0000N
### kotek_magnet[tick=6180] sensor3: d=0.5470m in_range=False f_mag=0.000N tau_mag=0.0000Nm misalign_deg=90.0 pos=[-0.10910644 -0.10914592  0.49140128] bottom_world=[-0.10910664 -0.1091457   0.47140128] quat=[-3.805829e-01  2.473133e-06 -6.930538e-06  9.247468e-01] speed=0.0010 ang_speed=0.0021 ang_vel_vec=[ 0.00149207 -0.00026767  0.00142497] |com_force|=0.0000N
### kotek_magnet[tick=6180] sensor4: d=0.5249m in_range=False f_mag=0.000N tau_mag=0.0000Nm misalign_deg=90.0 pos=[-0.10900007  0.10900016  0.49140242] bottom_world=[-0.1090003   0.10900002  0.47140242] quat=[3.8268217e-01 3.9266242e-06 5.3785911e-06 9.2388016e-01] speed=0.0010 ang_speed=0.0027 ang_vel_vec=[ 0.00178208 -0.00189023 -0.00086432] |com_force|=0.0000N
### kotek_magnet[tick=6240] sensor1: d=0.4082m in_range=False f_mag=0.000N tau_mag=0.0000Nm misalign_deg=90.0 pos=[0.10880255 0.10900909 0.49140227] bottom_world=[0.10880275 0.1090091  0.47140227] quat=[ 9.2484194e-01 -1.6575522e-06 -4.6971645e-06  3.8035169e-01] speed=0.0010 ang_speed=0.0020 ang_vel_vec=[-0.00120204  0.00035975  0.00153187] |com_force|=0.0000N
### kotek_magnet[tick=6240] sensor2: d=0.3208m in_range=False f_mag=0.000N tau_mag=0.0000Nm misalign_deg=90.0 pos=[ 0.10902464 -0.10904588  0.49140105] bottom_world=[ 0.1090245  -0.10904595  0.47140105] quat=[ 9.2300063e-01 -3.0864883e-06  2.6848834e-06 -3.8479859e-01] speed=0.0006 ang_speed=0.0050 ang_vel_vec=[ 0.00228449 -0.00446207  0.00059443] |com_force|=0.0000N
### kotek_magnet[tick=6240] sensor3: d=0.5470m in_range=False f_mag=0.000N tau_mag=0.0000Nm misalign_deg=90.0 pos=[-0.10910729 -0.10914579  0.49140102] bottom_world=[-0.10910728 -0.10914575  0.47140102] quat=[-3.8058338e-01 -7.3979299e-07 -7.4850141e-07  9.2474657e-01] speed=0.0003 ang_speed=0.0054 ang_vel_vec=[0.00489239 0.0021418  0.00044282] |com_force|=0.0000N
### kotek_magnet[tick=6240] sensor4: d=0.5249m in_range=False f_mag=0.000N tau_mag=0.0000Nm misalign_deg=90.0 pos=[-0.10900009  0.10900023  0.49140233] bottom_world=[-0.10900031  0.10900008  0.47140233] quat=[3.8268206e-01 3.6669649e-06 5.5152600e-06 9.2388010e-01] speed=0.0010 ang_speed=0.0023 ang_vel_vec=[ 0.00165973 -0.00143474 -0.00069292] |com_force|=0.0000N
### kotek_magnet[tick=6300] sensor1: d=0.4082m in_range=False f_mag=0.000N tau_mag=0.0000Nm misalign_deg=90.0 pos=[0.10880259 0.10900907 0.4914024 ] bottom_world=[0.10880279 0.1090091  0.47140239] quat=[ 9.2484200e-01 -1.2563953e-06 -4.6479026e-06  3.8035154e-01] speed=0.0010 ang_speed=0.0028 ang_vel_vec=[-0.00237275 -0.00013892  0.00144863] |com_force|=0.0000N
### kotek_magnet[tick=6300] sensor2: d=0.3208m in_range=False f_mag=0.000N tau_mag=0.0000Nm misalign_deg=90.0 pos=[ 0.10902445 -0.10904565  0.4914011 ] bottom_world=[ 0.10902435 -0.10904574  0.47140111] quat=[ 9.2300045e-01 -2.9374655e-06  1.5081687e-06 -3.8479900e-01] speed=0.0010 ang_speed=0.0021 ang_vel_vec=[0.00049192 0.00151296 0.00144312] |com_force|=0.0000N
### kotek_magnet[tick=6300] sensor3: d=0.5470m in_range=False f_mag=0.000N tau_mag=0.0000Nm misalign_deg=90.0 pos=[-0.10910645 -0.10914586  0.49140114] bottom_world=[-0.10910664 -0.10914567  0.47140114] quat=[-3.8058296e-01  2.4389453e-06 -6.4023334e-06  9.2474681e-01] speed=0.0009 ang_speed=0.0026 ang_vel_vec=[2.1183619e-03 5.4377114e-08 1.4963781e-03] |com_force|=0.0000N
### kotek_magnet[tick=6300] sensor4: d=0.5249m in_range=False f_mag=0.000N tau_mag=0.0000Nm misalign_deg=90.0 pos=[-0.10900006  0.10900021  0.4914023 ] bottom_world=[-0.10900028  0.10900007  0.4714023 ] quat=[3.8268217e-01 3.8383942e-06 5.5129494e-06 9.2388016e-01] speed=0.0010 ang_speed=0.0025 ang_vel_vec=[ 0.00167348 -0.0017491  -0.00076624] |com_force|=0.0000N
### kotek_magnet[tick=6360] sensor1: d=0.4082m in_range=False f_mag=0.000N tau_mag=0.0000Nm misalign_deg=90.0 pos=[0.10880258 0.10900933 0.49140227] bottom_world=[0.1088028  0.10900924 0.47140227] quat=[ 9.2484194e-01 -4.0543750e-06 -4.2719153e-06  3.8035196e-01] speed=0.0009 ang_speed=0.0033 ang_vel_vec=[3.2249356e-03 4.8074948e-05 5.5907085e-04] |com_force|=0.0000N
### kotek_magnet[tick=6360] sensor2: d=0.3208m in_range=False f_mag=0.000N tau_mag=0.0000Nm misalign_deg=90.0 pos=[ 0.10902447 -0.10904562  0.4914011 ] bottom_world=[ 0.10902436 -0.10904571  0.47140111] quat=[ 9.2300045e-01 -3.0438639e-06  1.5215101e-06 -3.8479897e-01] speed=0.0010 ang_speed=0.0019 ang_vel_vec=[0.00046252 0.00143257 0.00122935] |com_force|=0.0000N
### kotek_magnet[tick=6360] sensor3: d=0.5470m in_range=False f_mag=0.000N tau_mag=0.0000Nm misalign_deg=90.0 pos=[-0.10910646 -0.10914588  0.4914011 ] bottom_world=[-0.10910665 -0.10914568  0.47140111] quat=[-3.8058308e-01  2.4413534e-06 -6.4573410e-06  9.2474681e-01] speed=0.0009 ang_speed=0.0023 ang_vel_vec=[ 1.8818483e-03 -4.5063192e-05  1.2839655e-03] |com_force|=0.0000N
### kotek_magnet[tick=6360] sensor4: d=0.5249m in_range=False f_mag=0.000N tau_mag=0.0000Nm misalign_deg=90.0 pos=[-0.10900037  0.10899954  0.49140227] bottom_world=[-0.10900035  0.1089996   0.47140227] quat=[ 3.8268226e-01  1.8795886e-07 -1.5738221e-06  9.2388010e-01] speed=0.0005 ang_speed=0.0026 ang_vel_vec=[ 0.00201286  0.001266   -0.00096201] |com_force|=0.0000N
### kotek_magnet[tick=6420] sensor1: d=0.4082m in_range=False f_mag=0.000N tau_mag=0.0000Nm misalign_deg=90.0 pos=[0.10880256 0.10900909 0.4914023 ] bottom_world=[0.10880276 0.10900911 0.4714023 ] quat=[ 9.2484200e-01 -1.3951319e-06 -4.6734999e-06  3.8035181e-01] speed=0.0010 ang_speed=0.0026 ang_vel_vec=[-2.1664852e-03 -8.3616469e-05  1.4145252e-03] |com_force|=0.0000N
### kotek_magnet[tick=6420] sensor2: d=0.3208m in_range=False f_mag=0.000N tau_mag=0.0000Nm misalign_deg=90.0 pos=[ 0.10902447 -0.10904565  0.4914011 ] bottom_world=[ 0.10902437 -0.10904574  0.47140111] quat=[ 9.2300040e-01 -2.9319735e-06  1.4547975e-06 -3.8479891e-01] speed=0.0010 ang_speed=0.0023 ang_vel_vec=[0.00041982 0.00171956 0.00141549] |com_force|=0.0000N
### kotek_magnet[tick=6420] sensor3: d=0.5470m in_range=False f_mag=0.000N tau_mag=0.0000Nm misalign_deg=90.0 pos=[-0.10910726 -0.1091458   0.491401  ] bottom_world=[-0.10910724 -0.10914576  0.47140099] quat=[-3.8058341e-01 -8.2549570e-07 -6.9633234e-07  9.2474657e-01] speed=0.0002 ang_speed=0.0055 ang_vel_vec=[0.00483685 0.00259975 0.00038267] |com_force|=0.0000N
### kotek_magnet[tick=6420] sensor4: d=0.5249m in_range=False f_mag=0.000N tau_mag=0.0000Nm misalign_deg=90.0 pos=[-0.10900009  0.10900021  0.49140236] bottom_world=[-0.10900031  0.10900006  0.47140236] quat=[3.8268206e-01 3.7925076e-06 5.5146670e-06 9.2388010e-01] speed=0.0010 ang_speed=0.0026 ang_vel_vec=[ 0.00173584 -0.00168725 -0.00080664] |com_force|=0.0000N
### kotek_magnet[tick=6480] sensor1: d=0.4082m in_range=False f_mag=0.000N tau_mag=0.0000Nm misalign_deg=90.0 pos=[0.10880257 0.1090093  0.49140233] bottom_world=[0.10880279 0.10900922 0.47140233] quat=[ 9.2484194e-01 -4.1198887e-06 -4.2503498e-06  3.8035166e-01] speed=0.0009 ang_speed=0.0036 ang_vel_vec=[3.4963018e-03 8.0303587e-05 8.7837386e-04] |com_force|=0.0000N
### kotek_magnet[tick=6480] sensor2: d=0.3208m in_range=False f_mag=0.000N tau_mag=0.0000Nm misalign_deg=90.0 pos=[ 0.10902464 -0.10904588  0.4914011 ] bottom_world=[ 0.1090245  -0.10904594  0.47140111] quat=[ 9.2300057e-01 -2.8966399e-06  2.6060256e-06 -3.8479865e-01] speed=0.0006 ang_speed=0.0048 ang_vel_vec=[ 0.00216852 -0.00421296  0.00062281] |com_force|=0.0000N
### kotek_magnet[tick=6480] sensor3: d=0.5470m in_range=False f_mag=0.000N tau_mag=0.0000Nm misalign_deg=90.0 pos=[-0.1091067  -0.10914607  0.49140105] bottom_world=[-0.10910688 -0.10914582  0.47140105] quat=[-3.8058344e-01  1.6714783e-06 -7.5732164e-06  9.2474669e-01] speed=0.0006 ang_speed=0.0042 ang_vel_vec=[-0.00378677 -0.00174924  0.00063756] |com_force|=0.0000N
### kotek_magnet[tick=6480] sensor4: d=0.5249m in_range=False f_mag=0.000N tau_mag=0.0000Nm misalign_deg=90.0 pos=[-0.10900006  0.10900021  0.49140227] bottom_world=[-0.10900028  0.10900007  0.47140227] quat=[3.8268220e-01 3.6901074e-06 5.3010749e-06 9.2388010e-01] speed=0.0010 ang_speed=0.0024 ang_vel_vec=[ 0.00163682 -0.00156302 -0.00066296] |com_force|=0.0000N
### kotek_magnet[tick=6540] sensor1: d=0.4082m in_range=False f_mag=0.000N tau_mag=0.0000Nm misalign_deg=90.0 pos=[0.10880259 0.10900909 0.4914024 ] bottom_world=[0.10880278 0.1090091  0.47140239] quat=[ 9.2484200e-01 -1.4048196e-06 -4.5671259e-06  3.8035157e-01] speed=0.0010 ang_speed=0.0026 ang_vel_vec=[-0.00219618 -0.0001139   0.00138838] |com_force|=0.0000N
### kotek_magnet[tick=6540] sensor2: d=0.3208m in_range=False f_mag=0.000N tau_mag=0.0000Nm misalign_deg=90.0 pos=[ 0.10902435 -0.10904734  0.49140117] bottom_world=[ 0.10902459 -0.10904697  0.47140117] quat=[ 9.2300087e-01  1.0813582e-05 -1.8515161e-06 -3.8479805e-01] speed=0.0010 ang_speed=0.0027 ang_vel_vec=[-0.00163426  0.00202999 -0.00082756] |com_force|=0.0000N
### kotek_magnet[tick=6540] sensor3: d=0.5470m in_range=False f_mag=0.000N tau_mag=0.0000Nm misalign_deg=90.0 pos=[-0.10910817 -0.10914577  0.49140117] bottom_world=[-0.10910791 -0.10914589  0.47140117] quat=[-3.8058400e-01 -4.8176880e-06  5.3044123e-06  9.2474639e-01] speed=0.0010 ang_speed=0.0026 ang_vel_vec=[ 0.00192875  0.00150984 -0.00083528] |com_force|=0.0000N
### kotek_magnet[tick=6540] sensor4: d=0.5249m in_range=False f_mag=0.000N tau_mag=0.0000Nm misalign_deg=90.0 pos=[-0.10900006  0.10900018  0.49140233] bottom_world=[-0.10900029  0.10900002  0.47140233] quat=[3.8268220e-01 3.7475459e-06 5.7194229e-06 9.2388016e-01] speed=0.0010 ang_speed=0.0028 ang_vel_vec=[ 0.00193419 -0.00186801 -0.00082036] |com_force|=0.0000N
### kotek_magnet[tick=6600] sensor1: d=0.4082m in_range=False f_mag=0.000N tau_mag=0.0000Nm misalign_deg=90.0 pos=[0.10880435 0.10900896 0.49140236] bottom_world=[0.10880408 0.1090093  0.47140236] quat=[9.2484158e-01 1.0433357e-05 2.7670142e-06 3.8035277e-01] speed=0.0010 ang_speed=0.0024 ang_vel_vec=[-0.00173384 -0.00147744 -0.00072132] |com_force|=0.0000N
### kotek_magnet[tick=6600] sensor2: d=0.3208m in_range=False f_mag=0.000N tau_mag=0.0000Nm misalign_deg=90.0 pos=[ 0.10902448 -0.10904565  0.49140117] bottom_world=[ 0.10902438 -0.10904574  0.47140117] quat=[ 9.2300045e-01 -2.8901011e-06  1.5014425e-06 -3.8479894e-01] speed=0.0010 ang_speed=0.0023 ang_vel_vec=[0.00043108 0.00157605 0.00155135] |com_force|=0.0000N
### kotek_magnet[tick=6600] sensor3: d=0.5470m in_range=False f_mag=0.000N tau_mag=0.0000Nm misalign_deg=90.0 pos=[-0.1091065  -0.10914589  0.49140114] bottom_world=[-0.10910668 -0.1091457   0.47140114] quat=[-3.8058302e-01  2.3301009e-06 -6.3505663e-06  9.2474681e-01] speed=0.0009 ang_speed=0.0027 ang_vel_vec=[0.0022098  0.00010132 0.00159502] |com_force|=0.0000N
### kotek_magnet[tick=6600] sensor4: d=0.5249m in_range=False f_mag=0.000N tau_mag=0.0000Nm misalign_deg=90.0 pos=[-0.10900009  0.1089993   0.49140218] bottom_world=[-0.10900017  0.10899934  0.47140218] quat=[ 3.8268274e-01  2.2457803e-06 -1.3152453e-07  9.2387986e-01] speed=0.0002 ang_speed=0.0027 ang_vel_vec=[ 0.00205378 -0.00172302  0.00056136] |com_force|=0.0000N
### kotek_magnet[tick=6660] sensor1: d=0.4082m in_range=False f_mag=0.000N tau_mag=0.0000Nm misalign_deg=90.0 pos=[0.10880385 0.10900922 0.49140233] bottom_world=[0.10880375 0.10900935 0.47140233] quat=[9.2484164e-01 3.8494973e-06 9.8888415e-07 3.8035256e-01] speed=0.0006 ang_speed=0.0026 ang_vel_vec=[ 9.0218069e-05 -2.4509635e-03 -7.1760156e-04] |com_force|=0.0000N
### kotek_magnet[tick=6660] sensor2: d=0.3208m in_range=False f_mag=0.000N tau_mag=0.0000Nm misalign_deg=90.0 pos=[ 0.10902448 -0.1090457   0.4914011 ] bottom_world=[ 0.10902438 -0.10904578  0.47140111] quat=[ 9.2300045e-01 -2.8624459e-06  1.5044325e-06 -3.8479888e-01] speed=0.0010 ang_speed=0.0024 ang_vel_vec=[0.00044738 0.00167262 0.00161217] |com_force|=0.0000N
### kotek_magnet[tick=6660] sensor3: d=0.5470m in_range=False f_mag=0.000N tau_mag=0.0000Nm misalign_deg=90.0 pos=[-0.10910758 -0.1091461   0.49140108] bottom_world=[-0.10910752 -0.10914597  0.47140108] quat=[-3.8058361e-01 -2.5278691e-06 -2.3195535e-06  9.2474645e-01] speed=0.0005 ang_speed=0.0022 ang_vel_vec=[-0.00095287  0.00188061 -0.00055434] |com_force|=0.0000N
### kotek_magnet[tick=6660] sensor4: d=0.5249m in_range=False f_mag=0.000N tau_mag=0.0000Nm misalign_deg=90.0 pos=[-0.10900024  0.10899849  0.49140233] bottom_world=[-0.10900014  0.1089988   0.47140233] quat=[ 3.8268298e-01  5.6917497e-07 -8.0665213e-06  9.2387974e-01] speed=0.0009 ang_speed=0.0020 ang_vel_vec=[-0.00035016 -0.00131916  0.00151394] |com_force|=0.0000N
### kotek_magnet[tick=6720] sensor1: d=0.4082m in_range=False f_mag=0.000N tau_mag=0.0000Nm misalign_deg=90.0 pos=[0.1088026  0.10900906 0.49140233] bottom_world=[0.1088028  0.10900908 0.47140233] quat=[ 9.2484200e-01 -1.5076459e-06 -4.7514054e-06  3.8035166e-01] speed=0.0010 ang_speed=0.0025 ang_vel_vec=[-2.0241973e-03 -6.1856867e-05  1.3872160e-03] |com_force|=0.0000N
### kotek_magnet[tick=6720] sensor2: d=0.3208m in_range=False f_mag=0.000N tau_mag=0.0000Nm misalign_deg=90.0 pos=[ 0.1090245  -0.10904568  0.49140108] bottom_world=[ 0.1090244  -0.10904576  0.47140108] quat=[ 9.2300051e-01 -2.9831092e-06  1.5351573e-06 -3.8479900e-01] speed=0.0010 ang_speed=0.0021 ang_vel_vec=[0.00055286 0.00151403 0.00138508] |com_force|=0.0000N
### kotek_magnet[tick=6720] sensor3: d=0.5470m in_range=False f_mag=0.000N tau_mag=0.0000Nm misalign_deg=90.0 pos=[-0.10910816 -0.10914582  0.49140108] bottom_world=[-0.10910791 -0.10914593  0.47140108] quat=[-3.8058412e-01 -4.8798756e-06  5.0240983e-06  9.2474639e-01] speed=0.0010 ang_speed=0.0027 ang_vel_vec=[ 0.00201819  0.00156704 -0.00084275] |com_force|=0.0000N
### kotek_magnet[tick=6720] sensor4: d=0.5249m in_range=False f_mag=0.000N tau_mag=0.0000Nm misalign_deg=90.0 pos=[-0.10900025  0.10899847  0.49140242] bottom_world=[-0.10900014  0.10899879  0.47140242] quat=[ 3.826831e-01  3.956969e-07 -8.371816e-06  9.238798e-01] speed=0.0009 ang_speed=0.0016 ang_vel_vec=[-0.00040935 -0.00095147  0.00128013] |com_force|=0.0000N
### still playing, 1279s left
### kotek_magnet[tick=6780] sensor1: d=0.4082m in_range=False f_mag=0.000N tau_mag=0.0000Nm misalign_deg=90.0 pos=[0.10880262 0.10900934 0.49140227] bottom_world=[0.10880283 0.10900926 0.47140227] quat=[ 9.2484188e-01 -3.9163583e-06 -4.1411849e-06  3.8035190e-01] speed=0.0009 ang_speed=0.0029 ang_vel_vec=[ 0.00284225 -0.00025699  0.00051933] |com_force|=0.0000N
### kotek_magnet[tick=6780] sensor2: d=0.3208m in_range=False f_mag=0.000N tau_mag=0.0000Nm misalign_deg=90.0 pos=[ 0.10902475 -0.1090456   0.49140105] bottom_world=[ 0.10902454 -0.10904572  0.47140105] quat=[ 9.2300063e-01 -4.6216051e-06  3.7206519e-06 -3.8479871e-01] speed=0.0010 ang_speed=0.0030 ang_vel_vec=[-0.00037387 -0.00288875  0.00050629] |com_force|=0.0000N
### kotek_magnet[tick=6780] sensor3: d=0.5470m in_range=False f_mag=0.000N tau_mag=0.0000Nm misalign_deg=90.0 pos=[-0.10910751 -0.10914608  0.4914011 ] bottom_world=[-0.10910746 -0.10914595  0.47140111] quat=[-3.8058388e-01 -2.5256904e-06 -2.5910749e-06  9.2474645e-01] speed=0.0004 ang_speed=0.0028 ang_vel_vec=[-0.00126482  0.00224004 -0.00097744] |com_force|=0.0000N
### kotek_magnet[tick=6780] sensor4: d=0.5249m in_range=False f_mag=0.000N tau_mag=0.0000Nm misalign_deg=90.0 pos=[-0.10900038  0.10899873  0.49140233] bottom_world=[-0.10900023  0.10899902  0.47140233] quat=[ 3.8268274e-01 -6.8349175e-07 -8.2079205e-06  9.2387986e-01] speed=0.0006 ang_speed=0.0046 ang_vel_vec=[-0.00163972  0.00424038  0.00020392] |com_force|=0.0000N
### kotek_magnet[tick=6840] sensor1: d=0.4082m in_range=False f_mag=0.000N tau_mag=0.0000Nm misalign_deg=90.0 pos=[0.10880263 0.10900906 0.49140224] bottom_world=[0.10880281 0.10900909 0.47140224] quat=[ 9.2484206e-01 -9.4175800e-07 -4.4874064e-06  3.8035166e-01] speed=0.0009 ang_speed=0.0026 ang_vel_vec=[-0.00211458 -0.00034133  0.00149232] |com_force|=0.0000N
### kotek_magnet[tick=6840] sensor2: d=0.3208m in_range=False f_mag=0.000N tau_mag=0.0000Nm misalign_deg=90.0 pos=[ 0.10902466 -0.10904649  0.49140096] bottom_world=[ 0.10902461 -0.1090464   0.47140096] quat=[ 9.2300075e-01  1.5556521e-06  1.9534923e-06 -3.8479829e-01] speed=0.0001 ang_speed=0.0012 ang_vel_vec=[ 0.00044263 -0.00108956 -0.00033566] |com_force|=0.0000N
### kotek_magnet[tick=6840] sensor3: d=0.5470m in_range=False f_mag=0.000N tau_mag=0.0000Nm misalign_deg=90.0 pos=[-0.10910724 -0.10914588  0.4914011 ] bottom_world=[-0.10910721 -0.10914583  0.47140111] quat=[-3.8058367e-01 -1.2013775e-06 -8.9383605e-07  9.2474657e-01] speed=0.0002 ang_speed=0.0029 ang_vel_vec=[0.00249683 0.0015331  0.00028635] |com_force|=0.0000N
### kotek_magnet[tick=6840] sensor4: d=0.5249m in_range=False f_mag=0.000N tau_mag=0.0000Nm misalign_deg=90.0 pos=[-0.10900019  0.10899851  0.49140227] bottom_world=[-0.1090001   0.10899881  0.47140227] quat=[ 3.8268307e-01  6.4061385e-07 -7.8054627e-06  9.2387980e-01] speed=0.0009 ang_speed=0.0016 ang_vel_vec=[-0.0004002  -0.00079335  0.00138378] |com_force|=0.0000N
### kotek_magnet[tick=6900] sensor1: d=0.4082m in_range=False f_mag=0.000N tau_mag=0.0000Nm misalign_deg=90.0 pos=[0.10880265 0.10900906 0.49140224] bottom_world=[0.10880282 0.10900911 0.47140224] quat=[ 9.2484200e-01 -6.3328787e-07 -4.3747436e-06  3.8035157e-01] speed=0.0009 ang_speed=0.0028 ang_vel_vec=[-0.0021552  -0.00057583  0.00163362] |com_force|=0.0000N
### kotek_magnet[tick=6900] sensor2: d=0.3208m in_range=False f_mag=0.000N tau_mag=0.0000Nm misalign_deg=90.0 pos=[ 0.10902439 -0.10904735  0.49140102] bottom_world=[ 0.10902461 -0.10904699  0.47140102] quat=[ 9.2300093e-01  1.0494594e-05 -1.5701196e-06 -3.8479793e-01] speed=0.0009 ang_speed=0.0022 ang_vel_vec=[-0.00122011  0.0016595  -0.00065489] |com_force|=0.0000N
### kotek_magnet[tick=6900] sensor3: d=0.5470m in_range=False f_mag=0.000N tau_mag=0.0000Nm misalign_deg=90.0 pos=[-0.10910671 -0.10914607  0.4914011 ] bottom_world=[-0.10910689 -0.10914581  0.47140111] quat=[-3.8058326e-01  1.7046525e-06 -7.7164750e-06  9.2474669e-01] speed=0.0006 ang_speed=0.0043 ang_vel_vec=[-0.00386596 -0.00177104  0.00065849] |com_force|=0.0000N
### kotek_magnet[tick=6900] sensor4: d=0.5249m in_range=False f_mag=0.000N tau_mag=0.0000Nm misalign_deg=90.0 pos=[-0.10900036  0.10899877  0.49140236] bottom_world=[-0.1090002   0.10899905  0.47140236] quat=[ 3.8268268e-01 -8.1849470e-07 -7.9298788e-06  9.2387980e-01] speed=0.0005 ang_speed=0.0042 ang_vel_vec=[-0.00123783  0.00400551  0.00064297] |com_force|=0.0000N
### kotek_magnet[tick=6960] sensor1: d=0.4082m in_range=False f_mag=0.000N tau_mag=0.0000Nm misalign_deg=90.0 pos=[0.10880265 0.10900906 0.49140224] bottom_world=[0.10880283 0.1090091  0.47140224] quat=[ 9.2484200e-01 -7.0111452e-07 -4.3580549e-06  3.8035154e-01] speed=0.0009 ang_speed=0.0028 ang_vel_vec=[-0.00224034 -0.00057205  0.00162233] |com_force|=0.0000N
### kotek_magnet[tick=6960] sensor2: d=0.3208m in_range=False f_mag=0.000N tau_mag=0.0000Nm misalign_deg=90.0 pos=[ 0.10902467 -0.10904671  0.49140108] bottom_world=[ 0.10902466 -0.10904655  0.47140108] quat=[ 9.2300081e-01  3.5480182e-06  1.8827362e-06 -3.8479811e-01] speed=0.0004 ang_speed=0.0022 ang_vel_vec=[-0.00187959 -0.00087079 -0.00060319] |com_force|=0.0000N
### kotek_magnet[tick=6960] sensor3: d=0.5470m in_range=False f_mag=0.000N tau_mag=0.0000Nm misalign_deg=90.0 pos=[-0.10910673 -0.10914605  0.49140108] bottom_world=[-0.1091069  -0.1091458   0.47140108] quat=[-3.8058329e-01  1.5790716e-06 -7.5356402e-06  9.2474669e-01] speed=0.0006 ang_speed=0.0041 ang_vel_vec=[-0.00377874 -0.00151213  0.00067021] |com_force|=0.0000N
### kotek_magnet[tick=6960] sensor4: d=0.5249m in_range=False f_mag=0.000N tau_mag=0.0000Nm misalign_deg=90.0 pos=[-0.10900019  0.10899852  0.4914023 ] bottom_world=[-0.1090001   0.10899882  0.4714023 ] quat=[ 3.8268307e-01  6.7059005e-07 -7.6609158e-06  9.2387974e-01] speed=0.0009 ang_speed=0.0018 ang_vel_vec=[-0.00027951 -0.00094904  0.00150823] |com_force|=0.0000N
### kotek_magnet[tick=7020] sensor1: d=0.4082m in_range=False f_mag=0.000N tau_mag=0.0000Nm misalign_deg=90.0 pos=[0.1088026 0.1090091 0.4914023] bottom_world=[0.10880277 0.10900914 0.4714023 ] quat=[ 9.2484194e-01 -6.0295633e-07 -4.2748547e-06  3.8035163e-01] speed=0.0009 ang_speed=0.0027 ang_vel_vec=[-0.00218031 -0.00074868  0.00142642] |com_force|=0.0000N
### kotek_magnet[tick=7020] sensor2: d=0.3208m in_range=False f_mag=0.000N tau_mag=0.0000Nm misalign_deg=90.0 pos=[ 0.10902467 -0.10904668  0.49140108] bottom_world=[ 0.10902467 -0.10904651  0.47140108] quat=[ 9.2300081e-01  3.7345937e-06  1.7712915e-06 -3.8479811e-01] speed=0.0004 ang_speed=0.0026 ang_vel_vec=[-0.00246872 -0.0001033  -0.00083245] |com_force|=0.0000N
### kotek_magnet[tick=7020] sensor3: d=0.5470m in_range=False f_mag=0.000N tau_mag=0.0000Nm misalign_deg=90.0 pos=[-0.10910669 -0.10914601  0.49140105] bottom_world=[-0.10910686 -0.10914576  0.47140105] quat=[-3.8058326e-01  1.6918593e-06 -7.3598312e-06  9.2474663e-01] speed=0.0006 ang_speed=0.0044 ang_vel_vec=[-0.00397017 -0.00190458  0.00043763] |com_force|=0.0000N
### kotek_magnet[tick=7020] sensor4: d=0.5249m in_range=False f_mag=0.000N tau_mag=0.0000Nm misalign_deg=90.0 pos=[-0.10900018  0.10899855  0.49140236] bottom_world=[-0.1090001   0.10899884  0.47140236] quat=[ 3.8268316e-01  6.9621046e-07 -7.4544505e-06  9.2387974e-01] speed=0.0009 ang_speed=0.0015 ang_vel_vec=[-0.00019136 -0.00072505  0.00132488] |com_force|=0.0000N
### kotek_magnet[tick=7080] sensor1: d=0.4082m in_range=False f_mag=0.000N tau_mag=0.0000Nm misalign_deg=90.0 pos=[0.10880264 0.10900909 0.49140227] bottom_world=[0.10880281 0.10900913 0.47140227] quat=[ 9.2484200e-01 -6.1832014e-07 -4.3202663e-06  3.8035169e-01] speed=0.0009 ang_speed=0.0025 ang_vel_vec=[-0.0020062 -0.0006277  0.0013715] |com_force|=0.0000N
### kotek_magnet[tick=7080] sensor2: d=0.3208m in_range=False f_mag=0.000N tau_mag=0.0000Nm misalign_deg=90.0 pos=[ 0.10902467 -0.10904668  0.49140108] bottom_world=[ 0.10902466 -0.10904652  0.47140108] quat=[ 9.2300081e-01  3.5754845e-06  1.9628831e-06 -3.8479811e-01] speed=0.0004 ang_speed=0.0024 ang_vel_vec=[-0.00202869 -0.00089729 -0.00085115] |com_force|=0.0000N
### kotek_magnet[tick=7080] sensor3: d=0.5470m in_range=False f_mag=0.000N tau_mag=0.0000Nm misalign_deg=90.0 pos=[-0.10910641 -0.10914609  0.49140114] bottom_world=[-0.10910662 -0.10914578  0.47140114] quat=[-3.8058305e-01  2.0096345e-06 -9.0684352e-06  9.2474675e-01] speed=0.0009 ang_speed=0.0025 ang_vel_vec=[-0.00230151  0.00063782  0.00067048] |com_force|=0.0000N
### kotek_magnet[tick=7080] sensor4: d=0.5249m in_range=False f_mag=0.000N tau_mag=0.0000Nm misalign_deg=90.0 pos=[-0.10900019  0.10899854  0.49140218] bottom_world=[-0.1090001   0.10899883  0.47140218] quat=[ 3.826831e-01  7.408815e-07 -7.514220e-06  9.238798e-01] speed=0.0009 ang_speed=0.0014 ang_vel_vec=[-0.00025283 -0.00061469  0.00127058] |com_force|=0.0000N
### kotek_magnet[tick=7140] sensor1: d=0.4082m in_range=False f_mag=0.000N tau_mag=0.0000Nm misalign_deg=90.0 pos=[0.10880262 0.10900906 0.49140227] bottom_world=[0.10880279 0.1090091  0.47140227] quat=[ 9.2484200e-01 -6.4097765e-07 -4.3443333e-06  3.8035160e-01] speed=0.0009 ang_speed=0.0028 ang_vel_vec=[-0.00226365 -0.00068231  0.00155903] |com_force|=0.0000N
### kotek_magnet[tick=7140] sensor2: d=0.3208m in_range=False f_mag=0.000N tau_mag=0.0000Nm misalign_deg=90.0 pos=[ 0.10902473 -0.10904558  0.4914011 ] bottom_world=[ 0.10902454 -0.10904569  0.47140111] quat=[ 9.2300051e-01 -4.3885138e-06  3.5206165e-06 -3.8479882e-01] speed=0.0010 ang_speed=0.0026 ang_vel_vec=[-0.00060497 -0.00243584  0.00080866] |com_force|=0.0000N
### kotek_magnet[tick=7140] sensor3: d=0.5470m in_range=False f_mag=0.000N tau_mag=0.0000Nm misalign_deg=90.0 pos=[-0.10910644 -0.10914586  0.49140105] bottom_world=[-0.10910664 -0.10914567  0.47140105] quat=[-3.8058305e-01  2.5612194e-06 -6.3833259e-06  9.2474681e-01] speed=0.0010 ang_speed=0.0029 ang_vel_vec=[0.00240855 0.00011022 0.00156302] |com_force|=0.0000N
### kotek_magnet[tick=7140] sensor4: d=0.5249m in_range=False f_mag=0.000N tau_mag=0.0000Nm misalign_deg=90.0 pos=[-0.10900009  0.10900021  0.49140227] bottom_world=[-0.10900029  0.10900008  0.47140227] quat=[3.8268211e-01 3.4067950e-06 4.9522514e-06 9.2388016e-01] speed=0.0011 ang_speed=0.0009 ang_vel_vec=[ 0.00044088 -0.00035323 -0.00071588] |com_force|=0.0000N
### kotek_magnet[tick=7200] sensor1: d=0.4082m in_range=False f_mag=0.000N tau_mag=0.0000Nm misalign_deg=90.0 pos=[0.10880262 0.10900906 0.4914023 ] bottom_world=[0.10880278 0.1090091  0.4714023 ] quat=[ 9.2484194e-01 -5.3520415e-07 -4.2596798e-06  3.8035157e-01] speed=0.0009 ang_speed=0.0027 ang_vel_vec=[-0.00213401 -0.00070704  0.00149072] |com_force|=0.0000N
### kotek_magnet[tick=7200] sensor2: d=0.3208m in_range=False f_mag=0.000N tau_mag=0.0000Nm misalign_deg=90.0 pos=[ 0.10902469 -0.10904589  0.49140108] bottom_world=[ 0.10902455 -0.10904596  0.47140108] quat=[ 9.2300057e-01 -2.9604269e-06  2.6526354e-06 -3.8479856e-01] speed=0.0007 ang_speed=0.0042 ang_vel_vec=[ 0.00171543 -0.00378011  0.00052762] |com_force|=0.0000N
### kotek_magnet[tick=7200] sensor3: d=0.5470m in_range=False f_mag=0.000N tau_mag=0.0000Nm misalign_deg=90.0 pos=[-0.1091067  -0.10914607  0.4914011 ] bottom_world=[-0.10910688 -0.10914583  0.47140111] quat=[-3.8058326e-01  1.6797775e-06 -7.3916540e-06  9.2474663e-01] speed=0.0006 ang_speed=0.0043 ang_vel_vec=[-0.00384759 -0.00187571  0.00054813] |com_force|=0.0000N
### kotek_magnet[tick=7200] sensor4: d=0.5249m in_range=False f_mag=0.000N tau_mag=0.0000Nm misalign_deg=90.0 pos=[-0.10900037  0.10899954  0.49140224] bottom_world=[-0.10900036  0.1089996   0.47140224] quat=[ 3.8268211e-01  3.0071897e-07 -1.3531202e-06  9.2388004e-01] speed=0.0006 ang_speed=0.0019 ang_vel_vec=[ 0.00139605  0.00110361 -0.00074514] |com_force|=0.0000N
### kotek_magnet[tick=7260] sensor1: d=0.4083m in_range=False f_mag=0.000N tau_mag=0.0000Nm misalign_deg=91.0 pos=[0.10918631 0.1087133  0.49177903] bottom_world=[0.10884002 0.10902177 0.47178441] quat=[0.9246134  0.01042791 0.00506918 0.38073042] speed=0.0691 ang_speed=2.4284 ang_vel_vec=[ 1.76797    1.1605889 -1.1934366] |com_force|=0.0000N
### kotek_magnet[tick=7260] sensor2: d=0.3208m in_range=False f_mag=0.000N tau_mag=0.0000Nm misalign_deg=90.0 pos=[ 0.10902461 -0.10904653  0.49140108] bottom_world=[ 0.10902458 -0.10904643  0.47140108] quat=[ 9.2300075e-01  1.8239811e-06  1.7433922e-06 -3.8479823e-01] speed=0.0001 ang_speed=0.0024 ang_vel_vec=[ 0.00107815 -0.00212299 -0.00043575] |com_force|=0.0000N
### kotek_magnet[tick=7260] sensor3: d=0.5470m in_range=False f_mag=0.000N tau_mag=0.0000Nm misalign_deg=90.0 pos=[-0.10910644 -0.10914608  0.49140105] bottom_world=[-0.10910664 -0.10914579  0.47140105] quat=[-3.8058308e-01  1.9928978e-06 -8.8097895e-06  9.2474681e-01] speed=0.0009 ang_speed=0.0022 ang_vel_vec=[-0.00194447  0.00078059  0.00069317] |com_force|=0.0000N
### kotek_magnet[tick=7260] sensor4: d=0.5249m in_range=False f_mag=0.000N tau_mag=0.0000Nm misalign_deg=90.0 pos=[-0.10900008  0.10900026  0.49140227] bottom_world=[-0.1090003   0.10900011  0.47140227] quat=[3.8268211e-01 3.7330985e-06 5.4865272e-06 9.2388010e-01] speed=0.0011 ang_speed=0.0014 ang_vel_vec=[ 0.00075665 -0.00073083 -0.00089801] |com_force|=0.0000N
### kotek_magnet[tick=7320] sensor1: d=0.4105m in_range=False f_mag=0.000N tau_mag=0.0000Nm misalign_deg=104.0 pos=[0.11608082 0.10494892 0.49326193] bottom_world=[0.11122932 0.11329607 0.47574657] quat=[0.9023819  0.24624278 0.03847541 0.35155526] speed=0.4726 ang_speed=2.5281 ang_vel_vec=[-1.7790796 -1.3156494  1.2227955] |com_force|=0.0000N
### kotek_magnet[tick=7320] sensor2: d=0.3208m in_range=False f_mag=0.000N tau_mag=0.0000Nm misalign_deg=90.0 pos=[ 0.10902426 -0.10904571  0.49140123] bottom_world=[ 0.10902408 -0.10904589  0.47140123] quat=[ 9.2300057e-01 -5.8082924e-06  2.4533867e-06 -3.8479882e-01] speed=0.0012 ang_speed=0.0038 ang_vel_vec=[0.00362434 0.00035034 0.0011202 ] |com_force|=0.0000N
### kotek_magnet[tick=7320] sensor3: d=0.5470m in_range=False f_mag=0.000N tau_mag=0.0000Nm misalign_deg=90.0 pos=[-0.10910845 -0.10914578  0.49140105] bottom_world=[-0.10910817 -0.10914589  0.47140105] quat=[-3.8058406e-01 -5.2885066e-06  5.1395932e-06  9.2474633e-01] speed=0.0013 ang_speed=0.0013 ang_vel_vec=[-0.00061256 -0.00050468 -0.0010402 ] |com_force|=0.0000N
### kotek_magnet[tick=7320] sensor4: d=0.5249m in_range=False f_mag=0.000N tau_mag=0.0000Nm misalign_deg=90.0 pos=[-0.10900011  0.10900026  0.4914021 ] bottom_world=[-0.10900043  0.10900011  0.47140209] quat=[3.8268226e-01 5.9957620e-06 6.4872338e-06 9.2388010e-01] speed=0.0011 ang_speed=0.0114 ang_vel_vec=[ 0.00456334 -0.01039868 -0.00042054] |com_force|=0.0000N
### kotek_magnet[tick=7380] sensor1: d=0.4194m in_range=False f_mag=0.000N tau_mag=0.0000Nm misalign_deg=108.3 pos=[0.12538545 0.11438865 0.4968916 ] bottom_world=[0.11909748 0.13010438 0.48623901] quat=[0.85960543 0.47467577 0.09147935 0.16550884] speed=0.1006 ang_speed=2.0495 ang_vel_vec=[1.3364347  0.33935642 1.5163529 ] |com_force|=0.0000N
### kotek_magnet[tick=7380] sensor2: d=0.3208m in_range=False f_mag=0.000N tau_mag=0.0000Nm misalign_deg=90.0 pos=[ 0.10902466 -0.10904671  0.49140108] bottom_world=[ 0.10902464 -0.10904655  0.47140108] quat=[ 9.2300081e-01  3.4082955e-06  2.0238620e-06 -3.8479814e-01] speed=0.0004 ang_speed=0.0021 ang_vel_vec=[-0.00180472 -0.00090628 -0.00065026] |com_force|=0.0000N
### kotek_magnet[tick=7380] sensor3: d=0.5470m in_range=False f_mag=0.000N tau_mag=0.0000Nm misalign_deg=90.0 pos=[-0.10910822 -0.10914576  0.49140114] bottom_world=[-0.10910795 -0.10914588  0.47140114] quat=[-3.8058403e-01 -5.0199951e-06  5.3090871e-06  9.2474633e-01] speed=0.0010 ang_speed=0.0021 ang_vel_vec=[ 0.00155611  0.00120423 -0.00072358] |com_force|=0.0000N
### kotek_magnet[tick=7380] sensor4: d=0.5249m in_range=False f_mag=0.000N tau_mag=0.0000Nm misalign_deg=90.0 pos=[-0.10900009  0.1090002   0.49140227] bottom_world=[-0.1090003   0.10900006  0.47140227] quat=[3.8268211e-01 3.5606051e-06 5.1675288e-06 9.2388016e-01] speed=0.0011 ang_speed=0.0015 ang_vel_vec=[ 0.00096353 -0.0009123  -0.00069247] |com_force|=0.0000N
### kotek_magnet[tick=7440] sensor1: d=0.4182m in_range=False f_mag=0.000N tau_mag=0.0000Nm misalign_deg=110.4 pos=[0.1266099  0.11265697 0.49703783] bottom_world=[0.11965317 0.12843164 0.48690059] quat=[0.85066926 0.48510754 0.10601747 0.17260617] speed=0.1608 ang_speed=4.8445 ang_vel_vec=[-3.4598863 -1.5462652 -3.0178492] |com_force|=0.0000N
### kotek_magnet[tick=7440] sensor2: d=0.3208m in_range=False f_mag=0.000N tau_mag=0.0000Nm misalign_deg=90.0 pos=[ 0.10902468 -0.10904668  0.49140117] bottom_world=[ 0.10902467 -0.10904652  0.47140117] quat=[ 9.2300081e-01  3.4262760e-06  1.8230580e-06 -3.8479814e-01] speed=0.0004 ang_speed=0.0026 ang_vel_vec=[-0.0024551  -0.00021013 -0.00076797] |com_force|=0.0000N
### kotek_magnet[tick=7440] sensor3: d=0.5470m in_range=False f_mag=0.000N tau_mag=0.0000Nm misalign_deg=90.0 pos=[-0.10910729 -0.10914606  0.49140102] bottom_world=[-0.10910732 -0.10914591  0.47140102] quat=[-3.8058358e-01 -7.4226205e-07 -3.7759355e-06  9.2474651e-01] speed=0.0001 ang_speed=0.0031 ang_vel_vec=[-0.00219423 -0.00220361 -0.0004368 ] |com_force|=0.0000N
### kotek_magnet[tick=7440] sensor4: d=0.5249m in_range=False f_mag=0.000N tau_mag=0.0000Nm misalign_deg=90.0 pos=[-0.10900009  0.10900025  0.49140233] bottom_world=[-0.10900029  0.10900012  0.47140233] quat=[3.8268220e-01 3.3917850e-06 5.0415774e-06 9.2388016e-01] speed=0.0011 ang_speed=0.0011 ang_vel_vec=[-0.00065296  0.00011174 -0.00082136] |com_force|=0.0000N
### kotek_magnet[tick=7500] sensor1: d=0.4180m in_range=False f_mag=0.000N tau_mag=0.0000Nm misalign_deg=111.1 pos=[0.1270719  0.11249734 0.49724442] bottom_world=[0.11988532 0.12829323 0.48730244] quat=[0.8478128  0.48867124 0.11247674 0.17251964] speed=0.2127 ang_speed=3.6223 ang_vel_vec=[-1.4831425  2.833462  -1.700909 ] |com_force|=0.0000N
### kotek_magnet[tick=7500] sensor2: d=0.3208m in_range=False f_mag=0.000N tau_mag=0.0000Nm misalign_deg=90.0 pos=[ 0.10902469 -0.10904586  0.49140114] bottom_world=[ 0.10902455 -0.10904593  0.47140114] quat=[ 9.2300063e-01 -3.0159886e-06  2.6024729e-06 -3.8479856e-01] speed=0.0007 ang_speed=0.0045 ang_vel_vec=[ 0.00188554 -0.00404321  0.00044189] |com_force|=0.0000N
### kotek_magnet[tick=7500] sensor3: d=0.5470m in_range=False f_mag=0.000N tau_mag=0.0000Nm misalign_deg=90.0 pos=[-0.1091067  -0.10914601  0.4914011 ] bottom_world=[-0.10910688 -0.10914576  0.47140111] quat=[-3.8058323e-01  1.7549314e-06 -7.4450936e-06  9.2474663e-01] speed=0.0006 ang_speed=0.0050 ang_vel_vec=[-0.00440925 -0.00235604  0.00043211] |com_force|=0.0000N
### kotek_magnet[tick=7500] sensor4: d=0.5249m in_range=False f_mag=0.000N tau_mag=0.0000Nm misalign_deg=90.0 pos=[-0.10900012  0.10900024  0.49140224] bottom_world=[-0.10900031  0.1090001   0.47140224] quat=[3.8268206e-01 3.2681739e-06 4.9167561e-06 9.2388010e-01] speed=0.0010 ang_speed=0.0011 ang_vel_vec=[ 0.00041335 -0.00064613 -0.00085348] |com_force|=0.0000N
### kotek_magnet[tick=7560] sensor1: d=0.4202m in_range=False f_mag=0.000N tau_mag=0.0000Nm misalign_deg=103.7 pos=[0.13110648 0.11393078 0.51066536] bottom_world=[0.12636822 0.13086027 0.50112905] quat=[0.8500422  0.507411   0.06423613 0.12584104] speed=0.2224 ang_speed=10.1850 ang_vel_vec=[ 6.225507   8.011879  -0.8870404] |com_force|=0.0000N
### kotek_magnet[tick=7560] sensor2: d=0.3208m in_range=False f_mag=0.000N tau_mag=0.0000Nm misalign_deg=90.0 pos=[ 0.10902445 -0.10904558  0.4914011 ] bottom_world=[ 0.10902436 -0.10904567  0.47140111] quat=[ 9.2300034e-01 -2.9764710e-06  1.1664359e-06 -3.8479906e-01] speed=0.0011 ang_speed=0.0038 ang_vel_vec=[-0.00073567  0.00345767  0.00139489] |com_force|=0.0000N
### kotek_magnet[tick=7560] sensor3: d=0.5470m in_range=False f_mag=0.000N tau_mag=0.0000Nm misalign_deg=90.0 pos=[-0.10910647 -0.10914581  0.4914011 ] bottom_world=[-0.10910665 -0.10914562  0.47140111] quat=[-3.8058290e-01  2.5687657e-06 -6.0986777e-06  9.2474687e-01] speed=0.0010 ang_speed=0.0035 ang_vel_vec=[0.00318154 0.00051903 0.00142514] |com_force|=0.0000N
### kotek_magnet[tick=7560] sensor4: d=0.5249m in_range=False f_mag=0.000N tau_mag=0.0000Nm misalign_deg=90.0 pos=[-0.10900011  0.10900029  0.49140215] bottom_world=[-0.10900031  0.10900016  0.47140215] quat=[3.8268220e-01 3.4219211e-06 4.8110455e-06 9.2388016e-01] speed=0.0011 ang_speed=0.0009 ang_vel_vec=[-0.00013475  0.00027717 -0.00079827] |com_force|=0.0000N
### kotek_magnet[tick=7620] sensor1: d=0.4294m in_range=False f_mag=0.000N tau_mag=0.0000Nm misalign_deg=102.8 pos=[0.1314776  0.11560995 0.5323234 ] bottom_world=[0.12703585 0.13274673 0.52301742] quat=[0.8479837  0.5135195  0.06039716 0.1165056 ] speed=0.1653 ang_speed=5.7786 ang_vel_vec=[ 3.1456356  -0.45664087  4.82578   ] |com_force|=0.0000N
### kotek_magnet[tick=7620] sensor2: d=0.3208m in_range=False f_mag=0.000N tau_mag=0.0000Nm misalign_deg=90.0 pos=[ 0.10902442 -0.10904644  0.4914011 ] bottom_world=[ 0.10902449 -0.1090463   0.47140111] quat=[ 9.2300063e-01  3.7725410e-06 -3.9123918e-07 -3.8479844e-01] speed=0.0002 ang_speed=0.0059 ang_vel_vec=[-0.00297685  0.00505984  0.00026371] |com_force|=0.0000N
### kotek_magnet[tick=7620] sensor3: d=0.5470m in_range=False f_mag=0.000N tau_mag=0.0000Nm misalign_deg=90.0 pos=[-0.10910821 -0.10914575  0.4914012 ] bottom_world=[-0.10910793 -0.10914588  0.4714012 ] quat=[-3.8058406e-01 -5.1046836e-06  5.7206648e-06  9.2474645e-01] speed=0.0010 ang_speed=0.0027 ang_vel_vec=[ 0.0019497   0.00169152 -0.00093963] |com_force|=0.0000N
### kotek_magnet[tick=7620] sensor4: d=0.5249m in_range=False f_mag=0.000N tau_mag=0.0000Nm misalign_deg=90.0 pos=[-0.10900011  0.10900024  0.49140224] bottom_world=[-0.10900032  0.1090001   0.47140224] quat=[3.8268206e-01 3.5376866e-06 5.1157836e-06 9.2388016e-01] speed=0.0011 ang_speed=0.0012 ang_vel_vec=[ 0.00055108 -0.00063522 -0.00091333] |com_force|=0.0000N
### kotek_magnet[tick=7680] sensor1: d=0.4394m in_range=False f_mag=0.000N tau_mag=0.0000Nm misalign_deg=102.7 pos=[0.13182208 0.11572721 0.55611485] bottom_world=[0.12742396 0.13288922 0.54683466] quat=[0.84775543 0.5142282  0.05970448 0.11539273] speed=0.1656 ang_speed=5.8387 ang_vel_vec=[ 3.4561005  -0.12946156  4.704194  ] |com_force|=0.0000N
### kotek_magnet[tick=7680] sensor2: d=0.3208m in_range=False f_mag=0.000N tau_mag=0.0000Nm misalign_deg=90.0 pos=[ 0.10902467 -0.10904644  0.49140105] bottom_world=[ 0.10902464 -0.10904635  0.47140105] quat=[ 9.2300075e-01  1.7240604e-06  1.5736898e-06 -3.8479835e-01] speed=0.0002 ang_speed=0.0006 ang_vel_vec=[ 0.00014054 -0.00020684 -0.00049625] |com_force|=0.0000N
### kotek_magnet[tick=7680] sensor3: d=0.5470m in_range=False f_mag=0.000N tau_mag=0.0000Nm misalign_deg=90.0 pos=[-0.1091082  -0.10914572  0.49140108] bottom_world=[-0.10910793 -0.10914587  0.47140108] quat=[-3.8058412e-01 -4.9614796e-06  5.8973906e-06  9.2474633e-01] speed=0.0010 ang_speed=0.0028 ang_vel_vec=[ 0.00206116  0.00164438 -0.00093803] |com_force|=0.0000N
### kotek_magnet[tick=7680] sensor4: d=0.5249m in_range=False f_mag=0.000N tau_mag=0.0000Nm misalign_deg=90.0 pos=[-0.10900007  0.10900027  0.49140227] bottom_world=[-0.10900029  0.10900012  0.47140227] quat=[3.8268209e-01 3.6218050e-06 5.4784027e-06 9.2388010e-01] speed=0.0011 ang_speed=0.0015 ang_vel_vec=[ 0.00079456 -0.00087008 -0.00093188] |com_force|=0.0000N
### kotek_magnet[tick=7740] sensor1: d=0.4508m in_range=False f_mag=0.000N tau_mag=0.0000Nm misalign_deg=102.5 pos=[0.13215071 0.11584128 0.5807087 ] bottom_world=[0.12780863 0.13302512 0.5714425 ] quat=[0.8476711  0.51470226 0.05854059 0.11449105] speed=0.1532 ang_speed=5.2082 ang_vel_vec=[3.0552652  0.04112066 4.2176714 ] |com_force|=0.0000N
### kotek_magnet[tick=7740] sensor2: d=0.3208m in_range=False f_mag=0.000N tau_mag=0.0000Nm misalign_deg=90.0 pos=[ 0.10902448 -0.10904562  0.49140105] bottom_world=[ 0.10902439 -0.10904571  0.47140105] quat=[ 9.2300045e-01 -2.8171237e-06  1.3059143e-06 -3.8479903e-01] speed=0.0011 ang_speed=0.0028 ang_vel_vec=[-6.5961067e-05  2.3858477e-03  1.4090673e-03] |com_force|=0.0000N
### kotek_magnet[tick=7740] sensor3: d=0.5470m in_range=False f_mag=0.000N tau_mag=0.0000Nm misalign_deg=90.0 pos=[-0.10910819 -0.10914572  0.49140108] bottom_world=[-0.10910791 -0.10914587  0.47140108] quat=[-3.8058409e-01 -5.0811955e-06  5.9470576e-06  9.2474633e-01] speed=0.0010 ang_speed=0.0028 ang_vel_vec=[ 0.00216858  0.00157632 -0.000864  ] |com_force|=0.0000N
### kotek_magnet[tick=7740] sensor4: d=0.5249m in_range=False f_mag=0.000N tau_mag=0.0000Nm misalign_deg=90.0 pos=[-0.10900006  0.10900025  0.4914022 ] bottom_world=[-0.10900028  0.10900011  0.47140221] quat=[3.8268217e-01 3.6587717e-06 5.3092904e-06 9.2388016e-01] speed=0.0011 ang_speed=0.0015 ang_vel_vec=[ 0.00097747 -0.00081136 -0.00082589] |com_force|=0.0000N
### kotek_magnet[tick=7800] sensor1: d=0.4546m in_range=False f_mag=0.000N tau_mag=0.0000Nm misalign_deg=103.0 pos=[0.13168111 0.11651886 0.58705276] bottom_world=[0.12718888 0.13356967 0.57761402] quat=[0.8499056  0.5100766  0.06207434 0.11674406] speed=0.1120 ang_speed=5.0850 ang_vel_vec=[2.9287853e+00 1.8661246e-03 4.1568708e+00] |com_force|=0.0000N
### kotek_magnet[tick=7800] sensor2: d=0.3208m in_range=False f_mag=0.000N tau_mag=0.0000Nm misalign_deg=90.0 pos=[ 0.10902449 -0.10904562  0.49140114] bottom_world=[ 0.1090244  -0.10904571  0.47140114] quat=[ 9.2300045e-01 -2.7999940e-06  1.3062327e-06 -3.8479885e-01] speed=0.0011 ang_speed=0.0030 ang_vel_vec=[-0.00035522  0.0026367   0.00142179] |com_force|=0.0000N
### kotek_magnet[tick=7800] sensor3: d=0.5470m in_range=False f_mag=0.000N tau_mag=0.0000Nm misalign_deg=90.0 pos=[-0.10910752 -0.10914601  0.49140114] bottom_world=[-0.10910746 -0.10914589  0.47140114] quat=[-3.8058388e-01 -2.6412683e-06 -2.0814996e-06  9.2474639e-01] speed=0.0004 ang_speed=0.0026 ang_vel_vec=[-0.00040815  0.00246784 -0.00077852] |com_force|=0.0000N
### kotek_magnet[tick=7800] sensor4: d=0.5249m in_range=False f_mag=0.000N tau_mag=0.0000Nm misalign_deg=90.0 pos=[-0.1090001   0.10900026  0.49140224] bottom_world=[-0.10900032  0.10900012  0.47140224] quat=[3.8268223e-01 3.7019527e-06 5.2726364e-06 9.2388016e-01] speed=0.0011 ang_speed=0.0011 ang_vel_vec=[ 0.00038229 -0.00057451 -0.00080416] |com_force|=0.0000N
### kotek_magnet[tick=7860] sensor1: d=0.4528m in_range=False f_mag=0.000N tau_mag=0.0000Nm misalign_deg=104.9 pos=[0.13645762 0.11964487 0.5853363 ] bottom_world=[0.13133058 0.13634258 0.57559466] quat=[0.85168815 0.5013951  0.07114312 0.13479269] speed=0.1186 ang_speed=5.1723 ang_vel_vec=[2.8997655  0.17509645 4.27945   ] |com_force|=0.0000N
### kotek_magnet[tick=7860] sensor2: d=0.3208m in_range=False f_mag=0.000N tau_mag=0.0000Nm misalign_deg=90.0 pos=[ 0.1090247  -0.10904557  0.4914011 ] bottom_world=[ 0.10902451 -0.10904568  0.47140111] quat=[ 9.2300051e-01 -4.3902205e-06  3.4858658e-06 -3.8479882e-01] speed=0.0010 ang_speed=0.0028 ang_vel_vec=[-0.00051012 -0.00258247  0.00086552] |com_force|=0.0000N
### kotek_magnet[tick=7860] sensor3: d=0.5470m in_range=False f_mag=0.000N tau_mag=0.0000Nm misalign_deg=90.0 pos=[-0.10910729 -0.109146    0.49140102] bottom_world=[-0.1091073  -0.10914585  0.47140102] quat=[-3.8058355e-01 -1.0826950e-06 -3.5672572e-06  9.2474651e-01] speed=0.0001 ang_speed=0.0013 ang_vel_vec=[-0.00121786 -0.00019478 -0.00025287] |com_force|=0.0000N
### kotek_magnet[tick=7860] sensor4: d=0.5249m in_range=False f_mag=0.000N tau_mag=0.0000Nm misalign_deg=90.0 pos=[-0.10900034  0.10899962  0.4914023 ] bottom_world=[-0.10900033  0.10899967  0.4714023 ] quat=[ 3.8268241e-01  3.9581815e-07 -1.3410860e-06  9.2388004e-01] speed=0.0006 ang_speed=0.0017 ang_vel_vec=[ 0.0013008   0.00079754 -0.00063515] |com_force|=0.0000N
### kotek_magnet[tick=7920] sensor1: d=0.4492m in_range=False f_mag=0.000N tau_mag=0.0000Nm misalign_deg=108.3 pos=[0.14654621 0.12502694 0.58297294] bottom_world=[0.1402572  0.14099331 0.57270049] quat=[0.85319865 0.4852908  0.08764473 0.16989212] speed=0.1169 ang_speed=5.1870 ang_vel_vec=[2.8101177 0.5513885 4.3248653] |com_force|=0.0000N
### kotek_magnet[tick=7920] sensor2: d=0.3208m in_range=False f_mag=0.000N tau_mag=0.0000Nm misalign_deg=90.0 pos=[ 0.10902467 -0.10904588  0.49140102] bottom_world=[ 0.10902453 -0.10904595  0.47140102] quat=[ 9.2300063e-01 -3.0990184e-06  2.6723119e-06 -3.8479859e-01] speed=0.0007 ang_speed=0.0042 ang_vel_vec=[ 0.00167233 -0.00377361  0.00051878] |com_force|=0.0000N
### kotek_magnet[tick=7920] sensor3: d=0.5470m in_range=False f_mag=0.000N tau_mag=0.0000Nm misalign_deg=90.0 pos=[-0.1091067  -0.10914605  0.49140108] bottom_world=[-0.10910688 -0.10914581  0.47140108] quat=[-3.8058335e-01  1.8145379e-06 -7.2985113e-06  9.2474663e-01] speed=0.0007 ang_speed=0.0046 ang_vel_vec=[-0.00404025 -0.0021      0.00053391] |com_force|=0.0000N
### kotek_magnet[tick=7920] sensor4: d=0.5249m in_range=False f_mag=0.000N tau_mag=0.0000Nm misalign_deg=90.0 pos=[-0.10900036  0.10899957  0.49140218] bottom_world=[-0.10900034  0.10899963  0.47140218] quat=[ 3.8268229e-01  2.7017055e-07 -1.5399935e-06  9.2388010e-01] speed=0.0006 ang_speed=0.0019 ang_vel_vec=[ 0.00126058  0.00112174 -0.00076232] |com_force|=0.0000N
### kotek_magnet[tick=7980] sensor1: d=0.4448m in_range=False f_mag=0.000N tau_mag=0.0000Nm misalign_deg=111.7 pos=[0.15684466 0.12964156 0.58042276] bottom_world=[0.14943843 0.14473407 0.5695893 ] quat=[0.8536095  0.46716508 0.10449979 0.20539558] speed=0.1194 ang_speed=5.1745 ang_vel_vec=[2.6646714  0.91625124 4.340012  ] |com_force|=0.0000N
### kotek_magnet[tick=7980] sensor2: d=0.3208m in_range=False f_mag=0.000N tau_mag=0.0000Nm misalign_deg=90.0 pos=[ 0.10902474 -0.10904554  0.49140108] bottom_world=[ 0.10902453 -0.10904566  0.47140108] quat=[ 9.2300051e-01 -4.7110348e-06  3.6599724e-06 -3.8479868e-01] speed=0.0010 ang_speed=0.0027 ang_vel_vec=[-0.0006072  -0.00255383  0.00062473] |com_force|=0.0000N
### kotek_magnet[tick=7980] sensor3: d=0.5470m in_range=False f_mag=0.000N tau_mag=0.0000Nm misalign_deg=90.0 pos=[-0.10910641 -0.10914586  0.4914011 ] bottom_world=[-0.10910662 -0.10914565  0.47140111] quat=[-3.8058284e-01  2.7094943e-06 -6.6996222e-06  9.2474681e-01] speed=0.0011 ang_speed=0.0028 ang_vel_vec=[ 2.4020777e-03 -6.0486491e-05  1.3686438e-03] |com_force|=0.0000N
### kotek_magnet[tick=7980] sensor4: d=0.5249m in_range=False f_mag=0.000N tau_mag=0.0000Nm misalign_deg=90.0 pos=[-0.10900006  0.10900024  0.49140227] bottom_world=[-0.10900027  0.10900011  0.47140227] quat=[3.8268217e-01 3.5051673e-06 5.1732768e-06 9.2388016e-01] speed=0.0011 ang_speed=0.0011 ang_vel_vec=[ 0.00049378 -0.00036498 -0.0008994 ] |com_force|=0.0000N
### kotek_magnet[tick=8040] sensor1: d=0.4399m in_range=False f_mag=0.000N tau_mag=0.0000Nm misalign_deg=115.0 pos=[0.16714394 0.13333292 0.57770145] bottom_world=[0.15870386 0.14742945 0.56629737] quat=[0.8528569  0.44740516 0.12135316 0.24028593] speed=0.1149 ang_speed=5.1155 ang_vel_vec=[2.4590902 1.284401  4.297842 ] |com_force|=0.0000N
### kotek_magnet[tick=8040] sensor2: d=0.3208m in_range=False f_mag=0.000N tau_mag=0.0000Nm misalign_deg=90.0 pos=[ 0.10902467 -0.10904589  0.4914011 ] bottom_world=[ 0.10902453 -0.10904595  0.47140111] quat=[ 9.2300057e-01 -2.9071323e-06  2.5965946e-06 -3.8479865e-01] speed=0.0007 ang_speed=0.0040 ang_vel_vec=[ 0.00160102 -0.003622    0.00060276] |com_force|=0.0000N
### kotek_magnet[tick=8040] sensor3: d=0.5470m in_range=False f_mag=0.000N tau_mag=0.0000Nm misalign_deg=90.0 pos=[-0.10910644 -0.10914607  0.49140108] bottom_world=[-0.10910665 -0.10914576  0.47140108] quat=[-3.8058317e-01  2.0878565e-06 -9.0134381e-06  9.2474681e-01] speed=0.0009 ang_speed=0.0028 ang_vel_vec=[-0.002592    0.00037562  0.00085133] |com_force|=0.0000N
### kotek_magnet[tick=8040] sensor4: d=0.5249m in_range=False f_mag=0.000N tau_mag=0.0000Nm misalign_deg=90.0 pos=[-0.10900036  0.10899962  0.4914022 ] bottom_world=[-0.10900037  0.10899968  0.47140221] quat=[ 3.8268220e-01  6.4093734e-07 -1.1174758e-06  9.2388016e-01] speed=0.0006 ang_speed=0.0016 ang_vel_vec=[ 0.00134752  0.00053965 -0.00068018] |com_force|=0.0000N
### kotek_magnet[tick=8100] sensor1: d=0.4340m in_range=False f_mag=0.000N tau_mag=0.0000Nm misalign_deg=118.0 pos=[0.17761303 0.13601387 0.5747142 ] bottom_world=[0.16822139 0.14898346 0.56273143] quat=[0.8509405  0.42574185 0.13847362 0.2747167 ] speed=0.1185 ang_speed=5.1098 ang_vel_vec=[2.2492971 1.6186414 4.2931023] |com_force|=0.0000N
### kotek_magnet[tick=8100] sensor2: d=0.3208m in_range=False f_mag=0.000N tau_mag=0.0000Nm misalign_deg=90.0 pos=[ 0.1090245  -0.10904559  0.49140117] bottom_world=[ 0.1090244  -0.10904569  0.47140117] quat=[ 9.2300051e-01 -3.0395354e-06  1.3938193e-06 -3.8479891e-01] speed=0.0011 ang_speed=0.0026 ang_vel_vec=[-7.7852193e-05  2.2544083e-03  1.3555563e-03] |com_force|=0.0000N
### kotek_magnet[tick=8100] sensor3: d=0.5470m in_range=False f_mag=0.000N tau_mag=0.0000Nm misalign_deg=90.0 pos=[-0.10910667 -0.10914607  0.4914011 ] bottom_world=[-0.10910685 -0.10914582  0.47140111] quat=[-3.8058335e-01  1.8023866e-06 -7.2997591e-06  9.2474663e-01] speed=0.0007 ang_speed=0.0045 ang_vel_vec=[-0.00397528 -0.00200296  0.00043442] |com_force|=0.0000N
### kotek_magnet[tick=8100] sensor4: d=0.5249m in_range=False f_mag=0.000N tau_mag=0.0000Nm misalign_deg=90.0 pos=[-0.10900006  0.10900027  0.49140224] bottom_world=[-0.10900028  0.10900013  0.47140224] quat=[3.8268203e-01 3.7019220e-06 5.4639158e-06 9.2388016e-01] speed=0.0011 ang_speed=0.0013 ang_vel_vec=[ 0.00063397 -0.00063664 -0.00088312] |com_force|=0.0000N
### kotek_magnet[tick=8160] sensor1: d=0.4274m in_range=False f_mag=0.000N tau_mag=0.0000Nm misalign_deg=120.8 pos=[0.18805616 0.13769925 0.57142323] bottom_world=[0.17780722 0.1494231  0.5588729 ] quat=[0.84775525 0.4024242  0.1558736  0.3083331 ] speed=0.1139 ang_speed=5.1306 ang_vel_vec=[2.0591922 1.995902  4.2543387] |com_force|=0.0000N
### kotek_magnet[tick=8160] sensor2: d=0.3208m in_range=False f_mag=0.000N tau_mag=0.0000Nm misalign_deg=90.0 pos=[ 0.10902438 -0.10904733  0.491401  ] bottom_world=[ 0.10902461 -0.10904696  0.47140099] quat=[ 9.2300087e-01  1.0774585e-05 -1.7773964e-06 -3.8479796e-01] speed=0.0009 ang_speed=0.0030 ang_vel_vec=[-0.00174467  0.00223935 -0.00087487] |com_force|=0.0000N
### kotek_magnet[tick=8160] sensor3: d=0.5470m in_range=False f_mag=0.000N tau_mag=0.0000Nm misalign_deg=90.0 pos=[-0.10910754 -0.10914599  0.49140117] bottom_world=[-0.10910748 -0.10914587  0.47140117] quat=[-3.8058379e-01 -2.4267229e-06 -2.2546853e-06  9.2474645e-01] speed=0.0004 ang_speed=0.0029 ang_vel_vec=[ 5.1184357e-05  2.7303894e-03 -8.3166134e-04] |com_force|=0.0000N
### kotek_magnet[tick=8160] sensor4: d=0.5249m in_range=False f_mag=0.000N tau_mag=0.0000Nm misalign_deg=90.0 pos=[-0.10900007  0.10900028  0.4914023 ] bottom_world=[-0.10900029  0.10900014  0.4714023 ] quat=[3.8268214e-01 3.5710293e-06 5.3519716e-06 9.2388016e-01] speed=0.0011 ang_speed=0.0011 ang_vel_vec=[ 0.0006155  -0.00045586 -0.00082832] |com_force|=0.0000N
### kotek_magnet[tick=8220] sensor1: d=0.4202m in_range=False f_mag=0.000N tau_mag=0.0000Nm misalign_deg=123.3 pos=[0.19817145 0.13841285 0.5680704 ] bottom_world=[0.18718121 0.14880615 0.5549863 ] quat=[0.8431673  0.37810296 0.17301863 0.34083953] speed=0.1190 ang_speed=5.0837 ang_vel_vec=[1.7657198 2.29205   4.1800995] |com_force|=0.0000N
### kotek_magnet[tick=8220] sensor2: d=0.3208m in_range=False f_mag=0.000N tau_mag=0.0000Nm misalign_deg=90.0 pos=[ 0.10902439 -0.10904738  0.49140108] bottom_world=[ 0.10902461 -0.10904702  0.47140108] quat=[ 9.2300081e-01  1.0588457e-05 -1.6229735e-06 -3.8479793e-01] speed=0.0009 ang_speed=0.0026 ang_vel_vec=[-0.00160196  0.00187415 -0.00089575] |com_force|=0.0000N
### kotek_magnet[tick=8220] sensor3: d=0.5470m in_range=False f_mag=0.000N tau_mag=0.0000Nm misalign_deg=90.0 pos=[-0.10910638 -0.10914613  0.49140117] bottom_world=[-0.1091066  -0.10914581  0.47140117] quat=[-3.8058317e-01  2.2210284e-06 -9.3225171e-06  9.2474669e-01] speed=0.0010 ang_speed=0.0029 ang_vel_vec=[-0.00283818  0.0003169   0.000696  ] |com_force|=0.0000N
### kotek_magnet[tick=8220] sensor4: d=0.5249m in_range=False f_mag=0.000N tau_mag=0.0000Nm misalign_deg=90.0 pos=[-0.10900033  0.10899961  0.4914023 ] bottom_world=[-0.10900032  0.10899967  0.4714023 ] quat=[ 3.8268220e-01  3.5847845e-07 -1.4216625e-06  9.2388004e-01] speed=0.0005 ang_speed=0.0019 ang_vel_vec=[ 0.00134704  0.00100051 -0.00083698] |com_force|=0.0000N
### kotek_magnet[tick=8280] sensor1: d=0.4120m in_range=False f_mag=0.000N tau_mag=0.0000Nm misalign_deg=125.6 pos=[0.20846054 0.13810849 0.5642653 ] bottom_world=[0.19681623 0.14702636 0.55066819] quat=[0.83700734 0.35154936 0.19101045 0.37329188] speed=0.1101 ang_speed=5.0548 ang_vel_vec=[1.453458  2.5786638 4.0974293] |com_force|=0.0000N
### kotek_magnet[tick=8280] sensor2: d=0.3208m in_range=False f_mag=0.000N tau_mag=0.0000Nm misalign_deg=90.0 pos=[ 0.1090247  -0.10904671  0.4914012 ] bottom_world=[ 0.10902469 -0.10904655  0.4714012 ] quat=[ 9.2300081e-01  3.5357871e-06  1.9171821e-06 -3.8479805e-01] speed=0.0004 ang_speed=0.0026 ang_vel_vec=[-0.00234951 -0.00074081 -0.00080972] |com_force|=0.0000N
### kotek_magnet[tick=8280] sensor3: d=0.5470m in_range=False f_mag=0.000N tau_mag=0.0000Nm misalign_deg=90.0 pos=[-0.10910638 -0.10914589  0.49140114] bottom_world=[-0.10910659 -0.10914568  0.47140114] quat=[-3.8058296e-01  2.7696565e-06 -6.8208319e-06  9.2474687e-01] speed=0.0011 ang_speed=0.0027 ang_vel_vec=[2.3627437e-03 1.7210406e-05 1.4063615e-03] |com_force|=0.0000N
### kotek_magnet[tick=8280] sensor4: d=0.5249m in_range=False f_mag=0.000N tau_mag=0.0000Nm misalign_deg=90.0 pos=[-0.10900007  0.10900022  0.49140227] bottom_world=[-0.10900028  0.10900008  0.47140227] quat=[3.8268209e-01 3.5548064e-06 5.3034551e-06 9.2388016e-01] speed=0.0011 ang_speed=0.0011 ang_vel_vec=[ 0.00040109 -0.00052446 -0.00086327] |com_force|=0.0000N
### kotek_magnet[tick=8340] sensor1: d=0.4032m in_range=False f_mag=0.000N tau_mag=0.0000Nm misalign_deg=127.5 pos=[0.21839374 0.13673884 0.5602489 ] bottom_world=[0.20622113 0.14411452 0.54619805] quat=[0.829385   0.3241525  0.20893443 0.40421817] speed=0.1083 ang_speed=5.0577 ang_vel_vec=[1.1741463 2.862173  4.0011716] |com_force|=0.0000N
### kotek_magnet[tick=8340] sensor2: d=0.3208m in_range=False f_mag=0.000N tau_mag=0.0000Nm misalign_deg=90.0 pos=[ 0.10902448 -0.10904641  0.49140114] bottom_world=[ 0.10902452 -0.10904629  0.47140114] quat=[ 9.2300075e-01  3.2558660e-06  2.2172308e-07 -3.8479832e-01] speed=0.0002 ang_speed=0.0027 ang_vel_vec=[-0.00116295  0.00241026  0.000338  ] |com_force|=0.0000N
### kotek_magnet[tick=8340] sensor3: d=0.5470m in_range=False f_mag=0.000N tau_mag=0.0000Nm misalign_deg=90.0 pos=[-0.10910665 -0.10914606  0.4914012 ] bottom_world=[-0.10910684 -0.1091458   0.4714012 ] quat=[-3.8058326e-01  1.9348465e-06 -7.6766164e-06  9.2474675e-01] speed=0.0007 ang_speed=0.0052 ang_vel_vec=[-0.0045712  -0.00241733  0.00060625] |com_force|=0.0000N
### kotek_magnet[tick=8340] sensor4: d=0.5249m in_range=False f_mag=0.000N tau_mag=0.0000Nm misalign_deg=90.0 pos=[-0.10900007  0.10899934  0.4914021 ] bottom_world=[-0.10900015  0.10899938  0.47140209] quat=[ 3.8268256e-01  2.0718408e-06 -6.3391326e-08  9.2387992e-01] speed=0.0002 ang_speed=0.0010 ang_vel_vec=[ 0.00083304 -0.00012842  0.00053889] |com_force|=0.0000N
### kotek_magnet[tick=8400] sensor1: d=0.3936m in_range=False f_mag=0.000N tau_mag=0.0000Nm misalign_deg=129.0 pos=[0.22808096 0.13435633 0.55601513] bottom_world=[0.21550179 0.14010536 0.54156822] quat=[0.8200953  0.29546556 0.22699603 0.43430007] speed=0.1068 ang_speed=5.0461 ang_vel_vec=[0.8361271 3.110498  3.88448  ] |com_force|=0.0000N
### kotek_magnet[tick=8400] sensor2: d=0.3208m in_range=False f_mag=0.000N tau_mag=0.0000Nm misalign_deg=90.0 pos=[ 0.10902452 -0.10904562  0.49140105] bottom_world=[ 0.1090244  -0.10904573  0.47140105] quat=[ 9.2300040e-01 -3.4457487e-06  1.6047516e-06 -3.8479903e-01] speed=0.0011 ang_speed=0.0020 ang_vel_vec=[0.00033445 0.001459   0.00134381] |com_force|=0.0000N
### kotek_magnet[tick=8400] sensor3: d=0.5470m in_range=False f_mag=0.000N tau_mag=0.0000Nm misalign_deg=90.0 pos=[-0.10910644 -0.10914586  0.4914011 ] bottom_world=[-0.10910665 -0.10914565  0.47140111] quat=[-3.8058284e-01  2.8992106e-06 -7.0230972e-06  9.2474693e-01] speed=0.0011 ang_speed=0.0023 ang_vel_vec=[ 0.00182716 -0.0004033   0.00137141] |com_force|=0.0000N
### kotek_magnet[tick=8400] sensor4: d=0.5249m in_range=False f_mag=0.000N tau_mag=0.0000Nm misalign_deg=90.0 pos=[-0.10900003  0.10900024  0.4914022 ] bottom_world=[-0.10900023  0.1090001   0.47140221] quat=[3.8268214e-01 3.4708028e-06 5.1379161e-06 9.2388010e-01] speed=0.0011 ang_speed=0.0010 ang_vel_vec=[ 0.00032891 -0.00025212 -0.00090332] |com_force|=0.0000N
### kotek_magnet[tick=8460] sensor1: d=0.3834m in_range=False f_mag=0.000N tau_mag=0.0000Nm misalign_deg=130.0 pos=[0.23730564 0.13093594 0.55159795] bottom_world=[0.22445019 0.13503054 0.53683409] quat=[0.8093822  0.2663975  0.24481791 0.4625981 ] speed=0.1078 ang_speed=5.0623 ang_vel_vec=[0.5104166 3.3497689 3.7610867] |com_force|=0.0000N
### kotek_magnet[tick=8460] sensor2: d=0.3208m in_range=False f_mag=0.000N tau_mag=0.0000Nm misalign_deg=90.0 pos=[ 0.10902452 -0.10904564  0.49140102] bottom_world=[ 0.10902443 -0.10904572  0.47140102] quat=[ 9.2300045e-01 -2.8249626e-06  1.3493263e-06 -3.8479897e-01] speed=0.0011 ang_speed=0.0029 ang_vel_vec=[-0.00017773  0.00241372  0.00155017] |com_force|=0.0000N
### kotek_magnet[tick=8460] sensor3: d=0.5470m in_range=False f_mag=0.000N tau_mag=0.0000Nm misalign_deg=90.0 pos=[-0.10910749 -0.10914605  0.49140108] bottom_world=[-0.10910744 -0.10914593  0.47140108] quat=[-3.8058376e-01 -2.4370361e-06 -2.2208139e-06  9.2474645e-01] speed=0.0004 ang_speed=0.0027 ang_vel_vec=[ 0.00013005  0.00259273 -0.00068081] |com_force|=0.0000N
### kotek_magnet[tick=8460] sensor4: d=0.5249m in_range=False f_mag=0.000N tau_mag=0.0000Nm misalign_deg=90.0 pos=[-0.10899992  0.10900012  0.49140224] bottom_world=[-0.10900017  0.10899998  0.47140224] quat=[3.8268241e-01 4.4232002e-06 5.6559434e-06 9.2388004e-01] speed=0.0010 ang_speed=0.0029 ang_vel_vec=[ 0.0021668  -0.0018765  -0.00031536] |com_force|=0.0000N
### still playing, 1249s left
### kotek_magnet[tick=8520] sensor1: d=0.3723m in_range=False f_mag=0.000N tau_mag=0.0000Nm misalign_deg=130.6 pos=[0.24628863 0.12642564 0.5469046 ] bottom_world=[0.23328148 0.12880459 0.53189947] quat=[0.7969501  0.23619579 0.26283577 0.48989752] speed=0.1066 ang_speed=5.0517 ang_vel_vec=[0.18066618 3.5096266  3.6290483 ] |com_force|=0.0000N
### kotek_magnet[tick=8520] sensor2: d=0.3208m in_range=False f_mag=0.000N tau_mag=0.0000Nm misalign_deg=90.0 pos=[ 0.1090247  -0.10904644  0.49140096] bottom_world=[ 0.10902465 -0.10904635  0.47140096] quat=[ 9.2300075e-01  1.6396864e-06  1.9119727e-06 -3.8479829e-01] speed=0.0002 ang_speed=0.0007 ang_vel_vec=[-0.00039057 -0.0001578  -0.00060233] |com_force|=0.0000N
### kotek_magnet[tick=8520] sensor3: d=0.5470m in_range=False f_mag=0.000N tau_mag=0.0000Nm misalign_deg=90.0 pos=[-0.10910814 -0.10914574  0.49140114] bottom_world=[-0.10910787 -0.10914587  0.47140114] quat=[-3.8058403e-01 -5.0468175e-06  5.5627829e-06  9.2474633e-01] speed=0.0009 ang_speed=0.0033 ang_vel_vec=[ 0.00231778  0.00203886 -0.00110841] |com_force|=0.0000N
### kotek_magnet[tick=8520] sensor4: d=0.5249m in_range=False f_mag=0.000N tau_mag=0.0000Nm misalign_deg=90.0 pos=[-0.10900003  0.10900027  0.4914024 ] bottom_world=[-0.10900025  0.10900014  0.47140239] quat=[3.8268217e-01 3.7197003e-06 5.2755822e-06 9.2388010e-01] speed=0.0011 ang_speed=0.0015 ang_vel_vec=[ 0.00077144 -0.00076961 -0.0010252 ] |com_force|=0.0000N
### kotek_magnet[tick=8580] sensor1: d=0.3605m in_range=False f_mag=0.000N tau_mag=0.0000Nm misalign_deg=130.6 pos=[0.25495785 0.12095768 0.5419211 ] bottom_world=[0.24193104 0.12154693 0.52675682] quat=[0.78235656 0.20454115 0.2811697  0.51674443] speed=0.1017 ang_speed=5.0755 ang_vel_vec=[-0.19686198  3.7218795   3.4452066 ] |com_force|=0.0000N
### kotek_magnet[tick=8580] sensor2: d=0.3208m in_range=False f_mag=0.000N tau_mag=0.0000Nm misalign_deg=90.0 pos=[ 0.10902472 -0.10904583  0.49140108] bottom_world=[ 0.10902456 -0.10904591  0.47140108] quat=[ 9.2300057e-01 -3.3842960e-06  2.9953787e-06 -3.8479868e-01] speed=0.0007 ang_speed=0.0042 ang_vel_vec=[ 0.0014922  -0.00382933  0.00067519] |com_force|=0.0000N
### kotek_magnet[tick=8580] sensor3: d=0.5470m in_range=False f_mag=0.000N tau_mag=0.0000Nm misalign_deg=90.0 pos=[-0.10910819 -0.10914572  0.49140108] bottom_world=[-0.10910792 -0.10914585  0.47140108] quat=[-3.8058394e-01 -4.9231398e-06  5.4251968e-06  9.2474633e-01] speed=0.0010 ang_speed=0.0028 ang_vel_vec=[ 0.00208257  0.00177916 -0.00070945] |com_force|=0.0000N
### kotek_magnet[tick=8580] sensor4: d=0.5249m in_range=False f_mag=0.000N tau_mag=0.0000Nm misalign_deg=90.0 pos=[-0.10900001  0.10900027  0.49140218] bottom_world=[-0.10900023  0.10900013  0.47140218] quat=[3.8268220e-01 3.6183346e-06 5.2451533e-06 9.2388016e-01] speed=0.0011 ang_speed=0.0008 ang_vel_vec=[ 0.00042884 -0.00025192 -0.00062354] |com_force|=0.0000N
### kotek_magnet[tick=8640] sensor1: d=0.3483m in_range=False f_mag=0.000N tau_mag=0.0000Nm misalign_deg=130.2 pos=[0.2629795  0.11452135 0.53690726] bottom_world=[0.25006308 0.11337826 0.52168033] quat=[0.7667437  0.17351711 0.29869515 0.54108876] speed=0.1033 ang_speed=5.0639 ang_vel_vec=[-0.5286355  3.8389297  3.2597358] |com_force|=0.0000N
### kotek_magnet[tick=8640] sensor2: d=0.3208m in_range=False f_mag=0.000N tau_mag=0.0000Nm misalign_deg=90.0 pos=[ 0.10902452 -0.10904559  0.4914011 ] bottom_world=[ 0.10902443 -0.10904568  0.47140111] quat=[ 9.2300045e-01 -2.7323829e-06  1.2867567e-06 -3.8479891e-01] speed=0.0010 ang_speed=0.0028 ang_vel_vec=[-0.00021431  0.0023235   0.00158864] |com_force|=0.0000N
### kotek_magnet[tick=8640] sensor3: d=0.5470m in_range=False f_mag=0.000N tau_mag=0.0000Nm misalign_deg=90.0 pos=[-0.10910727 -0.1091457   0.4914011 ] bottom_world=[-0.10910718 -0.10914569  0.47140111] quat=[-3.8058326e-01 -2.0823861e-06  6.3830544e-07  9.2474675e-01] speed=0.0003 ang_speed=0.0038 ang_vel_vec=[0.00262403 0.00270099 0.00046109] |com_force|=0.0000N
### kotek_magnet[tick=8640] sensor4: d=0.5249m in_range=False f_mag=0.000N tau_mag=0.0000Nm misalign_deg=90.0 pos=[-0.10900003  0.10900028  0.49140227] bottom_world=[-0.10900025  0.10900013  0.47140227] quat=[3.8268214e-01 3.7894167e-06 5.5296068e-06 9.2388010e-01] speed=0.0011 ang_speed=0.0012 ang_vel_vec=[ 0.00070753 -0.00061167 -0.00069441] |com_force|=0.0000N
### kotek_magnet[tick=8700] sensor1: d=0.3354m in_range=False f_mag=0.000N tau_mag=0.0000Nm misalign_deg=129.3 pos=[0.27061382 0.10710341 0.53169745] bottom_world=[0.25794197 0.10420808 0.51649741] quat=[0.7492275  0.14159009 0.31615046 0.5644992 ] speed=0.1035 ang_speed=5.0712 ang_vel_vec=[-0.8891047  3.9474053  3.0569289] |com_force|=0.0000N
### kotek_magnet[tick=8700] sensor2: d=0.3208m in_range=False f_mag=0.000N tau_mag=0.0000Nm misalign_deg=90.0 pos=[ 0.10902451 -0.10904565  0.491401  ] bottom_world=[ 0.10902442 -0.10904573  0.47140099] quat=[ 9.2300045e-01 -2.6758662e-06  1.3484378e-06 -3.8479888e-01] speed=0.0010 ang_speed=0.0021 ang_vel_vec=[3.6469362e-05 1.5872573e-03 1.3975132e-03] |com_force|=0.0000N
### kotek_magnet[tick=8700] sensor3: d=0.5470m in_range=False f_mag=0.000N tau_mag=0.0000Nm misalign_deg=90.0 pos=[-0.10910816 -0.10914575  0.4914011 ] bottom_world=[-0.10910788 -0.10914589  0.47140111] quat=[-3.8058394e-01 -5.0624162e-06  5.7944553e-06  9.2474633e-01] speed=0.0009 ang_speed=0.0031 ang_vel_vec=[ 0.00223934  0.00186255 -0.0009193 ] |com_force|=0.0000N
### kotek_magnet[tick=8700] sensor4: d=0.5249m in_range=False f_mag=0.000N tau_mag=0.0000Nm misalign_deg=90.0 pos=[-0.10900032  0.10899959  0.4914023 ] bottom_world=[-0.10900032  0.10899964  0.4714023 ] quat=[ 3.8268223e-01  4.4858805e-07 -1.1950078e-06  9.2388004e-01] speed=0.0005 ang_speed=0.0022 ang_vel_vec=[ 0.00180442  0.00091069 -0.00088432] |com_force|=0.0000N
### kotek_magnet[tick=8760] sensor1: d=0.3221m in_range=False f_mag=0.000N tau_mag=0.0000Nm misalign_deg=127.9 pos=[0.2777116 0.098835  0.5263597] bottom_world=[0.26541341 0.09421457 0.51127969] quat=[0.73009694 0.10944335 0.33320022 0.5864795 ] speed=0.1038 ang_speed=5.0700 ang_vel_vec=[-1.2405938  4.013197   2.8389688] |com_force|=0.0000N
### kotek_magnet[tick=8760] sensor2: d=0.3208m in_range=False f_mag=0.000N tau_mag=0.0000Nm misalign_deg=90.0 pos=[ 0.10902452 -0.10904565  0.49140102] bottom_world=[ 0.10902443 -0.10904574  0.47140102] quat=[ 9.2300051e-01 -2.7582607e-06  1.3155314e-06 -3.8479897e-01] speed=0.0010 ang_speed=0.0024 ang_vel_vec=[-9.4070972e-05  1.8985483e-03  1.4490371e-03] |com_force|=0.0000N
### kotek_magnet[tick=8760] sensor3: d=0.5470m in_range=False f_mag=0.000N tau_mag=0.0000Nm misalign_deg=90.0 pos=[-0.10910638 -0.10914588  0.49140108] bottom_world=[-0.10910658 -0.10914568  0.47140108] quat=[-3.8058278e-01  2.7225756e-06 -6.6360553e-06  9.2474681e-01] speed=0.0011 ang_speed=0.0031 ang_vel_vec=[0.00268712 0.00021085 0.00145672] |com_force|=0.0000N
### kotek_magnet[tick=8760] sensor4: d=0.5249m in_range=False f_mag=0.000N tau_mag=0.0000Nm misalign_deg=90.0 pos=[-0.1090003   0.1089996   0.49140227] bottom_world=[-0.10900029  0.10899965  0.47140227] quat=[ 3.8268226e-01  2.2821618e-07 -1.3342678e-06  9.2387998e-01] speed=0.0005 ang_speed=0.0022 ang_vel_vec=[ 0.00151632  0.00139687 -0.00081263] |com_force|=0.0000N
### kotek_magnet[tick=8820] sensor1: d=0.3085m in_range=False f_mag=0.000N tau_mag=0.0000Nm misalign_deg=126.1 pos=[0.2842579  0.08980449 0.52096325] bottom_world=[0.27246411 0.08349849 0.50609244] quat=[0.70935863 0.07705282 0.34970343 0.6071086 ] speed=0.1019 ang_speed=5.0697 ang_vel_vec=[-1.5916142  4.0510716  2.5994923] |com_force|=0.0000N
### kotek_magnet[tick=8820] sensor2: d=0.3208m in_range=False f_mag=0.000N tau_mag=0.0000Nm misalign_deg=90.0 pos=[ 0.10902471 -0.10904587  0.49140105] bottom_world=[ 0.10902455 -0.10904594  0.47140105] quat=[ 9.2300045e-01 -3.2201729e-06  3.0598749e-06 -3.8479871e-01] speed=0.0007 ang_speed=0.0036 ang_vel_vec=[ 0.00103272 -0.00334044  0.00074923] |com_force|=0.0000N
### kotek_magnet[tick=8820] sensor3: d=0.5470m in_range=False f_mag=0.000N tau_mag=0.0000Nm misalign_deg=90.0 pos=[-0.10910638 -0.10914609  0.49140105] bottom_world=[-0.1091066  -0.10914578  0.47140105] quat=[-3.8058293e-01  2.2584766e-06 -9.2904875e-06  9.2474675e-01] speed=0.0010 ang_speed=0.0028 ang_vel_vec=[-0.00256131  0.00043511  0.00096905] |com_force|=0.0000N
### kotek_magnet[tick=8820] sensor4: d=0.5249m in_range=False f_mag=0.000N tau_mag=0.0000Nm misalign_deg=90.0 pos=[-0.10900033  0.10899962  0.49140227] bottom_world=[-0.10900032  0.10899967  0.47140227] quat=[ 3.8268220e-01  1.8410911e-07 -1.4266543e-06  9.2388004e-01] speed=0.0005 ang_speed=0.0022 ang_vel_vec=[ 0.00148716  0.00151824 -0.00058974] |com_force|=0.0000N
### kotek_magnet[tick=8880] sensor1: d=0.2944m in_range=False f_mag=0.000N tau_mag=0.0000Nm misalign_deg=123.9 pos=[0.29027075 0.07996994 0.5155019 ] bottom_world=[0.27910593 0.07203649 0.50092772] quat=[0.68713737 0.04456132 0.36559454 0.6262566 ] speed=0.1020 ang_speed=5.0483 ang_vel_vec=[-1.9215603  4.025369   2.364268 ] |com_force|=0.0000N
### kotek_magnet[tick=8880] sensor2: d=0.3208m in_range=False f_mag=0.000N tau_mag=0.0000Nm misalign_deg=90.0 pos=[ 0.10902452 -0.10904561  0.49140105] bottom_world=[ 0.10902442 -0.10904569  0.47140105] quat=[ 9.2300040e-01 -2.7932936e-06  1.5215819e-06 -3.8479909e-01] speed=0.0010 ang_speed=0.0020 ang_vel_vec=[9.6509037e-05 1.3221476e-03 1.4579289e-03] |com_force|=0.0000N
### kotek_magnet[tick=8880] sensor3: d=0.5470m in_range=False f_mag=0.000N tau_mag=0.0000Nm misalign_deg=90.0 pos=[-0.10910638 -0.10914586  0.49140108] bottom_world=[-0.10910659 -0.10914565  0.47140108] quat=[-3.8058281e-01  2.7288847e-06 -6.9110629e-06  9.2474681e-01] speed=0.0011 ang_speed=0.0025 ang_vel_vec=[ 2.0095329e-03 -6.8875881e-05  1.4561949e-03] |com_force|=0.0000N
### kotek_magnet[tick=8880] sensor4: d=0.5249m in_range=False f_mag=0.000N tau_mag=0.0000Nm misalign_deg=90.0 pos=[-0.10899983  0.10900029  0.49140218] bottom_world=[-0.10900013  0.10900013  0.47140218] quat=[3.8268232e-01 5.6107101e-06 6.5230506e-06 9.2388004e-01] speed=0.0013 ang_speed=0.0138 ang_vel_vec=[ 0.00673904 -0.01209479 -0.00029497] |com_force|=0.0000N
### kotek_magnet[tick=8940] sensor1: d=0.2801m in_range=False f_mag=0.000N tau_mag=0.0000Nm misalign_deg=121.4 pos=[0.295751   0.06934936 0.50999933] bottom_world=[0.28533592 0.05985936 0.49580546] quat=[0.6634946  0.01198552 0.38080105 0.64391136] speed=0.1033 ang_speed=5.0327 ang_vel_vec=[-2.2367759  3.988537   2.1015189] |com_force|=0.0000N
### kotek_magnet[tick=8940] sensor2: d=0.3208m in_range=False f_mag=0.000N tau_mag=0.0000Nm misalign_deg=90.0 pos=[ 0.10902452 -0.10904562  0.49140102] bottom_world=[ 0.10902443 -0.1090457   0.47140102] quat=[ 9.2300051e-01 -2.4693843e-06  1.2607258e-06 -3.8479900e-01] speed=0.0010 ang_speed=0.0024 ang_vel_vec=[-0.00020809  0.00199493  0.00136048] |com_force|=0.0000N
### kotek_magnet[tick=8940] sensor3: d=0.5470m in_range=False f_mag=0.000N tau_mag=0.0000Nm misalign_deg=90.0 pos=[-0.10910723 -0.10914604  0.49140108] bottom_world=[-0.10910725 -0.10914588  0.47140108] quat=[-3.8058367e-01 -8.4401512e-07 -3.7922823e-06  9.2474657e-01] speed=0.0001 ang_speed=0.0011 ang_vel_vec=[-0.00084802 -0.00056636 -0.00048874] |com_force|=0.0000N
### kotek_magnet[tick=8940] sensor4: d=0.5249m in_range=False f_mag=0.000N tau_mag=0.0000Nm misalign_deg=90.0 pos=[-0.10900017  0.10899854  0.49140218] bottom_world=[-0.10900008  0.10899883  0.47140218] quat=[ 3.826831e-01  6.866682e-07 -7.695726e-06  9.238798e-01] speed=0.0009 ang_speed=0.0015 ang_vel_vec=[-0.00027475 -0.00082137  0.00121478] |com_force|=0.0000N
### kotek_magnet[tick=9000] sensor1: d=0.2656m in_range=False f_mag=0.000N tau_mag=0.0000Nm misalign_deg=118.5 pos=[0.30064654 0.05812553 0.5045093 ] bottom_world=[0.29109528 0.04716804 0.49077227] quat=[ 0.6385457  -0.02052356  0.39516118  0.660065  ] speed=0.1044 ang_speed=5.0073 ang_vel_vec=[-2.528532   3.9117792  1.837731 ] |com_force|=0.0000N
### kotek_magnet[tick=9000] sensor2: d=0.3208m in_range=False f_mag=0.000N tau_mag=0.0000Nm misalign_deg=90.0 pos=[ 0.10902476 -0.10904561  0.49140102] bottom_world=[ 0.10902456 -0.1090457   0.47140102] quat=[ 9.2300051e-01 -4.0056152e-06  3.6128954e-06 -3.8479885e-01] speed=0.0009 ang_speed=0.0022 ang_vel_vec=[-0.00150585 -0.00136707  0.00076954] |com_force|=0.0000N
### kotek_magnet[tick=9000] sensor3: d=0.5470m in_range=False f_mag=0.000N tau_mag=0.0000Nm misalign_deg=90.0 pos=[-0.10910815 -0.10914578  0.49140102] bottom_world=[-0.10910789 -0.1091459   0.47140102] quat=[-3.8058403e-01 -4.9307832e-06  5.2557034e-06  9.2474639e-01] speed=0.0009 ang_speed=0.0027 ang_vel_vec=[ 0.00195405  0.00173611 -0.00084828] |com_force|=0.0000N
### kotek_magnet[tick=9000] sensor4: d=0.5249m in_range=False f_mag=0.000N tau_mag=0.0000Nm misalign_deg=90.0 pos=[-0.10900033  0.10899875  0.49140233] bottom_world=[-0.10900018  0.10899904  0.47140233] quat=[ 3.826828e-01 -6.735211e-07 -7.976152e-06  9.238798e-01] speed=0.0006 ang_speed=0.0040 ang_vel_vec=[-0.00139529  0.00375184  0.00046557] |com_force|=0.0000N
### kotek_magnet[tick=9060] sensor1: d=0.2510m in_range=False f_mag=0.000N tau_mag=0.0000Nm misalign_deg=115.4 pos=[0.30498698 0.04631707 0.49898833] bottom_world=[0.29641303 0.03398518 0.48578183] quat=[ 0.6121828  -0.05310461  0.40867752  0.6748295 ] speed=0.1033 ang_speed=4.9823 ang_vel_vec=[-2.818956   3.807778   1.5420985] |com_force|=0.0000N
### kotek_magnet[tick=9060] sensor2: d=0.3208m in_range=False f_mag=0.000N tau_mag=0.0000Nm misalign_deg=90.0 pos=[ 0.10902451 -0.10904569  0.49140108] bottom_world=[ 0.10902443 -0.10904576  0.47140108] quat=[ 9.2300045e-01 -2.2392799e-06  1.1927118e-06 -3.8479894e-01] speed=0.0010 ang_speed=0.0022 ang_vel_vec=[-0.00016873  0.00171702  0.00141218] |com_force|=0.0000N
### kotek_magnet[tick=9060] sensor3: d=0.5470m in_range=False f_mag=0.000N tau_mag=0.0000Nm misalign_deg=90.0 pos=[-0.10910745 -0.10914604  0.49140108] bottom_world=[-0.1091074  -0.10914591  0.47140108] quat=[-3.8058382e-01 -2.3421874e-06 -2.5130225e-06  9.2474645e-01] speed=0.0004 ang_speed=0.0024 ang_vel_vec=[-0.00074001  0.00211881 -0.00082085] |com_force|=0.0000N
### kotek_magnet[tick=9060] sensor4: d=0.5249m in_range=False f_mag=0.000N tau_mag=0.0000Nm misalign_deg=90.0 pos=[-0.10900038  0.10899846  0.49140236] bottom_world=[-0.10900018  0.10899879  0.47140236] quat=[ 3.8268292e-01 -1.5700040e-06 -9.6627655e-06  9.2387974e-01] speed=0.0009 ang_speed=0.0031 ang_vel_vec=[0.00046792 0.00306406 0.00055191] |com_force|=0.0000N
### kotek_magnet[tick=9120] sensor1: d=0.2367m in_range=False f_mag=0.000N tau_mag=0.0000Nm misalign_deg=112.1 pos=[0.3086605  0.03413896 0.49363476] bottom_world=[0.30114581 0.02056584 0.48101337] quat=[ 0.58522165 -0.08506002  0.4209869   0.68778664] speed=0.1056 ang_speed=4.9832 ang_vel_vec=[-3.1238077  3.677611   1.2447402] |com_force|=0.0000N
### kotek_magnet[tick=9120] sensor2: d=0.3208m in_range=False f_mag=0.000N tau_mag=0.0000Nm misalign_deg=90.0 pos=[ 0.1090245  -0.10904567  0.4914011 ] bottom_world=[ 0.10902442 -0.10904574  0.47140111] quat=[ 9.2300045e-01 -2.3048085e-06  1.1809725e-06 -3.8479888e-01] speed=0.0010 ang_speed=0.0022 ang_vel_vec=[-0.00026788  0.00175309  0.0013443 ] |com_force|=0.0000N
### kotek_magnet[tick=9120] sensor3: d=0.5470m in_range=False f_mag=0.000N tau_mag=0.0000Nm misalign_deg=90.0 pos=[-0.10910748 -0.10914607  0.49140117] bottom_world=[-0.10910743 -0.10914594  0.47140117] quat=[-3.8058379e-01 -2.2658330e-06 -2.4950571e-06  9.2474645e-01] speed=0.0004 ang_speed=0.0025 ang_vel_vec=[-0.00044771  0.00227183 -0.00088217] |com_force|=0.0000N
### kotek_magnet[tick=9120] sensor4: d=0.5249m in_range=False f_mag=0.000N tau_mag=0.0000Nm misalign_deg=90.0 pos=[-0.10900012  0.10899851  0.49140233] bottom_world=[-0.10900002  0.10899882  0.47140233] quat=[ 3.8268307e-01  5.8173362e-07 -8.0390218e-06  9.2387968e-01] speed=0.0010 ang_speed=0.0015 ang_vel_vec=[-0.00072077 -0.00043087  0.00118314] |com_force|=0.0000N
### kotek_magnet[tick=9180] sensor1: d=0.2225m in_range=False f_mag=0.000N tau_mag=0.0000Nm misalign_deg=108.6 pos=[0.31175306 0.02151787 0.4882905 ] bottom_world=[0.30538744 0.00682176 0.4763112 ] quat=[ 0.5572379  -0.11688771  0.43226746  0.6992625 ] speed=0.1059 ang_speed=5.0202 ang_vel_vec=[-3.447954   3.5269191  0.9352405] |com_force|=0.0000N
### kotek_magnet[tick=9180] sensor2: d=0.3208m in_range=False f_mag=0.000N tau_mag=0.0000Nm misalign_deg=90.0 pos=[ 0.10902438 -0.10904595  0.49140096] bottom_world=[ 0.10902446 -0.10904588  0.47140096] quat=[ 9.2300051e-01  2.3566224e-06 -9.9260524e-07 -3.8479885e-01] speed=0.0006 ang_speed=0.0057 ang_vel_vec=[-0.00336433  0.00452392  0.00109184] |com_force|=0.0000N
### kotek_magnet[tick=9180] sensor3: d=0.5470m in_range=False f_mag=0.000N tau_mag=0.0000Nm misalign_deg=90.0 pos=[-0.10910744 -0.10914607  0.4914011 ] bottom_world=[-0.10910739 -0.10914595  0.47140111] quat=[-3.8058379e-01 -2.2664412e-06 -2.3935240e-06  9.2474645e-01] speed=0.0004 ang_speed=0.0025 ang_vel_vec=[-8.1223501e-05  2.3655370e-03 -7.1687734e-04] |com_force|=0.0000N
### kotek_magnet[tick=9180] sensor4: d=0.5249m in_range=False f_mag=0.000N tau_mag=0.0000Nm misalign_deg=90.0 pos=[-0.10900033  0.10899872  0.49140233] bottom_world=[-0.10900017  0.108999    0.47140233] quat=[ 3.8268268e-01 -7.2423359e-07 -8.0984082e-06  9.2387980e-01] speed=0.0006 ang_speed=0.0045 ang_vel_vec=[-0.001576    0.00415659  0.00047889] |com_force|=0.0000N
### kotek_magnet[tick=9240] sensor1: d=0.2086m in_range=False f_mag=0.000N tau_mag=0.0000Nm misalign_deg=104.9 pos=[0.31421918 0.00856269 0.4830371 ] bottom_world=[ 0.30906835 -0.00711791  0.47174164] quat=[ 0.52875626 -0.14822687  0.44231433  0.7090866 ] speed=0.1068 ang_speed=5.1670 ang_vel_vec=[-3.8402224  3.395559   0.6488403] |com_force|=0.0000N
### kotek_magnet[tick=9240] sensor2: d=0.3208m in_range=False f_mag=0.000N tau_mag=0.0000Nm misalign_deg=90.0 pos=[ 0.10902452 -0.1090457   0.49140108] bottom_world=[ 0.10902444 -0.10904575  0.47140108] quat=[ 9.2300040e-01 -1.9830195e-06  1.1439264e-06 -3.8479900e-01] speed=0.0009 ang_speed=0.0024 ang_vel_vec=[-0.00045958  0.00176957  0.00152469] |com_force|=0.0000N
### kotek_magnet[tick=9240] sensor3: d=0.5470m in_range=False f_mag=0.000N tau_mag=0.0000Nm misalign_deg=90.0 pos=[-0.10910813 -0.10914579  0.49140105] bottom_world=[-0.10910787 -0.10914591  0.47140105] quat=[-3.8058406e-01 -4.8975230e-06  5.2227874e-06  9.2474645e-01] speed=0.0009 ang_speed=0.0026 ang_vel_vec=[ 0.00183     0.00159824 -0.0007892 ] |com_force|=0.0000N
### kotek_magnet[tick=9240] sensor4: d=0.5249m in_range=False f_mag=0.000N tau_mag=0.0000Nm misalign_deg=90.0 pos=[-0.10900015  0.1089985   0.4914024 ] bottom_world=[-0.10900005  0.1089988   0.47140239] quat=[ 3.8268298e-01  7.2659941e-07 -7.9277270e-06  9.2387980e-01] speed=0.0010 ang_speed=0.0019 ang_vel_vec=[-0.000307   -0.00135274  0.00132688] |com_force|=0.0000N
### kotek_magnet[tick=9300] sensor1: d=0.1951m in_range=False f_mag=0.000N tau_mag=0.0000Nm misalign_deg=101.2 pos=[ 0.31606418 -0.00470302  0.4778638 ] bottom_world=[ 0.31217374 -0.02121273  0.46726691] quat=[ 0.50018764 -0.1786703   0.45072705  0.71745   ] speed=0.1230 ang_speed=5.2072 ang_vel_vec=[-3.8550467  3.3509443  1.0120416] |com_force|=0.0000N
### kotek_magnet[tick=9300] sensor2: d=0.3208m in_range=False f_mag=0.000N tau_mag=0.0000Nm misalign_deg=90.0 pos=[ 0.10902452 -0.10904572  0.49140114] bottom_world=[ 0.10902445 -0.10904578  0.47140114] quat=[ 9.2300057e-01 -1.9429935e-06  1.1341687e-06 -3.8479879e-01] speed=0.0009 ang_speed=0.0023 ang_vel_vec=[-0.00037649  0.00174413  0.00147103] |com_force|=0.0000N
### kotek_magnet[tick=9300] sensor3: d=0.5470m in_range=False f_mag=0.000N tau_mag=0.0000Nm misalign_deg=90.0 pos=[-0.10910801 -0.10914573  0.49140105] bottom_world=[-0.10910776 -0.10914586  0.47140105] quat=[-3.8058376e-01 -4.5712668e-06  5.4254988e-06  9.2474651e-01] speed=0.0009 ang_speed=0.0039 ang_vel_vec=[ 0.00277439  0.00275916 -0.00052074] |com_force|=0.0000N
### kotek_magnet[tick=9300] sensor4: d=0.5249m in_range=False f_mag=0.000N tau_mag=0.0000Nm misalign_deg=90.0 pos=[-0.10900032  0.10899867  0.49140233] bottom_world=[-0.10900017  0.10899896  0.47140233] quat=[ 3.8268268e-01 -5.9952816e-07 -8.1819635e-06  9.2387992e-01] speed=0.0006 ang_speed=0.0046 ang_vel_vec=[-0.00169189  0.0042795   0.00042747] |com_force|=0.0000N
### kotek_magnet[tick=9360] sensor1: d=0.1821m in_range=False f_mag=0.000N tau_mag=0.0000Nm misalign_deg=97.4 pos=[ 0.31731102 -0.01821336  0.4728128 ] bottom_world=[ 0.31472859 -0.03543619  0.46297891] quat=[ 0.47122777 -0.20938864  0.45859462  0.7237347 ] speed=0.1249 ang_speed=5.0996 ang_vel_vec=[-4.0712442   2.9580367   0.82490814] |com_force|=0.0000N
### kotek_magnet[tick=9360] sensor2: d=0.3208m in_range=False f_mag=0.000N tau_mag=0.0000Nm misalign_deg=90.0 pos=[ 0.1090245  -0.10904567  0.491401  ] bottom_world=[ 0.10902443 -0.10904573  0.47140099] quat=[ 9.2300045e-01 -2.0163354e-06  1.1696693e-06 -3.8479894e-01] speed=0.0009 ang_speed=0.0022 ang_vel_vec=[-0.00040744  0.00171337  0.00137962] |com_force|=0.0000N
### kotek_magnet[tick=9360] sensor3: d=0.5470m in_range=False f_mag=0.000N tau_mag=0.0000Nm misalign_deg=90.0 pos=[-0.10910744 -0.10914609  0.49140105] bottom_world=[-0.1091074  -0.10914596  0.47140105] quat=[-3.8058388e-01 -2.3059154e-06 -2.6143266e-06  9.2474651e-01] speed=0.0004 ang_speed=0.0024 ang_vel_vec=[-0.00039781  0.0021815  -0.00086594] |com_force|=0.0000N
### kotek_magnet[tick=9360] sensor4: d=0.5249m in_range=False f_mag=0.000N tau_mag=0.0000Nm misalign_deg=90.0 pos=[-0.10900033  0.10899872  0.49140236] bottom_world=[-0.10900018  0.10899901  0.47140236] quat=[ 3.8268265e-01 -6.6631463e-07 -8.1584540e-06  9.2387980e-01] speed=0.0006 ang_speed=0.0045 ang_vel_vec=[-0.00159968  0.00418905  0.00031524] |com_force|=0.0000N
### kotek_magnet[tick=9420] sensor1: d=0.1699m in_range=False f_mag=0.000N tau_mag=0.0000Nm misalign_deg=93.5 pos=[ 0.31797335 -0.0318625   0.46792513] bottom_world=[ 0.3167376  -0.04966613  0.4588972 ] quat=[ 0.44194812 -0.24005575  0.4654835   0.7282722 ] speed=0.1274 ang_speed=5.0743 ang_vel_vec=[-4.3150263  2.5870035  0.6610428] |com_force|=0.0000N
### kotek_magnet[tick=9420] sensor2: d=0.3208m in_range=False f_mag=0.000N tau_mag=0.0000Nm misalign_deg=90.0 pos=[ 0.10902422 -0.10904747  0.49140093] bottom_world=[ 0.10902454 -0.10904708  0.47140093] quat=[ 9.2300075e-01  1.2092335e-05 -3.7416385e-06 -3.8479820e-01] speed=0.0013 ang_speed=0.0136 ang_vel_vec=[-0.00621164  0.0120567  -0.00016513] |com_force|=0.0000N
### kotek_magnet[tick=9420] sensor3: d=0.5470m in_range=False f_mag=0.000N tau_mag=0.0000Nm misalign_deg=90.0 pos=[-0.10910814 -0.10914584  0.49140105] bottom_world=[-0.1091079  -0.10914593  0.47140105] quat=[-3.8058409e-01 -4.6759146e-06  4.6181876e-06  9.2474639e-01] speed=0.0009 ang_speed=0.0020 ang_vel_vec=[ 0.00152839  0.00114508 -0.00074101] |com_force|=0.0000N
### kotek_magnet[tick=9420] sensor4: d=0.5249m in_range=False f_mag=0.000N tau_mag=0.0000Nm misalign_deg=90.0 pos=[-0.1090003   0.10899955  0.49140227] bottom_world=[-0.10900028  0.10899961  0.47140227] quat=[ 3.8268220e-01  2.6208431e-07 -1.5806863e-06  9.2388010e-01] speed=0.0004 ang_speed=0.0023 ang_vel_vec=[ 0.00181071  0.00130044 -0.00069785] |com_force|=0.0000N
### kotek_magnet[tick=9480] sensor1: d=0.1585m in_range=False f_mag=0.000N tau_mag=0.0000Nm misalign_deg=89.6 pos=[ 0.31810316 -0.04564295  0.46323764] bottom_world=[ 0.3182345  -0.06389335  0.45505806] quat=[ 0.41258532 -0.27061602  0.4714631   0.7309329 ] speed=0.1295 ang_speed=5.0918 ang_vel_vec=[-4.5400968  2.2367816  0.5571462] |com_force|=0.0000N
### kotek_magnet[tick=9480] sensor2: d=0.3208m in_range=False f_mag=0.000N tau_mag=0.0000Nm misalign_deg=90.0 pos=[ 0.10902446 -0.1090474   0.49140105] bottom_world=[ 0.10902465 -0.10904706  0.47140105] quat=[ 9.2300087e-01  9.7693082e-06 -1.1661300e-06 -3.8479787e-01] speed=0.0010 ang_speed=0.0008 ang_vel_vec=[ 0.00021209  0.00013614 -0.0007292 ] |com_force|=0.0000N
### kotek_magnet[tick=9480] sensor3: d=0.5470m in_range=False f_mag=0.000N tau_mag=0.0000Nm misalign_deg=90.0 pos=[-0.10910816 -0.10914583  0.4914011 ] bottom_world=[-0.10910791 -0.10914593  0.47140111] quat=[-3.8058403e-01 -4.6657506e-06  4.7161366e-06  9.2474633e-01] speed=0.0009 ang_speed=0.0020 ang_vel_vec=[ 0.00152437  0.00111841 -0.00078394] |com_force|=0.0000N
### kotek_magnet[tick=9480] sensor4: d=0.5249m in_range=False f_mag=0.000N tau_mag=0.0000Nm misalign_deg=90.0 pos=[-0.10900003  0.10900018  0.49140227] bottom_world=[-0.10900025  0.10900003  0.47140227] quat=[3.8268206e-01 3.8698199e-06 5.5301130e-06 9.2388016e-01] speed=0.0010 ang_speed=0.0024 ang_vel_vec=[ 0.00162964 -0.00153832 -0.00080931] |com_force|=0.0000N
### kotek_magnet[tick=9540] sensor1: d=0.1483m in_range=False f_mag=0.000N tau_mag=0.0000Nm misalign_deg=85.7 pos=[ 0.31773823 -0.05951591  0.45879275] bottom_world=[ 0.31924087 -0.07808061  0.45150617] quat=[ 0.38328496 -0.30106083  0.47665298  0.7316126 ] speed=0.1331 ang_speed=5.1375 ang_vel_vec=[-4.744037    1.9169229   0.46227252] |com_force|=0.0000N
### kotek_magnet[tick=9540] sensor2: d=0.3208m in_range=False f_mag=0.000N tau_mag=0.0000Nm misalign_deg=90.0 pos=[ 0.10902447 -0.10904742  0.49140096] bottom_world=[ 0.10902466 -0.10904708  0.47140096] quat=[ 9.2300087e-01  9.7474012e-06 -1.0903475e-06 -3.8479784e-01] speed=0.0010 ang_speed=0.0011 ang_vel_vec=[ 0.00025744  0.00010856 -0.00109369] |com_force|=0.0000N
### kotek_magnet[tick=9540] sensor3: d=0.5470m in_range=False f_mag=0.000N tau_mag=0.0000Nm misalign_deg=90.0 pos=[-0.10910747 -0.10914616  0.49140108] bottom_world=[-0.10910743 -0.10914603  0.47140108] quat=[-3.8058373e-01 -2.3312641e-06 -2.6337473e-06  9.2474651e-01] speed=0.0004 ang_speed=0.0024 ang_vel_vec=[ 0.00021802  0.00213551 -0.00108005] |com_force|=0.0000N
### kotek_magnet[tick=9540] sensor4: d=0.5249m in_range=False f_mag=0.000N tau_mag=0.0000Nm misalign_deg=90.0 pos=[-0.10900004  0.10900015  0.49140233] bottom_world=[-0.10900027  0.109       0.47140233] quat=[3.8268206e-01 3.8274356e-06 5.4241500e-06 9.2388010e-01] speed=0.0010 ang_speed=0.0030 ang_vel_vec=[ 0.00197652 -0.00192264 -0.0011987 ] |com_force|=0.0000N
### kotek_magnet[tick=9600] sensor1: d=0.1395m in_range=False f_mag=0.000N tau_mag=0.0000Nm misalign_deg=81.8 pos=[ 0.31691006 -0.07329603  0.4546091 ] bottom_world=[ 0.31977583 -0.09204372  0.44825995] quat=[ 0.35405657 -0.33134595  0.48112485  0.73032373] speed=0.1385 ang_speed=5.1823 ang_vel_vec=[-4.920848    1.5882444   0.34507823] |com_force|=0.0000N
### kotek_magnet[tick=9600] sensor2: d=0.3208m in_range=False f_mag=0.000N tau_mag=0.0000Nm misalign_deg=90.0 pos=[ 0.10902432 -0.10904732  0.49140102] bottom_world=[ 0.10902454 -0.10904699  0.47140102] quat=[ 9.2300075e-01  9.8622832e-06 -1.8525093e-06 -3.8479826e-01] speed=0.0009 ang_speed=0.0017 ang_vel_vec=[-0.00102429  0.00123568 -0.00039797] |com_force|=0.0000N
### kotek_magnet[tick=9600] sensor3: d=0.5470m in_range=False f_mag=0.000N tau_mag=0.0000Nm misalign_deg=90.0 pos=[-0.10910813 -0.10914584  0.49140105] bottom_world=[-0.10910788 -0.10914593  0.47140105] quat=[-3.8058394e-01 -4.7026952e-06  4.6266541e-06  9.2474639e-01] speed=0.0009 ang_speed=0.0019 ang_vel_vec=[ 0.0014017   0.00103245 -0.0007868 ] |com_force|=0.0000N
### kotek_magnet[tick=9600] sensor4: d=0.5249m in_range=False f_mag=0.000N tau_mag=0.0000Nm misalign_deg=90.0 pos=[-0.1090003   0.1089995   0.49140218] bottom_world=[-0.10900028  0.10899956  0.47140218] quat=[ 3.8268226e-01  2.9759758e-07 -1.5552578e-06  9.2387998e-01] speed=0.0004 ang_speed=0.0023 ang_vel_vec=[ 0.00189835  0.00113624 -0.00076161] |com_force|=0.0000N
### kotek_magnet[tick=9660] sensor1: d=0.1322m in_range=False f_mag=0.000N tau_mag=0.0000Nm misalign_deg=77.9 pos=[ 0.31561467 -0.08708625  0.45072496] bottom_world=[ 0.3198198  -0.10588989  0.44536397] quat=[ 0.32499057 -0.36149114  0.48507673  0.7269154 ] speed=0.1388 ang_speed=5.2184 ang_vel_vec=[-5.0581574   1.2609518   0.23913252] |com_force|=0.0000N
### kotek_magnet[tick=9660] sensor2: d=0.3208m in_range=False f_mag=0.000N tau_mag=0.0000Nm misalign_deg=90.0 pos=[ 0.10902442 -0.10904744  0.49140096] bottom_world=[ 0.10902462 -0.10904709  0.47140096] quat=[ 9.2300087e-01  9.9311837e-06 -1.3163587e-06 -3.8479799e-01] speed=0.0010 ang_speed=0.0009 ang_vel_vec=[ 0.00029442  0.00017392 -0.0008261 ] |com_force|=0.0000N
### kotek_magnet[tick=9660] sensor3: d=0.5470m in_range=False f_mag=0.000N tau_mag=0.0000Nm misalign_deg=90.0 pos=[-0.10910751 -0.10914614  0.49140096] bottom_world=[-0.10910746 -0.10914602  0.47140096] quat=[-3.805839e-01 -2.280752e-06 -2.343415e-06  9.247464e-01] speed=0.0004 ang_speed=0.0021 ang_vel_vec=[ 0.00026988  0.00191488 -0.00078746] |com_force|=0.0000N
### kotek_magnet[tick=9660] sensor4: d=0.5249m in_range=False f_mag=0.000N tau_mag=0.0000Nm misalign_deg=90.0 pos=[-0.10900035  0.10899866  0.49140245] bottom_world=[-0.10900021  0.10899895  0.47140245] quat=[ 3.8268265e-01 -5.1516554e-07 -8.0422069e-06  9.2387992e-01] speed=0.0006 ang_speed=0.0044 ang_vel_vec=[-0.00157473  0.00413779  0.0003552 ] |com_force|=0.0000N
### kotek_magnet[tick=9720] sensor1: d=0.1267m in_range=False f_mag=0.000N tau_mag=0.0000Nm misalign_deg=74.0 pos=[ 0.31388918 -0.10071818  0.44716737] bottom_world=[ 0.31939221 -0.11945372  0.44284345] quat=[ 0.2962184  -0.3913617   0.4886083   0.72135484] speed=0.1427 ang_speed=5.2467 ang_vel_vec=[-5.1617227   0.9333634   0.11596918] |com_force|=0.0000N
### kotek_magnet[tick=9720] sensor2: d=0.3208m in_range=False f_mag=0.000N tau_mag=0.0000Nm misalign_deg=90.0 pos=[ 0.1090247  -0.10904678  0.491401  ] bottom_world=[ 0.10902469 -0.10904662  0.47140099] quat=[ 9.2300081e-01  3.5940916e-06  1.8911866e-06 -3.8479814e-01] speed=0.0005 ang_speed=0.0015 ang_vel_vec=[-1.2457479e-03 -3.3752767e-06 -8.5826637e-04] |com_force|=0.0000N
### kotek_magnet[tick=9720] sensor3: d=0.5470m in_range=False f_mag=0.000N tau_mag=0.0000Nm misalign_deg=90.0 pos=[-0.10910747 -0.10914607  0.49140102] bottom_world=[-0.10910742 -0.10914595  0.47140102] quat=[-3.8058397e-01 -2.3395187e-06 -2.4060625e-06  9.2474639e-01] speed=0.0004 ang_speed=0.0022 ang_vel_vec=[ 2.8408456e-05  2.0091336e-03 -8.8894821e-04] |com_force|=0.0000N
### kotek_magnet[tick=9720] sensor4: d=0.5249m in_range=False f_mag=0.000N tau_mag=0.0000Nm misalign_deg=90.0 pos=[-0.10900015  0.10899848  0.4914023 ] bottom_world=[-0.10900005  0.10899879  0.4714023 ] quat=[ 3.8268301e-01  5.6264093e-07 -8.2152746e-06  9.2387974e-01] speed=0.0010 ang_speed=0.0017 ang_vel_vec=[-0.0002216  -0.00123782  0.00116103] |com_force|=0.0000N
### kotek_magnet[tick=9780] sensor1: d=0.1232m in_range=False f_mag=0.000N tau_mag=0.0000Nm misalign_deg=70.3 pos=[ 0.31173527 -0.11416659  0.4439681 ] bottom_world=[ 0.3184776  -0.13271543  0.44073055] quat=[ 0.26782155 -0.42082924  0.49189878  0.7135896 ] speed=0.1445 ang_speed=5.2565 ang_vel_vec=[-5.2232065   0.5903517  -0.01349056] |com_force|=0.0000N
### kotek_magnet[tick=9780] sensor2: d=0.3208m in_range=False f_mag=0.000N tau_mag=0.0000Nm misalign_deg=90.0 pos=[ 0.10902421 -0.10904749  0.491401  ] bottom_world=[ 0.10902454 -0.1090471   0.47140099] quat=[ 9.2300081e-01  1.2189999e-05 -3.9109050e-06 -3.8479820e-01] speed=0.0013 ang_speed=0.0138 ang_vel_vec=[-0.00616164  0.01233924 -0.00019116] |com_force|=0.0000N
### kotek_magnet[tick=9780] sensor3: d=0.5470m in_range=False f_mag=0.000N tau_mag=0.0000Nm misalign_deg=90.0 pos=[-0.1091075  -0.10914613  0.491401  ] bottom_world=[-0.10910746 -0.109146    0.47140099] quat=[-3.8058376e-01 -2.2500410e-06 -2.5148593e-06  9.2474645e-01] speed=0.0004 ang_speed=0.0020 ang_vel_vec=[ 3.8709935e-05  1.8727076e-03 -6.7418814e-04] |com_force|=0.0000N
### kotek_magnet[tick=9780] sensor4: d=0.5249m in_range=False f_mag=0.000N tau_mag=0.0000Nm misalign_deg=90.0 pos=[-0.10900018  0.10899842  0.49140236] bottom_world=[-0.10900007  0.10899873  0.47140236] quat=[ 3.826830e-01  5.612669e-07 -8.265339e-06  9.238797e-01] speed=0.0010 ang_speed=0.0017 ang_vel_vec=[-0.00036035 -0.00083925  0.00140369] |com_force|=0.0000N
### kotek_magnet[tick=9840] sensor1: d=0.1217m in_range=False f_mag=0.000N tau_mag=0.0000Nm misalign_deg=66.7 pos=[ 0.30918562 -0.12739271  0.4411562 ] bottom_world=[ 0.31710587 -0.14563788  0.43906252] quat=[ 0.23958647 -0.4500537   0.49508524  0.70352024] speed=0.1467 ang_speed=5.2645 ang_vel_vec=[-5.257616    0.24911183 -0.1000489 ] |com_force|=0.0000N
### kotek_magnet[tick=9840] sensor2: d=0.3208m in_range=False f_mag=0.000N tau_mag=0.0000Nm misalign_deg=90.0 pos=[ 0.10902432 -0.1090473   0.49140102] bottom_world=[ 0.10902454 -0.10904697  0.47140102] quat=[ 9.2300075e-01  9.8842993e-06 -1.8726773e-06 -3.8479814e-01] speed=0.0009 ang_speed=0.0016 ang_vel_vec=[-0.00095621  0.00120645 -0.00040593] |com_force|=0.0000N
### kotek_magnet[tick=9840] sensor3: d=0.5470m in_range=False f_mag=0.000N tau_mag=0.0000Nm misalign_deg=90.0 pos=[-0.10910747 -0.10914615  0.49140108] bottom_world=[-0.10910743 -0.10914602  0.47140108] quat=[-3.8058379e-01 -2.2397558e-06 -2.5575582e-06  9.2474639e-01] speed=0.0004 ang_speed=0.0020 ang_vel_vec=[-0.00011126  0.00187128 -0.00070883] |com_force|=0.0000N
### kotek_magnet[tick=9840] sensor4: d=0.5249m in_range=False f_mag=0.000N tau_mag=0.0000Nm misalign_deg=90.0 pos=[-0.10900019  0.10899845  0.49140233] bottom_world=[-0.10900008  0.10899876  0.47140233] quat=[ 3.8268301e-01  4.8403734e-07 -8.2991764e-06  9.2387974e-01] speed=0.0010 ang_speed=0.0017 ang_vel_vec=[-0.00045356 -0.00086213  0.00135655] |com_force|=0.0000N
### kotek_magnet[tick=9900] sensor1: d=0.1224m in_range=False f_mag=0.000N tau_mag=0.0000Nm misalign_deg=63.3 pos=[ 0.3061686  -0.14039099  0.43876654] bottom_world=[ 0.3151489  -0.15823776  0.43784623] quat=[ 0.21248104 -0.4780023   0.49850386  0.6912739 ] speed=0.1480 ang_speed=5.2466 ang_vel_vec=[-5.2399907  -0.07262887 -0.25345516] |com_force|=0.0000N
### kotek_magnet[tick=9900] sensor2: d=0.3208m in_range=False f_mag=0.000N tau_mag=0.0000Nm misalign_deg=90.0 pos=[ 0.10902445 -0.10904739  0.49140102] bottom_world=[ 0.10902465 -0.10904705  0.47140102] quat=[ 9.2300081e-01  9.7928796e-06 -1.2085926e-06 -3.8479793e-01] speed=0.0010 ang_speed=0.0009 ang_vel_vec=[ 3.7864558e-04  2.9794926e-05 -7.6927926e-04] |com_force|=0.0000N
### kotek_magnet[tick=9900] sensor3: d=0.5470m in_range=False f_mag=0.000N tau_mag=0.0000Nm misalign_deg=90.0 pos=[-0.10910745 -0.1091461   0.4914011 ] bottom_world=[-0.1091074  -0.10914598  0.47140111] quat=[-3.8058382e-01 -2.2414401e-06 -2.4240117e-06  9.2474651e-01] speed=0.0004 ang_speed=0.0020 ang_vel_vec=[ 8.9319874e-05  1.8339681e-03 -7.3252304e-04] |com_force|=0.0000N
### kotek_magnet[tick=9900] sensor4: d=0.5249m in_range=False f_mag=0.000N tau_mag=0.0000Nm misalign_deg=90.0 pos=[-0.10900015  0.10899845  0.4914023 ] bottom_world=[-0.10900004  0.10899876  0.4714023 ] quat=[ 3.8268310e-01  5.9074995e-07 -8.2187780e-06  9.2387968e-01] speed=0.0010 ang_speed=0.0017 ang_vel_vec=[-0.00036693 -0.00101362  0.00133174] |com_force|=0.0000N
### kotek_magnet[tick=9960] sensor1: d=0.1238m in_range=False f_mag=0.000N tau_mag=0.0000Nm misalign_deg=61.4 pos=[ 0.30419222 -0.14802065  0.43758267] bottom_world=[ 0.31375668 -0.16558432  0.43738599] quat=[ 0.19661719 -0.49435034  0.5007002   0.68283147] speed=0.1455 ang_speed=5.1866 ang_vel_vec=[-5.1732936  -0.18335626 -0.323546  ] |com_force|=0.0000N
### kotek_magnet[tick=9960] sensor2: d=0.3208m in_range=False f_mag=0.000N tau_mag=0.0000Nm misalign_deg=90.0 pos=[ 0.1090247  -0.10904677  0.49140096] bottom_world=[ 0.10902469 -0.10904661  0.47140096] quat=[ 9.2300075e-01  3.5392918e-06  1.8487738e-06 -3.8479808e-01] speed=0.0005 ang_speed=0.0014 ang_vel_vec=[-0.00123111 -0.00017253 -0.00063006] |com_force|=0.0000N
### kotek_magnet[tick=9960] sensor3: d=0.5470m in_range=False f_mag=0.000N tau_mag=0.0000Nm misalign_deg=90.0 pos=[-0.10910747 -0.10914613  0.49140102] bottom_world=[-0.10910743 -0.109146    0.47140102] quat=[-3.8058379e-01 -2.2810123e-06 -2.5284951e-06  9.2474639e-01] speed=0.0004 ang_speed=0.0020 ang_vel_vec=[-0.00016796  0.00184175 -0.00066639] |com_force|=0.0000N
### kotek_magnet[tick=9960] sensor4: d=0.5249m in_range=False f_mag=0.000N tau_mag=0.0000Nm misalign_deg=90.0 pos=[-0.10900015  0.10899845  0.49140227] bottom_world=[-0.10900004  0.10899876  0.47140227] quat=[ 3.8268310e-01  5.8214295e-07 -8.2240922e-06  9.2387968e-01] speed=0.0010 ang_speed=0.0017 ang_vel_vec=[-0.00052661 -0.00085352  0.00139886] |com_force|=0.0000N
### kotek_magnet[tick=10020] sensor1: d=0.1197m in_range=False f_mag=0.000N tau_mag=0.0000Nm misalign_deg=62.3 pos=[ 0.30254018 -0.15332744  0.42853183] bottom_world=[ 0.31183053 -0.17103438  0.42813997] quat=[ 0.20111573 -0.48675656  0.5032609   0.6850905 ] speed=0.1230 ang_speed=5.2012 ang_vel_vec=[-5.1931167  -0.0485929  -0.28570575] |com_force|=0.0000N
### kotek_magnet[tick=10020] sensor2: d=0.3208m in_range=False f_mag=0.000N tau_mag=0.0000Nm misalign_deg=90.0 pos=[ 0.10902448 -0.1090458   0.49140105] bottom_world=[ 0.10902443 -0.10904584  0.47140105] quat=[ 9.2300040e-01 -1.3151880e-06  9.1126003e-07 -3.8479900e-01] speed=0.0009 ang_speed=0.0027 ang_vel_vec=[-0.00065905  0.00194764  0.00167485] |com_force|=0.0000N
### kotek_magnet[tick=10020] sensor3: d=0.5470m in_range=False f_mag=0.000N tau_mag=0.0000Nm misalign_deg=90.0 pos=[-0.10910814 -0.10914585  0.4914011 ] bottom_world=[-0.10910789 -0.10914596  0.47140111] quat=[-3.8058400e-01 -4.7340227e-06  4.8556421e-06  9.2474645e-01] speed=0.0009 ang_speed=0.0016 ang_vel_vec=[ 0.00127896  0.0007896  -0.00059927] |com_force|=0.0000N
### kotek_magnet[tick=10020] sensor4: d=0.5249m in_range=False f_mag=0.000N tau_mag=0.0000Nm misalign_deg=90.0 pos=[-0.10900015  0.10899843  0.49140233] bottom_world=[-0.10900005  0.10899874  0.47140233] quat=[ 3.8268313e-01  6.9686439e-07 -8.0742702e-06  9.2387968e-01] speed=0.0010 ang_speed=0.0021 ang_vel_vec=[-0.000116   -0.00152605  0.00149114] |com_force|=0.0000N
### kotek_magnet[tick=10080] sensor1: d=0.0983m in_range=True f_mag=0.867N tau_mag=0.0020Nm misalign_deg=62.0 pos=[ 0.31595495 -0.15695822  0.40931022] bottom_world=[ 0.32535932 -0.17460718  0.40904157] quat=[ 0.19963664 -0.49086258  0.50233215  0.6832727 ] speed=0.0859 ang_speed=6.6451 ang_vel_vec=[-6.4004726 -1.2569336 -1.2696753] |com_force|=0.4478N
### kotek_magnet[tick=10080] sensor2: d=0.3208m in_range=False f_mag=0.000N tau_mag=0.0000Nm misalign_deg=90.0 pos=[ 0.10902442 -0.10904656  0.49140084] bottom_world=[ 0.1090245  -0.10904636  0.47140084] quat=[ 9.2300063e-01  5.2643418e-06  6.7652763e-09 -3.8479859e-01] speed=0.0000 ang_speed=0.0007 ang_vel_vec=[-0.00060605  0.0003988   0.00017417] |com_force|=0.0000N
### kotek_magnet[tick=10080] sensor3: d=0.5470m in_range=False f_mag=0.000N tau_mag=0.0000Nm misalign_deg=90.0 pos=[-0.10910813 -0.10914582  0.49140105] bottom_world=[-0.10910789 -0.10914592  0.47140105] quat=[-3.8058412e-01 -4.4510357e-06  4.4712806e-06  9.2474639e-01] speed=0.0009 ang_speed=0.0018 ang_vel_vec=[ 0.00121628  0.00075854 -0.00102621] |com_force|=0.0000N
### kotek_magnet[tick=10080] sensor4: d=0.5249m in_range=False f_mag=0.000N tau_mag=0.0000Nm misalign_deg=90.0 pos=[-0.10900034  0.1089987   0.49140233] bottom_world=[-0.10900019  0.108999    0.47140233] quat=[ 3.8268274e-01 -6.8405939e-07 -8.3412606e-06  9.2387980e-01] speed=0.0007 ang_speed=0.0047 ang_vel_vec=[-0.00175175  0.00432195  0.00020955] |com_force|=0.0000N
### kotek_magnet[tick=10140] sensor1: d=0.0789m in_range=True f_mag=1.564N tau_mag=0.0015Nm misalign_deg=61.6 pos=[ 0.3276404  -0.15917313  0.38968801] bottom_world=[ 0.33715885 -0.17676099  0.38943022] quat=[ 0.19806707 -0.49312967  0.5003782   0.6835307 ] speed=0.1317 ang_speed=6.4002 ang_vel_vec=[-6.0539317 -1.5117549 -1.4237832] |com_force|=0.3853N
### kotek_magnet[tick=10140] sensor2: d=0.3208m in_range=False f_mag=0.000N tau_mag=0.0000Nm misalign_deg=90.0 pos=[ 0.10902444 -0.10904653  0.4914008 ] bottom_world=[ 0.10902451 -0.10904634  0.47140081] quat=[ 9.2300063e-01  5.2104142e-06  1.7991841e-08 -3.8479862e-01] speed=0.0001 ang_speed=0.0009 ang_vel_vec=[-0.00065043  0.00041099  0.0003826 ] |com_force|=0.0000N
### kotek_magnet[tick=10140] sensor3: d=0.5470m in_range=False f_mag=0.000N tau_mag=0.0000Nm misalign_deg=90.0 pos=[-0.10910813 -0.1091458   0.49140108] bottom_world=[-0.10910789 -0.1091459   0.47140108] quat=[-3.8058397e-01 -4.6194245e-06  4.6787604e-06  9.2474645e-01] speed=0.0009 ang_speed=0.0018 ang_vel_vec=[ 0.00128572  0.0009254  -0.00080637] |com_force|=0.0000N
### kotek_magnet[tick=10140] sensor4: d=0.5249m in_range=False f_mag=0.000N tau_mag=0.0000Nm misalign_deg=90.0 pos=[-0.10900041  0.1089984   0.49140236] bottom_world=[-0.10900021  0.10899874  0.47140236] quat=[ 3.8268292e-01 -1.5333816e-06 -9.7567608e-06  9.2387974e-01] speed=0.0009 ang_speed=0.0031 ang_vel_vec=[0.00042575 0.00299413 0.00059692] |com_force|=0.0000N
### still playing, 1219s left
### kotek_magnet[tick=10200] sensor1: d=0.0866m in_range=True f_mag=1.568N tau_mag=0.0017Nm misalign_deg=93.8 pos=[ 0.31683564 -0.13438362  0.3827404 ] bottom_world=[ 0.31551428 -0.14875415  0.36889332] quat=[ 0.4963283  -0.18049169  0.3482033   0.7744905 ] speed=0.1207 ang_speed=3.3175 ang_vel_vec=[ 2.5747514  -0.23711842 -2.0784738 ] |com_force|=0.4504N
### kotek_magnet[tick=10200] sensor2: d=0.3208m in_range=False f_mag=0.000N tau_mag=0.0000Nm misalign_deg=90.0 pos=[ 0.10902444 -0.10904741  0.49140102] bottom_world=[ 0.10902464 -0.10904706  0.47140102] quat=[ 9.2300093e-01  9.7691418e-06 -1.2017538e-06 -3.8479787e-01] speed=0.0010 ang_speed=0.0008 ang_vel_vec=[ 1.3018537e-05  2.5133678e-04 -7.3010247e-04] |com_force|=0.0000N
### kotek_magnet[tick=10200] sensor3: d=0.5470m in_range=False f_mag=0.000N tau_mag=0.0000Nm misalign_deg=90.0 pos=[-0.10910816 -0.10914583  0.4914011 ] bottom_world=[-0.10910791 -0.10914593  0.47140111] quat=[-3.8058403e-01 -4.6786245e-06  4.7182693e-06  9.2474633e-01] speed=0.0009 ang_speed=0.0016 ang_vel_vec=[ 0.00114526  0.00079655 -0.00073588] |com_force|=0.0000N
### kotek_magnet[tick=10200] sensor4: d=0.5249m in_range=False f_mag=0.000N tau_mag=0.0000Nm misalign_deg=90.0 pos=[-0.10900016  0.10899848  0.49140224] bottom_world=[-0.10900006  0.10899879  0.47140224] quat=[ 3.8268304e-01  5.8695815e-07 -8.0687978e-06  9.2387968e-01] speed=0.0009 ang_speed=0.0016 ang_vel_vec=[-0.00064359 -0.00040064  0.00141222] |com_force|=0.0000N
### kotek_magnet[tick=10260] sensor1: d=0.1322m in_range=False f_mag=0.000N tau_mag=0.0000Nm misalign_deg=141.7 pos=[ 0.31158596 -0.11536027  0.28624338] bottom_world=[ 0.29589471 -0.11946704  0.27454214] quat=[0.5845158  0.25663778 0.37630594 0.6714703 ] speed=0.3000 ang_speed=0.4998 ang_vel_vec=[ 0.24710092  0.34302726 -0.26668954] |com_force|=0.0000N
### kotek_magnet[tick=10260] sensor2: d=0.3208m in_range=False f_mag=0.000N tau_mag=0.0000Nm misalign_deg=90.0 pos=[ 0.10902444 -0.10904735  0.49140102] bottom_world=[ 0.10902463 -0.10904701  0.47140102] quat=[ 9.2300087e-01  9.7266820e-06 -1.1738427e-06 -3.8479802e-01] speed=0.0010 ang_speed=0.0008 ang_vel_vec=[ 3.5859342e-04  3.9675862e-05 -7.1711710e-04] |com_force|=0.0000N
### kotek_magnet[tick=10260] sensor3: d=0.5470m in_range=False f_mag=0.000N tau_mag=0.0000Nm misalign_deg=90.0 pos=[-0.10910813 -0.10914582  0.491401  ] bottom_world=[-0.10910789 -0.10914592  0.47140099] quat=[-3.8058394e-01 -4.6448035e-06  4.5976262e-06  9.2474639e-01] speed=0.0009 ang_speed=0.0014 ang_vel_vec=[ 0.00109689  0.0005889  -0.00072818] |com_force|=0.0000N
### kotek_magnet[tick=10260] sensor4: d=0.5249m in_range=False f_mag=0.000N tau_mag=0.0000Nm misalign_deg=90.0 pos=[-0.10900015  0.10899848  0.49140233] bottom_world=[-0.10900005  0.10899879  0.47140233] quat=[ 3.8268310e-01  6.2030546e-07 -8.0278724e-06  9.2387974e-01] speed=0.0010 ang_speed=0.0018 ang_vel_vec=[-0.00019524 -0.00116221  0.00139222] |com_force|=0.0000N
### kotek_magnet[tick=10320] sensor1: d=0.2278m in_range=False f_mag=0.000N tau_mag=0.0000Nm misalign_deg=165.3 pos=[ 0.32070923 -0.11141567  0.14321096] bottom_world=[ 0.3013627  -0.11308544  0.14799884] quat=[0.37602904 0.5803464  0.5318787  0.4887794 ] speed=0.2925 ang_speed=7.3845 ang_vel_vec=[-3.6288803  6.126179   1.9573972] |com_force|=0.0000N
### kotek_magnet[tick=10320] sensor2: d=0.3208m in_range=False f_mag=0.000N tau_mag=0.0000Nm misalign_deg=90.0 pos=[ 0.10902471 -0.10904673  0.49140102] bottom_world=[ 0.10902469 -0.10904658  0.47140102] quat=[ 9.2300069e-01  3.4758887e-06  1.8909461e-06 -3.8479823e-01] speed=0.0005 ang_speed=0.0016 ang_vel_vec=[-0.00137195 -0.00011049 -0.0008221 ] |com_force|=0.0000N
### kotek_magnet[tick=10320] sensor3: d=0.5470m in_range=False f_mag=0.000N tau_mag=0.0000Nm misalign_deg=90.0 pos=[-0.10910803 -0.10914572  0.49140105] bottom_world=[-0.10910779 -0.10914585  0.47140105] quat=[-3.8058382e-01 -4.3137470e-06  5.0756025e-06  9.2474651e-01] speed=0.0009 ang_speed=0.0031 ang_vel_vec=[ 0.00223629  0.00205764 -0.00058074] |com_force|=0.0000N
### kotek_magnet[tick=10320] sensor4: d=0.5249m in_range=False f_mag=0.000N tau_mag=0.0000Nm misalign_deg=90.0 pos=[-0.109       0.10899878  0.49140224] bottom_world=[-0.10900007  0.10899894  0.47140224] quat=[ 3.8268292e-01  3.2320827e-06 -3.2132907e-06  9.2387974e-01] speed=0.0007 ang_speed=0.0053 ang_vel_vec=[ 0.0028649  -0.0043324   0.00093359] |com_force|=0.0000N
### kotek_magnet[tick=10380] sensor1: d=0.3210m in_range=False f_mag=0.000N tau_mag=0.0000Nm misalign_deg=90.0 pos=[ 0.3222183  -0.12032336  0.02000003] bottom_world=[ 0.32221837 -0.12032331  0.04000003] quat=[-7.9396227e-07  5.6362092e-01  8.2603353e-01 -1.9352440e-06] speed=0.0002 ang_speed=0.0036 ang_vel_vec=[ 0.00154421 -0.00323318 -0.00017396] |com_force|=0.0000N
### kotek_magnet[tick=10380] sensor2: d=0.3208m in_range=False f_mag=0.000N tau_mag=0.0000Nm misalign_deg=90.0 pos=[ 0.10902435 -0.10904731  0.49140102] bottom_world=[ 0.10902457 -0.10904698  0.47140102] quat=[ 9.2300069e-01  9.5736705e-06 -1.8543062e-06 -3.8479817e-01] speed=0.0009 ang_speed=0.0013 ang_vel_vec=[-0.00070663  0.00097636 -0.00033209] |com_force|=0.0000N
### kotek_magnet[tick=10380] sensor3: d=0.5470m in_range=False f_mag=0.000N tau_mag=0.0000Nm misalign_deg=90.0 pos=[-0.10910811 -0.10914587  0.49140108] bottom_world=[-0.10910788 -0.10914597  0.47140108] quat=[-3.8058403e-01 -4.4685335e-06  4.3982691e-06  9.2474645e-01] speed=0.0009 ang_speed=0.0014 ang_vel_vec=[ 0.00105274  0.00053605 -0.00069419] |com_force|=0.0000N
### kotek_magnet[tick=10380] sensor4: d=0.5249m in_range=False f_mag=0.000N tau_mag=0.0000Nm misalign_deg=90.0 pos=[-0.10900033  0.10899869  0.4914024 ] bottom_world=[-0.10900018  0.10899898  0.47140239] quat=[ 3.826827e-01 -7.266807e-07 -8.309608e-06  9.238798e-01] speed=0.0006 ang_speed=0.0045 ang_vel_vec=[-0.00155541  0.00416214  0.00056181] |com_force|=0.0000N
### kotek_magnet[tick=10440] sensor1: d=0.3210m in_range=False f_mag=0.000N tau_mag=0.0000Nm misalign_deg=90.0 pos=[ 0.32221833 -0.12032335  0.02000004] bottom_world=[ 0.3222184  -0.1203233   0.04000004] quat=[-7.2717160e-07  5.6362098e-01  8.2603347e-01 -2.0111854e-06] speed=0.0002 ang_speed=0.0036 ang_vel_vec=[ 0.00155724 -0.00328895 -0.00017556] |com_force|=0.0000N
### kotek_magnet[tick=10440] sensor2: d=0.3208m in_range=False f_mag=0.000N tau_mag=0.0000Nm misalign_deg=90.0 pos=[ 0.10902472 -0.10904682  0.49140108] bottom_world=[ 0.10902471 -0.10904665  0.47140108] quat=[ 9.2300075e-01  3.8463827e-06  1.8346789e-06 -3.8479823e-01] speed=0.0005 ang_speed=0.0014 ang_vel_vec=[-1.2836917e-03 -3.6571048e-05 -5.9004605e-04] |com_force|=0.0000N
### kotek_magnet[tick=10440] sensor3: d=0.5470m in_range=False f_mag=0.000N tau_mag=0.0000Nm misalign_deg=90.0 pos=[-0.1091075  -0.10914618  0.49140105] bottom_world=[-0.10910744 -0.10914606  0.47140105] quat=[-3.8058376e-01 -2.4858236e-06 -2.2465131e-06  9.2474645e-01] speed=0.0004 ang_speed=0.0021 ang_vel_vec=[ 0.00015284  0.00204461 -0.00060427] |com_force|=0.0000N
### kotek_magnet[tick=10440] sensor4: d=0.5249m in_range=False f_mag=0.000N tau_mag=0.0000Nm misalign_deg=90.0 pos=[-0.1090004   0.10899835  0.49140227] bottom_world=[-0.1090002   0.10899869  0.47140227] quat=[ 3.8268304e-01 -1.3471533e-06 -9.7891534e-06  9.2387980e-01] speed=0.0009 ang_speed=0.0032 ang_vel_vec=[0.00027376 0.00308231 0.00070753] |com_force|=0.0000N
### kotek_magnet[tick=10500] sensor1: d=0.3210m in_range=False f_mag=0.000N tau_mag=0.0000Nm misalign_deg=90.0 pos=[ 0.32221833 -0.12032337  0.02000004] bottom_world=[ 0.3222184  -0.12032332  0.04000003] quat=[-7.3894927e-07  5.6362092e-01  8.2603353e-01 -1.9865063e-06] speed=0.0002 ang_speed=0.0036 ang_vel_vec=[ 0.00155723 -0.0032883  -0.00017552] |com_force|=0.0000N
### kotek_magnet[tick=10500] sensor2: d=0.3208m in_range=False f_mag=0.000N tau_mag=0.0000Nm misalign_deg=90.0 pos=[ 0.10902444 -0.10904744  0.4914011 ] bottom_world=[ 0.10902462 -0.1090471   0.47140111] quat=[ 9.2300087e-01  9.6464200e-06 -1.0387760e-06 -3.8479802e-01] speed=0.0010 ang_speed=0.0010 ang_vel_vec=[ 0.00060672 -0.00028397 -0.00070726] |com_force|=0.0000N
### kotek_magnet[tick=10500] sensor3: d=0.5470m in_range=False f_mag=0.000N tau_mag=0.0000Nm misalign_deg=90.0 pos=[-0.10910802 -0.1091458   0.49140102] bottom_world=[-0.10910779 -0.10914591  0.47140102] quat=[-3.805838e-01 -4.322855e-06  4.746710e-06  9.247464e-01] speed=0.0009 ang_speed=0.0029 ang_vel_vec=[ 0.00209314  0.00199557 -0.00043311] |com_force|=0.0000N
### kotek_magnet[tick=10500] sensor4: d=0.5249m in_range=False f_mag=0.000N tau_mag=0.0000Nm misalign_deg=90.0 pos=[-0.109       0.10900018  0.49140227] bottom_world=[-0.10900024  0.10900003  0.47140227] quat=[3.8268214e-01 4.0606774e-06 5.9670783e-06 9.2388016e-01] speed=0.0010 ang_speed=0.0031 ang_vel_vec=[ 0.00216309 -0.00211478 -0.00077686] |com_force|=0.0000N
### kotek_magnet[tick=10560] sensor1: d=0.3210m in_range=False f_mag=0.000N tau_mag=0.0000Nm misalign_deg=90.0 pos=[ 0.32221833 -0.12032335  0.02000002] bottom_world=[ 0.3222184  -0.1203233   0.04000002] quat=[-7.3045896e-07  5.6362098e-01  8.2603347e-01 -1.9951365e-06] speed=0.0002 ang_speed=0.0036 ang_vel_vec=[ 0.00155757 -0.00329202 -0.00017564] |com_force|=0.0000N
### kotek_magnet[tick=10560] sensor2: d=0.3208m in_range=False f_mag=0.000N tau_mag=0.0000Nm misalign_deg=90.0 pos=[ 0.10902437 -0.10904731  0.49140105] bottom_world=[ 0.10902459 -0.10904696  0.47140105] quat=[ 9.2300081e-01  1.0108149e-05 -1.9107958e-06 -3.8479805e-01] speed=0.0010 ang_speed=0.0013 ang_vel_vec=[-0.00076153  0.00102522 -0.00042679] |com_force|=0.0000N
### kotek_magnet[tick=10560] sensor3: d=0.5470m in_range=False f_mag=0.000N tau_mag=0.0000Nm misalign_deg=90.0 pos=[-0.10910749 -0.10914615  0.49140096] bottom_world=[-0.10910743 -0.10914602  0.47140096] quat=[-3.8058388e-01 -2.4194280e-06 -2.3792170e-06  9.2474639e-01] speed=0.0004 ang_speed=0.0023 ang_vel_vec=[ 0.00038456  0.00210005 -0.00074007] |com_force|=0.0000N
### kotek_magnet[tick=10560] sensor4: d=0.5249m in_range=False f_mag=0.000N tau_mag=0.0000Nm misalign_deg=90.0 pos=[-0.10900032  0.10899867  0.49140233] bottom_world=[-0.10900018  0.10899897  0.47140233] quat=[ 3.8268277e-01 -3.2242050e-07 -8.1809840e-06  9.2387992e-01] speed=0.0007 ang_speed=0.0049 ang_vel_vec=[-0.00198009  0.00447599  0.000429  ] |com_force|=0.0000N
### kotek_magnet[tick=10620] sensor1: d=0.3210m in_range=False f_mag=0.000N tau_mag=0.0000Nm misalign_deg=90.0 pos=[ 0.32221833 -0.12032337  0.02000002] bottom_world=[ 0.3222184  -0.12032332  0.04000002] quat=[-7.4497945e-07  5.6362092e-01  8.2603353e-01 -2.0127407e-06] speed=0.0002 ang_speed=0.0036 ang_vel_vec=[ 0.00155714 -0.00328826 -0.00017553] |com_force|=0.0000N
### kotek_magnet[tick=10620] sensor2: d=0.3208m in_range=False f_mag=0.000N tau_mag=0.0000Nm misalign_deg=90.0 pos=[ 0.10902439 -0.10904608  0.49140087] bottom_world=[ 0.10902446 -0.109046    0.47140087] quat=[ 9.2300051e-01  2.5080490e-06 -7.4277841e-07 -3.8479877e-01] speed=0.0006 ang_speed=0.0053 ang_vel_vec=[-0.00344292  0.00393111  0.00099526] |com_force|=0.0000N
### kotek_magnet[tick=10620] sensor3: d=0.5470m in_range=False f_mag=0.000N tau_mag=0.0000Nm misalign_deg=90.0 pos=[-0.10910644 -0.10914595  0.49140108] bottom_world=[-0.10910661 -0.10914577  0.47140108] quat=[-3.8058287e-01  2.3040093e-06 -6.0182374e-06  9.2474687e-01] speed=0.0010 ang_speed=0.0031 ang_vel_vec=[0.00260022 0.00080248 0.00144626] |com_force|=0.0000N
### kotek_magnet[tick=10620] sensor4: d=0.5249m in_range=False f_mag=0.000N tau_mag=0.0000Nm misalign_deg=90.0 pos=[-0.10900017  0.10899839  0.49140233] bottom_world=[-0.10900005  0.10899872  0.47140233] quat=[ 3.8268298e-01  4.0292161e-07 -8.7218596e-06  9.2387968e-01] speed=0.0010 ang_speed=0.0018 ang_vel_vec=[-0.00059292 -0.00113095  0.00123316] |com_force|=0.0000N
### kotek_magnet[tick=10680] sensor1: d=0.3210m in_range=False f_mag=0.000N tau_mag=0.0000Nm misalign_deg=90.0 pos=[ 0.32221833 -0.12032337  0.02000004] bottom_world=[ 0.3222184  -0.12032332  0.04000004] quat=[-8.0908279e-07  5.6362098e-01  8.2603353e-01 -1.9604140e-06] speed=0.0002 ang_speed=0.0036 ang_vel_vec=[ 0.00155726 -0.00328975 -0.00017563] |com_force|=0.0000N
### kotek_magnet[tick=10680] sensor2: d=0.3208m in_range=False f_mag=0.000N tau_mag=0.0000Nm misalign_deg=90.0 pos=[ 0.1090245  -0.10904583  0.49140105] bottom_world=[ 0.10902445 -0.10904586  0.47140105] quat=[ 9.2300045e-01 -1.0609488e-06  8.8005390e-07 -3.8479897e-01] speed=0.0008 ang_speed=0.0026 ang_vel_vec=[-0.00093657  0.00195069  0.00148706] |com_force|=0.0000N
### kotek_magnet[tick=10680] sensor3: d=0.5470m in_range=False f_mag=0.000N tau_mag=0.0000Nm misalign_deg=90.0 pos=[-0.10910642 -0.10914598  0.4914011 ] bottom_world=[-0.10910659 -0.1091458   0.47140111] quat=[-3.8058305e-01  2.1517551e-06 -5.8892047e-06  9.2474687e-01] speed=0.0010 ang_speed=0.0031 ang_vel_vec=[0.00251739 0.0009012  0.00152674] |com_force|=0.0000N
### kotek_magnet[tick=10680] sensor4: d=0.5249m in_range=False f_mag=0.000N tau_mag=0.0000Nm misalign_deg=90.0 pos=[-0.10900033  0.10899917  0.49140224] bottom_world=[-0.10900029  0.10899932  0.47140224] quat=[ 3.8268244e-01  3.0300626e-07 -3.8099038e-06  9.2387998e-01] speed=0.0002 ang_speed=0.0020 ang_vel_vec=[-0.00101081  0.00163328 -0.00042372] |com_force|=0.0000N
### kotek_magnet[tick=10740] sensor1: d=0.3210m in_range=False f_mag=0.000N tau_mag=0.0000Nm misalign_deg=90.0 pos=[ 0.32221833 -0.12032337  0.02000003] bottom_world=[ 0.3222184  -0.12032332  0.04000003] quat=[-8.1641787e-07  5.6362098e-01  8.2603353e-01 -1.9635488e-06] speed=0.0002 ang_speed=0.0036 ang_vel_vec=[ 0.00155748 -0.00329004 -0.00017563] |com_force|=0.0000N
### kotek_magnet[tick=10740] sensor2: d=0.3208m in_range=False f_mag=0.000N tau_mag=0.0000Nm misalign_deg=90.0 pos=[ 0.10902449 -0.10904577  0.49140087] bottom_world=[ 0.10902444 -0.1090458   0.47140087] quat=[ 9.2300040e-01 -1.3932791e-06  9.5050598e-07 -3.8479894e-01] speed=0.0009 ang_speed=0.0024 ang_vel_vec=[-0.00051163  0.00189375  0.00135874] |com_force|=0.0000N
### kotek_magnet[tick=10740] sensor3: d=0.5470m in_range=False f_mag=0.000N tau_mag=0.0000Nm misalign_deg=90.0 pos=[-0.10910646 -0.10914593  0.49140102] bottom_world=[-0.10910663 -0.10914575  0.47140102] quat=[-3.8058293e-01  2.1754647e-06 -5.8105652e-06  9.2474675e-01] speed=0.0010 ang_speed=0.0031 ang_vel_vec=[0.00265525 0.00085049 0.00138981] |com_force|=0.0000N
### kotek_magnet[tick=10740] sensor4: d=0.5249m in_range=False f_mag=0.000N tau_mag=0.0000Nm misalign_deg=90.0 pos=[-0.10900041  0.10899837  0.4914024 ] bottom_world=[-0.10900019  0.10899872  0.47140239] quat=[ 3.8268289e-01 -1.5523644e-06 -1.0315180e-05  9.2387974e-01] speed=0.0010 ang_speed=0.0039 ang_vel_vec=[-8.3068706e-05  3.8900336e-03  4.4349337e-04] |com_force|=0.0000N
### kotek_magnet[tick=10800] sensor1: d=0.3210m in_range=False f_mag=0.000N tau_mag=0.0000Nm misalign_deg=90.0 pos=[ 0.32221833 -0.12032336  0.02000003] bottom_world=[ 0.3222184  -0.12032331  0.04000003] quat=[-7.9448449e-07  5.6362098e-01  8.2603353e-01 -1.9226973e-06] speed=0.0002 ang_speed=0.0036 ang_vel_vec=[ 0.00155714 -0.00328925 -0.00017563] |com_force|=0.0000N
### kotek_magnet[tick=10800] sensor2: d=0.3208m in_range=False f_mag=0.000N tau_mag=0.0000Nm misalign_deg=90.0 pos=[ 0.10902423 -0.10904633  0.49140093] bottom_world=[ 0.10902436 -0.10904619  0.47140093] quat=[ 9.2300051e-01  4.4775461e-06 -1.6510205e-06 -3.8479888e-01] speed=0.0005 ang_speed=0.0074 ang_vel_vec=[-0.00403681  0.00601101  0.00141059] |com_force|=0.0000N
### kotek_magnet[tick=10800] sensor3: d=0.5470m in_range=False f_mag=0.000N tau_mag=0.0000Nm misalign_deg=90.0 pos=[-0.1091067  -0.10914625  0.49140093] bottom_world=[-0.10910686 -0.10914597  0.47140093] quat=[-3.8058326e-01  1.1570031e-06 -8.0456985e-06  9.2474669e-01] speed=0.0007 ang_speed=0.0025 ang_vel_vec=[-2.4220422e-03 -1.6026956e-05  5.9226580e-04] |com_force|=0.0000N
### kotek_magnet[tick=10800] sensor4: d=0.5249m in_range=False f_mag=0.000N tau_mag=0.0000Nm misalign_deg=90.0 pos=[-0.1090002   0.10899835  0.4914024 ] bottom_world=[-0.10900008  0.10899868  0.47140239] quat=[ 3.8268289e-01  4.2436102e-07 -8.8668194e-06  9.2387974e-01] speed=0.0011 ang_speed=0.0021 ang_vel_vec=[-0.00044016 -0.00151138  0.00134507] |com_force|=0.0000N
### kotek_magnet[tick=10860] sensor1: d=0.3210m in_range=False f_mag=0.000N tau_mag=0.0000Nm misalign_deg=90.0 pos=[ 0.32221833 -0.12032336  0.02000003] bottom_world=[ 0.3222184  -0.12032331  0.04000003] quat=[-7.6310602e-07  5.6362098e-01  8.2603353e-01 -1.9705833e-06] speed=0.0002 ang_speed=0.0036 ang_vel_vec=[ 0.0015572  -0.00328775 -0.00017555] |com_force|=0.0000N
### kotek_magnet[tick=10860] sensor2: d=0.3208m in_range=False f_mag=0.000N tau_mag=0.0000Nm misalign_deg=90.0 pos=[ 0.1090247  -0.10904683  0.49140108] bottom_world=[ 0.10902469 -0.10904666  0.47140108] quat=[ 9.2300081e-01  3.7873669e-06  1.7535824e-06 -3.8479808e-01] speed=0.0006 ang_speed=0.0014 ang_vel_vec=[-0.00106481 -0.00025531 -0.00084654] |com_force|=0.0000N
### kotek_magnet[tick=10860] sensor3: d=0.5470m in_range=False f_mag=0.000N tau_mag=0.0000Nm misalign_deg=90.0 pos=[-0.10910666 -0.10914618  0.491401  ] bottom_world=[-0.10910683 -0.1091459   0.47140099] quat=[-3.8058323e-01  1.2538487e-06 -8.0609934e-06  9.2474675e-01] speed=0.0006 ang_speed=0.0023 ang_vel_vec=[-2.2202088e-03  9.9198980e-05  4.2682997e-04] |com_force|=0.0000N
### kotek_magnet[tick=10860] sensor4: d=0.5249m in_range=False f_mag=0.000N tau_mag=0.0000Nm misalign_deg=90.0 pos=[-0.10900021  0.10899838  0.49140242] bottom_world=[-0.10900009  0.10899872  0.47140242] quat=[ 3.8268310e-01  2.8253956e-07 -8.9513069e-06  9.2387968e-01] speed=0.0011 ang_speed=0.0018 ang_vel_vec=[-0.00060117 -0.00118752  0.00119876] |com_force|=0.0000N
### kotek_magnet[tick=10920] sensor1: d=0.3210m in_range=False f_mag=0.000N tau_mag=0.0000Nm misalign_deg=90.0 pos=[ 0.32221833 -0.12032336  0.02000003] bottom_world=[ 0.3222184  -0.12032331  0.04000003] quat=[-7.6822943e-07  5.6362098e-01  8.2603353e-01 -1.9463937e-06] speed=0.0002 ang_speed=0.0036 ang_vel_vec=[ 0.00155698 -0.00328814 -0.00017555] |com_force|=0.0000N
### kotek_magnet[tick=10920] sensor2: d=0.3208m in_range=False f_mag=0.000N tau_mag=0.0000Nm misalign_deg=90.0 pos=[ 0.1090244  -0.10904742  0.49140102] bottom_world=[ 0.10902461 -0.10904706  0.47140102] quat=[ 9.2300087e-01  1.0330173e-05 -1.3900603e-06 -3.8479805e-01] speed=0.0010 ang_speed=0.0010 ang_vel_vec=[ 0.00012384  0.00031393 -0.00089614] |com_force|=0.0000N
### kotek_magnet[tick=10920] sensor3: d=0.5470m in_range=False f_mag=0.000N tau_mag=0.0000Nm misalign_deg=90.0 pos=[-0.10910647 -0.10914593  0.491401  ] bottom_world=[-0.10910664 -0.10914575  0.47140099] quat=[-3.8058296e-01  2.1178889e-06 -5.6939007e-06  9.2474681e-01] speed=0.0010 ang_speed=0.0031 ang_vel_vec=[0.00258886 0.00079208 0.00147536] |com_force|=0.0000N
### kotek_magnet[tick=10920] sensor4: d=0.5249m in_range=False f_mag=0.000N tau_mag=0.0000Nm misalign_deg=90.0 pos=[-0.10900037  0.10899924  0.4914022 ] bottom_world=[-0.10900032  0.10899938  0.47140221] quat=[ 3.8268241e-01  2.6005452e-07 -3.7440770e-06  9.2387998e-01] speed=0.0002 ang_speed=0.0016 ang_vel_vec=[-0.00057466  0.00139476 -0.00046144] |com_force|=0.0000N
### kotek_magnet[tick=10980] sensor1: d=0.3210m in_range=False f_mag=0.000N tau_mag=0.0000Nm misalign_deg=90.0 pos=[ 0.32221833 -0.12032336  0.02000002] bottom_world=[ 0.3222184  -0.12032331  0.04000002] quat=[-8.0332433e-07  5.6362098e-01  8.2603353e-01 -1.9738641e-06] speed=0.0002 ang_speed=0.0036 ang_vel_vec=[ 0.00155691 -0.00328788 -0.00017554] |com_force|=0.0000N
### kotek_magnet[tick=10980] sensor2: d=0.3208m in_range=False f_mag=0.000N tau_mag=0.0000Nm misalign_deg=90.0 pos=[ 0.10902469 -0.10904679  0.49140102] bottom_world=[ 0.10902467 -0.10904661  0.47140102] quat=[ 9.2300075e-01  3.9053339e-06  1.9999900e-06 -3.8479808e-01] speed=0.0005 ang_speed=0.0017 ang_vel_vec=[-0.0013984  -0.00079304 -0.00068623] |com_force|=0.0000N
### kotek_magnet[tick=10980] sensor3: d=0.5470m in_range=False f_mag=0.000N tau_mag=0.0000Nm misalign_deg=90.0 pos=[-0.10910647 -0.10914592  0.4914011 ] bottom_world=[-0.10910663 -0.10914574  0.47140111] quat=[-3.8058296e-01  2.0648515e-06 -5.8845062e-06  9.2474687e-01] speed=0.0009 ang_speed=0.0025 ang_vel_vec=[0.00189858 0.00057824 0.00158019] |com_force|=0.0000N
### kotek_magnet[tick=10980] sensor4: d=0.5249m in_range=False f_mag=0.000N tau_mag=0.0000Nm misalign_deg=90.0 pos=[-0.10900036  0.10899868  0.4914023 ] bottom_world=[-0.10900022  0.10899897  0.4714023 ] quat=[ 3.8268274e-01 -4.5010256e-07 -8.1803692e-06  9.2387980e-01] speed=0.0007 ang_speed=0.0046 ang_vel_vec=[-0.00179896  0.0041664   0.00049913] |com_force|=0.0000N
### kotek_magnet[tick=11040] sensor1: d=0.3210m in_range=False f_mag=0.000N tau_mag=0.0000Nm misalign_deg=90.0 pos=[ 0.32221836 -0.12032337  0.02000004] bottom_world=[ 0.32221843 -0.12032332  0.04000004] quat=[-8.0766853e-07  5.6362098e-01  8.2603353e-01 -1.9705917e-06] speed=0.0002 ang_speed=0.0036 ang_vel_vec=[ 0.00155812 -0.00329125 -0.00017556] |com_force|=0.0000N
### kotek_magnet[tick=11040] sensor2: d=0.3208m in_range=False f_mag=0.000N tau_mag=0.0000Nm misalign_deg=90.0 pos=[ 0.10902428 -0.10904735  0.491401  ] bottom_world=[ 0.10902451 -0.10904699  0.47140099] quat=[ 9.2300075e-01  1.0579361e-05 -1.9821405e-06 -3.8479820e-01] speed=0.0010 ang_speed=0.0022 ang_vel_vec=[-0.00144481  0.00160214 -0.00043331] |com_force|=0.0000N
### kotek_magnet[tick=11040] sensor3: d=0.5470m in_range=False f_mag=0.000N tau_mag=0.0000Nm misalign_deg=90.0 pos=[-0.10910646 -0.10914593  0.49140114] bottom_world=[-0.10910663 -0.10914575  0.47140114] quat=[-3.8058290e-01  2.2190754e-06 -5.9255431e-06  9.2474687e-01] speed=0.0010 ang_speed=0.0030 ang_vel_vec=[0.00252071 0.00063546 0.00157838] |com_force|=0.0000N
### kotek_magnet[tick=11040] sensor4: d=0.5249m in_range=False f_mag=0.000N tau_mag=0.0000Nm misalign_deg=90.0 pos=[-0.1090002  0.1089984  0.4914024] bottom_world=[-0.10900009  0.10899871  0.47140239] quat=[ 3.8268301e-01  5.9648443e-07 -8.2504557e-06  9.2387974e-01] speed=0.0010 ang_speed=0.0021 ang_vel_vec=[-3.3233206e-05 -1.6219820e-03  1.3889220e-03] |com_force|=0.0000N
### kotek_magnet[tick=11100] sensor1: d=0.3210m in_range=False f_mag=0.000N tau_mag=0.0000Nm misalign_deg=90.0 pos=[ 0.32221833 -0.12032335  0.02000005] bottom_world=[ 0.3222184  -0.12032331  0.04000005] quat=[-8.1979505e-07  5.6362098e-01  8.2603353e-01 -1.9641325e-06] speed=0.0002 ang_speed=0.0036 ang_vel_vec=[ 0.00155593 -0.00327979 -0.00017539] |com_force|=0.0000N
### kotek_magnet[tick=11100] sensor2: d=0.3208m in_range=False f_mag=0.000N tau_mag=0.0000Nm misalign_deg=90.0 pos=[ 0.10902466 -0.10904677  0.491401  ] bottom_world=[ 0.10902465 -0.10904661  0.47140099] quat=[ 9.2300081e-01  3.7338739e-06  1.8473561e-06 -3.8479817e-01] speed=0.0005 ang_speed=0.0017 ang_vel_vec=[-0.00139388 -0.00069341 -0.00074153] |com_force|=0.0000N
### kotek_magnet[tick=11100] sensor3: d=0.5470m in_range=False f_mag=0.000N tau_mag=0.0000Nm misalign_deg=90.0 pos=[-0.10910753 -0.10914614  0.49140108] bottom_world=[-0.10910748 -0.10914602  0.47140108] quat=[-3.8058373e-01 -2.3858386e-06 -2.3646858e-06  9.2474645e-01] speed=0.0005 ang_speed=0.0020 ang_vel_vec=[-0.00023917  0.00181821 -0.00073423] |com_force|=0.0000N
### kotek_magnet[tick=11100] sensor4: d=0.5249m in_range=False f_mag=0.000N tau_mag=0.0000Nm misalign_deg=90.0 pos=[-0.10900018  0.10899843  0.4914024 ] bottom_world=[-0.10900007  0.10899875  0.47140239] quat=[ 3.8268304e-01  4.8566335e-07 -8.3284385e-06  9.2387968e-01] speed=0.0010 ang_speed=0.0019 ang_vel_vec=[-0.00022985 -0.0012683   0.00132887] |com_force|=0.0000N
### kotek_magnet[tick=11160] sensor1: d=0.3210m in_range=False f_mag=0.000N tau_mag=0.0000Nm misalign_deg=90.0 pos=[ 0.32221833 -0.12032337  0.02000003] bottom_world=[ 0.3222184  -0.12032332  0.04000003] quat=[-7.7930571e-07  5.6362098e-01  8.2603353e-01 -1.9755512e-06] speed=0.0002 ang_speed=0.0036 ang_vel_vec=[ 0.00155711 -0.00328835 -0.00017553] |com_force|=0.0000N
### kotek_magnet[tick=11160] sensor2: d=0.3227m in_range=False f_mag=0.000N tau_mag=0.0000Nm misalign_deg=101.4 pos=[ 0.11365392 -0.10829163  0.4956236 ] bottom_world=[ 0.10968634 -0.11238363  0.47645294] quat=[ 0.9171571  -0.13345125  0.05407848 -0.37160346] speed=0.1173 ang_speed=4.4259 ang_vel_vec=[ 3.1739817  -3.0845792  -0.01098132] |com_force|=0.0000N
### kotek_magnet[tick=11160] sensor3: d=0.5470m in_range=False f_mag=0.000N tau_mag=0.0000Nm misalign_deg=90.0 pos=[-0.10910751 -0.10914616  0.49140105] bottom_world=[-0.10910747 -0.10914603  0.47140105] quat=[-3.8058382e-01 -2.2495744e-06 -2.7753927e-06  9.2474651e-01] speed=0.0005 ang_speed=0.0020 ang_vel_vec=[-2.1465698e-05  1.7983529e-03 -8.1095198e-04] |com_force|=0.0000N
### kotek_magnet[tick=11160] sensor4: d=0.5249m in_range=False f_mag=0.000N tau_mag=0.0000Nm misalign_deg=90.0 pos=[-0.10900034  0.10899861  0.49140242] bottom_world=[-0.10900019  0.10899892  0.47140242] quat=[ 3.8268271e-01 -4.7173046e-07 -8.6467653e-06  9.2387986e-01] speed=0.0008 ang_speed=0.0051 ang_vel_vec=[-0.00206838  0.00466125  0.00036949] |com_force|=0.0000N
### kotek_magnet[tick=11220] sensor1: d=0.3210m in_range=False f_mag=0.000N tau_mag=0.0000Nm misalign_deg=90.0 pos=[ 0.32221833 -0.12032337  0.02000003] bottom_world=[ 0.3222184  -0.12032332  0.04000003] quat=[-8.0840954e-07  5.6362098e-01  8.2603353e-01 -1.9739271e-06] speed=0.0002 ang_speed=0.0036 ang_vel_vec=[ 0.00155693 -0.00328648 -0.00017556] |com_force|=0.0000N
### kotek_magnet[tick=11220] sensor2: d=0.3209m in_range=False f_mag=0.000N tau_mag=0.0000Nm misalign_deg=90.0 pos=[ 0.10952454 -0.11222773  0.49140412] bottom_world=[ 0.10952381 -0.11223319  0.47140412] quat=[ 9.3036252e-01 -1.3377857e-04 -3.3012398e-05 -3.6664110e-01] speed=0.0253 ang_speed=0.3142 ang_vel_vec=[0.10222539 0.06967849 0.28883198] |com_force|=0.0000N
### kotek_magnet[tick=11220] sensor3: d=0.5470m in_range=False f_mag=0.000N tau_mag=0.0000Nm misalign_deg=90.0 pos=[-0.10910751 -0.10914617  0.4914011 ] bottom_world=[-0.10910746 -0.10914604  0.47140111] quat=[-3.8058376e-01 -2.4670651e-06 -2.5037489e-06  9.2474651e-01] speed=0.0005 ang_speed=0.0019 ang_vel_vec=[-0.00024269  0.00174126 -0.00074539] |com_force|=0.0000N
### kotek_magnet[tick=11220] sensor4: d=0.5249m in_range=False f_mag=0.000N tau_mag=0.0000Nm misalign_deg=90.0 pos=[-0.1090002   0.1089984   0.49140227] bottom_world=[-0.10900009  0.10899871  0.47140227] quat=[ 3.8268322e-01  5.5571445e-07 -8.3651494e-06  9.2387962e-01] speed=0.0010 ang_speed=0.0021 ang_vel_vec=[-7.6402182e-05 -1.6580147e-03  1.3319333e-03] |com_force|=0.0000N
### kotek_magnet[tick=11280] sensor1: d=0.3210m in_range=False f_mag=0.000N tau_mag=0.0000Nm misalign_deg=90.0 pos=[ 0.32221833 -0.12032336  0.02000002] bottom_world=[ 0.3222184  -0.12032331  0.04000002] quat=[-7.2755546e-07  5.6362098e-01  8.2603353e-01 -1.9528925e-06] speed=0.0002 ang_speed=0.0036 ang_vel_vec=[ 0.00155719 -0.00328828 -0.00017556] |com_force|=0.0000N
### kotek_magnet[tick=11280] sensor2: d=0.3154m in_range=False f_mag=0.000N tau_mag=0.0000Nm misalign_deg=90.1 pos=[ 0.11574043 -0.1126544   0.49129653] bottom_world=[ 0.11572247 -0.11267055  0.47129654] quat=[ 9.5329982e-01 -5.2039680e-04  3.0615967e-04 -3.0202496e-01] speed=0.1442 ang_speed=7.0707 ang_vel_vec=[ 0.02032597 -1.2851009  -6.9529505 ] |com_force|=0.0000N
### kotek_magnet[tick=11280] sensor3: d=0.5470m in_range=False f_mag=0.000N tau_mag=0.0000Nm misalign_deg=90.0 pos=[-0.10910824 -0.10914554  0.491401  ] bottom_world=[-0.10910795 -0.10914577  0.47140099] quat=[-3.8058367e-01 -4.5835127e-06  8.0744667e-06  9.2474651e-01] speed=0.0013 ang_speed=0.0157 ang_vel_vec=[ 0.01377791  0.00756857 -0.00018259] |com_force|=0.0000N
### kotek_magnet[tick=11280] sensor4: d=0.5249m in_range=False f_mag=0.000N tau_mag=0.0000Nm misalign_deg=90.0 pos=[-0.10900007  0.1090002   0.49140233] bottom_world=[-0.1090003   0.10900005  0.47140233] quat=[3.8268209e-01 3.7572045e-06 5.5998194e-06 9.2388010e-01] speed=0.0010 ang_speed=0.0021 ang_vel_vec=[ 0.00138173 -0.0012062  -0.00095796] |com_force|=0.0000N
### kotek_magnet[tick=11340] sensor1: d=0.3210m in_range=False f_mag=0.000N tau_mag=0.0000Nm misalign_deg=90.0 pos=[ 0.32221833 -0.12032336  0.02000002] bottom_world=[ 0.3222184  -0.12032331  0.04000002] quat=[-7.7789235e-07  5.6362098e-01  8.2603353e-01 -1.9577551e-06] speed=0.0002 ang_speed=0.0036 ang_vel_vec=[ 0.00155694 -0.0032877  -0.00017555] |com_force|=0.0000N
### kotek_magnet[tick=11340] sensor2: d=0.3140m in_range=False f_mag=0.000N tau_mag=0.0000Nm misalign_deg=90.1 pos=[ 0.11738964 -0.11310881  0.49127585] bottom_world=[ 0.11734514 -0.11310123  0.4712759 ] quat=[ 9.5967984e-01 -1.3073781e-04  1.1209233e-03 -2.8109324e-01] speed=0.1864 ang_speed=6.0213 ang_vel_vec=[-0.7679816 -0.1702302 -5.969703 ] |com_force|=0.0000N
### kotek_magnet[tick=11340] sensor3: d=0.5470m in_range=False f_mag=0.000N tau_mag=0.0000Nm misalign_deg=90.0 pos=[-0.10910755 -0.10914612  0.49140114] bottom_world=[-0.10910748 -0.10914599  0.47140114] quat=[-3.8058385e-01 -2.6289554e-06 -2.2734241e-06  9.2474651e-01] speed=0.0005 ang_speed=0.0022 ang_vel_vec=[-0.00049413  0.00196023 -0.00075009] |com_force|=0.0000N
### kotek_magnet[tick=11340] sensor4: d=0.5249m in_range=False f_mag=0.000N tau_mag=0.0000Nm misalign_deg=90.0 pos=[-0.10900005  0.10900019  0.49140233] bottom_world=[-0.10900028  0.10900004  0.47140233] quat=[3.8268223e-01 4.0078785e-06 5.6782965e-06 9.2388010e-01] speed=0.0010 ang_speed=0.0026 ang_vel_vec=[ 0.00176056 -0.00171957 -0.00080613] |com_force|=0.0000N
### kotek_magnet[tick=11400] sensor1: d=0.3210m in_range=False f_mag=0.000N tau_mag=0.0000Nm misalign_deg=90.0 pos=[ 0.32221833 -0.12032336  0.02000004] bottom_world=[ 0.3222184  -0.12032331  0.04000004] quat=[-8.0479680e-07  5.6362098e-01  8.2603353e-01 -1.9669092e-06] speed=0.0002 ang_speed=0.0036 ang_vel_vec=[ 0.00155571 -0.0032772  -0.00017531] |com_force|=0.0000N
### kotek_magnet[tick=11400] sensor2: d=0.3032m in_range=False f_mag=0.000N tau_mag=0.0000Nm misalign_deg=90.2 pos=[ 0.13053045 -0.10724066  0.4969431 ] bottom_world=[ 0.13045599 -0.10625857  0.47696735] quat=[ 0.9992703   0.02449498  0.00257839 -0.0291946 ] speed=0.1084 ang_speed=5.2926 ang_vel_vec=[ 0.8551426  0.3482526 -5.2114134] |com_force|=0.0000N
### kotek_magnet[tick=11400] sensor3: d=0.5470m in_range=False f_mag=0.000N tau_mag=0.0000Nm misalign_deg=90.0 pos=[-0.10910752 -0.10914611  0.4914011 ] bottom_world=[-0.10910747 -0.10914598  0.47140111] quat=[-3.8058376e-01 -2.3293901e-06 -2.4784049e-06  9.2474651e-01] speed=0.0005 ang_speed=0.0018 ang_vel_vec=[-0.00030547  0.0016934  -0.00066226] |com_force|=0.0000N
### kotek_magnet[tick=11400] sensor4: d=0.5249m in_range=False f_mag=0.000N tau_mag=0.0000Nm misalign_deg=90.0 pos=[-0.10900007  0.10900016  0.49140227] bottom_world=[-0.10900029  0.10900002  0.47140227] quat=[3.8268211e-01 3.7456334e-06 5.3862859e-06 9.2388016e-01] speed=0.0009 ang_speed=0.0027 ang_vel_vec=[ 0.00186833 -0.00174869 -0.00073503] |com_force|=0.0000N
### kotek_magnet[tick=11460] sensor1: d=0.3210m in_range=False f_mag=0.000N tau_mag=0.0000Nm misalign_deg=90.0 pos=[ 0.32221833 -0.12032337  0.02000004] bottom_world=[ 0.3222184  -0.12032332  0.04000004] quat=[-8.0873650e-07  5.6362098e-01  8.2603353e-01 -1.9613979e-06] speed=0.0002 ang_speed=0.0036 ang_vel_vec=[ 0.00155731 -0.00329009 -0.00017563] |com_force|=0.0000N
### kotek_magnet[tick=11460] sensor2: d=0.3125m in_range=False f_mag=0.000N tau_mag=0.0000Nm misalign_deg=90.2 pos=[ 0.13063496 -0.10792623  0.5175524 ] bottom_world=[ 0.13056298 -0.1070355   0.49757235] quat=[ 0.9994476   0.02222285  0.00234755 -0.02459991] speed=0.1459 ang_speed=5.0944 ang_vel_vec=[ 0.9456674  1.3365862 -4.824163 ] |com_force|=0.0000N
### kotek_magnet[tick=11460] sensor3: d=0.5470m in_range=False f_mag=0.000N tau_mag=0.0000Nm misalign_deg=90.0 pos=[-0.10910808 -0.10914578  0.49140105] bottom_world=[-0.10910784 -0.1091459   0.47140105] quat=[-3.8058385e-01 -4.4235421e-06  5.1002944e-06  9.2474645e-01] speed=0.0009 ang_speed=0.0030 ang_vel_vec=[ 0.00216869  0.00203167 -0.0005665 ] |com_force|=0.0000N
### kotek_magnet[tick=11460] sensor4: d=0.5249m in_range=False f_mag=0.000N tau_mag=0.0000Nm misalign_deg=90.0 pos=[-0.10900008  0.10900017  0.4914023 ] bottom_world=[-0.10900031  0.10900002  0.4714023 ] quat=[3.8268206e-01 3.9128986e-06 5.6237641e-06 9.2388016e-01] speed=0.0009 ang_speed=0.0028 ang_vel_vec=[ 0.00189647 -0.00191128 -0.00092225] |com_force|=0.0000N
### kotek_magnet[tick=11520] sensor1: d=0.3210m in_range=False f_mag=0.000N tau_mag=0.0000Nm misalign_deg=90.0 pos=[ 0.32221833 -0.12032337  0.02000003] bottom_world=[ 0.3222184  -0.12032332  0.04000003] quat=[-8.1615889e-07  5.6362098e-01  8.2603353e-01 -1.9649051e-06] speed=0.0002 ang_speed=0.0036 ang_vel_vec=[ 0.00155746 -0.00329006 -0.00017563] |com_force|=0.0000N
### kotek_magnet[tick=11520] sensor2: d=0.3243m in_range=False f_mag=0.000N tau_mag=0.0000Nm misalign_deg=90.3 pos=[ 0.13093337 -0.1086088   0.5413555 ] bottom_world=[ 0.13081338 -0.10782933  0.52137105] quat=[ 0.9996517   0.0194349   0.00334183 -0.01754234] speed=0.1099 ang_speed=5.1553 ang_vel_vec=[ 2.4133408  1.182088  -4.3994727] |com_force|=0.0000N
### kotek_magnet[tick=11520] sensor3: d=0.5470m in_range=False f_mag=0.000N tau_mag=0.0000Nm misalign_deg=90.0 pos=[-0.10910818 -0.10914585  0.4914011 ] bottom_world=[-0.10910794 -0.10914594  0.47140111] quat=[-3.8058403e-01 -4.6492819e-06  4.2477509e-06  9.2474645e-01] speed=0.0010 ang_speed=0.0011 ang_vel_vec=[ 0.00086983  0.00045015 -0.00056185] |com_force|=0.0000N
### kotek_magnet[tick=11520] sensor4: d=0.5249m in_range=False f_mag=0.000N tau_mag=0.0000Nm misalign_deg=90.0 pos=[-0.10900006  0.10900015  0.49140233] bottom_world=[-0.10900028  0.10900001  0.47140233] quat=[3.8268220e-01 3.8525404e-06 5.5431838e-06 9.2388016e-01] speed=0.0010 ang_speed=0.0027 ang_vel_vec=[ 0.00194123 -0.0017933  -0.00058669] |com_force|=0.0000N
### kotek_magnet[tick=11580] sensor1: d=0.3210m in_range=False f_mag=0.000N tau_mag=0.0000Nm misalign_deg=90.0 pos=[ 0.32221833 -0.12032337  0.02000002] bottom_world=[ 0.3222184  -0.12032332  0.04000002] quat=[-7.1488074e-07  5.6362098e-01  8.2603353e-01 -1.9694094e-06] speed=0.0002 ang_speed=0.0036 ang_vel_vec=[ 0.00155742 -0.00328921 -0.0001756 ] |com_force|=0.0000N
### kotek_magnet[tick=11580] sensor2: d=0.3386m in_range=False f_mag=0.000N tau_mag=0.0000Nm misalign_deg=90.4 pos=[ 0.1311599  -0.10926554  0.56703496] bottom_world=[ 0.13100613 -0.10873781  0.54704251] quat=[ 0.9998772   0.01316532  0.00394389 -0.00753032] speed=0.1102 ang_speed=6.2308 ang_vel_vec=[ 4.7136636  1.2077641 -3.891665 ] |com_force|=0.0000N
### kotek_magnet[tick=11580] sensor3: d=0.5470m in_range=False f_mag=0.000N tau_mag=0.0000Nm misalign_deg=90.0 pos=[-0.10910752 -0.10914611  0.49140105] bottom_world=[-0.10910747 -0.10914599  0.47140105] quat=[-3.8058376e-01 -2.3720509e-06 -2.3456760e-06  9.2474651e-01] speed=0.0005 ang_speed=0.0019 ang_vel_vec=[-0.00039913  0.00168861 -0.00080268] |com_force|=0.0000N
### kotek_magnet[tick=11580] sensor4: d=0.5249m in_range=False f_mag=0.000N tau_mag=0.0000Nm misalign_deg=90.0 pos=[-0.10900036  0.10899949  0.49140224] bottom_world=[-0.10900034  0.10899955  0.47140224] quat=[ 3.8268223e-01  1.6972054e-07 -1.5714722e-06  9.2388010e-01] speed=0.0004 ang_speed=0.0026 ang_vel_vec=[ 0.00218956  0.00113781 -0.00085105] |com_force|=0.0000N
### kotek_magnet[tick=11640] sensor1: d=0.3210m in_range=False f_mag=0.000N tau_mag=0.0000Nm misalign_deg=90.0 pos=[ 0.32221833 -0.12032336  0.02000004] bottom_world=[ 0.3222184  -0.12032331  0.04000004] quat=[-7.4058556e-07  5.6362098e-01  8.2603353e-01 -1.9591391e-06] speed=0.0002 ang_speed=0.0036 ang_vel_vec=[ 0.00155589 -0.00327777 -0.00017532] |com_force|=0.0000N
### kotek_magnet[tick=11640] sensor2: d=0.3472m in_range=False f_mag=0.000N tau_mag=0.0000Nm misalign_deg=90.5 pos=[ 0.13109066 -0.10972182  0.581254  ] bottom_world=[ 0.13090777 -0.10926551  0.56126005] quat=[ 0.9999044   0.01137934  0.00464486 -0.00634894] speed=0.0580 ang_speed=5.9232 ang_vel_vec=[ 4.182776  -1.2031046 -4.0175476] |com_force|=0.0000N
### kotek_magnet[tick=11640] sensor3: d=0.5470m in_range=False f_mag=0.000N tau_mag=0.0000Nm misalign_deg=90.0 pos=[-0.10910753 -0.10914611  0.49140102] bottom_world=[-0.10910748 -0.10914598  0.47140102] quat=[-3.8058397e-01 -2.4147555e-06 -2.4677136e-06  9.2474639e-01] speed=0.0005 ang_speed=0.0021 ang_vel_vec=[-0.00078127  0.0017563  -0.00087504] |com_force|=0.0000N
### kotek_magnet[tick=11640] sensor4: d=0.5249m in_range=False f_mag=0.000N tau_mag=0.0000Nm misalign_deg=90.0 pos=[-0.10900037  0.10899953  0.4914022 ] bottom_world=[-0.10900035  0.10899959  0.47140221] quat=[ 3.8268217e-01  2.5401943e-07 -1.6107310e-06  9.2388010e-01] speed=0.0005 ang_speed=0.0024 ang_vel_vec=[ 0.00194191  0.00100381 -0.00090423] |com_force|=0.0000N
### kotek_magnet[tick=11700] sensor1: d=0.3210m in_range=False f_mag=0.000N tau_mag=0.0000Nm misalign_deg=90.0 pos=[ 0.32221836 -0.12032336  0.02000004] bottom_world=[ 0.32221843 -0.12032331  0.04000004] quat=[-7.6523651e-07  5.6362098e-01  8.2603353e-01 -1.9617928e-06] speed=0.0002 ang_speed=0.0036 ang_vel_vec=[ 0.00155827 -0.00329262 -0.0001756 ] |com_force|=0.0000N
### kotek_magnet[tick=11700] sensor2: d=0.3445m in_range=False f_mag=0.000N tau_mag=0.0000Nm misalign_deg=91.5 pos=[ 0.13022846 -0.11407078  0.5737574 ] bottom_world=[ 0.12969035 -0.1139362   0.5537651 ] quat=[0.9997993  0.00355904 0.013404   0.01445602] speed=0.0556 ang_speed=3.9527 ang_vel_vec=[ 1.1565089   0.16249637 -3.7762558 ] |com_force|=0.0000N
### kotek_magnet[tick=11700] sensor3: d=0.5470m in_range=False f_mag=0.000N tau_mag=0.0000Nm misalign_deg=90.0 pos=[-0.10910808 -0.10914581  0.49140108] bottom_world=[-0.10910784 -0.10914593  0.47140108] quat=[-3.8058367e-01 -4.4422150e-06  4.8711399e-06  9.2474645e-01] speed=0.0009 ang_speed=0.0024 ang_vel_vec=[ 0.00168697  0.00164561 -0.00046357] |com_force|=0.0000N
### kotek_magnet[tick=11700] sensor4: d=0.5249m in_range=False f_mag=0.000N tau_mag=0.0000Nm misalign_deg=90.0 pos=[-0.10900035  0.10899947  0.4914023 ] bottom_world=[-0.10900033  0.10899953  0.4714023 ] quat=[ 3.8268238e-01  2.4279973e-07 -1.7007878e-06  9.2388004e-01] speed=0.0004 ang_speed=0.0026 ang_vel_vec=[ 0.00231422  0.00100542 -0.00077113] |com_force|=0.0000N
### kotek_magnet[tick=11760] sensor1: d=0.3210m in_range=False f_mag=0.000N tau_mag=0.0000Nm misalign_deg=90.0 pos=[ 0.32221833 -0.12032336  0.02000003] bottom_world=[ 0.3222184  -0.12032331  0.04000003] quat=[-7.7053045e-07  5.6362098e-01  8.2603353e-01 -1.9623985e-06] speed=0.0002 ang_speed=0.0036 ang_vel_vec=[ 0.00155718 -0.00328774 -0.00017555] |com_force|=0.0000N
### kotek_magnet[tick=11760] sensor2: d=0.3392m in_range=False f_mag=0.000N tau_mag=0.0000Nm misalign_deg=93.9 pos=[ 0.13071881 -0.1250148   0.55935967] bottom_world=[ 0.12937236 -0.12676414  0.53948187] quat=[ 0.99484015 -0.04076856  0.03732229  0.08507714] speed=0.0671 ang_speed=4.4875 ang_vel_vec=[ 3.1007748   0.19193748 -3.2382627 ] |com_force|=0.0000N
### kotek_magnet[tick=11760] sensor3: d=0.5470m in_range=False f_mag=0.000N tau_mag=0.0000Nm misalign_deg=90.0 pos=[-0.10910817 -0.10914586  0.49140114] bottom_world=[-0.10910793 -0.10914596  0.47140114] quat=[-3.8058412e-01 -4.6441723e-06  4.5637780e-06  9.2474639e-01] speed=0.0010 ang_speed=0.0015 ang_vel_vec=[ 0.00107523  0.00063941 -0.00081029] |com_force|=0.0000N
### kotek_magnet[tick=11760] sensor4: d=0.5249m in_range=False f_mag=0.000N tau_mag=0.0000Nm misalign_deg=90.0 pos=[-0.10900006  0.10900014  0.4914023 ] bottom_world=[-0.10900029  0.10899999  0.4714023 ] quat=[3.8268206e-01 3.8020098e-06 5.6972340e-06 9.2388010e-01] speed=0.0009 ang_speed=0.0029 ang_vel_vec=[ 0.00200936 -0.00191522 -0.00083433] |com_force|=0.0000N
### kotek_magnet[tick=11820] sensor1: d=0.3210m in_range=False f_mag=0.000N tau_mag=0.0000Nm misalign_deg=90.0 pos=[ 0.32221833 -0.12032336  0.02000003] bottom_world=[ 0.3222184  -0.12032331  0.04000003] quat=[-7.7815110e-07  5.6362098e-01  8.2603353e-01 -1.9658364e-06] speed=0.0002 ang_speed=0.0036 ang_vel_vec=[ 0.00155723 -0.00328786 -0.00017555] |com_force|=0.0000N
### kotek_magnet[tick=11820] sensor2: d=0.3332m in_range=False f_mag=0.000N tau_mag=0.0000Nm misalign_deg=95.2 pos=[ 0.1330065  -0.13576838  0.5447853 ] bottom_world=[ 0.13118037 -0.13956992  0.52523504] quat=[ 0.98072696 -0.08668917  0.06105657  0.16410923] speed=0.0675 ang_speed=3.7379 ang_vel_vec=[ 2.3499196   0.05681237 -2.906292  ] |com_force|=0.0000N
### kotek_magnet[tick=11820] sensor3: d=0.5470m in_range=False f_mag=0.000N tau_mag=0.0000Nm misalign_deg=90.0 pos=[-0.10910815 -0.10914587  0.49140105] bottom_world=[-0.10910792 -0.10914596  0.47140105] quat=[-3.8058388e-01 -4.5344500e-06  4.3010400e-06  9.2474645e-01] speed=0.0010 ang_speed=0.0013 ang_vel_vec=[ 0.00102111  0.00044753 -0.00071162] |com_force|=0.0000N
### kotek_magnet[tick=11820] sensor4: d=0.5249m in_range=False f_mag=0.000N tau_mag=0.0000Nm misalign_deg=90.0 pos=[-0.10900003  0.10900015  0.4914023 ] bottom_world=[-0.10900027  0.109       0.4714023 ] quat=[3.8268203e-01 3.9362899e-06 5.8805726e-06 9.2388010e-01] speed=0.0009 ang_speed=0.0033 ang_vel_vec=[ 0.00236326 -0.00213705 -0.00074002] |com_force|=0.0000N
### still playing, 1189s left
### kotek_magnet[tick=11880] sensor1: d=0.3210m in_range=False f_mag=0.000N tau_mag=0.0000Nm misalign_deg=90.0 pos=[ 0.32221833 -0.12032337  0.02000003] bottom_world=[ 0.3222184  -0.12032332  0.04000003] quat=[-7.8645979e-07  5.6362098e-01  8.2603353e-01 -1.9690892e-06] speed=0.0002 ang_speed=0.0036 ang_vel_vec=[ 0.00155704 -0.00328651 -0.0001755 ] |com_force|=0.0000N
### kotek_magnet[tick=11880] sensor2: d=0.3265m in_range=False f_mag=0.000N tau_mag=0.0000Nm misalign_deg=95.3 pos=[ 0.13724078 -0.14559007  0.53129053] bottom_world=[ 0.13540522 -0.15143482  0.5122519 ] quat=[ 0.9568735  -0.13170868  0.08177393  0.24568096] speed=0.0619 ang_speed=3.9003 ang_vel_vec=[ 1.4837109  0.3055977 -3.5940742] |com_force|=0.0000N
### kotek_magnet[tick=11880] sensor3: d=0.5470m in_range=False f_mag=0.000N tau_mag=0.0000Nm misalign_deg=90.0 pos=[-0.1091075  -0.10914613  0.49140096] bottom_world=[-0.10910745 -0.109146    0.47140096] quat=[-3.8058385e-01 -2.3331390e-06 -2.5046222e-06  9.2474651e-01] speed=0.0005 ang_speed=0.0019 ang_vel_vec=[ 0.0001312  0.0017516 -0.0005984] |com_force|=0.0000N
### kotek_magnet[tick=11880] sensor4: d=0.5249m in_range=False f_mag=0.000N tau_mag=0.0000Nm misalign_deg=90.0 pos=[-0.10900021  0.10899842  0.49140242] bottom_world=[-0.10900009  0.10899874  0.47140242] quat=[ 3.8268307e-01  4.1577260e-07 -8.6560303e-06  9.2387974e-01] speed=0.0010 ang_speed=0.0021 ang_vel_vec=[-0.00016364 -0.00144527  0.00145976] |com_force|=0.0000N
### kotek_magnet[tick=11940] sensor1: d=0.3210m in_range=False f_mag=0.000N tau_mag=0.0000Nm misalign_deg=90.0 pos=[ 0.32221836 -0.12032336  0.02000004] bottom_world=[ 0.32221843 -0.12032331  0.04000004] quat=[-7.6486111e-07  5.6362098e-01  8.2603353e-01 -1.9484128e-06] speed=0.0002 ang_speed=0.0036 ang_vel_vec=[ 0.00155851 -0.00329283 -0.00017561] |com_force|=0.0000N
### kotek_magnet[tick=11940] sensor2: d=0.3184m in_range=False f_mag=0.000N tau_mag=0.0000Nm misalign_deg=93.9 pos=[ 0.14389572 -0.15401457  0.5186142 ] bottom_world=[ 0.14252931 -0.16183088  0.50025557] quat=[ 0.92226416 -0.17620137  0.09994026  0.32923245] speed=0.0732 ang_speed=2.8504 ang_vel_vec=[ 0.24712701 -0.5224016  -2.7911687 ] |com_force|=0.0000N
### kotek_magnet[tick=11940] sensor3: d=0.5470m in_range=False f_mag=0.000N tau_mag=0.0000Nm misalign_deg=90.0 pos=[-0.10910818 -0.10914563  0.491401  ] bottom_world=[-0.1091079  -0.10914584  0.47140099] quat=[-3.8058361e-01 -4.3691552e-06  7.4666782e-06  9.2474645e-01] speed=0.0012 ang_speed=0.0146 ang_vel_vec=[ 0.01284719  0.00685894 -0.00012816] |com_force|=0.0000N
### kotek_magnet[tick=11940] sensor4: d=0.5249m in_range=False f_mag=0.000N tau_mag=0.0000Nm misalign_deg=90.0 pos=[-0.10900035  0.10899864  0.4914024 ] bottom_world=[-0.1090002   0.10899895  0.47140239] quat=[ 3.8268277e-01 -5.3409735e-07 -8.4926360e-06  9.2387980e-01] speed=0.0007 ang_speed=0.0049 ang_vel_vec=[-0.00187206  0.00453022  0.00055427] |com_force|=0.0000N
### kotek_magnet[tick=12000] sensor1: d=0.3210m in_range=False f_mag=0.000N tau_mag=0.0000Nm misalign_deg=90.0 pos=[ 0.32221833 -0.12032336  0.02000003] bottom_world=[ 0.3222184  -0.12032331  0.04000004] quat=[-7.7023986e-07  5.6362098e-01  8.2603353e-01 -1.9483673e-06] speed=0.0002 ang_speed=0.0036 ang_vel_vec=[ 0.00155715 -0.00328827 -0.00017556] |com_force|=0.0000N
### kotek_magnet[tick=12000] sensor2: d=0.3083m in_range=False f_mag=0.000N tau_mag=0.0000Nm misalign_deg=91.0 pos=[ 0.15312913 -0.1609533   0.5067173 ] bottom_world=[ 0.15279497 -0.17060228  0.48920203] quat=[ 0.87567747 -0.22154133  0.11418042  0.41360778] speed=0.0619 ang_speed=3.1775 ang_vel_vec=[ 1.5053415  1.1127768 -2.5675433] |com_force|=0.0000N
### kotek_magnet[tick=12000] sensor3: d=0.5470m in_range=False f_mag=0.000N tau_mag=0.0000Nm misalign_deg=90.0 pos=[-0.1091082  -0.10914561  0.491401  ] bottom_world=[-0.10910793 -0.10914582  0.47140099] quat=[-3.8058361e-01 -4.4119142e-06  7.4746067e-06  9.2474645e-01] speed=0.0012 ang_speed=0.0144 ang_vel_vec=[ 1.2664484e-02  6.8401778e-03 -9.4132462e-05] |com_force|=0.0000N
### kotek_magnet[tick=12000] sensor4: d=0.5249m in_range=False f_mag=0.000N tau_mag=0.0000Nm misalign_deg=90.0 pos=[-0.10900036  0.10899866  0.4914024 ] bottom_world=[-0.10900021  0.10899897  0.47140239] quat=[ 3.8268268e-01 -4.8888285e-07 -8.4928643e-06  9.2387980e-01] speed=0.0007 ang_speed=0.0050 ang_vel_vec=[-0.00200365  0.00451417  0.00054932] |com_force|=0.0000N
### kotek_magnet[tick=12060] sensor1: d=0.3210m in_range=False f_mag=0.000N tau_mag=0.0000Nm misalign_deg=90.0 pos=[ 0.32221833 -0.12032336  0.02000003] bottom_world=[ 0.3222184  -0.12032331  0.04000003] quat=[-7.5775432e-07  5.6362098e-01  8.2603353e-01 -1.9665295e-06] speed=0.0002 ang_speed=0.0036 ang_vel_vec=[ 0.00155724 -0.00328775 -0.00017554] |com_force|=0.0000N
### kotek_magnet[tick=12060] sensor2: d=0.2961m in_range=False f_mag=0.000N tau_mag=0.0000Nm misalign_deg=86.7 pos=[ 0.16467625 -0.16570145  0.49596885] bottom_world=[ 0.16582609 -0.17679587  0.4793679 ] quat=[ 0.81916815 -0.26382267  0.12399098  0.49395072] speed=0.0656 ang_speed=2.7987 ang_vel_vec=[ 1.004786   1.0143137 -2.4071212] |com_force|=0.0000N
### kotek_magnet[tick=12060] sensor3: d=0.5470m in_range=False f_mag=0.000N tau_mag=0.0000Nm misalign_deg=90.0 pos=[-0.10910754 -0.10914619  0.49140105] bottom_world=[-0.10910749 -0.10914606  0.47140105] quat=[-3.8058400e-01 -2.3768675e-06 -2.5022591e-06  9.2474645e-01] speed=0.0005 ang_speed=0.0021 ang_vel_vec=[ 0.0003082   0.00190228 -0.00087638] |com_force|=0.0000N
### kotek_magnet[tick=12060] sensor4: d=0.5249m in_range=False f_mag=0.000N tau_mag=0.0000Nm misalign_deg=90.0 pos=[-0.1090002   0.10899839  0.49140236] bottom_world=[-0.10900009  0.10899871  0.47140236] quat=[ 3.8268298e-01  5.2423627e-07 -8.4852009e-06  9.2387980e-01] speed=0.0010 ang_speed=0.0022 ang_vel_vec=[-4.9559636e-05 -1.9272829e-03  1.1464965e-03] |com_force|=0.0000N
### kotek_magnet[tick=12120] sensor1: d=0.3210m in_range=False f_mag=0.000N tau_mag=0.0000Nm misalign_deg=90.0 pos=[ 0.32221833 -0.12032336  0.02000002] bottom_world=[ 0.3222184  -0.12032331  0.04000002] quat=[-7.3988775e-07  5.6362098e-01  8.2603353e-01 -1.9327376e-06] speed=0.0002 ang_speed=0.0036 ang_vel_vec=[ 0.00155703 -0.00328808 -0.00017556] |com_force|=0.0000N
### kotek_magnet[tick=12120] sensor2: d=0.2809m in_range=False f_mag=0.000N tau_mag=0.0000Nm misalign_deg=81.2 pos=[ 0.17882724 -0.1678476   0.48594856] bottom_world=[ 0.18189131 -0.17993722  0.47031358] quat=[ 0.75107753 -0.30396372  0.12935019  0.57162684] speed=0.0802 ang_speed=3.2535 ang_vel_vec=[ 0.03288165 -0.98716426 -3.0999987 ] |com_force|=0.0000N
### kotek_magnet[tick=12120] sensor3: d=0.5470m in_range=False f_mag=0.000N tau_mag=0.0000Nm misalign_deg=90.0 pos=[-0.10910822 -0.10914563  0.491401  ] bottom_world=[-0.10910794 -0.10914585  0.47140099] quat=[-3.8058376e-01 -4.2810107e-06  7.5723910e-06  9.2474645e-01] speed=0.0012 ang_speed=0.0150 ang_vel_vec=[ 0.01318159  0.0071091  -0.00019587] |com_force|=0.0000N
### kotek_magnet[tick=12120] sensor4: d=0.5249m in_range=False f_mag=0.000N tau_mag=0.0000Nm misalign_deg=90.0 pos=[-0.10900018  0.10899838  0.4914024 ] bottom_world=[-0.10900006  0.10899871  0.47140239] quat=[ 3.8268295e-01  3.7491631e-07 -8.6426016e-06  9.2387980e-01] speed=0.0011 ang_speed=0.0018 ang_vel_vec=[-0.00046558 -0.00117048  0.00133897] |com_force|=0.0000N
### kotek_magnet[tick=12180] sensor1: d=0.3210m in_range=False f_mag=0.000N tau_mag=0.0000Nm misalign_deg=90.0 pos=[ 0.32221833 -0.12032337  0.02000003] bottom_world=[ 0.3222184  -0.12032332  0.04000003] quat=[-7.9853493e-07  5.6362098e-01  8.2603353e-01 -1.9665108e-06] speed=0.0002 ang_speed=0.0036 ang_vel_vec=[ 0.00155734 -0.00329004 -0.00017563] |com_force|=0.0000N
### kotek_magnet[tick=12180] sensor2: d=0.2627m in_range=False f_mag=0.000N tau_mag=0.0000Nm misalign_deg=74.4 pos=[ 0.19525196 -0.16661367  0.47672662] bottom_world=[ 0.20062    -0.17919107  0.46213234] quat=[ 0.67242736 -0.34415826  0.12922108  0.6424161 ] speed=0.0936 ang_speed=3.3327 ang_vel_vec=[ 1.0774341  0.6649614 -3.0827835] |com_force|=0.0000N
### kotek_magnet[tick=12180] sensor3: d=0.5470m in_range=False f_mag=0.000N tau_mag=0.0000Nm misalign_deg=90.0 pos=[-0.10910748 -0.10914618  0.49140108] bottom_world=[-0.10910743 -0.10914605  0.47140108] quat=[-3.8058376e-01 -2.3895968e-06 -2.3522284e-06  9.2474645e-01] speed=0.0004 ang_speed=0.0021 ang_vel_vec=[ 0.00029666  0.00195248 -0.00075745] |com_force|=0.0000N
### kotek_magnet[tick=12180] sensor4: d=0.5249m in_range=False f_mag=0.000N tau_mag=0.0000Nm misalign_deg=90.0 pos=[-0.10900042  0.10899834  0.49140236] bottom_world=[-0.10900021  0.10899869  0.47140236] quat=[ 3.8268292e-01 -1.4929425e-06 -1.0023343e-05  9.2387974e-01] speed=0.0010 ang_speed=0.0036 ang_vel_vec=[0.00026965 0.00355668 0.00056799] |com_force|=0.0000N
### kotek_magnet[tick=12240] sensor1: d=0.3210m in_range=False f_mag=0.000N tau_mag=0.0000Nm misalign_deg=90.0 pos=[ 0.32221833 -0.12032337  0.02000002] bottom_world=[ 0.3222184  -0.12032332  0.04000002] quat=[-7.3809537e-07  5.6362098e-01  8.2603353e-01 -1.9521763e-06] speed=0.0002 ang_speed=0.0036 ang_vel_vec=[ 0.00155729 -0.00328936 -0.00017561] |com_force|=0.0000N
### kotek_magnet[tick=12240] sensor2: d=0.2419m in_range=False f_mag=0.000N tau_mag=0.0000Nm misalign_deg=67.0 pos=[ 0.21300067 -0.16175874  0.46841726] bottom_world=[ 0.22081233 -0.17414951  0.45479937] quat=[ 0.58565587 -0.37974808  0.12387215  0.70530444] speed=0.0929 ang_speed=3.5216 ang_vel_vec=[ 0.44232354 -1.0098736  -3.3445601 ] |com_force|=0.0000N
### kotek_magnet[tick=12240] sensor3: d=0.5470m in_range=False f_mag=0.000N tau_mag=0.0000Nm misalign_deg=90.0 pos=[-0.10910814 -0.10914588  0.49140105] bottom_world=[-0.1091079  -0.10914597  0.47140105] quat=[-3.8058397e-01 -4.4531789e-06  4.3423206e-06  9.2474639e-01] speed=0.0009 ang_speed=0.0016 ang_vel_vec=[ 0.00121637  0.00053571 -0.00084235] |com_force|=0.0000N
### kotek_magnet[tick=12240] sensor4: d=0.5249m in_range=False f_mag=0.000N tau_mag=0.0000Nm misalign_deg=90.0 pos=[-0.10900003  0.10900016  0.4914023 ] bottom_world=[-0.10900026  0.10900001  0.4714023 ] quat=[3.8268209e-01 3.8165949e-06 5.6137819e-06 9.2388010e-01] speed=0.0009 ang_speed=0.0029 ang_vel_vec=[ 0.00209632 -0.00181189 -0.00085017] |com_force|=0.0000N
### kotek_magnet[tick=12300] sensor1: d=0.3210m in_range=False f_mag=0.000N tau_mag=0.0000Nm misalign_deg=90.0 pos=[ 0.32221833 -0.12032337  0.02000002] bottom_world=[ 0.3222184  -0.12032332  0.04000002] quat=[-8.1056959e-07  5.6362098e-01  8.2603353e-01 -1.9652662e-06] speed=0.0002 ang_speed=0.0036 ang_vel_vec=[ 0.00155744 -0.00329022 -0.00017562] |com_force|=0.0000N
### kotek_magnet[tick=12300] sensor2: d=0.2178m in_range=False f_mag=0.000N tau_mag=0.0000Nm misalign_deg=58.8 pos=[ 0.2322828  -0.15260015  0.46074727] bottom_world=[ 0.24264831 -0.16415761  0.44813849] quat=[ 0.49017274 -0.4147608   0.11293288  0.7582548 ] speed=0.0929 ang_speed=2.7884 ang_vel_vec=[-0.15952246 -0.32288384 -2.7649984 ] |com_force|=0.0000N
### kotek_magnet[tick=12300] sensor3: d=0.5470m in_range=False f_mag=0.000N tau_mag=0.0000Nm misalign_deg=90.0 pos=[-0.10910752 -0.10914613  0.49140105] bottom_world=[-0.10910748 -0.109146    0.47140105] quat=[-3.8058385e-01 -2.3499676e-06 -2.5624033e-06  9.2474651e-01] speed=0.0004 ang_speed=0.0019 ang_vel_vec=[-0.00018393  0.00183078 -0.00058872] |com_force|=0.0000N
### kotek_magnet[tick=12300] sensor4: d=0.5249m in_range=False f_mag=0.000N tau_mag=0.0000Nm misalign_deg=90.0 pos=[-0.10900001  0.10900017  0.4914023 ] bottom_world=[-0.10900024  0.10900003  0.4714023 ] quat=[3.8268217e-01 3.8768808e-06 5.3772710e-06 9.2388010e-01] speed=0.0010 ang_speed=0.0026 ang_vel_vec=[ 0.00181266 -0.00180106 -0.0006862 ] |com_force|=0.0000N
### kotek_magnet[tick=12360] sensor1: d=0.3210m in_range=False f_mag=0.000N tau_mag=0.0000Nm misalign_deg=90.0 pos=[ 0.32221836 -0.12032336  0.02000004] bottom_world=[ 0.32221843 -0.12032331  0.04000004] quat=[-8.1426600e-07  5.6362098e-01  8.2603353e-01 -1.9801719e-06] speed=0.0002 ang_speed=0.0036 ang_vel_vec=[ 0.00155778 -0.00329004 -0.00017557] |com_force|=0.0000N
### kotek_magnet[tick=12360] sensor2: d=0.1913m in_range=False f_mag=0.000N tau_mag=0.0000Nm misalign_deg=50.3 pos=[ 0.2518895  -0.13870724  0.45388407] bottom_world=[ 0.26466621 -0.14876371  0.44223833] quat=[ 0.3893572  -0.44660956  0.09693588  0.79971516] speed=0.1020 ang_speed=3.7828 ang_vel_vec=[ 0.10296372  0.24394685 -3.7735472 ] |com_force|=0.0000N
### kotek_magnet[tick=12360] sensor3: d=0.5470m in_range=False f_mag=0.000N tau_mag=0.0000Nm misalign_deg=90.0 pos=[-0.10910812 -0.10914582  0.49140105] bottom_world=[-0.10910788 -0.10914591  0.47140105] quat=[-3.8058403e-01 -4.6325758e-06  4.4436038e-06  9.2474633e-01] speed=0.0009 ang_speed=0.0017 ang_vel_vec=[ 0.00123842  0.00092764 -0.0007752 ] |com_force|=0.0000N
### kotek_magnet[tick=12360] sensor4: d=0.5249m in_range=False f_mag=0.000N tau_mag=0.0000Nm misalign_deg=90.0 pos=[-0.10900031  0.10899954  0.49140224] bottom_world=[-0.10900029  0.10899961  0.47140224] quat=[ 3.8268232e-01  2.3544229e-07 -1.6793497e-06  9.2388004e-01] speed=0.0004 ang_speed=0.0023 ang_vel_vec=[ 0.00183488  0.00114335 -0.00074744] |com_force|=0.0000N
### kotek_magnet[tick=12420] sensor1: d=0.3210m in_range=False f_mag=0.000N tau_mag=0.0000Nm misalign_deg=90.0 pos=[ 0.32221833 -0.12032336  0.02000002] bottom_world=[ 0.3222184  -0.12032331  0.04000002] quat=[-7.4932007e-07  5.6362098e-01  8.2603347e-01 -1.9947836e-06] speed=0.0002 ang_speed=0.0036 ang_vel_vec=[ 0.00155516 -0.00327749 -0.00017538] |com_force|=0.0000N
### kotek_magnet[tick=12420] sensor2: d=0.1632m in_range=False f_mag=0.000N tau_mag=0.0000Nm misalign_deg=41.9 pos=[ 0.2710866  -0.11982828  0.44779497] bottom_world=[ 0.28598036 -0.1277761   0.43707079] quat=[ 0.28499955 -0.47548229  0.07623637  0.8287822 ] speed=0.1007 ang_speed=3.7635 ang_vel_vec=[ 0.10322213 -1.2470263  -3.5494049 ] |com_force|=0.0000N
### kotek_magnet[tick=12420] sensor3: d=0.5470m in_range=False f_mag=0.000N tau_mag=0.0000Nm misalign_deg=90.0 pos=[-0.10910813 -0.10914583  0.49140105] bottom_world=[-0.10910789 -0.10914593  0.47140105] quat=[-3.805840e-01 -4.537548e-06  4.739757e-06  9.247464e-01] speed=0.0009 ang_speed=0.0022 ang_vel_vec=[ 0.00172069  0.0010076  -0.00080922] |com_force|=0.0000N
### kotek_magnet[tick=12420] sensor4: d=0.5249m in_range=False f_mag=0.000N tau_mag=0.0000Nm misalign_deg=90.0 pos=[-0.10900002  0.10900016  0.49140227] bottom_world=[-0.10900024  0.10900002  0.47140227] quat=[3.8268214e-01 3.6374022e-06 5.4357847e-06 9.2388010e-01] speed=0.0010 ang_speed=0.0021 ang_vel_vec=[ 0.0015038  -0.00117536 -0.00082417] |com_force|=0.0000N
### kotek_magnet[tick=12480] sensor1: d=0.3210m in_range=False f_mag=0.000N tau_mag=0.0000Nm misalign_deg=90.0 pos=[ 0.32221833 -0.12032335  0.02000002] bottom_world=[ 0.3222184  -0.1203233   0.04000002] quat=[-7.1866464e-07  5.6362098e-01  8.2603347e-01 -1.9987460e-06] speed=0.0002 ang_speed=0.0036 ang_vel_vec=[ 0.00155752 -0.00329162 -0.00017563] |com_force|=0.0000N
### kotek_magnet[tick=12480] sensor2: d=0.1357m in_range=False f_mag=0.000N tau_mag=0.0000Nm misalign_deg=33.8 pos=[ 0.2887744  -0.09589037  0.44244528] bottom_world=[ 0.30538687 -0.10119913  0.43265533] quat=[ 0.17877014 -0.50266737  0.05076246  0.844269  ] speed=0.1134 ang_speed=3.5133 ang_vel_vec=[ 0.5707217  -0.24845174 -3.4577696 ] |com_force|=0.0000N
### kotek_magnet[tick=12480] sensor3: d=0.5470m in_range=False f_mag=0.000N tau_mag=0.0000Nm misalign_deg=90.0 pos=[-0.10910813 -0.10914582  0.49140105] bottom_world=[-0.10910788 -0.10914592  0.47140105] quat=[-3.8058394e-01 -4.6857672e-06  4.6242249e-06  9.2474645e-01] speed=0.0009 ang_speed=0.0019 ang_vel_vec=[ 0.00140824  0.00091549 -0.00089213] |com_force|=0.0000N
### kotek_magnet[tick=12480] sensor4: d=0.5249m in_range=False f_mag=0.000N tau_mag=0.0000Nm misalign_deg=90.0 pos=[-0.10900006  0.10900018  0.49140242] bottom_world=[-0.10900028  0.10900003  0.47140242] quat=[3.8268211e-01 3.8072169e-06 5.5157047e-06 9.2388004e-01] speed=0.0010 ang_speed=0.0023 ang_vel_vec=[ 0.00159035 -0.00144931 -0.00088665] |com_force|=0.0000N
### kotek_magnet[tick=12540] sensor1: d=0.3210m in_range=False f_mag=0.000N tau_mag=0.0000Nm misalign_deg=90.0 pos=[ 0.32221833 -0.12032335  0.02000004] bottom_world=[ 0.3222184  -0.1203233   0.04000003] quat=[-7.0825348e-07  5.6362098e-01  8.2603347e-01 -2.0007358e-06] speed=0.0002 ang_speed=0.0036 ang_vel_vec=[ 0.00155743 -0.00329125 -0.00017563] |com_force|=0.0000N
### kotek_magnet[tick=12540] sensor2: d=0.1137m in_range=False f_mag=0.000N tau_mag=0.0000Nm misalign_deg=27.4 pos=[ 0.30334365 -0.0682265   0.4382128 ] bottom_world=[ 0.32109358 -0.07058295  0.42930285] quat=[ 0.07595544 -0.52607036  0.02238376  0.8467466 ] speed=0.1096 ang_speed=3.7663 ang_vel_vec=[ 0.90188795 -1.3966635  -3.3795252 ] |com_force|=0.0000N
### kotek_magnet[tick=12540] sensor3: d=0.5470m in_range=False f_mag=0.000N tau_mag=0.0000Nm misalign_deg=90.0 pos=[-0.10910815 -0.10914583  0.49140105] bottom_world=[-0.10910791 -0.10914593  0.47140105] quat=[-3.8058400e-01 -4.6609198e-06  4.6087484e-06  9.2474639e-01] speed=0.0009 ang_speed=0.0017 ang_vel_vec=[ 0.00139293  0.00088756 -0.00057802] |com_force|=0.0000N
### kotek_magnet[tick=12540] sensor4: d=0.5249m in_range=False f_mag=0.000N tau_mag=0.0000Nm misalign_deg=90.0 pos=[-0.10900031  0.10899956  0.49140224] bottom_world=[-0.1090003   0.10899962  0.47140224] quat=[ 3.8268226e-01  2.0643068e-07 -1.4947004e-06  9.2387998e-01] speed=0.0005 ang_speed=0.0025 ang_vel_vec=[ 0.00193804  0.001423   -0.00061126] |com_force|=0.0000N
### kotek_magnet[tick=12600] sensor1: d=0.3210m in_range=False f_mag=0.000N tau_mag=0.0000Nm misalign_deg=90.0 pos=[ 0.32221836 -0.12032336  0.02000004] bottom_world=[ 0.32221843 -0.12032331  0.04000004] quat=[-8.1224078e-07  5.6362098e-01  8.2603353e-01 -1.9685560e-06] speed=0.0002 ang_speed=0.0036 ang_vel_vec=[ 0.00155865 -0.00329479 -0.00017568] |com_force|=0.0000N
### kotek_magnet[tick=12600] sensor2: d=0.1051m in_range=False f_mag=0.000N tau_mag=0.0000Nm misalign_deg=24.6 pos=[ 0.3110475  -0.04801651  0.4360518 ] bottom_world=[ 0.32923566 -0.0483393   0.42773996] quat=[ 0.01098428 -0.5405534   0.00253478  0.84123415] speed=0.0871 ang_speed=3.2863 ang_vel_vec=[ 2.1757562 -0.0460947 -2.4624987] |com_force|=0.0000N
### kotek_magnet[tick=12600] sensor3: d=0.5470m in_range=False f_mag=0.000N tau_mag=0.0000Nm misalign_deg=90.0 pos=[-0.10910803 -0.10914578  0.491401  ] bottom_world=[-0.10910779 -0.10914591  0.47140099] quat=[-3.8058370e-01 -4.4402082e-06  5.1719753e-06  9.2474651e-01] speed=0.0009 ang_speed=0.0036 ang_vel_vec=[ 0.00267521  0.00239833 -0.00060871] |com_force|=0.0000N
### kotek_magnet[tick=12600] sensor4: d=0.5249m in_range=False f_mag=0.000N tau_mag=0.0000Nm misalign_deg=90.0 pos=[-0.10900003  0.10900015  0.49140233] bottom_world=[-0.10900027  0.10900001  0.47140233] quat=[3.826822e-01 3.967162e-06 5.537085e-06 9.238801e-01] speed=0.0010 ang_speed=0.0026 ang_vel_vec=[ 0.00177094 -0.00165079 -0.00096845] |com_force|=0.0000N
### kotek_magnet[tick=12660] sensor1: d=0.3210m in_range=False f_mag=0.000N tau_mag=0.0000Nm misalign_deg=90.0 pos=[ 0.32221833 -0.12032336  0.02000004] bottom_world=[ 0.3222184  -0.12032331  0.04000004] quat=[-7.7347244e-07  5.6362098e-01  8.2603353e-01 -1.9686127e-06] speed=0.0002 ang_speed=0.0036 ang_vel_vec=[ 0.00155714 -0.00328781 -0.00017555] |com_force|=0.0000N
### kotek_magnet[tick=12660] sensor2: d=0.1001m in_range=False f_mag=0.000N tau_mag=0.0000Nm misalign_deg=25.3 pos=[ 0.31058025 -0.04976613  0.428697  ] bottom_world=[ 0.3286682  -0.05015732  0.42017214] quat=[ 0.013518   -0.5356021   0.00300763  0.84435695] speed=0.0707 ang_speed=3.6688 ang_vel_vec=[ 2.2674127 -0.547201  -2.831915 ] |com_force|=0.0000N
### kotek_magnet[tick=12660] sensor3: d=0.5470m in_range=False f_mag=0.000N tau_mag=0.0000Nm misalign_deg=90.0 pos=[-0.10910665 -0.10914614  0.49140096] bottom_world=[-0.10910683 -0.10914587  0.47140096] quat=[-3.8058344e-01  1.4770961e-06 -7.9552183e-06  9.2474663e-01] speed=0.0007 ang_speed=0.0030 ang_vel_vec=[-0.00292639 -0.00063838  0.00049258] |com_force|=0.0000N
### kotek_magnet[tick=12660] sensor4: d=0.5249m in_range=False f_mag=0.000N tau_mag=0.0000Nm misalign_deg=90.0 pos=[-0.10900034  0.10899954  0.49140233] bottom_world=[-0.10900033  0.1089996   0.47140233] quat=[ 3.8268214e-01  4.7142601e-07 -1.5801184e-06  9.2388010e-01] speed=0.0004 ang_speed=0.0023 ang_vel_vec=[ 0.00213163  0.00047434 -0.00083075] |com_force|=0.0000N
### kotek_magnet[tick=12720] sensor1: d=0.3210m in_range=False f_mag=0.000N tau_mag=0.0000Nm misalign_deg=90.0 pos=[ 0.32221833 -0.12032336  0.02000004] bottom_world=[ 0.3222184  -0.12032331  0.04000004] quat=[-7.5852580e-07  5.6362098e-01  8.2603353e-01 -1.9586332e-06] speed=0.0002 ang_speed=0.0036 ang_vel_vec=[ 0.00155707 -0.00328769 -0.00017555] |com_force|=0.0000N
### kotek_magnet[tick=12720] sensor2: d=0.0809m in_range=True f_mag=1.606N tau_mag=0.0016Nm misalign_deg=25.0 pos=[ 0.32164443 -0.05067282  0.41243878] bottom_world=[ 0.33977346 -0.05100062  0.40399895] quat=[ 0.01107459 -0.5375846   0.00265834  0.843133  ] speed=0.0750 ang_speed=3.8052 ang_vel_vec=[ 2.298019  -0.5680909 -2.9793012] |com_force|=0.4091N
### kotek_magnet[tick=12720] sensor3: d=0.5470m in_range=False f_mag=0.000N tau_mag=0.0000Nm misalign_deg=90.0 pos=[-0.10910644 -0.10914592  0.49140102] bottom_world=[-0.10910661 -0.10914574  0.47140102] quat=[-3.8058305e-01  2.3052501e-06 -5.9488934e-06  9.2474681e-01] speed=0.0010 ang_speed=0.0033 ang_vel_vec=[0.00275441 0.00071702 0.00160554] |com_force|=0.0000N
### kotek_magnet[tick=12720] sensor4: d=0.5249m in_range=False f_mag=0.000N tau_mag=0.0000Nm misalign_deg=90.0 pos=[-0.10900003  0.10900012  0.49140233] bottom_world=[-0.10900026  0.10899998  0.47140233] quat=[3.8268203e-01 3.8281032e-06 5.3519257e-06 9.2388016e-01] speed=0.0010 ang_speed=0.0022 ang_vel_vec=[ 0.0015119  -0.00138588 -0.00072339] |com_force|=0.0000N
### kotek_magnet[tick=12780] sensor1: d=0.3210m in_range=False f_mag=0.000N tau_mag=0.0000Nm misalign_deg=90.0 pos=[ 0.32221833 -0.12032336  0.02000002] bottom_world=[ 0.3222184  -0.12032331  0.04000002] quat=[-7.6954274e-07  5.6362098e-01  8.2603353e-01 -1.9702197e-06] speed=0.0002 ang_speed=0.0036 ang_vel_vec=[ 0.00155733 -0.00328787 -0.00017555] |com_force|=0.0000N
### kotek_magnet[tick=12780] sensor2: d=0.0587m in_range=True f_mag=1.148N tau_mag=0.0011Nm misalign_deg=24.4 pos=[ 0.33571154 -0.05134861  0.39452124] bottom_world=[ 0.35392548 -0.05157396  0.38626281] quat=[ 0.00727498 -0.54178894  0.00201343  0.8404807 ] speed=0.0670 ang_speed=3.8266 ang_vel_vec=[ 1.5197737 -0.999562  -3.3665998] |com_force|=0.3947N
### kotek_magnet[tick=12780] sensor3: d=0.5470m in_range=False f_mag=0.000N tau_mag=0.0000Nm misalign_deg=90.0 pos=[-0.10910668 -0.10914613  0.49140105] bottom_world=[-0.10910686 -0.10914586  0.47140105] quat=[-3.8058329e-01  1.5080805e-06 -7.8930134e-06  9.2474669e-01] speed=0.0007 ang_speed=0.0029 ang_vel_vec=[-0.00275803 -0.00064607  0.00070067] |com_force|=0.0000N
### kotek_magnet[tick=12780] sensor4: d=0.5249m in_range=False f_mag=0.000N tau_mag=0.0000Nm misalign_deg=90.0 pos=[-0.10899993  0.10900005  0.49140227] bottom_world=[-0.10900019  0.10899991  0.47140227] quat=[3.826823e-01 4.615686e-06 5.633075e-06 9.238800e-01] speed=0.0010 ang_speed=0.0038 ang_vel_vec=[ 0.00276418 -0.00258655 -0.00025682] |com_force|=0.0000N
### kotek_magnet[tick=12840] sensor1: d=0.3210m in_range=False f_mag=0.000N tau_mag=0.0000Nm misalign_deg=90.0 pos=[ 0.32221833 -0.12032336  0.02000002] bottom_world=[ 0.3222184  -0.12032331  0.04000002] quat=[-7.9210207e-07  5.6362098e-01  8.2603353e-01 -1.9309684e-06] speed=0.0002 ang_speed=0.0036 ang_vel_vec=[ 0.00155711 -0.00328907 -0.00017563] |com_force|=0.0000N
### kotek_magnet[tick=12840] sensor2: d=0.0279m in_range=True f_mag=0.514N tau_mag=0.0004Nm misalign_deg=16.4 pos=[ 0.35698    -0.05066476  0.37015384] bottom_world=[ 0.37616553 -0.05022867  0.36452134] quat=[ 2.5410345e-04 -5.9916335e-01 -1.3809575e-02  8.0050772e-01] speed=0.1759 ang_speed=0.2856 ang_vel_vec=[ 0.13859183 -0.10565393  0.22623074] |com_force|=0.7568N
### kotek_magnet[tick=12840] sensor3: d=0.5470m in_range=False f_mag=0.000N tau_mag=0.0000Nm misalign_deg=90.0 pos=[-0.10910667 -0.10914607  0.49140102] bottom_world=[-0.10910684 -0.10914581  0.47140102] quat=[-3.8058326e-01  1.3808583e-06 -7.7035784e-06  9.2474663e-01] speed=0.0007 ang_speed=0.0028 ang_vel_vec=[-0.0026816  -0.00056137  0.00043319] |com_force|=0.0000N
### kotek_magnet[tick=12840] sensor4: d=0.5249m in_range=False f_mag=0.000N tau_mag=0.0000Nm misalign_deg=90.0 pos=[-0.10900012  0.10899958  0.49140224] bottom_world=[-0.10900023  0.10899961  0.47140224] quat=[3.8268241e-01 2.8163900e-06 4.2019997e-07 9.2388004e-01] speed=0.0004 ang_speed=0.0030 ang_vel_vec=[ 0.00232704 -0.00177868 -0.00037923] |com_force|=0.0000N
### kotek_magnet[tick=12870]: welded sensor 2 at d=0.0151m misalign_deg=14.9 pos=[ 0.36983535 -0.05019341  0.3656252 ] wall_pos=[0.425 0.    0.5  ] local_pos1=[-0.05516465 -0.05019341 -0.1343748 ] quat=[ 0.00540444 -0.60912925 -0.00738706  0.7930181 ]
### kotek_magnet[tick=12900] sensor1: d=0.3210m in_range=False f_mag=0.000N tau_mag=0.0000Nm misalign_deg=90.0 pos=[ 0.32221833 -0.12032336  0.02000004] bottom_world=[ 0.3222184  -0.12032331  0.04000004] quat=[-7.4920780e-07  5.6362098e-01  8.2603353e-01 -1.9202735e-06] speed=0.0002 ang_speed=0.0036 ang_vel_vec=[ 0.00155573 -0.0032765  -0.00017531] |com_force|=0.0000N
### kotek_magnet[tick=12900] sensor3: d=0.5470m in_range=False f_mag=0.000N tau_mag=0.0000Nm misalign_deg=90.0 pos=[-0.10910643 -0.10914589  0.491401  ] bottom_world=[-0.10910661 -0.1091457   0.47140099] quat=[-3.8058314e-01  2.4078313e-06 -6.2307490e-06  9.2474681e-01] speed=0.0010 ang_speed=0.0028 ang_vel_vec=[0.00231305 0.00040168 0.00143376] |com_force|=0.0000N
### kotek_magnet[tick=12900] sensor4: d=0.5249m in_range=False f_mag=0.000N tau_mag=0.0000Nm misalign_deg=90.0 pos=[-0.10900005  0.10900018  0.49140227] bottom_world=[-0.10900026  0.10900005  0.47140227] quat=[3.8268211e-01 3.6374822e-06 5.1734019e-06 9.2388016e-01] speed=0.0010 ang_speed=0.0023 ang_vel_vec=[ 0.00161693 -0.0013515  -0.00086551] |com_force|=0.0000N
### kotek_magnet[tick=12960] sensor1: d=0.3210m in_range=False f_mag=0.000N tau_mag=0.0000Nm misalign_deg=90.0 pos=[ 0.32221833 -0.12032336  0.02000003] bottom_world=[ 0.3222184  -0.12032331  0.04000004] quat=[-7.5741031e-07  5.6362098e-01  8.2603353e-01 -1.9616159e-06] speed=0.0002 ang_speed=0.0036 ang_vel_vec=[ 0.0015572  -0.00328794 -0.00017555] |com_force|=0.0000N
### kotek_magnet[tick=12960] sensor3: d=0.5470m in_range=False f_mag=0.000N tau_mag=0.0000Nm misalign_deg=90.0 pos=[-0.10910667 -0.10914616  0.49140108] bottom_world=[-0.10910684 -0.1091459   0.47140108] quat=[-3.8058344e-01  1.4392674e-06 -7.6150909e-06  9.2474663e-01] speed=0.0007 ang_speed=0.0027 ang_vel_vec=[-0.00258494 -0.00070568  0.00046212] |com_force|=0.0000N
### kotek_magnet[tick=12960] sensor4: d=0.5249m in_range=False f_mag=0.000N tau_mag=0.0000Nm misalign_deg=90.0 pos=[-0.10900006  0.10900021  0.4914023 ] bottom_world=[-0.10900029  0.10900006  0.4714023 ] quat=[3.8268203e-01 3.9106540e-06 5.5253113e-06 9.2388010e-01] speed=0.0010 ang_speed=0.0023 ang_vel_vec=[ 0.00157901 -0.00145423 -0.00090629] |com_force|=0.0000N
### kotek_magnet[tick=13020] sensor1: d=0.3210m in_range=False f_mag=0.000N tau_mag=0.0000Nm misalign_deg=90.0 pos=[ 0.32221833 -0.12032337  0.02000003] bottom_world=[ 0.3222184  -0.12032332  0.04000004] quat=[-8.0988360e-07  5.6362098e-01  8.2603353e-01 -1.9652712e-06] speed=0.0002 ang_speed=0.0036 ang_vel_vec=[ 0.00155679 -0.00328635 -0.0001755 ] |com_force|=0.0000N
### kotek_magnet[tick=13020] sensor3: d=0.5470m in_range=False f_mag=0.000N tau_mag=0.0000Nm misalign_deg=90.0 pos=[-0.10910668 -0.1091461   0.4914011 ] bottom_world=[-0.10910686 -0.10914583  0.47140111] quat=[-3.8058326e-01  1.5754904e-06 -7.9544934e-06  9.2474675e-01] speed=0.0007 ang_speed=0.0031 ang_vel_vec=[-0.00300879 -0.00070995  0.00045731] |com_force|=0.0000N
### kotek_magnet[tick=13020] sensor4: d=0.5249m in_range=False f_mag=0.000N tau_mag=0.0000Nm misalign_deg=90.0 pos=[-0.10900033  0.10899956  0.4914023 ] bottom_world=[-0.10900031  0.10899962  0.4714023 ] quat=[ 3.8268226e-01  2.0236050e-07 -1.6217941e-06  9.2388004e-01] speed=0.0004 ang_speed=0.0024 ang_vel_vec=[ 0.00182975  0.00119008 -0.00090843] |com_force|=0.0000N
### kotek_magnet[tick=13080] sensor1: d=0.3210m in_range=False f_mag=0.000N tau_mag=0.0000Nm misalign_deg=90.0 pos=[ 0.32221836 -0.12032336  0.02000004] bottom_world=[ 0.32221843 -0.12032331  0.04000004] quat=[-7.2741426e-07  5.6362098e-01  8.2603353e-01 -1.9417030e-06] speed=0.0002 ang_speed=0.0036 ang_vel_vec=[ 0.00155848 -0.00329297 -0.00017561] |com_force|=0.0000N
### kotek_magnet[tick=13080] sensor3: d=0.5470m in_range=False f_mag=0.000N tau_mag=0.0000Nm misalign_deg=90.0 pos=[-0.10910642 -0.1091459   0.49140105] bottom_world=[-0.10910661 -0.10914571  0.47140105] quat=[-3.8058296e-01  2.4946928e-06 -6.2604468e-06  9.2474687e-01] speed=0.0010 ang_speed=0.0031 ang_vel_vec=[0.00264776 0.00054313 0.00156896] |com_force|=0.0000N
### kotek_magnet[tick=13080] sensor4: d=0.5249m in_range=False f_mag=0.000N tau_mag=0.0000Nm misalign_deg=90.0 pos=[-0.10900003  0.1090002   0.4914023 ] bottom_world=[-0.10900025  0.10900005  0.4714023 ] quat=[3.8268209e-01 3.7461480e-06 5.4859556e-06 9.2388016e-01] speed=0.0010 ang_speed=0.0022 ang_vel_vec=[ 0.00151582 -0.00142468 -0.00077968] |com_force|=0.0000N
### kotek_magnet[tick=13140] sensor1: d=0.3210m in_range=False f_mag=0.000N tau_mag=0.0000Nm misalign_deg=90.0 pos=[ 0.32221833 -0.12032336  0.02000004] bottom_world=[ 0.3222184  -0.12032331  0.04000004] quat=[-8.0643457e-07  5.6362098e-01  8.2603353e-01 -1.9686640e-06] speed=0.0002 ang_speed=0.0036 ang_vel_vec=[ 0.00155595 -0.0032774  -0.0001753 ] |com_force|=0.0000N
### kotek_magnet[tick=13140] sensor3: d=0.5470m in_range=False f_mag=0.000N tau_mag=0.0000Nm misalign_deg=90.0 pos=[-0.10910664 -0.10914613  0.4914011 ] bottom_world=[-0.10910683 -0.10914586  0.47140111] quat=[-3.8058311e-01  1.6817139e-06 -8.0528544e-06  9.2474669e-01] speed=0.0007 ang_speed=0.0041 ang_vel_vec=[-0.00374329 -0.00133485  0.00092922] |com_force|=0.0000N
### kotek_magnet[tick=13140] sensor4: d=0.5249m in_range=False f_mag=0.000N tau_mag=0.0000Nm misalign_deg=90.0 pos=[-0.1090003   0.10899951  0.49140242] bottom_world=[-0.10900029  0.10899958  0.47140242] quat=[ 3.8268235e-01  2.1409190e-07 -1.6397034e-06  9.2388004e-01] speed=0.0004 ang_speed=0.0023 ang_vel_vec=[ 0.00177726  0.00140296 -0.0003843 ] |com_force|=0.0000N
### kotek_magnet[tick=13200] sensor1: d=0.3210m in_range=False f_mag=0.000N tau_mag=0.0000Nm misalign_deg=90.0 pos=[ 0.32221833 -0.12032337  0.02000003] bottom_world=[ 0.3222184  -0.12032332  0.04000003] quat=[-8.0828994e-07  5.6362098e-01  8.2603353e-01 -1.9600761e-06] speed=0.0002 ang_speed=0.0036 ang_vel_vec=[ 0.00155737 -0.00328995 -0.00017563] |com_force|=0.0000N
### kotek_magnet[tick=13200] sensor3: d=0.5470m in_range=False f_mag=0.000N tau_mag=0.0000Nm misalign_deg=90.0 pos=[-0.10910641 -0.10914595  0.4914011 ] bottom_world=[-0.1091066  -0.10914575  0.47140111] quat=[-3.8058293e-01  2.5167496e-06 -6.3045941e-06  9.2474681e-01] speed=0.0010 ang_speed=0.0030 ang_vel_vec=[0.00248195 0.00044106 0.00155215] |com_force|=0.0000N
### kotek_magnet[tick=13200] sensor4: d=0.5249m in_range=False f_mag=0.000N tau_mag=0.0000Nm misalign_deg=90.0 pos=[-0.10900011  0.10899919  0.49140227] bottom_world=[-0.10900015  0.10899929  0.47140227] quat=[ 3.8268265e-01  1.9958698e-06 -1.8616076e-06  9.2387992e-01] speed=0.0002 ang_speed=0.0020 ang_vel_vec=[ 0.00103969 -0.00175279  0.00017835] |com_force|=0.0000N
### kotek_magnet[tick=13260] sensor1: d=0.3210m in_range=False f_mag=0.000N tau_mag=0.0000Nm misalign_deg=90.0 pos=[ 0.32221833 -0.12032336  0.02000005] bottom_world=[ 0.3222184  -0.12032331  0.04000005] quat=[-7.4097574e-07  5.6362098e-01  8.2603353e-01 -1.9166205e-06] speed=0.0002 ang_speed=0.0036 ang_vel_vec=[ 0.00155576 -0.00327649 -0.00017531] |com_force|=0.0000N
### kotek_magnet[tick=13260] sensor3: d=0.5470m in_range=False f_mag=0.000N tau_mag=0.0000Nm misalign_deg=90.0 pos=[-0.10910632 -0.10914593  0.4914011 ] bottom_world=[-0.10910652 -0.10914571  0.47140111] quat=[-3.8058287e-01  2.6878295e-06 -7.0695523e-06  9.2474687e-01] speed=0.0011 ang_speed=0.0019 ang_vel_vec=[1.4099601e-03 5.4243662e-07 1.2877394e-03] |com_force|=0.0000N
### kotek_magnet[tick=13260] sensor4: d=0.5249m in_range=False f_mag=0.000N tau_mag=0.0000Nm misalign_deg=90.0 pos=[-0.10900003  0.10900021  0.49140233] bottom_world=[-0.10900027  0.10900006  0.47140233] quat=[3.8268197e-01 4.1108547e-06 5.7275661e-06 9.2388010e-01] speed=0.0010 ang_speed=0.0031 ang_vel_vec=[ 0.0019548  -0.00213122 -0.00109174] |com_force|=0.0000N
### kotek_magnet[tick=13320] sensor1: d=0.3210m in_range=False f_mag=0.000N tau_mag=0.0000Nm misalign_deg=90.0 pos=[ 0.32221833 -0.12032335  0.02000005] bottom_world=[ 0.3222184  -0.1203233   0.04000005] quat=[-7.5907786e-07  5.6362098e-01  8.2603353e-01 -1.9756953e-06] speed=0.0002 ang_speed=0.0036 ang_vel_vec=[ 0.00155638 -0.00328139 -0.00017541] |com_force|=0.0000N
### kotek_magnet[tick=13320] sensor3: d=0.5470m in_range=False f_mag=0.000N tau_mag=0.0000Nm misalign_deg=90.0 pos=[-0.10910665 -0.10914617  0.4914011 ] bottom_world=[-0.10910683 -0.1091459   0.47140111] quat=[-3.8058320e-01  1.6250830e-06 -8.0319396e-06  9.2474675e-01] speed=0.0007 ang_speed=0.0035 ang_vel_vec=[-0.00333218 -0.00100735  0.00052112] |com_force|=0.0000N
### kotek_magnet[tick=13320] sensor4: d=0.5249m in_range=False f_mag=0.000N tau_mag=0.0000Nm misalign_deg=90.0 pos=[-0.10899982  0.10900024  0.4914022 ] bottom_world=[-0.10900013  0.10900007  0.47140221] quat=[3.8268235e-01 5.5874189e-06 6.8042373e-06 9.2387998e-01] speed=0.0013 ang_speed=0.0155 ang_vel_vec=[ 0.00793242 -0.01328162 -0.00034728] |com_force|=0.0000N
### kotek_magnet[tick=13380] sensor1: d=0.3210m in_range=False f_mag=0.000N tau_mag=0.0000Nm misalign_deg=90.0 pos=[ 0.32221833 -0.12032336  0.02000005] bottom_world=[ 0.3222184  -0.12032331  0.04000005] quat=[-7.4157919e-07  5.6362098e-01  8.2603353e-01 -1.9622348e-06] speed=0.0002 ang_speed=0.0036 ang_vel_vec=[ 0.00155575 -0.0032779  -0.00017532] |com_force|=0.0000N
### kotek_magnet[tick=13380] sensor3: d=0.5470m in_range=False f_mag=0.000N tau_mag=0.0000Nm misalign_deg=90.0 pos=[-0.10910634 -0.10914596  0.49140117] bottom_world=[-0.10910655 -0.10914574  0.47140117] quat=[-3.8058287e-01  2.6566158e-06 -7.1407230e-06  9.2474681e-01] speed=0.0011 ang_speed=0.0020 ang_vel_vec=[ 0.00131394 -0.00018153  0.00147526] |com_force|=0.0000N
### kotek_magnet[tick=13380] sensor4: d=0.5249m in_range=False f_mag=0.000N tau_mag=0.0000Nm misalign_deg=90.0 pos=[-0.1090003   0.10899865  0.4914024 ] bottom_world=[-0.10900015  0.10899895  0.47140239] quat=[ 3.8268271e-01 -5.1957085e-07 -8.4138710e-06  9.2387980e-01] speed=0.0007 ang_speed=0.0051 ang_vel_vec=[-0.00204508  0.0047068   0.00040593] |com_force|=0.0000N
### kotek_magnet[tick=13440] sensor1: d=0.3210m in_range=False f_mag=0.000N tau_mag=0.0000Nm misalign_deg=90.0 pos=[ 0.32221833 -0.12032336  0.02000004] bottom_world=[ 0.3222184  -0.12032331  0.04000004] quat=[-7.6474402e-07  5.6362098e-01  8.2603353e-01 -1.9636191e-06] speed=0.0002 ang_speed=0.0036 ang_vel_vec=[ 0.00155702 -0.00328745 -0.00017555] |com_force|=0.0000N
### kotek_magnet[tick=13440] sensor3: d=0.5470m in_range=False f_mag=0.000N tau_mag=0.0000Nm misalign_deg=90.0 pos=[-0.10910666 -0.1091461   0.49140105] bottom_world=[-0.10910683 -0.10914584  0.47140105] quat=[-3.8058326e-01  1.4106894e-06 -7.6101587e-06  9.2474669e-01] speed=0.0007 ang_speed=0.0030 ang_vel_vec=[-0.00286932 -0.00064933  0.00072865] |com_force|=0.0000N
### kotek_magnet[tick=13440] sensor4: d=0.5249m in_range=False f_mag=0.000N tau_mag=0.0000Nm misalign_deg=90.0 pos=[-0.10899983  0.10900023  0.49140218] bottom_world=[-0.10900015  0.10900006  0.47140218] quat=[3.8268241e-01 5.6218023e-06 6.9622083e-06 9.2387998e-01] speed=0.0013 ang_speed=0.0160 ang_vel_vec=[ 0.00819836 -0.01376256 -0.0001614 ] |com_force|=0.0000N
### kotek_magnet[tick=13500] sensor1: d=0.3210m in_range=False f_mag=0.000N tau_mag=0.0000Nm misalign_deg=90.0 pos=[ 0.32221833 -0.12032336  0.02000003] bottom_world=[ 0.3222184  -0.12032331  0.04000003] quat=[-7.6961049e-07  5.6362098e-01  8.2603353e-01 -1.9486383e-06] speed=0.0002 ang_speed=0.0036 ang_vel_vec=[ 0.00155699 -0.00328797 -0.00017555] |com_force|=0.0000N
### kotek_magnet[tick=13500] sensor3: d=0.5470m in_range=False f_mag=0.000N tau_mag=0.0000Nm misalign_deg=90.0 pos=[-0.10910643 -0.10914593  0.49140105] bottom_world=[-0.10910661 -0.10914574  0.47140105] quat=[-3.8058299e-01  2.3584043e-06 -6.0599741e-06  9.2474687e-01] speed=0.0010 ang_speed=0.0032 ang_vel_vec=[0.0027447  0.00081075 0.00150735] |com_force|=0.0000N
### kotek_magnet[tick=13500] sensor4: d=0.5249m in_range=False f_mag=0.000N tau_mag=0.0000Nm misalign_deg=90.0 pos=[-0.109       0.10900014  0.49140233] bottom_world=[-0.10900024  0.10899999  0.47140233] quat=[3.8268211e-01 3.9531005e-06 5.7938282e-06 9.2388016e-01] speed=0.0009 ang_speed=0.0032 ang_vel_vec=[ 0.00219123 -0.0021019  -0.00084739] |com_force|=0.0000N
### still playing, 1159s left
### kotek_magnet[tick=13560] sensor1: d=0.3210m in_range=False f_mag=0.000N tau_mag=0.0000Nm misalign_deg=90.0 pos=[ 0.3222183  -0.12032337  0.02000003] bottom_world=[ 0.32221837 -0.12032332  0.04000003] quat=[-7.5098814e-07  5.6362098e-01  8.2603353e-01 -1.9401757e-06] speed=0.0002 ang_speed=0.0036 ang_vel_vec=[ 0.0015541  -0.00327023 -0.00017518] |com_force|=0.0000N
### kotek_magnet[tick=13560] sensor3: d=0.5470m in_range=False f_mag=0.000N tau_mag=0.0000Nm misalign_deg=90.0 pos=[-0.10910811 -0.10914585  0.49140105] bottom_world=[-0.10910787 -0.10914595  0.47140105] quat=[-3.8058397e-01 -4.7435487e-06  4.6093796e-06  9.2474639e-01] speed=0.0009 ang_speed=0.0019 ang_vel_vec=[ 0.00138004  0.00091382 -0.0009241 ] |com_force|=0.0000N
### kotek_magnet[tick=13560] sensor4: d=0.5249m in_range=False f_mag=0.000N tau_mag=0.0000Nm misalign_deg=90.0 pos=[-0.10900003  0.10900015  0.4914023 ] bottom_world=[-0.10900027  0.109       0.4714023 ] quat=[3.8268211e-01 3.9184524e-06 5.6123927e-06 9.2388010e-01] speed=0.0009 ang_speed=0.0032 ang_vel_vec=[ 0.00221644 -0.00206922 -0.00093444] |com_force|=0.0000N
### kotek_magnet[tick=13620] sensor1: d=0.3210m in_range=False f_mag=0.000N tau_mag=0.0000Nm misalign_deg=90.0 pos=[ 0.32221833 -0.12032336  0.02000002] bottom_world=[ 0.3222184  -0.12032331  0.04000002] quat=[-7.2764868e-07  5.6362098e-01  8.2603353e-01 -1.9427603e-06] speed=0.0002 ang_speed=0.0036 ang_vel_vec=[ 0.00155725 -0.0032881  -0.00017556] |com_force|=0.0000N
### kotek_magnet[tick=13620] sensor3: d=0.5470m in_range=False f_mag=0.000N tau_mag=0.0000Nm misalign_deg=90.0 pos=[-0.10910814 -0.10914586  0.49140108] bottom_world=[-0.10910788 -0.10914597  0.47140108] quat=[-3.8058418e-01 -4.8371116e-06  4.7156250e-06  9.2474639e-01] speed=0.0009 ang_speed=0.0020 ang_vel_vec=[ 0.0013777   0.00107808 -0.00091036] |com_force|=0.0000N
### kotek_magnet[tick=13620] sensor4: d=0.5249m in_range=False f_mag=0.000N tau_mag=0.0000Nm misalign_deg=90.0 pos=[-0.10900002  0.10900018  0.49140233] bottom_world=[-0.10900028  0.10900002  0.47140233] quat=[3.8268206e-01 4.2942365e-06 6.3365505e-06 9.2388016e-01] speed=0.0010 ang_speed=0.0038 ang_vel_vec=[ 0.00253101 -0.00261006 -0.00093881] |com_force|=0.0000N
### kotek_magnet[tick=13680] sensor1: d=0.3210m in_range=False f_mag=0.000N tau_mag=0.0000Nm misalign_deg=90.0 pos=[ 0.32221833 -0.12032336  0.02000002] bottom_world=[ 0.3222184  -0.12032331  0.04000002] quat=[-7.5952920e-07  5.6362098e-01  8.2603353e-01 -1.9614563e-06] speed=0.0002 ang_speed=0.0036 ang_vel_vec=[ 0.00155701 -0.00328769 -0.00017555] |com_force|=0.0000N
### kotek_magnet[tick=13680] sensor3: d=0.5470m in_range=False f_mag=0.000N tau_mag=0.0000Nm misalign_deg=90.0 pos=[-0.10910815 -0.10914584  0.49140114] bottom_world=[-0.1091079  -0.10914594  0.47140114] quat=[-3.8058403e-01 -4.7440644e-06  4.5849911e-06  9.2474633e-01] speed=0.0009 ang_speed=0.0018 ang_vel_vec=[ 0.00120004  0.00087412 -0.00097884] |com_force|=0.0000N
### kotek_magnet[tick=13680] sensor4: d=0.5249m in_range=False f_mag=0.000N tau_mag=0.0000Nm misalign_deg=90.0 pos=[-0.10900033  0.10899949  0.49140233] bottom_world=[-0.10900032  0.10899956  0.47140233] quat=[ 3.8268220e-01  3.1226071e-07 -1.6151607e-06  9.2388010e-01] speed=0.0004 ang_speed=0.0028 ang_vel_vec=[ 0.00250389  0.0005991  -0.00098554] |com_force|=0.0000N
### kotek_magnet[tick=13740] sensor1: d=0.3210m in_range=False f_mag=0.000N tau_mag=0.0000Nm misalign_deg=90.0 pos=[ 0.32221833 -0.12032336  0.02000004] bottom_world=[ 0.3222184  -0.12032331  0.04000004] quat=[-7.5748261e-07  5.6362098e-01  8.2603353e-01 -1.9472661e-06] speed=0.0002 ang_speed=0.0036 ang_vel_vec=[ 0.00155725 -0.00328824 -0.00017555] |com_force|=0.0000N
### kotek_magnet[tick=13740] sensor3: d=0.5470m in_range=False f_mag=0.000N tau_mag=0.0000Nm misalign_deg=90.0 pos=[-0.10910816 -0.10914585  0.4914011 ] bottom_world=[-0.10910792 -0.10914595  0.47140111] quat=[-3.8058397e-01 -4.7229037e-06  4.6283762e-06  9.2474639e-01] speed=0.0010 ang_speed=0.0017 ang_vel_vec=[ 0.00126689  0.00073573 -0.0008422 ] |com_force|=0.0000N
### kotek_magnet[tick=13740] sensor4: d=0.5249m in_range=False f_mag=0.000N tau_mag=0.0000Nm misalign_deg=90.0 pos=[-0.10900034  0.10899947  0.49140227] bottom_world=[-0.10900032  0.10899953  0.47140227] quat=[ 3.8268232e-01  2.0300489e-07 -1.6516215e-06  9.2387998e-01] speed=0.0004 ang_speed=0.0029 ang_vel_vec=[ 0.00257054  0.00099079 -0.00081433] |com_force|=0.0000N
### kotek_magnet[tick=13800] sensor1: d=0.3210m in_range=False f_mag=0.000N tau_mag=0.0000Nm misalign_deg=90.0 pos=[ 0.32221833 -0.12032336  0.02000003] bottom_world=[ 0.3222184  -0.12032331  0.04000003] quat=[-7.6757459e-07  5.6362098e-01  8.2603353e-01 -1.9706110e-06] speed=0.0002 ang_speed=0.0036 ang_vel_vec=[ 0.00155694 -0.00328769 -0.00017555] |com_force|=0.0000N
### kotek_magnet[tick=13800] sensor3: d=0.5470m in_range=False f_mag=0.000N tau_mag=0.0000Nm misalign_deg=90.0 pos=[-0.10910722 -0.10914595  0.491401  ] bottom_world=[-0.10910719 -0.10914587  0.47140099] quat=[-3.8058361e-01 -1.3891557e-06 -1.5359803e-06  9.2474657e-01] speed=0.0001 ang_speed=0.0020 ang_vel_vec=[0.00157613 0.00122784 0.00034892] |com_force|=0.0000N
### kotek_magnet[tick=13800] sensor4: d=0.5249m in_range=False f_mag=0.000N tau_mag=0.0000Nm misalign_deg=90.0 pos=[-0.10900002  0.10900012  0.49140224] bottom_world=[-0.10900025  0.10899997  0.47140224] quat=[3.8268217e-01 3.8998469e-06 5.5707173e-06 9.2388010e-01] speed=0.0009 ang_speed=0.0033 ang_vel_vec=[ 0.00225219 -0.00227557 -0.00078377] |com_force|=0.0000N
### kotek_magnet[tick=13860] sensor1: d=0.3210m in_range=False f_mag=0.000N tau_mag=0.0000Nm misalign_deg=90.0 pos=[ 0.32221833 -0.12032337  0.02000003] bottom_world=[ 0.3222184  -0.12032332  0.04000003] quat=[-7.7912335e-07  5.6362098e-01  8.2603353e-01 -1.9817351e-06] speed=0.0002 ang_speed=0.0036 ang_vel_vec=[ 0.00155725 -0.00328847 -0.00017553] |com_force|=0.0000N
### kotek_magnet[tick=13860] sensor3: d=0.5470m in_range=False f_mag=0.000N tau_mag=0.0000Nm misalign_deg=90.0 pos=[-0.1091075  -0.10914619  0.49140114] bottom_world=[-0.10910745 -0.10914607  0.47140114] quat=[-3.8058385e-01 -2.2589240e-06 -2.2710362e-06  9.2474651e-01] speed=0.0005 ang_speed=0.0020 ang_vel_vec=[ 0.00029956  0.00183751 -0.00070405] |com_force|=0.0000N
### kotek_magnet[tick=13860] sensor4: d=0.5249m in_range=False f_mag=0.000N tau_mag=0.0000Nm misalign_deg=90.0 pos=[-0.10900036  0.10899946  0.49140227] bottom_world=[-0.10900033  0.10899952  0.47140227] quat=[ 3.8268229e-01  5.0076764e-08 -1.6171371e-06  9.2387998e-01] speed=0.0004 ang_speed=0.0030 ang_vel_vec=[ 0.00247911  0.00155615 -0.00078146] |com_force|=0.0000N
### kotek_magnet[tick=13920] sensor1: d=0.3210m in_range=False f_mag=0.000N tau_mag=0.0000Nm misalign_deg=90.0 pos=[ 0.32221833 -0.12032337  0.02000002] bottom_world=[ 0.3222184  -0.12032332  0.04000002] quat=[-8.0501007e-07  5.6362098e-01  8.2603353e-01 -1.9703616e-06] speed=0.0002 ang_speed=0.0036 ang_vel_vec=[ 0.00155689 -0.00328642 -0.00017551] |com_force|=0.0000N
### kotek_magnet[tick=13920] sensor3: d=0.5470m in_range=False f_mag=0.000N tau_mag=0.0000Nm misalign_deg=90.0 pos=[-0.10910816 -0.10914591  0.49140108] bottom_world=[-0.10910791 -0.109146    0.47140108] quat=[-3.8058400e-01 -4.8477978e-06  4.4610433e-06  9.2474645e-01] speed=0.0010 ang_speed=0.0014 ang_vel_vec=[ 0.00088849  0.00062732 -0.0008267 ] |com_force|=0.0000N
### kotek_magnet[tick=13920] sensor4: d=0.5249m in_range=False f_mag=0.000N tau_mag=0.0000Nm misalign_deg=90.0 pos=[-0.10900033  0.10899945  0.4914022 ] bottom_world=[-0.10900032  0.10899951  0.47140221] quat=[ 3.8268229e-01  3.6378248e-07 -1.4331920e-06  9.2388010e-01] speed=0.0004 ang_speed=0.0030 ang_vel_vec=[ 2.8292725e-03  3.9552549e-05 -8.5292797e-04] |com_force|=0.0000N
### kotek_magnet[tick=13980] sensor1: d=0.3210m in_range=False f_mag=0.000N tau_mag=0.0000Nm misalign_deg=90.0 pos=[ 0.32221833 -0.12032336  0.02000002] bottom_world=[ 0.3222184  -0.12032331  0.04000002] quat=[-7.2585334e-07  5.6362098e-01  8.2603353e-01 -1.9510280e-06] speed=0.0002 ang_speed=0.0036 ang_vel_vec=[ 0.00155733 -0.00328818 -0.00017556] |com_force|=0.0000N
### kotek_magnet[tick=13980] sensor3: d=0.5470m in_range=False f_mag=0.000N tau_mag=0.0000Nm misalign_deg=90.0 pos=[-0.1091082  -0.10914586  0.49140117] bottom_world=[-0.10910796 -0.10914597  0.47140117] quat=[-3.8058397e-01 -4.7026419e-06  4.7557382e-06  9.2474645e-01] speed=0.0010 ang_speed=0.0014 ang_vel_vec=[ 0.00097957  0.00051602 -0.00090019] |com_force|=0.0000N
### kotek_magnet[tick=13980] sensor4: d=0.5249m in_range=False f_mag=0.000N tau_mag=0.0000Nm misalign_deg=90.0 pos=[-0.10899998  0.10899893  0.49140224] bottom_world=[-0.10900006  0.10899907  0.47140224] quat=[ 3.8268307e-01  2.9784251e-06 -2.4288568e-06  9.2387980e-01] speed=0.0006 ang_speed=0.0088 ang_vel_vec=[ 0.00422267 -0.00764474  0.00114442] |com_force|=0.0000N
### kotek_magnet[tick=14040] sensor1: d=0.3210m in_range=False f_mag=0.000N tau_mag=0.0000Nm misalign_deg=90.0 pos=[ 0.32221833 -0.12032336  0.02000002] bottom_world=[ 0.3222184  -0.12032331  0.04000002] quat=[-7.5321572e-07  5.6362098e-01  8.2603353e-01 -1.9414240e-06] speed=0.0002 ang_speed=0.0036 ang_vel_vec=[ 0.00155726 -0.00328817 -0.00017556] |com_force|=0.0000N
### kotek_magnet[tick=14040] sensor3: d=0.5470m in_range=False f_mag=0.000N tau_mag=0.0000Nm misalign_deg=90.0 pos=[-0.10910755 -0.10914614  0.49140108] bottom_world=[-0.1091075  -0.10914601  0.47140108] quat=[-3.8058388e-01 -2.3713665e-06 -2.5012480e-06  9.2474651e-01] speed=0.0005 ang_speed=0.0020 ang_vel_vec=[-0.0003746   0.00178537 -0.00072938] |com_force|=0.0000N
### kotek_magnet[tick=14040] sensor4: d=0.5249m in_range=False f_mag=0.000N tau_mag=0.0000Nm misalign_deg=90.0 pos=[-0.10900021  0.10899845  0.49140233] bottom_world=[-0.1090001   0.10899877  0.47140233] quat=[ 3.8268319e-01  4.0774282e-07 -8.5184520e-06  9.2387974e-01] speed=0.0010 ang_speed=0.0017 ang_vel_vec=[-0.00056817 -0.00091813  0.00128445] |com_force|=0.0000N
### kotek_magnet[tick=14100] sensor1: d=0.3210m in_range=False f_mag=0.000N tau_mag=0.0000Nm misalign_deg=90.0 pos=[ 0.32221833 -0.12032336  0.02000002] bottom_world=[ 0.3222184  -0.12032331  0.04000002] quat=[-7.6242594e-07  5.6362098e-01  8.2603353e-01 -1.9652298e-06] speed=0.0002 ang_speed=0.0036 ang_vel_vec=[ 0.00155704 -0.00328763 -0.00017555] |com_force|=0.0000N
### kotek_magnet[tick=14100] sensor3: d=0.5470m in_range=False f_mag=0.000N tau_mag=0.0000Nm misalign_deg=90.0 pos=[-0.10910752 -0.10914615  0.49140102] bottom_world=[-0.10910747 -0.10914602  0.47140102] quat=[-3.8058379e-01 -2.3869652e-06 -2.5146978e-06  9.2474651e-01] speed=0.0005 ang_speed=0.0019 ang_vel_vec=[-0.00035719  0.00171561 -0.00064747] |com_force|=0.0000N
### kotek_magnet[tick=14100] sensor4: d=0.5249m in_range=False f_mag=0.000N tau_mag=0.0000Nm misalign_deg=90.0 pos=[-0.10900021  0.10899842  0.49140233] bottom_world=[-0.10900011  0.10899873  0.47140233] quat=[ 3.8268298e-01  5.1239880e-07 -8.2935358e-06  9.2387980e-01] speed=0.0010 ang_speed=0.0018 ang_vel_vec=[-0.00030339 -0.00117386  0.00139386] |com_force|=0.0000N
### kotek_magnet[tick=14160] sensor1: d=0.3210m in_range=False f_mag=0.000N tau_mag=0.0000Nm misalign_deg=90.0 pos=[ 0.32221833 -0.12032336  0.02000005] bottom_world=[ 0.3222184  -0.12032331  0.04000005] quat=[-7.8513943e-07  5.6362098e-01  8.2603353e-01 -1.9283632e-06] speed=0.0002 ang_speed=0.0036 ang_vel_vec=[ 0.00155587 -0.00327782 -0.00017532] |com_force|=0.0000N
### kotek_magnet[tick=14160] sensor3: d=0.5470m in_range=False f_mag=0.000N tau_mag=0.0000Nm misalign_deg=90.0 pos=[-0.10910819 -0.10914587  0.49140108] bottom_world=[-0.10910794 -0.10914597  0.47140108] quat=[-3.8058406e-01 -4.8627280e-06  4.5709003e-06  9.2474633e-01] speed=0.0010 ang_speed=0.0012 ang_vel_vec=[ 0.00083717  0.00047954 -0.00069034] |com_force|=0.0000N
### kotek_magnet[tick=14160] sensor4: d=0.5249m in_range=False f_mag=0.000N tau_mag=0.0000Nm misalign_deg=90.0 pos=[-0.10900019  0.1089984   0.49140242] bottom_world=[-0.10900008  0.10899871  0.47140242] quat=[ 3.8268292e-01  5.6401842e-07 -8.3542136e-06  9.2387974e-01] speed=0.0010 ang_speed=0.0021 ang_vel_vec=[-0.00010064 -0.00146542  0.00145977] |com_force|=0.0000N
### kotek_magnet[tick=14220] sensor1: d=0.3210m in_range=False f_mag=0.000N tau_mag=0.0000Nm misalign_deg=90.0 pos=[ 0.32221836 -0.12032336  0.02000004] bottom_world=[ 0.32221843 -0.12032331  0.04000004] quat=[-7.5210613e-07  5.6362098e-01  8.2603353e-01 -1.9706140e-06] speed=0.0002 ang_speed=0.0036 ang_vel_vec=[ 0.00155833 -0.00329306 -0.00017561] |com_force|=0.0000N
### kotek_magnet[tick=14220] sensor3: d=0.5470m in_range=False f_mag=0.000N tau_mag=0.0000Nm misalign_deg=90.0 pos=[-0.1091081  -0.10914573  0.49140102] bottom_world=[-0.10910785 -0.10914585  0.47140102] quat=[-3.8058379e-01 -4.5126558e-06  5.1728293e-06  9.2474645e-01] speed=0.0010 ang_speed=0.0029 ang_vel_vec=[ 0.00209959  0.0019498  -0.00042608] |com_force|=0.0000N
### kotek_magnet[tick=14220] sensor4: d=0.5249m in_range=False f_mag=0.000N tau_mag=0.0000Nm misalign_deg=90.0 pos=[-0.10900019  0.10899849  0.49140227] bottom_world=[-0.10900009  0.1089988   0.47140227] quat=[ 3.8268307e-01  5.5753037e-07 -8.0986229e-06  9.2387974e-01] speed=0.0010 ang_speed=0.0019 ang_vel_vec=[-9.8348355e-05 -1.3093184e-03  1.4278955e-03] |com_force|=0.0000N
### kotek_magnet[tick=14280] sensor1: d=0.3210m in_range=False f_mag=0.000N tau_mag=0.0000Nm misalign_deg=90.0 pos=[ 0.32221833 -0.12032336  0.02000003] bottom_world=[ 0.3222184  -0.12032331  0.04000003] quat=[-7.1368157e-07  5.6362098e-01  8.2603353e-01 -1.9694721e-06] speed=0.0002 ang_speed=0.0036 ang_vel_vec=[ 0.00155725 -0.00328846 -0.00017556] |com_force|=0.0000N
### kotek_magnet[tick=14280] sensor3: d=0.5496m in_range=False f_mag=0.000N tau_mag=0.0000Nm misalign_deg=75.2 pos=[-0.1149517  -0.1037866   0.49292806] bottom_world=[-0.10985073 -0.11227252  0.47555079] quat=[-0.36270046 -0.03993879  0.25292936  0.89603573] speed=0.3365 ang_speed=18.5153 ang_vel_vec=[  6.8052053   3.3887053 -16.882586 ] |com_force|=0.0000N
### kotek_magnet[tick=14280] sensor4: d=0.5249m in_range=False f_mag=0.000N tau_mag=0.0000Nm misalign_deg=90.0 pos=[-0.10900036  0.10899874  0.4914022 ] bottom_world=[-0.10900019  0.108999    0.47140221] quat=[ 3.8268298e-01 -1.4230037e-06 -7.7065688e-06  9.2387974e-01] speed=0.0004 ang_speed=0.0023 ang_vel_vec=[0.00212305 0.00040902 0.0007468 ] |com_force|=0.0000N
### kotek_magnet[tick=14340] sensor1: d=0.3210m in_range=False f_mag=0.000N tau_mag=0.0000Nm misalign_deg=90.0 pos=[ 0.32221833 -0.12032336  0.02000002] bottom_world=[ 0.3222184  -0.12032331  0.04000002] quat=[-7.6195846e-07  5.6362098e-01  8.2603353e-01 -1.9530548e-06] speed=0.0002 ang_speed=0.0036 ang_vel_vec=[ 0.00155726 -0.00328837 -0.00017556] |com_force|=0.0000N
### kotek_magnet[tick=14340] sensor3: d=0.5483m in_range=False f_mag=0.000N tau_mag=0.0000Nm misalign_deg=86.7 pos=[-0.10990164 -0.11194253  0.4928974 ] bottom_world=[-0.10874345 -0.11330218  0.4729773 ] quat=[-0.343416   -0.01552094  0.04191504  0.93811923] speed=0.0643 ang_speed=1.1647 ang_vel_vec=[-0.79120266 -0.72497755  0.45261562] |com_force|=0.0000N
### kotek_magnet[tick=14340] sensor4: d=0.5249m in_range=False f_mag=0.000N tau_mag=0.0000Nm misalign_deg=90.0 pos=[-0.10900033  0.10899873  0.49140224] bottom_world=[-0.10900019  0.10899902  0.47140224] quat=[ 3.8268277e-01 -5.4160466e-07 -8.0832251e-06  9.2387986e-01] speed=0.0006 ang_speed=0.0047 ang_vel_vec=[-0.00174544  0.0043362   0.00040833] |com_force|=0.0000N
### kotek_magnet[tick=14400] sensor1: d=0.3210m in_range=False f_mag=0.000N tau_mag=0.0000Nm misalign_deg=90.0 pos=[ 0.32221833 -0.12032336  0.02000004] bottom_world=[ 0.3222184  -0.12032331  0.04000004] quat=[-7.8309421e-07  5.6362098e-01  8.2603353e-01 -1.9338627e-06] speed=0.0002 ang_speed=0.0036 ang_vel_vec=[ 0.00155609 -0.00327784 -0.00017531] |com_force|=0.0000N
### kotek_magnet[tick=14400] sensor3: d=0.5609m in_range=False f_mag=0.000N tau_mag=0.0000Nm misalign_deg=89.8 pos=[-0.12367951 -0.10994997  0.49163023] bottom_world=[-0.12360882 -0.11019531  0.47163186] quat=[-1.4905035e-01 -8.3334168e-04  6.3286470e-03  9.8880905e-01] speed=0.1130 ang_speed=7.7378 ang_vel_vec=[ 0.6558684 -0.492619   7.6942396] |com_force|=0.0000N
### kotek_magnet[tick=14400] sensor4: d=0.5249m in_range=False f_mag=0.000N tau_mag=0.0000Nm misalign_deg=90.0 pos=[-0.10900041  0.1089984   0.49140236] bottom_world=[-0.10900021  0.10899874  0.47140236] quat=[ 3.8268277e-01 -1.6005937e-06 -9.7199663e-06  9.2387986e-01] speed=0.0009 ang_speed=0.0031 ang_vel_vec=[0.00065938 0.0030042  0.00057025] |com_force|=0.0000N
### kotek_magnet[tick=14460] sensor1: d=0.3210m in_range=False f_mag=0.000N tau_mag=0.0000Nm misalign_deg=90.0 pos=[ 0.32221833 -0.12032336  0.02000003] bottom_world=[ 0.3222184  -0.12032331  0.04000003] quat=[-7.7174553e-07  5.6362098e-01  8.2603353e-01 -1.9692479e-06] speed=0.0002 ang_speed=0.0036 ang_vel_vec=[ 0.00155719 -0.00328793 -0.00017554] |com_force|=0.0000N
### kotek_magnet[tick=14460] sensor3: d=0.5607m in_range=False f_mag=0.000N tau_mag=0.0000Nm misalign_deg=89.9 pos=[-0.123646   -0.10938014  0.49155915] bottom_world=[-0.12361671 -0.10930919  0.4715593 ] quat=[-1.3597186e-01 -9.6652191e-04 -1.6577608e-03  9.9071079e-01] speed=0.0352 ang_speed=3.3394 ang_vel_vec=[-1.6313688   0.16995026  2.9088056 ] |com_force|=0.0000N
### kotek_magnet[tick=14460] sensor4: d=0.5249m in_range=False f_mag=0.000N tau_mag=0.0000Nm misalign_deg=90.0 pos=[-0.10900009  0.10900014  0.49140236] bottom_world=[-0.1090003   0.109       0.47140236] quat=[3.8268211e-01 3.5941507e-06 5.2174983e-06 9.2388016e-01] speed=0.0009 ang_speed=0.0023 ang_vel_vec=[ 0.00146502 -0.00147447 -0.00108191] |com_force|=0.0000N
### kotek_magnet[tick=14520] sensor1: d=0.3210m in_range=False f_mag=0.000N tau_mag=0.0000Nm misalign_deg=90.0 pos=[ 0.32221833 -0.12032336  0.02000003] bottom_world=[ 0.3222184  -0.12032331  0.04000003] quat=[-7.5625684e-07  5.6362098e-01  8.2603353e-01 -1.9579584e-06] speed=0.0002 ang_speed=0.0036 ang_vel_vec=[ 0.00155694 -0.00328772 -0.00017555] |com_force|=0.0000N
### kotek_magnet[tick=14520] sensor3: d=0.5659m in_range=False f_mag=0.000N tau_mag=0.0000Nm misalign_deg=90.0 pos=[-0.127892   -0.10535464  0.5030206 ] bottom_world=[-0.12788441 -0.10468432  0.48303182] quat=[-4.4854321e-02 -9.4149407e-04 -1.6734935e-02  9.9885297e-01] speed=0.0977 ang_speed=5.9634 ang_vel_vec=[-1.317527  -1.2244288  5.6856833] |com_force|=0.0000N
### kotek_magnet[tick=14520] sensor4: d=0.5249m in_range=False f_mag=0.000N tau_mag=0.0000Nm misalign_deg=90.0 pos=[-0.10900021  0.10899843  0.49140227] bottom_world=[-0.1090001   0.10899874  0.47140227] quat=[ 3.8268307e-01  5.2584488e-07 -8.3901841e-06  9.2387974e-01] speed=0.0010 ang_speed=0.0019 ang_vel_vec=[-0.00035558 -0.00126762  0.00138974] |com_force|=0.0000N
### kotek_magnet[tick=14580] sensor1: d=0.3210m in_range=False f_mag=0.000N tau_mag=0.0000Nm misalign_deg=90.0 pos=[ 0.32221833 -0.12032337  0.02000002] bottom_world=[ 0.3222184  -0.12032332  0.04000002] quat=[-8.1104139e-07  5.6362098e-01  8.2603353e-01 -1.9715494e-06] speed=0.0002 ang_speed=0.0036 ang_vel_vec=[ 0.00155747 -0.00329    -0.00017563] |com_force|=0.0000N
### kotek_magnet[tick=14580] sensor3: d=0.5717m in_range=False f_mag=0.000N tau_mag=0.0000Nm misalign_deg=90.0 pos=[-0.12798472 -0.10597104  0.5247883 ] bottom_world=[-0.12798631 -0.10532858  0.50479864] quat=[-3.9792895e-02 -5.9945101e-04 -1.6052464e-02  9.9907887e-01] speed=0.1102 ang_speed=6.0130 ang_vel_vec=[-1.0300761 -0.6992592  5.882679 ] |com_force|=0.0000N
### kotek_magnet[tick=14580] sensor4: d=0.5249m in_range=False f_mag=0.000N tau_mag=0.0000Nm misalign_deg=90.0 pos=[-0.10900005  0.10900016  0.49140233] bottom_world=[-0.10900028  0.10900001  0.47140233] quat=[3.8268211e-01 4.0134823e-06 5.6619301e-06 9.2388016e-01] speed=0.0010 ang_speed=0.0034 ang_vel_vec=[ 0.00226024 -0.0023267  -0.00097323] |com_force|=0.0000N
### kotek_magnet[tick=14640] sensor1: d=0.3210m in_range=False f_mag=0.000N tau_mag=0.0000Nm misalign_deg=90.0 pos=[ 0.32221833 -0.12032336  0.02000002] bottom_world=[ 0.3222184  -0.12032331  0.04000002] quat=[-7.7219664e-07  5.6362098e-01  8.2603353e-01 -1.9663130e-06] speed=0.0002 ang_speed=0.0036 ang_vel_vec=[ 0.00155716 -0.00328762 -0.00017555] |com_force|=0.0000N
### kotek_magnet[tick=14640] sensor3: d=0.5786m in_range=False f_mag=0.000N tau_mag=0.0000Nm misalign_deg=90.1 pos=[-0.12764196 -0.10663486  0.548996  ] bottom_world=[-0.12766665 -0.10605009  0.52900454] quat=[-3.4066737e-02  1.1886692e-04 -1.4633343e-02  9.9931240e-01] speed=0.1023 ang_speed=8.2199 ang_vel_vec=[-1.0789965 -1.8111656  7.9449806] |com_force|=0.0000N
### kotek_magnet[tick=14640] sensor4: d=0.5249m in_range=False f_mag=0.000N tau_mag=0.0000Nm misalign_deg=90.0 pos=[-0.10900038  0.10899864  0.4914024 ] bottom_world=[-0.10900023  0.10899894  0.47140239] quat=[ 3.8268280e-01 -5.5477472e-07 -8.1994058e-06  9.2387986e-01] speed=0.0007 ang_speed=0.0045 ang_vel_vec=[-0.00167389  0.0041411   0.00056785] |com_force|=0.0000N
### kotek_magnet[tick=14700] sensor1: d=0.3210m in_range=False f_mag=0.000N tau_mag=0.0000Nm misalign_deg=90.0 pos=[ 0.32221833 -0.12032337  0.02000004] bottom_world=[ 0.3222184  -0.12032332  0.04000004] quat=[-7.4955136e-07  5.6362098e-01  8.2603353e-01 -1.9264726e-06] speed=0.0002 ang_speed=0.0036 ang_vel_vec=[ 0.00155579 -0.00327684 -0.00017528] |com_force|=0.0000N
### kotek_magnet[tick=14700] sensor3: d=0.5868m in_range=False f_mag=0.000N tau_mag=0.0000Nm misalign_deg=90.0 pos=[-0.1274732  -0.10721276  0.5737884 ] bottom_world=[-0.12748599 -0.1067419   0.55379395] quat=[-2.7179692e-02 -4.9299700e-07 -1.1776729e-02  9.9956119e-01] speed=0.0947 ang_speed=7.3777 ang_vel_vec=[-1.8110565 -2.3828907  6.743266 ] |com_force|=0.0000N
### kotek_magnet[tick=14700] sensor4: d=0.5249m in_range=False f_mag=0.000N tau_mag=0.0000Nm misalign_deg=90.0 pos=[-0.10899997  0.10899898  0.49140224] bottom_world=[-0.10900005  0.10899911  0.47140224] quat=[ 3.8268307e-01  3.1858285e-06 -2.1523040e-06  9.2387980e-01] speed=0.0006 ang_speed=0.0089 ang_vel_vec=[ 0.00445016 -0.00760428  0.00135267] |com_force|=0.0000N
### kotek_magnet[tick=14760] sensor1: d=0.3210m in_range=False f_mag=0.000N tau_mag=0.0000Nm misalign_deg=90.0 pos=[ 0.32221836 -0.12032336  0.02000004] bottom_world=[ 0.32221843 -0.12032331  0.04000004] quat=[-7.6488499e-07  5.6362098e-01  8.2603353e-01 -1.9611139e-06] speed=0.0002 ang_speed=0.0036 ang_vel_vec=[ 0.00155829 -0.00329265 -0.0001756 ] |com_force|=0.0000N
### kotek_magnet[tick=14760] sensor3: d=0.5887m in_range=False f_mag=0.000N tau_mag=0.0000Nm misalign_deg=89.8 pos=[-0.12754405 -0.10708199  0.57930255] bottom_world=[-0.12748172 -0.1064292   0.5593133 ] quat=[-0.0254419  -0.00197305 -0.01627683  0.9995419 ] speed=0.1022 ang_speed=7.7220 ang_vel_vec=[-1.7942042 -2.7069273  7.0059047] |com_force|=0.0000N
### kotek_magnet[tick=14760] sensor4: d=0.5249m in_range=False f_mag=0.000N tau_mag=0.0000Nm misalign_deg=90.0 pos=[-0.10900034  0.1089987   0.49140233] bottom_world=[-0.10900019  0.108999    0.47140233] quat=[ 3.8268277e-01 -6.2630551e-07 -8.2671795e-06  9.2387986e-01] speed=0.0007 ang_speed=0.0044 ang_vel_vec=[-0.00156944  0.00406145  0.00052177] |com_force|=0.0000N
### kotek_magnet[tick=14820] sensor1: d=0.3210m in_range=False f_mag=0.000N tau_mag=0.0000Nm misalign_deg=90.0 pos=[ 0.32221833 -0.12032336  0.02000003] bottom_world=[ 0.3222184  -0.12032331  0.04000003] quat=[-7.7023600e-07  5.6362098e-01  8.2603353e-01 -1.9619060e-06] speed=0.0002 ang_speed=0.0036 ang_vel_vec=[ 0.00155694 -0.00328767 -0.00017555] |com_force|=0.0000N
### kotek_magnet[tick=14820] sensor3: d=0.5812m in_range=False f_mag=0.000N tau_mag=0.0000Nm misalign_deg=88.6 pos=[-0.11693145 -0.1238388   0.57201874] bottom_world=[-0.11643074 -0.12391826  0.55202517] quat=[-0.03913588 -0.01243161  0.00247503  0.9991535 ] speed=0.1617 ang_speed=7.8472 ang_vel_vec=[-1.8780552 -2.6324232  7.149912 ] |com_force|=0.0000N
### kotek_magnet[tick=14820] sensor4: d=0.5249m in_range=False f_mag=0.000N tau_mag=0.0000Nm misalign_deg=90.0 pos=[-0.10900036  0.10899864  0.49140227] bottom_world=[-0.10900022  0.10899893  0.47140227] quat=[ 3.8268271e-01 -4.3534124e-07 -8.0653163e-06  9.2387980e-01] speed=0.0007 ang_speed=0.0042 ang_vel_vec=[-0.00144116  0.00391715  0.00034205] |com_force|=0.0000N
### kotek_magnet[tick=14880] sensor1: d=0.3210m in_range=False f_mag=0.000N tau_mag=0.0000Nm misalign_deg=90.0 pos=[ 0.32221833 -0.12032336  0.02000003] bottom_world=[ 0.3222184  -0.12032331  0.04000003] quat=[-7.7794851e-07  5.6362098e-01  8.2603353e-01 -1.9653016e-06] speed=0.0002 ang_speed=0.0036 ang_vel_vec=[ 0.00155711 -0.0032879  -0.00017555] |com_force|=0.0000N
### kotek_magnet[tick=14880] sensor3: d=0.5643m in_range=False f_mag=0.000N tau_mag=0.0000Nm misalign_deg=85.6 pos=[-0.09234815 -0.15233281  0.5596683 ] bottom_world=[-0.09082033 -0.15375659  0.53977764] quat=[-0.0621077  -0.03595714  0.03795305  0.9966993 ] speed=0.1735 ang_speed=8.0840 ang_vel_vec=[-2.0985281 -2.216965   7.4854684] |com_force|=0.0000N
### kotek_magnet[tick=14880] sensor4: d=0.5249m in_range=False f_mag=0.000N tau_mag=0.0000Nm misalign_deg=90.0 pos=[-0.10900036  0.10899918  0.49140218] bottom_world=[-0.10900031  0.10899932  0.47140218] quat=[ 3.8268256e-01  1.2753657e-07 -3.7979103e-06  9.2387992e-01] speed=0.0002 ang_speed=0.0014 ang_vel_vec=[-0.00032066  0.00133346 -0.0003323 ] |com_force|=0.0000N
### kotek_magnet[tick=14940] sensor1: d=0.3210m in_range=False f_mag=0.000N tau_mag=0.0000Nm misalign_deg=90.0 pos=[ 0.32221833 -0.12032337  0.02000003] bottom_world=[ 0.3222184  -0.12032332  0.04000003] quat=[-7.8642000e-07  5.6362098e-01  8.2603353e-01 -1.9689492e-06] speed=0.0002 ang_speed=0.0036 ang_vel_vec=[ 0.00155695 -0.00328646 -0.00017551] |com_force|=0.0000N
### kotek_magnet[tick=14940] sensor3: d=0.5431m in_range=False f_mag=0.000N tau_mag=0.0000Nm misalign_deg=81.9 pos=[-0.06224224 -0.17614298  0.54749715] bottom_world=[-0.05941132 -0.17868031  0.52786178] quat=[-0.07894012 -0.06582025  0.06916204  0.9922967 ] speed=0.1516 ang_speed=5.9794 ang_vel_vec=[-2.6302423 -0.1608631  5.36739  ] |com_force|=0.0000N
### kotek_magnet[tick=14940] sensor4: d=0.5249m in_range=False f_mag=0.000N tau_mag=0.0000Nm misalign_deg=90.0 pos=[-0.10900021  0.10899841  0.4914024 ] bottom_world=[-0.1090001   0.10899873  0.47140239] quat=[ 3.8268304e-01  5.4198568e-07 -8.3524146e-06  9.2387974e-01] speed=0.0010 ang_speed=0.0022 ang_vel_vec=[-8.6334527e-05 -1.8061388e-03  1.2433835e-03] |com_force|=0.0000N
### kotek_magnet[tick=15000] sensor1: d=0.3210m in_range=False f_mag=0.000N tau_mag=0.0000Nm misalign_deg=90.0 pos=[ 0.32221836 -0.12032336  0.02000004] bottom_world=[ 0.32221843 -0.12032331  0.04000004] quat=[-7.6512168e-07  5.6362098e-01  8.2603353e-01 -1.9487184e-06] speed=0.0002 ang_speed=0.0036 ang_vel_vec=[ 0.00155846 -0.00329305 -0.00017561] |com_force|=0.0000N
### kotek_magnet[tick=15000] sensor3: d=0.5184m in_range=False f_mag=0.000N tau_mag=0.0000Nm misalign_deg=77.5 pos=[-0.02842321 -0.19387582  0.5358482 ] bottom_world=[-0.02410893 -0.19729559  0.51662082] quat=[-0.08675335 -0.1009324   0.09554147  0.98648787] speed=0.1575 ang_speed=5.3103 ang_vel_vec=[-2.6926098   0.84611684  4.4981127 ] |com_force|=0.0000N
### kotek_magnet[tick=15000] sensor4: d=0.5249m in_range=False f_mag=0.000N tau_mag=0.0000Nm misalign_deg=90.0 pos=[-0.10900009  0.10900012  0.49140233] bottom_world=[-0.10900032  0.10899997  0.47140233] quat=[3.8268194e-01 3.9616048e-06 5.6231897e-06 9.2388010e-01] speed=0.0009 ang_speed=0.0033 ang_vel_vec=[ 0.00219221 -0.00225626 -0.00094036] |com_force|=0.0000N
### kotek_magnet[tick=15060] sensor1: d=0.3210m in_range=False f_mag=0.000N tau_mag=0.0000Nm misalign_deg=90.0 pos=[ 0.32221833 -0.12032336  0.02000003] bottom_world=[ 0.3222184  -0.12032331  0.04000004] quat=[-7.7020849e-07  5.6362098e-01  8.2603353e-01 -1.9487206e-06] speed=0.0002 ang_speed=0.0036 ang_vel_vec=[ 0.00155723 -0.00328823 -0.00017556] |com_force|=0.0000N
### kotek_magnet[tick=15060] sensor3: d=0.4906m in_range=False f_mag=0.000N tau_mag=0.0000Nm misalign_deg=73.0 pos=[ 0.00818751 -0.20543939  0.5250301 ] bottom_world=[ 0.01403511 -0.20946058  0.50633153] quat=[-0.09567311 -0.13798179  0.1161785   0.9789332 ] speed=0.1546 ang_speed=5.2120 ang_vel_vec=[-2.5286984  1.3300024  4.3590837] |com_force|=0.0000N
### kotek_magnet[tick=15060] sensor4: d=0.5249m in_range=False f_mag=0.000N tau_mag=0.0000Nm misalign_deg=90.0 pos=[-0.10900006  0.10900007  0.49140227] bottom_world=[-0.10900029  0.10899992  0.47140227] quat=[3.8268211e-01 4.0311406e-06 5.6537165e-06 9.2388016e-01] speed=0.0009 ang_speed=0.0039 ang_vel_vec=[ 0.00254765 -0.00273848 -0.0011185 ] |com_force|=0.0000N
### kotek_magnet[tick=15120] sensor1: d=0.3210m in_range=False f_mag=0.000N tau_mag=0.0000Nm misalign_deg=90.0 pos=[ 0.32221833 -0.12032336  0.02000003] bottom_world=[ 0.3222184  -0.12032331  0.04000003] quat=[-7.5785778e-07  5.6362098e-01  8.2603353e-01 -1.9658230e-06] speed=0.0002 ang_speed=0.0036 ang_vel_vec=[ 0.00155717 -0.00328789 -0.00017555] |com_force|=0.0000N
### kotek_magnet[tick=15120] sensor3: d=0.4603m in_range=False f_mag=0.000N tau_mag=0.0000Nm misalign_deg=68.3 pos=[ 0.0461138  -0.21075284  0.5148712 ] bottom_world=[ 0.053513   -0.21512124  0.49681103] quat=[-0.10310739 -0.17673877  0.13137607  0.96998596] speed=0.1533 ang_speed=5.1707 ang_vel_vec=[-2.8409498  1.384304   4.092514 ] |com_force|=0.0000N
### kotek_magnet[tick=15120] sensor4: d=0.5249m in_range=False f_mag=0.000N tau_mag=0.0000Nm misalign_deg=90.0 pos=[-0.10900006  0.10900012  0.49140233] bottom_world=[-0.10900029  0.10899998  0.47140233] quat=[3.8268214e-01 4.0729456e-06 5.6288072e-06 9.2388016e-01] speed=0.0009 ang_speed=0.0037 ang_vel_vec=[ 0.0025196  -0.00253799 -0.00091682] |com_force|=0.0000N
### kotek_magnet[tick=15180] sensor1: d=0.3210m in_range=False f_mag=0.000N tau_mag=0.0000Nm misalign_deg=90.0 pos=[ 0.32221833 -0.12032337  0.02000003] bottom_world=[ 0.3222184  -0.12032332  0.04000003] quat=[-8.0596141e-07  5.6362098e-01  8.2603353e-01 -1.9666493e-06] speed=0.0002 ang_speed=0.0036 ang_vel_vec=[ 0.00155753 -0.00329021 -0.00017562] |com_force|=0.0000N
### kotek_magnet[tick=15180] sensor3: d=0.4280m in_range=False f_mag=0.000N tau_mag=0.0000Nm misalign_deg=63.5 pos=[ 0.08413489 -0.2099107   0.5054273 ] bottom_world=[ 0.09304385 -0.21440859  0.48809527] quat=[-0.10664954 -0.21628666  0.1411354   0.9601702 ] speed=0.1490 ang_speed=5.1286 ang_vel_vec=[-3.1574488  1.3575032  3.806639 ] |com_force|=0.0000N
### kotek_magnet[tick=15180] sensor4: d=0.5249m in_range=False f_mag=0.000N tau_mag=0.0000Nm misalign_deg=90.0 pos=[-0.10900035  0.10899943  0.4914024 ] bottom_world=[-0.10900033  0.1089995   0.47140239] quat=[ 3.8268211e-01  2.6552345e-07 -1.7373347e-06  9.2388004e-01] speed=0.0004 ang_speed=0.0029 ang_vel_vec=[ 0.00262124  0.00080435 -0.00095001] |com_force|=0.0000N
### still playing, 1129s left
### kotek_magnet[tick=15240] sensor1: d=0.3210m in_range=False f_mag=0.000N tau_mag=0.0000Nm misalign_deg=90.0 pos=[ 0.32221833 -0.12032337  0.02000002] bottom_world=[ 0.3222184  -0.12032332  0.04000002] quat=[-8.1366642e-07  5.6362098e-01  8.2603353e-01 -1.9700105e-06] speed=0.0002 ang_speed=0.0036 ang_vel_vec=[ 0.00155702 -0.00328667 -0.0001755 ] |com_force|=0.0000N
### kotek_magnet[tick=15240] sensor3: d=0.3941m in_range=False f_mag=0.000N tau_mag=0.0000Nm misalign_deg=58.9 pos=[ 0.12122229 -0.20318532  0.4966204 ] bottom_world=[ 0.13155056 -0.20761862  0.48007733] quat=[-0.10699942 -0.25546494  0.14546901  0.94980395] speed=0.1468 ang_speed=5.0893 ang_vel_vec=[-3.4081476  1.3361726  3.5355604] |com_force|=0.0000N
### kotek_magnet[tick=15240] sensor4: d=0.5249m in_range=False f_mag=0.000N tau_mag=0.0000Nm misalign_deg=90.0 pos=[-0.10900019  0.10899838  0.4914024 ] bottom_world=[-0.10900007  0.10899871  0.47140239] quat=[ 3.8268295e-01  4.2297827e-07 -8.6687960e-06  9.2387980e-01] speed=0.0011 ang_speed=0.0019 ang_vel_vec=[-0.00032324 -0.00148027  0.00106213] |com_force|=0.0000N
### kotek_magnet[tick=15300] sensor1: d=0.3210m in_range=False f_mag=0.000N tau_mag=0.0000Nm misalign_deg=90.0 pos=[ 0.32221836 -0.12032336  0.02000004] bottom_world=[ 0.32221843 -0.12032331  0.04000004] quat=[-7.4513690e-07  5.6362098e-01  8.2603353e-01 -1.9401791e-06] speed=0.0002 ang_speed=0.0036 ang_vel_vec=[ 0.00155856 -0.00329299 -0.00017561] |com_force|=0.0000N
### kotek_magnet[tick=15300] sensor3: d=0.3594m in_range=False f_mag=0.000N tau_mag=0.0000Nm misalign_deg=54.4 pos=[ 0.15628585 -0.19123672  0.48851344] bottom_world=[ 0.1679153  -0.1954607   0.47279994] quat=[-0.10421984 -0.29348576  0.14501266  0.93913555] speed=0.1415 ang_speed=5.0599 ang_vel_vec=[-3.6691675  1.2303913  3.2597225] |com_force|=0.0000N
### kotek_magnet[tick=15300] sensor4: d=0.5249m in_range=False f_mag=0.000N tau_mag=0.0000Nm misalign_deg=90.0 pos=[-0.10900003  0.10900009  0.49140233] bottom_world=[-0.10900025  0.10899995  0.47140233] quat=[3.8268197e-01 3.7784544e-06 5.4947991e-06 9.2388016e-01] speed=0.0009 ang_speed=0.0030 ang_vel_vec=[ 0.00214707 -0.00189354 -0.00093912] |com_force|=0.0000N
### kotek_magnet[tick=15360] sensor1: d=0.3210m in_range=False f_mag=0.000N tau_mag=0.0000Nm misalign_deg=90.0 pos=[ 0.32221836 -0.12032336  0.02000005] bottom_world=[ 0.32221843 -0.12032331  0.04000005] quat=[-7.6045689e-07  5.6362098e-01  8.2603353e-01 -1.9608174e-06] speed=0.0002 ang_speed=0.0036 ang_vel_vec=[ 0.00155828 -0.0032928  -0.00017561] |com_force|=0.0000N
### kotek_magnet[tick=15360] sensor3: d=0.3237m in_range=False f_mag=0.000N tau_mag=0.0000Nm misalign_deg=50.2 pos=[ 0.1891049  -0.17428444  0.48092082] bottom_world=[ 0.20191499 -0.17817682  0.46606313] quat=[-0.09916996 -0.3300471   0.14009503  0.92822826] speed=0.1399 ang_speed=5.0267 ang_vel_vec=[-3.8377433  1.1693172  3.0285778] |com_force|=0.0000N
### kotek_magnet[tick=15360] sensor4: d=0.5249m in_range=False f_mag=0.000N tau_mag=0.0000Nm misalign_deg=90.0 pos=[-0.10900006  0.10900013  0.4914023 ] bottom_world=[-0.10900028  0.10899999  0.4714023 ] quat=[3.8268211e-01 3.8829089e-06 5.3708013e-06 9.2388004e-01] speed=0.0009 ang_speed=0.0028 ang_vel_vec=[ 0.00185299 -0.00183939 -0.00091205] |com_force|=0.0000N
### kotek_magnet[tick=15420] sensor1: d=0.3210m in_range=False f_mag=0.000N tau_mag=0.0000Nm misalign_deg=90.0 pos=[ 0.32221833 -0.12032336  0.02000005] bottom_world=[ 0.3222184  -0.12032331  0.04000005] quat=[-7.8699003e-07  5.6362098e-01  8.2603353e-01 -1.9309834e-06] speed=0.0002 ang_speed=0.0036 ang_vel_vec=[ 0.00155601 -0.00327756 -0.00017532] |com_force|=0.0000N
### kotek_magnet[tick=15420] sensor3: d=0.2880m in_range=False f_mag=0.000N tau_mag=0.0000Nm misalign_deg=46.2 pos=[ 0.21858059 -0.15336475  0.4738928 ] bottom_world=[ 0.23243522 -0.15685194  0.45989678] quat=[-0.09151685 -0.36446503  0.13139476  0.917347  ] speed=0.1320 ang_speed=5.0312 ang_vel_vec=[-4.0440154  1.07794    2.7922878] |com_force|=0.0000N
### kotek_magnet[tick=15420] sensor4: d=0.5249m in_range=False f_mag=0.000N tau_mag=0.0000Nm misalign_deg=90.0 pos=[-0.10900018  0.10899837  0.49140236] bottom_world=[-0.10900006  0.1089987   0.47140236] quat=[ 3.8268307e-01  3.2979662e-07 -8.7249009e-06  9.2387968e-01] speed=0.0010 ang_speed=0.0017 ang_vel_vec=[-0.00065806 -0.00076858  0.00130529] |com_force|=0.0000N
### kotek_magnet[tick=15480] sensor1: d=0.3210m in_range=False f_mag=0.000N tau_mag=0.0000Nm misalign_deg=90.0 pos=[ 0.32221833 -0.12032336  0.02000005] bottom_world=[ 0.3222184  -0.12032331  0.04000005] quat=[-7.4997109e-07  5.6362098e-01  8.2603353e-01 -1.9290619e-06] speed=0.0002 ang_speed=0.0036 ang_vel_vec=[ 0.00155581 -0.00327764 -0.00017533] |com_force|=0.0000N
### kotek_magnet[tick=15480] sensor3: d=0.2532m in_range=False f_mag=0.000N tau_mag=0.0000Nm misalign_deg=42.5 pos=[ 0.24401973 -0.12941979  0.46744028] bottom_world=[ 0.25877513 -0.13245972  0.45428592] quat=[-0.08201468 -0.39601514  0.11963779  0.9067152 ] speed=0.1369 ang_speed=5.0723 ang_vel_vec=[-4.1991506  0.9687404  2.675303 ] |com_force|=0.0000N
### kotek_magnet[tick=15480] sensor4: d=0.5249m in_range=False f_mag=0.000N tau_mag=0.0000Nm misalign_deg=90.0 pos=[-0.10900033  0.10899866  0.49140233] bottom_world=[-0.10900019  0.10899895  0.47140233] quat=[ 3.8268280e-01 -4.3481387e-07 -8.1305225e-06  9.2387980e-01] speed=0.0006 ang_speed=0.0045 ang_vel_vec=[-0.00174615  0.00406868  0.00071917] |com_force|=0.0000N
### kotek_magnet[tick=15540] sensor1: d=0.3210m in_range=False f_mag=0.000N tau_mag=0.0000Nm misalign_deg=90.0 pos=[ 0.32221833 -0.12032337  0.02000003] bottom_world=[ 0.3222184  -0.12032332  0.04000004] quat=[-8.2079686e-07  5.6362098e-01  8.2603353e-01 -1.9585052e-06] speed=0.0002 ang_speed=0.0036 ang_vel_vec=[ 0.00155706 -0.0032886  -0.00017559] |com_force|=0.0000N
### kotek_magnet[tick=15540] sensor3: d=0.2186m in_range=False f_mag=0.000N tau_mag=0.0000Nm misalign_deg=39.0 pos=[ 0.2659882  -0.10218021  0.46131617] bottom_world=[ 0.28153978 -0.10472942  0.44900155] quat=[-0.07108604 -0.42559588  0.10489319  0.89599794] speed=0.1346 ang_speed=5.1334 ang_vel_vec=[-4.393506   0.8601442  2.5117657] |com_force|=0.0000N
### kotek_magnet[tick=15540] sensor4: d=0.5249m in_range=False f_mag=0.000N tau_mag=0.0000Nm misalign_deg=90.0 pos=[-0.10900033  0.10899867  0.49140236] bottom_world=[-0.10900018  0.10899896  0.47140236] quat=[ 3.8268274e-01 -4.6334330e-07 -8.0939035e-06  9.2387992e-01] speed=0.0007 ang_speed=0.0045 ang_vel_vec=[-0.00171256  0.00413242  0.00028938] |com_force|=0.0000N
### kotek_magnet[tick=15600] sensor1: d=0.3210m in_range=False f_mag=0.000N tau_mag=0.0000Nm misalign_deg=90.0 pos=[ 0.32221833 -0.12032336  0.02000002] bottom_world=[ 0.3222184  -0.12032331  0.04000002] quat=[-7.6321493e-07  5.6362098e-01  8.2603353e-01 -1.9528338e-06] speed=0.0002 ang_speed=0.0036 ang_vel_vec=[ 0.00155699 -0.00328798 -0.00017555] |com_force|=0.0000N
### kotek_magnet[tick=15600] sensor3: d=0.1861m in_range=False f_mag=0.000N tau_mag=0.0000Nm misalign_deg=35.7 pos=[ 0.28358042 -0.07319952  0.45580736] bottom_world=[ 0.29981491 -0.07524406  0.44430687] quat=[-0.05907217 -0.45250276  0.08791453  0.8854506 ] speed=0.1251 ang_speed=5.1750 ang_vel_vec=[-4.516546   0.9104184  2.3562965] |com_force|=0.0000N
### kotek_magnet[tick=15600] sensor4: d=0.5249m in_range=False f_mag=0.000N tau_mag=0.0000Nm misalign_deg=90.0 pos=[-0.10900034  0.10899952  0.49140227] bottom_world=[-0.10900032  0.10899958  0.47140227] quat=[ 3.8268217e-01  1.5179111e-07 -1.6361912e-06  9.2388004e-01] speed=0.0004 ang_speed=0.0023 ang_vel_vec=[ 0.00170346  0.00133461 -0.00077556] |com_force|=0.0000N
### kotek_magnet[tick=15660] sensor1: d=0.3210m in_range=False f_mag=0.000N tau_mag=0.0000Nm misalign_deg=90.0 pos=[ 0.32221833 -0.12032336  0.02000004] bottom_world=[ 0.3222184  -0.12032331  0.04000004] quat=[-7.6491114e-07  5.6362098e-01  8.2603353e-01 -1.9651225e-06] speed=0.0002 ang_speed=0.0036 ang_vel_vec=[ 0.00155721 -0.00328785 -0.00017555] |com_force|=0.0000N
### kotek_magnet[tick=15660] sensor3: d=0.1564m in_range=False f_mag=0.000N tau_mag=0.0000Nm misalign_deg=32.7 pos=[ 0.29699612 -0.04279701  0.4508672 ] bottom_world=[ 0.3138183  -0.04430383  0.44015535] quat=[-0.04821894 -0.47686055  0.06933749  0.87491214] speed=0.1278 ang_speed=5.0716 ang_vel_vec=[-4.589043   0.669549   2.0526345] |com_force|=0.0000N
### kotek_magnet[tick=15660] sensor4: d=0.5249m in_range=False f_mag=0.000N tau_mag=0.0000Nm misalign_deg=90.0 pos=[-0.10900004  0.10900018  0.49140233] bottom_world=[-0.10900026  0.10900003  0.47140233] quat=[3.8268194e-01 3.6795880e-06 5.3493231e-06 9.2388010e-01] speed=0.0010 ang_speed=0.0019 ang_vel_vec=[ 0.00139898 -0.00108906 -0.00078588] |com_force|=0.0000N
### kotek_magnet[tick=15720] sensor1: d=0.3210m in_range=False f_mag=0.000N tau_mag=0.0000Nm misalign_deg=90.0 pos=[ 0.32221833 -0.12032336  0.02000004] bottom_world=[ 0.3222184  -0.12032331  0.04000004] quat=[-7.7420026e-07  5.6362098e-01  8.2603353e-01 -1.9703441e-06] speed=0.0002 ang_speed=0.0036 ang_vel_vec=[ 0.00155693 -0.00328767 -0.00017554] |com_force|=0.0000N
### kotek_magnet[tick=15720] sensor3: d=0.1316m in_range=False f_mag=0.000N tau_mag=0.0000Nm misalign_deg=30.0 pos=[ 0.30625176 -0.01216279  0.44655618] bottom_world=[ 0.32358034 -0.01313203  0.43661731] quat=[-0.03745316 -0.49906138  0.04965971  0.8643315 ] speed=0.1269 ang_speed=4.9361 ang_vel_vec=[-4.5360637  0.4324793  1.8978446] |com_force|=0.0000N
### kotek_magnet[tick=15720] sensor4: d=0.5249m in_range=False f_mag=0.000N tau_mag=0.0000Nm misalign_deg=90.0 pos=[-0.10900004  0.10900017  0.4914023 ] bottom_world=[-0.10900027  0.10900002  0.4714023 ] quat=[3.8268220e-01 3.7763059e-06 5.5267119e-06 9.2388004e-01] speed=0.0010 ang_speed=0.0020 ang_vel_vec=[ 0.00135856 -0.00118615 -0.00089244] |com_force|=0.0000N
### kotek_magnet[tick=15780] sensor1: d=0.3210m in_range=False f_mag=0.000N tau_mag=0.0000Nm misalign_deg=90.0 pos=[ 0.32221833 -0.12032337  0.02000002] bottom_world=[ 0.3222184  -0.12032332  0.04000002] quat=[-7.8454394e-07  5.6362098e-01  8.2603353e-01 -1.9619229e-06] speed=0.0002 ang_speed=0.0036 ang_vel_vec=[ 0.00155705 -0.0032865  -0.0001755 ] |com_force|=0.0000N
### kotek_magnet[tick=15780] sensor3: d=0.1138m in_range=False f_mag=0.000N tau_mag=0.0000Nm misalign_deg=27.3 pos=[0.31166446 0.01924024 0.44287622] bottom_world=[0.32944133 0.0188481  0.43372039] quat=[-0.02724616 -0.5199186   0.02808922  0.853319  ] speed=0.1261 ang_speed=4.8761 ang_vel_vec=[-4.560246  0.279078  1.703603] |com_force|=0.0000N
### kotek_magnet[tick=15780] sensor4: d=0.5249m in_range=False f_mag=0.000N tau_mag=0.0000Nm misalign_deg=90.0 pos=[-0.10900003  0.10900021  0.49140233] bottom_world=[-0.10900024  0.10900008  0.47140233] quat=[3.8268209e-01 3.6914994e-06 5.2195778e-06 9.2388010e-01] speed=0.0010 ang_speed=0.0019 ang_vel_vec=[ 0.00122962 -0.00109588 -0.00086301] |com_force|=0.0000N
### kotek_magnet[tick=15840] sensor1: d=0.3210m in_range=False f_mag=0.000N tau_mag=0.0000Nm misalign_deg=90.0 pos=[ 0.32221833 -0.12032336  0.02000004] bottom_world=[ 0.3222184  -0.12032331  0.04000004] quat=[-7.4774147e-07  5.6362098e-01  8.2603353e-01 -1.9619793e-06] speed=0.0002 ang_speed=0.0036 ang_vel_vec=[ 0.00155585 -0.00327773 -0.00017532] |com_force|=0.0000N
### kotek_magnet[tick=15840] sensor3: d=0.1072m in_range=False f_mag=0.000N tau_mag=0.0000Nm misalign_deg=25.3 pos=[0.31320316 0.04364989 0.44063562] bottom_world=[0.33128905 0.04374093 0.43209793] quat=[-0.02014596 -0.53521615  0.01007394  0.8444149 ] speed=0.1261 ang_speed=4.9407 ang_vel_vec=[-4.707695    0.23346521  1.4810733 ] |com_force|=0.0000N
### kotek_magnet[tick=15840] sensor4: d=0.5249m in_range=False f_mag=0.000N tau_mag=0.0000Nm misalign_deg=90.0 pos=[-0.10900003  0.10900025  0.49140233] bottom_world=[-0.10900027  0.1090001   0.47140233] quat=[3.8268200e-01 3.9522056e-06 5.6346994e-06 9.2388010e-01] speed=0.0010 ang_speed=0.0022 ang_vel_vec=[ 0.00142056 -0.00141405 -0.00095251] |com_force|=0.0000N
### kotek_magnet[tick=15900] sensor1: d=0.3210m in_range=False f_mag=0.000N tau_mag=0.0000Nm misalign_deg=90.0 pos=[ 0.32221833 -0.12032336  0.02000004] bottom_world=[ 0.3222184  -0.12032331  0.04000004] quat=[-7.3175778e-07  5.6362098e-01  8.2603353e-01 -1.9506219e-06] speed=0.0002 ang_speed=0.0036 ang_vel_vec=[ 0.0015562  -0.00327974 -0.00017535] |com_force|=0.0000N
### kotek_magnet[tick=15900] sensor3: d=0.1038m in_range=False f_mag=0.000N tau_mag=0.0000Nm misalign_deg=25.8 pos=[0.31151095 0.04775864 0.43488234] bottom_world=[0.32952043 0.048011   0.42618781] quat=[-0.02413167 -0.53158     0.00770004  0.8466294 ] speed=0.1232 ang_speed=5.0007 ang_vel_vec=[-4.7569575   0.20625001  1.5282588 ] |com_force|=0.0000N
### kotek_magnet[tick=15900] sensor4: d=0.5249m in_range=False f_mag=0.000N tau_mag=0.0000Nm misalign_deg=90.0 pos=[-0.10900003  0.10900023  0.49140227] bottom_world=[-0.10900025  0.10900009  0.47140227] quat=[3.8268203e-01 3.8508579e-06 5.2824339e-06 9.2388010e-01] speed=0.0010 ang_speed=0.0015 ang_vel_vec=[ 0.0008992  -0.00096469 -0.00065284] |com_force|=0.0000N
### kotek_magnet[tick=15960] sensor1: d=0.3210m in_range=False f_mag=0.000N tau_mag=0.0000Nm misalign_deg=90.0 pos=[ 0.32221836 -0.12032336  0.02000004] bottom_world=[ 0.32221843 -0.12032331  0.04000004] quat=[-7.6070108e-07  5.6362098e-01  8.2603353e-01 -1.9416566e-06] speed=0.0002 ang_speed=0.0036 ang_vel_vec=[ 0.00155849 -0.00329289 -0.00017561] |com_force|=0.0000N
### kotek_magnet[tick=15960] sensor3: d=0.0873m in_range=True f_mag=1.738N tau_mag=0.0017Nm misalign_deg=25.7 pos=[0.32003656 0.04990549 0.42014375] bottom_world=[0.33805984 0.05016898 0.4114782 ] quat=[-0.02236342 -0.5322797   0.00628227  0.8462498 ] speed=0.1333 ang_speed=4.6513 ang_vel_vec=[-4.2731514   0.31863403  1.8091296 ] |com_force|=0.3379N
### kotek_magnet[tick=15960] sensor4: d=0.5249m in_range=False f_mag=0.000N tau_mag=0.0000Nm misalign_deg=90.0 pos=[-0.10900003  0.10900019  0.49140236] bottom_world=[-0.10900025  0.10900006  0.47140236] quat=[3.8268217e-01 3.7515633e-06 5.1816087e-06 9.2388016e-01] speed=0.0010 ang_speed=0.0013 ang_vel_vec=[ 0.00062544 -0.00077373 -0.00080345] |com_force|=0.0000N
### kotek_magnet[tick=16020] sensor1: d=0.3210m in_range=False f_mag=0.000N tau_mag=0.0000Nm misalign_deg=90.0 pos=[ 0.32221833 -0.12032337  0.02000004] bottom_world=[ 0.3222184  -0.12032332  0.04000004] quat=[-7.4258918e-07  5.6362098e-01  8.2603353e-01 -1.9283148e-06] speed=0.0002 ang_speed=0.0036 ang_vel_vec=[ 0.00155584 -0.00327658 -0.00017528] |com_force|=0.0000N
### kotek_magnet[tick=16020] sensor3: d=0.0646m in_range=True f_mag=1.270N tau_mag=0.0012Nm misalign_deg=25.0 pos=[0.333839   0.05241176 0.40155184] bottom_world=[0.35195844 0.05261919 0.39308764] quat=[-0.01409694 -0.5370167   0.00282692  0.8434492 ] speed=0.1452 ang_speed=5.4008 ang_vel_vec=[-3.8230898  1.0381613  3.6708264] |com_force|=0.3307N
### kotek_magnet[tick=16020] sensor4: d=0.5249m in_range=False f_mag=0.000N tau_mag=0.0000Nm misalign_deg=90.0 pos=[-0.10900031  0.10899873  0.49140236] bottom_world=[-0.10900016  0.10899901  0.47140236] quat=[ 3.8268268e-01 -8.1993812e-07 -7.9772963e-06  9.2387980e-01] speed=0.0006 ang_speed=0.0040 ang_vel_vec=[-0.00117942  0.00380911  0.0004032 ] |com_force|=0.0000N
### kotek_magnet[tick=16080] sensor1: d=0.3210m in_range=False f_mag=0.000N tau_mag=0.0000Nm misalign_deg=90.0 pos=[ 0.32221833 -0.12032337  0.02000004] bottom_world=[ 0.3222184  -0.12032332  0.04000004] quat=[-8.1814818e-07  5.6362098e-01  8.2603353e-01 -1.9684676e-06] speed=0.0002 ang_speed=0.0036 ang_vel_vec=[ 0.00155695 -0.00328639 -0.00017551] |com_force|=0.0000N
### kotek_magnet[tick=16080] sensor3: d=0.0513m in_range=True f_mag=0.996N tau_mag=0.0009Nm misalign_deg=24.0 pos=[0.34235474 0.05393972 0.39074346] bottom_world=[0.36063238 0.05418068 0.38262744] quat=[-1.0157113e-02 -5.4506785e-01 -5.8201351e-04  8.3833021e-01] speed=0.0852 ang_speed=1.6482 ang_vel_vec=[ 0.6557912 -1.0821102 -1.0562099] |com_force|=0.4380N
### kotek_magnet[tick=16080] sensor4: d=0.5249m in_range=False f_mag=0.000N tau_mag=0.0000Nm misalign_deg=90.0 pos=[-0.10900037  0.10899842  0.4914023 ] bottom_world=[-0.10900016  0.10899875  0.4714023 ] quat=[ 3.8268289e-01 -1.7023202e-06 -9.6805425e-06  9.2387974e-01] speed=0.0009 ang_speed=0.0028 ang_vel_vec=[0.00081681 0.00253353 0.00081877] |com_force|=0.0000N
### kotek_magnet[tick=16130]: welded sensor 3 at d=0.0141m misalign_deg=14.3 pos=[0.3705618  0.05049095 0.36481157] wall_pos=[0.425 0.    0.5  ] local_pos1=[-0.05443819  0.05049095 -0.13518843] quat=[-0.01637499 -0.6135889   0.0209045   0.789179  ]
### kotek_magnet[tick=16140] sensor1: d=0.3210m in_range=False f_mag=0.000N tau_mag=0.0000Nm misalign_deg=90.0 pos=[ 0.32221833 -0.12032337  0.02000003] bottom_world=[ 0.3222184  -0.12032332  0.04000003] quat=[-8.0672697e-07  5.6362098e-01  8.2603353e-01 -1.9657291e-06] speed=0.0002 ang_speed=0.0036 ang_vel_vec=[ 0.00155739 -0.00329003 -0.00017563] |com_force|=0.0000N
### kotek_magnet[tick=16140] sensor4: d=0.5249m in_range=False f_mag=0.000N tau_mag=0.0000Nm misalign_deg=90.0 pos=[-0.10900001  0.10899875  0.4914022 ] bottom_world=[-0.10900009  0.1089989   0.47140221] quat=[ 3.8268280e-01  3.3491847e-06 -2.8078948e-06  9.2387986e-01] speed=0.0007 ang_speed=0.0053 ang_vel_vec=[ 0.00291719 -0.0043423   0.00083924] |com_force|=0.0000N
### kotek_magnet[tick=16200] sensor1: d=0.3210m in_range=False f_mag=0.000N tau_mag=0.0000Nm misalign_deg=90.0 pos=[ 0.32221833 -0.12032337  0.02000002] bottom_world=[ 0.3222184  -0.12032332  0.04000002] quat=[-7.2714937e-07  5.6362098e-01  8.2603353e-01 -1.9631386e-06] speed=0.0002 ang_speed=0.0036 ang_vel_vec=[ 0.00155739 -0.00328939 -0.0001756 ] |com_force|=0.0000N
### kotek_magnet[tick=16200] sensor4: d=0.5249m in_range=False f_mag=0.000N tau_mag=0.0000Nm misalign_deg=90.0 pos=[-0.10900036  0.10899846  0.4914023 ] bottom_world=[-0.10900017  0.10899879  0.4714023 ] quat=[ 3.8268292e-01 -1.4171185e-06 -9.3242934e-06  9.2387974e-01] speed=0.0009 ang_speed=0.0025 ang_vel_vec=[0.00080204 0.00231994 0.00063742] |com_force|=0.0000N
### kotek_magnet[tick=16260] sensor1: d=0.3210m in_range=False f_mag=0.000N tau_mag=0.0000Nm misalign_deg=90.0 pos=[ 0.32221833 -0.12032337  0.02000004] bottom_world=[ 0.3222184  -0.12032332  0.04000004] quat=[-8.1509455e-07  5.6362098e-01  8.2603353e-01 -1.9791455e-06] speed=0.0002 ang_speed=0.0036 ang_vel_vec=[ 0.00155686 -0.00328632 -0.00017556] |com_force|=0.0000N
### kotek_magnet[tick=16260] sensor4: d=0.5249m in_range=False f_mag=0.000N tau_mag=0.0000Nm misalign_deg=90.0 pos=[-0.10900013  0.10899852  0.4914023 ] bottom_world=[-0.10900004  0.10899882  0.4714023 ] quat=[ 3.8268307e-01  8.0954783e-07 -7.6748656e-06  9.2387980e-01] speed=0.0010 ang_speed=0.0017 ang_vel_vec=[-0.00034527 -0.00103722  0.00125694] |com_force|=0.0000N
### kotek_magnet[tick=16320] sensor1: d=0.3210m in_range=False f_mag=0.000N tau_mag=0.0000Nm misalign_deg=90.0 pos=[ 0.32221833 -0.12032336  0.02000002] bottom_world=[ 0.3222184  -0.12032331  0.04000002] quat=[-7.6796323e-07  5.6362092e-01  8.2603353e-01 -1.9645793e-06] speed=0.0002 ang_speed=0.0036 ang_vel_vec=[ 0.00155737 -0.00328853 -0.00017558] |com_force|=0.0000N
### kotek_magnet[tick=16320] sensor4: d=0.5249m in_range=False f_mag=0.000N tau_mag=0.0000Nm misalign_deg=90.0 pos=[-0.10900035  0.10899872  0.49140236] bottom_world=[-0.1090002   0.108999    0.47140236] quat=[ 3.8268277e-01 -7.1560140e-07 -8.0599239e-06  9.2387992e-01] speed=0.0006 ang_speed=0.0043 ang_vel_vec=[-0.00136075  0.00406117  0.00039709] |com_force|=0.0000N
### kotek_magnet[tick=16380] sensor1: d=0.3210m in_range=False f_mag=0.000N tau_mag=0.0000Nm misalign_deg=90.0 pos=[ 0.32221833 -0.12032336  0.02000003] bottom_world=[ 0.3222184  -0.12032331  0.04000002] quat=[-7.0336131e-07  5.6362098e-01  8.2603347e-01 -2.0040682e-06] speed=0.0002 ang_speed=0.0036 ang_vel_vec=[ 0.00155522 -0.00327737 -0.00017538] |com_force|=0.0000N
### kotek_magnet[tick=16380] sensor4: d=0.5249m in_range=False f_mag=0.000N tau_mag=0.0000Nm misalign_deg=90.0 pos=[-0.10900033  0.10899931  0.49140227] bottom_world=[-0.10900028  0.10899945  0.47140227] quat=[ 3.8268238e-01  3.3592053e-07 -3.6289048e-06  9.2387998e-01] speed=0.0001 ang_speed=0.0018 ang_vel_vec=[-0.00065629  0.00167261 -0.00032103] |com_force|=0.0000N
### kotek_magnet[tick=16440] sensor1: d=0.3210m in_range=False f_mag=0.000N tau_mag=0.0000Nm misalign_deg=90.0 pos=[ 0.32221833 -0.12032337  0.02000004] bottom_world=[ 0.3222184  -0.12032332  0.04000003] quat=[-7.3879443e-07  5.6362092e-01  8.2603353e-01 -1.9916927e-06] speed=0.0002 ang_speed=0.0036 ang_vel_vec=[ 0.00155732 -0.00328848 -0.00017553] |com_force|=0.0000N
### kotek_magnet[tick=16440] sensor4: d=0.5249m in_range=False f_mag=0.000N tau_mag=0.0000Nm misalign_deg=90.0 pos=[-0.10900013  0.1089985   0.4914023 ] bottom_world=[-0.10900004  0.1089988   0.4714023 ] quat=[ 3.8268295e-01  7.1009259e-07 -7.7032455e-06  9.2387968e-01] speed=0.0010 ang_speed=0.0017 ang_vel_vec=[-0.00032307 -0.00124457  0.00106939] |com_force|=0.0000N
### kotek_magnet[tick=16500] sensor1: d=0.3210m in_range=False f_mag=0.000N tau_mag=0.0000Nm misalign_deg=90.0 pos=[ 0.32221833 -0.12032335  0.02000002] bottom_world=[ 0.3222184  -0.1203233   0.04000002] quat=[-7.1326116e-07  5.6362098e-01  8.2603347e-01 -1.9980062e-06] speed=0.0002 ang_speed=0.0036 ang_vel_vec=[ 0.00155741 -0.00328983 -0.00017555] |com_force|=0.0000N
### kotek_magnet[tick=16500] sensor4: d=0.5249m in_range=False f_mag=0.000N tau_mag=0.0000Nm misalign_deg=90.0 pos=[-0.10900012  0.10899848  0.49140236] bottom_world=[-0.10900001  0.10899879  0.47140236] quat=[ 3.8268313e-01  3.2535596e-07 -8.2499155e-06  9.2387974e-01] speed=0.0009 ang_speed=0.0018 ang_vel_vec=[-0.00087736  0.00024978  0.00157145] |com_force|=0.0000N
### kotek_magnet[tick=16560] sensor1: d=0.3210m in_range=False f_mag=0.000N tau_mag=0.0000Nm misalign_deg=90.0 pos=[ 0.32221833 -0.12032337  0.02000003] bottom_world=[ 0.3222184  -0.12032332  0.04000003] quat=[-7.9534533e-07  5.6362098e-01  8.2603353e-01 -1.9181043e-06] speed=0.0002 ang_speed=0.0036 ang_vel_vec=[ 0.00155689 -0.00328571 -0.0001755 ] |com_force|=0.0000N
### kotek_magnet[tick=16560] sensor4: d=0.5249m in_range=False f_mag=0.000N tau_mag=0.0000Nm misalign_deg=90.0 pos=[-0.10900014  0.10899847  0.49140236] bottom_world=[-0.10900005  0.10899877  0.47140236] quat=[ 3.8268304e-01  7.6038475e-07 -7.8216326e-06  9.2387974e-01] speed=0.0009 ang_speed=0.0019 ang_vel_vec=[-0.00042152 -0.00097356  0.00154965] |com_force|=0.0000N
### kotek_magnet[tick=16620] sensor1: d=0.3210m in_range=False f_mag=0.000N tau_mag=0.0000Nm misalign_deg=90.0 pos=[ 0.32221833 -0.12032336  0.02000002] bottom_world=[ 0.3222184  -0.12032331  0.04000002] quat=[-7.2519896e-07  5.6362098e-01  8.2603353e-01 -1.9528898e-06] speed=0.0002 ang_speed=0.0036 ang_vel_vec=[ 0.00155733 -0.00328837 -0.00017556] |com_force|=0.0000N
### kotek_magnet[tick=16620] sensor4: d=0.5249m in_range=False f_mag=0.000N tau_mag=0.0000Nm misalign_deg=90.0 pos=[-0.1090003   0.10899879  0.4914024 ] bottom_world=[-0.10900014  0.10899908  0.47140239] quat=[ 3.8268283e-01 -7.7951995e-07 -8.1578664e-06  9.2387986e-01] speed=0.0006 ang_speed=0.0044 ang_vel_vec=[-0.0014287   0.00415976  0.00042932] |com_force|=0.0000N
### kotek_magnet[tick=16680] sensor1: d=0.3210m in_range=False f_mag=0.000N tau_mag=0.0000Nm misalign_deg=90.0 pos=[ 0.32221833 -0.12032337  0.02000002] bottom_world=[ 0.3222184  -0.12032332  0.04000002] quat=[-8.0240414e-07  5.6362098e-01  8.2603353e-01 -1.9732954e-06] speed=0.0002 ang_speed=0.0036 ang_vel_vec=[ 0.00155737 -0.00329012 -0.00017563] |com_force|=0.0000N
### kotek_magnet[tick=16680] sensor4: d=0.5249m in_range=False f_mag=0.000N tau_mag=0.0000Nm misalign_deg=90.0 pos=[-0.10900015  0.1089985   0.4914022 ] bottom_world=[-0.10900006  0.1089988   0.47140221] quat=[ 3.8268310e-01  7.5093863e-07 -7.7049417e-06  9.2387974e-01] speed=0.0009 ang_speed=0.0016 ang_vel_vec=[-0.00028298 -0.00098848  0.00127889] |com_force|=0.0000N
### kotek_magnet[tick=16740] sensor1: d=0.3210m in_range=False f_mag=0.000N tau_mag=0.0000Nm misalign_deg=90.0 pos=[ 0.32221833 -0.12032336  0.02000005] bottom_world=[ 0.3222184  -0.12032331  0.04000005] quat=[-7.4195958e-07  5.6362098e-01  8.2603353e-01 -1.9592162e-06] speed=0.0002 ang_speed=0.0036 ang_vel_vec=[ 0.00155587 -0.00327787 -0.00017532] |com_force|=0.0000N
### kotek_magnet[tick=16740] sensor4: d=0.5249m in_range=False f_mag=0.000N tau_mag=0.0000Nm misalign_deg=90.0 pos=[-0.10900017  0.10899856  0.4914023 ] bottom_world=[-0.10900008  0.10899885  0.4714023 ] quat=[ 3.8268289e-01  7.1961739e-07 -7.6453371e-06  9.2387974e-01] speed=0.0009 ang_speed=0.0013 ang_vel_vec=[-0.00035324 -0.00060287  0.00107836] |com_force|=0.0000N
### kotek_magnet[tick=16800] sensor1: d=0.3210m in_range=False f_mag=0.000N tau_mag=0.0000Nm misalign_deg=90.0 pos=[ 0.32221833 -0.12032337  0.02000004] bottom_world=[ 0.3222184  -0.12032332  0.04000004] quat=[-7.4991539e-07  5.6362098e-01  8.2603353e-01 -1.9625168e-06] speed=0.0002 ang_speed=0.0036 ang_vel_vec=[ 0.00155582 -0.00327661 -0.00017528] |com_force|=0.0000N
### kotek_magnet[tick=16800] sensor4: d=0.5249m in_range=False f_mag=0.000N tau_mag=0.0000Nm misalign_deg=90.0 pos=[-0.10900014  0.10899854  0.49140227] bottom_world=[-0.10900006  0.10899882  0.47140227] quat=[ 3.8268322e-01  8.9474264e-07 -7.3974434e-06  9.2387974e-01] speed=0.0009 ang_speed=0.0017 ang_vel_vec=[-0.00013716 -0.00116997  0.00126647] |com_force|=0.0000N
### kotek_magnet[tick=16860] sensor1: d=0.3210m in_range=False f_mag=0.000N tau_mag=0.0000Nm misalign_deg=90.0 pos=[ 0.32221833 -0.12032336  0.02000002] bottom_world=[ 0.3222184  -0.12032331  0.04000002] quat=[-7.1680387e-07  5.6362098e-01  8.2603353e-01 -1.9707363e-06] speed=0.0002 ang_speed=0.0036 ang_vel_vec=[ 0.00155727 -0.0032882  -0.00017556] |com_force|=0.0000N
### kotek_magnet[tick=16860] sensor4: d=0.5249m in_range=False f_mag=0.000N tau_mag=0.0000Nm misalign_deg=90.0 pos=[-0.10900014  0.10899853  0.49140227] bottom_world=[-0.10900006  0.10899882  0.47140227] quat=[ 3.8268313e-01  8.9200273e-07 -7.3953297e-06  9.2387974e-01] speed=0.0009 ang_speed=0.0016 ang_vel_vec=[-0.00022262 -0.00078657  0.00141216] |com_force|=0.0000N
### kotek_magnet[tick=16920] sensor1: d=0.3210m in_range=False f_mag=0.000N tau_mag=0.0000Nm misalign_deg=90.0 pos=[ 0.32221833 -0.12032336  0.02000004] bottom_world=[ 0.3222184  -0.12032331  0.04000004] quat=[-8.0702961e-07  5.6362098e-01  8.2603353e-01 -1.9692297e-06] speed=0.0002 ang_speed=0.0036 ang_vel_vec=[ 0.00155582 -0.00327714 -0.00017531] |com_force|=0.0000N
### kotek_magnet[tick=16920] sensor4: d=0.5249m in_range=False f_mag=0.000N tau_mag=0.0000Nm misalign_deg=90.0 pos=[-0.10900006  0.10900028  0.49140224] bottom_world=[-0.10900026  0.10900014  0.47140224] quat=[3.8268214e-01 3.3667814e-06 5.1569455e-06 9.2388010e-01] speed=0.0011 ang_speed=0.0010 ang_vel_vec=[ 0.00041311 -0.0002142  -0.00083457] |com_force|=0.0000N
### still playing, 1099s left
### kotek_magnet[tick=16980] sensor1: d=0.3210m in_range=False f_mag=0.000N tau_mag=0.0000Nm misalign_deg=90.0 pos=[ 0.32221833 -0.12032337  0.02000003] bottom_world=[ 0.3222184  -0.12032332  0.04000003] quat=[-8.0898525e-07  5.6362098e-01  8.2603353e-01 -1.9603035e-06] speed=0.0002 ang_speed=0.0036 ang_vel_vec=[ 0.00155748 -0.00328996 -0.00017563] |com_force|=0.0000N
### kotek_magnet[tick=16980] sensor4: d=0.5249m in_range=False f_mag=0.000N tau_mag=0.0000Nm misalign_deg=90.0 pos=[-0.10899995  0.10900012  0.49140227] bottom_world=[-0.10900019  0.10899999  0.47140227] quat=[3.8268229e-01 4.4271342e-06 5.4469861e-06 9.2388004e-01] speed=0.0011 ang_speed=0.0024 ang_vel_vec=[ 0.00174467 -0.001628   -0.00035717] |com_force|=0.0000N
### kotek_magnet[tick=17040] sensor1: d=0.3210m in_range=False f_mag=0.000N tau_mag=0.0000Nm misalign_deg=90.0 pos=[ 0.32221833 -0.12032336  0.02000004] bottom_world=[ 0.3222184  -0.12032331  0.04000004] quat=[-7.4147800e-07  5.6362098e-01  8.2603353e-01 -1.9166064e-06] speed=0.0002 ang_speed=0.0036 ang_vel_vec=[ 0.00155566 -0.00327651 -0.00017531] |com_force|=0.0000N
### kotek_magnet[tick=17040] sensor4: d=0.5249m in_range=False f_mag=0.000N tau_mag=0.0000Nm misalign_deg=90.0 pos=[-0.10900033  0.10899958  0.49140224] bottom_world=[-0.10900031  0.10899964  0.47140224] quat=[ 3.8268229e-01  3.2984053e-07 -1.4911902e-06  9.2387998e-01] speed=0.0006 ang_speed=0.0018 ang_vel_vec=[ 0.00116987  0.00109131 -0.0007256 ] |com_force|=0.0000N
### kotek_magnet[tick=17100] sensor1: d=0.3210m in_range=False f_mag=0.000N tau_mag=0.0000Nm misalign_deg=90.0 pos=[ 0.32221836 -0.12032336  0.02000004] bottom_world=[ 0.32221843 -0.12032331  0.04000004] quat=[-7.5019483e-07  5.6362098e-01  8.2603353e-01 -1.9581694e-06] speed=0.0002 ang_speed=0.0036 ang_vel_vec=[ 0.00155853 -0.00329286 -0.00017561] |com_force|=0.0000N
### kotek_magnet[tick=17100] sensor4: d=0.5249m in_range=False f_mag=0.000N tau_mag=0.0000Nm misalign_deg=90.0 pos=[-0.10900035  0.1089996   0.49140233] bottom_world=[-0.10900033  0.10899966  0.47140233] quat=[ 3.8268211e-01  2.0386244e-07 -1.3485410e-06  9.2388010e-01] speed=0.0005 ang_speed=0.0022 ang_vel_vec=[ 0.00152392  0.00124631 -0.00107461] |com_force|=0.0000N
### kotek_magnet[tick=17160] sensor1: d=0.3210m in_range=False f_mag=0.000N tau_mag=0.0000Nm misalign_deg=90.0 pos=[ 0.32221836 -0.12032336  0.02000004] bottom_world=[ 0.32221843 -0.12032331  0.04000004] quat=[-8.0925309e-07  5.6362098e-01  8.2603353e-01 -1.9819981e-06] speed=0.0002 ang_speed=0.0036 ang_vel_vec=[ 0.00155797 -0.00329011 -0.00017557] |com_force|=0.0000N
### kotek_magnet[tick=17160] sensor4: d=0.5249m in_range=False f_mag=0.000N tau_mag=0.0000Nm misalign_deg=90.0 pos=[-0.10900009  0.10900022  0.49140227] bottom_world=[-0.1090003   0.10900009  0.47140227] quat=[3.8268214e-01 3.5033404e-06 5.0477729e-06 9.2388016e-01] speed=0.0011 ang_speed=0.0008 ang_vel_vec=[ 0.00040727 -0.00026713 -0.00061313] |com_force|=0.0000N
### kotek_magnet[tick=17220] sensor1: d=0.3210m in_range=False f_mag=0.000N tau_mag=0.0000Nm misalign_deg=90.0 pos=[ 0.32221833 -0.12032336  0.02000004] bottom_world=[ 0.3222184  -0.12032331  0.04000004] quat=[-7.5637564e-07  5.6362092e-01  8.2603353e-01 -2.0143405e-06] speed=0.0002 ang_speed=0.0037 ang_vel_vec=[ 0.0015589  -0.00329664 -0.0001757 ] |com_force|=0.0000N
### kotek_magnet[tick=17220] sensor4: d=0.5249m in_range=False f_mag=0.000N tau_mag=0.0000Nm misalign_deg=90.0 pos=[-0.10900033  0.10899958  0.49140224] bottom_world=[-0.10900032  0.10899964  0.47140224] quat=[ 3.8268223e-01  2.1235840e-07 -1.5011401e-06  9.2388004e-01] speed=0.0005 ang_speed=0.0019 ang_vel_vec=[ 0.00135375  0.00113482 -0.00079901] |com_force|=0.0000N
### kotek_magnet[tick=17280] sensor1: d=0.3210m in_range=False f_mag=0.000N tau_mag=0.0000Nm misalign_deg=90.0 pos=[ 0.32221833 -0.12032335  0.02000003] bottom_world=[ 0.3222184  -0.1203233   0.04000003] quat=[-7.3250595e-07  5.6362092e-01  8.2603353e-01 -2.0139362e-06] speed=0.0002 ang_speed=0.0036 ang_vel_vec=[ 0.00155752 -0.00329063 -0.00017561] |com_force|=0.0000N
### kotek_magnet[tick=17280] sensor4: d=0.5249m in_range=False f_mag=0.000N tau_mag=0.0000Nm misalign_deg=90.0 pos=[-0.10900008  0.10900025  0.4914023 ] bottom_world=[-0.10900028  0.10900012  0.4714023 ] quat=[3.8268211e-01 3.4854058e-06 4.9041096e-06 9.2388010e-01] speed=0.0011 ang_speed=0.0009 ang_vel_vec=[ 0.00033153 -0.00037401 -0.00079239] |com_force|=0.0000N
### kotek_magnet[tick=17340] sensor1: d=0.3210m in_range=False f_mag=0.000N tau_mag=0.0000Nm misalign_deg=90.0 pos=[ 0.32221833 -0.12032337  0.02000003] bottom_world=[ 0.3222184  -0.12032332  0.04000003] quat=[-7.7704289e-07  5.6362098e-01  8.2603353e-01 -1.9659410e-06] speed=0.0002 ang_speed=0.0036 ang_vel_vec=[ 0.00155741 -0.00329004 -0.00017563] |com_force|=0.0000N
### kotek_magnet[tick=17340] sensor4: d=0.5249m in_range=False f_mag=0.000N tau_mag=0.0000Nm misalign_deg=90.0 pos=[-0.10900009  0.10900019  0.49140218] bottom_world=[-0.1090003   0.10900006  0.47140218] quat=[3.8268197e-01 3.4902346e-06 5.0005297e-06 9.2388010e-01] speed=0.0010 ang_speed=0.0010 ang_vel_vec=[ 0.0004437  -0.00042097 -0.00079968] |com_force|=0.0000N
### kotek_magnet[tick=17400] sensor1: d=0.3210m in_range=False f_mag=0.000N tau_mag=0.0000Nm misalign_deg=90.0 pos=[ 0.32221833 -0.12032337  0.02000002] bottom_world=[ 0.3222184  -0.12032332  0.04000002] quat=[-7.8435909e-07  5.6362098e-01  8.2603353e-01 -1.9692493e-06] speed=0.0002 ang_speed=0.0036 ang_vel_vec=[ 0.00155693 -0.00328644 -0.0001755 ] |com_force|=0.0000N
### kotek_magnet[tick=17400] sensor4: d=0.5249m in_range=False f_mag=0.000N tau_mag=0.0000Nm misalign_deg=90.0 pos=[-0.10900038  0.10899878  0.4914023 ] bottom_world=[-0.10900022  0.10899905  0.4714023 ] quat=[ 3.8268268e-01 -8.9309310e-07 -7.8514495e-06  9.2387980e-01] speed=0.0005 ang_speed=0.0037 ang_vel_vec=[-0.00089256  0.00354303  0.00055126] |com_force|=0.0000N
### kotek_magnet[tick=17460] sensor1: d=0.3210m in_range=False f_mag=0.000N tau_mag=0.0000Nm misalign_deg=90.0 pos=[ 0.32221833 -0.12032337  0.02000002] bottom_world=[ 0.3222184  -0.12032332  0.04000002] quat=[-7.1709013e-07  5.6362098e-01  8.2603353e-01 -1.9445620e-06] speed=0.0002 ang_speed=0.0036 ang_vel_vec=[ 0.00155737 -0.00328963 -0.0001756 ] |com_force|=0.0000N
### kotek_magnet[tick=17460] sensor4: d=0.5249m in_range=False f_mag=0.000N tau_mag=0.0000Nm misalign_deg=90.0 pos=[-0.10900038  0.10899878  0.49140224] bottom_world=[-0.10900023  0.10899906  0.47140224] quat=[ 3.8268274e-01 -9.9155079e-07 -7.9823822e-06  9.2387986e-01] speed=0.0006 ang_speed=0.0038 ang_vel_vec=[-0.00085391  0.00365491  0.0003443 ] |com_force|=0.0000N
### kotek_magnet[tick=17520] sensor1: d=0.3210m in_range=False f_mag=0.000N tau_mag=0.0000Nm misalign_deg=90.0 pos=[ 0.32221833 -0.12032337  0.02000004] bottom_world=[ 0.3222184  -0.12032332  0.04000004] quat=[-7.6785608e-07  5.6362098e-01  8.2603353e-01 -1.9690915e-06] speed=0.0002 ang_speed=0.0036 ang_vel_vec=[ 0.00155569 -0.00327608 -0.00017526] |com_force|=0.0000N
### kotek_magnet[tick=17520] sensor4: d=0.5249m in_range=False f_mag=0.000N tau_mag=0.0000Nm misalign_deg=90.0 pos=[-0.10900223  0.10901382  0.49139914] bottom_world=[-0.10900371  0.10901014  0.47139914] quat=[ 3.8268176e-01 -8.3116635e-07  9.9270837e-05  9.2388028e-01] speed=0.0127 ang_speed=0.0561 ang_vel_vec=[-0.03110312  0.04653604  0.00324021] |com_force|=0.0000N
### kotek_magnet[tick=17580] sensor1: d=0.3210m in_range=False f_mag=0.000N tau_mag=0.0000Nm misalign_deg=90.0 pos=[ 0.32221833 -0.12032337  0.02000003] bottom_world=[ 0.3222184  -0.12032332  0.04000004] quat=[-7.4932831e-07  5.6362098e-01  8.2603353e-01 -1.9579657e-06] speed=0.0002 ang_speed=0.0036 ang_vel_vec=[ 0.00155725 -0.00328936 -0.0001756 ] |com_force|=0.0000N
### kotek_magnet[tick=17580] sensor4: d=0.5249m in_range=False f_mag=0.000N tau_mag=0.0000Nm misalign_deg=90.0 pos=[-0.10902998  0.10902829  0.49133933] bottom_world=[-0.10903882  0.10898618  0.47133937] quat=[ 3.8236043e-01 -1.9828790e-04  1.0573306e-03  9.2401260e-01] speed=0.0167 ang_speed=1.6394 ang_vel_vec=[-0.269142  -1.0518842 -1.228246 ] |com_force|=0.0000N
### kotek_magnet[tick=17640] sensor1: d=0.3210m in_range=False f_mag=0.000N tau_mag=0.0000Nm misalign_deg=90.0 pos=[ 0.32221833 -0.12032337  0.02000004] bottom_world=[ 0.3222184  -0.12032332  0.04000004] quat=[-8.0035187e-07  5.6362098e-01  8.2603353e-01 -1.9647073e-06] speed=0.0002 ang_speed=0.0036 ang_vel_vec=[ 0.0015574  -0.00328986 -0.00017563] |com_force|=0.0000N
### kotek_magnet[tick=17640] sensor4: d=0.5423m in_range=False f_mag=0.000N tau_mag=0.0000Nm misalign_deg=90.0 pos=[-0.12710807  0.1121063   0.49145514] bottom_world=[-0.12711453  0.11204786  0.47145522] quat=[ 1.3539667e-01 -3.7706537e-05  1.4694935e-03  9.9079043e-01] speed=0.2429 ang_speed=6.2284 ang_vel_vec=[ 1.0092509  -0.12414394  6.1448674 ] |com_force|=0.0000N
### kotek_magnet[tick=17700] sensor1: d=0.3210m in_range=False f_mag=0.000N tau_mag=0.0000Nm misalign_deg=90.0 pos=[ 0.32221836 -0.12032336  0.02000004] bottom_world=[ 0.32221843 -0.12032331  0.04000004] quat=[-7.6441364e-07  5.6362098e-01  8.2603353e-01 -1.9657375e-06] speed=0.0002 ang_speed=0.0036 ang_vel_vec=[ 0.00155839 -0.00329241 -0.0001756 ] |com_force|=0.0000N
### kotek_magnet[tick=17700] sensor4: d=0.5435m in_range=False f_mag=0.000N tau_mag=0.0000Nm misalign_deg=90.2 pos=[-0.12822653  0.11132002  0.49175265] bottom_world=[-0.12829118  0.11093637  0.47175644] quat=[1.09737664e-01 5.53933787e-04 9.71107837e-03 9.93913054e-01] speed=0.0875 ang_speed=3.8501 ang_vel_vec=[ 2.8346367  -0.32362393 -2.5852034 ] |com_force|=0.0000N
### kotek_magnet[tick=17760] sensor1: d=0.3210m in_range=False f_mag=0.000N tau_mag=0.0000Nm misalign_deg=90.0 pos=[ 0.32221833 -0.12032336  0.02000004] bottom_world=[ 0.3222184  -0.12032331  0.04000004] quat=[-7.7088788e-07  5.6362098e-01  8.2603353e-01 -1.9670329e-06] speed=0.0002 ang_speed=0.0036 ang_vel_vec=[ 0.00155697 -0.00328786 -0.00017555] |com_force|=0.0000N
### kotek_magnet[tick=17760] sensor4: d=0.5494m in_range=False f_mag=0.000N tau_mag=0.0000Nm misalign_deg=89.5 pos=[-0.1319374   0.10695593  0.5010462 ] bottom_world=[-0.1317658   0.10616459  0.48106258] quat=[ 0.03488078 -0.00497848  0.01962585  0.9991864 ] speed=0.1369 ang_speed=5.2147 ang_vel_vec=[-0.9922824  0.462969  -5.0984287] |com_force|=0.0000N
### kotek_magnet[tick=17820] sensor1: d=0.3210m in_range=False f_mag=0.000N tau_mag=0.0000Nm misalign_deg=90.0 pos=[ 0.32221833 -0.12032337  0.02000004] bottom_world=[ 0.3222184  -0.12032332  0.04000004] quat=[-7.3530981e-07  5.6362098e-01  8.2603353e-01 -1.9692598e-06] speed=0.0002 ang_speed=0.0036 ang_vel_vec=[ 0.00155742 -0.00328943 -0.0001756 ] |com_force|=0.0000N
### kotek_magnet[tick=17820] sensor4: d=0.5551m in_range=False f_mag=0.000N tau_mag=0.0000Nm misalign_deg=89.6 pos=[-0.13204275  0.10752225  0.52268916] bottom_world=[-0.13189529  0.10685541  0.50270083] quat=[ 0.02906407 -0.00417023  0.01655916  0.9994318 ] speed=0.1132 ang_speed=5.2984 ang_vel_vec=[-1.5335238   0.33647656 -5.060427  ] |com_force|=0.0000N
### kotek_magnet[tick=17880] sensor1: d=0.3210m in_range=False f_mag=0.000N tau_mag=0.0000Nm misalign_deg=90.0 pos=[ 0.32221833 -0.12032337  0.02000003] bottom_world=[ 0.3222184  -0.12032332  0.04000003] quat=[-8.0979129e-07  5.6362098e-01  8.2603353e-01 -1.9698441e-06] speed=0.0002 ang_speed=0.0036 ang_vel_vec=[ 0.00155733 -0.0032901  -0.00017563] |com_force|=0.0000N
### kotek_magnet[tick=17880] sensor4: d=0.5619m in_range=False f_mag=0.000N tau_mag=0.0000Nm misalign_deg=89.6 pos=[-0.13190804  0.10838016  0.54655886] bottom_world=[-0.1317528   0.10779125  0.52656813] quat=[ 0.02684666 -0.00427559  0.01461507  0.99952364] speed=0.1071 ang_speed=6.6679 ang_vel_vec=[-0.39509773 -0.31444567 -6.648774  ] |com_force|=0.0000N
### kotek_magnet[tick=17940] sensor1: d=0.3210m in_range=False f_mag=0.000N tau_mag=0.0000Nm misalign_deg=90.0 pos=[ 0.32221833 -0.12032337  0.02000003] bottom_world=[ 0.3222184  -0.12032332  0.04000003] quat=[-8.1772231e-07  5.6362098e-01  8.2603353e-01 -1.9731069e-06] speed=0.0002 ang_speed=0.0036 ang_vel_vec=[ 0.00155707 -0.00328629 -0.0001755 ] |com_force|=0.0000N
### kotek_magnet[tick=17940] sensor4: d=0.5704m in_range=False f_mag=0.000N tau_mag=0.0000Nm misalign_deg=89.4 pos=[-0.13207045  0.10928047  0.5718942 ] bottom_world=[-0.13185971  0.10880469  0.551901  ] quat=[ 0.02309902 -0.00554229  0.0117708   0.9996485 ] speed=0.1305 ang_speed=5.1294 ang_vel_vec=[-0.8744947   0.88432664 -4.9763055 ] |com_force|=0.0000N
### kotek_magnet[tick=18000] sensor1: d=0.3210m in_range=False f_mag=0.000N tau_mag=0.0000Nm misalign_deg=90.0 pos=[ 0.32221833 -0.12032337  0.02000003] bottom_world=[ 0.3222184  -0.12032332  0.04000003] quat=[-7.6238774e-07  5.6362098e-01  8.2603353e-01 -1.9709983e-06] speed=0.0002 ang_speed=0.0036 ang_vel_vec=[ 0.00155719 -0.003289   -0.00017559] |com_force|=0.0000N
### kotek_magnet[tick=18000] sensor4: d=0.5738m in_range=False f_mag=0.000N tau_mag=0.0000Nm misalign_deg=89.4 pos=[-0.13248603  0.10870887  0.5801789 ] bottom_world=[-0.13226202  0.10812747  0.56018862] quat=[ 0.01720265 -0.00585011  0.01443828  0.99973065] speed=0.0788 ang_speed=5.8143 ang_vel_vec=[-0.74241483  0.14723782 -5.7648177 ] |com_force|=0.0000N
### kotek_magnet[tick=18060] sensor1: d=0.3210m in_range=False f_mag=0.000N tau_mag=0.0000Nm misalign_deg=90.0 pos=[ 0.32221833 -0.12032337  0.02000002] bottom_world=[ 0.3222184  -0.12032332  0.04000002] quat=[-7.2003871e-07  5.6362098e-01  8.2603353e-01 -1.9440877e-06] speed=0.0002 ang_speed=0.0036 ang_vel_vec=[ 0.00155726 -0.00328939 -0.0001756 ] |com_force|=0.0000N
### kotek_magnet[tick=18060] sensor4: d=0.5733m in_range=False f_mag=0.000N tau_mag=0.0000Nm misalign_deg=89.6 pos=[-0.13319322  0.11555419  0.57801765] bottom_world=[-0.13306584  0.11461055  0.55804033] quat=[ 0.04301715 -0.00419792  0.02343883  0.99879056] speed=0.1090 ang_speed=6.2440 ang_vel_vec=[-1.0387677   0.41544703 -6.142928  ] |com_force|=0.0000N
### kotek_magnet[tick=18120] sensor1: d=0.3210m in_range=False f_mag=0.000N tau_mag=0.0000Nm misalign_deg=90.0 pos=[ 0.32221833 -0.12032336  0.02000005] bottom_world=[ 0.3222184  -0.12032331  0.04000005] quat=[-7.5151837e-07  5.6362098e-01  8.2603353e-01 -1.9630406e-06] speed=0.0002 ang_speed=0.0036 ang_vel_vec=[ 0.00155603 -0.00327767 -0.00017532] |com_force|=0.0000N
### kotek_magnet[tick=18120] sensor4: d=0.5713m in_range=False f_mag=0.000N tau_mag=0.0000Nm misalign_deg=90.8 pos=[-0.13231423  0.1325225   0.57575744] bottom_world=[-0.13260833  0.13106257  0.55581297] quat=[0.12304346 0.00280454 0.03715136 0.9917018 ] speed=0.1156 ang_speed=6.4388 ang_vel_vec=[-1.1311063   0.41506612 -6.325079  ] |com_force|=0.0000N
### kotek_magnet[tick=18180] sensor1: d=0.3210m in_range=False f_mag=0.000N tau_mag=0.0000Nm misalign_deg=90.0 pos=[ 0.32221833 -0.12032336  0.02000003] bottom_world=[ 0.3222184  -0.12032331  0.04000004] quat=[-7.7361250e-07  5.6362098e-01  8.2603353e-01 -1.9637214e-06] speed=0.0002 ang_speed=0.0036 ang_vel_vec=[ 0.00155723 -0.00328776 -0.00017554] |com_force|=0.0000N
### kotek_magnet[tick=18180] sensor4: d=0.5682m in_range=False f_mag=0.000N tau_mag=0.0000Nm misalign_deg=92.5 pos=[-0.12968054  0.14987835  0.5732745 ] bottom_world=[-0.13054521  0.14795113  0.55338635] quat=[0.20468976 0.01129757 0.05166069 0.9773974 ] speed=0.1157 ang_speed=6.4341 ang_vel_vec=[-1.1008749   0.38392925 -6.327604  ] |com_force|=0.0000N
### kotek_magnet[tick=18240] sensor1: d=0.3210m in_range=False f_mag=0.000N tau_mag=0.0000Nm misalign_deg=90.0 pos=[ 0.32221833 -0.12032336  0.02000004] bottom_world=[ 0.3222184  -0.12032331  0.04000004] quat=[-7.1373341e-07  5.6362098e-01  8.2603353e-01 -1.9502586e-06] speed=0.0002 ang_speed=0.0036 ang_vel_vec=[ 0.00155715 -0.00328831 -0.00017556] |com_force|=0.0000N
### kotek_magnet[tick=18240] sensor4: d=0.5642m in_range=False f_mag=0.000N tau_mag=0.0000Nm misalign_deg=94.6 pos=[-0.1255011   0.16682447  0.5706391 ] bottom_world=[-0.12709519  0.16450572  0.55083801] quat=[0.2807209  0.02198266 0.06700803 0.9571952 ] speed=0.1239 ang_speed=5.5152 ang_vel_vec=[-0.6128754 -0.0258638 -5.4809422] |com_force|=0.0000N
### kotek_magnet[tick=18300] sensor1: d=0.3210m in_range=False f_mag=0.000N tau_mag=0.0000Nm misalign_deg=90.0 pos=[ 0.32221833 -0.12032337  0.02000003] bottom_world=[ 0.3222184  -0.12032332  0.04000003] quat=[-7.6921805e-07  5.6362098e-01  8.2603353e-01 -1.9808249e-06] speed=0.0002 ang_speed=0.0036 ang_vel_vec=[ 0.00155716 -0.00328821 -0.00017553] |com_force|=0.0000N
### kotek_magnet[tick=18300] sensor4: d=0.5593m in_range=False f_mag=0.000N tau_mag=0.0000Nm misalign_deg=96.8 pos=[-0.11970752  0.18343824  0.5678169 ] bottom_world=[-0.12208115  0.18091296  0.54811948] quat=[0.35573998 0.03300932 0.08046479 0.9305294 ] speed=0.1249 ang_speed=5.4618 ang_vel_vec=[-2.866956   1.4536088 -4.415779 ] |com_force|=0.0000N
### kotek_magnet[tick=18360] sensor1: d=0.3210m in_range=False f_mag=0.000N tau_mag=0.0000Nm misalign_deg=90.0 pos=[ 0.32221833 -0.12032336  0.02000003] bottom_world=[ 0.3222184  -0.12032331  0.04000003] quat=[-7.7144153e-07  5.6362098e-01  8.2603353e-01 -1.9584204e-06] speed=0.0002 ang_speed=0.0036 ang_vel_vec=[ 0.00155701 -0.00328782 -0.00017555] |com_force|=0.0000N
### kotek_magnet[tick=18360] sensor4: d=0.5530m in_range=False f_mag=0.000N tau_mag=0.0000Nm misalign_deg=99.4 pos=[-0.11204659  0.19955927  0.5647775 ] bottom_world=[-0.11530926  0.19693114  0.54522122] quat=[0.43048176 0.04533782 0.09506618 0.8964332 ] speed=0.0890 ang_speed=4.0091 ang_vel_vec=[-1.3939854  1.0870976 -3.5983274] |com_force|=0.0000N
### kotek_magnet[tick=18420] sensor1: d=0.3210m in_range=False f_mag=0.000N tau_mag=0.0000Nm misalign_deg=90.0 pos=[ 0.32221836 -0.12032337  0.02000004] bottom_world=[ 0.32221843 -0.12032332  0.04000004] quat=[-8.2270907e-07  5.6362098e-01  8.2603353e-01 -1.9662255e-06] speed=0.0002 ang_speed=0.0036 ang_vel_vec=[ 0.00155801 -0.00329108 -0.00017556] |com_force|=0.0000N
### kotek_magnet[tick=18420] sensor4: d=0.5457m in_range=False f_mag=0.000N tau_mag=0.0000Nm misalign_deg=102.1 pos=[-0.10277376  0.2148003   0.5615096 ] bottom_world=[-0.10696968  0.21225656  0.54212086] quat=[0.5033855  0.05858913 0.10885087 0.8551735 ] speed=0.0898 ang_speed=4.3216 ang_vel_vec=[-2.3416955  1.6027371 -3.2594833] |com_force|=0.0000N
### kotek_magnet[tick=18480] sensor1: d=0.3210m in_range=False f_mag=0.000N tau_mag=0.0000Nm misalign_deg=90.0 pos=[ 0.32221833 -0.12032336  0.02000003] bottom_world=[ 0.3222184  -0.12032331  0.04000003] quat=[-7.5819815e-07  5.6362098e-01  8.2603353e-01 -1.9490162e-06] speed=0.0002 ang_speed=0.0036 ang_vel_vec=[ 0.00155724 -0.0032884  -0.00017555] |com_force|=0.0000N
### kotek_magnet[tick=18480] sensor4: d=0.5374m in_range=False f_mag=0.000N tau_mag=0.0000Nm misalign_deg=105.0 pos=[-0.09201086  0.22913234  0.5580251 ] bottom_world=[-0.09719322  0.22683769  0.53884499] quat=[0.5730048  0.07317652 0.12305196 0.8069504 ] speed=0.0879 ang_speed=4.0594 ang_vel_vec=[-1.1940855  1.400481  -3.6181753] |com_force|=0.0000N
### kotek_magnet[tick=18540] sensor1: d=0.3210m in_range=False f_mag=0.000N tau_mag=0.0000Nm misalign_deg=90.0 pos=[ 0.32221833 -0.12032336  0.02000005] bottom_world=[ 0.3222184  -0.12032331  0.04000005] quat=[-7.4527469e-07  5.6362098e-01  8.2603353e-01 -1.9634704e-06] speed=0.0002 ang_speed=0.0036 ang_vel_vec=[ 0.00155604 -0.00327776 -0.00017532] |com_force|=0.0000N
### kotek_magnet[tick=18540] sensor4: d=0.5282m in_range=False f_mag=0.000N tau_mag=0.0000Nm misalign_deg=107.8 pos=[-0.08021115  0.2420907   0.55439043] bottom_world=[-0.08632579  0.240246    0.53543764] quat=[0.6367759  0.08818483 0.1356601  0.75388086] speed=0.0962 ang_speed=4.3504 ang_vel_vec=[-1.8635061  2.084888  -3.3326716] |com_force|=0.0000N
### still playing, 1069s left
### kotek_magnet[tick=18600] sensor1: d=0.3210m in_range=False f_mag=0.000N tau_mag=0.0000Nm misalign_deg=90.0 pos=[ 0.32221833 -0.12032336  0.02000003] bottom_world=[ 0.3222184  -0.12032331  0.04000003] quat=[-7.6783789e-07  5.6362098e-01  8.2603353e-01 -1.9639397e-06] speed=0.0002 ang_speed=0.0036 ang_vel_vec=[ 0.00155717 -0.00328766 -0.00017555] |com_force|=0.0000N
### kotek_magnet[tick=18600] sensor4: d=0.5180m in_range=False f_mag=0.000N tau_mag=0.0000Nm misalign_deg=110.6 pos=[-0.06702643  0.25399968  0.5504805 ] bottom_world=[-0.07406084  0.25279254  0.53179734] quat=[0.69657785 0.10449348 0.14833243 0.69416   ] speed=0.0898 ang_speed=4.1107 ang_vel_vec=[-0.8971165  1.6160039 -3.6717288] |com_force|=0.0000N
### kotek_magnet[tick=18660] sensor1: d=0.3210m in_range=False f_mag=0.000N tau_mag=0.0000Nm misalign_deg=90.0 pos=[ 0.32221833 -0.12032337  0.02000003] bottom_world=[ 0.3222184  -0.12032332  0.04000003] quat=[-7.7958947e-07  5.6362098e-01  8.2603353e-01 -1.9775121e-06] speed=0.0002 ang_speed=0.0036 ang_vel_vec=[ 0.00155743 -0.00328845 -0.00017552] |com_force|=0.0000N
### kotek_magnet[tick=18660] sensor4: d=0.5068m in_range=False f_mag=0.000N tau_mag=0.0000Nm misalign_deg=113.1 pos=[-0.05277709  0.26463196  0.5463461 ] bottom_world=[-0.06061996  0.26426252  0.52795176] quat=[0.7510143  0.12129218 0.15946461 0.6291555 ] speed=0.0922 ang_speed=4.4515 ang_vel_vec=[-1.1557752  2.6343453 -3.3971326] |com_force|=0.0000N
### kotek_magnet[tick=18720] sensor1: d=0.3210m in_range=False f_mag=0.000N tau_mag=0.0000Nm misalign_deg=90.0 pos=[ 0.32221833 -0.12032336  0.02000002] bottom_world=[ 0.3222184  -0.12032331  0.04000002] quat=[-7.1910830e-07  5.6362098e-01  8.2603353e-01 -1.9631552e-06] speed=0.0002 ang_speed=0.0036 ang_vel_vec=[ 0.00155721 -0.00328812 -0.00017555] |com_force|=0.0000N
### kotek_magnet[tick=18720] sensor4: d=0.4949m in_range=False f_mag=0.000N tau_mag=0.0000Nm misalign_deg=115.3 pos=[-0.03778337  0.2737831   0.5420515 ] bottom_world=[-0.04633134  0.27442003  0.52398145] quat=[0.79900765 0.13905372 0.17003784 0.5597661 ] speed=0.0914 ang_speed=4.1211 ang_vel_vec=[-0.579247   1.75752   -3.6823049] |com_force|=0.0000N
### kotek_magnet[tick=18780] sensor1: d=0.3210m in_range=False f_mag=0.000N tau_mag=0.0000Nm misalign_deg=90.0 pos=[ 0.32221833 -0.12032336  0.02000005] bottom_world=[ 0.3222184  -0.12032331  0.04000005] quat=[-7.2636198e-07  5.6362098e-01  8.2603353e-01 -1.9661868e-06] speed=0.0002 ang_speed=0.0036 ang_vel_vec=[ 0.00155585 -0.00327797 -0.00017531] |com_force|=0.0000N
### kotek_magnet[tick=18780] sensor4: d=0.4820m in_range=False f_mag=0.000N tau_mag=0.0000Nm misalign_deg=117.0 pos=[-0.02187719  0.28163713  0.5374952 ] bottom_world=[-0.03095208  0.28345201  0.51976521] quat=[0.8412404  0.15720241 0.17899065 0.4853496 ] speed=0.0928 ang_speed=4.4620 ang_vel_vec=[-0.46652055  2.7979066  -3.4442847 ] |com_force|=0.0000N
### kotek_magnet[tick=18840] sensor1: d=0.3210m in_range=False f_mag=0.000N tau_mag=0.0000Nm misalign_deg=90.0 pos=[ 0.32221833 -0.12032337  0.02000003] bottom_world=[ 0.3222184  -0.12032332  0.04000003] quat=[-7.4341568e-07  5.6362098e-01  8.2603353e-01 -1.9382132e-06] speed=0.0002 ang_speed=0.0036 ang_vel_vec=[ 0.00155719 -0.00328925 -0.00017561] |com_force|=0.0000N
### kotek_magnet[tick=18840] sensor4: d=0.4688m in_range=False f_mag=0.000N tau_mag=0.0000Nm misalign_deg=118.1 pos=[-0.00586744  0.28787953  0.5329368 ] bottom_world=[-0.01529523  0.29099021  0.51557477] quat=[0.8757558  0.17606397 0.18695034 0.40878233] speed=0.0871 ang_speed=4.0695 ang_vel_vec=[-0.26786044  1.7569196  -3.6609492 ] |com_force|=0.0000N
### kotek_magnet[tick=18900] sensor1: d=0.3210m in_range=False f_mag=0.000N tau_mag=0.0000Nm misalign_deg=90.0 pos=[ 0.32221833 -0.12032337  0.02000002] bottom_world=[ 0.3222184  -0.12032332  0.04000002] quat=[-7.4899316e-07  5.6362098e-01  8.2603353e-01 -1.9586764e-06] speed=0.0002 ang_speed=0.0036 ang_vel_vec=[ 0.00155723 -0.00328944 -0.0001756 ] |com_force|=0.0000N
### kotek_magnet[tick=18900] sensor4: d=0.4546m in_range=False f_mag=0.000N tau_mag=0.0000Nm misalign_deg=118.5 pos=[0.01076465 0.2927534  0.5281358 ] bottom_world=[0.00122398 0.29725638 0.51114464] quat=[0.9036773  0.19482355 0.1930422  0.32885554] speed=0.0935 ang_speed=4.2729 ang_vel_vec=[ 0.07525235  2.7836301  -3.2408512 ] |com_force|=0.0000N
### kotek_magnet[tick=18960] sensor1: d=0.3210m in_range=False f_mag=0.000N tau_mag=0.0000Nm misalign_deg=90.0 pos=[ 0.32221833 -0.12032337  0.02000003] bottom_world=[ 0.3222184  -0.12032332  0.04000003] quat=[-7.3483392e-07  5.6362098e-01  8.2603353e-01 -1.9680879e-06] speed=0.0002 ang_speed=0.0036 ang_vel_vec=[ 0.00155722 -0.00328936 -0.00017561] |com_force|=0.0000N
### kotek_magnet[tick=18960] sensor4: d=0.4397m in_range=False f_mag=0.000N tau_mag=0.0000Nm misalign_deg=118.1 pos=[0.02780897 0.29620132 0.5231588 ] bottom_world=[0.01837633 0.30219142 0.50657132] quat=[0.9243026  0.21466188 0.19807492 0.24566492] speed=0.0889 ang_speed=4.0588 ang_vel_vec=[ 0.04100123  1.8433087  -3.6158957 ] |com_force|=0.0000N
### kotek_magnet[tick=19020] sensor1: d=0.3210m in_range=False f_mag=0.000N tau_mag=0.0000Nm misalign_deg=90.0 pos=[ 0.32221833 -0.12032336  0.02000002] bottom_world=[ 0.3222184  -0.12032331  0.04000002] quat=[-7.6547002e-07  5.6362098e-01  8.2603353e-01 -1.9675704e-06] speed=0.0002 ang_speed=0.0036 ang_vel_vec=[ 0.00155701 -0.00328763 -0.00017555] |com_force|=0.0000N
### kotek_magnet[tick=19020] sensor4: d=0.4244m in_range=False f_mag=0.000N tau_mag=0.0000Nm misalign_deg=116.9 pos=[0.04467442 0.29827845 0.5181695 ] bottom_world=[0.03561554 0.30574406 0.50197689] quat=[0.9372916  0.23393063 0.20114817 0.16217399] speed=0.0876 ang_speed=4.2964 ang_vel_vec=[ 0.76358247  2.6141014  -3.3230498 ] |com_force|=0.0000N
### kotek_magnet[tick=19080] sensor1: d=0.3210m in_range=False f_mag=0.000N tau_mag=0.0000Nm misalign_deg=90.0 pos=[ 0.3222183  -0.12032337  0.02000003] bottom_world=[ 0.32221837 -0.12032332  0.04000003] quat=[-7.6271743e-07  5.6362098e-01  8.2603353e-01 -1.9379595e-06] speed=0.0002 ang_speed=0.0036 ang_vel_vec=[ 0.00155425 -0.003271   -0.0001752 ] |com_force|=0.0000N
### kotek_magnet[tick=19080] sensor4: d=0.4086m in_range=False f_mag=0.000N tau_mag=0.0000Nm misalign_deg=115.0 pos=[0.06154172 0.29897606 0.5131057 ] bottom_world=[0.05310515 0.30791984 0.49733125] quat=[0.9424882  0.25401047 0.20277499 0.07795509] speed=0.0793 ang_speed=3.9779 ang_vel_vec=[ 0.26864937  1.8515646  -3.510478  ] |com_force|=0.0000N
### kotek_magnet[tick=19140] sensor1: d=0.3210m in_range=False f_mag=0.000N tau_mag=0.0000Nm misalign_deg=90.0 pos=[ 0.32221833 -0.12032337  0.02000002] bottom_world=[ 0.3222184  -0.12032332  0.04000002] quat=[-7.8398779e-07  5.6362098e-01  8.2603353e-01 -1.9646166e-06] speed=0.0002 ang_speed=0.0036 ang_vel_vec=[ 0.00155691 -0.00328656 -0.0001755 ] |com_force|=0.0000N
### kotek_magnet[tick=19140] sensor4: d=0.3922m in_range=False f_mag=0.000N tau_mag=0.0000Nm misalign_deg=112.2 pos=[0.07844668 0.29842106 0.5079274 ] bottom_world=[0.07090268 0.3087525  0.49255376] quat=[ 0.940369    0.27317578  0.20256725 -0.00691124] speed=0.0817 ang_speed=4.3915 ang_vel_vec=[ 1.6109517  2.33724   -3.3507612] |com_force|=0.0000N
### kotek_magnet[tick=19200] sensor1: d=0.3210m in_range=False f_mag=0.000N tau_mag=0.0000Nm misalign_deg=90.0 pos=[ 0.32221836 -0.12032336  0.02000004] bottom_world=[ 0.32221843 -0.12032331  0.04000004] quat=[-7.6425789e-07  5.6362098e-01  8.2603353e-01 -1.9650297e-06] speed=0.0002 ang_speed=0.0036 ang_vel_vec=[ 0.00155838 -0.00329262 -0.0001756 ] |com_force|=0.0000N
### kotek_magnet[tick=19200] sensor4: d=0.3753m in_range=False f_mag=0.000N tau_mag=0.0000Nm misalign_deg=108.6 pos=[0.09519863 0.29662034 0.50269675] bottom_world=[0.08880639 0.30827221 0.48775108] quat=[ 0.93022364  0.2934723   0.20057969 -0.09124556] speed=0.0770 ang_speed=4.2195 ang_vel_vec=[ 0.88056964  1.914295   -3.6557078 ] |com_force|=0.0000N
### kotek_magnet[tick=19260] sensor1: d=0.3210m in_range=False f_mag=0.000N tau_mag=0.0000Nm misalign_deg=90.0 pos=[ 0.32221833 -0.12032336  0.02000004] bottom_world=[ 0.3222184  -0.12032331  0.04000004] quat=[-7.7028670e-07  5.6362098e-01  8.2603353e-01 -1.9669046e-06] speed=0.0002 ang_speed=0.0036 ang_vel_vec=[ 0.00155721 -0.00328787 -0.00017554] |com_force|=0.0000N
### kotek_magnet[tick=19260] sensor4: d=0.3580m in_range=False f_mag=0.000N tau_mag=0.0000Nm misalign_deg=104.5 pos=[0.11175331 0.29364705 0.49745557] bottom_world=[0.10673719 0.30642606 0.48291131] quat=[ 0.9127978   0.3123521   0.19705285 -0.17437454] speed=0.0719 ang_speed=4.5100 ang_vel_vec=[ 2.1628244  1.7981509 -3.5254855] |com_force|=0.0000N
### kotek_magnet[tick=19320] sensor1: d=0.3210m in_range=False f_mag=0.000N tau_mag=0.0000Nm misalign_deg=90.0 pos=[ 0.32221833 -0.12032337  0.02000003] bottom_world=[ 0.3222184  -0.12032332  0.04000004] quat=[-8.2100718e-07  5.6362098e-01  8.2603353e-01 -1.9721404e-06] speed=0.0002 ang_speed=0.0036 ang_vel_vec=[ 0.00155706 -0.00328655 -0.0001755 ] |com_force|=0.0000N
### kotek_magnet[tick=19320] sensor4: d=0.3404m in_range=False f_mag=0.000N tau_mag=0.0000Nm misalign_deg=99.8 pos=[0.127895   0.28961152 0.4922374 ] bottom_world=[0.12448172 0.30335949 0.4781185 ] quat=[ 0.8876714   0.3321732   0.19154336 -0.25497398] speed=0.0654 ang_speed=4.2997 ang_vel_vec=[ 1.6495209  1.4005617 -3.7155142] |com_force|=0.0000N
### kotek_magnet[tick=19380] sensor1: d=0.3210m in_range=False f_mag=0.000N tau_mag=0.0000Nm misalign_deg=90.0 pos=[ 0.32221833 -0.12032337  0.02000003] bottom_world=[ 0.3222184  -0.12032332  0.04000003] quat=[-8.0491139e-07  5.6362098e-01  8.2603353e-01 -1.9618114e-06] speed=0.0002 ang_speed=0.0036 ang_vel_vec=[ 0.00155733 -0.00329005 -0.00017563] |com_force|=0.0000N
### kotek_magnet[tick=19380] sensor4: d=0.3224m in_range=False f_mag=0.000N tau_mag=0.0000Nm misalign_deg=94.7 pos=[0.14371155 0.28455496 0.48707557] bottom_world=[0.14205639 0.29900746 0.4733502 ] quat=[ 0.8558397   0.35043046  0.18456532 -0.33267462] speed=0.0711 ang_speed=4.2283 ang_vel_vec=[ 2.4483285  1.444608  -3.130039 ] |com_force|=0.0000N
### kotek_magnet[tick=19440] sensor1: d=0.3210m in_range=False f_mag=0.000N tau_mag=0.0000Nm misalign_deg=90.0 pos=[ 0.32221833 -0.12032336  0.02000002] bottom_world=[ 0.3222184  -0.12032331  0.04000002] quat=[-7.7241674e-07  5.6362098e-01  8.2603353e-01 -1.9722127e-06] speed=0.0002 ang_speed=0.0036 ang_vel_vec=[ 0.00155723 -0.00328788 -0.00017554] |com_force|=0.0000N
### kotek_magnet[tick=19440] sensor4: d=0.3043m in_range=False f_mag=0.000N tau_mag=0.0000Nm misalign_deg=89.4 pos=[0.15902628 0.27856025 0.48195913] bottom_world=[0.15925014 0.29347302 0.46863399] quat=[ 0.81793326  0.36874062  0.17578927 -0.40510955] speed=0.0668 ang_speed=4.4999 ang_vel_vec=[ 1.7110869  0.9157604 -4.059906 ] |com_force|=0.0000N
### kotek_magnet[tick=19500] sensor1: d=0.3210m in_range=False f_mag=0.000N tau_mag=0.0000Nm misalign_deg=90.0 pos=[ 0.32221833 -0.12032335  0.02000003] bottom_world=[ 0.3222184  -0.1203233   0.04000003] quat=[-7.6652321e-07  5.6362098e-01  8.2603353e-01 -1.9618728e-06] speed=0.0002 ang_speed=0.0036 ang_vel_vec=[ 0.00155444 -0.00327316 -0.00017525] |com_force|=0.0000N
### kotek_magnet[tick=19500] sensor4: d=0.2862m in_range=False f_mag=0.000N tau_mag=0.0000Nm misalign_deg=83.7 pos=[0.1738303  0.27180305 0.47691917] bottom_world=[0.17603458 0.28691331 0.46400324] quat=[ 0.77303284  0.38665313  0.16613583 -0.47467747] speed=0.0777 ang_speed=3.4709 ang_vel_vec=[ 1.6253488   0.43982542 -3.0350745 ] |com_force|=0.0000N
### kotek_magnet[tick=19560] sensor1: d=0.3210m in_range=False f_mag=0.000N tau_mag=0.0000Nm misalign_deg=90.0 pos=[ 0.3222183  -0.12032337  0.02000002] bottom_world=[ 0.32221837 -0.12032332  0.04000002] quat=[-7.4593589e-07  5.6362098e-01  8.2603353e-01 -1.9452946e-06] speed=0.0002 ang_speed=0.0036 ang_vel_vec=[ 0.00155466 -0.00327176 -0.00017523] |com_force|=0.0000N
### kotek_magnet[tick=19560] sensor4: d=0.2677m in_range=False f_mag=0.000N tau_mag=0.0000Nm misalign_deg=77.7 pos=[0.18835679 0.264104   0.47205836] bottom_world=[0.19260972 0.27911332 0.45954303] quat=[ 0.7222924   0.40399483  0.15461278 -0.53960806] speed=0.0679 ang_speed=3.3363 ang_vel_vec=[ 1.4466068   0.60987586 -2.9438534 ] |com_force|=0.0000N
### kotek_magnet[tick=19620] sensor1: d=0.3210m in_range=False f_mag=0.000N tau_mag=0.0000Nm misalign_deg=90.0 pos=[ 0.32221833 -0.12032335  0.02000004] bottom_world=[ 0.3222184  -0.1203233   0.04000004] quat=[-7.6869918e-07  5.6362098e-01  8.2603347e-01 -2.0185012e-06] speed=0.0002 ang_speed=0.0037 ang_vel_vec=[ 0.00155957 -0.00330042 -0.00017577] |com_force|=0.0000N
### kotek_magnet[tick=19620] sensor4: d=0.2491m in_range=False f_mag=0.000N tau_mag=0.0000Nm misalign_deg=71.7 pos=[0.20251684 0.25561753 0.4672767 ] bottom_world=[0.2088109  0.27023559 0.45516484] quat=[ 0.66621965  0.4207093   0.14215255 -0.5991225 ] speed=0.0751 ang_speed=3.5876 ang_vel_vec=[ 1.7116976   0.16086167 -3.1488316 ] |com_force|=0.0000N
### kotek_magnet[tick=19680] sensor1: d=0.3210m in_range=False f_mag=0.000N tau_mag=0.0000Nm misalign_deg=90.0 pos=[ 0.32221833 -0.12032336  0.02000002] bottom_world=[ 0.3222184  -0.12032331  0.04000002] quat=[-6.6729211e-07  5.6362098e-01  8.2603347e-01 -2.0189598e-06] speed=0.0002 ang_speed=0.0036 ang_vel_vec=[ 0.00155533 -0.00327823 -0.00017539] |com_force|=0.0000N
### kotek_magnet[tick=19680] sensor4: d=0.2303m in_range=False f_mag=0.000N tau_mag=0.0000Nm misalign_deg=65.4 pos=[0.21644828 0.2462071  0.46262336] bottom_world=[0.22477768 0.26012795 0.45092587] quat=[ 0.6041864   0.43713793  0.12834819 -0.6537553 ] speed=0.0754 ang_speed=3.7092 ang_vel_vec=[ 1.6645643   0.08765817 -3.3135624 ] |com_force|=0.0000N
### kotek_magnet[tick=19740] sensor1: d=0.3210m in_range=False f_mag=0.000N tau_mag=0.0000Nm misalign_deg=90.0 pos=[ 0.32221833 -0.12032337  0.02000003] bottom_world=[ 0.3222184  -0.12032332  0.04000003] quat=[-8.1263232e-07  5.6362098e-01  8.2603353e-01 -1.9642584e-06] speed=0.0002 ang_speed=0.0036 ang_vel_vec=[ 0.00155742 -0.00329013 -0.00017563] |com_force|=0.0000N
### kotek_magnet[tick=19740] sensor4: d=0.2115m in_range=False f_mag=0.000N tau_mag=0.0000Nm misalign_deg=59.1 pos=[0.22992717 0.23605278 0.45812172] bottom_world=[0.24020108 0.24898285 0.44684076] quat=[ 0.5377058   0.45284867  0.11359683 -0.70206577] speed=0.0761 ang_speed=3.7630 ang_vel_vec=[ 1.6202428   0.04805666 -3.3960085 ] |com_force|=0.0000N
### kotek_magnet[tick=19800] sensor1: d=0.3210m in_range=False f_mag=0.000N tau_mag=0.0000Nm misalign_deg=90.0 pos=[ 0.32221833 -0.12032337  0.02000002] bottom_world=[ 0.3222184  -0.12032332  0.04000002] quat=[-8.2037394e-07  5.6362098e-01  8.2603353e-01 -1.9676202e-06] speed=0.0002 ang_speed=0.0036 ang_vel_vec=[ 0.00155707 -0.00328652 -0.0001755 ] |com_force|=0.0000N
### kotek_magnet[tick=19800] sensor4: d=0.1932m in_range=False f_mag=0.000N tau_mag=0.0000Nm misalign_deg=53.0 pos=[0.2427838  0.22531949 0.45399395] bottom_world=[0.25483125 0.23701357 0.44312622] quat=[ 0.46894458  0.4675751   0.09838848 -0.7428219 ] speed=0.0764 ang_speed=3.8516 ang_vel_vec=[ 1.6583439  -0.10856014 -3.4746437 ] |com_force|=0.0000N
### kotek_magnet[tick=19860] sensor1: d=0.3210m in_range=False f_mag=0.000N tau_mag=0.0000Nm misalign_deg=90.0 pos=[ 0.32221836 -0.12032336  0.02000005] bottom_world=[ 0.32221843 -0.12032331  0.04000005] quat=[-8.0934336e-07  5.6362098e-01  8.2603353e-01 -1.9858867e-06] speed=0.0002 ang_speed=0.0036 ang_vel_vec=[ 0.00155792 -0.00328991 -0.00017557] |com_force|=0.0000N
### kotek_magnet[tick=19860] sensor4: d=0.1752m in_range=False f_mag=0.000N tau_mag=0.0000Nm misalign_deg=46.9 pos=[0.25528702 0.21378295 0.450079  ] bottom_world=[0.26895093 0.22399185 0.43963505] quat=[ 0.3966488   0.48175585  0.08253849 -0.77702546] speed=0.0773 ang_speed=3.8887 ang_vel_vec=[ 1.641842   -0.16794705 -3.5210586 ] |com_force|=0.0000N
### kotek_magnet[tick=19920] sensor1: d=0.3210m in_range=False f_mag=0.000N tau_mag=0.0000Nm misalign_deg=90.0 pos=[ 0.32221836 -0.12032336  0.02000004] bottom_world=[ 0.32221843 -0.12032331  0.04000004] quat=[-8.1547222e-07  5.6362098e-01  8.2603353e-01 -1.9521763e-06] speed=0.0002 ang_speed=0.0036 ang_vel_vec=[ 0.00155863 -0.00329475 -0.00017568] |com_force|=0.0000N
### kotek_magnet[tick=19920] sensor4: d=0.1578m in_range=False f_mag=0.000N tau_mag=0.0000Nm misalign_deg=41.1 pos=[0.26733923 0.2015076  0.44645053] bottom_world=[0.28241309 0.21002228 0.43643659] quat=[ 0.32209998  0.49522606  0.0663522  -0.8041146 ] speed=0.0778 ang_speed=3.9114 ang_vel_vec=[ 1.6316054  -0.23001248 -3.5473993 ] |com_force|=0.0000N
### kotek_magnet[tick=19980] sensor1: d=0.3210m in_range=False f_mag=0.000N tau_mag=0.0000Nm misalign_deg=90.0 pos=[ 0.32221836 -0.12032336  0.02000005] bottom_world=[ 0.32221843 -0.12032331  0.04000005] quat=[-7.5652287e-07  5.6362098e-01  8.2603353e-01 -1.9447666e-06] speed=0.0002 ang_speed=0.0036 ang_vel_vec=[ 0.00155851 -0.00329285 -0.00017561] |com_force|=0.0000N
### kotek_magnet[tick=19980] sensor4: d=0.1413m in_range=False f_mag=0.000N tau_mag=0.0000Nm misalign_deg=35.6 pos=[0.27900508 0.18837695 0.44312027] bottom_world=[0.2952642  0.19500809 0.43354587] quat=[ 0.24533911  0.5080845   0.04990242 -0.8241169 ] speed=0.0797 ang_speed=3.9267 ang_vel_vec=[ 1.637591   -0.27311853 -3.5584664 ] |com_force|=0.0000N
### kotek_magnet[tick=20040] sensor1: d=0.3210m in_range=False f_mag=0.000N tau_mag=0.0000Nm misalign_deg=90.0 pos=[ 0.32221833 -0.12032337  0.02000003] bottom_world=[ 0.3222184  -0.12032332  0.04000003] quat=[-8.0575973e-07  5.6362098e-01  8.2603353e-01 -1.9667559e-06] speed=0.0002 ang_speed=0.0036 ang_vel_vec=[ 0.00155744 -0.00328998 -0.00017563] |com_force|=0.0000N
### kotek_magnet[tick=20040] sensor4: d=0.1265m in_range=False f_mag=0.000N tau_mag=0.0000Nm misalign_deg=30.8 pos=[0.29010254 0.17454533 0.44014403] bottom_world=[0.30728668 0.17916368 0.43101296] quat=[ 0.16791011  0.5201868   0.03360087 -0.8367096 ] speed=0.0811 ang_speed=3.9410 ang_vel_vec=[ 1.6535705  -0.34025806 -3.5611284 ] |com_force|=0.0000N
### kotek_magnet[tick=20100] sensor1: d=0.3210m in_range=False f_mag=0.000N tau_mag=0.0000Nm misalign_deg=90.0 pos=[ 0.32221833 -0.12032337  0.02000003] bottom_world=[ 0.3222184  -0.12032332  0.04000003] quat=[-8.1364982e-07  5.6362098e-01  8.2603353e-01 -1.9702331e-06] speed=0.0002 ang_speed=0.0036 ang_vel_vec=[ 0.00155746 -0.00328989 -0.00017563] |com_force|=0.0000N
### kotek_magnet[tick=20100] sensor4: d=0.1141m in_range=False f_mag=0.000N tau_mag=0.0000Nm misalign_deg=26.9 pos=[0.30061427 0.15998255 0.4375499 ] bottom_world=[0.31845406 0.16249771 0.42886566] quat=[ 0.09035173  0.53158563  0.01763607 -0.8419871 ] speed=0.0833 ang_speed=3.9502 ang_vel_vec=[ 1.6711588 -0.3948226 -3.557425 ] |com_force|=0.0000N
### kotek_magnet[tick=20160] sensor1: d=0.3210m in_range=False f_mag=0.000N tau_mag=0.0000Nm misalign_deg=90.0 pos=[ 0.32221833 -0.12032337  0.02000003] bottom_world=[ 0.3222184  -0.12032332  0.04000003] quat=[-8.0046556e-07  5.6362098e-01  8.2603353e-01 -1.9689592e-06] speed=0.0002 ang_speed=0.0036 ang_vel_vec=[ 0.00155717 -0.00328675 -0.0001755 ] |com_force|=0.0000N
### kotek_magnet[tick=20160] sensor4: d=0.1062m in_range=False f_mag=0.000N tau_mag=0.0000Nm misalign_deg=24.6 pos=[0.30909517 0.14693886 0.43566158] bottom_world=[0.32727606 0.14762011 0.42735548] quat=[ 0.02444657  0.5406725   0.00453538 -0.84086573] speed=0.0854 ang_speed=3.8780 ang_vel_vec=[ 1.4746122  -0.58630526 -3.5384483 ] |com_force|=0.0000N
### kotek_magnet[tick=20220] sensor1: d=0.3210m in_range=False f_mag=0.000N tau_mag=0.0000Nm misalign_deg=90.0 pos=[ 0.32221833 -0.12032337  0.02000002] bottom_world=[ 0.3222184  -0.12032332  0.04000002] quat=[-7.6426812e-07  5.6362098e-01  8.2603353e-01 -1.9695090e-06] speed=0.0002 ang_speed=0.0036 ang_vel_vec=[ 0.00155738 -0.00328996 -0.00017563] |com_force|=0.0000N
### kotek_magnet[tick=20220] sensor4: d=0.1047m in_range=False f_mag=0.000N tau_mag=0.0000Nm misalign_deg=24.9 pos=[0.306125   0.14929087 0.4306732 ] bottom_world=[0.32426256 0.1499375  0.42227023] quat=[ 0.02338869  0.5384306   0.00424119 -0.84233457] speed=0.0752 ang_speed=3.1176 ang_vel_vec=[ 0.9899131  -0.14629887 -2.952674  ] |com_force|=0.0000N
### kotek_magnet[tick=20280] sensor1: d=0.3210m in_range=False f_mag=0.000N tau_mag=0.0000Nm misalign_deg=90.0 pos=[ 0.32221833 -0.12032336  0.02000002] bottom_world=[ 0.3222184  -0.12032331  0.04000002] quat=[-7.4282246e-07  5.6362098e-01  8.2603353e-01 -1.9314934e-06] speed=0.0002 ang_speed=0.0036 ang_vel_vec=[ 0.0015572  -0.00328838 -0.00017556] |com_force|=0.0000N
### kotek_magnet[tick=20280] sensor4: d=0.0894m in_range=True f_mag=1.782N tau_mag=0.0018Nm misalign_deg=24.9 pos=[0.31429967 0.15195231 0.41692573] bottom_world=[0.33244491 0.15255471 0.408536  ] quat=[ 0.02197554  0.5387412   0.00382431 -0.842176  ] speed=0.0764 ang_speed=2.9949 ang_vel_vec=[ 0.8605716 -0.8243178 -2.7476535] |com_force|=0.4020N
### kotek_magnet[tick=20340] sensor1: d=0.3210m in_range=False f_mag=0.000N tau_mag=0.0000Nm misalign_deg=90.0 pos=[ 0.32221833 -0.12032337  0.02000004] bottom_world=[ 0.3222184  -0.12032332  0.04000004] quat=[-7.4549320e-07  5.6362098e-01  8.2603353e-01 -1.9265092e-06] speed=0.0002 ang_speed=0.0036 ang_vel_vec=[ 0.0015559  -0.0032764  -0.00017527] |com_force|=0.0000N
### kotek_magnet[tick=20340] sensor4: d=0.0645m in_range=True f_mag=1.268N tau_mag=0.0012Nm misalign_deg=24.4 pos=[0.3297987  0.15552826 0.39595768] bottom_world=[0.34801546 0.15596666 0.38771405] quat=[ 0.01521372  0.5421245   0.00322837 -0.8401542 ] speed=0.0781 ang_speed=3.6734 ang_vel_vec=[ 1.7446562  -0.57323873 -3.1814497 ] |com_force|=0.3955N
### still playing, 1039s left
### kotek_magnet[tick=20400] sensor1: d=0.3210m in_range=False f_mag=0.000N tau_mag=0.0000Nm misalign_deg=90.0 pos=[ 0.32221836 -0.12032336  0.02000004] bottom_world=[ 0.32221843 -0.12032331  0.04000004] quat=[-7.6116243e-07  5.6362098e-01  8.2603353e-01 -1.9610600e-06] speed=0.0002 ang_speed=0.0036 ang_vel_vec=[ 0.00155828 -0.00329264 -0.0001756 ] |com_force|=0.0000N
### kotek_magnet[tick=20400] sensor4: d=0.0491m in_range=True f_mag=0.951N tau_mag=0.0009Nm misalign_deg=18.0 pos=[0.34103876 0.1571422  0.38384414] bottom_world=[0.36006308 0.15728758 0.37767533] quat=[ 0.01262235  0.58801174 -0.00468367 -0.8087403 ] speed=0.1111 ang_speed=2.3634 ang_vel_vec=[ 0.45100242 -2.302293   -0.2861968 ] |com_force|=0.4998N
### kotek_magnet[tick=20460] sensor1: d=0.3210m in_range=False f_mag=0.000N tau_mag=0.0000Nm misalign_deg=90.0 pos=[ 0.32221833 -0.12032336  0.02000003] bottom_world=[ 0.3222184  -0.12032331  0.04000003] quat=[-7.6559235e-07  5.6362098e-01  8.2603353e-01 -1.9589920e-06] speed=0.0002 ang_speed=0.0036 ang_vel_vec=[ 0.00155694 -0.00328773 -0.00017555] |com_force|=0.0000N
### kotek_magnet[tick=20460] sensor4: d=0.0129m in_range=True f_mag=0.205N tau_mag=0.0001Nm misalign_deg=12.6 pos=[0.3711634  0.14991818 0.3633202 ] bottom_world=[0.39067856 0.1498852  0.35894327] quat=[ 0.07684512  0.62182134 -0.06257001 -0.7768643 ] speed=0.0203 ang_speed=0.6255 ang_vel_vec=[-0.43632704  0.1056076  -0.43559754] |com_force|=0.4499N
### kotek_magnet[tick=20478]: welded sensor 4 at d=0.0144m misalign_deg=14.9 pos=[0.37032875 0.15074126 0.36501122] wall_pos=[0.425 0.    0.5  ] local_pos1=[-0.05467125  0.15074126 -0.13498878] quat=[ 0.07010877  0.6057559  -0.08698723 -0.7877676 ]
### kotek_magnet[tick=20520] sensor1: d=0.3210m in_range=False f_mag=0.000N tau_mag=0.0000Nm misalign_deg=90.0 pos=[ 0.32221836 -0.12032336  0.02000004] bottom_world=[ 0.32221843 -0.12032331  0.04000004] quat=[-8.1642469e-07  5.6362098e-01  8.2603353e-01 -1.9832410e-06] speed=0.0002 ang_speed=0.0036 ang_vel_vec=[ 0.00155795 -0.00328989 -0.00017557] |com_force|=0.0000N
### kotek_magnet[tick=20580] sensor1: d=0.3210m in_range=False f_mag=0.000N tau_mag=0.0000Nm misalign_deg=90.0 pos=[ 0.32221833 -0.12032337  0.02000002] bottom_world=[ 0.3222184  -0.12032332  0.04000002] quat=[-7.7646854e-07  5.6362098e-01  8.2603353e-01 -1.9816146e-06] speed=0.0002 ang_speed=0.0036 ang_vel_vec=[ 0.00155711 -0.00328834 -0.00017553] |com_force|=0.0000N
### kotek_magnet[tick=20640] sensor1: d=0.3210m in_range=False f_mag=0.000N tau_mag=0.0000Nm misalign_deg=90.0 pos=[ 0.32221833 -0.12032336  0.02000002] bottom_world=[ 0.3222184  -0.12032331  0.04000002] quat=[-7.5627594e-07  5.6362098e-01  8.2603353e-01 -1.9618444e-06] speed=0.0002 ang_speed=0.0036 ang_vel_vec=[ 0.00155703 -0.0032878  -0.00017555] |com_force|=0.0000N
### kotek_magnet[tick=20700] sensor1: d=0.3210m in_range=False f_mag=0.000N tau_mag=0.0000Nm misalign_deg=90.0 pos=[ 0.32221833 -0.12032336  0.02000002] bottom_world=[ 0.3222184  -0.12032331  0.04000002] quat=[-7.3964765e-07  5.6362098e-01  8.2603353e-01 -1.9346101e-06] speed=0.0002 ang_speed=0.0036 ang_vel_vec=[ 0.00155732 -0.00328842 -0.00017556] |com_force|=0.0000N
### kotek_magnet[tick=20760] sensor1: d=0.3210m in_range=False f_mag=0.000N tau_mag=0.0000Nm misalign_deg=90.0 pos=[ 0.32221833 -0.12032336  0.02000004] bottom_world=[ 0.3222184  -0.12032331  0.04000004] quat=[-7.8620741e-07  5.6362098e-01  8.2603353e-01 -1.9304803e-06] speed=0.0002 ang_speed=0.0036 ang_vel_vec=[ 0.00155595 -0.00327784 -0.00017532] |com_force|=0.0000N
### kotek_magnet[tick=20820] sensor1: d=0.3210m in_range=False f_mag=0.000N tau_mag=0.0000Nm misalign_deg=90.0 pos=[ 0.32221833 -0.12032337  0.02000004] bottom_world=[ 0.3222184  -0.12032332  0.04000004] quat=[-7.9933028e-07  5.6362098e-01  8.2603353e-01 -1.9613258e-06] speed=0.0002 ang_speed=0.0036 ang_vel_vec=[ 0.00155726 -0.00329012 -0.00017563] |com_force|=0.0000N
