WARNING: All log messages before absl::InitializeLog() is called are written to STDERR
E0000 00:00:1789301415.201827  102288 descriptor_database.cc:633] File already exists in database: grpc/health/v1/health.proto
W0000 00:00:1789301415.201849  102288 message.cc:301] Protobuf GeneratedMessageFactory: File is already registered: grpc/health/v1/health.proto
2026-09-13T12:10:15Z [Info] [carb] Logging to file: /home/trs/env_isaaclab/lib/python3.12/site-packages/isaacsim/kit/logs/Kit/Isaac-Sim Python/6.0/kit_20260913_211015.log
[0.049s] [ext: omni.assets.plugins-0.0.0] startup
[0.050s] [ext: omni.blobkey-1.1.2] startup
[0.050s] [ext: omni.kit.async_engine-0.0.3] startup
[0.110s] [ext: omni.client.lib-1.1.1] startup
[0.117s] [ext: omni.client-1.3.0] startup
[0.120s] [ext: omni.protobuf.lib-1.0.0] startup
[0.120s] [ext: omni.grpc.lib-1.0.0] startup
[0.123s] [ext: omni.metrics.core-0.0.3] startup
[0.123s] [ext: omni.datastore-0.0.0] startup
[0.123s] [ext: omni.gpu_foundation.shadercache.vulkan-1.0.0] startup
[0.126s] [ext: omni.hsscclient-1.1.4] startup
[0.126s] [ext: omni.stats-1.0.1] startup
[0.126s] [ext: omni.ujitso.default-1.0.0] startup
[0.128s] [ext: omni.gpu_foundation-0.0.0] startup
[0.300s] [ext: carb.windowing.plugins-1.0.1] startup
[0.300s] [ext: omni.kit.renderer.init-1.0.1] startup

|---------------------------------------------------------------------------------------------|
| Driver Version: 595.84        | Graphics API: Vulkan
|=============================================================================================|
| GPU | Name                             | Active | LDA | GPU Memory | Vendor-ID | LUID       |
|     |                                  |        |     |            | Device-ID | UUID       |
|     |                                  |        |     |            | Bus-ID    |            |
|---------------------------------------------------------------------------------------------|
| 0   | NVIDIA RTX A6000                 | Yes: 0 |     | 49140   MB | 10de      | 0          |
|     |                                  |        |     |            | 2230      | 1d7cbbed.. |
|     |                                  |        |     |            | 1         |            |
|=============================================================================================|
| OS: 24.04.4 LTS (Noble Numbat) ubuntu, Version: 24.04.4, Kernel: 7.0.0-31-generic
| XServer Vendor: The X.Org Foundation, XServer Version: 12101011 (1.21.1.11)
| Processor: Intel(R) Core(TM) i9-14900KF
| Cores: 24 | Logical Cores: 32
|---------------------------------------------------------------------------------------------|
| Total Memory (MB): 64135 | Free Memory: 57757
| Total Page/Swap (MB): 8191 | Free Page/Swap: 8191
|---------------------------------------------------------------------------------------------|
2026-09-13T12:10:15Z [833ms] [Warning] [omni.rtx] CPU performance profile is set to powersave. This profile sets the CPU to the lowest frequency reducing performance.
2026-09-13T12:10:15Z [843ms] [Warning] [omni.rtx] IOMMU is enabled.
[0.950s] [ext: omni.kit.pipapi-0.0.0] startup
[0.951s] [ext: omni.kit.telemetry-0.5.2] startup
[0.977s] [ext: omni.kit.loop-isaac-1.6.0] startup
[0.978s] [ext: omni.kit.test-2.0.7] startup
[1.013s] [ext: omni.materialx.libs-1.0.9] startup
[1.018s] [ext: omni.gpucompute.plugins-0.0.0] startup
[1.018s] [ext: omni.usd.config-1.0.7] startup
[1.020s] [ext: omni.usd.libs-1.0.3] startup
[1.076s] [ext: omni.iray.libs-0.0.1] startup
[1.079s] [ext: omni.mdl-57.0.3] startup
[1.115s] [ext: omni.mdl.neuraylib-0.2.20] startup
[1.116s] [ext: omni.kit.usd.mdl-1.1.9] startup
[1.182s] [ext: omni.appwindow-1.2.2] startup
[1.184s] [ext: omni.kit.renderer.core-1.2.2] startup
[1.212s] [ext: omni.kit.renderer.capture-2.0.1] startup
[1.213s] [ext: omni.kit.renderer.imgui-2.0.6] startup
[1.248s] [ext: omni.ui-3.1.3] startup
[1.254s] [ext: omni.kit.mainwindow-1.0.3] startup
[1.254s] [ext: carb.audio-0.1.0] startup
[1.256s] [ext: omni.uiaudio-1.0.0] startup
[1.257s] [ext: omni.kit.uiapp-0.0.0] startup
[1.257s] [ext: omni.usd.schema.metrics.assembler-110.1.0] startup
[1.259s] [ext: omni.usd.schema.audio-0.0.1] startup
[1.260s] [ext: omni.usd_resolver-1.0.0] startup
[1.262s] [ext: omni.usd.core-1.8.3] startup
[1.265s] [ext: omni.metropolis.schema-0.0.3] startup
[1.265s] [ext: isaacsim.anim.robot.schema-0.1.1] startup
[1.265s] [ext: omni.usd.schema.anim-0.0.1] startup
[1.277s] [ext: omni.usd.schema.geospatial-0.0.1] startup
[1.278s] [ext: omni.usd.schema.omnigraph-1.0.1] startup
[1.281s] [ext: omni.usd.schema.semantics-0.0.0] startup
[1.283s] [ext: omni.activity.core-1.0.3] startup
[1.283s] [ext: omni.cubric-0.1.0] startup
[1.284s] [ext: omni.graph.exec-0.9.6] startup
[1.284s] [ext: omni.hydra.scene_delegate-0.3.5] startup
[1.286s] [ext: usdrt.scenegraph-7.6.3] startup
[1.302s] [ext: omni.hydra.usdrt_delegate-7.5.2] startup
[1.306s] [ext: omni.inspect-1.0.2] startup
[1.307s] [ext: omni.kit.actions.core-1.0.0] startup
[1.308s] [ext: omni.kit.audiodeviceenum-1.0.2] startup
[1.308s] [ext: omni.kit.commands-1.5.0] startup
[1.310s] [ext: omni.kit.exec.core-0.13.5] startup
[1.311s] [ext: omni.kit.usd_undo-0.1.8] startup
[1.311s] [ext: omni.kit.window.popup_dialog-2.0.25] startup
[1.313s] [ext: omni.kit.widget.nucleus_connector-2.3.1] startup
[1.315s] [ext: omni.timeline-1.1.0] startup
[1.316s] [ext: omni.usd-1.15.2] startup
[1.341s] [ext: omni.graph.core-3.1.2] startup
[1.343s] [ext: omni.kit.notification_manager-1.0.11] startup
[1.344s] [ext: isaacsim.core.deprecation_manager-0.4.2] startup
[1.344s] [ext: isaacsim.replicator.agent.schema-0.1.1] startup
[1.345s] [ext: isaacsim.robot.schema-6.3.6] startup
[1.348s] [ext: isaacsim.robot_motion.schema-0.2.0] startup
[1.348s] [ext: omni.anim.behavior.schema-110.1.0] startup
[1.350s] [ext: omni.anim.graph.schema-110.1.1] startup
[1.354s] [ext: omni.anim.navigation.schema-110.1.0] startup
[1.355s] [ext: omni.behavior.tree.schema-110.1.0] startup
[1.356s] [ext: omni.kit.asset_converter-5.1.4] startup
[1.363s] [ext: omni.usd.schema.flow-110.0.0] startup
[1.363s] [ext: omni.usd.schema.mujoco-1.1.0] startup
[1.364s] [ext: omni.usd.schema.newton-1.2.0] startup
[1.364s] [ext: omni.usd.schema.omni_lens_distortion-1.0.0] startup
[1.364s] [ext: omni.usd.schema.omni_projectors-1.0.0] startup
[1.364s] [ext: omni.usd.schema.omni_sensors-0.0.0] startup
[1.369s] [ext: omni.usd.schema.omniscripting-1.0.1] startup
[1.371s] [ext: omni.usd.schema.physical_lighting-0.1.0] startup
[1.373s] [ext: omni.usd.schema.physx-110.1.11] startup
[1.390s] [ext: omni.usd.schema.render_settings.rtx-1.0.2] startup
[1.393s] [ext: omni.usd.schema.usd_particle_field-1.0.0] startup
[1.393s] [ext: isaacsim.core.version-2.1.0] startup
[1.393s] [ext: omni.kit.menu.core-1.2.0] startup
[1.393s] [ext: omni.kit.menu.utils-2.2.3] startup
[1.398s] [ext: isaacsim.app.about-2.3.0] startup
[1.401s] [ext: isaacsim.asset.transformer-1.2.3] startup
[1.403s] [ext: omni.scene.optimizer.core-110.1.0] startup
[1.442s] [ext: isaacsim.asset.importer.utils-1.8.0] startup
[1.443s] [ext: omni.convexdecomposition-110.1.11] startup
[1.444s] [ext: omni.physics-110.1.11] startup
[1.446s] [ext: omni.physx.gpu-110.1.11] startup
[1.446s] [ext: omni.physx.foundation-110.1.11] startup
[1.447s] [ext: omni.usdphysics-110.1.11] startup
[1.448s] [ext: omni.physx.cooking-110.1.11] startup
[1.450s] [ext: omni.physx-110.1.11] startup
[1.456s] [ext: omni.physics.physx-110.1.11] startup
[1.457s] [ext: isaacsim.asset.exporter.urdf-2.0.3] startup
[1.462s] [ext: omni.kit.clipboard-1.1.1] startup
[1.462s] [ext: omni.kit.usd.layers-2.6.1] startup
[1.467s] [ext: omni.kit.widget.context_menu-1.4.0] startup
[1.468s] [ext: omni.kit.context_menu-1.9.0] startup
[1.469s] [ext: omni.kit.helper.file_utils-0.1.10] startup
[1.470s] [ext: omni.kit.widget.nucleus_info-2.0.2] startup
[1.470s] [ext: omni.kit.search_core-1.0.8] startup
[1.470s] [ext: omni.kit.widget.path_field-2.0.13] startup
[1.471s] [ext: omni.kit.widget.browser_bar-2.0.10] startup
[1.471s] [ext: omni.kit.widget.filebrowser-2.13.4] startup
[1.474s] [ext: omni.kit.widget.options_menu-1.1.6] startup
[1.475s] [ext: omni.kit.widget.options_button-1.0.3] startup
[1.476s] [ext: omni.kit.widget.search_delegate-1.0.9] startup
[1.476s] [ext: omni.ui.scene-2.0.1] startup
[1.479s] [ext: omni.kit.window.filepicker-2.15.5] startup
[1.486s] [ext: omni.kit.window.file_importer-1.1.21] startup
[1.487s] [ext: omni.kit.material.library-3.1.2] startup
[1.490s] [ext: isaacsim.asset.transformer.rules-1.7.8] startup
[1.497s] [ext: omni.usdex.libs-2.2.2] startup
[1.502s] [ext: isaacsim.asset.importer.mjcf-3.10.0] startup
[1.503s] [ext: isaacsim.asset.importer.urdf-3.11.0] startup
[1.506s] [ext: omni.kit.primitive.mesh-1.1.0] startup
[1.507s] [ext: omni.kit.stage_template.core-1.1.22] startup
[1.507s] [ext: omni.kit.stage_templates-2.0.2] startup
[1.508s] [ext: omni.usd.metrics.assembler-110.1.2] startup
[1.510s] [ext: omni.warp.core-1.13.0] startup
[1.625s] [ext: isaacsim.core.experimental.utils-0.17.1] startup
[1.625s] [ext: omni.physics.stageupdate-110.1.11] startup
[1.626s] [ext: omni.physics.tensors-110.1.11] startup
[1.629s] [ext: omni.physx.tensors-110.1.11] startup
[1.632s] [ext: isaacsim.core.simulation_manager-1.15.4] startup
2026-09-13T12:10:16Z [1,616ms] [Warning] [isaacsim.core.simulation_manager.plugin] USD stage is not available; stage-opened subscription is deferred
2026-09-13T12:10:16Z [1,616ms] [Warning] [isaacsim.core.simulation_manager.plugin] USD stage is not available; stage-opened subscription is deferred
[1.641s] [ext: isaacsim.storage.native-1.9.2] startup
[1.642s] [ext: omni.usd.metrics.assembler.physics-110.1.11] startup
[1.643s] [ext: isaacsim.core.utils-4.1.6] startup
[1.645s] [ext: isaacsim.core.prims-0.11.6] startup
[2.389s] [ext: isaacsim.core.api-5.2.12] startup
[2.394s] [ext: isaacsim.core.cloner-1.7.2] startup
[2.395s] [ext: isaacsim.test.docstring-1.3.1] startup
[2.396s] [ext: isaacsim.core.experimental.prims-1.8.8] startup
[2.412s] [ext: isaacsim.core.experimental.primdata-0.3.2] startup
[2.413s] [ext: omni.graph.tools-1.81.0] startup
[2.427s] [ext: omni.graph-1.142.5] startup
[2.451s] [ext: isaacsim.core.experimental.actuators-0.1.0] startup
[3.698s] [ext: isaacsim.core.experimental.materials-0.7.0] startup
[3.701s] [ext: isaacsim.core.experimental.objects-0.8.0] startup
[3.740s] [ext: omni.hydra.engine.stats-1.0.5] startup
[3.742s] [ext: omni.hydra.rtx.shadercache.vulkan-1.0.0] startup
[3.743s] [ext: omni.index.libs-387500.3473.0] startup
[3.743s] [ext: omni.index-1.0.1] startup
[3.743s] [ext: omni.ujitso.client-0.0.0] startup
[3.744s] [ext: omni.usd.schema.playback-1.0.0] startup
[3.746s] [ext: omni.volume-0.5.2] startup
[3.749s] [ext: omni.hydra.rtx-1.0.3] startup
2026-09-13T12:10:18Z [3,736ms] [Warning] [omni.log] Source: omni.hydra was already registered.
[3.773s] [ext: omni.kit.hydra_texture-1.6.0] startup
[3.776s] [ext: omni.kit.raycast.query-1.2.0] startup
[3.779s] [ext: omni.kit.viewport.legacy_gizmos-1.0.24] startup
[3.781s] [ext: omni.kit.viewport.registry-104.0.6] startup
[3.782s] [ext: omni.kit.viewport.scene_camera_model-1.0.7] startup
[3.785s] [ext: omni.kit.widget.viewport-109.2.0] startup
[3.788s] [ext: omni.kit.window.drop_support-1.0.8] startup
[3.788s] [ext: omni.kit.viewport.window-109.0.2] startup
[3.799s] [ext: omni.kit.viewport.utility-2.0.1] startup
[3.800s] [ext: isaacsim.core.rendering_manager-0.4.2] startup
[3.812s] [ext: omni.graph.action_core-1.1.9] startup
[3.814s] [ext: omni.graph.action_nodes_core-2.10.2] startup
[3.816s] [ext: omni.graph.action_nodes-2.10.3] startup
[3.834s] [ext: omni.graph.action-2.10.2] startup
[3.835s] [ext: omni.graph.image.core-0.6.1] startup
[3.835s] [ext: omni.graph.image.nodes-1.3.1] startup
[3.836s] [ext: omni.graph.nodes_core-2.10.3] startup
[3.840s] [ext: omni.graph.nodes-2.11.1] startup
[3.844s] [ext: omni.kit.hotkeys.core-1.3.12] startup
[3.845s] [ext: omni.kit.property.adapter.core-1.1.1] startup
[3.846s] [ext: omni.kit.property.adapter.usd-1.0.5] startup
[3.847s] [ext: omni.kit.widget.filter-1.1.5] startup
[3.848s] [ext: omni.kit.widget.highlight_label-1.0.3] startup
[3.849s] [ext: omni.kit.widget.searchfield-1.1.8] startup
[3.850s] [ext: omni.kit.window.file_exporter-1.0.36] startup
[3.850s] [ext: omni.kit.widget.stage-4.3.0] startup
[3.856s] [ext: omni.kit.window.content_browser_registry-0.0.6] startup
[3.857s] [ext: omni.kit.window.file-2.0.10] startup
[3.859s] [ext: omni.kit.window.content_browser-3.1.8] startup
[3.866s] [ext: omni.kit.window.property-1.15.1] startup
[3.873s] [ext: omni.kit.property.usd-4.8.1] startup
[3.880s] [ext: omni.graph.scriptnode-2.10.2] startup
[3.886s] [ext: omni.kit.widget.searchable_combobox-1.0.7] startup
[3.887s] [ext: omni.kit.widget.settings-2.0.0] startup
[3.889s] [ext: omni.kit.window.preferences-1.8.3] startup
[3.892s] [ext: omni.kit.viewport.menubar.core-107.2.2] startup
[3.900s] [ext: omni.syntheticdata-0.6.15] startup
[3.919s] [ext: omni.replicator.nv-1.1.1] startup
[3.923s] [ext: omni.videoencoding-0.2.1] startup
[3.924s] [ext: omni.replicator.core-1.13.25] startup
2026-09-13T12:10:19Z [3,906ms] [Warning] [pxr.Semantics] pxr.Semantics is deprecated - please use Semantics instead
2026-09-13T12:10:19Z [3,960ms] [Warning] [omni.replicator.core.scripts.extension] No material configuration file, adding configuration to material settings directly.
[4.090s] [ext: isaacsim.core.nodes-5.10.4] startup
[4.113s] [ext: isaacsim.core.throttling-2.3.3] startup
[4.114s] [ext: omni.kit.manipulator.viewport-107.0.1] startup
[4.115s] [ext: omni.graph.visualization.nodes-2.1.4] startup
[4.125s] [ext: omni.kit.window.extensions-1.5.7] startup
[4.129s] [ext: isaacsim.gui.components-1.8.4] startup
[4.132s] [ext: isaacsim.robot.surface_gripper-3.6.1] startup
[4.139s] [ext: isaacsim.robot.manipulators-3.4.4] startup
[4.147s] [ext: isaacsim.robot_motion.lula-4.1.2] startup
[4.152s] [ext: isaacsim.robot_motion.motion_generation-8.2.8] startup
[4.156s] [ext: isaacsim.cortex.framework-1.0.17] startup
[4.157s] [ext: isaacsim.cortex.behaviors-2.0.16] startup
[4.159s] [ext: isaacsim.examples.base-1.3.1] startup
[4.160s] [ext: omni.kit.widget.zoombar-1.0.7] startup
[4.160s] [ext: omni.kit.browser.core-2.3.18] startup
[4.163s] [ext: omni.kit.browser.folder.core-2.0.2] startup
[4.166s] [ext: omni.kit.widget.stage_icons-1.0.8] startup
[4.167s] [ext: omni.kit.window.stage-2.6.1] startup
[4.169s] [ext: omni.kit.menu.stage-1.2.7] startup
[4.170s] [ext: omni.kit.usd.collect-3.0.5] startup
[4.172s] [ext: omni.kit.widget.prompt-1.0.7] startup
[4.173s] [ext: omni.kit.tool.collect-2.2.19] startup
[4.174s] [ext: isaacsim.examples.browser-0.3.1] startup
[4.176s] [ext: omni.kit.search.files-1.0.4] startup
[4.176s] [ext: omni.kit.widget.calendar-1.0.9] startup
[4.177s] [ext: omni.kit.widget.extended_searchfield-1.0.31] startup
[4.183s] [ext: omni.simready.content.browser-0.3.7] startup
[4.245s] [ext: isaacsim.gui.content_browser-0.4.2] startup
[4.247s] [ext: omni.kit.selection-0.1.6] startup
[4.248s] [ext: isaacsim.gui.menu-2.10.5] startup
[4.254s] [ext: isaacsim.gui.property-1.6.2] startup
[4.258s] [ext: omni.kit.viewport.actions-107.0.2] startup
[4.261s] [ext: omni.kit.viewport.menubar.display-107.1.3] startup
[4.262s] [ext: isaacsim.gui.sensors.icon-2.2.0] startup
[4.264s] [ext: omni.behavior.scripting.core-110.1.0] startup
[4.266s] [ext: isaacsim.replicator.behavior-1.5.3] startup
[4.267s] [ext: isaacsim.replicator.experimental.domain_randomization-1.2.4] startup
[4.278s] [ext: isaacsim.replicator.domain_randomization-1.2.1] startup
[4.329s] [ext: isaacsim.replicator.writers-1.5.3] startup
[4.346s] [ext: isaacsim.robot.experimental.wheeled_robots-0.2.9] startup
[4.360s] [ext: isaacsim.robot.policy.examples-5.2.11] startup
[4.374s] [ext: isaacsim.robot.wheeled_robots-5.2.3] startup
[4.377s] [ext: isaacsim.robot.wheeled_robots.nodes-0.1.2] startup
[4.391s] [ext: isaacsim.robot_motion.experimental.motion_generation-6.1.2] startup
[4.398s] [ext: isaacsim.robot_motion.cumotion-1.3.0] startup
[4.407s] [ext: omni.kit.numpy.common-0.1.3] startup
[4.408s] [ext: isaacsim.sensors.camera-1.7.8] startup
[4.427s] [ext: isaacsim.sensors.experimental.physics-3.0.1] startup
[4.433s] [ext: omni.sensors.net-1.0.1] startup
[4.434s] [ext: omni.sensors.nv.common-3.0.0] startup
[4.443s] [ext: omni.sensors.nv.materials-2.0.0] startup
[4.445s] [ext: omni.sensors.nv.acoustic-3.0.0] startup
[4.447s] [ext: omni.sensors.nv.ids-2.0.1] startup
[4.448s] [ext: omni.sensors.nv.lidar-3.0.0] startup
[4.451s] [ext: omni.sensors.nv.radar-3.0.0] startup
[4.453s] [ext: isaacsim.sensors.experimental.rtx-1.4.3] startup
[4.613s] [ext: isaacsim.sensors.physics.nodes-1.5.2] startup
[4.618s] [ext: isaacsim.util.debug_draw-3.2.2] startup
[4.622s] [ext: isaacsim.sensors.physx-2.5.4] startup
[4.627s] [ext: isaacsim.sensors.rtx-15.17.0] startup
[4.635s] [ext: isaacsim.simulation_app-2.18.3] startup
[4.636s] [ext: omni.anim.curve.core-1.6.0] startup
[4.643s] [ext: omni.graph.ui_nodes-2.10.5] startup
[4.665s] [ext: omni.hydra.scene_api-0.1.3] startup
[4.671s] [ext: omni.kit.manipulator.camera-110.0.0] startup
[4.676s] [ext: omni.kit.manipulator.selector-1.1.4] startup
[4.678s] [ext: omni.kit.manipulator.transform-107.0.0] startup
[4.682s] [ext: omni.kit.widget.toolbar-2.1.0] startup
[4.686s] [ext: omni.kit.manipulator.tool.snap-1.5.14] startup
[4.689s] [ext: omni.kit.viewport.manipulator.transform-107.0.4] startup
[4.690s] [ext: omni.kit.manipulator.prim.core-108.0.2] startup
[4.694s] [ext: omni.kit.manipulator.prim.usd-107.0.3] startup
[4.695s] [ext: omni.kit.manipulator.prim-108.0.0] startup
[4.695s] [ext: omni.kit.manipulator.selection-109.0.1] startup
[4.696s] [ext: omni.kit.menu.create-2.0.2] startup
[4.697s] [ext: omni.kit.property.audio-1.0.16] startup
[4.699s] [ext: omni.kit.property.camera-1.0.14] startup
[4.700s] [ext: omni.kit.property.geometry-2.1.2] startup
[4.702s] [ext: omni.kit.property.light-1.0.14] startup
2026-09-13T12:10:19Z [4,698ms] [Warning] [omni.usd] Encountered USD Warnings but USD Diagnostics are currently muted. To view USD Warnings, please set the '/persistent/app/usd/muteUsdDiagnostics' setting to false in Preferences page.
[4.731s] [ext: omni.kit.property.material-1.14.2] startup
[4.735s] [ext: omni.kit.property.render-1.2.2] startup
[4.736s] [ext: omni.kit.property.transform-1.6.9] startup
[4.738s] [ext: omni.kit.property.bundle-1.5.1] startup
[4.739s] [ext: omni.kit.usdz_export-1.1.0] startup
[4.741s] [ext: omni.kit.tool.asset_importer-5.2.0] startup
[4.744s] [ext: omni.kit.ui.actions-1.0.5] startup
[4.745s] [ext: omni.kit.viewport.menubar.camera-107.0.10] startup
[4.748s] [ext: omni.kit.viewport.menubar.lighting-107.3.2] startup
[4.750s] [ext: omni.kit.viewport.menubar.render-107.0.10] startup
[4.752s] [ext: omni.kit.viewport.menubar.settings-110.0.1] startup
[4.754s] [ext: omni.kit.window.console-1.1.8] startup
[4.757s] [ext: omni.kit.window.status_bar-0.1.11] startup
[4.759s] [ext: omni.kit.window.toolbar-3.0.3] startup
[4.761s] [ext: omni.ocio-0.1.1] startup
[4.761s] [ext: omni.physx.commands-110.1.11] startup
[4.767s] [ext: omni.replicator.replicator_yaml-2.0.12] startup
[4.775s] [ext: omni.rtx.window.settings-0.8.0] startup
[4.778s] [ext: omni.rtx.settings.core-0.7.0] startup
[4.779s] [ext: omni.usd.metrics.assembler.ui-110.1.1] startup
[4.784s] [ext: semantics.schema.editor-2.0.2] startup
[4.786s] [ext: semantics.schema.property-2.0.1] startup
[4.787s] [ext: omni.kit.menu.common-2.0.2] startup
[4.788s] [ext: isaacsim.exp.base-6.0.0] startup
[4.788s] [ext: isaacsim.exp.base.python-6.0.0] startup
[4.789s] Simulation App Starting
[5.588s] Simulation App Startup Complete
[5.597s] app ready
Starting kit application with the following args:  ['/home/trs/env_isaaclab/lib/python3.12/site-packages/isaacsim/exts/isaacsim.simulation_app/isaacsim/simulation_app/simulation_app.py', '/home/trs/env_isaaclab/lib/python3.12/site-packages/isaacsim/apps/isaacsim.exp.base.python.kit', '--/app/tokens/exe-path=/home/trs/env_isaaclab/lib/python3.12/site-packages/isaacsim/kit', '--/persistent/app/viewport/displayOptions=3094', '--/rtx/materialDb/syncLoads=True', '--/rtx/hydra/materialSyncLoads=True', '--/omni.kit.plugin/syncUsdLoads=True', '--/app/renderer/resolution/width=1280', '--/app/renderer/resolution/height=720', '--/app/window/width=1440', '--/app/window/height=900', '--/renderer/multiGpu/enabled=True', '--/app/fastShutdown=True', '--/app/installSignalHandlers=0', '--ext-folder', '/home/trs/env_isaaclab/lib/python3.12/site-packages/isaacsim/exts', '--ext-folder', '/home/trs/env_isaaclab/lib/python3.12/site-packages/isaacsim/apps', '--/physics/cudaDevice=0', '--/plugins/carb.tasking.plugin/threadCount=32', '--/plugins/omni.tbb.globalcontrol/maxThreadCount=32', '--portable', '--no-window', '--/app/window/hideUi=1']
Passing the following args to the base kit application:  ['--duration', '1400']
Warp 1.13.0 initialized:
   CUDA Toolkit 12.9, Driver 13.2
   Devices:
     "cpu"      : "x86_64"
     "cuda:0"   : "NVIDIA RTX A6000" (47 GiB, sm_86, mempool enabled)
   Kernel cache:
     /home/trs/.cache/warp/1.13.0
### stage opened: /home/trs/kotek_ws/src/kotek_isaac_stage/usd/kotek_scout_piper_wall_demo.usd
[6.160s] [ext: isaacsim.sensors.rtx.nodes-0.1.0] startup
[6.167s] [ext: isaacsim.ros2.core-1.9.1] startup
[6.180s] Attempting to load system rclpy
[6.180s] Could not import system rclpy: No module named 'rclpy'
[6.180s] Attempting to load internal rclpy for ROS Distro: jazzy
[6.190s] rclpy loaded
[6.193s] [ext: isaacsim.ros2.nodes-1.18.11] startup
[6.233s] [ext: isaacsim.ros2.examples-1.2.3] startup
[6.237s] [ext: isaacsim.ros2.ui-1.6.4] startup
[6.396s] [ext: isaacsim.ros2.bridge-5.1.1] startup
2026-09-13T12:10:21Z [6,804ms] [Warning] [isaacsim.ros2.nodes] OgnROS2PublishTransformTree: using targetPrims for internal computation is deprecated. Connect OgnIsaacComputeTransformTree to inputs:parentFrames/childFrames/translations/orientations instead.
2026-09-13T12:10:21Z [6,804ms] [Error] [omni.physx.tensors.plugin] Failed to create simulation view: no active physics scene found
2026-09-13T12:10:21Z [6,804ms] [Error] [omni.graph.core.plugin] /World/kotek_wall_sensor_graph/ros2_publish_transform_tree: [/World/kotek_wall_sensor_graph] Failed to create simulation view - physics backend may not be initialized
### physics playing -- /clock and /isaac_joint_states are live; start the 45s warm-up now
### still playing, 1400s left
### kotek_magnet[tick=60] sensor1: d=0.4082m in_range=False f_mag=0.000N tau_mag=0.0000Nm misalign_deg=90.0 pos=[0.10880279 0.1090093  0.49140233] bottom_world=[0.10880296 0.10900929 0.47140233] quat=[ 9.2484176e-01 -2.0293912e-06 -3.8486596e-06  3.8035229e-01] speed=0.0006 ang_speed=0.0049 ang_vel_vec=[0.00448202 0.00189047 0.00039158] |com_force|=0.0000N
### kotek_magnet[tick=60] sensor2: d=0.3208m in_range=False f_mag=0.000N tau_mag=0.0000Nm misalign_deg=90.0 pos=[ 0.10902467 -0.10904666  0.49140108] bottom_world=[ 0.10902465 -0.10904649  0.47140108] quat=[ 9.2300087e-01  3.7843577e-06  2.1311657e-06 -3.8479796e-01] speed=0.0004 ang_speed=0.0023 ang_vel_vec=[-0.0016911  -0.00122399 -0.00091027] |com_force|=0.0000N
### kotek_magnet[tick=60] sensor3: d=0.5470m in_range=False f_mag=0.000N tau_mag=0.0000Nm misalign_deg=90.0 pos=[-0.10910747 -0.10914613  0.49140114] bottom_world=[-0.10910741 -0.10914599  0.47140114] quat=[-3.8058406e-01 -2.6324492e-06 -2.6273779e-06  9.2474633e-01] speed=0.0005 ang_speed=0.0023 ang_vel_vec=[-0.00091867  0.00195101 -0.0009245 ] |com_force|=0.0000N
### kotek_magnet[tick=60] sensor4: d=0.5249m in_range=False f_mag=0.000N tau_mag=0.0000Nm misalign_deg=90.0 pos=[-0.10900018  0.10899954  0.49140233] bottom_world=[-0.10900028  0.10899957  0.47140233] quat=[3.8268229e-01 2.6469561e-06 2.1679557e-07 9.2388010e-01] speed=0.0004 ang_speed=0.0034 ang_vel_vec=[ 0.00290578 -0.00177686 -0.00043088] |com_force|=0.0000N
### kotek_magnet[tick=120] sensor1: d=0.4082m in_range=False f_mag=0.000N tau_mag=0.0000Nm misalign_deg=90.0 pos=[0.10880256 0.10900908 0.4914024 ] bottom_world=[0.10880275 0.1090091  0.47140239] quat=[ 9.2484188e-01 -1.3549216e-06 -4.7550493e-06  3.8035187e-01] speed=0.0010 ang_speed=0.0024 ang_vel_vec=[-0.00194262  0.00011888  0.00137404] |com_force|=0.0000N
### kotek_magnet[tick=120] sensor2: d=0.3208m in_range=False f_mag=0.000N tau_mag=0.0000Nm misalign_deg=90.0 pos=[ 0.10902449 -0.10904672  0.491401  ] bottom_world=[ 0.1090246  -0.10904652  0.47140099] quat=[ 9.2300093e-01  5.6364875e-06 -5.2745366e-07 -3.8479799e-01] speed=0.0004 ang_speed=0.0030 ang_vel_vec=[-0.00239843  0.00185671 -0.00030084] |com_force|=0.0000N
### kotek_magnet[tick=120] sensor3: d=0.5470m in_range=False f_mag=0.000N tau_mag=0.0000Nm misalign_deg=90.0 pos=[-0.1091075  -0.10914591  0.49140096] bottom_world=[-0.10910742 -0.1091459   0.47140096] quat=[-3.8058385e-01 -2.0400319e-06  4.8969514e-07  9.2474645e-01] speed=0.0004 ang_speed=0.0029 ang_vel_vec=[ 0.00175139  0.00229395 -0.00030659] |com_force|=0.0000N
### kotek_magnet[tick=120] sensor4: d=0.5249m in_range=False f_mag=0.000N tau_mag=0.0000Nm misalign_deg=90.0 pos=[-0.10900009  0.10900014  0.49140233] bottom_world=[-0.10900031  0.109       0.47140233] quat=[3.8268185e-01 3.7584534e-06 5.3168492e-06 9.2388022e-01] speed=0.0010 ang_speed=0.0025 ang_vel_vec=[ 0.00156604 -0.00169831 -0.00084199] |com_force|=0.0000N
### kotek_magnet[tick=180] sensor1: d=0.4082m in_range=False f_mag=0.000N tau_mag=0.0000Nm misalign_deg=90.0 pos=[0.10880381 0.10900926 0.49140236] bottom_world=[0.10880372 0.10900939 0.47140236] quat=[9.2484158e-01 3.9447241e-06 8.9494779e-07 3.8035277e-01] speed=0.0006 ang_speed=0.0027 ang_vel_vec=[-0.00011122 -0.00245961 -0.00102552] |com_force|=0.0000N
### kotek_magnet[tick=180] sensor2: d=0.3208m in_range=False f_mag=0.000N tau_mag=0.0000Nm misalign_deg=90.0 pos=[ 0.10902469 -0.1090467   0.49140102] bottom_world=[ 0.10902467 -0.10904652  0.47140102] quat=[ 9.2300087e-01  3.9918477e-06  2.0770669e-06 -3.8479799e-01] speed=0.0005 ang_speed=0.0027 ang_vel_vec=[-0.00219353 -0.00125844 -0.00084593] |com_force|=0.0000N
### kotek_magnet[tick=180] sensor3: d=0.5470m in_range=False f_mag=0.000N tau_mag=0.0000Nm misalign_deg=90.0 pos=[-0.1091075  -0.10914611  0.49140102] bottom_world=[-0.10910744 -0.10914598  0.47140102] quat=[-3.8058406e-01 -2.7526983e-06 -2.4222672e-06  9.2474639e-01] speed=0.0005 ang_speed=0.0026 ang_vel_vec=[-0.00103446  0.0022488  -0.00083914] |com_force|=0.0000N
### kotek_magnet[tick=180] sensor4: d=0.5249m in_range=False f_mag=0.000N tau_mag=0.0000Nm misalign_deg=90.0 pos=[-0.10900026  0.10899845  0.49140233] bottom_world=[-0.10900016  0.10899876  0.47140233] quat=[ 3.8268286e-01  6.3634468e-07 -8.1468079e-06  9.2387980e-01] speed=0.0009 ang_speed=0.0019 ang_vel_vec=[-0.00030473 -0.00146022  0.00121709] |com_force|=0.0000N
2026-09-13T12:10:22Z [6,928ms] [Warning] [omni.physx.plugin] Detected a rigid at /World/scout_mini/Geometry/base_link/sensor_cam_1 with more than 4 velocity iterations being added to a TGS scene.The related behavior changed recently, please consult the changelog. This warning will only print once.
2026-09-13T12:10:22Z [6,928ms] [Warning] [omni.physx.plugin] PhysicsUSD: CreateJoint - found a joint with disjointed body transforms, the simulation will most likely snap objects together: /World/_scout_parking_brake
2026-09-13T12:10:22Z [6,931ms] [Warning] [omni.physx.plugin] Detected an articulation at /World/piper/Geometry/base_link with more than 4 velocity iterations being added to a TGS scene.The related behavior changed recently, please consult the changelog. This warning will only print once.
2026-09-13T12:10:22Z [6,966ms] [Warning] [isaacsim.ros2.nodes] [ROS2 Publish Joint State] Reading from targetPrim is deprecated. Connect an Isaac Read Joint State node and use its outputs instead.
2026-09-13T12:10:22Z [7,001ms] [Warning] [carb] Client omni.hydratexture.plugin has acquired [carb::settings::ISettings v1.1] 100 times. Consider accessing this interface with carb::getCachedInterface() (Performance warning)
2026-09-13T12:10:22Z [7,652ms] [Warning] [omni.rtx] DLSS increasing input dimensions: Render resolution of (320, 240) is below minimal input resolution of 300.
2026-09-13T12:10:23Z [7,945ms] [Warning] [omni.timeline.plugin] Deprecated: direct use of ITimeline callbacks is deprecated. Use ITimeline::getTimeline (Python: omni.timeline.get_timeline_interface) instead.
### kotek_magnet[tick=240] sensor1: d=0.4082m in_range=False f_mag=0.000N tau_mag=0.0000Nm misalign_deg=90.0 pos=[0.10880429 0.10900896 0.4914024 ] bottom_world=[0.10880402 0.10900932 0.47140239] quat=[9.2484152e-01 1.0799759e-05 2.8339573e-06 3.8035288e-01] speed=0.0010 ang_speed=0.0025 ang_vel_vec=[-0.00165541 -0.00168924 -0.00074784] |com_force|=0.0000N
### kotek_magnet[tick=240] sensor2: d=0.3208m in_range=False f_mag=0.000N tau_mag=0.0000Nm misalign_deg=90.0 pos=[ 0.10902468 -0.10904647  0.49140093] bottom_world=[ 0.10902464 -0.10904637  0.47140093] quat=[ 9.2300087e-01  1.7970312e-06  1.9131264e-06 -3.8479814e-01] speed=0.0001 ang_speed=0.0016 ang_vel_vec=[ 0.00095513 -0.00124878 -0.00024862] |com_force|=0.0000N
### kotek_magnet[tick=240] sensor3: d=0.5470m in_range=False f_mag=0.000N tau_mag=0.0000Nm misalign_deg=90.0 pos=[-0.10910726 -0.10914613  0.49140093] bottom_world=[-0.10910728 -0.10914597  0.47140093] quat=[-3.8058388e-01 -9.9328167e-07 -4.0001228e-06  9.2474651e-01] speed=0.0001 ang_speed=0.0011 ang_vel_vec=[-0.00091932 -0.0005959  -0.00025951] |com_force|=0.0000N
### kotek_magnet[tick=240] sensor4: d=0.5249m in_range=False f_mag=0.000N tau_mag=0.0000Nm misalign_deg=90.0 pos=[-0.10900023  0.10899844  0.49140236] bottom_world=[-0.10900012  0.10899876  0.47140236] quat=[ 3.8268289e-01  5.1690364e-07 -8.3064660e-06  9.2387974e-01] speed=0.0009 ang_speed=0.0017 ang_vel_vec=[-0.00055898 -0.00070829  0.00144617] |com_force|=0.0000N
### kotek_magnet[tick=300] sensor1: d=0.4082m in_range=False f_mag=0.000N tau_mag=0.0000Nm misalign_deg=90.0 pos=[0.10880426 0.10900898 0.49140233] bottom_world=[0.10880399 0.10900934 0.47140233] quat=[9.2484152e-01 1.0770785e-05 2.7855392e-06 3.8035297e-01] speed=0.0010 ang_speed=0.0028 ang_vel_vec=[-0.00193009 -0.00176193 -0.00091368] |com_force|=0.0000N
### kotek_magnet[tick=300] sensor2: d=0.3208m in_range=False f_mag=0.000N tau_mag=0.0000Nm misalign_deg=90.0 pos=[ 0.10902468 -0.10904644  0.49140093] bottom_world=[ 0.10902464 -0.10904634  0.47140093] quat=[ 9.2300087e-01  1.9344550e-06  1.8984608e-06 -3.8479814e-01] speed=0.0001 ang_speed=0.0013 ang_vel_vec=[ 0.00024136 -0.00123502 -0.0004283 ] |com_force|=0.0000N
### kotek_magnet[tick=300] sensor3: d=0.5470m in_range=False f_mag=0.000N tau_mag=0.0000Nm misalign_deg=90.0 pos=[-0.10910637 -0.10914617  0.49140102] bottom_world=[-0.10910657 -0.10914587  0.47140102] quat=[-3.8058332e-01  1.8432601e-06 -8.9516952e-06  9.2474663e-01] speed=0.0009 ang_speed=0.0024 ang_vel_vec=[-0.00220514  0.00071893  0.00069393] |com_force|=0.0000N
### kotek_magnet[tick=300] sensor4: d=0.5249m in_range=False f_mag=0.000N tau_mag=0.0000Nm misalign_deg=90.0 pos=[-0.10900041  0.10899869  0.49140236] bottom_world=[-0.10900027  0.10899898  0.47140236] quat=[ 3.8268244e-01 -4.6692509e-07 -8.0770133e-06  9.2387992e-01] speed=0.0006 ang_speed=0.0043 ang_vel_vec=[-0.00159533  0.00392525  0.00040771] |com_force|=0.0000N
### kotek_magnet[tick=360] sensor1: d=0.4082m in_range=False f_mag=0.000N tau_mag=0.0000Nm misalign_deg=90.0 pos=[0.10880427 0.10900897 0.49140233] bottom_world=[0.108804   0.10900933 0.47140233] quat=[9.2484146e-01 1.0857890e-05 2.7857548e-06 3.8035291e-01] speed=0.0010 ang_speed=0.0029 ang_vel_vec=[-0.00208816 -0.00180887 -0.00084198] |com_force|=0.0000N
### kotek_magnet[tick=360] sensor2: d=0.3208m in_range=False f_mag=0.000N tau_mag=0.0000Nm misalign_deg=90.0 pos=[ 0.10902447 -0.10904639  0.49140105] bottom_world=[ 0.10902454 -0.10904624  0.47140105] quat=[ 9.2300063e-01  4.2297288e-06  2.8837231e-08 -3.8479841e-01] speed=0.0002 ang_speed=0.0031 ang_vel_vec=[-0.00166416  0.00257849  0.00026908] |com_force|=0.0000N
### kotek_magnet[tick=360] sensor3: d=0.5470m in_range=False f_mag=0.000N tau_mag=0.0000Nm misalign_deg=90.0 pos=[-0.10910746 -0.10914612  0.4914011 ] bottom_world=[-0.1091074  -0.10914599  0.47140111] quat=[-3.8058397e-01 -2.7412830e-06 -2.4000201e-06  9.2474633e-01] speed=0.0005 ang_speed=0.0025 ang_vel_vec=[-0.00099188  0.00218538 -0.0006827 ] |com_force|=0.0000N
### kotek_magnet[tick=360] sensor4: d=0.5249m in_range=False f_mag=0.000N tau_mag=0.0000Nm misalign_deg=90.0 pos=[-0.10900024  0.10899843  0.49140236] bottom_world=[-0.10900015  0.10899873  0.47140236] quat=[ 3.8268289e-01  7.4490174e-07 -8.0223654e-06  9.2387980e-01] speed=0.0009 ang_speed=0.0024 ang_vel_vec=[-0.00010234 -0.00192245  0.00135485] |com_force|=0.0000N
### kotek_magnet[tick=420] sensor1: d=0.4082m in_range=False f_mag=0.000N tau_mag=0.0000Nm misalign_deg=90.0 pos=[0.10880379 0.10900929 0.4914024 ] bottom_world=[0.1088037  0.1090094  0.47140239] quat=[9.2484164e-01 3.4742070e-06 1.0488067e-06 3.8035265e-01] speed=0.0006 ang_speed=0.0027 ang_vel_vec=[ 0.00157288 -0.00195551 -0.00090649] |com_force|=0.0000N
### kotek_magnet[tick=420] sensor2: d=0.3208m in_range=False f_mag=0.000N tau_mag=0.0000Nm misalign_deg=90.0 pos=[ 0.10902446 -0.10904564  0.49140105] bottom_world=[ 0.10902436 -0.10904573  0.47140105] quat=[ 9.2300034e-01 -3.0889732e-06  1.4352929e-06 -3.8479903e-01] speed=0.0010 ang_speed=0.0023 ang_vel_vec=[0.0006334  0.0017126  0.00140486] |com_force|=0.0000N
### kotek_magnet[tick=420] sensor3: d=0.5470m in_range=False f_mag=0.000N tau_mag=0.0000Nm misalign_deg=90.0 pos=[-0.10910639 -0.1091461   0.4914011 ] bottom_world=[-0.1091066  -0.10914579  0.47140111] quat=[-3.8058311e-01  2.0093357e-06 -9.0609446e-06  9.2474681e-01] speed=0.0009 ang_speed=0.0023 ang_vel_vec=[-0.0020992   0.00060522  0.0007379 ] |com_force|=0.0000N
### kotek_magnet[tick=420] sensor4: d=0.5249m in_range=False f_mag=0.000N tau_mag=0.0000Nm misalign_deg=90.0 pos=[-0.10900022  0.10899851  0.49140233] bottom_world=[-0.10900011  0.10899882  0.47140233] quat=[ 3.8268310e-01  3.4596013e-07 -8.2354500e-06  9.2387974e-01] speed=0.0009 ang_speed=0.0015 ang_vel_vec=[-0.00065828 -0.00037708  0.00131265] |com_force|=0.0000N
### kotek_magnet[tick=480] sensor1: d=0.4082m in_range=False f_mag=0.000N tau_mag=0.0000Nm misalign_deg=90.0 pos=[0.1088042  0.10900889 0.49140236] bottom_world=[0.10880394 0.10900925 0.47140236] quat=[9.2484152e-01 1.0685934e-05 2.6167252e-06 3.8035256e-01] speed=0.0009 ang_speed=0.0040 ang_vel_vec=[-0.00255356 -0.00299469 -0.0004536 ] |com_force|=0.0000N
### kotek_magnet[tick=480] sensor2: d=0.3208m in_range=False f_mag=0.000N tau_mag=0.0000Nm misalign_deg=90.0 pos=[ 0.10902465 -0.10904644  0.49140108] bottom_world=[ 0.1090246  -0.10904635  0.47140108] quat=[ 9.2300069e-01  1.5867282e-06  1.9521228e-06 -3.8479844e-01] speed=0.0001 ang_speed=0.0014 ang_vel_vec=[ 0.00048992 -0.00126014 -0.00026601] |com_force|=0.0000N
### kotek_magnet[tick=480] sensor3: d=0.5470m in_range=False f_mag=0.000N tau_mag=0.0000Nm misalign_deg=90.0 pos=[-0.10910814 -0.10914575  0.4914011 ] bottom_world=[-0.10910788 -0.10914587  0.47140111] quat=[-3.8058403e-01 -4.9439500e-06  5.1597453e-06  9.2474639e-01] speed=0.0010 ang_speed=0.0024 ang_vel_vec=[ 0.00181707  0.00146246 -0.00068988] |com_force|=0.0000N
### kotek_magnet[tick=480] sensor4: d=0.5249m in_range=False f_mag=0.000N tau_mag=0.0000Nm misalign_deg=90.0 pos=[-0.10900022  0.1089985   0.49140227] bottom_world=[-0.10900011  0.10899881  0.47140227] quat=[ 3.8268292e-01  4.6447002e-07 -8.1360085e-06  9.2387974e-01] speed=0.0009 ang_speed=0.0018 ang_vel_vec=[-0.00045878 -0.00100199  0.00143543] |com_force|=0.0000N
### kotek_magnet[tick=540] sensor1: d=0.4082m in_range=False f_mag=0.000N tau_mag=0.0000Nm misalign_deg=90.0 pos=[0.10880381 0.10900925 0.49140233] bottom_world=[0.10880372 0.10900937 0.47140233] quat=[9.2484158e-01 3.4988334e-06 8.6579485e-07 3.8035253e-01] speed=0.0006 ang_speed=0.0026 ang_vel_vec=[ 0.00064248 -0.00235584 -0.00099893] |com_force|=0.0000N
### kotek_magnet[tick=540] sensor2: d=0.3208m in_range=False f_mag=0.000N tau_mag=0.0000Nm misalign_deg=90.0 pos=[ 0.10902449 -0.10904562  0.49140117] bottom_world=[ 0.10902437 -0.10904572  0.47140117] quat=[ 9.2300045e-01 -3.7226598e-06  1.9465670e-06 -3.8479903e-01] speed=0.0010 ang_speed=0.0019 ang_vel_vec=[0.00132025 0.00019434 0.00136529] |com_force|=0.0000N
### kotek_magnet[tick=540] sensor3: d=0.5470m in_range=False f_mag=0.000N tau_mag=0.0000Nm misalign_deg=90.0 pos=[-0.10910752 -0.10914607  0.49140105] bottom_world=[-0.10910746 -0.10914593  0.47140105] quat=[-3.8058367e-01 -2.5067852e-06 -2.6643768e-06  9.2474645e-01] speed=0.0005 ang_speed=0.0024 ang_vel_vec=[-0.00114039  0.00196321 -0.00077522] |com_force|=0.0000N
### kotek_magnet[tick=540] sensor4: d=0.5249m in_range=False f_mag=0.000N tau_mag=0.0000Nm misalign_deg=90.0 pos=[-0.10900021  0.1089985   0.49140236] bottom_world=[-0.1090001   0.10899881  0.47140236] quat=[ 3.8268307e-01  4.6260226e-07 -8.2506667e-06  9.2387974e-01] speed=0.0009 ang_speed=0.0017 ang_vel_vec=[-0.00054565 -0.00096708  0.00123748] |com_force|=0.0000N
### kotek_magnet[tick=600] sensor1: d=0.4082m in_range=False f_mag=0.000N tau_mag=0.0000Nm misalign_deg=90.0 pos=[0.10880428 0.10900895 0.49140245] bottom_world=[0.10880401 0.10900929 0.47140245] quat=[9.2484158e-01 1.0519730e-05 2.8822542e-06 3.8035282e-01] speed=0.0009 ang_speed=0.0030 ang_vel_vec=[-0.00186451 -0.00202104 -0.00116317] |com_force|=0.0000N
### kotek_magnet[tick=600] sensor2: d=0.3208m in_range=False f_mag=0.000N tau_mag=0.0000Nm misalign_deg=90.0 pos=[ 0.10902467 -0.10904671  0.4914011 ] bottom_world=[ 0.10902465 -0.10904654  0.47140111] quat=[ 9.2300081e-01  3.7055004e-06  1.9705303e-06 -3.8479808e-01] speed=0.0004 ang_speed=0.0022 ang_vel_vec=[-0.00173239 -0.00097629 -0.00103553] |com_force|=0.0000N
### kotek_magnet[tick=600] sensor3: d=0.5470m in_range=False f_mag=0.000N tau_mag=0.0000Nm misalign_deg=90.0 pos=[-0.10910725 -0.1091461   0.49140108] bottom_world=[-0.10910727 -0.10914594  0.47140108] quat=[-3.8058373e-01 -1.0052979e-06 -3.8250569e-06  9.2474645e-01] speed=0.0001 ang_speed=0.0007 ang_vel_vec=[-3.6945869e-04 -4.5260109e-05 -6.4526114e-04] |com_force|=0.0000N
### kotek_magnet[tick=600] sensor4: d=0.5249m in_range=False f_mag=0.000N tau_mag=0.0000Nm misalign_deg=90.0 pos=[-0.10900036  0.10899872  0.49140248] bottom_world=[-0.10900022  0.10899901  0.47140248] quat=[ 3.8268268e-01 -5.6288837e-07 -8.0655718e-06  9.2387986e-01] speed=0.0006 ang_speed=0.0047 ang_vel_vec=[-0.00155402  0.00439315  0.00016654] |com_force|=0.0000N
### kotek_magnet[tick=660] sensor1: d=0.4082m in_range=False f_mag=0.000N tau_mag=0.0000Nm misalign_deg=90.0 pos=[0.10880383 0.10900924 0.49140233] bottom_world=[0.10880373 0.10900937 0.47140233] quat=[9.2484164e-01 3.7527600e-06 1.0858295e-06 3.8035265e-01] speed=0.0006 ang_speed=0.0022 ang_vel_vec=[ 0.00099967 -0.00194049 -0.00042223] |com_force|=0.0000N
### kotek_magnet[tick=660] sensor2: d=0.3208m in_range=False f_mag=0.000N tau_mag=0.0000Nm misalign_deg=90.0 pos=[ 0.1090243  -0.10904739  0.4914011 ] bottom_world=[ 0.10902455 -0.10904701  0.47140111] quat=[ 9.2300093e-01  1.1183862e-05 -1.9577894e-06 -3.8479799e-01] speed=0.0010 ang_speed=0.0027 ang_vel_vec=[-0.00170901  0.00211169 -0.00035773] |com_force|=0.0000N
### kotek_magnet[tick=660] sensor3: d=0.5470m in_range=False f_mag=0.000N tau_mag=0.0000Nm misalign_deg=90.0 pos=[-0.10910647 -0.10914586  0.4914012 ] bottom_world=[-0.10910665 -0.10914567  0.4714012 ] quat=[-3.8058290e-01  2.3924454e-06 -6.2419194e-06  9.2474681e-01] speed=0.0009 ang_speed=0.0033 ang_vel_vec=[0.00268405 0.0001732  0.00191518] |com_force|=0.0000N
### kotek_magnet[tick=660] sensor4: d=0.5249m in_range=False f_mag=0.000N tau_mag=0.0000Nm misalign_deg=90.0 pos=[-0.1090002   0.10899852  0.49140236] bottom_world=[-0.10900008  0.10899884  0.47140236] quat=[ 3.8268310e-01  3.6210275e-07 -8.3301411e-06  9.2387968e-01] speed=0.0009 ang_speed=0.0020 ang_vel_vec=[-0.0007829  -0.0004046   0.00181257] |com_force|=0.0000N
### kotek_magnet[tick=720] sensor1: d=0.4082m in_range=False f_mag=0.000N tau_mag=0.0000Nm misalign_deg=90.0 pos=[0.1088043  0.10900896 0.4914023 ] bottom_world=[0.10880403 0.10900931 0.4714023 ] quat=[9.2484146e-01 1.0661262e-05 2.9574394e-06 3.8035282e-01] speed=0.0010 ang_speed=0.0028 ang_vel_vec=[-0.0019182  -0.00178616 -0.00090474] |com_force|=0.0000N
### kotek_magnet[tick=720] sensor2: d=0.3208m in_range=False f_mag=0.000N tau_mag=0.0000Nm misalign_deg=90.0 pos=[ 0.10902467 -0.1090467   0.4914012 ] bottom_world=[ 0.10902465 -0.10904653  0.4714012 ] quat=[ 9.2300081e-01  3.6276156e-06  2.0369205e-06 -3.8479805e-01] speed=0.0005 ang_speed=0.0026 ang_vel_vec=[-0.00202799 -0.00144368 -0.00080333] |com_force|=0.0000N
### kotek_magnet[tick=720] sensor3: d=0.5470m in_range=False f_mag=0.000N tau_mag=0.0000Nm misalign_deg=90.0 pos=[-0.10910725 -0.10914608  0.4914011 ] bottom_world=[-0.10910727 -0.10914592  0.47140111] quat=[-3.8058367e-01 -9.5518635e-07 -3.9861552e-06  9.2474651e-01] speed=0.0002 ang_speed=0.0018 ang_vel_vec=[-0.00158053 -0.00069644 -0.00042592] |com_force|=0.0000N
### kotek_magnet[tick=720] sensor4: d=0.5249m in_range=False f_mag=0.000N tau_mag=0.0000Nm misalign_deg=90.0 pos=[-0.10900038  0.10899872  0.49140236] bottom_world=[-0.10900023  0.10899901  0.47140236] quat=[ 3.8268268e-01 -6.0522359e-07 -8.1062371e-06  9.2387986e-01] speed=0.0006 ang_speed=0.0044 ang_vel_vec=[-0.00164903  0.00408285  0.00042736] |com_force|=0.0000N
### kotek_magnet[tick=780] sensor1: d=0.4082m in_range=False f_mag=0.000N tau_mag=0.0000Nm misalign_deg=90.0 pos=[0.10880431 0.10900897 0.49140236] bottom_world=[0.10880404 0.10900931 0.47140236] quat=[9.2484152e-01 1.0546161e-05 2.8979728e-06 3.8035280e-01] speed=0.0010 ang_speed=0.0027 ang_vel_vec=[-0.00183909 -0.00175197 -0.00080697] |com_force|=0.0000N
### kotek_magnet[tick=780] sensor2: d=0.3208m in_range=False f_mag=0.000N tau_mag=0.0000Nm misalign_deg=90.0 pos=[ 0.10902467 -0.10904587  0.49140114] bottom_world=[ 0.10902453 -0.10904593  0.47140114] quat=[ 9.2300063e-01 -2.8286256e-06  2.6340549e-06 -3.8479853e-01] speed=0.0006 ang_speed=0.0046 ang_vel_vec=[ 0.00199171 -0.00414799  0.0005712 ] |com_force|=0.0000N
### kotek_magnet[tick=780] sensor3: d=0.5470m in_range=False f_mag=0.000N tau_mag=0.0000Nm misalign_deg=90.0 pos=[-0.1091073  -0.10914578  0.49140102] bottom_world=[-0.10910727 -0.10914575  0.47140102] quat=[-3.8058341e-01 -9.3573084e-07 -5.5429052e-07  9.2474657e-01] speed=0.0003 ang_speed=0.0058 ang_vel_vec=[0.00509305 0.00278459 0.00044373] |com_force|=0.0000N
### kotek_magnet[tick=780] sensor4: d=0.5249m in_range=False f_mag=0.000N tau_mag=0.0000Nm misalign_deg=90.0 pos=[-0.10900021  0.10899848  0.49140227] bottom_world=[-0.10900011  0.10899879  0.47140227] quat=[ 3.8268307e-01  4.6840839e-07 -8.1949274e-06  9.2387968e-01] speed=0.0009 ang_speed=0.0018 ang_vel_vec=[-0.000528   -0.00096171  0.00138839] |com_force|=0.0000N
### kotek_magnet[tick=840] sensor1: d=0.4082m in_range=False f_mag=0.000N tau_mag=0.0000Nm misalign_deg=90.0 pos=[0.10880432 0.10900895 0.4914024 ] bottom_world=[0.10880405 0.10900929 0.47140239] quat=[9.2484146e-01 1.0503974e-05 2.9059438e-06 3.8035274e-01] speed=0.0010 ang_speed=0.0029 ang_vel_vec=[-0.00196022 -0.00181271 -0.00101941] |com_force|=0.0000N
### kotek_magnet[tick=840] sensor2: d=0.3208m in_range=False f_mag=0.000N tau_mag=0.0000Nm misalign_deg=90.0 pos=[ 0.10902472 -0.10904559  0.49140108] bottom_world=[ 0.10902452 -0.1090457   0.47140108] quat=[ 9.2300063e-01 -4.3452696e-06  3.5229934e-06 -3.8479871e-01] speed=0.0009 ang_speed=0.0029 ang_vel_vec=[-0.0003497  -0.00277157  0.00057089] |com_force|=0.0000N
### kotek_magnet[tick=840] sensor3: d=0.5470m in_range=False f_mag=0.000N tau_mag=0.0000Nm misalign_deg=90.0 pos=[-0.10910649 -0.10914589  0.49140108] bottom_world=[-0.10910667 -0.1091457   0.47140108] quat=[-3.8058314e-01  2.3816183e-06 -6.2233280e-06  9.2474681e-01] speed=0.0009 ang_speed=0.0029 ang_vel_vec=[0.00258194 0.00033197 0.00132739] |com_force|=0.0000N
### kotek_magnet[tick=840] sensor4: d=0.5249m in_range=False f_mag=0.000N tau_mag=0.0000Nm misalign_deg=90.0 pos=[-0.10900021  0.10899846  0.49140236] bottom_world=[-0.1090001   0.10899877  0.47140236] quat=[ 3.8268307e-01  5.0526029e-07 -8.1483595e-06  9.2387980e-01] speed=0.0009 ang_speed=0.0016 ang_vel_vec=[-0.00052289 -0.00102997  0.00116873] |com_force|=0.0000N
### kotek_magnet[tick=900] sensor1: d=0.4082m in_range=False f_mag=0.000N tau_mag=0.0000Nm misalign_deg=90.0 pos=[0.10880288 0.10900892 0.4914023 ] bottom_world=[0.10880294 0.1090091  0.4714023 ] quat=[ 9.2484188e-01  3.6962549e-06 -2.9843648e-06  3.8035193e-01] speed=0.0007 ang_speed=0.0049 ang_vel_vec=[-0.00414831 -0.00243009  0.00109898] |com_force|=0.0000N
### kotek_magnet[tick=900] sensor2: d=0.3208m in_range=False f_mag=0.000N tau_mag=0.0000Nm misalign_deg=90.0 pos=[ 0.10902447 -0.10904569  0.49140117] bottom_world=[ 0.10902437 -0.10904579  0.47140117] quat=[ 9.2300051e-01 -3.1970421e-06  1.5276103e-06 -3.8479897e-01] speed=0.0010 ang_speed=0.0024 ang_vel_vec=[0.00065665 0.00172114 0.00152571] |com_force|=0.0000N
### kotek_magnet[tick=900] sensor3: d=0.5470m in_range=False f_mag=0.000N tau_mag=0.0000Nm misalign_deg=90.0 pos=[-0.10910753 -0.1091461   0.49140114] bottom_world=[-0.10910749 -0.10914597  0.47140114] quat=[-3.8058382e-01 -2.2143836e-06 -2.6894936e-06  9.2474651e-01] speed=0.0005 ang_speed=0.0022 ang_vel_vec=[-0.00082144  0.00198937 -0.00063653] |com_force|=0.0000N
### kotek_magnet[tick=900] sensor4: d=0.5249m in_range=False f_mag=0.000N tau_mag=0.0000Nm misalign_deg=90.0 pos=[-0.10900021  0.10899847  0.49140242] bottom_world=[-0.10900008  0.10899879  0.47140242] quat=[ 3.8268307e-01  9.5651693e-08 -8.5937963e-06  9.2387968e-01] speed=0.0009 ang_speed=0.0019 ang_vel_vec=[-0.00112205  0.00044982  0.00144014] |com_force|=0.0000N
### kotek_magnet[tick=960] sensor1: d=0.4082m in_range=False f_mag=0.000N tau_mag=0.0000Nm misalign_deg=90.0 pos=[0.10880259 0.10900905 0.49140248] bottom_world=[0.10880278 0.10900908 0.47140248] quat=[ 9.2484200e-01 -1.0187299e-06 -4.6952659e-06  3.8035172e-01] speed=0.0010 ang_speed=0.0032 ang_vel_vec=[-0.00281931 -0.00037906  0.00152722] |com_force|=0.0000N
### kotek_magnet[tick=960] sensor2: d=0.3208m in_range=False f_mag=0.000N tau_mag=0.0000Nm misalign_deg=90.0 pos=[ 0.10902449 -0.10904563  0.49140114] bottom_world=[ 0.10902438 -0.10904572  0.47140114] quat=[ 9.2300057e-01 -3.1268262e-06  1.7409659e-06 -3.8479877e-01] speed=0.0010 ang_speed=0.0020 ang_vel_vec=[0.00078399 0.00106033 0.00152719] |com_force|=0.0000N
### kotek_magnet[tick=960] sensor3: d=0.5470m in_range=False f_mag=0.000N tau_mag=0.0000Nm misalign_deg=90.0 pos=[-0.10910815 -0.1091458   0.49140117] bottom_world=[-0.10910788 -0.10914591  0.47140117] quat=[-3.8058403e-01 -5.1297898e-06  5.2509354e-06  9.2474639e-01] speed=0.0010 ang_speed=0.0025 ang_vel_vec=[ 0.00181251  0.0015546  -0.00068914] |com_force|=0.0000N
### kotek_magnet[tick=960] sensor4: d=0.5249m in_range=False f_mag=0.000N tau_mag=0.0000Nm misalign_deg=90.0 pos=[-0.10900021  0.10899848  0.49140242] bottom_world=[-0.10900012  0.10899879  0.47140242] quat=[ 3.8268304e-01  6.7257059e-07 -8.0548334e-06  9.2387974e-01] speed=0.0009 ang_speed=0.0022 ang_vel_vec=[-0.00013338 -0.00169745  0.00141834] |com_force|=0.0000N
### kotek_magnet[tick=1020] sensor1: d=0.4082m in_range=False f_mag=0.000N tau_mag=0.0000Nm misalign_deg=90.0 pos=[0.10880259 0.10900906 0.49140233] bottom_world=[0.10880278 0.10900908 0.47140233] quat=[ 9.2484194e-01 -1.3260607e-06 -4.7017734e-06  3.8035154e-01] speed=0.0010 ang_speed=0.0026 ang_vel_vec=[-0.00214951 -0.00011756  0.00142921] |com_force|=0.0000N
### kotek_magnet[tick=1020] sensor2: d=0.3208m in_range=False f_mag=0.000N tau_mag=0.0000Nm misalign_deg=90.0 pos=[ 0.10902463 -0.10904589  0.49140114] bottom_world=[ 0.10902449 -0.10904595  0.47140114] quat=[ 9.2300057e-01 -2.7174199e-06  2.5963520e-06 -3.8479871e-01] speed=0.0006 ang_speed=0.0047 ang_vel_vec=[ 0.0020088  -0.00425727  0.00050317] |com_force|=0.0000N
### kotek_magnet[tick=1020] sensor3: d=0.5470m in_range=False f_mag=0.000N tau_mag=0.0000Nm misalign_deg=90.0 pos=[-0.10910814 -0.10914578  0.49140105] bottom_world=[-0.10910788 -0.10914589  0.47140105] quat=[-3.8058400e-01 -4.9719342e-06  5.0825429e-06  9.2474639e-01] speed=0.0010 ang_speed=0.0027 ang_vel_vec=[ 0.00194693  0.00169925 -0.00080089] |com_force|=0.0000N
### kotek_magnet[tick=1020] sensor4: d=0.5249m in_range=False f_mag=0.000N tau_mag=0.0000Nm misalign_deg=90.0 pos=[-0.10900018  0.10899848  0.49140236] bottom_world=[-0.10900008  0.10899879  0.47140236] quat=[ 3.8268310e-01  5.1297496e-07 -8.2173774e-06  9.2387968e-01] speed=0.0009 ang_speed=0.0017 ang_vel_vec=[-0.00056805 -0.00089344  0.00133558] |com_force|=0.0000N
### kotek_magnet[tick=1080] sensor1: d=0.4082m in_range=False f_mag=0.000N tau_mag=0.0000Nm misalign_deg=90.0 pos=[0.10880256 0.10900909 0.49140224] bottom_world=[0.10880275 0.10900911 0.47140224] quat=[ 9.2484188e-01 -1.3800061e-06 -4.6906771e-06  3.8035169e-01] speed=0.0010 ang_speed=0.0030 ang_vel_vec=[-0.00262083 -0.00026914  0.00141733] |com_force|=0.0000N
### kotek_magnet[tick=1080] sensor2: d=0.3208m in_range=False f_mag=0.000N tau_mag=0.0000Nm misalign_deg=90.0 pos=[ 0.10902447 -0.10904562  0.4914011 ] bottom_world=[ 0.10902438 -0.1090457   0.47140111] quat=[ 9.2300045e-01 -2.8023110e-06  1.4303887e-06 -3.8479906e-01] speed=0.0010 ang_speed=0.0023 ang_vel_vec=[0.00026974 0.00176774 0.00143511] |com_force|=0.0000N
### kotek_magnet[tick=1080] sensor3: d=0.5470m in_range=False f_mag=0.000N tau_mag=0.0000Nm misalign_deg=90.0 pos=[-0.10910723 -0.10914608  0.49140096] bottom_world=[-0.10910725 -0.10914592  0.47140096] quat=[-3.8058370e-01 -9.1491893e-07 -4.0333025e-06  9.2474651e-01] speed=0.0001 ang_speed=0.0013 ang_vel_vec=[-0.00114219 -0.00056846 -0.00028087] |com_force|=0.0000N
### kotek_magnet[tick=1080] sensor4: d=0.5249m in_range=False f_mag=0.000N tau_mag=0.0000Nm misalign_deg=90.0 pos=[-0.10900012  0.10899931  0.4914022 ] bottom_world=[-0.10900019  0.1089994   0.47140221] quat=[ 3.8268274e-01  2.3289949e-06 -1.5530857e-06  9.2387986e-01] speed=0.0002 ang_speed=0.0052 ang_vel_vec=[ 0.00248219 -0.00457109  0.0003149 ] |com_force|=0.0000N
### kotek_magnet[tick=1140] sensor1: d=0.4082m in_range=False f_mag=0.000N tau_mag=0.0000Nm misalign_deg=90.0 pos=[0.10880259 0.10900912 0.49140233] bottom_world=[0.10880278 0.10900914 0.47140233] quat=[ 9.2484194e-01 -1.3115734e-06 -4.6946120e-06  3.8035187e-01] speed=0.0010 ang_speed=0.0029 ang_vel_vec=[-0.00246157 -0.00015698  0.00159233] |com_force|=0.0000N
### kotek_magnet[tick=1140] sensor2: d=0.3208m in_range=False f_mag=0.000N tau_mag=0.0000Nm misalign_deg=90.0 pos=[ 0.10902433 -0.10904732  0.49140108] bottom_world=[ 0.10902456 -0.10904695  0.47140108] quat=[ 9.2300087e-01  1.0849832e-05 -1.6962572e-06 -3.8479787e-01] speed=0.0010 ang_speed=0.0025 ang_vel_vec=[-0.00152478  0.0018305  -0.00062255] |com_force|=0.0000N
### kotek_magnet[tick=1140] sensor3: d=0.5470m in_range=False f_mag=0.000N tau_mag=0.0000Nm misalign_deg=90.0 pos=[-0.10910729 -0.10914605  0.49140102] bottom_world=[-0.1091073  -0.1091459   0.47140102] quat=[-3.8058361e-01 -1.0506870e-06 -3.7020232e-06  9.2474645e-01] speed=0.0001 ang_speed=0.0007 ang_vel_vec=[-0.00067623  0.00010387 -0.00020984] |com_force|=0.0000N
### kotek_magnet[tick=1140] sensor4: d=0.5249m in_range=False f_mag=0.000N tau_mag=0.0000Nm misalign_deg=90.0 pos=[-0.10900022  0.10899848  0.4914023 ] bottom_world=[-0.1090001  0.1089988  0.4714023] quat=[ 3.8268304e-01  3.5846026e-07 -8.4986914e-06  9.2387980e-01] speed=0.0009 ang_speed=0.0018 ang_vel_vec=[-0.0006385  -0.00086466  0.00149324] |com_force|=0.0000N
### kotek_magnet[tick=1200] sensor1: d=0.4082m in_range=False f_mag=0.000N tau_mag=0.0000Nm misalign_deg=90.0 pos=[0.10880255 0.10900911 0.4914024 ] bottom_world=[0.10880277 0.1090091  0.47140239] quat=[ 9.2484200e-01 -2.2921470e-06 -4.9007858e-06  3.8035166e-01] speed=0.0010 ang_speed=0.0018 ang_vel_vec=[-0.00080064  0.00065929  0.00141289] |com_force|=0.0000N
### kotek_magnet[tick=1200] sensor2: d=0.3208m in_range=False f_mag=0.000N tau_mag=0.0000Nm misalign_deg=90.0 pos=[ 0.10902434 -0.10904735  0.49140114] bottom_world=[ 0.10902456 -0.10904699  0.47140114] quat=[ 9.2300087e-01  1.0666438e-05 -1.6804725e-06 -3.8479793e-01] speed=0.0010 ang_speed=0.0027 ang_vel_vec=[-0.00159042  0.00197613 -0.00084644] |com_force|=0.0000N
### kotek_magnet[tick=1200] sensor3: d=0.5470m in_range=False f_mag=0.000N tau_mag=0.0000Nm misalign_deg=90.0 pos=[-0.10910648 -0.10914587  0.49140114] bottom_world=[-0.10910667 -0.10914567  0.47140114] quat=[-3.8058305e-01  2.5284271e-06 -6.5175118e-06  9.2474675e-01] speed=0.0009 ang_speed=0.0028 ang_vel_vec=[2.3927502e-03 8.3519517e-05 1.4316293e-03] |com_force|=0.0000N
### kotek_magnet[tick=1200] sensor4: d=0.5249m in_range=False f_mag=0.000N tau_mag=0.0000Nm misalign_deg=90.0 pos=[-0.10899989  0.10900027  0.49140224] bottom_world=[-0.10900018  0.10900011  0.47140224] quat=[3.8268238e-01 5.1554257e-06 6.5636373e-06 9.2387998e-01] speed=0.0013 ang_speed=0.0143 ang_vel_vec=[ 0.00738429 -0.0122406  -0.00032342] |com_force|=0.0000N
### kotek_magnet[tick=1260] sensor1: d=0.4082m in_range=False f_mag=0.000N tau_mag=0.0000Nm misalign_deg=90.0 pos=[0.10880258 0.10900908 0.4914024 ] bottom_world=[0.10880278 0.10900909 0.47140239] quat=[ 9.2484200e-01 -1.5100076e-06 -4.6740242e-06  3.8035163e-01] speed=0.0010 ang_speed=0.0022 ang_vel_vec=[-0.00162721  0.00014362  0.00146429] |com_force|=0.0000N
### kotek_magnet[tick=1260] sensor2: d=0.3208m in_range=False f_mag=0.000N tau_mag=0.0000Nm misalign_deg=90.0 pos=[ 0.10902464 -0.10904645  0.49140105] bottom_world=[ 0.1090246  -0.10904637  0.47140105] quat=[ 9.2300069e-01  1.5690727e-06  1.7692828e-06 -3.8479835e-01] speed=0.0001 ang_speed=0.0016 ang_vel_vec=[ 0.00106453 -0.00118385 -0.00034462] |com_force|=0.0000N
### kotek_magnet[tick=1260] sensor3: d=0.5470m in_range=False f_mag=0.000N tau_mag=0.0000Nm misalign_deg=90.0 pos=[-0.10910749 -0.10914606  0.4914011 ] bottom_world=[-0.10910744 -0.10914594  0.47140111] quat=[-3.8058391e-01 -2.3890639e-06 -2.3290420e-06  9.2474651e-01] speed=0.0005 ang_speed=0.0023 ang_vel_vec=[-0.00054092  0.00207773 -0.00072123] |com_force|=0.0000N
### kotek_magnet[tick=1260] sensor4: d=0.5249m in_range=False f_mag=0.000N tau_mag=0.0000Nm misalign_deg=90.0 pos=[-0.10900019  0.10899849  0.49140236] bottom_world=[-0.10900008  0.1089988   0.47140236] quat=[ 3.8268310e-01  3.9209868e-07 -8.2148072e-06  9.2387974e-01] speed=0.0009 ang_speed=0.0016 ang_vel_vec=[-0.00069547 -0.00048084  0.00135691] |com_force|=0.0000N
### kotek_magnet[tick=1320] sensor1: d=0.4082m in_range=False f_mag=0.000N tau_mag=0.0000Nm misalign_deg=90.0 pos=[0.10880258 0.10900909 0.49140233] bottom_world=[0.10880277 0.10900911 0.47140233] quat=[ 9.2484194e-01 -1.4154596e-06 -4.6195732e-06  3.8035163e-01] speed=0.0010 ang_speed=0.0025 ang_vel_vec=[-0.00185764  0.00011238  0.00168668] |com_force|=0.0000N
### kotek_magnet[tick=1320] sensor2: d=0.3208m in_range=False f_mag=0.000N tau_mag=0.0000Nm misalign_deg=90.0 pos=[ 0.10902448 -0.10904562  0.4914011 ] bottom_world=[ 0.10902438 -0.10904571  0.47140111] quat=[ 9.2300040e-01 -2.9713426e-06  1.4034130e-06 -3.8479897e-01] speed=0.0010 ang_speed=0.0026 ang_vel_vec=[0.00033129 0.00196925 0.0016793 ] |com_force|=0.0000N
### kotek_magnet[tick=1320] sensor3: d=0.5470m in_range=False f_mag=0.000N tau_mag=0.0000Nm misalign_deg=90.0 pos=[-0.10910641 -0.10914587  0.49140117] bottom_world=[-0.10910661 -0.10914566  0.47140117] quat=[-3.8058296e-01  2.6885066e-06 -6.9462649e-06  9.2474681e-01] speed=0.0010 ang_speed=0.0025 ang_vel_vec=[ 0.00172751 -0.00038072  0.00174043] |com_force|=0.0000N
### kotek_magnet[tick=1320] sensor4: d=0.5249m in_range=False f_mag=0.000N tau_mag=0.0000Nm misalign_deg=90.0 pos=[-0.10900035  0.10899936  0.4914022 ] bottom_world=[-0.1090003   0.10899949  0.47140221] quat=[ 3.8268244e-01  2.3660675e-07 -3.3988772e-06  9.2388004e-01] speed=0.0002 ang_speed=0.0009 ang_vel_vec=[ 3.8553197e-05  8.6800719e-04 -1.5101259e-04] |com_force|=0.0000N
### kotek_magnet[tick=1380] sensor1: d=0.4082m in_range=False f_mag=0.000N tau_mag=0.0000Nm misalign_deg=90.0 pos=[0.10880282 0.10900926 0.49140233] bottom_world=[0.10880299 0.10900923 0.47140233] quat=[ 9.2484182e-01 -2.3367684e-06 -3.7278492e-06  3.8035208e-01] speed=0.0006 ang_speed=0.0047 ang_vel_vec=[0.00424823 0.00183079 0.00058842] |com_force|=0.0000N
### kotek_magnet[tick=1380] sensor2: d=0.3208m in_range=False f_mag=0.000N tau_mag=0.0000Nm misalign_deg=90.0 pos=[ 0.1090247  -0.10904557  0.49140108] bottom_world=[ 0.10902449 -0.10904568  0.47140108] quat=[ 9.2300051e-01 -4.5813599e-06  3.5761107e-06 -3.8479879e-01] speed=0.0009 ang_speed=0.0031 ang_vel_vec=[-0.00016373 -0.00297519  0.00075121] |com_force|=0.0000N
### kotek_magnet[tick=1380] sensor3: d=0.5470m in_range=False f_mag=0.000N tau_mag=0.0000Nm misalign_deg=90.0 pos=[-0.10910728 -0.10914604  0.49140108] bottom_world=[-0.1091073  -0.10914589  0.47140108] quat=[-3.8058376e-01 -9.1769698e-07 -3.7800933e-06  9.2474657e-01] speed=0.0001 ang_speed=0.0012 ang_vel_vec=[-0.00100333 -0.00053039 -0.00034047] |com_force|=0.0000N
### kotek_magnet[tick=1380] sensor4: d=0.5249m in_range=False f_mag=0.000N tau_mag=0.0000Nm misalign_deg=90.0 pos=[-0.10900038  0.10899875  0.4914023 ] bottom_world=[-0.10900023  0.10899904  0.4714023 ] quat=[ 3.8268265e-01 -7.0999920e-07 -8.1399703e-06  9.2387992e-01] speed=0.0006 ang_speed=0.0048 ang_vel_vec=[-0.00176337  0.0044661   0.0004849 ] |com_force|=0.0000N
### kotek_magnet[tick=1440] sensor1: d=0.4082m in_range=False f_mag=0.000N tau_mag=0.0000Nm misalign_deg=90.0 pos=[0.1088044  0.10900877 0.49140236] bottom_world=[0.1088041  0.10900921 0.47140236] quat=[9.2484158e-01 1.2940436e-05 2.6978548e-06 3.8035247e-01] speed=0.0013 ang_speed=0.0165 ang_vel_vec=[-0.01417492 -0.00839077 -0.00037535] |com_force|=0.0000N
### kotek_magnet[tick=1440] sensor2: d=0.3208m in_range=False f_mag=0.000N tau_mag=0.0000Nm misalign_deg=90.0 pos=[ 0.10902467 -0.1090456   0.49140108] bottom_world=[ 0.10902447 -0.10904571  0.47140108] quat=[ 9.2300057e-01 -4.4984886e-06  3.6333265e-06 -3.8479879e-01] speed=0.0009 ang_speed=0.0030 ang_vel_vec=[-0.00022355 -0.00290859  0.00081476] |com_force|=0.0000N
### kotek_magnet[tick=1440] sensor3: d=0.5470m in_range=False f_mag=0.000N tau_mag=0.0000Nm misalign_deg=90.0 pos=[-0.1091075  -0.10914606  0.49140114] bottom_world=[-0.10910745 -0.10914593  0.47140114] quat=[-3.8058379e-01 -2.4948295e-06 -2.5766890e-06  9.2474645e-01] speed=0.0005 ang_speed=0.0023 ang_vel_vec=[-0.00118481  0.00188577 -0.00063927] |com_force|=0.0000N
### kotek_magnet[tick=1440] sensor4: d=0.5249m in_range=False f_mag=0.000N tau_mag=0.0000Nm misalign_deg=90.0 pos=[-0.10900022  0.10899851  0.49140233] bottom_world=[-0.10900011  0.10899882  0.47140233] quat=[ 3.826831e-01  5.150307e-07 -8.165719e-06  9.238797e-01] speed=0.0009 ang_speed=0.0019 ang_vel_vec=[-0.00039517 -0.00120479  0.00141825] |com_force|=0.0000N
### kotek_magnet[tick=1500] sensor1: d=0.4082m in_range=False f_mag=0.000N tau_mag=0.0000Nm misalign_deg=90.0 pos=[0.10880437 0.10900877 0.49140233] bottom_world=[0.10880409 0.1090092  0.47140233] quat=[9.2484158e-01 1.2596264e-05 2.6333728e-06 3.8035250e-01] speed=0.0013 ang_speed=0.0155 ang_vel_vec=[-0.01336055 -0.00784264 -0.00036646] |com_force|=0.0000N
### kotek_magnet[tick=1500] sensor2: d=0.3208m in_range=False f_mag=0.000N tau_mag=0.0000Nm misalign_deg=90.0 pos=[ 0.10902464 -0.10904645  0.49140105] bottom_world=[ 0.10902459 -0.10904636  0.47140105] quat=[ 9.2300075e-01  1.5689599e-06  1.9863542e-06 -3.8479826e-01] speed=0.0001 ang_speed=0.0018 ang_vel_vec=[ 0.00057693 -0.00171832 -0.0003214 ] |com_force|=0.0000N
### kotek_magnet[tick=1500] sensor3: d=0.5470m in_range=False f_mag=0.000N tau_mag=0.0000Nm misalign_deg=90.0 pos=[-0.1091075  -0.10914603  0.4914011 ] bottom_world=[-0.10910745 -0.1091459   0.47140111] quat=[-3.8058382e-01 -2.4762912e-06 -2.5170382e-06  9.2474639e-01] speed=0.0005 ang_speed=0.0025 ang_vel_vec=[-0.00133165  0.00204924 -0.00069875] |com_force|=0.0000N
### kotek_magnet[tick=1500] sensor4: d=0.5249m in_range=False f_mag=0.000N tau_mag=0.0000Nm misalign_deg=90.0 pos=[-0.10900021  0.10899851  0.49140227] bottom_world=[-0.1090001   0.10899882  0.47140227] quat=[ 3.8268301e-01  4.2763330e-07 -8.2107081e-06  9.2387974e-01] speed=0.0009 ang_speed=0.0017 ang_vel_vec=[-0.00061897 -0.00074365  0.00139406] |com_force|=0.0000N
### kotek_magnet[tick=1560] sensor1: d=0.4082m in_range=False f_mag=0.000N tau_mag=0.0000Nm misalign_deg=90.0 pos=[0.1088043  0.10900895 0.4914023 ] bottom_world=[0.10880403 0.1090093  0.4714023 ] quat=[9.2484152e-01 1.0511126e-05 2.9325313e-06 3.8035282e-01] speed=0.0010 ang_speed=0.0027 ang_vel_vec=[-0.0017922  -0.00175417 -0.00102101] |com_force|=0.0000N
### kotek_magnet[tick=1560] sensor2: d=0.3208m in_range=False f_mag=0.000N tau_mag=0.0000Nm misalign_deg=90.0 pos=[ 0.10902463 -0.10904672  0.49140114] bottom_world=[ 0.10902462 -0.10904655  0.47140114] quat=[ 9.2300081e-01  3.8594703e-06  1.9241688e-06 -3.8479808e-01] speed=0.0005 ang_speed=0.0024 ang_vel_vec=[-0.00217505 -0.00061572 -0.00089577] |com_force|=0.0000N
### kotek_magnet[tick=1560] sensor3: d=0.5470m in_range=False f_mag=0.000N tau_mag=0.0000Nm misalign_deg=90.0 pos=[-0.10910817 -0.10914579  0.49140117] bottom_world=[-0.10910791 -0.10914591  0.47140117] quat=[-3.8058406e-01 -4.9140062e-06  5.2229047e-06  9.2474639e-01] speed=0.0010 ang_speed=0.0027 ang_vel_vec=[ 0.00196667  0.00156512 -0.0009553 ] |com_force|=0.0000N
### kotek_magnet[tick=1560] sensor4: d=0.5249m in_range=False f_mag=0.000N tau_mag=0.0000Nm misalign_deg=90.0 pos=[-0.10900024  0.10899851  0.49140227] bottom_world=[-0.10900013  0.10899882  0.47140227] quat=[ 3.826829e-01  5.081984e-07 -8.146733e-06  9.238798e-01] speed=0.0009 ang_speed=0.0016 ang_vel_vec=[-0.00041452 -0.00100346  0.00118201] |com_force|=0.0000N
### kotek_magnet[tick=1620] sensor1: d=0.4082m in_range=False f_mag=0.000N tau_mag=0.0000Nm misalign_deg=90.0 pos=[0.10880377 0.10900928 0.49140233] bottom_world=[0.10880368 0.1090094  0.47140233] quat=[9.2484152e-01 3.7012778e-06 9.6610552e-07 3.8035268e-01] speed=0.0006 ang_speed=0.0025 ang_vel_vec=[ 0.00046419 -0.00225504 -0.00098149] |com_force|=0.0000N
### kotek_magnet[tick=1620] sensor2: d=0.3208m in_range=False f_mag=0.000N tau_mag=0.0000Nm misalign_deg=90.0 pos=[ 0.10902461 -0.10904672  0.49140108] bottom_world=[ 0.10902459 -0.10904656  0.47140108] quat=[ 9.2300081e-01  3.6497943e-06  1.9223608e-06 -3.8479811e-01] speed=0.0004 ang_speed=0.0024 ang_vel_vec=[-0.00200813 -0.00099923 -0.00081246] |com_force|=0.0000N
### kotek_magnet[tick=1620] sensor3: d=0.5470m in_range=False f_mag=0.000N tau_mag=0.0000Nm misalign_deg=90.0 pos=[-0.10910752 -0.10914605  0.49140105] bottom_world=[-0.10910746 -0.10914592  0.47140105] quat=[-3.8058394e-01 -2.4432391e-06 -2.4065539e-06  9.2474639e-01] speed=0.0005 ang_speed=0.0024 ang_vel_vec=[-0.0009822   0.002021   -0.00080902] |com_force|=0.0000N
### kotek_magnet[tick=1620] sensor4: d=0.5249m in_range=False f_mag=0.000N tau_mag=0.0000Nm misalign_deg=90.0 pos=[-0.10900035  0.10899931  0.4914022 ] bottom_world=[-0.1090003   0.10899945  0.47140221] quat=[ 3.8268247e-01  2.4798999e-07 -3.5847156e-06  9.2388004e-01] speed=0.0002 ang_speed=0.0014 ang_vel_vec=[-0.00036526  0.00122898 -0.00046202] |com_force|=0.0000N
### kotek_magnet[tick=1680] sensor1: d=0.4082m in_range=False f_mag=0.000N tau_mag=0.0000Nm misalign_deg=90.0 pos=[0.10880381 0.10900925 0.49140242] bottom_world=[0.10880372 0.10900937 0.47140242] quat=[9.2484158e-01 3.4875175e-06 8.9269037e-07 3.8035265e-01] speed=0.0006 ang_speed=0.0025 ang_vel_vec=[ 0.0012575  -0.00197386 -0.00075765] |com_force|=0.0000N
### kotek_magnet[tick=1680] sensor2: d=0.3208m in_range=False f_mag=0.000N tau_mag=0.0000Nm misalign_deg=90.0 pos=[ 0.10902472 -0.10904561  0.49140105] bottom_world=[ 0.10902452 -0.10904572  0.47140105] quat=[ 9.2300051e-01 -4.4818153e-06  3.6337349e-06 -3.8479891e-01] speed=0.0009 ang_speed=0.0031 ang_vel_vec=[-6.1329854e-05 -3.0120148e-03  8.8661403e-04] |com_force|=0.0000N
### kotek_magnet[tick=1680] sensor3: d=0.5470m in_range=False f_mag=0.000N tau_mag=0.0000Nm misalign_deg=90.0 pos=[-0.10910755 -0.10914586  0.49140105] bottom_world=[-0.10910747 -0.10914585  0.47140105] quat=[-3.8058367e-01 -2.0224131e-06  4.8099355e-07  9.2474651e-01] speed=0.0004 ang_speed=0.0025 ang_vel_vec=[ 1.6084884e-03  1.9722742e-03 -8.0645324e-05] |com_force|=0.0000N
### kotek_magnet[tick=1680] sensor4: d=0.5249m in_range=False f_mag=0.000N tau_mag=0.0000Nm misalign_deg=90.0 pos=[-0.10900036  0.10899928  0.49140227] bottom_world=[-0.10900031  0.10899943  0.47140227] quat=[ 3.8268238e-01  1.1876435e-07 -3.8625985e-06  9.2387998e-01] speed=0.0002 ang_speed=0.0021 ang_vel_vec=[-0.00086253  0.00189718 -0.00023492] |com_force|=0.0000N
### still playing, 1370s left
### kotek_magnet[tick=1740] sensor1: d=0.4082m in_range=False f_mag=0.000N tau_mag=0.0000Nm misalign_deg=90.0 pos=[0.10880381 0.10900928 0.49140224] bottom_world=[0.10880371 0.1090094  0.47140224] quat=[9.2484152e-01 3.7655429e-06 9.9403530e-07 3.8035268e-01] speed=0.0006 ang_speed=0.0029 ang_vel_vec=[-0.00017072 -0.00265864 -0.00112602] |com_force|=0.0000N
### kotek_magnet[tick=1740] sensor2: d=0.3208m in_range=False f_mag=0.000N tau_mag=0.0000Nm misalign_deg=90.0 pos=[ 0.10902444 -0.10904674  0.49140102] bottom_world=[ 0.10902455 -0.10904654  0.47140102] quat=[ 9.2300087e-01  5.6177228e-06 -5.0891123e-07 -3.8479811e-01] speed=0.0003 ang_speed=0.0030 ang_vel_vec=[-0.00236171  0.00181951 -0.00045082] |com_force|=0.0000N
### kotek_magnet[tick=1740] sensor3: d=0.5470m in_range=False f_mag=0.000N tau_mag=0.0000Nm misalign_deg=90.0 pos=[-0.10910755 -0.10914586  0.49140105] bottom_world=[-0.10910746 -0.10914586  0.47140105] quat=[-3.8058376e-01 -2.1646565e-06  8.8276670e-07  9.2474645e-01] speed=0.0004 ang_speed=0.0030 ang_vel_vec=[ 0.0018204   0.00237311 -0.00045176] |com_force|=0.0000N
### kotek_magnet[tick=1740] sensor4: d=0.5249m in_range=False f_mag=0.000N tau_mag=0.0000Nm misalign_deg=90.0 pos=[-0.10900008  0.10900021  0.4914023 ] bottom_world=[-0.1090003   0.10900006  0.4714023 ] quat=[3.8268209e-01 3.7927121e-06 5.5219230e-06 9.2388010e-01] speed=0.0010 ang_speed=0.0029 ang_vel_vec=[ 0.00191651 -0.00197786 -0.00099596] |com_force|=0.0000N
### kotek_magnet[tick=1800] sensor1: d=0.4082m in_range=False f_mag=0.000N tau_mag=0.0000Nm misalign_deg=90.0 pos=[0.10880419 0.10900887 0.49140236] bottom_world=[0.10880393 0.10900923 0.47140236] quat=[9.2484164e-01 1.0647734e-05 2.5580418e-06 3.8035253e-01] speed=0.0009 ang_speed=0.0041 ang_vel_vec=[-0.00270049 -0.00300038 -0.00043197] |com_force|=0.0000N
### kotek_magnet[tick=1800] sensor2: d=0.3208m in_range=False f_mag=0.000N tau_mag=0.0000Nm misalign_deg=90.0 pos=[ 0.10902444 -0.10904676  0.49140108] bottom_world=[ 0.10902454 -0.10904656  0.47140108] quat=[ 9.2300075e-01  5.5858177e-06 -3.8833866e-07 -3.8479835e-01] speed=0.0004 ang_speed=0.0029 ang_vel_vec=[-0.00240702  0.00154994 -0.00011758] |com_force|=0.0000N
### kotek_magnet[tick=1800] sensor3: d=0.5470m in_range=False f_mag=0.000N tau_mag=0.0000Nm misalign_deg=90.0 pos=[-0.10910751 -0.10914606  0.49140114] bottom_world=[-0.10910745 -0.10914593  0.47140114] quat=[-3.8058373e-01 -2.5860863e-06 -2.4290869e-06  9.2474645e-01] speed=0.0005 ang_speed=0.0024 ang_vel_vec=[-0.00134177  0.00194453 -0.00060187] |com_force|=0.0000N
### kotek_magnet[tick=1800] sensor4: d=0.5249m in_range=False f_mag=0.000N tau_mag=0.0000Nm misalign_deg=90.0 pos=[-0.10900006  0.10900017  0.49140236] bottom_world=[-0.10900029  0.10900003  0.47140236] quat=[3.8268220e-01 3.7582010e-06 5.3767817e-06 9.2388010e-01] speed=0.0010 ang_speed=0.0024 ang_vel_vec=[ 0.00162969 -0.00168842 -0.00064715] |com_force|=0.0000N
### kotek_magnet[tick=1860] sensor1: d=0.4082m in_range=False f_mag=0.000N tau_mag=0.0000Nm misalign_deg=90.0 pos=[0.10880379 0.10900929 0.49140233] bottom_world=[0.1088037  0.10900942 0.47140233] quat=[9.2484152e-01 3.9881443e-06 9.8429541e-07 3.8035256e-01] speed=0.0006 ang_speed=0.0028 ang_vel_vec=[-0.00037492 -0.00268701 -0.00067934] |com_force|=0.0000N
### kotek_magnet[tick=1860] sensor2: d=0.3208m in_range=False f_mag=0.000N tau_mag=0.0000Nm misalign_deg=90.0 pos=[ 0.10902429 -0.10904738  0.4914011 ] bottom_world=[ 0.10902454 -0.10904699  0.47140111] quat=[ 9.2300087e-01  1.1452935e-05 -1.9938957e-06 -3.8479790e-01] speed=0.0010 ang_speed=0.0027 ang_vel_vec=[-0.0016639   0.00209945 -0.00060166] |com_force|=0.0000N
### kotek_magnet[tick=1860] sensor3: d=0.5470m in_range=False f_mag=0.000N tau_mag=0.0000Nm misalign_deg=90.0 pos=[-0.10910816 -0.10914578  0.49140123] bottom_world=[-0.1091079  -0.1091459   0.47140123] quat=[-3.8058397e-01 -5.0006129e-06  5.2338428e-06  9.2474633e-01] speed=0.0010 ang_speed=0.0022 ang_vel_vec=[ 0.00167667  0.00134257 -0.00059949] |com_force|=0.0000N
### kotek_magnet[tick=1860] sensor4: d=0.5249m in_range=False f_mag=0.000N tau_mag=0.0000Nm misalign_deg=90.0 pos=[-0.10900036  0.10899955  0.49140236] bottom_world=[-0.10900035  0.10899961  0.47140236] quat=[ 3.8268226e-01  3.7362895e-07 -1.3322438e-06  9.2388010e-01] speed=0.0005 ang_speed=0.0026 ang_vel_vec=[ 0.00238604  0.00073619 -0.00054384] |com_force|=0.0000N
### kotek_magnet[tick=1920] sensor1: d=0.4082m in_range=False f_mag=0.000N tau_mag=0.0000Nm misalign_deg=90.0 pos=[0.1088038  0.10900927 0.4914023 ] bottom_world=[0.10880371 0.10900939 0.4714023 ] quat=[9.2484164e-01 3.7971806e-06 9.9554120e-07 3.8035250e-01] speed=0.0006 ang_speed=0.0025 ang_vel_vec=[ 0.00023469 -0.00238138 -0.00072201] |com_force|=0.0000N
### kotek_magnet[tick=1920] sensor2: d=0.3208m in_range=False f_mag=0.000N tau_mag=0.0000Nm misalign_deg=90.0 pos=[ 0.10902463 -0.1090467   0.4914011 ] bottom_world=[ 0.10902462 -0.10904652  0.47140111] quat=[ 9.2300075e-01  3.9231836e-06  1.9119427e-06 -3.8479814e-01] speed=0.0005 ang_speed=0.0023 ang_vel_vec=[-0.00198849 -0.00094247 -0.00057174] |com_force|=0.0000N
### kotek_magnet[tick=1920] sensor3: d=0.5470m in_range=False f_mag=0.000N tau_mag=0.0000Nm misalign_deg=90.0 pos=[-0.10910648 -0.10914586  0.4914011 ] bottom_world=[-0.10910667 -0.10914566  0.47140111] quat=[-3.8058290e-01  2.4020842e-06 -6.2775093e-06  9.2474687e-01] speed=0.0009 ang_speed=0.0029 ang_vel_vec=[0.00236734 0.00011736 0.00167425] |com_force|=0.0000N
### kotek_magnet[tick=1920] sensor4: d=0.5249m in_range=False f_mag=0.000N tau_mag=0.0000Nm misalign_deg=90.0 pos=[-0.10900005  0.10900019  0.4914023 ] bottom_world=[-0.10900027  0.10900005  0.4714023 ] quat=[3.8268209e-01 3.7640871e-06 5.4214615e-06 9.2388010e-01] speed=0.0010 ang_speed=0.0025 ang_vel_vec=[ 0.00172169 -0.0016729  -0.00058665] |com_force|=0.0000N
### kotek_magnet[tick=1980] sensor1: d=0.4082m in_range=False f_mag=0.000N tau_mag=0.0000Nm misalign_deg=90.0 pos=[0.10880381 0.10900926 0.49140233] bottom_world=[0.10880372 0.10900938 0.47140233] quat=[9.2484164e-01 3.6099404e-06 9.8606517e-07 3.8035265e-01] speed=0.0006 ang_speed=0.0024 ang_vel_vec=[ 0.00122957 -0.00188963 -0.00086128] |com_force|=0.0000N
### kotek_magnet[tick=1980] sensor2: d=0.3208m in_range=False f_mag=0.000N tau_mag=0.0000Nm misalign_deg=90.0 pos=[ 0.10902435 -0.10904735  0.49140108] bottom_world=[ 0.10902458 -0.10904697  0.47140108] quat=[ 9.2300087e-01  1.0834723e-05 -1.7580123e-06 -3.8479790e-01] speed=0.0010 ang_speed=0.0028 ang_vel_vec=[-0.00169007  0.00206269 -0.00079421] |com_force|=0.0000N
### kotek_magnet[tick=1980] sensor3: d=0.5470m in_range=False f_mag=0.000N tau_mag=0.0000Nm misalign_deg=90.0 pos=[-0.10910669 -0.10914607  0.49140114] bottom_world=[-0.10910686 -0.10914582  0.47140114] quat=[-3.8058323e-01  1.5690827e-06 -7.5622265e-06  9.2474663e-01] speed=0.0006 ang_speed=0.0043 ang_vel_vec=[-0.00388758 -0.00175123  0.00051798] |com_force|=0.0000N
### kotek_magnet[tick=1980] sensor4: d=0.5249m in_range=False f_mag=0.000N tau_mag=0.0000Nm misalign_deg=90.0 pos=[-0.10900034  0.1089993   0.4914023 ] bottom_world=[-0.10900028  0.10899944  0.4714023 ] quat=[ 3.8268241e-01  3.2100218e-08 -3.7550967e-06  9.2387998e-01] speed=0.0002 ang_speed=0.0014 ang_vel_vec=[-6.4182103e-05  1.3182597e-03 -3.6949862e-04] |com_force|=0.0000N
### kotek_magnet[tick=2040] sensor1: d=0.4082m in_range=False f_mag=0.000N tau_mag=0.0000Nm misalign_deg=90.0 pos=[0.10880429 0.10900896 0.49140236] bottom_world=[0.10880402 0.1090093  0.47140236] quat=[9.2484152e-01 1.0422677e-05 2.8635673e-06 3.8035288e-01] speed=0.0010 ang_speed=0.0030 ang_vel_vec=[-0.00203912 -0.00188514 -0.00104118] |com_force|=0.0000N
### kotek_magnet[tick=2040] sensor2: d=0.3208m in_range=False f_mag=0.000N tau_mag=0.0000Nm misalign_deg=90.0 pos=[ 0.10902464 -0.10904668  0.49140117] bottom_world=[ 0.10902462 -0.10904651  0.47140117] quat=[ 9.2300081e-01  3.7239865e-06  1.9583090e-06 -3.8479805e-01] speed=0.0004 ang_speed=0.0024 ang_vel_vec=[-0.00191521 -0.00105938 -0.00088031] |com_force|=0.0000N
### kotek_magnet[tick=2040] sensor3: d=0.5470m in_range=False f_mag=0.000N tau_mag=0.0000Nm misalign_deg=90.0 pos=[-0.10910755 -0.10914586  0.49140108] bottom_world=[-0.10910747 -0.10914586  0.47140108] quat=[-3.8058379e-01 -2.0828231e-06  7.4792320e-07  9.2474645e-01] speed=0.0004 ang_speed=0.0028 ang_vel_vec=[ 0.0017521   0.0022003  -0.00039696] |com_force|=0.0000N
### kotek_magnet[tick=2040] sensor4: d=0.5249m in_range=False f_mag=0.000N tau_mag=0.0000Nm misalign_deg=90.0 pos=[-0.10900009  0.10900016  0.49140233] bottom_world=[-0.10900031  0.10900002  0.47140233] quat=[3.8268200e-01 3.7287748e-06 5.3751119e-06 9.2388016e-01] speed=0.0010 ang_speed=0.0029 ang_vel_vec=[ 0.00193936 -0.00201136 -0.00093998] |com_force|=0.0000N
### kotek_magnet[tick=2100] sensor1: d=0.4082m in_range=False f_mag=0.000N tau_mag=0.0000Nm misalign_deg=90.0 pos=[0.10880379 0.10900929 0.49140227] bottom_world=[0.1088037  0.10900941 0.47140227] quat=[9.2484152e-01 3.6645365e-06 9.9449448e-07 3.8035268e-01] speed=0.0006 ang_speed=0.0024 ang_vel_vec=[ 0.00065626 -0.00213882 -0.0008971 ] |com_force|=0.0000N
### kotek_magnet[tick=2100] sensor2: d=0.3208m in_range=False f_mag=0.000N tau_mag=0.0000Nm misalign_deg=90.0 pos=[ 0.10902464 -0.1090467   0.49140108] bottom_world=[ 0.10902463 -0.10904653  0.47140108] quat=[ 9.2300081e-01  3.6136285e-06  1.9952731e-06 -3.8479805e-01] speed=0.0004 ang_speed=0.0024 ang_vel_vec=[-0.00199024 -0.00117294 -0.00073529] |com_force|=0.0000N
### kotek_magnet[tick=2100] sensor3: d=0.5470m in_range=False f_mag=0.000N tau_mag=0.0000Nm misalign_deg=90.0 pos=[-0.10910755 -0.10914584  0.491401  ] bottom_world=[-0.10910747 -0.10914583  0.47140099] quat=[-3.8058373e-01 -2.0880300e-06  6.0449747e-07  9.2474651e-01] speed=0.0004 ang_speed=0.0030 ang_vel_vec=[ 0.00179141  0.00239728 -0.00025651] |com_force|=0.0000N
### kotek_magnet[tick=2100] sensor4: d=0.5249m in_range=False f_mag=0.000N tau_mag=0.0000Nm misalign_deg=90.0 pos=[-0.10900006  0.10900021  0.49140227] bottom_world=[-0.10900028  0.10900006  0.47140227] quat=[3.8268200e-01 3.7615300e-06 5.5388864e-06 9.2388010e-01] speed=0.0010 ang_speed=0.0026 ang_vel_vec=[ 0.00176875 -0.00169116 -0.00077049] |com_force|=0.0000N
### kotek_magnet[tick=2160] sensor1: d=0.4082m in_range=False f_mag=0.000N tau_mag=0.0000Nm misalign_deg=90.0 pos=[0.10880382 0.1090093  0.49140227] bottom_world=[0.10880372 0.10900942 0.47140227] quat=[9.2484158e-01 3.8232511e-06 1.0239949e-06 3.8035268e-01] speed=0.0006 ang_speed=0.0025 ang_vel_vec=[ 0.00048434 -0.0022392  -0.00095027] |com_force|=0.0000N
### kotek_magnet[tick=2160] sensor2: d=0.3208m in_range=False f_mag=0.000N tau_mag=0.0000Nm misalign_deg=90.0 pos=[ 0.10902463 -0.10904647  0.49140102] bottom_world=[ 0.10902458 -0.10904638  0.47140102] quat=[ 9.2300075e-01  1.6976433e-06  1.9272090e-06 -3.8479829e-01] speed=0.0001 ang_speed=0.0016 ang_vel_vec=[ 0.00066882 -0.00137367 -0.00040283] |com_force|=0.0000N
### kotek_magnet[tick=2160] sensor3: d=0.5470m in_range=False f_mag=0.000N tau_mag=0.0000Nm misalign_deg=90.0 pos=[-0.10910816 -0.10914579  0.49140108] bottom_world=[-0.1091079  -0.1091459   0.47140108] quat=[-3.8058412e-01 -4.9323926e-06  5.0955537e-06  9.2474639e-01] speed=0.0010 ang_speed=0.0026 ang_vel_vec=[ 0.0018514   0.00156783 -0.00082884] |com_force|=0.0000N
### kotek_magnet[tick=2160] sensor4: d=0.5249m in_range=False f_mag=0.000N tau_mag=0.0000Nm misalign_deg=90.0 pos=[-0.10900036  0.10899951  0.4914023 ] bottom_world=[-0.10900034  0.10899957  0.4714023 ] quat=[ 3.8268214e-01  1.8427875e-07 -1.6350352e-06  9.2388004e-01] speed=0.0005 ang_speed=0.0025 ang_vel_vec=[ 0.00189878  0.00136828 -0.00078496] |com_force|=0.0000N
### kotek_magnet[tick=2220] sensor1: d=0.4082m in_range=False f_mag=0.000N tau_mag=0.0000Nm misalign_deg=90.0 pos=[0.10880381 0.10900922 0.49140242] bottom_world=[0.10880371 0.10900935 0.47140242] quat=[9.248416e-01 3.933203e-06 9.200088e-07 3.803526e-01] speed=0.0006 ang_speed=0.0029 ang_vel_vec=[-0.00049526 -0.00265948 -0.00105916] |com_force|=0.0000N
### kotek_magnet[tick=2220] sensor2: d=0.3208m in_range=False f_mag=0.000N tau_mag=0.0000Nm misalign_deg=90.0 pos=[ 0.10902433 -0.10904738  0.49140117] bottom_world=[ 0.10902457 -0.10904699  0.47140117] quat=[ 9.2300087e-01  1.1248771e-05 -1.8097135e-06 -3.8479790e-01] speed=0.0010 ang_speed=0.0030 ang_vel_vec=[-0.0019146   0.00215755 -0.00091807] |com_force|=0.0000N
### kotek_magnet[tick=2220] sensor3: d=0.5470m in_range=False f_mag=0.000N tau_mag=0.0000Nm misalign_deg=90.0 pos=[-0.10910818 -0.10914578  0.49140114] bottom_world=[-0.10910791 -0.1091459   0.47140114] quat=[-3.8058412e-01 -5.0603858e-06  5.3513008e-06  9.2474639e-01] speed=0.0010 ang_speed=0.0027 ang_vel_vec=[ 0.0019013   0.00164387 -0.00091723] |com_force|=0.0000N
### kotek_magnet[tick=2220] sensor4: d=0.5249m in_range=False f_mag=0.000N tau_mag=0.0000Nm misalign_deg=90.0 pos=[-0.10900043  0.10899843  0.49140242] bottom_world=[-0.10900023  0.10899876  0.47140242] quat=[ 3.8268289e-01 -1.3714073e-06 -9.6403701e-06  9.2387980e-01] speed=0.0009 ang_speed=0.0032 ang_vel_vec=[0.00023754 0.00313784 0.00047466] |com_force|=0.0000N
### kotek_magnet[tick=2280] sensor1: d=0.4082m in_range=False f_mag=0.000N tau_mag=0.0000Nm misalign_deg=90.0 pos=[0.10880378 0.1090093  0.49140227] bottom_world=[0.10880369 0.10900943 0.47140227] quat=[9.2484164e-01 3.7197126e-06 9.4666871e-07 3.8035265e-01] speed=0.0006 ang_speed=0.0025 ang_vel_vec=[ 0.00026929 -0.00230031 -0.0008851 ] |com_force|=0.0000N
### kotek_magnet[tick=2280] sensor2: d=0.3208m in_range=False f_mag=0.000N tau_mag=0.0000Nm misalign_deg=90.0 pos=[ 0.10902449 -0.10904562  0.4914011 ] bottom_world=[ 0.10902439 -0.10904571  0.47140111] quat=[ 9.2300045e-01 -2.9518524e-06  1.4801176e-06 -3.8479882e-01] speed=0.0010 ang_speed=0.0022 ang_vel_vec=[0.00046575 0.00165262 0.00141479] |com_force|=0.0000N
### kotek_magnet[tick=2280] sensor3: d=0.5470m in_range=False f_mag=0.000N tau_mag=0.0000Nm misalign_deg=90.0 pos=[-0.10910751 -0.10914609  0.4914011 ] bottom_world=[-0.10910745 -0.10914596  0.47140111] quat=[-3.8058388e-01 -2.4948429e-06 -2.4607309e-06  9.2474639e-01] speed=0.0005 ang_speed=0.0024 ang_vel_vec=[-0.00122836  0.00195581 -0.00076231] |com_force|=0.0000N
### kotek_magnet[tick=2280] sensor4: d=0.5249m in_range=False f_mag=0.000N tau_mag=0.0000Nm misalign_deg=90.0 pos=[-0.10900019  0.10899849  0.49140227] bottom_world=[-0.10900008  0.1089988   0.47140227] quat=[ 3.8268313e-01  4.7241227e-07 -8.1862936e-06  9.2387974e-01] speed=0.0009 ang_speed=0.0017 ang_vel_vec=[-0.00055375 -0.00088363  0.00133859] |com_force|=0.0000N
### kotek_magnet[tick=2340] sensor1: d=0.4082m in_range=False f_mag=0.000N tau_mag=0.0000Nm misalign_deg=90.0 pos=[0.1088038  0.10900924 0.49140233] bottom_world=[0.1088037  0.10900937 0.47140233] quat=[9.2484158e-01 3.8421545e-06 1.0334504e-06 3.8035262e-01] speed=0.0006 ang_speed=0.0026 ang_vel_vec=[ 0.0001612  -0.00249898 -0.00085913] |com_force|=0.0000N
### kotek_magnet[tick=2340] sensor2: d=0.3208m in_range=False f_mag=0.000N tau_mag=0.0000Nm misalign_deg=90.0 pos=[ 0.10902462 -0.10904644  0.49140108] bottom_world=[ 0.10902458 -0.10904635  0.47140108] quat=[ 9.2300069e-01  1.6922877e-06  1.8425798e-06 -3.8479841e-01] speed=0.0001 ang_speed=0.0011 ang_vel_vec=[ 0.00035538 -0.00100961 -0.00030538] |com_force|=0.0000N
### kotek_magnet[tick=2340] sensor3: d=0.5470m in_range=False f_mag=0.000N tau_mag=0.0000Nm misalign_deg=90.0 pos=[-0.10910752 -0.10914606  0.49140108] bottom_world=[-0.10910746 -0.10914594  0.47140108] quat=[-3.8058382e-01 -2.5524212e-06 -2.2671566e-06  9.2474645e-01] speed=0.0005 ang_speed=0.0023 ang_vel_vec=[-0.00096506  0.001931   -0.00066878] |com_force|=0.0000N
### kotek_magnet[tick=2340] sensor4: d=0.5249m in_range=False f_mag=0.000N tau_mag=0.0000Nm misalign_deg=90.0 pos=[-0.10900034  0.10899878  0.4914023 ] bottom_world=[-0.1090002   0.10899906  0.4714023 ] quat=[ 3.8268277e-01 -5.6618978e-07 -7.9359979e-06  9.2387980e-01] speed=0.0006 ang_speed=0.0046 ang_vel_vec=[-0.00172084  0.00423886  0.0005075 ] |com_force|=0.0000N
### kotek_magnet[tick=2400] sensor1: d=0.4082m in_range=False f_mag=0.000N tau_mag=0.0000Nm misalign_deg=90.0 pos=[0.1088038  0.10900925 0.4914023 ] bottom_world=[0.10880371 0.10900937 0.4714023 ] quat=[9.2484158e-01 3.7233042e-06 9.9607939e-07 3.8035253e-01] speed=0.0006 ang_speed=0.0028 ang_vel_vec=[-9.2387454e-05 -2.6771298e-03 -7.9309294e-04] |com_force|=0.0000N
### kotek_magnet[tick=2400] sensor2: d=0.3208m in_range=False f_mag=0.000N tau_mag=0.0000Nm misalign_deg=90.0 pos=[ 0.10902433 -0.10904737  0.49140114] bottom_world=[ 0.10902457 -0.10904699  0.47140114] quat=[ 9.2300093e-01  1.1017512e-05 -1.7772020e-06 -3.8479787e-01] speed=0.0010 ang_speed=0.0026 ang_vel_vec=[-0.00160696  0.00188611 -0.00063699] |com_force|=0.0000N
### kotek_magnet[tick=2400] sensor3: d=0.5470m in_range=False f_mag=0.000N tau_mag=0.0000Nm misalign_deg=90.0 pos=[-0.10910818 -0.10914576  0.49140126] bottom_world=[-0.10910791 -0.10914589  0.47140126] quat=[-3.8058394e-01 -5.0100630e-06  5.4756174e-06  9.2474639e-01] speed=0.0010 ang_speed=0.0025 ang_vel_vec=[ 0.00183367  0.00151307 -0.00062383] |com_force|=0.0000N
### kotek_magnet[tick=2400] sensor4: d=0.5249m in_range=False f_mag=0.000N tau_mag=0.0000Nm misalign_deg=90.0 pos=[-0.1090002   0.10899848  0.4914024 ] bottom_world=[-0.1090001   0.10899879  0.47140239] quat=[ 3.8268304e-01  5.8444442e-07 -7.9611609e-06  9.2387974e-01] speed=0.0009 ang_speed=0.0023 ang_vel_vec=[-0.00014707 -0.00182157  0.00145612] |com_force|=0.0000N
### kotek_magnet[tick=2460] sensor1: d=0.4082m in_range=False f_mag=0.000N tau_mag=0.0000Nm misalign_deg=90.0 pos=[0.10880258 0.10900907 0.4914024 ] bottom_world=[0.10880277 0.10900909 0.47140239] quat=[ 9.2484194e-01 -1.3855836e-06 -4.6406849e-06  3.8035169e-01] speed=0.0010 ang_speed=0.0024 ang_vel_vec=[-1.9222620e-03 -5.8616602e-05  1.4447180e-03] |com_force|=0.0000N
### kotek_magnet[tick=2460] sensor2: d=0.3208m in_range=False f_mag=0.000N tau_mag=0.0000Nm misalign_deg=90.0 pos=[ 0.10902432 -0.10904739  0.49140105] bottom_world=[ 0.10902458 -0.109047    0.47140105] quat=[ 9.23000872e-01  1.13956385e-05 -2.09780092e-06 -3.84797931e-01] speed=0.0010 ang_speed=0.0031 ang_vel_vec=[-0.00178792  0.00238049 -0.00081813] |com_force|=0.0000N
### kotek_magnet[tick=2460] sensor3: d=0.5470m in_range=False f_mag=0.000N tau_mag=0.0000Nm misalign_deg=90.0 pos=[-0.10910816 -0.10914575  0.4914011 ] bottom_world=[-0.10910791 -0.10914587  0.47140111] quat=[-3.8058406e-01 -4.8332604e-06  5.2454516e-06  9.2474639e-01] speed=0.0010 ang_speed=0.0027 ang_vel_vec=[ 0.00208611  0.00149743 -0.00079503] |com_force|=0.0000N
### kotek_magnet[tick=2460] sensor4: d=0.5249m in_range=False f_mag=0.000N tau_mag=0.0000Nm misalign_deg=90.0 pos=[-0.10900038  0.10899876  0.4914024 ] bottom_world=[-0.10900023  0.10899905  0.47140239] quat=[ 3.8268265e-01 -5.9097880e-07 -8.0837144e-06  9.2387980e-01] speed=0.0006 ang_speed=0.0046 ang_vel_vec=[-0.00158697  0.00429224  0.00048529] |com_force|=0.0000N
### kotek_magnet[tick=2520] sensor1: d=0.4082m in_range=False f_mag=0.000N tau_mag=0.0000Nm misalign_deg=90.0 pos=[0.10880283 0.10900928 0.49140224] bottom_world=[0.108803   0.10900926 0.47140224] quat=[ 9.2484176e-01 -2.1512194e-06 -3.7064458e-06  3.8035202e-01] speed=0.0006 ang_speed=0.0042 ang_vel_vec=[0.00386168 0.00170402 0.00040903] |com_force|=0.0000N
### kotek_magnet[tick=2520] sensor2: d=0.3208m in_range=False f_mag=0.000N tau_mag=0.0000Nm misalign_deg=90.0 pos=[ 0.10902433 -0.10904733  0.4914011 ] bottom_world=[ 0.10902457 -0.10904695  0.47140111] quat=[ 9.2300087e-01  1.1180692e-05 -1.8724672e-06 -3.8479781e-01] speed=0.0010 ang_speed=0.0030 ang_vel_vec=[-0.00192596  0.00213658 -0.00094612] |com_force|=0.0000N
### kotek_magnet[tick=2520] sensor3: d=0.5470m in_range=False f_mag=0.000N tau_mag=0.0000Nm misalign_deg=90.0 pos=[-0.10910729 -0.10914579  0.49140102] bottom_world=[-0.10910726 -0.10914576  0.47140102] quat=[-3.8058347e-01 -9.7375641e-07 -3.2389988e-07  9.2474663e-01] speed=0.0003 ang_speed=0.0061 ang_vel_vec=[0.00528359 0.0029502  0.00025167] |com_force|=0.0000N
### kotek_magnet[tick=2520] sensor4: d=0.5249m in_range=False f_mag=0.000N tau_mag=0.0000Nm misalign_deg=90.0 pos=[-0.10900021  0.10899851  0.49140233] bottom_world=[-0.1090001   0.10899882  0.47140233] quat=[ 3.8268304e-01  5.6700964e-07 -7.9697684e-06  9.2387980e-01] speed=0.0009 ang_speed=0.0019 ang_vel_vec=[-0.00027604 -0.00148535  0.00117359] |com_force|=0.0000N
### kotek_magnet[tick=2580] sensor1: d=0.4082m in_range=False f_mag=0.000N tau_mag=0.0000Nm misalign_deg=90.0 pos=[0.10880342 0.10900924 0.4914023 ] bottom_world=[0.10880344 0.10900932 0.4714023 ] quat=[ 9.2484164e-01  1.5050505e-06 -1.0623129e-06  3.8035235e-01] speed=0.0002 ang_speed=0.0018 ang_vel_vec=[ 0.00179481  0.00024473 -0.00013262] |com_force|=0.0000N
### kotek_magnet[tick=2580] sensor2: d=0.3208m in_range=False f_mag=0.000N tau_mag=0.0000Nm misalign_deg=90.0 pos=[ 0.10902464 -0.10904671  0.4914011 ] bottom_world=[ 0.10902463 -0.10904654  0.47140111] quat=[ 9.2300081e-01  3.8196877e-06  1.8865127e-06 -3.8479820e-01] speed=0.0004 ang_speed=0.0020 ang_vel_vec=[-0.0016113  -0.00103714 -0.00053674] |com_force|=0.0000N
### kotek_magnet[tick=2580] sensor3: d=0.5470m in_range=False f_mag=0.000N tau_mag=0.0000Nm misalign_deg=90.0 pos=[-0.10910818 -0.10914578  0.4914011 ] bottom_world=[-0.10910792 -0.1091459   0.47140111] quat=[-3.8058406e-01 -4.9556302e-06  5.2530245e-06  9.2474645e-01] speed=0.0010 ang_speed=0.0022 ang_vel_vec=[ 0.00174394  0.00128275 -0.00060232] |com_force|=0.0000N
### kotek_magnet[tick=2580] sensor4: d=0.5249m in_range=False f_mag=0.000N tau_mag=0.0000Nm misalign_deg=90.0 pos=[-0.10900015  0.10899848  0.49140242] bottom_world=[-0.10900005  0.10899879  0.47140242] quat=[ 3.8268304e-01  5.0103097e-07 -8.0481659e-06  9.2387974e-01] speed=0.0009 ang_speed=0.0021 ang_vel_vec=[-0.00023808 -0.00137721  0.00151533] |com_force|=0.0000N
### kotek_magnet[tick=2640] sensor1: d=0.4082m in_range=False f_mag=0.000N tau_mag=0.0000Nm misalign_deg=90.0 pos=[0.10880431 0.10900898 0.49140236] bottom_world=[0.10880405 0.10900932 0.47140236] quat=[9.2484158e-01 1.0413138e-05 2.6483699e-06 3.8035282e-01] speed=0.0010 ang_speed=0.0028 ang_vel_vec=[-0.00193252 -0.00179862 -0.00087433] |com_force|=0.0000N
### kotek_magnet[tick=2640] sensor2: d=0.3208m in_range=False f_mag=0.000N tau_mag=0.0000Nm misalign_deg=90.0 pos=[ 0.10902414 -0.10904744  0.49140105] bottom_world=[ 0.10902445 -0.10904703  0.47140105] quat=[ 9.2300069e-01  1.2576748e-05 -3.1953907e-06 -3.8479823e-01] speed=0.0013 ang_speed=0.0146 ang_vel_vec=[-0.00731663  0.01259613 -0.00030617] |com_force|=0.0000N
### kotek_magnet[tick=2640] sensor3: d=0.5470m in_range=False f_mag=0.000N tau_mag=0.0000Nm misalign_deg=90.0 pos=[-0.10910753 -0.10914608  0.49140108] bottom_world=[-0.10910747 -0.10914595  0.47140108] quat=[-3.8058385e-01 -2.6547928e-06 -2.5500531e-06  9.2474651e-01] speed=0.0004 ang_speed=0.0024 ang_vel_vec=[-0.00110528  0.00198753 -0.00068738] |com_force|=0.0000N
### kotek_magnet[tick=2640] sensor4: d=0.5249m in_range=False f_mag=0.000N tau_mag=0.0000Nm misalign_deg=90.0 pos=[-0.10900019  0.10899851  0.49140236] bottom_world=[-0.10900009  0.10899881  0.47140236] quat=[ 3.8268307e-01  6.8500282e-07 -8.0358341e-06  9.2387968e-01] speed=0.0009 ang_speed=0.0026 ang_vel_vec=[ 8.9653069e-05 -2.1927264e-03  1.3252952e-03] |com_force|=0.0000N
### kotek_magnet[tick=2700] sensor1: d=0.4082m in_range=False f_mag=0.000N tau_mag=0.0000Nm misalign_deg=90.0 pos=[0.10880431 0.10900898 0.49140233] bottom_world=[0.10880404 0.10900932 0.47140233] quat=[9.2484158e-01 1.0406177e-05 2.9270554e-06 3.8035271e-01] speed=0.0010 ang_speed=0.0024 ang_vel_vec=[-0.00164408 -0.00157838 -0.00080312] |com_force|=0.0000N
### kotek_magnet[tick=2700] sensor2: d=0.3208m in_range=False f_mag=0.000N tau_mag=0.0000Nm misalign_deg=90.0 pos=[ 0.10902465 -0.10904666  0.49140117] bottom_world=[ 0.10902464 -0.1090465   0.47140117] quat=[ 9.2300081e-01  3.6608610e-06  1.9124859e-06 -3.8479817e-01] speed=0.0004 ang_speed=0.0024 ang_vel_vec=[-0.0021296  -0.00085099 -0.00065594] |com_force|=0.0000N
### kotek_magnet[tick=2700] sensor3: d=0.5470m in_range=False f_mag=0.000N tau_mag=0.0000Nm misalign_deg=90.0 pos=[-0.10910755 -0.10914584  0.491401  ] bottom_world=[-0.10910746 -0.10914584  0.47140099] quat=[-3.8058367e-01 -2.1071835e-06  7.7944492e-07  9.2474651e-01] speed=0.0004 ang_speed=0.0031 ang_vel_vec=[ 0.00185535  0.00249138 -0.00017301] |com_force|=0.0000N
### kotek_magnet[tick=2700] sensor4: d=0.5249m in_range=False f_mag=0.000N tau_mag=0.0000Nm misalign_deg=90.0 pos=[-0.10900019  0.10899851  0.49140233] bottom_world=[-0.10900008  0.10899882  0.47140233] quat=[ 3.8268301e-01  4.7160324e-07 -8.0809868e-06  9.2387974e-01] speed=0.0009 ang_speed=0.0018 ang_vel_vec=[-0.00055624 -0.00089757  0.00140045] |com_force|=0.0000N
### kotek_magnet[tick=2760] sensor1: d=0.4082m in_range=False f_mag=0.000N tau_mag=0.0000Nm misalign_deg=90.0 pos=[0.1088043  0.10900895 0.49140233] bottom_world=[0.10880403 0.10900929 0.47140233] quat=[9.2484152e-01 1.0337861e-05 2.9614205e-06 3.8035277e-01] speed=0.0010 ang_speed=0.0024 ang_vel_vec=[-0.00161555 -0.00161846 -0.00082264] |com_force|=0.0000N
### kotek_magnet[tick=2760] sensor2: d=0.3208m in_range=False f_mag=0.000N tau_mag=0.0000Nm misalign_deg=90.0 pos=[ 0.10902435 -0.10904736  0.49140114] bottom_world=[ 0.10902459 -0.10904699  0.47140114] quat=[ 9.2300087e-01  1.0785669e-05 -1.8433220e-06 -3.8479781e-01] speed=0.0010 ang_speed=0.0027 ang_vel_vec=[-0.00162902  0.00204707 -0.00072459] |com_force|=0.0000N
### kotek_magnet[tick=2760] sensor3: d=0.5470m in_range=False f_mag=0.000N tau_mag=0.0000Nm misalign_deg=90.0 pos=[-0.10910808 -0.10914568  0.4914012 ] bottom_world=[-0.10910782 -0.10914582  0.4714012 ] quat=[-3.8058382e-01 -4.6653040e-06  5.7691368e-06  9.2474651e-01] speed=0.0010 ang_speed=0.0042 ang_vel_vec=[ 0.00292644  0.00291839 -0.00039078] |com_force|=0.0000N
### kotek_magnet[tick=2760] sensor4: d=0.5249m in_range=False f_mag=0.000N tau_mag=0.0000Nm misalign_deg=90.0 pos=[-0.10900035  0.10899873  0.49140236] bottom_world=[-0.1090002   0.10899902  0.47140236] quat=[ 3.8268277e-01 -6.9650969e-07 -8.0673226e-06  9.2387986e-01] speed=0.0006 ang_speed=0.0047 ang_vel_vec=[-0.00173676  0.00438506  0.00052266] |com_force|=0.0000N
### kotek_magnet[tick=2820] sensor1: d=0.4082m in_range=False f_mag=0.000N tau_mag=0.0000Nm misalign_deg=90.0 pos=[0.10880431 0.10900894 0.4914023 ] bottom_world=[0.10880404 0.10900929 0.4714023 ] quat=[9.2484146e-01 1.0744506e-05 2.9046569e-06 3.8035274e-01] speed=0.0010 ang_speed=0.0028 ang_vel_vec=[-0.00191708 -0.00180413 -0.00081693] |com_force|=0.0000N
### kotek_magnet[tick=2820] sensor2: d=0.3208m in_range=False f_mag=0.000N tau_mag=0.0000Nm misalign_deg=90.0 pos=[ 0.10902465 -0.10904673  0.4914012 ] bottom_world=[ 0.10902464 -0.10904656  0.4714012 ] quat=[ 9.2300081e-01  3.7782370e-06  1.9417319e-06 -3.8479805e-01] speed=0.0004 ang_speed=0.0024 ang_vel_vec=[-0.00216894 -0.00077019 -0.00071917] |com_force|=0.0000N
### kotek_magnet[tick=2820] sensor3: d=0.5470m in_range=False f_mag=0.000N tau_mag=0.0000Nm misalign_deg=90.0 pos=[-0.10910647 -0.10914588  0.49140114] bottom_world=[-0.10910665 -0.10914568  0.47140114] quat=[-3.8058305e-01  2.3920431e-06 -6.2960735e-06  9.2474681e-01] speed=0.0009 ang_speed=0.0030 ang_vel_vec=[0.00255116 0.00019764 0.00148256] |com_force|=0.0000N
### kotek_magnet[tick=2820] sensor4: d=0.5249m in_range=False f_mag=0.000N tau_mag=0.0000Nm misalign_deg=90.0 pos=[-0.10900042  0.10899843  0.49140245] bottom_world=[-0.10900022  0.10899876  0.47140245] quat=[ 3.8268283e-01 -1.4731471e-06 -9.7368420e-06  9.2387974e-01] speed=0.0009 ang_speed=0.0032 ang_vel_vec=[0.00036425 0.00306725 0.00064427] |com_force|=0.0000N
### kotek_magnet[tick=2880] sensor1: d=0.4082m in_range=False f_mag=0.000N tau_mag=0.0000Nm misalign_deg=90.0 pos=[0.10880431 0.10900899 0.49140233] bottom_world=[0.10880404 0.10900933 0.47140233] quat=[9.2484152e-01 1.0385204e-05 2.9311082e-06 3.8035265e-01] speed=0.0009 ang_speed=0.0025 ang_vel_vec=[-0.00165028 -0.00165853 -0.00098165] |com_force|=0.0000N
### kotek_magnet[tick=2880] sensor2: d=0.3208m in_range=False f_mag=0.000N tau_mag=0.0000Nm misalign_deg=90.0 pos=[ 0.10902433 -0.10904738  0.49140117] bottom_world=[ 0.10902458 -0.10904699  0.47140117] quat=[ 9.2300087e-01  1.1254916e-05 -1.9204799e-06 -3.8479805e-01] speed=0.0010 ang_speed=0.0032 ang_vel_vec=[-0.00204186  0.0023424  -0.00094584] |com_force|=0.0000N
### kotek_magnet[tick=2880] sensor3: d=0.5470m in_range=False f_mag=0.000N tau_mag=0.0000Nm misalign_deg=90.0 pos=[-0.10910642 -0.1091461   0.4914011 ] bottom_world=[-0.10910663 -0.10914579  0.47140111] quat=[-3.8058308e-01  2.0235359e-06 -8.9885361e-06  9.2474675e-01] speed=0.0009 ang_speed=0.0024 ang_vel_vec=[-0.0022896   0.00060018  0.00063035] |com_force|=0.0000N
### kotek_magnet[tick=2880] sensor4: d=0.5249m in_range=False f_mag=0.000N tau_mag=0.0000Nm misalign_deg=90.0 pos=[-0.10900021  0.10899851  0.49140236] bottom_world=[-0.1090001   0.10899882  0.47140236] quat=[ 3.8268307e-01  4.4525524e-07 -8.1509761e-06  9.2387974e-01] speed=0.0009 ang_speed=0.0015 ang_vel_vec=[-0.00047618 -0.00082929  0.0012063 ] |com_force|=0.0000N
### kotek_magnet[tick=2940] sensor1: d=0.4082m in_range=False f_mag=0.000N tau_mag=0.0000Nm misalign_deg=90.0 pos=[0.10880381 0.10900929 0.49140227] bottom_world=[0.10880371 0.10900941 0.47140227] quat=[9.2484158e-01 3.7025561e-06 1.0459099e-06 3.8035268e-01] speed=0.0006 ang_speed=0.0027 ang_vel_vec=[ 0.00076719 -0.00233231 -0.001079  ] |com_force|=0.0000N
### kotek_magnet[tick=2940] sensor2: d=0.3208m in_range=False f_mag=0.000N tau_mag=0.0000Nm misalign_deg=90.0 pos=[ 0.10902413 -0.10904743  0.491401  ] bottom_world=[ 0.10902445 -0.10904702  0.47140099] quat=[ 9.2300087e-01  1.2368556e-05 -3.4082889e-06 -3.8479814e-01] speed=0.0013 ang_speed=0.0160 ang_vel_vec=[-0.00792737  0.01386766 -0.00047194] |com_force|=0.0000N
### kotek_magnet[tick=2940] sensor3: d=0.5470m in_range=False f_mag=0.000N tau_mag=0.0000Nm misalign_deg=90.0 pos=[-0.10910641 -0.1091459   0.4914011 ] bottom_world=[-0.1091066  -0.10914569  0.47140111] quat=[-3.8058317e-01  2.5112440e-06 -6.6817852e-06  9.2474681e-01] speed=0.0010 ang_speed=0.0025 ang_vel_vec=[ 2.1455418e-03 -8.0162165e-05  1.3565607e-03] |com_force|=0.0000N
### kotek_magnet[tick=2940] sensor4: d=0.5249m in_range=False f_mag=0.000N tau_mag=0.0000Nm misalign_deg=90.0 pos=[-0.1090002   0.10899848  0.49140233] bottom_world=[-0.10900009  0.10899879  0.47140233] quat=[ 3.8268304e-01  4.7372112e-07 -8.1705530e-06  9.2387980e-01] speed=0.0009 ang_speed=0.0016 ang_vel_vec=[-0.00028328 -0.00106775  0.00118956] |com_force|=0.0000N
### kotek_magnet[tick=3000] sensor1: d=0.4082m in_range=False f_mag=0.000N tau_mag=0.0000Nm misalign_deg=90.0 pos=[0.10880379 0.10900928 0.49140227] bottom_world=[0.10880369 0.10900941 0.47140227] quat=[9.2484152e-01 3.9228980e-06 1.0179754e-06 3.8035277e-01] speed=0.0006 ang_speed=0.0025 ang_vel_vec=[ 0.00027616 -0.00233599 -0.00084697] |com_force|=0.0000N
### kotek_magnet[tick=3000] sensor2: d=0.3208m in_range=False f_mag=0.000N tau_mag=0.0000Nm misalign_deg=90.0 pos=[ 0.10902463 -0.10904643  0.49140102] bottom_world=[ 0.10902459 -0.10904633  0.47140102] quat=[ 9.2300063e-01  1.8186922e-06  1.8052004e-06 -3.8479838e-01] speed=0.0001 ang_speed=0.0013 ang_vel_vec=[ 0.00046968 -0.00117854 -0.00031399] |com_force|=0.0000N
### kotek_magnet[tick=3000] sensor3: d=0.5470m in_range=False f_mag=0.000N tau_mag=0.0000Nm misalign_deg=90.0 pos=[-0.10910647 -0.10914589  0.4914011 ] bottom_world=[-0.10910665 -0.10914569  0.47140111] quat=[-3.8058302e-01  2.3806936e-06 -6.3845509e-06  9.2474681e-01] speed=0.0009 ang_speed=0.0030 ang_vel_vec=[0.00254031 0.00019184 0.00152504] |com_force|=0.0000N
### kotek_magnet[tick=3000] sensor4: d=0.5249m in_range=False f_mag=0.000N tau_mag=0.0000Nm misalign_deg=90.0 pos=[-0.10900022  0.10899849  0.49140236] bottom_world=[-0.10900012  0.1089988   0.47140236] quat=[ 3.8268295e-01  5.5443530e-07 -8.1589533e-06  9.2387980e-01] speed=0.0009 ang_speed=0.0018 ang_vel_vec=[-0.00036842 -0.00114126  0.00138033] |com_force|=0.0000N
### kotek_magnet[tick=3060] sensor1: d=0.4082m in_range=False f_mag=0.000N tau_mag=0.0000Nm misalign_deg=90.0 pos=[0.10880382 0.10900928 0.49140233] bottom_world=[0.10880372 0.1090094  0.47140233] quat=[9.2484158e-01 3.7299508e-06 9.3724054e-07 3.8035271e-01] speed=0.0006 ang_speed=0.0024 ang_vel_vec=[ 0.00038768 -0.00226566 -0.0007765 ] |com_force|=0.0000N
### kotek_magnet[tick=3060] sensor2: d=0.3208m in_range=False f_mag=0.000N tau_mag=0.0000Nm misalign_deg=90.0 pos=[ 0.10902442 -0.10904673  0.491401  ] bottom_world=[ 0.10902452 -0.10904653  0.47140099] quat=[ 9.2300075e-01  5.5363548e-06 -4.5197703e-07 -3.8479820e-01] speed=0.0004 ang_speed=0.0029 ang_vel_vec=[-0.00227062  0.00173819 -0.00012365] |com_force|=0.0000N
### kotek_magnet[tick=3060] sensor3: d=0.5470m in_range=False f_mag=0.000N tau_mag=0.0000Nm misalign_deg=90.0 pos=[-0.10910641 -0.10914589  0.49140108] bottom_world=[-0.10910661 -0.10914568  0.47140108] quat=[-3.8058308e-01  2.5650577e-06 -6.8482086e-06  9.2474681e-01] speed=0.0010 ang_speed=0.0024 ang_vel_vec=[ 0.00170584 -0.00031541  0.00161181] |com_force|=0.0000N
### kotek_magnet[tick=3060] sensor4: d=0.5249m in_range=False f_mag=0.000N tau_mag=0.0000Nm misalign_deg=90.0 pos=[-0.10900026  0.10899847  0.49140236] bottom_world=[-0.10900013  0.1089988   0.47140236] quat=[ 3.8268298e-01  1.6335659e-07 -8.8401139e-06  9.2387980e-01] speed=0.0010 ang_speed=0.0018 ang_vel_vec=[-0.00101789 -0.00012016  0.00146588] |com_force|=0.0000N
### kotek_magnet[tick=3120] sensor1: d=0.4082m in_range=False f_mag=0.000N tau_mag=0.0000Nm misalign_deg=90.0 pos=[0.10880382 0.10900925 0.4914023 ] bottom_world=[0.10880372 0.10900936 0.4714023 ] quat=[9.2484164e-01 3.5273240e-06 1.2241710e-06 3.8035259e-01] speed=0.0006 ang_speed=0.0029 ang_vel_vec=[ 0.00167952 -0.00214657 -0.00110333] |com_force|=0.0000N
### kotek_magnet[tick=3120] sensor2: d=0.3208m in_range=False f_mag=0.000N tau_mag=0.0000Nm misalign_deg=90.0 pos=[ 0.10902445 -0.10904676  0.49140096] bottom_world=[ 0.10902456 -0.10904657  0.47140096] quat=[ 9.2300075e-01  5.4733578e-06 -6.5556424e-07 -3.8479826e-01] speed=0.0003 ang_speed=0.0028 ang_vel_vec=[-0.00197749  0.00195202 -0.00041629] |com_force|=0.0000N
### kotek_magnet[tick=3120] sensor3: d=0.5470m in_range=False f_mag=0.000N tau_mag=0.0000Nm misalign_deg=90.0 pos=[-0.10910645 -0.1091459   0.49140108] bottom_world=[-0.10910664 -0.1091457   0.47140108] quat=[-3.8058296e-01  2.5212018e-06 -6.3775483e-06  9.2474681e-01] speed=0.0009 ang_speed=0.0030 ang_vel_vec=[0.00265617 0.00028219 0.00131321] |com_force|=0.0000N
### kotek_magnet[tick=3120] sensor4: d=0.5249m in_range=False f_mag=0.000N tau_mag=0.0000Nm misalign_deg=90.0 pos=[-0.1090002  0.1089985  0.4914024] bottom_world=[-0.10900008  0.10899881  0.47140239] quat=[ 3.8268310e-01  2.9046905e-07 -8.2992774e-06  9.2387968e-01] speed=0.0009 ang_speed=0.0014 ang_vel_vec=[-0.00061726 -0.00059871  0.00114782] |com_force|=0.0000N
### kotek_magnet[tick=3180] sensor1: d=0.4082m in_range=False f_mag=0.000N tau_mag=0.0000Nm misalign_deg=90.0 pos=[0.10880381 0.10900926 0.49140233] bottom_world=[0.10880372 0.10900938 0.47140233] quat=[9.2484164e-01 3.7661714e-06 9.6800159e-07 3.8035259e-01] speed=0.0006 ang_speed=0.0025 ang_vel_vec=[ 0.00027939 -0.00233853 -0.00080479] |com_force|=0.0000N
### kotek_magnet[tick=3180] sensor2: d=0.3208m in_range=False f_mag=0.000N tau_mag=0.0000Nm misalign_deg=90.0 pos=[ 0.10902464 -0.10904588  0.49140117] bottom_world=[ 0.1090245  -0.10904594  0.47140117] quat=[ 9.2300063e-01 -2.7894778e-06  2.5569432e-06 -3.8479847e-01] speed=0.0006 ang_speed=0.0046 ang_vel_vec=[ 0.00201636 -0.00407302  0.00061364] |com_force|=0.0000N
### kotek_magnet[tick=3180] sensor3: d=0.5470m in_range=False f_mag=0.000N tau_mag=0.0000Nm misalign_deg=90.0 pos=[-0.10910721 -0.10914586  0.4914011 ] bottom_world=[-0.10910717 -0.10914581  0.47140111] quat=[-3.8058347e-01 -1.3642066e-06 -7.2878129e-07  9.2474663e-01] speed=0.0002 ang_speed=0.0031 ang_vel_vec=[0.00258105 0.00170165 0.00035755] |com_force|=0.0000N
### kotek_magnet[tick=3180] sensor4: d=0.5249m in_range=False f_mag=0.000N tau_mag=0.0000Nm misalign_deg=90.0 pos=[-0.10900041  0.10899848  0.49140227] bottom_world=[-0.10900021  0.10899882  0.47140227] quat=[ 3.8268292e-01 -1.5115191e-06 -9.6715548e-06  9.2387980e-01] speed=0.0009 ang_speed=0.0035 ang_vel_vec=[0.00019841 0.00341867 0.00070533] |com_force|=0.0000N
### kotek_magnet[tick=3240] sensor1: d=0.4082m in_range=False f_mag=0.000N tau_mag=0.0000Nm misalign_deg=90.0 pos=[0.1088038  0.10900924 0.4914024 ] bottom_world=[0.10880372 0.10900935 0.47140239] quat=[9.2484158e-01 3.3523334e-06 8.5459249e-07 3.8035262e-01] speed=0.0006 ang_speed=0.0025 ang_vel_vec=[ 0.00122465 -0.00205262 -0.00086367] |com_force|=0.0000N
### kotek_magnet[tick=3240] sensor2: d=0.3208m in_range=False f_mag=0.000N tau_mag=0.0000Nm misalign_deg=90.0 pos=[ 0.10902437 -0.10904735  0.49140117] bottom_world=[ 0.10902459 -0.10904698  0.47140117] quat=[ 9.2300093e-01  1.0512284e-05 -1.5084825e-06 -3.8479784e-01] speed=0.0010 ang_speed=0.0021 ang_vel_vec=[-0.00129202  0.00148788 -0.00075691] |com_force|=0.0000N
### kotek_magnet[tick=3240] sensor3: d=0.5470m in_range=False f_mag=0.000N tau_mag=0.0000Nm misalign_deg=90.0 pos=[-0.10910816 -0.1091458   0.49140117] bottom_world=[-0.1091079  -0.1091459   0.47140117] quat=[-3.8058412e-01 -4.8556353e-06  4.8534694e-06  9.2474633e-01] speed=0.0010 ang_speed=0.0020 ang_vel_vec=[ 0.00143304  0.00121063 -0.00075145] |com_force|=0.0000N
### kotek_magnet[tick=3240] sensor4: d=0.5249m in_range=False f_mag=0.000N tau_mag=0.0000Nm misalign_deg=90.0 pos=[-0.10900042  0.10899845  0.4914024 ] bottom_world=[-0.10900021  0.10899879  0.47140239] quat=[ 3.8268289e-01 -1.6500121e-06 -9.9404788e-06  9.2387980e-01] speed=0.0009 ang_speed=0.0038 ang_vel_vec=[2.5616169e-05 3.6996517e-03 6.5063540e-04] |com_force|=0.0000N
### kotek_magnet[tick=3300] sensor1: d=0.4082m in_range=False f_mag=0.000N tau_mag=0.0000Nm misalign_deg=90.0 pos=[0.10880256 0.10900935 0.49140227] bottom_world=[0.10880277 0.10900926 0.47140227] quat=[ 9.2484188e-01 -4.0041973e-06 -4.2258598e-06  3.8035181e-01] speed=0.0009 ang_speed=0.0035 ang_vel_vec=[3.4449867e-03 6.0542596e-05 7.6991098e-04] |com_force|=0.0000N
### kotek_magnet[tick=3300] sensor2: d=0.3208m in_range=False f_mag=0.000N tau_mag=0.0000Nm misalign_deg=90.0 pos=[ 0.10902463 -0.10904668  0.49140108] bottom_world=[ 0.10902461 -0.10904651  0.47140108] quat=[ 9.2300081e-01  3.6987863e-06  1.9352779e-06 -3.8479802e-01] speed=0.0004 ang_speed=0.0022 ang_vel_vec=[-0.001793   -0.0011468  -0.00071829] |com_force|=0.0000N
### kotek_magnet[tick=3300] sensor3: d=0.5470m in_range=False f_mag=0.000N tau_mag=0.0000Nm misalign_deg=90.0 pos=[-0.10910752 -0.10914609  0.49140108] bottom_world=[-0.10910746 -0.10914596  0.47140108] quat=[-3.8058400e-01 -2.5137817e-06 -2.3134889e-06  9.2474639e-01] speed=0.0005 ang_speed=0.0023 ang_vel_vec=[-0.00098084  0.00189869 -0.00072543] |com_force|=0.0000N
### kotek_magnet[tick=3300] sensor4: d=0.5249m in_range=False f_mag=0.000N tau_mag=0.0000Nm misalign_deg=90.0 pos=[-0.10900044  0.10899848  0.49140236] bottom_world=[-0.10900023  0.10899882  0.47140236] quat=[ 3.8268289e-01 -1.5440718e-06 -9.7102384e-06  9.2387980e-01] speed=0.0009 ang_speed=0.0035 ang_vel_vec=[0.00026961 0.00342847 0.00062086] |com_force|=0.0000N
### kotek_magnet[tick=3360] sensor1: d=0.4082m in_range=False f_mag=0.000N tau_mag=0.0000Nm misalign_deg=90.0 pos=[0.10880261 0.10900906 0.49140236] bottom_world=[0.1088028  0.10900908 0.47140236] quat=[ 9.2484206e-01 -1.2109066e-06 -4.6048895e-06  3.8035166e-01] speed=0.0010 ang_speed=0.0030 ang_vel_vec=[-0.00258226 -0.00028435  0.00152514] |com_force|=0.0000N
### kotek_magnet[tick=3360] sensor2: d=0.3208m in_range=False f_mag=0.000N tau_mag=0.0000Nm misalign_deg=90.0 pos=[ 0.10902432 -0.10904735  0.49140114] bottom_world=[ 0.10902456 -0.10904697  0.47140114] quat=[ 9.23000872e-01  1.10733645e-05 -1.89889579e-06 -3.84797812e-01] speed=0.0010 ang_speed=0.0029 ang_vel_vec=[-0.00182417  0.00214946 -0.00072524] |com_force|=0.0000N
### kotek_magnet[tick=3360] sensor3: d=0.5470m in_range=False f_mag=0.000N tau_mag=0.0000Nm misalign_deg=90.0 pos=[-0.10910752 -0.10914609  0.49140117] bottom_world=[-0.10910746 -0.10914597  0.47140117] quat=[-3.8058388e-01 -2.5242773e-06 -2.2360505e-06  9.2474645e-01] speed=0.0005 ang_speed=0.0024 ang_vel_vec=[-0.00068524  0.00216597 -0.0006863 ] |com_force|=0.0000N
### kotek_magnet[tick=3360] sensor4: d=0.5249m in_range=False f_mag=0.000N tau_mag=0.0000Nm misalign_deg=90.0 pos=[-0.10900021  0.10899848  0.4914024 ] bottom_world=[-0.1090001   0.10899879  0.47140239] quat=[ 3.8268304e-01  5.2065809e-07 -8.0099335e-06  9.2387974e-01] speed=0.0009 ang_speed=0.0019 ang_vel_vec=[-0.00042816 -0.00118445  0.00141281] |com_force|=0.0000N
### kotek_magnet[tick=3420] sensor1: d=0.4082m in_range=False f_mag=0.000N tau_mag=0.0000Nm misalign_deg=90.0 pos=[0.10880257 0.10900931 0.4914022 ] bottom_world=[0.10880279 0.10900922 0.47140221] quat=[ 9.2484188e-01 -4.0860768e-06 -4.3039554e-06  3.8035178e-01] speed=0.0009 ang_speed=0.0037 ang_vel_vec=[0.00366213 0.00015377 0.00079221] |com_force|=0.0000N
### kotek_magnet[tick=3420] sensor2: d=0.3208m in_range=False f_mag=0.000N tau_mag=0.0000Nm misalign_deg=90.0 pos=[ 0.10902464 -0.10904668  0.49140105] bottom_world=[ 0.10902462 -0.10904652  0.47140105] quat=[ 9.2300075e-01  3.6044266e-06  2.0629088e-06 -3.8479811e-01] speed=0.0004 ang_speed=0.0023 ang_vel_vec=[-0.00169054 -0.00133908 -0.00069924] |com_force|=0.0000N
### kotek_magnet[tick=3420] sensor3: d=0.5470m in_range=False f_mag=0.000N tau_mag=0.0000Nm misalign_deg=90.0 pos=[-0.10910647 -0.10914586  0.49140096] bottom_world=[-0.10910666 -0.10914565  0.47140096] quat=[-3.8058293e-01  2.4386254e-06 -6.5742843e-06  9.2474681e-01] speed=0.0009 ang_speed=0.0024 ang_vel_vec=[ 0.00190698 -0.00016506  0.00150664] |com_force|=0.0000N
### kotek_magnet[tick=3420] sensor4: d=0.5249m in_range=False f_mag=0.000N tau_mag=0.0000Nm misalign_deg=90.0 pos=[-0.10900021  0.1089985   0.4914023 ] bottom_world=[-0.10900009  0.10899882  0.4714023 ] quat=[ 3.8268301e-01  3.8980932e-07 -8.3840032e-06  9.2387968e-01] speed=0.0009 ang_speed=0.0016 ang_vel_vec=[-0.00060252 -0.00071804  0.00135735] |com_force|=0.0000N
### still playing, 1340s left
### kotek_magnet[tick=3480] sensor1: d=0.4082m in_range=False f_mag=0.000N tau_mag=0.0000Nm misalign_deg=90.0 pos=[0.10880258 0.10900909 0.49140227] bottom_world=[0.10880278 0.10900911 0.47140227] quat=[ 9.2484194e-01 -1.5753932e-06 -4.6944019e-06  3.8035175e-01] speed=0.0010 ang_speed=0.0023 ang_vel_vec=[-0.00170899  0.00012286  0.00154843] |com_force|=0.0000N
### kotek_magnet[tick=3480] sensor2: d=0.3208m in_range=False f_mag=0.000N tau_mag=0.0000Nm misalign_deg=90.0 pos=[ 0.10902466 -0.10904644  0.49140096] bottom_world=[ 0.10902461 -0.10904636  0.47140096] quat=[ 9.2300075e-01  1.4564469e-06  1.9483932e-06 -3.8479832e-01] speed=0.0001 ang_speed=0.0022 ang_vel_vec=[ 0.00120875 -0.00180213 -0.00023374] |com_force|=0.0000N
### kotek_magnet[tick=3480] sensor3: d=0.5470m in_range=False f_mag=0.000N tau_mag=0.0000Nm misalign_deg=90.0 pos=[-0.10910751 -0.10914607  0.4914011 ] bottom_world=[-0.10910746 -0.10914594  0.47140111] quat=[-3.8058382e-01 -2.4054275e-06 -2.5204731e-06  9.2474645e-01] speed=0.0005 ang_speed=0.0023 ang_vel_vec=[-0.00108004  0.00194433 -0.00063172] |com_force|=0.0000N
### kotek_magnet[tick=3480] sensor4: d=0.5249m in_range=False f_mag=0.000N tau_mag=0.0000Nm misalign_deg=90.0 pos=[-0.1090004   0.10899873  0.49140227] bottom_world=[-0.10900025  0.10899902  0.47140227] quat=[ 3.8268259e-01 -6.9802218e-07 -8.2156521e-06  9.2387986e-01] speed=0.0006 ang_speed=0.0048 ang_vel_vec=[-0.00174738  0.00440338  0.00057079] |com_force|=0.0000N
### kotek_magnet[tick=3540] sensor1: d=0.4082m in_range=False f_mag=0.000N tau_mag=0.0000Nm misalign_deg=90.0 pos=[0.10880259 0.10900932 0.4914024 ] bottom_world=[0.10880281 0.10900923 0.47140239] quat=[ 9.2484194e-01 -4.1154799e-06 -4.2660308e-06  3.8035184e-01] speed=0.0009 ang_speed=0.0036 ang_vel_vec=[3.6023778e-03 7.4884068e-05 4.9760891e-04] |com_force|=0.0000N
### kotek_magnet[tick=3540] sensor2: d=0.3208m in_range=False f_mag=0.000N tau_mag=0.0000Nm misalign_deg=90.0 pos=[ 0.10902451 -0.10904558  0.49140108] bottom_world=[ 0.10902439 -0.10904568  0.47140108] quat=[ 9.2300051e-01 -3.3601943e-06  1.7602736e-06 -3.8479888e-01] speed=0.0010 ang_speed=0.0017 ang_vel_vec=[0.00079693 0.00084896 0.00120248] |com_force|=0.0000N
### kotek_magnet[tick=3540] sensor3: d=0.5470m in_range=False f_mag=0.000N tau_mag=0.0000Nm misalign_deg=90.0 pos=[-0.10910815 -0.10914578  0.49140102] bottom_world=[-0.10910789 -0.10914589  0.47140102] quat=[-3.8058415e-01 -4.8749857e-06  5.1716470e-06  9.2474633e-01] speed=0.0010 ang_speed=0.0026 ang_vel_vec=[ 0.00192872  0.00147951 -0.00104151] |com_force|=0.0000N
### kotek_magnet[tick=3540] sensor4: d=0.5249m in_range=False f_mag=0.000N tau_mag=0.0000Nm misalign_deg=90.0 pos=[-0.10900036  0.10899953  0.49140224] bottom_world=[-0.10900034  0.10899959  0.47140224] quat=[ 3.8268211e-01  7.2493599e-08 -1.6920810e-06  9.2388004e-01] speed=0.0005 ang_speed=0.0029 ang_vel_vec=[ 0.00212439  0.00173093 -0.00102051] |com_force|=0.0000N
### kotek_magnet[tick=3600] sensor1: d=0.4082m in_range=False f_mag=0.000N tau_mag=0.0000Nm misalign_deg=90.0 pos=[0.10880338 0.10900927 0.49140218] bottom_world=[0.1088034  0.10900935 0.47140218] quat=[ 9.2484176e-01  1.4778930e-06 -1.2316838e-06  3.8035235e-01] speed=0.0002 ang_speed=0.0022 ang_vel_vec=[ 0.00195771  0.00103922 -0.00030913] |com_force|=0.0000N
### kotek_magnet[tick=3600] sensor2: d=0.3208m in_range=False f_mag=0.000N tau_mag=0.0000Nm misalign_deg=90.0 pos=[ 0.10902442 -0.10904672  0.49140096] bottom_world=[ 0.10902452 -0.10904652  0.47140096] quat=[ 9.230007e-01  5.634088e-06 -4.335975e-07 -3.847983e-01] speed=0.0004 ang_speed=0.0025 ang_vel_vec=[-0.0019917   0.00153129 -0.00021132] |com_force|=0.0000N
### kotek_magnet[tick=3600] sensor3: d=0.5470m in_range=False f_mag=0.000N tau_mag=0.0000Nm misalign_deg=90.0 pos=[-0.10910751 -0.10914607  0.49140108] bottom_world=[-0.10910745 -0.10914595  0.47140108] quat=[-3.8058394e-01 -2.6157124e-06 -2.3770376e-06  9.2474639e-01] speed=0.0005 ang_speed=0.0022 ang_vel_vec=[-0.00095536  0.00188219 -0.00068272] |com_force|=0.0000N
### kotek_magnet[tick=3600] sensor4: d=0.5249m in_range=False f_mag=0.000N tau_mag=0.0000Nm misalign_deg=90.0 pos=[-0.10900006  0.1090002   0.4914023 ] bottom_world=[-0.10900028  0.10900006  0.4714023 ] quat=[3.8268197e-01 3.8044172e-06 5.2717046e-06 9.2388010e-01] speed=0.0010 ang_speed=0.0029 ang_vel_vec=[ 0.00201249 -0.00193856 -0.00074442] |com_force|=0.0000N
### kotek_magnet[tick=3660] sensor1: d=0.4082m in_range=False f_mag=0.000N tau_mag=0.0000Nm misalign_deg=90.0 pos=[0.10880256 0.10900904 0.49140245] bottom_world=[0.10880276 0.10900906 0.47140245] quat=[ 9.2484194e-01 -1.4702506e-06 -4.7656267e-06  3.8035172e-01] speed=0.0010 ang_speed=0.0024 ang_vel_vec=[-1.9066664e-03  7.3561961e-05  1.4612712e-03] |com_force|=0.0000N
### kotek_magnet[tick=3660] sensor2: d=0.3208m in_range=False f_mag=0.000N tau_mag=0.0000Nm misalign_deg=90.0 pos=[ 0.10902447 -0.10904567  0.4914012 ] bottom_world=[ 0.10902436 -0.10904575  0.4714012 ] quat=[ 9.2300045e-01 -2.9190708e-06  1.5487894e-06 -3.8479897e-01] speed=0.0010 ang_speed=0.0023 ang_vel_vec=[0.00038545 0.00166957 0.00145983] |com_force|=0.0000N
### kotek_magnet[tick=3660] sensor3: d=0.5470m in_range=False f_mag=0.000N tau_mag=0.0000Nm misalign_deg=90.0 pos=[-0.10910701 -0.10914564  0.49140108] bottom_world=[-0.10910701 -0.10914562  0.47140108] quat=[-3.8058311e-01 -1.5489076e-07 -4.2283531e-07  9.2474681e-01] speed=0.0006 ang_speed=0.0095 ang_vel_vec=[0.00819544 0.00453641 0.00139671] |com_force|=0.0000N
### kotek_magnet[tick=3660] sensor4: d=0.5249m in_range=False f_mag=0.000N tau_mag=0.0000Nm misalign_deg=90.0 pos=[-0.10900008  0.10900013  0.4914024 ] bottom_world=[-0.1090003   0.10899999  0.47140239] quat=[3.8268211e-01 3.7650132e-06 5.2784003e-06 9.2388010e-01] speed=0.0010 ang_speed=0.0024 ang_vel_vec=[ 0.00155759 -0.00163904 -0.00073572] |com_force|=0.0000N
### kotek_magnet[tick=3720] sensor1: d=0.4082m in_range=False f_mag=0.000N tau_mag=0.0000Nm misalign_deg=90.0 pos=[0.10880258 0.10900933 0.4914023 ] bottom_world=[0.10880279 0.10900925 0.4714023 ] quat=[ 9.2484188e-01 -3.9340771e-06 -4.1798676e-06  3.8035181e-01] speed=0.0009 ang_speed=0.0034 ang_vel_vec=[ 3.3192425e-03 -5.7043620e-05  7.6726690e-04] |com_force|=0.0000N
### kotek_magnet[tick=3720] sensor2: d=0.3208m in_range=False f_mag=0.000N tau_mag=0.0000Nm misalign_deg=90.0 pos=[ 0.10902464 -0.1090467   0.49140117] bottom_world=[ 0.10902463 -0.10904653  0.47140117] quat=[ 9.2300087e-01  3.9128540e-06  1.7885196e-06 -3.8479811e-01] speed=0.0004 ang_speed=0.0023 ang_vel_vec=[-0.00221989 -0.00023558 -0.00070221] |com_force|=0.0000N
### kotek_magnet[tick=3720] sensor3: d=0.5470m in_range=False f_mag=0.000N tau_mag=0.0000Nm misalign_deg=90.0 pos=[-0.10910819 -0.10914576  0.49140114] bottom_world=[-0.10910792 -0.1091459   0.47140114] quat=[-3.8058409e-01 -5.1538041e-06  5.8032724e-06  9.2474633e-01] speed=0.0010 ang_speed=0.0030 ang_vel_vec=[ 0.00224872  0.00182627 -0.00078526] |com_force|=0.0000N
### kotek_magnet[tick=3720] sensor4: d=0.5249m in_range=False f_mag=0.000N tau_mag=0.0000Nm misalign_deg=90.0 pos=[-0.10900014  0.1089996   0.49140224] bottom_world=[-0.10900024  0.10899963  0.47140224] quat=[3.8268241e-01 2.4703063e-06 3.5385074e-07 9.2387998e-01] speed=0.0004 ang_speed=0.0032 ang_vel_vec=[ 0.00275161 -0.00159617 -0.00021853] |com_force|=0.0000N
### kotek_magnet[tick=3780] sensor1: d=0.4082m in_range=False f_mag=0.000N tau_mag=0.0000Nm misalign_deg=90.0 pos=[0.10880256 0.10900933 0.49140233] bottom_world=[0.10880277 0.10900926 0.47140233] quat=[ 9.2484194e-01 -3.5745677e-06 -4.2375441e-06  3.8035181e-01] speed=0.0009 ang_speed=0.0030 ang_vel_vec=[ 2.879746e-03 -8.743957e-05  7.350357e-04] |com_force|=0.0000N
### kotek_magnet[tick=3780] sensor2: d=0.3208m in_range=False f_mag=0.000N tau_mag=0.0000Nm misalign_deg=90.0 pos=[ 0.10902464 -0.10904671  0.4914011 ] bottom_world=[ 0.10902463 -0.10904653  0.47140111] quat=[ 9.2300075e-01  4.1180456e-06  1.8639267e-06 -3.8479820e-01] speed=0.0004 ang_speed=0.0024 ang_vel_vec=[-0.00216453 -0.00061998 -0.00074208] |com_force|=0.0000N
### kotek_magnet[tick=3780] sensor3: d=0.5470m in_range=False f_mag=0.000N tau_mag=0.0000Nm misalign_deg=90.0 pos=[-0.1091075  -0.1091461   0.49140108] bottom_world=[-0.10910744 -0.10914597  0.47140108] quat=[-3.8058391e-01 -2.6290977e-06 -2.2429076e-06  9.2474639e-01] speed=0.0005 ang_speed=0.0024 ang_vel_vec=[-0.00056243  0.00216982 -0.00073885] |com_force|=0.0000N
### kotek_magnet[tick=3780] sensor4: d=0.5249m in_range=False f_mag=0.000N tau_mag=0.0000Nm misalign_deg=90.0 pos=[-0.10900036  0.10899954  0.4914024 ] bottom_world=[-0.10900036  0.1089996   0.47140239] quat=[ 3.8268232e-01  5.3367921e-07 -1.2454334e-06  9.2387998e-01] speed=0.0005 ang_speed=0.0027 ang_vel_vec=[ 0.00261759 -0.00012795 -0.00077975] |com_force|=0.0000N
### kotek_magnet[tick=3840] sensor1: d=0.4082m in_range=False f_mag=0.000N tau_mag=0.0000Nm misalign_deg=90.0 pos=[0.10880337 0.10900926 0.49140227] bottom_world=[0.10880339 0.10900932 0.47140227] quat=[ 9.2484176e-01  1.2729984e-06 -1.0628113e-06  3.8035232e-01] speed=0.0001 ang_speed=0.0011 ang_vel_vec=[ 0.0010103  -0.00028519 -0.00045346] |com_force|=0.0000N
### kotek_magnet[tick=3840] sensor2: d=0.3208m in_range=False f_mag=0.000N tau_mag=0.0000Nm misalign_deg=90.0 pos=[ 0.10902464 -0.10904589  0.49140114] bottom_world=[ 0.10902451 -0.10904595  0.47140114] quat=[ 9.2300063e-01 -2.8258696e-06  2.5623667e-06 -3.8479850e-01] speed=0.0007 ang_speed=0.0046 ang_vel_vec=[ 0.00200175 -0.0041429   0.00035995] |com_force|=0.0000N
### kotek_magnet[tick=3840] sensor3: d=0.5470m in_range=False f_mag=0.000N tau_mag=0.0000Nm misalign_deg=90.0 pos=[-0.10910647 -0.10914587  0.49140114] bottom_world=[-0.10910666 -0.10914568  0.47140114] quat=[-3.8058305e-01  2.4481965e-06 -6.1879705e-06  9.2474687e-01] speed=0.0009 ang_speed=0.0035 ang_vel_vec=[0.00318514 0.00053431 0.00132954] |com_force|=0.0000N
### kotek_magnet[tick=3840] sensor4: d=0.5249m in_range=False f_mag=0.000N tau_mag=0.0000Nm misalign_deg=90.0 pos=[-0.10900037  0.10899951  0.4914023 ] bottom_world=[-0.10900035  0.10899957  0.4714023 ] quat=[ 3.8268217e-01  5.5503023e-08 -1.5138087e-06  9.2388016e-01] speed=0.0005 ang_speed=0.0026 ang_vel_vec=[ 0.00194764  0.00145044 -0.00091563] |com_force|=0.0000N
### kotek_magnet[tick=3900] sensor1: d=0.4082m in_range=False f_mag=0.000N tau_mag=0.0000Nm misalign_deg=90.0 pos=[0.10880282 0.10900926 0.49140242] bottom_world=[0.10880299 0.10900924 0.47140242] quat=[ 9.248418e-01 -2.120270e-06 -3.726907e-06  3.803521e-01] speed=0.0007 ang_speed=0.0041 ang_vel_vec=[0.0037757  0.00162282 0.00023913] |com_force|=0.0000N
### kotek_magnet[tick=3900] sensor2: d=0.3208m in_range=False f_mag=0.000N tau_mag=0.0000Nm misalign_deg=90.0 pos=[ 0.10902449 -0.10904564  0.4914012 ] bottom_world=[ 0.10902439 -0.10904572  0.4714012 ] quat=[ 9.2300045e-01 -2.8424820e-06  1.4166521e-06 -3.8479888e-01] speed=0.0010 ang_speed=0.0024 ang_vel_vec=[1.9310733e-05 2.1684540e-03 1.1074389e-03] |com_force|=0.0000N
### kotek_magnet[tick=3900] sensor3: d=0.5470m in_range=False f_mag=0.000N tau_mag=0.0000Nm misalign_deg=90.0 pos=[-0.10910816 -0.10914579  0.4914012 ] bottom_world=[-0.10910789 -0.10914591  0.4714012 ] quat=[-3.8058397e-01 -4.9595251e-06  5.2618652e-06  9.2474639e-01] speed=0.0010 ang_speed=0.0028 ang_vel_vec=[ 0.00196551  0.00171809 -0.00112159] |com_force|=0.0000N
### kotek_magnet[tick=3900] sensor4: d=0.5249m in_range=False f_mag=0.000N tau_mag=0.0000Nm misalign_deg=90.0 pos=[-0.1090001   0.10900015  0.49140236] bottom_world=[-0.10900032  0.10900001  0.47140236] quat=[3.8268206e-01 3.6760252e-06 5.4171182e-06 9.2388022e-01] speed=0.0010 ang_speed=0.0026 ang_vel_vec=[ 0.00166317 -0.00173602 -0.00111044] |com_force|=0.0000N
### kotek_magnet[tick=3960] sensor1: d=0.4082m in_range=False f_mag=0.000N tau_mag=0.0000Nm misalign_deg=90.0 pos=[0.10880257 0.10900936 0.4914023 ] bottom_world=[0.10880279 0.10900927 0.4714023 ] quat=[ 9.2484188e-01 -3.9357706e-06 -4.1943986e-06  3.8035199e-01] speed=0.0009 ang_speed=0.0034 ang_vel_vec=[ 0.00329316 -0.00010084  0.0006891 ] |com_force|=0.0000N
### kotek_magnet[tick=3960] sensor2: d=0.3208m in_range=False f_mag=0.000N tau_mag=0.0000Nm misalign_deg=90.0 pos=[ 0.10902436 -0.10904735  0.49140114] bottom_world=[ 0.1090246  -0.10904697  0.47140114] quat=[ 9.23000932e-01  1.08872355e-05 -1.80794405e-06 -3.84797812e-01] speed=0.0010 ang_speed=0.0028 ang_vel_vec=[-0.00160364  0.00211232 -0.0008738 ] |com_force|=0.0000N
### kotek_magnet[tick=3960] sensor3: d=0.5470m in_range=False f_mag=0.000N tau_mag=0.0000Nm misalign_deg=90.0 pos=[-0.10910669 -0.10914607  0.49140108] bottom_world=[-0.10910686 -0.10914582  0.47140108] quat=[-3.8058338e-01  1.5266949e-06 -7.2418907e-06  9.2474663e-01] speed=0.0006 ang_speed=0.0036 ang_vel_vec=[-0.0032451  -0.00150261  0.00045712] |com_force|=0.0000N
### kotek_magnet[tick=3960] sensor4: d=0.5249m in_range=False f_mag=0.000N tau_mag=0.0000Nm misalign_deg=90.0 pos=[-0.1090001   0.10900018  0.49140233] bottom_world=[-0.10900033  0.10900003  0.47140233] quat=[3.8268197e-01 3.7564657e-06 5.6601439e-06 9.2388022e-01] speed=0.0010 ang_speed=0.0028 ang_vel_vec=[ 0.00196527 -0.001778   -0.00085067] |com_force|=0.0000N
### kotek_magnet[tick=4020] sensor1: d=0.4082m in_range=False f_mag=0.000N tau_mag=0.0000Nm misalign_deg=90.0 pos=[0.1088043  0.10900898 0.49140242] bottom_world=[0.10880403 0.10900933 0.47140242] quat=[9.24841523e-01 1.06456655e-05 2.84936573e-06 3.80352706e-01] speed=0.0010 ang_speed=0.0028 ang_vel_vec=[-0.00187212 -0.00184492 -0.0008355 ] |com_force|=0.0000N
### kotek_magnet[tick=4020] sensor2: d=0.3208m in_range=False f_mag=0.000N tau_mag=0.0000Nm misalign_deg=90.0 pos=[ 0.10902432 -0.10904733  0.49140108] bottom_world=[ 0.10902455 -0.10904695  0.47140108] quat=[ 9.2300087e-01  1.1009045e-05 -1.6469817e-06 -3.8479802e-01] speed=0.0010 ang_speed=0.0025 ang_vel_vec=[-0.00150483  0.00180699 -0.00079191] |com_force|=0.0000N
### kotek_magnet[tick=4020] sensor3: d=0.5470m in_range=False f_mag=0.000N tau_mag=0.0000Nm misalign_deg=90.0 pos=[-0.10910644 -0.10914589  0.49140114] bottom_world=[-0.10910663 -0.10914568  0.47140114] quat=[-3.8058302e-01  2.3718605e-06 -6.4502774e-06  9.2474681e-01] speed=0.0010 ang_speed=0.0027 ang_vel_vec=[2.2731833e-03 6.6466360e-05 1.5106146e-03] |com_force|=0.0000N
### kotek_magnet[tick=4020] sensor4: d=0.5249m in_range=False f_mag=0.000N tau_mag=0.0000Nm misalign_deg=90.0 pos=[-0.10900006  0.10900016  0.49140233] bottom_world=[-0.10900029  0.10900002  0.47140233] quat=[3.8268220e-01 3.8717112e-06 5.4262914e-06 9.2388016e-01] speed=0.0010 ang_speed=0.0028 ang_vel_vec=[ 0.00195571 -0.00186269 -0.00073177] |com_force|=0.0000N
### kotek_magnet[tick=4080] sensor1: d=0.4082m in_range=False f_mag=0.000N tau_mag=0.0000Nm misalign_deg=90.0 pos=[0.1088043  0.10900895 0.4914023 ] bottom_world=[0.10880404 0.1090093  0.4714023 ] quat=[9.2484158e-01 1.0428250e-05 2.8357040e-06 3.8035268e-01] speed=0.0010 ang_speed=0.0025 ang_vel_vec=[-0.00174967 -0.00162181 -0.00081096] |com_force|=0.0000N
### kotek_magnet[tick=4080] sensor2: d=0.3208m in_range=False f_mag=0.000N tau_mag=0.0000Nm misalign_deg=90.0 pos=[ 0.10902432 -0.10904738  0.49140114] bottom_world=[ 0.10902456 -0.10904699  0.47140114] quat=[ 9.2300087e-01  1.1315653e-05 -1.8695830e-06 -3.8479787e-01] speed=0.0010 ang_speed=0.0030 ang_vel_vec=[-0.00195369  0.00218238 -0.00078604] |com_force|=0.0000N
### kotek_magnet[tick=4080] sensor3: d=0.5470m in_range=False f_mag=0.000N tau_mag=0.0000Nm misalign_deg=90.0 pos=[-0.10910822 -0.10914574  0.49140117] bottom_world=[-0.10910795 -0.10914587  0.47140117] quat=[-3.8058403e-01 -5.1185511e-06  5.6044682e-06  9.2474639e-01] speed=0.0010 ang_speed=0.0028 ang_vel_vec=[ 0.00205227  0.00180482 -0.00078974] |com_force|=0.0000N
### kotek_magnet[tick=4080] sensor4: d=0.5249m in_range=False f_mag=0.000N tau_mag=0.0000Nm misalign_deg=90.0 pos=[-0.10900007  0.10900015  0.49140233] bottom_world=[-0.10900029  0.10900001  0.47140233] quat=[3.8268217e-01 3.7406508e-06 5.4838160e-06 9.2388016e-01] speed=0.0010 ang_speed=0.0024 ang_vel_vec=[ 0.00164659 -0.00160541 -0.00072079] |com_force|=0.0000N
### kotek_magnet[tick=4140] sensor1: d=0.4082m in_range=False f_mag=0.000N tau_mag=0.0000Nm misalign_deg=90.0 pos=[0.10880256 0.10900906 0.49140236] bottom_world=[0.10880276 0.10900907 0.47140236] quat=[ 9.2484194e-01 -1.5449737e-06 -4.7005601e-06  3.8035169e-01] speed=0.0010 ang_speed=0.0023 ang_vel_vec=[-1.8725946e-03  7.4670228e-05  1.3266674e-03] |com_force|=0.0000N
### kotek_magnet[tick=4140] sensor2: d=0.3208m in_range=False f_mag=0.000N tau_mag=0.0000Nm misalign_deg=90.0 pos=[ 0.10902466 -0.10904592  0.4914011 ] bottom_world=[ 0.10902452 -0.10904598  0.47140111] quat=[ 9.2300057e-01 -2.8960508e-06  2.6289179e-06 -3.8479850e-01] speed=0.0006 ang_speed=0.0046 ang_vel_vec=[ 0.00199907 -0.00412801  0.0004126 ] |com_force|=0.0000N
### kotek_magnet[tick=4140] sensor3: d=0.5470m in_range=False f_mag=0.000N tau_mag=0.0000Nm misalign_deg=90.0 pos=[-0.10910671 -0.10914608  0.49140108] bottom_world=[-0.10910689 -0.10914583  0.47140108] quat=[-3.8058338e-01  1.5973848e-06 -7.5037037e-06  9.2474663e-01] speed=0.0006 ang_speed=0.0041 ang_vel_vec=[-0.00371187 -0.0016315   0.00042801] |com_force|=0.0000N
### kotek_magnet[tick=4140] sensor4: d=0.5249m in_range=False f_mag=0.000N tau_mag=0.0000Nm misalign_deg=90.0 pos=[-0.10900035  0.10899954  0.49140242] bottom_world=[-0.10900033  0.1089996   0.47140242] quat=[ 3.8268217e-01  1.2686975e-07 -1.5842918e-06  9.2388004e-01] speed=0.0005 ang_speed=0.0026 ang_vel_vec=[ 0.00196235  0.0014622  -0.00085934] |com_force|=0.0000N
### kotek_magnet[tick=4200] sensor1: d=0.4082m in_range=False f_mag=0.000N tau_mag=0.0000Nm misalign_deg=90.0 pos=[0.10880331 0.10900911 0.49140227] bottom_world=[0.10880332 0.10900925 0.47140227] quat=[ 9.2484170e-01  3.1298355e-06 -1.6467014e-06  3.8035217e-01] speed=0.0002 ang_speed=0.0011 ang_vel_vec=[-0.00107565  0.00023181  0.00015123] |com_force|=0.0000N
### kotek_magnet[tick=4200] sensor2: d=0.3208m in_range=False f_mag=0.000N tau_mag=0.0000Nm misalign_deg=90.0 pos=[ 0.10902462 -0.10904668  0.49140108] bottom_world=[ 0.10902461 -0.10904651  0.47140108] quat=[ 9.2300075e-01  3.8725898e-06  1.8569688e-06 -3.8479808e-01] speed=0.0004 ang_speed=0.0024 ang_vel_vec=[-0.00213237 -0.00078162 -0.00078145] |com_force|=0.0000N
### kotek_magnet[tick=4200] sensor3: d=0.5470m in_range=False f_mag=0.000N tau_mag=0.0000Nm misalign_deg=90.0 pos=[-0.10910817 -0.10914578  0.49140117] bottom_world=[-0.10910791 -0.1091459   0.47140117] quat=[-3.8058409e-01 -4.9240462e-06  5.2330324e-06  9.2474639e-01] speed=0.0010 ang_speed=0.0027 ang_vel_vec=[ 0.00193348  0.00160881 -0.00083998] |com_force|=0.0000N
### kotek_magnet[tick=4200] sensor4: d=0.5249m in_range=False f_mag=0.000N tau_mag=0.0000Nm misalign_deg=90.0 pos=[-0.10900004  0.10900018  0.4914023 ] bottom_world=[-0.10900027  0.10900004  0.4714023 ] quat=[3.8268220e-01 3.7800614e-06 5.5431756e-06 9.2388016e-01] speed=0.0010 ang_speed=0.0026 ang_vel_vec=[ 0.00171806 -0.00171037 -0.00083002] |com_force|=0.0000N
### kotek_magnet[tick=4260] sensor1: d=0.4082m in_range=False f_mag=0.000N tau_mag=0.0000Nm misalign_deg=90.0 pos=[0.10880281 0.10900927 0.49140233] bottom_world=[0.10880299 0.10900925 0.47140233] quat=[ 9.2484182e-01 -2.2418085e-06 -3.8583084e-06  3.8035196e-01] speed=0.0006 ang_speed=0.0044 ang_vel_vec=[0.00399773 0.001777   0.00055317] |com_force|=0.0000N
### kotek_magnet[tick=4260] sensor2: d=0.3208m in_range=False f_mag=0.000N tau_mag=0.0000Nm misalign_deg=90.0 pos=[ 0.10902444 -0.10904638  0.4914011 ] bottom_world=[ 0.1090245  -0.10904624  0.47140111] quat=[ 9.2300069e-01  3.8798257e-06  3.0488479e-08 -3.8479841e-01] speed=0.0002 ang_speed=0.0029 ang_vel_vec=[-0.00145564  0.00250141  0.00021302] |com_force|=0.0000N
### kotek_magnet[tick=4260] sensor3: d=0.5470m in_range=False f_mag=0.000N tau_mag=0.0000Nm misalign_deg=90.0 pos=[-0.10910701 -0.10914563  0.49140105] bottom_world=[-0.10910701 -0.10914561  0.47140105] quat=[-3.8058317e-01 -1.7541255e-07 -3.6137288e-07  9.2474669e-01] speed=0.0006 ang_speed=0.0095 ang_vel_vec=[0.00820001 0.00458061 0.00132923] |com_force|=0.0000N
### kotek_magnet[tick=4260] sensor4: d=0.5249m in_range=False f_mag=0.000N tau_mag=0.0000Nm misalign_deg=90.0 pos=[-0.10900007  0.1090002   0.49140233] bottom_world=[-0.1090003   0.10900006  0.47140233] quat=[3.8268214e-01 3.8362214e-06 5.4228190e-06 9.2388016e-01] speed=0.0010 ang_speed=0.0027 ang_vel_vec=[ 0.00180818 -0.00189147 -0.00079011] |com_force|=0.0000N
### kotek_magnet[tick=4320] sensor1: d=0.4082m in_range=False f_mag=0.000N tau_mag=0.0000Nm misalign_deg=90.0 pos=[0.10880284 0.10900924 0.49140245] bottom_world=[0.10880301 0.10900922 0.47140245] quat=[ 9.2484182e-01 -2.2101281e-06 -3.8027833e-06  3.8035205e-01] speed=0.0006 ang_speed=0.0041 ang_vel_vec=[0.00374602 0.00165294 0.00039914] |com_force|=0.0000N
### kotek_magnet[tick=4320] sensor2: d=0.3208m in_range=False f_mag=0.000N tau_mag=0.0000Nm misalign_deg=90.0 pos=[ 0.10902466 -0.10904672  0.4914011 ] bottom_world=[ 0.10902464 -0.10904656  0.47140111] quat=[ 9.2300081e-01  3.5988091e-06  1.9598226e-06 -3.8479808e-01] speed=0.0004 ang_speed=0.0026 ang_vel_vec=[-0.0022343  -0.00086483 -0.00089626] |com_force|=0.0000N
### kotek_magnet[tick=4320] sensor3: d=0.5470m in_range=False f_mag=0.000N tau_mag=0.0000Nm misalign_deg=90.0 pos=[-0.10910729 -0.10914582  0.49140114] bottom_world=[-0.10910726 -0.10914579  0.47140114] quat=[-3.8058335e-01 -8.2129219e-07 -6.0878165e-07  9.2474669e-01] speed=0.0003 ang_speed=0.0058 ang_vel_vec=[0.00515764 0.00267399 0.00022167] |com_force|=0.0000N
### kotek_magnet[tick=4320] sensor4: d=0.5249m in_range=False f_mag=0.000N tau_mag=0.0000Nm misalign_deg=90.0 pos=[-0.1090001   0.10900017  0.4914023 ] bottom_world=[-0.10900032  0.10900003  0.4714023 ] quat=[3.8268203e-01 3.7117486e-06 5.3951030e-06 9.2388016e-01] speed=0.0010 ang_speed=0.0025 ang_vel_vec=[ 0.00156209 -0.00165347 -0.00094633] |com_force|=0.0000N
### kotek_magnet[tick=4380] sensor1: d=0.4082m in_range=False f_mag=0.000N tau_mag=0.0000Nm misalign_deg=90.0 pos=[0.10880256 0.10900933 0.49140242] bottom_world=[0.10880278 0.10900924 0.47140242] quat=[ 9.2484194e-01 -3.9832744e-06 -4.3125065e-06  3.8035193e-01] speed=0.0009 ang_speed=0.0037 ang_vel_vec=[0.00352957 0.00018156 0.00094164] |com_force|=0.0000N
### kotek_magnet[tick=4380] sensor2: d=0.3208m in_range=False f_mag=0.000N tau_mag=0.0000Nm misalign_deg=90.0 pos=[ 0.10902464 -0.10904668  0.4914011 ] bottom_world=[ 0.10902462 -0.10904652  0.47140111] quat=[ 9.2300081e-01  3.6329743e-06  2.0668349e-06 -3.8479805e-01] speed=0.0004 ang_speed=0.0024 ang_vel_vec=[-0.00169255 -0.00153517 -0.00055512] |com_force|=0.0000N
### kotek_magnet[tick=4380] sensor3: d=0.5470m in_range=False f_mag=0.000N tau_mag=0.0000Nm misalign_deg=90.0 pos=[-0.10910641 -0.10914611  0.49140108] bottom_world=[-0.10910663 -0.1091458   0.47140108] quat=[-3.8058320e-01  1.9677000e-06 -9.1206593e-06  9.2474675e-01] speed=0.0008 ang_speed=0.0026 ang_vel_vec=[-0.00237615  0.0006028   0.00091778] |com_force|=0.0000N
### kotek_magnet[tick=4380] sensor4: d=0.5249m in_range=False f_mag=0.000N tau_mag=0.0000Nm misalign_deg=90.0 pos=[-0.10900007  0.10900019  0.49140227] bottom_world=[-0.10900029  0.10900005  0.47140227] quat=[3.8268211e-01 3.7848254e-06 5.4194711e-06 9.2388016e-01] speed=0.0010 ang_speed=0.0025 ang_vel_vec=[ 0.00172414 -0.00169587 -0.00061573] |com_force|=0.0000N
### kotek_magnet[tick=4440] sensor1: d=0.4082m in_range=False f_mag=0.000N tau_mag=0.0000Nm misalign_deg=90.0 pos=[0.1088029  0.10900892 0.49140233] bottom_world=[0.10880295 0.10900912 0.47140233] quat=[ 9.2484188e-01  4.1371522e-06 -2.9723265e-06  3.8035199e-01] speed=0.0007 ang_speed=0.0057 ang_vel_vec=[-0.00493206 -0.00277276  0.00098407] |com_force|=0.0000N
### kotek_magnet[tick=4440] sensor2: d=0.3208m in_range=False f_mag=0.000N tau_mag=0.0000Nm misalign_deg=90.0 pos=[ 0.10902446 -0.10904565  0.49140114] bottom_world=[ 0.10902436 -0.10904574  0.47140114] quat=[ 9.2300045e-01 -2.9077823e-06  1.4762263e-06 -3.8479897e-01] speed=0.0010 ang_speed=0.0024 ang_vel_vec=[0.00020993 0.00186454 0.00142272] |com_force|=0.0000N
### kotek_magnet[tick=4440] sensor3: d=0.5470m in_range=False f_mag=0.000N tau_mag=0.0000Nm misalign_deg=90.0 pos=[-0.10910646 -0.1091459   0.49140114] bottom_world=[-0.10910664 -0.10914571  0.47140114] quat=[-3.8058296e-01  2.3869022e-06 -6.3060475e-06  9.2474687e-01] speed=0.0009 ang_speed=0.0028 ang_vel_vec=[0.00236959 0.00018771 0.0014901 ] |com_force|=0.0000N
### kotek_magnet[tick=4440] sensor4: d=0.5249m in_range=False f_mag=0.000N tau_mag=0.0000Nm misalign_deg=90.0 pos=[-0.10900022  0.10899847  0.4914024 ] bottom_world=[-0.10900011  0.10899878  0.47140239] quat=[ 3.8268310e-01  5.2597517e-07 -8.1883290e-06  9.2387980e-01] speed=0.0009 ang_speed=0.0019 ang_vel_vec=[-0.00049835 -0.00125239  0.00132676] |com_force|=0.0000N
### kotek_magnet[tick=4500] sensor1: d=0.4082m in_range=False f_mag=0.000N tau_mag=0.0000Nm misalign_deg=90.0 pos=[0.10880259 0.10900908 0.4914023 ] bottom_world=[0.10880279 0.10900908 0.4714023 ] quat=[ 9.2484200e-01 -1.8366471e-06 -4.6663472e-06  3.8035166e-01] speed=0.0010 ang_speed=0.0016 ang_vel_vec=[-0.00072462  0.00042993  0.00138345] |com_force|=0.0000N
### kotek_magnet[tick=4500] sensor2: d=0.3208m in_range=False f_mag=0.000N tau_mag=0.0000Nm misalign_deg=90.0 pos=[ 0.10902428 -0.10904726  0.4914012 ] bottom_world=[ 0.10902453 -0.1090469   0.4714012 ] quat=[ 9.2300075e-01  1.0765409e-05 -2.3467437e-06 -3.8479811e-01] speed=0.0009 ang_speed=0.0044 ang_vel_vec=[-0.0028936   0.00325031 -0.00054974] |com_force|=0.0000N
### kotek_magnet[tick=4500] sensor3: d=0.5470m in_range=False f_mag=0.000N tau_mag=0.0000Nm misalign_deg=90.0 pos=[-0.10910701 -0.10914565  0.4914011 ] bottom_world=[-0.10910702 -0.10914563  0.47140111] quat=[-3.8058317e-01  3.5427725e-08 -4.2232747e-07  9.2474669e-01] speed=0.0006 ang_speed=0.0096 ang_vel_vec=[0.00843129 0.00441618 0.00126157] |com_force|=0.0000N
### kotek_magnet[tick=4500] sensor4: d=0.5249m in_range=False f_mag=0.000N tau_mag=0.0000Nm misalign_deg=90.0 pos=[-0.10900007  0.10900016  0.49140245] bottom_world=[-0.10900028  0.10900002  0.47140245] quat=[3.8268217e-01 3.3854751e-06 5.2678679e-06 9.2388010e-01] speed=0.0010 ang_speed=0.0023 ang_vel_vec=[ 0.00175477 -0.00125394 -0.00081631] |com_force|=0.0000N
### kotek_magnet[tick=4560] sensor1: d=0.4082m in_range=False f_mag=0.000N tau_mag=0.0000Nm misalign_deg=90.0 pos=[0.10880382 0.10900922 0.4914023 ] bottom_world=[0.10880372 0.10900935 0.4714023 ] quat=[9.2484164e-01 3.9843076e-06 9.1871402e-07 3.8035259e-01] speed=0.0006 ang_speed=0.0028 ang_vel_vec=[-0.00044319 -0.00263774 -0.00089143] |com_force|=0.0000N
### kotek_magnet[tick=4560] sensor2: d=0.3208m in_range=False f_mag=0.000N tau_mag=0.0000Nm misalign_deg=90.0 pos=[ 0.10902465 -0.10904671  0.4914012 ] bottom_world=[ 0.10902464 -0.10904654  0.4714012 ] quat=[ 9.2300081e-01  3.9167567e-06  2.0346795e-06 -3.8479814e-01] speed=0.0004 ang_speed=0.0024 ang_vel_vec=[-0.00186941 -0.00138501 -0.00072076] |com_force|=0.0000N
### kotek_magnet[tick=4560] sensor3: d=0.5470m in_range=False f_mag=0.000N tau_mag=0.0000Nm misalign_deg=90.0 pos=[-0.10910671 -0.10914609  0.49140123] bottom_world=[-0.10910688 -0.10914584  0.47140123] quat=[-3.8058335e-01  1.4941777e-06 -7.3976707e-06  9.2474663e-01] speed=0.0006 ang_speed=0.0040 ang_vel_vec=[-0.00362051 -0.00151478  0.0005451 ] |com_force|=0.0000N
### kotek_magnet[tick=4560] sensor4: d=0.5249m in_range=False f_mag=0.000N tau_mag=0.0000Nm misalign_deg=90.0 pos=[-0.10900006  0.10900015  0.49140242] bottom_world=[-0.10900029  0.10900001  0.47140242] quat=[3.8268211e-01 3.9127854e-06 5.5433652e-06 9.2388016e-01] speed=0.0010 ang_speed=0.0027 ang_vel_vec=[ 0.00185767 -0.00181082 -0.0007562 ] |com_force|=0.0000N
### kotek_magnet[tick=4620] sensor1: d=0.4082m in_range=False f_mag=0.000N tau_mag=0.0000Nm misalign_deg=90.0 pos=[0.10880379 0.10900924 0.49140236] bottom_world=[0.1088037  0.10900936 0.47140236] quat=[9.2484158e-01 3.5721152e-06 1.1456184e-06 3.8035259e-01] speed=0.0006 ang_speed=0.0026 ang_vel_vec=[ 0.00140467 -0.00198876 -0.00086997] |com_force|=0.0000N
### kotek_magnet[tick=4620] sensor2: d=0.3208m in_range=False f_mag=0.000N tau_mag=0.0000Nm misalign_deg=90.0 pos=[ 0.10902462 -0.10904671  0.49140114] bottom_world=[ 0.10902462 -0.10904654  0.47140114] quat=[ 9.2300087e-01  3.7122059e-06  1.6611156e-06 -3.8479808e-01] speed=0.0004 ang_speed=0.0025 ang_vel_vec=[-0.00242717  0.00026119 -0.00070044] |com_force|=0.0000N
### kotek_magnet[tick=4620] sensor3: d=0.5470m in_range=False f_mag=0.000N tau_mag=0.0000Nm misalign_deg=90.0 pos=[-0.10910645 -0.10914586  0.4914011 ] bottom_world=[-0.10910664 -0.10914567  0.47140111] quat=[-3.8058299e-01  2.5080376e-06 -6.2073191e-06  9.2474681e-01] speed=0.0009 ang_speed=0.0033 ang_vel_vec=[0.00291772 0.00037954 0.00151069] |com_force|=0.0000N
### kotek_magnet[tick=4620] sensor4: d=0.5249m in_range=False f_mag=0.000N tau_mag=0.0000Nm misalign_deg=90.0 pos=[-0.10900036  0.10899955  0.4914022 ] bottom_world=[-0.10900033  0.1089996   0.47140221] quat=[ 3.8268211e-01 -4.2160480e-08 -1.4376067e-06  9.2388004e-01] speed=0.0005 ang_speed=0.0028 ang_vel_vec=[ 0.00208596  0.00167016 -0.00072814] |com_force|=0.0000N
### kotek_magnet[tick=4680] sensor1: d=0.4082m in_range=False f_mag=0.000N tau_mag=0.0000Nm misalign_deg=90.0 pos=[0.1088043  0.10900898 0.49140236] bottom_world=[0.10880403 0.10900932 0.47140236] quat=[9.2484152e-01 1.0562416e-05 2.9961650e-06 3.8035280e-01] speed=0.0010 ang_speed=0.0030 ang_vel_vec=[-0.0019782  -0.0019072  -0.00110513] |com_force|=0.0000N
### kotek_magnet[tick=4680] sensor2: d=0.3208m in_range=False f_mag=0.000N tau_mag=0.0000Nm misalign_deg=90.0 pos=[ 0.10902465 -0.10904671  0.4914011 ] bottom_world=[ 0.10902464 -0.10904654  0.47140111] quat=[ 9.2300081e-01  3.7599357e-06  1.8469893e-06 -3.8479811e-01] speed=0.0004 ang_speed=0.0026 ang_vel_vec=[-0.00239845 -0.00030392 -0.00095778] |com_force|=0.0000N
### kotek_magnet[tick=4680] sensor3: d=0.5470m in_range=False f_mag=0.000N tau_mag=0.0000Nm misalign_deg=90.0 pos=[-0.10910752 -0.10914607  0.4914012 ] bottom_world=[-0.10910746 -0.10914596  0.4714012 ] quat=[-3.8058403e-01 -2.4642968e-06 -2.1612211e-06  9.2474645e-01] speed=0.0005 ang_speed=0.0026 ang_vel_vec=[-0.00012343  0.00245652 -0.00095321] |com_force|=0.0000N
### kotek_magnet[tick=4680] sensor4: d=0.5249m in_range=False f_mag=0.000N tau_mag=0.0000Nm misalign_deg=90.0 pos=[-0.10900037  0.10899953  0.49140236] bottom_world=[-0.10900036  0.10899958  0.47140236] quat=[ 3.8268223e-01  1.8111680e-07 -1.3448480e-06  9.2388004e-01] speed=0.0005 ang_speed=0.0027 ang_vel_vec=[ 0.00210289  0.00128821 -0.00099398] |com_force|=0.0000N
### kotek_magnet[tick=4740] sensor1: d=0.4082m in_range=False f_mag=0.000N tau_mag=0.0000Nm misalign_deg=90.0 pos=[0.10880255 0.10900909 0.49140227] bottom_world=[0.10880275 0.1090091  0.47140227] quat=[ 9.2484200e-01 -1.4930928e-06 -4.7232929e-06  3.8035160e-01] speed=0.0010 ang_speed=0.0024 ang_vel_vec=[-0.00193166  0.00012225  0.00146895] |com_force|=0.0000N
### kotek_magnet[tick=4740] sensor2: d=0.3208m in_range=False f_mag=0.000N tau_mag=0.0000Nm misalign_deg=90.0 pos=[ 0.10902444 -0.10904641  0.49140105] bottom_world=[ 0.1090245  -0.10904627  0.47140105] quat=[ 9.2300069e-01  3.7199875e-06  6.9896117e-08 -3.8479841e-01] speed=0.0002 ang_speed=0.0027 ang_vel_vec=[-0.00133429  0.0023829   0.00027602] |com_force|=0.0000N
### kotek_magnet[tick=4740] sensor3: d=0.5470m in_range=False f_mag=0.000N tau_mag=0.0000Nm misalign_deg=90.0 pos=[-0.10910721 -0.10914586  0.49140108] bottom_world=[-0.10910717 -0.10914581  0.47140108] quat=[-3.8058349e-01 -1.3418493e-06 -8.7741887e-07  9.2474663e-01] speed=0.0002 ang_speed=0.0029 ang_vel_vec=[0.00239115 0.00157272 0.00029799] |com_force|=0.0000N
### kotek_magnet[tick=4740] sensor4: d=0.5249m in_range=False f_mag=0.000N tau_mag=0.0000Nm misalign_deg=90.0 pos=[-0.10900036  0.10899955  0.4914023 ] bottom_world=[-0.10900035  0.10899961  0.4714023 ] quat=[ 3.8268223e-01  1.9913838e-07 -1.5536234e-06  9.2388010e-01] speed=0.0005 ang_speed=0.0024 ang_vel_vec=[ 0.0018409   0.00136831 -0.00072656] |com_force|=0.0000N
### kotek_magnet[tick=4800] sensor1: d=0.4082m in_range=False f_mag=0.000N tau_mag=0.0000Nm misalign_deg=90.0 pos=[0.10880256 0.10900929 0.49140236] bottom_world=[0.10880277 0.10900922 0.47140236] quat=[ 9.2484194e-01 -3.6059141e-06 -4.1820222e-06  3.8035181e-01] speed=0.0009 ang_speed=0.0032 ang_vel_vec=[ 0.00316607 -0.00013032  0.00066592] |com_force|=0.0000N
### kotek_magnet[tick=4800] sensor2: d=0.3208m in_range=False f_mag=0.000N tau_mag=0.0000Nm misalign_deg=90.0 pos=[ 0.10902465 -0.10904592  0.49140117] bottom_world=[ 0.10902452 -0.10904597  0.47140117] quat=[ 9.2300057e-01 -2.5651277e-06  2.5181316e-06 -3.8479856e-01] speed=0.0007 ang_speed=0.0040 ang_vel_vec=[ 0.00182242 -0.00354338  0.00041397] |com_force|=0.0000N
### kotek_magnet[tick=4800] sensor3: d=0.5470m in_range=False f_mag=0.000N tau_mag=0.0000Nm misalign_deg=90.0 pos=[-0.1091067  -0.10914608  0.4914012 ] bottom_world=[-0.10910687 -0.10914584  0.4714012 ] quat=[-3.8058326e-01  1.4398848e-06 -7.1913528e-06  9.2474663e-01] speed=0.0006 ang_speed=0.0035 ang_vel_vec=[-0.00313683 -0.00137326  0.00042845] |com_force|=0.0000N
### kotek_magnet[tick=4800] sensor4: d=0.5249m in_range=False f_mag=0.000N tau_mag=0.0000Nm misalign_deg=90.0 pos=[-0.10900006  0.10900016  0.49140245] bottom_world=[-0.10900029  0.10900001  0.47140245] quat=[3.8268209e-01 3.8745093e-06 5.6537215e-06 9.2388016e-01] speed=0.0010 ang_speed=0.0031 ang_vel_vec=[ 0.00217878 -0.002026   -0.00086411] |com_force|=0.0000N
### kotek_magnet[tick=4860] sensor1: d=0.4082m in_range=False f_mag=0.000N tau_mag=0.0000Nm misalign_deg=90.0 pos=[0.10880259 0.10900907 0.49140245] bottom_world=[0.10880278 0.10900909 0.47140245] quat=[ 9.2484194e-01 -1.5197339e-06 -4.6187697e-06  3.8035175e-01] speed=0.0010 ang_speed=0.0021 ang_vel_vec=[-0.00131223  0.00029583  0.00158878] |com_force|=0.0000N
### kotek_magnet[tick=4860] sensor2: d=0.3208m in_range=False f_mag=0.000N tau_mag=0.0000Nm misalign_deg=90.0 pos=[ 0.10902464 -0.10904587  0.49140117] bottom_world=[ 0.1090245  -0.10904594  0.47140117] quat=[ 9.2300069e-01 -2.9154944e-06  2.5734585e-06 -3.8479850e-01] speed=0.0006 ang_speed=0.0048 ang_vel_vec=[ 0.00222741 -0.00423382  0.00068661] |com_force|=0.0000N
### kotek_magnet[tick=4860] sensor3: d=0.5470m in_range=False f_mag=0.000N tau_mag=0.0000Nm misalign_deg=90.0 pos=[-0.10910644 -0.10914613  0.49140102] bottom_world=[-0.10910664 -0.10914584  0.47140102] quat=[-3.8058320e-01  1.9786519e-06 -8.7971775e-06  9.2474675e-01] speed=0.0008 ang_speed=0.0024 ang_vel_vec=[-0.00220351  0.00047386  0.00094126] |com_force|=0.0000N
### kotek_magnet[tick=4860] sensor4: d=0.5249m in_range=False f_mag=0.000N tau_mag=0.0000Nm misalign_deg=90.0 pos=[-0.10900033  0.10899957  0.4914023 ] bottom_world=[-0.1090003   0.10899962  0.4714023 ] quat=[ 3.8268220e-01  3.1683523e-08 -1.4304474e-06  9.2388004e-01] speed=0.0005 ang_speed=0.0026 ang_vel_vec=[ 0.00193385  0.00165475 -0.00058774] |com_force|=0.0000N
### kotek_magnet[tick=4920] sensor1: d=0.4082m in_range=False f_mag=0.000N tau_mag=0.0000Nm misalign_deg=90.0 pos=[0.10880341 0.10900927 0.49140224] bottom_world=[0.10880342 0.10900936 0.47140224] quat=[ 9.2484164e-01  1.8665636e-06 -1.1525569e-06  3.8035235e-01] speed=0.0002 ang_speed=0.0009 ang_vel_vec=[ 7.8463519e-04 -5.0829029e-05 -3.4351772e-04] |com_force|=0.0000N
### kotek_magnet[tick=4920] sensor2: d=0.3208m in_range=False f_mag=0.000N tau_mag=0.0000Nm misalign_deg=90.0 pos=[ 0.10902462 -0.10904672  0.491401  ] bottom_world=[ 0.10902462 -0.10904654  0.47140099] quat=[ 9.2300075e-01  4.1089297e-06  1.8301716e-06 -3.8479808e-01] speed=0.0005 ang_speed=0.0024 ang_vel_vec=[-0.00223948 -0.00031312 -0.00074784] |com_force|=0.0000N
### kotek_magnet[tick=4920] sensor3: d=0.5470m in_range=False f_mag=0.000N tau_mag=0.0000Nm misalign_deg=90.0 pos=[-0.10910816 -0.10914578  0.49140096] bottom_world=[-0.10910789 -0.1091459   0.47140096] quat=[-3.8058421e-01 -5.0309054e-06  5.5260148e-06  9.2474639e-01] speed=0.0010 ang_speed=0.0030 ang_vel_vec=[ 0.00225407  0.00174443 -0.00077298] |com_force|=0.0000N
### kotek_magnet[tick=4920] sensor4: d=0.5249m in_range=False f_mag=0.000N tau_mag=0.0000Nm misalign_deg=90.0 pos=[-0.1090002  0.1089985  0.4914024] bottom_world=[-0.1090001   0.1089988   0.47140239] quat=[ 3.8268301e-01  6.4334182e-07 -7.9869715e-06  9.2387974e-01] speed=0.0009 ang_speed=0.0022 ang_vel_vec=[ 5.4109032e-06 -1.7293380e-03  1.3301972e-03] |com_force|=0.0000N
### kotek_magnet[tick=4980] sensor1: d=0.4082m in_range=False f_mag=0.000N tau_mag=0.0000Nm misalign_deg=90.0 pos=[0.1088043  0.10900894 0.49140236] bottom_world=[0.10880404 0.10900928 0.47140236] quat=[9.2484146e-01 1.0516110e-05 2.8466700e-06 3.8035274e-01] speed=0.0010 ang_speed=0.0026 ang_vel_vec=[-0.00178612 -0.00167376 -0.00079737] |com_force|=0.0000N
### kotek_magnet[tick=4980] sensor2: d=0.3208m in_range=False f_mag=0.000N tau_mag=0.0000Nm misalign_deg=90.0 pos=[ 0.10902444 -0.10904642  0.49140117] bottom_world=[ 0.1090245  -0.10904628  0.47140117] quat=[ 9.2300069e-01  3.8629373e-06  1.8686876e-08 -3.8479838e-01] speed=0.0002 ang_speed=0.0028 ang_vel_vec=[-0.00138588  0.0024062   0.00032024] |com_force|=0.0000N
### kotek_magnet[tick=4980] sensor3: d=0.5470m in_range=False f_mag=0.000N tau_mag=0.0000Nm misalign_deg=90.0 pos=[-0.10910814 -0.1091458   0.49140114] bottom_world=[-0.10910788 -0.10914592  0.47140114] quat=[-3.8058394e-01 -4.9766049e-06  5.2485470e-06  9.2474639e-01] speed=0.0010 ang_speed=0.0024 ang_vel_vec=[ 0.00174711  0.00144546 -0.00071271] |com_force|=0.0000N
### kotek_magnet[tick=4980] sensor4: d=0.5249m in_range=False f_mag=0.000N tau_mag=0.0000Nm misalign_deg=90.0 pos=[-0.10900022  0.10899842  0.4914024 ] bottom_world=[-0.1090001   0.10899874  0.47140239] quat=[ 3.8268301e-01  2.3729578e-07 -8.6999416e-06  9.2387974e-01] speed=0.0010 ang_speed=0.0018 ang_vel_vec=[-0.00086029 -0.00058502  0.00141449] |com_force|=0.0000N
### kotek_magnet[tick=5040] sensor1: d=0.4082m in_range=False f_mag=0.000N tau_mag=0.0000Nm misalign_deg=90.0 pos=[0.10880284 0.10900928 0.49140233] bottom_world=[0.10880301 0.10900925 0.47140233] quat=[ 9.2484182e-01 -2.2597524e-06 -3.7872278e-06  3.8035205e-01] speed=0.0006 ang_speed=0.0046 ang_vel_vec=[0.00418692 0.00179027 0.00063291] |com_force|=0.0000N
### kotek_magnet[tick=5040] sensor2: d=0.3208m in_range=False f_mag=0.000N tau_mag=0.0000Nm misalign_deg=90.0 pos=[ 0.10902466 -0.10904667  0.49140114] bottom_world=[ 0.10902464 -0.10904651  0.47140114] quat=[ 9.2300093e-01  3.6048518e-06  1.8898191e-06 -3.8479796e-01] speed=0.0004 ang_speed=0.0022 ang_vel_vec=[-0.0019393  -0.00080318 -0.00068748] |com_force|=0.0000N
### kotek_magnet[tick=5040] sensor3: d=0.5470m in_range=False f_mag=0.000N tau_mag=0.0000Nm misalign_deg=90.0 pos=[-0.10910752 -0.10914606  0.49140114] bottom_world=[-0.10910747 -0.10914593  0.47140114] quat=[-3.8058385e-01 -2.3486439e-06 -2.4480896e-06  9.2474645e-01] speed=0.0005 ang_speed=0.0022 ang_vel_vec=[-0.00085293  0.00194368 -0.00069889] |com_force|=0.0000N
### kotek_magnet[tick=5040] sensor4: d=0.5249m in_range=False f_mag=0.000N tau_mag=0.0000Nm misalign_deg=90.0 pos=[-0.10900021  0.10899851  0.4914023 ] bottom_world=[-0.10900009  0.10899882  0.4714023 ] quat=[ 3.826831e-01  3.397259e-07 -8.254622e-06  9.238797e-01] speed=0.0009 ang_speed=0.0016 ang_vel_vec=[-0.0006744  -0.00050662  0.00139129] |com_force|=0.0000N
### kotek_magnet[tick=5100] sensor1: d=0.4082m in_range=False f_mag=0.000N tau_mag=0.0000Nm misalign_deg=90.0 pos=[0.10880256 0.10900907 0.4914023 ] bottom_world=[0.10880276 0.10900909 0.4714023 ] quat=[ 9.2484194e-01 -1.3631247e-06 -4.6677646e-06  3.8035166e-01] speed=0.0010 ang_speed=0.0027 ang_vel_vec=[-0.00225096 -0.00016969  0.00142182] |com_force|=0.0000N
### kotek_magnet[tick=5100] sensor2: d=0.3208m in_range=False f_mag=0.000N tau_mag=0.0000Nm misalign_deg=90.0 pos=[ 0.10902434 -0.10904735  0.4914012 ] bottom_world=[ 0.10902458 -0.10904697  0.4714012 ] quat=[ 9.2300081e-01  1.1057903e-05 -1.8060130e-06 -3.8479790e-01] speed=0.0010 ang_speed=0.0028 ang_vel_vec=[-0.00169949  0.00206563 -0.00081371] |com_force|=0.0000N
### kotek_magnet[tick=5100] sensor3: d=0.5470m in_range=False f_mag=0.000N tau_mag=0.0000Nm misalign_deg=90.0 pos=[-0.1091075  -0.10914608  0.49140108] bottom_world=[-0.10910745 -0.10914596  0.47140108] quat=[-3.8058394e-01 -2.4951348e-06 -2.3387909e-06  9.2474645e-01] speed=0.0005 ang_speed=0.0023 ang_vel_vec=[-0.00090036  0.00203241 -0.00076143] |com_force|=0.0000N
### kotek_magnet[tick=5100] sensor4: d=0.5249m in_range=False f_mag=0.000N tau_mag=0.0000Nm misalign_deg=90.0 pos=[-0.10900018  0.10899847  0.49140236] bottom_world=[-0.10900008  0.10899878  0.47140236] quat=[ 3.8268298e-01  5.1290783e-07 -8.0810805e-06  9.2387974e-01] speed=0.0009 ang_speed=0.0017 ang_vel_vec=[-0.00039316 -0.00106915  0.00131692] |com_force|=0.0000N
### kotek_magnet[tick=5160] sensor1: d=0.4082m in_range=False f_mag=0.000N tau_mag=0.0000Nm misalign_deg=90.0 pos=[0.10880258 0.1090091  0.4914024 ] bottom_world=[0.10880278 0.10900912 0.47140239] quat=[ 9.2484200e-01 -1.4972915e-06 -4.7217063e-06  3.8035166e-01] speed=0.0010 ang_speed=0.0024 ang_vel_vec=[-0.00181942  0.00013213  0.00155034] |com_force|=0.0000N
### kotek_magnet[tick=5160] sensor2: d=0.3208m in_range=False f_mag=0.000N tau_mag=0.0000Nm misalign_deg=90.0 pos=[ 0.10902464 -0.10904589  0.49140108] bottom_world=[ 0.1090245  -0.10904595  0.47140108] quat=[ 9.2300057e-01 -2.8489449e-06  2.6517200e-06 -3.8479856e-01] speed=0.0006 ang_speed=0.0048 ang_vel_vec=[ 0.00212898 -0.00420257  0.00064253] |com_force|=0.0000N
### kotek_magnet[tick=5160] sensor3: d=0.5470m in_range=False f_mag=0.000N tau_mag=0.0000Nm misalign_deg=90.0 pos=[-0.10910729 -0.10914579  0.49140105] bottom_world=[-0.10910721 -0.10914576  0.47140105] quat=[-3.8058349e-01 -2.1323078e-06  6.0990722e-08  9.2474663e-01] speed=0.0002 ang_speed=0.0027 ang_vel_vec=[0.00176509 0.00197079 0.0004894 ] |com_force|=0.0000N
### kotek_magnet[tick=5160] sensor4: d=0.5249m in_range=False f_mag=0.000N tau_mag=0.0000Nm misalign_deg=90.0 pos=[-0.10900036  0.10899955  0.49140236] bottom_world=[-0.10900034  0.10899961  0.47140236] quat=[ 3.8268238e-01  1.3169597e-07 -1.5861933e-06  9.2387998e-01] speed=0.0005 ang_speed=0.0026 ang_vel_vec=[ 0.00195586  0.00166427 -0.00063622] |com_force|=0.0000N
### still playing, 1310s left
### kotek_magnet[tick=5220] sensor1: d=0.4082m in_range=False f_mag=0.000N tau_mag=0.0000Nm misalign_deg=90.0 pos=[0.10880256 0.10900912 0.49140233] bottom_world=[0.10880275 0.10900914 0.47140233] quat=[ 9.2484200e-01 -1.5255848e-06 -4.7021863e-06  3.8035181e-01] speed=0.0010 ang_speed=0.0024 ang_vel_vec=[-1.9229533e-03  5.8836205e-05  1.3547620e-03] |com_force|=0.0000N
### kotek_magnet[tick=5220] sensor2: d=0.3208m in_range=False f_mag=0.000N tau_mag=0.0000Nm misalign_deg=90.0 pos=[ 0.10902446 -0.10904561  0.49140123] bottom_world=[ 0.10902436 -0.1090457   0.47140123] quat=[ 9.2300045e-01 -3.0105552e-06  1.4426987e-06 -3.8479888e-01] speed=0.0010 ang_speed=0.0021 ang_vel_vec=[0.00048402 0.001569   0.00136841] |com_force|=0.0000N
### kotek_magnet[tick=5220] sensor3: d=0.5470m in_range=False f_mag=0.000N tau_mag=0.0000Nm misalign_deg=90.0 pos=[-0.10910817 -0.10914576  0.49140108] bottom_world=[-0.10910791 -0.10914588  0.47140108] quat=[-3.8058406e-01 -4.9204887e-06  5.3178974e-06  9.2474639e-01] speed=0.0010 ang_speed=0.0026 ang_vel_vec=[ 0.00191488  0.00157363 -0.00084356] |com_force|=0.0000N
### kotek_magnet[tick=5220] sensor4: d=0.5249m in_range=False f_mag=0.000N tau_mag=0.0000Nm misalign_deg=90.0 pos=[-0.10900008  0.10900016  0.4914023 ] bottom_world=[-0.1090003   0.10900001  0.4714023 ] quat=[3.8268206e-01 3.7835573e-06 5.5566434e-06 9.2388010e-01] speed=0.0010 ang_speed=0.0027 ang_vel_vec=[ 0.00183814 -0.00179453 -0.00084655] |com_force|=0.0000N
### kotek_magnet[tick=5280] sensor1: d=0.4082m in_range=False f_mag=0.000N tau_mag=0.0000Nm misalign_deg=90.0 pos=[0.10880283 0.10900927 0.49140233] bottom_world=[0.10880299 0.10900925 0.47140233] quat=[ 9.2484182e-01 -2.0375116e-06 -3.7021202e-06  3.8035220e-01] speed=0.0006 ang_speed=0.0041 ang_vel_vec=[0.00380263 0.00160614 0.00036711] |com_force|=0.0000N
### kotek_magnet[tick=5280] sensor2: d=0.3208m in_range=False f_mag=0.000N tau_mag=0.0000Nm misalign_deg=90.0 pos=[ 0.10902435 -0.10904735  0.49140117] bottom_world=[ 0.10902458 -0.10904697  0.47140117] quat=[ 9.2300087e-01  1.0903319e-05 -1.8455125e-06 -3.8479793e-01] speed=0.0009 ang_speed=0.0031 ang_vel_vec=[-0.00186718  0.00227158 -0.0009774 ] |com_force|=0.0000N
### kotek_magnet[tick=5280] sensor3: d=0.5470m in_range=False f_mag=0.000N tau_mag=0.0000Nm misalign_deg=90.0 pos=[-0.10910815 -0.10914579  0.4914011 ] bottom_world=[-0.10910789 -0.10914591  0.47140111] quat=[-3.8058412e-01 -4.9277437e-06  5.3691592e-06  9.2474633e-01] speed=0.0010 ang_speed=0.0030 ang_vel_vec=[ 0.00217832  0.00174465 -0.00098253] |com_force|=0.0000N
### kotek_magnet[tick=5280] sensor4: d=0.5249m in_range=False f_mag=0.000N tau_mag=0.0000Nm misalign_deg=90.0 pos=[-0.10900009  0.10900019  0.4914023 ] bottom_world=[-0.10900032  0.10900004  0.4714023 ] quat=[3.8268206e-01 3.8721237e-06 5.7581442e-06 9.2388010e-01] speed=0.0010 ang_speed=0.0031 ang_vel_vec=[ 0.00205023 -0.00205011 -0.00097724] |com_force|=0.0000N
### kotek_magnet[tick=5340] sensor1: d=0.4082m in_range=False f_mag=0.000N tau_mag=0.0000Nm misalign_deg=90.0 pos=[0.10880258 0.10900909 0.49140236] bottom_world=[0.10880277 0.10900912 0.47140236] quat=[ 9.2484194e-01 -1.3256968e-06 -4.6933928e-06  3.8035172e-01] speed=0.0010 ang_speed=0.0027 ang_vel_vec=[-0.00233702 -0.00015814  0.00138438] |com_force|=0.0000N
### kotek_magnet[tick=5340] sensor2: d=0.3208m in_range=False f_mag=0.000N tau_mag=0.0000Nm misalign_deg=90.0 pos=[ 0.10902433 -0.10904738  0.4914011 ] bottom_world=[ 0.10902458 -0.10904699  0.47140111] quat=[ 9.2300087e-01  1.1366099e-05 -1.9351044e-06 -3.8479787e-01] speed=0.0010 ang_speed=0.0031 ang_vel_vec=[-0.0019184   0.00223334 -0.00086567] |com_force|=0.0000N
### kotek_magnet[tick=5340] sensor3: d=0.5470m in_range=False f_mag=0.000N tau_mag=0.0000Nm misalign_deg=90.0 pos=[-0.10910815 -0.10914577  0.49140105] bottom_world=[-0.10910789 -0.10914588  0.47140105] quat=[-3.8058406e-01 -4.9020223e-06  5.0607177e-06  9.2474633e-01] speed=0.0010 ang_speed=0.0025 ang_vel_vec=[ 0.00176611  0.00150206 -0.00084959] |com_force|=0.0000N
### kotek_magnet[tick=5340] sensor4: d=0.5249m in_range=False f_mag=0.000N tau_mag=0.0000Nm misalign_deg=90.0 pos=[-0.10900008  0.10900018  0.49140236] bottom_world=[-0.1090003   0.10900003  0.47140236] quat=[3.8268209e-01 3.7401089e-06 5.3885515e-06 9.2388010e-01] speed=0.0010 ang_speed=0.0027 ang_vel_vec=[ 0.00179125 -0.00177822 -0.00082673] |com_force|=0.0000N
### kotek_magnet[tick=5400] sensor1: d=0.4082m in_range=False f_mag=0.000N tau_mag=0.0000Nm misalign_deg=90.0 pos=[0.10880259 0.10900907 0.49140233] bottom_world=[0.10880279 0.10900909 0.47140233] quat=[ 9.2484194e-01 -1.4542525e-06 -4.6559726e-06  3.8035160e-01] speed=0.0010 ang_speed=0.0022 ang_vel_vec=[-0.0016036   0.00018857  0.00152528] |com_force|=0.0000N
### kotek_magnet[tick=5400] sensor2: d=0.3208m in_range=False f_mag=0.000N tau_mag=0.0000Nm misalign_deg=90.0 pos=[ 0.10902464 -0.10904645  0.49140102] bottom_world=[ 0.1090246  -0.10904637  0.47140102] quat=[ 9.2300069e-01  1.5424406e-06  1.8252621e-06 -3.8479835e-01] speed=0.0001 ang_speed=0.0022 ang_vel_vec=[ 0.00141144 -0.00160596 -0.00028499] |com_force|=0.0000N
### kotek_magnet[tick=5400] sensor3: d=0.5470m in_range=False f_mag=0.000N tau_mag=0.0000Nm misalign_deg=90.0 pos=[-0.10910645 -0.1091459   0.49140108] bottom_world=[-0.10910664 -0.1091457   0.47140108] quat=[-3.8058293e-01  2.4806016e-06 -6.4736651e-06  9.2474687e-01] speed=0.0009 ang_speed=0.0028 ang_vel_vec=[ 2.2860479e-03 -7.9717978e-07  1.5336776e-03] |com_force|=0.0000N
### kotek_magnet[tick=5400] sensor4: d=0.5249m in_range=False f_mag=0.000N tau_mag=0.0000Nm misalign_deg=90.0 pos=[-0.10899987  0.10900023  0.4914023 ] bottom_world=[-0.10900016  0.10900007  0.4714023 ] quat=[3.8268238e-01 5.1019492e-06 6.4151832e-06 9.2388004e-01] speed=0.0012 ang_speed=0.0138 ang_vel_vec=[ 0.0070558  -0.01181136 -0.00017803] |com_force|=0.0000N
### kotek_magnet[tick=5460] sensor1: d=0.4082m in_range=False f_mag=0.000N tau_mag=0.0000Nm misalign_deg=90.0 pos=[0.10880432 0.10900896 0.49140254] bottom_world=[0.10880405 0.10900931 0.47140254] quat=[9.2484158e-01 1.0641968e-05 2.8440656e-06 3.8035282e-01] speed=0.0010 ang_speed=0.0029 ang_vel_vec=[-0.0020466  -0.00177032 -0.00114123] |com_force|=0.0000N
### kotek_magnet[tick=5460] sensor2: d=0.3208m in_range=False f_mag=0.000N tau_mag=0.0000Nm misalign_deg=90.0 pos=[ 0.10902451 -0.10904559  0.49140117] bottom_world=[ 0.10902439 -0.10904569  0.47140117] quat=[ 9.2300045e-01 -3.4886486e-06  1.7941643e-06 -3.8479882e-01] speed=0.0010 ang_speed=0.0018 ang_vel_vec=[0.00068692 0.00119346 0.00116209] |com_force|=0.0000N
### kotek_magnet[tick=5460] sensor3: d=0.5470m in_range=False f_mag=0.000N tau_mag=0.0000Nm misalign_deg=90.0 pos=[-0.1091067  -0.10914608  0.4914011 ] bottom_world=[-0.10910687 -0.10914584  0.47140111] quat=[-3.8058341e-01  1.5338192e-06 -7.2474163e-06  9.2474657e-01] speed=0.0006 ang_speed=0.0040 ang_vel_vec=[-0.00365032 -0.00154859  0.00026402] |com_force|=0.0000N
### kotek_magnet[tick=5460] sensor4: d=0.5249m in_range=False f_mag=0.000N tau_mag=0.0000Nm misalign_deg=90.0 pos=[-0.10900006  0.10900017  0.49140245] bottom_world=[-0.10900028  0.10900003  0.47140245] quat=[3.8268209e-01 3.8925427e-06 5.4901780e-06 9.2388016e-01] speed=0.0010 ang_speed=0.0027 ang_vel_vec=[ 0.00166267 -0.00187781 -0.00105413] |com_force|=0.0000N
### kotek_magnet[tick=5520] sensor1: d=0.4082m in_range=False f_mag=0.000N tau_mag=0.0000Nm misalign_deg=90.0 pos=[0.10880383 0.10900929 0.49140224] bottom_world=[0.10880373 0.10900941 0.47140224] quat=[9.2484152e-01 3.6907618e-06 1.0986479e-06 3.8035277e-01] speed=0.0006 ang_speed=0.0024 ang_vel_vec=[ 0.00074425 -0.00213146 -0.00082958] |com_force|=0.0000N
### kotek_magnet[tick=5520] sensor2: d=0.3208m in_range=False f_mag=0.000N tau_mag=0.0000Nm misalign_deg=90.0 pos=[ 0.10902446 -0.10904563  0.4914011 ] bottom_world=[ 0.10902437 -0.10904572  0.47140111] quat=[ 9.2300051e-01 -2.8471379e-06  1.3025088e-06 -3.8479900e-01] speed=0.0010 ang_speed=0.0028 ang_vel_vec=[0.00014761 0.00239973 0.00146516] |com_force|=0.0000N
### kotek_magnet[tick=5520] sensor3: d=0.5470m in_range=False f_mag=0.000N tau_mag=0.0000Nm misalign_deg=90.0 pos=[-0.10910749 -0.10914604  0.49140114] bottom_world=[-0.10910743 -0.10914592  0.47140114] quat=[-3.8058382e-01 -2.3818613e-06 -2.2626259e-06  9.2474639e-01] speed=0.0005 ang_speed=0.0024 ang_vel_vec=[-0.00011395  0.00233369 -0.00070161] |com_force|=0.0000N
### kotek_magnet[tick=5520] sensor4: d=0.5249m in_range=False f_mag=0.000N tau_mag=0.0000Nm misalign_deg=90.0 pos=[-0.10900007  0.10900016  0.49140227] bottom_world=[-0.10900029  0.10900001  0.47140227] quat=[3.8268209e-01 3.6952329e-06 5.5994819e-06 9.2388016e-01] speed=0.0010 ang_speed=0.0024 ang_vel_vec=[ 0.00167954 -0.00151232 -0.00071681] |com_force|=0.0000N
### kotek_magnet[tick=5580] sensor1: d=0.4082m in_range=False f_mag=0.000N tau_mag=0.0000Nm misalign_deg=90.0 pos=[0.10880429 0.10900898 0.49140233] bottom_world=[0.10880403 0.10900933 0.47140233] quat=[9.2484152e-01 1.0514794e-05 2.8255113e-06 3.8035282e-01] speed=0.0010 ang_speed=0.0026 ang_vel_vec=[-0.00182382 -0.00160322 -0.00081879] |com_force|=0.0000N
### kotek_magnet[tick=5580] sensor2: d=0.3208m in_range=False f_mag=0.000N tau_mag=0.0000Nm misalign_deg=90.0 pos=[ 0.10902463 -0.10904645  0.4914011 ] bottom_world=[ 0.10902458 -0.10904636  0.47140111] quat=[ 9.2300075e-01  1.6393890e-06  1.9377171e-06 -3.8479832e-01] speed=0.0001 ang_speed=0.0019 ang_vel_vec=[ 0.00067154 -0.00169399 -0.00036086] |com_force|=0.0000N
### kotek_magnet[tick=5580] sensor3: d=0.5470m in_range=False f_mag=0.000N tau_mag=0.0000Nm misalign_deg=90.0 pos=[-0.10910729 -0.10914582  0.49140102] bottom_world=[-0.10910726 -0.10914578  0.47140102] quat=[-3.8058352e-01 -9.2612459e-07 -6.9481092e-07  9.2474657e-01] speed=0.0003 ang_speed=0.0057 ang_vel_vec=[0.00500597 0.00260126 0.0003901 ] |com_force|=0.0000N
### kotek_magnet[tick=5580] sensor4: d=0.5249m in_range=False f_mag=0.000N tau_mag=0.0000Nm misalign_deg=90.0 pos=[-0.10900037  0.10899874  0.4914023 ] bottom_world=[-0.10900022  0.10899903  0.4714023 ] quat=[ 3.8268256e-01 -5.8581730e-07 -8.1695989e-06  9.2387986e-01] speed=0.0006 ang_speed=0.0044 ang_vel_vec=[-0.00168817  0.00400897  0.00050044] |com_force|=0.0000N
### kotek_magnet[tick=5640] sensor1: d=0.4082m in_range=False f_mag=0.000N tau_mag=0.0000Nm misalign_deg=90.0 pos=[0.10880381 0.10900926 0.49140242] bottom_world=[0.10880372 0.10900938 0.47140242] quat=[9.2484152e-01 3.6719271e-06 9.8613248e-07 3.8035268e-01] speed=0.0006 ang_speed=0.0025 ang_vel_vec=[ 0.0005093  -0.00226399 -0.00086172] |com_force|=0.0000N
### kotek_magnet[tick=5640] sensor2: d=0.3208m in_range=False f_mag=0.000N tau_mag=0.0000Nm misalign_deg=90.0 pos=[ 0.10902467 -0.10904647  0.49140105] bottom_world=[ 0.10902462 -0.10904638  0.47140105] quat=[ 9.2300075e-01  1.6079354e-06  1.8486544e-06 -3.8479823e-01] speed=0.0001 ang_speed=0.0014 ang_vel_vec=[ 0.0007156  -0.00112965 -0.00031512] |com_force|=0.0000N
### kotek_magnet[tick=5640] sensor3: d=0.5470m in_range=False f_mag=0.000N tau_mag=0.0000Nm misalign_deg=90.0 pos=[-0.10910752 -0.10914608  0.4914011 ] bottom_world=[-0.10910746 -0.10914595  0.47140111] quat=[-3.8058385e-01 -2.4355090e-06 -2.4570763e-06  9.2474645e-01] speed=0.0005 ang_speed=0.0023 ang_vel_vec=[-0.00099394  0.00192713 -0.0006977 ] |com_force|=0.0000N
### kotek_magnet[tick=5640] sensor4: d=0.5249m in_range=False f_mag=0.000N tau_mag=0.0000Nm misalign_deg=90.0 pos=[-0.10900037  0.10899873  0.4914023 ] bottom_world=[-0.10900022  0.10899902  0.4714023 ] quat=[ 3.8268268e-01 -6.1695607e-07 -8.1569106e-06  9.2387986e-01] speed=0.0006 ang_speed=0.0048 ang_vel_vec=[-0.00185722  0.00442674  0.00049949] |com_force|=0.0000N
### kotek_magnet[tick=5700] sensor1: d=0.4082m in_range=False f_mag=0.000N tau_mag=0.0000Nm misalign_deg=90.0 pos=[0.10880256 0.10900906 0.49140233] bottom_world=[0.10880276 0.10900908 0.47140233] quat=[ 9.2484200e-01 -1.4235835e-06 -4.6972750e-06  3.8035169e-01] speed=0.0010 ang_speed=0.0027 ang_vel_vec=[-2.2901280e-03 -9.3641633e-05  1.4125792e-03] |com_force|=0.0000N
### kotek_magnet[tick=5700] sensor2: d=0.3208m in_range=False f_mag=0.000N tau_mag=0.0000Nm misalign_deg=90.0 pos=[ 0.10902447 -0.10904566  0.4914012 ] bottom_world=[ 0.10902437 -0.10904575  0.4714012 ] quat=[ 9.2300045e-01 -3.0560605e-06  1.5282003e-06 -3.8479882e-01] speed=0.0010 ang_speed=0.0020 ang_vel_vec=[0.00054242 0.0013145  0.00143098] |com_force|=0.0000N
### kotek_magnet[tick=5700] sensor3: d=0.5470m in_range=False f_mag=0.000N tau_mag=0.0000Nm misalign_deg=90.0 pos=[-0.10910731 -0.1091458   0.49140108] bottom_world=[-0.10910722 -0.10914577  0.47140108] quat=[-3.8058352e-01 -2.2132408e-06  2.5972170e-07  9.2474663e-01] speed=0.0002 ang_speed=0.0028 ang_vel_vec=[0.0017724  0.00209419 0.00038127] |com_force|=0.0000N
### kotek_magnet[tick=5700] sensor4: d=0.5249m in_range=False f_mag=0.000N tau_mag=0.0000Nm misalign_deg=90.0 pos=[-0.10900044  0.10899843  0.4914024 ] bottom_world=[-0.10900023  0.10899877  0.47140239] quat=[ 3.8268289e-01 -1.4938204e-06 -9.7035045e-06  9.2387980e-01] speed=0.0009 ang_speed=0.0035 ang_vel_vec=[0.00015604 0.00341292 0.00060242] |com_force|=0.0000N
### kotek_magnet[tick=5760] sensor1: d=0.4082m in_range=False f_mag=0.000N tau_mag=0.0000Nm misalign_deg=90.0 pos=[0.10880432 0.109009   0.4914023 ] bottom_world=[0.10880405 0.10900934 0.4714023 ] quat=[9.2484146e-01 1.0421975e-05 2.8049390e-06 3.8035282e-01] speed=0.0010 ang_speed=0.0026 ang_vel_vec=[-0.00180159 -0.00165305 -0.00085888] |com_force|=0.0000N
### kotek_magnet[tick=5760] sensor2: d=0.3208m in_range=False f_mag=0.000N tau_mag=0.0000Nm misalign_deg=90.0 pos=[ 0.10902471 -0.10904559  0.49140105] bottom_world=[ 0.10902451 -0.1090457   0.47140105] quat=[ 9.2300051e-01 -4.3969990e-06  3.5812059e-06 -3.8479879e-01] speed=0.0009 ang_speed=0.0031 ang_vel_vec=[-0.00023234 -0.00295534  0.00073995] |com_force|=0.0000N
### kotek_magnet[tick=5760] sensor3: d=0.5470m in_range=False f_mag=0.000N tau_mag=0.0000Nm misalign_deg=90.0 pos=[-0.10910814 -0.10914575  0.49140114] bottom_world=[-0.10910788 -0.10914587  0.47140114] quat=[-3.8058403e-01 -4.9295886e-06  5.0735862e-06  9.2474639e-01] speed=0.0010 ang_speed=0.0024 ang_vel_vec=[ 0.00175312  0.00148238 -0.00077611] |com_force|=0.0000N
### kotek_magnet[tick=5760] sensor4: d=0.5249m in_range=False f_mag=0.000N tau_mag=0.0000Nm misalign_deg=90.0 pos=[-0.10900021  0.10899848  0.49140233] bottom_world=[-0.10900011  0.10899879  0.47140233] quat=[ 3.8268295e-01  5.0702312e-07 -8.1823127e-06  9.2387974e-01] speed=0.0009 ang_speed=0.0018 ang_vel_vec=[-0.00051569 -0.00109513  0.00133902] |com_force|=0.0000N
### kotek_magnet[tick=5820] sensor1: d=0.4082m in_range=False f_mag=0.000N tau_mag=0.0000Nm misalign_deg=90.0 pos=[0.10880381 0.10900925 0.49140233] bottom_world=[0.10880371 0.10900939 0.47140233] quat=[9.2484146e-01 4.2115862e-06 1.0436942e-06 3.8035271e-01] speed=0.0006 ang_speed=0.0031 ang_vel_vec=[-0.00084508 -0.00284371 -0.00096803] |com_force|=0.0000N
### kotek_magnet[tick=5820] sensor2: d=0.3208m in_range=False f_mag=0.000N tau_mag=0.0000Nm misalign_deg=90.0 pos=[ 0.10902447 -0.10904565  0.49140117] bottom_world=[ 0.10902437 -0.10904573  0.47140117] quat=[ 9.2300045e-01 -2.6848941e-06  1.3482618e-06 -3.8479906e-01] speed=0.0010 ang_speed=0.0028 ang_vel_vec=[4.4170480e-05 2.4235593e-03 1.3696440e-03] |com_force|=0.0000N
### kotek_magnet[tick=5820] sensor3: d=0.5470m in_range=False f_mag=0.000N tau_mag=0.0000Nm misalign_deg=90.0 pos=[-0.10910751 -0.10914608  0.49140105] bottom_world=[-0.10910744 -0.10914597  0.47140105] quat=[-3.8058391e-01 -2.6153937e-06 -2.0079449e-06  9.2474645e-01] speed=0.0005 ang_speed=0.0025 ang_vel_vec=[-0.00013203  0.00234182 -0.00078275] |com_force|=0.0000N
### kotek_magnet[tick=5820] sensor4: d=0.5249m in_range=False f_mag=0.000N tau_mag=0.0000Nm misalign_deg=90.0 pos=[-0.10900036  0.10899876  0.49140233] bottom_world=[-0.10900023  0.10899905  0.47140233] quat=[ 3.8268277e-01 -4.1369381e-07 -7.8767816e-06  9.2387992e-01] speed=0.0006 ang_speed=0.0043 ang_vel_vec=[-0.00158336  0.0039658   0.00040559] |com_force|=0.0000N
### kotek_magnet[tick=5880] sensor1: d=0.4082m in_range=False f_mag=0.000N tau_mag=0.0000Nm misalign_deg=90.0 pos=[0.10880428 0.10900895 0.4914024 ] bottom_world=[0.10880401 0.1090093  0.47140239] quat=[9.2484146e-01 1.0493025e-05 2.8702157e-06 3.8035271e-01] speed=0.0010 ang_speed=0.0026 ang_vel_vec=[-0.0018481  -0.0016787  -0.00087955] |com_force|=0.0000N
### kotek_magnet[tick=5880] sensor2: d=0.3208m in_range=False f_mag=0.000N tau_mag=0.0000Nm misalign_deg=90.0 pos=[ 0.10902467 -0.10904589  0.49140117] bottom_world=[ 0.10902453 -0.10904596  0.47140117] quat=[ 9.2300063e-01 -2.9353025e-06  2.6817272e-06 -3.8479859e-01] speed=0.0006 ang_speed=0.0046 ang_vel_vec=[ 0.00192521 -0.00418254  0.00050936] |com_force|=0.0000N
### kotek_magnet[tick=5880] sensor3: d=0.5470m in_range=False f_mag=0.000N tau_mag=0.0000Nm misalign_deg=90.0 pos=[-0.10910816 -0.10914579  0.4914012 ] bottom_world=[-0.1091079 -0.1091459  0.4714012] quat=[-3.805840e-01 -4.958733e-06  5.119742e-06  9.247464e-01] speed=0.0010 ang_speed=0.0026 ang_vel_vec=[ 0.0018186   0.00159887 -0.00080769] |com_force|=0.0000N
### kotek_magnet[tick=5880] sensor4: d=0.5249m in_range=False f_mag=0.000N tau_mag=0.0000Nm misalign_deg=90.0 pos=[-0.10900021  0.10899849  0.4914024 ] bottom_world=[-0.10900011  0.1089988   0.47140239] quat=[ 3.8268295e-01  4.7516679e-07 -8.2158285e-06  9.2387968e-01] speed=0.0009 ang_speed=0.0017 ang_vel_vec=[-0.00054297 -0.00100496  0.00131206] |com_force|=0.0000N
### kotek_magnet[tick=5940] sensor1: d=0.4082m in_range=False f_mag=0.000N tau_mag=0.0000Nm misalign_deg=90.0 pos=[0.10880381 0.10900926 0.49140233] bottom_world=[0.10880371 0.10900939 0.47140233] quat=[9.2484152e-01 3.8460207e-06 9.5218013e-07 3.8035282e-01] speed=0.0006 ang_speed=0.0028 ang_vel_vec=[-0.00019886 -0.00259112 -0.00095398] |com_force|=0.0000N
### kotek_magnet[tick=5940] sensor2: d=0.3208m in_range=False f_mag=0.000N tau_mag=0.0000Nm misalign_deg=90.0 pos=[ 0.10902447 -0.10904567  0.49140114] bottom_world=[ 0.10902437 -0.10904575  0.47140114] quat=[ 9.2300045e-01 -2.8684126e-06  1.4802786e-06 -3.8479888e-01] speed=0.0010 ang_speed=0.0023 ang_vel_vec=[0.00037076 0.00176137 0.00136774] |com_force|=0.0000N
### kotek_magnet[tick=5940] sensor3: d=0.5470m in_range=False f_mag=0.000N tau_mag=0.0000Nm misalign_deg=90.0 pos=[-0.10910671 -0.10914607  0.49140108] bottom_world=[-0.10910688 -0.10914583  0.47140108] quat=[-3.8058341e-01  1.4895163e-06 -7.3063711e-06  9.2474657e-01] speed=0.0006 ang_speed=0.0039 ang_vel_vec=[-0.00351603 -0.00149898  0.00047996] |com_force|=0.0000N
### kotek_magnet[tick=5940] sensor4: d=0.5249m in_range=False f_mag=0.000N tau_mag=0.0000Nm misalign_deg=90.0 pos=[-0.10900021  0.1089985   0.4914023 ] bottom_world=[-0.1090001   0.10899881  0.4714023 ] quat=[ 3.8268301e-01  5.1413002e-07 -8.1329026e-06  9.2387974e-01] speed=0.0009 ang_speed=0.0019 ang_vel_vec=[-0.00025061 -0.00134374  0.00127921] |com_force|=0.0000N
### kotek_magnet[tick=6000] sensor1: d=0.4082m in_range=False f_mag=0.000N tau_mag=0.0000Nm misalign_deg=90.0 pos=[0.10880253 0.10900909 0.49140242] bottom_world=[0.10880274 0.1090091  0.47140242] quat=[ 9.2484200e-01 -1.9766669e-06 -4.8691763e-06  3.8035163e-01] speed=0.0010 ang_speed=0.0020 ang_vel_vec=[-0.00120432  0.00045539  0.00152418] |com_force|=0.0000N
### kotek_magnet[tick=6000] sensor2: d=0.3208m in_range=False f_mag=0.000N tau_mag=0.0000Nm misalign_deg=90.0 pos=[ 0.10902447 -0.10904565  0.49140108] bottom_world=[ 0.10902438 -0.10904573  0.47140108] quat=[ 9.2300045e-01 -2.8471113e-06  1.4328912e-06 -3.8479888e-01] speed=0.0010 ang_speed=0.0025 ang_vel_vec=[0.00036536 0.00197975 0.00148149] |com_force|=0.0000N
### kotek_magnet[tick=6000] sensor3: d=0.5470m in_range=False f_mag=0.000N tau_mag=0.0000Nm misalign_deg=90.0 pos=[-0.10910825 -0.1091456   0.4914011 ] bottom_world=[-0.10910795 -0.10914581  0.47140111] quat=[-3.8058382e-01 -4.7921699e-06  7.6746182e-06  9.2474645e-01] speed=0.0014 ang_speed=0.0163 ang_vel_vec=[ 0.01417181  0.00807301 -0.00025528] |com_force|=0.0000N
### kotek_magnet[tick=6000] sensor4: d=0.5249m in_range=False f_mag=0.000N tau_mag=0.0000Nm misalign_deg=90.0 pos=[-0.10900035  0.10899951  0.49140233] bottom_world=[-0.10900033  0.10899957  0.47140233] quat=[ 3.8268223e-01  2.1598349e-07 -1.5382957e-06  9.2388004e-01] speed=0.0005 ang_speed=0.0026 ang_vel_vec=[ 0.00202015  0.00144143 -0.00069247] |com_force|=0.0000N
### kotek_magnet[tick=6060] sensor1: d=0.4082m in_range=False f_mag=0.000N tau_mag=0.0000Nm misalign_deg=90.0 pos=[0.10880251 0.10900911 0.49140233] bottom_world=[0.10880272 0.10900911 0.47140233] quat=[ 9.2484194e-01 -2.0551627e-06 -4.8369398e-06  3.8035181e-01] speed=0.0010 ang_speed=0.0019 ang_vel_vec=[-0.00110314  0.00046011  0.00149769] |com_force|=0.0000N
### kotek_magnet[tick=6060] sensor2: d=0.3208m in_range=False f_mag=0.000N tau_mag=0.0000Nm misalign_deg=90.0 pos=[ 0.10902463 -0.10904644  0.49140102] bottom_world=[ 0.10902459 -0.10904635  0.47140102] quat=[ 9.2300069e-01  1.7094314e-06  1.7892012e-06 -3.8479829e-01] speed=0.0001 ang_speed=0.0014 ang_vel_vec=[ 0.00078467 -0.00106687 -0.00033162] |com_force|=0.0000N
### kotek_magnet[tick=6060] sensor3: d=0.5470m in_range=False f_mag=0.000N tau_mag=0.0000Nm misalign_deg=90.0 pos=[-0.10910813 -0.10914575  0.4914012 ] bottom_world=[-0.10910787 -0.10914587  0.4714012 ] quat=[-3.8058412e-01 -4.8798784e-06  5.2164928e-06  9.2474639e-01] speed=0.0010 ang_speed=0.0027 ang_vel_vec=[ 0.0020984   0.00151958 -0.00074788] |com_force|=0.0000N
### kotek_magnet[tick=6060] sensor4: d=0.5249m in_range=False f_mag=0.000N tau_mag=0.0000Nm misalign_deg=90.0 pos=[-0.10900009  0.10899933  0.49140224] bottom_world=[-0.10900017  0.10899937  0.47140224] quat=[ 3.8268250e-01  2.1991793e-06 -6.5228583e-08  9.2387986e-01] speed=0.0001 ang_speed=0.0030 ang_vel_vec=[ 0.00244499 -0.00171954  0.00044863] |com_force|=0.0000N
### kotek_magnet[tick=6120] sensor1: d=0.4082m in_range=False f_mag=0.000N tau_mag=0.0000Nm misalign_deg=90.0 pos=[0.10880257 0.10900911 0.4914023 ] bottom_world=[0.10880276 0.10900914 0.4714023 ] quat=[ 9.2484194e-01 -1.1635308e-06 -4.6629038e-06  3.8035181e-01] speed=0.0010 ang_speed=0.0031 ang_vel_vec=[-0.00278    -0.00031514  0.00138687] |com_force|=0.0000N
### kotek_magnet[tick=6120] sensor2: d=0.3208m in_range=False f_mag=0.000N tau_mag=0.0000Nm misalign_deg=90.0 pos=[ 0.10902466 -0.10904645  0.49140102] bottom_world=[ 0.10902462 -0.10904636  0.47140102] quat=[ 9.2300075e-01  1.7717557e-06  1.8746003e-06 -3.8479829e-01] speed=0.0001 ang_speed=0.0008 ang_vel_vec=[ 4.4616331e-06 -6.7923334e-04 -4.0299637e-04] |com_force|=0.0000N
### kotek_magnet[tick=6120] sensor3: d=0.5470m in_range=False f_mag=0.000N tau_mag=0.0000Nm misalign_deg=90.0 pos=[-0.10910644 -0.10914589  0.49140117] bottom_world=[-0.10910663 -0.10914567  0.47140117] quat=[-3.8058293e-01  2.5266054e-06 -6.8316522e-06  9.2474687e-01] speed=0.0010 ang_speed=0.0021 ang_vel_vec=[ 0.00151504 -0.00028425  0.00144689] |com_force|=0.0000N
### kotek_magnet[tick=6120] sensor4: d=0.5249m in_range=False f_mag=0.000N tau_mag=0.0000Nm misalign_deg=90.0 pos=[-0.10900007  0.10900021  0.49140233] bottom_world=[-0.1090003   0.10900006  0.47140233] quat=[3.8268197e-01 3.9528722e-06 5.6811850e-06 9.2388016e-01] speed=0.0010 ang_speed=0.0029 ang_vel_vec=[ 0.00195901 -0.00200003 -0.00082427] |com_force|=0.0000N
### kotek_magnet[tick=6180] sensor1: d=0.4082m in_range=False f_mag=0.000N tau_mag=0.0000Nm misalign_deg=90.0 pos=[0.10880258 0.10900906 0.49140245] bottom_world=[0.10880277 0.10900909 0.47140245] quat=[ 9.2484206e-01 -1.1741083e-06 -4.7477370e-06  3.8035157e-01] speed=0.0010 ang_speed=0.0032 ang_vel_vec=[-0.00285184 -0.00034351  0.00134593] |com_force|=0.0000N
### kotek_magnet[tick=6180] sensor2: d=0.3208m in_range=False f_mag=0.000N tau_mag=0.0000Nm misalign_deg=90.0 pos=[ 0.10902469 -0.10904563  0.49140117] bottom_world=[ 0.10902449 -0.10904574  0.47140117] quat=[ 9.2300045e-01 -4.3155014e-06  3.6493359e-06 -3.8479888e-01] speed=0.0009 ang_speed=0.0029 ang_vel_vec=[-0.00039772 -0.00279292  0.00065193] |com_force|=0.0000N
### kotek_magnet[tick=6180] sensor3: d=0.5470m in_range=False f_mag=0.000N tau_mag=0.0000Nm misalign_deg=90.0 pos=[-0.10910644 -0.10914592  0.49140128] bottom_world=[-0.10910664 -0.1091457   0.47140128] quat=[-3.805829e-01  2.473133e-06 -6.930538e-06  9.247468e-01] speed=0.0010 ang_speed=0.0021 ang_vel_vec=[ 0.00149207 -0.00026767  0.00142497] |com_force|=0.0000N
### kotek_magnet[tick=6180] sensor4: d=0.5249m in_range=False f_mag=0.000N tau_mag=0.0000Nm misalign_deg=90.0 pos=[-0.10900007  0.10900016  0.49140242] bottom_world=[-0.1090003   0.10900002  0.47140242] quat=[3.8268217e-01 3.9266242e-06 5.3785911e-06 9.2388016e-01] speed=0.0010 ang_speed=0.0027 ang_vel_vec=[ 0.00178208 -0.00189023 -0.00086432] |com_force|=0.0000N
### kotek_magnet[tick=6240] sensor1: d=0.4082m in_range=False f_mag=0.000N tau_mag=0.0000Nm misalign_deg=90.0 pos=[0.10880255 0.10900909 0.49140227] bottom_world=[0.10880275 0.1090091  0.47140227] quat=[ 9.2484194e-01 -1.6575522e-06 -4.6971645e-06  3.8035169e-01] speed=0.0010 ang_speed=0.0020 ang_vel_vec=[-0.00120204  0.00035975  0.00153187] |com_force|=0.0000N
### kotek_magnet[tick=6240] sensor2: d=0.3208m in_range=False f_mag=0.000N tau_mag=0.0000Nm misalign_deg=90.0 pos=[ 0.10902464 -0.10904588  0.49140105] bottom_world=[ 0.1090245  -0.10904595  0.47140105] quat=[ 9.2300063e-01 -3.0864883e-06  2.6848834e-06 -3.8479859e-01] speed=0.0006 ang_speed=0.0050 ang_vel_vec=[ 0.00228449 -0.00446207  0.00059443] |com_force|=0.0000N
### kotek_magnet[tick=6240] sensor3: d=0.5470m in_range=False f_mag=0.000N tau_mag=0.0000Nm misalign_deg=90.0 pos=[-0.10910729 -0.10914579  0.49140102] bottom_world=[-0.10910728 -0.10914575  0.47140102] quat=[-3.8058338e-01 -7.3979299e-07 -7.4850141e-07  9.2474657e-01] speed=0.0003 ang_speed=0.0054 ang_vel_vec=[0.00489239 0.0021418  0.00044282] |com_force|=0.0000N
### kotek_magnet[tick=6240] sensor4: d=0.5249m in_range=False f_mag=0.000N tau_mag=0.0000Nm misalign_deg=90.0 pos=[-0.10900009  0.10900023  0.49140233] bottom_world=[-0.10900031  0.10900008  0.47140233] quat=[3.8268206e-01 3.6669649e-06 5.5152600e-06 9.2388010e-01] speed=0.0010 ang_speed=0.0023 ang_vel_vec=[ 0.00165973 -0.00143474 -0.00069292] |com_force|=0.0000N
### kotek_magnet[tick=6300] sensor1: d=0.4082m in_range=False f_mag=0.000N tau_mag=0.0000Nm misalign_deg=90.0 pos=[0.10880259 0.10900907 0.4914024 ] bottom_world=[0.10880279 0.1090091  0.47140239] quat=[ 9.2484200e-01 -1.2563953e-06 -4.6479026e-06  3.8035154e-01] speed=0.0010 ang_speed=0.0028 ang_vel_vec=[-0.00237275 -0.00013892  0.00144863] |com_force|=0.0000N
### kotek_magnet[tick=6300] sensor2: d=0.3208m in_range=False f_mag=0.000N tau_mag=0.0000Nm misalign_deg=90.0 pos=[ 0.10902445 -0.10904565  0.4914011 ] bottom_world=[ 0.10902435 -0.10904574  0.47140111] quat=[ 9.2300045e-01 -2.9374655e-06  1.5081687e-06 -3.8479900e-01] speed=0.0010 ang_speed=0.0021 ang_vel_vec=[0.00049192 0.00151296 0.00144312] |com_force|=0.0000N
### kotek_magnet[tick=6300] sensor3: d=0.5470m in_range=False f_mag=0.000N tau_mag=0.0000Nm misalign_deg=90.0 pos=[-0.10910645 -0.10914586  0.49140114] bottom_world=[-0.10910664 -0.10914567  0.47140114] quat=[-3.8058296e-01  2.4389453e-06 -6.4023334e-06  9.2474681e-01] speed=0.0009 ang_speed=0.0026 ang_vel_vec=[2.1183619e-03 5.4377114e-08 1.4963781e-03] |com_force|=0.0000N
### kotek_magnet[tick=6300] sensor4: d=0.5249m in_range=False f_mag=0.000N tau_mag=0.0000Nm misalign_deg=90.0 pos=[-0.10900006  0.10900021  0.4914023 ] bottom_world=[-0.10900028  0.10900007  0.4714023 ] quat=[3.8268217e-01 3.8383942e-06 5.5129494e-06 9.2388016e-01] speed=0.0010 ang_speed=0.0025 ang_vel_vec=[ 0.00167348 -0.0017491  -0.00076624] |com_force|=0.0000N
### kotek_magnet[tick=6360] sensor1: d=0.4082m in_range=False f_mag=0.000N tau_mag=0.0000Nm misalign_deg=90.0 pos=[0.10880258 0.10900933 0.49140227] bottom_world=[0.1088028  0.10900924 0.47140227] quat=[ 9.2484194e-01 -4.0543750e-06 -4.2719153e-06  3.8035196e-01] speed=0.0009 ang_speed=0.0033 ang_vel_vec=[3.2249356e-03 4.8074948e-05 5.5907085e-04] |com_force|=0.0000N
### kotek_magnet[tick=6360] sensor2: d=0.3208m in_range=False f_mag=0.000N tau_mag=0.0000Nm misalign_deg=90.0 pos=[ 0.10902447 -0.10904562  0.4914011 ] bottom_world=[ 0.10902436 -0.10904571  0.47140111] quat=[ 9.2300045e-01 -3.0438639e-06  1.5215101e-06 -3.8479897e-01] speed=0.0010 ang_speed=0.0019 ang_vel_vec=[0.00046252 0.00143257 0.00122935] |com_force|=0.0000N
### kotek_magnet[tick=6360] sensor3: d=0.5470m in_range=False f_mag=0.000N tau_mag=0.0000Nm misalign_deg=90.0 pos=[-0.10910646 -0.10914588  0.4914011 ] bottom_world=[-0.10910665 -0.10914568  0.47140111] quat=[-3.8058308e-01  2.4413534e-06 -6.4573410e-06  9.2474681e-01] speed=0.0009 ang_speed=0.0023 ang_vel_vec=[ 1.8818483e-03 -4.5063192e-05  1.2839655e-03] |com_force|=0.0000N
### kotek_magnet[tick=6360] sensor4: d=0.5249m in_range=False f_mag=0.000N tau_mag=0.0000Nm misalign_deg=90.0 pos=[-0.10900037  0.10899954  0.49140227] bottom_world=[-0.10900035  0.1089996   0.47140227] quat=[ 3.8268226e-01  1.8795886e-07 -1.5738221e-06  9.2388010e-01] speed=0.0005 ang_speed=0.0026 ang_vel_vec=[ 0.00201286  0.001266   -0.00096201] |com_force|=0.0000N
### kotek_magnet[tick=6420] sensor1: d=0.4082m in_range=False f_mag=0.000N tau_mag=0.0000Nm misalign_deg=90.0 pos=[0.10880256 0.10900909 0.4914023 ] bottom_world=[0.10880276 0.10900911 0.4714023 ] quat=[ 9.2484200e-01 -1.3951319e-06 -4.6734999e-06  3.8035181e-01] speed=0.0010 ang_speed=0.0026 ang_vel_vec=[-2.1664852e-03 -8.3616469e-05  1.4145252e-03] |com_force|=0.0000N
### kotek_magnet[tick=6420] sensor2: d=0.3208m in_range=False f_mag=0.000N tau_mag=0.0000Nm misalign_deg=90.0 pos=[ 0.10902447 -0.10904565  0.4914011 ] bottom_world=[ 0.10902437 -0.10904574  0.47140111] quat=[ 9.2300040e-01 -2.9319735e-06  1.4547975e-06 -3.8479891e-01] speed=0.0010 ang_speed=0.0023 ang_vel_vec=[0.00041982 0.00171956 0.00141549] |com_force|=0.0000N
### kotek_magnet[tick=6420] sensor3: d=0.5470m in_range=False f_mag=0.000N tau_mag=0.0000Nm misalign_deg=90.0 pos=[-0.10910726 -0.1091458   0.491401  ] bottom_world=[-0.10910724 -0.10914576  0.47140099] quat=[-3.8058341e-01 -8.2549570e-07 -6.9633234e-07  9.2474657e-01] speed=0.0002 ang_speed=0.0055 ang_vel_vec=[0.00483685 0.00259975 0.00038267] |com_force|=0.0000N
### kotek_magnet[tick=6420] sensor4: d=0.5249m in_range=False f_mag=0.000N tau_mag=0.0000Nm misalign_deg=90.0 pos=[-0.10900009  0.10900021  0.49140236] bottom_world=[-0.10900031  0.10900006  0.47140236] quat=[3.8268206e-01 3.7925076e-06 5.5146670e-06 9.2388010e-01] speed=0.0010 ang_speed=0.0026 ang_vel_vec=[ 0.00173584 -0.00168725 -0.00080664] |com_force|=0.0000N
### kotek_magnet[tick=6480] sensor1: d=0.4082m in_range=False f_mag=0.000N tau_mag=0.0000Nm misalign_deg=90.0 pos=[0.10880257 0.1090093  0.49140233] bottom_world=[0.10880279 0.10900922 0.47140233] quat=[ 9.2484194e-01 -4.1198887e-06 -4.2503498e-06  3.8035166e-01] speed=0.0009 ang_speed=0.0036 ang_vel_vec=[3.4963018e-03 8.0303587e-05 8.7837386e-04] |com_force|=0.0000N
### kotek_magnet[tick=6480] sensor2: d=0.3208m in_range=False f_mag=0.000N tau_mag=0.0000Nm misalign_deg=90.0 pos=[ 0.10902464 -0.10904588  0.4914011 ] bottom_world=[ 0.1090245  -0.10904594  0.47140111] quat=[ 9.2300057e-01 -2.8966399e-06  2.6060256e-06 -3.8479865e-01] speed=0.0006 ang_speed=0.0048 ang_vel_vec=[ 0.00216852 -0.00421296  0.00062281] |com_force|=0.0000N
### kotek_magnet[tick=6480] sensor3: d=0.5470m in_range=False f_mag=0.000N tau_mag=0.0000Nm misalign_deg=90.0 pos=[-0.1091067  -0.10914607  0.49140105] bottom_world=[-0.10910688 -0.10914582  0.47140105] quat=[-3.8058344e-01  1.6714783e-06 -7.5732164e-06  9.2474669e-01] speed=0.0006 ang_speed=0.0042 ang_vel_vec=[-0.00378677 -0.00174924  0.00063756] |com_force|=0.0000N
### kotek_magnet[tick=6480] sensor4: d=0.5249m in_range=False f_mag=0.000N tau_mag=0.0000Nm misalign_deg=90.0 pos=[-0.10900006  0.10900021  0.49140227] bottom_world=[-0.10900028  0.10900007  0.47140227] quat=[3.8268220e-01 3.6901074e-06 5.3010749e-06 9.2388010e-01] speed=0.0010 ang_speed=0.0024 ang_vel_vec=[ 0.00163682 -0.00156302 -0.00066296] |com_force|=0.0000N
### kotek_magnet[tick=6540] sensor1: d=0.4082m in_range=False f_mag=0.000N tau_mag=0.0000Nm misalign_deg=90.0 pos=[0.10880259 0.10900909 0.4914024 ] bottom_world=[0.10880278 0.1090091  0.47140239] quat=[ 9.2484200e-01 -1.4048196e-06 -4.5671259e-06  3.8035157e-01] speed=0.0010 ang_speed=0.0026 ang_vel_vec=[-0.00219618 -0.0001139   0.00138838] |com_force|=0.0000N
### kotek_magnet[tick=6540] sensor2: d=0.3208m in_range=False f_mag=0.000N tau_mag=0.0000Nm misalign_deg=90.0 pos=[ 0.10902435 -0.10904734  0.49140117] bottom_world=[ 0.10902459 -0.10904697  0.47140117] quat=[ 9.2300087e-01  1.0813582e-05 -1.8515161e-06 -3.8479805e-01] speed=0.0010 ang_speed=0.0027 ang_vel_vec=[-0.00163426  0.00202999 -0.00082756] |com_force|=0.0000N
### kotek_magnet[tick=6540] sensor3: d=0.5470m in_range=False f_mag=0.000N tau_mag=0.0000Nm misalign_deg=90.0 pos=[-0.10910817 -0.10914577  0.49140117] bottom_world=[-0.10910791 -0.10914589  0.47140117] quat=[-3.8058400e-01 -4.8176880e-06  5.3044123e-06  9.2474639e-01] speed=0.0010 ang_speed=0.0026 ang_vel_vec=[ 0.00192875  0.00150984 -0.00083528] |com_force|=0.0000N
### kotek_magnet[tick=6540] sensor4: d=0.5249m in_range=False f_mag=0.000N tau_mag=0.0000Nm misalign_deg=90.0 pos=[-0.10900006  0.10900018  0.49140233] bottom_world=[-0.10900029  0.10900002  0.47140233] quat=[3.8268220e-01 3.7475459e-06 5.7194229e-06 9.2388016e-01] speed=0.0010 ang_speed=0.0028 ang_vel_vec=[ 0.00193419 -0.00186801 -0.00082036] |com_force|=0.0000N
### kotek_magnet[tick=6600] sensor1: d=0.4082m in_range=False f_mag=0.000N tau_mag=0.0000Nm misalign_deg=90.0 pos=[0.10880435 0.10900896 0.49140236] bottom_world=[0.10880408 0.1090093  0.47140236] quat=[9.2484158e-01 1.0433357e-05 2.7670142e-06 3.8035277e-01] speed=0.0010 ang_speed=0.0024 ang_vel_vec=[-0.00173384 -0.00147744 -0.00072132] |com_force|=0.0000N
### kotek_magnet[tick=6600] sensor2: d=0.3208m in_range=False f_mag=0.000N tau_mag=0.0000Nm misalign_deg=90.0 pos=[ 0.10902448 -0.10904565  0.49140117] bottom_world=[ 0.10902438 -0.10904574  0.47140117] quat=[ 9.2300045e-01 -2.8901011e-06  1.5014425e-06 -3.8479894e-01] speed=0.0010 ang_speed=0.0023 ang_vel_vec=[0.00043108 0.00157605 0.00155135] |com_force|=0.0000N
### kotek_magnet[tick=6600] sensor3: d=0.5470m in_range=False f_mag=0.000N tau_mag=0.0000Nm misalign_deg=90.0 pos=[-0.1091065  -0.10914589  0.49140114] bottom_world=[-0.10910668 -0.1091457   0.47140114] quat=[-3.8058302e-01  2.3301009e-06 -6.3505663e-06  9.2474681e-01] speed=0.0009 ang_speed=0.0027 ang_vel_vec=[0.0022098  0.00010132 0.00159502] |com_force|=0.0000N
### kotek_magnet[tick=6600] sensor4: d=0.5249m in_range=False f_mag=0.000N tau_mag=0.0000Nm misalign_deg=90.0 pos=[-0.10900009  0.1089993   0.49140218] bottom_world=[-0.10900017  0.10899934  0.47140218] quat=[ 3.8268274e-01  2.2457803e-06 -1.3152453e-07  9.2387986e-01] speed=0.0002 ang_speed=0.0027 ang_vel_vec=[ 0.00205378 -0.00172302  0.00056136] |com_force|=0.0000N
### kotek_magnet[tick=6660] sensor1: d=0.4082m in_range=False f_mag=0.000N tau_mag=0.0000Nm misalign_deg=90.0 pos=[0.10880432 0.10900897 0.49140233] bottom_world=[0.10880405 0.10900931 0.47140233] quat=[9.2484152e-01 1.0420473e-05 2.7991080e-06 3.8035268e-01] speed=0.0010 ang_speed=0.0024 ang_vel_vec=[-0.00169537 -0.00155544 -0.00083114] |com_force|=0.0000N
### kotek_magnet[tick=6660] sensor2: d=0.3208m in_range=False f_mag=0.000N tau_mag=0.0000Nm misalign_deg=90.0 pos=[ 0.10902444 -0.10904567  0.49140108] bottom_world=[ 0.10902434 -0.10904575  0.47140108] quat=[ 9.2300045e-01 -2.8984816e-06  1.4971652e-06 -3.8479897e-01] speed=0.0010 ang_speed=0.0022 ang_vel_vec=[0.00053125 0.00149051 0.00145845] |com_force|=0.0000N
### kotek_magnet[tick=6660] sensor3: d=0.5470m in_range=False f_mag=0.000N tau_mag=0.0000Nm misalign_deg=90.0 pos=[-0.10910754 -0.10914608  0.4914011 ] bottom_world=[-0.10910749 -0.10914595  0.47140111] quat=[-3.8058376e-01 -2.5130735e-06 -2.5753650e-06  9.2474645e-01] speed=0.0005 ang_speed=0.0026 ang_vel_vec=[-0.00149124  0.00194965 -0.00069998] |com_force|=0.0000N
### kotek_magnet[tick=6660] sensor4: d=0.5249m in_range=False f_mag=0.000N tau_mag=0.0000Nm misalign_deg=90.0 pos=[-0.1090002   0.10899849  0.49140233] bottom_world=[-0.10900009  0.10899881  0.47140233] quat=[ 3.8268304e-01  4.3789953e-07 -8.2966826e-06  9.2387968e-01] speed=0.0009 ang_speed=0.0017 ang_vel_vec=[-0.00061319 -0.00085735  0.00136784] |com_force|=0.0000N
### kotek_magnet[tick=6720] sensor1: d=0.4082m in_range=False f_mag=0.000N tau_mag=0.0000Nm misalign_deg=90.0 pos=[0.10880432 0.10900896 0.49140236] bottom_world=[0.10880405 0.10900931 0.47140236] quat=[9.24841523e-01 1.07160295e-05 2.81975758e-06 3.80352736e-01] speed=0.0010 ang_speed=0.0028 ang_vel_vec=[-0.00199194 -0.00181273 -0.00089729] |com_force|=0.0000N
### kotek_magnet[tick=6720] sensor2: d=0.3208m in_range=False f_mag=0.000N tau_mag=0.0000Nm misalign_deg=90.0 pos=[ 0.10902464 -0.10904671  0.4914011 ] bottom_world=[ 0.10902463 -0.10904654  0.47140111] quat=[ 9.2300075e-01  3.9273900e-06  1.9917932e-06 -3.8479811e-01] speed=0.0004 ang_speed=0.0025 ang_vel_vec=[-0.00196394 -0.0012638  -0.00074777] |com_force|=0.0000N
### kotek_magnet[tick=6720] sensor3: d=0.5470m in_range=False f_mag=0.000N tau_mag=0.0000Nm misalign_deg=90.0 pos=[-0.10910752 -0.1091461   0.49140114] bottom_world=[-0.10910746 -0.10914597  0.47140114] quat=[-3.8058391e-01 -2.6014563e-06 -2.3767166e-06  9.2474639e-01] speed=0.0005 ang_speed=0.0024 ang_vel_vec=[-0.00105189  0.00205539 -0.00074189] |com_force|=0.0000N
### kotek_magnet[tick=6720] sensor4: d=0.5249m in_range=False f_mag=0.000N tau_mag=0.0000Nm misalign_deg=90.0 pos=[-0.10900023  0.10899851  0.49140245] bottom_world=[-0.10900013  0.10899882  0.47140245] quat=[ 3.8268310e-01  6.1596097e-07 -8.1410435e-06  9.2387980e-01] speed=0.0009 ang_speed=0.0020 ang_vel_vec=[-0.00024189 -0.0014827   0.00130478] |com_force|=0.0000N
### kotek_magnet[tick=6780] sensor1: d=0.4082m in_range=False f_mag=0.000N tau_mag=0.0000Nm misalign_deg=90.0 pos=[0.1088043  0.10900901 0.4914023 ] bottom_world=[0.10880403 0.10900935 0.4714023 ] quat=[9.2484152e-01 1.0397096e-05 2.9018254e-06 3.8035268e-01] speed=0.0010 ang_speed=0.0023 ang_vel_vec=[-0.00150648 -0.00146836 -0.00080423] |com_force|=0.0000N
### kotek_magnet[tick=6780] sensor2: d=0.3208m in_range=False f_mag=0.000N tau_mag=0.0000Nm misalign_deg=90.0 pos=[ 0.10902464 -0.10904591  0.49140114] bottom_world=[ 0.1090245  -0.10904597  0.47140114] quat=[ 9.2300057e-01 -2.8858960e-06  2.6090465e-06 -3.8479853e-01] speed=0.0006 ang_speed=0.0049 ang_vel_vec=[ 0.00219242 -0.00436413  0.00055151] |com_force|=0.0000N
### kotek_magnet[tick=6780] sensor3: d=0.5470m in_range=False f_mag=0.000N tau_mag=0.0000Nm misalign_deg=90.0 pos=[-0.10910669 -0.10914609  0.4914011 ] bottom_world=[-0.10910687 -0.10914583  0.47140111] quat=[-3.8058326e-01  1.6743214e-06 -7.6470669e-06  9.2474675e-01] speed=0.0006 ang_speed=0.0045 ang_vel_vec=[-0.00406054 -0.0018556   0.00056567] |com_force|=0.0000N
### kotek_magnet[tick=6780] sensor4: d=0.5249m in_range=False f_mag=0.000N tau_mag=0.0000Nm misalign_deg=90.0 pos=[-0.10900036  0.10899959  0.49140236] bottom_world=[-0.10900034  0.10899965  0.47140236] quat=[ 3.8268223e-01  1.5386954e-08 -1.6950294e-06  9.2388010e-01] speed=0.0005 ang_speed=0.0026 ang_vel_vec=[ 0.00187073  0.00161179 -0.00068701] |com_force|=0.0000N
### kotek_magnet[tick=6840] sensor1: d=0.4082m in_range=False f_mag=0.000N tau_mag=0.0000Nm misalign_deg=90.0 pos=[0.10880432 0.10900892 0.4914023 ] bottom_world=[0.10880406 0.10900927 0.4714023 ] quat=[9.2484152e-01 1.0465033e-05 2.9100634e-06 3.8035265e-01] speed=0.0010 ang_speed=0.0023 ang_vel_vec=[-0.00153075 -0.00149965 -0.00077617] |com_force|=0.0000N
### kotek_magnet[tick=6840] sensor2: d=0.3208m in_range=False f_mag=0.000N tau_mag=0.0000Nm misalign_deg=90.0 pos=[ 0.10902436 -0.10904738  0.4914012 ] bottom_world=[ 0.10902459 -0.10904701  0.4714012 ] quat=[ 9.23000813e-01  1.07311425e-05 -1.75856030e-06 -3.84797961e-01] speed=0.0010 ang_speed=0.0024 ang_vel_vec=[-0.00146008  0.0018024  -0.00068258] |com_force|=0.0000N
### kotek_magnet[tick=6840] sensor3: d=0.5470m in_range=False f_mag=0.000N tau_mag=0.0000Nm misalign_deg=90.0 pos=[-0.10910648 -0.10914587  0.49140114] bottom_world=[-0.10910667 -0.10914568  0.47140114] quat=[-3.8058293e-01  2.4809920e-06 -6.2812305e-06  9.2474687e-01] speed=0.0010 ang_speed=0.0031 ang_vel_vec=[0.00261429 0.00029239 0.00158545] |com_force|=0.0000N
### kotek_magnet[tick=6840] sensor4: d=0.5249m in_range=False f_mag=0.000N tau_mag=0.0000Nm misalign_deg=90.0 pos=[-0.10900044  0.10899846  0.49140227] bottom_world=[-0.10900023  0.10899879  0.47140227] quat=[ 3.8268301e-01 -1.6118024e-06 -9.7913698e-06  9.2387980e-01] speed=0.0009 ang_speed=0.0035 ang_vel_vec=[0.00022013 0.00342132 0.00070686] |com_force|=0.0000N
### kotek_magnet[tick=6900] sensor1: d=0.4082m in_range=False f_mag=0.000N tau_mag=0.0000Nm misalign_deg=90.0 pos=[0.10880383 0.10900919 0.49140236] bottom_world=[0.10880373 0.10900931 0.47140236] quat=[9.2484152e-01 3.7640302e-06 1.0561956e-06 3.8035256e-01] speed=0.0006 ang_speed=0.0024 ang_vel_vec=[ 0.00114175 -0.00195395 -0.00089672] |com_force|=0.0000N
### kotek_magnet[tick=6900] sensor2: d=0.3208m in_range=False f_mag=0.000N tau_mag=0.0000Nm misalign_deg=90.0 pos=[ 0.10902465 -0.10904675  0.4914011 ] bottom_world=[ 0.10902464 -0.10904658  0.47140111] quat=[ 9.2300081e-01  3.7375951e-06  1.8308922e-06 -3.8479814e-01] speed=0.0004 ang_speed=0.0022 ang_vel_vec=[-0.00206621 -0.00048997 -0.00072676] |com_force|=0.0000N
### kotek_magnet[tick=6900] sensor3: d=0.5470m in_range=False f_mag=0.000N tau_mag=0.0000Nm misalign_deg=90.0 pos=[-0.1091064  -0.10914598  0.4914012 ] bottom_world=[-0.10910661 -0.10914575  0.4714012 ] quat=[-3.8058299e-01  2.7561323e-06 -7.2094863e-06  9.2474681e-01] speed=0.0010 ang_speed=0.0024 ang_vel_vec=[ 0.00190113 -0.00030142  0.00150933] |com_force|=0.0000N
### kotek_magnet[tick=6900] sensor4: d=0.5249m in_range=False f_mag=0.000N tau_mag=0.0000Nm misalign_deg=90.0 pos=[-0.10900038  0.10899948  0.4914024 ] bottom_world=[-0.10900036  0.10899954  0.47140239] quat=[ 3.82682174e-01  1.05495964e-07 -1.61015487e-06  9.23880100e-01] speed=0.0005 ang_speed=0.0027 ang_vel_vec=[ 0.00211723  0.00146987 -0.00074916] |com_force|=0.0000N
### still playing, 1280s left
### kotek_magnet[tick=6960] sensor1: d=0.4082m in_range=False f_mag=0.000N tau_mag=0.0000Nm misalign_deg=90.0 pos=[0.10880383 0.10900924 0.49140233] bottom_world=[0.10880374 0.10900936 0.47140233] quat=[9.2484164e-01 3.7518746e-06 9.3590535e-07 3.8035256e-01] speed=0.0006 ang_speed=0.0021 ang_vel_vec=[ 0.00084778 -0.00172798 -0.00088703] |com_force|=0.0000N
### kotek_magnet[tick=6960] sensor2: d=0.3208m in_range=False f_mag=0.000N tau_mag=0.0000Nm misalign_deg=90.0 pos=[ 0.10902464 -0.10904676  0.49140114] bottom_world=[ 0.10902463 -0.10904659  0.47140114] quat=[ 9.2300081e-01  3.7641894e-06  1.9031162e-06 -3.8479808e-01] speed=0.0004 ang_speed=0.0023 ang_vel_vec=[-0.00213376 -0.00065345 -0.00072617] |com_force|=0.0000N
### kotek_magnet[tick=6960] sensor3: d=0.5470m in_range=False f_mag=0.000N tau_mag=0.0000Nm misalign_deg=90.0 pos=[-0.10910672 -0.1091461   0.4914012 ] bottom_world=[-0.10910689 -0.10914584  0.4714012 ] quat=[-3.8058326e-01  1.6311399e-06 -7.4695263e-06  9.2474669e-01] speed=0.0006 ang_speed=0.0041 ang_vel_vec=[-0.00369714 -0.00170543  0.00054613] |com_force|=0.0000N
### kotek_magnet[tick=6960] sensor4: d=0.5249m in_range=False f_mag=0.000N tau_mag=0.0000Nm misalign_deg=90.0 pos=[-0.10900043  0.10899843  0.4914023 ] bottom_world=[-0.10900023  0.10899876  0.4714023 ] quat=[ 3.8268280e-01 -1.4997086e-06 -9.5038786e-06  9.2387986e-01] speed=0.0008 ang_speed=0.0030 ang_vel_vec=[0.00063316 0.00291139 0.00064618] |com_force|=0.0000N
### kotek_magnet[tick=7020] sensor1: d=0.4082m in_range=False f_mag=0.000N tau_mag=0.0000Nm misalign_deg=90.0 pos=[0.10880435 0.10900898 0.49140227] bottom_world=[0.1088041  0.10900932 0.47140227] quat=[9.2484158e-01 1.0130100e-05 2.6931036e-06 3.8035268e-01] speed=0.0010 ang_speed=0.0020 ang_vel_vec=[-0.00137632 -0.00102689 -0.00098734] |com_force|=0.0000N
### kotek_magnet[tick=7020] sensor2: d=0.3208m in_range=False f_mag=0.000N tau_mag=0.0000Nm misalign_deg=90.0 pos=[ 0.10902468 -0.10904671  0.49140105] bottom_world=[ 0.10902467 -0.10904654  0.47140105] quat=[ 9.2300081e-01  3.7466868e-06  1.8950109e-06 -3.8479802e-01] speed=0.0004 ang_speed=0.0025 ang_vel_vec=[-0.00227574 -0.00056102 -0.00086727] |com_force|=0.0000N
### kotek_magnet[tick=7020] sensor3: d=0.5470m in_range=False f_mag=0.000N tau_mag=0.0000Nm misalign_deg=90.0 pos=[-0.10910817 -0.10914573  0.49140114] bottom_world=[-0.10910791 -0.10914586  0.47140114] quat=[-3.8058394e-01 -4.9655559e-06  5.4917205e-06  9.2474633e-01] speed=0.0010 ang_speed=0.0026 ang_vel_vec=[ 0.00182635  0.00160895 -0.00096362] |com_force|=0.0000N
### kotek_magnet[tick=7020] sensor4: d=0.5249m in_range=False f_mag=0.000N tau_mag=0.0000Nm misalign_deg=90.0 pos=[-0.10900017  0.10899857  0.49140227] bottom_world=[-0.10900008  0.10899886  0.47140227] quat=[ 3.8268298e-01  8.3278843e-07 -7.4847358e-06  9.2387980e-01] speed=0.0009 ang_speed=0.0018 ang_vel_vec=[-0.00011574 -0.00135928  0.00122415] |com_force|=0.0000N
### kotek_magnet[tick=7080] sensor1: d=0.4082m in_range=False f_mag=0.000N tau_mag=0.0000Nm misalign_deg=90.0 pos=[0.10880433 0.10900901 0.4914023 ] bottom_world=[0.10880408 0.10900934 0.4714023 ] quat=[9.2484146e-01 9.9687686e-06 2.6911671e-06 3.8035271e-01] speed=0.0010 ang_speed=0.0016 ang_vel_vec=[-0.00101871 -0.00084145 -0.00094841] |com_force|=0.0000N
### kotek_magnet[tick=7080] sensor2: d=0.3208m in_range=False f_mag=0.000N tau_mag=0.0000Nm misalign_deg=90.0 pos=[ 0.10902437 -0.10904736  0.49140105] bottom_world=[ 0.1090246  -0.10904699  0.47140105] quat=[ 9.2300087e-01  1.0905494e-05 -1.8049318e-06 -3.8479790e-01] speed=0.0009 ang_speed=0.0026 ang_vel_vec=[-0.00148665  0.00190167 -0.00088727] |com_force|=0.0000N
### kotek_magnet[tick=7080] sensor3: d=0.5470m in_range=False f_mag=0.000N tau_mag=0.0000Nm misalign_deg=90.0 pos=[-0.10910751 -0.10914606  0.49140108] bottom_world=[-0.10910744 -0.10914595  0.47140108] quat=[-3.8058394e-01 -2.5870065e-06 -1.9180377e-06  9.2474645e-01] speed=0.0004 ang_speed=0.0023 ang_vel_vec=[-0.00010905  0.00217785 -0.0008414 ] |com_force|=0.0000N
### kotek_magnet[tick=7080] sensor4: d=0.5249m in_range=False f_mag=0.000N tau_mag=0.0000Nm misalign_deg=90.0 pos=[-0.10900035  0.10899878  0.49140227] bottom_world=[-0.10900021  0.10899905  0.47140227] quat=[ 3.8268274e-01 -6.2711217e-07 -7.5887615e-06  9.2387986e-01] speed=0.0006 ang_speed=0.0037 ang_vel_vec=[-0.00115059  0.00352533  0.00038219] |com_force|=0.0000N
### kotek_magnet[tick=7140] sensor1: d=0.4082m in_range=False f_mag=0.000N tau_mag=0.0000Nm misalign_deg=90.0 pos=[0.10880434 0.109009   0.49140233] bottom_world=[0.10880409 0.10900932 0.47140233] quat=[9.2484158e-01 9.8230184e-06 2.6438843e-06 3.8035265e-01] speed=0.0010 ang_speed=0.0012 ang_vel_vec=[-0.00072661 -0.00056265 -0.00069365] |com_force|=0.0000N
### kotek_magnet[tick=7140] sensor2: d=0.3208m in_range=False f_mag=0.000N tau_mag=0.0000Nm misalign_deg=90.0 pos=[ 0.10902448 -0.10904564  0.49140117] bottom_world=[ 0.10902439 -0.10904572  0.47140117] quat=[ 9.2300045e-01 -2.6872583e-06  1.3728004e-06 -3.8479903e-01] speed=0.0010 ang_speed=0.0024 ang_vel_vec=[4.7999973e-05 1.7927242e-03 1.6215813e-03] |com_force|=0.0000N
### kotek_magnet[tick=7140] sensor3: d=0.5470m in_range=False f_mag=0.000N tau_mag=0.0000Nm misalign_deg=90.0 pos=[-0.10910647 -0.10914584  0.49140117] bottom_world=[-0.10910666 -0.10914564  0.47140117] quat=[-3.8058296e-01  2.5000447e-06 -6.3385214e-06  9.2474687e-01] speed=0.0010 ang_speed=0.0027 ang_vel_vec=[2.1609627e-03 6.0994706e-05 1.6768231e-03] |com_force|=0.0000N
### kotek_magnet[tick=7140] sensor4: d=0.5249m in_range=False f_mag=0.000N tau_mag=0.0000Nm misalign_deg=90.0 pos=[-0.10900016  0.10899853  0.49140227] bottom_world=[-0.10900007  0.10899883  0.47140227] quat=[ 3.826831e-01  6.589069e-07 -7.793236e-06  9.238797e-01] speed=0.0009 ang_speed=0.0018 ang_vel_vec=[-0.00039652 -0.0008831   0.00154249] |com_force|=0.0000N
### kotek_magnet[tick=7200] sensor1: d=0.4082m in_range=False f_mag=0.000N tau_mag=0.0000Nm misalign_deg=90.0 pos=[0.10880423 0.10900892 0.4914023 ] bottom_world=[0.10880399 0.10900925 0.4714023 ] quat=[9.24841583e-01 1.00220495e-05 2.39575388e-06 3.80352527e-01] speed=0.0009 ang_speed=0.0025 ang_vel_vec=[-0.00168022 -0.00180752 -0.00062415] |com_force|=0.0000N
### kotek_magnet[tick=7200] sensor2: d=0.3208m in_range=False f_mag=0.000N tau_mag=0.0000Nm misalign_deg=90.0 pos=[ 0.10902466 -0.10904673  0.49140117] bottom_world=[ 0.10902465 -0.10904658  0.47140117] quat=[ 9.2300081e-01  3.5709415e-06  1.7285379e-06 -3.8479808e-01] speed=0.0004 ang_speed=0.0026 ang_vel_vec=[-2.441412e-03 -5.532512e-05 -7.966372e-04] |com_force|=0.0000N
### kotek_magnet[tick=7200] sensor3: d=0.5470m in_range=False f_mag=0.000N tau_mag=0.0000Nm misalign_deg=90.0 pos=[-0.1091067  -0.10914606  0.49140114] bottom_world=[-0.10910688 -0.10914581  0.47140114] quat=[-3.8058344e-01  1.6759785e-06 -7.3310471e-06  9.2474669e-01] speed=0.0006 ang_speed=0.0043 ang_vel_vec=[-0.00383803 -0.00176606  0.00048875] |com_force|=0.0000N
### kotek_magnet[tick=7200] sensor4: d=0.5249m in_range=False f_mag=0.000N tau_mag=0.0000Nm misalign_deg=90.0 pos=[-0.1090002   0.10899851  0.49140233] bottom_world=[-0.1090001   0.1089988   0.47140233] quat=[ 3.8268286e-01  6.1066027e-07 -7.6164215e-06  9.2387974e-01] speed=0.0009 ang_speed=0.0015 ang_vel_vec=[-0.00037927 -0.00065123  0.00133644] |com_force|=0.0000N
### kotek_magnet[tick=7260] sensor1: d=0.4082m in_range=False f_mag=0.000N tau_mag=0.0000Nm misalign_deg=90.0 pos=[0.10880383 0.1090093  0.49140227] bottom_world=[0.10880374 0.10900942 0.47140227] quat=[9.2484164e-01 3.6518657e-06 8.8769718e-07 3.8035256e-01] speed=0.0007 ang_speed=0.0019 ang_vel_vec=[ 0.00063672 -0.00147953 -0.00100673] |com_force|=0.0000N
### kotek_magnet[tick=7260] sensor2: d=0.3208m in_range=False f_mag=0.000N tau_mag=0.0000Nm misalign_deg=90.0 pos=[ 0.10902469 -0.10904584  0.4914011 ] bottom_world=[ 0.10902454 -0.10904591  0.47140111] quat=[ 9.2300063e-01 -3.0816025e-06  2.7306662e-06 -3.8479847e-01] speed=0.0007 ang_speed=0.0042 ang_vel_vec=[ 0.00159617 -0.00384015  0.00040764] |com_force|=0.0000N
### kotek_magnet[tick=7260] sensor3: d=0.5470m in_range=False f_mag=0.000N tau_mag=0.0000Nm misalign_deg=90.0 pos=[-0.10910667 -0.10914607  0.49140114] bottom_world=[-0.10910684 -0.10914581  0.47140114] quat=[-3.8058338e-01  1.6921255e-06 -7.5242228e-06  9.2474669e-01] speed=0.0006 ang_speed=0.0043 ang_vel_vec=[-0.00393535 -0.00172157  0.00042448] |com_force|=0.0000N
### kotek_magnet[tick=7260] sensor4: d=0.5249m in_range=False f_mag=0.000N tau_mag=0.0000Nm misalign_deg=90.0 pos=[-0.10900018  0.10899851  0.49140236] bottom_world=[-0.10900009  0.10899881  0.47140236] quat=[ 3.8268298e-01  6.8580658e-07 -7.5765320e-06  9.2387968e-01] speed=0.0009 ang_speed=0.0015 ang_vel_vec=[-0.00017256 -0.00086856  0.00127129] |com_force|=0.0000N
### kotek_magnet[tick=7320] sensor1: d=0.4082m in_range=False f_mag=0.000N tau_mag=0.0000Nm misalign_deg=90.0 pos=[0.10880385 0.10900927 0.49140227] bottom_world=[0.10880376 0.10900939 0.47140227] quat=[9.2484164e-01 3.7562243e-06 9.0521132e-07 3.8035268e-01] speed=0.0007 ang_speed=0.0018 ang_vel_vec=[ 0.00068213 -0.00141389 -0.0009658 ] |com_force|=0.0000N
### kotek_magnet[tick=7320] sensor2: d=0.3208m in_range=False f_mag=0.000N tau_mag=0.0000Nm misalign_deg=90.0 pos=[ 0.10902468 -0.10904643  0.49140102] bottom_world=[ 0.10902463 -0.10904634  0.47140102] quat=[ 9.2300075e-01  1.4779181e-06  1.9458585e-06 -3.8479823e-01] speed=0.0002 ang_speed=0.0012 ang_vel_vec=[ 0.00046169 -0.00105525 -0.0004495 ] |com_force|=0.0000N
### kotek_magnet[tick=7320] sensor3: d=0.5470m in_range=False f_mag=0.000N tau_mag=0.0000Nm misalign_deg=90.0 pos=[-0.10910647 -0.10914586  0.4914011 ] bottom_world=[-0.10910666 -0.10914567  0.47140111] quat=[-3.8058287e-01  2.5031077e-06 -6.3929238e-06  9.2474687e-01] speed=0.0010 ang_speed=0.0028 ang_vel_vec=[0.00246028 0.00020104 0.00141335] |com_force|=0.0000N
### kotek_magnet[tick=7320] sensor4: d=0.5249m in_range=False f_mag=0.000N tau_mag=0.0000Nm misalign_deg=90.0 pos=[-0.10900036  0.10899878  0.49140233] bottom_world=[-0.1090002   0.10899905  0.47140233] quat=[ 3.8268271e-01 -9.1268777e-07 -7.9048814e-06  9.2387986e-01] speed=0.0005 ang_speed=0.0036 ang_vel_vec=[-0.00091137  0.00345017  0.00041682] |com_force|=0.0000N
### kotek_magnet[tick=7380] sensor1: d=0.4082m in_range=False f_mag=0.000N tau_mag=0.0000Nm misalign_deg=90.0 pos=[0.10880435 0.10900902 0.49140224] bottom_world=[0.1088041  0.10900935 0.47140224] quat=[9.2484146e-01 9.9656972e-06 2.7742321e-06 3.8035271e-01] speed=0.0010 ang_speed=0.0014 ang_vel_vec=[-0.00078579 -0.00060127 -0.00098048] |com_force|=0.0000N
### kotek_magnet[tick=7380] sensor2: d=0.3208m in_range=False f_mag=0.000N tau_mag=0.0000Nm misalign_deg=90.0 pos=[ 0.10902449 -0.10904559  0.49140102] bottom_world=[ 0.10902441 -0.10904567  0.47140102] quat=[ 9.2300051e-01 -2.7862793e-06  1.2554237e-06 -3.8479885e-01] speed=0.0010 ang_speed=0.0030 ang_vel_vec=[-0.00028968  0.00264961  0.0013248 ] |com_force|=0.0000N
### kotek_magnet[tick=7380] sensor3: d=0.5470m in_range=False f_mag=0.000N tau_mag=0.0000Nm misalign_deg=90.0 pos=[-0.10910727 -0.10914602  0.49140102] bottom_world=[-0.10910729 -0.10914587  0.47140102] quat=[-3.8058370e-01 -9.2999301e-07 -3.5973587e-06  9.2474651e-01] speed=0.0001 ang_speed=0.0014 ang_vel_vec=[-0.00113775 -0.00067476 -0.00051159] |com_force|=0.0000N
### kotek_magnet[tick=7380] sensor4: d=0.5249m in_range=False f_mag=0.000N tau_mag=0.0000Nm misalign_deg=90.0 pos=[-0.10900017  0.10899854  0.49140233] bottom_world=[-0.10900008  0.10899883  0.47140233] quat=[ 3.8268295e-01  7.5993142e-07 -7.3570254e-06  9.2387980e-01] speed=0.0009 ang_speed=0.0015 ang_vel_vec=[-0.0001947  -0.00083949  0.00126339] |com_force|=0.0000N
### kotek_magnet[tick=7440] sensor1: d=0.4084m in_range=False f_mag=0.000N tau_mag=0.0000Nm misalign_deg=93.9 pos=[0.11050309 0.10680745 0.4917379 ] bottom_world=[0.10913712 0.10938725 0.47195208] quat=[0.92052174 0.07286493 0.00671952 0.38377753] speed=0.3104 ang_speed=3.4900 ang_vel_vec=[-0.42068765  0.03355675 -3.4643419 ] |com_force|=0.0000N
### kotek_magnet[tick=7440] sensor2: d=0.3208m in_range=False f_mag=0.000N tau_mag=0.0000Nm misalign_deg=90.0 pos=[ 0.10902448 -0.10904568  0.4914012 ] bottom_world=[ 0.10902436 -0.10904579  0.4714012 ] quat=[ 9.2300045e-01 -3.6527440e-06  1.6567014e-06 -3.8479897e-01] speed=0.0010 ang_speed=0.0027 ang_vel_vec=[0.00122636 0.00185436 0.00157408] |com_force|=0.0000N
### kotek_magnet[tick=7440] sensor3: d=0.5470m in_range=False f_mag=0.000N tau_mag=0.0000Nm misalign_deg=90.0 pos=[-0.10910644 -0.10914584  0.49140108] bottom_world=[-0.10910665 -0.10914563  0.47140108] quat=[-3.8058302e-01  2.8805646e-06 -6.8041213e-06  9.2474681e-01] speed=0.0010 ang_speed=0.0026 ang_vel_vec=[ 0.00198853 -0.00043733  0.00156996] |com_force|=0.0000N
### kotek_magnet[tick=7440] sensor4: d=0.5249m in_range=False f_mag=0.000N tau_mag=0.0000Nm misalign_deg=90.0 pos=[-0.10900006  0.10900024  0.49140227] bottom_world=[-0.10900025  0.10900011  0.47140227] quat=[3.8268197e-01 3.2618266e-06 4.8575744e-06 9.2388010e-01] speed=0.0010 ang_speed=0.0007 ang_vel_vec=[ 3.9025167e-06  2.6697849e-04 -6.5061147e-04] |com_force|=0.0000N
### kotek_magnet[tick=7500] sensor1: d=0.4170m in_range=False f_mag=0.000N tau_mag=0.0000Nm misalign_deg=111.4 pos=[0.12329285 0.10863377 0.4971282 ] bottom_world=[0.11599654 0.12346148 0.48586306] quat=[0.861105   0.45513254 0.10595391 0.2003156 ] speed=0.0436 ang_speed=0.7360 ang_vel_vec=[-0.57602453 -0.41584283 -0.19225287] |com_force|=0.0000N
### kotek_magnet[tick=7500] sensor2: d=0.3208m in_range=False f_mag=0.000N tau_mag=0.0000Nm misalign_deg=90.0 pos=[ 0.10902464 -0.10904667  0.49140114] bottom_world=[ 0.10902463 -0.1090465   0.47140114] quat=[ 9.2300081e-01  3.7610930e-06  1.8550139e-06 -3.8479802e-01] speed=0.0004 ang_speed=0.0024 ang_vel_vec=[-0.00222668 -0.00043737 -0.00076634] |com_force|=0.0000N
### kotek_magnet[tick=7500] sensor3: d=0.5470m in_range=False f_mag=0.000N tau_mag=0.0000Nm misalign_deg=90.0 pos=[-0.10910666 -0.10914607  0.49140105] bottom_world=[-0.10910683 -0.10914582  0.47140105] quat=[-3.8058329e-01  1.6633981e-06 -7.2440262e-06  9.2474675e-01] speed=0.0007 ang_speed=0.0039 ang_vel_vec=[-0.00347501 -0.00165859  0.00056531] |com_force|=0.0000N
### kotek_magnet[tick=7500] sensor4: d=0.5249m in_range=False f_mag=0.000N tau_mag=0.0000Nm misalign_deg=90.0 pos=[-0.1090001   0.10900021  0.49140227] bottom_world=[-0.10900032  0.10900007  0.47140227] quat=[3.8268223e-01 3.7358116e-06 5.4704269e-06 9.2388010e-01] speed=0.0011 ang_speed=0.0018 ang_vel_vec=[ 0.00107324 -0.00116426 -0.00083456] |com_force|=0.0000N
### kotek_magnet[tick=7560] sensor1: d=0.4192m in_range=False f_mag=0.000N tau_mag=0.0000Nm misalign_deg=110.1 pos=[0.1250753  0.11342522 0.49717945] bottom_world=[0.11819638 0.1287821  0.48636988] quat=[0.85893697 0.46836317 0.10196468 0.18018425] speed=0.2569 ang_speed=4.9185 ang_vel_vec=[-3.1050665 -0.6499044  3.7587204] |com_force|=0.0000N
### kotek_magnet[tick=7560] sensor2: d=0.3208m in_range=False f_mag=0.000N tau_mag=0.0000Nm misalign_deg=90.0 pos=[ 0.10902443 -0.10904641  0.49140108] bottom_world=[ 0.10902449 -0.10904627  0.47140108] quat=[ 9.2300069e-01  3.8418998e-06 -3.1830325e-08 -3.8479844e-01] speed=0.0002 ang_speed=0.0030 ang_vel_vec=[-0.00163029  0.00249669  0.00026062] |com_force|=0.0000N
### kotek_magnet[tick=7560] sensor3: d=0.5470m in_range=False f_mag=0.000N tau_mag=0.0000Nm misalign_deg=90.0 pos=[-0.10910642 -0.10914607  0.49140114] bottom_world=[-0.10910663 -0.10914578  0.47140114] quat=[-3.8058314e-01  1.9420115e-06 -8.8069237e-06  9.2474681e-01] speed=0.0009 ang_speed=0.0022 ang_vel_vec=[-0.00178314  0.00094574  0.00081919] |com_force|=0.0000N
### kotek_magnet[tick=7560] sensor4: d=0.5249m in_range=False f_mag=0.000N tau_mag=0.0000Nm misalign_deg=90.0 pos=[-0.10900008  0.10900025  0.49140227] bottom_world=[-0.10900029  0.10900011  0.47140227] quat=[3.8268220e-01 3.5867756e-06 5.2201776e-06 9.2388004e-01] speed=0.0011 ang_speed=0.0012 ang_vel_vec=[ 0.0006058  -0.00070493 -0.00081471] |com_force|=0.0000N
### kotek_magnet[tick=7620] sensor1: d=0.4147m in_range=False f_mag=0.000N tau_mag=0.0000Nm misalign_deg=105.7 pos=[0.13008547 0.11114299 0.49804524] bottom_world=[0.12468429 0.12767241 0.48816569] quat=[0.854343   0.49625307 0.08212289 0.13071617] speed=0.1579 ang_speed=8.0948 ang_vel_vec=[-5.9724813 -4.403592  -3.234838 ] |com_force|=0.0000N
### kotek_magnet[tick=7620] sensor2: d=0.3208m in_range=False f_mag=0.000N tau_mag=0.0000Nm misalign_deg=90.0 pos=[ 0.10902433 -0.10904737  0.49140108] bottom_world=[ 0.10902457 -0.10904698  0.47140108] quat=[ 9.2300087e-01  1.1250789e-05 -1.8428780e-06 -3.8479793e-01] speed=0.0009 ang_speed=0.0032 ang_vel_vec=[-0.00207836  0.00230589 -0.00094676] |com_force|=0.0000N
### kotek_magnet[tick=7620] sensor3: d=0.5470m in_range=False f_mag=0.000N tau_mag=0.0000Nm misalign_deg=90.0 pos=[-0.10910642 -0.1091461   0.4914011 ] bottom_world=[-0.10910664 -0.10914579  0.47140111] quat=[-3.8058320e-01  2.0886744e-06 -9.2399359e-06  9.2474681e-01] speed=0.0009 ang_speed=0.0028 ang_vel_vec=[-0.00272901  0.00041314  0.0006794 ] |com_force|=0.0000N
### kotek_magnet[tick=7620] sensor4: d=0.5249m in_range=False f_mag=0.000N tau_mag=0.0000Nm misalign_deg=90.0 pos=[-0.1090002   0.10899856  0.49140224] bottom_world=[-0.10900011  0.10899885  0.47140224] quat=[ 3.8268292e-01  7.9781790e-07 -7.5068328e-06  9.2387974e-01] speed=0.0009 ang_speed=0.0016 ang_vel_vec=[-0.00021371 -0.00087902  0.00128208] |com_force|=0.0000N
### kotek_magnet[tick=7680] sensor1: d=0.4162m in_range=False f_mag=0.000N tau_mag=0.0000Nm misalign_deg=106.2 pos=[0.12893045 0.11104143 0.500712  ] bottom_world=[0.12334707 0.12736495 0.49059425] quat=[0.8568738  0.48977578 0.08471487 0.13678628] speed=0.1405 ang_speed=5.7080 ang_vel_vec=[-4.6859117 -1.8159578 -2.7066746] |com_force|=0.0000N
### kotek_magnet[tick=7680] sensor2: d=0.3208m in_range=False f_mag=0.000N tau_mag=0.0000Nm misalign_deg=90.0 pos=[ 0.10902435 -0.10904735  0.4914011 ] bottom_world=[ 0.10902458 -0.10904698  0.47140111] quat=[ 9.2300087e-01  1.0848639e-05 -1.8280598e-06 -3.8479790e-01] speed=0.0009 ang_speed=0.0027 ang_vel_vec=[-0.00161065  0.00202787 -0.00081609] |com_force|=0.0000N
### kotek_magnet[tick=7680] sensor3: d=0.5470m in_range=False f_mag=0.000N tau_mag=0.0000Nm misalign_deg=90.0 pos=[-0.1091067  -0.10914606  0.49140114] bottom_world=[-0.10910688 -0.10914581  0.47140114] quat=[-3.8058323e-01  1.6685503e-06 -7.3830388e-06  9.2474675e-01] speed=0.0006 ang_speed=0.0040 ang_vel_vec=[-0.00362121 -0.00171299  0.0005238 ] |com_force|=0.0000N
### kotek_magnet[tick=7680] sensor4: d=0.5249m in_range=False f_mag=0.000N tau_mag=0.0000Nm misalign_deg=90.0 pos=[-0.10900018  0.10899854  0.49140233] bottom_world=[-0.1090001   0.10899882  0.47140233] quat=[ 3.8268313e-01  7.8921266e-07 -7.3179781e-06  9.2387974e-01] speed=0.0009 ang_speed=0.0018 ang_vel_vec=[ 4.5088222e-05 -1.0947196e-03  1.3991335e-03] |com_force|=0.0000N
### kotek_magnet[tick=7740] sensor1: d=0.4227m in_range=False f_mag=0.000N tau_mag=0.0000Nm misalign_deg=106.1 pos=[0.12935732 0.11123692 0.5192615 ] bottom_world=[0.12381764 0.12758735 0.50916319] quat=[0.8567232  0.49042374 0.08382982 0.13595018] speed=0.1560 ang_speed=5.7535 ang_vel_vec=[-4.718988  -1.8905311 -2.6943798] |com_force|=0.0000N
### kotek_magnet[tick=7740] sensor2: d=0.3208m in_range=False f_mag=0.000N tau_mag=0.0000Nm misalign_deg=90.0 pos=[ 0.10902448 -0.10904638  0.49140102] bottom_world=[ 0.10902455 -0.10904624  0.47140102] quat=[ 9.2300063e-01  3.9306778e-06 -1.4739764e-07 -3.8479844e-01] speed=0.0002 ang_speed=0.0034 ang_vel_vec=[-1.7769204e-03  2.8874876e-03  6.4054730e-05] |com_force|=0.0000N
### kotek_magnet[tick=7740] sensor3: d=0.5470m in_range=False f_mag=0.000N tau_mag=0.0000Nm misalign_deg=90.0 pos=[-0.10910728 -0.10914604  0.49140105] bottom_world=[-0.10910729 -0.10914589  0.47140105] quat=[-3.8058376e-01 -1.0509827e-06 -3.4172479e-06  9.2474645e-01] speed=0.0001 ang_speed=0.0007 ang_vel_vec=[-0.0004763   0.00011022 -0.00055163] |com_force|=0.0000N
### kotek_magnet[tick=7740] sensor4: d=0.5249m in_range=False f_mag=0.000N tau_mag=0.0000Nm misalign_deg=90.0 pos=[-0.10899998  0.10900014  0.49140227] bottom_world=[-0.10900023  0.109       0.47140227] quat=[3.826823e-01 4.411512e-06 5.605263e-06 9.238801e-01] speed=0.0010 ang_speed=0.0030 ang_vel_vec=[ 0.00212943 -0.00209943 -0.00058436] |com_force|=0.0000N
### kotek_magnet[tick=7800] sensor1: d=0.4318m in_range=False f_mag=0.000N tau_mag=0.0000Nm misalign_deg=105.9 pos=[0.12975903 0.11152384 0.5422316 ] bottom_world=[0.12426689 0.12791524 0.53217386] quat=[0.85626453 0.49163428 0.08277581 0.13511145] speed=0.1477 ang_speed=5.7680 ang_vel_vec=[-4.736226  -1.8394458 -2.73028  ] |com_force|=0.0000N
### kotek_magnet[tick=7800] sensor2: d=0.3208m in_range=False f_mag=0.000N tau_mag=0.0000Nm misalign_deg=90.0 pos=[ 0.1090245  -0.10904562  0.491401  ] bottom_world=[ 0.1090244  -0.10904572  0.47140099] quat=[ 9.2300045e-01 -3.0784931e-06  1.3918102e-06 -3.8479897e-01] speed=0.0010 ang_speed=0.0026 ang_vel_vec=[-1.5669592e-06  2.1768927e-03  1.3435388e-03] |com_force|=0.0000N
### kotek_magnet[tick=7800] sensor3: d=0.5470m in_range=False f_mag=0.000N tau_mag=0.0000Nm misalign_deg=90.0 pos=[-0.10910729 -0.10914605  0.49140105] bottom_world=[-0.10910732 -0.1091459   0.47140105] quat=[-3.8058364e-01 -9.3262673e-07 -3.7754514e-06  9.2474651e-01] speed=0.0001 ang_speed=0.0014 ang_vel_vec=[-0.00110034 -0.00062353 -0.00048379] |com_force|=0.0000N
### kotek_magnet[tick=7800] sensor4: d=0.5249m in_range=False f_mag=0.000N tau_mag=0.0000Nm misalign_deg=90.0 pos=[-0.10900012  0.10900022  0.4914023 ] bottom_world=[-0.10900033  0.10900008  0.4714023 ] quat=[3.8268206e-01 3.4925276e-06 5.1580482e-06 9.2388022e-01] speed=0.0011 ang_speed=0.0012 ang_vel_vec=[ 0.00053738 -0.00052411 -0.00091828] |com_force|=0.0000N
### kotek_magnet[tick=7860] sensor1: d=0.4430m in_range=False f_mag=0.000N tau_mag=0.0000Nm misalign_deg=105.8 pos=[0.13021535 0.11180907 0.56753623] bottom_world=[0.12477577 0.12824112 0.55751631] quat=[0.855883   0.49277076 0.08172387 0.13402474] speed=0.1547 ang_speed=5.8727 ang_vel_vec=[-4.8177023 -1.961457  -2.7259738] |com_force|=0.0000N
### kotek_magnet[tick=7860] sensor2: d=0.3208m in_range=False f_mag=0.000N tau_mag=0.0000Nm misalign_deg=90.0 pos=[ 0.10902471 -0.10904561  0.49140108] bottom_world=[ 0.10902451 -0.10904572  0.47140108] quat=[ 9.2300057e-01 -4.5926968e-06  3.6137749e-06 -3.8479879e-01] speed=0.0010 ang_speed=0.0029 ang_vel_vec=[-0.00038596 -0.00274556  0.000809  ] |com_force|=0.0000N
### kotek_magnet[tick=7860] sensor3: d=0.5470m in_range=False f_mag=0.000N tau_mag=0.0000Nm misalign_deg=90.0 pos=[-0.10910643 -0.10914584  0.4914012 ] bottom_world=[-0.10910662 -0.10914564  0.4714012 ] quat=[-3.8058287e-01  2.5708491e-06 -6.6100251e-06  9.2474687e-01] speed=0.0010 ang_speed=0.0028 ang_vel_vec=[ 2.3396502e-03 -4.9277605e-05  1.5580452e-03] |com_force|=0.0000N
### kotek_magnet[tick=7860] sensor4: d=0.5249m in_range=False f_mag=0.000N tau_mag=0.0000Nm misalign_deg=90.0 pos=[-0.10900036  0.10899957  0.49140233] bottom_world=[-0.10900034  0.10899964  0.47140233] quat=[ 3.8268226e-01  1.6219094e-07 -1.6753163e-06  9.2387998e-01] speed=0.0005 ang_speed=0.0019 ang_vel_vec=[ 0.0014234  0.0011032 -0.0006792] |com_force|=0.0000N
### kotek_magnet[tick=7920] sensor1: d=0.4525m in_range=False f_mag=0.000N tau_mag=0.0000Nm misalign_deg=105.7 pos=[0.13049717 0.1119697  0.58735853] bottom_world=[0.12509624 0.1284376  0.57737664] quat=[0.8554404  0.49387333 0.08088196 0.13330066] speed=0.1369 ang_speed=5.8590 ang_vel_vec=[-4.856172  -1.9046355 -2.6679316] |com_force|=0.0000N
### kotek_magnet[tick=7920] sensor2: d=0.3208m in_range=False f_mag=0.000N tau_mag=0.0000Nm misalign_deg=90.0 pos=[ 0.10902465 -0.10904668  0.4914011 ] bottom_world=[ 0.10902463 -0.10904652  0.47140111] quat=[ 9.2300081e-01  3.4398754e-06  1.9591143e-06 -3.8479814e-01] speed=0.0004 ang_speed=0.0023 ang_vel_vec=[-0.00189016 -0.00108782 -0.00072225] |com_force|=0.0000N
### kotek_magnet[tick=7920] sensor3: d=0.5470m in_range=False f_mag=0.000N tau_mag=0.0000Nm misalign_deg=90.0 pos=[-0.10910728 -0.10914604  0.49140102] bottom_world=[-0.10910731 -0.10914588  0.47140102] quat=[-3.8058367e-01 -8.5450210e-07 -3.9546826e-06  9.2474651e-01] speed=0.0001 ang_speed=0.0019 ang_vel_vec=[-0.0015635  -0.0010638  -0.00036685] |com_force|=0.0000N
### kotek_magnet[tick=7920] sensor4: d=0.5249m in_range=False f_mag=0.000N tau_mag=0.0000Nm misalign_deg=90.0 pos=[-0.10899988  0.10900027  0.4914022 ] bottom_world=[-0.10900018  0.10900011  0.47140221] quat=[3.8268247e-01 5.3959984e-06 6.5174222e-06 9.2388004e-01] speed=0.0013 ang_speed=0.0126 ang_vel_vec=[ 0.00615145 -0.01098828 -0.00021987] |com_force|=0.0000N
### kotek_magnet[tick=7980] sensor1: d=0.4525m in_range=False f_mag=0.000N tau_mag=0.0000Nm misalign_deg=106.6 pos=[0.13100588 0.11351838 0.5862628 ] bottom_world=[0.12528154 0.12971667 0.57602333] quat=[0.8581241  0.4861777  0.08743002 0.14003694] speed=0.1286 ang_speed=5.8315 ang_vel_vec=[-4.8594785 -2.0023334 -2.5264237] |com_force|=0.0000N
### kotek_magnet[tick=7980] sensor2: d=0.3208m in_range=False f_mag=0.000N tau_mag=0.0000Nm misalign_deg=90.0 pos=[ 0.10902438 -0.10904735  0.49140105] bottom_world=[ 0.10902461 -0.10904698  0.47140105] quat=[ 9.2300081e-01  1.0799612e-05 -1.7791947e-06 -3.8479796e-01] speed=0.0009 ang_speed=0.0023 ang_vel_vec=[-0.00131275  0.00177651 -0.00068433] |com_force|=0.0000N
### kotek_magnet[tick=7980] sensor3: d=0.5470m in_range=False f_mag=0.000N tau_mag=0.0000Nm misalign_deg=90.0 pos=[-0.10910645 -0.10914582  0.4914011 ] bottom_world=[-0.10910664 -0.10914562  0.47140111] quat=[-3.8058290e-01  2.5060281e-06 -6.3366247e-06  9.2474681e-01] speed=0.0010 ang_speed=0.0029 ang_vel_vec=[2.4086819e-03 6.0410541e-05 1.6357445e-03] |com_force|=0.0000N
### kotek_magnet[tick=7980] sensor4: d=0.5249m in_range=False f_mag=0.000N tau_mag=0.0000Nm misalign_deg=90.0 pos=[-0.1090001   0.10900025  0.4914023 ] bottom_world=[-0.10900031  0.10900012  0.4714023 ] quat=[3.8268211e-01 3.5165178e-06 5.0975591e-06 9.2388010e-01] speed=0.0011 ang_speed=0.0010 ang_vel_vec=[ 0.00062094 -0.00048373 -0.00064942] |com_force|=0.0000N
### kotek_magnet[tick=8040] sensor1: d=0.4496m in_range=False f_mag=0.000N tau_mag=0.0000Nm misalign_deg=109.4 pos=[0.13916251 0.1181143  0.5844461 ] bottom_world=[0.13253482 0.13369494 0.57380102] quat=[0.8589723  0.47309926 0.10025293 0.1682051 ] speed=0.1222 ang_speed=5.7830 ang_vel_vec=[-4.7125025 -2.3069558 -2.4317534] |com_force|=0.0000N
### kotek_magnet[tick=8040] sensor2: d=0.3208m in_range=False f_mag=0.000N tau_mag=0.0000Nm misalign_deg=90.0 pos=[ 0.10902447 -0.10904559  0.49140114] bottom_world=[ 0.10902438 -0.10904568  0.47140114] quat=[ 9.2300045e-01 -2.9438386e-06  1.2706173e-06 -3.8479897e-01] speed=0.0010 ang_speed=0.0036 ang_vel_vec=[-0.00045812  0.00321989  0.00145187] |com_force|=0.0000N
### kotek_magnet[tick=8040] sensor3: d=0.5470m in_range=False f_mag=0.000N tau_mag=0.0000Nm misalign_deg=90.0 pos=[-0.10910751 -0.10914601  0.4914011 ] bottom_world=[-0.10910745 -0.1091459   0.47140111] quat=[-3.8058400e-01 -2.3931170e-06 -2.0840141e-06  9.2474645e-01] speed=0.0004 ang_speed=0.0033 ang_vel_vec=[ 0.00087493  0.0031403  -0.00076046] |com_force|=0.0000N
### kotek_magnet[tick=8040] sensor4: d=0.5249m in_range=False f_mag=0.000N tau_mag=0.0000Nm misalign_deg=90.0 pos=[-0.10900009  0.10900027  0.4914022 ] bottom_world=[-0.10900029  0.10900014  0.47140221] quat=[3.8268209e-01 3.4185466e-06 5.0627127e-06 9.2388010e-01] speed=0.0011 ang_speed=0.0008 ang_vel_vec=[ 4.9060935e-05 -1.0828399e-04 -7.6104898e-04] |com_force|=0.0000N
### kotek_magnet[tick=8100] sensor1: d=0.4452m in_range=False f_mag=0.000N tau_mag=0.0000Nm misalign_deg=112.7 pos=[0.14968854 0.12314774 0.5820957 ] bottom_world=[0.14198558 0.13783752 0.57092094] quat=[0.85903525 0.45507583 0.11635082 0.20353636] speed=0.1177 ang_speed=5.7596 ang_vel_vec=[-4.4748654 -2.7056992 -2.414004 ] |com_force|=0.0000N
### kotek_magnet[tick=8100] sensor2: d=0.3208m in_range=False f_mag=0.000N tau_mag=0.0000Nm misalign_deg=90.0 pos=[ 0.10902447 -0.10904559  0.49140117] bottom_world=[ 0.10902438 -0.10904568  0.47140117] quat=[ 9.2300057e-01 -2.9338717e-06  1.3015057e-06 -3.8479885e-01] speed=0.0010 ang_speed=0.0029 ang_vel_vec=[-0.00018251  0.00248077  0.00152561] |com_force|=0.0000N
### kotek_magnet[tick=8100] sensor3: d=0.5470m in_range=False f_mag=0.000N tau_mag=0.0000Nm misalign_deg=90.0 pos=[-0.10910753 -0.10914602  0.49140102] bottom_world=[-0.10910747 -0.1091459   0.47140102] quat=[-3.8058394e-01 -2.4574883e-06 -2.1682322e-06  9.2474639e-01] speed=0.0004 ang_speed=0.0026 ang_vel_vec=[ 9.9303807e-06  2.5349075e-03 -6.9169496e-04] |com_force|=0.0000N
### kotek_magnet[tick=8100] sensor4: d=0.5249m in_range=False f_mag=0.000N tau_mag=0.0000Nm misalign_deg=90.0 pos=[-0.10900006  0.10900025  0.49140224] bottom_world=[-0.10900027  0.10900012  0.47140224] quat=[3.8268206e-01 3.4447992e-06 5.0121798e-06 9.2388016e-01] speed=0.0011 ang_speed=0.0009 ang_vel_vec=[ 0.00033689 -0.00036306 -0.00070722] |com_force|=0.0000N
### kotek_magnet[tick=8160] sensor1: d=0.4402m in_range=False f_mag=0.000N tau_mag=0.0000Nm misalign_deg=115.8 pos=[0.16050927 0.12738451 0.5795216 ] bottom_world=[0.15179269 0.14103944 0.56779283] quat=[0.8579416  0.43490574 0.13280715 0.23907232] speed=0.1075 ang_speed=5.7453 ang_vel_vec=[-4.2065806 -3.0776498 -2.416827 ] |com_force|=0.0000N
### kotek_magnet[tick=8160] sensor2: d=0.3208m in_range=False f_mag=0.000N tau_mag=0.0000Nm misalign_deg=90.0 pos=[ 0.10902451 -0.10904559  0.49140108] bottom_world=[ 0.10902441 -0.10904569  0.47140108] quat=[ 9.2300034e-01 -3.0688873e-06  1.3835000e-06 -3.8479903e-01] speed=0.0011 ang_speed=0.0028 ang_vel_vec=[-3.1941010e-05  2.3435846e-03  1.4605353e-03] |com_force|=0.0000N
### kotek_magnet[tick=8160] sensor3: d=0.5470m in_range=False f_mag=0.000N tau_mag=0.0000Nm misalign_deg=90.0 pos=[-0.10910819 -0.10914572  0.49140117] bottom_world=[-0.10910791 -0.10914586  0.47140117] quat=[-3.8058394e-01 -5.0549747e-06  5.8939022e-06  9.2474639e-01] speed=0.0010 ang_speed=0.0030 ang_vel_vec=[ 0.00225017  0.00187573 -0.00082333] |com_force|=0.0000N
### kotek_magnet[tick=8160] sensor4: d=0.5249m in_range=False f_mag=0.000N tau_mag=0.0000Nm misalign_deg=90.0 pos=[-0.10900009  0.10900026  0.4914023 ] bottom_world=[-0.1090003   0.10900012  0.4714023 ] quat=[3.8268211e-01 3.5224107e-06 5.1757333e-06 9.2388016e-01] speed=0.0011 ang_speed=0.0009 ang_vel_vec=[ 0.00033824 -0.00026634 -0.00077205] |com_force|=0.0000N
### kotek_magnet[tick=8220] sensor1: d=0.4345m in_range=False f_mag=0.000N tau_mag=0.0000Nm misalign_deg=118.7 pos=[0.17112558 0.13057278 0.57680935] bottom_world=[0.16151    0.14310068 0.56453774] quat=[0.8556892  0.41355386 0.1489393  0.27310503] speed=0.1025 ang_speed=5.7242 ang_vel_vec=[-3.9232824 -3.4383588 -2.3563511] |com_force|=0.0000N
### kotek_magnet[tick=8220] sensor2: d=0.3208m in_range=False f_mag=0.000N tau_mag=0.0000Nm misalign_deg=90.0 pos=[ 0.10902441 -0.10904644  0.49140096] bottom_world=[ 0.10902448 -0.10904626  0.47140096] quat=[ 9.2300063e-01  4.9103005e-06 -8.7634930e-08 -3.8479865e-01] speed=0.0002 ang_speed=0.0034 ang_vel_vec=[-0.00243572  0.0023542   0.00042135] |com_force|=0.0000N
### kotek_magnet[tick=8220] sensor3: d=0.5470m in_range=False f_mag=0.000N tau_mag=0.0000Nm misalign_deg=90.0 pos=[-0.10910752 -0.10914603  0.49140105] bottom_world=[-0.10910747 -0.1091459   0.47140105] quat=[-3.8058394e-01 -2.5520833e-06 -2.3495400e-06  9.2474645e-01] speed=0.0004 ang_speed=0.0027 ang_vel_vec=[-0.00070965  0.00251158 -0.0007355 ] |com_force|=0.0000N
### kotek_magnet[tick=8220] sensor4: d=0.5249m in_range=False f_mag=0.000N tau_mag=0.0000Nm misalign_deg=90.0 pos=[-0.10900018  0.10899852  0.4914023 ] bottom_world=[-0.10900007  0.10899883  0.4714023 ] quat=[ 3.8268298e-01  4.1572056e-07 -8.0575783e-06  9.2387968e-01] speed=0.0009 ang_speed=0.0016 ang_vel_vec=[-0.00054822 -0.00025145  0.0014358 ] |com_force|=0.0000N
### kotek_magnet[tick=8280] sensor1: d=0.4281m in_range=False f_mag=0.000N tau_mag=0.0000Nm misalign_deg=121.4 pos=[0.18186797 0.13286492 0.5738745 ] bottom_world=[0.17143796 0.14413822 0.56106324] quat=[0.85208726 0.39033863 0.1653935  0.3069659 ] speed=0.1056 ang_speed=5.7038 ang_vel_vec=[-3.6212325 -3.7949674 -2.2400856] |com_force|=0.0000N
### kotek_magnet[tick=8280] sensor2: d=0.3208m in_range=False f_mag=0.000N tau_mag=0.0000Nm misalign_deg=90.0 pos=[ 0.10902449 -0.10904562  0.49140114] bottom_world=[ 0.1090244  -0.10904571  0.47140114] quat=[ 9.2300045e-01 -2.9789701e-06  1.3844392e-06 -3.8479888e-01] speed=0.0011 ang_speed=0.0030 ang_vel_vec=[-0.00023187  0.00254687  0.00149982] |com_force|=0.0000N
### kotek_magnet[tick=8280] sensor3: d=0.5470m in_range=False f_mag=0.000N tau_mag=0.0000Nm misalign_deg=90.0 pos=[-0.10910752 -0.10914604  0.49140105] bottom_world=[-0.10910746 -0.10914592  0.47140105] quat=[-3.8058376e-01 -2.5130564e-06 -2.1999322e-06  9.2474651e-01] speed=0.0004 ang_speed=0.0027 ang_vel_vec=[-0.00021342  0.00257761 -0.0007211 ] |com_force|=0.0000N
### kotek_magnet[tick=8280] sensor4: d=0.5249m in_range=False f_mag=0.000N tau_mag=0.0000Nm misalign_deg=90.0 pos=[-0.10900017  0.10899854  0.49140224] bottom_world=[-0.10900008  0.10899882  0.47140224] quat=[ 3.8268316e-01  7.4345104e-07 -7.3745605e-06  9.2387968e-01] speed=0.0009 ang_speed=0.0016 ang_vel_vec=[-0.00020733 -0.00079256  0.00142181] |com_force|=0.0000N
### kotek_magnet[tick=8340] sensor1: d=0.4211m in_range=False f_mag=0.000N tau_mag=0.0000Nm misalign_deg=123.8 pos=[0.19251147 0.13417432 0.57068354] bottom_world=[0.18137428 0.14409301 0.55735753] quat=[0.84716845 0.36569297 0.1819844  0.33978826] speed=0.1000 ang_speed=5.6997 ang_vel_vec=[-3.2978194 -4.125781  -2.1422195] |com_force|=0.0000N
### kotek_magnet[tick=8340] sensor2: d=0.3208m in_range=False f_mag=0.000N tau_mag=0.0000Nm misalign_deg=90.0 pos=[ 0.10902469 -0.10904581  0.4914012 ] bottom_world=[ 0.10902454 -0.10904588  0.4714012 ] quat=[ 9.2300063e-01 -3.1260615e-06  2.8066108e-06 -3.8479844e-01] speed=0.0008 ang_speed=0.0037 ang_vel_vec=[ 0.0013519  -0.0034354   0.00020419] |com_force|=0.0000N
### kotek_magnet[tick=8340] sensor3: d=0.5470m in_range=False f_mag=0.000N tau_mag=0.0000Nm misalign_deg=90.0 pos=[-0.1091082  -0.1091457   0.49140105] bottom_world=[-0.10910791 -0.10914585  0.47140105] quat=[-3.8058403e-01 -5.3043996e-06  6.1623691e-06  9.2474633e-01] speed=0.0010 ang_speed=0.0035 ang_vel_vec=[ 0.00246562  0.00213743 -0.00118212] |com_force|=0.0000N
### kotek_magnet[tick=8340] sensor4: d=0.5249m in_range=False f_mag=0.000N tau_mag=0.0000Nm misalign_deg=90.0 pos=[-0.10900015  0.10899857  0.4914023 ] bottom_world=[-0.10900007  0.10899886  0.4714023 ] quat=[ 3.8268307e-01  8.4436437e-07 -7.3526353e-06  9.2387968e-01] speed=0.0009 ang_speed=0.0017 ang_vel_vec=[ 7.5680327e-05 -1.3482225e-03  1.0561061e-03] |com_force|=0.0000N
### kotek_magnet[tick=8400] sensor1: d=0.4133m in_range=False f_mag=0.000N tau_mag=0.0000Nm misalign_deg=125.9 pos=[0.20301408 0.13451885 0.5672271 ] bottom_world=[0.19127797 0.1429864  0.55342262] quat=[0.8407977  0.33965838 0.19879545 0.3717146 ] speed=0.0938 ang_speed=5.6978 ang_vel_vec=[-2.9523864 -4.428147  -2.0347757] |com_force|=0.0000N
### kotek_magnet[tick=8400] sensor2: d=0.3208m in_range=False f_mag=0.000N tau_mag=0.0000Nm misalign_deg=90.0 pos=[ 0.10902442 -0.10904645  0.49140102] bottom_world=[ 0.10902449 -0.10904632  0.47140102] quat=[ 9.2300069e-01  3.7097864e-06 -3.9997457e-07 -3.8479847e-01] speed=0.0002 ang_speed=0.0057 ang_vel_vec=[-0.00250846  0.00511365  0.0006573 ] |com_force|=0.0000N
### kotek_magnet[tick=8400] sensor3: d=0.5470m in_range=False f_mag=0.000N tau_mag=0.0000Nm misalign_deg=90.0 pos=[-0.10910752 -0.10914602  0.49140102] bottom_world=[-0.10910746 -0.10914589  0.47140102] quat=[-3.8058388e-01 -2.4891581e-06 -2.5004324e-06  9.2474639e-01] speed=0.0004 ang_speed=0.0027 ang_vel_vec=[-0.00109379  0.00237329 -0.00052409] |com_force|=0.0000N
### kotek_magnet[tick=8400] sensor4: d=0.5249m in_range=False f_mag=0.000N tau_mag=0.0000Nm misalign_deg=90.0 pos=[-0.10900015  0.1089986   0.49140236] bottom_world=[-0.10900006  0.10899888  0.47140236] quat=[ 3.8268310e-01  6.5495175e-07 -7.4851678e-06  9.2387968e-01] speed=0.0008 ang_speed=0.0018 ang_vel_vec=[-0.000432   -0.00039375  0.00170733] |com_force|=0.0000N
### kotek_magnet[tick=8460] sensor1: d=0.4048m in_range=False f_mag=0.000N tau_mag=0.0000Nm misalign_deg=127.7 pos=[0.21333481 0.13385889 0.56356335] bottom_world=[0.20111633 0.14079083 0.54932759] quat=[0.8328816  0.3123752  0.21570295 0.4027435 ] speed=0.0949 ang_speed=5.7260 ang_vel_vec=[-2.5833044 -4.7512813 -1.8812661] |com_force|=0.0000N
### kotek_magnet[tick=8460] sensor2: d=0.3208m in_range=False f_mag=0.000N tau_mag=0.0000Nm misalign_deg=90.0 pos=[ 0.10902472 -0.10904669  0.49140114] bottom_world=[ 0.10902469 -0.10904654  0.47140114] quat=[ 9.2300069e-01  3.2006560e-06  1.9964887e-06 -3.8479817e-01] speed=0.0004 ang_speed=0.0024 ang_vel_vec=[-0.00208263 -0.00097225 -0.00080393] |com_force|=0.0000N
### kotek_magnet[tick=8460] sensor3: d=0.5470m in_range=False f_mag=0.000N tau_mag=0.0000Nm misalign_deg=90.0 pos=[-0.10910752 -0.10914603  0.49140117] bottom_world=[-0.10910747 -0.1091459   0.47140117] quat=[-3.8058385e-01 -2.2747593e-06 -2.6529219e-06  9.2474645e-01] speed=0.0004 ang_speed=0.0027 ang_vel_vec=[-0.00091765  0.00239304 -0.00085618] |com_force|=0.0000N
### kotek_magnet[tick=8460] sensor4: d=0.5249m in_range=False f_mag=0.000N tau_mag=0.0000Nm misalign_deg=90.0 pos=[-0.10900016  0.10899857  0.49140227] bottom_world=[-0.10900007  0.10899886  0.47140227] quat=[ 3.8268298e-01  6.0872861e-07 -7.6816323e-06  9.2387980e-01] speed=0.0009 ang_speed=0.0015 ang_vel_vec=[-0.00043399 -0.00042319  0.00132239] |com_force|=0.0000N
### kotek_magnet[tick=8520] sensor1: d=0.3955m in_range=False f_mag=0.000N tau_mag=0.0000Nm misalign_deg=129.0 pos=[0.2234719  0.13217571 0.5595996 ] bottom_world=[0.21088976 0.13749197 0.54499043] quat=[0.8233737  0.28380823 0.23286091 0.43276381] speed=0.0928 ang_speed=5.7222 ang_vel_vec=[-2.186997  -5.0009637 -1.7179674] |com_force|=0.0000N
### kotek_magnet[tick=8520] sensor2: d=0.3208m in_range=False f_mag=0.000N tau_mag=0.0000Nm misalign_deg=90.0 pos=[ 0.10902477 -0.10904554  0.4914011 ] bottom_world=[ 0.10902457 -0.10904565  0.47140111] quat=[ 9.2300051e-01 -4.4855487e-06  3.5831458e-06 -3.8479871e-01] speed=0.0010 ang_speed=0.0024 ang_vel_vec=[-0.00086625 -0.00216633  0.00062751] |com_force|=0.0000N
### kotek_magnet[tick=8520] sensor3: d=0.5470m in_range=False f_mag=0.000N tau_mag=0.0000Nm misalign_deg=90.0 pos=[-0.10910636 -0.10914609  0.49140117] bottom_world=[-0.10910659 -0.10914578  0.47140117] quat=[-3.8058326e-01  2.2556849e-06 -9.2795362e-06  9.2474663e-01] speed=0.0010 ang_speed=0.0029 ang_vel_vec=[-0.00281671  0.0002703   0.00063445] |com_force|=0.0000N
### kotek_magnet[tick=8520] sensor4: d=0.5249m in_range=False f_mag=0.000N tau_mag=0.0000Nm misalign_deg=90.0 pos=[-0.10900032  0.10899936  0.4914022 ] bottom_world=[-0.10900028  0.10899949  0.47140221] quat=[ 3.8268238e-01  3.0137315e-07 -3.3857655e-06  9.2387998e-01] speed=0.0002 ang_speed=0.0008 ang_vel_vec=[ 0.00012152  0.00066519 -0.00051137] |com_force|=0.0000N
### kotek_magnet[tick=8580] sensor1: d=0.3856m in_range=False f_mag=0.000N tau_mag=0.0000Nm misalign_deg=129.9 pos=[0.23323534 0.12947921 0.555408  ] bottom_world=[0.22041535 0.1331346  0.54049874] quat=[0.8123016  0.2545034  0.24999307 0.46140838] speed=0.0927 ang_speed=5.7687 ang_vel_vec=[-1.7697515 -5.2708592 -1.5375108] |com_force|=0.0000N
### kotek_magnet[tick=8580] sensor2: d=0.3208m in_range=False f_mag=0.000N tau_mag=0.0000Nm misalign_deg=90.0 pos=[ 0.10902441 -0.10904737  0.49140108] bottom_world=[ 0.10902463 -0.109047    0.47140108] quat=[ 9.2300087e-01  1.0486795e-05 -1.5350079e-06 -3.8479793e-01] speed=0.0009 ang_speed=0.0024 ang_vel_vec=[-0.00139352  0.00182659 -0.00075974] |com_force|=0.0000N
### kotek_magnet[tick=8580] sensor3: d=0.5470m in_range=False f_mag=0.000N tau_mag=0.0000Nm misalign_deg=90.0 pos=[-0.10910725 -0.10914578  0.49140096] bottom_world=[-0.10910723 -0.10914574  0.47140096] quat=[-3.8058332e-01 -8.5850695e-07 -5.9456977e-07  9.2474669e-01] speed=0.0004 ang_speed=0.0060 ang_vel_vec=[0.00538942 0.00263632 0.00042164] |com_force|=0.0000N
### kotek_magnet[tick=8580] sensor4: d=0.5249m in_range=False f_mag=0.000N tau_mag=0.0000Nm misalign_deg=90.0 pos=[-0.10900015  0.10899854  0.4914023 ] bottom_world=[-0.10900006  0.10899882  0.4714023 ] quat=[ 3.8268313e-01  8.0446443e-07 -7.4298987e-06  9.2387974e-01] speed=0.0009 ang_speed=0.0016 ang_vel_vec=[-0.00033181 -0.00065579  0.00143947] |com_force|=0.0000N
### still playing, 1249s left
### kotek_magnet[tick=8640] sensor1: d=0.3751m in_range=False f_mag=0.000N tau_mag=0.0000Nm misalign_deg=130.3 pos=[0.24265715 0.12581985 0.55096924] bottom_world=[0.22972647 0.12776274 0.53583575] quat=[0.7994864  0.22419977 0.2672025  0.4890387 ] speed=0.0927 ang_speed=5.7716 ang_vel_vec=[-1.3619179 -5.444638  -1.3462476] |com_force|=0.0000N
### kotek_magnet[tick=8640] sensor2: d=0.3208m in_range=False f_mag=0.000N tau_mag=0.0000Nm misalign_deg=90.0 pos=[ 0.10902439 -0.10904735  0.49140102] bottom_world=[ 0.10902461 -0.10904699  0.47140102] quat=[ 9.2300081e-01  1.0595062e-05 -1.5758230e-06 -3.8479790e-01] speed=0.0009 ang_speed=0.0024 ang_vel_vec=[-0.0013585   0.00178641 -0.00082434] |com_force|=0.0000N
### kotek_magnet[tick=8640] sensor3: d=0.5470m in_range=False f_mag=0.000N tau_mag=0.0000Nm misalign_deg=90.0 pos=[-0.10910752 -0.10914607  0.49140102] bottom_world=[-0.10910746 -0.10914595  0.47140102] quat=[-3.8058391e-01 -2.5675649e-06 -2.2509003e-06  9.2474639e-01] speed=0.0004 ang_speed=0.0026 ang_vel_vec=[-0.00037889  0.00245385 -0.00080014] |com_force|=0.0000N
### kotek_magnet[tick=8640] sensor4: d=0.5249m in_range=False f_mag=0.000N tau_mag=0.0000Nm misalign_deg=90.0 pos=[-0.10900015  0.10899851  0.4914023 ] bottom_world=[-0.10900007  0.10899879  0.4714023 ] quat=[ 3.8268298e-01  8.6888423e-07 -7.3818874e-06  9.2387980e-01] speed=0.0009 ang_speed=0.0018 ang_vel_vec=[ 9.2413293e-06 -1.2468061e-03  1.3390857e-03] |com_force|=0.0000N
### kotek_magnet[tick=8700] sensor1: d=0.3639m in_range=False f_mag=0.000N tau_mag=0.0000Nm misalign_deg=130.2 pos=[0.25165313 0.12113748 0.5463588 ] bottom_world=[0.2387427  0.12135545 0.53108554] quat=[0.78513795 0.19340649 0.28418633 0.51516074] speed=0.0942 ang_speed=5.8056 ang_vel_vec=[-0.9383259 -5.619049  -1.118259 ] |com_force|=0.0000N
### kotek_magnet[tick=8700] sensor2: d=0.3208m in_range=False f_mag=0.000N tau_mag=0.0000Nm misalign_deg=90.0 pos=[ 0.10902452 -0.10904565  0.49140108] bottom_world=[ 0.10902443 -0.10904574  0.47140108] quat=[ 9.2300045e-01 -2.9432665e-06  1.3416739e-06 -3.8479891e-01] speed=0.0010 ang_speed=0.0026 ang_vel_vec=[-0.00011003  0.00214105  0.00139255] |com_force|=0.0000N
### kotek_magnet[tick=8700] sensor3: d=0.5470m in_range=False f_mag=0.000N tau_mag=0.0000Nm misalign_deg=90.0 pos=[-0.10910633 -0.10914613  0.4914011 ] bottom_world=[-0.10910656 -0.10914582  0.47140111] quat=[-3.8058305e-01  2.3206990e-06 -9.3308990e-06  9.2474675e-01] speed=0.0010 ang_speed=0.0029 ang_vel_vec=[-0.00281422  0.00030022  0.00068905] |com_force|=0.0000N
### kotek_magnet[tick=8700] sensor4: d=0.5249m in_range=False f_mag=0.000N tau_mag=0.0000Nm misalign_deg=90.0 pos=[-0.1090001   0.10899852  0.4914024 ] bottom_world=[-0.10900001  0.10899881  0.47140239] quat=[ 3.8268316e-01  6.5456464e-07 -7.5257681e-06  9.2387974e-01] speed=0.0009 ang_speed=0.0014 ang_vel_vec=[-0.00050141 -0.00036958  0.00129426] |com_force|=0.0000N
### kotek_magnet[tick=8760] sensor1: d=0.3522m in_range=False f_mag=0.000N tau_mag=0.0000Nm misalign_deg=129.7 pos=[0.2601923  0.11550906 0.5415431 ] bottom_world=[0.24743035 0.11399455 0.52621868] quat=[0.7691276  0.16209902 0.30101955 0.5399573 ] speed=0.0963 ang_speed=5.8383 ang_vel_vec=[-0.50232583 -5.747696   -0.89289   ] |com_force|=0.0000N
### kotek_magnet[tick=8760] sensor2: d=0.3208m in_range=False f_mag=0.000N tau_mag=0.0000Nm misalign_deg=90.0 pos=[ 0.1090245  -0.10904563  0.49140114] bottom_world=[ 0.10902441 -0.10904571  0.47140114] quat=[ 9.2300045e-01 -2.6741066e-06  1.3523609e-06 -3.8479906e-01] speed=0.0010 ang_speed=0.0025 ang_vel_vec=[-0.00029588  0.00210001  0.00138985] |com_force|=0.0000N
### kotek_magnet[tick=8760] sensor3: d=0.5470m in_range=False f_mag=0.000N tau_mag=0.0000Nm misalign_deg=90.0 pos=[-0.1091064  -0.10914589  0.4914011 ] bottom_world=[-0.1091066  -0.10914569  0.47140111] quat=[-3.8058290e-01  2.6333221e-06 -6.6340162e-06  9.2474687e-01] speed=0.0011 ang_speed=0.0031 ang_vel_vec=[0.00270238 0.00030344 0.00140276] |com_force|=0.0000N
### kotek_magnet[tick=8760] sensor4: d=0.5249m in_range=False f_mag=0.000N tau_mag=0.0000Nm misalign_deg=90.0 pos=[-0.10900017  0.10899853  0.4914023 ] bottom_world=[-0.10900009  0.10899881  0.4714023 ] quat=[ 3.8268313e-01  9.0999680e-07 -7.3196416e-06  9.2387968e-01] speed=0.0009 ang_speed=0.0022 ang_vel_vec=[ 0.0002029  -0.00177835  0.00127832] |com_force|=0.0000N
### kotek_magnet[tick=8820] sensor1: d=0.3397m in_range=False f_mag=0.000N tau_mag=0.0000Nm misalign_deg=128.6 pos=[0.26835635 0.10884611 0.53649455] bottom_world=[0.25587551 0.1055884  0.52121005] quat=[0.7512771  0.13000926 0.31778154 0.56364465] speed=0.0994 ang_speed=5.8735 ang_vel_vec=[-0.05182979 -5.8376126  -0.64645684] |com_force|=0.0000N
### kotek_magnet[tick=8820] sensor2: d=0.3208m in_range=False f_mag=0.000N tau_mag=0.0000Nm misalign_deg=90.0 pos=[ 0.10902447 -0.10904558  0.4914011 ] bottom_world=[ 0.10902437 -0.10904566  0.47140111] quat=[ 9.2300045e-01 -2.8903075e-06  1.4550719e-06 -3.8479897e-01] speed=0.0010 ang_speed=0.0022 ang_vel_vec=[0.00010232 0.00160996 0.00146137] |com_force|=0.0000N
### kotek_magnet[tick=8820] sensor3: d=0.5470m in_range=False f_mag=0.000N tau_mag=0.0000Nm misalign_deg=90.0 pos=[-0.10910749 -0.10914601  0.49140114] bottom_world=[-0.10910744 -0.10914588  0.47140114] quat=[-3.8058373e-01 -2.4255539e-06 -2.4237968e-06  9.2474651e-01] speed=0.0004 ang_speed=0.0026 ang_vel_vec=[-0.00059003  0.0023884  -0.00076851] |com_force|=0.0000N
### kotek_magnet[tick=8820] sensor4: d=0.5249m in_range=False f_mag=0.000N tau_mag=0.0000Nm misalign_deg=90.0 pos=[-0.10900033  0.1089988   0.4914023 ] bottom_world=[-0.10900018  0.10899908  0.4714023 ] quat=[ 3.8268271e-01 -8.6727505e-07 -8.0196060e-06  9.2387980e-01] speed=0.0005 ang_speed=0.0040 ang_vel_vec=[-0.00120473  0.00382782  0.00044807] |com_force|=0.0000N
### kotek_magnet[tick=8880] sensor1: d=0.3271m in_range=False f_mag=0.000N tau_mag=0.0000Nm misalign_deg=127.2 pos=[0.27582738 0.10147531 0.531395  ] bottom_world=[0.26374733 0.09653582 0.51624002] quat=[0.7321701  0.0983144  0.33385533 0.58549285] speed=0.1032 ang_speed=5.8872 ang_vel_vec=[ 0.37829223 -5.86074    -0.41019827] |com_force|=0.0000N
### kotek_magnet[tick=8880] sensor2: d=0.3208m in_range=False f_mag=0.000N tau_mag=0.0000Nm misalign_deg=90.0 pos=[ 0.10902474 -0.10904588  0.4914011 ] bottom_world=[ 0.10902458 -0.10904595  0.47140111] quat=[ 9.2300063e-01 -3.2849173e-06  3.0861065e-06 -3.8479853e-01] speed=0.0007 ang_speed=0.0034 ang_vel_vec=[ 0.00100378 -0.00327357  0.00041903] |com_force|=0.0000N
### kotek_magnet[tick=8880] sensor3: d=0.5470m in_range=False f_mag=0.000N tau_mag=0.0000Nm misalign_deg=90.0 pos=[-0.10910814 -0.10914579  0.49140117] bottom_world=[-0.10910788 -0.10914591  0.47140117] quat=[-3.8058415e-01 -4.8757497e-06  5.2966666e-06  9.2474639e-01] speed=0.0009 ang_speed=0.0028 ang_vel_vec=[ 0.00203983  0.00172968 -0.00097083] |com_force|=0.0000N
### kotek_magnet[tick=8880] sensor4: d=0.5249m in_range=False f_mag=0.000N tau_mag=0.0000Nm misalign_deg=90.0 pos=[-0.10900016  0.10899852  0.49140233] bottom_world=[-0.10900007  0.10899882  0.47140233] quat=[ 3.8268298e-01  7.0982435e-07 -7.6543729e-06  9.2387974e-01] speed=0.0009 ang_speed=0.0015 ang_vel_vec=[-0.00037447 -0.00071829  0.00121927] |com_force|=0.0000N
### kotek_magnet[tick=8940] sensor1: d=0.3139m in_range=False f_mag=0.000N tau_mag=0.0000Nm misalign_deg=125.3 pos=[0.28284994 0.09316787 0.5261361 ] bottom_world=[0.27129851 0.0865748  0.5111997 ] quat=[0.71136975 0.06615634 0.34959033 0.60610485] speed=0.1078 ang_speed=5.9034 ang_vel_vec=[ 0.8147942  -5.844717   -0.16156924] |com_force|=0.0000N
### kotek_magnet[tick=8940] sensor2: d=0.3208m in_range=False f_mag=0.000N tau_mag=0.0000Nm misalign_deg=90.0 pos=[ 0.10902472 -0.10904589  0.4914011 ] bottom_world=[ 0.10902456 -0.10904595  0.47140111] quat=[ 9.2300063e-01 -3.0787799e-06  3.0738343e-06 -3.8479862e-01] speed=0.0007 ang_speed=0.0027 ang_vel_vec=[ 0.00058585 -0.00260141  0.00032685] |com_force|=0.0000N
### kotek_magnet[tick=8940] sensor3: d=0.5470m in_range=False f_mag=0.000N tau_mag=0.0000Nm misalign_deg=90.0 pos=[-0.10910814 -0.1091458   0.49140114] bottom_world=[-0.10910787 -0.10914594  0.47140114] quat=[-3.8058403e-01 -5.0641493e-06  5.8335058e-06  9.2474639e-01] speed=0.0009 ang_speed=0.0031 ang_vel_vec=[ 0.0022281   0.0018674  -0.00103528] |com_force|=0.0000N
### kotek_magnet[tick=8940] sensor4: d=0.5249m in_range=False f_mag=0.000N tau_mag=0.0000Nm misalign_deg=90.0 pos=[-0.10900016  0.10899849  0.4914023 ] bottom_world=[-0.10900008  0.10899878  0.4714023 ] quat=[ 3.8268286e-01  8.5017541e-07 -7.4977952e-06  9.2387974e-01] speed=0.0009 ang_speed=0.0021 ang_vel_vec=[ 0.00013968 -0.00182172  0.0011004 ] |com_force|=0.0000N
### kotek_magnet[tick=9000] sensor1: d=0.3003m in_range=False f_mag=0.000N tau_mag=0.0000Nm misalign_deg=123.0 pos=[0.28932115 0.08406286 0.52078927] bottom_world=[0.2784186  0.07587642 0.50615655] quat=[0.6891105  0.03394265 0.36473262 0.6252557 ] speed=0.1131 ang_speed=5.9111 ang_vel_vec=[ 1.2446464  -5.7779555   0.08464807] |com_force|=0.0000N
### kotek_magnet[tick=9000] sensor2: d=0.3208m in_range=False f_mag=0.000N tau_mag=0.0000Nm misalign_deg=90.0 pos=[ 0.10902455 -0.10904568  0.491401  ] bottom_world=[ 0.10902446 -0.10904576  0.47140099] quat=[ 9.2300045e-01 -2.6770654e-06  1.2755763e-06 -3.8479882e-01] speed=0.0010 ang_speed=0.0022 ang_vel_vec=[0.00018559 0.00165039 0.00144383] |com_force|=0.0000N
### kotek_magnet[tick=9000] sensor3: d=0.5470m in_range=False f_mag=0.000N tau_mag=0.0000Nm misalign_deg=90.0 pos=[-0.10910814 -0.10914578  0.4914011 ] bottom_world=[-0.10910788 -0.10914591  0.47140111] quat=[-3.8058406e-01 -4.7571316e-06  5.3461249e-06  9.2474639e-01] speed=0.0010 ang_speed=0.0029 ang_vel_vec=[ 0.00223588  0.0016672  -0.00088804] |com_force|=0.0000N
### kotek_magnet[tick=9000] sensor4: d=0.5249m in_range=False f_mag=0.000N tau_mag=0.0000Nm misalign_deg=90.0 pos=[-0.10900012  0.10899849  0.4914023 ] bottom_world=[-0.10900002  0.10899879  0.4714023 ] quat=[ 3.8268310e-01  5.5768868e-07 -7.8177573e-06  9.2387974e-01] speed=0.0009 ang_speed=0.0014 ang_vel_vec=[-0.00048995 -0.00017843  0.00132499] |com_force|=0.0000N
### kotek_magnet[tick=9060] sensor1: d=0.2865m in_range=False f_mag=0.000N tau_mag=0.0000Nm misalign_deg=120.5 pos=[0.29522428 0.07422943 0.5153904 ] bottom_world=[0.28508525 0.06452568 0.50114128] quat=[0.66549844 0.00177243 0.3791687  0.6429151 ] speed=0.1191 ang_speed=5.9053 ang_vel_vec=[ 1.6596191  -5.6576967   0.33051175] |com_force|=0.0000N
### kotek_magnet[tick=9060] sensor2: d=0.3208m in_range=False f_mag=0.000N tau_mag=0.0000Nm misalign_deg=90.0 pos=[ 0.10902453 -0.10904566  0.49140102] bottom_world=[ 0.10902444 -0.10904574  0.47140102] quat=[ 9.2300045e-01 -2.6016542e-06  1.4100292e-06 -3.8479888e-01] speed=0.0010 ang_speed=0.0019 ang_vel_vec=[9.0503694e-05 1.3141992e-03 1.4067364e-03] |com_force|=0.0000N
### kotek_magnet[tick=9060] sensor3: d=0.5470m in_range=False f_mag=0.000N tau_mag=0.0000Nm misalign_deg=90.0 pos=[-0.10910816 -0.10914578  0.49140117] bottom_world=[-0.10910789 -0.1091459   0.47140117] quat=[-3.8058424e-01 -4.9434648e-06  5.4009656e-06  9.2474633e-01] speed=0.0009 ang_speed=0.0029 ang_vel_vec=[ 0.00208672  0.00171915 -0.00091477] |com_force|=0.0000N
### kotek_magnet[tick=9060] sensor4: d=0.5249m in_range=False f_mag=0.000N tau_mag=0.0000Nm misalign_deg=90.0 pos=[-0.10900016  0.10899854  0.49140236] bottom_world=[-0.10900007  0.10899884  0.47140236] quat=[ 3.8268298e-01  7.3628763e-07 -7.7716131e-06  9.2387974e-01] speed=0.0009 ang_speed=0.0018 ang_vel_vec=[-0.00011757 -0.0012904   0.00126116] |com_force|=0.0000N
### kotek_magnet[tick=9120] sensor1: d=0.2723m in_range=False f_mag=0.000N tau_mag=0.0000Nm misalign_deg=117.6 pos=[0.3006048  0.06359605 0.50989175] bottom_world=[0.29134536 0.05245111 0.49610577] quat=[ 0.64039177 -0.03058339  0.39295688  0.6592025 ] speed=0.1259 ang_speed=5.8862 ang_vel_vec=[ 2.0632486 -5.48485    0.553926 ] |com_force|=0.0000N
### kotek_magnet[tick=9120] sensor2: d=0.3208m in_range=False f_mag=0.000N tau_mag=0.0000Nm misalign_deg=90.0 pos=[ 0.10902452 -0.10904564  0.49140102] bottom_world=[ 0.10902445 -0.1090457   0.47140102] quat=[ 9.2300045e-01 -2.1159958e-06  1.1394582e-06 -3.8479891e-01] speed=0.0010 ang_speed=0.0027 ang_vel_vec=[-0.00043556  0.00224858  0.0015101 ] |com_force|=0.0000N
### kotek_magnet[tick=9120] sensor3: d=0.5470m in_range=False f_mag=0.000N tau_mag=0.0000Nm misalign_deg=90.0 pos=[-0.10910746 -0.10914606  0.49140108] bottom_world=[-0.1091074  -0.10914594  0.47140108] quat=[-3.8058391e-01 -2.4683452e-06 -2.1862375e-06  9.2474645e-01] speed=0.0004 ang_speed=0.0027 ang_vel_vec=[ 0.00028797  0.00261842 -0.00072472] |com_force|=0.0000N
### kotek_magnet[tick=9120] sensor4: d=0.5249m in_range=False f_mag=0.000N tau_mag=0.0000Nm misalign_deg=90.0 pos=[-0.10900006  0.10899937  0.4914022 ] bottom_world=[-0.10900014  0.10899946  0.47140221] quat=[ 3.8268271e-01  2.6333837e-06 -1.2240723e-06  9.2387986e-01] speed=0.0003 ang_speed=0.0050 ang_vel_vec=[ 0.00253686 -0.00425856  0.00033894] |com_force|=0.0000N
### kotek_magnet[tick=9180] sensor1: d=0.2582m in_range=False f_mag=0.000N tau_mag=0.0000Nm misalign_deg=114.5 pos=[0.30531597 0.05255532 0.5045148 ] bottom_world=[0.29702171 0.04009564 0.49124975] quat=[ 0.6146245  -0.06223444  0.40558645  0.6736938 ] speed=0.1333 ang_speed=5.8388 ang_vel_vec=[ 2.410865  -5.260458   0.7788336] |com_force|=0.0000N
### kotek_magnet[tick=9180] sensor2: d=0.3208m in_range=False f_mag=0.000N tau_mag=0.0000Nm misalign_deg=90.0 pos=[ 0.10902449 -0.10904566  0.49140108] bottom_world=[ 0.10902441 -0.10904573  0.47140108] quat=[ 9.2300051e-01 -2.3514478e-06  1.2027318e-06 -3.8479897e-01] speed=0.0010 ang_speed=0.0022 ang_vel_vec=[-0.00014647  0.0016409   0.00147571] |com_force|=0.0000N
### kotek_magnet[tick=9180] sensor3: d=0.5470m in_range=False f_mag=0.000N tau_mag=0.0000Nm misalign_deg=90.0 pos=[-0.10910749 -0.10914606  0.49140105] bottom_world=[-0.10910744 -0.10914594  0.47140105] quat=[-3.8058382e-01 -2.3431694e-06 -2.3529465e-06  9.2474645e-01] speed=0.0004 ang_speed=0.0024 ang_vel_vec=[-0.00045028  0.00222749 -0.00074747] |com_force|=0.0000N
### kotek_magnet[tick=9180] sensor4: d=0.5249m in_range=False f_mag=0.000N tau_mag=0.0000Nm misalign_deg=90.0 pos=[-0.10900002  0.10900021  0.4914024 ] bottom_world=[-0.10900024  0.10900006  0.47140239] quat=[3.8268211e-01 3.7251280e-06 5.5154305e-06 9.2388010e-01] speed=0.0010 ang_speed=0.0018 ang_vel_vec=[ 0.00115879 -0.00109482 -0.00084299] |com_force|=0.0000N
### kotek_magnet[tick=9240] sensor1: d=0.2441m in_range=False f_mag=0.000N tau_mag=0.0000Nm misalign_deg=111.2 pos=[0.3094613  0.04093473 0.4991453 ] bottom_world=[0.30222782 0.02726548 0.48646349] quat=[ 0.5877668  -0.09384452  0.41731027  0.6867136 ] speed=0.1405 ang_speed=5.7783 ang_vel_vec=[ 2.720043  -5.0018477  0.985536 ] |com_force|=0.0000N
### kotek_magnet[tick=9240] sensor2: d=0.3208m in_range=False f_mag=0.000N tau_mag=0.0000Nm misalign_deg=90.0 pos=[ 0.1090245  -0.10904567  0.49140105] bottom_world=[ 0.10902443 -0.10904573  0.47140105] quat=[ 9.2300040e-01 -2.0916846e-06  1.1815346e-06 -3.8479900e-01] speed=0.0010 ang_speed=0.0025 ang_vel_vec=[-0.00041765  0.00185698  0.00165271] |com_force|=0.0000N
### kotek_magnet[tick=9240] sensor3: d=0.5470m in_range=False f_mag=0.000N tau_mag=0.0000Nm misalign_deg=90.0 pos=[-0.10910748 -0.10914604  0.4914011 ] bottom_world=[-0.10910741 -0.10914592  0.47140111] quat=[-3.8058388e-01 -2.6234650e-06 -1.9965053e-06  9.2474651e-01] speed=0.0004 ang_speed=0.0026 ang_vel_vec=[-5.415965e-05  2.489262e-03 -5.989955e-04] |com_force|=0.0000N
### kotek_magnet[tick=9240] sensor4: d=0.5249m in_range=False f_mag=0.000N tau_mag=0.0000Nm misalign_deg=90.0 pos=[-0.1090003   0.10899957  0.49140227] bottom_world=[-0.1090003   0.10899962  0.47140227] quat=[ 3.8268226e-01  5.3567021e-07 -1.2021865e-06  9.2388010e-01] speed=0.0005 ang_speed=0.0020 ang_vel_vec=[ 0.00182003  0.00041077 -0.00065547] |com_force|=0.0000N
### kotek_magnet[tick=9300] sensor1: d=0.2302m in_range=False f_mag=0.000N tau_mag=0.0000Nm misalign_deg=107.7 pos=[0.3129871 0.0289813 0.4938498] bottom_world=[0.30689791 0.01422298 0.48180349] quat=[ 0.5600392  -0.12524477  0.4279668   0.69822216] speed=0.1494 ang_speed=5.7045 ang_vel_vec=[ 2.9939933 -4.711063   1.1759305] |com_force|=0.0000N
### kotek_magnet[tick=9300] sensor2: d=0.3208m in_range=False f_mag=0.000N tau_mag=0.0000Nm misalign_deg=90.0 pos=[ 0.10902474 -0.1090459   0.49140102] bottom_world=[ 0.10902458 -0.10904596  0.47140102] quat=[ 9.2300057e-01 -2.8363295e-06  3.1792490e-06 -3.8479868e-01] speed=0.0007 ang_speed=0.0024 ang_vel_vec=[ 0.00017074 -0.00235736  0.00021645] |com_force|=0.0000N
### kotek_magnet[tick=9300] sensor3: d=0.5470m in_range=False f_mag=0.000N tau_mag=0.0000Nm misalign_deg=90.0 pos=[-0.10910814 -0.10914577  0.49140096] bottom_world=[-0.10910787 -0.10914589  0.47140096] quat=[-3.8058397e-01 -4.8758611e-06  5.3671934e-06  9.2474645e-01] speed=0.0009 ang_speed=0.0031 ang_vel_vec=[ 0.00219666  0.00186073 -0.0011549 ] |com_force|=0.0000N
### kotek_magnet[tick=9300] sensor4: d=0.5249m in_range=False f_mag=0.000N tau_mag=0.0000Nm misalign_deg=90.0 pos=[-0.10900031  0.10899958  0.49140224] bottom_world=[-0.1090003   0.10899964  0.47140224] quat=[ 3.8268226e-01  3.7138119e-07 -1.4149459e-06  9.2388004e-01] speed=0.0005 ang_speed=0.0024 ang_vel_vec=[ 0.00182299  0.00113153 -0.00114263] |com_force|=0.0000N
### kotek_magnet[tick=9360] sensor1: d=0.2164m in_range=False f_mag=0.000N tau_mag=0.0000Nm misalign_deg=104.1 pos=[0.3158917  0.01649184 0.4886061 ] bottom_world=[0.31101382 0.00077081 0.47724583] quat=[ 0.53167737 -0.15640014  0.43764418  0.7080437 ] speed=0.1579 ang_speed=5.6172 ang_vel_vec=[ 3.224445 -4.398515  1.34486 ] |com_force|=0.0000N
### kotek_magnet[tick=9360] sensor2: d=0.3208m in_range=False f_mag=0.000N tau_mag=0.0000Nm misalign_deg=90.0 pos=[ 0.10902473 -0.10904594  0.49140102] bottom_world=[ 0.10902457 -0.10904599  0.47140102] quat=[ 9.2300057e-01 -2.7558335e-06  3.1480170e-06 -3.8479859e-01] speed=0.0006 ang_speed=0.0026 ang_vel_vec=[ 0.00037143 -0.00255918  0.00053334] |com_force|=0.0000N
### kotek_magnet[tick=9360] sensor3: d=0.5470m in_range=False f_mag=0.000N tau_mag=0.0000Nm misalign_deg=90.0 pos=[-0.10910812 -0.10914582  0.4914011 ] bottom_world=[-0.10910787 -0.10914594  0.47140111] quat=[-3.8058406e-01 -4.6952637e-06  5.0553936e-06  9.2474639e-01] speed=0.0009 ang_speed=0.0028 ang_vel_vec=[ 0.00208042  0.00162931 -0.00081647] |com_force|=0.0000N
### kotek_magnet[tick=9360] sensor4: d=0.5249m in_range=False f_mag=0.000N tau_mag=0.0000Nm misalign_deg=90.0 pos=[-0.10900003  0.10900018  0.49140227] bottom_world=[-0.10900026  0.10900003  0.47140227] quat=[3.8268200e-01 3.7983500e-06 5.6337826e-06 9.2388016e-01] speed=0.0010 ang_speed=0.0021 ang_vel_vec=[ 0.00143447 -0.00127351 -0.00084008] |com_force|=0.0000N
### kotek_magnet[tick=9420] sensor1: d=0.2029m in_range=False f_mag=0.000N tau_mag=0.0000Nm misalign_deg=100.3 pos=[0.3181357  0.00358822 0.4833818 ] bottom_world=[ 0.31454483 -0.01297502  0.47276274] quat=[ 0.5023218  -0.18771864  0.44641352  0.71634465] speed=0.1608 ang_speed=5.5475 ang_vel_vec=[ 3.4639602 -4.053672   1.5306787] |com_force|=0.0000N
### kotek_magnet[tick=9420] sensor2: d=0.3208m in_range=False f_mag=0.000N tau_mag=0.0000Nm misalign_deg=90.0 pos=[ 0.1090247  -0.10904675  0.49140096] bottom_world=[ 0.10902469 -0.10904659  0.47140096] quat=[ 9.2300081e-01  3.4990342e-06  1.8662499e-06 -3.8479820e-01] speed=0.0005 ang_speed=0.0016 ang_vel_vec=[-0.00142667 -0.00016164 -0.00059216] |com_force|=0.0000N
### kotek_magnet[tick=9420] sensor3: d=0.5470m in_range=False f_mag=0.000N tau_mag=0.0000Nm misalign_deg=90.0 pos=[-0.10910746 -0.10914609  0.49140102] bottom_world=[-0.10910742 -0.10914596  0.47140102] quat=[-3.8058388e-01 -2.2726058e-06 -2.4494323e-06  9.2474651e-01] speed=0.0004 ang_speed=0.0023 ang_vel_vec=[-0.00037338  0.00213407 -0.00062643] |com_force|=0.0000N
### kotek_magnet[tick=9420] sensor4: d=0.5249m in_range=False f_mag=0.000N tau_mag=0.0000Nm misalign_deg=90.0 pos=[-0.10900034  0.10899953  0.49140227] bottom_world=[-0.10900032  0.10899959  0.47140227] quat=[ 3.8268223e-01  1.8942013e-07 -1.4822647e-06  9.2388016e-01] speed=0.0005 ang_speed=0.0024 ang_vel_vec=[ 0.00176261  0.00145392 -0.00067699] |com_force|=0.0000N
### kotek_magnet[tick=9480] sensor1: d=0.1899m in_range=False f_mag=0.000N tau_mag=0.0000Nm misalign_deg=96.5 pos=[ 0.31967443 -0.00948655  0.47829288] bottom_world=[ 0.31739771 -0.02674733  0.46845   ] quat=[ 0.47288996 -0.21837097  0.45413888  0.7228051 ] speed=0.1713 ang_speed=5.4888 ang_vel_vec=[ 3.6846857 -3.6929433  1.7063646] |com_force|=0.0000N
### kotek_magnet[tick=9480] sensor2: d=0.3208m in_range=False f_mag=0.000N tau_mag=0.0000Nm misalign_deg=90.0 pos=[ 0.10902449 -0.10904572  0.49140105] bottom_world=[ 0.10902441 -0.10904578  0.47140105] quat=[ 9.2300051e-01 -1.9820186e-06  1.2079646e-06 -3.8479888e-01] speed=0.0009 ang_speed=0.0023 ang_vel_vec=[-0.00054746  0.00177931  0.00136749] |com_force|=0.0000N
### kotek_magnet[tick=9480] sensor3: d=0.5470m in_range=False f_mag=0.000N tau_mag=0.0000Nm misalign_deg=90.0 pos=[-0.10910811 -0.10914584  0.4914011 ] bottom_world=[-0.10910785 -0.10914594  0.47140111] quat=[-3.8058388e-01 -4.8762649e-06  4.8443480e-06  9.2474639e-01] speed=0.0009 ang_speed=0.0025 ang_vel_vec=[ 0.00177039  0.00152795 -0.00093723] |com_force|=0.0000N
### kotek_magnet[tick=9480] sensor4: d=0.5249m in_range=False f_mag=0.000N tau_mag=0.0000Nm misalign_deg=90.0 pos=[-0.10900034  0.10899951  0.49140227] bottom_world=[-0.10900034  0.10899957  0.47140227] quat=[ 3.8268211e-01  4.7405689e-07 -1.3866028e-06  9.2388004e-01] speed=0.0005 ang_speed=0.0024 ang_vel_vec=[ 0.00217483  0.00029644 -0.00093908] |com_force|=0.0000N
### kotek_magnet[tick=9540] sensor1: d=0.1772m in_range=False f_mag=0.000N tau_mag=0.0000Nm misalign_deg=92.6 pos=[ 0.32056603 -0.02299548  0.47322026] bottom_world=[ 0.31966687 -0.04082945  0.46421242] quat=[ 0.44242817 -0.24944936  0.46106297  0.72763544] speed=0.1794 ang_speed=5.4481 ang_vel_vec=[ 3.911642  -3.2930567  1.8804713] |com_force|=0.0000N
### kotek_magnet[tick=9540] sensor2: d=0.3208m in_range=False f_mag=0.000N tau_mag=0.0000Nm misalign_deg=90.0 pos=[ 0.10902443 -0.10904736  0.491401  ] bottom_world=[ 0.10902462 -0.10904702  0.47140099] quat=[ 9.2300087e-01  9.8590335e-06 -1.1985671e-06 -3.8479787e-01] speed=0.0010 ang_speed=0.0008 ang_vel_vec=[ 0.00021076  0.00031389 -0.00067102] |com_force|=0.0000N
### kotek_magnet[tick=9540] sensor3: d=0.5470m in_range=False f_mag=0.000N tau_mag=0.0000Nm misalign_deg=90.0 pos=[-0.10910811 -0.10914582  0.49140102] bottom_world=[-0.10910786 -0.10914593  0.47140102] quat=[-3.8058406e-01 -4.6659079e-06  4.7736639e-06  9.2474639e-01] speed=0.0009 ang_speed=0.0023 ang_vel_vec=[ 0.0018547   0.00124923 -0.00071214] |com_force|=0.0000N
### kotek_magnet[tick=9540] sensor4: d=0.5249m in_range=False f_mag=0.000N tau_mag=0.0000Nm misalign_deg=90.0 pos=[-0.1089999   0.10900008  0.49140227] bottom_world=[-0.10900017  0.10899993  0.47140227] quat=[3.8268223e-01 4.7092590e-06 5.9704112e-06 9.2388004e-01] speed=0.0010 ang_speed=0.0042 ang_vel_vec=[ 0.00313377 -0.00278088 -0.00033653] |com_force|=0.0000N
### kotek_magnet[tick=9600] sensor1: d=0.1656m in_range=False f_mag=0.000N tau_mag=0.0000Nm misalign_deg=88.6 pos=[ 0.32081684 -0.0364568   0.4684019 ] bottom_world=[ 0.32129804 -0.05471724  0.46025791] quat=[ 0.4121477  -0.2799014   0.46696395  0.7305712 ] speed=0.1792 ang_speed=5.4544 ang_vel_vec=[ 4.1160135 -2.9039404  2.0919962] |com_force|=0.0000N
### kotek_magnet[tick=9600] sensor2: d=0.3208m in_range=False f_mag=0.000N tau_mag=0.0000Nm misalign_deg=90.0 pos=[ 0.10902444 -0.10904744  0.49140105] bottom_world=[ 0.10902464 -0.10904708  0.47140105] quat=[ 9.2300087e-01  1.0018958e-05 -1.2318264e-06 -3.8479796e-01] speed=0.0010 ang_speed=0.0008 ang_vel_vec=[ 5.2669686e-05  3.2974326e-04 -7.1639777e-04] |com_force|=0.0000N
### kotek_magnet[tick=9600] sensor3: d=0.5470m in_range=False f_mag=0.000N tau_mag=0.0000Nm misalign_deg=90.0 pos=[-0.10910816 -0.10914582  0.4914011 ] bottom_world=[-0.1091079  -0.10914593  0.47140111] quat=[-3.8058385e-01 -4.8762458e-06  5.0348667e-06  9.2474639e-01] speed=0.0009 ang_speed=0.0023 ang_vel_vec=[ 0.00172569  0.00132848 -0.00076849] |com_force|=0.0000N
### kotek_magnet[tick=9600] sensor4: d=0.5249m in_range=False f_mag=0.000N tau_mag=0.0000Nm misalign_deg=90.0 pos=[-0.10900032  0.10899952  0.49140236] bottom_world=[-0.10900031  0.10899957  0.47140236] quat=[ 3.8268226e-01  4.0448109e-07 -1.2724322e-06  9.2388004e-01] speed=0.0004 ang_speed=0.0024 ang_vel_vec=[ 0.00222021  0.00069976 -0.00076226] |com_force|=0.0000N
### kotek_magnet[tick=9660] sensor1: d=0.1549m in_range=False f_mag=0.000N tau_mag=0.0000Nm misalign_deg=84.6 pos=[ 0.32050297 -0.05010501  0.46371382] bottom_world=[ 0.32237597 -0.06865615  0.4564787 ] quat=[ 0.38161123 -0.3102475   0.47208926  0.7316086 ] speed=0.1804 ang_speed=5.4648 ang_vel_vec=[ 4.316508  -2.4656382  2.2699533] |com_force|=0.0000N
### kotek_magnet[tick=9660] sensor2: d=0.3208m in_range=False f_mag=0.000N tau_mag=0.0000Nm misalign_deg=90.0 pos=[ 0.10902445 -0.10904738  0.49140105] bottom_world=[ 0.10902463 -0.10904703  0.47140105] quat=[ 9.2300087e-01  9.7400916e-06 -8.9110176e-07 -3.8479796e-01] speed=0.0010 ang_speed=0.0005 ang_vel_vec=[ 2.8852740e-04 -8.5863459e-05 -4.4250544e-04] |com_force|=0.0000N
### kotek_magnet[tick=9660] sensor3: d=0.5470m in_range=False f_mag=0.000N tau_mag=0.0000Nm misalign_deg=90.0 pos=[-0.10910644 -0.1091459   0.49140105] bottom_world=[-0.10910663 -0.10914569  0.47140105] quat=[-3.8058299e-01  2.4287588e-06 -6.6269367e-06  9.2474681e-01] speed=0.0010 ang_speed=0.0028 ang_vel_vec=[0.00212467 0.00024578 0.00183285] |com_force|=0.0000N
### kotek_magnet[tick=9660] sensor4: d=0.5249m in_range=False f_mag=0.000N tau_mag=0.0000Nm misalign_deg=90.0 pos=[-0.109       0.10900017  0.49140233] bottom_world=[-0.10900022  0.10900004  0.47140233] quat=[3.8268223e-01 3.8613575e-06 5.0807275e-06 9.2388004e-01] speed=0.0010 ang_speed=0.0020 ang_vel_vec=[ 0.00135305 -0.00133953 -0.00046597] |com_force|=0.0000N
### kotek_magnet[tick=9720] sensor1: d=0.1452m in_range=False f_mag=0.000N tau_mag=0.0000Nm misalign_deg=80.6 pos=[ 0.31969208 -0.06390257  0.4592271 ] bottom_world=[ 0.32297281 -0.08260795  0.45295447] quat=[ 0.35063124 -0.34087998  0.47642994  0.7306662 ] speed=0.1880 ang_speed=5.4650 ang_vel_vec=[ 4.448521  -2.0303707  2.4401789] |com_force|=0.0000N
### kotek_magnet[tick=9720] sensor2: d=0.3208m in_range=False f_mag=0.000N tau_mag=0.0000Nm misalign_deg=90.0 pos=[ 0.10902421 -0.10904746  0.49140093] bottom_world=[ 0.10902454 -0.10904707  0.47140093] quat=[ 9.2300087e-01  1.2030344e-05 -3.8352141e-06 -3.8479808e-01] speed=0.0012 ang_speed=0.0130 ang_vel_vec=[-0.00579013  0.01161349 -0.00021597] |com_force|=0.0000N
### kotek_magnet[tick=9720] sensor3: d=0.5470m in_range=False f_mag=0.000N tau_mag=0.0000Nm misalign_deg=90.0 pos=[-0.10910642 -0.10914592  0.49140108] bottom_world=[-0.10910661 -0.10914572  0.47140108] quat=[-3.8058305e-01  2.4272567e-06 -6.2839122e-06  9.2474681e-01] speed=0.0010 ang_speed=0.0028 ang_vel_vec=[0.0023334  0.00047241 0.00153897] |com_force|=0.0000N
### kotek_magnet[tick=9720] sensor4: d=0.5249m in_range=False f_mag=0.000N tau_mag=0.0000Nm misalign_deg=90.0 pos=[-0.10900014  0.10899847  0.49140233] bottom_world=[-0.10900003  0.10899879  0.47140233] quat=[ 3.8268310e-01  5.3741906e-07 -8.3072591e-06  9.2387974e-01] speed=0.0010 ang_speed=0.0018 ang_vel_vec=[-0.00031119 -0.00115962  0.00136598] |com_force|=0.0000N
### kotek_magnet[tick=9780] sensor1: d=0.1371m in_range=False f_mag=0.000N tau_mag=0.0000Nm misalign_deg=76.6 pos=[ 0.3184265  -0.07733085  0.45510963] bottom_world=[ 0.32305797 -0.09605409  0.44981911] quat=[ 0.32051605 -0.37054905  0.48003173  0.7276898 ] speed=0.1883 ang_speed=5.4806 ang_vel_vec=[ 4.540254  -1.5791732  2.6322632] |com_force|=0.0000N
### kotek_magnet[tick=9780] sensor2: d=0.3208m in_range=False f_mag=0.000N tau_mag=0.0000Nm misalign_deg=90.0 pos=[ 0.10902434 -0.10904725  0.49140102] bottom_world=[ 0.10902456 -0.10904691  0.47140102] quat=[ 9.2300081e-01  1.0004416e-05 -1.7802306e-06 -3.8479817e-01] speed=0.0009 ang_speed=0.0016 ang_vel_vec=[-0.00095853  0.00117335 -0.00048245] |com_force|=0.0000N
### kotek_magnet[tick=9780] sensor3: d=0.5470m in_range=False f_mag=0.000N tau_mag=0.0000Nm misalign_deg=90.0 pos=[-0.10910642 -0.10914592  0.49140105] bottom_world=[-0.1091066  -0.10914572  0.47140105] quat=[-3.805829e-01  2.386318e-06 -6.223787e-06  9.247469e-01] speed=0.0010 ang_speed=0.0027 ang_vel_vec=[0.00222439 0.00042339 0.00145489] |com_force|=0.0000N
### kotek_magnet[tick=9780] sensor4: d=0.5249m in_range=False f_mag=0.000N tau_mag=0.0000Nm misalign_deg=90.0 pos=[-0.10900015  0.10899844  0.49140233] bottom_world=[-0.10900005  0.10899875  0.47140233] quat=[ 3.826831e-01  6.706452e-07 -8.184368e-06  9.238797e-01] speed=0.0010 ang_speed=0.0020 ang_vel_vec=[-6.7641537e-05 -1.5696599e-03  1.2630768e-03] |com_force|=0.0000N
### kotek_magnet[tick=9840] sensor1: d=0.1305m in_range=False f_mag=0.000N tau_mag=0.0000Nm misalign_deg=72.7 pos=[ 0.3166744  -0.09087165  0.4512306 ] bottom_world=[ 0.32262531 -0.10948544  0.44697461] quat=[ 0.29043335 -0.40013897  0.48320732  0.7225289 ] speed=0.1892 ang_speed=5.4765 ang_vel_vec=[ 4.579977  -1.1220437  2.785199 ] |com_force|=0.0000N
### kotek_magnet[tick=9840] sensor2: d=0.3208m in_range=False f_mag=0.000N tau_mag=0.0000Nm misalign_deg=90.0 pos=[ 0.10902472 -0.10904682  0.49140108] bottom_world=[ 0.10902471 -0.10904666  0.47140108] quat=[ 9.2300081e-01  3.4709024e-06  1.7940124e-06 -3.8479802e-01] speed=0.0005 ang_speed=0.0012 ang_vel_vec=[-1.0762692e-03  1.5086075e-05 -6.2010245e-04] |com_force|=0.0000N
### kotek_magnet[tick=9840] sensor3: d=0.5470m in_range=False f_mag=0.000N tau_mag=0.0000Nm misalign_deg=90.0 pos=[-0.10910641 -0.10914594  0.49140108] bottom_world=[-0.1091066  -0.10914575  0.47140108] quat=[-3.8058281e-01  2.4224819e-06 -6.0923940e-06  9.2474681e-01] speed=0.0010 ang_speed=0.0031 ang_vel_vec=[0.00254479 0.00053084 0.00160996] |com_force|=0.0000N
### kotek_magnet[tick=9840] sensor4: d=0.5249m in_range=False f_mag=0.000N tau_mag=0.0000Nm misalign_deg=90.0 pos=[-0.10900015  0.10899843  0.49140236] bottom_world=[-0.10900004  0.10899875  0.47140236] quat=[ 3.8268304e-01  4.7391782e-07 -8.3899067e-06  9.2387974e-01] speed=0.0010 ang_speed=0.0017 ang_vel_vec=[-0.00060482 -0.00064065  0.001407  ] |com_force|=0.0000N
### kotek_magnet[tick=9900] sensor1: d=0.1257m in_range=False f_mag=0.000N tau_mag=0.0000Nm misalign_deg=68.9 pos=[ 0.31450203 -0.1041987   0.44768274] bottom_world=[ 0.32171551 -0.12257961  0.44450345] quat=[ 0.26071337 -0.42931545  0.48601034  0.71519977] speed=0.1926 ang_speed=5.4579 ang_vel_vec=[ 4.5704026  -0.66951424  2.907174  ] |com_force|=0.0000N
### kotek_magnet[tick=9900] sensor2: d=0.3208m in_range=False f_mag=0.000N tau_mag=0.0000Nm misalign_deg=90.0 pos=[ 0.10902436 -0.10904735  0.49140096] bottom_world=[ 0.10902459 -0.109047    0.47140096] quat=[ 9.2300081e-01  1.0064371e-05 -1.8936007e-06 -3.8479802e-01] speed=0.0009 ang_speed=0.0018 ang_vel_vec=[-0.0010779   0.00133134 -0.00058854] |com_force|=0.0000N
### kotek_magnet[tick=9900] sensor3: d=0.5470m in_range=False f_mag=0.000N tau_mag=0.0000Nm misalign_deg=90.0 pos=[-0.10910642 -0.10914594  0.49140102] bottom_world=[-0.1091066  -0.10914575  0.47140102] quat=[-3.8058290e-01  2.3175480e-06 -6.1046967e-06  9.2474687e-01] speed=0.0010 ang_speed=0.0028 ang_vel_vec=[0.00242309 0.00060771 0.00133706] |com_force|=0.0000N
### kotek_magnet[tick=9900] sensor4: d=0.5249m in_range=False f_mag=0.000N tau_mag=0.0000Nm misalign_deg=90.0 pos=[-0.10900033  0.10899864  0.49140227] bottom_world=[-0.10900018  0.10899894  0.47140227] quat=[ 3.8268268e-01 -5.4713473e-07 -8.2118313e-06  9.2387992e-01] speed=0.0006 ang_speed=0.0043 ang_vel_vec=[-0.00151535  0.00397914  0.00028346] |com_force|=0.0000N
### kotek_magnet[tick=9960] sensor1: d=0.1229m in_range=False f_mag=0.000N tau_mag=0.0000Nm misalign_deg=65.2 pos=[ 0.31190082 -0.117355    0.4444963 ] bottom_world=[ 0.3203011  -0.1353881   0.44243661] quat=[ 0.23148896 -0.45793498  0.48867506  0.7056239 ] speed=0.1953 ang_speed=5.4295 ang_vel_vec=[ 4.5146613  -0.22506991  3.0076756 ] |com_force|=0.0000N
### kotek_magnet[tick=9960] sensor2: d=0.3208m in_range=False f_mag=0.000N tau_mag=0.0000Nm misalign_deg=90.0 pos=[ 0.10902433 -0.10904726  0.49140096] bottom_world=[ 0.10902455 -0.10904693  0.47140096] quat=[ 9.2300069e-01  9.8056316e-06 -1.8934695e-06 -3.8479823e-01] speed=0.0009 ang_speed=0.0015 ang_vel_vec=[-0.00089519  0.00120376 -0.00031317] |com_force|=0.0000N
### kotek_magnet[tick=9960] sensor3: d=0.5470m in_range=False f_mag=0.000N tau_mag=0.0000Nm misalign_deg=90.0 pos=[-0.10910749 -0.10914612  0.491401  ] bottom_world=[-0.10910745 -0.10914599  0.47140099] quat=[-3.8058382e-01 -2.2579397e-06 -2.4879857e-06  9.2474651e-01] speed=0.0004 ang_speed=0.0020 ang_vel_vec=[-7.1122281e-07  1.8578274e-03 -6.2063261e-04] |com_force|=0.0000N
### kotek_magnet[tick=9960] sensor4: d=0.5249m in_range=False f_mag=0.000N tau_mag=0.0000Nm misalign_deg=90.0 pos=[-0.10900018  0.10899843  0.49140227] bottom_world=[-0.10900007  0.10899874  0.47140227] quat=[ 3.8268307e-01  4.7537984e-07 -8.3615287e-06  9.2387974e-01] speed=0.0010 ang_speed=0.0017 ang_vel_vec=[-0.00056913 -0.00068928  0.00145569] |com_force|=0.0000N
### kotek_magnet[tick=10020] sensor1: d=0.1221m in_range=False f_mag=0.000N tau_mag=0.0000Nm misalign_deg=61.7 pos=[ 0.30884928 -0.1303865   0.4416874 ] bottom_world=[ 0.31834614 -0.1479651   0.44079157] quat=[ 0.20279294 -0.48589292  0.49143893  0.693737  ] speed=0.1986 ang_speed=5.3824 ang_vel_vec=[4.4164453  0.20076649 3.0699463 ] |com_force|=0.0000N
### kotek_magnet[tick=10020] sensor2: d=0.3208m in_range=False f_mag=0.000N tau_mag=0.0000Nm misalign_deg=90.0 pos=[ 0.10902444 -0.10904741  0.4914011 ] bottom_world=[ 0.10902463 -0.10904706  0.47140111] quat=[ 9.2300093e-01  1.0064213e-05 -1.2010573e-06 -3.8479787e-01] speed=0.0010 ang_speed=0.0008 ang_vel_vec=[ 2.5834472e-04  6.7387469e-07 -7.6947483e-04] |com_force|=0.0000N
### kotek_magnet[tick=10020] sensor3: d=0.5470m in_range=False f_mag=0.000N tau_mag=0.0000Nm misalign_deg=90.0 pos=[-0.10910812 -0.10914585  0.49140114] bottom_world=[-0.10910787 -0.10914595  0.47140114] quat=[-3.8058406e-01 -4.7935064e-06  4.7635162e-06  9.2474645e-01] speed=0.0009 ang_speed=0.0017 ang_vel_vec=[ 0.00123006  0.00085602 -0.00079868] |com_force|=0.0000N
### kotek_magnet[tick=10020] sensor4: d=0.5249m in_range=False f_mag=0.000N tau_mag=0.0000Nm misalign_deg=90.0 pos=[-0.10900018  0.10899841  0.4914023 ] bottom_world=[-0.10900009  0.10899872  0.4714023 ] quat=[ 3.8268304e-01  6.9834852e-07 -8.1216976e-06  9.2387980e-01] speed=0.0010 ang_speed=0.0023 ang_vel_vec=[-3.4114299e-05 -1.8379797e-03  1.3266255e-03] |com_force|=0.0000N
### kotek_magnet[tick=10080] sensor1: d=0.1232m in_range=False f_mag=0.000N tau_mag=0.0000Nm misalign_deg=58.6 pos=[ 0.30571526 -0.14204904  0.4395089 ] bottom_world=[ 0.31612188 -0.15912718  0.43970775] quat=[ 0.17715487 -0.5106521   0.49417213  0.68091446] speed=0.1964 ang_speed=5.3672 ang_vel_vec=[4.3416595 0.6110506 3.0956383] |com_force|=0.0000N
### kotek_magnet[tick=10080] sensor2: d=0.3208m in_range=False f_mag=0.000N tau_mag=0.0000Nm misalign_deg=90.0 pos=[ 0.10902443 -0.10904655  0.49140087] bottom_world=[ 0.10902451 -0.10904635  0.47140087] quat=[ 9.2300063e-01  5.3083104e-06  4.6749626e-08 -3.8479856e-01] speed=0.0001 ang_speed=0.0006 ang_vel_vec=[-0.00042951  0.00037975  0.00024287] |com_force|=0.0000N
### kotek_magnet[tick=10080] sensor3: d=0.5470m in_range=False f_mag=0.000N tau_mag=0.0000Nm misalign_deg=90.0 pos=[-0.10910813 -0.10914584  0.491401  ] bottom_world=[-0.10910789 -0.10914593  0.47140099] quat=[-3.8058397e-01 -4.6431305e-06  4.5388229e-06  9.2474639e-01] speed=0.0009 ang_speed=0.0018 ang_vel_vec=[ 0.00133068  0.00082319 -0.00096454] |com_force|=0.0000N
### kotek_magnet[tick=10080] sensor4: d=0.5249m in_range=False f_mag=0.000N tau_mag=0.0000Nm misalign_deg=90.0 pos=[-0.10900034  0.10899925  0.49140218] bottom_world=[-0.1090003   0.10899939  0.47140218] quat=[ 3.8268241e-01  3.4102777e-07 -3.5790492e-06  9.2388004e-01] speed=0.0001 ang_speed=0.0010 ang_vel_vec=[ 9.7853255e-05  8.0842659e-04 -5.5462512e-04] |com_force|=0.0000N
### kotek_magnet[tick=10140] sensor1: d=0.1242m in_range=False f_mag=0.000N tau_mag=0.0000Nm misalign_deg=59.1 pos=[ 0.30064997 -0.14956197  0.4346427 ] bottom_world=[ 0.31093493 -0.16671287  0.4349001 ] quat=[ 0.17712344 -0.50803983  0.49832773  0.67984724] speed=0.1812 ang_speed=5.4260 ang_vel_vec=[4.440509   0.67024565 3.0453596 ] |com_force|=0.0000N
### kotek_magnet[tick=10140] sensor2: d=0.3208m in_range=False f_mag=0.000N tau_mag=0.0000Nm misalign_deg=90.0 pos=[ 0.10902468 -0.10904679  0.49140096] bottom_world=[ 0.10902467 -0.10904662  0.47140096] quat=[ 9.2300081e-01  3.7717011e-06  1.9991649e-06 -3.8479796e-01] speed=0.0005 ang_speed=0.0014 ang_vel_vec=[-0.00112373 -0.00014236 -0.00076523] |com_force|=0.0000N
### kotek_magnet[tick=10140] sensor3: d=0.5470m in_range=False f_mag=0.000N tau_mag=0.0000Nm misalign_deg=90.0 pos=[-0.1091075  -0.10914613  0.49140105] bottom_world=[-0.10910746 -0.10914599  0.47140105] quat=[-3.8058379e-01 -2.3781458e-06 -2.7066874e-06  9.2474651e-01] speed=0.0004 ang_speed=0.0020 ang_vel_vec=[ 2.1788204e-05  1.8374788e-03 -7.7655300e-04] |com_force|=0.0000N
### kotek_magnet[tick=10140] sensor4: d=0.5249m in_range=False f_mag=0.000N tau_mag=0.0000Nm misalign_deg=90.0 pos=[-0.10900041  0.10899842  0.4914024 ] bottom_world=[-0.1090002   0.10899877  0.47140239] quat=[ 3.8268298e-01 -1.4574362e-06 -1.0084765e-05  9.2387974e-01] speed=0.0009 ang_speed=0.0034 ang_vel_vec=[0.00040407 0.00329488 0.00057436] |com_force|=0.0000N
### kotek_magnet[tick=10200] sensor1: d=0.1104m in_range=False f_mag=0.000N tau_mag=0.0000Nm misalign_deg=58.9 pos=[ 0.30862716 -0.15242815  0.42209154] bottom_world=[ 0.31896813 -0.16954415  0.42241852] quat=[ 0.17602152 -0.50997686  0.49809444  0.6788535 ] speed=0.1787 ang_speed=5.4297 ang_vel_vec=[4.3971105  0.68523467 3.11087   ] |com_force|=0.0000N
### kotek_magnet[tick=10200] sensor2: d=0.3208m in_range=False f_mag=0.000N tau_mag=0.0000Nm misalign_deg=90.0 pos=[ 0.1090247  -0.10904679  0.49140102] bottom_world=[ 0.10902469 -0.10904664  0.47140102] quat=[ 9.2300075e-01  3.3576400e-06  1.8965291e-06 -3.8479820e-01] speed=0.0005 ang_speed=0.0012 ang_vel_vec=[-1.0290291e-03  5.7991245e-05 -6.8605068e-04] |com_force|=0.0000N
### kotek_magnet[tick=10200] sensor3: d=0.5470m in_range=False f_mag=0.000N tau_mag=0.0000Nm misalign_deg=90.0 pos=[-0.10910811 -0.10914588  0.49140102] bottom_world=[-0.10910788 -0.10914597  0.47140102] quat=[-3.8058403e-01 -4.4911108e-06  4.2950978e-06  9.2474645e-01] speed=0.0009 ang_speed=0.0013 ang_vel_vec=[ 0.0009618   0.00045701 -0.00074951] |com_force|=0.0000N
### kotek_magnet[tick=10200] sensor4: d=0.5249m in_range=False f_mag=0.000N tau_mag=0.0000Nm misalign_deg=90.0 pos=[-0.10900033  0.10899864  0.49140227] bottom_world=[-0.10900018  0.10899894  0.47140227] quat=[ 3.8268280e-01 -7.3968715e-07 -8.3154100e-06  9.2387986e-01] speed=0.0006 ang_speed=0.0046 ang_vel_vec=[-0.00158332  0.00428704  0.00048333] |com_force|=0.0000N
### kotek_magnet[tick=10260] sensor1: d=0.0855m in_range=True f_mag=1.361N tau_mag=0.0017Nm misalign_deg=58.3 pos=[ 0.3224744  -0.15440801  0.3983054 ] bottom_world=[ 0.33299608 -0.17141393  0.39860988] quat=[ 0.17312321 -0.5127561   0.4946651   0.6800118 ] speed=0.2031 ang_speed=4.7095 ang_vel_vec=[ 3.9724653  -0.40721592  2.496633  ] |com_force|=0.4078N
### kotek_magnet[tick=10260] sensor2: d=0.3208m in_range=False f_mag=0.000N tau_mag=0.0000Nm misalign_deg=90.0 pos=[ 0.10902476 -0.10904597  0.49140096] bottom_world=[ 0.10902459 -0.10904601  0.47140096] quat=[ 9.2300045e-01 -2.5301879e-06  3.3806821e-06 -3.8479871e-01] speed=0.0006 ang_speed=0.0018 ang_vel_vec=[-0.0005118  -0.00170177  0.00035903] |com_force|=0.0000N
### kotek_magnet[tick=10260] sensor3: d=0.5470m in_range=False f_mag=0.000N tau_mag=0.0000Nm misalign_deg=90.0 pos=[-0.10910746 -0.10914611  0.49140105] bottom_world=[-0.10910741 -0.10914599  0.47140105] quat=[-3.8058376e-01 -2.2116258e-06 -2.3620098e-06  9.2474651e-01] speed=0.0004 ang_speed=0.0022 ang_vel_vec=[ 0.00026619  0.00195214 -0.00092292] |com_force|=0.0000N
### kotek_magnet[tick=10260] sensor4: d=0.5249m in_range=False f_mag=0.000N tau_mag=0.0000Nm misalign_deg=90.0 pos=[-0.10900033  0.10899869  0.4914024 ] bottom_world=[-0.10900017  0.10899899  0.47140239] quat=[ 3.8268265e-01 -6.6543396e-07 -8.2928991e-06  9.2387992e-01] speed=0.0006 ang_speed=0.0043 ang_vel_vec=[-0.00151189  0.00404945  0.00026676] |com_force|=0.0000N
### still playing, 1219s left
### kotek_magnet[tick=10320] sensor1: d=0.0770m in_range=True f_mag=1.525N tau_mag=0.0015Nm misalign_deg=60.4 pos=[ 0.3249309  -0.15572773  0.38668048] bottom_world=[ 0.33480065 -0.17289355  0.38386573] quat=[ 0.1940202  -0.4617296   0.46522793  0.72988015] speed=0.3231 ang_speed=6.7585 ang_vel_vec=[-6.4629097   1.8619579   0.66385627] |com_force|=0.2939N
### kotek_magnet[tick=10320] sensor2: d=0.3208m in_range=False f_mag=0.000N tau_mag=0.0000Nm misalign_deg=90.0 pos=[ 0.10902447 -0.10904571  0.49140105] bottom_world=[ 0.10902442 -0.10904575  0.47140105] quat=[ 9.2300045e-01 -1.2489146e-06  7.7986624e-07 -3.8479888e-01] speed=0.0009 ang_speed=0.0030 ang_vel_vec=[-0.00124084  0.00244434  0.00115412] |com_force|=0.0000N
### kotek_magnet[tick=10320] sensor3: d=0.5470m in_range=False f_mag=0.000N tau_mag=0.0000Nm misalign_deg=90.0 pos=[-0.10910813 -0.10914581  0.49140096] bottom_world=[-0.10910789 -0.10914591  0.47140096] quat=[-3.805841e-01 -4.550713e-06  4.776086e-06  9.247464e-01] speed=0.0009 ang_speed=0.0017 ang_vel_vec=[ 0.00109246  0.00069525 -0.00112282] |com_force|=0.0000N
### kotek_magnet[tick=10320] sensor4: d=0.5249m in_range=False f_mag=0.000N tau_mag=0.0000Nm misalign_deg=90.0 pos=[-0.10900033  0.10899871  0.4914024 ] bottom_world=[-0.10900018  0.108999    0.47140239] quat=[ 3.8268274e-01 -6.0124171e-07 -8.2637762e-06  9.2387986e-01] speed=0.0007 ang_speed=0.0046 ang_vel_vec=[-0.00178537  0.00423143  0.00018875] |com_force|=0.0000N
### kotek_magnet[tick=10380] sensor1: d=0.1152m in_range=False f_mag=0.000N tau_mag=0.0000Nm misalign_deg=143.2 pos=[ 0.31142598 -0.11513283  0.32595593] bottom_world=[ 0.29540933 -0.11753361  0.31422124] quat=[0.58772427 0.29333115 0.34726006 0.6692888 ] speed=0.3000 ang_speed=1.3418 ang_vel_vec=[ 0.8176266   0.8615458  -0.62423676] |com_force|=0.0000N
### kotek_magnet[tick=10380] sensor2: d=0.3208m in_range=False f_mag=0.000N tau_mag=0.0000Nm misalign_deg=90.0 pos=[ 0.10902447 -0.10904571  0.49140096] bottom_world=[ 0.10902441 -0.10904576  0.47140096] quat=[ 9.2300045e-01 -1.6723873e-06  9.2882897e-07 -3.8479900e-01] speed=0.0009 ang_speed=0.0026 ang_vel_vec=[-0.00034239  0.00199314  0.00156865] |com_force|=0.0000N
### kotek_magnet[tick=10380] sensor3: d=0.5470m in_range=False f_mag=0.000N tau_mag=0.0000Nm misalign_deg=90.0 pos=[-0.10910812 -0.1091458   0.49140096] bottom_world=[-0.1091079  -0.10914589  0.47140096] quat=[-3.8058397e-01 -4.3687405e-06  4.1638204e-06  9.2474639e-01] speed=0.0010 ang_speed=0.0014 ang_vel_vec=[ 0.00108592  0.0004716  -0.00070381] |com_force|=0.0000N
### kotek_magnet[tick=10380] sensor4: d=0.5249m in_range=False f_mag=0.000N tau_mag=0.0000Nm misalign_deg=90.0 pos=[-0.10900033  0.10899874  0.49140227] bottom_world=[-0.10900018  0.10899903  0.47140227] quat=[ 3.8268274e-01 -8.0165222e-07 -8.2763891e-06  9.2387980e-01] speed=0.0006 ang_speed=0.0040 ang_vel_vec=[-0.00118495  0.00382265  0.00058076] |com_force|=0.0000N
### kotek_magnet[tick=10440] sensor1: d=0.2149m in_range=False f_mag=0.000N tau_mag=0.0000Nm misalign_deg=151.9 pos=[ 0.31142408 -0.11511257  0.1759525 ] bottom_world=[ 0.29377952 -0.11431208  0.16657012] quat=[0.57068634 0.39953753 0.32528523 0.63943446] speed=0.3000 ang_speed=0.0985 ang_vel_vec=[ 0.06433564  0.06263176 -0.04041839] |com_force|=0.0000N
### kotek_magnet[tick=10440] sensor2: d=0.3208m in_range=False f_mag=0.000N tau_mag=0.0000Nm misalign_deg=90.0 pos=[ 0.10902473 -0.10904566  0.49140102] bottom_world=[ 0.10902457 -0.10904572  0.47140102] quat=[ 9.2300045e-01 -2.9455309e-06  3.2975840e-06 -3.8479882e-01] speed=0.0009 ang_speed=0.0023 ang_vel_vec=[-0.0021674   0.00013082  0.00061971] |com_force|=0.0000N
### kotek_magnet[tick=10440] sensor3: d=0.5470m in_range=False f_mag=0.000N tau_mag=0.0000Nm misalign_deg=90.0 pos=[-0.10910815 -0.10914581  0.49140108] bottom_world=[-0.1091079  -0.10914593  0.47140108] quat=[-3.8058409e-01 -4.6803016e-06  5.0159538e-06  9.2474633e-01] speed=0.0009 ang_speed=0.0021 ang_vel_vec=[ 0.00160477  0.00093321 -0.00092191] |com_force|=0.0000N
### kotek_magnet[tick=10440] sensor4: d=0.5249m in_range=False f_mag=0.000N tau_mag=0.0000Nm misalign_deg=90.0 pos=[-0.10899992  0.10900006  0.4914023 ] bottom_world=[-0.10900018  0.10899992  0.4714023 ] quat=[3.8268229e-01 4.8033189e-06 5.9717636e-06 9.2387998e-01] speed=0.0009 ang_speed=0.0044 ang_vel_vec=[ 0.00316137 -0.00300674 -0.00056128] |com_force|=0.0000N
### kotek_magnet[tick=10500] sensor1: d=0.3066m in_range=False f_mag=0.000N tau_mag=0.0000Nm misalign_deg=72.8 pos=[ 0.32739297 -0.10939261  0.0412609 ] bottom_world=[ 0.33330657 -0.09671992  0.05555888] quat=[ 0.04304262  0.48467764  0.7890101  -0.3750972 ] speed=0.1702 ang_speed=3.6341 ang_vel_vec=[3.0136313 2.0118146 0.2774318] |com_force|=0.0000N
### kotek_magnet[tick=10500] sensor2: d=0.3208m in_range=False f_mag=0.000N tau_mag=0.0000Nm misalign_deg=90.0 pos=[ 0.1090247  -0.10904601  0.49140096] bottom_world=[ 0.10902454 -0.10904605  0.47140096] quat=[ 9.2300057e-01 -2.5656818e-06  3.3787305e-06 -3.8479859e-01] speed=0.0006 ang_speed=0.0025 ang_vel_vec=[ 6.5188389e-05 -2.4382232e-03  5.6531298e-04] |com_force|=0.0000N
### kotek_magnet[tick=10500] sensor3: d=0.5470m in_range=False f_mag=0.000N tau_mag=0.0000Nm misalign_deg=90.0 pos=[-0.10910816 -0.10914589  0.49140114] bottom_world=[-0.10910792 -0.10914598  0.47140114] quat=[-3.8058397e-01 -4.6317577e-06  4.3972054e-06  9.2474645e-01] speed=0.0009 ang_speed=0.0013 ang_vel_vec=[ 0.00094199  0.00048453 -0.00076644] |com_force|=0.0000N
### kotek_magnet[tick=10500] sensor4: d=0.5249m in_range=False f_mag=0.000N tau_mag=0.0000Nm misalign_deg=90.0 pos=[-0.10900044  0.10899837  0.49140227] bottom_world=[-0.10900023  0.10899872  0.47140227] quat=[ 3.8268277e-01 -1.5354765e-06 -9.9172848e-06  9.2387980e-01] speed=0.0009 ang_speed=0.0030 ang_vel_vec=[0.00056492 0.00288955 0.00065286] |com_force|=0.0000N
### kotek_magnet[tick=10560] sensor1: d=0.3189m in_range=False f_mag=0.000N tau_mag=0.0000Nm misalign_deg=88.2 pos=[ 0.32458216 -0.13075557  0.02064878] bottom_world=[ 0.32519984 -0.13029854  0.04063402] quat=[-0.00865126  0.44985533  0.89289486 -0.01715498] speed=0.0083 ang_speed=0.1250 ang_vel_vec=[ 0.07384238 -0.0947146   0.03481965] |com_force|=0.0000N
### kotek_magnet[tick=10560] sensor2: d=0.3208m in_range=False f_mag=0.000N tau_mag=0.0000Nm misalign_deg=90.0 pos=[ 0.10902447 -0.10904577  0.49140108] bottom_world=[ 0.10902441 -0.1090458   0.47140108] quat=[ 9.2300051e-01 -1.3651149e-06  8.5238946e-07 -3.8479891e-01] speed=0.0009 ang_speed=0.0028 ang_vel_vec=[-0.00096398  0.00216361  0.00153471] |com_force|=0.0000N
### kotek_magnet[tick=10560] sensor3: d=0.5470m in_range=False f_mag=0.000N tau_mag=0.0000Nm misalign_deg=90.0 pos=[-0.10910811 -0.10914585  0.49140102] bottom_world=[-0.10910787 -0.10914594  0.47140102] quat=[-3.8058391e-01 -4.5276274e-06  4.4184585e-06  9.2474645e-01] speed=0.0009 ang_speed=0.0013 ang_vel_vec=[ 0.00099433  0.00054098 -0.00073096] |com_force|=0.0000N
### kotek_magnet[tick=10560] sensor4: d=0.5249m in_range=False f_mag=0.000N tau_mag=0.0000Nm misalign_deg=90.0 pos=[-0.10900032  0.10899868  0.49140233] bottom_world=[-0.10900017  0.10899897  0.47140233] quat=[ 3.8268280e-01 -6.1190616e-07 -8.1533581e-06  9.2387986e-01] speed=0.0006 ang_speed=0.0046 ang_vel_vec=[-0.00162593  0.00423317  0.0004978 ] |com_force|=0.0000N
### kotek_magnet[tick=10620] sensor1: d=0.3189m in_range=False f_mag=0.000N tau_mag=0.0000Nm misalign_deg=88.2 pos=[ 0.32458234 -0.13075548  0.02064903] bottom_world=[ 0.32520014 -0.13029835  0.04063426] quat=[-0.00865283  0.44985476  0.8928949  -0.01715861] speed=0.0083 ang_speed=0.1243 ang_vel_vec=[ 0.07364276 -0.09440045  0.0334032 ] |com_force|=0.0000N
### kotek_magnet[tick=10620] sensor2: d=0.3208m in_range=False f_mag=0.000N tau_mag=0.0000Nm misalign_deg=90.0 pos=[ 0.10902449 -0.10904579  0.49140102] bottom_world=[ 0.10902443 -0.10904583  0.47140102] quat=[ 9.2300045e-01 -1.3660302e-06  9.0798221e-07 -3.8479882e-01] speed=0.0009 ang_speed=0.0026 ang_vel_vec=[-0.00060259  0.00208376  0.00151329] |com_force|=0.0000N
### kotek_magnet[tick=10620] sensor3: d=0.5470m in_range=False f_mag=0.000N tau_mag=0.0000Nm misalign_deg=90.0 pos=[-0.10910745 -0.10914613  0.491401  ] bottom_world=[-0.10910741 -0.10914598  0.47140099] quat=[-3.8058388e-01 -2.1622893e-06 -2.9653224e-06  9.2474645e-01] speed=0.0004 ang_speed=0.0021 ang_vel_vec=[-0.00049875  0.00191864 -0.00072141] |com_force|=0.0000N
### kotek_magnet[tick=10620] sensor4: d=0.5249m in_range=False f_mag=0.000N tau_mag=0.0000Nm misalign_deg=90.0 pos=[-0.10900015  0.10899842  0.49140242] bottom_world=[-0.10900002  0.10899875  0.47140242] quat=[ 3.8268307e-01  3.0089106e-07 -8.8290853e-06  9.2387974e-01] speed=0.0010 ang_speed=0.0018 ang_vel_vec=[-0.00106333  0.00022009  0.00140203] |com_force|=0.0000N
### kotek_magnet[tick=10680] sensor1: d=0.3189m in_range=False f_mag=0.000N tau_mag=0.0000Nm misalign_deg=88.2 pos=[ 0.32458222 -0.13075547  0.02064902] bottom_world=[ 0.32520001 -0.13029834  0.04063425] quat=[-0.00865269  0.44985506  0.89289486 -0.01715857] speed=0.0083 ang_speed=0.1257 ang_vel_vec=[ 0.07416739 -0.09544475  0.03434721] |com_force|=0.0000N
### kotek_magnet[tick=10680] sensor2: d=0.3208m in_range=False f_mag=0.000N tau_mag=0.0000Nm misalign_deg=90.0 pos=[ 0.10902426 -0.10904632  0.49140093] bottom_world=[ 0.10902439 -0.10904618  0.47140093] quat=[ 9.2300051e-01  4.4856415e-06 -1.7584073e-06 -3.8479885e-01] speed=0.0005 ang_speed=0.0076 ang_vel_vec=[-0.00418397  0.00626373  0.00121827] |com_force|=0.0000N
### kotek_magnet[tick=10680] sensor3: d=0.5470m in_range=False f_mag=0.000N tau_mag=0.0000Nm misalign_deg=90.0 pos=[-0.10910811 -0.10914586  0.491401  ] bottom_world=[-0.10910788 -0.10914595  0.47140099] quat=[-3.8058394e-01 -4.5506417e-06  4.2430893e-06  9.2474645e-01] speed=0.0009 ang_speed=0.0019 ang_vel_vec=[ 0.00135777  0.00093542 -0.00098252] |com_force|=0.0000N
### kotek_magnet[tick=10680] sensor4: d=0.5249m in_range=False f_mag=0.000N tau_mag=0.0000Nm misalign_deg=90.0 pos=[-0.1090004   0.10899835  0.4914024 ] bottom_world=[-0.10900018  0.10899871  0.47140239] quat=[ 3.8268292e-01 -1.5565760e-06 -1.0340691e-05  9.2387980e-01] speed=0.0010 ang_speed=0.0036 ang_vel_vec=[9.3078263e-05 3.5394479e-03 4.2636128e-04] |com_force|=0.0000N
### kotek_magnet[tick=10740] sensor1: d=0.3189m in_range=False f_mag=0.000N tau_mag=0.0000Nm misalign_deg=88.2 pos=[ 0.32458216 -0.1307555   0.02064901] bottom_world=[ 0.32519995 -0.13029838  0.04063424] quat=[-0.00865282  0.44985512  0.8928948  -0.01715832] speed=0.0082 ang_speed=0.1222 ang_vel_vec=[ 0.07212117 -0.09256757  0.0341616 ] |com_force|=0.0000N
### kotek_magnet[tick=10740] sensor2: d=0.3208m in_range=False f_mag=0.000N tau_mag=0.0000Nm misalign_deg=90.0 pos=[ 0.10902448 -0.1090458   0.491401  ] bottom_world=[ 0.10902442 -0.10904584  0.47140099] quat=[ 9.2300040e-01 -1.2944577e-06  1.0311994e-06 -3.8479897e-01] speed=0.0009 ang_speed=0.0026 ang_vel_vec=[-0.00062391  0.00197077  0.001644  ] |com_force|=0.0000N
### kotek_magnet[tick=10740] sensor3: d=0.5470m in_range=False f_mag=0.000N tau_mag=0.0000Nm misalign_deg=90.0 pos=[-0.10910802 -0.1091458   0.49140087] bottom_world=[-0.10910779 -0.10914591  0.47140087] quat=[-3.8058364e-01 -4.4368862e-06  4.7361950e-06  9.2474651e-01] speed=0.0009 ang_speed=0.0030 ang_vel_vec=[ 0.00215544  0.00205721 -0.00033902] |com_force|=0.0000N
### kotek_magnet[tick=10740] sensor4: d=0.5249m in_range=False f_mag=0.000N tau_mag=0.0000Nm misalign_deg=90.0 pos=[-0.10900017  0.10899835  0.49140227] bottom_world=[-0.10900005  0.10899868  0.47140227] quat=[ 3.8268313e-01  4.8254088e-07 -8.7138014e-06  9.2387974e-01] speed=0.0010 ang_speed=0.0021 ang_vel_vec=[-0.0003725  -0.00143921  0.00147856] |com_force|=0.0000N
### kotek_magnet[tick=10800] sensor1: d=0.3189m in_range=False f_mag=0.000N tau_mag=0.0000Nm misalign_deg=88.2 pos=[ 0.32458216 -0.13075547  0.02064897] bottom_world=[ 0.32519994 -0.13029835  0.0406342 ] quat=[-0.00865246  0.44985524  0.8928948  -0.01715814] speed=0.0083 ang_speed=0.1237 ang_vel_vec=[ 0.07303711 -0.09367     0.03466918] |com_force|=0.0000N
### kotek_magnet[tick=10800] sensor2: d=0.3208m in_range=False f_mag=0.000N tau_mag=0.0000Nm misalign_deg=90.0 pos=[ 0.10902444 -0.10904739  0.49140096] bottom_world=[ 0.10902464 -0.10904705  0.47140096] quat=[ 9.2300087e-01  9.8119281e-06 -1.1735742e-06 -3.8479793e-01] speed=0.0010 ang_speed=0.0008 ang_vel_vec=[ 2.5800953e-04  8.0218444e-05 -7.5648411e-04] |com_force|=0.0000N
### kotek_magnet[tick=10800] sensor3: d=0.5470m in_range=False f_mag=0.000N tau_mag=0.0000Nm misalign_deg=90.0 pos=[-0.10910814 -0.10914585  0.49140102] bottom_world=[-0.10910789 -0.10914595  0.47140102] quat=[-3.8058403e-01 -4.6667601e-06  4.5709717e-06  9.2474633e-01] speed=0.0009 ang_speed=0.0019 ang_vel_vec=[ 0.00138874  0.00103252 -0.00079619] |com_force|=0.0000N
### kotek_magnet[tick=10800] sensor4: d=0.5249m in_range=False f_mag=0.000N tau_mag=0.0000Nm misalign_deg=90.0 pos=[-0.10900018  0.10899843  0.49140227] bottom_world=[-0.10900006  0.10899876  0.47140227] quat=[ 3.8268310e-01  4.0117263e-07 -8.6357604e-06  9.2387974e-01] speed=0.0010 ang_speed=0.0017 ang_vel_vec=[-0.00068603 -0.00087908  0.00132295] |com_force|=0.0000N
### kotek_magnet[tick=10860] sensor1: d=0.3189m in_range=False f_mag=0.000N tau_mag=0.0000Nm misalign_deg=88.2 pos=[ 0.32458222 -0.13075548  0.02064901] bottom_world=[ 0.32520001 -0.13029835  0.04063423] quat=[-0.00865256  0.44985512  0.89289474 -0.01715848] speed=0.0082 ang_speed=0.1233 ang_vel_vec=[ 0.07274229 -0.09354302  0.03423744] |com_force|=0.0000N
### kotek_magnet[tick=10860] sensor2: d=0.3208m in_range=False f_mag=0.000N tau_mag=0.0000Nm misalign_deg=90.0 pos=[ 0.10902474 -0.10904601  0.491401  ] bottom_world=[ 0.10902457 -0.10904606  0.47140099] quat=[ 9.2300057e-01 -2.6650036e-06  3.5540431e-06 -3.8479874e-01] speed=0.0005 ang_speed=0.0025 ang_vel_vec=[-9.7839271e-05 -2.3824696e-03  5.6515163e-04] |com_force|=0.0000N
### kotek_magnet[tick=10860] sensor3: d=0.5470m in_range=False f_mag=0.000N tau_mag=0.0000Nm misalign_deg=90.0 pos=[-0.10910802 -0.10914584  0.49140093] bottom_world=[-0.10910778 -0.10914595  0.47140093] quat=[-3.8058376e-01 -4.3582368e-06  4.6928026e-06  9.2474645e-01] speed=0.0009 ang_speed=0.0027 ang_vel_vec=[ 0.001908    0.00183905 -0.00046512] |com_force|=0.0000N
### kotek_magnet[tick=10860] sensor4: d=0.5249m in_range=False f_mag=0.000N tau_mag=0.0000Nm misalign_deg=90.0 pos=[-0.10900041  0.10899829  0.49140242] bottom_world=[-0.1090002   0.10899866  0.47140242] quat=[ 3.8268295e-01 -1.5611298e-06 -1.0552456e-05  9.2387980e-01] speed=0.0010 ang_speed=0.0043 ang_vel_vec=[-0.0003139   0.00423602  0.00058253] |com_force|=0.0000N
### kotek_magnet[tick=10920] sensor1: d=0.3189m in_range=False f_mag=0.000N tau_mag=0.0000Nm misalign_deg=88.2 pos=[ 0.32458222 -0.13075548  0.020649  ] bottom_world=[ 0.32520002 -0.13029835  0.04063423] quat=[-0.00865294  0.44985515  0.89289474 -0.01715876] speed=0.0083 ang_speed=0.1239 ang_vel_vec=[ 0.0731548  -0.09389143  0.03439021] |com_force|=0.0000N
### kotek_magnet[tick=10920] sensor2: d=0.3208m in_range=False f_mag=0.000N tau_mag=0.0000Nm misalign_deg=90.0 pos=[ 0.10902475 -0.10904603  0.491401  ] bottom_world=[ 0.10902458 -0.10904607  0.47140099] quat=[ 9.2300063e-01 -2.5384024e-06  3.5328042e-06 -3.8479856e-01] speed=0.0005 ang_speed=0.0022 ang_vel_vec=[-0.00016441 -0.00213838  0.00056216] |com_force|=0.0000N
### kotek_magnet[tick=10920] sensor3: d=0.5470m in_range=False f_mag=0.000N tau_mag=0.0000Nm misalign_deg=90.0 pos=[-0.10910747 -0.10914619  0.49140105] bottom_world=[-0.10910743 -0.10914606  0.47140105] quat=[-3.8058373e-01 -2.2944744e-06 -2.6742316e-06  9.2474645e-01] speed=0.0005 ang_speed=0.0021 ang_vel_vec=[ 0.00027217  0.00192125 -0.0007265 ] |com_force|=0.0000N
### kotek_magnet[tick=10920] sensor4: d=0.5249m in_range=False f_mag=0.000N tau_mag=0.0000Nm misalign_deg=90.0 pos=[-0.10900036  0.10899919  0.49140224] bottom_world=[-0.1090003   0.10899934  0.47140224] quat=[ 3.8268241e-01  2.0607310e-07 -3.7885438e-06  9.2387992e-01] speed=0.0001 ang_speed=0.0022 ang_vel_vec=[-0.00094264  0.00190273 -0.00044359] |com_force|=0.0000N
### kotek_magnet[tick=10980] sensor1: d=0.3189m in_range=False f_mag=0.000N tau_mag=0.0000Nm misalign_deg=88.2 pos=[ 0.32458225 -0.13075545  0.02064901] bottom_world=[ 0.32520005 -0.13029832  0.04063423] quat=[-0.0086528   0.44985524  0.8928947  -0.01715868] speed=0.0083 ang_speed=0.1264 ang_vel_vec=[ 0.07480375 -0.09585389  0.03464567] |com_force|=0.0000N
### kotek_magnet[tick=10980] sensor2: d=0.3208m in_range=False f_mag=0.000N tau_mag=0.0000Nm misalign_deg=90.0 pos=[ 0.10902447 -0.10904581  0.49140105] bottom_world=[ 0.1090244  -0.10904585  0.47140105] quat=[ 9.2300045e-01 -1.5544749e-06  1.1935954e-06 -3.8479891e-01] speed=0.0009 ang_speed=0.0023 ang_vel_vec=[-0.00052787  0.00163844  0.00153434] |com_force|=0.0000N
### kotek_magnet[tick=10980] sensor3: d=0.5470m in_range=False f_mag=0.000N tau_mag=0.0000Nm misalign_deg=90.0 pos=[-0.10910816 -0.10914592  0.49140102] bottom_world=[-0.10910792 -0.10914601  0.47140102] quat=[-3.8058388e-01 -4.8770676e-06  4.2294655e-06  9.2474645e-01] speed=0.0009 ang_speed=0.0010 ang_vel_vec=[ 0.00050236  0.0003688  -0.0007427 ] |com_force|=0.0000N
### kotek_magnet[tick=10980] sensor4: d=0.5249m in_range=False f_mag=0.000N tau_mag=0.0000Nm misalign_deg=90.0 pos=[-0.10900033  0.10899917  0.49140224] bottom_world=[-0.10900029  0.10899931  0.47140224] quat=[ 3.8268253e-01  5.4502840e-07 -3.6646361e-06  9.2387998e-01] speed=0.0002 ang_speed=0.0021 ang_vel_vec=[-0.00141463  0.00148095 -0.00038826] |com_force|=0.0000N
### kotek_magnet[tick=11040] sensor1: d=0.3189m in_range=False f_mag=0.000N tau_mag=0.0000Nm misalign_deg=88.2 pos=[ 0.3245823  -0.1307555   0.02064906] bottom_world=[ 0.32520012 -0.13029836  0.04063429] quat=[-0.00865297  0.44985464  0.892895   -0.01715884] speed=0.0082 ang_speed=0.1235 ang_vel_vec=[ 0.07321478 -0.09382943  0.03290929] |com_force|=0.0000N
### kotek_magnet[tick=11040] sensor2: d=0.3208m in_range=False f_mag=0.000N tau_mag=0.0000Nm misalign_deg=90.0 pos=[ 0.10902444 -0.10904572  0.49140105] bottom_world=[ 0.10902437 -0.10904578  0.47140105] quat=[ 9.2300051e-01 -1.9038215e-06  1.0681634e-06 -3.8479897e-01] speed=0.0009 ang_speed=0.0024 ang_vel_vec=[-6.3664433e-05  1.9692550e-03  1.3381547e-03] |com_force|=0.0000N
### kotek_magnet[tick=11040] sensor3: d=0.5470m in_range=False f_mag=0.000N tau_mag=0.0000Nm misalign_deg=90.0 pos=[-0.10910751 -0.10914616  0.49140108] bottom_world=[-0.10910747 -0.10914602  0.47140108] quat=[-3.8058382e-01 -2.1082865e-06 -2.7745409e-06  9.2474651e-01] speed=0.0005 ang_speed=0.0019 ang_vel_vec=[-0.00019173  0.00166444 -0.00085873] |com_force|=0.0000N
### kotek_magnet[tick=11040] sensor4: d=0.5249m in_range=False f_mag=0.000N tau_mag=0.0000Nm misalign_deg=90.0 pos=[-0.10900038  0.1089995   0.49140236] bottom_world=[-0.10900035  0.10899957  0.47140236] quat=[ 3.8268214e-01 -8.8823008e-08 -1.8529988e-06  9.2388004e-01] speed=0.0004 ang_speed=0.0029 ang_vel_vec=[ 0.0023598   0.0013962  -0.00088831] |com_force|=0.0000N
### kotek_magnet[tick=11100] sensor1: d=0.3189m in_range=False f_mag=0.000N tau_mag=0.0000Nm misalign_deg=88.2 pos=[ 0.32458225 -0.13075551  0.02064903] bottom_world=[ 0.32520006 -0.13029837  0.04063426] quat=[-0.00865292  0.44985515  0.89289486 -0.01715887] speed=0.0082 ang_speed=0.1240 ang_vel_vec=[ 0.07310909 -0.09412783  0.0341124 ] |com_force|=0.0000N
### kotek_magnet[tick=11100] sensor2: d=0.3208m in_range=False f_mag=0.000N tau_mag=0.0000Nm misalign_deg=90.0 pos=[ 0.10902446 -0.10904577  0.49140102] bottom_world=[ 0.10902438 -0.10904582  0.47140102] quat=[ 9.2300040e-01 -2.0130753e-06  1.1832261e-06 -3.8479888e-01] speed=0.0009 ang_speed=0.0020 ang_vel_vec=[0.00018317 0.00124729 0.00151344] |com_force|=0.0000N
### kotek_magnet[tick=11100] sensor3: d=0.5470m in_range=False f_mag=0.000N tau_mag=0.0000Nm misalign_deg=90.0 pos=[-0.10910815 -0.10914589  0.49140108] bottom_world=[-0.10910791 -0.10914598  0.47140108] quat=[-3.8058397e-01 -4.6605519e-06  4.2438860e-06  9.2474645e-01] speed=0.0010 ang_speed=0.0011 ang_vel_vec=[ 0.0007223   0.00029317 -0.00076295] |com_force|=0.0000N
### kotek_magnet[tick=11100] sensor4: d=0.5249m in_range=False f_mag=0.000N tau_mag=0.0000Nm misalign_deg=90.0 pos=[-0.10900007  0.1090001   0.4914024 ] bottom_world=[-0.1090003   0.10899996  0.47140239] quat=[3.8268214e-01 3.8188987e-06 5.4400957e-06 9.2388010e-01] speed=0.0009 ang_speed=0.0029 ang_vel_vec=[ 0.00201332 -0.00194546 -0.00078428] |com_force|=0.0000N
### kotek_magnet[tick=11160] sensor1: d=0.3189m in_range=False f_mag=0.000N tau_mag=0.0000Nm misalign_deg=88.2 pos=[ 0.32458228 -0.1307555   0.02064905] bottom_world=[ 0.32520008 -0.13029836  0.04063428] quat=[-0.0086529   0.44985518  0.89289474 -0.01715886] speed=0.0083 ang_speed=0.1244 ang_vel_vec=[ 0.07342049 -0.09425319  0.03451575] |com_force|=0.0000N
### kotek_magnet[tick=11160] sensor2: d=0.3208m in_range=False f_mag=0.000N tau_mag=0.0000Nm misalign_deg=90.0 pos=[ 0.10902447 -0.10904577  0.491401  ] bottom_world=[ 0.10902439 -0.10904582  0.47140099] quat=[ 9.2300045e-01 -2.0532368e-06  1.2666578e-06 -3.8479897e-01] speed=0.0009 ang_speed=0.0018 ang_vel_vec=[4.2112373e-05 1.2597337e-03 1.3238621e-03] |com_force|=0.0000N
### kotek_magnet[tick=11160] sensor3: d=0.5470m in_range=False f_mag=0.000N tau_mag=0.0000Nm misalign_deg=90.0 pos=[-0.10910752 -0.10914617  0.49140105] bottom_world=[-0.10910747 -0.10914604  0.47140105] quat=[-3.8058367e-01 -2.5431593e-06 -2.5091865e-06  9.2474645e-01] speed=0.0005 ang_speed=0.0020 ang_vel_vec=[-0.0001376   0.00181735 -0.00086372] |com_force|=0.0000N
### kotek_magnet[tick=11160] sensor4: d=0.5249m in_range=False f_mag=0.000N tau_mag=0.0000Nm misalign_deg=90.0 pos=[-0.10900009  0.10900013  0.4914024 ] bottom_world=[-0.10900032  0.10899999  0.47140239] quat=[3.8268206e-01 3.9958286e-06 5.5634619e-06 9.2388010e-01] speed=0.0010 ang_speed=0.0034 ang_vel_vec=[ 0.00225322 -0.00231677 -0.00099562] |com_force|=0.0000N
### kotek_magnet[tick=11220] sensor1: d=0.3189m in_range=False f_mag=0.000N tau_mag=0.0000Nm misalign_deg=88.2 pos=[ 0.32458222 -0.13075548  0.02064904] bottom_world=[ 0.32520001 -0.13029835  0.04063427] quat=[-0.00865272  0.4498551   0.89289474 -0.01715858] speed=0.0083 ang_speed=0.1256 ang_vel_vec=[ 0.07428934 -0.095309    0.03425717] |com_force|=0.0000N
### kotek_magnet[tick=11220] sensor2: d=0.3208m in_range=False f_mag=0.000N tau_mag=0.0000Nm misalign_deg=90.0 pos=[ 0.10902445 -0.10904572  0.49140102] bottom_world=[ 0.10902438 -0.10904577  0.47140102] quat=[ 9.2300045e-01 -1.8548785e-06  1.1664074e-06 -3.8479900e-01] speed=0.0009 ang_speed=0.0022 ang_vel_vec=[-5.0277646e-05  1.5796052e-03  1.5751513e-03] |com_force|=0.0000N
### kotek_magnet[tick=11220] sensor3: d=0.5470m in_range=False f_mag=0.000N tau_mag=0.0000Nm misalign_deg=90.0 pos=[-0.10910749 -0.10914615  0.491401  ] bottom_world=[-0.10910744 -0.10914602  0.47140099] quat=[-3.8058379e-01 -2.5416916e-06 -2.4467859e-06  9.2474645e-01] speed=0.0005 ang_speed=0.0019 ang_vel_vec=[-0.00029192  0.00179296 -0.00060924] |com_force|=0.0000N
### kotek_magnet[tick=11220] sensor4: d=0.5249m in_range=False f_mag=0.000N tau_mag=0.0000Nm misalign_deg=90.0 pos=[-0.10900036  0.10899951  0.49140227] bottom_world=[-0.10900036  0.10899958  0.47140227] quat=[ 3.8268226e-01  4.4868861e-07 -1.5554547e-06  9.2388004e-01] speed=0.0004 ang_speed=0.0028 ang_vel_vec=[ 2.6599281e-03  5.4165823e-05 -6.9726876e-04] |com_force|=0.0000N
### kotek_magnet[tick=11280] sensor1: d=0.3189m in_range=False f_mag=0.000N tau_mag=0.0000Nm misalign_deg=88.2 pos=[ 0.3245823  -0.13075547  0.02064902] bottom_world=[ 0.3252001  -0.13029834  0.04063425] quat=[-0.00865278  0.44985512  0.89289486 -0.01715852] speed=0.0082 ang_speed=0.1230 ang_vel_vec=[ 0.07281888 -0.09303758  0.03411267] |com_force|=0.0000N
### kotek_magnet[tick=11280] sensor2: d=0.3208m in_range=False f_mag=0.000N tau_mag=0.0000Nm misalign_deg=90.0 pos=[ 0.10902467 -0.10904596  0.49140105] bottom_world=[ 0.10902451 -0.10904601  0.47140105] quat=[ 9.2300069e-01 -2.6574176e-06  3.0951983e-06 -3.8479853e-01] speed=0.0006 ang_speed=0.0030 ang_vel_vec=[ 0.00079732 -0.00284918  0.0003844 ] |com_force|=0.0000N
### kotek_magnet[tick=11280] sensor3: d=0.5470m in_range=False f_mag=0.000N tau_mag=0.0000Nm misalign_deg=90.0 pos=[-0.10910818 -0.10914588  0.49140108] bottom_world=[-0.10910793 -0.10914597  0.47140108] quat=[-3.8058412e-01 -4.7885264e-06  4.4932840e-06  9.2474639e-01] speed=0.0010 ang_speed=0.0014 ang_vel_vec=[ 0.00095353  0.00042936 -0.00097808] |com_force|=0.0000N
### kotek_magnet[tick=11280] sensor4: d=0.5249m in_range=False f_mag=0.000N tau_mag=0.0000Nm misalign_deg=90.0 pos=[-0.10900038  0.10899948  0.49140233] bottom_world=[-0.10900036  0.10899955  0.47140233] quat=[ 3.8268220e-01  2.8522155e-07 -1.5825121e-06  9.2388010e-01] speed=0.0004 ang_speed=0.0030 ang_vel_vec=[ 0.00280725  0.00055484 -0.00093724] |com_force|=0.0000N
### kotek_magnet[tick=11340] sensor1: d=0.3189m in_range=False f_mag=0.000N tau_mag=0.0000Nm misalign_deg=88.2 pos=[ 0.32458225 -0.1307555   0.020649  ] bottom_world=[ 0.32520003 -0.13029838  0.04063424] quat=[-0.00865269  0.44985515  0.89289486 -0.01715817] speed=0.0083 ang_speed=0.1249 ang_vel_vec=[ 0.07378616 -0.09469769  0.03430346] |com_force|=0.0000N
### kotek_magnet[tick=11340] sensor2: d=0.3214m in_range=False f_mag=0.000N tau_mag=0.0000Nm misalign_deg=90.0 pos=[ 0.1092442  -0.11328863  0.49140105] bottom_world=[ 0.1092444  -0.11328838  0.47140105] quat=[ 9.2873919e-01  7.7312461e-06 -2.3925209e-06 -3.7073383e-01] speed=0.0009 ang_speed=0.0015 ang_vel_vec=[ 0.00023867  0.00103656 -0.00107332] |com_force|=0.0000N
### kotek_magnet[tick=11340] sensor3: d=0.5470m in_range=False f_mag=0.000N tau_mag=0.0000Nm misalign_deg=90.0 pos=[-0.10910814 -0.10914581  0.491401  ] bottom_world=[-0.10910789 -0.10914592  0.47140099] quat=[-3.8058376e-01 -4.5088605e-06  5.0876902e-06  9.2474657e-01] speed=0.0010 ang_speed=0.0028 ang_vel_vec=[ 0.00198999  0.00191701 -0.00045739] |com_force|=0.0000N
### kotek_magnet[tick=11340] sensor4: d=0.5249m in_range=False f_mag=0.000N tau_mag=0.0000Nm misalign_deg=90.0 pos=[-0.10900037  0.10899948  0.49140227] bottom_world=[-0.10900036  0.10899954  0.47140227] quat=[ 3.8268226e-01  3.0226380e-07 -1.5104492e-06  9.2388004e-01] speed=0.0004 ang_speed=0.0026 ang_vel_vec=[ 0.00233619  0.00081702 -0.00074205] |com_force|=0.0000N
### kotek_magnet[tick=11400] sensor1: d=0.3189m in_range=False f_mag=0.000N tau_mag=0.0000Nm misalign_deg=88.2 pos=[ 0.32458225 -0.13075545  0.02064904] bottom_world=[ 0.32520006 -0.13029831  0.04063428] quat=[-0.00865295  0.44985527  0.8928948  -0.01715887] speed=0.0083 ang_speed=0.1265 ang_vel_vec=[ 0.07477113 -0.09608495  0.03428107] |com_force|=0.0000N
### kotek_magnet[tick=11400] sensor2: d=0.3208m in_range=False f_mag=0.000N tau_mag=0.0000Nm misalign_deg=90.1 pos=[ 0.10969582 -0.11239607  0.491359  ] bottom_world=[ 0.10967021 -0.11241177  0.47135902] quat=[ 9.3094623e-01 -5.9916481e-04  4.5284690e-04 -3.6515549e-01] speed=0.0257 ang_speed=3.4458 ang_vel_vec=[-3.2641015   0.8870267  -0.65735024] |com_force|=0.0000N
### kotek_magnet[tick=11400] sensor3: d=0.5470m in_range=False f_mag=0.000N tau_mag=0.0000Nm misalign_deg=90.0 pos=[-0.10910821 -0.10914589  0.4914011 ] bottom_world=[-0.10910795 -0.10914599  0.47140111] quat=[-3.8058391e-01 -5.0172366e-06  4.7358230e-06  9.2474639e-01] speed=0.0010 ang_speed=0.0018 ang_vel_vec=[ 0.00110868  0.00095664 -0.00109767] |com_force|=0.0000N
### kotek_magnet[tick=11400] sensor4: d=0.5249m in_range=False f_mag=0.000N tau_mag=0.0000Nm misalign_deg=90.0 pos=[-0.10900037  0.10899944  0.49140227] bottom_world=[-0.10900035  0.1089995   0.47140227] quat=[ 3.8268226e-01  6.0851356e-08 -1.5040960e-06  9.2388010e-01] speed=0.0004 ang_speed=0.0033 ang_vel_vec=[ 0.00263325  0.00155677 -0.00110732] |com_force|=0.0000N
### kotek_magnet[tick=11460] sensor1: d=0.3189m in_range=False f_mag=0.000N tau_mag=0.0000Nm misalign_deg=88.2 pos=[ 0.32458225 -0.13075547  0.02064904] bottom_world=[ 0.32520004 -0.13029834  0.04063428] quat=[-0.00865259  0.449855    0.8928949  -0.01715851] speed=0.0083 ang_speed=0.1254 ang_vel_vec=[ 0.07421637 -0.09517656  0.03417013] |com_force|=0.0000N
### kotek_magnet[tick=11460] sensor2: d=0.3148m in_range=False f_mag=0.000N tau_mag=0.0000Nm misalign_deg=90.0 pos=[ 0.11634821 -0.11263362  0.4913118 ] bottom_world=[ 0.1163548  -0.11260742  0.47131181] quat=[ 9.5704722e-01  6.7459815e-04  3.2029973e-05 -2.8993151e-01] speed=0.1130 ang_speed=6.4701 ang_vel_vec=[ 0.24308077 -0.7201457  -6.425333  ] |com_force|=0.0000N
### kotek_magnet[tick=11460] sensor3: d=0.5470m in_range=False f_mag=0.000N tau_mag=0.0000Nm misalign_deg=90.0 pos=[-0.10910822 -0.1091458   0.49140117] bottom_world=[-0.10910799 -0.10914588  0.47140117] quat=[-3.8058397e-01 -4.6879181e-06  4.1508001e-06  9.2474645e-01] speed=0.0011 ang_speed=0.0044 ang_vel_vec=[ 0.00335239  0.00273659 -0.00080838] |com_force|=0.0000N
### kotek_magnet[tick=11460] sensor4: d=0.5249m in_range=False f_mag=0.000N tau_mag=0.0000Nm misalign_deg=90.0 pos=[-0.10900038  0.10899953  0.4914023 ] bottom_world=[-0.10900036  0.1089996   0.4714023 ] quat=[ 3.8268226e-01  7.8315765e-08 -1.8042870e-06  9.2388010e-01] speed=0.0005 ang_speed=0.0026 ang_vel_vec=[ 0.00244851 -0.00027917 -0.0006642 ] |com_force|=0.0000N
### kotek_magnet[tick=11520] sensor1: d=0.3189m in_range=False f_mag=0.000N tau_mag=0.0000Nm misalign_deg=88.2 pos=[ 0.3245823  -0.13075547  0.02064909] bottom_world=[ 0.32520011 -0.13029833  0.04063432] quat=[-0.00865285  0.44985533  0.89289474 -0.01715877] speed=0.0082 ang_speed=0.1239 ang_vel_vec=[ 0.07309121 -0.09367586  0.03526689] |com_force|=0.0000N
### kotek_magnet[tick=11520] sensor2: d=0.3141m in_range=False f_mag=0.000N tau_mag=0.0000Nm misalign_deg=90.0 pos=[ 0.11707939 -0.11253048  0.49134892] bottom_world=[ 0.11709382 -0.11239839  0.47134936] quat=[ 9.5887870e-01  3.2688593e-03  5.9135322e-04 -2.8379673e-01] speed=0.5604 ang_speed=14.1377 ang_vel_vec=[-4.3457136 -2.9651423 13.122413 ] |com_force|=0.0000N
### kotek_magnet[tick=11520] sensor3: d=0.5470m in_range=False f_mag=0.000N tau_mag=0.0000Nm misalign_deg=90.0 pos=[-0.10910826 -0.10914576  0.49140105] bottom_world=[-0.10910796 -0.10914591  0.47140105] quat=[-3.8058406e-01 -5.4803381e-06  6.3879106e-06  9.2474645e-01] speed=0.0010 ang_speed=0.0015 ang_vel_vec=[ 0.00089603  0.00068363 -0.00099475] |com_force|=0.0000N
### kotek_magnet[tick=11520] sensor4: d=0.5249m in_range=False f_mag=0.000N tau_mag=0.0000Nm misalign_deg=90.0 pos=[-0.10900041  0.1089996   0.4914023 ] bottom_world=[-0.10900038  0.10899967  0.4714023 ] quat=[ 3.8268223e-01 -2.8373437e-08 -1.9241807e-06  9.2388010e-01] speed=0.0005 ang_speed=0.0021 ang_vel_vec=[ 0.00156777  0.0009043  -0.00115213] |com_force|=0.0000N
### kotek_magnet[tick=11580] sensor1: d=0.3189m in_range=False f_mag=0.000N tau_mag=0.0000Nm misalign_deg=88.2 pos=[ 0.3245823  -0.13075565  0.02064902] bottom_world=[ 0.32520012 -0.13029855  0.04063425] quat=[-0.00865337  0.44985497  0.89289486 -0.01715804] speed=0.0083 ang_speed=0.1244 ang_vel_vec=[ 0.07399902 -0.09412628  0.03364152] |com_force|=0.0000N
### kotek_magnet[tick=11580] sensor2: d=0.3040m in_range=False f_mag=0.000N tau_mag=0.0000Nm misalign_deg=89.8 pos=[ 0.13149005 -0.10658447  0.50136423] bottom_world=[ 0.13154314 -0.10575282  0.4813816 ] quat=[ 9.9964672e-01  2.0814961e-02 -9.8407723e-04 -1.6498618e-02] speed=0.1130 ang_speed=4.4897 ang_vel_vec=[ 0.38825342 -0.13965237 -4.4707193 ] |com_force|=0.0000N
### kotek_magnet[tick=11580] sensor3: d=0.5470m in_range=False f_mag=0.000N tau_mag=0.0000Nm misalign_deg=90.0 pos=[-0.10910814 -0.10914586  0.49140105] bottom_world=[-0.10910791 -0.10914595  0.47140105] quat=[-3.8058403e-01 -4.5934403e-06  4.3646869e-06  9.2474639e-01] speed=0.0010 ang_speed=0.0013 ang_vel_vec=[ 0.00082442  0.00034503 -0.00093235] |com_force|=0.0000N
### kotek_magnet[tick=11580] sensor4: d=0.5249m in_range=False f_mag=0.000N tau_mag=0.0000Nm misalign_deg=90.0 pos=[-0.10900018  0.1089992   0.49140236] bottom_world=[-0.10900021  0.1089993   0.47140236] quat=[ 3.8268250e-01  1.8301176e-06 -2.0675163e-06  9.2387986e-01] speed=0.0002 ang_speed=0.0022 ang_vel_vec=[ 1.2552433e-03 -1.7912062e-03  8.4898260e-05] |com_force|=0.0000N
### kotek_magnet[tick=11640] sensor1: d=0.3189m in_range=False f_mag=0.000N tau_mag=0.0000Nm misalign_deg=88.2 pos=[ 0.3245823  -0.13075548  0.020649  ] bottom_world=[ 0.32520009 -0.13029837  0.04063423] quat=[-0.00865254  0.44985518  0.8928948  -0.01715806] speed=0.0083 ang_speed=0.1255 ang_vel_vec=[ 0.07410593 -0.09516267  0.03450445] |com_force|=0.0000N
### kotek_magnet[tick=11640] sensor2: d=0.3142m in_range=False f_mag=0.000N tau_mag=0.0000Nm misalign_deg=90.0 pos=[ 0.13152952 -0.10732149  0.5231271 ] bottom_world=[ 0.1315373  -0.10659088  0.50314043] quat=[ 9.9976951e-01  1.8269423e-02  1.1704509e-05 -1.1277626e-02] speed=0.1139 ang_speed=5.9014 ang_vel_vec=[ 1.1740198  -0.36048073 -5.7721543 ] |com_force|=0.0000N
### kotek_magnet[tick=11640] sensor3: d=0.5470m in_range=False f_mag=0.000N tau_mag=0.0000Nm misalign_deg=90.0 pos=[-0.10910754 -0.10914617  0.4914011 ] bottom_world=[-0.10910749 -0.10914604  0.47140111] quat=[-3.8058379e-01 -2.3331072e-06 -2.5282554e-06  9.2474639e-01] speed=0.0005 ang_speed=0.0020 ang_vel_vec=[-0.00011802  0.00178663 -0.00084502] |com_force|=0.0000N
### kotek_magnet[tick=11640] sensor4: d=0.5249m in_range=False f_mag=0.000N tau_mag=0.0000Nm misalign_deg=90.0 pos=[-0.10900008  0.1090001   0.49140233] bottom_world=[-0.1090003   0.10899996  0.47140233] quat=[3.8268223e-01 3.7862756e-06 5.4385773e-06 9.2388016e-01] speed=0.0009 ang_speed=0.0029 ang_vel_vec=[ 0.00201572 -0.00192735 -0.00091851] |com_force|=0.0000N
### kotek_magnet[tick=11700] sensor1: d=0.3189m in_range=False f_mag=0.000N tau_mag=0.0000Nm misalign_deg=88.2 pos=[ 0.32458225 -0.13075551  0.02064901] bottom_world=[ 0.32520003 -0.13029839  0.04063424] quat=[-0.00865255  0.44985515  0.8928948  -0.01715815] speed=0.0083 ang_speed=0.1262 ang_vel_vec=[ 0.07483665 -0.09563251  0.03439315] |com_force|=0.0000N
### kotek_magnet[tick=11700] sensor2: d=0.3270m in_range=False f_mag=0.000N tau_mag=0.0000Nm misalign_deg=90.0 pos=[ 0.13156265 -0.10835509  0.54747176] bottom_world=[ 0.1315479  -0.10772787  0.5274816 ] quat=[ 9.9982637e-01  1.5677992e-02  5.2658055e-04 -1.0056132e-02] speed=0.1161 ang_speed=5.9203 ang_vel_vec=[ 1.122136   -0.44786897 -5.7957335 ] |com_force|=0.0000N
### kotek_magnet[tick=11700] sensor3: d=0.5470m in_range=False f_mag=0.000N tau_mag=0.0000Nm misalign_deg=90.0 pos=[-0.10910819 -0.10914586  0.491401  ] bottom_world=[-0.10910794 -0.10914597  0.47140099] quat=[-3.8058406e-01 -4.8343136e-06  4.7270846e-06  9.2474633e-01] speed=0.0010 ang_speed=0.0015 ang_vel_vec=[ 0.00108856  0.00066595 -0.00082767] |com_force|=0.0000N
### kotek_magnet[tick=11700] sensor4: d=0.5249m in_range=False f_mag=0.000N tau_mag=0.0000Nm misalign_deg=90.0 pos=[-0.10900021  0.10899843  0.4914023 ] bottom_world=[-0.1090001   0.10899874  0.4714023 ] quat=[ 3.8268304e-01  6.0448286e-07 -8.1658500e-06  9.2387974e-01] speed=0.0010 ang_speed=0.0022 ang_vel_vec=[ 1.25956085e-05 -1.72395678e-03  1.31261325e-03] |com_force|=0.0000N
### kotek_magnet[tick=11760] sensor1: d=0.3189m in_range=False f_mag=0.000N tau_mag=0.0000Nm misalign_deg=88.2 pos=[ 0.32458225 -0.13075547  0.02064902] bottom_world=[ 0.32520005 -0.13029834  0.04063426] quat=[-0.00865286  0.44985518  0.89289486 -0.0171586 ] speed=0.0083 ang_speed=0.1255 ang_vel_vec=[ 0.07424756 -0.09521376  0.03431367] |com_force|=0.0000N
### kotek_magnet[tick=11760] sensor2: d=0.3416m in_range=False f_mag=0.000N tau_mag=0.0000Nm misalign_deg=90.1 pos=[ 0.13156761 -0.1094653   0.5728196 ] bottom_world=[ 0.1315326  -0.10895438  0.55282615] quat=[ 9.9987811e-01  1.2765651e-02  9.8955608e-04 -8.9422883e-03] speed=0.1081 ang_speed=5.9575 ang_vel_vec=[ 1.1687306  -0.48150706 -5.821809  ] |com_force|=0.0000N
### kotek_magnet[tick=11760] sensor3: d=0.5470m in_range=False f_mag=0.000N tau_mag=0.0000Nm misalign_deg=90.0 pos=[-0.10910815 -0.10914591  0.491401  ] bottom_world=[-0.10910791 -0.109146    0.47140099] quat=[-3.8058403e-01 -4.6054747e-06  4.3322634e-06  9.2474639e-01] speed=0.0010 ang_speed=0.0015 ang_vel_vec=[ 0.00105958  0.00052436 -0.00086778] |com_force|=0.0000N
### kotek_magnet[tick=11760] sensor4: d=0.5249m in_range=False f_mag=0.000N tau_mag=0.0000Nm misalign_deg=90.0 pos=[-0.10900041  0.10899833  0.49140242] bottom_world=[-0.1090002   0.10899868  0.47140242] quat=[ 3.8268292e-01 -1.5933945e-06 -1.0149414e-05  9.2387974e-01] speed=0.0010 ang_speed=0.0034 ang_vel_vec=[0.00036116 0.00336307 0.00054371] |com_force|=0.0000N
### kotek_magnet[tick=11820] sensor1: d=0.3189m in_range=False f_mag=0.000N tau_mag=0.0000Nm misalign_deg=88.2 pos=[ 0.32458222 -0.1307555   0.020649  ] bottom_world=[ 0.3252     -0.13029838  0.04063424] quat=[-0.00865269  0.44985506  0.8928949  -0.01715814] speed=0.0083 ang_speed=0.1248 ang_vel_vec=[ 0.07374305 -0.09479178  0.03377907] |com_force|=0.0000N
### kotek_magnet[tick=11820] sensor2: d=0.3462m in_range=False f_mag=0.000N tau_mag=0.0000Nm misalign_deg=90.3 pos=[ 0.13093449 -0.11028624  0.5793849 ] bottom_world=[ 0.13083557 -0.10965058  0.55939527] quat=[ 0.99982446  0.01586908  0.00262613 -0.00961484] speed=0.0819 ang_speed=6.0025 ang_vel_vec=[ 1.2466717 -0.3915904 -5.858552 ] |com_force|=0.0000N
### kotek_magnet[tick=11820] sensor3: d=0.5470m in_range=False f_mag=0.000N tau_mag=0.0000Nm misalign_deg=90.0 pos=[-0.10910819 -0.10914586  0.491401  ] bottom_world=[-0.10910794 -0.10914595  0.47140099] quat=[-3.8058400e-01 -4.7676576e-06  4.4288495e-06  9.2474645e-01] speed=0.0010 ang_speed=0.0013 ang_vel_vec=[ 0.00093437  0.00056351 -0.00079354] |com_force|=0.0000N
### kotek_magnet[tick=11820] sensor4: d=0.5249m in_range=False f_mag=0.000N tau_mag=0.0000Nm misalign_deg=90.0 pos=[-0.1090002   0.10899844  0.49140233] bottom_world=[-0.10900009  0.10899876  0.47140233] quat=[ 3.8268313e-01  4.4485918e-07 -8.4690146e-06  9.2387968e-01] speed=0.0010 ang_speed=0.0018 ang_vel_vec=[-0.00034596 -0.00112154  0.00134884] |com_force|=0.0000N
### kotek_magnet[tick=11880] sensor1: d=0.3189m in_range=False f_mag=0.000N tau_mag=0.0000Nm misalign_deg=88.2 pos=[ 0.32458225 -0.13075544  0.02064901] bottom_world=[ 0.32520004 -0.13029831  0.04063425] quat=[-0.00865269  0.4498553   0.89289474 -0.01715842] speed=0.0083 ang_speed=0.1248 ang_vel_vec=[ 0.07369758 -0.09462862  0.034519  ] |com_force|=0.0000N
### kotek_magnet[tick=11880] sensor2: d=0.3430m in_range=False f_mag=0.000N tau_mag=0.0000Nm misalign_deg=91.8 pos=[ 0.13071075 -0.11617179  0.57093614] bottom_world=[ 0.13009389 -0.11638364  0.55094678] quat=[ 0.9994923  -0.00487276  0.01556284  0.02737253] speed=0.0568 ang_speed=3.2164 ang_vel_vec=[ 0.29549307 -0.6787899  -3.1300445 ] |com_force|=0.0000N
### kotek_magnet[tick=11880] sensor3: d=0.5470m in_range=False f_mag=0.000N tau_mag=0.0000Nm misalign_deg=90.0 pos=[-0.10910754 -0.10914616  0.49140102] bottom_world=[-0.10910749 -0.10914604  0.47140102] quat=[-3.8058376e-01 -2.3720172e-06 -2.2136055e-06  9.2474651e-01] speed=0.0005 ang_speed=0.0020 ang_vel_vec=[-0.00015541  0.00185618 -0.00073035] |com_force|=0.0000N
### kotek_magnet[tick=11880] sensor4: d=0.5249m in_range=False f_mag=0.000N tau_mag=0.0000Nm misalign_deg=90.0 pos=[-0.10900019  0.1089984   0.4914024 ] bottom_world=[-0.10900008  0.10899871  0.47140239] quat=[ 3.8268304e-01  4.4171841e-07 -8.3491004e-06  9.2387974e-01] speed=0.0010 ang_speed=0.0018 ang_vel_vec=[-0.00032331 -0.00112767  0.00132677] |com_force|=0.0000N
### kotek_magnet[tick=11940] sensor1: d=0.3189m in_range=False f_mag=0.000N tau_mag=0.0000Nm misalign_deg=88.2 pos=[ 0.32458228 -0.13075551  0.02064901] bottom_world=[ 0.32520005 -0.1302984   0.04063423] quat=[-0.0086525   0.44985524  0.8928947  -0.01715798] speed=0.0082 ang_speed=0.1231 ang_vel_vec=[ 0.07255002 -0.09313069  0.03470651] |com_force|=0.0000N
### kotek_magnet[tick=11940] sensor2: d=0.3374m in_range=False f_mag=0.000N tau_mag=0.0000Nm misalign_deg=93.9 pos=[ 0.13154507 -0.12724319  0.55626184] bottom_world=[ 0.13018895 -0.1293968   0.53642443] quat=[ 0.9927312  -0.05019208  0.03931235  0.10207931] speed=0.0642 ang_speed=3.3425 ang_vel_vec=[ 0.6050158  -0.10642828 -3.2855241 ] |com_force|=0.0000N
### kotek_magnet[tick=11940] sensor3: d=0.5470m in_range=False f_mag=0.000N tau_mag=0.0000Nm misalign_deg=90.0 pos=[-0.10910819 -0.10914585  0.49140102] bottom_world=[-0.10910795 -0.10914595  0.47140102] quat=[-3.8058394e-01 -4.8332540e-06  4.6013138e-06  9.2474645e-01] speed=0.0010 ang_speed=0.0014 ang_vel_vec=[ 0.00092514  0.00057931 -0.00081969] |com_force|=0.0000N
### kotek_magnet[tick=11940] sensor4: d=0.5249m in_range=False f_mag=0.000N tau_mag=0.0000Nm misalign_deg=90.0 pos=[-0.10900041  0.10899835  0.4914024 ] bottom_world=[-0.10900021  0.1089987   0.47140239] quat=[ 3.8268295e-01 -1.4949387e-06 -1.0011030e-05  9.2387974e-01] speed=0.0010 ang_speed=0.0034 ang_vel_vec=[0.00023118 0.00337664 0.00058679] |com_force|=0.0000N
### kotek_magnet[tick=12000] sensor1: d=0.3189m in_range=False f_mag=0.000N tau_mag=0.0000Nm misalign_deg=88.2 pos=[ 0.3245823  -0.13075553  0.02064903] bottom_world=[ 0.32520011 -0.1302984   0.04063426] quat=[-0.00865292  0.44985506  0.8928948  -0.01715863] speed=0.0082 ang_speed=0.1240 ang_vel_vec=[ 0.07319797 -0.09402549  0.03419339] |com_force|=0.0000N
### kotek_magnet[tick=12000] sensor2: d=0.3313m in_range=False f_mag=0.000N tau_mag=0.0000Nm misalign_deg=95.0 pos=[ 0.13420416 -0.13776444  0.5418846 ] bottom_world=[ 0.13246338 -0.14196486  0.5224083 ] quat=[ 0.9766249  -0.09589238  0.06242782  0.18196501] speed=0.0678 ang_speed=3.3721 ang_vel_vec=[ 0.45149738 -0.24023134 -3.333064  ] |com_force|=0.0000N
### kotek_magnet[tick=12000] sensor3: d=0.5470m in_range=False f_mag=0.000N tau_mag=0.0000Nm misalign_deg=90.0 pos=[-0.10910816 -0.10914586  0.49140105] bottom_world=[-0.10910792 -0.10914596  0.47140105] quat=[-3.8058388e-01 -4.6868608e-06  4.4442040e-06  9.2474639e-01] speed=0.0010 ang_speed=0.0015 ang_vel_vec=[ 0.00104369  0.00060066 -0.00084651] |com_force|=0.0000N
### kotek_magnet[tick=12000] sensor4: d=0.5249m in_range=False f_mag=0.000N tau_mag=0.0000Nm misalign_deg=90.0 pos=[-0.10900005  0.10900014  0.4914023 ] bottom_world=[-0.10900028  0.10899999  0.4714023 ] quat=[3.8268214e-01 3.9390034e-06 5.6499171e-06 9.2388016e-01] speed=0.0009 ang_speed=0.0032 ang_vel_vec=[ 0.00223558 -0.00217533 -0.0008769 ] |com_force|=0.0000N
### still playing, 1189s left
### kotek_magnet[tick=12060] sensor1: d=0.3189m in_range=False f_mag=0.000N tau_mag=0.0000Nm misalign_deg=88.2 pos=[ 0.3245823  -0.1307555   0.02064902] bottom_world=[ 0.32520009 -0.13029838  0.04063425] quat=[-0.00865275  0.44985512  0.8928948  -0.01715807] speed=0.0083 ang_speed=0.1250 ang_vel_vec=[ 0.07397866 -0.09483285  0.03389417] |com_force|=0.0000N
### kotek_magnet[tick=12060] sensor2: d=0.3244m in_range=False f_mag=0.000N tau_mag=0.0000Nm misalign_deg=94.8 pos=[ 0.13890001 -0.14735103  0.528441  ] bottom_world=[ 0.13723916 -0.15362642  0.5095238 ] quat=[ 0.9502959  -0.14195465  0.08317786  0.26432562] speed=0.0778 ang_speed=3.4251 ang_vel_vec=[ 1.0500467  0.4181348 -3.2332323] |com_force|=0.0000N
### kotek_magnet[tick=12060] sensor3: d=0.5470m in_range=False f_mag=0.000N tau_mag=0.0000Nm misalign_deg=90.0 pos=[-0.10910752 -0.1091461   0.4914011 ] bottom_world=[-0.10910747 -0.10914598  0.47140111] quat=[-3.8058382e-01 -2.3092866e-06 -2.3408111e-06  9.2474645e-01] speed=0.0005 ang_speed=0.0018 ang_vel_vec=[ 6.4431646e-05  1.7056350e-03 -6.4897671e-04] |com_force|=0.0000N
### kotek_magnet[tick=12060] sensor4: d=0.5249m in_range=False f_mag=0.000N tau_mag=0.0000Nm misalign_deg=90.0 pos=[-0.10900036  0.10899871  0.49140236] bottom_world=[-0.10900022  0.108999    0.47140236] quat=[ 3.8268283e-01 -5.6842072e-07 -8.1907010e-06  9.2387980e-01] speed=0.0007 ang_speed=0.0044 ang_vel_vec=[-0.00140358  0.00412833  0.00052909] |com_force|=0.0000N
### kotek_magnet[tick=12120] sensor1: d=0.3189m in_range=False f_mag=0.000N tau_mag=0.0000Nm misalign_deg=88.2 pos=[ 0.3245822  -0.13075548  0.02064903] bottom_world=[ 0.32519999 -0.13029835  0.04063427] quat=[-0.00865285  0.44985512  0.89289486 -0.01715863] speed=0.0083 ang_speed=0.1242 ang_vel_vec=[ 0.07332876 -0.09419218  0.03432424] |com_force|=0.0000N
### kotek_magnet[tick=12120] sensor2: d=0.3159m in_range=False f_mag=0.000N tau_mag=0.0000Nm misalign_deg=93.1 pos=[ 0.14600992 -0.15531112  0.51597875] bottom_world=[ 0.14492993 -0.16349557  0.49776204] quat=[ 0.9133208  -0.18575479  0.10038631  0.3482284 ] speed=0.0711 ang_speed=3.4668 ang_vel_vec=[ 0.5413169  -0.28424534 -3.412498  ] |com_force|=0.0000N
### kotek_magnet[tick=12120] sensor3: d=0.5470m in_range=False f_mag=0.000N tau_mag=0.0000Nm misalign_deg=90.0 pos=[-0.10910814 -0.10914591  0.49140102] bottom_world=[-0.10910791 -0.109146    0.47140102] quat=[-3.8058394e-01 -4.6480354e-06  4.2769043e-06  9.2474633e-01] speed=0.0009 ang_speed=0.0013 ang_vel_vec=[ 0.00086712  0.00041505 -0.00084074] |com_force|=0.0000N
### kotek_magnet[tick=12120] sensor4: d=0.5249m in_range=False f_mag=0.000N tau_mag=0.0000Nm misalign_deg=90.0 pos=[-0.10900035  0.10899919  0.4914022 ] bottom_world=[-0.1090003   0.10899933  0.47140221] quat=[ 3.8268244e-01  1.7716049e-07 -3.7793184e-06  9.2387998e-01] speed=0.0001 ang_speed=0.0021 ang_vel_vec=[-0.00086453  0.00183956 -0.00043534] |com_force|=0.0000N
### kotek_magnet[tick=12180] sensor1: d=0.3189m in_range=False f_mag=0.000N tau_mag=0.0000Nm misalign_deg=88.2 pos=[ 0.32458228 -0.13075548  0.02064905] bottom_world=[ 0.32520007 -0.13029836  0.04063428] quat=[-0.00865276  0.44985524  0.8928947  -0.01715835] speed=0.0083 ang_speed=0.1252 ang_vel_vec=[ 0.07402928 -0.09460795  0.03534799] |com_force|=0.0000N
### kotek_magnet[tick=12180] sensor2: d=0.3053m in_range=False f_mag=0.000N tau_mag=0.0000Nm misalign_deg=90.0 pos=[ 0.15573077 -0.16180015  0.5041649 ] bottom_world=[ 0.15574608 -0.17171394  0.48679489] quat=[ 0.86452097 -0.22952391  0.11432031  0.43226504] speed=0.0774 ang_speed=3.2000 ang_vel_vec=[ 0.48935285 -0.7787826  -3.0649319 ] |com_force|=0.0000N
### kotek_magnet[tick=12180] sensor3: d=0.5470m in_range=False f_mag=0.000N tau_mag=0.0000Nm misalign_deg=90.0 pos=[-0.10910808 -0.10914577  0.49140108] bottom_world=[-0.10910783 -0.10914589  0.47140108] quat=[-3.8058391e-01 -4.4922954e-06  5.1504312e-06  9.2474639e-01] speed=0.0009 ang_speed=0.0031 ang_vel_vec=[ 0.00220942  0.00213247 -0.00057626] |com_force|=0.0000N
### kotek_magnet[tick=12180] sensor4: d=0.5249m in_range=False f_mag=0.000N tau_mag=0.0000Nm misalign_deg=90.0 pos=[-0.10900033  0.10899866  0.49140236] bottom_world=[-0.10900019  0.10899896  0.47140236] quat=[ 3.8268268e-01 -3.5133348e-07 -8.1699873e-06  9.2387992e-01] speed=0.0007 ang_speed=0.0045 ang_vel_vec=[-0.00183195  0.00413262  0.00029838] |com_force|=0.0000N
### kotek_magnet[tick=12240] sensor1: d=0.3189m in_range=False f_mag=0.000N tau_mag=0.0000Nm misalign_deg=88.2 pos=[ 0.32458225 -0.13075547  0.02064902] bottom_world=[ 0.32520004 -0.13029834  0.04063425] quat=[-0.00865271  0.44985512  0.89289474 -0.01715852] speed=0.0083 ang_speed=0.1238 ang_vel_vec=[ 0.07308956 -0.09385357  0.03430659] |com_force|=0.0000N
### kotek_magnet[tick=12240] sensor2: d=0.2923m in_range=False f_mag=0.000N tau_mag=0.0000Nm misalign_deg=85.3 pos=[ 0.16790016 -0.16602936  0.49337664] bottom_world=[ 0.1695234  -0.17732347  0.4769508 ] quat=[ 0.8050482  -0.2724448   0.12299515  0.5123901 ] speed=0.0592 ang_speed=2.5839 ang_vel_vec=[ 1.2757945  1.4896727 -1.6821957] |com_force|=0.0000N
### kotek_magnet[tick=12240] sensor3: d=0.5470m in_range=False f_mag=0.000N tau_mag=0.0000Nm misalign_deg=90.0 pos=[-0.10910815 -0.10914592  0.49140108] bottom_world=[-0.10910792 -0.109146    0.47140108] quat=[-3.8058403e-01 -4.6102246e-06  4.1910880e-06  9.2474645e-01] speed=0.0009 ang_speed=0.0013 ang_vel_vec=[ 0.0008664   0.00049601 -0.00082003] |com_force|=0.0000N
### kotek_magnet[tick=12240] sensor4: d=0.5249m in_range=False f_mag=0.000N tau_mag=0.0000Nm misalign_deg=90.0 pos=[-0.10900034  0.1089986   0.4914024 ] bottom_world=[-0.10900019  0.10899891  0.47140239] quat=[ 3.8268280e-01 -5.0540007e-07 -8.5526653e-06  9.2387986e-01] speed=0.0007 ang_speed=0.0051 ang_vel_vec=[-0.00207816  0.00461197  0.0003998 ] |com_force|=0.0000N
### kotek_magnet[tick=12300] sensor1: d=0.3189m in_range=False f_mag=0.000N tau_mag=0.0000Nm misalign_deg=88.2 pos=[ 0.32458228 -0.13075545  0.02064903] bottom_world=[ 0.32520008 -0.13029832  0.04063425] quat=[-0.00865276  0.44985515  0.89289474 -0.01715876] speed=0.0083 ang_speed=0.1249 ang_vel_vec=[ 0.07364155 -0.09478841  0.03453735] |com_force|=0.0000N
### kotek_magnet[tick=12300] sensor2: d=0.2766m in_range=False f_mag=0.000N tau_mag=0.0000Nm misalign_deg=79.6 pos=[ 0.18247281 -0.16737147  0.48360774] bottom_world=[ 0.18607848 -0.17954419  0.46815381] quat=[ 0.7344442  -0.31206647  0.12753908  0.5890162 ] speed=0.0855 ang_speed=3.1862 ang_vel_vec=[ 0.6147845 -1.1575985 -2.9041386] |com_force|=0.0000N
### kotek_magnet[tick=12300] sensor3: d=0.5470m in_range=False f_mag=0.000N tau_mag=0.0000Nm misalign_deg=90.0 pos=[-0.10910816 -0.10914589  0.49140102] bottom_world=[-0.10910791 -0.10914598  0.47140102] quat=[-3.8058397e-01 -4.8002257e-06  4.5067886e-06  9.2474639e-01] speed=0.0009 ang_speed=0.0016 ang_vel_vec=[ 0.00116548  0.00077731 -0.00072321] |com_force|=0.0000N
### kotek_magnet[tick=12300] sensor4: d=0.5249m in_range=False f_mag=0.000N tau_mag=0.0000Nm misalign_deg=90.0 pos=[-0.10900034  0.1089992   0.49140227] bottom_world=[-0.1090003   0.10899934  0.47140227] quat=[ 3.8268259e-01  3.2671977e-07 -3.7244781e-06  9.2387992e-01] speed=0.0001 ang_speed=0.0015 ang_vel_vec=[-0.00057935  0.0013542  -0.00034327] |com_force|=0.0000N
### kotek_magnet[tick=12360] sensor1: d=0.3189m in_range=False f_mag=0.000N tau_mag=0.0000Nm misalign_deg=88.2 pos=[ 0.32458228 -0.13075547  0.02064901] bottom_world=[ 0.32520007 -0.13029834  0.04063424] quat=[-0.00865269  0.44985512  0.8928948  -0.01715845] speed=0.0082 ang_speed=0.1239 ang_vel_vec=[ 0.07305337 -0.09391622  0.0345942 ] |com_force|=0.0000N
### kotek_magnet[tick=12360] sensor2: d=0.2581m in_range=False f_mag=0.000N tau_mag=0.0000Nm misalign_deg=72.8 pos=[ 0.19890736 -0.16546679  0.47463572] bottom_world=[ 0.2048197  -0.17795373  0.46017473] quat=[ 0.654599   -0.3500926   0.1261361   0.65804636] speed=0.0888 ang_speed=3.5059 ang_vel_vec=[ 0.30758703 -0.8041053  -3.3985834 ] |com_force|=0.0000N
### kotek_magnet[tick=12360] sensor3: d=0.5470m in_range=False f_mag=0.000N tau_mag=0.0000Nm misalign_deg=90.0 pos=[-0.10910815 -0.10914589  0.49140105] bottom_world=[-0.10910791 -0.10914598  0.47140105] quat=[-3.8058412e-01 -4.7377011e-06  4.4015765e-06  9.2474633e-01] speed=0.0009 ang_speed=0.0016 ang_vel_vec=[ 0.00106773  0.0007576  -0.00093692] |com_force|=0.0000N
### kotek_magnet[tick=12360] sensor4: d=0.5249m in_range=False f_mag=0.000N tau_mag=0.0000Nm misalign_deg=90.0 pos=[-0.10900036  0.10899863  0.4914023 ] bottom_world=[-0.1090002   0.10899894  0.4714023 ] quat=[ 3.8268271e-01 -5.6165248e-07 -8.5115798e-06  9.2387986e-01] speed=0.0007 ang_speed=0.0049 ang_vel_vec=[-0.00192859  0.00451937  0.00029956] |com_force|=0.0000N
### kotek_magnet[tick=12420] sensor1: d=0.3189m in_range=False f_mag=0.000N tau_mag=0.0000Nm misalign_deg=88.2 pos=[ 0.3245822  -0.13075548  0.020649  ] bottom_world=[ 0.32519997 -0.13029837  0.04063423] quat=[-0.00865251  0.44985533  0.89289474 -0.017158  ] speed=0.0083 ang_speed=0.1255 ang_vel_vec=[ 0.0741387  -0.09507792  0.03494469] |com_force|=0.0000N
### kotek_magnet[tick=12420] sensor2: d=0.2366m in_range=False f_mag=0.000N tau_mag=0.0000Nm misalign_deg=65.2 pos=[ 0.2170001  -0.15980026  0.4663763 ] bottom_world=[ 0.22537774 -0.17199755  0.45292115] quat=[ 0.56578976 -0.3862049   0.12027805  0.7185131 ] speed=0.1028 ang_speed=3.0434 ang_vel_vec=[ 1.0451701 -1.0658923 -2.6521087] |com_force|=0.0000N
### kotek_magnet[tick=12420] sensor3: d=0.5470m in_range=False f_mag=0.000N tau_mag=0.0000Nm misalign_deg=90.0 pos=[-0.10910813 -0.10914584  0.491401  ] bottom_world=[-0.10910789 -0.10914593  0.47140099] quat=[-3.8058400e-01 -4.6178461e-06  4.5543225e-06  9.2474645e-01] speed=0.0009 ang_speed=0.0018 ang_vel_vec=[ 0.00133805  0.00084233 -0.00094539] |com_force|=0.0000N
### kotek_magnet[tick=12420] sensor4: d=0.5249m in_range=False f_mag=0.000N tau_mag=0.0000Nm misalign_deg=90.0 pos=[-0.10900039  0.10899839  0.4914023 ] bottom_world=[-0.10900018  0.10899874  0.4714023 ] quat=[ 3.8268283e-01 -1.6186028e-06 -1.0221881e-05  9.2387974e-01] speed=0.0010 ang_speed=0.0037 ang_vel_vec=[0.00019474 0.00370884 0.00045478] |com_force|=0.0000N
### kotek_magnet[tick=12480] sensor1: d=0.3189m in_range=False f_mag=0.000N tau_mag=0.0000Nm misalign_deg=88.2 pos=[ 0.3245823  -0.1307555   0.02064902] bottom_world=[ 0.3252001  -0.13029837  0.04063426] quat=[-0.00865272  0.44985527  0.8928948  -0.01715839] speed=0.0083 ang_speed=0.1242 ang_vel_vec=[ 0.07324207 -0.094224    0.03443654] |com_force|=0.0000N
### kotek_magnet[tick=12480] sensor2: d=0.2120m in_range=False f_mag=0.000N tau_mag=0.0000Nm misalign_deg=57.2 pos=[ 0.23631036 -0.14963502  0.45890197] bottom_world=[ 0.24715593 -0.16088065  0.4464156 ] quat=[ 0.46956232 -0.41934353  0.10950689  0.7692013 ] speed=0.0952 ang_speed=3.2028 ang_vel_vec=[ 1.7221905  -2.7003489  -0.01609749] |com_force|=0.0000N
### kotek_magnet[tick=12480] sensor3: d=0.5470m in_range=False f_mag=0.000N tau_mag=0.0000Nm misalign_deg=90.0 pos=[-0.10910815 -0.10914582  0.49140102] bottom_world=[-0.1091079  -0.10914592  0.47140102] quat=[-3.8058397e-01 -4.8023007e-06  4.7005315e-06  9.2474645e-01] speed=0.0009 ang_speed=0.0018 ang_vel_vec=[ 0.00128996  0.00095226 -0.00078214] |com_force|=0.0000N
### kotek_magnet[tick=12480] sensor4: d=0.5249m in_range=False f_mag=0.000N tau_mag=0.0000Nm misalign_deg=90.0 pos=[-0.10900015  0.10899846  0.4914023 ] bottom_world=[-0.10900004  0.10899878  0.4714023 ] quat=[ 3.8268313e-01  5.2677450e-07 -8.4359672e-06  9.2387968e-01] speed=0.0010 ang_speed=0.0018 ang_vel_vec=[-0.00044695 -0.00115463  0.0013519 ] |com_force|=0.0000N
### kotek_magnet[tick=12540] sensor1: d=0.3189m in_range=False f_mag=0.000N tau_mag=0.0000Nm misalign_deg=88.2 pos=[ 0.32458225 -0.13075545  0.020649  ] bottom_world=[ 0.32520004 -0.13029833  0.04063422] quat=[-0.00865267  0.44985518  0.89289474 -0.01715829] speed=0.0083 ang_speed=0.1241 ang_vel_vec=[ 0.07326967 -0.0940899   0.03431641] |com_force|=0.0000N
### kotek_magnet[tick=12540] sensor2: d=0.1851m in_range=False f_mag=0.000N tau_mag=0.0000Nm misalign_deg=48.6 pos=[ 0.25588647 -0.13479766  0.45217758] bottom_world=[ 0.26911718 -0.14438885  0.44064686] quat=[ 0.3671237  -0.45088324  0.09184925  0.8083862 ] speed=0.1049 ang_speed=3.2413 ang_vel_vec=[ 1.153145  -1.2391149 -2.7641945] |com_force|=0.0000N
### kotek_magnet[tick=12540] sensor3: d=0.5470m in_range=False f_mag=0.000N tau_mag=0.0000Nm misalign_deg=90.0 pos=[-0.10910811 -0.10914585  0.49140105] bottom_world=[-0.10910787 -0.10914595  0.47140105] quat=[-3.8058394e-01 -4.7169451e-06  4.7169701e-06  9.2474633e-01] speed=0.0009 ang_speed=0.0018 ang_vel_vec=[ 0.00130707  0.00098477 -0.00076982] |com_force|=0.0000N
### kotek_magnet[tick=12540] sensor4: d=0.5249m in_range=False f_mag=0.000N tau_mag=0.0000Nm misalign_deg=90.0 pos=[-0.10900016  0.10899844  0.49140236] bottom_world=[-0.10900006  0.10899875  0.47140236] quat=[ 3.8268298e-01  5.7847791e-07 -8.2107808e-06  9.2387980e-01] speed=0.0010 ang_speed=0.0019 ang_vel_vec=[-0.00042484 -0.00123175  0.0013339 ] |com_force|=0.0000N
### kotek_magnet[tick=12600] sensor1: d=0.3189m in_range=False f_mag=0.000N tau_mag=0.0000Nm misalign_deg=88.2 pos=[ 0.3245823  -0.1307555   0.02064901] bottom_world=[ 0.32520009 -0.13029837  0.04063424] quat=[-0.00865253  0.44985512  0.8928948  -0.01715833] speed=0.0083 ang_speed=0.1247 ang_vel_vec=[ 0.0737248  -0.09462897  0.03415046] |com_force|=0.0000N
### kotek_magnet[tick=12600] sensor2: d=0.1572m in_range=False f_mag=0.000N tau_mag=0.0000Nm misalign_deg=40.4 pos=[ 0.27466482 -0.11509363  0.44626394] bottom_world=[ 0.28989609 -0.12251907  0.43563985] quat=[ 0.2634508  -0.47886997  0.07128298  0.83438367] speed=0.1073 ang_speed=3.1148 ang_vel_vec=[ 2.2453845  -2.1586497   0.01299375] |com_force|=0.0000N
### kotek_magnet[tick=12600] sensor3: d=0.5470m in_range=False f_mag=0.000N tau_mag=0.0000Nm misalign_deg=90.0 pos=[-0.10910811 -0.10914584  0.49140114] bottom_world=[-0.10910787 -0.10914594  0.47140114] quat=[-3.8058388e-01 -4.6083155e-06  4.6849013e-06  9.2474645e-01] speed=0.0009 ang_speed=0.0019 ang_vel_vec=[ 0.00148228  0.00099064 -0.00077424] |com_force|=0.0000N
### kotek_magnet[tick=12600] sensor4: d=0.5249m in_range=False f_mag=0.000N tau_mag=0.0000Nm misalign_deg=90.0 pos=[-0.10900018  0.1089984   0.49140233] bottom_world=[-0.10900007  0.10899872  0.47140233] quat=[ 3.8268307e-01  4.7170604e-07 -8.3411269e-06  9.2387968e-01] speed=0.0010 ang_speed=0.0017 ang_vel_vec=[-0.00051651 -0.00081633  0.00134646] |com_force|=0.0000N
### kotek_magnet[tick=12660] sensor1: d=0.3189m in_range=False f_mag=0.000N tau_mag=0.0000Nm misalign_deg=88.2 pos=[ 0.32458225 -0.13075548  0.02064906] bottom_world=[ 0.32520005 -0.13029835  0.04063429] quat=[-0.00865278  0.4498551   0.89289486 -0.01715863] speed=0.0083 ang_speed=0.1241 ang_vel_vec=[ 0.07329403 -0.09408508  0.03431288] |com_force|=0.0000N
### kotek_magnet[tick=12660] sensor2: d=0.1306m in_range=False f_mag=0.000N tau_mag=0.0000Nm misalign_deg=32.7 pos=[ 0.2916782  -0.09059589  0.44117704] bottom_world=[ 0.30850831 -0.09533497  0.43146682] quat=[ 0.15802988 -0.50513697  0.04561997  0.8472203 ] speed=0.1168 ang_speed=3.1443 ang_vel_vec=[ 2.7197082 -1.4824146  0.5406286] |com_force|=0.0000N
### kotek_magnet[tick=12660] sensor3: d=0.5470m in_range=False f_mag=0.000N tau_mag=0.0000Nm misalign_deg=90.0 pos=[-0.10910813 -0.10914584  0.491401  ] bottom_world=[-0.10910788 -0.10914593  0.47140099] quat=[-3.8058403e-01 -4.8285474e-06  4.6295554e-06  9.2474633e-01] speed=0.0009 ang_speed=0.0021 ang_vel_vec=[ 0.00156397  0.00114576 -0.00084522] |com_force|=0.0000N
### kotek_magnet[tick=12660] sensor4: d=0.5249m in_range=False f_mag=0.000N tau_mag=0.0000Nm misalign_deg=90.0 pos=[-0.10900034  0.10899868  0.49140233] bottom_world=[-0.1090002   0.10899897  0.47140233] quat=[ 3.8268259e-01 -4.5854458e-07 -8.0799709e-06  9.2387992e-01] speed=0.0006 ang_speed=0.0041 ang_vel_vec=[-0.00142079  0.00382325  0.00042434] |com_force|=0.0000N
### kotek_magnet[tick=12720] sensor1: d=0.3189m in_range=False f_mag=0.000N tau_mag=0.0000Nm misalign_deg=88.2 pos=[ 0.3245823  -0.13075553  0.02064899] bottom_world=[ 0.32520011 -0.13029841  0.04063423] quat=[-0.00865294  0.4498553   0.8928948  -0.01715842] speed=0.0083 ang_speed=0.1233 ang_vel_vec=[ 0.07258569 -0.09328031  0.03501651] |com_force|=0.0000N
### kotek_magnet[tick=12720] sensor2: d=0.1104m in_range=False f_mag=0.000N tau_mag=0.0000Nm misalign_deg=26.6 pos=[ 0.30567375 -0.06226684  0.4371423 ] bottom_world=[ 0.32356173 -0.06396797  0.42836015] quat=[ 0.05566014 -0.5293464   0.01543506  0.84643734] speed=0.1016 ang_speed=2.5170 ang_vel_vec=[-0.2101149   0.49082303 -2.4597006 ] |com_force|=0.0000N
### kotek_magnet[tick=12720] sensor3: d=0.5470m in_range=False f_mag=0.000N tau_mag=0.0000Nm misalign_deg=90.0 pos=[-0.10910804 -0.10914576  0.49140102] bottom_world=[-0.10910779 -0.10914589  0.47140102] quat=[-3.8058385e-01 -4.4906865e-06  5.3939602e-06  9.2474645e-01] speed=0.0009 ang_speed=0.0036 ang_vel_vec=[ 0.00260117  0.00245206 -0.00056494] |com_force|=0.0000N
### kotek_magnet[tick=12720] sensor4: d=0.5249m in_range=False f_mag=0.000N tau_mag=0.0000Nm misalign_deg=90.0 pos=[-0.10900018  0.10899842  0.49140236] bottom_world=[-0.10900009  0.10899872  0.47140236] quat=[ 3.8268295e-01  7.2616382e-07 -7.9673646e-06  9.2387968e-01] speed=0.0010 ang_speed=0.0022 ang_vel_vec=[ 5.6546512e-05 -1.7876006e-03  1.2261416e-03] |com_force|=0.0000N
### kotek_magnet[tick=12780] sensor1: d=0.3189m in_range=False f_mag=0.000N tau_mag=0.0000Nm misalign_deg=88.3 pos=[ 0.3245709  -0.13076334  0.02064876] bottom_world=[ 0.32518086 -0.13031157  0.04063436] quat=[-0.00853852  0.4498409   0.8929071  -0.01695056] speed=0.0010 ang_speed=0.0146 ang_vel_vec=[ 0.00821304 -0.01199689  0.00114852] |com_force|=0.0000N
### kotek_magnet[tick=12780] sensor2: d=0.1045m in_range=False f_mag=0.000N tau_mag=0.0000Nm misalign_deg=25.2 pos=[ 0.30929402 -0.04908276  0.4337207 ] bottom_world=[ 0.32738623 -0.04942103  0.42520265] quat=[ 0.01189712 -0.5357635   0.00246688  0.8442807 ] speed=0.0492 ang_speed=3.9615 ang_vel_vec=[ 2.332353  -0.6428985 -3.1369104] |com_force|=0.0000N
### kotek_magnet[tick=12780] sensor3: d=0.5470m in_range=False f_mag=0.000N tau_mag=0.0000Nm misalign_deg=90.0 pos=[-0.10910744 -0.1091461   0.49140105] bottom_world=[-0.1091074  -0.10914597  0.47140105] quat=[-3.8058391e-01 -2.1485205e-06 -2.7324725e-06  9.2474651e-01] speed=0.0004 ang_speed=0.0021 ang_vel_vec=[ 1.9101455e-05  2.0032476e-03 -7.5669429e-04] |com_force|=0.0000N
### kotek_magnet[tick=12780] sensor4: d=0.5249m in_range=False f_mag=0.000N tau_mag=0.0000Nm misalign_deg=90.0 pos=[-0.10900015  0.10899846  0.49140236] bottom_world=[-0.10900004  0.10899877  0.47140236] quat=[ 3.8268304e-01  4.7955308e-07 -8.3589975e-06  9.2387968e-01] speed=0.0010 ang_speed=0.0016 ang_vel_vec=[-0.00043082 -0.00072507  0.00131094] |com_force|=0.0000N
### kotek_magnet[tick=12840] sensor1: d=0.3189m in_range=False f_mag=0.000N tau_mag=0.0000Nm misalign_deg=88.2 pos=[ 0.3245809  -0.13075654  0.0206463 ] bottom_world=[ 0.32519698 -0.13030071  0.04063162] quat=[-0.0086288   0.44985726  0.8928949  -0.01711006] speed=0.0091 ang_speed=0.1368 ang_vel_vec=[ 0.08030938 -0.10411182  0.03777815] |com_force|=0.0000N
### kotek_magnet[tick=12840] sensor2: d=0.0965m in_range=True f_mag=1.633N tau_mag=0.0019Nm misalign_deg=25.6 pos=[ 0.3118736  -0.05048049  0.4249855 ] bottom_world=[ 0.32991213 -0.05085639  0.41635585] quat=[ 0.01399049 -0.5331544   0.00229144  0.84589916] speed=0.0695 ang_speed=2.8452 ang_vel_vec=[ 0.6630037 -0.8005159 -2.6485276] |com_force|=0.3924N
### kotek_magnet[tick=12840] sensor3: d=0.5470m in_range=False f_mag=0.000N tau_mag=0.0000Nm misalign_deg=90.0 pos=[-0.10910749 -0.1091461   0.49140108] bottom_world=[-0.10910746 -0.10914596  0.47140108] quat=[-3.8058376e-01 -2.1766557e-06 -2.9052574e-06  9.2474645e-01] speed=0.0004 ang_speed=0.0022 ang_vel_vec=[-0.00058423  0.0019873  -0.00066911] |com_force|=0.0000N
### kotek_magnet[tick=12840] sensor4: d=0.5249m in_range=False f_mag=0.000N tau_mag=0.0000Nm misalign_deg=90.0 pos=[-0.10899983  0.10900023  0.49140224] bottom_world=[-0.10900012  0.10900007  0.47140224] quat=[3.8268238e-01 5.3819535e-06 6.4507062e-06 9.2387998e-01] speed=0.0013 ang_speed=0.0137 ang_vel_vec=[ 0.00691499 -0.01181513 -0.00020069] |com_force|=0.0000N
### kotek_magnet[tick=12900] sensor1: d=0.3189m in_range=False f_mag=0.000N tau_mag=0.0000Nm misalign_deg=88.2 pos=[ 0.32458082 -0.13075647  0.0206463 ] bottom_world=[ 0.32519692 -0.13030063  0.04063161] quat=[-0.0086294   0.44985768  0.89289474 -0.01711059] speed=0.0092 ang_speed=0.1387 ang_vel_vec=[ 0.08131293 -0.10539541  0.03892939] |com_force|=0.0000N
### kotek_magnet[tick=12900] sensor2: d=0.0756m in_range=True f_mag=1.498N tau_mag=0.0015Nm misalign_deg=25.2 pos=[ 0.32459113 -0.05105677  0.4078608 ] bottom_world=[ 0.34269397 -0.05136085  0.39936404] quat=[ 0.01048304 -0.53626096  0.00234673  0.84398395] speed=0.0736 ang_speed=3.7635 ang_vel_vec=[ 2.453833  -0.731096  -2.7582836] |com_force|=0.4123N
### kotek_magnet[tick=12900] sensor3: d=0.5470m in_range=False f_mag=0.000N tau_mag=0.0000Nm misalign_deg=90.0 pos=[-0.10910749 -0.10914611  0.491401  ] bottom_world=[-0.10910744 -0.10914599  0.47140099] quat=[-3.8058376e-01 -2.4201966e-06 -2.2901045e-06  9.2474651e-01] speed=0.0004 ang_speed=0.0022 ang_vel_vec=[ 0.00036492  0.0020596  -0.00078933] |com_force|=0.0000N
### kotek_magnet[tick=12900] sensor4: d=0.5249m in_range=False f_mag=0.000N tau_mag=0.0000Nm misalign_deg=90.0 pos=[-0.10900031  0.10899956  0.4914022 ] bottom_world=[-0.10900031  0.10899962  0.47140221] quat=[ 3.8268214e-01  4.9551727e-07 -1.3714247e-06  9.2388004e-01] speed=0.0005 ang_speed=0.0024 ang_vel_vec=[ 0.00220452  0.00048135 -0.00089653] |com_force|=0.0000N
### kotek_magnet[tick=12960] sensor1: d=0.3189m in_range=False f_mag=0.000N tau_mag=0.0000Nm misalign_deg=88.2 pos=[ 0.32458094 -0.13075642  0.02064629] bottom_world=[ 0.32519701 -0.13030059  0.0406316 ] quat=[-0.00862884  0.44985744  0.89289474 -0.01711029] speed=0.0091 ang_speed=0.1373 ang_vel_vec=[ 0.08054283 -0.1043167   0.03858943] |com_force|=0.0000N
### kotek_magnet[tick=12960] sensor2: d=0.0548m in_range=True f_mag=1.069N tau_mag=0.0010Nm misalign_deg=24.5 pos=[ 0.33786348 -0.05144561  0.3910622 ] bottom_world=[ 0.35605652 -0.05163067  0.38275685] quat=[ 0.0065843  -0.54070747  0.00126784  0.84118396] speed=0.0753 ang_speed=2.5197 ang_vel_vec=[ 0.99748003 -0.11394215 -2.311093  ] |com_force|=0.3593N
### kotek_magnet[tick=12960] sensor3: d=0.5470m in_range=False f_mag=0.000N tau_mag=0.0000Nm misalign_deg=90.0 pos=[-0.10910747 -0.10914611  0.4914011 ] bottom_world=[-0.10910743 -0.10914598  0.47140111] quat=[-3.8058376e-01 -2.1773521e-06 -2.5593226e-06  9.2474651e-01] speed=0.0004 ang_speed=0.0021 ang_vel_vec=[ 8.6765729e-05  1.9087339e-03 -8.2057295e-04] |com_force|=0.0000N
### kotek_magnet[tick=12960] sensor4: d=0.5249m in_range=False f_mag=0.000N tau_mag=0.0000Nm misalign_deg=90.0 pos=[-0.10900004  0.10900013  0.4914023 ] bottom_world=[-0.10900025  0.109       0.4714023 ] quat=[3.8268203e-01 3.5519140e-06 4.9761584e-06 9.2388010e-01] speed=0.0010 ang_speed=0.0019 ang_vel_vec=[ 0.00122995 -0.00112676 -0.00091552] |com_force|=0.0000N
### kotek_magnet[tick=13020] sensor1: d=0.3189m in_range=False f_mag=0.000N tau_mag=0.0000Nm misalign_deg=88.2 pos=[ 0.32458073 -0.1307565   0.02064629] bottom_world=[ 0.3251968  -0.13030066  0.0406316 ] quat=[-0.0086289   0.4498575   0.89289474 -0.01711026] speed=0.0091 ang_speed=0.1369 ang_vel_vec=[ 0.08020077 -0.10384785  0.03896528] |com_force|=0.0000N
### kotek_magnet[tick=13020] sensor2: d=0.0163m in_range=True f_mag=0.274N tau_mag=0.0001Nm misalign_deg=17.0 pos=[ 0.3672765  -0.05076285  0.36481273] bottom_world=[ 0.38640565 -0.05011322  0.3590116 ] quat=[ 0.00213147 -0.5953959  -0.02180196  0.80313385] speed=0.0671 ang_speed=0.9646 ang_vel_vec=[ 0.03941289  0.96369696 -0.01285979] |com_force|=0.5153N
### kotek_magnet[tick=13020] sensor3: d=0.5470m in_range=False f_mag=0.000N tau_mag=0.0000Nm misalign_deg=90.0 pos=[-0.10910748 -0.10914609  0.49140105] bottom_world=[-0.10910743 -0.10914597  0.47140105] quat=[-3.8058388e-01 -2.2907213e-06 -2.2664756e-06  9.2474651e-01] speed=0.0004 ang_speed=0.0022 ang_vel_vec=[ 0.00023113  0.00204469 -0.00087708] |com_force|=0.0000N
### kotek_magnet[tick=13020] sensor4: d=0.5249m in_range=False f_mag=0.000N tau_mag=0.0000Nm misalign_deg=90.0 pos=[-0.10900015  0.10899849  0.49140233] bottom_world=[-0.10900005  0.10899879  0.47140233] quat=[ 3.8268307e-01  6.5691307e-07 -7.8599051e-06  9.2387974e-01] speed=0.0010 ang_speed=0.0018 ang_vel_vec=[-8.6632535e-05 -1.3800754e-03  1.1325058e-03] |com_force|=0.0000N
### kotek_magnet[tick=13036]: welded sensor 2 at d=0.0143m misalign_deg=14.7 pos=[ 0.37034145 -0.05029399  0.36496773] wall_pos=[0.425 0.    0.5  ] local_pos1=[-0.05465855 -0.05029399 -0.13503227] quat=[ 0.00952089 -0.61093414 -0.01228863  0.7915289 ]
### kotek_magnet[tick=13080] sensor1: d=0.3189m in_range=False f_mag=0.000N tau_mag=0.0000Nm misalign_deg=88.2 pos=[ 0.3245809  -0.13075651  0.02064626] bottom_world=[ 0.32519697 -0.13030069  0.04063157] quat=[-0.00862886  0.44985747  0.8928948  -0.01710982] speed=0.0092 ang_speed=0.1374 ang_vel_vec=[ 0.08068388 -0.10440433  0.03820976] |com_force|=0.0000N
### kotek_magnet[tick=13080] sensor3: d=0.5470m in_range=False f_mag=0.000N tau_mag=0.0000Nm misalign_deg=90.0 pos=[-0.10910814 -0.10914579  0.49140108] bottom_world=[-0.10910789 -0.10914589  0.47140108] quat=[-3.8058382e-01 -4.6581335e-06  4.5822139e-06  9.2474639e-01] speed=0.0009 ang_speed=0.0018 ang_vel_vec=[ 0.00136883  0.00091875 -0.00073116] |com_force|=0.0000N
### kotek_magnet[tick=13080] sensor4: d=0.5249m in_range=False f_mag=0.000N tau_mag=0.0000Nm misalign_deg=90.0 pos=[-0.10900034  0.10899875  0.4914023 ] bottom_world=[-0.10900019  0.10899903  0.4714023 ] quat=[ 3.826827e-01 -6.630484e-07 -8.070745e-06  9.238798e-01] speed=0.0006 ang_speed=0.0042 ang_vel_vec=[-0.00136266  0.00398412  0.00052965] |com_force|=0.0000N
### kotek_magnet[tick=13140] sensor1: d=0.3189m in_range=False f_mag=0.000N tau_mag=0.0000Nm misalign_deg=88.3 pos=[ 0.32457086 -0.13076338  0.02064874] bottom_world=[ 0.32518082 -0.13031161  0.04063433] quat=[-0.00853838  0.44984078  0.892907   -0.0169504 ] speed=0.0010 ang_speed=0.0136 ang_vel_vec=[ 0.00755798 -0.01122747  0.0013375 ] |com_force|=0.0000N
### kotek_magnet[tick=13140] sensor3: d=0.5470m in_range=False f_mag=0.000N tau_mag=0.0000Nm misalign_deg=90.0 pos=[-0.10910748 -0.10914612  0.49140102] bottom_world=[-0.10910743 -0.10914599  0.47140102] quat=[-3.8058382e-01 -2.2974434e-06 -2.6406324e-06  9.2474639e-01] speed=0.0004 ang_speed=0.0022 ang_vel_vec=[-0.00045596  0.00197449 -0.00075177] |com_force|=0.0000N
### kotek_magnet[tick=13140] sensor4: d=0.5249m in_range=False f_mag=0.000N tau_mag=0.0000Nm misalign_deg=90.0 pos=[-0.10900018  0.10899847  0.49140236] bottom_world=[-0.10900008  0.10899878  0.47140236] quat=[ 3.8268295e-01  5.7110333e-07 -8.1558437e-06  9.2387968e-01] speed=0.0010 ang_speed=0.0017 ang_vel_vec=[-0.00040197 -0.00097034  0.00131564] |com_force|=0.0000N
### kotek_magnet[tick=13200] sensor1: d=0.3189m in_range=False f_mag=0.000N tau_mag=0.0000Nm misalign_deg=88.2 pos=[ 0.32458082 -0.13075651  0.0206463 ] bottom_world=[ 0.32519689 -0.13030068  0.04063161] quat=[-0.00862888  0.44985744  0.89289474 -0.01711023] speed=0.0091 ang_speed=0.1373 ang_vel_vec=[ 0.08050558 -0.1042711   0.03855239] |com_force|=0.0000N
### kotek_magnet[tick=13200] sensor3: d=0.5470m in_range=False f_mag=0.000N tau_mag=0.0000Nm misalign_deg=90.0 pos=[-0.10910805 -0.10914572  0.49140105] bottom_world=[-0.1091078  -0.10914585  0.47140105] quat=[-3.8058373e-01 -4.4677595e-06  5.3406447e-06  9.2474651e-01] speed=0.0009 ang_speed=0.0037 ang_vel_vec=[ 0.00265415  0.00249871 -0.0005837 ] |com_force|=0.0000N
### kotek_magnet[tick=13200] sensor4: d=0.5249m in_range=False f_mag=0.000N tau_mag=0.0000Nm misalign_deg=90.0 pos=[-0.10900007  0.10899929  0.4914022 ] bottom_world=[-0.10900014  0.10899938  0.47140221] quat=[ 3.8268274e-01  2.4488131e-06 -1.4417318e-06  9.2387980e-01] speed=0.0002 ang_speed=0.0049 ang_vel_vec=[ 0.00258622 -0.00414638  0.00021457] |com_force|=0.0000N
### kotek_magnet[tick=13260] sensor1: d=0.3189m in_range=False f_mag=0.000N tau_mag=0.0000Nm misalign_deg=88.2 pos=[ 0.3245809  -0.1307565   0.02064629] bottom_world=[ 0.32519698 -0.13030067  0.0406316 ] quat=[-0.00862895  0.44985756  0.8928947  -0.01711001] speed=0.0092 ang_speed=0.1391 ang_vel_vec=[ 0.08176669 -0.10569364  0.03878035] |com_force|=0.0000N
### kotek_magnet[tick=13260] sensor3: d=0.5470m in_range=False f_mag=0.000N tau_mag=0.0000Nm misalign_deg=90.0 pos=[-0.10910746 -0.1091461   0.49140108] bottom_world=[-0.10910741 -0.10914598  0.47140108] quat=[-3.8058382e-01 -2.1428853e-06 -2.3043881e-06  9.2474651e-01] speed=0.0004 ang_speed=0.0021 ang_vel_vec=[ 0.00025809  0.0020109  -0.00070311] |com_force|=0.0000N
### kotek_magnet[tick=13260] sensor4: d=0.5249m in_range=False f_mag=0.000N tau_mag=0.0000Nm misalign_deg=90.0 pos=[-0.10900004  0.10900019  0.49140236] bottom_world=[-0.10900027  0.10900004  0.47140236] quat=[3.8268214e-01 3.8316648e-06 5.7579268e-06 9.2388010e-01] speed=0.0010 ang_speed=0.0026 ang_vel_vec=[ 0.00184692 -0.00165375 -0.00081253] |com_force|=0.0000N
### kotek_magnet[tick=13320] sensor1: d=0.3189m in_range=False f_mag=0.000N tau_mag=0.0000Nm misalign_deg=88.3 pos=[ 0.32457083 -0.13076347  0.02064874] bottom_world=[ 0.32518078 -0.13031172  0.04063433] quat=[-0.00853823  0.449841    0.892907   -0.01694996] speed=0.0010 ang_speed=0.0142 ang_vel_vec=[ 0.00803215 -0.01155234  0.00185136] |com_force|=0.0000N
### kotek_magnet[tick=13320] sensor3: d=0.5470m in_range=False f_mag=0.000N tau_mag=0.0000Nm misalign_deg=90.0 pos=[-0.10910811 -0.10914578  0.491401  ] bottom_world=[-0.10910786 -0.10914589  0.47140099] quat=[-3.8058400e-01 -4.7529456e-06  4.9691571e-06  9.2474645e-01] speed=0.0009 ang_speed=0.0025 ang_vel_vec=[ 0.00196486  0.0013534  -0.00063335] |com_force|=0.0000N
### kotek_magnet[tick=13320] sensor4: d=0.5249m in_range=False f_mag=0.000N tau_mag=0.0000Nm misalign_deg=90.0 pos=[-0.10900003  0.10900019  0.49140224] bottom_world=[-0.10900026  0.10900004  0.47140224] quat=[3.8268214e-01 3.9013566e-06 5.6269214e-06 9.2388010e-01] speed=0.0010 ang_speed=0.0023 ang_vel_vec=[ 0.00168294 -0.00145836 -0.00063505] |com_force|=0.0000N
### kotek_magnet[tick=13380] sensor1: d=0.3189m in_range=False f_mag=0.000N tau_mag=0.0000Nm misalign_deg=88.2 pos=[ 0.32458085 -0.13075653  0.02064631] bottom_world=[ 0.32519693 -0.13030069  0.04063162] quat=[-0.00862901  0.44985744  0.89289474 -0.01711048] speed=0.0091 ang_speed=0.1375 ang_vel_vec=[ 0.08064193 -0.1044799   0.03842801] |com_force|=0.0000N
### kotek_magnet[tick=13380] sensor3: d=0.5470m in_range=False f_mag=0.000N tau_mag=0.0000Nm misalign_deg=90.0 pos=[-0.10910667 -0.10914614  0.4914011 ] bottom_world=[-0.10910685 -0.10914587  0.47140111] quat=[-3.8058326e-01  1.6256269e-06 -7.8839666e-06  9.2474669e-01] speed=0.0007 ang_speed=0.0034 ang_vel_vec=[-0.00321817 -0.0009676   0.00061212] |com_force|=0.0000N
### kotek_magnet[tick=13380] sensor4: d=0.5249m in_range=False f_mag=0.000N tau_mag=0.0000Nm misalign_deg=90.0 pos=[-0.10900003  0.10900016  0.49140227] bottom_world=[-0.10900026  0.10900002  0.47140227] quat=[3.8268200e-01 3.9664674e-06 5.5370533e-06 9.2388010e-01] speed=0.0010 ang_speed=0.0026 ang_vel_vec=[ 0.00177275 -0.00176931 -0.00075951] |com_force|=0.0000N
### kotek_magnet[tick=13440] sensor1: d=0.3189m in_range=False f_mag=0.000N tau_mag=0.0000Nm misalign_deg=88.2 pos=[ 0.3245808 -0.1307565  0.0206463] bottom_world=[ 0.32519687 -0.13030066  0.04063161] quat=[-0.00862905  0.44985735  0.89289474 -0.01711037] speed=0.0092 ang_speed=0.1382 ang_vel_vec=[ 0.08137861 -0.10492513  0.038425  ] |com_force|=0.0000N
### kotek_magnet[tick=13440] sensor3: d=0.5470m in_range=False f_mag=0.000N tau_mag=0.0000Nm misalign_deg=90.0 pos=[-0.10910638 -0.10914588  0.491401  ] bottom_world=[-0.10910657 -0.10914568  0.47140099] quat=[-3.8058299e-01  2.5876361e-06 -6.5969125e-06  9.2474681e-01] speed=0.0010 ang_speed=0.0027 ang_vel_vec=[0.00218915 0.00024729 0.00155951] |com_force|=0.0000N
### kotek_magnet[tick=13440] sensor4: d=0.5249m in_range=False f_mag=0.000N tau_mag=0.0000Nm misalign_deg=90.0 pos=[-0.10900028  0.10899957  0.4914024 ] bottom_world=[-0.10900026  0.10899963  0.47140239] quat=[ 3.8268226e-01  1.9353719e-07 -1.6345575e-06  9.2388010e-01] speed=0.0004 ang_speed=0.0026 ang_vel_vec=[ 0.00193906  0.0015932  -0.00073638] |com_force|=0.0000N
### kotek_magnet[tick=13500] sensor1: d=0.3189m in_range=False f_mag=0.000N tau_mag=0.0000Nm misalign_deg=88.2 pos=[ 0.32458085 -0.13075648  0.02064627] bottom_world=[ 0.32519693 -0.13030065  0.04063157] quat=[-0.008629    0.44985747  0.8928947  -0.01711031] speed=0.0091 ang_speed=0.1370 ang_vel_vec=[ 0.08045167 -0.10405893  0.03841871] |com_force|=0.0000N
### kotek_magnet[tick=13500] sensor3: d=0.5470m in_range=False f_mag=0.000N tau_mag=0.0000Nm misalign_deg=90.0 pos=[-0.10910665 -0.10914612  0.4914011 ] bottom_world=[-0.10910683 -0.10914586  0.47140111] quat=[-3.8058335e-01  1.6365324e-06 -7.7653167e-06  9.2474669e-01] speed=0.0007 ang_speed=0.0034 ang_vel_vec=[-0.00315394 -0.00104357  0.00075525] |com_force|=0.0000N
### kotek_magnet[tick=13500] sensor4: d=0.5249m in_range=False f_mag=0.000N tau_mag=0.0000Nm misalign_deg=90.0 pos=[-0.109       0.10900021  0.49140233] bottom_world=[-0.10900024  0.10900006  0.47140233] quat=[3.8268211e-01 3.9871925e-06 5.8597325e-06 9.2388016e-01] speed=0.0010 ang_speed=0.0027 ang_vel_vec=[ 0.00191713 -0.00181223 -0.00061052] |com_force|=0.0000N
### kotek_magnet[tick=13560] sensor1: d=0.3189m in_range=False f_mag=0.000N tau_mag=0.0000Nm misalign_deg=88.2 pos=[ 0.32458085 -0.13075651  0.02064632] bottom_world=[ 0.32519694 -0.13030067  0.04063164] quat=[-0.00862916  0.44985756  0.89289474 -0.01711059] speed=0.0091 ang_speed=0.1371 ang_vel_vec=[ 0.08034779 -0.10419897  0.03860614] |com_force|=0.0000N
### kotek_magnet[tick=13560] sensor3: d=0.5470m in_range=False f_mag=0.000N tau_mag=0.0000Nm misalign_deg=90.0 pos=[-0.10910664 -0.10914614  0.49140102] bottom_world=[-0.10910682 -0.10914588  0.47140102] quat=[-3.8058320e-01  1.5143114e-06 -7.6045944e-06  9.2474675e-01] speed=0.0007 ang_speed=0.0033 ang_vel_vec=[-0.00305925 -0.00095154  0.00081979] |com_force|=0.0000N
### kotek_magnet[tick=13560] sensor4: d=0.5249m in_range=False f_mag=0.000N tau_mag=0.0000Nm misalign_deg=90.0 pos=[-0.10900033  0.10899948  0.4914022 ] bottom_world=[-0.10900032  0.10899954  0.47140221] quat=[ 3.8268235e-01  4.4741560e-07 -1.3091803e-06  9.2387998e-01] speed=0.0004 ang_speed=0.0024 ang_vel_vec=[ 0.00233042  0.00049091 -0.00052471] |com_force|=0.0000N
### kotek_magnet[tick=13620] sensor1: d=0.3189m in_range=False f_mag=0.000N tau_mag=0.0000Nm misalign_deg=88.2 pos=[ 0.32458085 -0.13075651  0.02064629] bottom_world=[ 0.32519694 -0.13030067  0.04063161] quat=[-0.00862927  0.44985744  0.8928948  -0.01711072] speed=0.0091 ang_speed=0.1342 ang_vel_vec=[ 0.07851903 -0.10163216  0.03876824] |com_force|=0.0000N
### kotek_magnet[tick=13620] sensor3: d=0.5470m in_range=False f_mag=0.000N tau_mag=0.0000Nm misalign_deg=90.0 pos=[-0.10910667 -0.10914619  0.49140105] bottom_world=[-0.10910685 -0.10914593  0.47140105] quat=[-3.8058332e-01  1.4655369e-06 -7.7631394e-06  9.2474669e-01] speed=0.0007 ang_speed=0.0025 ang_vel_vec=[-0.00240064 -0.00046942  0.00047267] |com_force|=0.0000N
### kotek_magnet[tick=13620] sensor4: d=0.5249m in_range=False f_mag=0.000N tau_mag=0.0000Nm misalign_deg=90.0 pos=[-0.10900003  0.10900012  0.49140233] bottom_world=[-0.10900027  0.10899998  0.47140233] quat=[3.8268209e-01 4.1135700e-06 5.6986942e-06 9.2388010e-01] speed=0.0009 ang_speed=0.0036 ang_vel_vec=[ 0.00253932 -0.00237577 -0.00090906] |com_force|=0.0000N
### kotek_magnet[tick=13680] sensor1: d=0.3189m in_range=False f_mag=0.000N tau_mag=0.0000Nm misalign_deg=88.2 pos=[ 0.32458085 -0.13075647  0.02064627] bottom_world=[ 0.32519692 -0.13030063  0.04063158] quat=[-0.00862889  0.44985756  0.8928947  -0.0171102 ] speed=0.0092 ang_speed=0.1375 ang_vel_vec=[ 0.08058927 -0.10436694  0.03889559] |com_force|=0.0000N
### kotek_magnet[tick=13680] sensor3: d=0.5470m in_range=False f_mag=0.000N tau_mag=0.0000Nm misalign_deg=90.0 pos=[-0.10910644 -0.10914592  0.49140105] bottom_world=[-0.10910662 -0.10914573  0.47140105] quat=[-3.8058284e-01  2.2937872e-06 -5.9691110e-06  9.2474681e-01] speed=0.0010 ang_speed=0.0035 ang_vel_vec=[0.00294677 0.00091706 0.00156371] |com_force|=0.0000N
### kotek_magnet[tick=13680] sensor4: d=0.5249m in_range=False f_mag=0.000N tau_mag=0.0000Nm misalign_deg=90.0 pos=[-0.10900004  0.10899926  0.4914023 ] bottom_world=[-0.10900014  0.1089993   0.4714023 ] quat=[ 3.8268265e-01  2.5656066e-06 -7.0610895e-08  9.2387992e-01] speed=0.0002 ang_speed=0.0040 ang_vel_vec=[ 0.00297233 -0.00263103  0.00042331] |com_force|=0.0000N
### still playing, 1159s left
### kotek_magnet[tick=13740] sensor1: d=0.3189m in_range=False f_mag=0.000N tau_mag=0.0000Nm misalign_deg=88.2 pos=[ 0.32458085 -0.13075647  0.02064631] bottom_world=[ 0.32519694 -0.13030062  0.04063163] quat=[-0.00862908  0.44985753  0.89289486 -0.01711063] speed=0.0091 ang_speed=0.1376 ang_vel_vec=[ 0.08069738 -0.10470403  0.03827742] |com_force|=0.0000N
### kotek_magnet[tick=13740] sensor3: d=0.5470m in_range=False f_mag=0.000N tau_mag=0.0000Nm misalign_deg=90.0 pos=[-0.10910643 -0.10914595  0.4914011 ] bottom_world=[-0.10910661 -0.10914576  0.47140111] quat=[-3.8058287e-01  2.3456935e-06 -6.1124465e-06  9.2474681e-01] speed=0.0010 ang_speed=0.0032 ang_vel_vec=[0.00269713 0.00065289 0.00151944] |com_force|=0.0000N
### kotek_magnet[tick=13740] sensor4: d=0.5249m in_range=False f_mag=0.000N tau_mag=0.0000Nm misalign_deg=90.0 pos=[-0.10900032  0.10899945  0.49140227] bottom_world=[-0.1090003   0.10899952  0.47140227] quat=[ 3.8268235e-01  2.7124008e-07 -1.6088038e-06  9.2387998e-01] speed=0.0004 ang_speed=0.0027 ang_vel_vec=[ 0.00233577  0.00111934 -0.0007941 ] |com_force|=0.0000N
### kotek_magnet[tick=13800] sensor1: d=0.3189m in_range=False f_mag=0.000N tau_mag=0.0000Nm misalign_deg=88.2 pos=[ 0.32458088 -0.1307565   0.02064631] bottom_world=[ 0.32519697 -0.13030065  0.04063162] quat=[-0.00862921  0.44985765  0.89289474 -0.01711074] speed=0.0091 ang_speed=0.1369 ang_vel_vec=[ 0.08028869 -0.10391596  0.03861181] |com_force|=0.0000N
### kotek_magnet[tick=13800] sensor3: d=0.5470m in_range=False f_mag=0.000N tau_mag=0.0000Nm misalign_deg=90.0 pos=[-0.10910816 -0.10914586  0.49140114] bottom_world=[-0.1091079  -0.10914596  0.47140114] quat=[-3.8058397e-01 -4.8776906e-06  4.8068650e-06  9.2474639e-01] speed=0.0009 ang_speed=0.0018 ang_vel_vec=[ 0.00130507  0.00089528 -0.00085308] |com_force|=0.0000N
### kotek_magnet[tick=13800] sensor4: d=0.5249m in_range=False f_mag=0.000N tau_mag=0.0000Nm misalign_deg=90.0 pos=[-0.10900004  0.10900011  0.49140236] bottom_world=[-0.10900028  0.10899996  0.47140236] quat=[3.8268206e-01 4.0473587e-06 5.7081870e-06 9.2388010e-01] speed=0.0009 ang_speed=0.0034 ang_vel_vec=[ 0.00236645 -0.00232342 -0.00088306] |com_force|=0.0000N
### kotek_magnet[tick=13860] sensor1: d=0.3189m in_range=False f_mag=0.000N tau_mag=0.0000Nm misalign_deg=88.3 pos=[ 0.3245709  -0.13076346  0.02064873] bottom_world=[ 0.32518086 -0.13031169  0.04063432] quat=[-0.0085385   0.44984102  0.89290696 -0.01695034] speed=0.0009 ang_speed=0.0130 ang_vel_vec=[ 0.00716105 -0.01066176  0.0016893 ] |com_force|=0.0000N
### kotek_magnet[tick=13860] sensor3: d=0.5470m in_range=False f_mag=0.000N tau_mag=0.0000Nm misalign_deg=90.0 pos=[-0.10910664 -0.10914617  0.49140096] bottom_world=[-0.10910682 -0.1091459   0.47140096] quat=[-3.8058341e-01  1.4025323e-06 -7.9660467e-06  9.2474663e-01] speed=0.0007 ang_speed=0.0026 ang_vel_vec=[-0.00254899 -0.00038471  0.00051751] |com_force|=0.0000N
### kotek_magnet[tick=13860] sensor4: d=0.5249m in_range=False f_mag=0.000N tau_mag=0.0000Nm misalign_deg=90.0 pos=[-0.10900009  0.10899953  0.49140227] bottom_world=[-0.1090002   0.10899956  0.47140227] quat=[3.8268250e-01 2.6962773e-06 3.1182208e-07 9.2387998e-01] speed=0.0003 ang_speed=0.0037 ang_vel_vec=[ 0.0030531  -0.00204016 -0.00030449] |com_force|=0.0000N
### kotek_magnet[tick=13920] sensor1: d=0.3189m in_range=False f_mag=0.000N tau_mag=0.0000Nm misalign_deg=88.2 pos=[ 0.32458085 -0.13075645  0.0206463 ] bottom_world=[ 0.32519694 -0.1303006   0.04063161] quat=[-0.00862906  0.4498573   0.8928948  -0.01711075] speed=0.0092 ang_speed=0.1377 ang_vel_vec=[ 0.08081029 -0.10476844  0.03804746] |com_force|=0.0000N
### kotek_magnet[tick=13920] sensor3: d=0.5470m in_range=False f_mag=0.000N tau_mag=0.0000Nm misalign_deg=90.0 pos=[-0.10910644 -0.10914599  0.49140108] bottom_world=[-0.10910661 -0.1091458   0.47140108] quat=[-3.8058284e-01  2.2333663e-06 -6.0816019e-06  9.2474687e-01] speed=0.0010 ang_speed=0.0029 ang_vel_vec=[0.00228653 0.00070375 0.00156005] |com_force|=0.0000N
### kotek_magnet[tick=13920] sensor4: d=0.5249m in_range=False f_mag=0.000N tau_mag=0.0000Nm misalign_deg=90.0 pos=[-0.10900012  0.1089992   0.4914023 ] bottom_world=[-0.10900018  0.1089993   0.4714023 ] quat=[ 3.8268265e-01  2.3875550e-06 -1.6925026e-06  9.2387992e-01] speed=0.0003 ang_speed=0.0051 ang_vel_vec=[ 0.00224624 -0.00452113  0.00031328] |com_force|=0.0000N
### kotek_magnet[tick=13980] sensor1: d=0.3189m in_range=False f_mag=0.000N tau_mag=0.0000Nm misalign_deg=88.2 pos=[ 0.3245808  -0.13075653  0.02064629] bottom_world=[ 0.32519687 -0.13030069  0.04063161] quat=[-0.00862903  0.44985744  0.8928948  -0.01711036] speed=0.0091 ang_speed=0.1369 ang_vel_vec=[ 0.08047485 -0.1039983   0.03814256] |com_force|=0.0000N
### kotek_magnet[tick=13980] sensor3: d=0.5470m in_range=False f_mag=0.000N tau_mag=0.0000Nm misalign_deg=90.0 pos=[-0.10910644 -0.10914592  0.49140108] bottom_world=[-0.10910661 -0.10914574  0.47140108] quat=[-3.8058290e-01  2.2109186e-06 -6.0106668e-06  9.2474681e-01] speed=0.0010 ang_speed=0.0028 ang_vel_vec=[0.00223527 0.00055662 0.00160061] |com_force|=0.0000N
### kotek_magnet[tick=13980] sensor4: d=0.5249m in_range=False f_mag=0.000N tau_mag=0.0000Nm misalign_deg=90.0 pos=[-0.1090002   0.10899841  0.4914023 ] bottom_world=[-0.10900007  0.10899875  0.4714023 ] quat=[ 3.8268313e-01  3.5882942e-07 -8.9468840e-06  9.2387968e-01] speed=0.0011 ang_speed=0.0019 ang_vel_vec=[-0.00064658 -0.0011857   0.00138383] |com_force|=0.0000N
### kotek_magnet[tick=14040] sensor1: d=0.3189m in_range=False f_mag=0.000N tau_mag=0.0000Nm misalign_deg=88.2 pos=[ 0.3245808  -0.1307565   0.02064632] bottom_world=[ 0.32519687 -0.13030066  0.04063163] quat=[-0.00862899  0.44985735  0.8928948  -0.01711045] speed=0.0091 ang_speed=0.1371 ang_vel_vec=[ 0.0804191  -0.10428113  0.03824297] |com_force|=0.0000N
### kotek_magnet[tick=14040] sensor3: d=0.5470m in_range=False f_mag=0.000N tau_mag=0.0000Nm misalign_deg=90.0 pos=[-0.10910648 -0.10914596  0.49140108] bottom_world=[-0.10910665 -0.10914577  0.47140108] quat=[-3.8058278e-01  2.2266934e-06 -5.9721542e-06  9.2474681e-01] speed=0.0010 ang_speed=0.0029 ang_vel_vec=[0.00241411 0.00065362 0.00146523] |com_force|=0.0000N
### kotek_magnet[tick=14040] sensor4: d=0.5249m in_range=False f_mag=0.000N tau_mag=0.0000Nm misalign_deg=90.0 pos=[-0.10900036  0.10899944  0.49140233] bottom_world=[-0.10900034  0.10899951  0.47140233] quat=[ 3.8268229e-01  3.1372622e-07 -1.6917770e-06  9.2388004e-01] speed=0.0004 ang_speed=0.0029 ang_vel_vec=[ 0.00273144  0.00041976 -0.00084382] |com_force|=0.0000N
### kotek_magnet[tick=14100] sensor1: d=0.3189m in_range=False f_mag=0.000N tau_mag=0.0000Nm misalign_deg=88.2 pos=[ 0.32458082 -0.13075653  0.02064628] bottom_world=[ 0.32519689 -0.1303007   0.04063159] quat=[-0.00862891  0.44985747  0.8928947  -0.01711008] speed=0.0092 ang_speed=0.1386 ang_vel_vec=[ 0.08155025 -0.10535654  0.03837606] |com_force|=0.0000N
### kotek_magnet[tick=14100] sensor3: d=0.5470m in_range=False f_mag=0.000N tau_mag=0.0000Nm misalign_deg=90.0 pos=[-0.10910673 -0.10914617  0.49140108] bottom_world=[-0.1091069  -0.10914591  0.47140108] quat=[-3.8058335e-01  1.2962712e-06 -7.6471770e-06  9.2474663e-01] speed=0.0006 ang_speed=0.0027 ang_vel_vec=[-0.00262657 -0.00048669  0.00049473] |com_force|=0.0000N
### kotek_magnet[tick=14100] sensor4: d=0.5249m in_range=False f_mag=0.000N tau_mag=0.0000Nm misalign_deg=90.0 pos=[-0.10900038  0.10899867  0.49140236] bottom_world=[-0.10900024  0.10899896  0.47140236] quat=[ 3.8268253e-01 -4.9643506e-07 -8.1420385e-06  9.2387986e-01] speed=0.0007 ang_speed=0.0045 ang_vel_vec=[-0.00170505  0.00417689  0.00039511] |com_force|=0.0000N
### kotek_magnet[tick=14160] sensor1: d=0.3189m in_range=False f_mag=0.000N tau_mag=0.0000Nm misalign_deg=88.2 pos=[ 0.32458094 -0.1307566   0.02064633] bottom_world=[ 0.32519704 -0.13030078  0.04063164] quat=[-0.00862972  0.4498575   0.8928948  -0.01711039] speed=0.0092 ang_speed=0.1395 ang_vel_vec=[ 0.08206745 -0.10587876  0.03889479] |com_force|=0.0000N
### kotek_magnet[tick=14160] sensor3: d=0.5470m in_range=False f_mag=0.000N tau_mag=0.0000Nm misalign_deg=90.0 pos=[-0.10910754 -0.10914612  0.49140105] bottom_world=[-0.10910748 -0.109146    0.47140105] quat=[-3.8058388e-01 -2.4216279e-06 -2.2319948e-06  9.2474651e-01] speed=0.0005 ang_speed=0.0019 ang_vel_vec=[ 0.00011217  0.00179385 -0.00075624] |com_force|=0.0000N
### kotek_magnet[tick=14160] sensor4: d=0.5249m in_range=False f_mag=0.000N tau_mag=0.0000Nm misalign_deg=90.0 pos=[-0.10900021  0.10899839  0.49140242] bottom_world=[-0.10900008  0.10899872  0.47140242] quat=[ 3.8268310e-01  2.6796596e-07 -8.8788747e-06  9.2387968e-01] speed=0.0011 ang_speed=0.0018 ang_vel_vec=[-0.00053918 -0.00116933  0.0012592 ] |com_force|=0.0000N
### kotek_magnet[tick=14220] sensor1: d=0.3189m in_range=False f_mag=0.000N tau_mag=0.0000Nm misalign_deg=88.2 pos=[ 0.32458082 -0.13075656  0.02064627] bottom_world=[ 0.32519689 -0.13030074  0.04063159] quat=[-0.00862917  0.4498576   0.8928948  -0.01710974] speed=0.0091 ang_speed=0.1371 ang_vel_vec=[ 0.08071947 -0.10380005  0.03871892] |com_force|=0.0000N
### kotek_magnet[tick=14220] sensor3: d=0.5470m in_range=False f_mag=0.000N tau_mag=0.0000Nm misalign_deg=90.0 pos=[-0.10910822 -0.10914586  0.491401  ] bottom_world=[-0.10910797 -0.10914595  0.47140099] quat=[-3.8058403e-01 -4.8294473e-06  4.6048472e-06  9.2474633e-01] speed=0.0010 ang_speed=0.0014 ang_vel_vec=[ 0.0009838   0.0006273  -0.00079965] |com_force|=0.0000N
### kotek_magnet[tick=14220] sensor4: d=0.5249m in_range=False f_mag=0.000N tau_mag=0.0000Nm misalign_deg=90.0 pos=[-0.10900024  0.10899841  0.49140233] bottom_world=[-0.10900013  0.10899873  0.47140233] quat=[ 3.826830e-01  5.318833e-07 -8.378237e-06  9.238798e-01] speed=0.0010 ang_speed=0.0019 ang_vel_vec=[-0.00033269 -0.00129663  0.00134439] |com_force|=0.0000N
### kotek_magnet[tick=14280] sensor1: d=0.3189m in_range=False f_mag=0.000N tau_mag=0.0000Nm misalign_deg=88.2 pos=[ 0.3245809  -0.13075654  0.02064633] bottom_world=[ 0.32519701 -0.13030071  0.04063165] quat=[-0.00862966  0.44985783  0.8928947  -0.01711041] speed=0.0091 ang_speed=0.1370 ang_vel_vec=[ 0.08048804 -0.10375312  0.03916198] |com_force|=0.0000N
### kotek_magnet[tick=14280] sensor3: d=0.5470m in_range=False f_mag=0.000N tau_mag=0.0000Nm misalign_deg=90.0 pos=[-0.10910821 -0.10914583  0.49140105] bottom_world=[-0.10910795 -0.10914594  0.47140105] quat=[-3.8058412e-01 -4.9735313e-06  5.1821794e-06  9.2474633e-01] speed=0.0010 ang_speed=0.0018 ang_vel_vec=[ 0.00127664  0.0008567  -0.00086724] |com_force|=0.0000N
### kotek_magnet[tick=14280] sensor4: d=0.5249m in_range=False f_mag=0.000N tau_mag=0.0000Nm misalign_deg=90.0 pos=[-0.10900037  0.1089987   0.4914024 ] bottom_world=[-0.10900024  0.10899898  0.47140239] quat=[ 3.8268271e-01 -3.6103964e-07 -7.8211478e-06  9.2387986e-01] speed=0.0007 ang_speed=0.0041 ang_vel_vec=[-0.00148954  0.00376207  0.00034993] |com_force|=0.0000N
### kotek_magnet[tick=14340] sensor1: d=0.3189m in_range=False f_mag=0.000N tau_mag=0.0000Nm misalign_deg=88.2 pos=[ 0.3245808  -0.13075651  0.02064634] bottom_world=[ 0.32519687 -0.13030067  0.04063165] quat=[-0.00862897  0.44985744  0.8928948  -0.01711049] speed=0.0092 ang_speed=0.1387 ang_vel_vec=[ 0.08160362 -0.10534348  0.03843953] |com_force|=0.0000N
### kotek_magnet[tick=14340] sensor3: d=0.5470m in_range=False f_mag=0.000N tau_mag=0.0000Nm misalign_deg=90.0 pos=[-0.10910756 -0.10914616  0.49140108] bottom_world=[-0.10910751 -0.10914603  0.47140108] quat=[-3.8058379e-01 -2.4453154e-06 -2.3097705e-06  9.2474651e-01] speed=0.0005 ang_speed=0.0019 ang_vel_vec=[-0.00035603  0.00172456 -0.0006934 ] |com_force|=0.0000N
### kotek_magnet[tick=14340] sensor4: d=0.5249m in_range=False f_mag=0.000N tau_mag=0.0000Nm misalign_deg=90.0 pos=[-0.10900036  0.10899866  0.49140236] bottom_world=[-0.10900021  0.10899895  0.47140236] quat=[ 3.8268265e-01 -6.2803542e-07 -8.2821298e-06  9.2387986e-01] speed=0.0007 ang_speed=0.0044 ang_vel_vec=[-0.0015587   0.00412865  0.00048342] |com_force|=0.0000N
### kotek_magnet[tick=14400] sensor1: d=0.3189m in_range=False f_mag=0.000N tau_mag=0.0000Nm misalign_deg=88.3 pos=[ 0.32457092 -0.13076344  0.02064879] bottom_world=[ 0.32518088 -0.13031167  0.04063439] quat=[-0.00853834  0.44984096  0.89290714 -0.01695044] speed=0.0009 ang_speed=0.0122 ang_vel_vec=[ 0.00662713 -0.01014776  0.00168908] |com_force|=0.0000N
### kotek_magnet[tick=14400] sensor3: d=0.5471m in_range=False f_mag=0.000N tau_mag=0.0000Nm misalign_deg=90.0 pos=[-0.10912089 -0.10913388  0.4914052 ] bottom_world=[-0.10911877 -0.109139    0.47140519] quat=[-3.8056365e-01 -4.2445794e-07  1.3858404e-04  9.2475474e-01] speed=0.0158 ang_speed=0.0384 ang_vel_vec=[-0.02973003 -0.00670873 -0.02337687] |com_force|=0.0000N
### kotek_magnet[tick=14400] sensor4: d=0.5249m in_range=False f_mag=0.000N tau_mag=0.0000Nm misalign_deg=90.0 pos=[-0.1090004   0.10899844  0.49140236] bottom_world=[-0.10900021  0.10899876  0.47140236] quat=[ 3.8268301e-01 -1.3655227e-06 -9.1518241e-06  9.2387980e-01] speed=0.0008 ang_speed=0.0024 ang_vel_vec=[0.00122867 0.00195994 0.00064148] |com_force|=0.0000N
### kotek_magnet[tick=14460] sensor1: d=0.3189m in_range=False f_mag=0.000N tau_mag=0.0000Nm misalign_deg=88.2 pos=[ 0.32458088 -0.1307565   0.02064632] bottom_world=[ 0.32519695 -0.13030066  0.04063164] quat=[-0.00862883  0.44985753  0.89289486 -0.01711016] speed=0.0091 ang_speed=0.1368 ang_vel_vec=[ 0.08029252 -0.10385204  0.03854678] |com_force|=0.0000N
### kotek_magnet[tick=14460] sensor3: d=0.5500m in_range=False f_mag=0.000N tau_mag=0.0000Nm misalign_deg=75.5 pos=[-0.11496636 -0.10463639  0.49210057] bottom_world=[-0.10996973 -0.11362673  0.47494809] quat=[-0.36077702 -0.03288736  0.26477617  0.8936733 ] speed=0.2484 ang_speed=2.3033 ang_vel_vec=[-0.05709618 -1.9346474  -1.248596  ] |com_force|=0.0000N
### kotek_magnet[tick=14460] sensor4: d=0.5249m in_range=False f_mag=0.000N tau_mag=0.0000Nm misalign_deg=90.0 pos=[-0.10900018  0.10899919  0.4914025 ] bottom_world=[-0.10900025  0.10899929  0.47140251] quat=[ 3.8268250e-01  2.3810860e-06 -1.6840322e-06  9.2387986e-01] speed=0.0002 ang_speed=0.0024 ang_vel_vec=[ 0.00135734 -0.00192614  0.00014454] |com_force|=0.0000N
### kotek_magnet[tick=14520] sensor1: d=0.3189m in_range=False f_mag=0.000N tau_mag=0.0000Nm misalign_deg=88.2 pos=[ 0.32458088 -0.13075653  0.02064634] bottom_world=[ 0.32519698 -0.13030068  0.04063166] quat=[-0.00862928  0.4498574   0.89289486 -0.01711073] speed=0.0091 ang_speed=0.1375 ang_vel_vec=[ 0.08078744 -0.1044907   0.0381835 ] |com_force|=0.0000N
### kotek_magnet[tick=14520] sensor3: d=0.5506m in_range=False f_mag=0.000N tau_mag=0.0000Nm misalign_deg=85.5 pos=[-0.11183374 -0.11373816  0.49350882] bottom_world=[-0.11027465 -0.11581527  0.47367816] quat=[-0.31420183 -0.02068825  0.06168997  0.9471239 ] speed=0.0183 ang_speed=1.6450 ang_vel_vec=[-1.3165299  -0.60131377  0.7817803 ] |com_force|=0.0000N
### kotek_magnet[tick=14520] sensor4: d=0.5249m in_range=False f_mag=0.000N tau_mag=0.0000Nm misalign_deg=90.0 pos=[-0.10900035  0.10899874  0.49140245] bottom_world=[-0.1090002   0.10899904  0.47140245] quat=[ 3.8268268e-01 -5.4470985e-07 -8.3280247e-06  9.2387992e-01] speed=0.0007 ang_speed=0.0049 ang_vel_vec=[-0.00194522  0.00444186  0.00052079] |com_force|=0.0000N
### kotek_magnet[tick=14580] sensor1: d=0.3189m in_range=False f_mag=0.000N tau_mag=0.0000Nm misalign_deg=88.2 pos=[ 0.32458082 -0.13075647  0.02064628] bottom_world=[ 0.32519691 -0.13030063  0.0406316 ] quat=[-0.00862911  0.44985756  0.89289474 -0.0171105 ] speed=0.0092 ang_speed=0.1373 ang_vel_vec=[ 0.08050022 -0.10429595  0.03847383] |com_force|=0.0000N
### kotek_magnet[tick=14580] sensor3: d=0.5539m in_range=False f_mag=0.000N tau_mag=0.0000Nm misalign_deg=87.0 pos=[-0.11525975 -0.11340927  0.49299642] bottom_world=[-0.11421998 -0.11505224  0.47309116] quat=[-0.2663213  -0.01411796  0.04657369  0.96265495] speed=0.1633 ang_speed=7.1205 ang_vel_vec=[-2.8954918   0.10081032  6.5044312 ] |com_force|=0.0000N
### kotek_magnet[tick=14580] sensor4: d=0.5249m in_range=False f_mag=0.000N tau_mag=0.0000Nm misalign_deg=90.0 pos=[-0.1090003   0.10899873  0.4914024 ] bottom_world=[-0.10900016  0.10899902  0.47140239] quat=[ 3.8268268e-01 -4.4398172e-07 -7.9654883e-06  9.2387986e-01] speed=0.0006 ang_speed=0.0051 ang_vel_vec=[-0.00206939  0.00462843  0.00043825] |com_force|=0.0000N
### kotek_magnet[tick=14640] sensor1: d=0.3189m in_range=False f_mag=0.000N tau_mag=0.0000Nm misalign_deg=88.2 pos=[ 0.32458076 -0.13075653  0.02064632] bottom_world=[ 0.32519684 -0.13030069  0.04063163] quat=[-0.0086289   0.44985726  0.8928948  -0.01711036] speed=0.0092 ang_speed=0.1386 ang_vel_vec=[ 0.08148777 -0.10540975  0.03807045] |com_force|=0.0000N
### kotek_magnet[tick=14640] sensor3: d=0.5606m in_range=False f_mag=0.000N tau_mag=0.0000Nm misalign_deg=90.0 pos=[-0.12293527 -0.11141765  0.49145624] bottom_world=[-0.12292556 -0.11145599  0.47145628] quat=[-1.5862386e-01 -8.7630739e-05  9.8477607e-04  9.8733866e-01] speed=0.2233 ang_speed=2.5971 ang_vel_vec=[ 0.14065419 -0.3095796  -2.5747619 ] |com_force|=0.0000N
### kotek_magnet[tick=14640] sensor4: d=0.5249m in_range=False f_mag=0.000N tau_mag=0.0000Nm misalign_deg=90.0 pos=[-0.10900038  0.10899866  0.4914024 ] bottom_world=[-0.10900024  0.10899896  0.47140239] quat=[ 3.8268277e-01 -6.5573732e-07 -8.1758999e-06  9.2387986e-01] speed=0.0007 ang_speed=0.0042 ang_vel_vec=[-0.00140313  0.00389614  0.00028152] |com_force|=0.0000N
### kotek_magnet[tick=14700] sensor1: d=0.3189m in_range=False f_mag=0.000N tau_mag=0.0000Nm misalign_deg=88.2 pos=[ 0.32458073 -0.1307565   0.02064632] bottom_world=[ 0.32519681 -0.13030066  0.04063164] quat=[-0.0086289   0.44985726  0.89289486 -0.01711038] speed=0.0091 ang_speed=0.1369 ang_vel_vec=[ 0.08040059 -0.10427128  0.03760524] |com_force|=0.0000N
### kotek_magnet[tick=14700] sensor3: d=0.5660m in_range=False f_mag=0.000N tau_mag=0.0000Nm misalign_deg=89.7 pos=[-0.12715563 -0.10819031  0.50297046] bottom_world=[-0.12704232 -0.10781432  0.48297431] quat=[-0.07992701 -0.00357523 -0.00914345  0.99675244] speed=0.1298 ang_speed=9.8344 ang_vel_vec=[-2.4923098  0.6591232  9.490493 ] |com_force|=0.0000N
### kotek_magnet[tick=14700] sensor4: d=0.5249m in_range=False f_mag=0.000N tau_mag=0.0000Nm misalign_deg=90.0 pos=[-0.10900036  0.10899924  0.49140224] bottom_world=[-0.1090003   0.10899938  0.47140224] quat=[ 3.8268250e-01  1.9706879e-07 -3.8289259e-06  9.2387992e-01] speed=0.0002 ang_speed=0.0016 ang_vel_vec=[-0.00062632  0.00150744 -0.00021872] |com_force|=0.0000N
### kotek_magnet[tick=14760] sensor1: d=0.3189m in_range=False f_mag=0.000N tau_mag=0.0000Nm misalign_deg=88.2 pos=[ 0.32458082 -0.13075651  0.02064634] bottom_world=[ 0.3251969  -0.13030067  0.04063165] quat=[-0.00862901  0.44985726  0.89289486 -0.01711043] speed=0.0091 ang_speed=0.1382 ang_vel_vec=[ 0.08128315 -0.10519186  0.03768732] |com_force|=0.0000N
### kotek_magnet[tick=14760] sensor3: d=0.5716m in_range=False f_mag=0.000N tau_mag=0.0000Nm misalign_deg=89.6 pos=[-0.12715112 -0.10862716  0.52463263] bottom_world=[-0.12702153 -0.10828241  0.50463602] quat=[-0.07891346 -0.00390978 -0.00833642  0.9968389 ] speed=0.1306 ang_speed=9.8645 ang_vel_vec=[-2.3787787  0.5764472  9.556    ] |com_force|=0.0000N
### kotek_magnet[tick=14760] sensor4: d=0.5249m in_range=False f_mag=0.000N tau_mag=0.0000Nm misalign_deg=90.0 pos=[-0.10900036  0.10899864  0.49140242] bottom_world=[-0.10900021  0.10899895  0.47140242] quat=[ 3.8268271e-01 -6.1948793e-07 -8.4911071e-06  9.2387986e-01] speed=0.0007 ang_speed=0.0045 ang_vel_vec=[-0.00161816  0.00420611  0.00058253] |com_force|=0.0000N
### kotek_magnet[tick=14820] sensor1: d=0.3189m in_range=False f_mag=0.000N tau_mag=0.0000Nm misalign_deg=88.2 pos=[ 0.32458082 -0.13075653  0.02064631] bottom_world=[ 0.32519691 -0.13030068  0.04063162] quat=[-0.00862926  0.4498576   0.8928947  -0.01711065] speed=0.0092 ang_speed=0.1379 ang_vel_vec=[ 0.08096667 -0.10466802  0.03892381] |com_force|=0.0000N
### kotek_magnet[tick=14820] sensor3: d=0.5787m in_range=False f_mag=0.000N tau_mag=0.0000Nm misalign_deg=89.6 pos=[-0.1272003  -0.10907355  0.54859465] bottom_world=[-0.1270551  -0.10876809  0.52859751] quat=[-0.07762492 -0.00421203 -0.0073319   0.9969468 ] speed=0.1310 ang_speed=9.8574 ang_vel_vec=[-2.4935787  0.6957642  9.51136  ] |com_force|=0.0000N
### kotek_magnet[tick=14820] sensor4: d=0.5249m in_range=False f_mag=0.000N tau_mag=0.0000Nm misalign_deg=90.0 pos=[-0.10900038  0.10899919  0.4914022 ] bottom_world=[-0.10900033  0.10899934  0.47140221] quat=[ 3.8268247e-01  3.1335466e-07 -3.7329230e-06  9.2387998e-01] speed=0.0002 ang_speed=0.0019 ang_vel_vec=[-0.00084572  0.00154166 -0.00064164] |com_force|=0.0000N
### kotek_magnet[tick=14880] sensor1: d=0.3189m in_range=False f_mag=0.000N tau_mag=0.0000Nm misalign_deg=88.2 pos=[ 0.3245809  -0.13075651  0.02064629] bottom_world=[ 0.32519698 -0.13030068  0.0406316 ] quat=[-0.0086289   0.44985744  0.89289474 -0.0171102 ] speed=0.0092 ang_speed=0.1380 ang_vel_vec=[ 0.08096921 -0.10501284  0.03826232] |com_force|=0.0000N
### kotek_magnet[tick=14880] sensor3: d=0.5870m in_range=False f_mag=0.000N tau_mag=0.0000Nm misalign_deg=89.5 pos=[-0.12724082 -0.10954073  0.5732855 ] bottom_world=[-0.12707992 -0.10928342  0.55328782] quat=[-0.07634021 -0.004502   -0.00610718  0.997053  ] speed=0.1236 ang_speed=9.7699 ang_vel_vec=[-2.2706044   0.72012633  9.475059  ] |com_force|=0.0000N
### kotek_magnet[tick=14880] sensor4: d=0.5249m in_range=False f_mag=0.000N tau_mag=0.0000Nm misalign_deg=90.0 pos=[-0.10900036  0.10899867  0.49140245] bottom_world=[-0.10900022  0.10899897  0.47140245] quat=[ 3.8268277e-01 -5.3668026e-07 -8.1790959e-06  9.2387986e-01] speed=0.0007 ang_speed=0.0046 ang_vel_vec=[-0.00154698  0.00430363  0.00043955] |com_force|=0.0000N
### kotek_magnet[tick=14940] sensor1: d=0.3189m in_range=False f_mag=0.000N tau_mag=0.0000Nm misalign_deg=88.2 pos=[ 0.32458082 -0.13075648  0.02064632] bottom_world=[ 0.32519691 -0.13030064  0.04063164] quat=[-0.00862914  0.44985735  0.8928949  -0.01711053] speed=0.0092 ang_speed=0.1383 ang_vel_vec=[ 0.08128419 -0.10518157  0.03812714] |com_force|=0.0000N
### kotek_magnet[tick=14940] sensor3: d=0.5890m in_range=False f_mag=0.000N tau_mag=0.0000Nm misalign_deg=89.3 pos=[-0.12748821 -0.10918479  0.5791464 ] bottom_world=[-0.12725049 -0.10873793  0.55915279] quat=[-0.07449072 -0.00675923 -0.01069842  0.9971415 ] speed=0.1066 ang_speed=9.5390 ang_vel_vec=[-2.6799955  0.8973393  9.1107235] |com_force|=0.0000N
### kotek_magnet[tick=14940] sensor4: d=0.5249m in_range=False f_mag=0.000N tau_mag=0.0000Nm misalign_deg=90.0 pos=[-0.10900038  0.10899922  0.49140233] bottom_world=[-0.10900032  0.10899937  0.47140233] quat=[ 3.8268253e-01  3.3323516e-08 -3.9621991e-06  9.2387992e-01] speed=0.0002 ang_speed=0.0018 ang_vel_vec=[-0.00029001  0.00168498 -0.00043035] |com_force|=0.0000N
### kotek_magnet[tick=15000] sensor1: d=0.3189m in_range=False f_mag=0.000N tau_mag=0.0000Nm misalign_deg=88.2 pos=[ 0.3245808  -0.13075648  0.02064634] bottom_world=[ 0.32519687 -0.13030064  0.04063165] quat=[-0.00862901  0.44985735  0.8928948  -0.01711062] speed=0.0091 ang_speed=0.1380 ang_vel_vec=[ 0.08102117 -0.10490621  0.03830241] |com_force|=0.0000N
### kotek_magnet[tick=15000] sensor3: d=0.5819m in_range=False f_mag=0.000N tau_mag=0.0000Nm misalign_deg=88.0 pos=[-0.11748414 -0.12487926  0.5721496 ] bottom_world=[-0.11678957 -0.12513124  0.55216323] quat=[-0.07967171 -0.01680984  0.00766459  0.99665   ] speed=0.1844 ang_speed=9.0573 ang_vel_vec=[-2.8289065  -0.85687786  8.561372  ] |com_force|=0.0000N
### kotek_magnet[tick=15000] sensor4: d=0.5249m in_range=False f_mag=0.000N tau_mag=0.0000Nm misalign_deg=90.0 pos=[-0.10900007  0.10900012  0.49140224] bottom_world=[-0.1090003   0.10899998  0.47140224] quat=[3.8268217e-01 3.8646244e-06 5.3411331e-06 9.2388010e-01] speed=0.0009 ang_speed=0.0033 ang_vel_vec=[ 0.00224642 -0.0021976  -0.00084097] |com_force|=0.0000N
### kotek_magnet[tick=15060] sensor1: d=0.3189m in_range=False f_mag=0.000N tau_mag=0.0000Nm misalign_deg=88.2 pos=[ 0.32458085 -0.1307565   0.0206463 ] bottom_world=[ 0.32519692 -0.13030067  0.04063162] quat=[-0.00862897  0.44985753  0.8928948  -0.01711011] speed=0.0092 ang_speed=0.1388 ang_vel_vec=[ 0.08142645 -0.10542042  0.03897765] |com_force|=0.0000N
### kotek_magnet[tick=15060] sensor3: d=0.5650m in_range=False f_mag=0.000N tau_mag=0.0000Nm misalign_deg=85.0 pos=[-0.09266879 -0.15382743  0.5597765 ] bottom_world=[-0.0909352  -0.15539204  0.53991329] quat=[-0.10321838 -0.03913007  0.04346123  0.992938  ] speed=0.2110 ang_speed=10.0559 ang_vel_vec=[-5.0960426   0.13082053  8.668048  ] |com_force|=0.0000N
### kotek_magnet[tick=15060] sensor4: d=0.5249m in_range=False f_mag=0.000N tau_mag=0.0000Nm misalign_deg=90.0 pos=[-0.10900038  0.10899945  0.49140227] bottom_world=[-0.10900037  0.10899951  0.47140227] quat=[ 3.8268226e-01  2.8680287e-07 -1.7076904e-06  9.2388010e-01] speed=0.0004 ang_speed=0.0028 ang_vel_vec=[ 0.00264503  0.00047666 -0.0009476 ] |com_force|=0.0000N
### kotek_magnet[tick=15120] sensor1: d=0.3189m in_range=False f_mag=0.000N tau_mag=0.0000Nm misalign_deg=88.2 pos=[ 0.3245808  -0.1307565   0.02064625] bottom_world=[ 0.32519686 -0.13030067  0.04063156] quat=[-0.00862895  0.44985744  0.8928948  -0.01711008] speed=0.0092 ang_speed=0.1391 ang_vel_vec=[ 0.08187116 -0.10555682  0.03860374] |com_force|=0.0000N
### kotek_magnet[tick=15120] sensor3: d=0.5441m in_range=False f_mag=0.000N tau_mag=0.0000Nm misalign_deg=81.3 pos=[-0.06257858 -0.17772172  0.5477974 ] bottom_world=[-0.05955384 -0.18041405  0.52821161] quat=[-0.12233251 -0.06711602  0.07649322  0.9872584 ] speed=0.2080 ang_speed=10.0086 ang_vel_vec=[-5.586738    0.35359854  8.296735  ] |com_force|=0.0000N
### kotek_magnet[tick=15120] sensor4: d=0.5249m in_range=False f_mag=0.000N tau_mag=0.0000Nm misalign_deg=90.0 pos=[-0.10900009  0.1090001   0.49140227] bottom_world=[-0.10900031  0.10899996  0.47140227] quat=[3.8268220e-01 3.7785442e-06 5.5012097e-06 9.2388016e-01] speed=0.0009 ang_speed=0.0033 ang_vel_vec=[ 0.00229028 -0.0022279  -0.00088051] |com_force|=0.0000N
### kotek_magnet[tick=15180] sensor1: d=0.3189m in_range=False f_mag=0.000N tau_mag=0.0000Nm misalign_deg=88.2 pos=[ 0.32458082 -0.13075647  0.02064631] bottom_world=[ 0.32519689 -0.13030063  0.04063162] quat=[-0.00862882  0.4498574   0.89289474 -0.01711041] speed=0.0091 ang_speed=0.1375 ang_vel_vec=[ 0.08059774 -0.10444998  0.03865042] |com_force|=0.0000N
### kotek_magnet[tick=15180] sensor3: d=0.5198m in_range=False f_mag=0.000N tau_mag=0.0000Nm misalign_deg=77.0 pos=[-0.02896021 -0.19550419  0.53636247] bottom_world=[-0.02445777 -0.19904274  0.51719983] quat=[-0.13473591 -0.10052445  0.1040621   0.9802613 ] speed=0.1654 ang_speed=9.5964 ang_vel_vec=[-4.1266317  1.7776036  8.479446 ] |com_force|=0.0000N
### kotek_magnet[tick=15180] sensor4: d=0.5249m in_range=False f_mag=0.000N tau_mag=0.0000Nm misalign_deg=90.0 pos=[-0.10900036  0.10899951  0.49140233] bottom_world=[-0.10900034  0.10899957  0.47140233] quat=[ 3.8268229e-01  2.7347198e-07 -1.5779647e-06  9.2388004e-01] speed=0.0004 ang_speed=0.0029 ang_vel_vec=[ 0.00271276  0.00053535 -0.00081491] |com_force|=0.0000N
### kotek_magnet[tick=15240] sensor1: d=0.3189m in_range=False f_mag=0.000N tau_mag=0.0000Nm misalign_deg=88.3 pos=[ 0.3245709  -0.13076341  0.02064875] bottom_world=[ 0.32518086 -0.13031164  0.04063435] quat=[-0.00853852  0.44984102  0.8929071  -0.01695046] speed=0.0010 ang_speed=0.0139 ang_vel_vec=[ 0.00758116 -0.01156752  0.00139868] |com_force|=0.0000N
### kotek_magnet[tick=15240] sensor3: d=0.4919m in_range=False f_mag=0.000N tau_mag=0.0000Nm misalign_deg=72.2 pos=[ 0.00772327 -0.20721744  0.5252589 ] bottom_world=[ 0.01382517 -0.21133575  0.50666303] quat=[-0.13857594 -0.13895807  0.12567404  0.9724677 ] speed=0.2028 ang_speed=5.6221 ang_vel_vec=[-2.5274057  1.9034715  4.647319 ] |com_force|=0.0000N
### kotek_magnet[tick=15240] sensor4: d=0.5249m in_range=False f_mag=0.000N tau_mag=0.0000Nm misalign_deg=90.0 pos=[-0.10900004  0.1089987   0.49140224] bottom_world=[-0.10900012  0.10899887  0.47140224] quat=[ 3.8268280e-01  3.4208956e-06 -3.2218443e-06  9.2387974e-01] speed=0.0007 ang_speed=0.0057 ang_vel_vec=[ 0.00270697 -0.00495641  0.00106909] |com_force|=0.0000N
### kotek_magnet[tick=15300] sensor1: d=0.3189m in_range=False f_mag=0.000N tau_mag=0.0000Nm misalign_deg=88.2 pos=[ 0.3245808  -0.13075648  0.02064629] bottom_world=[ 0.32519687 -0.13030064  0.0406316 ] quat=[-0.00862899  0.4498573   0.8928948  -0.01711044] speed=0.0092 ang_speed=0.1379 ang_vel_vec=[ 0.08095558 -0.10483107  0.03830107] |com_force|=0.0000N
### kotek_magnet[tick=15300] sensor3: d=0.4614m in_range=False f_mag=0.000N tau_mag=0.0000Nm misalign_deg=67.5 pos=[ 0.04597804 -0.21251133  0.5150911 ] bottom_world=[ 0.05363579 -0.21696556  0.49716018] quat=[-0.14251494 -0.17774369  0.1418931   0.96330845] speed=0.1859 ang_speed=7.9730 ang_vel_vec=[-5.000683    0.03481421  6.209789  ] |com_force|=0.0000N
### kotek_magnet[tick=15300] sensor4: d=0.5249m in_range=False f_mag=0.000N tau_mag=0.0000Nm misalign_deg=90.0 pos=[-0.10900036  0.10899864  0.49140233] bottom_world=[-0.10900021  0.10899894  0.47140233] quat=[ 3.8268268e-01 -5.2122533e-07 -8.3886443e-06  9.2387986e-01] speed=0.0007 ang_speed=0.0047 ang_vel_vec=[-0.00171131  0.00435532  0.0004205 ] |com_force|=0.0000N
### kotek_magnet[tick=15360] sensor1: d=0.3189m in_range=False f_mag=0.000N tau_mag=0.0000Nm misalign_deg=88.2 pos=[ 0.32458094 -0.13075651  0.0206463 ] bottom_world=[ 0.32519702 -0.13030067  0.04063162] quat=[-0.00862898  0.44985735  0.89289486 -0.01711045] speed=0.0091 ang_speed=0.1368 ang_vel_vec=[ 0.08029469 -0.10402665  0.0381716 ] |com_force|=0.0000N
### kotek_magnet[tick=15360] sensor3: d=0.4293m in_range=False f_mag=0.000N tau_mag=0.0000Nm misalign_deg=62.8 pos=[ 0.08392553 -0.2117286   0.5056471 ] bottom_world=[ 0.0930766  -0.21630271  0.48846179] quat=[-0.14560361 -0.2166455   0.15307356  0.9531175 ] speed=0.1866 ang_speed=7.9816 ang_vel_vec=[-5.3947425  -0.02162242  5.8823156 ] |com_force|=0.0000N
### kotek_magnet[tick=15360] sensor4: d=0.5249m in_range=False f_mag=0.000N tau_mag=0.0000Nm misalign_deg=90.0 pos=[-0.10900033  0.10899863  0.49140236] bottom_world=[-0.10900018  0.10899894  0.47140236] quat=[ 3.8268274e-01 -5.0869573e-07 -8.4645944e-06  9.2387986e-01] speed=0.0007 ang_speed=0.0047 ang_vel_vec=[-0.00185432  0.00436288  0.00028112] |com_force|=0.0000N
### kotek_magnet[tick=15420] sensor1: d=0.3189m in_range=False f_mag=0.000N tau_mag=0.0000Nm misalign_deg=88.2 pos=[ 0.32458085 -0.13075647  0.0206463 ] bottom_world=[ 0.32519693 -0.13030063  0.04063161] quat=[-0.00862908  0.4498577   0.8928946  -0.01711039] speed=0.0092 ang_speed=0.1376 ang_vel_vec=[ 0.08048648 -0.104474    0.03937281] |com_force|=0.0000N
### kotek_magnet[tick=15420] sensor3: d=0.3955m in_range=False f_mag=0.000N tau_mag=0.0000Nm misalign_deg=58.1 pos=[ 0.12109822 -0.20503941  0.49689707] bottom_world=[ 0.13166177 -0.20954573  0.48052317] quat=[-0.1455771  -0.2556579   0.15903313  0.9424197 ] speed=0.1841 ang_speed=7.9363 ang_vel_vec=[-5.810234   -0.09373569  5.4053087 ] |com_force|=0.0000N
### kotek_magnet[tick=15420] sensor4: d=0.5249m in_range=False f_mag=0.000N tau_mag=0.0000Nm misalign_deg=90.0 pos=[-0.10900036  0.10899868  0.4914024 ] bottom_world=[-0.10900023  0.10899897  0.47140239] quat=[ 3.8268277e-01 -3.3458872e-07 -8.0943455e-06  9.2387980e-01] speed=0.0007 ang_speed=0.0045 ang_vel_vec=[-0.00181275  0.00412486  0.00033704] |com_force|=0.0000N
### still playing, 1129s left
### kotek_magnet[tick=15480] sensor1: d=0.3189m in_range=False f_mag=0.000N tau_mag=0.0000Nm misalign_deg=88.2 pos=[ 0.3245809  -0.13075653  0.02064631] bottom_world=[ 0.325197   -0.1303007   0.04063163] quat=[-0.00862945  0.44985756  0.89289474 -0.01711036] speed=0.0091 ang_speed=0.1371 ang_vel_vec=[ 0.08064596 -0.1039207   0.03861002] |com_force|=0.0000N
### kotek_magnet[tick=15480] sensor3: d=0.3609m in_range=False f_mag=0.000N tau_mag=0.0000Nm misalign_deg=53.7 pos=[ 0.15619141 -0.19316593  0.48873466] bottom_world=[ 0.16804318 -0.19746321  0.47320827] quat=[-0.14212477 -0.2936094   0.16010532  0.93164396] speed=0.1832 ang_speed=7.9052 ang_vel_vec=[-6.159472   -0.22627705  4.9498725 ] |com_force|=0.0000N
### kotek_magnet[tick=15480] sensor4: d=0.5249m in_range=False f_mag=0.000N tau_mag=0.0000Nm misalign_deg=90.0 pos=[-0.10900021  0.10899836  0.49140233] bottom_world=[-0.1090001   0.10899868  0.47140233] quat=[ 3.8268310e-01  5.5795306e-07 -8.5728434e-06  9.2387980e-01] speed=0.0010 ang_speed=0.0023 ang_vel_vec=[-2.1612983e-05 -1.9775170e-03  1.1809818e-03] |com_force|=0.0000N
### kotek_magnet[tick=15540] sensor1: d=0.3189m in_range=False f_mag=0.000N tau_mag=0.0000Nm misalign_deg=88.2 pos=[ 0.32458088 -0.13075647  0.02064631] bottom_world=[ 0.32519695 -0.13030063  0.04063161] quat=[-0.00862888  0.44985738  0.89289474 -0.01711037] speed=0.0091 ang_speed=0.1373 ang_vel_vec=[ 0.08042088 -0.10442368  0.03841523] |com_force|=0.0000N
### kotek_magnet[tick=15540] sensor3: d=0.3250m in_range=False f_mag=0.000N tau_mag=0.0000Nm misalign_deg=49.4 pos=[ 0.18929671 -0.1761844   0.48104915] bottom_world=[ 0.2023237  -0.1801517   0.46640135] quat=[-0.1362346  -0.33055735  0.15664212  0.92067116] speed=0.1820 ang_speed=7.9745 ang_vel_vec=[-6.4413843  -0.46807295  4.677798  ] |com_force|=0.0000N
### kotek_magnet[tick=15540] sensor4: d=0.5249m in_range=False f_mag=0.000N tau_mag=0.0000Nm misalign_deg=90.0 pos=[-0.10900033  0.10899869  0.49140233] bottom_world=[-0.10900017  0.10899899  0.47140233] quat=[ 3.8268265e-01 -6.1480569e-07 -8.4666635e-06  9.2387980e-01] speed=0.0007 ang_speed=0.0051 ang_vel_vec=[-0.00188797  0.00470419  0.00033235] |com_force|=0.0000N
### kotek_magnet[tick=15600] sensor1: d=0.3189m in_range=False f_mag=0.000N tau_mag=0.0000Nm misalign_deg=88.2 pos=[ 0.3245809  -0.1307565   0.02064632] bottom_world=[ 0.32519699 -0.13030066  0.04063164] quat=[-0.00862901  0.44985744  0.8928948  -0.01711051] speed=0.0092 ang_speed=0.1386 ang_vel_vec=[ 0.08138038 -0.1053354   0.03850504] |com_force|=0.0000N
### kotek_magnet[tick=15600] sensor3: d=0.2894m in_range=False f_mag=0.000N tau_mag=0.0000Nm misalign_deg=45.3 pos=[ 0.21879011 -0.15532716  0.47399202] bottom_world=[ 0.23284827 -0.15889176  0.46022025] quat=[-0.1278919  -0.3652692   0.14927843  0.9099111 ] speed=0.1693 ang_speed=8.0171 ang_vel_vec=[-6.852525  -0.5891572  4.1195107] |com_force|=0.0000N
### kotek_magnet[tick=15600] sensor4: d=0.5249m in_range=False f_mag=0.000N tau_mag=0.0000Nm misalign_deg=90.0 pos=[-0.10900016  0.1089984   0.49140233] bottom_world=[-0.10900005  0.10899872  0.47140233] quat=[ 3.8268310e-01  6.0311476e-07 -8.4219573e-06  9.2387974e-01] speed=0.0010 ang_speed=0.0019 ang_vel_vec=[-0.00022719 -0.00159043  0.00104934] |com_force|=0.0000N
### kotek_magnet[tick=15660] sensor1: d=0.3189m in_range=False f_mag=0.000N tau_mag=0.0000Nm misalign_deg=88.2 pos=[ 0.3245808  -0.13075645  0.0206463 ] bottom_world=[ 0.32519688 -0.13030061  0.04063162] quat=[-0.00862918  0.4498574   0.8928948  -0.01711055] speed=0.0091 ang_speed=0.1368 ang_vel_vec=[ 0.0802663  -0.10385457  0.03852284] |com_force|=0.0000N
### kotek_magnet[tick=15660] sensor3: d=0.2543m in_range=False f_mag=0.000N tau_mag=0.0000Nm misalign_deg=41.6 pos=[ 0.2444359  -0.13124311  0.46745247] bottom_world=[ 0.25938611 -0.13436326  0.45453906] quat=[-0.11759459 -0.39740714  0.13868134  0.8994479 ] speed=0.1640 ang_speed=8.1103 ang_vel_vec=[-7.1592236 -0.7782687  3.7304916] |com_force|=0.0000N
### kotek_magnet[tick=15660] sensor4: d=0.5249m in_range=False f_mag=0.000N tau_mag=0.0000Nm misalign_deg=90.0 pos=[-0.10900017  0.10899843  0.4914023 ] bottom_world=[-0.10900006  0.10899875  0.4714023 ] quat=[ 3.8268301e-01  6.7332439e-07 -8.4057901e-06  9.2387974e-01] speed=0.0010 ang_speed=0.0021 ang_vel_vec=[-0.00021673 -0.00150901  0.00137494] |com_force|=0.0000N
### kotek_magnet[tick=15720] sensor1: d=0.3189m in_range=False f_mag=0.000N tau_mag=0.0000Nm misalign_deg=88.3 pos=[ 0.3245708  -0.13076343  0.02064874] bottom_world=[ 0.32518076 -0.13031166  0.04063434] quat=[-0.00853843  0.44984093  0.8929071  -0.01695038] speed=0.0009 ang_speed=0.0128 ang_vel_vec=[ 0.00693063 -0.0107147   0.00139519] |com_force|=0.0000N
### kotek_magnet[tick=15720] sensor3: d=0.2199m in_range=False f_mag=0.000N tau_mag=0.0000Nm misalign_deg=38.2 pos=[ 0.2663342  -0.10408126  0.46143824] bottom_world=[ 0.28205171 -0.10671594  0.44935442] quat=[-0.10396788 -0.42723924  0.12398076  0.8895427 ] speed=0.1346 ang_speed=8.9112 ang_vel_vec=[-8.413868   -0.35902137  2.9132159 ] |com_force|=0.0000N
### kotek_magnet[tick=15720] sensor4: d=0.5249m in_range=False f_mag=0.000N tau_mag=0.0000Nm misalign_deg=90.0 pos=[-0.10900016  0.10899844  0.4914023 ] bottom_world=[-0.10900006  0.10899876  0.4714023 ] quat=[ 3.8268316e-01  5.8439247e-07 -8.2850474e-06  9.2387968e-01] speed=0.0010 ang_speed=0.0019 ang_vel_vec=[-0.00033507 -0.00125723  0.00135821] |com_force|=0.0000N
### kotek_magnet[tick=15780] sensor1: d=0.3189m in_range=False f_mag=0.000N tau_mag=0.0000Nm misalign_deg=88.2 pos=[ 0.3245809  -0.13075653  0.0206463 ] bottom_world=[ 0.32519699 -0.13030069  0.04063161] quat=[-0.00862908  0.4498573   0.89289486 -0.01711032] speed=0.0091 ang_speed=0.1370 ang_vel_vec=[ 0.08051903 -0.10405125  0.0380838 ] |com_force|=0.0000N
### kotek_magnet[tick=15780] sensor3: d=0.1872m in_range=False f_mag=0.000N tau_mag=0.0000Nm misalign_deg=35.0 pos=[ 0.28399685 -0.07496262  0.45597255] bottom_world=[ 0.30037042 -0.07710296  0.44468871] quat=[-0.08941007 -0.45437512  0.10699113  0.8798307 ] speed=0.1610 ang_speed=7.4653 ang_vel_vec=[-6.7780304 -1.1345385  2.9157248] |com_force|=0.0000N
### kotek_magnet[tick=15780] sensor4: d=0.5249m in_range=False f_mag=0.000N tau_mag=0.0000Nm misalign_deg=90.0 pos=[-0.10900016  0.10899844  0.49140236] bottom_world=[-0.10900005  0.10899876  0.47140236] quat=[ 3.8268316e-01  4.9782551e-07 -8.3269306e-06  9.2387968e-01] speed=0.0010 ang_speed=0.0019 ang_vel_vec=[-0.000528   -0.00094763  0.00152302] |com_force|=0.0000N
### kotek_magnet[tick=15840] sensor1: d=0.3189m in_range=False f_mag=0.000N tau_mag=0.0000Nm misalign_deg=88.2 pos=[ 0.3245808  -0.1307565   0.02064632] bottom_world=[ 0.32519689 -0.13030066  0.04063163] quat=[-0.00862933  0.44985744  0.8928948  -0.01711063] speed=0.0092 ang_speed=0.1384 ang_vel_vec=[ 0.08136614 -0.10493857  0.03893314] |com_force|=0.0000N
### kotek_magnet[tick=15840] sensor3: d=0.1572m in_range=False f_mag=0.000N tau_mag=0.0000Nm misalign_deg=32.0 pos=[ 0.29758644 -0.04447958  0.45093298] bottom_world=[ 0.31454415 -0.04609188  0.44045268] quat=[-0.07690077 -0.4796987   0.08877901  0.8695366 ] speed=0.1287 ang_speed=8.6797 ang_vel_vec=[-8.285403  -0.8294691  2.4497635] |com_force|=0.0000N
### kotek_magnet[tick=15840] sensor4: d=0.5249m in_range=False f_mag=0.000N tau_mag=0.0000Nm misalign_deg=90.0 pos=[-0.10900006  0.10900018  0.49140227] bottom_world=[-0.10900029  0.10900005  0.47140227] quat=[3.8268214e-01 3.8491635e-06 5.3068461e-06 9.2388010e-01] speed=0.0010 ang_speed=0.0025 ang_vel_vec=[ 0.00142697 -0.00160348 -0.0012142 ] |com_force|=0.0000N
### kotek_magnet[tick=15900] sensor1: d=0.3189m in_range=False f_mag=0.000N tau_mag=0.0000Nm misalign_deg=88.2 pos=[ 0.3245808  -0.13075656  0.0206463 ] bottom_world=[ 0.32519687 -0.13030073  0.0406316 ] quat=[-0.00862927  0.44985747  0.8928947  -0.01711014] speed=0.0092 ang_speed=0.1386 ang_vel_vec=[ 0.08157694 -0.10521447  0.03852467] |com_force|=0.0000N
### kotek_magnet[tick=15900] sensor3: d=0.1324m in_range=False f_mag=0.000N tau_mag=0.0000Nm misalign_deg=29.3 pos=[ 0.30679128 -0.01413443  0.44659308] bottom_world=[ 0.32423845 -0.01522932  0.43687725] quat=[-0.06588568 -0.5021509   0.07034855  0.8593921 ] speed=0.1500 ang_speed=7.4192 ang_vel_vec=[-6.963049  -1.375575   2.1607845] |com_force|=0.0000N
### kotek_magnet[tick=15900] sensor4: d=0.5249m in_range=False f_mag=0.000N tau_mag=0.0000Nm misalign_deg=90.0 pos=[-0.10900003  0.10900019  0.49140233] bottom_world=[-0.10900026  0.10900005  0.47140233] quat=[3.8268203e-01 3.9296046e-06 5.4379507e-06 9.2388010e-01] speed=0.0010 ang_speed=0.0022 ang_vel_vec=[ 0.00136793 -0.00147617 -0.00078036] |com_force|=0.0000N
### kotek_magnet[tick=15960] sensor1: d=0.3189m in_range=False f_mag=0.000N tau_mag=0.0000Nm misalign_deg=88.2 pos=[ 0.3245809  -0.13075651  0.02064632] bottom_world=[ 0.32519699 -0.13030068  0.04063163] quat=[-0.00862902  0.44985747  0.8928947  -0.01711037] speed=0.0091 ang_speed=0.1369 ang_vel_vec=[ 0.08028762 -0.10398982  0.03861675] |com_force|=0.0000N
### kotek_magnet[tick=15960] sensor3: d=0.1141m in_range=False f_mag=0.000N tau_mag=0.0000Nm misalign_deg=26.6 pos=[0.31230992 0.01742881 0.44288015] bottom_world=[0.33019942 0.01690506 0.43395314] quat=[-0.054917   -0.523824    0.04932763  0.848622  ] speed=0.1507 ang_speed=7.2954 ang_vel_vec=[-6.9422894 -1.5030335  1.66404  ] |com_force|=0.0000N
### kotek_magnet[tick=15960] sensor4: d=0.5249m in_range=False f_mag=0.000N tau_mag=0.0000Nm misalign_deg=90.0 pos=[-0.10900005  0.10900019  0.49140227] bottom_world=[-0.10900027  0.10900005  0.47140227] quat=[3.8268209e-01 3.8071476e-06 5.2999567e-06 9.2388010e-01] speed=0.0010 ang_speed=0.0019 ang_vel_vec=[ 0.00120292 -0.00119508 -0.00087396] |com_force|=0.0000N
### kotek_magnet[tick=16020] sensor1: d=0.3189m in_range=False f_mag=0.000N tau_mag=0.0000Nm misalign_deg=88.2 pos=[ 0.3245808  -0.13075648  0.0206463 ] bottom_world=[ 0.32519686 -0.13030065  0.04063162] quat=[-0.00862881  0.44985738  0.8928948  -0.01711016] speed=0.0091 ang_speed=0.1362 ang_vel_vec=[ 0.0800236  -0.10340802  0.03803771] |com_force|=0.0000N
### kotek_magnet[tick=16020] sensor3: d=0.1069m in_range=False f_mag=0.000N tau_mag=0.0000Nm misalign_deg=24.5 pos=[0.31390998 0.04238548 0.44053254] bottom_world=[0.33210652 0.04234605 0.43223287] quat=[-0.047033   -0.5399274   0.03141207  0.83980924] speed=0.1560 ang_speed=7.3576 ang_vel_vec=[-7.0397253 -1.6510441  1.360473 ] |com_force|=0.0000N
### kotek_magnet[tick=16020] sensor4: d=0.5249m in_range=False f_mag=0.000N tau_mag=0.0000Nm misalign_deg=90.0 pos=[-0.10900005  0.10900018  0.4914022 ] bottom_world=[-0.10900026  0.10900004  0.47140221] quat=[3.8268217e-01 3.5115497e-06 5.1779220e-06 9.2388016e-01] speed=0.0010 ang_speed=0.0017 ang_vel_vec=[ 0.00114246 -0.00084905 -0.00093485] |com_force|=0.0000N
### kotek_magnet[tick=16080] sensor1: d=0.3189m in_range=False f_mag=0.000N tau_mag=0.0000Nm misalign_deg=88.3 pos=[ 0.3245708  -0.13076344  0.02064877] bottom_world=[ 0.32518075 -0.13031168  0.04063437] quat=[-0.00853823  0.44984102  0.8929071  -0.01695004] speed=0.0009 ang_speed=0.0111 ang_vel_vec=[ 0.00597955 -0.00920497  0.00170019] |com_force|=0.0000N
### kotek_magnet[tick=16080] sensor3: d=0.1034m in_range=False f_mag=0.000N tau_mag=0.0000Nm misalign_deg=25.0 pos=[0.3122296  0.04684752 0.43477082] bottom_world=[0.33035553 0.04698059 0.42631902] quat=[-0.05109004 -0.53655034  0.02861082  0.84183425] speed=0.1538 ang_speed=7.4974 ang_vel_vec=[-7.1636333 -1.7043306  1.4101661] |com_force|=0.0000N
### kotek_magnet[tick=16080] sensor4: d=0.5249m in_range=False f_mag=0.000N tau_mag=0.0000Nm misalign_deg=90.0 pos=[-0.10900029  0.1089996   0.49140218] bottom_world=[-0.10900028  0.10899966  0.47140218] quat=[ 3.8268223e-01  4.4079698e-07 -1.5596952e-06  9.2388010e-01] speed=0.0005 ang_speed=0.0018 ang_vel_vec=[ 0.00133611  0.00113362 -0.00040308] |com_force|=0.0000N
### kotek_magnet[tick=16140] sensor1: d=0.3189m in_range=False f_mag=0.000N tau_mag=0.0000Nm misalign_deg=88.2 pos=[ 0.3245809  -0.13075654  0.02064631] bottom_world=[ 0.32519699 -0.13030071  0.04063162] quat=[-0.00862914  0.4498576   0.89289474 -0.01711037] speed=0.0092 ang_speed=0.1386 ang_vel_vec=[ 0.08153602 -0.10524452  0.03859588] |com_force|=0.0000N
### kotek_magnet[tick=16140] sensor3: d=0.0865m in_range=True f_mag=1.722N tau_mag=0.0017Nm misalign_deg=24.9 pos=[0.32060343 0.04951489 0.41953135] bottom_world=[0.33874344 0.049801   0.41111361] quat=[-0.03890247 -0.5378559   0.01635568  0.8419799 ] speed=0.1590 ang_speed=6.2756 ang_vel_vec=[-6.0403695 -0.8199204  1.491556 ] |com_force|=0.3400N
### kotek_magnet[tick=16140] sensor4: d=0.5249m in_range=False f_mag=0.000N tau_mag=0.0000Nm misalign_deg=90.0 pos=[-0.10900002  0.10900015  0.4914022 ] bottom_world=[-0.10900023  0.10900002  0.47140221] quat=[3.8268209e-01 3.6829081e-06 5.0927897e-06 9.2388010e-01] speed=0.0010 ang_speed=0.0017 ang_vel_vec=[ 0.00097187 -0.0010036  -0.00101447] |com_force|=0.0000N
### kotek_magnet[tick=16200] sensor1: d=0.3189m in_range=False f_mag=0.000N tau_mag=0.0000Nm misalign_deg=88.2 pos=[ 0.32458088 -0.13075651  0.02064631] bottom_world=[ 0.32519696 -0.13030068  0.04063163] quat=[-0.00862907  0.44985735  0.89289486 -0.01711031] speed=0.0091 ang_speed=0.1376 ang_vel_vec=[ 0.08074731 -0.10468505  0.03815784] |com_force|=0.0000N
### kotek_magnet[tick=16200] sensor3: d=0.0640m in_range=True f_mag=1.257N tau_mag=0.0012Nm misalign_deg=24.4 pos=[0.33442387 0.05170377 0.40121314] bottom_world=[0.35263956 0.0519696  0.39295979] quat=[-0.03598844 -0.5416936   0.01530244  0.83966583] speed=0.1418 ang_speed=5.1542 ang_vel_vec=[-4.991874   -0.98099464  0.8276707 ] |com_force|=0.3394N
### kotek_magnet[tick=16200] sensor4: d=0.5249m in_range=False f_mag=0.000N tau_mag=0.0000Nm misalign_deg=90.0 pos=[-0.10900031  0.10899957  0.49140218] bottom_world=[-0.1090003   0.10899963  0.47140218] quat=[ 3.8268232e-01  2.5044233e-07 -1.5858673e-06  9.2387998e-01] speed=0.0005 ang_speed=0.0020 ang_vel_vec=[ 0.00147494  0.00107593 -0.00079423] |com_force|=0.0000N
### kotek_magnet[tick=16260] sensor1: d=0.3189m in_range=False f_mag=0.000N tau_mag=0.0000Nm misalign_deg=88.2 pos=[ 0.32458085 -0.13075644  0.02064632] bottom_world=[ 0.32519694 -0.13030059  0.04063164] quat=[-0.00862918  0.44985747  0.8928948  -0.01711065] speed=0.0091 ang_speed=0.1372 ang_vel_vec=[ 0.08045729 -0.1042555   0.03864215] |com_force|=0.0000N
### kotek_magnet[tick=16260] sensor3: d=0.0501m in_range=True f_mag=0.972N tau_mag=0.0009Nm misalign_deg=22.6 pos=[0.34326917 0.05332032 0.38986042] bottom_world=[0.36173319 0.05354586 0.38217739] quat=[-0.0293225  -0.55476195  0.01278405  0.83139396] speed=0.0980 ang_speed=2.0455 ang_vel_vec=[ 0.4702015 -1.848742  -0.7383534] |com_force|=0.5597N
### kotek_magnet[tick=16260] sensor4: d=0.5249m in_range=False f_mag=0.000N tau_mag=0.0000Nm misalign_deg=90.0 pos=[-0.10900003  0.10900021  0.4914023 ] bottom_world=[-0.10900025  0.10900007  0.4714023 ] quat=[3.8268217e-01 3.7121777e-06 5.2894957e-06 9.2388016e-01] speed=0.0010 ang_speed=0.0017 ang_vel_vec=[ 0.0009893  -0.00095018 -0.00100269] |com_force|=0.0000N
### kotek_magnet[tick=16320] sensor1: d=0.3189m in_range=False f_mag=0.000N tau_mag=0.0000Nm misalign_deg=88.2 pos=[ 0.32458085 -0.13075653  0.02064631] bottom_world=[ 0.32519693 -0.13030069  0.04063162] quat=[-0.008629    0.44985744  0.8928948  -0.01711049] speed=0.0092 ang_speed=0.1395 ang_vel_vec=[ 0.08198548 -0.10604007  0.03851217] |com_force|=0.0000N
### kotek_magnet[tick=16320] sensor3: d=0.0150m in_range=True f_mag=0.247N tau_mag=0.0001Nm misalign_deg=15.6 pos=[0.36992627 0.05027437 0.36572322] bottom_world=[0.38918822 0.0502135  0.36034049] quat=[ 4.7180412e-04 -6.0450745e-01  1.5523524e-03  7.9659790e-01] speed=0.0028 ang_speed=0.2292 ang_vel_vec=[0.10939399 0.05386474 0.19407137] |com_force|=0.4911N
### kotek_magnet[tick=16320] sensor4: d=0.5249m in_range=False f_mag=0.000N tau_mag=0.0000Nm misalign_deg=90.0 pos=[-0.10900033  0.10899951  0.49140227] bottom_world=[-0.10900032  0.10899958  0.47140227] quat=[ 3.8268226e-01  2.9878515e-07 -1.5807923e-06  9.2388010e-01] speed=0.0004 ang_speed=0.0019 ang_vel_vec=[ 0.00143403  0.00093645 -0.00078428] |com_force|=0.0000N
### kotek_magnet[tick=16380] sensor1: d=0.3189m in_range=False f_mag=0.000N tau_mag=0.0000Nm misalign_deg=88.3 pos=[ 0.32457098 -0.13076343  0.02064879] bottom_world=[ 0.32518093 -0.13031166  0.04063438] quat=[-0.0085382   0.44984072  0.8929071  -0.01695011] speed=0.0009 ang_speed=0.0121 ang_vel_vec=[ 0.0066108  -0.01015704  0.00083272] |com_force|=0.0000N
### kotek_magnet[tick=16380] sensor3: d=0.0149m in_range=True f_mag=0.245N tau_mag=0.0001Nm misalign_deg=15.6 pos=[0.3699944  0.0500766  0.36570364] bottom_world=[0.38926001 0.05005445 0.36033374] quat=[-0.00124332 -0.60477257  0.00163925  0.7963956 ] speed=0.0001 ang_speed=0.0127 ang_vel_vec=[0.00423116 0.00211745 0.01176826] |com_force|=0.4905N
### kotek_magnet[tick=16380] sensor4: d=0.5249m in_range=False f_mag=0.000N tau_mag=0.0000Nm misalign_deg=90.0 pos=[-0.10900033  0.10899951  0.49140233] bottom_world=[-0.10900031  0.10899957  0.47140233] quat=[ 3.8268235e-01  1.1105472e-07 -1.5855512e-06  9.2387998e-01] speed=0.0005 ang_speed=0.0022 ang_vel_vec=[ 0.00159191  0.00133281 -0.0006924 ] |com_force|=0.0000N
### kotek_magnet[tick=16440] sensor1: d=0.3189m in_range=False f_mag=0.000N tau_mag=0.0000Nm misalign_deg=88.2 pos=[ 0.3245808  -0.1307565   0.02064627] bottom_world=[ 0.32519685 -0.13030067  0.04063158] quat=[-0.00862874  0.44985747  0.89289474 -0.01711001] speed=0.0092 ang_speed=0.1383 ang_vel_vec=[ 0.08134149 -0.10499042  0.03860674] |com_force|=0.0000N
### kotek_magnet[tick=16440] sensor3: d=0.0149m in_range=True f_mag=0.245N tau_mag=0.0001Nm misalign_deg=15.6 pos=[0.36999458 0.05007546 0.36570352] bottom_world=[0.3892602  0.05005323 0.36033365] quat=[-0.0012499  -0.60477304  0.00164673  0.7963951 ] speed=0.0000 ang_speed=0.0012 ang_vel_vec=[-0.00066881  0.00035114 -0.00092845] |com_force|=0.4905N
### kotek_magnet[tick=16440] sensor4: d=0.5249m in_range=False f_mag=0.000N tau_mag=0.0000Nm misalign_deg=90.0 pos=[-0.10900003  0.10900019  0.49140227] bottom_world=[-0.10900025  0.10900005  0.47140227] quat=[3.8268194e-01 3.7044420e-06 5.3060248e-06 9.2388022e-01] speed=0.0010 ang_speed=0.0018 ang_vel_vec=[ 0.00108129 -0.00107158 -0.00089524] |com_force|=0.0000N
### kotek_magnet[tick=16500] sensor1: d=0.3189m in_range=False f_mag=0.000N tau_mag=0.0000Nm misalign_deg=88.2 pos=[ 0.32458085 -0.13075654  0.02064628] bottom_world=[ 0.32519691 -0.13030072  0.04063158] quat=[-0.00862882  0.44985747  0.8928947  -0.01710994] speed=0.0092 ang_speed=0.1374 ang_vel_vec=[ 0.08056561 -0.10438176  0.03854151] |com_force|=0.0000N
### kotek_magnet[tick=16500] sensor3: d=0.0149m in_range=True f_mag=0.245N tau_mag=0.0001Nm misalign_deg=15.6 pos=[0.36999464 0.050075   0.36570328] bottom_world=[0.38926028 0.05005266 0.36033348] quat=[-0.00125203 -0.6047745   0.00165201  0.79639417] speed=0.0001 ang_speed=0.0049 ang_vel_vec=[-0.00473743  0.00061524 -0.00104755] |com_force|=0.4905N
### kotek_magnet[tick=16500] sensor4: d=0.5249m in_range=False f_mag=0.000N tau_mag=0.0000Nm misalign_deg=90.0 pos=[-0.10900003  0.10900021  0.49140233] bottom_world=[-0.10900025  0.10900007  0.47140233] quat=[3.8268200e-01 3.6261986e-06 5.1000566e-06 9.2388010e-01] speed=0.0010 ang_speed=0.0016 ang_vel_vec=[ 0.00097096 -0.00091483 -0.00092284] |com_force|=0.0000N
### kotek_magnet[tick=16560] sensor1: d=0.3189m in_range=False f_mag=0.000N tau_mag=0.0000Nm misalign_deg=88.2 pos=[ 0.3245809  -0.13075653  0.02064632] bottom_world=[ 0.32519698 -0.13030069  0.04063163] quat=[-0.0086289   0.44985738  0.8928948  -0.01711021] speed=0.0092 ang_speed=0.1393 ang_vel_vec=[ 0.08173891 -0.10598476  0.03853593] |com_force|=0.0000N
### kotek_magnet[tick=16560] sensor3: d=0.0149m in_range=True f_mag=0.245N tau_mag=0.0001Nm misalign_deg=15.6 pos=[0.3699944  0.05007469 0.36570337] bottom_world=[0.38926    0.0500524  0.36033343] quat=[-0.00125537 -0.6047717   0.00165297  0.79639626] speed=0.0001 ang_speed=0.0022 ang_vel_vec=[ 2.1606453e-03 -4.5730776e-04  7.2703988e-05] |com_force|=0.4903N
### kotek_magnet[tick=16560] sensor4: d=0.5249m in_range=False f_mag=0.000N tau_mag=0.0000Nm misalign_deg=90.0 pos=[-0.10900034  0.10899959  0.4914022 ] bottom_world=[-0.10900033  0.10899965  0.47140221] quat=[ 3.8268223e-01  3.0437849e-07 -1.4755246e-06  9.2388004e-01] speed=0.0004 ang_speed=0.0020 ang_vel_vec=[ 0.00156238  0.00086639 -0.0009796 ] |com_force|=0.0000N
### kotek_magnet[tick=16620] sensor1: d=0.3189m in_range=False f_mag=0.000N tau_mag=0.0000Nm misalign_deg=88.2 pos=[ 0.32458088 -0.13075651  0.0206463 ] bottom_world=[ 0.32519696 -0.13030068  0.04063161] quat=[-0.00862909  0.44985718  0.8928949  -0.01711029] speed=0.0092 ang_speed=0.1378 ang_vel_vec=[ 0.08099018 -0.1049732   0.03755663] |com_force|=0.0000N
### kotek_magnet[tick=16620] sensor3: d=0.0149m in_range=True f_mag=0.245N tau_mag=0.0001Nm misalign_deg=15.6 pos=[0.3699948  0.05007495 0.36570323] bottom_world=[0.38926045 0.05005264 0.36033351] quat=[-0.00125264 -0.60477626  0.00165151  0.79639274] speed=0.0001 ang_speed=0.0042 ang_vel_vec=[-0.00399645  0.00010133 -0.00129716] |com_force|=0.4905N
### kotek_magnet[tick=16620] sensor4: d=0.5249m in_range=False f_mag=0.000N tau_mag=0.0000Nm misalign_deg=90.0 pos=[-0.10900004  0.10900022  0.49140227] bottom_world=[-0.10900026  0.10900008  0.47140227] quat=[3.8268200e-01 3.7025811e-06 5.3454869e-06 9.2388010e-01] speed=0.0010 ang_speed=0.0017 ang_vel_vec=[ 0.00113935 -0.00093642 -0.00093428] |com_force|=0.0000N
### kotek_magnet[tick=16680] sensor1: d=0.3189m in_range=False f_mag=0.000N tau_mag=0.0000Nm misalign_deg=88.2 pos=[ 0.3245809  -0.13075653  0.02064631] bottom_world=[ 0.32519699 -0.1303007   0.04063162] quat=[-0.00862918  0.44985756  0.89289474 -0.0171103 ] speed=0.0092 ang_speed=0.1380 ang_vel_vec=[ 0.08084653 -0.10490416  0.03894388] |com_force|=0.0000N
### kotek_magnet[tick=16680] sensor3: d=0.0149m in_range=True f_mag=0.245N tau_mag=0.0001Nm misalign_deg=15.6 pos=[0.36999458 0.05007488 0.36570328] bottom_world=[0.38926022 0.05005258 0.36033349] quat=[-0.00125337 -0.6047746   0.001652    0.796394  ] speed=0.0001 ang_speed=0.0028 ang_vel_vec=[-0.00251963  0.00026113 -0.00127331] |com_force|=0.4905N
### kotek_magnet[tick=16680] sensor4: d=0.5249m in_range=False f_mag=0.000N tau_mag=0.0000Nm misalign_deg=90.0 pos=[-0.10900003  0.10900022  0.49140233] bottom_world=[-0.10900026  0.10900007  0.47140233] quat=[3.8268209e-01 3.9191709e-06 5.6359172e-06 9.2388010e-01] speed=0.0010 ang_speed=0.0016 ang_vel_vec=[ 0.0010578  -0.00110759 -0.00060776] |com_force|=0.0000N
### kotek_magnet[tick=16740] sensor1: d=0.3189m in_range=False f_mag=0.000N tau_mag=0.0000Nm misalign_deg=88.2 pos=[ 0.32458097 -0.13075653  0.02064627] bottom_world=[ 0.32519703 -0.13030071  0.04063158] quat=[-0.00862875  0.44985753  0.89289474 -0.0171097 ] speed=0.0092 ang_speed=0.1379 ang_vel_vec=[ 0.0809485 -0.1048205  0.038371 ] |com_force|=0.0000N
### kotek_magnet[tick=16740] sensor3: d=0.0149m in_range=True f_mag=0.245N tau_mag=0.0001Nm misalign_deg=15.6 pos=[0.36999443 0.05007462 0.36570346] bottom_world=[0.38926002 0.05005233 0.3603335 ] quat=[-0.00125609 -0.60477114  0.0016535   0.7963966 ] speed=0.0001 ang_speed=0.0033 ang_vel_vec=[ 0.00323042  0.0001513  -0.00063438] |com_force|=0.4905N
### kotek_magnet[tick=16740] sensor4: d=0.5249m in_range=False f_mag=0.000N tau_mag=0.0000Nm misalign_deg=90.0 pos=[-0.10900034  0.10899956  0.4914023 ] bottom_world=[-0.10900032  0.10899962  0.4714023 ] quat=[ 3.8268229e-01  1.5904507e-07 -1.4884549e-06  9.2388004e-01] speed=0.0005 ang_speed=0.0021 ang_vel_vec=[ 0.0015102   0.00130276 -0.00072699] |com_force|=0.0000N
### kotek_magnet[tick=16800] sensor1: d=0.3189m in_range=False f_mag=0.000N tau_mag=0.0000Nm misalign_deg=88.2 pos=[ 0.32458082 -0.13075651  0.02064632] bottom_world=[ 0.32519691 -0.13030067  0.04063163] quat=[-0.00862923  0.44985735  0.8928948  -0.0171106 ] speed=0.0092 ang_speed=0.1384 ang_vel_vec=[ 0.08128987 -0.10515781  0.03850349] |com_force|=0.0000N
### kotek_magnet[tick=16800] sensor3: d=0.0149m in_range=True f_mag=0.245N tau_mag=0.0001Nm misalign_deg=15.6 pos=[0.36999455 0.0500746  0.3657034 ] bottom_world=[0.38926016 0.05005231 0.3603335 ] quat=[-0.00125621 -0.6047723   0.00165362  0.7963958 ] speed=0.0001 ang_speed=0.0034 ang_vel_vec=[ 0.00335972  0.00014582 -0.00062483] |com_force|=0.4905N
### kotek_magnet[tick=16800] sensor4: d=0.5249m in_range=False f_mag=0.000N tau_mag=0.0000Nm misalign_deg=90.0 pos=[-0.10900003  0.10900024  0.49140227] bottom_world=[-0.10900025  0.10900009  0.47140227] quat=[3.8268206e-01 3.8246508e-06 5.6440199e-06 9.2388016e-01] speed=0.0010 ang_speed=0.0018 ang_vel_vec=[ 0.00108387 -0.00111998 -0.00098601] |com_force|=0.0000N
### kotek_magnet[tick=16860] sensor1: d=0.3189m in_range=False f_mag=0.000N tau_mag=0.0000Nm misalign_deg=88.2 pos=[ 0.32458088 -0.13075656  0.02064628] bottom_world=[ 0.32519697 -0.13030074  0.0406316 ] quat=[-0.00862953  0.44985753  0.89289474 -0.01711006] speed=0.0091 ang_speed=0.1376 ang_vel_vec=[ 0.0809486  -0.104453    0.03847435] |com_force|=0.0000N
### kotek_magnet[tick=16860] sensor3: d=0.0149m in_range=True f_mag=0.245N tau_mag=0.0001Nm misalign_deg=15.6 pos=[0.3699947  0.05007454 0.3657032 ] bottom_world=[0.38926034 0.05005221 0.36033342] quat=[-0.00125576 -0.604775    0.00165478  0.79639363] speed=0.0002 ang_speed=0.0031 ang_vel_vec=[ 0.00268298 -0.00025811  0.00149993] |com_force|=0.4904N
### kotek_magnet[tick=16860] sensor4: d=0.5249m in_range=False f_mag=0.000N tau_mag=0.0000Nm misalign_deg=90.0 pos=[-0.10900005  0.1090002   0.49140236] bottom_world=[-0.10900027  0.10900006  0.47140236] quat=[3.8268206e-01 3.6649035e-06 5.3192962e-06 9.2388010e-01] speed=0.0010 ang_speed=0.0016 ang_vel_vec=[ 0.00098638 -0.0008545  -0.00090063] |com_force|=0.0000N
### kotek_magnet[tick=16920] sensor1: d=0.3189m in_range=False f_mag=0.000N tau_mag=0.0000Nm misalign_deg=88.2 pos=[ 0.32458088 -0.13075648  0.0206463 ] bottom_world=[ 0.32519696 -0.13030065  0.04063162] quat=[-0.008629    0.4498575   0.8928948  -0.01711032] speed=0.0092 ang_speed=0.1386 ang_vel_vec=[ 0.08142713 -0.1053611   0.03854181] |com_force|=0.0000N
### kotek_magnet[tick=16920] sensor3: d=0.0149m in_range=True f_mag=0.245N tau_mag=0.0001Nm misalign_deg=15.6 pos=[0.36999473 0.05007494 0.36570328] bottom_world=[0.38926037 0.05005261 0.36033347] quat=[-0.00125258 -0.60477424  0.00165238  0.7963944 ] speed=0.0000 ang_speed=0.0029 ang_vel_vec=[-0.00234222  0.0004524  -0.00168391] |com_force|=0.4905N
### kotek_magnet[tick=16920] sensor4: d=0.5249m in_range=False f_mag=0.000N tau_mag=0.0000Nm misalign_deg=90.0 pos=[-0.10900004  0.10900021  0.49140236] bottom_world=[-0.10900025  0.10900008  0.47140236] quat=[3.8268206e-01 3.6039412e-06 5.1644447e-06 9.2388016e-01] speed=0.0011 ang_speed=0.0012 ang_vel_vec=[ 0.00050998 -0.00057263 -0.00087659] |com_force|=0.0000N
### kotek_magnet[tick=16980] sensor1: d=0.3189m in_range=False f_mag=0.000N tau_mag=0.0000Nm misalign_deg=88.2 pos=[ 0.3245807  -0.13075653  0.02064634] bottom_world=[ 0.32519679 -0.13030069  0.04063166] quat=[-0.00862915  0.44985735  0.8928949  -0.01711044] speed=0.0091 ang_speed=0.1378 ang_vel_vec=[ 0.0809153  -0.10495674  0.03786904] |com_force|=0.0000N
### kotek_magnet[tick=16980] sensor3: d=0.0149m in_range=True f_mag=0.245N tau_mag=0.0001Nm misalign_deg=15.6 pos=[0.36999458 0.05007501 0.36570334] bottom_world=[0.38926021 0.0500527  0.3603335 ] quat=[-0.0012521  -0.6047737   0.00165123  0.79639477] speed=0.0002 ang_speed=0.0056 ang_vel_vec=[-0.00551537  0.00049193 -0.00104546] |com_force|=0.4905N
### kotek_magnet[tick=16980] sensor4: d=0.5249m in_range=False f_mag=0.000N tau_mag=0.0000Nm misalign_deg=90.0 pos=[-0.10900032  0.10899957  0.4914023 ] bottom_world=[-0.10900031  0.10899962  0.4714023 ] quat=[ 3.8268226e-01  2.3907654e-07 -1.3680578e-06  9.2388004e-01] speed=0.0005 ang_speed=0.0022 ang_vel_vec=[ 0.00148871  0.00140132 -0.0006836 ] |com_force|=0.0000N
### kotek_magnet[tick=17040] sensor1: d=0.3189m in_range=False f_mag=0.000N tau_mag=0.0000Nm misalign_deg=88.2 pos=[ 0.32458088 -0.13075651  0.02064635] bottom_world=[ 0.32519697 -0.13030067  0.04063167] quat=[-0.00862907  0.4498575   0.8928948  -0.01711062] speed=0.0091 ang_speed=0.1382 ang_vel_vec=[ 0.08108278 -0.1051138   0.03845516] |com_force|=0.0000N
### kotek_magnet[tick=17040] sensor3: d=0.0149m in_range=True f_mag=0.245N tau_mag=0.0001Nm misalign_deg=15.6 pos=[0.3699946  0.05007461 0.3657034 ] bottom_world=[0.38926022 0.05005233 0.36033352] quat=[-0.00125601 -0.60477287  0.00165333  0.7963953 ] speed=0.0001 ang_speed=0.0033 ang_vel_vec=[ 0.00325338  0.00015489 -0.00062959] |com_force|=0.4905N
### kotek_magnet[tick=17040] sensor4: d=0.5249m in_range=False f_mag=0.000N tau_mag=0.0000Nm misalign_deg=90.0 pos=[-0.10900005  0.10900023  0.49140233] bottom_world=[-0.10900027  0.10900008  0.47140233] quat=[3.8268220e-01 3.7857906e-06 5.4549955e-06 9.2388016e-01] speed=0.0011 ang_speed=0.0016 ang_vel_vec=[ 0.00094391 -0.00087816 -0.00095729] |com_force|=0.0000N
### kotek_magnet[tick=17100] sensor1: d=0.3189m in_range=False f_mag=0.000N tau_mag=0.0000Nm misalign_deg=88.2 pos=[ 0.32458094 -0.13075648  0.02064634] bottom_world=[ 0.32519703 -0.13030064  0.04063166] quat=[-0.0086292   0.44985732  0.8928949  -0.0171106 ] speed=0.0092 ang_speed=0.1393 ang_vel_vec=[ 0.08199    -0.10597791  0.03795522] |com_force|=0.0000N
### kotek_magnet[tick=17100] sensor3: d=0.0149m in_range=True f_mag=0.245N tau_mag=0.0001Nm misalign_deg=15.6 pos=[0.36999467 0.05007482 0.36570343] bottom_world=[0.38926028 0.05005252 0.36033356] quat=[-0.00125392 -0.604773    0.00165211  0.7963952 ] speed=0.0000 ang_speed=0.0029 ang_vel_vec=[-0.00199283  0.00096653 -0.001875  ] |com_force|=0.4906N
### kotek_magnet[tick=17100] sensor4: d=0.5249m in_range=False f_mag=0.000N tau_mag=0.0000Nm misalign_deg=90.0 pos=[-0.10900033  0.10899961  0.4914022 ] bottom_world=[-0.10900032  0.10899966  0.47140221] quat=[ 3.8268220e-01  3.2009729e-07 -1.3035555e-06  9.2388004e-01] speed=0.0006 ang_speed=0.0018 ang_vel_vec=[ 0.00131523  0.0010602  -0.0007101 ] |com_force|=0.0000N
### kotek_magnet[tick=17160] sensor1: d=0.3189m in_range=False f_mag=0.000N tau_mag=0.0000Nm misalign_deg=88.2 pos=[ 0.3245808  -0.13075654  0.02064635] bottom_world=[ 0.32519687 -0.1303007   0.04063166] quat=[-0.00862906  0.4498573   0.8928948  -0.01711039] speed=0.0091 ang_speed=0.1385 ang_vel_vec=[ 0.08156068 -0.10529327  0.03806114] |com_force|=0.0000N
### kotek_magnet[tick=17160] sensor3: d=0.0149m in_range=True f_mag=0.245N tau_mag=0.0001Nm misalign_deg=15.6 pos=[0.36999452 0.05007498 0.3657034 ] bottom_world=[0.38926013 0.05005263 0.36033349] quat=[-0.00125224 -0.60477227  0.0016524   0.7963959 ] speed=0.0001 ang_speed=0.0030 ang_vel_vec=[-0.00249774  0.00051392 -0.00151058] |com_force|=0.4905N
### kotek_magnet[tick=17160] sensor4: d=0.5249m in_range=False f_mag=0.000N tau_mag=0.0000Nm misalign_deg=90.0 pos=[-0.10900016  0.10899857  0.4914023 ] bottom_world=[-0.10900007  0.10899886  0.4714023 ] quat=[ 3.8268316e-01  6.5117223e-07 -7.5711705e-06  9.2387968e-01] speed=0.0009 ang_speed=0.0014 ang_vel_vec=[-0.0001357  -0.00067939  0.00127011] |com_force|=0.0000N
### still playing, 1099s left
### kotek_magnet[tick=17220] sensor1: d=0.3189m in_range=False f_mag=0.000N tau_mag=0.0000Nm misalign_deg=88.2 pos=[ 0.32458082 -0.1307565   0.02064634] bottom_world=[ 0.32519691 -0.13030065  0.04063165] quat=[-0.00862921  0.4498575   0.89289474 -0.01711075] speed=0.0092 ang_speed=0.1389 ang_vel_vec=[ 0.0815304  -0.10547477  0.03886581] |com_force|=0.0000N
### kotek_magnet[tick=17220] sensor3: d=0.0149m in_range=True f_mag=0.245N tau_mag=0.0001Nm misalign_deg=15.6 pos=[0.36999458 0.0500748  0.36570343] bottom_world=[0.38926019 0.0500525  0.36033353] quat=[-0.0012542  -0.6047724   0.00165264  0.79639566] speed=0.0000 ang_speed=0.0009 ang_vel_vec=[-0.00075043  0.00024502 -0.0003647 ] |com_force|=0.4904N
### kotek_magnet[tick=17220] sensor4: d=0.5249m in_range=False f_mag=0.000N tau_mag=0.0000Nm misalign_deg=90.0 pos=[-0.10900041  0.10899854  0.4914023 ] bottom_world=[-0.10900021  0.10899885  0.4714023 ] quat=[ 3.8268283e-01 -1.4227036e-06 -9.1373495e-06  9.2387980e-01] speed=0.0008 ang_speed=0.0026 ang_vel_vec=[0.00090534 0.0023745  0.00046235] |com_force|=0.0000N
### kotek_magnet[tick=17280] sensor1: d=0.3189m in_range=False f_mag=0.000N tau_mag=0.0000Nm misalign_deg=88.2 pos=[ 0.3245808  -0.13075651  0.02064634] bottom_world=[ 0.32519687 -0.13030068  0.04063166] quat=[-0.00862908  0.44985747  0.8928948  -0.01711032] speed=0.0091 ang_speed=0.1388 ang_vel_vec=[ 0.08137241 -0.1057028   0.0384696 ] |com_force|=0.0000N
### kotek_magnet[tick=17280] sensor3: d=0.0149m in_range=True f_mag=0.245N tau_mag=0.0001Nm misalign_deg=15.6 pos=[0.3699946  0.05007499 0.36570328] bottom_world=[0.38926024 0.05005268 0.36033346] quat=[-0.00125238 -0.604774    0.00165156  0.7963945 ] speed=0.0002 ang_speed=0.0062 ang_vel_vec=[-0.00613168  0.00066234 -0.00053807] |com_force|=0.4905N
### kotek_magnet[tick=17280] sensor4: d=0.5249m in_range=False f_mag=0.000N tau_mag=0.0000Nm misalign_deg=90.0 pos=[-0.10900016  0.10899858  0.4914022 ] bottom_world=[-0.10900008  0.10899886  0.47140221] quat=[ 3.8268313e-01  8.8311191e-07 -7.1271515e-06  9.2387974e-01] speed=0.0008 ang_speed=0.0019 ang_vel_vec=[ 6.6374181e-05 -1.1395015e-03  1.5334139e-03] |com_force|=0.0000N
### kotek_magnet[tick=17340] sensor1: d=0.3189m in_range=False f_mag=0.000N tau_mag=0.0000Nm misalign_deg=88.2 pos=[ 0.3245809  -0.1307565   0.02064634] bottom_world=[ 0.32519699 -0.13030066  0.04063166] quat=[-0.00862906  0.44985718  0.8928949  -0.01711029] speed=0.0091 ang_speed=0.1372 ang_vel_vec=[ 0.08074132 -0.10436864  0.03740504] |com_force|=0.0000N
### kotek_magnet[tick=17340] sensor3: d=0.0149m in_range=True f_mag=0.245N tau_mag=0.0001Nm misalign_deg=15.6 pos=[0.3699946  0.05007496 0.3657034 ] bottom_world=[0.38926024 0.05005265 0.36033356] quat=[-0.00125262 -0.6047736   0.00165158  0.7963949 ] speed=0.0002 ang_speed=0.0050 ang_vel_vec=[-0.00490411  0.00049134 -0.00063777] |com_force|=0.4905N
### kotek_magnet[tick=17340] sensor4: d=0.5249m in_range=False f_mag=0.000N tau_mag=0.0000Nm misalign_deg=90.0 pos=[-0.10900014  0.10899854  0.49140233] bottom_world=[-0.10900004  0.10899883  0.47140233] quat=[ 3.8268328e-01  5.4229810e-07 -7.7511950e-06  9.2387968e-01] speed=0.0009 ang_speed=0.0016 ang_vel_vec=[-0.00043648 -0.00026857  0.00153939] |com_force|=0.0000N
### kotek_magnet[tick=17400] sensor1: d=0.3189m in_range=False f_mag=0.000N tau_mag=0.0000Nm misalign_deg=88.2 pos=[ 0.32458073 -0.13075654  0.02064632] bottom_world=[ 0.3251968  -0.13030071  0.04063164] quat=[-0.00862885  0.44985747  0.89289486 -0.01711022] speed=0.0091 ang_speed=0.1381 ang_vel_vec=[ 0.08108475 -0.10509298  0.03820663] |com_force|=0.0000N
### kotek_magnet[tick=17400] sensor3: d=0.0149m in_range=True f_mag=0.245N tau_mag=0.0001Nm misalign_deg=15.6 pos=[0.36999458 0.05007454 0.3657034 ] bottom_world=[0.3892602  0.05005221 0.36033354] quat=[-0.00125573 -0.6047733   0.0016548   0.796395  ] speed=0.0002 ang_speed=0.0031 ang_vel_vec=[ 0.00267691 -0.00028473  0.00149103] |com_force|=0.4904N
### kotek_magnet[tick=17400] sensor4: d=0.5249m in_range=False f_mag=0.000N tau_mag=0.0000Nm misalign_deg=90.0 pos=[-0.10900038  0.1089988   0.49140227] bottom_world=[-0.10900022  0.10899908  0.47140227] quat=[ 3.8268265e-01 -9.9429178e-07 -8.0112359e-06  9.2387980e-01] speed=0.0005 ang_speed=0.0038 ang_vel_vec=[-0.0008899   0.00361034  0.00052592] |com_force|=0.0000N
### kotek_magnet[tick=17460] sensor1: d=0.3189m in_range=False f_mag=0.000N tau_mag=0.0000Nm misalign_deg=88.2 pos=[ 0.32458076 -0.13075656  0.0206463 ] bottom_world=[ 0.32519683 -0.13030073  0.04063162] quat=[-0.0086288   0.44985726  0.8928949  -0.01711003] speed=0.0091 ang_speed=0.1360 ang_vel_vec=[ 0.07979997 -0.10336562  0.03793989] |com_force|=0.0000N
### kotek_magnet[tick=17460] sensor3: d=0.0149m in_range=True f_mag=0.245N tau_mag=0.0001Nm misalign_deg=15.6 pos=[0.36999458 0.05007494 0.36570328] bottom_world=[0.38926022 0.05005263 0.36033349] quat=[-0.0012529  -0.6047748   0.00165176  0.796394  ] speed=0.0001 ang_speed=0.0042 ang_vel_vec=[-0.00408098  0.00044964 -0.00100338] |com_force|=0.4905N
### kotek_magnet[tick=17460] sensor4: d=0.5249m in_range=False f_mag=0.000N tau_mag=0.0000Nm misalign_deg=90.0 pos=[-0.10900018  0.10899857  0.49140224] bottom_world=[-0.10900009  0.10899886  0.47140224] quat=[ 3.8268313e-01  7.7285921e-07 -7.4930476e-06  9.2387968e-01] speed=0.0009 ang_speed=0.0018 ang_vel_vec=[-0.00028039 -0.00076315  0.00163989] |com_force|=0.0000N
### kotek_magnet[tick=17520] sensor1: d=0.3189m in_range=False f_mag=0.000N tau_mag=0.0000Nm misalign_deg=88.2 pos=[ 0.32458085 -0.13075653  0.02064632] bottom_world=[ 0.32519694 -0.13030068  0.04063163] quat=[-0.00862918  0.44985726  0.89289486 -0.01711065] speed=0.0092 ang_speed=0.1393 ang_vel_vec=[ 0.08215123 -0.10615841  0.03740909] |com_force|=0.0000N
### kotek_magnet[tick=17520] sensor3: d=0.0149m in_range=True f_mag=0.245N tau_mag=0.0001Nm misalign_deg=15.6 pos=[0.36999446 0.05007467 0.36570337] bottom_world=[0.38926008 0.05005238 0.3603335 ] quat=[-0.00125554 -0.604773    0.00165309  0.7963953 ] speed=0.0001 ang_speed=0.0023 ang_vel_vec=[ 2.2588188e-03 -4.2177242e-04  8.3262537e-05] |com_force|=0.4903N
### kotek_magnet[tick=17520] sensor4: d=0.5249m in_range=False f_mag=0.000N tau_mag=0.0000Nm misalign_deg=90.0 pos=[-0.10900009  0.10899936  0.49140227] bottom_world=[-0.10900017  0.1089994   0.47140227] quat=[ 3.8268265e-01  2.0271780e-06 -1.9779392e-07  9.2387980e-01] speed=0.0002 ang_speed=0.0011 ang_vel_vec=[ 0.00093634 -0.00043087  0.00048548] |com_force|=0.0000N
### kotek_magnet[tick=17580] sensor1: d=0.3189m in_range=False f_mag=0.000N tau_mag=0.0000Nm misalign_deg=88.2 pos=[ 0.3245809  -0.13075647  0.02064635] bottom_world=[ 0.32519699 -0.13030062  0.04063166] quat=[-0.00862898  0.44985732  0.89289486 -0.01711071] speed=0.0092 ang_speed=0.1389 ang_vel_vec=[ 0.08157647 -0.10571776  0.03813486] |com_force|=0.0000N
### kotek_magnet[tick=17580] sensor3: d=0.0149m in_range=True f_mag=0.245N tau_mag=0.0001Nm misalign_deg=15.6 pos=[0.3699946  0.05007497 0.36570325] bottom_world=[0.38926025 0.05005266 0.36033348] quat=[-0.00125244 -0.60477513  0.00165137  0.7963936 ] speed=0.0002 ang_speed=0.0051 ang_vel_vec=[-0.00499708  0.00029366 -0.00077089] |com_force|=0.4905N
### kotek_magnet[tick=17580] sensor4: d=0.5249m in_range=False f_mag=0.000N tau_mag=0.0000Nm misalign_deg=90.0 pos=[-0.10900011  0.1090002   0.49140224] bottom_world=[-0.10900032  0.10900006  0.47140224] quat=[3.8268197e-01 3.6104391e-06 5.3562953e-06 9.2388016e-01] speed=0.0011 ang_speed=0.0016 ang_vel_vec=[ 0.00085805 -0.0008299  -0.00104778] |com_force|=0.0000N
### kotek_magnet[tick=17640] sensor1: d=0.3189m in_range=False f_mag=0.000N tau_mag=0.0000Nm misalign_deg=88.2 pos=[ 0.32458088 -0.13075653  0.02064635] bottom_world=[ 0.32519696 -0.13030069  0.04063166] quat=[-0.00862906  0.44985735  0.89289486 -0.01711026] speed=0.0091 ang_speed=0.1379 ang_vel_vec=[ 0.08113685 -0.10492759  0.0378421 ] |com_force|=0.0000N
### kotek_magnet[tick=17640] sensor3: d=0.0149m in_range=True f_mag=0.245N tau_mag=0.0001Nm misalign_deg=15.6 pos=[0.36999467 0.0500746  0.36570328] bottom_world=[0.3892603  0.05005232 0.36033347] quat=[-0.00125623 -0.6047742   0.00165357  0.7963944 ] speed=0.0001 ang_speed=0.0034 ang_vel_vec=[ 0.00334567  0.0002444  -0.00062641] |com_force|=0.4905N
### kotek_magnet[tick=17640] sensor4: d=0.5249m in_range=False f_mag=0.000N tau_mag=0.0000Nm misalign_deg=90.0 pos=[-0.10900036  0.10899962  0.49140224] bottom_world=[-0.10900033  0.10899968  0.47140224] quat=[ 3.8268226e-01  5.1650716e-08 -1.7629018e-06  9.2388004e-01] speed=0.0005 ang_speed=0.0022 ang_vel_vec=[ 0.00144085  0.00139566 -0.00080207] |com_force|=0.0000N
### kotek_magnet[tick=17700] sensor1: d=0.3189m in_range=False f_mag=0.000N tau_mag=0.0000Nm misalign_deg=88.2 pos=[ 0.32458085 -0.1307565   0.0206463 ] bottom_world=[ 0.32519692 -0.13030066  0.04063161] quat=[-0.00862888  0.44985738  0.8928948  -0.0171102 ] speed=0.0091 ang_speed=0.1378 ang_vel_vec=[ 0.08070007 -0.10499284  0.03794915] |com_force|=0.0000N
### kotek_magnet[tick=17700] sensor3: d=0.0149m in_range=True f_mag=0.245N tau_mag=0.0001Nm misalign_deg=15.6 pos=[0.36999452 0.05007501 0.36570337] bottom_world=[0.38926014 0.05005267 0.36033351] quat=[-0.00125206 -0.6047732   0.001652    0.7963951 ] speed=0.0001 ang_speed=0.0049 ang_vel_vec=[-0.00473923  0.00055178 -0.0010413 ] |com_force|=0.4905N
### kotek_magnet[tick=17700] sensor4: d=0.5249m in_range=False f_mag=0.000N tau_mag=0.0000Nm misalign_deg=90.0 pos=[-0.10900337  0.10902888  0.4913962 ] bottom_world=[-0.10900655  0.10902065  0.47139619] quat=[ 3.8267452e-01 -5.4160632e-06  2.2044698e-04  9.2388326e-01] speed=0.0247 ang_speed=0.2240 ang_vel_vec=[-0.20848806  0.08013751 -0.01739321] |com_force|=0.0000N
### kotek_magnet[tick=17760] sensor1: d=0.3189m in_range=False f_mag=0.000N tau_mag=0.0000Nm misalign_deg=88.2 pos=[ 0.32458085 -0.13075648  0.02064632] bottom_world=[ 0.32519693 -0.13030065  0.04063163] quat=[-0.00862906  0.44985744  0.8928948  -0.0171103 ] speed=0.0091 ang_speed=0.1380 ang_vel_vec=[ 0.0811316  -0.10487186  0.03810713] |com_force|=0.0000N
### kotek_magnet[tick=17760] sensor3: d=0.0149m in_range=True f_mag=0.245N tau_mag=0.0001Nm misalign_deg=15.6 pos=[0.36999497 0.05007499 0.36570308] bottom_world=[0.38926065 0.05005265 0.36033341] quat=[-0.00125215 -0.6047774   0.00165217  0.79639196] speed=0.0002 ang_speed=0.0051 ang_vel_vec=[-0.0050332   0.00036271 -0.00046682] |com_force|=0.4905N
### kotek_magnet[tick=17760] sensor4: d=0.5250m in_range=False f_mag=0.000N tau_mag=0.0000Nm misalign_deg=90.0 pos=[-0.10910329  0.10908463  0.4913658 ] bottom_world=[-0.10909496  0.10906113  0.47136581] quat=[ 3.8109192e-01 -4.1640646e-04  4.6384384e-04  9.2453688e-01] speed=0.0339 ang_speed=0.4909 ang_vel_vec=[-0.2344788  -0.14584807 -0.40590292] |com_force|=0.0000N
### kotek_magnet[tick=17820] sensor1: d=0.3189m in_range=False f_mag=0.000N tau_mag=0.0000Nm misalign_deg=88.2 pos=[ 0.32458082 -0.13075653  0.02064629] bottom_world=[ 0.32519691 -0.13030069  0.0406316 ] quat=[-0.00862924  0.44985756  0.8928947  -0.01711036] speed=0.0092 ang_speed=0.1387 ang_vel_vec=[ 0.08134047 -0.1053532   0.03905727] |com_force|=0.0000N
### kotek_magnet[tick=17820] sensor3: d=0.0149m in_range=True f_mag=0.245N tau_mag=0.0001Nm misalign_deg=15.6 pos=[0.36999455 0.05007464 0.36570323] bottom_world=[0.38926017 0.05005235 0.36033337] quat=[-0.00125584 -0.60477334  0.00165338  0.79639494] speed=0.0001 ang_speed=0.0034 ang_vel_vec=[ 0.00336266 -0.00017408 -0.00030932] |com_force|=0.4904N
### kotek_magnet[tick=17820] sensor4: d=0.5315m in_range=False f_mag=0.000N tau_mag=0.0000Nm misalign_deg=89.5 pos=[-0.116214   0.111904   0.4913915] bottom_world=[-0.11604281  0.11197471  0.47139237] quat=[ 0.32873872 -0.00346081 -0.00307656  0.94440955] speed=0.1489 ang_speed=3.0618 ang_vel_vec=[ 1.3443234 -1.4717995 -2.3240051] |com_force|=0.0000N
### kotek_magnet[tick=17880] sensor1: d=0.3189m in_range=False f_mag=0.000N tau_mag=0.0000Nm misalign_deg=88.2 pos=[ 0.32458076 -0.13075648  0.02064629] bottom_world=[ 0.32519683 -0.13030065  0.0406316 ] quat=[-0.00862884  0.44985744  0.8928948  -0.01711004] speed=0.0092 ang_speed=0.1376 ang_vel_vec=[ 0.08069833 -0.10475498  0.03815404] |com_force|=0.0000N
### kotek_magnet[tick=17880] sensor3: d=0.0149m in_range=True f_mag=0.245N tau_mag=0.0001Nm misalign_deg=15.6 pos=[0.36999467 0.05007488 0.36570325] bottom_world=[0.38926031 0.05005255 0.36033344] quat=[-0.0012533  -0.6047743   0.00165257  0.79639435] speed=0.0000 ang_speed=0.0019 ang_vel_vec=[-0.00106983  0.00040965 -0.00152251] |com_force|=0.4905N
### kotek_magnet[tick=17880] sensor4: d=0.5328m in_range=False f_mag=0.000N tau_mag=0.0000Nm misalign_deg=89.8 pos=[-0.11756904  0.11256152  0.491307  ] bottom_world=[-0.11748918  0.1125726   0.47130715] quat=[ 3.1461075e-01 -1.8081286e-03 -8.9108577e-04  9.4921875e-01] speed=0.1006 ang_speed=1.8805 ang_vel_vec=[-0.4744641 -1.0821522  1.4629322] |com_force|=0.0000N
### kotek_magnet[tick=17940] sensor1: d=0.3189m in_range=False f_mag=0.000N tau_mag=0.0000Nm misalign_deg=88.2 pos=[ 0.3245809  -0.13075651  0.02064633] bottom_world=[ 0.32519699 -0.13030067  0.04063165] quat=[-0.00862909  0.44985762  0.89289474 -0.01711048] speed=0.0091 ang_speed=0.1376 ang_vel_vec=[ 0.08056794 -0.10463643  0.03879462] |com_force|=0.0000N
### kotek_magnet[tick=17940] sensor3: d=0.0149m in_range=True f_mag=0.245N tau_mag=0.0001Nm misalign_deg=15.6 pos=[0.36999443 0.05007462 0.36570328] bottom_world=[0.38926005 0.05005232 0.3603334 ] quat=[-0.00125578 -0.60477287  0.00165374  0.7963953 ] speed=0.0002 ang_speed=0.0043 ang_vel_vec=[ 0.00419093 -0.00078344  0.00083859] |com_force|=0.4903N
### kotek_magnet[tick=17940] sensor4: d=0.5497m in_range=False f_mag=0.000N tau_mag=0.0000Nm misalign_deg=88.5 pos=[-0.1340413   0.10655564  0.49473682] bottom_world=[-0.13352959  0.10570993  0.47476126] quat=[ 0.06764888 -0.01419824  0.0202348   0.9974029 ] speed=0.1083 ang_speed=4.1717 ang_vel_vec=[-1.5609868  2.3875787 -3.0440292] |com_force|=0.0000N
### kotek_magnet[tick=18000] sensor1: d=0.3189m in_range=False f_mag=0.000N tau_mag=0.0000Nm misalign_deg=88.2 pos=[ 0.32458085 -0.13075653  0.02064634] bottom_world=[ 0.32519694 -0.13030069  0.04063166] quat=[-0.00862918  0.4498575   0.89289486 -0.01711034] speed=0.0092 ang_speed=0.1392 ang_vel_vec=[ 0.08192134 -0.10564338  0.03864748] |com_force|=0.0000N
### kotek_magnet[tick=18000] sensor3: d=0.0149m in_range=True f_mag=0.245N tau_mag=0.0001Nm misalign_deg=15.6 pos=[0.36999464 0.05007494 0.36570337] bottom_world=[0.38926026 0.05005263 0.3603335 ] quat=[-0.00125288 -0.604773    0.00165159  0.7963953 ] speed=0.0001 ang_speed=0.0039 ang_vel_vec=[-0.00316921  0.00106094 -0.002006  ] |com_force|=0.4905N
### kotek_magnet[tick=18000] sensor4: d=0.5549m in_range=False f_mag=0.000N tau_mag=0.0000Nm misalign_deg=88.4 pos=[-0.13445543  0.1071054   0.51473504] bottom_world=[-0.13389314  0.10638625  0.49475589] quat=[ 0.05928396 -0.01510249  0.0171179   0.9979801 ] speed=0.1117 ang_speed=3.5665 ang_vel_vec=[ 0.797948   2.2800746 -2.6238291] |com_force|=0.0000N
### kotek_magnet[tick=18060] sensor1: d=0.3189m in_range=False f_mag=0.000N tau_mag=0.0000Nm misalign_deg=88.3 pos=[ 0.32457083 -0.13076347  0.02064884] bottom_world=[ 0.3251808  -0.13031169  0.04063443] quat=[-0.00853847  0.44984052  0.8929072  -0.01695065] speed=0.0009 ang_speed=0.0142 ang_vel_vec=[ 0.00784179 -0.01183328  0.00030346] |com_force|=0.0000N
### kotek_magnet[tick=18060] sensor3: d=0.0149m in_range=True f_mag=0.245N tau_mag=0.0001Nm misalign_deg=15.6 pos=[0.36999458 0.05007489 0.36570328] bottom_world=[0.3892602  0.05005259 0.36033343] quat=[-0.00125333 -0.6047735   0.00165196  0.7963948 ] speed=0.0001 ang_speed=0.0039 ang_vel_vec=[-0.00380343  0.00051219 -0.00066512] |com_force|=0.4905N
### kotek_magnet[tick=18060] sensor4: d=0.5615m in_range=False f_mag=0.000N tau_mag=0.0000Nm misalign_deg=88.3 pos=[-0.13460058  0.10807607  0.5382996 ] bottom_world=[-0.13399951  0.10749733  0.51831703] quat=[ 0.05254051 -0.01576974  0.01366194  0.99840087] speed=0.1222 ang_speed=3.5660 ang_vel_vec=[-0.049505   1.9032828 -3.0152164] |com_force|=0.0000N
### kotek_magnet[tick=18120] sensor1: d=0.3189m in_range=False f_mag=0.000N tau_mag=0.0000Nm misalign_deg=88.2 pos=[ 0.32458088 -0.13075653  0.02064632] bottom_world=[ 0.32519695 -0.1303007   0.04063163] quat=[-0.00862888  0.4498575   0.8928947  -0.01710995] speed=0.0092 ang_speed=0.1396 ang_vel_vec=[ 0.08181457 -0.10619362  0.03879424] |com_force|=0.0000N
### kotek_magnet[tick=18120] sensor3: d=0.0149m in_range=True f_mag=0.245N tau_mag=0.0001Nm misalign_deg=15.6 pos=[0.36999443 0.05007496 0.36570358] bottom_world=[0.38926002 0.05005265 0.36033362] quat=[-0.00125254 -0.6047712   0.00165152  0.79639655] speed=0.0002 ang_speed=0.0049 ang_vel_vec=[-0.00487939  0.00043911 -0.00061586] |com_force|=0.4905N
### kotek_magnet[tick=18120] sensor4: d=0.5698m in_range=False f_mag=0.000N tau_mag=0.0000Nm misalign_deg=88.2 pos=[-0.13460438  0.10940251  0.56438005] bottom_world=[-0.13398738  0.10895388  0.5443946 ] quat=[ 0.05003092 -0.0159699   0.01043186  0.99856555] speed=0.1330 ang_speed=4.4974 ang_vel_vec=[ 0.25683907  1.2658949  -4.3079185 ] |com_force|=0.0000N
### kotek_magnet[tick=18180] sensor1: d=0.3189m in_range=False f_mag=0.000N tau_mag=0.0000Nm misalign_deg=88.2 pos=[ 0.32458076 -0.13075656  0.02064632] bottom_world=[ 0.32519683 -0.13030073  0.04063163] quat=[-0.00862886  0.44985726  0.89289486 -0.01710999] speed=0.0092 ang_speed=0.1383 ang_vel_vec=[ 0.08126292 -0.10522485  0.03807206] |com_force|=0.0000N
### kotek_magnet[tick=18180] sensor3: d=0.0149m in_range=True f_mag=0.245N tau_mag=0.0001Nm misalign_deg=15.6 pos=[0.3699944  0.05007462 0.3657035 ] bottom_world=[0.38926001 0.05005233 0.36033357] quat=[-0.00125608 -0.604772    0.00165346  0.79639614] speed=0.0001 ang_speed=0.0034 ang_vel_vec=[ 0.00324565 -0.00031464 -0.00084823] |com_force|=0.4904N
### kotek_magnet[tick=18180] sensor4: d=0.5755m in_range=False f_mag=0.000N tau_mag=0.0000Nm misalign_deg=88.2 pos=[-0.13456504  0.11007848  0.58089656] bottom_world=[-0.13392987  0.10973106  0.56090966] quat=[ 0.04758008 -0.01627721  0.00792116  0.9987034 ] speed=0.0934 ang_speed=3.9641 ang_vel_vec=[-0.18281052  1.752663   -3.55086   ] |com_force|=0.0000N
### kotek_magnet[tick=18240] sensor1: d=0.3189m in_range=False f_mag=0.000N tau_mag=0.0000Nm misalign_deg=88.2 pos=[ 0.32458085 -0.13075653  0.02064629] bottom_world=[ 0.32519693 -0.13030069  0.04063161] quat=[-0.00862904  0.4498575   0.8928948  -0.01711026] speed=0.0092 ang_speed=0.1397 ang_vel_vec=[ 0.08218052 -0.10619973  0.03838349] |com_force|=0.0000N
### kotek_magnet[tick=18240] sensor3: d=0.0149m in_range=True f_mag=0.245N tau_mag=0.0001Nm misalign_deg=15.6 pos=[0.36999476 0.0500748  0.3657032 ] bottom_world=[0.3892604  0.05005249 0.36033342] quat=[-0.00125418 -0.6047751   0.00165252  0.7963937 ] speed=0.0000 ang_speed=0.0011 ang_vel_vec=[-0.00074063  0.00043516 -0.00071978] |com_force|=0.4905N
### kotek_magnet[tick=18240] sensor4: d=0.5747m in_range=False f_mag=0.000N tau_mag=0.0000Nm misalign_deg=87.9 pos=[-0.13542512  0.11359552  0.5773986 ] bottom_world=[-0.13470246  0.11273325  0.55743027] quat=[ 0.05793241 -0.01929305  0.02048145  0.9979239 ] speed=0.1219 ang_speed=6.4426 ang_vel_vec=[ 2.1394935  1.6425999 -5.8507576] |com_force|=0.0000N
### kotek_magnet[tick=18300] sensor1: d=0.3189m in_range=False f_mag=0.000N tau_mag=0.0000Nm misalign_deg=88.2 pos=[ 0.32458082 -0.1307565   0.02064634] bottom_world=[ 0.3251969  -0.13030066  0.04063166] quat=[-0.00862901  0.44985735  0.8928949  -0.01711033] speed=0.0091 ang_speed=0.1374 ang_vel_vec=[ 0.08075346 -0.10455853  0.03768705] |com_force|=0.0000N
### kotek_magnet[tick=18300] sensor3: d=0.0149m in_range=True f_mag=0.245N tau_mag=0.0001Nm misalign_deg=15.6 pos=[0.36999458 0.05007468 0.3657033 ] bottom_world=[0.3892602  0.05005239 0.36033345] quat=[-0.00125532 -0.6047733   0.00165289  0.79639506] speed=0.0002 ang_speed=0.0026 ang_vel_vec=[ 0.00250484 -0.00049137 -0.00012454] |com_force|=0.4903N
### kotek_magnet[tick=18300] sensor4: d=0.5733m in_range=False f_mag=0.000N tau_mag=0.0000Nm misalign_deg=89.0 pos=[-0.13508421  0.12902133  0.5752565 ] bottom_world=[-0.13474803  0.12751103  0.55531647] quat=[ 0.12250807 -0.01297983  0.03646968  0.9917124 ] speed=0.1070 ang_speed=6.1119 ang_vel_vec=[ 1.974141   1.5167171 -5.5819416] |com_force|=0.0000N
### kotek_magnet[tick=18360] sensor1: d=0.3189m in_range=False f_mag=0.000N tau_mag=0.0000Nm misalign_deg=88.2 pos=[ 0.32458076 -0.13075654  0.0206463 ] bottom_world=[ 0.32519683 -0.13030071  0.04063162] quat=[-0.00862889  0.44985753  0.89289486 -0.01711008] speed=0.0091 ang_speed=0.1375 ang_vel_vec=[ 0.08088735 -0.10434429  0.03853766] |com_force|=0.0000N
### kotek_magnet[tick=18360] sensor3: d=0.0149m in_range=True f_mag=0.245N tau_mag=0.0001Nm misalign_deg=15.6 pos=[0.36999467 0.05007481 0.36570328] bottom_world=[0.3892603  0.05005251 0.36033344] quat=[-0.00125406 -0.60477364  0.00165233  0.79639477] speed=0.0000 ang_speed=0.0012 ang_vel_vec=[-0.00084584  0.0003823  -0.0007294 ] |com_force|=0.4905N
### kotek_magnet[tick=18360] sensor4: d=0.5701m in_range=False f_mag=0.000N tau_mag=0.0000Nm misalign_deg=90.5 pos=[-0.13260369  0.14668013  0.57271665] bottom_world=[-0.13278316  0.14459829  0.55282611] quat=[ 0.20227477 -0.0061567   0.05194718  0.97793084] speed=0.1298 ang_speed=6.8068 ang_vel_vec=[ 1.2602065   0.45806444 -6.6734476 ] |com_force|=0.0000N
### kotek_magnet[tick=18420] sensor1: d=0.3189m in_range=False f_mag=0.000N tau_mag=0.0000Nm misalign_deg=88.2 pos=[ 0.32458085 -0.13075654  0.02064635] bottom_world=[ 0.32519694 -0.1303007   0.04063166] quat=[-0.00862912  0.44985735  0.89289486 -0.01711053] speed=0.0092 ang_speed=0.1394 ang_vel_vec=[ 0.08205698 -0.10611828  0.03785072] |com_force|=0.0000N
### kotek_magnet[tick=18420] sensor3: d=0.0149m in_range=True f_mag=0.245N tau_mag=0.0001Nm misalign_deg=15.6 pos=[0.3699944  0.05007497 0.3657035 ] bottom_world=[0.38925999 0.05005262 0.36033353] quat=[-0.00125221 -0.60477114  0.00165236  0.7963967 ] speed=0.0001 ang_speed=0.0030 ang_vel_vec=[-0.00250129  0.00046736 -0.00150212] |com_force|=0.4905N
### kotek_magnet[tick=18420] sensor4: d=0.5660m in_range=False f_mag=0.000N tau_mag=0.0000Nm misalign_deg=92.6 pos=[-0.1283335   0.16431445  0.57004553] bottom_world=[-0.12923139  0.16174709  0.55023133] quat=[0.28319377 0.0033128  0.06807399 0.95663804] speed=0.1306 ang_speed=6.7905 ang_vel_vec=[ 1.2012333   0.04781952 -6.6832266 ] |com_force|=0.0000N
### kotek_magnet[tick=18480] sensor1: d=0.3189m in_range=False f_mag=0.000N tau_mag=0.0000Nm misalign_deg=88.2 pos=[ 0.3245809  -0.13075654  0.02064634] bottom_world=[ 0.32519699 -0.13030071  0.04063165] quat=[-0.008629    0.44985726  0.8928948  -0.01711026] speed=0.0092 ang_speed=0.1396 ang_vel_vec=[ 0.08214065 -0.10613283  0.03837425] |com_force|=0.0000N
### kotek_magnet[tick=18480] sensor3: d=0.0149m in_range=True f_mag=0.245N tau_mag=0.0001Nm misalign_deg=15.6 pos=[0.36999455 0.05007488 0.36570328] bottom_world=[0.38926018 0.05005258 0.36033347] quat=[-0.00125332 -0.6047742   0.0016519   0.79639435] speed=0.0001 ang_speed=0.0028 ang_vel_vec=[-0.00252333  0.00024053 -0.00126813] |com_force|=0.4905N
### kotek_magnet[tick=18480] sensor4: d=0.5609m in_range=False f_mag=0.000N tau_mag=0.0000Nm misalign_deg=94.8 pos=[-0.12266288  0.18104878  0.56706965] bottom_world=[-0.12432921  0.17804015  0.54736758] quat=[0.35400364 0.01225909 0.08542849 0.9312536 ] speed=0.1426 ang_speed=4.9363 ang_vel_vec=[-0.4680403  1.5717807 -4.655916 ] |com_force|=0.0000N
### kotek_magnet[tick=18540] sensor1: d=0.3189m in_range=False f_mag=0.000N tau_mag=0.0000Nm misalign_deg=88.2 pos=[ 0.3245809  -0.13075662  0.02064631] bottom_world=[ 0.325197   -0.13030079  0.04063162] quat=[-0.00862936  0.44985735  0.89289486 -0.01711011] speed=0.0092 ang_speed=0.1403 ang_vel_vec=[ 0.08277009 -0.106754    0.03795181] |com_force|=0.0000N
### kotek_magnet[tick=18540] sensor3: d=0.0149m in_range=True f_mag=0.245N tau_mag=0.0001Nm misalign_deg=15.6 pos=[0.36999458 0.05007459 0.36570337] bottom_world=[0.38926019 0.05005231 0.36033347] quat=[-0.00125626 -0.6047724   0.0016536   0.7963956 ] speed=0.0001 ang_speed=0.0035 ang_vel_vec=[ 3.4552612e-03  8.9284920e-05 -6.0830329e-04] |com_force|=0.4905N
### kotek_magnet[tick=18540] sensor4: d=0.5547m in_range=False f_mag=0.000N tau_mag=0.0000Nm misalign_deg=97.2 pos=[-0.11510098  0.19734256  0.5639248 ] bottom_world=[-0.11761251  0.19412674  0.54434544] quat=[0.42611682 0.02241422 0.10006993 0.8988371 ] speed=0.1097 ang_speed=7.6655 ang_vel_vec=[-2.4732919  2.2776792 -6.8887267] |com_force|=0.0000N
### kotek_magnet[tick=18600] sensor1: d=0.3189m in_range=False f_mag=0.000N tau_mag=0.0000Nm misalign_deg=88.2 pos=[ 0.32458082 -0.13075654  0.02064633] bottom_world=[ 0.3251969  -0.1303007   0.04063165] quat=[-0.00862903  0.4498575   0.89289486 -0.01711044] speed=0.0091 ang_speed=0.1382 ang_vel_vec=[ 0.08110428 -0.1051811   0.03812855] |com_force|=0.0000N
### kotek_magnet[tick=18600] sensor3: d=0.0149m in_range=True f_mag=0.245N tau_mag=0.0001Nm misalign_deg=15.6 pos=[0.36999458 0.05007471 0.36570325] bottom_world=[0.38926021 0.05005242 0.36033343] quat=[-0.00125502 -0.60477406  0.00165275  0.7963944 ] speed=0.0001 ang_speed=0.0015 ang_vel_vec=[ 1.3628736e-03 -2.5230020e-05 -6.7707291e-04] |com_force|=0.4905N
### kotek_magnet[tick=18600] sensor4: d=0.5477m in_range=False f_mag=0.000N tau_mag=0.0000Nm misalign_deg=100.0 pos=[-0.10634512  0.21247959  0.5605751 ] bottom_world=[-0.10982633  0.20902477  0.54118581] quat=[0.49119082 0.03312245 0.11903816 0.86224383] speed=0.1091 ang_speed=5.8766 ang_vel_vec=[-1.3354032  2.275145  -5.2512074] |com_force|=0.0000N
### kotek_magnet[tick=18660] sensor1: d=0.3189m in_range=False f_mag=0.000N tau_mag=0.0000Nm misalign_deg=88.2 pos=[ 0.32458085 -0.1307565   0.02064633] bottom_world=[ 0.32519692 -0.13030066  0.04063164] quat=[-0.00862884  0.44985735  0.8928948  -0.01711022] speed=0.0091 ang_speed=0.1380 ang_vel_vec=[ 0.08091313 -0.10507725  0.03811645] |com_force|=0.0000N
### kotek_magnet[tick=18660] sensor3: d=0.0149m in_range=True f_mag=0.245N tau_mag=0.0001Nm misalign_deg=15.6 pos=[0.36999452 0.0500746  0.36570334] bottom_world=[0.38926014 0.05005232 0.36033347] quat=[-0.00125608 -0.604773    0.00165344  0.7963953 ] speed=0.0002 ang_speed=0.0034 ang_vel_vec=[ 0.00297145 -0.00145309 -0.00055438] |com_force|=0.4903N
### kotek_magnet[tick=18660] sensor4: d=0.5398m in_range=False f_mag=0.000N tau_mag=0.0000Nm misalign_deg=103.1 pos=[-0.09618524  0.2267618   0.5571002 ] bottom_world=[-0.10071935  0.22330801  0.53792954] quat=[0.5535449  0.04614154 0.1364006  0.8202768 ] speed=0.1213 ang_speed=3.4272 ang_vel_vec=[-0.71391225  2.0824108  -2.6267335 ] |com_force|=0.0000N
### kotek_magnet[tick=18720] sensor1: d=0.3189m in_range=False f_mag=0.000N tau_mag=0.0000Nm misalign_deg=88.2 pos=[ 0.32458082 -0.1307565   0.02064629] bottom_world=[ 0.32519689 -0.13030067  0.0406316 ] quat=[-0.00862892  0.44985744  0.8928948  -0.01711   ] speed=0.0092 ang_speed=0.1391 ang_vel_vec=[ 0.08184104 -0.10571504  0.03827456] |com_force|=0.0000N
### kotek_magnet[tick=18720] sensor3: d=0.0149m in_range=True f_mag=0.245N tau_mag=0.0001Nm misalign_deg=15.6 pos=[0.3699945  0.0500749  0.36570334] bottom_world=[0.38926012 0.05005259 0.3603335 ] quat=[-0.00125334 -0.6047737   0.00165196  0.79639477] speed=0.0001 ang_speed=0.0029 ang_vel_vec=[-0.00255693  0.00020509 -0.00125878] |com_force|=0.4905N
### kotek_magnet[tick=18720] sensor4: d=0.5308m in_range=False f_mag=0.000N tau_mag=0.0000Nm misalign_deg=106.5 pos=[-0.08425976  0.24051334  0.5534916 ] bottom_world=[-0.08993788  0.23745756  0.53455958] quat=[0.6176737  0.06371492 0.15046632 0.7692721 ] speed=0.0750 ang_speed=3.4299 ang_vel_vec=[-0.14436579 -2.0015135  -2.7815948 ] |com_force|=0.0000N
### kotek_magnet[tick=18780] sensor1: d=0.3189m in_range=False f_mag=0.000N tau_mag=0.0000Nm misalign_deg=88.2 pos=[ 0.32458082 -0.13075645  0.02064634] bottom_world=[ 0.32519691 -0.13030061  0.04063166] quat=[-0.00862923  0.4498576   0.8928948  -0.01711051] speed=0.0092 ang_speed=0.1392 ang_vel_vec=[ 0.08173059 -0.10582959  0.038795  ] |com_force|=0.0000N
### kotek_magnet[tick=18780] sensor3: d=0.0149m in_range=True f_mag=0.245N tau_mag=0.0001Nm misalign_deg=15.6 pos=[0.36999446 0.05007461 0.36570334] bottom_world=[0.38926007 0.05005232 0.36033343] quat=[-0.00125603 -0.6047722   0.00165344  0.79639584] speed=0.0001 ang_speed=0.0034 ang_vel_vec=[ 3.3018908e-03  7.6210483e-05 -6.1262655e-04] |com_force|=0.4905N
### kotek_magnet[tick=18780] sensor4: d=0.5206m in_range=False f_mag=0.000N tau_mag=0.0000Nm misalign_deg=109.8 pos=[-0.0709127  0.2529144  0.5495292] bottom_world=[-0.07769312  0.25041262  0.53088068] quat=[0.6779999  0.08097269 0.16501704 0.71170855] speed=0.0645 ang_speed=3.1823 ang_vel_vec=[-0.28035933 -2.4411335  -2.0222335 ] |com_force|=0.0000N
### still playing, 1069s left
### kotek_magnet[tick=18840] sensor1: d=0.3189m in_range=False f_mag=0.000N tau_mag=0.0000Nm misalign_deg=88.2 pos=[ 0.32458073 -0.13075657  0.02064634] bottom_world=[ 0.3251968  -0.13030074  0.04063165] quat=[-0.00862893  0.4498574   0.89289474 -0.01711005] speed=0.0092 ang_speed=0.1390 ang_vel_vec=[ 0.08174861 -0.10554752  0.03856824] |com_force|=0.0000N
### kotek_magnet[tick=18840] sensor3: d=0.0149m in_range=True f_mag=0.245N tau_mag=0.0001Nm misalign_deg=15.6 pos=[0.3699946  0.05007501 0.36570325] bottom_world=[0.38926025 0.0500527  0.36033346] quat=[-0.00125204 -0.6047747   0.00165122  0.796394  ] speed=0.0002 ang_speed=0.0057 ang_vel_vec=[-0.00554818  0.00055197 -0.0010646 ] |com_force|=0.4905N
### kotek_magnet[tick=18840] sensor4: d=0.5098m in_range=False f_mag=0.000N tau_mag=0.0000Nm misalign_deg=112.7 pos=[-0.05699643  0.26368517  0.5454933 ] bottom_world=[-0.06470651  0.261943    0.5271216 ] quat=[0.7327431  0.09731865 0.17673837 0.6499079 ] speed=0.0720 ang_speed=2.3537 ang_vel_vec=[-0.11487293  2.211131   -0.79840666] |com_force|=0.0000N
### kotek_magnet[tick=18900] sensor1: d=0.3189m in_range=False f_mag=0.000N tau_mag=0.0000Nm misalign_deg=88.2 pos=[ 0.32458085 -0.13075654  0.02064629] bottom_world=[ 0.32519693 -0.13030071  0.04063161] quat=[-0.00862908  0.44985726  0.8928949  -0.01711012] speed=0.0092 ang_speed=0.1395 ang_vel_vec=[ 0.08213094 -0.10623062  0.03794286] |com_force|=0.0000N
### kotek_magnet[tick=18900] sensor3: d=0.0149m in_range=True f_mag=0.245N tau_mag=0.0001Nm misalign_deg=15.6 pos=[0.36999455 0.05007465 0.36570323] bottom_world=[0.38926018 0.05005237 0.36033339] quat=[-0.00125579 -0.6047738   0.00165325  0.7963945 ] speed=0.0001 ang_speed=0.0035 ang_vel_vec=[ 0.00344847 -0.00016469 -0.00031021] |com_force|=0.4904N
### kotek_magnet[tick=18900] sensor4: d=0.4980m in_range=False f_mag=0.000N tau_mag=0.0000Nm misalign_deg=115.6 pos=[-0.04194009  0.27327344  0.54119354] bottom_world=[-0.05058261  0.27251624  0.52317318] quat=[0.7817837  0.1168434  0.18931086 0.5825146 ] speed=0.0992 ang_speed=2.6382 ang_vel_vec=[ 0.620169   1.2334499 -2.2480953] |com_force|=0.0000N
### kotek_magnet[tick=18960] sensor1: d=0.3189m in_range=False f_mag=0.000N tau_mag=0.0000Nm misalign_deg=88.2 pos=[ 0.32458073 -0.13075651  0.02064632] bottom_world=[ 0.32519679 -0.13030069  0.04063165] quat=[-0.00862882  0.44985744  0.8928949  -0.01710988] speed=0.0091 ang_speed=0.1370 ang_vel_vec=[ 0.08057199 -0.10398283  0.03833115] |com_force|=0.0000N
### kotek_magnet[tick=18960] sensor3: d=0.0149m in_range=True f_mag=0.245N tau_mag=0.0001Nm misalign_deg=15.6 pos=[0.36999458 0.05007502 0.36570334] bottom_world=[0.3892602  0.05005268 0.36033349] quat=[-0.00125187 -0.60477334  0.00165195  0.79639494] speed=0.0002 ang_speed=0.0057 ang_vel_vec=[-0.00558021  0.0005325  -0.00081446] |com_force|=0.4905N
### kotek_magnet[tick=18960] sensor4: d=0.4854m in_range=False f_mag=0.000N tau_mag=0.0000Nm misalign_deg=118.0 pos=[-0.02613855  0.28138638  0.5367258 ] bottom_world=[-0.03553033  0.28182043  0.51907345] quat=[0.8250352  0.13685076 0.19990642 0.5105157 ] speed=0.0986 ang_speed=2.6324 ang_vel_vec=[ 0.71401143  1.1771222  -2.2436311 ] |com_force|=0.0000N
### kotek_magnet[tick=19020] sensor1: d=0.3189m in_range=False f_mag=0.000N tau_mag=0.0000Nm misalign_deg=88.3 pos=[ 0.32457083 -0.13076344  0.02064881] bottom_world=[ 0.32518081 -0.13031167  0.0406344 ] quat=[-0.0085386   0.449841    0.89290696 -0.01695069] speed=0.0010 ang_speed=0.0147 ang_vel_vec=[ 0.00811898 -0.01204072  0.00203503] |com_force|=0.0000N
### kotek_magnet[tick=19020] sensor3: d=0.0149m in_range=True f_mag=0.245N tau_mag=0.0001Nm misalign_deg=15.6 pos=[0.3699947  0.05007491 0.36570334] bottom_world=[0.38926033 0.0500526  0.36033353] quat=[-0.00125304 -0.60477424  0.00165188  0.79639435] speed=0.0001 ang_speed=0.0036 ang_vel_vec=[-0.00308288  0.00097964 -0.0016895 ] |com_force|=0.4905N
### kotek_magnet[tick=19020] sensor4: d=0.4721m in_range=False f_mag=0.000N tau_mag=0.0000Nm misalign_deg=119.8 pos=[-0.00974577  0.2880258   0.5320741 ] bottom_world=[-0.0196914   0.28982015  0.51481534] quat=[0.86168075 0.15753756 0.2090765  0.43471304] speed=0.0999 ang_speed=2.6356 ang_vel_vec=[ 0.814299   1.0540137 -2.2742965] |com_force|=0.0000N
### kotek_magnet[tick=19080] sensor1: d=0.3189m in_range=False f_mag=0.000N tau_mag=0.0000Nm misalign_deg=88.2 pos=[ 0.32458085 -0.13075651  0.02064636] bottom_world=[ 0.32519692 -0.13030068  0.04063167] quat=[-0.00862888  0.44985732  0.8928948  -0.01711024] speed=0.0091 ang_speed=0.1380 ang_vel_vec=[ 0.08103388 -0.10494822  0.03827043] |com_force|=0.0000N
### kotek_magnet[tick=19080] sensor3: d=0.0149m in_range=True f_mag=0.245N tau_mag=0.0001Nm misalign_deg=15.6 pos=[0.36999455 0.05007458 0.36570325] bottom_world=[0.38926017 0.05005229 0.36033338] quat=[-0.0012565  -0.6047731   0.00165386  0.7963951 ] speed=0.0001 ang_speed=0.0047 ang_vel_vec=[ 4.6467911e-03  8.2724328e-05 -2.3171457e-04] |com_force|=0.4905N
### kotek_magnet[tick=19080] sensor4: d=0.4579m in_range=False f_mag=0.000N tau_mag=0.0000Nm misalign_deg=121.0 pos=[0.00720208 0.2932223  0.52728355] bottom_world=[-0.00308706  0.29658914  0.51046695] quat=[0.89140457 0.18064617 0.2166841  0.35470116] speed=0.0675 ang_speed=3.1210 ang_vel_vec=[-2.342001  -1.3517287 -1.5583391] |com_force|=0.0000N
### kotek_magnet[tick=19140] sensor1: d=0.3189m in_range=False f_mag=0.000N tau_mag=0.0000Nm misalign_deg=88.2 pos=[ 0.32458082 -0.1307566   0.02064635] bottom_world=[ 0.32519689 -0.13030077  0.04063166] quat=[-0.00862889  0.44985726  0.8928949  -0.01711022] speed=0.0091 ang_speed=0.1381 ang_vel_vec=[ 0.08136526 -0.10512552  0.03725318] |com_force|=0.0000N
### kotek_magnet[tick=19140] sensor3: d=0.0149m in_range=True f_mag=0.245N tau_mag=0.0001Nm misalign_deg=15.6 pos=[0.3699946  0.05007487 0.36570337] bottom_world=[0.38926023 0.05005256 0.36033351] quat=[-0.00125327 -0.60477316  0.00165207  0.7963951 ] speed=0.0000 ang_speed=0.0020 ang_vel_vec=[-0.00129522  0.0003647  -0.00153908] |com_force|=0.4905N
### kotek_magnet[tick=19140] sensor4: d=0.4432m in_range=False f_mag=0.000N tau_mag=0.0000Nm misalign_deg=121.1 pos=[0.02422824 0.2968465  0.5222977 ] bottom_world=[0.0139084  0.30172681 0.50587563] quat=[0.91415346 0.20002125 0.22235183 0.27363238] speed=0.0863 ang_speed=2.5290 ang_vel_vec=[ 1.6565375  1.4906098 -1.1957631] |com_force|=0.0000N
### kotek_magnet[tick=19200] sensor1: d=0.3189m in_range=False f_mag=0.000N tau_mag=0.0000Nm misalign_deg=88.2 pos=[ 0.32458094 -0.13075659  0.02064634] bottom_world=[ 0.32519703 -0.13030076  0.04063165] quat=[-0.0086294   0.44985738  0.89289486 -0.01711014] speed=0.0091 ang_speed=0.1373 ang_vel_vec=[ 0.08084277 -0.10426535  0.03816832] |com_force|=0.0000N
### kotek_magnet[tick=19200] sensor3: d=0.0149m in_range=True f_mag=0.245N tau_mag=0.0001Nm misalign_deg=15.6 pos=[0.36999452 0.05007461 0.3657033 ] bottom_world=[0.38926014 0.05005231 0.36033345] quat=[-0.00125633 -0.6047732   0.00165389  0.7963951 ] speed=0.0002 ang_speed=0.0044 ang_vel_vec=[ 0.00432071 -0.00059188 -0.00056497] |com_force|=0.4904N
### kotek_magnet[tick=19200] sensor4: d=0.4278m in_range=False f_mag=0.000N tau_mag=0.0000Nm misalign_deg=120.4 pos=[0.04144797 0.2991107  0.5172427 ] bottom_world=[0.03133921 0.30564068 0.50126861] quat=[0.929073   0.2220906  0.22654541 0.19020118] speed=0.0899 ang_speed=2.5851 ang_vel_vec=[ 1.8086352  1.0847443 -1.4949608] |com_force|=0.0000N
### kotek_magnet[tick=19260] sensor1: d=0.3189m in_range=False f_mag=0.000N tau_mag=0.0000Nm misalign_deg=88.3 pos=[ 0.32457086 -0.13076347  0.02064878] bottom_world=[ 0.32518083 -0.1303117   0.04063439] quat=[-0.00853857  0.44984114  0.892907   -0.01695053] speed=0.0010 ang_speed=0.0151 ang_vel_vec=[ 0.00848127 -0.01217807  0.00254304] |com_force|=0.0000N
### kotek_magnet[tick=19260] sensor3: d=0.0149m in_range=True f_mag=0.245N tau_mag=0.0001Nm misalign_deg=15.6 pos=[0.3699944  0.05007463 0.36570346] bottom_world=[0.38926001 0.05005234 0.36033355] quat=[-0.0012559  -0.60477215  0.00165337  0.79639584] speed=0.0001 ang_speed=0.0031 ang_vel_vec=[ 0.00298198 -0.00031418 -0.00081366] |com_force|=0.4904N
### kotek_magnet[tick=19260] sensor4: d=0.4118m in_range=False f_mag=0.000N tau_mag=0.0000Nm misalign_deg=118.7 pos=[0.05871308 0.2999817  0.5120536 ] bottom_world=[0.04910975 0.30816178 0.49653386] quat=[0.93637043 0.24426065 0.22878589 0.10584952] speed=0.1034 ang_speed=2.8146 ang_vel_vec=[ 2.069925    0.54522234 -1.8276474 ] |com_force|=0.0000N
### kotek_magnet[tick=19320] sensor1: d=0.3189m in_range=False f_mag=0.000N tau_mag=0.0000Nm misalign_deg=88.2 pos=[ 0.3245809  -0.13075651  0.02064632] bottom_world=[ 0.32519698 -0.13030068  0.04063164] quat=[-0.00862889  0.44985732  0.89289486 -0.01711007] speed=0.0092 ang_speed=0.1398 ang_vel_vec=[ 0.08234014 -0.10652041  0.03779132] |com_force|=0.0000N
### kotek_magnet[tick=19320] sensor3: d=0.0149m in_range=True f_mag=0.245N tau_mag=0.0001Nm misalign_deg=15.6 pos=[0.36999467 0.05007498 0.36570325] bottom_world=[0.38926032 0.05005267 0.36033349] quat=[-0.00125245 -0.60477525  0.00165149  0.7963935 ] speed=0.0002 ang_speed=0.0059 ang_vel_vec=[-0.00590803  0.00030623 -0.00047574] |com_force|=0.4905N
### kotek_magnet[tick=19320] sensor4: d=0.3958m in_range=False f_mag=0.000N tau_mag=0.0000Nm misalign_deg=116.1 pos=[0.07550146 0.29955453 0.5070086 ] bottom_world=[0.06670369 0.30938046 0.49197364] quat=[0.935603   0.26813415 0.2285382  0.02283599] speed=0.0643 ang_speed=2.8535 ang_vel_vec=[-2.5923138   0.42288932 -1.1150568 ] |com_force|=0.0000N
### kotek_magnet[tick=19380] sensor1: d=0.3189m in_range=False f_mag=0.000N tau_mag=0.0000Nm misalign_deg=88.2 pos=[ 0.32458076 -0.13075654  0.02064633] bottom_world=[ 0.32519684 -0.13030071  0.04063164] quat=[-0.00862901  0.4498574   0.8928948  -0.01711027] speed=0.0091 ang_speed=0.1378 ang_vel_vec=[ 0.08087089 -0.10479406  0.03823778] |com_force|=0.0000N
### kotek_magnet[tick=19380] sensor3: d=0.0149m in_range=True f_mag=0.245N tau_mag=0.0001Nm misalign_deg=15.6 pos=[0.3699947  0.05007475 0.36570317] bottom_world=[0.38926034 0.05005239 0.36033337] quat=[-0.00125453 -0.6047747   0.00165456  0.79639393] speed=0.0000 ang_speed=0.0038 ang_vel_vec=[-0.00318409  0.00017604 -0.00214967] |com_force|=0.4905N
### kotek_magnet[tick=19380] sensor4: d=0.3790m in_range=False f_mag=0.000N tau_mag=0.0000Nm misalign_deg=112.7 pos=[0.09234726 0.29786244 0.50176483] bottom_world=[0.08463832 0.30918066 0.48718848] quat=[ 0.92774063  0.29011312  0.2267718  -0.06087925] speed=0.0630 ang_speed=2.8771 ang_vel_vec=[-2.5654302  0.8585267 -0.9793702] |com_force|=0.0000N
### kotek_magnet[tick=19440] sensor1: d=0.3189m in_range=False f_mag=0.000N tau_mag=0.0000Nm misalign_deg=88.2 pos=[ 0.32458082 -0.13075653  0.02064631] bottom_world=[ 0.32519691 -0.13030069  0.04063163] quat=[-0.0086292   0.44985744  0.89289486 -0.01711036] speed=0.0092 ang_speed=0.1391 ang_vel_vec=[ 0.08181163 -0.10572482  0.03831388] |com_force|=0.0000N
### kotek_magnet[tick=19440] sensor3: d=0.0149m in_range=True f_mag=0.245N tau_mag=0.0001Nm misalign_deg=15.6 pos=[0.36999443 0.05007435 0.36570343] bottom_world=[0.38926003 0.05005202 0.36033349] quat=[-0.00125875 -0.60477155  0.00165702  0.79639626] speed=0.0001 ang_speed=0.0044 ang_vel_vec=[ 0.00435902 -0.00042289  0.00045059] |com_force|=0.4904N
### kotek_magnet[tick=19440] sensor4: d=0.3617m in_range=False f_mag=0.000N tau_mag=0.0000Nm misalign_deg=108.7 pos=[0.1089436  0.29498565 0.49646366] bottom_world=[0.10254665 0.30759598 0.48231944] quat=[ 0.91266996  0.3101569   0.22404766 -0.14366247] speed=0.0912 ang_speed=2.4724 ang_vel_vec=[ 1.7454238  -0.24826837 -1.7333884 ] |com_force|=0.0000N
### kotek_magnet[tick=19500] sensor1: d=0.3189m in_range=False f_mag=0.000N tau_mag=0.0000Nm misalign_deg=88.2 pos=[ 0.32458076 -0.13075651  0.02064634] bottom_world=[ 0.32519684 -0.13030067  0.04063165] quat=[-0.00862909  0.44985735  0.8928949  -0.01711041] speed=0.0092 ang_speed=0.1394 ang_vel_vec=[ 0.0818283  -0.10608932  0.0383737 ] |com_force|=0.0000N
### kotek_magnet[tick=19500] sensor3: d=0.0149m in_range=True f_mag=0.245N tau_mag=0.0001Nm misalign_deg=15.6 pos=[0.3699945  0.05007477 0.36570346] bottom_world=[0.38926009 0.05005242 0.36033351] quat=[-0.00125458 -0.6047714   0.00165439  0.79639655] speed=0.0001 ang_speed=0.0040 ang_vel_vec=[-0.00364325  0.00081432 -0.00140226] |com_force|=0.4905N
### kotek_magnet[tick=19500] sensor4: d=0.3442m in_range=False f_mag=0.000N tau_mag=0.0000Nm misalign_deg=103.9 pos=[0.12510428 0.29103494 0.4911944 ] bottom_world=[0.12028876 0.30479561 0.47750299] quat=[ 0.8900585   0.33154303  0.21861865 -0.22378793] speed=0.0941 ang_speed=2.5104 ang_vel_vec=[ 1.6473858  -0.50528795 -1.8256598 ] |com_force|=0.0000N
### kotek_magnet[tick=19560] sensor1: d=0.3189m in_range=False f_mag=0.000N tau_mag=0.0000Nm misalign_deg=88.2 pos=[ 0.32458088 -0.1307565   0.02064635] bottom_world=[ 0.32519697 -0.13030065  0.04063166] quat=[-0.00862911  0.4498572   0.89289486 -0.01711077] speed=0.0091 ang_speed=0.1370 ang_vel_vec=[ 0.08059186 -0.10440172  0.03724148] |com_force|=0.0000N
### kotek_magnet[tick=19560] sensor3: d=0.0149m in_range=True f_mag=0.245N tau_mag=0.0001Nm misalign_deg=15.6 pos=[0.36999452 0.05007445 0.3657034 ] bottom_world=[0.38926014 0.0500521  0.36033352] quat=[-0.00125771 -0.60477275  0.00165663  0.7963955 ] speed=0.0002 ang_speed=0.0037 ang_vel_vec=[ 0.00348202 -0.00066635  0.00090728] |com_force|=0.4903N
### kotek_magnet[tick=19560] sensor4: d=0.3262m in_range=False f_mag=0.000N tau_mag=0.0000Nm misalign_deg=98.6 pos=[0.1410575  0.28601685 0.48593616] bottom_world=[0.13805027 0.3007063  0.47270073] quat=[ 0.8600952   0.35283262  0.21124233 -0.3018645 ] speed=0.0962 ang_speed=2.4890 ang_vel_vec=[ 1.3900901 -0.7428759 -1.9263374] |com_force|=0.0000N
### kotek_magnet[tick=19620] sensor1: d=0.3189m in_range=False f_mag=0.000N tau_mag=0.0000Nm misalign_deg=88.2 pos=[ 0.3245808  -0.13075654  0.02064634] bottom_world=[ 0.32519688 -0.1303007   0.04063165] quat=[-0.00862919  0.44985753  0.89289474 -0.01711055] speed=0.0092 ang_speed=0.1392 ang_vel_vec=[ 0.08155606 -0.10579727  0.03908059] |com_force|=0.0000N
### kotek_magnet[tick=19620] sensor3: d=0.0149m in_range=True f_mag=0.245N tau_mag=0.0001Nm misalign_deg=15.6 pos=[0.36999464 0.05007477 0.36570334] bottom_world=[0.38926029 0.05005242 0.36033358] quat=[-0.00125467 -0.6047753   0.00165439  0.79639345] speed=0.0002 ang_speed=0.0061 ang_vel_vec=[-0.0060765   0.00038976 -0.00045092] |com_force|=0.4905N
### kotek_magnet[tick=19620] sensor4: d=0.3082m in_range=False f_mag=0.000N tau_mag=0.0000Nm misalign_deg=93.0 pos=[0.15636879 0.28017655 0.4808066 ] bottom_world=[0.15532059 0.29552061 0.4680214 ] quat=[ 0.8236926   0.37349072  0.20217545 -0.37571293] speed=0.0949 ang_speed=2.4558 ang_vel_vec=[ 1.0594037 -0.8638443 -2.0401459] |com_force|=0.0000N
### kotek_magnet[tick=19680] sensor1: d=0.3189m in_range=False f_mag=0.000N tau_mag=0.0000Nm misalign_deg=88.2 pos=[ 0.32458085 -0.13075653  0.02064632] bottom_world=[ 0.32519692 -0.1303007   0.04063164] quat=[-0.00862888  0.44985738  0.89289486 -0.01711015] speed=0.0091 ang_speed=0.1372 ang_vel_vec=[ 0.08049242 -0.10429356  0.03817888] |com_force|=0.0000N
### kotek_magnet[tick=19680] sensor3: d=0.0149m in_range=True f_mag=0.245N tau_mag=0.0001Nm misalign_deg=15.6 pos=[0.36999467 0.05007479 0.36570334] bottom_world=[0.3892603  0.05005243 0.36033351] quat=[-0.00125455 -0.60477394  0.00165441  0.79639447] speed=0.0002 ang_speed=0.0062 ang_vel_vec=[-0.0061315   0.00052077 -0.00053795] |com_force|=0.4905N
### kotek_magnet[tick=19680] sensor4: d=0.2898m in_range=False f_mag=0.000N tau_mag=0.0000Nm misalign_deg=87.0 pos=[0.17137566 0.27341607 0.4757421 ] bottom_world=[0.17243755 0.28912466 0.4634087 ] quat=[ 0.7809608   0.3940451   0.19077061 -0.4454608 ] speed=0.0899 ang_speed=2.6766 ang_vel_vec=[ 0.17367822  0.2976554  -2.6542912 ] |com_force|=0.0000N
### kotek_magnet[tick=19740] sensor1: d=0.3189m in_range=False f_mag=0.000N tau_mag=0.0000Nm misalign_deg=88.2 pos=[ 0.32458088 -0.13075651  0.02064631] bottom_world=[ 0.32519696 -0.13030067  0.04063162] quat=[-0.00862913  0.4498575   0.89289474 -0.01711045] speed=0.0091 ang_speed=0.1379 ang_vel_vec=[ 0.08086045 -0.10481399  0.03867424] |com_force|=0.0000N
### kotek_magnet[tick=19740] sensor3: d=0.0149m in_range=True f_mag=0.245N tau_mag=0.0001Nm misalign_deg=15.6 pos=[0.36999455 0.05007479 0.36570337] bottom_world=[0.38926017 0.05005243 0.3603335 ] quat=[-0.00125443 -0.604773    0.00165431  0.7963952 ] speed=0.0002 ang_speed=0.0063 ang_vel_vec=[-0.00620412  0.00069049 -0.00050062] |com_force|=0.4905N
### kotek_magnet[tick=19740] sensor4: d=0.2711m in_range=False f_mag=0.000N tau_mag=0.0000Nm misalign_deg=80.7 pos=[0.18609999 0.26572794 0.47071475] bottom_world=[0.18934614 0.28148442 0.45883217] quat=[ 0.7316542   0.41367638  0.17834641 -0.51161164] speed=0.0944 ang_speed=2.4375 ang_vel_vec=[ 0.26595694  0.4995795  -2.370871  ] |com_force|=0.0000N
### kotek_magnet[tick=19800] sensor1: d=0.3189m in_range=False f_mag=0.000N tau_mag=0.0000Nm misalign_deg=88.2 pos=[ 0.32458082 -0.13075653  0.02064632] bottom_world=[ 0.32519691 -0.13030069  0.04063162] quat=[-0.00862917  0.4498575   0.8928947  -0.01711057] speed=0.0091 ang_speed=0.1376 ang_vel_vec=[ 0.08079847 -0.10448243  0.0386998 ] |com_force|=0.0000N
### kotek_magnet[tick=19800] sensor3: d=0.0149m in_range=True f_mag=0.245N tau_mag=0.0001Nm misalign_deg=15.6 pos=[0.36999452 0.05007474 0.36570346] bottom_world=[0.38926013 0.05005239 0.36033355] quat=[-0.00125487 -0.60477227  0.00165446  0.7963957 ] speed=0.0001 ang_speed=0.0045 ang_vel_vec=[-0.00427847  0.00064258 -0.00121211] |com_force|=0.4905N
### kotek_magnet[tick=19800] sensor4: d=0.2523m in_range=False f_mag=0.000N tau_mag=0.0000Nm misalign_deg=74.0 pos=[0.20031814 0.2572567  0.4659056 ] bottom_world=[0.20583039 0.27271517 0.45447537] quat=[ 0.67615056  0.4330851   0.16334394 -0.57321596] speed=0.0623 ang_speed=2.9837 ang_vel_vec=[-0.26132005  2.9658232  -0.19539708] |com_force|=0.0000N
### kotek_magnet[tick=19860] sensor1: d=0.3189m in_range=False f_mag=0.000N tau_mag=0.0000Nm misalign_deg=88.2 pos=[ 0.32458073 -0.1307565   0.02064631] bottom_world=[ 0.32519681 -0.13030067  0.04063163] quat=[-0.00862904  0.44985723  0.8928949  -0.01711022] speed=0.0091 ang_speed=0.1374 ang_vel_vec=[ 0.08066294 -0.10473677  0.03758511] |com_force|=0.0000N
### kotek_magnet[tick=19860] sensor3: d=0.0149m in_range=True f_mag=0.245N tau_mag=0.0001Nm misalign_deg=15.6 pos=[0.36999488 0.05007474 0.36570302] bottom_world=[0.38926055 0.05005238 0.36033333] quat=[-0.0012547  -0.60477686  0.00165472  0.7963923 ] speed=0.0000 ang_speed=0.0038 ang_vel_vec=[-0.00314192  0.00026837 -0.00218368] |com_force|=0.4905N
### kotek_magnet[tick=19860] sensor4: d=0.2339m in_range=False f_mag=0.000N tau_mag=0.0000Nm misalign_deg=67.6 pos=[0.21391413 0.24826048 0.4611863 ] bottom_world=[0.22152563 0.26313009 0.45018811] quat=[ 0.6174424   0.450256    0.1493822  -0.62747073] speed=0.0872 ang_speed=2.3979 ang_vel_vec=[ 0.57626206  0.54076624 -2.2638981 ] |com_force|=0.0000N
### kotek_magnet[tick=19920] sensor1: d=0.3189m in_range=False f_mag=0.000N tau_mag=0.0000Nm misalign_deg=88.2 pos=[ 0.32458085 -0.1307565   0.0206463 ] bottom_world=[ 0.32519693 -0.13030067  0.04063162] quat=[-0.00862908  0.4498576   0.8928948  -0.01711019] speed=0.0091 ang_speed=0.1370 ang_vel_vec=[ 0.08020622 -0.10399932  0.03886594] |com_force|=0.0000N
### kotek_magnet[tick=19920] sensor3: d=0.0149m in_range=True f_mag=0.245N tau_mag=0.0001Nm misalign_deg=15.6 pos=[0.3699945  0.05007477 0.36570343] bottom_world=[0.38926009 0.05005241 0.3603335 ] quat=[-0.00125464 -0.60477173  0.00165451  0.7963963 ] speed=0.0001 ang_speed=0.0040 ang_vel_vec=[-0.00360619  0.0008684  -0.00143378] |com_force|=0.4905N
### kotek_magnet[tick=19920] sensor4: d=0.2149m in_range=False f_mag=0.000N tau_mag=0.0000Nm misalign_deg=61.0 pos=[0.22745247 0.23823595 0.45664108] bottom_world=[0.23716125 0.25218789 0.44610147] quat=[ 0.5524233   0.46759412  0.13366249 -0.6769924 ] speed=0.0985 ang_speed=2.5400 ang_vel_vec=[ 0.01929699 -0.41134238 -2.506394  ] |com_force|=0.0000N
### kotek_magnet[tick=19980] sensor1: d=0.3189m in_range=False f_mag=0.000N tau_mag=0.0000Nm misalign_deg=88.2 pos=[ 0.3245809  -0.13075654  0.02064635] bottom_world=[ 0.32519701 -0.1303007   0.04063166] quat=[-0.00862933  0.44985726  0.89289486 -0.01711071] speed=0.0091 ang_speed=0.1380 ang_vel_vec=[ 0.08124363 -0.10496438  0.03791341] |com_force|=0.0000N
### kotek_magnet[tick=19980] sensor3: d=0.0149m in_range=True f_mag=0.245N tau_mag=0.0001Nm misalign_deg=15.6 pos=[0.36999455 0.0500745  0.36570337] bottom_world=[0.38926017 0.05005217 0.36033351] quat=[-0.00125727 -0.6047732   0.00165566  0.7963951 ] speed=0.0001 ang_speed=0.0021 ang_vel_vec=[ 0.00155581 -0.00070413 -0.00118856] |com_force|=0.4904N
### kotek_magnet[tick=19980] sensor4: d=0.1964m in_range=False f_mag=0.000N tau_mag=0.0000Nm misalign_deg=54.3 pos=[0.24039051 0.22762345 0.45243698] bottom_world=[0.25206723 0.24034542 0.4423471 ] quat=[ 0.48518008  0.48411894  0.11567935 -0.7189211 ] speed=0.0819 ang_speed=2.5646 ang_vel_vec=[ 0.8472878  1.548748  -1.8603437] |com_force|=0.0000N
### kotek_magnet[tick=20040] sensor1: d=0.3189m in_range=False f_mag=0.000N tau_mag=0.0000Nm misalign_deg=88.2 pos=[ 0.32458082 -0.13075651  0.02064632] bottom_world=[ 0.32519689 -0.13030068  0.04063164] quat=[-0.00862892  0.44985738  0.8928949  -0.01711004] speed=0.0092 ang_speed=0.1383 ang_vel_vec=[ 0.08122349 -0.10542743  0.03773455] |com_force|=0.0000N
### kotek_magnet[tick=20040] sensor3: d=0.0149m in_range=True f_mag=0.245N tau_mag=0.0001Nm misalign_deg=15.6 pos=[0.36999446 0.05007452 0.36570334] bottom_world=[0.38926006 0.05005221 0.36033342] quat=[-0.00125687 -0.60477203  0.0016549   0.79639596] speed=0.0001 ang_speed=0.0018 ang_vel_vec=[-0.0002217   0.00029292 -0.00178905] |com_force|=0.4905N
### kotek_magnet[tick=20040] sensor4: d=0.1784m in_range=False f_mag=0.000N tau_mag=0.0000Nm misalign_deg=47.8 pos=[0.25280923 0.21643426 0.44851425] bottom_world=[0.26624704 0.2276804  0.43887322] quat=[ 0.4147507   0.49933612  0.09817178 -0.7543259 ] speed=0.0809 ang_speed=2.4954 ang_vel_vec=[ 1.2391298  1.3267016 -1.7121773] |com_force|=0.0000N
### kotek_magnet[tick=20100] sensor1: d=0.3189m in_range=False f_mag=0.000N tau_mag=0.0000Nm misalign_deg=88.2 pos=[ 0.3245808  -0.13075651  0.02064631] bottom_world=[ 0.32519687 -0.13030068  0.04063162] quat=[-0.00862898  0.44985718  0.8928949  -0.01711024] speed=0.0091 ang_speed=0.1379 ang_vel_vec=[ 0.08096379 -0.10512498  0.03739482] |com_force|=0.0000N
### kotek_magnet[tick=20100] sensor3: d=0.0149m in_range=True f_mag=0.245N tau_mag=0.0001Nm misalign_deg=15.6 pos=[0.36999464 0.05007468 0.36570337] bottom_world=[0.38926026 0.05005233 0.36033352] quat=[-0.00125555 -0.60477346  0.00165488  0.7963948 ] speed=0.0001 ang_speed=0.0039 ang_vel_vec=[-0.00371669  0.00059007 -0.00099948] |com_force|=0.4905N
### kotek_magnet[tick=20100] sensor4: d=0.1607m in_range=False f_mag=0.000N tau_mag=0.0000Nm misalign_deg=41.4 pos=[0.26494524 0.20439023 0.44479266] bottom_world=[0.27994387 0.21391895 0.43561418] quat=[ 0.34109095  0.5138849   0.08037696 -0.783019  ] speed=0.0885 ang_speed=2.5675 ang_vel_vec=[ 0.9217306   0.61131597 -2.3170118 ] |com_force|=0.0000N
### kotek_magnet[tick=20160] sensor1: d=0.3189m in_range=False f_mag=0.000N tau_mag=0.0000Nm misalign_deg=88.2 pos=[ 0.32458085 -0.13075648  0.02064631] bottom_world=[ 0.32519691 -0.13030065  0.04063162] quat=[-0.00862878  0.44985726  0.89289486 -0.01710999] speed=0.0091 ang_speed=0.1366 ang_vel_vec=[ 0.08031984 -0.10391326  0.03762765] |com_force|=0.0000N
### kotek_magnet[tick=20160] sensor3: d=0.0149m in_range=True f_mag=0.245N tau_mag=0.0001Nm misalign_deg=15.6 pos=[0.36999455 0.05007442 0.36570328] bottom_world=[0.38926018 0.05005208 0.36033345] quat=[-0.00125786 -0.6047738   0.0016566   0.7963945 ] speed=0.0002 ang_speed=0.0039 ang_vel_vec=[ 0.00379479 -0.00061256  0.00076246] |com_force|=0.4903N
### kotek_magnet[tick=20160] sensor4: d=0.1439m in_range=False f_mag=0.000N tau_mag=0.0000Nm misalign_deg=35.3 pos=[0.27665266 0.19158797 0.44137603] bottom_world=[0.29297439 0.19918405 0.43266393] quat=[ 0.2654884   0.5275997   0.06193498 -0.804561  ] speed=0.0903 ang_speed=2.5710 ang_vel_vec=[ 1.0484582   0.54443157 -2.2834806 ] |com_force|=0.0000N
### kotek_magnet[tick=20220] sensor1: d=0.3189m in_range=False f_mag=0.000N tau_mag=0.0000Nm misalign_deg=88.2 pos=[ 0.32458082 -0.13075654  0.02064628] bottom_world=[ 0.32519688 -0.13030072  0.04063159] quat=[-0.0086288   0.4498575   0.89289474 -0.01710973] speed=0.0091 ang_speed=0.1369 ang_vel_vec=[ 0.08025199 -0.10384057  0.03900593] |com_force|=0.0000N
### kotek_magnet[tick=20220] sensor3: d=0.0149m in_range=True f_mag=0.245N tau_mag=0.0001Nm misalign_deg=15.6 pos=[0.36999464 0.0500748  0.36570328] bottom_world=[0.38926029 0.05005245 0.36033351] quat=[-0.0012544 -0.604775   0.0016542  0.7963938] speed=0.0002 ang_speed=0.0055 ang_vel_vec=[-0.00540399  0.00055456 -0.0009955 ] |com_force|=0.4905N
### kotek_magnet[tick=20220] sensor4: d=0.1285m in_range=False f_mag=0.000N tau_mag=0.0000Nm misalign_deg=29.7 pos=[0.2879184 0.1779991 0.438305 ] bottom_world=[0.30529253 0.18349729 0.43006428] quat=[ 0.18851444  0.5404582   0.04344091 -0.81882864] speed=0.0921 ang_speed=2.5621 ang_vel_vec=[ 1.1705283   0.46004716 -2.2321672 ] |com_force|=0.0000N
### kotek_magnet[tick=20280] sensor1: d=0.3189m in_range=False f_mag=0.000N tau_mag=0.0000Nm misalign_deg=88.2 pos=[ 0.32458085 -0.13075647  0.02064635] bottom_world=[ 0.32519693 -0.13030062  0.04063165] quat=[-0.0086289   0.44985738  0.89289474 -0.01711047] speed=0.0091 ang_speed=0.1368 ang_vel_vec=[ 0.08020858 -0.10411996  0.0380846 ] |com_force|=0.0000N
### kotek_magnet[tick=20280] sensor3: d=0.0149m in_range=True f_mag=0.245N tau_mag=0.0001Nm misalign_deg=15.6 pos=[0.36999452 0.05007475 0.3657034 ] bottom_world=[0.38926013 0.0500524  0.36033351] quat=[-0.00125483 -0.6047727   0.00165447  0.7963955 ] speed=0.0001 ang_speed=0.0045 ang_vel_vec=[-0.00428703  0.00071888 -0.00130682] |com_force|=0.4905N
### kotek_magnet[tick=20280] sensor4: d=0.1153m in_range=False f_mag=0.000N tau_mag=0.0000Nm misalign_deg=25.0 pos=[0.2985779  0.16372079 0.4356482 ] bottom_world=[0.31670758 0.16702425 0.42787633] quat=[ 0.11208639  0.552337    0.02504284 -0.8256715 ] speed=0.0901 ang_speed=2.6081 ang_vel_vec=[ 1.8227139  0.7436514 -1.7107522] |com_force|=0.0000N
### kotek_magnet[tick=20340] sensor1: d=0.3189m in_range=False f_mag=0.000N tau_mag=0.0000Nm misalign_deg=88.2 pos=[ 0.32458088 -0.1307565   0.02064634] bottom_world=[ 0.32519697 -0.13030066  0.04063165] quat=[-0.00862915  0.44985756  0.89289474 -0.01711043] speed=0.0092 ang_speed=0.1383 ang_vel_vec=[ 0.08111195 -0.1052067   0.0385896 ] |com_force|=0.0000N
### kotek_magnet[tick=20340] sensor3: d=0.0149m in_range=True f_mag=0.245N tau_mag=0.0001Nm misalign_deg=15.6 pos=[0.36999387 0.05007441 0.36570397] bottom_world=[0.38925937 0.05005205 0.3603337 ] quat=[-0.00125814 -0.6047648   0.00165723  0.7964014 ] speed=0.0000 ang_speed=0.0013 ang_vel_vec=[-4.1755865e-04 -7.9439204e-05 -1.1829821e-03] |com_force|=0.4905N
### kotek_magnet[tick=20340] sensor4: d=0.1057m in_range=False f_mag=0.000N tau_mag=0.0000Nm misalign_deg=21.8 pos=[0.30813697 0.14949365 0.43348238] bottom_world=[0.32670971 0.15060019 0.42614555] quat=[ 0.03798538  0.5626023   0.00762002 -0.82581943] speed=0.0863 ang_speed=3.0884 ang_vel_vec=[2.829885   0.8639769  0.88527715] |com_force|=0.0000N
### kotek_magnet[tick=20400] sensor1: d=0.3189m in_range=False f_mag=0.000N tau_mag=0.0000Nm misalign_deg=88.3 pos=[ 0.3245708  -0.13076341  0.02064875] bottom_world=[ 0.32518075 -0.13031165  0.04063434] quat=[-0.00853811  0.44984078  0.892907   -0.01695007] speed=0.0009 ang_speed=0.0125 ang_vel_vec=[ 0.00680015 -0.0104641   0.00122085] |com_force|=0.0000N
### kotek_magnet[tick=20400] sensor3: d=0.0149m in_range=True f_mag=0.245N tau_mag=0.0001Nm misalign_deg=15.6 pos=[0.36999476 0.05007459 0.36570317] bottom_world=[0.38926042 0.05005222 0.36033343] quat=[-0.00125643 -0.60477597  0.00165654  0.796393  ] speed=0.0002 ang_speed=0.0050 ang_vel_vec=[-0.00487634  0.00045469 -0.00073778] |com_force|=0.4905N
### kotek_magnet[tick=20400] sensor4: d=0.1036m in_range=False f_mag=0.000N tau_mag=0.0000Nm misalign_deg=21.6 pos=[0.30743274 0.14824606 0.42980954] bottom_world=[0.32603058 0.14887186 0.42247956] quat=[ 0.02213437  0.56279266  0.00385797 -0.82629275] speed=0.0737 ang_speed=2.7836 ang_vel_vec=[2.6166618  0.6320726  0.70834684] |com_force|=0.0000N
### kotek_magnet[tick=20460] sensor1: d=0.3189m in_range=False f_mag=0.000N tau_mag=0.0000Nm misalign_deg=88.2 pos=[ 0.32458088 -0.13075651  0.02064626] bottom_world=[ 0.32519696 -0.13030068  0.04063158] quat=[-0.00862907  0.4498576   0.89289474 -0.01711019] speed=0.0092 ang_speed=0.1390 ang_vel_vec=[ 0.08159076 -0.10550321  0.03927939] |com_force|=0.0000N
### kotek_magnet[tick=20460] sensor3: d=0.0149m in_range=True f_mag=0.245N tau_mag=0.0001Nm misalign_deg=15.6 pos=[0.36999485 0.05007463 0.36570317] bottom_world=[0.38926051 0.05005222 0.36033345] quat=[-0.00125595 -0.60477626  0.00165704  0.79639274] speed=0.0002 ang_speed=0.0049 ang_vel_vec=[-0.00484162  0.00032492 -0.00033103] |com_force|=0.4905N
### kotek_magnet[tick=20460] sensor4: d=0.0936m in_range=True f_mag=1.799N tau_mag=0.0019Nm misalign_deg=21.7 pos=[0.3113226  0.15103988 0.41937095] bottom_world=[0.32990095 0.15177669 0.41200196] quat=[ 0.02514413  0.56191486  0.00519039 -0.8267965 ] speed=0.0838 ang_speed=2.2025 ang_vel_vec=[ 0.9805002  0.4000053 -1.931216 ] |com_force|=0.3635N
### still playing, 1039s left
### kotek_magnet[tick=20520] sensor1: d=0.3189m in_range=False f_mag=0.000N tau_mag=0.0000Nm misalign_deg=88.2 pos=[ 0.3245809  -0.13075651  0.02064628] bottom_world=[ 0.32519697 -0.13030069  0.0406316 ] quat=[-0.00862884  0.44985747  0.89289486 -0.01710987] speed=0.0091 ang_speed=0.1371 ang_vel_vec=[ 0.0803267  -0.10432284  0.03838836] |com_force|=0.0000N
### kotek_magnet[tick=20520] sensor3: d=0.0149m in_range=True f_mag=0.245N tau_mag=0.0001Nm misalign_deg=15.6 pos=[0.3699944  0.05007432 0.3657034 ] bottom_world=[0.38926001 0.05005198 0.36033349] quat=[-0.00125902 -0.6047722   0.00165737  0.79639584] speed=0.0001 ang_speed=0.0020 ang_vel_vec=[ 0.00115354  0.00032734 -0.00161278] |com_force|=0.4905N
### kotek_magnet[tick=20520] sensor4: d=0.0689m in_range=True f_mag=1.359N tau_mag=0.0013Nm misalign_deg=21.3 pos=[0.326416   0.15453027 0.39854938] bottom_world=[0.34505087 0.15509177 0.39130879] quat=[ 0.01867152  0.56477207  0.00423293 -0.8250249 ] speed=0.0877 ang_speed=2.4270 ang_vel_vec=[ 1.308803    0.34577322 -2.0144482 ] |com_force|=0.3648N
### kotek_magnet[tick=20580] sensor1: d=0.3189m in_range=False f_mag=0.000N tau_mag=0.0000Nm misalign_deg=88.2 pos=[ 0.32458094 -0.1307565   0.02064632] bottom_world=[ 0.32519701 -0.13030066  0.04063163] quat=[-0.00862881  0.44985738  0.8928948  -0.01711026] speed=0.0091 ang_speed=0.1369 ang_vel_vec=[ 0.08025265 -0.10410631  0.03828049] |com_force|=0.0000N
### kotek_magnet[tick=20580] sensor3: d=0.0149m in_range=True f_mag=0.245N tau_mag=0.0001Nm misalign_deg=15.6 pos=[0.36999464 0.05007462 0.36570337] bottom_world=[0.38926026 0.05005224 0.36033351] quat=[-0.00125623 -0.60477316  0.00165643  0.79639506] speed=0.0001 ang_speed=0.0045 ang_vel_vec=[-0.00413023  0.00095399 -0.00147753] |com_force|=0.4905N
### kotek_magnet[tick=20580] sensor4: d=0.0524m in_range=True f_mag=1.018N tau_mag=0.0009Nm misalign_deg=20.9 pos=[0.3372757  0.15695634 0.3844751 ] bottom_world=[0.35596106 0.15735611 0.37735486] quat=[ 0.01278849  0.5674352   0.00332496 -0.82331204] speed=0.1097 ang_speed=2.6274 ang_vel_vec=[ 2.1758971  1.4262923 -0.3666716] |com_force|=0.3065N
### kotek_magnet[tick=20640] sensor1: d=0.3189m in_range=False f_mag=0.000N tau_mag=0.0000Nm misalign_deg=88.2 pos=[ 0.32458094 -0.13075648  0.02064629] bottom_world=[ 0.32519701 -0.13030065  0.0406316 ] quat=[-0.00862896  0.44985744  0.8928948  -0.01711022] speed=0.0091 ang_speed=0.1358 ang_vel_vec=[ 0.07955863 -0.10316943  0.03827265] |com_force|=0.0000N
### kotek_magnet[tick=20640] sensor3: d=0.0149m in_range=True f_mag=0.245N tau_mag=0.0001Nm misalign_deg=15.6 pos=[0.36999464 0.05007422 0.36570323] bottom_world=[0.38926028 0.05005186 0.36033342] quat=[-0.00126016 -0.6047745   0.00165884  0.79639417] speed=0.0002 ang_speed=0.0045 ang_vel_vec=[ 0.00444622 -0.00059506 -0.00053183] |com_force|=0.4904N
### kotek_magnet[tick=20640] sensor4: d=0.0126m in_range=True f_mag=0.199N tau_mag=0.0001Nm misalign_deg=4.4 pos=[0.36985594 0.15010561 0.35899815] bottom_world=[0.389796   0.15032863 0.357467  ] quat=[ 0.09062069  0.6751941  -0.07638278 -0.7280568 ] speed=0.0336 ang_speed=0.9577 ang_vel_vec=[-0.2070433   0.9139703   0.19757134] |com_force|=0.4470N
### kotek_magnet[tick=20676]: welded sensor 4 at d=0.0142m misalign_deg=13.6 pos=[0.370366   0.14945927 0.36456272] wall_pos=[0.425 0.    0.5  ] local_pos1=[-0.05463399  0.14945927 -0.13543728] quat=[ 0.10939124  0.6137533  -0.07882734 -0.77789885]
### kotek_magnet[tick=20700] sensor1: d=0.3189m in_range=False f_mag=0.000N tau_mag=0.0000Nm misalign_deg=88.2 pos=[ 0.3245808  -0.13075657  0.02064629] bottom_world=[ 0.32519686 -0.13030075  0.0406316 ] quat=[-0.00862891  0.4498572   0.89289486 -0.0171098 ] speed=0.0091 ang_speed=0.1379 ang_vel_vec=[ 0.0811599  -0.10463069  0.0383472 ] |com_force|=0.0000N
### kotek_magnet[tick=20700] sensor3: d=0.0149m in_range=True f_mag=0.245N tau_mag=0.0001Nm misalign_deg=15.6 pos=[0.36999455 0.0500746  0.36570328] bottom_world=[0.38926018 0.05005223 0.36033345] quat=[-0.00125622 -0.6047738   0.00165639  0.7963947 ] speed=0.0002 ang_speed=0.0051 ang_vel_vec=[-0.00505323  0.00054715 -0.00078906] |com_force|=0.4905N
### kotek_magnet[tick=20760] sensor1: d=0.3189m in_range=False f_mag=0.000N tau_mag=0.0000Nm misalign_deg=88.2 pos=[ 0.3245809  -0.13075647  0.02064632] bottom_world=[ 0.32519698 -0.13030064  0.04063163] quat=[-0.00862895  0.4498575   0.8928948  -0.01711015] speed=0.0091 ang_speed=0.1364 ang_vel_vec=[ 0.07996392 -0.10363334  0.03836899] |com_force|=0.0000N
### kotek_magnet[tick=20760] sensor3: d=0.0149m in_range=True f_mag=0.245N tau_mag=0.0001Nm misalign_deg=15.6 pos=[0.36999482 0.05007459 0.36570317] bottom_world=[0.38926048 0.05005221 0.36033343] quat=[-0.00125639 -0.60477597  0.00165647  0.79639304] speed=0.0001 ang_speed=0.0044 ang_vel_vec=[-0.00419267  0.00053043 -0.00132389] |com_force|=0.4905N
### kotek_magnet[tick=20820] sensor1: d=0.3189m in_range=False f_mag=0.000N tau_mag=0.0000Nm misalign_deg=88.2 pos=[ 0.32458082 -0.13075651  0.02064628] bottom_world=[ 0.32519688 -0.13030069  0.04063159] quat=[-0.00862877  0.44985744  0.89289474 -0.01710993] speed=0.0091 ang_speed=0.1371 ang_vel_vec=[ 0.08025362 -0.1042761   0.03863422] |com_force|=0.0000N
### kotek_magnet[tick=20820] sensor3: d=0.0149m in_range=True f_mag=0.245N tau_mag=0.0001Nm misalign_deg=15.6 pos=[0.36999452 0.05007436 0.36570334] bottom_world=[0.38926013 0.05005202 0.36033343] quat=[-0.00125847 -0.6047722   0.00165697  0.7963958 ] speed=0.0001 ang_speed=0.0018 ang_vel_vec=[-0.0001951   0.00028364 -0.00181626] |com_force|=0.4905N
### kotek_magnet[tick=20880] sensor1: d=0.3189m in_range=False f_mag=0.000N tau_mag=0.0000Nm misalign_deg=88.2 pos=[ 0.32458076 -0.13075653  0.02064629] bottom_world=[ 0.32519683 -0.1303007   0.0406316 ] quat=[-0.00862885  0.4498574   0.89289474 -0.01710996] speed=0.0091 ang_speed=0.1363 ang_vel_vec=[ 0.07996605 -0.10337389  0.03855458] |com_force|=0.0000N
### kotek_magnet[tick=20880] sensor3: d=0.0149m in_range=True f_mag=0.245N tau_mag=0.0001Nm misalign_deg=15.6 pos=[0.36999443 0.05007428 0.36570337] bottom_world=[0.38926004 0.05005191 0.36033347] quat=[-0.00125945 -0.60477245  0.00165868  0.79639566] speed=0.0002 ang_speed=0.0040 ang_vel_vec=[ 0.00385862 -0.00061614  0.00076719] |com_force|=0.4903N
### kotek_magnet[tick=20940] sensor1: d=0.3189m in_range=False f_mag=0.000N tau_mag=0.0000Nm misalign_deg=88.2 pos=[ 0.32458088 -0.13075654  0.02064632] bottom_world=[ 0.32519696 -0.1303007   0.04063163] quat=[-0.00862902  0.44985732  0.89289486 -0.0171104 ] speed=0.0091 ang_speed=0.1361 ang_vel_vec=[ 0.08012906 -0.1032279   0.03801459] |com_force|=0.0000N
### kotek_magnet[tick=20940] sensor3: d=0.0149m in_range=True f_mag=0.245N tau_mag=0.0001Nm misalign_deg=15.6 pos=[0.36999455 0.05007429 0.3657034 ] bottom_world=[0.38926016 0.05005192 0.36033351] quat=[-0.0012592  -0.6047726   0.00165861  0.79639554] speed=0.0001 ang_speed=0.0033 ang_vel_vec=[ 0.00317357 -0.00059791  0.00080774] |com_force|=0.4903N
### kotek_magnet[tick=21000] sensor1: d=0.3189m in_range=False f_mag=0.000N tau_mag=0.0000Nm misalign_deg=88.2 pos=[ 0.3245808  -0.13075651  0.02064633] bottom_world=[ 0.32519687 -0.13030068  0.04063163] quat=[-0.00862896  0.44985747  0.8928947  -0.01711022] speed=0.0092 ang_speed=0.1385 ang_vel_vec=[ 0.08122239 -0.10517453  0.03887856] |com_force|=0.0000N
### kotek_magnet[tick=21000] sensor3: d=0.0149m in_range=True f_mag=0.245N tau_mag=0.0001Nm misalign_deg=15.6 pos=[0.3699948  0.05007435 0.3657032 ] bottom_world=[0.38926043 0.05005201 0.3603334 ] quat=[-0.00125862 -0.6047747   0.00165705  0.796394  ] speed=0.0001 ang_speed=0.0019 ang_vel_vec=[-3.0913929e-05  4.3358156e-04 -1.8585777e-03] |com_force|=0.4905N
