WARNING: All log messages before absl::InitializeLog() is called are written to STDERR
E0000 00:00:1789293801.791335   45289 descriptor_database.cc:633] File already exists in database: grpc/health/v1/health.proto
W0000 00:00:1789293801.791356   45289 message.cc:301] Protobuf GeneratedMessageFactory: File is already registered: grpc/health/v1/health.proto
2026-09-13T10:03:21Z [Info] [carb] Logging to file: /home/trs/env_isaaclab/lib/python3.12/site-packages/isaacsim/kit/logs/Kit/Isaac-Sim Python/6.0/kit_20260913_190321.log
[0.064s] [ext: omni.assets.plugins-0.0.0] startup
[0.065s] [ext: omni.blobkey-1.1.2] startup
[0.065s] [ext: omni.kit.async_engine-0.0.3] startup
[0.124s] [ext: omni.client.lib-1.1.1] startup
[0.131s] [ext: omni.client-1.3.0] startup
[0.134s] [ext: omni.protobuf.lib-1.0.0] startup
[0.135s] [ext: omni.grpc.lib-1.0.0] startup
[0.138s] [ext: omni.metrics.core-0.0.3] startup
[0.138s] [ext: omni.datastore-0.0.0] startup
[0.138s] [ext: omni.gpu_foundation.shadercache.vulkan-1.0.0] startup
[0.140s] [ext: omni.hsscclient-1.1.4] startup
[0.141s] [ext: omni.stats-1.0.1] startup
[0.141s] [ext: omni.ujitso.default-1.0.0] startup
[0.143s] [ext: omni.gpu_foundation-0.0.0] startup
[0.306s] [ext: carb.windowing.plugins-1.0.1] startup
[0.306s] [ext: omni.kit.renderer.init-1.0.1] startup

|---------------------------------------------------------------------------------------------|
| Driver Version: 595.84        | Graphics API: Vulkan
|=============================================================================================|
| GPU | Name                             | Active | LDA | GPU Memory | Vendor-ID | LUID       |
|     |                                  |        |     |            | Device-ID | UUID       |
|     |                                  |        |     |            | Bus-ID    |            |
|---------------------------------------------------------------------------------------------|
| 0   | NVIDIA RTX A6000                 | Yes: 0 |     | 49140   MB | 10de      | 0          |
|     |                                  |        |     |            | 2230      | 1d7cbbed.. |
|     |                                  |        |     |            | 1         |            |
|=============================================================================================|
| OS: 24.04.4 LTS (Noble Numbat) ubuntu, Version: 24.04.4, Kernel: 7.0.0-31-generic
| XServer Vendor: The X.Org Foundation, XServer Version: 12101011 (1.21.1.11)
| Processor: Intel(R) Core(TM) i9-14900KF
| Cores: 24 | Logical Cores: 32
|---------------------------------------------------------------------------------------------|
| Total Memory (MB): 64135 | Free Memory: 57760
| Total Page/Swap (MB): 8191 | Free Page/Swap: 8191
|---------------------------------------------------------------------------------------------|
2026-09-13T10:03:22Z [821ms] [Warning] [omni.rtx] CPU performance profile is set to powersave. This profile sets the CPU to the lowest frequency reducing performance.
2026-09-13T10:03:22Z [831ms] [Warning] [omni.rtx] IOMMU is enabled.
[0.939s] [ext: omni.kit.pipapi-0.0.0] startup
[0.940s] [ext: omni.kit.telemetry-0.5.2] startup
[0.960s] [ext: omni.kit.loop-isaac-1.6.0] startup
[0.962s] [ext: omni.kit.test-2.0.7] startup
[0.997s] [ext: omni.materialx.libs-1.0.9] startup
[1.001s] [ext: omni.gpucompute.plugins-0.0.0] startup
[1.002s] [ext: omni.usd.config-1.0.7] startup
[1.004s] [ext: omni.usd.libs-1.0.3] startup
[1.059s] [ext: omni.iray.libs-0.0.1] startup
[1.062s] [ext: omni.mdl-57.0.3] startup
[1.097s] [ext: omni.mdl.neuraylib-0.2.20] startup
[1.099s] [ext: omni.kit.usd.mdl-1.1.9] startup
[1.165s] [ext: omni.appwindow-1.2.2] startup
[1.166s] [ext: omni.kit.renderer.core-1.2.2] startup
[1.200s] [ext: omni.kit.renderer.capture-2.0.1] startup
[1.202s] [ext: omni.kit.renderer.imgui-2.0.6] startup
[1.249s] [ext: omni.ui-3.1.3] startup
[1.255s] [ext: omni.kit.mainwindow-1.0.3] startup
[1.256s] [ext: carb.audio-0.1.0] startup
[1.258s] [ext: omni.uiaudio-1.0.0] startup
[1.258s] [ext: omni.kit.uiapp-0.0.0] startup
[1.258s] [ext: omni.usd.schema.metrics.assembler-110.1.0] startup
[1.260s] [ext: omni.usd.schema.audio-0.0.1] startup
[1.262s] [ext: omni.usd_resolver-1.0.0] startup
[1.264s] [ext: omni.usd.core-1.8.3] startup
[1.266s] [ext: omni.metropolis.schema-0.0.3] startup
[1.266s] [ext: isaacsim.anim.robot.schema-0.1.1] startup
[1.267s] [ext: omni.usd.schema.anim-0.0.1] startup
[1.279s] [ext: omni.usd.schema.geospatial-0.0.1] startup
[1.280s] [ext: omni.usd.schema.omnigraph-1.0.1] startup
[1.283s] [ext: omni.usd.schema.semantics-0.0.0] startup
[1.285s] [ext: omni.activity.core-1.0.3] startup
[1.286s] [ext: omni.cubric-0.1.0] startup
[1.286s] [ext: omni.graph.exec-0.9.6] startup
[1.286s] [ext: omni.hydra.scene_delegate-0.3.5] startup
[1.288s] [ext: usdrt.scenegraph-7.6.3] startup
[1.304s] [ext: omni.hydra.usdrt_delegate-7.5.2] startup
[1.308s] [ext: omni.inspect-1.0.2] startup
[1.309s] [ext: omni.kit.actions.core-1.0.0] startup
[1.310s] [ext: omni.kit.audiodeviceenum-1.0.2] startup
[1.311s] [ext: omni.kit.commands-1.5.0] startup
[1.313s] [ext: omni.kit.exec.core-0.13.5] startup
[1.313s] [ext: omni.kit.usd_undo-0.1.8] startup
[1.314s] [ext: omni.kit.window.popup_dialog-2.0.25] startup
[1.316s] [ext: omni.kit.widget.nucleus_connector-2.3.1] startup
[1.317s] [ext: omni.timeline-1.1.0] startup
[1.318s] [ext: omni.usd-1.15.2] startup
[1.343s] [ext: omni.graph.core-3.1.2] startup
[1.345s] [ext: omni.kit.notification_manager-1.0.11] startup
[1.346s] [ext: isaacsim.core.deprecation_manager-0.4.2] startup
[1.346s] [ext: isaacsim.replicator.agent.schema-0.1.1] startup
[1.347s] [ext: isaacsim.robot.schema-6.3.6] startup
[1.350s] [ext: isaacsim.robot_motion.schema-0.2.0] startup
[1.350s] [ext: omni.anim.behavior.schema-110.1.0] startup
[1.352s] [ext: omni.anim.graph.schema-110.1.1] startup
[1.356s] [ext: omni.anim.navigation.schema-110.1.0] startup
[1.357s] [ext: omni.behavior.tree.schema-110.1.0] startup
[1.358s] [ext: omni.kit.asset_converter-5.1.4] startup
[1.365s] [ext: omni.usd.schema.flow-110.0.0] startup
[1.365s] [ext: omni.usd.schema.mujoco-1.1.0] startup
[1.365s] [ext: omni.usd.schema.newton-1.2.0] startup
[1.366s] [ext: omni.usd.schema.omni_lens_distortion-1.0.0] startup
[1.366s] [ext: omni.usd.schema.omni_projectors-1.0.0] startup
[1.366s] [ext: omni.usd.schema.omni_sensors-0.0.0] startup
[1.370s] [ext: omni.usd.schema.omniscripting-1.0.1] startup
[1.373s] [ext: omni.usd.schema.physical_lighting-0.1.0] startup
[1.375s] [ext: omni.usd.schema.physx-110.1.11] startup
[1.392s] [ext: omni.usd.schema.render_settings.rtx-1.0.2] startup
[1.394s] [ext: omni.usd.schema.usd_particle_field-1.0.0] startup
[1.394s] [ext: isaacsim.core.version-2.1.0] startup
[1.394s] [ext: omni.kit.menu.core-1.2.0] startup
[1.395s] [ext: omni.kit.menu.utils-2.2.3] startup
[1.399s] [ext: isaacsim.app.about-2.3.0] startup
[1.402s] [ext: isaacsim.asset.transformer-1.2.3] startup
[1.404s] [ext: omni.scene.optimizer.core-110.1.0] startup
[1.441s] [ext: isaacsim.asset.importer.utils-1.8.0] startup
[1.443s] [ext: omni.convexdecomposition-110.1.11] startup
[1.444s] [ext: omni.physics-110.1.11] startup
[1.446s] [ext: omni.physx.gpu-110.1.11] startup
[1.446s] [ext: omni.physx.foundation-110.1.11] startup
[1.447s] [ext: omni.usdphysics-110.1.11] startup
[1.448s] [ext: omni.physx.cooking-110.1.11] startup
[1.449s] [ext: omni.physx-110.1.11] startup
[1.455s] [ext: omni.physics.physx-110.1.11] startup
[1.457s] [ext: isaacsim.asset.exporter.urdf-2.0.3] startup
[1.462s] [ext: omni.kit.clipboard-1.1.1] startup
[1.462s] [ext: omni.kit.usd.layers-2.6.1] startup
[1.467s] [ext: omni.kit.widget.context_menu-1.4.0] startup
[1.468s] [ext: omni.kit.context_menu-1.9.0] startup
[1.468s] [ext: omni.kit.helper.file_utils-0.1.10] startup
[1.469s] [ext: omni.kit.widget.nucleus_info-2.0.2] startup
[1.470s] [ext: omni.kit.search_core-1.0.8] startup
[1.470s] [ext: omni.kit.widget.path_field-2.0.13] startup
[1.470s] [ext: omni.kit.widget.browser_bar-2.0.10] startup
[1.471s] [ext: omni.kit.widget.filebrowser-2.13.4] startup
[1.473s] [ext: omni.kit.widget.options_menu-1.1.6] startup
[1.475s] [ext: omni.kit.widget.options_button-1.0.3] startup
[1.475s] [ext: omni.kit.widget.search_delegate-1.0.9] startup
[1.476s] [ext: omni.ui.scene-2.0.1] startup
[1.478s] [ext: omni.kit.window.filepicker-2.15.5] startup
[1.486s] [ext: omni.kit.window.file_importer-1.1.21] startup
[1.487s] [ext: omni.kit.material.library-3.1.2] startup
[1.490s] [ext: isaacsim.asset.transformer.rules-1.7.8] startup
[1.497s] [ext: omni.usdex.libs-2.2.2] startup
[1.502s] [ext: isaacsim.asset.importer.mjcf-3.10.0] startup
[1.503s] [ext: isaacsim.asset.importer.urdf-3.11.0] startup
[1.506s] [ext: omni.kit.primitive.mesh-1.1.0] startup
[1.507s] [ext: omni.kit.stage_template.core-1.1.22] startup
[1.507s] [ext: omni.kit.stage_templates-2.0.2] startup
[1.508s] [ext: omni.usd.metrics.assembler-110.1.2] startup
[1.510s] [ext: omni.warp.core-1.13.0] startup
[1.625s] [ext: isaacsim.core.experimental.utils-0.17.1] startup
[1.625s] [ext: omni.physics.stageupdate-110.1.11] startup
[1.626s] [ext: omni.physics.tensors-110.1.11] startup
[1.629s] [ext: omni.physx.tensors-110.1.11] startup
[1.632s] [ext: isaacsim.core.simulation_manager-1.15.4] startup
2026-09-13T10:03:23Z [1,615ms] [Warning] [isaacsim.core.simulation_manager.plugin] USD stage is not available; stage-opened subscription is deferred
2026-09-13T10:03:23Z [1,615ms] [Warning] [isaacsim.core.simulation_manager.plugin] USD stage is not available; stage-opened subscription is deferred
[1.641s] [ext: isaacsim.storage.native-1.9.2] startup
[1.642s] [ext: omni.usd.metrics.assembler.physics-110.1.11] startup
[1.643s] [ext: isaacsim.core.utils-4.1.6] startup
[1.645s] [ext: isaacsim.core.prims-0.11.6] startup
[2.361s] [ext: isaacsim.core.api-5.2.12] startup
[2.366s] [ext: isaacsim.core.cloner-1.7.2] startup
[2.367s] [ext: isaacsim.test.docstring-1.3.1] startup
[2.368s] [ext: isaacsim.core.experimental.prims-1.8.8] startup
[2.383s] [ext: isaacsim.core.experimental.primdata-0.3.2] startup
[2.385s] [ext: omni.graph.tools-1.81.0] startup
[2.399s] [ext: omni.graph-1.142.5] startup
[2.423s] [ext: isaacsim.core.experimental.actuators-0.1.0] startup
[3.608s] [ext: isaacsim.core.experimental.materials-0.7.0] startup
[3.610s] [ext: isaacsim.core.experimental.objects-0.8.0] startup
[3.649s] [ext: omni.hydra.engine.stats-1.0.5] startup
[3.651s] [ext: omni.hydra.rtx.shadercache.vulkan-1.0.0] startup
[3.652s] [ext: omni.index.libs-387500.3473.0] startup
[3.652s] [ext: omni.index-1.0.1] startup
[3.652s] [ext: omni.ujitso.client-0.0.0] startup
[3.652s] [ext: omni.usd.schema.playback-1.0.0] startup
[3.655s] [ext: omni.volume-0.5.2] startup
[3.658s] [ext: omni.hydra.rtx-1.0.3] startup
2026-09-13T10:03:25Z [3,643ms] [Warning] [omni.log] Source: omni.hydra was already registered.
[3.681s] [ext: omni.kit.hydra_texture-1.6.0] startup
[3.684s] [ext: omni.kit.raycast.query-1.2.0] startup
[3.687s] [ext: omni.kit.viewport.legacy_gizmos-1.0.24] startup
[3.689s] [ext: omni.kit.viewport.registry-104.0.6] startup
[3.689s] [ext: omni.kit.viewport.scene_camera_model-1.0.7] startup
[3.692s] [ext: omni.kit.widget.viewport-109.2.0] startup
[3.695s] [ext: omni.kit.window.drop_support-1.0.8] startup
[3.695s] [ext: omni.kit.viewport.window-109.0.2] startup
[3.706s] [ext: omni.kit.viewport.utility-2.0.1] startup
[3.707s] [ext: isaacsim.core.rendering_manager-0.4.2] startup
[3.720s] [ext: omni.graph.action_core-1.1.9] startup
[3.721s] [ext: omni.graph.action_nodes_core-2.10.2] startup
[3.723s] [ext: omni.graph.action_nodes-2.10.3] startup
[3.741s] [ext: omni.graph.action-2.10.2] startup
[3.742s] [ext: omni.graph.image.core-0.6.1] startup
[3.742s] [ext: omni.graph.image.nodes-1.3.1] startup
[3.743s] [ext: omni.graph.nodes_core-2.10.3] startup
[3.748s] [ext: omni.graph.nodes-2.11.1] startup
[3.754s] [ext: omni.kit.hotkeys.core-1.3.12] startup
[3.754s] [ext: omni.kit.property.adapter.core-1.1.1] startup
[3.756s] [ext: omni.kit.property.adapter.usd-1.0.5] startup
[3.757s] [ext: omni.kit.widget.filter-1.1.5] startup
[3.757s] [ext: omni.kit.widget.highlight_label-1.0.3] startup
[3.758s] [ext: omni.kit.widget.searchfield-1.1.8] startup
[3.759s] [ext: omni.kit.window.file_exporter-1.0.36] startup
[3.760s] [ext: omni.kit.widget.stage-4.3.0] startup
[3.765s] [ext: omni.kit.window.content_browser_registry-0.0.6] startup
[3.766s] [ext: omni.kit.window.file-2.0.10] startup
[3.768s] [ext: omni.kit.window.content_browser-3.1.8] startup
[3.775s] [ext: omni.kit.window.property-1.15.1] startup
[3.783s] [ext: omni.kit.property.usd-4.8.1] startup
[3.790s] [ext: omni.graph.scriptnode-2.10.2] startup
[3.796s] [ext: omni.kit.widget.searchable_combobox-1.0.7] startup
[3.796s] [ext: omni.kit.widget.settings-2.0.0] startup
[3.798s] [ext: omni.kit.window.preferences-1.8.3] startup
[3.801s] [ext: omni.kit.viewport.menubar.core-107.2.2] startup
[3.808s] [ext: omni.syntheticdata-0.6.15] startup
[3.827s] [ext: omni.replicator.nv-1.1.1] startup
[3.831s] [ext: omni.videoencoding-0.2.1] startup
[3.833s] [ext: omni.replicator.core-1.13.25] startup
2026-09-13T10:03:25Z [3,814ms] [Warning] [pxr.Semantics] pxr.Semantics is deprecated - please use Semantics instead
2026-09-13T10:03:25Z [3,864ms] [Warning] [omni.replicator.core.scripts.extension] No material configuration file, adding configuration to material settings directly.
[3.988s] [ext: isaacsim.core.nodes-5.10.4] startup
[4.010s] [ext: isaacsim.core.throttling-2.3.3] startup
[4.011s] [ext: omni.kit.manipulator.viewport-107.0.1] startup
[4.012s] [ext: omni.graph.visualization.nodes-2.1.4] startup
[4.021s] [ext: omni.kit.window.extensions-1.5.7] startup
[4.025s] [ext: isaacsim.gui.components-1.8.4] startup
[4.028s] [ext: isaacsim.robot.surface_gripper-3.6.1] startup
[4.036s] [ext: isaacsim.robot.manipulators-3.4.4] startup
[4.043s] [ext: isaacsim.robot_motion.lula-4.1.2] startup
[4.048s] [ext: isaacsim.robot_motion.motion_generation-8.2.8] startup
[4.052s] [ext: isaacsim.cortex.framework-1.0.17] startup
[4.053s] [ext: isaacsim.cortex.behaviors-2.0.16] startup
[4.055s] [ext: isaacsim.examples.base-1.3.1] startup
[4.056s] [ext: omni.kit.widget.zoombar-1.0.7] startup
[4.057s] [ext: omni.kit.browser.core-2.3.18] startup
[4.059s] [ext: omni.kit.browser.folder.core-2.0.2] startup
[4.062s] [ext: omni.kit.widget.stage_icons-1.0.8] startup
[4.063s] [ext: omni.kit.window.stage-2.6.1] startup
[4.065s] [ext: omni.kit.menu.stage-1.2.7] startup
[4.067s] [ext: omni.kit.usd.collect-3.0.5] startup
[4.068s] [ext: omni.kit.widget.prompt-1.0.7] startup
[4.069s] [ext: omni.kit.tool.collect-2.2.19] startup
[4.070s] [ext: isaacsim.examples.browser-0.3.1] startup
[4.072s] [ext: omni.kit.search.files-1.0.4] startup
[4.073s] [ext: omni.kit.widget.calendar-1.0.9] startup
[4.074s] [ext: omni.kit.widget.extended_searchfield-1.0.31] startup
[4.079s] [ext: omni.simready.content.browser-0.3.7] startup
[4.140s] [ext: isaacsim.gui.content_browser-0.4.2] startup
[4.142s] [ext: omni.kit.selection-0.1.6] startup
[4.143s] [ext: isaacsim.gui.menu-2.10.5] startup
[4.149s] [ext: isaacsim.gui.property-1.6.2] startup
[4.153s] [ext: omni.kit.viewport.actions-107.0.2] startup
[4.156s] [ext: omni.kit.viewport.menubar.display-107.1.3] startup
[4.157s] [ext: isaacsim.gui.sensors.icon-2.2.0] startup
[4.159s] [ext: omni.behavior.scripting.core-110.1.0] startup
[4.161s] [ext: isaacsim.replicator.behavior-1.5.3] startup
[4.162s] [ext: isaacsim.replicator.experimental.domain_randomization-1.2.4] startup
[4.173s] [ext: isaacsim.replicator.domain_randomization-1.2.1] startup
[4.224s] [ext: isaacsim.replicator.writers-1.5.3] startup
[4.241s] [ext: isaacsim.robot.experimental.wheeled_robots-0.2.9] startup
[4.256s] [ext: isaacsim.robot.policy.examples-5.2.11] startup
[4.269s] [ext: isaacsim.robot.wheeled_robots-5.2.3] startup
[4.272s] [ext: isaacsim.robot.wheeled_robots.nodes-0.1.2] startup
[4.286s] [ext: isaacsim.robot_motion.experimental.motion_generation-6.1.2] startup
[4.293s] [ext: isaacsim.robot_motion.cumotion-1.3.0] startup
[4.302s] [ext: omni.kit.numpy.common-0.1.3] startup
[4.303s] [ext: isaacsim.sensors.camera-1.7.8] startup
[4.322s] [ext: isaacsim.sensors.experimental.physics-3.0.1] startup
[4.327s] [ext: omni.sensors.net-1.0.1] startup
[4.329s] [ext: omni.sensors.nv.common-3.0.0] startup
[4.338s] [ext: omni.sensors.nv.materials-2.0.0] startup
[4.340s] [ext: omni.sensors.nv.acoustic-3.0.0] startup
[4.342s] [ext: omni.sensors.nv.ids-2.0.1] startup
[4.343s] [ext: omni.sensors.nv.lidar-3.0.0] startup
[4.346s] [ext: omni.sensors.nv.radar-3.0.0] startup
[4.348s] [ext: isaacsim.sensors.experimental.rtx-1.4.3] startup
[4.511s] [ext: isaacsim.sensors.physics.nodes-1.5.2] startup
[4.516s] [ext: isaacsim.util.debug_draw-3.2.2] startup
[4.520s] [ext: isaacsim.sensors.physx-2.5.4] startup
[4.526s] [ext: isaacsim.sensors.rtx-15.17.0] startup
[4.534s] [ext: isaacsim.simulation_app-2.18.3] startup
[4.534s] [ext: omni.anim.curve.core-1.6.0] startup
[4.541s] [ext: omni.graph.ui_nodes-2.10.5] startup
[4.561s] [ext: omni.hydra.scene_api-0.1.3] startup
[4.564s] [ext: omni.kit.manipulator.camera-110.0.0] startup
[4.567s] [ext: omni.kit.manipulator.selector-1.1.4] startup
[4.568s] [ext: omni.kit.manipulator.transform-107.0.0] startup
[4.571s] [ext: omni.kit.widget.toolbar-2.1.0] startup
[4.574s] [ext: omni.kit.manipulator.tool.snap-1.5.14] startup
[4.577s] [ext: omni.kit.viewport.manipulator.transform-107.0.4] startup
[4.578s] [ext: omni.kit.manipulator.prim.core-108.0.2] startup
[4.582s] [ext: omni.kit.manipulator.prim.usd-107.0.3] startup
[4.583s] [ext: omni.kit.manipulator.prim-108.0.0] startup
[4.583s] [ext: omni.kit.manipulator.selection-109.0.1] startup
[4.584s] [ext: omni.kit.menu.create-2.0.2] startup
[4.585s] [ext: omni.kit.property.audio-1.0.16] startup
[4.588s] [ext: omni.kit.property.camera-1.0.14] startup
[4.589s] [ext: omni.kit.property.geometry-2.1.2] startup
[4.591s] [ext: omni.kit.property.light-1.0.14] startup
2026-09-13T10:03:26Z [4,585ms] [Warning] [omni.usd] Encountered USD Warnings but USD Diagnostics are currently muted. To view USD Warnings, please set the '/persistent/app/usd/muteUsdDiagnostics' setting to false in Preferences page.
[4.618s] [ext: omni.kit.property.material-1.14.2] startup
[4.621s] [ext: omni.kit.property.render-1.2.2] startup
[4.622s] [ext: omni.kit.property.transform-1.6.9] startup
[4.625s] [ext: omni.kit.property.bundle-1.5.1] startup
[4.626s] [ext: omni.kit.usdz_export-1.1.0] startup
[4.627s] [ext: omni.kit.tool.asset_importer-5.2.0] startup
[4.631s] [ext: omni.kit.ui.actions-1.0.5] startup
[4.632s] [ext: omni.kit.viewport.menubar.camera-107.0.10] startup
[4.635s] [ext: omni.kit.viewport.menubar.lighting-107.3.2] startup
[4.637s] [ext: omni.kit.viewport.menubar.render-107.0.10] startup
[4.639s] [ext: omni.kit.viewport.menubar.settings-110.0.1] startup
[4.641s] [ext: omni.kit.window.console-1.1.8] startup
[4.644s] [ext: omni.kit.window.status_bar-0.1.11] startup
[4.646s] [ext: omni.kit.window.toolbar-3.0.3] startup
[4.647s] [ext: omni.ocio-0.1.1] startup
[4.648s] [ext: omni.physx.commands-110.1.11] startup
[4.654s] [ext: omni.replicator.replicator_yaml-2.0.12] startup
[4.661s] [ext: omni.rtx.window.settings-0.8.0] startup
[4.664s] [ext: omni.rtx.settings.core-0.7.0] startup
[4.666s] [ext: omni.usd.metrics.assembler.ui-110.1.1] startup
[4.671s] [ext: semantics.schema.editor-2.0.2] startup
[4.673s] [ext: semantics.schema.property-2.0.1] startup
[4.674s] [ext: omni.kit.menu.common-2.0.2] startup
[4.675s] [ext: isaacsim.exp.base-6.0.0] startup
[4.675s] [ext: isaacsim.exp.base.python-6.0.0] startup
[4.676s] Simulation App Starting
[5.474s] Simulation App Startup Complete
[5.487s] app ready
Starting kit application with the following args:  ['/home/trs/env_isaaclab/lib/python3.12/site-packages/isaacsim/exts/isaacsim.simulation_app/isaacsim/simulation_app/simulation_app.py', '/home/trs/env_isaaclab/lib/python3.12/site-packages/isaacsim/apps/isaacsim.exp.base.python.kit', '--/app/tokens/exe-path=/home/trs/env_isaaclab/lib/python3.12/site-packages/isaacsim/kit', '--/persistent/app/viewport/displayOptions=3094', '--/rtx/materialDb/syncLoads=True', '--/rtx/hydra/materialSyncLoads=True', '--/omni.kit.plugin/syncUsdLoads=True', '--/app/renderer/resolution/width=1280', '--/app/renderer/resolution/height=720', '--/app/window/width=1440', '--/app/window/height=900', '--/renderer/multiGpu/enabled=True', '--/app/fastShutdown=True', '--/app/installSignalHandlers=0', '--ext-folder', '/home/trs/env_isaaclab/lib/python3.12/site-packages/isaacsim/exts', '--ext-folder', '/home/trs/env_isaaclab/lib/python3.12/site-packages/isaacsim/apps', '--/physics/cudaDevice=0', '--/plugins/carb.tasking.plugin/threadCount=32', '--/plugins/omni.tbb.globalcontrol/maxThreadCount=32', '--portable', '--no-window', '--/app/window/hideUi=1']
Passing the following args to the base kit application:  ['--duration', '1400']
Warp 1.13.0 initialized:
   CUDA Toolkit 12.9, Driver 13.2
   Devices:
     "cpu"      : "x86_64"
     "cuda:0"   : "NVIDIA RTX A6000" (47 GiB, sm_86, mempool enabled)
   Kernel cache:
     /home/trs/.cache/warp/1.13.0
### stage opened: /home/trs/kotek_ws/src/kotek_isaac_stage/usd/kotek_scout_piper_wall_demo.usd
[6.033s] [ext: isaacsim.sensors.rtx.nodes-0.1.0] startup
[6.041s] [ext: isaacsim.ros2.core-1.9.1] startup
[6.058s] Attempting to load system rclpy
[6.058s] Could not import system rclpy: No module named 'rclpy'
[6.058s] Attempting to load internal rclpy for ROS Distro: jazzy
[6.070s] rclpy loaded
[6.074s] [ext: isaacsim.ros2.nodes-1.18.11] startup
[6.116s] [ext: isaacsim.ros2.examples-1.2.3] startup
[6.122s] [ext: isaacsim.ros2.ui-1.6.4] startup
[6.281s] [ext: isaacsim.ros2.bridge-5.1.1] startup
2026-09-13T10:03:28Z [6,707ms] [Warning] [isaacsim.ros2.nodes] OgnROS2PublishTransformTree: using targetPrims for internal computation is deprecated. Connect OgnIsaacComputeTransformTree to inputs:parentFrames/childFrames/translations/orientations instead.
2026-09-13T10:03:28Z [6,707ms] [Error] [omni.physx.tensors.plugin] Failed to create simulation view: no active physics scene found
2026-09-13T10:03:28Z [6,707ms] [Error] [omni.graph.core.plugin] /World/kotek_wall_sensor_graph/ros2_publish_transform_tree: [/World/kotek_wall_sensor_graph] Failed to create simulation view - physics backend may not be initialized
### physics playing -- /clock and /isaac_joint_states are live; start the 45s warm-up now
### still playing, 1400s left
### kotek_magnet[tick=60] sensor1: d=0.4082m in_range=False f_mag=0.000N tau_mag=0.0000Nm misalign_deg=90.0 pos=[0.10880279 0.1090093  0.49140233] bottom_world=[0.10880296 0.10900929 0.47140233] quat=[ 9.2484176e-01 -2.0293912e-06 -3.8486596e-06  3.8035229e-01] speed=0.0006 ang_speed=0.0049 ang_vel_vec=[0.00448202 0.00189047 0.00039158] |com_force|=0.0000N
### kotek_magnet[tick=60] sensor2: d=0.3208m in_range=False f_mag=0.000N tau_mag=0.0000Nm misalign_deg=90.0 pos=[ 0.10902467 -0.10904666  0.49140108] bottom_world=[ 0.10902465 -0.10904649  0.47140108] quat=[ 9.2300087e-01  3.7843577e-06  2.1311657e-06 -3.8479796e-01] speed=0.0004 ang_speed=0.0023 ang_vel_vec=[-0.0016911  -0.00122399 -0.00091027] |com_force|=0.0000N
### kotek_magnet[tick=60] sensor3: d=0.5470m in_range=False f_mag=0.000N tau_mag=0.0000Nm misalign_deg=90.0 pos=[-0.10910747 -0.10914613  0.49140114] bottom_world=[-0.10910741 -0.10914599  0.47140114] quat=[-3.8058406e-01 -2.6324492e-06 -2.6273779e-06  9.2474633e-01] speed=0.0005 ang_speed=0.0023 ang_vel_vec=[-0.00091867  0.00195101 -0.0009245 ] |com_force|=0.0000N
### kotek_magnet[tick=60] sensor4: d=0.5249m in_range=False f_mag=0.000N tau_mag=0.0000Nm misalign_deg=90.0 pos=[-0.10900018  0.10899954  0.49140233] bottom_world=[-0.10900028  0.10899957  0.47140233] quat=[3.8268229e-01 2.6469561e-06 2.1679557e-07 9.2388010e-01] speed=0.0004 ang_speed=0.0034 ang_vel_vec=[ 0.00290578 -0.00177686 -0.00043088] |com_force|=0.0000N
### kotek_magnet[tick=120] sensor1: d=0.4082m in_range=False f_mag=0.000N tau_mag=0.0000Nm misalign_deg=90.0 pos=[0.10880256 0.10900908 0.4914024 ] bottom_world=[0.10880275 0.1090091  0.47140239] quat=[ 9.2484188e-01 -1.3549216e-06 -4.7550493e-06  3.8035187e-01] speed=0.0010 ang_speed=0.0024 ang_vel_vec=[-0.00194262  0.00011888  0.00137404] |com_force|=0.0000N
### kotek_magnet[tick=120] sensor2: d=0.3208m in_range=False f_mag=0.000N tau_mag=0.0000Nm misalign_deg=90.0 pos=[ 0.10902449 -0.10904672  0.491401  ] bottom_world=[ 0.1090246  -0.10904652  0.47140099] quat=[ 9.2300093e-01  5.6364875e-06 -5.2745366e-07 -3.8479799e-01] speed=0.0004 ang_speed=0.0030 ang_vel_vec=[-0.00239843  0.00185671 -0.00030084] |com_force|=0.0000N
### kotek_magnet[tick=120] sensor3: d=0.5470m in_range=False f_mag=0.000N tau_mag=0.0000Nm misalign_deg=90.0 pos=[-0.1091075  -0.10914591  0.49140096] bottom_world=[-0.10910742 -0.1091459   0.47140096] quat=[-3.8058385e-01 -2.0400319e-06  4.8969514e-07  9.2474645e-01] speed=0.0004 ang_speed=0.0029 ang_vel_vec=[ 0.00175139  0.00229395 -0.00030659] |com_force|=0.0000N
### kotek_magnet[tick=120] sensor4: d=0.5249m in_range=False f_mag=0.000N tau_mag=0.0000Nm misalign_deg=90.0 pos=[-0.10900009  0.10900014  0.49140233] bottom_world=[-0.10900031  0.109       0.47140233] quat=[3.8268185e-01 3.7584534e-06 5.3168492e-06 9.2388022e-01] speed=0.0010 ang_speed=0.0025 ang_vel_vec=[ 0.00156604 -0.00169831 -0.00084199] |com_force|=0.0000N
### kotek_magnet[tick=180] sensor1: d=0.4082m in_range=False f_mag=0.000N tau_mag=0.0000Nm misalign_deg=90.0 pos=[0.10880381 0.10900926 0.49140236] bottom_world=[0.10880372 0.10900939 0.47140236] quat=[9.2484158e-01 3.9447241e-06 8.9494779e-07 3.8035277e-01] speed=0.0006 ang_speed=0.0027 ang_vel_vec=[-0.00011122 -0.00245961 -0.00102552] |com_force|=0.0000N
### kotek_magnet[tick=180] sensor2: d=0.3208m in_range=False f_mag=0.000N tau_mag=0.0000Nm misalign_deg=90.0 pos=[ 0.10902469 -0.1090467   0.49140102] bottom_world=[ 0.10902467 -0.10904652  0.47140102] quat=[ 9.2300087e-01  3.9918477e-06  2.0770669e-06 -3.8479799e-01] speed=0.0005 ang_speed=0.0027 ang_vel_vec=[-0.00219353 -0.00125844 -0.00084593] |com_force|=0.0000N
### kotek_magnet[tick=180] sensor3: d=0.5470m in_range=False f_mag=0.000N tau_mag=0.0000Nm misalign_deg=90.0 pos=[-0.1091075  -0.10914611  0.49140102] bottom_world=[-0.10910744 -0.10914598  0.47140102] quat=[-3.8058406e-01 -2.7526983e-06 -2.4222672e-06  9.2474639e-01] speed=0.0005 ang_speed=0.0026 ang_vel_vec=[-0.00103446  0.0022488  -0.00083914] |com_force|=0.0000N
### kotek_magnet[tick=180] sensor4: d=0.5249m in_range=False f_mag=0.000N tau_mag=0.0000Nm misalign_deg=90.0 pos=[-0.10900026  0.10899845  0.49140233] bottom_world=[-0.10900016  0.10899876  0.47140233] quat=[ 3.8268286e-01  6.3634468e-07 -8.1468079e-06  9.2387980e-01] speed=0.0009 ang_speed=0.0019 ang_vel_vec=[-0.00030473 -0.00146022  0.00121709] |com_force|=0.0000N
2026-09-13T10:03:28Z [6,863ms] [Warning] [omni.physx.plugin] Detected a rigid at /World/scout_mini/Geometry/base_link/sensor_cam_1 with more than 4 velocity iterations being added to a TGS scene.The related behavior changed recently, please consult the changelog. This warning will only print once.
2026-09-13T10:03:28Z [6,863ms] [Warning] [omni.physx.plugin] PhysicsUSD: CreateJoint - found a joint with disjointed body transforms, the simulation will most likely snap objects together: /World/_scout_parking_brake
2026-09-13T10:03:28Z [6,866ms] [Warning] [omni.physx.plugin] Detected an articulation at /World/piper/Geometry/base_link with more than 4 velocity iterations being added to a TGS scene.The related behavior changed recently, please consult the changelog. This warning will only print once.
2026-09-13T10:03:28Z [6,895ms] [Warning] [isaacsim.ros2.nodes] [ROS2 Publish Joint State] Reading from targetPrim is deprecated. Connect an Isaac Read Joint State node and use its outputs instead.
2026-09-13T10:03:28Z [6,933ms] [Warning] [carb] Client omni.hydratexture.plugin has acquired [carb::settings::ISettings v1.1] 100 times. Consider accessing this interface with carb::getCachedInterface() (Performance warning)
2026-09-13T10:03:29Z [7,592ms] [Warning] [omni.rtx] DLSS increasing input dimensions: Render resolution of (320, 240) is below minimal input resolution of 300.
2026-09-13T10:03:29Z [7,911ms] [Warning] [omni.timeline.plugin] Deprecated: direct use of ITimeline callbacks is deprecated. Use ITimeline::getTimeline (Python: omni.timeline.get_timeline_interface) instead.
### kotek_magnet[tick=240] sensor1: d=0.4082m in_range=False f_mag=0.000N tau_mag=0.0000Nm misalign_deg=90.0 pos=[0.10880429 0.10900896 0.4914024 ] bottom_world=[0.10880402 0.10900932 0.47140239] quat=[9.2484152e-01 1.0799759e-05 2.8339573e-06 3.8035288e-01] speed=0.0010 ang_speed=0.0025 ang_vel_vec=[-0.00165541 -0.00168924 -0.00074784] |com_force|=0.0000N
### kotek_magnet[tick=240] sensor2: d=0.3208m in_range=False f_mag=0.000N tau_mag=0.0000Nm misalign_deg=90.0 pos=[ 0.10902468 -0.10904647  0.49140093] bottom_world=[ 0.10902464 -0.10904637  0.47140093] quat=[ 9.2300087e-01  1.7970312e-06  1.9131264e-06 -3.8479814e-01] speed=0.0001 ang_speed=0.0016 ang_vel_vec=[ 0.00095513 -0.00124878 -0.00024862] |com_force|=0.0000N
### kotek_magnet[tick=240] sensor3: d=0.5470m in_range=False f_mag=0.000N tau_mag=0.0000Nm misalign_deg=90.0 pos=[-0.10910726 -0.10914613  0.49140093] bottom_world=[-0.10910728 -0.10914597  0.47140093] quat=[-3.8058388e-01 -9.9328167e-07 -4.0001228e-06  9.2474651e-01] speed=0.0001 ang_speed=0.0011 ang_vel_vec=[-0.00091932 -0.0005959  -0.00025951] |com_force|=0.0000N
### kotek_magnet[tick=240] sensor4: d=0.5249m in_range=False f_mag=0.000N tau_mag=0.0000Nm misalign_deg=90.0 pos=[-0.10900023  0.10899844  0.49140236] bottom_world=[-0.10900012  0.10899876  0.47140236] quat=[ 3.8268289e-01  5.1690364e-07 -8.3064660e-06  9.2387974e-01] speed=0.0009 ang_speed=0.0017 ang_vel_vec=[-0.00055898 -0.00070829  0.00144617] |com_force|=0.0000N
### kotek_magnet[tick=300] sensor1: d=0.4082m in_range=False f_mag=0.000N tau_mag=0.0000Nm misalign_deg=90.0 pos=[0.10880426 0.10900898 0.49140233] bottom_world=[0.10880399 0.10900934 0.47140233] quat=[9.2484152e-01 1.0770785e-05 2.7855392e-06 3.8035297e-01] speed=0.0010 ang_speed=0.0028 ang_vel_vec=[-0.00193009 -0.00176193 -0.00091368] |com_force|=0.0000N
### kotek_magnet[tick=300] sensor2: d=0.3208m in_range=False f_mag=0.000N tau_mag=0.0000Nm misalign_deg=90.0 pos=[ 0.10902468 -0.10904644  0.49140093] bottom_world=[ 0.10902464 -0.10904634  0.47140093] quat=[ 9.2300087e-01  1.9344550e-06  1.8984608e-06 -3.8479814e-01] speed=0.0001 ang_speed=0.0013 ang_vel_vec=[ 0.00024136 -0.00123502 -0.0004283 ] |com_force|=0.0000N
### kotek_magnet[tick=300] sensor3: d=0.5470m in_range=False f_mag=0.000N tau_mag=0.0000Nm misalign_deg=90.0 pos=[-0.10910637 -0.10914617  0.49140102] bottom_world=[-0.10910657 -0.10914587  0.47140102] quat=[-3.8058332e-01  1.8432601e-06 -8.9516952e-06  9.2474663e-01] speed=0.0009 ang_speed=0.0024 ang_vel_vec=[-0.00220514  0.00071893  0.00069393] |com_force|=0.0000N
### kotek_magnet[tick=300] sensor4: d=0.5249m in_range=False f_mag=0.000N tau_mag=0.0000Nm misalign_deg=90.0 pos=[-0.10900041  0.10899869  0.49140236] bottom_world=[-0.10900027  0.10899898  0.47140236] quat=[ 3.8268244e-01 -4.6692509e-07 -8.0770133e-06  9.2387992e-01] speed=0.0006 ang_speed=0.0043 ang_vel_vec=[-0.00159533  0.00392525  0.00040771] |com_force|=0.0000N
### kotek_magnet[tick=360] sensor1: d=0.4082m in_range=False f_mag=0.000N tau_mag=0.0000Nm misalign_deg=90.0 pos=[0.10880427 0.10900897 0.49140233] bottom_world=[0.108804   0.10900933 0.47140233] quat=[9.2484146e-01 1.0857890e-05 2.7857548e-06 3.8035291e-01] speed=0.0010 ang_speed=0.0029 ang_vel_vec=[-0.00208816 -0.00180887 -0.00084198] |com_force|=0.0000N
### kotek_magnet[tick=360] sensor2: d=0.3208m in_range=False f_mag=0.000N tau_mag=0.0000Nm misalign_deg=90.0 pos=[ 0.10902447 -0.10904639  0.49140105] bottom_world=[ 0.10902454 -0.10904624  0.47140105] quat=[ 9.2300063e-01  4.2297288e-06  2.8837231e-08 -3.8479841e-01] speed=0.0002 ang_speed=0.0031 ang_vel_vec=[-0.00166416  0.00257849  0.00026908] |com_force|=0.0000N
### kotek_magnet[tick=360] sensor3: d=0.5470m in_range=False f_mag=0.000N tau_mag=0.0000Nm misalign_deg=90.0 pos=[-0.10910746 -0.10914612  0.4914011 ] bottom_world=[-0.1091074  -0.10914599  0.47140111] quat=[-3.8058397e-01 -2.7412830e-06 -2.4000201e-06  9.2474633e-01] speed=0.0005 ang_speed=0.0025 ang_vel_vec=[-0.00099188  0.00218538 -0.0006827 ] |com_force|=0.0000N
### kotek_magnet[tick=360] sensor4: d=0.5249m in_range=False f_mag=0.000N tau_mag=0.0000Nm misalign_deg=90.0 pos=[-0.10900024  0.10899843  0.49140236] bottom_world=[-0.10900015  0.10899873  0.47140236] quat=[ 3.8268289e-01  7.4490174e-07 -8.0223654e-06  9.2387980e-01] speed=0.0009 ang_speed=0.0024 ang_vel_vec=[-0.00010234 -0.00192245  0.00135485] |com_force|=0.0000N
### kotek_magnet[tick=420] sensor1: d=0.4082m in_range=False f_mag=0.000N tau_mag=0.0000Nm misalign_deg=90.0 pos=[0.10880379 0.10900929 0.4914024 ] bottom_world=[0.1088037  0.1090094  0.47140239] quat=[9.2484164e-01 3.4742070e-06 1.0488067e-06 3.8035265e-01] speed=0.0006 ang_speed=0.0027 ang_vel_vec=[ 0.00157288 -0.00195551 -0.00090649] |com_force|=0.0000N
### kotek_magnet[tick=420] sensor2: d=0.3208m in_range=False f_mag=0.000N tau_mag=0.0000Nm misalign_deg=90.0 pos=[ 0.10902446 -0.10904564  0.49140105] bottom_world=[ 0.10902436 -0.10904573  0.47140105] quat=[ 9.2300034e-01 -3.0889732e-06  1.4352929e-06 -3.8479903e-01] speed=0.0010 ang_speed=0.0023 ang_vel_vec=[0.0006334  0.0017126  0.00140486] |com_force|=0.0000N
### kotek_magnet[tick=420] sensor3: d=0.5470m in_range=False f_mag=0.000N tau_mag=0.0000Nm misalign_deg=90.0 pos=[-0.10910639 -0.1091461   0.4914011 ] bottom_world=[-0.1091066  -0.10914579  0.47140111] quat=[-3.8058311e-01  2.0093357e-06 -9.0609446e-06  9.2474681e-01] speed=0.0009 ang_speed=0.0023 ang_vel_vec=[-0.0020992   0.00060522  0.0007379 ] |com_force|=0.0000N
### kotek_magnet[tick=420] sensor4: d=0.5249m in_range=False f_mag=0.000N tau_mag=0.0000Nm misalign_deg=90.0 pos=[-0.10900022  0.10899851  0.49140233] bottom_world=[-0.10900011  0.10899882  0.47140233] quat=[ 3.8268310e-01  3.4596013e-07 -8.2354500e-06  9.2387974e-01] speed=0.0009 ang_speed=0.0015 ang_vel_vec=[-0.00065828 -0.00037708  0.00131265] |com_force|=0.0000N
### kotek_magnet[tick=480] sensor1: d=0.4082m in_range=False f_mag=0.000N tau_mag=0.0000Nm misalign_deg=90.0 pos=[0.1088042  0.10900889 0.49140236] bottom_world=[0.10880394 0.10900925 0.47140236] quat=[9.2484152e-01 1.0685934e-05 2.6167252e-06 3.8035256e-01] speed=0.0009 ang_speed=0.0040 ang_vel_vec=[-0.00255356 -0.00299469 -0.0004536 ] |com_force|=0.0000N
### kotek_magnet[tick=480] sensor2: d=0.3208m in_range=False f_mag=0.000N tau_mag=0.0000Nm misalign_deg=90.0 pos=[ 0.10902465 -0.10904644  0.49140108] bottom_world=[ 0.1090246  -0.10904635  0.47140108] quat=[ 9.2300069e-01  1.5867282e-06  1.9521228e-06 -3.8479844e-01] speed=0.0001 ang_speed=0.0014 ang_vel_vec=[ 0.00048992 -0.00126014 -0.00026601] |com_force|=0.0000N
### kotek_magnet[tick=480] sensor3: d=0.5470m in_range=False f_mag=0.000N tau_mag=0.0000Nm misalign_deg=90.0 pos=[-0.10910814 -0.10914575  0.4914011 ] bottom_world=[-0.10910788 -0.10914587  0.47140111] quat=[-3.8058403e-01 -4.9439500e-06  5.1597453e-06  9.2474639e-01] speed=0.0010 ang_speed=0.0024 ang_vel_vec=[ 0.00181707  0.00146246 -0.00068988] |com_force|=0.0000N
### kotek_magnet[tick=480] sensor4: d=0.5249m in_range=False f_mag=0.000N tau_mag=0.0000Nm misalign_deg=90.0 pos=[-0.10900022  0.1089985   0.49140227] bottom_world=[-0.10900011  0.10899881  0.47140227] quat=[ 3.8268292e-01  4.6447002e-07 -8.1360085e-06  9.2387974e-01] speed=0.0009 ang_speed=0.0018 ang_vel_vec=[-0.00045878 -0.00100199  0.00143543] |com_force|=0.0000N
### kotek_magnet[tick=540] sensor1: d=0.4082m in_range=False f_mag=0.000N tau_mag=0.0000Nm misalign_deg=90.0 pos=[0.10880381 0.10900925 0.49140233] bottom_world=[0.10880372 0.10900937 0.47140233] quat=[9.2484158e-01 3.4988334e-06 8.6579485e-07 3.8035253e-01] speed=0.0006 ang_speed=0.0026 ang_vel_vec=[ 0.00064248 -0.00235584 -0.00099893] |com_force|=0.0000N
### kotek_magnet[tick=540] sensor2: d=0.3208m in_range=False f_mag=0.000N tau_mag=0.0000Nm misalign_deg=90.0 pos=[ 0.10902449 -0.10904562  0.49140117] bottom_world=[ 0.10902437 -0.10904572  0.47140117] quat=[ 9.2300045e-01 -3.7226598e-06  1.9465670e-06 -3.8479903e-01] speed=0.0010 ang_speed=0.0019 ang_vel_vec=[0.00132025 0.00019434 0.00136529] |com_force|=0.0000N
### kotek_magnet[tick=540] sensor3: d=0.5470m in_range=False f_mag=0.000N tau_mag=0.0000Nm misalign_deg=90.0 pos=[-0.10910752 -0.10914607  0.49140105] bottom_world=[-0.10910746 -0.10914593  0.47140105] quat=[-3.8058367e-01 -2.5067852e-06 -2.6643768e-06  9.2474645e-01] speed=0.0005 ang_speed=0.0024 ang_vel_vec=[-0.00114039  0.00196321 -0.00077522] |com_force|=0.0000N
### kotek_magnet[tick=540] sensor4: d=0.5249m in_range=False f_mag=0.000N tau_mag=0.0000Nm misalign_deg=90.0 pos=[-0.10900021  0.1089985   0.49140236] bottom_world=[-0.1090001   0.10899881  0.47140236] quat=[ 3.8268307e-01  4.6260226e-07 -8.2506667e-06  9.2387974e-01] speed=0.0009 ang_speed=0.0017 ang_vel_vec=[-0.00054565 -0.00096708  0.00123748] |com_force|=0.0000N
### kotek_magnet[tick=600] sensor1: d=0.4082m in_range=False f_mag=0.000N tau_mag=0.0000Nm misalign_deg=90.0 pos=[0.10880428 0.10900895 0.49140245] bottom_world=[0.10880401 0.10900929 0.47140245] quat=[9.2484158e-01 1.0519730e-05 2.8822542e-06 3.8035282e-01] speed=0.0009 ang_speed=0.0030 ang_vel_vec=[-0.00186451 -0.00202104 -0.00116317] |com_force|=0.0000N
### kotek_magnet[tick=600] sensor2: d=0.3208m in_range=False f_mag=0.000N tau_mag=0.0000Nm misalign_deg=90.0 pos=[ 0.10902467 -0.10904671  0.4914011 ] bottom_world=[ 0.10902465 -0.10904654  0.47140111] quat=[ 9.2300081e-01  3.7055004e-06  1.9705303e-06 -3.8479808e-01] speed=0.0004 ang_speed=0.0022 ang_vel_vec=[-0.00173239 -0.00097629 -0.00103553] |com_force|=0.0000N
### kotek_magnet[tick=600] sensor3: d=0.5470m in_range=False f_mag=0.000N tau_mag=0.0000Nm misalign_deg=90.0 pos=[-0.10910725 -0.1091461   0.49140108] bottom_world=[-0.10910727 -0.10914594  0.47140108] quat=[-3.8058373e-01 -1.0052979e-06 -3.8250569e-06  9.2474645e-01] speed=0.0001 ang_speed=0.0007 ang_vel_vec=[-3.6945869e-04 -4.5260109e-05 -6.4526114e-04] |com_force|=0.0000N
### kotek_magnet[tick=600] sensor4: d=0.5249m in_range=False f_mag=0.000N tau_mag=0.0000Nm misalign_deg=90.0 pos=[-0.10900036  0.10899872  0.49140248] bottom_world=[-0.10900022  0.10899901  0.47140248] quat=[ 3.8268268e-01 -5.6288837e-07 -8.0655718e-06  9.2387986e-01] speed=0.0006 ang_speed=0.0047 ang_vel_vec=[-0.00155402  0.00439315  0.00016654] |com_force|=0.0000N
### kotek_magnet[tick=660] sensor1: d=0.4082m in_range=False f_mag=0.000N tau_mag=0.0000Nm misalign_deg=90.0 pos=[0.10880383 0.10900924 0.49140233] bottom_world=[0.10880373 0.10900937 0.47140233] quat=[9.2484164e-01 3.7527600e-06 1.0858295e-06 3.8035265e-01] speed=0.0006 ang_speed=0.0022 ang_vel_vec=[ 0.00099967 -0.00194049 -0.00042223] |com_force|=0.0000N
### kotek_magnet[tick=660] sensor2: d=0.3208m in_range=False f_mag=0.000N tau_mag=0.0000Nm misalign_deg=90.0 pos=[ 0.1090243  -0.10904739  0.4914011 ] bottom_world=[ 0.10902455 -0.10904701  0.47140111] quat=[ 9.2300093e-01  1.1183862e-05 -1.9577894e-06 -3.8479799e-01] speed=0.0010 ang_speed=0.0027 ang_vel_vec=[-0.00170901  0.00211169 -0.00035773] |com_force|=0.0000N
### kotek_magnet[tick=660] sensor3: d=0.5470m in_range=False f_mag=0.000N tau_mag=0.0000Nm misalign_deg=90.0 pos=[-0.10910647 -0.10914586  0.4914012 ] bottom_world=[-0.10910665 -0.10914567  0.4714012 ] quat=[-3.8058290e-01  2.3924454e-06 -6.2419194e-06  9.2474681e-01] speed=0.0009 ang_speed=0.0033 ang_vel_vec=[0.00268405 0.0001732  0.00191518] |com_force|=0.0000N
### kotek_magnet[tick=660] sensor4: d=0.5249m in_range=False f_mag=0.000N tau_mag=0.0000Nm misalign_deg=90.0 pos=[-0.1090002   0.10899852  0.49140236] bottom_world=[-0.10900008  0.10899884  0.47140236] quat=[ 3.8268310e-01  3.6210275e-07 -8.3301411e-06  9.2387968e-01] speed=0.0009 ang_speed=0.0020 ang_vel_vec=[-0.0007829  -0.0004046   0.00181257] |com_force|=0.0000N
### kotek_magnet[tick=720] sensor1: d=0.4082m in_range=False f_mag=0.000N tau_mag=0.0000Nm misalign_deg=90.0 pos=[0.1088043  0.10900896 0.4914023 ] bottom_world=[0.10880403 0.10900931 0.4714023 ] quat=[9.2484146e-01 1.0661262e-05 2.9574394e-06 3.8035282e-01] speed=0.0010 ang_speed=0.0028 ang_vel_vec=[-0.0019182  -0.00178616 -0.00090474] |com_force|=0.0000N
### kotek_magnet[tick=720] sensor2: d=0.3208m in_range=False f_mag=0.000N tau_mag=0.0000Nm misalign_deg=90.0 pos=[ 0.10902467 -0.1090467   0.4914012 ] bottom_world=[ 0.10902465 -0.10904653  0.4714012 ] quat=[ 9.2300081e-01  3.6276156e-06  2.0369205e-06 -3.8479805e-01] speed=0.0005 ang_speed=0.0026 ang_vel_vec=[-0.00202799 -0.00144368 -0.00080333] |com_force|=0.0000N
### kotek_magnet[tick=720] sensor3: d=0.5470m in_range=False f_mag=0.000N tau_mag=0.0000Nm misalign_deg=90.0 pos=[-0.10910725 -0.10914608  0.4914011 ] bottom_world=[-0.10910727 -0.10914592  0.47140111] quat=[-3.8058367e-01 -9.5518635e-07 -3.9861552e-06  9.2474651e-01] speed=0.0002 ang_speed=0.0018 ang_vel_vec=[-0.00158053 -0.00069644 -0.00042592] |com_force|=0.0000N
### kotek_magnet[tick=720] sensor4: d=0.5249m in_range=False f_mag=0.000N tau_mag=0.0000Nm misalign_deg=90.0 pos=[-0.10900038  0.10899872  0.49140236] bottom_world=[-0.10900023  0.10899901  0.47140236] quat=[ 3.8268268e-01 -6.0522359e-07 -8.1062371e-06  9.2387986e-01] speed=0.0006 ang_speed=0.0044 ang_vel_vec=[-0.00164903  0.00408285  0.00042736] |com_force|=0.0000N
### kotek_magnet[tick=780] sensor1: d=0.4082m in_range=False f_mag=0.000N tau_mag=0.0000Nm misalign_deg=90.0 pos=[0.10880431 0.10900897 0.49140236] bottom_world=[0.10880404 0.10900931 0.47140236] quat=[9.2484152e-01 1.0546161e-05 2.8979728e-06 3.8035280e-01] speed=0.0010 ang_speed=0.0027 ang_vel_vec=[-0.00183909 -0.00175197 -0.00080697] |com_force|=0.0000N
### kotek_magnet[tick=780] sensor2: d=0.3208m in_range=False f_mag=0.000N tau_mag=0.0000Nm misalign_deg=90.0 pos=[ 0.10902467 -0.10904587  0.49140114] bottom_world=[ 0.10902453 -0.10904593  0.47140114] quat=[ 9.2300063e-01 -2.8286256e-06  2.6340549e-06 -3.8479853e-01] speed=0.0006 ang_speed=0.0046 ang_vel_vec=[ 0.00199171 -0.00414799  0.0005712 ] |com_force|=0.0000N
### kotek_magnet[tick=780] sensor3: d=0.5470m in_range=False f_mag=0.000N tau_mag=0.0000Nm misalign_deg=90.0 pos=[-0.1091073  -0.10914578  0.49140102] bottom_world=[-0.10910727 -0.10914575  0.47140102] quat=[-3.8058341e-01 -9.3573084e-07 -5.5429052e-07  9.2474657e-01] speed=0.0003 ang_speed=0.0058 ang_vel_vec=[0.00509305 0.00278459 0.00044373] |com_force|=0.0000N
### kotek_magnet[tick=780] sensor4: d=0.5249m in_range=False f_mag=0.000N tau_mag=0.0000Nm misalign_deg=90.0 pos=[-0.10900021  0.10899848  0.49140227] bottom_world=[-0.10900011  0.10899879  0.47140227] quat=[ 3.8268307e-01  4.6840839e-07 -8.1949274e-06  9.2387968e-01] speed=0.0009 ang_speed=0.0018 ang_vel_vec=[-0.000528   -0.00096171  0.00138839] |com_force|=0.0000N
### kotek_magnet[tick=840] sensor1: d=0.4082m in_range=False f_mag=0.000N tau_mag=0.0000Nm misalign_deg=90.0 pos=[0.10880432 0.10900895 0.4914024 ] bottom_world=[0.10880405 0.10900929 0.47140239] quat=[9.2484146e-01 1.0503974e-05 2.9059438e-06 3.8035274e-01] speed=0.0010 ang_speed=0.0029 ang_vel_vec=[-0.00196022 -0.00181271 -0.00101941] |com_force|=0.0000N
### kotek_magnet[tick=840] sensor2: d=0.3208m in_range=False f_mag=0.000N tau_mag=0.0000Nm misalign_deg=90.0 pos=[ 0.10902472 -0.10904559  0.49140108] bottom_world=[ 0.10902452 -0.1090457   0.47140108] quat=[ 9.2300063e-01 -4.3452696e-06  3.5229934e-06 -3.8479871e-01] speed=0.0009 ang_speed=0.0029 ang_vel_vec=[-0.0003497  -0.00277157  0.00057089] |com_force|=0.0000N
### kotek_magnet[tick=840] sensor3: d=0.5470m in_range=False f_mag=0.000N tau_mag=0.0000Nm misalign_deg=90.0 pos=[-0.10910649 -0.10914589  0.49140108] bottom_world=[-0.10910667 -0.1091457   0.47140108] quat=[-3.8058314e-01  2.3816183e-06 -6.2233280e-06  9.2474681e-01] speed=0.0009 ang_speed=0.0029 ang_vel_vec=[0.00258194 0.00033197 0.00132739] |com_force|=0.0000N
### kotek_magnet[tick=840] sensor4: d=0.5249m in_range=False f_mag=0.000N tau_mag=0.0000Nm misalign_deg=90.0 pos=[-0.10900021  0.10899846  0.49140236] bottom_world=[-0.1090001   0.10899877  0.47140236] quat=[ 3.8268307e-01  5.0526029e-07 -8.1483595e-06  9.2387980e-01] speed=0.0009 ang_speed=0.0016 ang_vel_vec=[-0.00052289 -0.00102997  0.00116873] |com_force|=0.0000N
### kotek_magnet[tick=900] sensor1: d=0.4082m in_range=False f_mag=0.000N tau_mag=0.0000Nm misalign_deg=90.0 pos=[0.10880288 0.10900892 0.4914023 ] bottom_world=[0.10880294 0.1090091  0.4714023 ] quat=[ 9.2484188e-01  3.6962549e-06 -2.9843648e-06  3.8035193e-01] speed=0.0007 ang_speed=0.0049 ang_vel_vec=[-0.00414831 -0.00243009  0.00109898] |com_force|=0.0000N
### kotek_magnet[tick=900] sensor2: d=0.3208m in_range=False f_mag=0.000N tau_mag=0.0000Nm misalign_deg=90.0 pos=[ 0.10902447 -0.10904569  0.49140117] bottom_world=[ 0.10902437 -0.10904579  0.47140117] quat=[ 9.2300051e-01 -3.1970421e-06  1.5276103e-06 -3.8479897e-01] speed=0.0010 ang_speed=0.0024 ang_vel_vec=[0.00065665 0.00172114 0.00152571] |com_force|=0.0000N
### kotek_magnet[tick=900] sensor3: d=0.5470m in_range=False f_mag=0.000N tau_mag=0.0000Nm misalign_deg=90.0 pos=[-0.10910753 -0.1091461   0.49140114] bottom_world=[-0.10910749 -0.10914597  0.47140114] quat=[-3.8058382e-01 -2.2143836e-06 -2.6894936e-06  9.2474651e-01] speed=0.0005 ang_speed=0.0022 ang_vel_vec=[-0.00082144  0.00198937 -0.00063653] |com_force|=0.0000N
### kotek_magnet[tick=900] sensor4: d=0.5249m in_range=False f_mag=0.000N tau_mag=0.0000Nm misalign_deg=90.0 pos=[-0.10900021  0.10899847  0.49140242] bottom_world=[-0.10900008  0.10899879  0.47140242] quat=[ 3.8268307e-01  9.5651693e-08 -8.5937963e-06  9.2387968e-01] speed=0.0009 ang_speed=0.0019 ang_vel_vec=[-0.00112205  0.00044982  0.00144014] |com_force|=0.0000N
### kotek_magnet[tick=960] sensor1: d=0.4082m in_range=False f_mag=0.000N tau_mag=0.0000Nm misalign_deg=90.0 pos=[0.10880259 0.10900905 0.49140248] bottom_world=[0.10880278 0.10900908 0.47140248] quat=[ 9.2484200e-01 -1.0187299e-06 -4.6952659e-06  3.8035172e-01] speed=0.0010 ang_speed=0.0032 ang_vel_vec=[-0.00281931 -0.00037906  0.00152722] |com_force|=0.0000N
### kotek_magnet[tick=960] sensor2: d=0.3208m in_range=False f_mag=0.000N tau_mag=0.0000Nm misalign_deg=90.0 pos=[ 0.10902449 -0.10904563  0.49140114] bottom_world=[ 0.10902438 -0.10904572  0.47140114] quat=[ 9.2300057e-01 -3.1268262e-06  1.7409659e-06 -3.8479877e-01] speed=0.0010 ang_speed=0.0020 ang_vel_vec=[0.00078399 0.00106033 0.00152719] |com_force|=0.0000N
### kotek_magnet[tick=960] sensor3: d=0.5470m in_range=False f_mag=0.000N tau_mag=0.0000Nm misalign_deg=90.0 pos=[-0.10910815 -0.1091458   0.49140117] bottom_world=[-0.10910788 -0.10914591  0.47140117] quat=[-3.8058403e-01 -5.1297898e-06  5.2509354e-06  9.2474639e-01] speed=0.0010 ang_speed=0.0025 ang_vel_vec=[ 0.00181251  0.0015546  -0.00068914] |com_force|=0.0000N
### kotek_magnet[tick=960] sensor4: d=0.5249m in_range=False f_mag=0.000N tau_mag=0.0000Nm misalign_deg=90.0 pos=[-0.10900021  0.10899848  0.49140242] bottom_world=[-0.10900012  0.10899879  0.47140242] quat=[ 3.8268304e-01  6.7257059e-07 -8.0548334e-06  9.2387974e-01] speed=0.0009 ang_speed=0.0022 ang_vel_vec=[-0.00013338 -0.00169745  0.00141834] |com_force|=0.0000N
### kotek_magnet[tick=1020] sensor1: d=0.4082m in_range=False f_mag=0.000N tau_mag=0.0000Nm misalign_deg=90.0 pos=[0.10880259 0.10900906 0.49140233] bottom_world=[0.10880278 0.10900908 0.47140233] quat=[ 9.2484194e-01 -1.3260607e-06 -4.7017734e-06  3.8035154e-01] speed=0.0010 ang_speed=0.0026 ang_vel_vec=[-0.00214951 -0.00011756  0.00142921] |com_force|=0.0000N
### kotek_magnet[tick=1020] sensor2: d=0.3208m in_range=False f_mag=0.000N tau_mag=0.0000Nm misalign_deg=90.0 pos=[ 0.10902463 -0.10904589  0.49140114] bottom_world=[ 0.10902449 -0.10904595  0.47140114] quat=[ 9.2300057e-01 -2.7174199e-06  2.5963520e-06 -3.8479871e-01] speed=0.0006 ang_speed=0.0047 ang_vel_vec=[ 0.0020088  -0.00425727  0.00050317] |com_force|=0.0000N
### kotek_magnet[tick=1020] sensor3: d=0.5470m in_range=False f_mag=0.000N tau_mag=0.0000Nm misalign_deg=90.0 pos=[-0.10910814 -0.10914578  0.49140105] bottom_world=[-0.10910788 -0.10914589  0.47140105] quat=[-3.8058400e-01 -4.9719342e-06  5.0825429e-06  9.2474639e-01] speed=0.0010 ang_speed=0.0027 ang_vel_vec=[ 0.00194693  0.00169925 -0.00080089] |com_force|=0.0000N
### kotek_magnet[tick=1020] sensor4: d=0.5249m in_range=False f_mag=0.000N tau_mag=0.0000Nm misalign_deg=90.0 pos=[-0.10900018  0.10899848  0.49140236] bottom_world=[-0.10900008  0.10899879  0.47140236] quat=[ 3.8268310e-01  5.1297496e-07 -8.2173774e-06  9.2387968e-01] speed=0.0009 ang_speed=0.0017 ang_vel_vec=[-0.00056805 -0.00089344  0.00133558] |com_force|=0.0000N
### kotek_magnet[tick=1080] sensor1: d=0.4082m in_range=False f_mag=0.000N tau_mag=0.0000Nm misalign_deg=90.0 pos=[0.10880256 0.10900909 0.49140224] bottom_world=[0.10880275 0.10900911 0.47140224] quat=[ 9.2484188e-01 -1.3800061e-06 -4.6906771e-06  3.8035169e-01] speed=0.0010 ang_speed=0.0030 ang_vel_vec=[-0.00262083 -0.00026914  0.00141733] |com_force|=0.0000N
### kotek_magnet[tick=1080] sensor2: d=0.3208m in_range=False f_mag=0.000N tau_mag=0.0000Nm misalign_deg=90.0 pos=[ 0.10902447 -0.10904562  0.4914011 ] bottom_world=[ 0.10902438 -0.1090457   0.47140111] quat=[ 9.2300045e-01 -2.8023110e-06  1.4303887e-06 -3.8479906e-01] speed=0.0010 ang_speed=0.0023 ang_vel_vec=[0.00026974 0.00176774 0.00143511] |com_force|=0.0000N
### kotek_magnet[tick=1080] sensor3: d=0.5470m in_range=False f_mag=0.000N tau_mag=0.0000Nm misalign_deg=90.0 pos=[-0.10910723 -0.10914608  0.49140096] bottom_world=[-0.10910725 -0.10914592  0.47140096] quat=[-3.8058370e-01 -9.1491893e-07 -4.0333025e-06  9.2474651e-01] speed=0.0001 ang_speed=0.0013 ang_vel_vec=[-0.00114219 -0.00056846 -0.00028087] |com_force|=0.0000N
### kotek_magnet[tick=1080] sensor4: d=0.5249m in_range=False f_mag=0.000N tau_mag=0.0000Nm misalign_deg=90.0 pos=[-0.10900012  0.10899931  0.4914022 ] bottom_world=[-0.10900019  0.1089994   0.47140221] quat=[ 3.8268274e-01  2.3289949e-06 -1.5530857e-06  9.2387986e-01] speed=0.0002 ang_speed=0.0052 ang_vel_vec=[ 0.00248219 -0.00457109  0.0003149 ] |com_force|=0.0000N
### kotek_magnet[tick=1140] sensor1: d=0.4082m in_range=False f_mag=0.000N tau_mag=0.0000Nm misalign_deg=90.0 pos=[0.10880259 0.10900912 0.49140233] bottom_world=[0.10880278 0.10900914 0.47140233] quat=[ 9.2484194e-01 -1.3115734e-06 -4.6946120e-06  3.8035187e-01] speed=0.0010 ang_speed=0.0029 ang_vel_vec=[-0.00246157 -0.00015698  0.00159233] |com_force|=0.0000N
### kotek_magnet[tick=1140] sensor2: d=0.3208m in_range=False f_mag=0.000N tau_mag=0.0000Nm misalign_deg=90.0 pos=[ 0.10902433 -0.10904732  0.49140108] bottom_world=[ 0.10902456 -0.10904695  0.47140108] quat=[ 9.2300087e-01  1.0849832e-05 -1.6962572e-06 -3.8479787e-01] speed=0.0010 ang_speed=0.0025 ang_vel_vec=[-0.00152478  0.0018305  -0.00062255] |com_force|=0.0000N
### kotek_magnet[tick=1140] sensor3: d=0.5470m in_range=False f_mag=0.000N tau_mag=0.0000Nm misalign_deg=90.0 pos=[-0.10910729 -0.10914605  0.49140102] bottom_world=[-0.1091073  -0.1091459   0.47140102] quat=[-3.8058361e-01 -1.0506870e-06 -3.7020232e-06  9.2474645e-01] speed=0.0001 ang_speed=0.0007 ang_vel_vec=[-0.00067623  0.00010387 -0.00020984] |com_force|=0.0000N
### kotek_magnet[tick=1140] sensor4: d=0.5249m in_range=False f_mag=0.000N tau_mag=0.0000Nm misalign_deg=90.0 pos=[-0.10900022  0.10899848  0.4914023 ] bottom_world=[-0.1090001  0.1089988  0.4714023] quat=[ 3.8268304e-01  3.5846026e-07 -8.4986914e-06  9.2387980e-01] speed=0.0009 ang_speed=0.0018 ang_vel_vec=[-0.0006385  -0.00086466  0.00149324] |com_force|=0.0000N
### kotek_magnet[tick=1200] sensor1: d=0.4082m in_range=False f_mag=0.000N tau_mag=0.0000Nm misalign_deg=90.0 pos=[0.10880255 0.10900911 0.4914024 ] bottom_world=[0.10880277 0.1090091  0.47140239] quat=[ 9.2484200e-01 -2.2921470e-06 -4.9007858e-06  3.8035166e-01] speed=0.0010 ang_speed=0.0018 ang_vel_vec=[-0.00080064  0.00065929  0.00141289] |com_force|=0.0000N
### kotek_magnet[tick=1200] sensor2: d=0.3208m in_range=False f_mag=0.000N tau_mag=0.0000Nm misalign_deg=90.0 pos=[ 0.10902434 -0.10904735  0.49140114] bottom_world=[ 0.10902456 -0.10904699  0.47140114] quat=[ 9.2300087e-01  1.0666438e-05 -1.6804725e-06 -3.8479793e-01] speed=0.0010 ang_speed=0.0027 ang_vel_vec=[-0.00159042  0.00197613 -0.00084644] |com_force|=0.0000N
### kotek_magnet[tick=1200] sensor3: d=0.5470m in_range=False f_mag=0.000N tau_mag=0.0000Nm misalign_deg=90.0 pos=[-0.10910648 -0.10914587  0.49140114] bottom_world=[-0.10910667 -0.10914567  0.47140114] quat=[-3.8058305e-01  2.5284271e-06 -6.5175118e-06  9.2474675e-01] speed=0.0009 ang_speed=0.0028 ang_vel_vec=[2.3927502e-03 8.3519517e-05 1.4316293e-03] |com_force|=0.0000N
### kotek_magnet[tick=1200] sensor4: d=0.5249m in_range=False f_mag=0.000N tau_mag=0.0000Nm misalign_deg=90.0 pos=[-0.10899989  0.10900027  0.49140224] bottom_world=[-0.10900018  0.10900011  0.47140224] quat=[3.8268238e-01 5.1554257e-06 6.5636373e-06 9.2387998e-01] speed=0.0013 ang_speed=0.0143 ang_vel_vec=[ 0.00738429 -0.0122406  -0.00032342] |com_force|=0.0000N
### kotek_magnet[tick=1260] sensor1: d=0.4082m in_range=False f_mag=0.000N tau_mag=0.0000Nm misalign_deg=90.0 pos=[0.10880258 0.10900908 0.4914024 ] bottom_world=[0.10880278 0.10900909 0.47140239] quat=[ 9.2484200e-01 -1.5100076e-06 -4.6740242e-06  3.8035163e-01] speed=0.0010 ang_speed=0.0022 ang_vel_vec=[-0.00162721  0.00014362  0.00146429] |com_force|=0.0000N
### kotek_magnet[tick=1260] sensor2: d=0.3208m in_range=False f_mag=0.000N tau_mag=0.0000Nm misalign_deg=90.0 pos=[ 0.10902464 -0.10904645  0.49140105] bottom_world=[ 0.1090246  -0.10904637  0.47140105] quat=[ 9.2300069e-01  1.5690727e-06  1.7692828e-06 -3.8479835e-01] speed=0.0001 ang_speed=0.0016 ang_vel_vec=[ 0.00106453 -0.00118385 -0.00034462] |com_force|=0.0000N
### kotek_magnet[tick=1260] sensor3: d=0.5470m in_range=False f_mag=0.000N tau_mag=0.0000Nm misalign_deg=90.0 pos=[-0.10910749 -0.10914606  0.4914011 ] bottom_world=[-0.10910744 -0.10914594  0.47140111] quat=[-3.8058391e-01 -2.3890639e-06 -2.3290420e-06  9.2474651e-01] speed=0.0005 ang_speed=0.0023 ang_vel_vec=[-0.00054092  0.00207773 -0.00072123] |com_force|=0.0000N
### kotek_magnet[tick=1260] sensor4: d=0.5249m in_range=False f_mag=0.000N tau_mag=0.0000Nm misalign_deg=90.0 pos=[-0.10900019  0.10899849  0.49140236] bottom_world=[-0.10900008  0.1089988   0.47140236] quat=[ 3.8268310e-01  3.9209868e-07 -8.2148072e-06  9.2387974e-01] speed=0.0009 ang_speed=0.0016 ang_vel_vec=[-0.00069547 -0.00048084  0.00135691] |com_force|=0.0000N
### kotek_magnet[tick=1320] sensor1: d=0.4082m in_range=False f_mag=0.000N tau_mag=0.0000Nm misalign_deg=90.0 pos=[0.10880258 0.10900909 0.49140233] bottom_world=[0.10880277 0.10900911 0.47140233] quat=[ 9.2484194e-01 -1.4154596e-06 -4.6195732e-06  3.8035163e-01] speed=0.0010 ang_speed=0.0025 ang_vel_vec=[-0.00185764  0.00011238  0.00168668] |com_force|=0.0000N
### kotek_magnet[tick=1320] sensor2: d=0.3208m in_range=False f_mag=0.000N tau_mag=0.0000Nm misalign_deg=90.0 pos=[ 0.10902448 -0.10904562  0.4914011 ] bottom_world=[ 0.10902438 -0.10904571  0.47140111] quat=[ 9.2300040e-01 -2.9713426e-06  1.4034130e-06 -3.8479897e-01] speed=0.0010 ang_speed=0.0026 ang_vel_vec=[0.00033129 0.00196925 0.0016793 ] |com_force|=0.0000N
### kotek_magnet[tick=1320] sensor3: d=0.5470m in_range=False f_mag=0.000N tau_mag=0.0000Nm misalign_deg=90.0 pos=[-0.10910641 -0.10914587  0.49140117] bottom_world=[-0.10910661 -0.10914566  0.47140117] quat=[-3.8058296e-01  2.6885066e-06 -6.9462649e-06  9.2474681e-01] speed=0.0010 ang_speed=0.0025 ang_vel_vec=[ 0.00172751 -0.00038072  0.00174043] |com_force|=0.0000N
### kotek_magnet[tick=1320] sensor4: d=0.5249m in_range=False f_mag=0.000N tau_mag=0.0000Nm misalign_deg=90.0 pos=[-0.10900035  0.10899936  0.4914022 ] bottom_world=[-0.1090003   0.10899949  0.47140221] quat=[ 3.8268244e-01  2.3660675e-07 -3.3988772e-06  9.2388004e-01] speed=0.0002 ang_speed=0.0009 ang_vel_vec=[ 3.8553197e-05  8.6800719e-04 -1.5101259e-04] |com_force|=0.0000N
### kotek_magnet[tick=1380] sensor1: d=0.4082m in_range=False f_mag=0.000N tau_mag=0.0000Nm misalign_deg=90.0 pos=[0.10880282 0.10900926 0.49140233] bottom_world=[0.10880299 0.10900923 0.47140233] quat=[ 9.2484182e-01 -2.3367684e-06 -3.7278492e-06  3.8035208e-01] speed=0.0006 ang_speed=0.0047 ang_vel_vec=[0.00424823 0.00183079 0.00058842] |com_force|=0.0000N
### kotek_magnet[tick=1380] sensor2: d=0.3208m in_range=False f_mag=0.000N tau_mag=0.0000Nm misalign_deg=90.0 pos=[ 0.1090247  -0.10904557  0.49140108] bottom_world=[ 0.10902449 -0.10904568  0.47140108] quat=[ 9.2300051e-01 -4.5813599e-06  3.5761107e-06 -3.8479879e-01] speed=0.0009 ang_speed=0.0031 ang_vel_vec=[-0.00016373 -0.00297519  0.00075121] |com_force|=0.0000N
### kotek_magnet[tick=1380] sensor3: d=0.5470m in_range=False f_mag=0.000N tau_mag=0.0000Nm misalign_deg=90.0 pos=[-0.10910728 -0.10914604  0.49140108] bottom_world=[-0.1091073  -0.10914589  0.47140108] quat=[-3.8058376e-01 -9.1769698e-07 -3.7800933e-06  9.2474657e-01] speed=0.0001 ang_speed=0.0012 ang_vel_vec=[-0.00100333 -0.00053039 -0.00034047] |com_force|=0.0000N
### kotek_magnet[tick=1380] sensor4: d=0.5249m in_range=False f_mag=0.000N tau_mag=0.0000Nm misalign_deg=90.0 pos=[-0.10900038  0.10899875  0.4914023 ] bottom_world=[-0.10900023  0.10899904  0.4714023 ] quat=[ 3.8268265e-01 -7.0999920e-07 -8.1399703e-06  9.2387992e-01] speed=0.0006 ang_speed=0.0048 ang_vel_vec=[-0.00176337  0.0044661   0.0004849 ] |com_force|=0.0000N
### kotek_magnet[tick=1440] sensor1: d=0.4082m in_range=False f_mag=0.000N tau_mag=0.0000Nm misalign_deg=90.0 pos=[0.1088044  0.10900877 0.49140236] bottom_world=[0.1088041  0.10900921 0.47140236] quat=[9.2484158e-01 1.2940436e-05 2.6978548e-06 3.8035247e-01] speed=0.0013 ang_speed=0.0165 ang_vel_vec=[-0.01417492 -0.00839077 -0.00037535] |com_force|=0.0000N
### kotek_magnet[tick=1440] sensor2: d=0.3208m in_range=False f_mag=0.000N tau_mag=0.0000Nm misalign_deg=90.0 pos=[ 0.10902467 -0.1090456   0.49140108] bottom_world=[ 0.10902447 -0.10904571  0.47140108] quat=[ 9.2300057e-01 -4.4984886e-06  3.6333265e-06 -3.8479879e-01] speed=0.0009 ang_speed=0.0030 ang_vel_vec=[-0.00022355 -0.00290859  0.00081476] |com_force|=0.0000N
### kotek_magnet[tick=1440] sensor3: d=0.5470m in_range=False f_mag=0.000N tau_mag=0.0000Nm misalign_deg=90.0 pos=[-0.1091075  -0.10914606  0.49140114] bottom_world=[-0.10910745 -0.10914593  0.47140114] quat=[-3.8058379e-01 -2.4948295e-06 -2.5766890e-06  9.2474645e-01] speed=0.0005 ang_speed=0.0023 ang_vel_vec=[-0.00118481  0.00188577 -0.00063927] |com_force|=0.0000N
### kotek_magnet[tick=1440] sensor4: d=0.5249m in_range=False f_mag=0.000N tau_mag=0.0000Nm misalign_deg=90.0 pos=[-0.10900022  0.10899851  0.49140233] bottom_world=[-0.10900011  0.10899882  0.47140233] quat=[ 3.826831e-01  5.150307e-07 -8.165719e-06  9.238797e-01] speed=0.0009 ang_speed=0.0019 ang_vel_vec=[-0.00039517 -0.00120479  0.00141825] |com_force|=0.0000N
### kotek_magnet[tick=1500] sensor1: d=0.4082m in_range=False f_mag=0.000N tau_mag=0.0000Nm misalign_deg=90.0 pos=[0.10880437 0.10900877 0.49140233] bottom_world=[0.10880409 0.1090092  0.47140233] quat=[9.2484158e-01 1.2596264e-05 2.6333728e-06 3.8035250e-01] speed=0.0013 ang_speed=0.0155 ang_vel_vec=[-0.01336055 -0.00784264 -0.00036646] |com_force|=0.0000N
### kotek_magnet[tick=1500] sensor2: d=0.3208m in_range=False f_mag=0.000N tau_mag=0.0000Nm misalign_deg=90.0 pos=[ 0.10902464 -0.10904645  0.49140105] bottom_world=[ 0.10902459 -0.10904636  0.47140105] quat=[ 9.2300075e-01  1.5689599e-06  1.9863542e-06 -3.8479826e-01] speed=0.0001 ang_speed=0.0018 ang_vel_vec=[ 0.00057693 -0.00171832 -0.0003214 ] |com_force|=0.0000N
### kotek_magnet[tick=1500] sensor3: d=0.5470m in_range=False f_mag=0.000N tau_mag=0.0000Nm misalign_deg=90.0 pos=[-0.1091075  -0.10914603  0.4914011 ] bottom_world=[-0.10910745 -0.1091459   0.47140111] quat=[-3.8058382e-01 -2.4762912e-06 -2.5170382e-06  9.2474639e-01] speed=0.0005 ang_speed=0.0025 ang_vel_vec=[-0.00133165  0.00204924 -0.00069875] |com_force|=0.0000N
### kotek_magnet[tick=1500] sensor4: d=0.5249m in_range=False f_mag=0.000N tau_mag=0.0000Nm misalign_deg=90.0 pos=[-0.10900021  0.10899851  0.49140227] bottom_world=[-0.1090001   0.10899882  0.47140227] quat=[ 3.8268301e-01  4.2763330e-07 -8.2107081e-06  9.2387974e-01] speed=0.0009 ang_speed=0.0017 ang_vel_vec=[-0.00061897 -0.00074365  0.00139406] |com_force|=0.0000N
### kotek_magnet[tick=1560] sensor1: d=0.4082m in_range=False f_mag=0.000N tau_mag=0.0000Nm misalign_deg=90.0 pos=[0.1088043  0.10900895 0.4914023 ] bottom_world=[0.10880403 0.1090093  0.4714023 ] quat=[9.2484152e-01 1.0511126e-05 2.9325313e-06 3.8035282e-01] speed=0.0010 ang_speed=0.0027 ang_vel_vec=[-0.0017922  -0.00175417 -0.00102101] |com_force|=0.0000N
### kotek_magnet[tick=1560] sensor2: d=0.3208m in_range=False f_mag=0.000N tau_mag=0.0000Nm misalign_deg=90.0 pos=[ 0.10902463 -0.10904672  0.49140114] bottom_world=[ 0.10902462 -0.10904655  0.47140114] quat=[ 9.2300081e-01  3.8594703e-06  1.9241688e-06 -3.8479808e-01] speed=0.0005 ang_speed=0.0024 ang_vel_vec=[-0.00217505 -0.00061572 -0.00089577] |com_force|=0.0000N
### kotek_magnet[tick=1560] sensor3: d=0.5470m in_range=False f_mag=0.000N tau_mag=0.0000Nm misalign_deg=90.0 pos=[-0.10910817 -0.10914579  0.49140117] bottom_world=[-0.10910791 -0.10914591  0.47140117] quat=[-3.8058406e-01 -4.9140062e-06  5.2229047e-06  9.2474639e-01] speed=0.0010 ang_speed=0.0027 ang_vel_vec=[ 0.00196667  0.00156512 -0.0009553 ] |com_force|=0.0000N
### kotek_magnet[tick=1560] sensor4: d=0.5249m in_range=False f_mag=0.000N tau_mag=0.0000Nm misalign_deg=90.0 pos=[-0.10900024  0.10899851  0.49140227] bottom_world=[-0.10900013  0.10899882  0.47140227] quat=[ 3.826829e-01  5.081984e-07 -8.146733e-06  9.238798e-01] speed=0.0009 ang_speed=0.0016 ang_vel_vec=[-0.00041452 -0.00100346  0.00118201] |com_force|=0.0000N
### kotek_magnet[tick=1620] sensor1: d=0.4082m in_range=False f_mag=0.000N tau_mag=0.0000Nm misalign_deg=90.0 pos=[0.10880377 0.10900928 0.49140233] bottom_world=[0.10880368 0.1090094  0.47140233] quat=[9.2484152e-01 3.7012778e-06 9.6610552e-07 3.8035268e-01] speed=0.0006 ang_speed=0.0025 ang_vel_vec=[ 0.00046419 -0.00225504 -0.00098149] |com_force|=0.0000N
### kotek_magnet[tick=1620] sensor2: d=0.3208m in_range=False f_mag=0.000N tau_mag=0.0000Nm misalign_deg=90.0 pos=[ 0.10902461 -0.10904672  0.49140108] bottom_world=[ 0.10902459 -0.10904656  0.47140108] quat=[ 9.2300081e-01  3.6497943e-06  1.9223608e-06 -3.8479811e-01] speed=0.0004 ang_speed=0.0024 ang_vel_vec=[-0.00200813 -0.00099923 -0.00081246] |com_force|=0.0000N
### kotek_magnet[tick=1620] sensor3: d=0.5470m in_range=False f_mag=0.000N tau_mag=0.0000Nm misalign_deg=90.0 pos=[-0.10910752 -0.10914605  0.49140105] bottom_world=[-0.10910746 -0.10914592  0.47140105] quat=[-3.8058394e-01 -2.4432391e-06 -2.4065539e-06  9.2474639e-01] speed=0.0005 ang_speed=0.0024 ang_vel_vec=[-0.0009822   0.002021   -0.00080902] |com_force|=0.0000N
### kotek_magnet[tick=1620] sensor4: d=0.5249m in_range=False f_mag=0.000N tau_mag=0.0000Nm misalign_deg=90.0 pos=[-0.10900035  0.10899931  0.4914022 ] bottom_world=[-0.1090003   0.10899945  0.47140221] quat=[ 3.8268247e-01  2.4798999e-07 -3.5847156e-06  9.2388004e-01] speed=0.0002 ang_speed=0.0014 ang_vel_vec=[-0.00036526  0.00122898 -0.00046202] |com_force|=0.0000N
### kotek_magnet[tick=1680] sensor1: d=0.4082m in_range=False f_mag=0.000N tau_mag=0.0000Nm misalign_deg=90.0 pos=[0.10880381 0.10900925 0.49140242] bottom_world=[0.10880372 0.10900937 0.47140242] quat=[9.2484158e-01 3.4875175e-06 8.9269037e-07 3.8035265e-01] speed=0.0006 ang_speed=0.0025 ang_vel_vec=[ 0.0012575  -0.00197386 -0.00075765] |com_force|=0.0000N
### kotek_magnet[tick=1680] sensor2: d=0.3208m in_range=False f_mag=0.000N tau_mag=0.0000Nm misalign_deg=90.0 pos=[ 0.10902472 -0.10904561  0.49140105] bottom_world=[ 0.10902452 -0.10904572  0.47140105] quat=[ 9.2300051e-01 -4.4818153e-06  3.6337349e-06 -3.8479891e-01] speed=0.0009 ang_speed=0.0031 ang_vel_vec=[-6.1329854e-05 -3.0120148e-03  8.8661403e-04] |com_force|=0.0000N
### kotek_magnet[tick=1680] sensor3: d=0.5470m in_range=False f_mag=0.000N tau_mag=0.0000Nm misalign_deg=90.0 pos=[-0.10910755 -0.10914586  0.49140105] bottom_world=[-0.10910747 -0.10914585  0.47140105] quat=[-3.8058367e-01 -2.0224131e-06  4.8099355e-07  9.2474651e-01] speed=0.0004 ang_speed=0.0025 ang_vel_vec=[ 1.6084884e-03  1.9722742e-03 -8.0645324e-05] |com_force|=0.0000N
### kotek_magnet[tick=1680] sensor4: d=0.5249m in_range=False f_mag=0.000N tau_mag=0.0000Nm misalign_deg=90.0 pos=[-0.10900036  0.10899928  0.49140227] bottom_world=[-0.10900031  0.10899943  0.47140227] quat=[ 3.8268238e-01  1.1876435e-07 -3.8625985e-06  9.2387998e-01] speed=0.0002 ang_speed=0.0021 ang_vel_vec=[-0.00086253  0.00189718 -0.00023492] |com_force|=0.0000N
### kotek_magnet[tick=1740] sensor1: d=0.4082m in_range=False f_mag=0.000N tau_mag=0.0000Nm misalign_deg=90.0 pos=[0.10880381 0.10900928 0.49140224] bottom_world=[0.10880371 0.1090094  0.47140224] quat=[9.2484152e-01 3.7655429e-06 9.9403530e-07 3.8035268e-01] speed=0.0006 ang_speed=0.0029 ang_vel_vec=[-0.00017072 -0.00265864 -0.00112602] |com_force|=0.0000N
### kotek_magnet[tick=1740] sensor2: d=0.3208m in_range=False f_mag=0.000N tau_mag=0.0000Nm misalign_deg=90.0 pos=[ 0.10902444 -0.10904674  0.49140102] bottom_world=[ 0.10902455 -0.10904654  0.47140102] quat=[ 9.2300087e-01  5.6177228e-06 -5.0891123e-07 -3.8479811e-01] speed=0.0003 ang_speed=0.0030 ang_vel_vec=[-0.00236171  0.00181951 -0.00045082] |com_force|=0.0000N
### kotek_magnet[tick=1740] sensor3: d=0.5470m in_range=False f_mag=0.000N tau_mag=0.0000Nm misalign_deg=90.0 pos=[-0.10910755 -0.10914586  0.49140105] bottom_world=[-0.10910746 -0.10914586  0.47140105] quat=[-3.8058376e-01 -2.1646565e-06  8.8276670e-07  9.2474645e-01] speed=0.0004 ang_speed=0.0030 ang_vel_vec=[ 0.0018204   0.00237311 -0.00045176] |com_force|=0.0000N
### kotek_magnet[tick=1740] sensor4: d=0.5249m in_range=False f_mag=0.000N tau_mag=0.0000Nm misalign_deg=90.0 pos=[-0.10900008  0.10900021  0.4914023 ] bottom_world=[-0.1090003   0.10900006  0.4714023 ] quat=[3.8268209e-01 3.7927121e-06 5.5219230e-06 9.2388010e-01] speed=0.0010 ang_speed=0.0029 ang_vel_vec=[ 0.00191651 -0.00197786 -0.00099596] |com_force|=0.0000N
### still playing, 1369s left
### kotek_magnet[tick=1800] sensor1: d=0.4082m in_range=False f_mag=0.000N tau_mag=0.0000Nm misalign_deg=90.0 pos=[0.10880419 0.10900887 0.49140236] bottom_world=[0.10880393 0.10900923 0.47140236] quat=[9.2484164e-01 1.0647734e-05 2.5580418e-06 3.8035253e-01] speed=0.0009 ang_speed=0.0041 ang_vel_vec=[-0.00270049 -0.00300038 -0.00043197] |com_force|=0.0000N
### kotek_magnet[tick=1800] sensor2: d=0.3208m in_range=False f_mag=0.000N tau_mag=0.0000Nm misalign_deg=90.0 pos=[ 0.10902444 -0.10904676  0.49140108] bottom_world=[ 0.10902454 -0.10904656  0.47140108] quat=[ 9.2300075e-01  5.5858177e-06 -3.8833866e-07 -3.8479835e-01] speed=0.0004 ang_speed=0.0029 ang_vel_vec=[-0.00240702  0.00154994 -0.00011758] |com_force|=0.0000N
### kotek_magnet[tick=1800] sensor3: d=0.5470m in_range=False f_mag=0.000N tau_mag=0.0000Nm misalign_deg=90.0 pos=[-0.10910751 -0.10914606  0.49140114] bottom_world=[-0.10910745 -0.10914593  0.47140114] quat=[-3.8058373e-01 -2.5860863e-06 -2.4290869e-06  9.2474645e-01] speed=0.0005 ang_speed=0.0024 ang_vel_vec=[-0.00134177  0.00194453 -0.00060187] |com_force|=0.0000N
### kotek_magnet[tick=1800] sensor4: d=0.5249m in_range=False f_mag=0.000N tau_mag=0.0000Nm misalign_deg=90.0 pos=[-0.10900006  0.10900017  0.49140236] bottom_world=[-0.10900029  0.10900003  0.47140236] quat=[3.8268220e-01 3.7582010e-06 5.3767817e-06 9.2388010e-01] speed=0.0010 ang_speed=0.0024 ang_vel_vec=[ 0.00162969 -0.00168842 -0.00064715] |com_force|=0.0000N
### kotek_magnet[tick=1860] sensor1: d=0.4082m in_range=False f_mag=0.000N tau_mag=0.0000Nm misalign_deg=90.0 pos=[0.10880379 0.10900929 0.49140233] bottom_world=[0.1088037  0.10900942 0.47140233] quat=[9.2484152e-01 3.9881443e-06 9.8429541e-07 3.8035256e-01] speed=0.0006 ang_speed=0.0028 ang_vel_vec=[-0.00037492 -0.00268701 -0.00067934] |com_force|=0.0000N
### kotek_magnet[tick=1860] sensor2: d=0.3208m in_range=False f_mag=0.000N tau_mag=0.0000Nm misalign_deg=90.0 pos=[ 0.10902429 -0.10904738  0.4914011 ] bottom_world=[ 0.10902454 -0.10904699  0.47140111] quat=[ 9.2300087e-01  1.1452935e-05 -1.9938957e-06 -3.8479790e-01] speed=0.0010 ang_speed=0.0027 ang_vel_vec=[-0.0016639   0.00209945 -0.00060166] |com_force|=0.0000N
### kotek_magnet[tick=1860] sensor3: d=0.5470m in_range=False f_mag=0.000N tau_mag=0.0000Nm misalign_deg=90.0 pos=[-0.10910816 -0.10914578  0.49140123] bottom_world=[-0.1091079  -0.1091459   0.47140123] quat=[-3.8058397e-01 -5.0006129e-06  5.2338428e-06  9.2474633e-01] speed=0.0010 ang_speed=0.0022 ang_vel_vec=[ 0.00167667  0.00134257 -0.00059949] |com_force|=0.0000N
### kotek_magnet[tick=1860] sensor4: d=0.5249m in_range=False f_mag=0.000N tau_mag=0.0000Nm misalign_deg=90.0 pos=[-0.10900036  0.10899955  0.49140236] bottom_world=[-0.10900035  0.10899961  0.47140236] quat=[ 3.8268226e-01  3.7362895e-07 -1.3322438e-06  9.2388010e-01] speed=0.0005 ang_speed=0.0026 ang_vel_vec=[ 0.00238604  0.00073619 -0.00054384] |com_force|=0.0000N
### kotek_magnet[tick=1920] sensor1: d=0.4082m in_range=False f_mag=0.000N tau_mag=0.0000Nm misalign_deg=90.0 pos=[0.1088038  0.10900927 0.4914023 ] bottom_world=[0.10880371 0.10900939 0.4714023 ] quat=[9.2484164e-01 3.7971806e-06 9.9554120e-07 3.8035250e-01] speed=0.0006 ang_speed=0.0025 ang_vel_vec=[ 0.00023469 -0.00238138 -0.00072201] |com_force|=0.0000N
### kotek_magnet[tick=1920] sensor2: d=0.3208m in_range=False f_mag=0.000N tau_mag=0.0000Nm misalign_deg=90.0 pos=[ 0.10902463 -0.1090467   0.4914011 ] bottom_world=[ 0.10902462 -0.10904652  0.47140111] quat=[ 9.2300075e-01  3.9231836e-06  1.9119427e-06 -3.8479814e-01] speed=0.0005 ang_speed=0.0023 ang_vel_vec=[-0.00198849 -0.00094247 -0.00057174] |com_force|=0.0000N
### kotek_magnet[tick=1920] sensor3: d=0.5470m in_range=False f_mag=0.000N tau_mag=0.0000Nm misalign_deg=90.0 pos=[-0.10910648 -0.10914586  0.4914011 ] bottom_world=[-0.10910667 -0.10914566  0.47140111] quat=[-3.8058290e-01  2.4020842e-06 -6.2775093e-06  9.2474687e-01] speed=0.0009 ang_speed=0.0029 ang_vel_vec=[0.00236734 0.00011736 0.00167425] |com_force|=0.0000N
### kotek_magnet[tick=1920] sensor4: d=0.5249m in_range=False f_mag=0.000N tau_mag=0.0000Nm misalign_deg=90.0 pos=[-0.10900005  0.10900019  0.4914023 ] bottom_world=[-0.10900027  0.10900005  0.4714023 ] quat=[3.8268209e-01 3.7640871e-06 5.4214615e-06 9.2388010e-01] speed=0.0010 ang_speed=0.0025 ang_vel_vec=[ 0.00172169 -0.0016729  -0.00058665] |com_force|=0.0000N
### kotek_magnet[tick=1980] sensor1: d=0.4082m in_range=False f_mag=0.000N tau_mag=0.0000Nm misalign_deg=90.0 pos=[0.10880381 0.10900926 0.49140233] bottom_world=[0.10880372 0.10900938 0.47140233] quat=[9.2484164e-01 3.6099404e-06 9.8606517e-07 3.8035265e-01] speed=0.0006 ang_speed=0.0024 ang_vel_vec=[ 0.00122957 -0.00188963 -0.00086128] |com_force|=0.0000N
### kotek_magnet[tick=1980] sensor2: d=0.3208m in_range=False f_mag=0.000N tau_mag=0.0000Nm misalign_deg=90.0 pos=[ 0.10902435 -0.10904735  0.49140108] bottom_world=[ 0.10902458 -0.10904697  0.47140108] quat=[ 9.2300087e-01  1.0834723e-05 -1.7580123e-06 -3.8479790e-01] speed=0.0010 ang_speed=0.0028 ang_vel_vec=[-0.00169007  0.00206269 -0.00079421] |com_force|=0.0000N
### kotek_magnet[tick=1980] sensor3: d=0.5470m in_range=False f_mag=0.000N tau_mag=0.0000Nm misalign_deg=90.0 pos=[-0.10910669 -0.10914607  0.49140114] bottom_world=[-0.10910686 -0.10914582  0.47140114] quat=[-3.8058323e-01  1.5690827e-06 -7.5622265e-06  9.2474663e-01] speed=0.0006 ang_speed=0.0043 ang_vel_vec=[-0.00388758 -0.00175123  0.00051798] |com_force|=0.0000N
### kotek_magnet[tick=1980] sensor4: d=0.5249m in_range=False f_mag=0.000N tau_mag=0.0000Nm misalign_deg=90.0 pos=[-0.10900034  0.1089993   0.4914023 ] bottom_world=[-0.10900028  0.10899944  0.4714023 ] quat=[ 3.8268241e-01  3.2100218e-08 -3.7550967e-06  9.2387998e-01] speed=0.0002 ang_speed=0.0014 ang_vel_vec=[-6.4182103e-05  1.3182597e-03 -3.6949862e-04] |com_force|=0.0000N
### kotek_magnet[tick=2040] sensor1: d=0.4082m in_range=False f_mag=0.000N tau_mag=0.0000Nm misalign_deg=90.0 pos=[0.10880429 0.10900896 0.49140236] bottom_world=[0.10880402 0.1090093  0.47140236] quat=[9.2484152e-01 1.0422677e-05 2.8635673e-06 3.8035288e-01] speed=0.0010 ang_speed=0.0030 ang_vel_vec=[-0.00203912 -0.00188514 -0.00104118] |com_force|=0.0000N
### kotek_magnet[tick=2040] sensor2: d=0.3208m in_range=False f_mag=0.000N tau_mag=0.0000Nm misalign_deg=90.0 pos=[ 0.10902464 -0.10904668  0.49140117] bottom_world=[ 0.10902462 -0.10904651  0.47140117] quat=[ 9.2300081e-01  3.7239865e-06  1.9583090e-06 -3.8479805e-01] speed=0.0004 ang_speed=0.0024 ang_vel_vec=[-0.00191521 -0.00105938 -0.00088031] |com_force|=0.0000N
### kotek_magnet[tick=2040] sensor3: d=0.5470m in_range=False f_mag=0.000N tau_mag=0.0000Nm misalign_deg=90.0 pos=[-0.10910755 -0.10914586  0.49140108] bottom_world=[-0.10910747 -0.10914586  0.47140108] quat=[-3.8058379e-01 -2.0828231e-06  7.4792320e-07  9.2474645e-01] speed=0.0004 ang_speed=0.0028 ang_vel_vec=[ 0.0017521   0.0022003  -0.00039696] |com_force|=0.0000N
### kotek_magnet[tick=2040] sensor4: d=0.5249m in_range=False f_mag=0.000N tau_mag=0.0000Nm misalign_deg=90.0 pos=[-0.10900009  0.10900016  0.49140233] bottom_world=[-0.10900031  0.10900002  0.47140233] quat=[3.8268200e-01 3.7287748e-06 5.3751119e-06 9.2388016e-01] speed=0.0010 ang_speed=0.0029 ang_vel_vec=[ 0.00193936 -0.00201136 -0.00093998] |com_force|=0.0000N
### kotek_magnet[tick=2100] sensor1: d=0.4082m in_range=False f_mag=0.000N tau_mag=0.0000Nm misalign_deg=90.0 pos=[0.10880379 0.10900929 0.49140227] bottom_world=[0.1088037  0.10900941 0.47140227] quat=[9.2484152e-01 3.6645365e-06 9.9449448e-07 3.8035268e-01] speed=0.0006 ang_speed=0.0024 ang_vel_vec=[ 0.00065626 -0.00213882 -0.0008971 ] |com_force|=0.0000N
### kotek_magnet[tick=2100] sensor2: d=0.3208m in_range=False f_mag=0.000N tau_mag=0.0000Nm misalign_deg=90.0 pos=[ 0.10902464 -0.1090467   0.49140108] bottom_world=[ 0.10902463 -0.10904653  0.47140108] quat=[ 9.2300081e-01  3.6136285e-06  1.9952731e-06 -3.8479805e-01] speed=0.0004 ang_speed=0.0024 ang_vel_vec=[-0.00199024 -0.00117294 -0.00073529] |com_force|=0.0000N
### kotek_magnet[tick=2100] sensor3: d=0.5470m in_range=False f_mag=0.000N tau_mag=0.0000Nm misalign_deg=90.0 pos=[-0.10910755 -0.10914584  0.491401  ] bottom_world=[-0.10910747 -0.10914583  0.47140099] quat=[-3.8058373e-01 -2.0880300e-06  6.0449747e-07  9.2474651e-01] speed=0.0004 ang_speed=0.0030 ang_vel_vec=[ 0.00179141  0.00239728 -0.00025651] |com_force|=0.0000N
### kotek_magnet[tick=2100] sensor4: d=0.5249m in_range=False f_mag=0.000N tau_mag=0.0000Nm misalign_deg=90.0 pos=[-0.10900006  0.10900021  0.49140227] bottom_world=[-0.10900028  0.10900006  0.47140227] quat=[3.8268200e-01 3.7615300e-06 5.5388864e-06 9.2388010e-01] speed=0.0010 ang_speed=0.0026 ang_vel_vec=[ 0.00176875 -0.00169116 -0.00077049] |com_force|=0.0000N
### kotek_magnet[tick=2160] sensor1: d=0.4082m in_range=False f_mag=0.000N tau_mag=0.0000Nm misalign_deg=90.0 pos=[0.10880382 0.1090093  0.49140227] bottom_world=[0.10880372 0.10900942 0.47140227] quat=[9.2484158e-01 3.8232511e-06 1.0239949e-06 3.8035268e-01] speed=0.0006 ang_speed=0.0025 ang_vel_vec=[ 0.00048434 -0.0022392  -0.00095027] |com_force|=0.0000N
### kotek_magnet[tick=2160] sensor2: d=0.3208m in_range=False f_mag=0.000N tau_mag=0.0000Nm misalign_deg=90.0 pos=[ 0.10902463 -0.10904647  0.49140102] bottom_world=[ 0.10902458 -0.10904638  0.47140102] quat=[ 9.2300075e-01  1.6976433e-06  1.9272090e-06 -3.8479829e-01] speed=0.0001 ang_speed=0.0016 ang_vel_vec=[ 0.00066882 -0.00137367 -0.00040283] |com_force|=0.0000N
### kotek_magnet[tick=2160] sensor3: d=0.5470m in_range=False f_mag=0.000N tau_mag=0.0000Nm misalign_deg=90.0 pos=[-0.10910816 -0.10914579  0.49140108] bottom_world=[-0.1091079  -0.1091459   0.47140108] quat=[-3.8058412e-01 -4.9323926e-06  5.0955537e-06  9.2474639e-01] speed=0.0010 ang_speed=0.0026 ang_vel_vec=[ 0.0018514   0.00156783 -0.00082884] |com_force|=0.0000N
### kotek_magnet[tick=2160] sensor4: d=0.5249m in_range=False f_mag=0.000N tau_mag=0.0000Nm misalign_deg=90.0 pos=[-0.10900036  0.10899951  0.4914023 ] bottom_world=[-0.10900034  0.10899957  0.4714023 ] quat=[ 3.8268214e-01  1.8427875e-07 -1.6350352e-06  9.2388004e-01] speed=0.0005 ang_speed=0.0025 ang_vel_vec=[ 0.00189878  0.00136828 -0.00078496] |com_force|=0.0000N
### kotek_magnet[tick=2220] sensor1: d=0.4082m in_range=False f_mag=0.000N tau_mag=0.0000Nm misalign_deg=90.0 pos=[0.10880381 0.10900922 0.49140242] bottom_world=[0.10880371 0.10900935 0.47140242] quat=[9.248416e-01 3.933203e-06 9.200088e-07 3.803526e-01] speed=0.0006 ang_speed=0.0029 ang_vel_vec=[-0.00049526 -0.00265948 -0.00105916] |com_force|=0.0000N
### kotek_magnet[tick=2220] sensor2: d=0.3208m in_range=False f_mag=0.000N tau_mag=0.0000Nm misalign_deg=90.0 pos=[ 0.10902433 -0.10904738  0.49140117] bottom_world=[ 0.10902457 -0.10904699  0.47140117] quat=[ 9.2300087e-01  1.1248771e-05 -1.8097135e-06 -3.8479790e-01] speed=0.0010 ang_speed=0.0030 ang_vel_vec=[-0.0019146   0.00215755 -0.00091807] |com_force|=0.0000N
### kotek_magnet[tick=2220] sensor3: d=0.5470m in_range=False f_mag=0.000N tau_mag=0.0000Nm misalign_deg=90.0 pos=[-0.10910818 -0.10914578  0.49140114] bottom_world=[-0.10910791 -0.1091459   0.47140114] quat=[-3.8058412e-01 -5.0603858e-06  5.3513008e-06  9.2474639e-01] speed=0.0010 ang_speed=0.0027 ang_vel_vec=[ 0.0019013   0.00164387 -0.00091723] |com_force|=0.0000N
### kotek_magnet[tick=2220] sensor4: d=0.5249m in_range=False f_mag=0.000N tau_mag=0.0000Nm misalign_deg=90.0 pos=[-0.10900043  0.10899843  0.49140242] bottom_world=[-0.10900023  0.10899876  0.47140242] quat=[ 3.8268289e-01 -1.3714073e-06 -9.6403701e-06  9.2387980e-01] speed=0.0009 ang_speed=0.0032 ang_vel_vec=[0.00023754 0.00313784 0.00047466] |com_force|=0.0000N
### kotek_magnet[tick=2280] sensor1: d=0.4082m in_range=False f_mag=0.000N tau_mag=0.0000Nm misalign_deg=90.0 pos=[0.10880378 0.1090093  0.49140227] bottom_world=[0.10880369 0.10900943 0.47140227] quat=[9.2484164e-01 3.7197126e-06 9.4666871e-07 3.8035265e-01] speed=0.0006 ang_speed=0.0025 ang_vel_vec=[ 0.00026929 -0.00230031 -0.0008851 ] |com_force|=0.0000N
### kotek_magnet[tick=2280] sensor2: d=0.3208m in_range=False f_mag=0.000N tau_mag=0.0000Nm misalign_deg=90.0 pos=[ 0.10902449 -0.10904562  0.4914011 ] bottom_world=[ 0.10902439 -0.10904571  0.47140111] quat=[ 9.2300045e-01 -2.9518524e-06  1.4801176e-06 -3.8479882e-01] speed=0.0010 ang_speed=0.0022 ang_vel_vec=[0.00046575 0.00165262 0.00141479] |com_force|=0.0000N
### kotek_magnet[tick=2280] sensor3: d=0.5470m in_range=False f_mag=0.000N tau_mag=0.0000Nm misalign_deg=90.0 pos=[-0.10910751 -0.10914609  0.4914011 ] bottom_world=[-0.10910745 -0.10914596  0.47140111] quat=[-3.8058388e-01 -2.4948429e-06 -2.4607309e-06  9.2474639e-01] speed=0.0005 ang_speed=0.0024 ang_vel_vec=[-0.00122836  0.00195581 -0.00076231] |com_force|=0.0000N
### kotek_magnet[tick=2280] sensor4: d=0.5249m in_range=False f_mag=0.000N tau_mag=0.0000Nm misalign_deg=90.0 pos=[-0.10900019  0.10899849  0.49140227] bottom_world=[-0.10900008  0.1089988   0.47140227] quat=[ 3.8268313e-01  4.7241227e-07 -8.1862936e-06  9.2387974e-01] speed=0.0009 ang_speed=0.0017 ang_vel_vec=[-0.00055375 -0.00088363  0.00133859] |com_force|=0.0000N
### kotek_magnet[tick=2340] sensor1: d=0.4082m in_range=False f_mag=0.000N tau_mag=0.0000Nm misalign_deg=90.0 pos=[0.1088038  0.10900924 0.49140233] bottom_world=[0.1088037  0.10900937 0.47140233] quat=[9.2484158e-01 3.8421545e-06 1.0334504e-06 3.8035262e-01] speed=0.0006 ang_speed=0.0026 ang_vel_vec=[ 0.0001612  -0.00249898 -0.00085913] |com_force|=0.0000N
### kotek_magnet[tick=2340] sensor2: d=0.3208m in_range=False f_mag=0.000N tau_mag=0.0000Nm misalign_deg=90.0 pos=[ 0.10902462 -0.10904644  0.49140108] bottom_world=[ 0.10902458 -0.10904635  0.47140108] quat=[ 9.2300069e-01  1.6922877e-06  1.8425798e-06 -3.8479841e-01] speed=0.0001 ang_speed=0.0011 ang_vel_vec=[ 0.00035538 -0.00100961 -0.00030538] |com_force|=0.0000N
### kotek_magnet[tick=2340] sensor3: d=0.5470m in_range=False f_mag=0.000N tau_mag=0.0000Nm misalign_deg=90.0 pos=[-0.10910752 -0.10914606  0.49140108] bottom_world=[-0.10910746 -0.10914594  0.47140108] quat=[-3.8058382e-01 -2.5524212e-06 -2.2671566e-06  9.2474645e-01] speed=0.0005 ang_speed=0.0023 ang_vel_vec=[-0.00096506  0.001931   -0.00066878] |com_force|=0.0000N
### kotek_magnet[tick=2340] sensor4: d=0.5249m in_range=False f_mag=0.000N tau_mag=0.0000Nm misalign_deg=90.0 pos=[-0.10900034  0.10899878  0.4914023 ] bottom_world=[-0.1090002   0.10899906  0.4714023 ] quat=[ 3.8268277e-01 -5.6618978e-07 -7.9359979e-06  9.2387980e-01] speed=0.0006 ang_speed=0.0046 ang_vel_vec=[-0.00172084  0.00423886  0.0005075 ] |com_force|=0.0000N
### kotek_magnet[tick=2400] sensor1: d=0.4082m in_range=False f_mag=0.000N tau_mag=0.0000Nm misalign_deg=90.0 pos=[0.1088038  0.10900925 0.4914023 ] bottom_world=[0.10880371 0.10900937 0.4714023 ] quat=[9.2484158e-01 3.7233042e-06 9.9607939e-07 3.8035253e-01] speed=0.0006 ang_speed=0.0028 ang_vel_vec=[-9.2387454e-05 -2.6771298e-03 -7.9309294e-04] |com_force|=0.0000N
### kotek_magnet[tick=2400] sensor2: d=0.3208m in_range=False f_mag=0.000N tau_mag=0.0000Nm misalign_deg=90.0 pos=[ 0.10902433 -0.10904737  0.49140114] bottom_world=[ 0.10902457 -0.10904699  0.47140114] quat=[ 9.2300093e-01  1.1017512e-05 -1.7772020e-06 -3.8479787e-01] speed=0.0010 ang_speed=0.0026 ang_vel_vec=[-0.00160696  0.00188611 -0.00063699] |com_force|=0.0000N
### kotek_magnet[tick=2400] sensor3: d=0.5470m in_range=False f_mag=0.000N tau_mag=0.0000Nm misalign_deg=90.0 pos=[-0.10910818 -0.10914576  0.49140126] bottom_world=[-0.10910791 -0.10914589  0.47140126] quat=[-3.8058394e-01 -5.0100630e-06  5.4756174e-06  9.2474639e-01] speed=0.0010 ang_speed=0.0025 ang_vel_vec=[ 0.00183367  0.00151307 -0.00062383] |com_force|=0.0000N
### kotek_magnet[tick=2400] sensor4: d=0.5249m in_range=False f_mag=0.000N tau_mag=0.0000Nm misalign_deg=90.0 pos=[-0.1090002   0.10899848  0.4914024 ] bottom_world=[-0.1090001   0.10899879  0.47140239] quat=[ 3.8268304e-01  5.8444442e-07 -7.9611609e-06  9.2387974e-01] speed=0.0009 ang_speed=0.0023 ang_vel_vec=[-0.00014707 -0.00182157  0.00145612] |com_force|=0.0000N
### kotek_magnet[tick=2460] sensor1: d=0.4082m in_range=False f_mag=0.000N tau_mag=0.0000Nm misalign_deg=90.0 pos=[0.10880258 0.10900907 0.4914024 ] bottom_world=[0.10880277 0.10900909 0.47140239] quat=[ 9.2484194e-01 -1.3855836e-06 -4.6406849e-06  3.8035169e-01] speed=0.0010 ang_speed=0.0024 ang_vel_vec=[-1.9222620e-03 -5.8616602e-05  1.4447180e-03] |com_force|=0.0000N
### kotek_magnet[tick=2460] sensor2: d=0.3208m in_range=False f_mag=0.000N tau_mag=0.0000Nm misalign_deg=90.0 pos=[ 0.10902432 -0.10904739  0.49140105] bottom_world=[ 0.10902458 -0.109047    0.47140105] quat=[ 9.23000872e-01  1.13956385e-05 -2.09780092e-06 -3.84797931e-01] speed=0.0010 ang_speed=0.0031 ang_vel_vec=[-0.00178792  0.00238049 -0.00081813] |com_force|=0.0000N
### kotek_magnet[tick=2460] sensor3: d=0.5470m in_range=False f_mag=0.000N tau_mag=0.0000Nm misalign_deg=90.0 pos=[-0.10910816 -0.10914575  0.4914011 ] bottom_world=[-0.10910791 -0.10914587  0.47140111] quat=[-3.8058406e-01 -4.8332604e-06  5.2454516e-06  9.2474639e-01] speed=0.0010 ang_speed=0.0027 ang_vel_vec=[ 0.00208611  0.00149743 -0.00079503] |com_force|=0.0000N
### kotek_magnet[tick=2460] sensor4: d=0.5249m in_range=False f_mag=0.000N tau_mag=0.0000Nm misalign_deg=90.0 pos=[-0.10900038  0.10899876  0.4914024 ] bottom_world=[-0.10900023  0.10899905  0.47140239] quat=[ 3.8268265e-01 -5.9097880e-07 -8.0837144e-06  9.2387980e-01] speed=0.0006 ang_speed=0.0046 ang_vel_vec=[-0.00158697  0.00429224  0.00048529] |com_force|=0.0000N
### kotek_magnet[tick=2520] sensor1: d=0.4082m in_range=False f_mag=0.000N tau_mag=0.0000Nm misalign_deg=90.0 pos=[0.10880283 0.10900928 0.49140224] bottom_world=[0.108803   0.10900926 0.47140224] quat=[ 9.2484176e-01 -2.1512194e-06 -3.7064458e-06  3.8035202e-01] speed=0.0006 ang_speed=0.0042 ang_vel_vec=[0.00386168 0.00170402 0.00040903] |com_force|=0.0000N
### kotek_magnet[tick=2520] sensor2: d=0.3208m in_range=False f_mag=0.000N tau_mag=0.0000Nm misalign_deg=90.0 pos=[ 0.10902433 -0.10904733  0.4914011 ] bottom_world=[ 0.10902457 -0.10904695  0.47140111] quat=[ 9.2300087e-01  1.1180692e-05 -1.8724672e-06 -3.8479781e-01] speed=0.0010 ang_speed=0.0030 ang_vel_vec=[-0.00192596  0.00213658 -0.00094612] |com_force|=0.0000N
### kotek_magnet[tick=2520] sensor3: d=0.5470m in_range=False f_mag=0.000N tau_mag=0.0000Nm misalign_deg=90.0 pos=[-0.10910729 -0.10914579  0.49140102] bottom_world=[-0.10910726 -0.10914576  0.47140102] quat=[-3.8058347e-01 -9.7375641e-07 -3.2389988e-07  9.2474663e-01] speed=0.0003 ang_speed=0.0061 ang_vel_vec=[0.00528359 0.0029502  0.00025167] |com_force|=0.0000N
### kotek_magnet[tick=2520] sensor4: d=0.5249m in_range=False f_mag=0.000N tau_mag=0.0000Nm misalign_deg=90.0 pos=[-0.10900021  0.10899851  0.49140233] bottom_world=[-0.1090001   0.10899882  0.47140233] quat=[ 3.8268304e-01  5.6700964e-07 -7.9697684e-06  9.2387980e-01] speed=0.0009 ang_speed=0.0019 ang_vel_vec=[-0.00027604 -0.00148535  0.00117359] |com_force|=0.0000N
### kotek_magnet[tick=2580] sensor1: d=0.4082m in_range=False f_mag=0.000N tau_mag=0.0000Nm misalign_deg=90.0 pos=[0.10880342 0.10900924 0.4914023 ] bottom_world=[0.10880344 0.10900932 0.4714023 ] quat=[ 9.2484164e-01  1.5050505e-06 -1.0623129e-06  3.8035235e-01] speed=0.0002 ang_speed=0.0018 ang_vel_vec=[ 0.00179481  0.00024473 -0.00013262] |com_force|=0.0000N
### kotek_magnet[tick=2580] sensor2: d=0.3208m in_range=False f_mag=0.000N tau_mag=0.0000Nm misalign_deg=90.0 pos=[ 0.10902464 -0.10904671  0.4914011 ] bottom_world=[ 0.10902463 -0.10904654  0.47140111] quat=[ 9.2300081e-01  3.8196877e-06  1.8865127e-06 -3.8479820e-01] speed=0.0004 ang_speed=0.0020 ang_vel_vec=[-0.0016113  -0.00103714 -0.00053674] |com_force|=0.0000N
### kotek_magnet[tick=2580] sensor3: d=0.5470m in_range=False f_mag=0.000N tau_mag=0.0000Nm misalign_deg=90.0 pos=[-0.10910818 -0.10914578  0.4914011 ] bottom_world=[-0.10910792 -0.1091459   0.47140111] quat=[-3.8058406e-01 -4.9556302e-06  5.2530245e-06  9.2474645e-01] speed=0.0010 ang_speed=0.0022 ang_vel_vec=[ 0.00174394  0.00128275 -0.00060232] |com_force|=0.0000N
### kotek_magnet[tick=2580] sensor4: d=0.5249m in_range=False f_mag=0.000N tau_mag=0.0000Nm misalign_deg=90.0 pos=[-0.10900015  0.10899848  0.49140242] bottom_world=[-0.10900005  0.10899879  0.47140242] quat=[ 3.8268304e-01  5.0103097e-07 -8.0481659e-06  9.2387974e-01] speed=0.0009 ang_speed=0.0021 ang_vel_vec=[-0.00023808 -0.00137721  0.00151533] |com_force|=0.0000N
### kotek_magnet[tick=2640] sensor1: d=0.4082m in_range=False f_mag=0.000N tau_mag=0.0000Nm misalign_deg=90.0 pos=[0.10880431 0.10900898 0.49140236] bottom_world=[0.10880405 0.10900932 0.47140236] quat=[9.2484158e-01 1.0413138e-05 2.6483699e-06 3.8035282e-01] speed=0.0010 ang_speed=0.0028 ang_vel_vec=[-0.00193252 -0.00179862 -0.00087433] |com_force|=0.0000N
### kotek_magnet[tick=2640] sensor2: d=0.3208m in_range=False f_mag=0.000N tau_mag=0.0000Nm misalign_deg=90.0 pos=[ 0.10902414 -0.10904744  0.49140105] bottom_world=[ 0.10902445 -0.10904703  0.47140105] quat=[ 9.2300069e-01  1.2576748e-05 -3.1953907e-06 -3.8479823e-01] speed=0.0013 ang_speed=0.0146 ang_vel_vec=[-0.00731663  0.01259613 -0.00030617] |com_force|=0.0000N
### kotek_magnet[tick=2640] sensor3: d=0.5470m in_range=False f_mag=0.000N tau_mag=0.0000Nm misalign_deg=90.0 pos=[-0.10910753 -0.10914608  0.49140108] bottom_world=[-0.10910747 -0.10914595  0.47140108] quat=[-3.8058385e-01 -2.6547928e-06 -2.5500531e-06  9.2474651e-01] speed=0.0004 ang_speed=0.0024 ang_vel_vec=[-0.00110528  0.00198753 -0.00068738] |com_force|=0.0000N
### kotek_magnet[tick=2640] sensor4: d=0.5249m in_range=False f_mag=0.000N tau_mag=0.0000Nm misalign_deg=90.0 pos=[-0.10900019  0.10899851  0.49140236] bottom_world=[-0.10900009  0.10899881  0.47140236] quat=[ 3.8268307e-01  6.8500282e-07 -8.0358341e-06  9.2387968e-01] speed=0.0009 ang_speed=0.0026 ang_vel_vec=[ 8.9653069e-05 -2.1927264e-03  1.3252952e-03] |com_force|=0.0000N
### kotek_magnet[tick=2700] sensor1: d=0.4082m in_range=False f_mag=0.000N tau_mag=0.0000Nm misalign_deg=90.0 pos=[0.10880431 0.10900898 0.49140233] bottom_world=[0.10880404 0.10900932 0.47140233] quat=[9.2484158e-01 1.0406177e-05 2.9270554e-06 3.8035271e-01] speed=0.0010 ang_speed=0.0024 ang_vel_vec=[-0.00164408 -0.00157838 -0.00080312] |com_force|=0.0000N
### kotek_magnet[tick=2700] sensor2: d=0.3208m in_range=False f_mag=0.000N tau_mag=0.0000Nm misalign_deg=90.0 pos=[ 0.10902465 -0.10904666  0.49140117] bottom_world=[ 0.10902464 -0.1090465   0.47140117] quat=[ 9.2300081e-01  3.6608610e-06  1.9124859e-06 -3.8479817e-01] speed=0.0004 ang_speed=0.0024 ang_vel_vec=[-0.0021296  -0.00085099 -0.00065594] |com_force|=0.0000N
### kotek_magnet[tick=2700] sensor3: d=0.5470m in_range=False f_mag=0.000N tau_mag=0.0000Nm misalign_deg=90.0 pos=[-0.10910755 -0.10914584  0.491401  ] bottom_world=[-0.10910746 -0.10914584  0.47140099] quat=[-3.8058367e-01 -2.1071835e-06  7.7944492e-07  9.2474651e-01] speed=0.0004 ang_speed=0.0031 ang_vel_vec=[ 0.00185535  0.00249138 -0.00017301] |com_force|=0.0000N
### kotek_magnet[tick=2700] sensor4: d=0.5249m in_range=False f_mag=0.000N tau_mag=0.0000Nm misalign_deg=90.0 pos=[-0.10900019  0.10899851  0.49140233] bottom_world=[-0.10900008  0.10899882  0.47140233] quat=[ 3.8268301e-01  4.7160324e-07 -8.0809868e-06  9.2387974e-01] speed=0.0009 ang_speed=0.0018 ang_vel_vec=[-0.00055624 -0.00089757  0.00140045] |com_force|=0.0000N
### kotek_magnet[tick=2760] sensor1: d=0.4082m in_range=False f_mag=0.000N tau_mag=0.0000Nm misalign_deg=90.0 pos=[0.1088043  0.10900895 0.49140233] bottom_world=[0.10880403 0.10900929 0.47140233] quat=[9.2484152e-01 1.0337861e-05 2.9614205e-06 3.8035277e-01] speed=0.0010 ang_speed=0.0024 ang_vel_vec=[-0.00161555 -0.00161846 -0.00082264] |com_force|=0.0000N
### kotek_magnet[tick=2760] sensor2: d=0.3208m in_range=False f_mag=0.000N tau_mag=0.0000Nm misalign_deg=90.0 pos=[ 0.10902435 -0.10904736  0.49140114] bottom_world=[ 0.10902459 -0.10904699  0.47140114] quat=[ 9.2300087e-01  1.0785669e-05 -1.8433220e-06 -3.8479781e-01] speed=0.0010 ang_speed=0.0027 ang_vel_vec=[-0.00162902  0.00204707 -0.00072459] |com_force|=0.0000N
### kotek_magnet[tick=2760] sensor3: d=0.5470m in_range=False f_mag=0.000N tau_mag=0.0000Nm misalign_deg=90.0 pos=[-0.10910808 -0.10914568  0.4914012 ] bottom_world=[-0.10910782 -0.10914582  0.4714012 ] quat=[-3.8058382e-01 -4.6653040e-06  5.7691368e-06  9.2474651e-01] speed=0.0010 ang_speed=0.0042 ang_vel_vec=[ 0.00292644  0.00291839 -0.00039078] |com_force|=0.0000N
### kotek_magnet[tick=2760] sensor4: d=0.5249m in_range=False f_mag=0.000N tau_mag=0.0000Nm misalign_deg=90.0 pos=[-0.10900035  0.10899873  0.49140236] bottom_world=[-0.1090002   0.10899902  0.47140236] quat=[ 3.8268277e-01 -6.9650969e-07 -8.0673226e-06  9.2387986e-01] speed=0.0006 ang_speed=0.0047 ang_vel_vec=[-0.00173676  0.00438506  0.00052266] |com_force|=0.0000N
### kotek_magnet[tick=2820] sensor1: d=0.4082m in_range=False f_mag=0.000N tau_mag=0.0000Nm misalign_deg=90.0 pos=[0.10880431 0.10900894 0.4914023 ] bottom_world=[0.10880404 0.10900929 0.4714023 ] quat=[9.2484146e-01 1.0744506e-05 2.9046569e-06 3.8035274e-01] speed=0.0010 ang_speed=0.0028 ang_vel_vec=[-0.00191708 -0.00180413 -0.00081693] |com_force|=0.0000N
### kotek_magnet[tick=2820] sensor2: d=0.3208m in_range=False f_mag=0.000N tau_mag=0.0000Nm misalign_deg=90.0 pos=[ 0.10902465 -0.10904673  0.4914012 ] bottom_world=[ 0.10902464 -0.10904656  0.4714012 ] quat=[ 9.2300081e-01  3.7782370e-06  1.9417319e-06 -3.8479805e-01] speed=0.0004 ang_speed=0.0024 ang_vel_vec=[-0.00216894 -0.00077019 -0.00071917] |com_force|=0.0000N
### kotek_magnet[tick=2820] sensor3: d=0.5470m in_range=False f_mag=0.000N tau_mag=0.0000Nm misalign_deg=90.0 pos=[-0.10910647 -0.10914588  0.49140114] bottom_world=[-0.10910665 -0.10914568  0.47140114] quat=[-3.8058305e-01  2.3920431e-06 -6.2960735e-06  9.2474681e-01] speed=0.0009 ang_speed=0.0030 ang_vel_vec=[0.00255116 0.00019764 0.00148256] |com_force|=0.0000N
### kotek_magnet[tick=2820] sensor4: d=0.5249m in_range=False f_mag=0.000N tau_mag=0.0000Nm misalign_deg=90.0 pos=[-0.10900042  0.10899843  0.49140245] bottom_world=[-0.10900022  0.10899876  0.47140245] quat=[ 3.8268283e-01 -1.4731471e-06 -9.7368420e-06  9.2387974e-01] speed=0.0009 ang_speed=0.0032 ang_vel_vec=[0.00036425 0.00306725 0.00064427] |com_force|=0.0000N
### kotek_magnet[tick=2880] sensor1: d=0.4082m in_range=False f_mag=0.000N tau_mag=0.0000Nm misalign_deg=90.0 pos=[0.10880431 0.10900899 0.49140233] bottom_world=[0.10880404 0.10900933 0.47140233] quat=[9.2484152e-01 1.0385204e-05 2.9311082e-06 3.8035265e-01] speed=0.0009 ang_speed=0.0025 ang_vel_vec=[-0.00165028 -0.00165853 -0.00098165] |com_force|=0.0000N
### kotek_magnet[tick=2880] sensor2: d=0.3208m in_range=False f_mag=0.000N tau_mag=0.0000Nm misalign_deg=90.0 pos=[ 0.10902433 -0.10904738  0.49140117] bottom_world=[ 0.10902458 -0.10904699  0.47140117] quat=[ 9.2300087e-01  1.1254916e-05 -1.9204799e-06 -3.8479805e-01] speed=0.0010 ang_speed=0.0032 ang_vel_vec=[-0.00204186  0.0023424  -0.00094584] |com_force|=0.0000N
### kotek_magnet[tick=2880] sensor3: d=0.5470m in_range=False f_mag=0.000N tau_mag=0.0000Nm misalign_deg=90.0 pos=[-0.10910642 -0.1091461   0.4914011 ] bottom_world=[-0.10910663 -0.10914579  0.47140111] quat=[-3.8058308e-01  2.0235359e-06 -8.9885361e-06  9.2474675e-01] speed=0.0009 ang_speed=0.0024 ang_vel_vec=[-0.0022896   0.00060018  0.00063035] |com_force|=0.0000N
### kotek_magnet[tick=2880] sensor4: d=0.5249m in_range=False f_mag=0.000N tau_mag=0.0000Nm misalign_deg=90.0 pos=[-0.10900021  0.10899851  0.49140236] bottom_world=[-0.1090001   0.10899882  0.47140236] quat=[ 3.8268307e-01  4.4525524e-07 -8.1509761e-06  9.2387974e-01] speed=0.0009 ang_speed=0.0015 ang_vel_vec=[-0.00047618 -0.00082929  0.0012063 ] |com_force|=0.0000N
### kotek_magnet[tick=2940] sensor1: d=0.4082m in_range=False f_mag=0.000N tau_mag=0.0000Nm misalign_deg=90.0 pos=[0.10880381 0.10900929 0.49140227] bottom_world=[0.10880371 0.10900941 0.47140227] quat=[9.2484158e-01 3.7025561e-06 1.0459099e-06 3.8035268e-01] speed=0.0006 ang_speed=0.0027 ang_vel_vec=[ 0.00076719 -0.00233231 -0.001079  ] |com_force|=0.0000N
### kotek_magnet[tick=2940] sensor2: d=0.3208m in_range=False f_mag=0.000N tau_mag=0.0000Nm misalign_deg=90.0 pos=[ 0.10902413 -0.10904743  0.491401  ] bottom_world=[ 0.10902445 -0.10904702  0.47140099] quat=[ 9.2300087e-01  1.2368556e-05 -3.4082889e-06 -3.8479814e-01] speed=0.0013 ang_speed=0.0160 ang_vel_vec=[-0.00792737  0.01386766 -0.00047194] |com_force|=0.0000N
### kotek_magnet[tick=2940] sensor3: d=0.5470m in_range=False f_mag=0.000N tau_mag=0.0000Nm misalign_deg=90.0 pos=[-0.10910641 -0.1091459   0.4914011 ] bottom_world=[-0.1091066  -0.10914569  0.47140111] quat=[-3.8058317e-01  2.5112440e-06 -6.6817852e-06  9.2474681e-01] speed=0.0010 ang_speed=0.0025 ang_vel_vec=[ 2.1455418e-03 -8.0162165e-05  1.3565607e-03] |com_force|=0.0000N
### kotek_magnet[tick=2940] sensor4: d=0.5249m in_range=False f_mag=0.000N tau_mag=0.0000Nm misalign_deg=90.0 pos=[-0.1090002   0.10899848  0.49140233] bottom_world=[-0.10900009  0.10899879  0.47140233] quat=[ 3.8268304e-01  4.7372112e-07 -8.1705530e-06  9.2387980e-01] speed=0.0009 ang_speed=0.0016 ang_vel_vec=[-0.00028328 -0.00106775  0.00118956] |com_force|=0.0000N
### kotek_magnet[tick=3000] sensor1: d=0.4082m in_range=False f_mag=0.000N tau_mag=0.0000Nm misalign_deg=90.0 pos=[0.10880379 0.10900928 0.49140227] bottom_world=[0.10880369 0.10900941 0.47140227] quat=[9.2484152e-01 3.9228980e-06 1.0179754e-06 3.8035277e-01] speed=0.0006 ang_speed=0.0025 ang_vel_vec=[ 0.00027616 -0.00233599 -0.00084697] |com_force|=0.0000N
### kotek_magnet[tick=3000] sensor2: d=0.3208m in_range=False f_mag=0.000N tau_mag=0.0000Nm misalign_deg=90.0 pos=[ 0.10902463 -0.10904643  0.49140102] bottom_world=[ 0.10902459 -0.10904633  0.47140102] quat=[ 9.2300063e-01  1.8186922e-06  1.8052004e-06 -3.8479838e-01] speed=0.0001 ang_speed=0.0013 ang_vel_vec=[ 0.00046968 -0.00117854 -0.00031399] |com_force|=0.0000N
### kotek_magnet[tick=3000] sensor3: d=0.5470m in_range=False f_mag=0.000N tau_mag=0.0000Nm misalign_deg=90.0 pos=[-0.10910647 -0.10914589  0.4914011 ] bottom_world=[-0.10910665 -0.10914569  0.47140111] quat=[-3.8058302e-01  2.3806936e-06 -6.3845509e-06  9.2474681e-01] speed=0.0009 ang_speed=0.0030 ang_vel_vec=[0.00254031 0.00019184 0.00152504] |com_force|=0.0000N
### kotek_magnet[tick=3000] sensor4: d=0.5249m in_range=False f_mag=0.000N tau_mag=0.0000Nm misalign_deg=90.0 pos=[-0.10900022  0.10899849  0.49140236] bottom_world=[-0.10900012  0.1089988   0.47140236] quat=[ 3.8268295e-01  5.5443530e-07 -8.1589533e-06  9.2387980e-01] speed=0.0009 ang_speed=0.0018 ang_vel_vec=[-0.00036842 -0.00114126  0.00138033] |com_force|=0.0000N
### kotek_magnet[tick=3060] sensor1: d=0.4082m in_range=False f_mag=0.000N tau_mag=0.0000Nm misalign_deg=90.0 pos=[0.10880382 0.10900928 0.49140233] bottom_world=[0.10880372 0.1090094  0.47140233] quat=[9.2484158e-01 3.7299508e-06 9.3724054e-07 3.8035271e-01] speed=0.0006 ang_speed=0.0024 ang_vel_vec=[ 0.00038768 -0.00226566 -0.0007765 ] |com_force|=0.0000N
### kotek_magnet[tick=3060] sensor2: d=0.3208m in_range=False f_mag=0.000N tau_mag=0.0000Nm misalign_deg=90.0 pos=[ 0.10902442 -0.10904673  0.491401  ] bottom_world=[ 0.10902452 -0.10904653  0.47140099] quat=[ 9.2300075e-01  5.5363548e-06 -4.5197703e-07 -3.8479820e-01] speed=0.0004 ang_speed=0.0029 ang_vel_vec=[-0.00227062  0.00173819 -0.00012365] |com_force|=0.0000N
### kotek_magnet[tick=3060] sensor3: d=0.5470m in_range=False f_mag=0.000N tau_mag=0.0000Nm misalign_deg=90.0 pos=[-0.10910641 -0.10914589  0.49140108] bottom_world=[-0.10910661 -0.10914568  0.47140108] quat=[-3.8058308e-01  2.5650577e-06 -6.8482086e-06  9.2474681e-01] speed=0.0010 ang_speed=0.0024 ang_vel_vec=[ 0.00170584 -0.00031541  0.00161181] |com_force|=0.0000N
### kotek_magnet[tick=3060] sensor4: d=0.5249m in_range=False f_mag=0.000N tau_mag=0.0000Nm misalign_deg=90.0 pos=[-0.10900026  0.10899847  0.49140236] bottom_world=[-0.10900013  0.1089988   0.47140236] quat=[ 3.8268298e-01  1.6335659e-07 -8.8401139e-06  9.2387980e-01] speed=0.0010 ang_speed=0.0018 ang_vel_vec=[-0.00101789 -0.00012016  0.00146588] |com_force|=0.0000N
### kotek_magnet[tick=3120] sensor1: d=0.4082m in_range=False f_mag=0.000N tau_mag=0.0000Nm misalign_deg=90.0 pos=[0.10880382 0.10900925 0.4914023 ] bottom_world=[0.10880372 0.10900936 0.4714023 ] quat=[9.2484164e-01 3.5273240e-06 1.2241710e-06 3.8035259e-01] speed=0.0006 ang_speed=0.0029 ang_vel_vec=[ 0.00167952 -0.00214657 -0.00110333] |com_force|=0.0000N
### kotek_magnet[tick=3120] sensor2: d=0.3208m in_range=False f_mag=0.000N tau_mag=0.0000Nm misalign_deg=90.0 pos=[ 0.10902445 -0.10904676  0.49140096] bottom_world=[ 0.10902456 -0.10904657  0.47140096] quat=[ 9.2300075e-01  5.4733578e-06 -6.5556424e-07 -3.8479826e-01] speed=0.0003 ang_speed=0.0028 ang_vel_vec=[-0.00197749  0.00195202 -0.00041629] |com_force|=0.0000N
### kotek_magnet[tick=3120] sensor3: d=0.5470m in_range=False f_mag=0.000N tau_mag=0.0000Nm misalign_deg=90.0 pos=[-0.10910645 -0.1091459   0.49140108] bottom_world=[-0.10910664 -0.1091457   0.47140108] quat=[-3.8058296e-01  2.5212018e-06 -6.3775483e-06  9.2474681e-01] speed=0.0009 ang_speed=0.0030 ang_vel_vec=[0.00265617 0.00028219 0.00131321] |com_force|=0.0000N
### kotek_magnet[tick=3120] sensor4: d=0.5249m in_range=False f_mag=0.000N tau_mag=0.0000Nm misalign_deg=90.0 pos=[-0.1090002  0.1089985  0.4914024] bottom_world=[-0.10900008  0.10899881  0.47140239] quat=[ 3.8268310e-01  2.9046905e-07 -8.2992774e-06  9.2387968e-01] speed=0.0009 ang_speed=0.0014 ang_vel_vec=[-0.00061726 -0.00059871  0.00114782] |com_force|=0.0000N
### kotek_magnet[tick=3180] sensor1: d=0.4082m in_range=False f_mag=0.000N tau_mag=0.0000Nm misalign_deg=90.0 pos=[0.10880381 0.10900926 0.49140233] bottom_world=[0.10880372 0.10900938 0.47140233] quat=[9.2484164e-01 3.7661714e-06 9.6800159e-07 3.8035259e-01] speed=0.0006 ang_speed=0.0025 ang_vel_vec=[ 0.00027939 -0.00233853 -0.00080479] |com_force|=0.0000N
### kotek_magnet[tick=3180] sensor2: d=0.3208m in_range=False f_mag=0.000N tau_mag=0.0000Nm misalign_deg=90.0 pos=[ 0.10902464 -0.10904588  0.49140117] bottom_world=[ 0.1090245  -0.10904594  0.47140117] quat=[ 9.2300063e-01 -2.7894778e-06  2.5569432e-06 -3.8479847e-01] speed=0.0006 ang_speed=0.0046 ang_vel_vec=[ 0.00201636 -0.00407302  0.00061364] |com_force|=0.0000N
### kotek_magnet[tick=3180] sensor3: d=0.5470m in_range=False f_mag=0.000N tau_mag=0.0000Nm misalign_deg=90.0 pos=[-0.10910721 -0.10914586  0.4914011 ] bottom_world=[-0.10910717 -0.10914581  0.47140111] quat=[-3.8058347e-01 -1.3642066e-06 -7.2878129e-07  9.2474663e-01] speed=0.0002 ang_speed=0.0031 ang_vel_vec=[0.00258105 0.00170165 0.00035755] |com_force|=0.0000N
### kotek_magnet[tick=3180] sensor4: d=0.5249m in_range=False f_mag=0.000N tau_mag=0.0000Nm misalign_deg=90.0 pos=[-0.10900041  0.10899848  0.49140227] bottom_world=[-0.10900021  0.10899882  0.47140227] quat=[ 3.8268292e-01 -1.5115191e-06 -9.6715548e-06  9.2387980e-01] speed=0.0009 ang_speed=0.0035 ang_vel_vec=[0.00019841 0.00341867 0.00070533] |com_force|=0.0000N
### kotek_magnet[tick=3240] sensor1: d=0.4082m in_range=False f_mag=0.000N tau_mag=0.0000Nm misalign_deg=90.0 pos=[0.1088038  0.10900924 0.4914024 ] bottom_world=[0.10880372 0.10900935 0.47140239] quat=[9.2484158e-01 3.3523334e-06 8.5459249e-07 3.8035262e-01] speed=0.0006 ang_speed=0.0025 ang_vel_vec=[ 0.00122465 -0.00205262 -0.00086367] |com_force|=0.0000N
### kotek_magnet[tick=3240] sensor2: d=0.3208m in_range=False f_mag=0.000N tau_mag=0.0000Nm misalign_deg=90.0 pos=[ 0.10902437 -0.10904735  0.49140117] bottom_world=[ 0.10902459 -0.10904698  0.47140117] quat=[ 9.2300093e-01  1.0512284e-05 -1.5084825e-06 -3.8479784e-01] speed=0.0010 ang_speed=0.0021 ang_vel_vec=[-0.00129202  0.00148788 -0.00075691] |com_force|=0.0000N
### kotek_magnet[tick=3240] sensor3: d=0.5470m in_range=False f_mag=0.000N tau_mag=0.0000Nm misalign_deg=90.0 pos=[-0.10910816 -0.1091458   0.49140117] bottom_world=[-0.1091079  -0.1091459   0.47140117] quat=[-3.8058412e-01 -4.8556353e-06  4.8534694e-06  9.2474633e-01] speed=0.0010 ang_speed=0.0020 ang_vel_vec=[ 0.00143304  0.00121063 -0.00075145] |com_force|=0.0000N
### kotek_magnet[tick=3240] sensor4: d=0.5249m in_range=False f_mag=0.000N tau_mag=0.0000Nm misalign_deg=90.0 pos=[-0.10900042  0.10899845  0.4914024 ] bottom_world=[-0.10900021  0.10899879  0.47140239] quat=[ 3.8268289e-01 -1.6500121e-06 -9.9404788e-06  9.2387980e-01] speed=0.0009 ang_speed=0.0038 ang_vel_vec=[2.5616169e-05 3.6996517e-03 6.5063540e-04] |com_force|=0.0000N
### kotek_magnet[tick=3300] sensor1: d=0.4082m in_range=False f_mag=0.000N tau_mag=0.0000Nm misalign_deg=90.0 pos=[0.10880256 0.10900935 0.49140227] bottom_world=[0.10880277 0.10900926 0.47140227] quat=[ 9.2484188e-01 -4.0041973e-06 -4.2258598e-06  3.8035181e-01] speed=0.0009 ang_speed=0.0035 ang_vel_vec=[3.4449867e-03 6.0542596e-05 7.6991098e-04] |com_force|=0.0000N
### kotek_magnet[tick=3300] sensor2: d=0.3208m in_range=False f_mag=0.000N tau_mag=0.0000Nm misalign_deg=90.0 pos=[ 0.10902463 -0.10904668  0.49140108] bottom_world=[ 0.10902461 -0.10904651  0.47140108] quat=[ 9.2300081e-01  3.6987863e-06  1.9352779e-06 -3.8479802e-01] speed=0.0004 ang_speed=0.0022 ang_vel_vec=[-0.001793   -0.0011468  -0.00071829] |com_force|=0.0000N
### kotek_magnet[tick=3300] sensor3: d=0.5470m in_range=False f_mag=0.000N tau_mag=0.0000Nm misalign_deg=90.0 pos=[-0.10910752 -0.10914609  0.49140108] bottom_world=[-0.10910746 -0.10914596  0.47140108] quat=[-3.8058400e-01 -2.5137817e-06 -2.3134889e-06  9.2474639e-01] speed=0.0005 ang_speed=0.0023 ang_vel_vec=[-0.00098084  0.00189869 -0.00072543] |com_force|=0.0000N
### kotek_magnet[tick=3300] sensor4: d=0.5249m in_range=False f_mag=0.000N tau_mag=0.0000Nm misalign_deg=90.0 pos=[-0.10900044  0.10899848  0.49140236] bottom_world=[-0.10900023  0.10899882  0.47140236] quat=[ 3.8268289e-01 -1.5440718e-06 -9.7102384e-06  9.2387980e-01] speed=0.0009 ang_speed=0.0035 ang_vel_vec=[0.00026961 0.00342847 0.00062086] |com_force|=0.0000N
### kotek_magnet[tick=3360] sensor1: d=0.4082m in_range=False f_mag=0.000N tau_mag=0.0000Nm misalign_deg=90.0 pos=[0.10880261 0.10900906 0.49140236] bottom_world=[0.1088028  0.10900908 0.47140236] quat=[ 9.2484206e-01 -1.2109066e-06 -4.6048895e-06  3.8035166e-01] speed=0.0010 ang_speed=0.0030 ang_vel_vec=[-0.00258226 -0.00028435  0.00152514] |com_force|=0.0000N
### kotek_magnet[tick=3360] sensor2: d=0.3208m in_range=False f_mag=0.000N tau_mag=0.0000Nm misalign_deg=90.0 pos=[ 0.10902432 -0.10904735  0.49140114] bottom_world=[ 0.10902456 -0.10904697  0.47140114] quat=[ 9.23000872e-01  1.10733645e-05 -1.89889579e-06 -3.84797812e-01] speed=0.0010 ang_speed=0.0029 ang_vel_vec=[-0.00182417  0.00214946 -0.00072524] |com_force|=0.0000N
### kotek_magnet[tick=3360] sensor3: d=0.5470m in_range=False f_mag=0.000N tau_mag=0.0000Nm misalign_deg=90.0 pos=[-0.10910752 -0.10914609  0.49140117] bottom_world=[-0.10910746 -0.10914597  0.47140117] quat=[-3.8058388e-01 -2.5242773e-06 -2.2360505e-06  9.2474645e-01] speed=0.0005 ang_speed=0.0024 ang_vel_vec=[-0.00068524  0.00216597 -0.0006863 ] |com_force|=0.0000N
### kotek_magnet[tick=3360] sensor4: d=0.5249m in_range=False f_mag=0.000N tau_mag=0.0000Nm misalign_deg=90.0 pos=[-0.10900021  0.10899848  0.4914024 ] bottom_world=[-0.1090001   0.10899879  0.47140239] quat=[ 3.8268304e-01  5.2065809e-07 -8.0099335e-06  9.2387974e-01] speed=0.0009 ang_speed=0.0019 ang_vel_vec=[-0.00042816 -0.00118445  0.00141281] |com_force|=0.0000N
### kotek_magnet[tick=3420] sensor1: d=0.4082m in_range=False f_mag=0.000N tau_mag=0.0000Nm misalign_deg=90.0 pos=[0.10880257 0.10900931 0.4914022 ] bottom_world=[0.10880279 0.10900922 0.47140221] quat=[ 9.2484188e-01 -4.0860768e-06 -4.3039554e-06  3.8035178e-01] speed=0.0009 ang_speed=0.0037 ang_vel_vec=[0.00366213 0.00015377 0.00079221] |com_force|=0.0000N
### kotek_magnet[tick=3420] sensor2: d=0.3208m in_range=False f_mag=0.000N tau_mag=0.0000Nm misalign_deg=90.0 pos=[ 0.10902464 -0.10904668  0.49140105] bottom_world=[ 0.10902462 -0.10904652  0.47140105] quat=[ 9.2300075e-01  3.6044266e-06  2.0629088e-06 -3.8479811e-01] speed=0.0004 ang_speed=0.0023 ang_vel_vec=[-0.00169054 -0.00133908 -0.00069924] |com_force|=0.0000N
### kotek_magnet[tick=3420] sensor3: d=0.5470m in_range=False f_mag=0.000N tau_mag=0.0000Nm misalign_deg=90.0 pos=[-0.10910647 -0.10914586  0.49140096] bottom_world=[-0.10910666 -0.10914565  0.47140096] quat=[-3.8058293e-01  2.4386254e-06 -6.5742843e-06  9.2474681e-01] speed=0.0009 ang_speed=0.0024 ang_vel_vec=[ 0.00190698 -0.00016506  0.00150664] |com_force|=0.0000N
### kotek_magnet[tick=3420] sensor4: d=0.5249m in_range=False f_mag=0.000N tau_mag=0.0000Nm misalign_deg=90.0 pos=[-0.10900021  0.1089985   0.4914023 ] bottom_world=[-0.10900009  0.10899882  0.4714023 ] quat=[ 3.8268301e-01  3.8980932e-07 -8.3840032e-06  9.2387968e-01] speed=0.0009 ang_speed=0.0016 ang_vel_vec=[-0.00060252 -0.00071804  0.00135735] |com_force|=0.0000N
### kotek_magnet[tick=3480] sensor1: d=0.4082m in_range=False f_mag=0.000N tau_mag=0.0000Nm misalign_deg=90.0 pos=[0.10880258 0.10900909 0.49140227] bottom_world=[0.10880278 0.10900911 0.47140227] quat=[ 9.2484194e-01 -1.5753932e-06 -4.6944019e-06  3.8035175e-01] speed=0.0010 ang_speed=0.0023 ang_vel_vec=[-0.00170899  0.00012286  0.00154843] |com_force|=0.0000N
### kotek_magnet[tick=3480] sensor2: d=0.3208m in_range=False f_mag=0.000N tau_mag=0.0000Nm misalign_deg=90.0 pos=[ 0.10902466 -0.10904644  0.49140096] bottom_world=[ 0.10902461 -0.10904636  0.47140096] quat=[ 9.2300075e-01  1.4564469e-06  1.9483932e-06 -3.8479832e-01] speed=0.0001 ang_speed=0.0022 ang_vel_vec=[ 0.00120875 -0.00180213 -0.00023374] |com_force|=0.0000N
### kotek_magnet[tick=3480] sensor3: d=0.5470m in_range=False f_mag=0.000N tau_mag=0.0000Nm misalign_deg=90.0 pos=[-0.10910751 -0.10914607  0.4914011 ] bottom_world=[-0.10910746 -0.10914594  0.47140111] quat=[-3.8058382e-01 -2.4054275e-06 -2.5204731e-06  9.2474645e-01] speed=0.0005 ang_speed=0.0023 ang_vel_vec=[-0.00108004  0.00194433 -0.00063172] |com_force|=0.0000N
### kotek_magnet[tick=3480] sensor4: d=0.5249m in_range=False f_mag=0.000N tau_mag=0.0000Nm misalign_deg=90.0 pos=[-0.1090004   0.10899873  0.49140227] bottom_world=[-0.10900025  0.10899902  0.47140227] quat=[ 3.8268259e-01 -6.9802218e-07 -8.2156521e-06  9.2387986e-01] speed=0.0006 ang_speed=0.0048 ang_vel_vec=[-0.00174738  0.00440338  0.00057079] |com_force|=0.0000N
### still playing, 1339s left
### kotek_magnet[tick=3540] sensor1: d=0.4082m in_range=False f_mag=0.000N tau_mag=0.0000Nm misalign_deg=90.0 pos=[0.10880259 0.10900932 0.4914024 ] bottom_world=[0.10880281 0.10900923 0.47140239] quat=[ 9.2484194e-01 -4.1154799e-06 -4.2660308e-06  3.8035184e-01] speed=0.0009 ang_speed=0.0036 ang_vel_vec=[3.6023778e-03 7.4884068e-05 4.9760891e-04] |com_force|=0.0000N
### kotek_magnet[tick=3540] sensor2: d=0.3208m in_range=False f_mag=0.000N tau_mag=0.0000Nm misalign_deg=90.0 pos=[ 0.10902451 -0.10904558  0.49140108] bottom_world=[ 0.10902439 -0.10904568  0.47140108] quat=[ 9.2300051e-01 -3.3601943e-06  1.7602736e-06 -3.8479888e-01] speed=0.0010 ang_speed=0.0017 ang_vel_vec=[0.00079693 0.00084896 0.00120248] |com_force|=0.0000N
### kotek_magnet[tick=3540] sensor3: d=0.5470m in_range=False f_mag=0.000N tau_mag=0.0000Nm misalign_deg=90.0 pos=[-0.10910815 -0.10914578  0.49140102] bottom_world=[-0.10910789 -0.10914589  0.47140102] quat=[-3.8058415e-01 -4.8749857e-06  5.1716470e-06  9.2474633e-01] speed=0.0010 ang_speed=0.0026 ang_vel_vec=[ 0.00192872  0.00147951 -0.00104151] |com_force|=0.0000N
### kotek_magnet[tick=3540] sensor4: d=0.5249m in_range=False f_mag=0.000N tau_mag=0.0000Nm misalign_deg=90.0 pos=[-0.10900036  0.10899953  0.49140224] bottom_world=[-0.10900034  0.10899959  0.47140224] quat=[ 3.8268211e-01  7.2493599e-08 -1.6920810e-06  9.2388004e-01] speed=0.0005 ang_speed=0.0029 ang_vel_vec=[ 0.00212439  0.00173093 -0.00102051] |com_force|=0.0000N
### kotek_magnet[tick=3600] sensor1: d=0.4082m in_range=False f_mag=0.000N tau_mag=0.0000Nm misalign_deg=90.0 pos=[0.10880338 0.10900927 0.49140218] bottom_world=[0.1088034  0.10900935 0.47140218] quat=[ 9.2484176e-01  1.4778930e-06 -1.2316838e-06  3.8035235e-01] speed=0.0002 ang_speed=0.0022 ang_vel_vec=[ 0.00195771  0.00103922 -0.00030913] |com_force|=0.0000N
### kotek_magnet[tick=3600] sensor2: d=0.3208m in_range=False f_mag=0.000N tau_mag=0.0000Nm misalign_deg=90.0 pos=[ 0.10902442 -0.10904672  0.49140096] bottom_world=[ 0.10902452 -0.10904652  0.47140096] quat=[ 9.230007e-01  5.634088e-06 -4.335975e-07 -3.847983e-01] speed=0.0004 ang_speed=0.0025 ang_vel_vec=[-0.0019917   0.00153129 -0.00021132] |com_force|=0.0000N
### kotek_magnet[tick=3600] sensor3: d=0.5470m in_range=False f_mag=0.000N tau_mag=0.0000Nm misalign_deg=90.0 pos=[-0.10910751 -0.10914607  0.49140108] bottom_world=[-0.10910745 -0.10914595  0.47140108] quat=[-3.8058394e-01 -2.6157124e-06 -2.3770376e-06  9.2474639e-01] speed=0.0005 ang_speed=0.0022 ang_vel_vec=[-0.00095536  0.00188219 -0.00068272] |com_force|=0.0000N
### kotek_magnet[tick=3600] sensor4: d=0.5249m in_range=False f_mag=0.000N tau_mag=0.0000Nm misalign_deg=90.0 pos=[-0.10900006  0.1090002   0.4914023 ] bottom_world=[-0.10900028  0.10900006  0.4714023 ] quat=[3.8268197e-01 3.8044172e-06 5.2717046e-06 9.2388010e-01] speed=0.0010 ang_speed=0.0029 ang_vel_vec=[ 0.00201249 -0.00193856 -0.00074442] |com_force|=0.0000N
### kotek_magnet[tick=3660] sensor1: d=0.4082m in_range=False f_mag=0.000N tau_mag=0.0000Nm misalign_deg=90.0 pos=[0.10880256 0.10900904 0.49140245] bottom_world=[0.10880276 0.10900906 0.47140245] quat=[ 9.2484194e-01 -1.4702506e-06 -4.7656267e-06  3.8035172e-01] speed=0.0010 ang_speed=0.0024 ang_vel_vec=[-1.9066664e-03  7.3561961e-05  1.4612712e-03] |com_force|=0.0000N
### kotek_magnet[tick=3660] sensor2: d=0.3208m in_range=False f_mag=0.000N tau_mag=0.0000Nm misalign_deg=90.0 pos=[ 0.10902447 -0.10904567  0.4914012 ] bottom_world=[ 0.10902436 -0.10904575  0.4714012 ] quat=[ 9.2300045e-01 -2.9190708e-06  1.5487894e-06 -3.8479897e-01] speed=0.0010 ang_speed=0.0023 ang_vel_vec=[0.00038545 0.00166957 0.00145983] |com_force|=0.0000N
### kotek_magnet[tick=3660] sensor3: d=0.5470m in_range=False f_mag=0.000N tau_mag=0.0000Nm misalign_deg=90.0 pos=[-0.10910701 -0.10914564  0.49140108] bottom_world=[-0.10910701 -0.10914562  0.47140108] quat=[-3.8058311e-01 -1.5489076e-07 -4.2283531e-07  9.2474681e-01] speed=0.0006 ang_speed=0.0095 ang_vel_vec=[0.00819544 0.00453641 0.00139671] |com_force|=0.0000N
### kotek_magnet[tick=3660] sensor4: d=0.5249m in_range=False f_mag=0.000N tau_mag=0.0000Nm misalign_deg=90.0 pos=[-0.10900008  0.10900013  0.4914024 ] bottom_world=[-0.1090003   0.10899999  0.47140239] quat=[3.8268211e-01 3.7650132e-06 5.2784003e-06 9.2388010e-01] speed=0.0010 ang_speed=0.0024 ang_vel_vec=[ 0.00155759 -0.00163904 -0.00073572] |com_force|=0.0000N
### kotek_magnet[tick=3720] sensor1: d=0.4082m in_range=False f_mag=0.000N tau_mag=0.0000Nm misalign_deg=90.0 pos=[0.10880258 0.10900933 0.4914023 ] bottom_world=[0.10880279 0.10900925 0.4714023 ] quat=[ 9.2484188e-01 -3.9340771e-06 -4.1798676e-06  3.8035181e-01] speed=0.0009 ang_speed=0.0034 ang_vel_vec=[ 3.3192425e-03 -5.7043620e-05  7.6726690e-04] |com_force|=0.0000N
### kotek_magnet[tick=3720] sensor2: d=0.3208m in_range=False f_mag=0.000N tau_mag=0.0000Nm misalign_deg=90.0 pos=[ 0.10902464 -0.1090467   0.49140117] bottom_world=[ 0.10902463 -0.10904653  0.47140117] quat=[ 9.2300087e-01  3.9128540e-06  1.7885196e-06 -3.8479811e-01] speed=0.0004 ang_speed=0.0023 ang_vel_vec=[-0.00221989 -0.00023558 -0.00070221] |com_force|=0.0000N
### kotek_magnet[tick=3720] sensor3: d=0.5470m in_range=False f_mag=0.000N tau_mag=0.0000Nm misalign_deg=90.0 pos=[-0.10910819 -0.10914576  0.49140114] bottom_world=[-0.10910792 -0.1091459   0.47140114] quat=[-3.8058409e-01 -5.1538041e-06  5.8032724e-06  9.2474633e-01] speed=0.0010 ang_speed=0.0030 ang_vel_vec=[ 0.00224872  0.00182627 -0.00078526] |com_force|=0.0000N
### kotek_magnet[tick=3720] sensor4: d=0.5249m in_range=False f_mag=0.000N tau_mag=0.0000Nm misalign_deg=90.0 pos=[-0.10900014  0.1089996   0.49140224] bottom_world=[-0.10900024  0.10899963  0.47140224] quat=[3.8268241e-01 2.4703063e-06 3.5385074e-07 9.2387998e-01] speed=0.0004 ang_speed=0.0032 ang_vel_vec=[ 0.00275161 -0.00159617 -0.00021853] |com_force|=0.0000N
### kotek_magnet[tick=3780] sensor1: d=0.4082m in_range=False f_mag=0.000N tau_mag=0.0000Nm misalign_deg=90.0 pos=[0.10880256 0.10900933 0.49140233] bottom_world=[0.10880277 0.10900926 0.47140233] quat=[ 9.2484194e-01 -3.5745677e-06 -4.2375441e-06  3.8035181e-01] speed=0.0009 ang_speed=0.0030 ang_vel_vec=[ 2.879746e-03 -8.743957e-05  7.350357e-04] |com_force|=0.0000N
### kotek_magnet[tick=3780] sensor2: d=0.3208m in_range=False f_mag=0.000N tau_mag=0.0000Nm misalign_deg=90.0 pos=[ 0.10902464 -0.10904671  0.4914011 ] bottom_world=[ 0.10902463 -0.10904653  0.47140111] quat=[ 9.2300075e-01  4.1180456e-06  1.8639267e-06 -3.8479820e-01] speed=0.0004 ang_speed=0.0024 ang_vel_vec=[-0.00216453 -0.00061998 -0.00074208] |com_force|=0.0000N
### kotek_magnet[tick=3780] sensor3: d=0.5470m in_range=False f_mag=0.000N tau_mag=0.0000Nm misalign_deg=90.0 pos=[-0.1091075  -0.1091461   0.49140108] bottom_world=[-0.10910744 -0.10914597  0.47140108] quat=[-3.8058391e-01 -2.6290977e-06 -2.2429076e-06  9.2474639e-01] speed=0.0005 ang_speed=0.0024 ang_vel_vec=[-0.00056243  0.00216982 -0.00073885] |com_force|=0.0000N
### kotek_magnet[tick=3780] sensor4: d=0.5249m in_range=False f_mag=0.000N tau_mag=0.0000Nm misalign_deg=90.0 pos=[-0.10900036  0.10899954  0.4914024 ] bottom_world=[-0.10900036  0.1089996   0.47140239] quat=[ 3.8268232e-01  5.3367921e-07 -1.2454334e-06  9.2387998e-01] speed=0.0005 ang_speed=0.0027 ang_vel_vec=[ 0.00261759 -0.00012795 -0.00077975] |com_force|=0.0000N
### kotek_magnet[tick=3840] sensor1: d=0.4082m in_range=False f_mag=0.000N tau_mag=0.0000Nm misalign_deg=90.0 pos=[0.10880337 0.10900926 0.49140227] bottom_world=[0.10880339 0.10900932 0.47140227] quat=[ 9.2484176e-01  1.2729984e-06 -1.0628113e-06  3.8035232e-01] speed=0.0001 ang_speed=0.0011 ang_vel_vec=[ 0.0010103  -0.00028519 -0.00045346] |com_force|=0.0000N
### kotek_magnet[tick=3840] sensor2: d=0.3208m in_range=False f_mag=0.000N tau_mag=0.0000Nm misalign_deg=90.0 pos=[ 0.10902464 -0.10904589  0.49140114] bottom_world=[ 0.10902451 -0.10904595  0.47140114] quat=[ 9.2300063e-01 -2.8258696e-06  2.5623667e-06 -3.8479850e-01] speed=0.0007 ang_speed=0.0046 ang_vel_vec=[ 0.00200175 -0.0041429   0.00035995] |com_force|=0.0000N
### kotek_magnet[tick=3840] sensor3: d=0.5470m in_range=False f_mag=0.000N tau_mag=0.0000Nm misalign_deg=90.0 pos=[-0.10910647 -0.10914587  0.49140114] bottom_world=[-0.10910666 -0.10914568  0.47140114] quat=[-3.8058305e-01  2.4481965e-06 -6.1879705e-06  9.2474687e-01] speed=0.0009 ang_speed=0.0035 ang_vel_vec=[0.00318514 0.00053431 0.00132954] |com_force|=0.0000N
### kotek_magnet[tick=3840] sensor4: d=0.5249m in_range=False f_mag=0.000N tau_mag=0.0000Nm misalign_deg=90.0 pos=[-0.10900037  0.10899951  0.4914023 ] bottom_world=[-0.10900035  0.10899957  0.4714023 ] quat=[ 3.8268217e-01  5.5503023e-08 -1.5138087e-06  9.2388016e-01] speed=0.0005 ang_speed=0.0026 ang_vel_vec=[ 0.00194764  0.00145044 -0.00091563] |com_force|=0.0000N
### kotek_magnet[tick=3900] sensor1: d=0.4082m in_range=False f_mag=0.000N tau_mag=0.0000Nm misalign_deg=90.0 pos=[0.10880282 0.10900926 0.49140242] bottom_world=[0.10880299 0.10900924 0.47140242] quat=[ 9.248418e-01 -2.120270e-06 -3.726907e-06  3.803521e-01] speed=0.0007 ang_speed=0.0041 ang_vel_vec=[0.0037757  0.00162282 0.00023913] |com_force|=0.0000N
### kotek_magnet[tick=3900] sensor2: d=0.3208m in_range=False f_mag=0.000N tau_mag=0.0000Nm misalign_deg=90.0 pos=[ 0.10902449 -0.10904564  0.4914012 ] bottom_world=[ 0.10902439 -0.10904572  0.4714012 ] quat=[ 9.2300045e-01 -2.8424820e-06  1.4166521e-06 -3.8479888e-01] speed=0.0010 ang_speed=0.0024 ang_vel_vec=[1.9310733e-05 2.1684540e-03 1.1074389e-03] |com_force|=0.0000N
### kotek_magnet[tick=3900] sensor3: d=0.5470m in_range=False f_mag=0.000N tau_mag=0.0000Nm misalign_deg=90.0 pos=[-0.10910816 -0.10914579  0.4914012 ] bottom_world=[-0.10910789 -0.10914591  0.4714012 ] quat=[-3.8058397e-01 -4.9595251e-06  5.2618652e-06  9.2474639e-01] speed=0.0010 ang_speed=0.0028 ang_vel_vec=[ 0.00196551  0.00171809 -0.00112159] |com_force|=0.0000N
### kotek_magnet[tick=3900] sensor4: d=0.5249m in_range=False f_mag=0.000N tau_mag=0.0000Nm misalign_deg=90.0 pos=[-0.1090001   0.10900015  0.49140236] bottom_world=[-0.10900032  0.10900001  0.47140236] quat=[3.8268206e-01 3.6760252e-06 5.4171182e-06 9.2388022e-01] speed=0.0010 ang_speed=0.0026 ang_vel_vec=[ 0.00166317 -0.00173602 -0.00111044] |com_force|=0.0000N
### kotek_magnet[tick=3960] sensor1: d=0.4082m in_range=False f_mag=0.000N tau_mag=0.0000Nm misalign_deg=90.0 pos=[0.10880257 0.10900936 0.4914023 ] bottom_world=[0.10880279 0.10900927 0.4714023 ] quat=[ 9.2484188e-01 -3.9357706e-06 -4.1943986e-06  3.8035199e-01] speed=0.0009 ang_speed=0.0034 ang_vel_vec=[ 0.00329316 -0.00010084  0.0006891 ] |com_force|=0.0000N
### kotek_magnet[tick=3960] sensor2: d=0.3208m in_range=False f_mag=0.000N tau_mag=0.0000Nm misalign_deg=90.0 pos=[ 0.10902436 -0.10904735  0.49140114] bottom_world=[ 0.1090246  -0.10904697  0.47140114] quat=[ 9.23000932e-01  1.08872355e-05 -1.80794405e-06 -3.84797812e-01] speed=0.0010 ang_speed=0.0028 ang_vel_vec=[-0.00160364  0.00211232 -0.0008738 ] |com_force|=0.0000N
### kotek_magnet[tick=3960] sensor3: d=0.5470m in_range=False f_mag=0.000N tau_mag=0.0000Nm misalign_deg=90.0 pos=[-0.10910669 -0.10914607  0.49140108] bottom_world=[-0.10910686 -0.10914582  0.47140108] quat=[-3.8058338e-01  1.5266949e-06 -7.2418907e-06  9.2474663e-01] speed=0.0006 ang_speed=0.0036 ang_vel_vec=[-0.0032451  -0.00150261  0.00045712] |com_force|=0.0000N
### kotek_magnet[tick=3960] sensor4: d=0.5249m in_range=False f_mag=0.000N tau_mag=0.0000Nm misalign_deg=90.0 pos=[-0.1090001   0.10900018  0.49140233] bottom_world=[-0.10900033  0.10900003  0.47140233] quat=[3.8268197e-01 3.7564657e-06 5.6601439e-06 9.2388022e-01] speed=0.0010 ang_speed=0.0028 ang_vel_vec=[ 0.00196527 -0.001778   -0.00085067] |com_force|=0.0000N
### kotek_magnet[tick=4020] sensor1: d=0.4082m in_range=False f_mag=0.000N tau_mag=0.0000Nm misalign_deg=90.0 pos=[0.1088043  0.10900898 0.49140242] bottom_world=[0.10880403 0.10900933 0.47140242] quat=[9.24841523e-01 1.06456655e-05 2.84936573e-06 3.80352706e-01] speed=0.0010 ang_speed=0.0028 ang_vel_vec=[-0.00187212 -0.00184492 -0.0008355 ] |com_force|=0.0000N
### kotek_magnet[tick=4020] sensor2: d=0.3208m in_range=False f_mag=0.000N tau_mag=0.0000Nm misalign_deg=90.0 pos=[ 0.10902432 -0.10904733  0.49140108] bottom_world=[ 0.10902455 -0.10904695  0.47140108] quat=[ 9.2300087e-01  1.1009045e-05 -1.6469817e-06 -3.8479802e-01] speed=0.0010 ang_speed=0.0025 ang_vel_vec=[-0.00150483  0.00180699 -0.00079191] |com_force|=0.0000N
### kotek_magnet[tick=4020] sensor3: d=0.5470m in_range=False f_mag=0.000N tau_mag=0.0000Nm misalign_deg=90.0 pos=[-0.10910644 -0.10914589  0.49140114] bottom_world=[-0.10910663 -0.10914568  0.47140114] quat=[-3.8058302e-01  2.3718605e-06 -6.4502774e-06  9.2474681e-01] speed=0.0010 ang_speed=0.0027 ang_vel_vec=[2.2731833e-03 6.6466360e-05 1.5106146e-03] |com_force|=0.0000N
### kotek_magnet[tick=4020] sensor4: d=0.5249m in_range=False f_mag=0.000N tau_mag=0.0000Nm misalign_deg=90.0 pos=[-0.10900006  0.10900016  0.49140233] bottom_world=[-0.10900029  0.10900002  0.47140233] quat=[3.8268220e-01 3.8717112e-06 5.4262914e-06 9.2388016e-01] speed=0.0010 ang_speed=0.0028 ang_vel_vec=[ 0.00195571 -0.00186269 -0.00073177] |com_force|=0.0000N
### kotek_magnet[tick=4080] sensor1: d=0.4082m in_range=False f_mag=0.000N tau_mag=0.0000Nm misalign_deg=90.0 pos=[0.1088043  0.10900895 0.4914023 ] bottom_world=[0.10880404 0.1090093  0.4714023 ] quat=[9.2484158e-01 1.0428250e-05 2.8357040e-06 3.8035268e-01] speed=0.0010 ang_speed=0.0025 ang_vel_vec=[-0.00174967 -0.00162181 -0.00081096] |com_force|=0.0000N
### kotek_magnet[tick=4080] sensor2: d=0.3208m in_range=False f_mag=0.000N tau_mag=0.0000Nm misalign_deg=90.0 pos=[ 0.10902432 -0.10904738  0.49140114] bottom_world=[ 0.10902456 -0.10904699  0.47140114] quat=[ 9.2300087e-01  1.1315653e-05 -1.8695830e-06 -3.8479787e-01] speed=0.0010 ang_speed=0.0030 ang_vel_vec=[-0.00195369  0.00218238 -0.00078604] |com_force|=0.0000N
### kotek_magnet[tick=4080] sensor3: d=0.5470m in_range=False f_mag=0.000N tau_mag=0.0000Nm misalign_deg=90.0 pos=[-0.10910822 -0.10914574  0.49140117] bottom_world=[-0.10910795 -0.10914587  0.47140117] quat=[-3.8058403e-01 -5.1185511e-06  5.6044682e-06  9.2474639e-01] speed=0.0010 ang_speed=0.0028 ang_vel_vec=[ 0.00205227  0.00180482 -0.00078974] |com_force|=0.0000N
### kotek_magnet[tick=4080] sensor4: d=0.5249m in_range=False f_mag=0.000N tau_mag=0.0000Nm misalign_deg=90.0 pos=[-0.10900007  0.10900015  0.49140233] bottom_world=[-0.10900029  0.10900001  0.47140233] quat=[3.8268217e-01 3.7406508e-06 5.4838160e-06 9.2388016e-01] speed=0.0010 ang_speed=0.0024 ang_vel_vec=[ 0.00164659 -0.00160541 -0.00072079] |com_force|=0.0000N
### kotek_magnet[tick=4140] sensor1: d=0.4082m in_range=False f_mag=0.000N tau_mag=0.0000Nm misalign_deg=90.0 pos=[0.10880256 0.10900906 0.49140236] bottom_world=[0.10880276 0.10900907 0.47140236] quat=[ 9.2484194e-01 -1.5449737e-06 -4.7005601e-06  3.8035169e-01] speed=0.0010 ang_speed=0.0023 ang_vel_vec=[-1.8725946e-03  7.4670228e-05  1.3266674e-03] |com_force|=0.0000N
### kotek_magnet[tick=4140] sensor2: d=0.3208m in_range=False f_mag=0.000N tau_mag=0.0000Nm misalign_deg=90.0 pos=[ 0.10902466 -0.10904592  0.4914011 ] bottom_world=[ 0.10902452 -0.10904598  0.47140111] quat=[ 9.2300057e-01 -2.8960508e-06  2.6289179e-06 -3.8479850e-01] speed=0.0006 ang_speed=0.0046 ang_vel_vec=[ 0.00199907 -0.00412801  0.0004126 ] |com_force|=0.0000N
### kotek_magnet[tick=4140] sensor3: d=0.5470m in_range=False f_mag=0.000N tau_mag=0.0000Nm misalign_deg=90.0 pos=[-0.10910671 -0.10914608  0.49140108] bottom_world=[-0.10910689 -0.10914583  0.47140108] quat=[-3.8058338e-01  1.5973848e-06 -7.5037037e-06  9.2474663e-01] speed=0.0006 ang_speed=0.0041 ang_vel_vec=[-0.00371187 -0.0016315   0.00042801] |com_force|=0.0000N
### kotek_magnet[tick=4140] sensor4: d=0.5249m in_range=False f_mag=0.000N tau_mag=0.0000Nm misalign_deg=90.0 pos=[-0.10900035  0.10899954  0.49140242] bottom_world=[-0.10900033  0.1089996   0.47140242] quat=[ 3.8268217e-01  1.2686975e-07 -1.5842918e-06  9.2388004e-01] speed=0.0005 ang_speed=0.0026 ang_vel_vec=[ 0.00196235  0.0014622  -0.00085934] |com_force|=0.0000N
### kotek_magnet[tick=4200] sensor1: d=0.4082m in_range=False f_mag=0.000N tau_mag=0.0000Nm misalign_deg=90.0 pos=[0.10880331 0.10900911 0.49140227] bottom_world=[0.10880332 0.10900925 0.47140227] quat=[ 9.2484170e-01  3.1298355e-06 -1.6467014e-06  3.8035217e-01] speed=0.0002 ang_speed=0.0011 ang_vel_vec=[-0.00107565  0.00023181  0.00015123] |com_force|=0.0000N
### kotek_magnet[tick=4200] sensor2: d=0.3208m in_range=False f_mag=0.000N tau_mag=0.0000Nm misalign_deg=90.0 pos=[ 0.10902462 -0.10904668  0.49140108] bottom_world=[ 0.10902461 -0.10904651  0.47140108] quat=[ 9.2300075e-01  3.8725898e-06  1.8569688e-06 -3.8479808e-01] speed=0.0004 ang_speed=0.0024 ang_vel_vec=[-0.00213237 -0.00078162 -0.00078145] |com_force|=0.0000N
### kotek_magnet[tick=4200] sensor3: d=0.5470m in_range=False f_mag=0.000N tau_mag=0.0000Nm misalign_deg=90.0 pos=[-0.10910817 -0.10914578  0.49140117] bottom_world=[-0.10910791 -0.1091459   0.47140117] quat=[-3.8058409e-01 -4.9240462e-06  5.2330324e-06  9.2474639e-01] speed=0.0010 ang_speed=0.0027 ang_vel_vec=[ 0.00193348  0.00160881 -0.00083998] |com_force|=0.0000N
### kotek_magnet[tick=4200] sensor4: d=0.5249m in_range=False f_mag=0.000N tau_mag=0.0000Nm misalign_deg=90.0 pos=[-0.10900004  0.10900018  0.4914023 ] bottom_world=[-0.10900027  0.10900004  0.4714023 ] quat=[3.8268220e-01 3.7800614e-06 5.5431756e-06 9.2388016e-01] speed=0.0010 ang_speed=0.0026 ang_vel_vec=[ 0.00171806 -0.00171037 -0.00083002] |com_force|=0.0000N
### kotek_magnet[tick=4260] sensor1: d=0.4082m in_range=False f_mag=0.000N tau_mag=0.0000Nm misalign_deg=90.0 pos=[0.10880281 0.10900927 0.49140233] bottom_world=[0.10880299 0.10900925 0.47140233] quat=[ 9.2484182e-01 -2.2418085e-06 -3.8583084e-06  3.8035196e-01] speed=0.0006 ang_speed=0.0044 ang_vel_vec=[0.00399773 0.001777   0.00055317] |com_force|=0.0000N
### kotek_magnet[tick=4260] sensor2: d=0.3208m in_range=False f_mag=0.000N tau_mag=0.0000Nm misalign_deg=90.0 pos=[ 0.10902444 -0.10904638  0.4914011 ] bottom_world=[ 0.1090245  -0.10904624  0.47140111] quat=[ 9.2300069e-01  3.8798257e-06  3.0488479e-08 -3.8479841e-01] speed=0.0002 ang_speed=0.0029 ang_vel_vec=[-0.00145564  0.00250141  0.00021302] |com_force|=0.0000N
### kotek_magnet[tick=4260] sensor3: d=0.5470m in_range=False f_mag=0.000N tau_mag=0.0000Nm misalign_deg=90.0 pos=[-0.10910701 -0.10914563  0.49140105] bottom_world=[-0.10910701 -0.10914561  0.47140105] quat=[-3.8058317e-01 -1.7541255e-07 -3.6137288e-07  9.2474669e-01] speed=0.0006 ang_speed=0.0095 ang_vel_vec=[0.00820001 0.00458061 0.00132923] |com_force|=0.0000N
### kotek_magnet[tick=4260] sensor4: d=0.5249m in_range=False f_mag=0.000N tau_mag=0.0000Nm misalign_deg=90.0 pos=[-0.10900007  0.1090002   0.49140233] bottom_world=[-0.1090003   0.10900006  0.47140233] quat=[3.8268214e-01 3.8362214e-06 5.4228190e-06 9.2388016e-01] speed=0.0010 ang_speed=0.0027 ang_vel_vec=[ 0.00180818 -0.00189147 -0.00079011] |com_force|=0.0000N
### kotek_magnet[tick=4320] sensor1: d=0.4082m in_range=False f_mag=0.000N tau_mag=0.0000Nm misalign_deg=90.0 pos=[0.10880284 0.10900924 0.49140245] bottom_world=[0.10880301 0.10900922 0.47140245] quat=[ 9.2484182e-01 -2.2101281e-06 -3.8027833e-06  3.8035205e-01] speed=0.0006 ang_speed=0.0041 ang_vel_vec=[0.00374602 0.00165294 0.00039914] |com_force|=0.0000N
### kotek_magnet[tick=4320] sensor2: d=0.3208m in_range=False f_mag=0.000N tau_mag=0.0000Nm misalign_deg=90.0 pos=[ 0.10902466 -0.10904672  0.4914011 ] bottom_world=[ 0.10902464 -0.10904656  0.47140111] quat=[ 9.2300081e-01  3.5988091e-06  1.9598226e-06 -3.8479808e-01] speed=0.0004 ang_speed=0.0026 ang_vel_vec=[-0.0022343  -0.00086483 -0.00089626] |com_force|=0.0000N
### kotek_magnet[tick=4320] sensor3: d=0.5470m in_range=False f_mag=0.000N tau_mag=0.0000Nm misalign_deg=90.0 pos=[-0.10910729 -0.10914582  0.49140114] bottom_world=[-0.10910726 -0.10914579  0.47140114] quat=[-3.8058335e-01 -8.2129219e-07 -6.0878165e-07  9.2474669e-01] speed=0.0003 ang_speed=0.0058 ang_vel_vec=[0.00515764 0.00267399 0.00022167] |com_force|=0.0000N
### kotek_magnet[tick=4320] sensor4: d=0.5249m in_range=False f_mag=0.000N tau_mag=0.0000Nm misalign_deg=90.0 pos=[-0.1090001   0.10900017  0.4914023 ] bottom_world=[-0.10900032  0.10900003  0.4714023 ] quat=[3.8268203e-01 3.7117486e-06 5.3951030e-06 9.2388016e-01] speed=0.0010 ang_speed=0.0025 ang_vel_vec=[ 0.00156209 -0.00165347 -0.00094633] |com_force|=0.0000N
### kotek_magnet[tick=4380] sensor1: d=0.4082m in_range=False f_mag=0.000N tau_mag=0.0000Nm misalign_deg=90.0 pos=[0.10880256 0.10900933 0.49140242] bottom_world=[0.10880278 0.10900924 0.47140242] quat=[ 9.2484194e-01 -3.9832744e-06 -4.3125065e-06  3.8035193e-01] speed=0.0009 ang_speed=0.0037 ang_vel_vec=[0.00352957 0.00018156 0.00094164] |com_force|=0.0000N
### kotek_magnet[tick=4380] sensor2: d=0.3208m in_range=False f_mag=0.000N tau_mag=0.0000Nm misalign_deg=90.0 pos=[ 0.10902464 -0.10904668  0.4914011 ] bottom_world=[ 0.10902462 -0.10904652  0.47140111] quat=[ 9.2300081e-01  3.6329743e-06  2.0668349e-06 -3.8479805e-01] speed=0.0004 ang_speed=0.0024 ang_vel_vec=[-0.00169255 -0.00153517 -0.00055512] |com_force|=0.0000N
### kotek_magnet[tick=4380] sensor3: d=0.5470m in_range=False f_mag=0.000N tau_mag=0.0000Nm misalign_deg=90.0 pos=[-0.10910641 -0.10914611  0.49140108] bottom_world=[-0.10910663 -0.1091458   0.47140108] quat=[-3.8058320e-01  1.9677000e-06 -9.1206593e-06  9.2474675e-01] speed=0.0008 ang_speed=0.0026 ang_vel_vec=[-0.00237615  0.0006028   0.00091778] |com_force|=0.0000N
### kotek_magnet[tick=4380] sensor4: d=0.5249m in_range=False f_mag=0.000N tau_mag=0.0000Nm misalign_deg=90.0 pos=[-0.10900007  0.10900019  0.49140227] bottom_world=[-0.10900029  0.10900005  0.47140227] quat=[3.8268211e-01 3.7848254e-06 5.4194711e-06 9.2388016e-01] speed=0.0010 ang_speed=0.0025 ang_vel_vec=[ 0.00172414 -0.00169587 -0.00061573] |com_force|=0.0000N
### kotek_magnet[tick=4440] sensor1: d=0.4082m in_range=False f_mag=0.000N tau_mag=0.0000Nm misalign_deg=90.0 pos=[0.1088029  0.10900892 0.49140233] bottom_world=[0.10880295 0.10900912 0.47140233] quat=[ 9.2484188e-01  4.1371522e-06 -2.9723265e-06  3.8035199e-01] speed=0.0007 ang_speed=0.0057 ang_vel_vec=[-0.00493206 -0.00277276  0.00098407] |com_force|=0.0000N
### kotek_magnet[tick=4440] sensor2: d=0.3208m in_range=False f_mag=0.000N tau_mag=0.0000Nm misalign_deg=90.0 pos=[ 0.10902446 -0.10904565  0.49140114] bottom_world=[ 0.10902436 -0.10904574  0.47140114] quat=[ 9.2300045e-01 -2.9077823e-06  1.4762263e-06 -3.8479897e-01] speed=0.0010 ang_speed=0.0024 ang_vel_vec=[0.00020993 0.00186454 0.00142272] |com_force|=0.0000N
### kotek_magnet[tick=4440] sensor3: d=0.5470m in_range=False f_mag=0.000N tau_mag=0.0000Nm misalign_deg=90.0 pos=[-0.10910646 -0.1091459   0.49140114] bottom_world=[-0.10910664 -0.10914571  0.47140114] quat=[-3.8058296e-01  2.3869022e-06 -6.3060475e-06  9.2474687e-01] speed=0.0009 ang_speed=0.0028 ang_vel_vec=[0.00236959 0.00018771 0.0014901 ] |com_force|=0.0000N
### kotek_magnet[tick=4440] sensor4: d=0.5249m in_range=False f_mag=0.000N tau_mag=0.0000Nm misalign_deg=90.0 pos=[-0.10900022  0.10899847  0.4914024 ] bottom_world=[-0.10900011  0.10899878  0.47140239] quat=[ 3.8268310e-01  5.2597517e-07 -8.1883290e-06  9.2387980e-01] speed=0.0009 ang_speed=0.0019 ang_vel_vec=[-0.00049835 -0.00125239  0.00132676] |com_force|=0.0000N
### kotek_magnet[tick=4500] sensor1: d=0.4082m in_range=False f_mag=0.000N tau_mag=0.0000Nm misalign_deg=90.0 pos=[0.10880259 0.10900908 0.4914023 ] bottom_world=[0.10880279 0.10900908 0.4714023 ] quat=[ 9.2484200e-01 -1.8366471e-06 -4.6663472e-06  3.8035166e-01] speed=0.0010 ang_speed=0.0016 ang_vel_vec=[-0.00072462  0.00042993  0.00138345] |com_force|=0.0000N
### kotek_magnet[tick=4500] sensor2: d=0.3208m in_range=False f_mag=0.000N tau_mag=0.0000Nm misalign_deg=90.0 pos=[ 0.10902428 -0.10904726  0.4914012 ] bottom_world=[ 0.10902453 -0.1090469   0.4714012 ] quat=[ 9.2300075e-01  1.0765409e-05 -2.3467437e-06 -3.8479811e-01] speed=0.0009 ang_speed=0.0044 ang_vel_vec=[-0.0028936   0.00325031 -0.00054974] |com_force|=0.0000N
### kotek_magnet[tick=4500] sensor3: d=0.5470m in_range=False f_mag=0.000N tau_mag=0.0000Nm misalign_deg=90.0 pos=[-0.10910701 -0.10914565  0.4914011 ] bottom_world=[-0.10910702 -0.10914563  0.47140111] quat=[-3.8058317e-01  3.5427725e-08 -4.2232747e-07  9.2474669e-01] speed=0.0006 ang_speed=0.0096 ang_vel_vec=[0.00843129 0.00441618 0.00126157] |com_force|=0.0000N
### kotek_magnet[tick=4500] sensor4: d=0.5249m in_range=False f_mag=0.000N tau_mag=0.0000Nm misalign_deg=90.0 pos=[-0.10900007  0.10900016  0.49140245] bottom_world=[-0.10900028  0.10900002  0.47140245] quat=[3.8268217e-01 3.3854751e-06 5.2678679e-06 9.2388010e-01] speed=0.0010 ang_speed=0.0023 ang_vel_vec=[ 0.00175477 -0.00125394 -0.00081631] |com_force|=0.0000N
### kotek_magnet[tick=4560] sensor1: d=0.4082m in_range=False f_mag=0.000N tau_mag=0.0000Nm misalign_deg=90.0 pos=[0.10880382 0.10900922 0.4914023 ] bottom_world=[0.10880372 0.10900935 0.4714023 ] quat=[9.2484164e-01 3.9843076e-06 9.1871402e-07 3.8035259e-01] speed=0.0006 ang_speed=0.0028 ang_vel_vec=[-0.00044319 -0.00263774 -0.00089143] |com_force|=0.0000N
### kotek_magnet[tick=4560] sensor2: d=0.3208m in_range=False f_mag=0.000N tau_mag=0.0000Nm misalign_deg=90.0 pos=[ 0.10902465 -0.10904671  0.4914012 ] bottom_world=[ 0.10902464 -0.10904654  0.4714012 ] quat=[ 9.2300081e-01  3.9167567e-06  2.0346795e-06 -3.8479814e-01] speed=0.0004 ang_speed=0.0024 ang_vel_vec=[-0.00186941 -0.00138501 -0.00072076] |com_force|=0.0000N
### kotek_magnet[tick=4560] sensor3: d=0.5470m in_range=False f_mag=0.000N tau_mag=0.0000Nm misalign_deg=90.0 pos=[-0.10910671 -0.10914609  0.49140123] bottom_world=[-0.10910688 -0.10914584  0.47140123] quat=[-3.8058335e-01  1.4941777e-06 -7.3976707e-06  9.2474663e-01] speed=0.0006 ang_speed=0.0040 ang_vel_vec=[-0.00362051 -0.00151478  0.0005451 ] |com_force|=0.0000N
### kotek_magnet[tick=4560] sensor4: d=0.5249m in_range=False f_mag=0.000N tau_mag=0.0000Nm misalign_deg=90.0 pos=[-0.10900006  0.10900015  0.49140242] bottom_world=[-0.10900029  0.10900001  0.47140242] quat=[3.8268211e-01 3.9127854e-06 5.5433652e-06 9.2388016e-01] speed=0.0010 ang_speed=0.0027 ang_vel_vec=[ 0.00185767 -0.00181082 -0.0007562 ] |com_force|=0.0000N
### kotek_magnet[tick=4620] sensor1: d=0.4082m in_range=False f_mag=0.000N tau_mag=0.0000Nm misalign_deg=90.0 pos=[0.10880379 0.10900924 0.49140236] bottom_world=[0.1088037  0.10900936 0.47140236] quat=[9.2484158e-01 3.5721152e-06 1.1456184e-06 3.8035259e-01] speed=0.0006 ang_speed=0.0026 ang_vel_vec=[ 0.00140467 -0.00198876 -0.00086997] |com_force|=0.0000N
### kotek_magnet[tick=4620] sensor2: d=0.3208m in_range=False f_mag=0.000N tau_mag=0.0000Nm misalign_deg=90.0 pos=[ 0.10902462 -0.10904671  0.49140114] bottom_world=[ 0.10902462 -0.10904654  0.47140114] quat=[ 9.2300087e-01  3.7122059e-06  1.6611156e-06 -3.8479808e-01] speed=0.0004 ang_speed=0.0025 ang_vel_vec=[-0.00242717  0.00026119 -0.00070044] |com_force|=0.0000N
### kotek_magnet[tick=4620] sensor3: d=0.5470m in_range=False f_mag=0.000N tau_mag=0.0000Nm misalign_deg=90.0 pos=[-0.10910645 -0.10914586  0.4914011 ] bottom_world=[-0.10910664 -0.10914567  0.47140111] quat=[-3.8058299e-01  2.5080376e-06 -6.2073191e-06  9.2474681e-01] speed=0.0009 ang_speed=0.0033 ang_vel_vec=[0.00291772 0.00037954 0.00151069] |com_force|=0.0000N
### kotek_magnet[tick=4620] sensor4: d=0.5249m in_range=False f_mag=0.000N tau_mag=0.0000Nm misalign_deg=90.0 pos=[-0.10900036  0.10899955  0.4914022 ] bottom_world=[-0.10900033  0.1089996   0.47140221] quat=[ 3.8268211e-01 -4.2160480e-08 -1.4376067e-06  9.2388004e-01] speed=0.0005 ang_speed=0.0028 ang_vel_vec=[ 0.00208596  0.00167016 -0.00072814] |com_force|=0.0000N
### kotek_magnet[tick=4680] sensor1: d=0.4082m in_range=False f_mag=0.000N tau_mag=0.0000Nm misalign_deg=90.0 pos=[0.1088043  0.10900898 0.49140236] bottom_world=[0.10880403 0.10900932 0.47140236] quat=[9.2484152e-01 1.0562416e-05 2.9961650e-06 3.8035280e-01] speed=0.0010 ang_speed=0.0030 ang_vel_vec=[-0.0019782  -0.0019072  -0.00110513] |com_force|=0.0000N
### kotek_magnet[tick=4680] sensor2: d=0.3208m in_range=False f_mag=0.000N tau_mag=0.0000Nm misalign_deg=90.0 pos=[ 0.10902465 -0.10904671  0.4914011 ] bottom_world=[ 0.10902464 -0.10904654  0.47140111] quat=[ 9.2300081e-01  3.7599357e-06  1.8469893e-06 -3.8479811e-01] speed=0.0004 ang_speed=0.0026 ang_vel_vec=[-0.00239845 -0.00030392 -0.00095778] |com_force|=0.0000N
### kotek_magnet[tick=4680] sensor3: d=0.5470m in_range=False f_mag=0.000N tau_mag=0.0000Nm misalign_deg=90.0 pos=[-0.10910752 -0.10914607  0.4914012 ] bottom_world=[-0.10910746 -0.10914596  0.4714012 ] quat=[-3.8058403e-01 -2.4642968e-06 -2.1612211e-06  9.2474645e-01] speed=0.0005 ang_speed=0.0026 ang_vel_vec=[-0.00012343  0.00245652 -0.00095321] |com_force|=0.0000N
### kotek_magnet[tick=4680] sensor4: d=0.5249m in_range=False f_mag=0.000N tau_mag=0.0000Nm misalign_deg=90.0 pos=[-0.10900037  0.10899953  0.49140236] bottom_world=[-0.10900036  0.10899958  0.47140236] quat=[ 3.8268223e-01  1.8111680e-07 -1.3448480e-06  9.2388004e-01] speed=0.0005 ang_speed=0.0027 ang_vel_vec=[ 0.00210289  0.00128821 -0.00099398] |com_force|=0.0000N
### kotek_magnet[tick=4740] sensor1: d=0.4082m in_range=False f_mag=0.000N tau_mag=0.0000Nm misalign_deg=90.0 pos=[0.10880255 0.10900909 0.49140227] bottom_world=[0.10880275 0.1090091  0.47140227] quat=[ 9.2484200e-01 -1.4930928e-06 -4.7232929e-06  3.8035160e-01] speed=0.0010 ang_speed=0.0024 ang_vel_vec=[-0.00193166  0.00012225  0.00146895] |com_force|=0.0000N
### kotek_magnet[tick=4740] sensor2: d=0.3208m in_range=False f_mag=0.000N tau_mag=0.0000Nm misalign_deg=90.0 pos=[ 0.10902444 -0.10904641  0.49140105] bottom_world=[ 0.1090245  -0.10904627  0.47140105] quat=[ 9.2300069e-01  3.7199875e-06  6.9896117e-08 -3.8479841e-01] speed=0.0002 ang_speed=0.0027 ang_vel_vec=[-0.00133429  0.0023829   0.00027602] |com_force|=0.0000N
### kotek_magnet[tick=4740] sensor3: d=0.5470m in_range=False f_mag=0.000N tau_mag=0.0000Nm misalign_deg=90.0 pos=[-0.10910721 -0.10914586  0.49140108] bottom_world=[-0.10910717 -0.10914581  0.47140108] quat=[-3.8058349e-01 -1.3418493e-06 -8.7741887e-07  9.2474663e-01] speed=0.0002 ang_speed=0.0029 ang_vel_vec=[0.00239115 0.00157272 0.00029799] |com_force|=0.0000N
### kotek_magnet[tick=4740] sensor4: d=0.5249m in_range=False f_mag=0.000N tau_mag=0.0000Nm misalign_deg=90.0 pos=[-0.10900036  0.10899955  0.4914023 ] bottom_world=[-0.10900035  0.10899961  0.4714023 ] quat=[ 3.8268223e-01  1.9913838e-07 -1.5536234e-06  9.2388010e-01] speed=0.0005 ang_speed=0.0024 ang_vel_vec=[ 0.0018409   0.00136831 -0.00072656] |com_force|=0.0000N
### kotek_magnet[tick=4800] sensor1: d=0.4082m in_range=False f_mag=0.000N tau_mag=0.0000Nm misalign_deg=90.0 pos=[0.10880256 0.10900929 0.49140236] bottom_world=[0.10880277 0.10900922 0.47140236] quat=[ 9.2484194e-01 -3.6059141e-06 -4.1820222e-06  3.8035181e-01] speed=0.0009 ang_speed=0.0032 ang_vel_vec=[ 0.00316607 -0.00013032  0.00066592] |com_force|=0.0000N
### kotek_magnet[tick=4800] sensor2: d=0.3208m in_range=False f_mag=0.000N tau_mag=0.0000Nm misalign_deg=90.0 pos=[ 0.10902465 -0.10904592  0.49140117] bottom_world=[ 0.10902452 -0.10904597  0.47140117] quat=[ 9.2300057e-01 -2.5651277e-06  2.5181316e-06 -3.8479856e-01] speed=0.0007 ang_speed=0.0040 ang_vel_vec=[ 0.00182242 -0.00354338  0.00041397] |com_force|=0.0000N
### kotek_magnet[tick=4800] sensor3: d=0.5470m in_range=False f_mag=0.000N tau_mag=0.0000Nm misalign_deg=90.0 pos=[-0.1091067  -0.10914608  0.4914012 ] bottom_world=[-0.10910687 -0.10914584  0.4714012 ] quat=[-3.8058326e-01  1.4398848e-06 -7.1913528e-06  9.2474663e-01] speed=0.0006 ang_speed=0.0035 ang_vel_vec=[-0.00313683 -0.00137326  0.00042845] |com_force|=0.0000N
### kotek_magnet[tick=4800] sensor4: d=0.5249m in_range=False f_mag=0.000N tau_mag=0.0000Nm misalign_deg=90.0 pos=[-0.10900006  0.10900016  0.49140245] bottom_world=[-0.10900029  0.10900001  0.47140245] quat=[3.8268209e-01 3.8745093e-06 5.6537215e-06 9.2388016e-01] speed=0.0010 ang_speed=0.0031 ang_vel_vec=[ 0.00217878 -0.002026   -0.00086411] |com_force|=0.0000N
### kotek_magnet[tick=4860] sensor1: d=0.4082m in_range=False f_mag=0.000N tau_mag=0.0000Nm misalign_deg=90.0 pos=[0.10880259 0.10900907 0.49140245] bottom_world=[0.10880278 0.10900909 0.47140245] quat=[ 9.2484194e-01 -1.5197339e-06 -4.6187697e-06  3.8035175e-01] speed=0.0010 ang_speed=0.0021 ang_vel_vec=[-0.00131223  0.00029583  0.00158878] |com_force|=0.0000N
### kotek_magnet[tick=4860] sensor2: d=0.3208m in_range=False f_mag=0.000N tau_mag=0.0000Nm misalign_deg=90.0 pos=[ 0.10902464 -0.10904587  0.49140117] bottom_world=[ 0.1090245  -0.10904594  0.47140117] quat=[ 9.2300069e-01 -2.9154944e-06  2.5734585e-06 -3.8479850e-01] speed=0.0006 ang_speed=0.0048 ang_vel_vec=[ 0.00222741 -0.00423382  0.00068661] |com_force|=0.0000N
### kotek_magnet[tick=4860] sensor3: d=0.5470m in_range=False f_mag=0.000N tau_mag=0.0000Nm misalign_deg=90.0 pos=[-0.10910644 -0.10914613  0.49140102] bottom_world=[-0.10910664 -0.10914584  0.47140102] quat=[-3.8058320e-01  1.9786519e-06 -8.7971775e-06  9.2474675e-01] speed=0.0008 ang_speed=0.0024 ang_vel_vec=[-0.00220351  0.00047386  0.00094126] |com_force|=0.0000N
### kotek_magnet[tick=4860] sensor4: d=0.5249m in_range=False f_mag=0.000N tau_mag=0.0000Nm misalign_deg=90.0 pos=[-0.10900033  0.10899957  0.4914023 ] bottom_world=[-0.1090003   0.10899962  0.4714023 ] quat=[ 3.8268220e-01  3.1683523e-08 -1.4304474e-06  9.2388004e-01] speed=0.0005 ang_speed=0.0026 ang_vel_vec=[ 0.00193385  0.00165475 -0.00058774] |com_force|=0.0000N
### kotek_magnet[tick=4920] sensor1: d=0.4082m in_range=False f_mag=0.000N tau_mag=0.0000Nm misalign_deg=90.0 pos=[0.10880341 0.10900927 0.49140224] bottom_world=[0.10880342 0.10900936 0.47140224] quat=[ 9.2484164e-01  1.8665636e-06 -1.1525569e-06  3.8035235e-01] speed=0.0002 ang_speed=0.0009 ang_vel_vec=[ 7.8463519e-04 -5.0829029e-05 -3.4351772e-04] |com_force|=0.0000N
### kotek_magnet[tick=4920] sensor2: d=0.3208m in_range=False f_mag=0.000N tau_mag=0.0000Nm misalign_deg=90.0 pos=[ 0.10902462 -0.10904672  0.491401  ] bottom_world=[ 0.10902462 -0.10904654  0.47140099] quat=[ 9.2300075e-01  4.1089297e-06  1.8301716e-06 -3.8479808e-01] speed=0.0005 ang_speed=0.0024 ang_vel_vec=[-0.00223948 -0.00031312 -0.00074784] |com_force|=0.0000N
### kotek_magnet[tick=4920] sensor3: d=0.5470m in_range=False f_mag=0.000N tau_mag=0.0000Nm misalign_deg=90.0 pos=[-0.10910816 -0.10914578  0.49140096] bottom_world=[-0.10910789 -0.1091459   0.47140096] quat=[-3.8058421e-01 -5.0309054e-06  5.5260148e-06  9.2474639e-01] speed=0.0010 ang_speed=0.0030 ang_vel_vec=[ 0.00225407  0.00174443 -0.00077298] |com_force|=0.0000N
### kotek_magnet[tick=4920] sensor4: d=0.5249m in_range=False f_mag=0.000N tau_mag=0.0000Nm misalign_deg=90.0 pos=[-0.1090002  0.1089985  0.4914024] bottom_world=[-0.1090001   0.1089988   0.47140239] quat=[ 3.8268301e-01  6.4334182e-07 -7.9869715e-06  9.2387974e-01] speed=0.0009 ang_speed=0.0022 ang_vel_vec=[ 5.4109032e-06 -1.7293380e-03  1.3301972e-03] |com_force|=0.0000N
### kotek_magnet[tick=4980] sensor1: d=0.4082m in_range=False f_mag=0.000N tau_mag=0.0000Nm misalign_deg=90.0 pos=[0.1088043  0.10900894 0.49140236] bottom_world=[0.10880404 0.10900928 0.47140236] quat=[9.2484146e-01 1.0516110e-05 2.8466700e-06 3.8035274e-01] speed=0.0010 ang_speed=0.0026 ang_vel_vec=[-0.00178612 -0.00167376 -0.00079737] |com_force|=0.0000N
### kotek_magnet[tick=4980] sensor2: d=0.3208m in_range=False f_mag=0.000N tau_mag=0.0000Nm misalign_deg=90.0 pos=[ 0.10902444 -0.10904642  0.49140117] bottom_world=[ 0.1090245  -0.10904628  0.47140117] quat=[ 9.2300069e-01  3.8629373e-06  1.8686876e-08 -3.8479838e-01] speed=0.0002 ang_speed=0.0028 ang_vel_vec=[-0.00138588  0.0024062   0.00032024] |com_force|=0.0000N
### kotek_magnet[tick=4980] sensor3: d=0.5470m in_range=False f_mag=0.000N tau_mag=0.0000Nm misalign_deg=90.0 pos=[-0.10910814 -0.1091458   0.49140114] bottom_world=[-0.10910788 -0.10914592  0.47140114] quat=[-3.8058394e-01 -4.9766049e-06  5.2485470e-06  9.2474639e-01] speed=0.0010 ang_speed=0.0024 ang_vel_vec=[ 0.00174711  0.00144546 -0.00071271] |com_force|=0.0000N
### kotek_magnet[tick=4980] sensor4: d=0.5249m in_range=False f_mag=0.000N tau_mag=0.0000Nm misalign_deg=90.0 pos=[-0.10900022  0.10899842  0.4914024 ] bottom_world=[-0.1090001   0.10899874  0.47140239] quat=[ 3.8268301e-01  2.3729578e-07 -8.6999416e-06  9.2387974e-01] speed=0.0010 ang_speed=0.0018 ang_vel_vec=[-0.00086029 -0.00058502  0.00141449] |com_force|=0.0000N
### kotek_magnet[tick=5040] sensor1: d=0.4082m in_range=False f_mag=0.000N tau_mag=0.0000Nm misalign_deg=90.0 pos=[0.10880284 0.10900928 0.49140233] bottom_world=[0.10880301 0.10900925 0.47140233] quat=[ 9.2484182e-01 -2.2597524e-06 -3.7872278e-06  3.8035205e-01] speed=0.0006 ang_speed=0.0046 ang_vel_vec=[0.00418692 0.00179027 0.00063291] |com_force|=0.0000N
### kotek_magnet[tick=5040] sensor2: d=0.3208m in_range=False f_mag=0.000N tau_mag=0.0000Nm misalign_deg=90.0 pos=[ 0.10902466 -0.10904667  0.49140114] bottom_world=[ 0.10902464 -0.10904651  0.47140114] quat=[ 9.2300093e-01  3.6048518e-06  1.8898191e-06 -3.8479796e-01] speed=0.0004 ang_speed=0.0022 ang_vel_vec=[-0.0019393  -0.00080318 -0.00068748] |com_force|=0.0000N
### kotek_magnet[tick=5040] sensor3: d=0.5470m in_range=False f_mag=0.000N tau_mag=0.0000Nm misalign_deg=90.0 pos=[-0.10910752 -0.10914606  0.49140114] bottom_world=[-0.10910747 -0.10914593  0.47140114] quat=[-3.8058385e-01 -2.3486439e-06 -2.4480896e-06  9.2474645e-01] speed=0.0005 ang_speed=0.0022 ang_vel_vec=[-0.00085293  0.00194368 -0.00069889] |com_force|=0.0000N
### kotek_magnet[tick=5040] sensor4: d=0.5249m in_range=False f_mag=0.000N tau_mag=0.0000Nm misalign_deg=90.0 pos=[-0.10900021  0.10899851  0.4914023 ] bottom_world=[-0.10900009  0.10899882  0.4714023 ] quat=[ 3.826831e-01  3.397259e-07 -8.254622e-06  9.238797e-01] speed=0.0009 ang_speed=0.0016 ang_vel_vec=[-0.0006744  -0.00050662  0.00139129] |com_force|=0.0000N
### kotek_magnet[tick=5100] sensor1: d=0.4082m in_range=False f_mag=0.000N tau_mag=0.0000Nm misalign_deg=90.0 pos=[0.10880256 0.10900907 0.4914023 ] bottom_world=[0.10880276 0.10900909 0.4714023 ] quat=[ 9.2484194e-01 -1.3631247e-06 -4.6677646e-06  3.8035166e-01] speed=0.0010 ang_speed=0.0027 ang_vel_vec=[-0.00225096 -0.00016969  0.00142182] |com_force|=0.0000N
### kotek_magnet[tick=5100] sensor2: d=0.3208m in_range=False f_mag=0.000N tau_mag=0.0000Nm misalign_deg=90.0 pos=[ 0.10902434 -0.10904735  0.4914012 ] bottom_world=[ 0.10902458 -0.10904697  0.4714012 ] quat=[ 9.2300081e-01  1.1057903e-05 -1.8060130e-06 -3.8479790e-01] speed=0.0010 ang_speed=0.0028 ang_vel_vec=[-0.00169949  0.00206563 -0.00081371] |com_force|=0.0000N
### kotek_magnet[tick=5100] sensor3: d=0.5470m in_range=False f_mag=0.000N tau_mag=0.0000Nm misalign_deg=90.0 pos=[-0.1091075  -0.10914608  0.49140108] bottom_world=[-0.10910745 -0.10914596  0.47140108] quat=[-3.8058394e-01 -2.4951348e-06 -2.3387909e-06  9.2474645e-01] speed=0.0005 ang_speed=0.0023 ang_vel_vec=[-0.00090036  0.00203241 -0.00076143] |com_force|=0.0000N
### kotek_magnet[tick=5100] sensor4: d=0.5249m in_range=False f_mag=0.000N tau_mag=0.0000Nm misalign_deg=90.0 pos=[-0.10900018  0.10899847  0.49140236] bottom_world=[-0.10900008  0.10899878  0.47140236] quat=[ 3.8268298e-01  5.1290783e-07 -8.0810805e-06  9.2387974e-01] speed=0.0009 ang_speed=0.0017 ang_vel_vec=[-0.00039316 -0.00106915  0.00131692] |com_force|=0.0000N
### kotek_magnet[tick=5160] sensor1: d=0.4082m in_range=False f_mag=0.000N tau_mag=0.0000Nm misalign_deg=90.0 pos=[0.10880258 0.1090091  0.4914024 ] bottom_world=[0.10880278 0.10900912 0.47140239] quat=[ 9.2484200e-01 -1.4972915e-06 -4.7217063e-06  3.8035166e-01] speed=0.0010 ang_speed=0.0024 ang_vel_vec=[-0.00181942  0.00013213  0.00155034] |com_force|=0.0000N
### kotek_magnet[tick=5160] sensor2: d=0.3208m in_range=False f_mag=0.000N tau_mag=0.0000Nm misalign_deg=90.0 pos=[ 0.10902464 -0.10904589  0.49140108] bottom_world=[ 0.1090245  -0.10904595  0.47140108] quat=[ 9.2300057e-01 -2.8489449e-06  2.6517200e-06 -3.8479856e-01] speed=0.0006 ang_speed=0.0048 ang_vel_vec=[ 0.00212898 -0.00420257  0.00064253] |com_force|=0.0000N
### kotek_magnet[tick=5160] sensor3: d=0.5470m in_range=False f_mag=0.000N tau_mag=0.0000Nm misalign_deg=90.0 pos=[-0.10910729 -0.10914579  0.49140105] bottom_world=[-0.10910721 -0.10914576  0.47140105] quat=[-3.8058349e-01 -2.1323078e-06  6.0990722e-08  9.2474663e-01] speed=0.0002 ang_speed=0.0027 ang_vel_vec=[0.00176509 0.00197079 0.0004894 ] |com_force|=0.0000N
### kotek_magnet[tick=5160] sensor4: d=0.5249m in_range=False f_mag=0.000N tau_mag=0.0000Nm misalign_deg=90.0 pos=[-0.10900036  0.10899955  0.49140236] bottom_world=[-0.10900034  0.10899961  0.47140236] quat=[ 3.8268238e-01  1.3169597e-07 -1.5861933e-06  9.2387998e-01] speed=0.0005 ang_speed=0.0026 ang_vel_vec=[ 0.00195586  0.00166427 -0.00063622] |com_force|=0.0000N
### kotek_magnet[tick=5220] sensor1: d=0.4082m in_range=False f_mag=0.000N tau_mag=0.0000Nm misalign_deg=90.0 pos=[0.10880256 0.10900912 0.49140233] bottom_world=[0.10880275 0.10900914 0.47140233] quat=[ 9.2484200e-01 -1.5255848e-06 -4.7021863e-06  3.8035181e-01] speed=0.0010 ang_speed=0.0024 ang_vel_vec=[-1.9229533e-03  5.8836205e-05  1.3547620e-03] |com_force|=0.0000N
### kotek_magnet[tick=5220] sensor2: d=0.3208m in_range=False f_mag=0.000N tau_mag=0.0000Nm misalign_deg=90.0 pos=[ 0.10902446 -0.10904561  0.49140123] bottom_world=[ 0.10902436 -0.1090457   0.47140123] quat=[ 9.2300045e-01 -3.0105552e-06  1.4426987e-06 -3.8479888e-01] speed=0.0010 ang_speed=0.0021 ang_vel_vec=[0.00048402 0.001569   0.00136841] |com_force|=0.0000N
### kotek_magnet[tick=5220] sensor3: d=0.5470m in_range=False f_mag=0.000N tau_mag=0.0000Nm misalign_deg=90.0 pos=[-0.10910817 -0.10914576  0.49140108] bottom_world=[-0.10910791 -0.10914588  0.47140108] quat=[-3.8058406e-01 -4.9204887e-06  5.3178974e-06  9.2474639e-01] speed=0.0010 ang_speed=0.0026 ang_vel_vec=[ 0.00191488  0.00157363 -0.00084356] |com_force|=0.0000N
### kotek_magnet[tick=5220] sensor4: d=0.5249m in_range=False f_mag=0.000N tau_mag=0.0000Nm misalign_deg=90.0 pos=[-0.10900008  0.10900016  0.4914023 ] bottom_world=[-0.1090003   0.10900001  0.4714023 ] quat=[3.8268206e-01 3.7835573e-06 5.5566434e-06 9.2388010e-01] speed=0.0010 ang_speed=0.0027 ang_vel_vec=[ 0.00183814 -0.00179453 -0.00084655] |com_force|=0.0000N
### still playing, 1309s left
### kotek_magnet[tick=5280] sensor1: d=0.4082m in_range=False f_mag=0.000N tau_mag=0.0000Nm misalign_deg=90.0 pos=[0.10880283 0.10900927 0.49140233] bottom_world=[0.10880299 0.10900925 0.47140233] quat=[ 9.2484182e-01 -2.0375116e-06 -3.7021202e-06  3.8035220e-01] speed=0.0006 ang_speed=0.0041 ang_vel_vec=[0.00380263 0.00160614 0.00036711] |com_force|=0.0000N
### kotek_magnet[tick=5280] sensor2: d=0.3208m in_range=False f_mag=0.000N tau_mag=0.0000Nm misalign_deg=90.0 pos=[ 0.10902435 -0.10904735  0.49140117] bottom_world=[ 0.10902458 -0.10904697  0.47140117] quat=[ 9.2300087e-01  1.0903319e-05 -1.8455125e-06 -3.8479793e-01] speed=0.0009 ang_speed=0.0031 ang_vel_vec=[-0.00186718  0.00227158 -0.0009774 ] |com_force|=0.0000N
### kotek_magnet[tick=5280] sensor3: d=0.5470m in_range=False f_mag=0.000N tau_mag=0.0000Nm misalign_deg=90.0 pos=[-0.10910815 -0.10914579  0.4914011 ] bottom_world=[-0.10910789 -0.10914591  0.47140111] quat=[-3.8058412e-01 -4.9277437e-06  5.3691592e-06  9.2474633e-01] speed=0.0010 ang_speed=0.0030 ang_vel_vec=[ 0.00217832  0.00174465 -0.00098253] |com_force|=0.0000N
### kotek_magnet[tick=5280] sensor4: d=0.5249m in_range=False f_mag=0.000N tau_mag=0.0000Nm misalign_deg=90.0 pos=[-0.10900009  0.10900019  0.4914023 ] bottom_world=[-0.10900032  0.10900004  0.4714023 ] quat=[3.8268206e-01 3.8721237e-06 5.7581442e-06 9.2388010e-01] speed=0.0010 ang_speed=0.0031 ang_vel_vec=[ 0.00205023 -0.00205011 -0.00097724] |com_force|=0.0000N
### kotek_magnet[tick=5340] sensor1: d=0.4082m in_range=False f_mag=0.000N tau_mag=0.0000Nm misalign_deg=90.0 pos=[0.10880258 0.10900909 0.49140236] bottom_world=[0.10880277 0.10900912 0.47140236] quat=[ 9.2484194e-01 -1.3256968e-06 -4.6933928e-06  3.8035172e-01] speed=0.0010 ang_speed=0.0027 ang_vel_vec=[-0.00233702 -0.00015814  0.00138438] |com_force|=0.0000N
### kotek_magnet[tick=5340] sensor2: d=0.3208m in_range=False f_mag=0.000N tau_mag=0.0000Nm misalign_deg=90.0 pos=[ 0.10902433 -0.10904738  0.4914011 ] bottom_world=[ 0.10902458 -0.10904699  0.47140111] quat=[ 9.2300087e-01  1.1366099e-05 -1.9351044e-06 -3.8479787e-01] speed=0.0010 ang_speed=0.0031 ang_vel_vec=[-0.0019184   0.00223334 -0.00086567] |com_force|=0.0000N
### kotek_magnet[tick=5340] sensor3: d=0.5470m in_range=False f_mag=0.000N tau_mag=0.0000Nm misalign_deg=90.0 pos=[-0.10910815 -0.10914577  0.49140105] bottom_world=[-0.10910789 -0.10914588  0.47140105] quat=[-3.8058406e-01 -4.9020223e-06  5.0607177e-06  9.2474633e-01] speed=0.0010 ang_speed=0.0025 ang_vel_vec=[ 0.00176611  0.00150206 -0.00084959] |com_force|=0.0000N
### kotek_magnet[tick=5340] sensor4: d=0.5249m in_range=False f_mag=0.000N tau_mag=0.0000Nm misalign_deg=90.0 pos=[-0.10900008  0.10900018  0.49140236] bottom_world=[-0.1090003   0.10900003  0.47140236] quat=[3.8268209e-01 3.7401089e-06 5.3885515e-06 9.2388010e-01] speed=0.0010 ang_speed=0.0027 ang_vel_vec=[ 0.00179125 -0.00177822 -0.00082673] |com_force|=0.0000N
### kotek_magnet[tick=5400] sensor1: d=0.4082m in_range=False f_mag=0.000N tau_mag=0.0000Nm misalign_deg=90.0 pos=[0.10880259 0.10900907 0.49140233] bottom_world=[0.10880279 0.10900909 0.47140233] quat=[ 9.2484194e-01 -1.4542525e-06 -4.6559726e-06  3.8035160e-01] speed=0.0010 ang_speed=0.0022 ang_vel_vec=[-0.0016036   0.00018857  0.00152528] |com_force|=0.0000N
### kotek_magnet[tick=5400] sensor2: d=0.3208m in_range=False f_mag=0.000N tau_mag=0.0000Nm misalign_deg=90.0 pos=[ 0.10902464 -0.10904645  0.49140102] bottom_world=[ 0.1090246  -0.10904637  0.47140102] quat=[ 9.2300069e-01  1.5424406e-06  1.8252621e-06 -3.8479835e-01] speed=0.0001 ang_speed=0.0022 ang_vel_vec=[ 0.00141144 -0.00160596 -0.00028499] |com_force|=0.0000N
### kotek_magnet[tick=5400] sensor3: d=0.5470m in_range=False f_mag=0.000N tau_mag=0.0000Nm misalign_deg=90.0 pos=[-0.10910645 -0.1091459   0.49140108] bottom_world=[-0.10910664 -0.1091457   0.47140108] quat=[-3.8058293e-01  2.4806016e-06 -6.4736651e-06  9.2474687e-01] speed=0.0009 ang_speed=0.0028 ang_vel_vec=[ 2.2860479e-03 -7.9717978e-07  1.5336776e-03] |com_force|=0.0000N
### kotek_magnet[tick=5400] sensor4: d=0.5249m in_range=False f_mag=0.000N tau_mag=0.0000Nm misalign_deg=90.0 pos=[-0.10899987  0.10900023  0.4914023 ] bottom_world=[-0.10900016  0.10900007  0.4714023 ] quat=[3.8268238e-01 5.1019492e-06 6.4151832e-06 9.2388004e-01] speed=0.0012 ang_speed=0.0138 ang_vel_vec=[ 0.0070558  -0.01181136 -0.00017803] |com_force|=0.0000N
### kotek_magnet[tick=5460] sensor1: d=0.4082m in_range=False f_mag=0.000N tau_mag=0.0000Nm misalign_deg=90.0 pos=[0.10880432 0.10900896 0.49140254] bottom_world=[0.10880405 0.10900931 0.47140254] quat=[9.2484158e-01 1.0641968e-05 2.8440656e-06 3.8035282e-01] speed=0.0010 ang_speed=0.0029 ang_vel_vec=[-0.0020466  -0.00177032 -0.00114123] |com_force|=0.0000N
### kotek_magnet[tick=5460] sensor2: d=0.3208m in_range=False f_mag=0.000N tau_mag=0.0000Nm misalign_deg=90.0 pos=[ 0.10902451 -0.10904559  0.49140117] bottom_world=[ 0.10902439 -0.10904569  0.47140117] quat=[ 9.2300045e-01 -3.4886486e-06  1.7941643e-06 -3.8479882e-01] speed=0.0010 ang_speed=0.0018 ang_vel_vec=[0.00068692 0.00119346 0.00116209] |com_force|=0.0000N
### kotek_magnet[tick=5460] sensor3: d=0.5470m in_range=False f_mag=0.000N tau_mag=0.0000Nm misalign_deg=90.0 pos=[-0.1091067  -0.10914608  0.4914011 ] bottom_world=[-0.10910687 -0.10914584  0.47140111] quat=[-3.8058341e-01  1.5338192e-06 -7.2474163e-06  9.2474657e-01] speed=0.0006 ang_speed=0.0040 ang_vel_vec=[-0.00365032 -0.00154859  0.00026402] |com_force|=0.0000N
### kotek_magnet[tick=5460] sensor4: d=0.5249m in_range=False f_mag=0.000N tau_mag=0.0000Nm misalign_deg=90.0 pos=[-0.10900006  0.10900017  0.49140245] bottom_world=[-0.10900028  0.10900003  0.47140245] quat=[3.8268209e-01 3.8925427e-06 5.4901780e-06 9.2388016e-01] speed=0.0010 ang_speed=0.0027 ang_vel_vec=[ 0.00166267 -0.00187781 -0.00105413] |com_force|=0.0000N
### kotek_magnet[tick=5520] sensor1: d=0.4082m in_range=False f_mag=0.000N tau_mag=0.0000Nm misalign_deg=90.0 pos=[0.10880383 0.10900929 0.49140224] bottom_world=[0.10880373 0.10900941 0.47140224] quat=[9.2484152e-01 3.6907618e-06 1.0986479e-06 3.8035277e-01] speed=0.0006 ang_speed=0.0024 ang_vel_vec=[ 0.00074425 -0.00213146 -0.00082958] |com_force|=0.0000N
### kotek_magnet[tick=5520] sensor2: d=0.3208m in_range=False f_mag=0.000N tau_mag=0.0000Nm misalign_deg=90.0 pos=[ 0.10902446 -0.10904563  0.4914011 ] bottom_world=[ 0.10902437 -0.10904572  0.47140111] quat=[ 9.2300051e-01 -2.8471379e-06  1.3025088e-06 -3.8479900e-01] speed=0.0010 ang_speed=0.0028 ang_vel_vec=[0.00014761 0.00239973 0.00146516] |com_force|=0.0000N
### kotek_magnet[tick=5520] sensor3: d=0.5470m in_range=False f_mag=0.000N tau_mag=0.0000Nm misalign_deg=90.0 pos=[-0.10910749 -0.10914604  0.49140114] bottom_world=[-0.10910743 -0.10914592  0.47140114] quat=[-3.8058382e-01 -2.3818613e-06 -2.2626259e-06  9.2474639e-01] speed=0.0005 ang_speed=0.0024 ang_vel_vec=[-0.00011395  0.00233369 -0.00070161] |com_force|=0.0000N
### kotek_magnet[tick=5520] sensor4: d=0.5249m in_range=False f_mag=0.000N tau_mag=0.0000Nm misalign_deg=90.0 pos=[-0.10900007  0.10900016  0.49140227] bottom_world=[-0.10900029  0.10900001  0.47140227] quat=[3.8268209e-01 3.6952329e-06 5.5994819e-06 9.2388016e-01] speed=0.0010 ang_speed=0.0024 ang_vel_vec=[ 0.00167954 -0.00151232 -0.00071681] |com_force|=0.0000N
### kotek_magnet[tick=5580] sensor1: d=0.4082m in_range=False f_mag=0.000N tau_mag=0.0000Nm misalign_deg=90.0 pos=[0.10880429 0.10900898 0.49140233] bottom_world=[0.10880403 0.10900933 0.47140233] quat=[9.2484152e-01 1.0514794e-05 2.8255113e-06 3.8035282e-01] speed=0.0010 ang_speed=0.0026 ang_vel_vec=[-0.00182382 -0.00160322 -0.00081879] |com_force|=0.0000N
### kotek_magnet[tick=5580] sensor2: d=0.3208m in_range=False f_mag=0.000N tau_mag=0.0000Nm misalign_deg=90.0 pos=[ 0.10902463 -0.10904645  0.4914011 ] bottom_world=[ 0.10902458 -0.10904636  0.47140111] quat=[ 9.2300075e-01  1.6393890e-06  1.9377171e-06 -3.8479832e-01] speed=0.0001 ang_speed=0.0019 ang_vel_vec=[ 0.00067154 -0.00169399 -0.00036086] |com_force|=0.0000N
### kotek_magnet[tick=5580] sensor3: d=0.5470m in_range=False f_mag=0.000N tau_mag=0.0000Nm misalign_deg=90.0 pos=[-0.10910729 -0.10914582  0.49140102] bottom_world=[-0.10910726 -0.10914578  0.47140102] quat=[-3.8058352e-01 -9.2612459e-07 -6.9481092e-07  9.2474657e-01] speed=0.0003 ang_speed=0.0057 ang_vel_vec=[0.00500597 0.00260126 0.0003901 ] |com_force|=0.0000N
### kotek_magnet[tick=5580] sensor4: d=0.5249m in_range=False f_mag=0.000N tau_mag=0.0000Nm misalign_deg=90.0 pos=[-0.10900037  0.10899874  0.4914023 ] bottom_world=[-0.10900022  0.10899903  0.4714023 ] quat=[ 3.8268256e-01 -5.8581730e-07 -8.1695989e-06  9.2387986e-01] speed=0.0006 ang_speed=0.0044 ang_vel_vec=[-0.00168817  0.00400897  0.00050044] |com_force|=0.0000N
### kotek_magnet[tick=5640] sensor1: d=0.4082m in_range=False f_mag=0.000N tau_mag=0.0000Nm misalign_deg=90.0 pos=[0.10880381 0.10900926 0.49140242] bottom_world=[0.10880372 0.10900938 0.47140242] quat=[9.2484152e-01 3.6719271e-06 9.8613248e-07 3.8035268e-01] speed=0.0006 ang_speed=0.0025 ang_vel_vec=[ 0.0005093  -0.00226399 -0.00086172] |com_force|=0.0000N
### kotek_magnet[tick=5640] sensor2: d=0.3208m in_range=False f_mag=0.000N tau_mag=0.0000Nm misalign_deg=90.0 pos=[ 0.10902467 -0.10904647  0.49140105] bottom_world=[ 0.10902462 -0.10904638  0.47140105] quat=[ 9.2300075e-01  1.6079354e-06  1.8486544e-06 -3.8479823e-01] speed=0.0001 ang_speed=0.0014 ang_vel_vec=[ 0.0007156  -0.00112965 -0.00031512] |com_force|=0.0000N
### kotek_magnet[tick=5640] sensor3: d=0.5470m in_range=False f_mag=0.000N tau_mag=0.0000Nm misalign_deg=90.0 pos=[-0.10910752 -0.10914608  0.4914011 ] bottom_world=[-0.10910746 -0.10914595  0.47140111] quat=[-3.8058385e-01 -2.4355090e-06 -2.4570763e-06  9.2474645e-01] speed=0.0005 ang_speed=0.0023 ang_vel_vec=[-0.00099394  0.00192713 -0.0006977 ] |com_force|=0.0000N
### kotek_magnet[tick=5640] sensor4: d=0.5249m in_range=False f_mag=0.000N tau_mag=0.0000Nm misalign_deg=90.0 pos=[-0.10900037  0.10899873  0.4914023 ] bottom_world=[-0.10900022  0.10899902  0.4714023 ] quat=[ 3.8268268e-01 -6.1695607e-07 -8.1569106e-06  9.2387986e-01] speed=0.0006 ang_speed=0.0048 ang_vel_vec=[-0.00185722  0.00442674  0.00049949] |com_force|=0.0000N
### kotek_magnet[tick=5700] sensor1: d=0.4082m in_range=False f_mag=0.000N tau_mag=0.0000Nm misalign_deg=90.0 pos=[0.10880256 0.10900906 0.49140233] bottom_world=[0.10880276 0.10900908 0.47140233] quat=[ 9.2484200e-01 -1.4235835e-06 -4.6972750e-06  3.8035169e-01] speed=0.0010 ang_speed=0.0027 ang_vel_vec=[-2.2901280e-03 -9.3641633e-05  1.4125792e-03] |com_force|=0.0000N
### kotek_magnet[tick=5700] sensor2: d=0.3208m in_range=False f_mag=0.000N tau_mag=0.0000Nm misalign_deg=90.0 pos=[ 0.10902447 -0.10904566  0.4914012 ] bottom_world=[ 0.10902437 -0.10904575  0.4714012 ] quat=[ 9.2300045e-01 -3.0560605e-06  1.5282003e-06 -3.8479882e-01] speed=0.0010 ang_speed=0.0020 ang_vel_vec=[0.00054242 0.0013145  0.00143098] |com_force|=0.0000N
### kotek_magnet[tick=5700] sensor3: d=0.5470m in_range=False f_mag=0.000N tau_mag=0.0000Nm misalign_deg=90.0 pos=[-0.10910731 -0.1091458   0.49140108] bottom_world=[-0.10910722 -0.10914577  0.47140108] quat=[-3.8058352e-01 -2.2132408e-06  2.5972170e-07  9.2474663e-01] speed=0.0002 ang_speed=0.0028 ang_vel_vec=[0.0017724  0.00209419 0.00038127] |com_force|=0.0000N
### kotek_magnet[tick=5700] sensor4: d=0.5249m in_range=False f_mag=0.000N tau_mag=0.0000Nm misalign_deg=90.0 pos=[-0.10900044  0.10899843  0.4914024 ] bottom_world=[-0.10900023  0.10899877  0.47140239] quat=[ 3.8268289e-01 -1.4938204e-06 -9.7035045e-06  9.2387980e-01] speed=0.0009 ang_speed=0.0035 ang_vel_vec=[0.00015604 0.00341292 0.00060242] |com_force|=0.0000N
### kotek_magnet[tick=5760] sensor1: d=0.4082m in_range=False f_mag=0.000N tau_mag=0.0000Nm misalign_deg=90.0 pos=[0.10880432 0.109009   0.4914023 ] bottom_world=[0.10880405 0.10900934 0.4714023 ] quat=[9.2484146e-01 1.0421975e-05 2.8049390e-06 3.8035282e-01] speed=0.0010 ang_speed=0.0026 ang_vel_vec=[-0.00180159 -0.00165305 -0.00085888] |com_force|=0.0000N
### kotek_magnet[tick=5760] sensor2: d=0.3208m in_range=False f_mag=0.000N tau_mag=0.0000Nm misalign_deg=90.0 pos=[ 0.10902471 -0.10904559  0.49140105] bottom_world=[ 0.10902451 -0.1090457   0.47140105] quat=[ 9.2300051e-01 -4.3969990e-06  3.5812059e-06 -3.8479879e-01] speed=0.0009 ang_speed=0.0031 ang_vel_vec=[-0.00023234 -0.00295534  0.00073995] |com_force|=0.0000N
### kotek_magnet[tick=5760] sensor3: d=0.5470m in_range=False f_mag=0.000N tau_mag=0.0000Nm misalign_deg=90.0 pos=[-0.10910814 -0.10914575  0.49140114] bottom_world=[-0.10910788 -0.10914587  0.47140114] quat=[-3.8058403e-01 -4.9295886e-06  5.0735862e-06  9.2474639e-01] speed=0.0010 ang_speed=0.0024 ang_vel_vec=[ 0.00175312  0.00148238 -0.00077611] |com_force|=0.0000N
### kotek_magnet[tick=5760] sensor4: d=0.5249m in_range=False f_mag=0.000N tau_mag=0.0000Nm misalign_deg=90.0 pos=[-0.10900021  0.10899848  0.49140233] bottom_world=[-0.10900011  0.10899879  0.47140233] quat=[ 3.8268295e-01  5.0702312e-07 -8.1823127e-06  9.2387974e-01] speed=0.0009 ang_speed=0.0018 ang_vel_vec=[-0.00051569 -0.00109513  0.00133902] |com_force|=0.0000N
### kotek_magnet[tick=5820] sensor1: d=0.4082m in_range=False f_mag=0.000N tau_mag=0.0000Nm misalign_deg=90.0 pos=[0.10880381 0.10900925 0.49140233] bottom_world=[0.10880371 0.10900939 0.47140233] quat=[9.2484146e-01 4.2115862e-06 1.0436942e-06 3.8035271e-01] speed=0.0006 ang_speed=0.0031 ang_vel_vec=[-0.00084508 -0.00284371 -0.00096803] |com_force|=0.0000N
### kotek_magnet[tick=5820] sensor2: d=0.3208m in_range=False f_mag=0.000N tau_mag=0.0000Nm misalign_deg=90.0 pos=[ 0.10902447 -0.10904565  0.49140117] bottom_world=[ 0.10902437 -0.10904573  0.47140117] quat=[ 9.2300045e-01 -2.6848941e-06  1.3482618e-06 -3.8479906e-01] speed=0.0010 ang_speed=0.0028 ang_vel_vec=[4.4170480e-05 2.4235593e-03 1.3696440e-03] |com_force|=0.0000N
### kotek_magnet[tick=5820] sensor3: d=0.5470m in_range=False f_mag=0.000N tau_mag=0.0000Nm misalign_deg=90.0 pos=[-0.10910751 -0.10914608  0.49140105] bottom_world=[-0.10910744 -0.10914597  0.47140105] quat=[-3.8058391e-01 -2.6153937e-06 -2.0079449e-06  9.2474645e-01] speed=0.0005 ang_speed=0.0025 ang_vel_vec=[-0.00013203  0.00234182 -0.00078275] |com_force|=0.0000N
### kotek_magnet[tick=5820] sensor4: d=0.5249m in_range=False f_mag=0.000N tau_mag=0.0000Nm misalign_deg=90.0 pos=[-0.10900036  0.10899876  0.49140233] bottom_world=[-0.10900023  0.10899905  0.47140233] quat=[ 3.8268277e-01 -4.1369381e-07 -7.8767816e-06  9.2387992e-01] speed=0.0006 ang_speed=0.0043 ang_vel_vec=[-0.00158336  0.0039658   0.00040559] |com_force|=0.0000N
### kotek_magnet[tick=5880] sensor1: d=0.4082m in_range=False f_mag=0.000N tau_mag=0.0000Nm misalign_deg=90.0 pos=[0.10880428 0.10900895 0.4914024 ] bottom_world=[0.10880401 0.1090093  0.47140239] quat=[9.2484146e-01 1.0493025e-05 2.8702157e-06 3.8035271e-01] speed=0.0010 ang_speed=0.0026 ang_vel_vec=[-0.0018481  -0.0016787  -0.00087955] |com_force|=0.0000N
### kotek_magnet[tick=5880] sensor2: d=0.3208m in_range=False f_mag=0.000N tau_mag=0.0000Nm misalign_deg=90.0 pos=[ 0.10902467 -0.10904589  0.49140117] bottom_world=[ 0.10902453 -0.10904596  0.47140117] quat=[ 9.2300063e-01 -2.9353025e-06  2.6817272e-06 -3.8479859e-01] speed=0.0006 ang_speed=0.0046 ang_vel_vec=[ 0.00192521 -0.00418254  0.00050936] |com_force|=0.0000N
### kotek_magnet[tick=5880] sensor3: d=0.5470m in_range=False f_mag=0.000N tau_mag=0.0000Nm misalign_deg=90.0 pos=[-0.10910816 -0.10914579  0.4914012 ] bottom_world=[-0.1091079 -0.1091459  0.4714012] quat=[-3.805840e-01 -4.958733e-06  5.119742e-06  9.247464e-01] speed=0.0010 ang_speed=0.0026 ang_vel_vec=[ 0.0018186   0.00159887 -0.00080769] |com_force|=0.0000N
### kotek_magnet[tick=5880] sensor4: d=0.5249m in_range=False f_mag=0.000N tau_mag=0.0000Nm misalign_deg=90.0 pos=[-0.10900021  0.10899849  0.4914024 ] bottom_world=[-0.10900011  0.1089988   0.47140239] quat=[ 3.8268295e-01  4.7516679e-07 -8.2158285e-06  9.2387968e-01] speed=0.0009 ang_speed=0.0017 ang_vel_vec=[-0.00054297 -0.00100496  0.00131206] |com_force|=0.0000N
### kotek_magnet[tick=5940] sensor1: d=0.4082m in_range=False f_mag=0.000N tau_mag=0.0000Nm misalign_deg=90.0 pos=[0.10880381 0.10900926 0.49140233] bottom_world=[0.10880371 0.10900939 0.47140233] quat=[9.2484152e-01 3.8460207e-06 9.5218013e-07 3.8035282e-01] speed=0.0006 ang_speed=0.0028 ang_vel_vec=[-0.00019886 -0.00259112 -0.00095398] |com_force|=0.0000N
### kotek_magnet[tick=5940] sensor2: d=0.3208m in_range=False f_mag=0.000N tau_mag=0.0000Nm misalign_deg=90.0 pos=[ 0.10902447 -0.10904567  0.49140114] bottom_world=[ 0.10902437 -0.10904575  0.47140114] quat=[ 9.2300045e-01 -2.8684126e-06  1.4802786e-06 -3.8479888e-01] speed=0.0010 ang_speed=0.0023 ang_vel_vec=[0.00037076 0.00176137 0.00136774] |com_force|=0.0000N
### kotek_magnet[tick=5940] sensor3: d=0.5470m in_range=False f_mag=0.000N tau_mag=0.0000Nm misalign_deg=90.0 pos=[-0.10910671 -0.10914607  0.49140108] bottom_world=[-0.10910688 -0.10914583  0.47140108] quat=[-3.8058341e-01  1.4895163e-06 -7.3063711e-06  9.2474657e-01] speed=0.0006 ang_speed=0.0039 ang_vel_vec=[-0.00351603 -0.00149898  0.00047996] |com_force|=0.0000N
### kotek_magnet[tick=5940] sensor4: d=0.5249m in_range=False f_mag=0.000N tau_mag=0.0000Nm misalign_deg=90.0 pos=[-0.10900021  0.1089985   0.4914023 ] bottom_world=[-0.1090001   0.10899881  0.4714023 ] quat=[ 3.8268301e-01  5.1413002e-07 -8.1329026e-06  9.2387974e-01] speed=0.0009 ang_speed=0.0019 ang_vel_vec=[-0.00025061 -0.00134374  0.00127921] |com_force|=0.0000N
### kotek_magnet[tick=6000] sensor1: d=0.4082m in_range=False f_mag=0.000N tau_mag=0.0000Nm misalign_deg=90.0 pos=[0.10880253 0.10900909 0.49140242] bottom_world=[0.10880274 0.1090091  0.47140242] quat=[ 9.2484200e-01 -1.9766669e-06 -4.8691763e-06  3.8035163e-01] speed=0.0010 ang_speed=0.0020 ang_vel_vec=[-0.00120432  0.00045539  0.00152418] |com_force|=0.0000N
### kotek_magnet[tick=6000] sensor2: d=0.3208m in_range=False f_mag=0.000N tau_mag=0.0000Nm misalign_deg=90.0 pos=[ 0.10902447 -0.10904565  0.49140108] bottom_world=[ 0.10902438 -0.10904573  0.47140108] quat=[ 9.2300045e-01 -2.8471113e-06  1.4328912e-06 -3.8479888e-01] speed=0.0010 ang_speed=0.0025 ang_vel_vec=[0.00036536 0.00197975 0.00148149] |com_force|=0.0000N
### kotek_magnet[tick=6000] sensor3: d=0.5470m in_range=False f_mag=0.000N tau_mag=0.0000Nm misalign_deg=90.0 pos=[-0.10910825 -0.1091456   0.4914011 ] bottom_world=[-0.10910795 -0.10914581  0.47140111] quat=[-3.8058382e-01 -4.7921699e-06  7.6746182e-06  9.2474645e-01] speed=0.0014 ang_speed=0.0163 ang_vel_vec=[ 0.01417181  0.00807301 -0.00025528] |com_force|=0.0000N
### kotek_magnet[tick=6000] sensor4: d=0.5249m in_range=False f_mag=0.000N tau_mag=0.0000Nm misalign_deg=90.0 pos=[-0.10900035  0.10899951  0.49140233] bottom_world=[-0.10900033  0.10899957  0.47140233] quat=[ 3.8268223e-01  2.1598349e-07 -1.5382957e-06  9.2388004e-01] speed=0.0005 ang_speed=0.0026 ang_vel_vec=[ 0.00202015  0.00144143 -0.00069247] |com_force|=0.0000N
### kotek_magnet[tick=6060] sensor1: d=0.4082m in_range=False f_mag=0.000N tau_mag=0.0000Nm misalign_deg=90.0 pos=[0.10880251 0.10900911 0.49140233] bottom_world=[0.10880272 0.10900911 0.47140233] quat=[ 9.2484194e-01 -2.0551627e-06 -4.8369398e-06  3.8035181e-01] speed=0.0010 ang_speed=0.0019 ang_vel_vec=[-0.00110314  0.00046011  0.00149769] |com_force|=0.0000N
### kotek_magnet[tick=6060] sensor2: d=0.3208m in_range=False f_mag=0.000N tau_mag=0.0000Nm misalign_deg=90.0 pos=[ 0.10902463 -0.10904644  0.49140102] bottom_world=[ 0.10902459 -0.10904635  0.47140102] quat=[ 9.2300069e-01  1.7094314e-06  1.7892012e-06 -3.8479829e-01] speed=0.0001 ang_speed=0.0014 ang_vel_vec=[ 0.00078467 -0.00106687 -0.00033162] |com_force|=0.0000N
### kotek_magnet[tick=6060] sensor3: d=0.5470m in_range=False f_mag=0.000N tau_mag=0.0000Nm misalign_deg=90.0 pos=[-0.10910813 -0.10914575  0.4914012 ] bottom_world=[-0.10910787 -0.10914587  0.4714012 ] quat=[-3.8058412e-01 -4.8798784e-06  5.2164928e-06  9.2474639e-01] speed=0.0010 ang_speed=0.0027 ang_vel_vec=[ 0.0020984   0.00151958 -0.00074788] |com_force|=0.0000N
### kotek_magnet[tick=6060] sensor4: d=0.5249m in_range=False f_mag=0.000N tau_mag=0.0000Nm misalign_deg=90.0 pos=[-0.10900009  0.10899933  0.49140224] bottom_world=[-0.10900017  0.10899937  0.47140224] quat=[ 3.8268250e-01  2.1991793e-06 -6.5228583e-08  9.2387986e-01] speed=0.0001 ang_speed=0.0030 ang_vel_vec=[ 0.00244499 -0.00171954  0.00044863] |com_force|=0.0000N
### kotek_magnet[tick=6120] sensor1: d=0.4082m in_range=False f_mag=0.000N tau_mag=0.0000Nm misalign_deg=90.0 pos=[0.10880257 0.10900911 0.4914023 ] bottom_world=[0.10880276 0.10900914 0.4714023 ] quat=[ 9.2484194e-01 -1.1635308e-06 -4.6629038e-06  3.8035181e-01] speed=0.0010 ang_speed=0.0031 ang_vel_vec=[-0.00278    -0.00031514  0.00138687] |com_force|=0.0000N
### kotek_magnet[tick=6120] sensor2: d=0.3208m in_range=False f_mag=0.000N tau_mag=0.0000Nm misalign_deg=90.0 pos=[ 0.10902466 -0.10904645  0.49140102] bottom_world=[ 0.10902462 -0.10904636  0.47140102] quat=[ 9.2300075e-01  1.7717557e-06  1.8746003e-06 -3.8479829e-01] speed=0.0001 ang_speed=0.0008 ang_vel_vec=[ 4.4616331e-06 -6.7923334e-04 -4.0299637e-04] |com_force|=0.0000N
### kotek_magnet[tick=6120] sensor3: d=0.5470m in_range=False f_mag=0.000N tau_mag=0.0000Nm misalign_deg=90.0 pos=[-0.10910644 -0.10914589  0.49140117] bottom_world=[-0.10910663 -0.10914567  0.47140117] quat=[-3.8058293e-01  2.5266054e-06 -6.8316522e-06  9.2474687e-01] speed=0.0010 ang_speed=0.0021 ang_vel_vec=[ 0.00151504 -0.00028425  0.00144689] |com_force|=0.0000N
### kotek_magnet[tick=6120] sensor4: d=0.5249m in_range=False f_mag=0.000N tau_mag=0.0000Nm misalign_deg=90.0 pos=[-0.10900007  0.10900021  0.49140233] bottom_world=[-0.1090003   0.10900006  0.47140233] quat=[3.8268197e-01 3.9528722e-06 5.6811850e-06 9.2388016e-01] speed=0.0010 ang_speed=0.0029 ang_vel_vec=[ 0.00195901 -0.00200003 -0.00082427] |com_force|=0.0000N
### kotek_magnet[tick=6180] sensor1: d=0.4082m in_range=False f_mag=0.000N tau_mag=0.0000Nm misalign_deg=90.0 pos=[0.10880258 0.10900906 0.49140245] bottom_world=[0.10880277 0.10900909 0.47140245] quat=[ 9.2484206e-01 -1.1741083e-06 -4.7477370e-06  3.8035157e-01] speed=0.0010 ang_speed=0.0032 ang_vel_vec=[-0.00285184 -0.00034351  0.00134593] |com_force|=0.0000N
### kotek_magnet[tick=6180] sensor2: d=0.3208m in_range=False f_mag=0.000N tau_mag=0.0000Nm misalign_deg=90.0 pos=[ 0.10902469 -0.10904563  0.49140117] bottom_world=[ 0.10902449 -0.10904574  0.47140117] quat=[ 9.2300045e-01 -4.3155014e-06  3.6493359e-06 -3.8479888e-01] speed=0.0009 ang_speed=0.0029 ang_vel_vec=[-0.00039772 -0.00279292  0.00065193] |com_force|=0.0000N
### kotek_magnet[tick=6180] sensor3: d=0.5470m in_range=False f_mag=0.000N tau_mag=0.0000Nm misalign_deg=90.0 pos=[-0.10910644 -0.10914592  0.49140128] bottom_world=[-0.10910664 -0.1091457   0.47140128] quat=[-3.805829e-01  2.473133e-06 -6.930538e-06  9.247468e-01] speed=0.0010 ang_speed=0.0021 ang_vel_vec=[ 0.00149207 -0.00026767  0.00142497] |com_force|=0.0000N
### kotek_magnet[tick=6180] sensor4: d=0.5249m in_range=False f_mag=0.000N tau_mag=0.0000Nm misalign_deg=90.0 pos=[-0.10900007  0.10900016  0.49140242] bottom_world=[-0.1090003   0.10900002  0.47140242] quat=[3.8268217e-01 3.9266242e-06 5.3785911e-06 9.2388016e-01] speed=0.0010 ang_speed=0.0027 ang_vel_vec=[ 0.00178208 -0.00189023 -0.00086432] |com_force|=0.0000N
### kotek_magnet[tick=6240] sensor1: d=0.4082m in_range=False f_mag=0.000N tau_mag=0.0000Nm misalign_deg=90.0 pos=[0.10880255 0.10900909 0.49140227] bottom_world=[0.10880275 0.1090091  0.47140227] quat=[ 9.2484194e-01 -1.6575522e-06 -4.6971645e-06  3.8035169e-01] speed=0.0010 ang_speed=0.0020 ang_vel_vec=[-0.00120204  0.00035975  0.00153187] |com_force|=0.0000N
### kotek_magnet[tick=6240] sensor2: d=0.3208m in_range=False f_mag=0.000N tau_mag=0.0000Nm misalign_deg=90.0 pos=[ 0.10902464 -0.10904588  0.49140105] bottom_world=[ 0.1090245  -0.10904595  0.47140105] quat=[ 9.2300063e-01 -3.0864883e-06  2.6848834e-06 -3.8479859e-01] speed=0.0006 ang_speed=0.0050 ang_vel_vec=[ 0.00228449 -0.00446207  0.00059443] |com_force|=0.0000N
### kotek_magnet[tick=6240] sensor3: d=0.5470m in_range=False f_mag=0.000N tau_mag=0.0000Nm misalign_deg=90.0 pos=[-0.10910729 -0.10914579  0.49140102] bottom_world=[-0.10910728 -0.10914575  0.47140102] quat=[-3.8058338e-01 -7.3979299e-07 -7.4850141e-07  9.2474657e-01] speed=0.0003 ang_speed=0.0054 ang_vel_vec=[0.00489239 0.0021418  0.00044282] |com_force|=0.0000N
### kotek_magnet[tick=6240] sensor4: d=0.5249m in_range=False f_mag=0.000N tau_mag=0.0000Nm misalign_deg=90.0 pos=[-0.10900009  0.10900023  0.49140233] bottom_world=[-0.10900031  0.10900008  0.47140233] quat=[3.8268206e-01 3.6669649e-06 5.5152600e-06 9.2388010e-01] speed=0.0010 ang_speed=0.0023 ang_vel_vec=[ 0.00165973 -0.00143474 -0.00069292] |com_force|=0.0000N
### kotek_magnet[tick=6300] sensor1: d=0.4082m in_range=False f_mag=0.000N tau_mag=0.0000Nm misalign_deg=90.0 pos=[0.10880259 0.10900907 0.4914024 ] bottom_world=[0.10880279 0.1090091  0.47140239] quat=[ 9.2484200e-01 -1.2563953e-06 -4.6479026e-06  3.8035154e-01] speed=0.0010 ang_speed=0.0028 ang_vel_vec=[-0.00237275 -0.00013892  0.00144863] |com_force|=0.0000N
### kotek_magnet[tick=6300] sensor2: d=0.3208m in_range=False f_mag=0.000N tau_mag=0.0000Nm misalign_deg=90.0 pos=[ 0.10902445 -0.10904565  0.4914011 ] bottom_world=[ 0.10902435 -0.10904574  0.47140111] quat=[ 9.2300045e-01 -2.9374655e-06  1.5081687e-06 -3.8479900e-01] speed=0.0010 ang_speed=0.0021 ang_vel_vec=[0.00049192 0.00151296 0.00144312] |com_force|=0.0000N
### kotek_magnet[tick=6300] sensor3: d=0.5470m in_range=False f_mag=0.000N tau_mag=0.0000Nm misalign_deg=90.0 pos=[-0.10910645 -0.10914586  0.49140114] bottom_world=[-0.10910664 -0.10914567  0.47140114] quat=[-3.8058296e-01  2.4389453e-06 -6.4023334e-06  9.2474681e-01] speed=0.0009 ang_speed=0.0026 ang_vel_vec=[2.1183619e-03 5.4377114e-08 1.4963781e-03] |com_force|=0.0000N
### kotek_magnet[tick=6300] sensor4: d=0.5249m in_range=False f_mag=0.000N tau_mag=0.0000Nm misalign_deg=90.0 pos=[-0.10900006  0.10900021  0.4914023 ] bottom_world=[-0.10900028  0.10900007  0.4714023 ] quat=[3.8268217e-01 3.8383942e-06 5.5129494e-06 9.2388016e-01] speed=0.0010 ang_speed=0.0025 ang_vel_vec=[ 0.00167348 -0.0017491  -0.00076624] |com_force|=0.0000N
### kotek_magnet[tick=6360] sensor1: d=0.4082m in_range=False f_mag=0.000N tau_mag=0.0000Nm misalign_deg=90.0 pos=[0.10880258 0.10900933 0.49140227] bottom_world=[0.1088028  0.10900924 0.47140227] quat=[ 9.2484194e-01 -4.0543750e-06 -4.2719153e-06  3.8035196e-01] speed=0.0009 ang_speed=0.0033 ang_vel_vec=[3.2249356e-03 4.8074948e-05 5.5907085e-04] |com_force|=0.0000N
### kotek_magnet[tick=6360] sensor2: d=0.3208m in_range=False f_mag=0.000N tau_mag=0.0000Nm misalign_deg=90.0 pos=[ 0.10902447 -0.10904562  0.4914011 ] bottom_world=[ 0.10902436 -0.10904571  0.47140111] quat=[ 9.2300045e-01 -3.0438639e-06  1.5215101e-06 -3.8479897e-01] speed=0.0010 ang_speed=0.0019 ang_vel_vec=[0.00046252 0.00143257 0.00122935] |com_force|=0.0000N
### kotek_magnet[tick=6360] sensor3: d=0.5470m in_range=False f_mag=0.000N tau_mag=0.0000Nm misalign_deg=90.0 pos=[-0.10910646 -0.10914588  0.4914011 ] bottom_world=[-0.10910665 -0.10914568  0.47140111] quat=[-3.8058308e-01  2.4413534e-06 -6.4573410e-06  9.2474681e-01] speed=0.0009 ang_speed=0.0023 ang_vel_vec=[ 1.8818483e-03 -4.5063192e-05  1.2839655e-03] |com_force|=0.0000N
### kotek_magnet[tick=6360] sensor4: d=0.5249m in_range=False f_mag=0.000N tau_mag=0.0000Nm misalign_deg=90.0 pos=[-0.10900037  0.10899954  0.49140227] bottom_world=[-0.10900035  0.1089996   0.47140227] quat=[ 3.8268226e-01  1.8795886e-07 -1.5738221e-06  9.2388010e-01] speed=0.0005 ang_speed=0.0026 ang_vel_vec=[ 0.00201286  0.001266   -0.00096201] |com_force|=0.0000N
### kotek_magnet[tick=6420] sensor1: d=0.4082m in_range=False f_mag=0.000N tau_mag=0.0000Nm misalign_deg=90.0 pos=[0.10880256 0.10900909 0.4914023 ] bottom_world=[0.10880276 0.10900911 0.4714023 ] quat=[ 9.2484200e-01 -1.3951319e-06 -4.6734999e-06  3.8035181e-01] speed=0.0010 ang_speed=0.0026 ang_vel_vec=[-2.1664852e-03 -8.3616469e-05  1.4145252e-03] |com_force|=0.0000N
### kotek_magnet[tick=6420] sensor2: d=0.3208m in_range=False f_mag=0.000N tau_mag=0.0000Nm misalign_deg=90.0 pos=[ 0.10902447 -0.10904565  0.4914011 ] bottom_world=[ 0.10902437 -0.10904574  0.47140111] quat=[ 9.2300040e-01 -2.9319735e-06  1.4547975e-06 -3.8479891e-01] speed=0.0010 ang_speed=0.0023 ang_vel_vec=[0.00041982 0.00171956 0.00141549] |com_force|=0.0000N
### kotek_magnet[tick=6420] sensor3: d=0.5470m in_range=False f_mag=0.000N tau_mag=0.0000Nm misalign_deg=90.0 pos=[-0.10910726 -0.1091458   0.491401  ] bottom_world=[-0.10910724 -0.10914576  0.47140099] quat=[-3.8058341e-01 -8.2549570e-07 -6.9633234e-07  9.2474657e-01] speed=0.0002 ang_speed=0.0055 ang_vel_vec=[0.00483685 0.00259975 0.00038267] |com_force|=0.0000N
### kotek_magnet[tick=6420] sensor4: d=0.5249m in_range=False f_mag=0.000N tau_mag=0.0000Nm misalign_deg=90.0 pos=[-0.10900009  0.10900021  0.49140236] bottom_world=[-0.10900031  0.10900006  0.47140236] quat=[3.8268206e-01 3.7925076e-06 5.5146670e-06 9.2388010e-01] speed=0.0010 ang_speed=0.0026 ang_vel_vec=[ 0.00173584 -0.00168725 -0.00080664] |com_force|=0.0000N
### kotek_magnet[tick=6480] sensor1: d=0.4082m in_range=False f_mag=0.000N tau_mag=0.0000Nm misalign_deg=90.0 pos=[0.10880257 0.1090093  0.49140233] bottom_world=[0.10880279 0.10900922 0.47140233] quat=[ 9.2484194e-01 -4.1198887e-06 -4.2503498e-06  3.8035166e-01] speed=0.0009 ang_speed=0.0036 ang_vel_vec=[3.4963018e-03 8.0303587e-05 8.7837386e-04] |com_force|=0.0000N
### kotek_magnet[tick=6480] sensor2: d=0.3208m in_range=False f_mag=0.000N tau_mag=0.0000Nm misalign_deg=90.0 pos=[ 0.10902464 -0.10904588  0.4914011 ] bottom_world=[ 0.1090245  -0.10904594  0.47140111] quat=[ 9.2300057e-01 -2.8966399e-06  2.6060256e-06 -3.8479865e-01] speed=0.0006 ang_speed=0.0048 ang_vel_vec=[ 0.00216852 -0.00421296  0.00062281] |com_force|=0.0000N
### kotek_magnet[tick=6480] sensor3: d=0.5470m in_range=False f_mag=0.000N tau_mag=0.0000Nm misalign_deg=90.0 pos=[-0.1091067  -0.10914607  0.49140105] bottom_world=[-0.10910688 -0.10914582  0.47140105] quat=[-3.8058344e-01  1.6714783e-06 -7.5732164e-06  9.2474669e-01] speed=0.0006 ang_speed=0.0042 ang_vel_vec=[-0.00378677 -0.00174924  0.00063756] |com_force|=0.0000N
### kotek_magnet[tick=6480] sensor4: d=0.5249m in_range=False f_mag=0.000N tau_mag=0.0000Nm misalign_deg=90.0 pos=[-0.10900006  0.10900021  0.49140227] bottom_world=[-0.10900028  0.10900007  0.47140227] quat=[3.8268220e-01 3.6901074e-06 5.3010749e-06 9.2388010e-01] speed=0.0010 ang_speed=0.0024 ang_vel_vec=[ 0.00163682 -0.00156302 -0.00066296] |com_force|=0.0000N
### kotek_magnet[tick=6540] sensor1: d=0.4082m in_range=False f_mag=0.000N tau_mag=0.0000Nm misalign_deg=90.0 pos=[0.10880259 0.10900909 0.4914024 ] bottom_world=[0.10880278 0.1090091  0.47140239] quat=[ 9.2484200e-01 -1.4048196e-06 -4.5671259e-06  3.8035157e-01] speed=0.0010 ang_speed=0.0026 ang_vel_vec=[-0.00219618 -0.0001139   0.00138838] |com_force|=0.0000N
### kotek_magnet[tick=6540] sensor2: d=0.3208m in_range=False f_mag=0.000N tau_mag=0.0000Nm misalign_deg=90.0 pos=[ 0.10902435 -0.10904734  0.49140117] bottom_world=[ 0.10902459 -0.10904697  0.47140117] quat=[ 9.2300087e-01  1.0813582e-05 -1.8515161e-06 -3.8479805e-01] speed=0.0010 ang_speed=0.0027 ang_vel_vec=[-0.00163426  0.00202999 -0.00082756] |com_force|=0.0000N
### kotek_magnet[tick=6540] sensor3: d=0.5470m in_range=False f_mag=0.000N tau_mag=0.0000Nm misalign_deg=90.0 pos=[-0.10910817 -0.10914577  0.49140117] bottom_world=[-0.10910791 -0.10914589  0.47140117] quat=[-3.8058400e-01 -4.8176880e-06  5.3044123e-06  9.2474639e-01] speed=0.0010 ang_speed=0.0026 ang_vel_vec=[ 0.00192875  0.00150984 -0.00083528] |com_force|=0.0000N
### kotek_magnet[tick=6540] sensor4: d=0.5249m in_range=False f_mag=0.000N tau_mag=0.0000Nm misalign_deg=90.0 pos=[-0.10900006  0.10900018  0.49140233] bottom_world=[-0.10900029  0.10900002  0.47140233] quat=[3.8268220e-01 3.7475459e-06 5.7194229e-06 9.2388016e-01] speed=0.0010 ang_speed=0.0028 ang_vel_vec=[ 0.00193419 -0.00186801 -0.00082036] |com_force|=0.0000N
### kotek_magnet[tick=6600] sensor1: d=0.4082m in_range=False f_mag=0.000N tau_mag=0.0000Nm misalign_deg=90.0 pos=[0.10880435 0.10900896 0.49140236] bottom_world=[0.10880408 0.1090093  0.47140236] quat=[9.2484158e-01 1.0433357e-05 2.7670142e-06 3.8035277e-01] speed=0.0010 ang_speed=0.0024 ang_vel_vec=[-0.00173384 -0.00147744 -0.00072132] |com_force|=0.0000N
### kotek_magnet[tick=6600] sensor2: d=0.3208m in_range=False f_mag=0.000N tau_mag=0.0000Nm misalign_deg=90.0 pos=[ 0.10902448 -0.10904565  0.49140117] bottom_world=[ 0.10902438 -0.10904574  0.47140117] quat=[ 9.2300045e-01 -2.8901011e-06  1.5014425e-06 -3.8479894e-01] speed=0.0010 ang_speed=0.0023 ang_vel_vec=[0.00043108 0.00157605 0.00155135] |com_force|=0.0000N
### kotek_magnet[tick=6600] sensor3: d=0.5470m in_range=False f_mag=0.000N tau_mag=0.0000Nm misalign_deg=90.0 pos=[-0.1091065  -0.10914589  0.49140114] bottom_world=[-0.10910668 -0.1091457   0.47140114] quat=[-3.8058302e-01  2.3301009e-06 -6.3505663e-06  9.2474681e-01] speed=0.0009 ang_speed=0.0027 ang_vel_vec=[0.0022098  0.00010132 0.00159502] |com_force|=0.0000N
### kotek_magnet[tick=6600] sensor4: d=0.5249m in_range=False f_mag=0.000N tau_mag=0.0000Nm misalign_deg=90.0 pos=[-0.10900009  0.1089993   0.49140218] bottom_world=[-0.10900017  0.10899934  0.47140218] quat=[ 3.8268274e-01  2.2457803e-06 -1.3152453e-07  9.2387986e-01] speed=0.0002 ang_speed=0.0027 ang_vel_vec=[ 0.00205378 -0.00172302  0.00056136] |com_force|=0.0000N
### kotek_magnet[tick=6660] sensor1: d=0.4082m in_range=False f_mag=0.000N tau_mag=0.0000Nm misalign_deg=90.0 pos=[0.10880432 0.10900897 0.49140233] bottom_world=[0.10880405 0.10900931 0.47140233] quat=[9.2484152e-01 1.0420473e-05 2.7991080e-06 3.8035268e-01] speed=0.0010 ang_speed=0.0024 ang_vel_vec=[-0.00169537 -0.00155544 -0.00083114] |com_force|=0.0000N
### kotek_magnet[tick=6660] sensor2: d=0.3208m in_range=False f_mag=0.000N tau_mag=0.0000Nm misalign_deg=90.0 pos=[ 0.10902444 -0.10904567  0.49140108] bottom_world=[ 0.10902434 -0.10904575  0.47140108] quat=[ 9.2300045e-01 -2.8984816e-06  1.4971652e-06 -3.8479897e-01] speed=0.0010 ang_speed=0.0022 ang_vel_vec=[0.00053125 0.00149051 0.00145845] |com_force|=0.0000N
### kotek_magnet[tick=6660] sensor3: d=0.5470m in_range=False f_mag=0.000N tau_mag=0.0000Nm misalign_deg=90.0 pos=[-0.10910754 -0.10914608  0.4914011 ] bottom_world=[-0.10910749 -0.10914595  0.47140111] quat=[-3.8058376e-01 -2.5130735e-06 -2.5753650e-06  9.2474645e-01] speed=0.0005 ang_speed=0.0026 ang_vel_vec=[-0.00149124  0.00194965 -0.00069998] |com_force|=0.0000N
### kotek_magnet[tick=6660] sensor4: d=0.5249m in_range=False f_mag=0.000N tau_mag=0.0000Nm misalign_deg=90.0 pos=[-0.1090002   0.10899849  0.49140233] bottom_world=[-0.10900009  0.10899881  0.47140233] quat=[ 3.8268304e-01  4.3789953e-07 -8.2966826e-06  9.2387968e-01] speed=0.0009 ang_speed=0.0017 ang_vel_vec=[-0.00061319 -0.00085735  0.00136784] |com_force|=0.0000N
### kotek_magnet[tick=6720] sensor1: d=0.4082m in_range=False f_mag=0.000N tau_mag=0.0000Nm misalign_deg=90.0 pos=[0.10880432 0.10900896 0.49140236] bottom_world=[0.10880405 0.10900931 0.47140236] quat=[9.24841523e-01 1.07160295e-05 2.81975758e-06 3.80352736e-01] speed=0.0010 ang_speed=0.0028 ang_vel_vec=[-0.00199194 -0.00181273 -0.00089729] |com_force|=0.0000N
### kotek_magnet[tick=6720] sensor2: d=0.3208m in_range=False f_mag=0.000N tau_mag=0.0000Nm misalign_deg=90.0 pos=[ 0.10902464 -0.10904671  0.4914011 ] bottom_world=[ 0.10902463 -0.10904654  0.47140111] quat=[ 9.2300075e-01  3.9273900e-06  1.9917932e-06 -3.8479811e-01] speed=0.0004 ang_speed=0.0025 ang_vel_vec=[-0.00196394 -0.0012638  -0.00074777] |com_force|=0.0000N
### kotek_magnet[tick=6720] sensor3: d=0.5470m in_range=False f_mag=0.000N tau_mag=0.0000Nm misalign_deg=90.0 pos=[-0.10910752 -0.1091461   0.49140114] bottom_world=[-0.10910746 -0.10914597  0.47140114] quat=[-3.8058391e-01 -2.6014563e-06 -2.3767166e-06  9.2474639e-01] speed=0.0005 ang_speed=0.0024 ang_vel_vec=[-0.00105189  0.00205539 -0.00074189] |com_force|=0.0000N
### kotek_magnet[tick=6720] sensor4: d=0.5249m in_range=False f_mag=0.000N tau_mag=0.0000Nm misalign_deg=90.0 pos=[-0.10900023  0.10899851  0.49140245] bottom_world=[-0.10900013  0.10899882  0.47140245] quat=[ 3.8268310e-01  6.1596097e-07 -8.1410435e-06  9.2387980e-01] speed=0.0009 ang_speed=0.0020 ang_vel_vec=[-0.00024189 -0.0014827   0.00130478] |com_force|=0.0000N
### kotek_magnet[tick=6780] sensor1: d=0.4082m in_range=False f_mag=0.000N tau_mag=0.0000Nm misalign_deg=90.0 pos=[0.1088043  0.10900901 0.4914023 ] bottom_world=[0.10880403 0.10900935 0.4714023 ] quat=[9.2484152e-01 1.0397096e-05 2.9018254e-06 3.8035268e-01] speed=0.0010 ang_speed=0.0023 ang_vel_vec=[-0.00150648 -0.00146836 -0.00080423] |com_force|=0.0000N
### kotek_magnet[tick=6780] sensor2: d=0.3208m in_range=False f_mag=0.000N tau_mag=0.0000Nm misalign_deg=90.0 pos=[ 0.10902464 -0.10904591  0.49140114] bottom_world=[ 0.1090245  -0.10904597  0.47140114] quat=[ 9.2300057e-01 -2.8858960e-06  2.6090465e-06 -3.8479853e-01] speed=0.0006 ang_speed=0.0049 ang_vel_vec=[ 0.00219242 -0.00436413  0.00055151] |com_force|=0.0000N
### kotek_magnet[tick=6780] sensor3: d=0.5470m in_range=False f_mag=0.000N tau_mag=0.0000Nm misalign_deg=90.0 pos=[-0.10910669 -0.10914609  0.4914011 ] bottom_world=[-0.10910687 -0.10914583  0.47140111] quat=[-3.8058326e-01  1.6743214e-06 -7.6470669e-06  9.2474675e-01] speed=0.0006 ang_speed=0.0045 ang_vel_vec=[-0.00406054 -0.0018556   0.00056567] |com_force|=0.0000N
### kotek_magnet[tick=6780] sensor4: d=0.5249m in_range=False f_mag=0.000N tau_mag=0.0000Nm misalign_deg=90.0 pos=[-0.10900036  0.10899959  0.49140236] bottom_world=[-0.10900034  0.10899965  0.47140236] quat=[ 3.8268223e-01  1.5386954e-08 -1.6950294e-06  9.2388010e-01] speed=0.0005 ang_speed=0.0026 ang_vel_vec=[ 0.00187073  0.00161179 -0.00068701] |com_force|=0.0000N
### kotek_magnet[tick=6840] sensor1: d=0.4082m in_range=False f_mag=0.000N tau_mag=0.0000Nm misalign_deg=90.0 pos=[0.10880433 0.10900896 0.49140236] bottom_world=[0.10880406 0.10900931 0.47140236] quat=[9.2484158e-01 1.0615761e-05 2.8543461e-06 3.8035277e-01] speed=0.0010 ang_speed=0.0029 ang_vel_vec=[-0.00207834 -0.00182165 -0.00096393] |com_force|=0.0000N
### kotek_magnet[tick=6840] sensor2: d=0.3208m in_range=False f_mag=0.000N tau_mag=0.0000Nm misalign_deg=90.0 pos=[ 0.10902465 -0.10904649  0.49140102] bottom_world=[ 0.10902462 -0.10904639  0.47140102] quat=[ 9.2300075e-01  2.0218808e-06  1.7291741e-06 -3.8479820e-01] speed=0.0001 ang_speed=0.0007 ang_vel_vec=[-0.00010725 -0.00050982 -0.000418  ] |com_force|=0.0000N
### kotek_magnet[tick=6840] sensor3: d=0.5470m in_range=False f_mag=0.000N tau_mag=0.0000Nm misalign_deg=90.0 pos=[-0.10910818 -0.10914578  0.49140108] bottom_world=[-0.1091079  -0.10914592  0.47140108] quat=[-3.8058406e-01 -5.1081611e-06  5.7286743e-06  9.2474645e-01] speed=0.0010 ang_speed=0.0029 ang_vel_vec=[ 0.00215365  0.00183387 -0.00082712] |com_force|=0.0000N
### kotek_magnet[tick=6840] sensor4: d=0.5249m in_range=False f_mag=0.000N tau_mag=0.0000Nm misalign_deg=90.0 pos=[-0.10900008  0.1090002   0.49140233] bottom_world=[-0.10900031  0.10900005  0.47140233] quat=[3.8268206e-01 3.9510264e-06 5.6644517e-06 9.2388016e-01] speed=0.0010 ang_speed=0.0030 ang_vel_vec=[ 0.00192445 -0.00211375 -0.00086442] |com_force|=0.0000N
### kotek_magnet[tick=6900] sensor1: d=0.4082m in_range=False f_mag=0.000N tau_mag=0.0000Nm misalign_deg=90.0 pos=[0.10880384 0.10900921 0.49140224] bottom_world=[0.10880374 0.10900935 0.47140224] quat=[9.2484158e-01 3.9690522e-06 9.1889933e-07 3.8035259e-01] speed=0.0006 ang_speed=0.0027 ang_vel_vec=[-0.00025775 -0.00253238 -0.0009253 ] |com_force|=0.0000N
### kotek_magnet[tick=6900] sensor2: d=0.3208m in_range=False f_mag=0.000N tau_mag=0.0000Nm misalign_deg=90.0 pos=[ 0.10902448 -0.10904569  0.49140117] bottom_world=[ 0.10902438 -0.10904577  0.47140117] quat=[ 9.2300045e-01 -2.8409249e-06  1.4813813e-06 -3.8479900e-01] speed=0.0010 ang_speed=0.0022 ang_vel_vec=[0.00045525 0.00158774 0.00142469] |com_force|=0.0000N
### kotek_magnet[tick=6900] sensor3: d=0.5470m in_range=False f_mag=0.000N tau_mag=0.0000Nm misalign_deg=90.0 pos=[-0.10910819 -0.10914583  0.49140105] bottom_world=[-0.10910792 -0.10914595  0.47140105] quat=[-3.8058403e-01 -5.0466729e-06  5.4397078e-06  9.2474633e-01] speed=0.0010 ang_speed=0.0027 ang_vel_vec=[ 0.00197058  0.00160542 -0.00080991] |com_force|=0.0000N
### kotek_magnet[tick=6900] sensor4: d=0.5249m in_range=False f_mag=0.000N tau_mag=0.0000Nm misalign_deg=90.0 pos=[-0.10900037  0.10899951  0.49140236] bottom_world=[-0.10900036  0.10899958  0.47140236] quat=[ 3.8268223e-01  3.8022543e-07 -1.5566595e-06  9.2388016e-01] speed=0.0005 ang_speed=0.0025 ang_vel_vec=[ 0.00230593  0.00062852 -0.00077391] |com_force|=0.0000N
### kotek_magnet[tick=6960] sensor1: d=0.4082m in_range=False f_mag=0.000N tau_mag=0.0000Nm misalign_deg=90.0 pos=[0.10880259 0.10900927 0.4914023 ] bottom_world=[0.1088028  0.10900918 0.4714023 ] quat=[ 9.2484188e-01 -3.9446804e-06 -4.2665729e-06  3.8035190e-01] speed=0.0009 ang_speed=0.0034 ang_vel_vec=[ 3.2841528e-03 -3.5314195e-05  7.0654438e-04] |com_force|=0.0000N
### kotek_magnet[tick=6960] sensor2: d=0.3208m in_range=False f_mag=0.000N tau_mag=0.0000Nm misalign_deg=90.0 pos=[ 0.10902467 -0.10904677  0.4914011 ] bottom_world=[ 0.10902465 -0.1090466   0.47140111] quat=[ 9.2300081e-01  3.6757249e-06  2.0628574e-06 -3.8479814e-01] speed=0.0004 ang_speed=0.0024 ang_vel_vec=[-0.00180272 -0.0013533  -0.00078156] |com_force|=0.0000N
### kotek_magnet[tick=6960] sensor3: d=0.5470m in_range=False f_mag=0.000N tau_mag=0.0000Nm misalign_deg=90.0 pos=[-0.10910648 -0.10914595  0.4914011 ] bottom_world=[-0.10910668 -0.10914575  0.47140111] quat=[-3.8058293e-01  2.5030647e-06 -6.6621292e-06  9.2474675e-01] speed=0.0010 ang_speed=0.0027 ang_vel_vec=[2.2819347e-03 4.6634021e-05 1.4429442e-03] |com_force|=0.0000N
### kotek_magnet[tick=6960] sensor4: d=0.5249m in_range=False f_mag=0.000N tau_mag=0.0000Nm misalign_deg=90.0 pos=[-0.10900021  0.10899843  0.4914023 ] bottom_world=[-0.10900011  0.10899875  0.4714023 ] quat=[ 3.8268307e-01  5.1407704e-07 -8.2935721e-06  9.2387968e-01] speed=0.0009 ang_speed=0.0016 ang_vel_vec=[-0.00039305 -0.00095674  0.00127572] |com_force|=0.0000N
### still playing, 1279s left
### kotek_magnet[tick=7020] sensor1: d=0.4082m in_range=False f_mag=0.000N tau_mag=0.0000Nm misalign_deg=90.0 pos=[0.10880286 0.10900927 0.49140233] bottom_world=[0.10880303 0.10900923 0.47140233] quat=[ 9.2484182e-01 -2.3330117e-06 -3.5872083e-06  3.8035199e-01] speed=0.0006 ang_speed=0.0037 ang_vel_vec=[0.00344643 0.00120591 0.00047448] |com_force|=0.0000N
### kotek_magnet[tick=7020] sensor2: d=0.3208m in_range=False f_mag=0.000N tau_mag=0.0000Nm misalign_deg=90.0 pos=[ 0.10902466 -0.10904668  0.49140114] bottom_world=[ 0.10902464 -0.10904652  0.47140114] quat=[ 9.2300087e-01  3.5953328e-06  1.9016043e-06 -3.8479805e-01] speed=0.0004 ang_speed=0.0025 ang_vel_vec=[-0.00222931 -0.00060476 -0.00083182] |com_force|=0.0000N
### kotek_magnet[tick=7020] sensor3: d=0.5470m in_range=False f_mag=0.000N tau_mag=0.0000Nm misalign_deg=90.0 pos=[-0.10910731 -0.10914578  0.49140108] bottom_world=[-0.10910723 -0.10914576  0.47140108] quat=[-3.8058344e-01 -2.1344938e-06  2.2317820e-07  9.2474669e-01] speed=0.0002 ang_speed=0.0030 ang_vel_vec=[0.00198872 0.00228569 0.00026012] |com_force|=0.0000N
### kotek_magnet[tick=7020] sensor4: d=0.5249m in_range=False f_mag=0.000N tau_mag=0.0000Nm misalign_deg=90.0 pos=[-0.10900019  0.10899851  0.49140227] bottom_world=[-0.10900009  0.1089988   0.47140227] quat=[ 3.8268310e-01  5.8412945e-07 -7.7982932e-06  9.2387980e-01] speed=0.0009 ang_speed=0.0015 ang_vel_vec=[-0.00039339 -0.00077124  0.00124564] |com_force|=0.0000N
### kotek_magnet[tick=7080] sensor1: d=0.4082m in_range=False f_mag=0.000N tau_mag=0.0000Nm misalign_deg=90.0 pos=[0.10880265 0.10900906 0.49140224] bottom_world=[0.10880283 0.10900909 0.47140224] quat=[ 9.2484200e-01 -9.5626808e-07 -4.4619569e-06  3.8035154e-01] speed=0.0009 ang_speed=0.0021 ang_vel_vec=[-1.3030266e-03 -4.6175413e-05  1.6278098e-03] |com_force|=0.0000N
### kotek_magnet[tick=7080] sensor2: d=0.3208m in_range=False f_mag=0.000N tau_mag=0.0000Nm misalign_deg=90.0 pos=[ 0.10902439 -0.10904735  0.49140108] bottom_world=[ 0.1090246  -0.10904699  0.47140108] quat=[ 9.2300087e-01  1.0287972e-05 -1.5186674e-06 -3.8479802e-01] speed=0.0009 ang_speed=0.0026 ang_vel_vec=[-0.0016274   0.00189019 -0.00067925] |com_force|=0.0000N
### kotek_magnet[tick=7080] sensor3: d=0.5470m in_range=False f_mag=0.000N tau_mag=0.0000Nm misalign_deg=90.0 pos=[-0.10910644 -0.10914586  0.49140102] bottom_world=[-0.10910663 -0.10914566  0.47140102] quat=[-3.8058299e-01  2.5823431e-06 -6.6936273e-06  9.2474687e-01] speed=0.0010 ang_speed=0.0026 ang_vel_vec=[ 0.00205557 -0.00014632  0.00156907] |com_force|=0.0000N
### kotek_magnet[tick=7080] sensor4: d=0.5249m in_range=False f_mag=0.000N tau_mag=0.0000Nm misalign_deg=90.0 pos=[-0.10900007  0.10900021  0.49140224] bottom_world=[-0.10900028  0.10900008  0.47140224] quat=[3.8268214e-01 3.4539464e-06 4.9982664e-06 9.2388010e-01] speed=0.0010 ang_speed=0.0008 ang_vel_vec=[ 0.0004088  -0.00030407 -0.00064793] |com_force|=0.0000N
### kotek_magnet[tick=7140] sensor1: d=0.4082m in_range=False f_mag=0.000N tau_mag=0.0000Nm misalign_deg=90.0 pos=[0.10880264 0.10900908 0.49140227] bottom_world=[0.10880281 0.10900912 0.47140227] quat=[ 9.2484200e-01 -6.4090233e-07 -4.2369638e-06  3.8035157e-01] speed=0.0009 ang_speed=0.0025 ang_vel_vec=[-0.00199615 -0.00056829  0.00146217] |com_force|=0.0000N
### kotek_magnet[tick=7140] sensor2: d=0.3208m in_range=False f_mag=0.000N tau_mag=0.0000Nm misalign_deg=90.0 pos=[ 0.10902437 -0.10904732  0.49140108] bottom_world=[ 0.10902459 -0.10904695  0.47140108] quat=[ 9.2300087e-01  1.0484731e-05 -1.5866517e-06 -3.8479796e-01] speed=0.0009 ang_speed=0.0026 ang_vel_vec=[-0.00153349  0.00187146 -0.00082776] |com_force|=0.0000N
### kotek_magnet[tick=7140] sensor3: d=0.5470m in_range=False f_mag=0.000N tau_mag=0.0000Nm misalign_deg=90.0 pos=[-0.10910643 -0.10914586  0.49140108] bottom_world=[-0.10910663 -0.10914565  0.47140108] quat=[-3.8058293e-01  2.6621924e-06 -6.5715558e-06  9.2474687e-01] speed=0.0010 ang_speed=0.0028 ang_vel_vec=[2.3830975e-03 5.9323982e-05 1.4669221e-03] |com_force|=0.0000N
### kotek_magnet[tick=7140] sensor4: d=0.5249m in_range=False f_mag=0.000N tau_mag=0.0000Nm misalign_deg=90.0 pos=[-0.10900007  0.10900025  0.49140227] bottom_world=[-0.10900028  0.10900011  0.47140227] quat=[3.8268214e-01 3.4994332e-06 5.1322349e-06 9.2388010e-01] speed=0.0010 ang_speed=0.0012 ang_vel_vec=[ 0.00061886 -0.00055917 -0.00079563] |com_force|=0.0000N
### kotek_magnet[tick=7200] sensor1: d=0.4082m in_range=False f_mag=0.000N tau_mag=0.0000Nm misalign_deg=90.0 pos=[0.10880288 0.1090093  0.4914022 ] bottom_world=[0.10880304 0.10900927 0.47140221] quat=[ 9.2484182e-01 -2.2469817e-06 -3.3492604e-06  3.8035211e-01] speed=0.0006 ang_speed=0.0031 ang_vel_vec=[0.00297539 0.00065108 0.00057443] |com_force|=0.0000N
### kotek_magnet[tick=7200] sensor2: d=0.3208m in_range=False f_mag=0.000N tau_mag=0.0000Nm misalign_deg=90.0 pos=[ 0.10902468 -0.1090467   0.4914011 ] bottom_world=[ 0.10902467 -0.10904653  0.47140111] quat=[ 9.2300081e-01  3.7709967e-06  1.7851107e-06 -3.8479817e-01] speed=0.0004 ang_speed=0.0022 ang_vel_vec=[-0.00195809 -0.0004941  -0.00077028] |com_force|=0.0000N
### kotek_magnet[tick=7200] sensor3: d=0.5470m in_range=False f_mag=0.000N tau_mag=0.0000Nm misalign_deg=90.0 pos=[-0.10910819 -0.10914572  0.4914011 ] bottom_world=[-0.10910792 -0.10914586  0.47140111] quat=[-3.8058400e-01 -5.0014164e-06  5.6642289e-06  9.2474645e-01] speed=0.0010 ang_speed=0.0025 ang_vel_vec=[ 0.00181846  0.00144799 -0.00085741] |com_force|=0.0000N
### kotek_magnet[tick=7200] sensor4: d=0.5249m in_range=False f_mag=0.000N tau_mag=0.0000Nm misalign_deg=90.0 pos=[-0.10900008  0.10900021  0.49140233] bottom_world=[-0.1090003   0.10900007  0.47140233] quat=[3.8268209e-01 3.7193338e-06 5.3904814e-06 9.2388010e-01] speed=0.0010 ang_speed=0.0017 ang_vel_vec=[ 0.00099792 -0.00103954 -0.00081745] |com_force|=0.0000N
### kotek_magnet[tick=7260] sensor1: d=0.4082m in_range=False f_mag=0.000N tau_mag=0.0000Nm misalign_deg=90.0 pos=[0.10880286 0.10900932 0.49140227] bottom_world=[0.10880302 0.10900927 0.47140227] quat=[ 9.2484194e-01 -2.6249159e-06 -3.4531508e-06  3.8035196e-01] speed=0.0006 ang_speed=0.0027 ang_vel_vec=[0.00259772 0.00030262 0.00067797] |com_force|=0.0000N
### kotek_magnet[tick=7260] sensor2: d=0.3208m in_range=False f_mag=0.000N tau_mag=0.0000Nm misalign_deg=90.0 pos=[ 0.10902466 -0.10904665  0.49140114] bottom_world=[ 0.10902464 -0.10904649  0.47140114] quat=[ 9.2300081e-01  3.4849350e-06  1.8624203e-06 -3.8479820e-01] speed=0.0004 ang_speed=0.0026 ang_vel_vec=[-0.0024771  -0.00059157 -0.00071197] |com_force|=0.0000N
### kotek_magnet[tick=7260] sensor3: d=0.5470m in_range=False f_mag=0.000N tau_mag=0.0000Nm misalign_deg=90.0 pos=[-0.10910755 -0.10914601  0.49140108] bottom_world=[-0.10910749 -0.10914588  0.47140108] quat=[-3.8058373e-01 -2.4436977e-06 -2.3980697e-06  9.2474651e-01] speed=0.0004 ang_speed=0.0026 ang_vel_vec=[-0.00093307  0.00227825 -0.00075069] |com_force|=0.0000N
### kotek_magnet[tick=7260] sensor4: d=0.5249m in_range=False f_mag=0.000N tau_mag=0.0000Nm misalign_deg=90.0 pos=[-0.10900009  0.10900026  0.49140218] bottom_world=[-0.10900029  0.10900012  0.47140218] quat=[3.8268223e-01 3.3718763e-06 5.0516128e-06 9.2388004e-01] speed=0.0010 ang_speed=0.0008 ang_vel_vec=[ 0.00032741 -0.00028577 -0.00071525] |com_force|=0.0000N
### kotek_magnet[tick=7320] sensor1: d=0.4082m in_range=False f_mag=0.000N tau_mag=0.0000Nm misalign_deg=90.0 pos=[0.10880263 0.10900904 0.49140224] bottom_world=[0.1088028  0.10900908 0.47140224] quat=[ 9.2484200e-01 -6.6219911e-07 -4.3649497e-06  3.8035160e-01] speed=0.0009 ang_speed=0.0031 ang_vel_vec=[-0.00251404 -0.00075393  0.00160432] |com_force|=0.0000N
### kotek_magnet[tick=7320] sensor2: d=0.3208m in_range=False f_mag=0.000N tau_mag=0.0000Nm misalign_deg=90.0 pos=[ 0.10902468 -0.10904671  0.49140102] bottom_world=[ 0.10902467 -0.10904654  0.47140102] quat=[ 9.2300081e-01  3.6754000e-06  1.9612457e-06 -3.8479811e-01] speed=0.0004 ang_speed=0.0022 ang_vel_vec=[-0.00192821 -0.00089525 -0.00062701] |com_force|=0.0000N
### kotek_magnet[tick=7320] sensor3: d=0.5470m in_range=False f_mag=0.000N tau_mag=0.0000Nm misalign_deg=90.0 pos=[-0.10910818 -0.10914577  0.4914011 ] bottom_world=[-0.10910792 -0.10914589  0.47140111] quat=[-3.8058400e-01 -4.9487226e-06  5.2703153e-06  9.2474639e-01] speed=0.0010 ang_speed=0.0020 ang_vel_vec=[ 0.00141549  0.00114137 -0.00072108] |com_force|=0.0000N
### kotek_magnet[tick=7320] sensor4: d=0.5249m in_range=False f_mag=0.000N tau_mag=0.0000Nm misalign_deg=90.0 pos=[-0.10900035  0.10899957  0.49140227] bottom_world=[-0.10900033  0.10899963  0.47140227] quat=[ 3.8268223e-01  2.5921184e-07 -1.5851297e-06  9.2388004e-01] speed=0.0005 ang_speed=0.0020 ang_vel_vec=[ 0.00142981  0.00117853 -0.00063244] |com_force|=0.0000N
### kotek_magnet[tick=7380] sensor1: d=0.4082m in_range=False f_mag=0.000N tau_mag=0.0000Nm misalign_deg=90.0 pos=[0.10880264 0.10900906 0.49140236] bottom_world=[0.1088028  0.10900911 0.47140236] quat=[ 9.2484206e-01 -4.1095632e-07 -4.2727411e-06  3.8035166e-01] speed=0.0009 ang_speed=0.0035 ang_vel_vec=[-0.00300558 -0.0010476   0.00156992] |com_force|=0.0000N
### kotek_magnet[tick=7380] sensor2: d=0.3208m in_range=False f_mag=0.000N tau_mag=0.0000Nm misalign_deg=90.0 pos=[ 0.10902463 -0.10904675  0.49140114] bottom_world=[ 0.10902462 -0.10904658  0.47140114] quat=[ 9.2300081e-01  3.9033794e-06  1.7605946e-06 -3.8479814e-01] speed=0.0004 ang_speed=0.0023 ang_vel_vec=[-0.00214946 -0.00019106 -0.00064283] |com_force|=0.0000N
### kotek_magnet[tick=7380] sensor3: d=0.5470m in_range=False f_mag=0.000N tau_mag=0.0000Nm misalign_deg=90.0 pos=[-0.10910753 -0.10914608  0.49140108] bottom_world=[-0.10910747 -0.10914597  0.47140108] quat=[-3.8058385e-01 -2.5708405e-06 -1.9449922e-06  9.2474651e-01] speed=0.0004 ang_speed=0.0022 ang_vel_vec=[-7.1053670e-05  2.1246336e-03 -6.6338811e-04] |com_force|=0.0000N
### kotek_magnet[tick=7380] sensor4: d=0.5249m in_range=False f_mag=0.000N tau_mag=0.0000Nm misalign_deg=90.0 pos=[-0.10900009  0.10900022  0.49140233] bottom_world=[-0.10900031  0.10900008  0.47140233] quat=[3.8268226e-01 3.7168402e-06 5.3722238e-06 9.2388010e-01] speed=0.0011 ang_speed=0.0013 ang_vel_vec=[ 0.00073743 -0.00078984 -0.00070043] |com_force|=0.0000N
### kotek_magnet[tick=7440] sensor1: d=0.4082m in_range=False f_mag=0.000N tau_mag=0.0000Nm misalign_deg=90.0 pos=[0.10880262 0.10900909 0.49140227] bottom_world=[0.10880279 0.10900914 0.47140227] quat=[ 9.2484194e-01 -5.2705798e-07 -4.3451701e-06  3.8035160e-01] speed=0.0009 ang_speed=0.0032 ang_vel_vec=[-0.00274504 -0.00095784  0.00129638] |com_force|=0.0000N
### kotek_magnet[tick=7440] sensor2: d=0.3208m in_range=False f_mag=0.000N tau_mag=0.0000Nm misalign_deg=90.0 pos=[ 0.10902439 -0.10904735  0.49140096] bottom_world=[ 0.10902462 -0.10904697  0.47140096] quat=[ 9.2300099e-01  1.0906494e-05 -1.7408822e-06 -3.8479784e-01] speed=0.0009 ang_speed=0.0029 ang_vel_vec=[-0.00175071  0.0020216  -0.00100907] |com_force|=0.0000N
### kotek_magnet[tick=7440] sensor3: d=0.5470m in_range=False f_mag=0.000N tau_mag=0.0000Nm misalign_deg=90.0 pos=[-0.10910754 -0.10914604  0.491401  ] bottom_world=[-0.10910748 -0.10914592  0.47140099] quat=[-3.8058379e-01 -2.5911017e-06 -2.2579216e-06  9.2474645e-01] speed=0.0004 ang_speed=0.0024 ang_vel_vec=[-0.00110266  0.00195661 -0.00095523] |com_force|=0.0000N
### kotek_magnet[tick=7440] sensor4: d=0.5249m in_range=False f_mag=0.000N tau_mag=0.0000Nm misalign_deg=90.0 pos=[-0.10900036  0.1089996   0.49140233] bottom_world=[-0.10900036  0.10899965  0.47140233] quat=[ 3.8268229e-01  4.0054746e-07 -1.3519020e-06  9.2388010e-01] speed=0.0005 ang_speed=0.0019 ang_vel_vec=[ 0.0014675   0.00082502 -0.00095425] |com_force|=0.0000N
### kotek_magnet[tick=7500] sensor1: d=0.4091m in_range=False f_mag=0.000N tau_mag=0.0000Nm misalign_deg=98.4 pos=[0.11225291 0.10497217 0.49213964] bottom_world=[0.10934696 0.11020273 0.4730557 ] quat=[0.91164994 0.1504141  0.01664785 0.38209   ] speed=0.3887 ang_speed=5.0599 ang_vel_vec=[-3.871146   -3.2495682   0.23953465] |com_force|=0.0000N
### kotek_magnet[tick=7500] sensor2: d=0.3208m in_range=False f_mag=0.000N tau_mag=0.0000Nm misalign_deg=90.0 pos=[ 0.10902461 -0.10904656  0.49140105] bottom_world=[ 0.10902458 -0.10904646  0.47140105] quat=[ 9.2300069e-01  1.8386728e-06  1.6530996e-06 -3.8479835e-01] speed=0.0002 ang_speed=0.0037 ang_vel_vec=[ 0.00229659 -0.00294383 -0.00018866] |com_force|=0.0000N
### kotek_magnet[tick=7500] sensor3: d=0.5470m in_range=False f_mag=0.000N tau_mag=0.0000Nm misalign_deg=90.0 pos=[-0.1091082  -0.10914572  0.49140108] bottom_world=[-0.10910794 -0.10914586  0.47140108] quat=[-3.8058397e-01 -4.8828865e-06  5.6623312e-06  9.2474639e-01] speed=0.0010 ang_speed=0.0025 ang_vel_vec=[ 0.00179088  0.00165093 -0.00074048] |com_force|=0.0000N
### kotek_magnet[tick=7500] sensor4: d=0.5249m in_range=False f_mag=0.000N tau_mag=0.0000Nm misalign_deg=90.0 pos=[-0.10899997  0.10900016  0.49140224] bottom_world=[-0.1090002   0.10900003  0.47140224] quat=[3.8268232e-01 4.1591984e-06 5.3730510e-06 9.2387998e-01] speed=0.0009 ang_speed=0.0022 ang_vel_vec=[ 0.00158192 -0.00152985 -0.00027356] |com_force|=0.0000N
### kotek_magnet[tick=7560] sensor1: d=0.4186m in_range=False f_mag=0.000N tau_mag=0.0000Nm misalign_deg=112.2 pos=[0.12247814 0.11000534 0.4971032 ] bottom_world=[0.11492521 0.1247476  0.48589523] quat=[0.85867727 0.4557404  0.11000471 0.20705818] speed=0.0377 ang_speed=0.4430 ang_vel_vec=[-0.35599226 -0.25233254 -0.07648291] |com_force|=0.0000N
### kotek_magnet[tick=7560] sensor2: d=0.3208m in_range=False f_mag=0.000N tau_mag=0.0000Nm misalign_deg=90.0 pos=[ 0.1090245  -0.10904562  0.4914011 ] bottom_world=[ 0.10902439 -0.10904572  0.47140111] quat=[ 9.2300045e-01 -3.2670723e-06  1.7179382e-06 -3.8479888e-01] speed=0.0010 ang_speed=0.0018 ang_vel_vec=[0.00077577 0.00075099 0.00148748] |com_force|=0.0000N
### kotek_magnet[tick=7560] sensor3: d=0.5470m in_range=False f_mag=0.000N tau_mag=0.0000Nm misalign_deg=90.0 pos=[-0.10910752 -0.10914607  0.49140117] bottom_world=[-0.10910746 -0.10914593  0.47140117] quat=[-3.8058385e-01 -2.6981686e-06 -2.5054287e-06  9.2474645e-01] speed=0.0004 ang_speed=0.0023 ang_vel_vec=[-0.00105329  0.00191413 -0.00067956] |com_force|=0.0000N
### kotek_magnet[tick=7560] sensor4: d=0.5249m in_range=False f_mag=0.000N tau_mag=0.0000Nm misalign_deg=90.0 pos=[-0.10900033  0.10899958  0.49140227] bottom_world=[-0.10900033  0.10899964  0.47140227] quat=[ 3.8268226e-01  5.4673751e-07 -1.4399211e-06  9.2388010e-01] speed=0.0006 ang_speed=0.0022 ang_vel_vec=[ 0.00200303  0.00029811 -0.00076931] |com_force|=0.0000N
### kotek_magnet[tick=7620] sensor1: d=0.4200m in_range=False f_mag=0.000N tau_mag=0.0000Nm misalign_deg=111.4 pos=[0.12391286 0.11331686 0.49718302] bottom_world=[0.11662592 0.12847025 0.48635366] quat=[0.85661644 0.46647826 0.10799979 0.1922043 ] speed=0.3059 ang_speed=6.5472 ang_vel_vec=[-1.5340406  2.2586043  5.9507008] |com_force|=0.0000N
### kotek_magnet[tick=7620] sensor2: d=0.3208m in_range=False f_mag=0.000N tau_mag=0.0000Nm misalign_deg=90.0 pos=[ 0.1090245  -0.1090456   0.49140102] bottom_world=[ 0.10902439 -0.1090457   0.47140102] quat=[ 9.2300045e-01 -3.2909304e-06  1.7143391e-06 -3.8479897e-01] speed=0.0011 ang_speed=0.0023 ang_vel_vec=[0.00031822 0.00172019 0.00142069] |com_force|=0.0000N
### kotek_magnet[tick=7620] sensor3: d=0.5470m in_range=False f_mag=0.000N tau_mag=0.0000Nm misalign_deg=90.0 pos=[-0.10910811 -0.10914567  0.49140108] bottom_world=[-0.10910783 -0.10914581  0.47140108] quat=[-3.8058376e-01 -4.9805117e-06  5.8837095e-06  9.2474645e-01] speed=0.0010 ang_speed=0.0039 ang_vel_vec=[ 0.00274183  0.00274161 -0.00057023] |com_force|=0.0000N
### kotek_magnet[tick=7620] sensor4: d=0.5249m in_range=False f_mag=0.000N tau_mag=0.0000Nm misalign_deg=90.0 pos=[-0.10900037  0.10899959  0.49140227] bottom_world=[-0.10900037  0.10899964  0.47140227] quat=[ 3.8268229e-01  6.4460630e-07 -1.2529863e-06  9.2388010e-01] speed=0.0005 ang_speed=0.0016 ang_vel_vec=[ 1.3389022e-03  2.5334441e-05 -8.1729732e-04] |com_force|=0.0000N
### kotek_magnet[tick=7680] sensor1: d=0.4195m in_range=False f_mag=0.000N tau_mag=0.0000Nm misalign_deg=111.1 pos=[0.12372927 0.11269283 0.49696892] bottom_world=[0.11652074 0.12771845 0.48591146] quat=[0.8587793  0.46127647 0.10386221 0.19731914] speed=0.1434 ang_speed=5.3579 ang_vel_vec=[-3.5348969 -1.4818933  3.7437208] |com_force|=0.0000N
### kotek_magnet[tick=7680] sensor2: d=0.3208m in_range=False f_mag=0.000N tau_mag=0.0000Nm misalign_deg=90.0 pos=[ 0.10902452 -0.10904562  0.49140114] bottom_world=[ 0.10902442 -0.10904572  0.47140114] quat=[ 9.2300045e-01 -3.0862691e-06  1.4369239e-06 -3.8479885e-01] speed=0.0010 ang_speed=0.0022 ang_vel_vec=[0.00024989 0.00177746 0.00131258] |com_force|=0.0000N
### kotek_magnet[tick=7680] sensor3: d=0.5470m in_range=False f_mag=0.000N tau_mag=0.0000Nm misalign_deg=90.0 pos=[-0.10910823 -0.10914575  0.49140108] bottom_world=[-0.10910796 -0.10914589  0.47140108] quat=[-3.8058403e-01 -5.1142842e-06  5.7651023e-06  9.2474639e-01] speed=0.0009 ang_speed=0.0029 ang_vel_vec=[ 0.00221728  0.00170418 -0.00093096] |com_force|=0.0000N
### kotek_magnet[tick=7680] sensor4: d=0.5249m in_range=False f_mag=0.000N tau_mag=0.0000Nm misalign_deg=90.0 pos=[-0.10900011  0.10900021  0.49140224] bottom_world=[-0.10900032  0.10900007  0.47140224] quat=[3.8268191e-01 3.5997614e-06 5.1976413e-06 9.2388016e-01] speed=0.0011 ang_speed=0.0017 ang_vel_vec=[ 0.00092842 -0.00110221 -0.00095934] |com_force|=0.0000N
### kotek_magnet[tick=7740] sensor1: d=0.4210m in_range=False f_mag=0.000N tau_mag=0.0000Nm misalign_deg=108.1 pos=[0.12316591 0.1124315  0.50433546] bottom_world=[0.11694276 0.12717361 0.49233785] quat=[0.86933494 0.44141188 0.072216   0.21023166] speed=0.2942 ang_speed=7.4853 ang_vel_vec=[-2.060797   -0.79604477  7.1518297 ] |com_force|=0.0000N
### kotek_magnet[tick=7740] sensor2: d=0.3208m in_range=False f_mag=0.000N tau_mag=0.0000Nm misalign_deg=90.0 pos=[ 0.10902448 -0.10904561  0.49140114] bottom_world=[ 0.10902439 -0.10904569  0.47140114] quat=[ 9.2300045e-01 -2.7288679e-06  1.3446920e-06 -3.8479903e-01] speed=0.0010 ang_speed=0.0027 ang_vel_vec=[-0.00015976  0.00218402  0.00149711] |com_force|=0.0000N
### kotek_magnet[tick=7740] sensor3: d=0.5470m in_range=False f_mag=0.000N tau_mag=0.0000Nm misalign_deg=90.0 pos=[-0.1091081  -0.10914566  0.4914011 ] bottom_world=[-0.10910782 -0.10914581  0.47140111] quat=[-3.8058385e-01 -4.8962947e-06  6.0478233e-06  9.2474651e-01] speed=0.0010 ang_speed=0.0040 ang_vel_vec=[ 0.00272606  0.00283084 -0.00046927] |com_force|=0.0000N
### kotek_magnet[tick=7740] sensor4: d=0.5249m in_range=False f_mag=0.000N tau_mag=0.0000Nm misalign_deg=90.0 pos=[-0.10899998  0.10900011  0.49140233] bottom_world=[-0.10900023  0.10899997  0.47140233] quat=[3.8268229e-01 4.4883236e-06 5.5261389e-06 9.2387998e-01] speed=0.0010 ang_speed=0.0031 ang_vel_vec=[ 0.00215669 -0.00218203 -0.00038481] |com_force|=0.0000N
### kotek_magnet[tick=7800] sensor1: d=0.4237m in_range=False f_mag=0.000N tau_mag=0.0000Nm misalign_deg=97.8 pos=[0.12666938 0.11175034 0.5277238 ] bottom_world=[0.12395966 0.12631692 0.51428979] quat=[ 0.89348364  0.40497664 -0.01199707  0.19374506] speed=0.2239 ang_speed=7.3559 ang_vel_vec=[ 1.1790869 -2.5811005  6.786502 ] |com_force|=0.0000N
### kotek_magnet[tick=7800] sensor2: d=0.3208m in_range=False f_mag=0.000N tau_mag=0.0000Nm misalign_deg=90.0 pos=[ 0.10902448 -0.10904565  0.49140105] bottom_world=[ 0.10902439 -0.10904573  0.47140105] quat=[ 9.2300045e-01 -2.8277902e-06  1.2906680e-06 -3.8479885e-01] speed=0.0010 ang_speed=0.0028 ang_vel_vec=[-0.00033586  0.0025347   0.00114384] |com_force|=0.0000N
### kotek_magnet[tick=7800] sensor3: d=0.5470m in_range=False f_mag=0.000N tau_mag=0.0000Nm misalign_deg=90.0 pos=[-0.10910753 -0.10914606  0.49140108] bottom_world=[-0.10910747 -0.10914594  0.47140108] quat=[-3.8058382e-01 -2.5267068e-06 -2.0467558e-06  9.2474651e-01] speed=0.0004 ang_speed=0.0024 ang_vel_vec=[-0.00029938  0.00216728 -0.00107061] |com_force|=0.0000N
### kotek_magnet[tick=7800] sensor4: d=0.5249m in_range=False f_mag=0.000N tau_mag=0.0000Nm misalign_deg=90.0 pos=[-0.10900038  0.10899957  0.49140227] bottom_world=[-0.10900038  0.10899962  0.47140227] quat=[ 3.8268226e-01  2.7236391e-07 -1.2817559e-06  9.2388004e-01] speed=0.0005 ang_speed=0.0023 ang_vel_vec=[ 0.00178766  0.0009798  -0.00109089] |com_force|=0.0000N
### kotek_magnet[tick=7860] sensor1: d=0.4313m in_range=False f_mag=0.000N tau_mag=0.0000Nm misalign_deg=93.6 pos=[0.12888454 0.1111564  0.55298483] bottom_world=[0.12761932 0.12568661 0.53930009] quat=[ 0.9010154   0.3951979  -0.04123095  0.17403999] speed=0.2383 ang_speed=7.6334 ang_vel_vec=[6.354153  2.981223  3.0009522] |com_force|=0.0000N
### kotek_magnet[tick=7860] sensor2: d=0.3208m in_range=False f_mag=0.000N tau_mag=0.0000Nm misalign_deg=90.0 pos=[ 0.10902447 -0.10904558  0.49140114] bottom_world=[ 0.10902436 -0.10904568  0.47140114] quat=[ 9.2300051e-01 -3.4203083e-06  1.4335699e-06 -3.8479888e-01] speed=0.0010 ang_speed=0.0029 ang_vel_vec=[4.9658294e-05 2.5304342e-03 1.3659823e-03] |com_force|=0.0000N
### kotek_magnet[tick=7860] sensor3: d=0.5470m in_range=False f_mag=0.000N tau_mag=0.0000Nm misalign_deg=90.0 pos=[-0.10910819 -0.1091457   0.49140102] bottom_world=[-0.10910793 -0.10914583  0.47140102] quat=[-3.8058397e-01 -4.7866624e-06  5.4674579e-06  9.2474639e-01] speed=0.0010 ang_speed=0.0029 ang_vel_vec=[ 0.0021664   0.00174292 -0.00091192] |com_force|=0.0000N
### kotek_magnet[tick=7860] sensor4: d=0.5249m in_range=False f_mag=0.000N tau_mag=0.0000Nm misalign_deg=90.0 pos=[-0.10900038  0.10899964  0.49140218] bottom_world=[-0.10900036  0.1089997   0.47140218] quat=[ 3.82682294e-01 -1.17108826e-07 -1.61082426e-06  9.23880041e-01] speed=0.0005 ang_speed=0.0022 ang_vel_vec=[ 0.00137417  0.00152945 -0.00082829] |com_force|=0.0000N
### kotek_magnet[tick=7920] sensor1: d=0.4429m in_range=False f_mag=0.000N tau_mag=0.0000Nm misalign_deg=93.5 pos=[0.12933898 0.11137182 0.5784131 ] bottom_world=[0.12811924 0.12592715 0.56475097] quat=[ 0.9009204   0.3958182  -0.04211894  0.17290568] speed=0.2725 ang_speed=8.8286 ang_vel_vec=[8.23806   2.6439385 1.7574162] |com_force|=0.0000N
### kotek_magnet[tick=7920] sensor2: d=0.3208m in_range=False f_mag=0.000N tau_mag=0.0000Nm misalign_deg=90.0 pos=[ 0.10902451 -0.10904562  0.49140108] bottom_world=[ 0.1090244  -0.10904571  0.47140108] quat=[ 9.2300045e-01 -3.2031189e-06  1.5152273e-06 -3.8479897e-01] speed=0.0011 ang_speed=0.0025 ang_vel_vec=[0.00013    0.00212321 0.00129232] |com_force|=0.0000N
### kotek_magnet[tick=7920] sensor3: d=0.5470m in_range=False f_mag=0.000N tau_mag=0.0000Nm misalign_deg=90.0 pos=[-0.10910819 -0.10914572  0.4914011 ] bottom_world=[-0.10910791 -0.10914585  0.47140111] quat=[-3.8058394e-01 -5.1042707e-06  5.6902586e-06  9.2474633e-01] speed=0.0010 ang_speed=0.0030 ang_vel_vec=[ 0.00220533  0.00179125 -0.00100625] |com_force|=0.0000N
### kotek_magnet[tick=7920] sensor4: d=0.5249m in_range=False f_mag=0.000N tau_mag=0.0000Nm misalign_deg=90.0 pos=[-0.10900009  0.10900021  0.49140215] bottom_world=[-0.1090003   0.10900008  0.47140215] quat=[3.8268206e-01 3.5522312e-06 5.1862262e-06 9.2388010e-01] speed=0.0011 ang_speed=0.0014 ang_vel_vec=[ 0.00076427 -0.00063457 -0.00093184] |com_force|=0.0000N
### kotek_magnet[tick=7980] sensor1: d=0.4506m in_range=False f_mag=0.000N tau_mag=0.0000Nm misalign_deg=93.3 pos=[0.12955448 0.11135504 0.5940392 ] bottom_world=[0.12839382 0.12595411 0.58041864] quat=[ 0.9005706   0.39698336 -0.04347511  0.17171712] speed=0.2826 ang_speed=8.2830 ang_vel_vec=[6.906274  3.6284645 2.783107 ] |com_force|=0.0000N
### kotek_magnet[tick=7980] sensor2: d=0.3208m in_range=False f_mag=0.000N tau_mag=0.0000Nm misalign_deg=90.0 pos=[ 0.10902447 -0.10904561  0.4914011 ] bottom_world=[ 0.10902437 -0.1090457   0.47140111] quat=[ 9.2300051e-01 -3.1070613e-06  1.5418716e-06 -3.8479891e-01] speed=0.0010 ang_speed=0.0027 ang_vel_vec=[8.0173137e-05 2.1385390e-03 1.6901415e-03] |com_force|=0.0000N
### kotek_magnet[tick=7980] sensor3: d=0.5470m in_range=False f_mag=0.000N tau_mag=0.0000Nm misalign_deg=90.0 pos=[-0.10910758 -0.10914604  0.49140102] bottom_world=[-0.1091075  -0.10914591  0.47140102] quat=[-3.8058376e-01 -2.8480142e-06 -2.1451342e-06  9.2474645e-01] speed=0.0004 ang_speed=0.0028 ang_vel_vec=[-0.00101608  0.00255692 -0.00051666] |com_force|=0.0000N
### kotek_magnet[tick=7980] sensor4: d=0.5249m in_range=False f_mag=0.000N tau_mag=0.0000Nm misalign_deg=90.0 pos=[-0.10900037  0.10899959  0.49140227] bottom_world=[-0.10900038  0.10899964  0.47140227] quat=[ 3.8268223e-01  6.8771971e-07 -1.2522664e-06  9.2388010e-01] speed=0.0005 ang_speed=0.0013 ang_vel_vec=[ 0.00116131  0.00045558 -0.00050896] |com_force|=0.0000N
### kotek_magnet[tick=8040] sensor1: d=0.4492m in_range=False f_mag=0.000N tau_mag=0.0000Nm misalign_deg=94.5 pos=[0.13143788 0.11353812 0.59104466] bottom_world=[0.12987848 0.12782214 0.57713298] quat=[ 0.9020756   0.38845083 -0.0362457   0.18453175] speed=0.2914 ang_speed=8.4154 ang_vel_vec=[6.8957167 3.9302971 2.7964618] |com_force|=0.0000N
### kotek_magnet[tick=8040] sensor2: d=0.3208m in_range=False f_mag=0.000N tau_mag=0.0000Nm misalign_deg=90.0 pos=[ 0.10902423 -0.10904729  0.49140114] bottom_world=[ 0.10902448 -0.10904691  0.47140114] quat=[ 9.2300087e-01  1.1198449e-05 -2.3139498e-06 -3.8479811e-01] speed=0.0009 ang_speed=0.0048 ang_vel_vec=[-0.00341326  0.00335757 -0.00047453] |com_force|=0.0000N
### kotek_magnet[tick=8040] sensor3: d=0.5470m in_range=False f_mag=0.000N tau_mag=0.0000Nm misalign_deg=90.0 pos=[-0.10910814 -0.10914565  0.49140117] bottom_world=[-0.10910786 -0.1091458   0.47140117] quat=[-3.8058373e-01 -4.9668997e-06  6.1335500e-06  9.2474645e-01] speed=0.0010 ang_speed=0.0045 ang_vel_vec=[ 0.0030897   0.00318136 -0.00050521] |com_force|=0.0000N
### kotek_magnet[tick=8040] sensor4: d=0.5249m in_range=False f_mag=0.000N tau_mag=0.0000Nm misalign_deg=90.0 pos=[-0.10900036  0.10899958  0.49140233] bottom_world=[-0.10900036  0.10899963  0.47140233] quat=[ 3.8268238e-01  3.9279112e-07 -1.1458993e-06  9.2388004e-01] speed=0.0005 ang_speed=0.0018 ang_vel_vec=[ 0.00142184  0.00091125 -0.0007132 ] |com_force|=0.0000N
### kotek_magnet[tick=8100] sensor1: d=0.4458m in_range=False f_mag=0.000N tau_mag=0.0000Nm misalign_deg=96.9 pos=[0.1407597  0.11862953 0.58900714] bottom_world=[0.13835138 0.13241865 0.57472217] quat=[ 0.89956737  0.37717238 -0.02483665  0.21886663] speed=0.2783 ang_speed=8.2745 ang_vel_vec=[6.350615  4.2760067 3.138902 ] |com_force|=0.0000N
### kotek_magnet[tick=8100] sensor2: d=0.3208m in_range=False f_mag=0.000N tau_mag=0.0000Nm misalign_deg=90.0 pos=[ 0.10902466 -0.10904644  0.491401  ] bottom_world=[ 0.10902461 -0.10904635  0.47140099] quat=[ 9.2300075e-01  1.6408370e-06  1.8816501e-06 -3.8479826e-01] speed=0.0002 ang_speed=0.0012 ang_vel_vec=[ 0.00041887 -0.00103503 -0.00045665] |com_force|=0.0000N
### kotek_magnet[tick=8100] sensor3: d=0.5470m in_range=False f_mag=0.000N tau_mag=0.0000Nm misalign_deg=90.0 pos=[-0.10910732 -0.10914577  0.491401  ] bottom_world=[-0.10910729 -0.10914574  0.47140099] quat=[-3.8058338e-01 -9.5239801e-07 -4.0661229e-07  9.2474669e-01] speed=0.0004 ang_speed=0.0064 ang_vel_vec=[0.00564671 0.00308875 0.00029088] |com_force|=0.0000N
### kotek_magnet[tick=8100] sensor4: d=0.5249m in_range=False f_mag=0.000N tau_mag=0.0000Nm misalign_deg=90.0 pos=[-0.1090002   0.10899854  0.49140233] bottom_world=[-0.10900011  0.10899884  0.47140233] quat=[ 3.8268298e-01  7.8737691e-07 -7.5407543e-06  9.2387980e-01] speed=0.0009 ang_speed=0.0017 ang_vel_vec=[-0.00030975 -0.00106523  0.00126729] |com_force|=0.0000N
### kotek_magnet[tick=8160] sensor1: d=0.4415m in_range=False f_mag=0.000N tau_mag=0.0000Nm misalign_deg=99.6 pos=[0.15129286 0.12352615 0.5866172 ] bottom_world=[0.14797139 0.13664873 0.57189421] quat=[ 0.8955332   0.36303413 -0.01149615  0.2570883 ] speed=0.2591 ang_speed=8.2032 ang_vel_vec=[5.889584  4.8963246 2.937924 ] |com_force|=0.0000N
### kotek_magnet[tick=8160] sensor2: d=0.3208m in_range=False f_mag=0.000N tau_mag=0.0000Nm misalign_deg=90.0 pos=[ 0.1090245 -0.1090456  0.4914011] bottom_world=[ 0.10902439 -0.1090457   0.47140111] quat=[ 9.2300045e-01 -3.3144931e-06  1.6519302e-06 -3.8479906e-01] speed=0.0010 ang_speed=0.0020 ang_vel_vec=[0.00042311 0.00139898 0.00141468] |com_force|=0.0000N
### kotek_magnet[tick=8160] sensor3: d=0.5470m in_range=False f_mag=0.000N tau_mag=0.0000Nm misalign_deg=90.0 pos=[-0.10910819 -0.10914572  0.49140117] bottom_world=[-0.10910791 -0.10914584  0.47140117] quat=[-3.8058406e-01 -5.1247112e-06  5.5840255e-06  9.2474645e-01] speed=0.0010 ang_speed=0.0030 ang_vel_vec=[ 0.00213253  0.0019421  -0.00085663] |com_force|=0.0000N
### kotek_magnet[tick=8160] sensor4: d=0.5249m in_range=False f_mag=0.000N tau_mag=0.0000Nm misalign_deg=90.0 pos=[-0.10900003  0.10899884  0.49140224] bottom_world=[-0.1090001   0.108999    0.47140224] quat=[ 3.8268280e-01  3.0742510e-06 -2.9591126e-06  9.2387980e-01] speed=0.0006 ang_speed=0.0049 ang_vel_vec=[ 0.0027681  -0.00394051  0.00102364] |com_force|=0.0000N
### kotek_magnet[tick=8220] sensor1: d=0.4366m in_range=False f_mag=0.000N tau_mag=0.0000Nm misalign_deg=102.0 pos=[0.16201767 0.12758103 0.5840285 ] bottom_world=[0.15784578 0.13992159 0.56885265] quat=[0.89011633 0.34727517 0.00203741 0.295108  ] speed=0.2499 ang_speed=8.0992 ang_vel_vec=[5.511872 5.050045 3.116679] |com_force|=0.0000N
### kotek_magnet[tick=8220] sensor2: d=0.3208m in_range=False f_mag=0.000N tau_mag=0.0000Nm misalign_deg=90.0 pos=[ 0.1090245  -0.10904557  0.49140108] bottom_world=[ 0.1090244  -0.10904567  0.47140108] quat=[ 9.2300040e-01 -3.1275113e-06  1.3652439e-06 -3.8479912e-01] speed=0.0010 ang_speed=0.0027 ang_vel_vec=[-0.00010263  0.00224085  0.00151353] |com_force|=0.0000N
### kotek_magnet[tick=8220] sensor3: d=0.5470m in_range=False f_mag=0.000N tau_mag=0.0000Nm misalign_deg=90.0 pos=[-0.10910754 -0.10914603  0.4914011 ] bottom_world=[-0.10910748 -0.10914592  0.47140111] quat=[-3.8058370e-01 -2.4037568e-06 -2.0090858e-06  9.2474645e-01] speed=0.0004 ang_speed=0.0029 ang_vel_vec=[ 0.00037702  0.00274327 -0.00070167] |com_force|=0.0000N
### kotek_magnet[tick=8220] sensor4: d=0.5249m in_range=False f_mag=0.000N tau_mag=0.0000Nm misalign_deg=90.0 pos=[-0.10900018  0.10899859  0.49140224] bottom_world=[-0.10900009  0.10899888  0.47140224] quat=[ 3.8268316e-01  6.8873402e-07 -7.4798045e-06  9.2387974e-01] speed=0.0009 ang_speed=0.0017 ang_vel_vec=[-0.00038916 -0.00078831  0.00139632] |com_force|=0.0000N
### kotek_magnet[tick=8280] sensor1: d=0.4310m in_range=False f_mag=0.000N tau_mag=0.0000Nm misalign_deg=104.4 pos=[0.17268224 0.13069183 0.5812595 ] bottom_world=[0.16772413 0.142133   0.56562246] quat=[0.883377   0.3298688  0.01614713 0.33252203] speed=0.2497 ang_speed=7.8431 ang_vel_vec=[5.4859595 5.0006247 2.5322776] |com_force|=0.0000N
### kotek_magnet[tick=8280] sensor2: d=0.3208m in_range=False f_mag=0.000N tau_mag=0.0000Nm misalign_deg=90.0 pos=[ 0.10902467 -0.10904581  0.4914011 ] bottom_world=[ 0.10902452 -0.10904589  0.47140111] quat=[ 9.2300057e-01 -3.2834841e-06  2.7913468e-06 -3.8479874e-01] speed=0.0007 ang_speed=0.0043 ang_vel_vec=[ 0.00147877 -0.00405169  0.0002832 ] |com_force|=0.0000N
### kotek_magnet[tick=8280] sensor3: d=0.5470m in_range=False f_mag=0.000N tau_mag=0.0000Nm misalign_deg=90.0 pos=[-0.10910723 -0.10914603  0.49140105] bottom_world=[-0.10910725 -0.10914587  0.47140105] quat=[-3.8058364e-01 -8.7167041e-07 -3.9973170e-06  9.2474651e-01] speed=0.0001 ang_speed=0.0021 ang_vel_vec=[-0.00184074 -0.00091915 -0.00060505] |com_force|=0.0000N
### kotek_magnet[tick=8280] sensor4: d=0.5249m in_range=False f_mag=0.000N tau_mag=0.0000Nm misalign_deg=90.0 pos=[-0.10900017  0.10899857  0.4914023 ] bottom_world=[-0.10900008  0.10899886  0.4714023 ] quat=[ 3.8268295e-01  6.1415193e-07 -7.5705470e-06  9.2387968e-01] speed=0.0009 ang_speed=0.0013 ang_vel_vec=[-0.00045392 -0.00052376  0.0011451 ] |com_force|=0.0000N
### kotek_magnet[tick=8340] sensor1: d=0.4248m in_range=False f_mag=0.000N tau_mag=0.0000Nm misalign_deg=106.5 pos=[0.18336669 0.13284536 0.5782436 ] bottom_world=[0.1777026  0.14328137 0.5621499 ] quat=[0.8752193  0.31100085 0.03058632 0.36923468] speed=0.2283 ang_speed=7.5967 ang_vel_vec=[4.5346155 5.505973  2.6137333] |com_force|=0.0000N
### kotek_magnet[tick=8340] sensor2: d=0.3208m in_range=False f_mag=0.000N tau_mag=0.0000Nm misalign_deg=90.0 pos=[ 0.10902451 -0.10904561  0.49140117] bottom_world=[ 0.1090244  -0.10904571  0.47140117] quat=[ 9.230005e-01 -3.312762e-06  1.629907e-06 -3.847989e-01] speed=0.0011 ang_speed=0.0021 ang_vel_vec=[0.00038983 0.00132604 0.00155202] |com_force|=0.0000N
### kotek_magnet[tick=8340] sensor3: d=0.5470m in_range=False f_mag=0.000N tau_mag=0.0000Nm misalign_deg=90.0 pos=[-0.10910641 -0.10914587  0.49140117] bottom_world=[-0.10910662 -0.10914566  0.47140117] quat=[-3.805828e-01  2.653109e-06 -6.793529e-06  9.247468e-01] speed=0.0011 ang_speed=0.0026 ang_vel_vec=[ 0.0020216  -0.00021895  0.0015945 ] |com_force|=0.0000N
### kotek_magnet[tick=8340] sensor4: d=0.5249m in_range=False f_mag=0.000N tau_mag=0.0000Nm misalign_deg=90.0 pos=[-0.1090002   0.10899852  0.4914023 ] bottom_world=[-0.10900011  0.10899881  0.4714023 ] quat=[ 3.8268310e-01  6.2760665e-07 -7.5646276e-06  9.2387968e-01] speed=0.0009 ang_speed=0.0017 ang_vel_vec=[-0.00043779 -0.00064683  0.00146554] |com_force|=0.0000N
### kotek_magnet[tick=8400] sensor1: d=0.4178m in_range=False f_mag=0.000N tau_mag=0.0000Nm misalign_deg=108.3 pos=[0.19395307 0.1340427  0.57496077] bottom_world=[0.18766521 0.14337406 0.5584263 ] quat=[0.8656128  0.2908028  0.04552016 0.4050631 ] speed=0.2237 ang_speed=7.6027 ang_vel_vec=[4.568911 5.484527 2.616596] |com_force|=0.0000N
### kotek_magnet[tick=8400] sensor2: d=0.3208m in_range=False f_mag=0.000N tau_mag=0.0000Nm misalign_deg=90.0 pos=[ 0.10902452 -0.10904557  0.49140114] bottom_world=[ 0.10902442 -0.10904567  0.47140114] quat=[ 9.2300045e-01 -3.1417835e-06  1.4433826e-06 -3.8479891e-01] speed=0.0011 ang_speed=0.0028 ang_vel_vec=[-3.8020291e-05  2.4193435e-03  1.4092199e-03] |com_force|=0.0000N
### kotek_magnet[tick=8400] sensor3: d=0.5470m in_range=False f_mag=0.000N tau_mag=0.0000Nm misalign_deg=90.0 pos=[-0.10910726 -0.10914601  0.49140102] bottom_world=[-0.10910728 -0.10914586  0.47140102] quat=[-3.8058364e-01 -8.8808918e-07 -3.5274427e-06  9.2474657e-01] speed=0.0001 ang_speed=0.0015 ang_vel_vec=[-0.00119327 -0.00084343 -0.00043035] |com_force|=0.0000N
### kotek_magnet[tick=8400] sensor4: d=0.5249m in_range=False f_mag=0.000N tau_mag=0.0000Nm misalign_deg=90.0 pos=[-0.10900015  0.1089986   0.4914023 ] bottom_world=[-0.10900006  0.10899888  0.4714023 ] quat=[ 3.8268307e-01  7.6644653e-07 -7.3642359e-06  9.2387968e-01] speed=0.0009 ang_speed=0.0016 ang_vel_vec=[-0.00014015 -0.00089693  0.00134169] |com_force|=0.0000N
### kotek_magnet[tick=8460] sensor1: d=0.4102m in_range=False f_mag=0.000N tau_mag=0.0000Nm misalign_deg=110.0 pos=[0.20439313 0.1342227  0.57141346] bottom_world=[0.19756692 0.14235603 0.55446495] quat=[0.8544803  0.26937807 0.06101523 0.43997285] speed=0.2114 ang_speed=7.5619 ang_vel_vec=[4.246858  5.7576933 2.4486866] |com_force|=0.0000N
### kotek_magnet[tick=8460] sensor2: d=0.3208m in_range=False f_mag=0.000N tau_mag=0.0000Nm misalign_deg=90.0 pos=[ 0.10902468 -0.10904645  0.49140087] bottom_world=[ 0.10902464 -0.10904636  0.47140087] quat=[ 9.2300081e-01  1.6770786e-06  1.8315222e-06 -3.8479829e-01] speed=0.0002 ang_speed=0.0007 ang_vel_vec=[-5.7725824e-04 -2.5886191e-05 -3.4786778e-04] |com_force|=0.0000N
### kotek_magnet[tick=8460] sensor3: d=0.5470m in_range=False f_mag=0.000N tau_mag=0.0000Nm misalign_deg=90.0 pos=[-0.10910641 -0.10914588  0.49140117] bottom_world=[-0.10910661 -0.10914567  0.47140117] quat=[-3.8058293e-01  2.7112051e-06 -6.7314886e-06  9.2474681e-01] speed=0.0011 ang_speed=0.0030 ang_vel_vec=[0.00258198 0.00017854 0.0015138 ] |com_force|=0.0000N
### kotek_magnet[tick=8460] sensor4: d=0.5249m in_range=False f_mag=0.000N tau_mag=0.0000Nm misalign_deg=90.0 pos=[-0.10900014  0.10899855  0.49140236] bottom_world=[-0.10900006  0.10899884  0.47140236] quat=[ 3.8268298e-01  9.5117616e-07 -7.3244291e-06  9.2387980e-01] speed=0.0009 ang_speed=0.0023 ang_vel_vec=[-3.0425053e-05 -1.8032865e-03  1.3737864e-03] |com_force|=0.0000N
### kotek_magnet[tick=8520] sensor1: d=0.4018m in_range=False f_mag=0.000N tau_mag=0.0000Nm misalign_deg=111.3 pos=[0.21470936 0.13344808 0.56758744] bottom_world=[0.20743319 0.14028369 0.55025735] quat=[0.84157604 0.24655959 0.07717683 0.4743436 ] speed=0.2095 ang_speed=7.5312 ang_vel_vec=[3.8454473 6.054749  2.296106 ] |com_force|=0.0000N
### kotek_magnet[tick=8520] sensor2: d=0.3208m in_range=False f_mag=0.000N tau_mag=0.0000Nm misalign_deg=90.0 pos=[ 0.10902469 -0.10904584  0.49140114] bottom_world=[ 0.10902454 -0.10904592  0.47140114] quat=[ 9.2300063e-01 -3.1900861e-06  2.7350543e-06 -3.8479868e-01] speed=0.0008 ang_speed=0.0038 ang_vel_vec=[ 0.00136697 -0.00351034  0.00026143] |com_force|=0.0000N
### kotek_magnet[tick=8520] sensor3: d=0.5470m in_range=False f_mag=0.000N tau_mag=0.0000Nm misalign_deg=90.0 pos=[-0.10910666 -0.10914604  0.49140117] bottom_world=[-0.10910684 -0.1091458   0.47140117] quat=[-3.8058326e-01  1.9141116e-06 -7.3546807e-06  9.2474669e-01] speed=0.0007 ang_speed=0.0046 ang_vel_vec=[-0.00405422 -0.00205717  0.00023308] |com_force|=0.0000N
### kotek_magnet[tick=8520] sensor4: d=0.5249m in_range=False f_mag=0.000N tau_mag=0.0000Nm misalign_deg=90.0 pos=[-0.10900006  0.10900025  0.49140233] bottom_world=[-0.10900027  0.10900011  0.47140233] quat=[3.8268217e-01 3.6006352e-06 5.4331181e-06 9.2388016e-01] speed=0.0011 ang_speed=0.0014 ang_vel_vec=[ 0.00069043 -0.000543   -0.00103375] |com_force|=0.0000N
### kotek_magnet[tick=8580] sensor1: d=0.3929m in_range=False f_mag=0.000N tau_mag=0.0000Nm misalign_deg=112.4 pos=[0.22454877 0.13164939 0.56362337] bottom_world=[0.21693436 0.13714961 0.54596641] quat=[0.8273723  0.22333087 0.09326989 0.5068324 ] speed=0.2016 ang_speed=7.6460 ang_vel_vec=[3.3499012 6.5428057 2.1049893] |com_force|=0.0000N
### kotek_magnet[tick=8580] sensor2: d=0.3208m in_range=False f_mag=0.000N tau_mag=0.0000Nm misalign_deg=90.0 pos=[ 0.10902452 -0.10904557  0.49140105] bottom_world=[ 0.10902442 -0.10904567  0.47140105] quat=[ 9.2300040e-01 -3.2689395e-06  1.4743191e-06 -3.8479906e-01] speed=0.0011 ang_speed=0.0030 ang_vel_vec=[-5.9649465e-05  2.5898723e-03  1.5073045e-03] |com_force|=0.0000N
### kotek_magnet[tick=8580] sensor3: d=0.5470m in_range=False f_mag=0.000N tau_mag=0.0000Nm misalign_deg=90.0 pos=[-0.10910667 -0.10914601  0.49140117] bottom_world=[-0.10910686 -0.10914575  0.47140117] quat=[-3.8058323e-01  2.0285238e-06 -7.7209925e-06  9.2474675e-01] speed=0.0007 ang_speed=0.0056 ang_vel_vec=[-0.00496765 -0.00263561  0.00054634] |com_force|=0.0000N
### kotek_magnet[tick=8580] sensor4: d=0.5249m in_range=False f_mag=0.000N tau_mag=0.0000Nm misalign_deg=90.0 pos=[-0.10900033  0.10899964  0.49140233] bottom_world=[-0.1090003   0.10899969  0.47140233] quat=[ 3.8268229e-01 -1.6991903e-08 -1.4925540e-06  9.2387998e-01] speed=0.0006 ang_speed=0.0019 ang_vel_vec=[ 0.00110409  0.00141186 -0.0007089 ] |com_force|=0.0000N
### still playing, 1249s left
### kotek_magnet[tick=8640] sensor1: d=0.3833m in_range=False f_mag=0.000N tau_mag=0.0000Nm misalign_deg=113.1 pos=[0.2341151  0.12885983 0.5593732 ] bottom_world=[0.22625897 0.13295717 0.54144297] quat=[0.81146306 0.19915277 0.10992    0.5383155 ] speed=0.1984 ang_speed=7.7606 ang_vel_vec=[2.6403773 7.051893  1.8778024] |com_force|=0.0000N
### kotek_magnet[tick=8640] sensor2: d=0.3208m in_range=False f_mag=0.000N tau_mag=0.0000Nm misalign_deg=90.0 pos=[ 0.10902467 -0.10904665  0.49140105] bottom_world=[ 0.10902465 -0.1090465   0.47140105] quat=[ 9.2300081e-01  3.3691633e-06  1.9432346e-06 -3.8479808e-01] speed=0.0004 ang_speed=0.0023 ang_vel_vec=[-0.00209089 -0.00084747 -0.00055739] |com_force|=0.0000N
### kotek_magnet[tick=8640] sensor3: d=0.5470m in_range=False f_mag=0.000N tau_mag=0.0000Nm misalign_deg=90.0 pos=[-0.10910726 -0.10914604  0.49140102] bottom_world=[-0.10910728 -0.10914588  0.47140102] quat=[-3.8058349e-01 -8.7808110e-07 -3.8480725e-06  9.2474663e-01] speed=0.0001 ang_speed=0.0025 ang_vel_vec=[-0.00222544 -0.00118213 -0.00023145] |com_force|=0.0000N
### kotek_magnet[tick=8640] sensor4: d=0.5249m in_range=False f_mag=0.000N tau_mag=0.0000Nm misalign_deg=90.0 pos=[-0.10900004  0.10900027  0.4914023 ] bottom_world=[-0.10900025  0.10900013  0.4714023 ] quat=[3.8268217e-01 3.4943189e-06 5.1900411e-06 9.2388010e-01] speed=0.0011 ang_speed=0.0008 ang_vel_vec=[ 4.7179751e-04  2.1456747e-06 -6.2008126e-04] |com_force|=0.0000N
### kotek_magnet[tick=8700] sensor1: d=0.3728m in_range=False f_mag=0.000N tau_mag=0.0000Nm misalign_deg=113.6 pos=[0.2435043  0.12498137 0.55480766] bottom_world=[0.23550902 0.12760106 0.53666344] quat=[0.7935568  0.17378715 0.12724993 0.56909853] speed=0.1943 ang_speed=7.7274 ang_vel_vec=[2.111647  7.2612844 1.5895504] |com_force|=0.0000N
### kotek_magnet[tick=8700] sensor2: d=0.3208m in_range=False f_mag=0.000N tau_mag=0.0000Nm misalign_deg=90.0 pos=[ 0.10902471 -0.10904668  0.49140108] bottom_world=[ 0.10902469 -0.10904653  0.47140108] quat=[ 9.2300081e-01  3.2528453e-06  2.0056798e-06 -3.8479820e-01] speed=0.0004 ang_speed=0.0022 ang_vel_vec=[-0.00197592 -0.00079996 -0.00060569] |com_force|=0.0000N
### kotek_magnet[tick=8700] sensor3: d=0.5470m in_range=False f_mag=0.000N tau_mag=0.0000Nm misalign_deg=90.0 pos=[-0.1091064  -0.10914584  0.49140105] bottom_world=[-0.10910661 -0.10914563  0.47140105] quat=[-3.8058293e-01  2.8130448e-06 -6.8263294e-06  9.2474681e-01] speed=0.0011 ang_speed=0.0027 ang_vel_vec=[ 2.1976510e-03 -1.8540848e-05  1.6028004e-03] |com_force|=0.0000N
### kotek_magnet[tick=8700] sensor4: d=0.5249m in_range=False f_mag=0.000N tau_mag=0.0000Nm misalign_deg=90.0 pos=[-0.1089999   0.10900015  0.49140227] bottom_world=[-0.10900015  0.10900001  0.47140227] quat=[3.8268223e-01 4.5285001e-06 5.6757194e-06 9.2388004e-01] speed=0.0011 ang_speed=0.0028 ang_vel_vec=[ 0.00220437 -0.00174054 -0.00033559] |com_force|=0.0000N
### kotek_magnet[tick=8760] sensor1: d=0.3618m in_range=False f_mag=0.000N tau_mag=0.0000Nm misalign_deg=113.7 pos=[0.25226152 0.12011822 0.5501388 ] bottom_world=[0.24423625 0.12127651 0.53185617] quat=[0.7746801  0.14868185 0.14432171 0.59744096] speed=0.1925 ang_speed=7.7247 ang_vel_vec=[1.5789564 7.4512167 1.2871425] |com_force|=0.0000N
### kotek_magnet[tick=8760] sensor2: d=0.3208m in_range=False f_mag=0.000N tau_mag=0.0000Nm misalign_deg=90.0 pos=[ 0.10902441 -0.10904738  0.49140108] bottom_world=[ 0.10902462 -0.10904701  0.47140108] quat=[ 9.2300087e-01  1.0413366e-05 -1.4534689e-06 -3.8479805e-01] speed=0.0009 ang_speed=0.0019 ang_vel_vec=[-0.00123357  0.00132793 -0.00068739] |com_force|=0.0000N
### kotek_magnet[tick=8760] sensor3: d=0.5470m in_range=False f_mag=0.000N tau_mag=0.0000Nm misalign_deg=90.0 pos=[-0.1091075  -0.10914609  0.49140117] bottom_world=[-0.10910744 -0.10914596  0.47140117] quat=[-3.8058376e-01 -2.6034943e-06 -2.3158630e-06  9.2474645e-01] speed=0.0004 ang_speed=0.0028 ang_vel_vec=[-0.00099756  0.00252802 -0.00066755] |com_force|=0.0000N
### kotek_magnet[tick=8760] sensor4: d=0.5249m in_range=False f_mag=0.000N tau_mag=0.0000Nm misalign_deg=90.0 pos=[-0.10900003  0.10900025  0.49140224] bottom_world=[-0.10900025  0.10900011  0.47140224] quat=[3.8268209e-01 3.7113389e-06 5.2833952e-06 9.2388010e-01] speed=0.0011 ang_speed=0.0011 ang_vel_vec=[ 0.00074275 -0.00035801 -0.00068668] |com_force|=0.0000N
### kotek_magnet[tick=8820] sensor1: d=0.3502m in_range=False f_mag=0.000N tau_mag=0.0000Nm misalign_deg=113.4 pos=[0.26066396 0.11435813 0.5451964 ] bottom_world=[0.2527153  0.11400223 0.52684724] quat=[0.7536456  0.12257014 0.16201    0.6250981 ] speed=0.1966 ang_speed=7.3698 ang_vel_vec=[1.4875544 7.1502266 0.9875246] |com_force|=0.0000N
### kotek_magnet[tick=8820] sensor2: d=0.3208m in_range=False f_mag=0.000N tau_mag=0.0000Nm misalign_deg=90.0 pos=[ 0.10902442 -0.10904738  0.4914011 ] bottom_world=[ 0.10902464 -0.10904701  0.47140111] quat=[ 9.2300087e-01  1.0513415e-05 -1.5270825e-06 -3.8479793e-01] speed=0.0009 ang_speed=0.0020 ang_vel_vec=[-0.00102218  0.00149661 -0.00077572] |com_force|=0.0000N
### kotek_magnet[tick=8820] sensor3: d=0.5470m in_range=False f_mag=0.000N tau_mag=0.0000Nm misalign_deg=90.0 pos=[-0.10910749 -0.10914607  0.49140114] bottom_world=[-0.10910743 -0.10914595  0.47140114] quat=[-3.8058364e-01 -2.5694385e-06 -2.1824376e-06  9.2474645e-01] speed=0.0004 ang_speed=0.0026 ang_vel_vec=[-0.0002538   0.0024412  -0.00074634] |com_force|=0.0000N
### kotek_magnet[tick=8820] sensor4: d=0.5249m in_range=False f_mag=0.000N tau_mag=0.0000Nm misalign_deg=90.0 pos=[-0.1090003   0.10899957  0.49140236] bottom_world=[-0.10900029  0.10899962  0.47140236] quat=[ 3.8268226e-01  3.6716287e-07 -1.2101541e-06  9.2388004e-01] speed=0.0005 ang_speed=0.0022 ang_vel_vec=[ 0.00155759  0.00137724 -0.00074758] |com_force|=0.0000N
### kotek_magnet[tick=8880] sensor1: d=0.3383m in_range=False f_mag=0.000N tau_mag=0.0000Nm misalign_deg=112.8 pos=[0.26844582 0.10774017 0.540159  ] bottom_world=[0.26068564 0.10589663 0.52181829] quat=[0.7313703  0.09656717 0.17932504 0.65085703] speed=0.1954 ang_speed=7.3329 ang_vel_vec=[0.9716333  7.2383485  0.65871805] |com_force|=0.0000N
### kotek_magnet[tick=8880] sensor2: d=0.3208m in_range=False f_mag=0.000N tau_mag=0.0000Nm misalign_deg=90.0 pos=[ 0.10902472 -0.10904674  0.49140117] bottom_world=[ 0.10902469 -0.10904658  0.47140117] quat=[ 9.2300081e-01  3.4189686e-06  2.1577293e-06 -3.8479817e-01] speed=0.0004 ang_speed=0.0022 ang_vel_vec=[-0.00195583 -0.00055866 -0.00075462] |com_force|=0.0000N
### kotek_magnet[tick=8880] sensor3: d=0.5470m in_range=False f_mag=0.000N tau_mag=0.0000Nm misalign_deg=90.0 pos=[-0.10910749 -0.10914611  0.49140114] bottom_world=[-0.10910744 -0.10914597  0.47140114] quat=[-3.8058379e-01 -2.4238448e-06 -2.7697274e-06  9.2474645e-01] speed=0.0004 ang_speed=0.0027 ang_vel_vec=[-0.00131637  0.00216087 -0.00081571] |com_force|=0.0000N
### kotek_magnet[tick=8880] sensor4: d=0.5249m in_range=False f_mag=0.000N tau_mag=0.0000Nm misalign_deg=90.0 pos=[-0.10900002  0.10900022  0.4914023 ] bottom_world=[-0.10900024  0.10900008  0.4714023 ] quat=[3.8268223e-01 3.7713637e-06 5.3447056e-06 9.2388010e-01] speed=0.0011 ang_speed=0.0015 ang_vel_vec=[ 0.0009316  -0.00084002 -0.00081481] |com_force|=0.0000N
### kotek_magnet[tick=8940] sensor1: d=0.3258m in_range=False f_mag=0.000N tau_mag=0.0000Nm misalign_deg=111.9 pos=[0.27578244 0.10025845 0.5350524 ] bottom_world=[0.26833598 0.09691384 0.51679416] quat=[0.70731294 0.06962264 0.19671375 0.6753998 ] speed=0.2283 ang_speed=8.2400 ang_vel_vec=[ 1.8831034  8.003392  -0.5458979] |com_force|=0.0000N
### kotek_magnet[tick=8940] sensor2: d=0.3208m in_range=False f_mag=0.000N tau_mag=0.0000Nm misalign_deg=90.0 pos=[ 0.10902444 -0.10904735  0.49140105] bottom_world=[ 0.10902465 -0.109047    0.47140105] quat=[ 9.2300093e-01  1.0198152e-05 -1.4680243e-06 -3.8479793e-01] speed=0.0009 ang_speed=0.0017 ang_vel_vec=[-0.00105897  0.00119517 -0.000658  ] |com_force|=0.0000N
### kotek_magnet[tick=8940] sensor3: d=0.5470m in_range=False f_mag=0.000N tau_mag=0.0000Nm misalign_deg=90.0 pos=[-0.10910695 -0.10914567  0.49140105] bottom_world=[-0.10910697 -0.10914565  0.47140105] quat=[-3.8058296e-01  2.1890411e-07 -6.3176810e-07  9.2474681e-01] speed=0.0007 ang_speed=0.0095 ang_vel_vec=[0.00824318 0.00453024 0.0014981 ] |com_force|=0.0000N
### kotek_magnet[tick=8940] sensor4: d=0.5249m in_range=False f_mag=0.000N tau_mag=0.0000Nm misalign_deg=90.0 pos=[-0.1090003   0.10899959  0.49140233] bottom_world=[-0.10900028  0.10899964  0.47140233] quat=[ 3.8268229e-01  2.5963632e-07 -1.3411700e-06  9.2387998e-01] speed=0.0006 ang_speed=0.0024 ang_vel_vec=[ 0.00150786  0.00176302 -0.00065339] |com_force|=0.0000N
### kotek_magnet[tick=9000] sensor1: d=0.3127m in_range=False f_mag=0.000N tau_mag=0.0000Nm misalign_deg=110.6 pos=[0.2825826  0.09180146 0.52967024] bottom_world=[0.27553075 0.0870287  0.5115735 ] quat=[0.6820739  0.04375105 0.21369918 0.6979927 ] speed=0.2013 ang_speed=7.5320 ang_vel_vec=[-0.52589214  7.5128427  -0.10455948] |com_force|=0.0000N
### kotek_magnet[tick=9000] sensor2: d=0.3208m in_range=False f_mag=0.000N tau_mag=0.0000Nm misalign_deg=90.0 pos=[ 0.10902473 -0.10904673  0.49140105] bottom_world=[ 0.10902471 -0.10904657  0.47140105] quat=[ 9.2300081e-01  3.5168055e-06  1.9762442e-06 -3.8479808e-01] speed=0.0004 ang_speed=0.0022 ang_vel_vec=[-0.00196915 -0.00044804 -0.00084203] |com_force|=0.0000N
### kotek_magnet[tick=9000] sensor3: d=0.5470m in_range=False f_mag=0.000N tau_mag=0.0000Nm misalign_deg=90.0 pos=[-0.10910726 -0.1091461   0.491401  ] bottom_world=[-0.10910728 -0.10914594  0.47140099] quat=[-3.8058370e-01 -9.1706056e-07 -3.8247440e-06  9.2474657e-01] speed=0.0001 ang_speed=0.0015 ang_vel_vec=[-0.0012421  -0.00057978 -0.00050471] |com_force|=0.0000N
### kotek_magnet[tick=9000] sensor4: d=0.5249m in_range=False f_mag=0.000N tau_mag=0.0000Nm misalign_deg=90.0 pos=[-0.109       0.10900021  0.49140227] bottom_world=[-0.10900023  0.10900007  0.47140227] quat=[3.8268211e-01 3.8138664e-06 5.4376592e-06 9.2388010e-01] speed=0.0010 ang_speed=0.0015 ang_vel_vec=[ 0.00080278 -0.000926   -0.00094149] |com_force|=0.0000N
### kotek_magnet[tick=9060] sensor1: d=0.2993m in_range=False f_mag=0.000N tau_mag=0.0000Nm misalign_deg=109.1 pos=[0.28877217 0.08260199 0.524176  ] bottom_world=[0.28222721 0.07641825 0.50631753] quat=[0.6552776  0.01728197 0.230737   0.719078  ] speed=0.2031 ang_speed=7.5747 ang_vel_vec=[-1.1157283   7.4731603  -0.53186107] |com_force|=0.0000N
### kotek_magnet[tick=9060] sensor2: d=0.3208m in_range=False f_mag=0.000N tau_mag=0.0000Nm misalign_deg=90.0 pos=[ 0.10902442 -0.10904741  0.4914011 ] bottom_world=[ 0.10902463 -0.10904705  0.47140111] quat=[ 9.2300081e-01  1.0208614e-05 -1.4880791e-06 -3.8479793e-01] speed=0.0009 ang_speed=0.0016 ang_vel_vec=[-0.00073487  0.00129426 -0.00056353] |com_force|=0.0000N
### kotek_magnet[tick=9060] sensor3: d=0.5470m in_range=False f_mag=0.000N tau_mag=0.0000Nm misalign_deg=90.0 pos=[-0.10910638 -0.10914589  0.4914011 ] bottom_world=[-0.10910658 -0.10914569  0.47140111] quat=[-3.8058293e-01  2.6683613e-06 -6.5915037e-06  9.2474675e-01] speed=0.0011 ang_speed=0.0034 ang_vel_vec=[0.0029519  0.00030169 0.00172652] |com_force|=0.0000N
### kotek_magnet[tick=9060] sensor4: d=0.5249m in_range=False f_mag=0.000N tau_mag=0.0000Nm misalign_deg=90.0 pos=[-0.10900031  0.10899957  0.4914022 ] bottom_world=[-0.1090003   0.10899962  0.47140221] quat=[ 3.8268223e-01  3.5646886e-07 -1.3454052e-06  9.2388016e-01] speed=0.0005 ang_speed=0.0020 ang_vel_vec=[ 0.00153197  0.00122135 -0.00058297] |com_force|=0.0000N
### kotek_magnet[tick=9120] sensor1: d=0.2855m in_range=False f_mag=0.000N tau_mag=0.0000Nm misalign_deg=107.2 pos=[0.29444668 0.07262867 0.51868135] bottom_world=[0.28851681 0.06509161 0.50113058] quat=[ 0.62715966 -0.0092541   0.24727544  0.7385391 ] speed=0.2065 ang_speed=7.5701 ang_vel_vec=[-1.67681    7.322548  -0.9355493] |com_force|=0.0000N
### kotek_magnet[tick=9120] sensor2: d=0.3208m in_range=False f_mag=0.000N tau_mag=0.0000Nm misalign_deg=90.0 pos=[ 0.10902473 -0.10904673  0.49140108] bottom_world=[ 0.10902471 -0.10904656  0.47140108] quat=[ 9.2300087e-01  3.6290969e-06  1.9910233e-06 -3.8479805e-01] speed=0.0005 ang_speed=0.0021 ang_vel_vec=[-0.00186179 -0.00022935 -0.00104035] |com_force|=0.0000N
### kotek_magnet[tick=9120] sensor3: d=0.5470m in_range=False f_mag=0.000N tau_mag=0.0000Nm misalign_deg=90.0 pos=[-0.10910723 -0.10914607  0.491401  ] bottom_world=[-0.10910725 -0.10914591  0.47140099] quat=[-3.8058364e-01 -1.0094250e-06 -3.7117113e-06  9.2474651e-01] speed=0.0001 ang_speed=0.0008 ang_vel_vec=[-4.7917699e-04  6.7957400e-05 -6.9221604e-04] |com_force|=0.0000N
### kotek_magnet[tick=9120] sensor4: d=0.5249m in_range=False f_mag=0.000N tau_mag=0.0000Nm misalign_deg=90.0 pos=[-0.10900033  0.10899958  0.4914023 ] bottom_world=[-0.10900033  0.10899963  0.4714023 ] quat=[ 3.8268211e-01  4.9564375e-07 -1.1642492e-06  9.2388010e-01] speed=0.0005 ang_speed=0.0022 ang_vel_vec=[ 0.00174882  0.00063472 -0.00116185] |com_force|=0.0000N
### kotek_magnet[tick=9180] sensor1: d=0.2717m in_range=False f_mag=0.000N tau_mag=0.0000Nm misalign_deg=105.1 pos=[0.29952073 0.06206254 0.51319176] bottom_world=[0.29430367 0.05324554 0.49601495] quat=[ 0.59791213 -0.03567713  0.263262    0.7562549 ] speed=0.2121 ang_speed=7.2868 ang_vel_vec=[-1.7637105  6.965727  -1.2104986] |com_force|=0.0000N
### kotek_magnet[tick=9180] sensor2: d=0.3208m in_range=False f_mag=0.000N tau_mag=0.0000Nm misalign_deg=90.0 pos=[ 0.10902444 -0.10904739  0.4914011 ] bottom_world=[ 0.10902465 -0.10904703  0.47140111] quat=[ 9.2300087e-01  1.0237211e-05 -1.2403634e-06 -3.8479799e-01] speed=0.0010 ang_speed=0.0012 ang_vel_vec=[-0.00060575  0.0007845  -0.00064452] |com_force|=0.0000N
### kotek_magnet[tick=9180] sensor3: d=0.5470m in_range=False f_mag=0.000N tau_mag=0.0000Nm misalign_deg=90.0 pos=[-0.10910811 -0.10914581  0.49140105] bottom_world=[-0.10910786 -0.10914591  0.47140105] quat=[-3.8058397e-01 -4.8775728e-06  4.8567681e-06  9.2474639e-01] speed=0.0009 ang_speed=0.0024 ang_vel_vec=[ 0.00165936  0.00153853 -0.00071931] |com_force|=0.0000N
### kotek_magnet[tick=9180] sensor4: d=0.5249m in_range=False f_mag=0.000N tau_mag=0.0000Nm misalign_deg=90.0 pos=[-0.10899998  0.10899879  0.4914023 ] bottom_world=[-0.10900005  0.10899896  0.4714023 ] quat=[ 3.8268298e-01  3.2738692e-06 -3.1890006e-06  9.2387974e-01] speed=0.0007 ang_speed=0.0049 ang_vel_vec=[ 0.00247319 -0.00406118  0.00117154] |com_force|=0.0000N
### kotek_magnet[tick=9240] sensor1: d=0.2577m in_range=False f_mag=0.000N tau_mag=0.0000Nm misalign_deg=102.7 pos=[0.30400378 0.05089674 0.5077055 ] bottom_world=[0.29959377 0.04088555 0.49096251] quat=[ 0.567627   -0.06197047  0.27854037  0.772253  ] speed=0.2196 ang_speed=7.2966 ang_vel_vec=[-2.2843447  6.7327166 -1.6408012] |com_force|=0.0000N
### kotek_magnet[tick=9240] sensor2: d=0.3208m in_range=False f_mag=0.000N tau_mag=0.0000Nm misalign_deg=90.0 pos=[ 0.10902472 -0.10904675  0.49140105] bottom_world=[ 0.1090247  -0.10904659  0.47140105] quat=[ 9.2300069e-01  3.5824085e-06  2.0368166e-06 -3.8479817e-01] speed=0.0005 ang_speed=0.0019 ang_vel_vec=[-0.00169379 -0.00039131 -0.00084616] |com_force|=0.0000N
### kotek_magnet[tick=9240] sensor3: d=0.5470m in_range=False f_mag=0.000N tau_mag=0.0000Nm misalign_deg=90.0 pos=[-0.10910744 -0.10914613  0.4914011 ] bottom_world=[-0.10910739 -0.109146    0.47140111] quat=[-3.8058376e-01 -2.4131418e-06 -2.5181357e-06  9.2474645e-01] speed=0.0004 ang_speed=0.0025 ang_vel_vec=[-0.00081927  0.00217067 -0.00087626] |com_force|=0.0000N
### kotek_magnet[tick=9240] sensor4: d=0.5249m in_range=False f_mag=0.000N tau_mag=0.0000Nm misalign_deg=90.0 pos=[-0.10900015  0.10899843  0.49140227] bottom_world=[-0.10900005  0.10899874  0.47140227] quat=[ 3.8268310e-01  6.7865187e-07 -8.1038925e-06  9.2387968e-01] speed=0.0010 ang_speed=0.0017 ang_vel_vec=[-0.00030867 -0.00115554  0.0012315 ] |com_force|=0.0000N
### kotek_magnet[tick=9300] sensor1: d=0.2436m in_range=False f_mag=0.000N tau_mag=0.0000Nm misalign_deg=100.1 pos=[0.30788064 0.03920438 0.5022364 ] bottom_world=[0.30436456 0.0280909  0.48598441] quat=[ 0.536409   -0.08816089  0.29313368  0.78648955] speed=0.2261 ang_speed=7.2789 ang_vel_vec=[-2.683536   6.456468  -2.0236392] |com_force|=0.0000N
### kotek_magnet[tick=9300] sensor2: d=0.3208m in_range=False f_mag=0.000N tau_mag=0.0000Nm misalign_deg=90.0 pos=[ 0.10902443 -0.10904741  0.49140114] bottom_world=[ 0.10902463 -0.10904705  0.47140114] quat=[ 9.2300081e-01  1.0253147e-05 -1.3278717e-06 -3.8479790e-01] speed=0.0010 ang_speed=0.0014 ang_vel_vec=[-0.00050437  0.00092818 -0.00090747] |com_force|=0.0000N
### kotek_magnet[tick=9300] sensor3: d=0.5470m in_range=False f_mag=0.000N tau_mag=0.0000Nm misalign_deg=90.0 pos=[-0.10910748 -0.10914615  0.4914011 ] bottom_world=[-0.10910743 -0.10914602  0.47140111] quat=[-3.8058388e-01 -2.4088945e-06 -2.5730649e-06  9.2474651e-01] speed=0.0004 ang_speed=0.0024 ang_vel_vec=[-0.00073942  0.00214367 -0.00086461] |com_force|=0.0000N
### kotek_magnet[tick=9300] sensor4: d=0.5249m in_range=False f_mag=0.000N tau_mag=0.0000Nm misalign_deg=90.0 pos=[-0.10900014  0.10899845  0.4914023 ] bottom_world=[-0.10900003  0.10899876  0.4714023 ] quat=[ 3.8268307e-01  5.8726459e-07 -8.2550414e-06  9.2387974e-01] speed=0.0010 ang_speed=0.0016 ang_vel_vec=[-0.00048132 -0.00087122  0.00122621] |com_force|=0.0000N
### kotek_magnet[tick=9360] sensor1: d=0.2296m in_range=False f_mag=0.000N tau_mag=0.0000Nm misalign_deg=97.3 pos=[0.31114703 0.02702764 0.49680096] bottom_world=[0.30860802 0.01491323 0.48109127] quat=[ 0.5042941  -0.11426902  0.30692077  0.7990179 ] speed=0.2381 ang_speed=7.2866 ang_vel_vec=[-3.1172981  6.1084433 -2.4625487] |com_force|=0.0000N
### kotek_magnet[tick=9360] sensor2: d=0.3208m in_range=False f_mag=0.000N tau_mag=0.0000Nm misalign_deg=90.0 pos=[ 0.10902473 -0.10904671  0.49140102] bottom_world=[ 0.10902471 -0.10904655  0.47140102] quat=[ 9.2300081e-01  3.5735702e-06  2.0452815e-06 -3.8479802e-01] speed=0.0005 ang_speed=0.0020 ang_vel_vec=[-0.00177202 -0.00033459 -0.00089961] |com_force|=0.0000N
### kotek_magnet[tick=9360] sensor3: d=0.5470m in_range=False f_mag=0.000N tau_mag=0.0000Nm misalign_deg=90.0 pos=[-0.10910815 -0.1091458   0.49140105] bottom_world=[-0.10910789 -0.10914591  0.47140105] quat=[-3.8058412e-01 -4.9265414e-06  5.1432648e-06  9.2474639e-01] speed=0.0009 ang_speed=0.0028 ang_vel_vec=[ 0.00198174  0.00174906 -0.00101255] |com_force|=0.0000N
### kotek_magnet[tick=9360] sensor4: d=0.5249m in_range=False f_mag=0.000N tau_mag=0.0000Nm misalign_deg=90.0 pos=[-0.10900005  0.10900019  0.4914023 ] bottom_world=[-0.10900027  0.10900005  0.4714023 ] quat=[3.8268203e-01 3.8442181e-06 5.3783297e-06 9.2388016e-01] speed=0.0010 ang_speed=0.0021 ang_vel_vec=[ 0.00126092 -0.00129805 -0.00100533] |com_force|=0.0000N
### kotek_magnet[tick=9420] sensor1: d=0.2159m in_range=False f_mag=0.000N tau_mag=0.0000Nm misalign_deg=94.0 pos=[0.3137006  0.01450717 0.49151346] bottom_world=[0.31229389 0.00152419 0.47636541] quat=[ 0.47043806 -0.14132065  0.31831923  0.8107956 ] speed=0.2373 ang_speed=7.0325 ang_vel_vec=[-3.0683095  5.735409  -2.673372 ] |com_force|=0.0000N
### kotek_magnet[tick=9420] sensor2: d=0.3208m in_range=False f_mag=0.000N tau_mag=0.0000Nm misalign_deg=90.0 pos=[ 0.10902471 -0.10904673  0.49140108] bottom_world=[ 0.1090247  -0.10904657  0.47140108] quat=[ 9.2300081e-01  3.5553296e-06  1.8847668e-06 -3.8479817e-01] speed=0.0005 ang_speed=0.0016 ang_vel_vec=[-0.00147779 -0.000125   -0.00070564] |com_force|=0.0000N
### kotek_magnet[tick=9420] sensor3: d=0.5470m in_range=False f_mag=0.000N tau_mag=0.0000Nm misalign_deg=90.0 pos=[-0.10910747 -0.10914609  0.49140108] bottom_world=[-0.10910742 -0.10914596  0.47140108] quat=[-3.8058388e-01 -2.3841462e-06 -2.3754219e-06  9.2474639e-01] speed=0.0004 ang_speed=0.0022 ang_vel_vec=[-0.000413    0.00207434 -0.00073387] |com_force|=0.0000N
### kotek_magnet[tick=9420] sensor4: d=0.5249m in_range=False f_mag=0.000N tau_mag=0.0000Nm misalign_deg=90.0 pos=[-0.10900001  0.10900019  0.4914023 ] bottom_world=[-0.10900024  0.10900005  0.4714023 ] quat=[3.8268211e-01 3.7906516e-06 5.4455809e-06 9.2388016e-01] speed=0.0010 ang_speed=0.0020 ang_vel_vec=[ 0.00136191 -0.00114473 -0.00081301] |com_force|=0.0000N
### kotek_magnet[tick=9480] sensor1: d=0.2027m in_range=False f_mag=0.000N tau_mag=0.0000Nm misalign_deg=91.0 pos=[0.315547   0.00185195 0.48633844] bottom_world=[ 0.31519905 -0.01187809  0.47180004] quat=[ 0.43844628 -0.1660418   0.33010623  0.81928307] speed=0.2427 ang_speed=7.0469 ang_vel_vec=[-3.4357    5.356551 -3.026876] |com_force|=0.0000N
### kotek_magnet[tick=9480] sensor2: d=0.3208m in_range=False f_mag=0.000N tau_mag=0.0000Nm misalign_deg=90.0 pos=[ 0.10902473 -0.10904674  0.49140108] bottom_world=[ 0.10902471 -0.10904658  0.47140108] quat=[ 9.2300087e-01  3.4886264e-06  1.9580980e-06 -3.8479814e-01] speed=0.0005 ang_speed=0.0014 ang_vel_vec=[-0.00124752 -0.00010839 -0.00053195] |com_force|=0.0000N
### kotek_magnet[tick=9480] sensor3: d=0.5470m in_range=False f_mag=0.000N tau_mag=0.0000Nm misalign_deg=90.0 pos=[-0.10910662 -0.10914613  0.49140105] bottom_world=[-0.10910681 -0.10914587  0.47140105] quat=[-3.8058320e-01  1.7062684e-06 -7.9361525e-06  9.2474669e-01] speed=0.0007 ang_speed=0.0035 ang_vel_vec=[-0.00319891 -0.0011742   0.0007262 ] |com_force|=0.0000N
### kotek_magnet[tick=9480] sensor4: d=0.5249m in_range=False f_mag=0.000N tau_mag=0.0000Nm misalign_deg=90.0 pos=[-0.10900002  0.10900018  0.49140233] bottom_world=[-0.10900024  0.10900004  0.47140233] quat=[3.8268214e-01 3.7571792e-06 5.3611470e-06 9.2388016e-01] speed=0.0010 ang_speed=0.0021 ang_vel_vec=[ 0.00153071 -0.00133051 -0.0006341 ] |com_force|=0.0000N
### kotek_magnet[tick=9540] sensor1: d=0.1896m in_range=False f_mag=0.000N tau_mag=0.0000Nm misalign_deg=87.7 pos=[ 0.31681764 -0.01137382  0.48110133] bottom_world=[ 0.31762694 -0.02576309  0.46723432] quat=[ 0.40472254 -0.19170393  0.34142986  0.8263625 ] speed=0.2589 ang_speed=7.0981 ang_vel_vec=[-3.9058719  4.9202876 -3.3041902] |com_force|=0.0000N
### kotek_magnet[tick=9540] sensor2: d=0.3208m in_range=False f_mag=0.000N tau_mag=0.0000Nm misalign_deg=90.0 pos=[ 0.10902471 -0.10904671  0.49140102] bottom_world=[ 0.10902469 -0.10904655  0.47140102] quat=[ 9.2300075e-01  3.4726570e-06  2.0150867e-06 -3.8479817e-01] speed=0.0005 ang_speed=0.0015 ang_vel_vec=[-0.0013065  -0.00044582 -0.00057057] |com_force|=0.0000N
### kotek_magnet[tick=9540] sensor3: d=0.5470m in_range=False f_mag=0.000N tau_mag=0.0000Nm misalign_deg=90.0 pos=[-0.10910747 -0.10914607  0.49140108] bottom_world=[-0.10910743 -0.10914594  0.47140108] quat=[-3.8058385e-01 -2.3437235e-06 -2.6283840e-06  9.2474651e-01] speed=0.0004 ang_speed=0.0022 ang_vel_vec=[-0.00059206  0.00205363 -0.0006013 ] |com_force|=0.0000N
### kotek_magnet[tick=9540] sensor4: d=0.5249m in_range=False f_mag=0.000N tau_mag=0.0000Nm misalign_deg=90.0 pos=[-0.10900001  0.10900021  0.49140236] bottom_world=[-0.10900024  0.10900006  0.47140236] quat=[3.8268214e-01 3.9088609e-06 5.6715930e-06 9.2388010e-01] speed=0.0010 ang_speed=0.0023 ang_vel_vec=[ 0.00165678 -0.00140272 -0.000674  ] |com_force|=0.0000N
### kotek_magnet[tick=9600] sensor1: d=0.1772m in_range=False f_mag=0.000N tau_mag=0.0000Nm misalign_deg=84.3 pos=[ 0.3174216  -0.02475604  0.47602472] bottom_world=[ 0.3194114  -0.0396828   0.46286294] quat=[ 0.37125164 -0.2169939   0.3519505   0.8313945 ] speed=0.2657 ang_speed=7.1443 ang_vel_vec=[-4.357946   4.427011  -3.5285492] |com_force|=0.0000N
### kotek_magnet[tick=9600] sensor2: d=0.3208m in_range=False f_mag=0.000N tau_mag=0.0000Nm misalign_deg=90.0 pos=[ 0.10902444 -0.1090474   0.4914011 ] bottom_world=[ 0.10902463 -0.10904705  0.47140111] quat=[ 9.2300081e-01  9.8778255e-06 -1.1749576e-06 -3.8479805e-01] speed=0.0010 ang_speed=0.0008 ang_vel_vec=[ 0.00016343  0.00028718 -0.00072736] |com_force|=0.0000N
### kotek_magnet[tick=9600] sensor3: d=0.5470m in_range=False f_mag=0.000N tau_mag=0.0000Nm misalign_deg=90.0 pos=[-0.10910749 -0.10914609  0.49140117] bottom_world=[-0.10910744 -0.10914596  0.47140117] quat=[-3.8058388e-01 -2.4161445e-06 -2.4849107e-06  9.2474651e-01] speed=0.0004 ang_speed=0.0022 ang_vel_vec=[-0.00023047  0.0021045  -0.00070587] |com_force|=0.0000N
### kotek_magnet[tick=9600] sensor4: d=0.5249m in_range=False f_mag=0.000N tau_mag=0.0000Nm misalign_deg=90.0 pos=[-0.10900001  0.10900018  0.49140227] bottom_world=[-0.10900024  0.10900004  0.47140227] quat=[3.8268206e-01 3.9239194e-06 5.5819937e-06 9.2388016e-01] speed=0.0010 ang_speed=0.0025 ang_vel_vec=[ 0.00174176 -0.00160178 -0.00078999] |com_force|=0.0000N
### kotek_magnet[tick=9660] sensor1: d=0.1654m in_range=False f_mag=0.000N tau_mag=0.0000Nm misalign_deg=80.8 pos=[ 0.3174197  -0.03847589  0.47105697] bottom_world=[ 0.32062344 -0.0538297   0.45864743] quat=[ 0.33759573 -0.24241811  0.36193228  0.8344266 ] speed=0.2688 ang_speed=7.1872 ang_vel_vec=[-4.7715654  3.8801293 -3.719173 ] |com_force|=0.0000N
### kotek_magnet[tick=9660] sensor2: d=0.3208m in_range=False f_mag=0.000N tau_mag=0.0000Nm misalign_deg=90.0 pos=[ 0.10902473 -0.10904674  0.491401  ] bottom_world=[ 0.1090247  -0.10904658  0.47140099] quat=[ 9.2300081e-01  3.4709394e-06  2.0556827e-06 -3.8479808e-01] speed=0.0005 ang_speed=0.0014 ang_vel_vec=[-0.00124411 -0.000264   -0.00064971] |com_force|=0.0000N
### kotek_magnet[tick=9660] sensor3: d=0.5470m in_range=False f_mag=0.000N tau_mag=0.0000Nm misalign_deg=90.0 pos=[-0.1091081  -0.10914583  0.49140102] bottom_world=[-0.10910785 -0.10914592  0.47140102] quat=[-3.8058400e-01 -4.7634326e-06  4.5810511e-06  9.2474639e-01] speed=0.0009 ang_speed=0.0019 ang_vel_vec=[ 0.00141777  0.0010038  -0.00077273] |com_force|=0.0000N
### kotek_magnet[tick=9660] sensor4: d=0.5249m in_range=False f_mag=0.000N tau_mag=0.0000Nm misalign_deg=90.0 pos=[-0.1090003   0.10899948  0.49140227] bottom_world=[-0.10900029  0.10899955  0.47140227] quat=[ 3.8268226e-01  3.6107289e-07 -1.5989813e-06  9.2388010e-01] speed=0.0004 ang_speed=0.0025 ang_vel_vec=[ 0.00210313  0.00102622 -0.00074325] |com_force|=0.0000N
### kotek_magnet[tick=9720] sensor1: d=0.1547m in_range=False f_mag=0.000N tau_mag=0.0000Nm misalign_deg=77.2 pos=[ 0.31690612 -0.05207229  0.4663517 ] bottom_world=[ 0.32134317 -0.06773822  0.45473742] quat=[ 0.30410835 -0.26794243  0.3712818   0.835389  ] speed=0.2681 ang_speed=7.1714 ang_vel_vec=[-5.060838   3.376301  -3.7970853] |com_force|=0.0000N
### kotek_magnet[tick=9720] sensor2: d=0.3208m in_range=False f_mag=0.000N tau_mag=0.0000Nm misalign_deg=90.0 pos=[ 0.10902472 -0.10904682  0.49140108] bottom_world=[ 0.1090247  -0.10904666  0.47140108] quat=[ 9.2300081e-01  3.7276791e-06  1.9889926e-06 -3.8479814e-01] speed=0.0005 ang_speed=0.0016 ang_vel_vec=[-1.4238887e-03 -5.2335497e-05 -7.2505826e-04] |com_force|=0.0000N
### kotek_magnet[tick=9720] sensor3: d=0.5470m in_range=False f_mag=0.000N tau_mag=0.0000Nm misalign_deg=90.0 pos=[-0.1091075  -0.10914615  0.49140108] bottom_world=[-0.10910745 -0.10914602  0.47140108] quat=[-3.8058376e-01 -2.4963117e-06 -2.4451599e-06  9.2474651e-01] speed=0.0004 ang_speed=0.0023 ang_vel_vec=[-9.3871626e-05  2.1828800e-03 -7.6227816e-04] |com_force|=0.0000N
### kotek_magnet[tick=9720] sensor4: d=0.5249m in_range=False f_mag=0.000N tau_mag=0.0000Nm misalign_deg=90.0 pos=[-0.10900031  0.10899952  0.49140215] bottom_world=[-0.1090003   0.10899958  0.47140215] quat=[ 3.8268223e-01  4.3589841e-07 -1.4488446e-06  9.2388010e-01] speed=0.0004 ang_speed=0.0026 ang_vel_vec=[ 0.00240517  0.00025438 -0.00082601] |com_force|=0.0000N
### kotek_magnet[tick=9780] sensor1: d=0.1452m in_range=False f_mag=0.000N tau_mag=0.0000Nm misalign_deg=73.6 pos=[ 0.31590286 -0.06561869  0.46190766] bottom_world=[ 0.32156299 -0.08148203  0.4511226 ] quat=[ 0.27121046 -0.2931487   0.3800493   0.83430886] speed=0.2734 ang_speed=7.2024 ang_vel_vec=[-5.3254414  2.816615  -3.9472852] |com_force|=0.0000N
### kotek_magnet[tick=9780] sensor2: d=0.3208m in_range=False f_mag=0.000N tau_mag=0.0000Nm misalign_deg=90.0 pos=[ 0.10902435 -0.10904731  0.49140102] bottom_world=[ 0.10902458 -0.10904696  0.47140102] quat=[ 9.2300081e-01  1.0186709e-05 -2.0261875e-06 -3.8479802e-01] speed=0.0009 ang_speed=0.0018 ang_vel_vec=[-0.00100296  0.0014059  -0.00055224] |com_force|=0.0000N
### kotek_magnet[tick=9780] sensor3: d=0.5470m in_range=False f_mag=0.000N tau_mag=0.0000Nm misalign_deg=90.0 pos=[-0.1091081  -0.10914586  0.4914011 ] bottom_world=[-0.10910785 -0.10914596  0.47140111] quat=[-3.8058397e-01 -4.7273279e-06  4.8539264e-06  9.2474633e-01] speed=0.0009 ang_speed=0.0022 ang_vel_vec=[ 0.00166042  0.00102366 -0.0009376 ] |com_force|=0.0000N
### kotek_magnet[tick=9780] sensor4: d=0.5249m in_range=False f_mag=0.000N tau_mag=0.0000Nm misalign_deg=90.0 pos=[-0.10900033  0.10899865  0.4914024 ] bottom_world=[-0.10900018  0.10899894  0.47140239] quat=[ 3.8268250e-01 -4.7383406e-07 -8.0636937e-06  9.2387992e-01] speed=0.0006 ang_speed=0.0047 ang_vel_vec=[-0.00167813  0.0044196   0.0003037 ] |com_force|=0.0000N
### kotek_magnet[tick=9840] sensor1: d=0.1370m in_range=False f_mag=0.000N tau_mag=0.0000Nm misalign_deg=69.9 pos=[ 0.31442398 -0.07922024  0.45770642] bottom_world=[ 0.32130785 -0.09517452  0.44780323] quat=[ 0.2384421  -0.3185395   0.38852638  0.83109874] speed=0.2747 ang_speed=7.2092 ang_vel_vec=[-5.514656   2.2283816 -4.0737143] |com_force|=0.0000N
### kotek_magnet[tick=9840] sensor2: d=0.3208m in_range=False f_mag=0.000N tau_mag=0.0000Nm misalign_deg=90.0 pos=[ 0.10902438 -0.10904726  0.49140105] bottom_world=[ 0.1090246  -0.10904691  0.47140105] quat=[ 9.2300093e-01  1.0136012e-05 -1.9683241e-06 -3.8479796e-01] speed=0.0009 ang_speed=0.0022 ang_vel_vec=[-0.00131975  0.00166357 -0.00068298] |com_force|=0.0000N
### kotek_magnet[tick=9840] sensor3: d=0.5470m in_range=False f_mag=0.000N tau_mag=0.0000Nm misalign_deg=90.0 pos=[-0.10910747 -0.10914612  0.49140105] bottom_world=[-0.10910742 -0.10914599  0.47140105] quat=[-3.8058406e-01 -2.4153030e-06 -2.5722504e-06  9.2474645e-01] speed=0.0004 ang_speed=0.0024 ang_vel_vec=[-9.1197056e-05  2.2223718e-03 -1.0151956e-03] |com_force|=0.0000N
### kotek_magnet[tick=9840] sensor4: d=0.5249m in_range=False f_mag=0.000N tau_mag=0.0000Nm misalign_deg=90.0 pos=[-0.10900035  0.1089987   0.49140233] bottom_world=[-0.10900021  0.10899899  0.47140233] quat=[ 3.8268265e-01 -4.2320707e-07 -7.9886850e-06  9.2387986e-01] speed=0.0006 ang_speed=0.0041 ang_vel_vec=[-0.00139156  0.00382627  0.0001833 ] |com_force|=0.0000N
### kotek_magnet[tick=9900] sensor1: d=0.1304m in_range=False f_mag=0.000N tau_mag=0.0000Nm misalign_deg=66.2 pos=[ 0.31251624 -0.09263417  0.45381296] bottom_world=[ 0.32059927 -0.10857415  0.44483623] quat=[ 0.20620818 -0.34378198  0.39673126  0.8257702 ] speed=0.2771 ang_speed=7.2331 ang_vel_vec=[-5.6513624  1.6344105 -4.2082167] |com_force|=0.0000N
### kotek_magnet[tick=9900] sensor2: d=0.3208m in_range=False f_mag=0.000N tau_mag=0.0000Nm misalign_deg=90.0 pos=[ 0.1090247  -0.10904675  0.49140114] bottom_world=[ 0.10902469 -0.10904659  0.47140114] quat=[ 9.2300075e-01  3.5309604e-06  1.8397384e-06 -3.8479811e-01] speed=0.0005 ang_speed=0.0014 ang_vel_vec=[-1.2329041e-03  4.6285677e-05 -7.0623599e-04] |com_force|=0.0000N
### kotek_magnet[tick=9900] sensor3: d=0.5470m in_range=False f_mag=0.000N tau_mag=0.0000Nm misalign_deg=90.0 pos=[-0.10910747 -0.10914609  0.49140117] bottom_world=[-0.10910743 -0.10914596  0.47140117] quat=[-3.8058391e-01 -2.2184238e-06 -2.5425236e-06  9.2474651e-01] speed=0.0004 ang_speed=0.0021 ang_vel_vec=[ 5.7369009e-05  2.0140274e-03 -7.4645056e-04] |com_force|=0.0000N
### kotek_magnet[tick=9900] sensor4: d=0.5249m in_range=False f_mag=0.000N tau_mag=0.0000Nm misalign_deg=90.0 pos=[-0.10900031  0.10899872  0.49140236] bottom_world=[-0.10900016  0.10899901  0.47140236] quat=[ 3.8268268e-01 -5.8268972e-07 -8.2345214e-06  9.2387986e-01] speed=0.0006 ang_speed=0.0046 ang_vel_vec=[-0.0016023   0.00429472  0.00043491] |com_force|=0.0000N
### kotek_magnet[tick=9960] sensor1: d=0.1257m in_range=False f_mag=0.000N tau_mag=0.0000Nm misalign_deg=62.5 pos=[ 0.31013376 -0.10605437  0.4502334 ] bottom_world=[ 0.31938136 -0.12188297  0.44223733] quat=[ 0.17449515 -0.36892366  0.40496123  0.81820124] speed=0.2780 ang_speed=7.2492 ang_vel_vec=[-5.7199326  1.0191865 -4.3353424] |com_force|=0.0000N
### kotek_magnet[tick=9960] sensor2: d=0.3208m in_range=False f_mag=0.000N tau_mag=0.0000Nm misalign_deg=90.0 pos=[ 0.10902432 -0.10904733  0.49140108] bottom_world=[ 0.10902454 -0.10904699  0.47140108] quat=[ 9.2300069e-01  9.9486542e-06 -1.8952630e-06 -3.8479817e-01] speed=0.0009 ang_speed=0.0016 ang_vel_vec=[-0.00102841  0.00121575 -0.00034296] |com_force|=0.0000N
### kotek_magnet[tick=9960] sensor3: d=0.5470m in_range=False f_mag=0.000N tau_mag=0.0000Nm misalign_deg=90.0 pos=[-0.10910806 -0.10914575  0.49140102] bottom_world=[-0.10910782 -0.10914587  0.47140102] quat=[-3.8058376e-01 -4.3920145e-06  5.1869770e-06  9.2474651e-01] speed=0.0009 ang_speed=0.0033 ang_vel_vec=[ 0.00236278  0.00222128 -0.00039077] |com_force|=0.0000N
### kotek_magnet[tick=9960] sensor4: d=0.5249m in_range=False f_mag=0.000N tau_mag=0.0000Nm misalign_deg=90.0 pos=[-0.10900015  0.10899842  0.4914023 ] bottom_world=[-0.10900003  0.10899874  0.4714023 ] quat=[ 3.8268307e-01  4.8473419e-07 -8.4519888e-06  9.2387974e-01] speed=0.0010 ang_speed=0.0017 ang_vel_vec=[-0.00061694 -0.00084121  0.00140309] |com_force|=0.0000N
### kotek_magnet[tick=10020] sensor1: d=0.1229m in_range=False f_mag=0.000N tau_mag=0.0000Nm misalign_deg=58.8 pos=[ 0.30734545 -0.11921453  0.44701955] bottom_world=[ 0.31770459 -0.13483938  0.4400516 ] quat=[ 0.1435329  -0.39371046  0.4132715   0.80845344] speed=0.2797 ang_speed=7.2628 ang_vel_vec=[-5.7261233  0.4193318 -4.4479065] |com_force|=0.0000N
### kotek_magnet[tick=10020] sensor2: d=0.3208m in_range=False f_mag=0.000N tau_mag=0.0000Nm misalign_deg=90.0 pos=[ 0.10902434 -0.10904729  0.49140093] bottom_world=[ 0.10902457 -0.10904695  0.47140093] quat=[ 9.2300081e-01  1.0252346e-05 -2.0159200e-06 -3.8479811e-01] speed=0.0009 ang_speed=0.0020 ang_vel_vec=[-0.00122059  0.00151411 -0.00038529] |com_force|=0.0000N
### kotek_magnet[tick=10020] sensor3: d=0.5470m in_range=False f_mag=0.000N tau_mag=0.0000Nm misalign_deg=90.0 pos=[-0.109108   -0.10914574  0.49140105] bottom_world=[-0.10910775 -0.10914587  0.47140105] quat=[-3.8058394e-01 -4.4724611e-06  5.4969723e-06  9.2474639e-01] speed=0.0009 ang_speed=0.0037 ang_vel_vec=[ 0.00272215  0.00246543 -0.00041692] |com_force|=0.0000N
### kotek_magnet[tick=10020] sensor4: d=0.5249m in_range=False f_mag=0.000N tau_mag=0.0000Nm misalign_deg=90.0 pos=[-0.10900008  0.10899931  0.49140218] bottom_world=[-0.10900015  0.1089994   0.47140218] quat=[ 3.8268268e-01  2.5758266e-06 -1.3229217e-06  9.2387986e-01] speed=0.0003 ang_speed=0.0053 ang_vel_vec=[ 0.00279346 -0.00445395  0.00035067] |com_force|=0.0000N
### kotek_magnet[tick=10080] sensor1: d=0.1222m in_range=False f_mag=0.000N tau_mag=0.0000Nm misalign_deg=55.2 pos=[ 0.30414772 -0.13215682  0.44419053] bottom_world=[ 0.31555777 -0.14749143  0.43830323] quat=[ 0.11323721 -0.41812697  0.42188525  0.7964672 ] speed=0.2813 ang_speed=7.2810 ang_vel_vec=[-5.680749   -0.17312266 -4.5510507 ] |com_force|=0.0000N
### kotek_magnet[tick=10080] sensor2: d=0.3208m in_range=False f_mag=0.000N tau_mag=0.0000Nm misalign_deg=90.0 pos=[ 0.10902441 -0.10904741  0.4914011 ] bottom_world=[ 0.10902461 -0.10904706  0.47140111] quat=[ 9.2300081e-01  9.8946794e-06 -1.2264070e-06 -3.8479796e-01] speed=0.0010 ang_speed=0.0008 ang_vel_vec=[ 0.00019158  0.00019009 -0.00074708] |com_force|=0.0000N
### kotek_magnet[tick=10080] sensor3: d=0.5470m in_range=False f_mag=0.000N tau_mag=0.0000Nm misalign_deg=90.0 pos=[-0.10910749 -0.10914614  0.49140102] bottom_world=[-0.10910745 -0.10914601  0.47140102] quat=[-3.8058373e-01 -2.2994673e-06 -2.4772462e-06  9.2474651e-01] speed=0.0004 ang_speed=0.0021 ang_vel_vec=[-3.0059999e-05  1.9498348e-03 -7.0825731e-04] |com_force|=0.0000N
### kotek_magnet[tick=10080] sensor4: d=0.5249m in_range=False f_mag=0.000N tau_mag=0.0000Nm misalign_deg=90.0 pos=[-0.10900015  0.10899845  0.49140233] bottom_world=[-0.10900004  0.10899876  0.47140233] quat=[ 3.826831e-01  5.243597e-07 -8.281281e-06  9.238797e-01] speed=0.0010 ang_speed=0.0018 ang_vel_vec=[-0.00033173 -0.00114357  0.00134441] |com_force|=0.0000N
### kotek_magnet[tick=10140] sensor1: d=0.1231m in_range=False f_mag=0.000N tau_mag=0.0000Nm misalign_deg=52.4 pos=[ 0.30121306 -0.14260668  0.4422028 ] bottom_world=[ 0.3134202  -0.1576493   0.43723236] quat=[ 0.08923821 -0.43753913  0.42929983  0.7850464 ] speed=0.2780 ang_speed=7.2933 ang_vel_vec=[-5.5569744  -0.68081164 -4.6742373 ] |com_force|=0.0000N
### kotek_magnet[tick=10140] sensor2: d=0.3208m in_range=False f_mag=0.000N tau_mag=0.0000Nm misalign_deg=90.0 pos=[ 0.10902443 -0.10904743  0.49140093] bottom_world=[ 0.10902462 -0.10904708  0.47140093] quat=[ 9.2300075e-01  9.8024802e-06 -1.1946196e-06 -3.8479805e-01] speed=0.0010 ang_speed=0.0009 ang_vel_vec=[ 3.7056586e-04  7.0911090e-05 -7.9632754e-04] |com_force|=0.0000N
### kotek_magnet[tick=10140] sensor3: d=0.5470m in_range=False f_mag=0.000N tau_mag=0.0000Nm misalign_deg=90.0 pos=[-0.10910813 -0.10914585  0.49140105] bottom_world=[-0.10910788 -0.10914595  0.47140105] quat=[-3.8058391e-01 -4.6756691e-06  4.6378991e-06  9.2474645e-01] speed=0.0009 ang_speed=0.0017 ang_vel_vec=[ 0.00127124  0.00078033 -0.00080755] |com_force|=0.0000N
### kotek_magnet[tick=10140] sensor4: d=0.5249m in_range=False f_mag=0.000N tau_mag=0.0000Nm misalign_deg=90.0 pos=[-0.10900033  0.10899867  0.4914023 ] bottom_world=[-0.10900018  0.10899897  0.4714023 ] quat=[ 3.8268289e-01 -5.8560028e-07 -8.3061996e-06  9.2387986e-01] speed=0.0006 ang_speed=0.0047 ang_vel_vec=[-0.00171552  0.00434266  0.00042189] |com_force|=0.0000N
### kotek_magnet[tick=10200] sensor1: d=0.1227m in_range=False f_mag=0.000N tau_mag=0.0000Nm misalign_deg=53.2 pos=[ 0.29702747 -0.14878286  0.4362616 ] bottom_world=[ 0.30901962 -0.16396583  0.43119544] quat=[ 0.09231672 -0.4320581   0.43205562  0.7862133 ] speed=0.2808 ang_speed=7.3211 ang_vel_vec=[-5.5672865  -0.69951165 -4.7026105 ] |com_force|=0.0000N
### kotek_magnet[tick=10200] sensor2: d=0.3208m in_range=False f_mag=0.000N tau_mag=0.0000Nm misalign_deg=90.0 pos=[ 0.10902432 -0.10904734  0.49140105] bottom_world=[ 0.10902454 -0.109047    0.47140105] quat=[ 9.2300069e-01  9.9856725e-06 -1.8888652e-06 -3.8479817e-01] speed=0.0010 ang_speed=0.0014 ang_vel_vec=[-0.00087063  0.00102553 -0.00024424] |com_force|=0.0000N
### kotek_magnet[tick=10200] sensor3: d=0.5470m in_range=False f_mag=0.000N tau_mag=0.0000Nm misalign_deg=90.0 pos=[-0.10910813 -0.10914587  0.4914011 ] bottom_world=[-0.10910789 -0.10914596  0.47140111] quat=[-3.8058388e-01 -4.5876545e-06  4.3558866e-06  9.2474645e-01] speed=0.0009 ang_speed=0.0012 ang_vel_vec=[ 0.00094353  0.00051201 -0.00059763] |com_force|=0.0000N
### kotek_magnet[tick=10200] sensor4: d=0.5249m in_range=False f_mag=0.000N tau_mag=0.0000Nm misalign_deg=90.0 pos=[-0.10900038  0.10899834  0.4914023 ] bottom_world=[-0.10900016  0.10899869  0.4714023 ] quat=[ 3.8268289e-01 -1.6391655e-06 -1.0083827e-05  9.2387974e-01] speed=0.0009 ang_speed=0.0038 ang_vel_vec=[8.9289912e-05 3.7179114e-03 7.8486692e-04] |com_force|=0.0000N
### kotek_magnet[tick=10260] sensor1: d=0.1053m in_range=False f_mag=0.000N tau_mag=0.0000Nm misalign_deg=52.8 pos=[ 0.30767035 -0.15207477  0.4209    ] bottom_world=[ 0.3197636  -0.16721115  0.41593579] quat=[ 0.09057803 -0.43509212  0.43196067  0.7847933 ] speed=0.3035 ang_speed=7.3984 ang_vel_vec=[-5.5658255  -0.87785006 -4.7945657 ] |com_force|=0.0000N
### kotek_magnet[tick=10260] sensor2: d=0.3208m in_range=False f_mag=0.000N tau_mag=0.0000Nm misalign_deg=90.0 pos=[ 0.10902468 -0.10904676  0.491401  ] bottom_world=[ 0.10902467 -0.1090466   0.47140099] quat=[ 9.2300081e-01  3.6180177e-06  1.8611643e-06 -3.8479817e-01] speed=0.0005 ang_speed=0.0016 ang_vel_vec=[-1.3680414e-03 -4.0500356e-05 -8.5880345e-04] |com_force|=0.0000N
### kotek_magnet[tick=10260] sensor3: d=0.5470m in_range=False f_mag=0.000N tau_mag=0.0000Nm misalign_deg=90.0 pos=[-0.10910804 -0.10914574  0.491401  ] bottom_world=[-0.1091078  -0.10914585  0.47140099] quat=[-3.8058373e-01 -4.2910674e-06  4.8956222e-06  9.2474645e-01] speed=0.0009 ang_speed=0.0031 ang_vel_vec=[ 0.00218688  0.00208068 -0.00060766] |com_force|=0.0000N
### kotek_magnet[tick=10260] sensor4: d=0.5249m in_range=False f_mag=0.000N tau_mag=0.0000Nm misalign_deg=90.0 pos=[-0.10900015  0.10899846  0.49140245] bottom_world=[-0.10900004  0.10899878  0.47140245] quat=[ 3.8268316e-01  4.7254068e-07 -8.4380863e-06  9.2387968e-01] speed=0.0010 ang_speed=0.0016 ang_vel_vec=[-0.0005684  -0.00093182  0.00117296] |com_force|=0.0000N
### kotek_magnet[tick=10320] sensor1: d=0.0817m in_range=True f_mag=1.623N tau_mag=0.0016Nm misalign_deg=52.1 pos=[ 0.32067308 -0.15357567  0.39787513] bottom_world=[ 0.33295874 -0.16854794  0.39288577] quat=[ 0.08774089 -0.43875736  0.42750207  0.785516  ] speed=0.2894 ang_speed=5.7392 ang_vel_vec=[-3.8051035  3.035427  -3.0407767] |com_force|=0.6711N
### kotek_magnet[tick=10320] sensor2: d=0.3208m in_range=False f_mag=0.000N tau_mag=0.0000Nm misalign_deg=90.0 pos=[ 0.10902446 -0.10904741  0.49140105] bottom_world=[ 0.10902464 -0.10904706  0.47140105] quat=[ 9.2300081e-01  9.6645826e-06 -1.0431902e-06 -3.8479799e-01] speed=0.0010 ang_speed=0.0010 ang_vel_vec=[ 0.00063312 -0.00032601 -0.00067108] |com_force|=0.0000N
### kotek_magnet[tick=10320] sensor3: d=0.5470m in_range=False f_mag=0.000N tau_mag=0.0000Nm misalign_deg=90.0 pos=[-0.10910811 -0.10914584  0.49140114] bottom_world=[-0.10910786 -0.10914594  0.47140114] quat=[-3.8058397e-01 -4.6731657e-06  4.6095702e-06  9.2474639e-01] speed=0.0009 ang_speed=0.0016 ang_vel_vec=[ 0.0011833   0.00081181 -0.00069896] |com_force|=0.0000N
### kotek_magnet[tick=10320] sensor4: d=0.5249m in_range=False f_mag=0.000N tau_mag=0.0000Nm misalign_deg=90.0 pos=[-0.10900032  0.1089987   0.49140236] bottom_world=[-0.10900017  0.10899899  0.47140236] quat=[ 3.8268283e-01 -6.0886231e-07 -8.0729551e-06  9.2387986e-01] speed=0.0006 ang_speed=0.0042 ang_vel_vec=[-0.00146753  0.00394604  0.00053148] |com_force|=0.0000N
### still playing, 1219s left
### kotek_magnet[tick=10380] sensor1: d=0.0484m in_range=True f_mag=0.935N tau_mag=0.0009Nm misalign_deg=40.4 pos=[ 0.33979386 -0.14321452  0.37999344] bottom_world=[ 0.35502956 -0.14612669  0.36736836] quat=[ 0.11768942 -0.4286603   0.02496636  0.8954196 ] speed=0.3000 ang_speed=9.9890 ang_vel_vec=[ 7.4464154 -1.477083   6.49226  ] |com_force|=0.8105N
### kotek_magnet[tick=10380] sensor2: d=0.3208m in_range=False f_mag=0.000N tau_mag=0.0000Nm misalign_deg=90.0 pos=[ 0.10902474 -0.10904595  0.49140102] bottom_world=[ 0.10902457 -0.109046    0.47140102] quat=[ 9.2300051e-01 -2.9776922e-06  3.3610909e-06 -3.8479865e-01] speed=0.0006 ang_speed=0.0030 ang_vel_vec=[ 0.00047644 -0.0028639   0.00053059] |com_force|=0.0000N
### kotek_magnet[tick=10380] sensor3: d=0.5470m in_range=False f_mag=0.000N tau_mag=0.0000Nm misalign_deg=90.0 pos=[-0.10910755 -0.1091459   0.49140096] bottom_world=[-0.10910749 -0.10914587  0.47140096] quat=[-3.8058361e-01 -1.8120056e-06  1.1601969e-08  9.2474651e-01] speed=0.0003 ang_speed=0.0020 ang_vel_vec=[ 0.00142871  0.00137938 -0.00026556] |com_force|=0.0000N
### kotek_magnet[tick=10380] sensor4: d=0.5249m in_range=False f_mag=0.000N tau_mag=0.0000Nm misalign_deg=90.0 pos=[-0.10900036  0.10899869  0.4914023 ] bottom_world=[-0.1090002   0.10899899  0.4714023 ] quat=[ 3.8268268e-01 -8.9017630e-07 -8.3844334e-06  9.2387986e-01] speed=0.0006 ang_speed=0.0044 ang_vel_vec=[-0.00135674  0.00411589  0.0004614 ] |com_force|=0.0000N
### kotek_magnet[tick=10440] sensor1: d=0.0155m in_range=True f_mag=0.257N tau_mag=0.0001Nm misalign_deg=17.1 pos=[ 0.36934486 -0.1453747   0.3643331 ] bottom_world=[ 0.38846343 -0.14966817  0.36032731] quat=[ 0.09351307 -0.6291885   0.06306615  0.7690253 ] speed=0.0139 ang_speed=0.2904 ang_vel_vec=[ 0.18178914 -0.17644183 -0.14204611] |com_force|=0.5056N
### kotek_magnet[tick=10440] sensor2: d=0.3208m in_range=False f_mag=0.000N tau_mag=0.0000Nm misalign_deg=90.0 pos=[ 0.1090247  -0.10904595  0.49140108] bottom_world=[ 0.10902454 -0.10904599  0.47140108] quat=[ 9.2300051e-01 -2.7478391e-06  3.3901060e-06 -3.8479868e-01] speed=0.0006 ang_speed=0.0027 ang_vel_vec=[ 0.00017794 -0.00266026  0.00057343] |com_force|=0.0000N
### kotek_magnet[tick=10440] sensor3: d=0.5470m in_range=False f_mag=0.000N tau_mag=0.0000Nm misalign_deg=90.0 pos=[-0.10910748 -0.1091461   0.49140108] bottom_world=[-0.10910743 -0.10914596  0.47140108] quat=[-3.8058373e-01 -2.3511948e-06 -2.6445355e-06  9.2474645e-01] speed=0.0004 ang_speed=0.0019 ang_vel_vec=[-0.00030155  0.00179874 -0.00067728] |com_force|=0.0000N
### kotek_magnet[tick=10440] sensor4: d=0.5249m in_range=False f_mag=0.000N tau_mag=0.0000Nm misalign_deg=90.0 pos=[-0.10900018  0.10899847  0.49140233] bottom_world=[-0.10900008  0.10899878  0.47140233] quat=[ 3.8268307e-01  6.6539258e-07 -8.0306108e-06  9.2387974e-01] speed=0.0009 ang_speed=0.0018 ang_vel_vec=[-0.00028328 -0.00113052  0.00136997] |com_force|=0.0000N
### kotek_magnet[tick=10478]: welded sensor 1 at d=0.0147m misalign_deg=15.0 pos=[ 0.369949   -0.14558154  0.36412293] wall_pos=[0.425 0.    0.5  ] local_pos1=[-0.05505099 -0.14558154 -0.13587707] quat=[ 0.08678494 -0.62923276  0.03012822  0.7717687 ]
### kotek_magnet[tick=10500] sensor2: d=0.3208m in_range=False f_mag=0.000N tau_mag=0.0000Nm misalign_deg=90.0 pos=[ 0.1090247  -0.10904597  0.491401  ] bottom_world=[ 0.10902454 -0.10904601  0.47140099] quat=[ 9.2300051e-01 -2.5690933e-06  3.2816010e-06 -3.8479871e-01] speed=0.0006 ang_speed=0.0023 ang_vel_vec=[-5.9871677e-06 -2.2360962e-03  5.1777641e-04] |com_force|=0.0000N
### kotek_magnet[tick=10500] sensor3: d=0.5470m in_range=False f_mag=0.000N tau_mag=0.0000Nm misalign_deg=90.0 pos=[-0.10910751 -0.10914614  0.4914011 ] bottom_world=[-0.10910746 -0.10914601  0.47140111] quat=[-3.8058376e-01 -2.3775549e-06 -2.4445915e-06  9.2474651e-01] speed=0.0004 ang_speed=0.0020 ang_vel_vec=[ 6.5475215e-05  1.8711757e-03 -7.5662084e-04] |com_force|=0.0000N
### kotek_magnet[tick=10500] sensor4: d=0.5249m in_range=False f_mag=0.000N tau_mag=0.0000Nm misalign_deg=90.0 pos=[-0.10900033  0.10899867  0.49140233] bottom_world=[-0.10900019  0.10899896  0.47140233] quat=[ 3.8268277e-01 -6.2616942e-07 -8.0334785e-06  9.2387980e-01] speed=0.0006 ang_speed=0.0040 ang_vel_vec=[-0.00125684  0.00375477  0.00044364] |com_force|=0.0000N
### kotek_magnet[tick=10560] sensor2: d=0.3208m in_range=False f_mag=0.000N tau_mag=0.0000Nm misalign_deg=90.0 pos=[ 0.10902448 -0.10904567  0.49140108] bottom_world=[ 0.1090244  -0.10904573  0.47140108] quat=[ 9.2300045e-01 -2.2227362e-06  1.3226959e-06 -3.8479906e-01] speed=0.0010 ang_speed=0.0022 ang_vel_vec=[-0.00033087  0.00165049  0.00140052] |com_force|=0.0000N
### kotek_magnet[tick=10560] sensor3: d=0.5470m in_range=False f_mag=0.000N tau_mag=0.0000Nm misalign_deg=90.0 pos=[-0.10910812 -0.10914584  0.4914011 ] bottom_world=[-0.10910789 -0.10914592  0.47140111] quat=[-3.8058397e-01 -4.5658944e-06  4.2971101e-06  9.2474639e-01] speed=0.0009 ang_speed=0.0015 ang_vel_vec=[ 0.00108913  0.00060262 -0.00086022] |com_force|=0.0000N
### kotek_magnet[tick=10560] sensor4: d=0.5249m in_range=False f_mag=0.000N tau_mag=0.0000Nm misalign_deg=90.0 pos=[-0.10900035  0.10899869  0.49140233] bottom_world=[-0.1090002   0.10899899  0.47140233] quat=[ 3.8268265e-01 -6.6278824e-07 -8.1974758e-06  9.2387980e-01] speed=0.0006 ang_speed=0.0041 ang_vel_vec=[-0.00130699  0.00384136  0.00036678] |com_force|=0.0000N
### kotek_magnet[tick=10620] sensor2: d=0.3208m in_range=False f_mag=0.000N tau_mag=0.0000Nm misalign_deg=90.0 pos=[ 0.10902447 -0.10904574  0.49140093] bottom_world=[ 0.10902441 -0.10904578  0.47140093] quat=[ 9.2300045e-01 -1.4973111e-06  9.6401777e-07 -3.8479897e-01] speed=0.0009 ang_speed=0.0026 ang_vel_vec=[-0.00070056  0.0019953   0.00149637] |com_force|=0.0000N
### kotek_magnet[tick=10620] sensor3: d=0.5470m in_range=False f_mag=0.000N tau_mag=0.0000Nm misalign_deg=90.0 pos=[-0.10910802 -0.10914573  0.4914011 ] bottom_world=[-0.10910778 -0.10914585  0.47140111] quat=[-3.8058373e-01 -4.3861282e-06  5.1111092e-06  9.2474645e-01] speed=0.0009 ang_speed=0.0031 ang_vel_vec=[ 0.00221419  0.00207801 -0.00045592] |com_force|=0.0000N
### kotek_magnet[tick=10620] sensor4: d=0.5249m in_range=False f_mag=0.000N tau_mag=0.0000Nm misalign_deg=90.0 pos=[-0.10900016  0.10899848  0.49140242] bottom_world=[-0.10900005  0.1089988   0.47140242] quat=[ 3.8268313e-01  5.1686231e-07 -8.4097283e-06  9.2387974e-01] speed=0.0010 ang_speed=0.0018 ang_vel_vec=[-0.00037653 -0.00121646  0.00130945] |com_force|=0.0000N
### kotek_magnet[tick=10680] sensor2: d=0.3208m in_range=False f_mag=0.000N tau_mag=0.0000Nm misalign_deg=90.0 pos=[ 0.10902472 -0.10904598  0.491401  ] bottom_world=[ 0.10902455 -0.10904602  0.47140099] quat=[ 9.2300057e-01 -2.5202428e-06  3.4202501e-06 -3.8479862e-01] speed=0.0005 ang_speed=0.0023 ang_vel_vec=[-0.00011099 -0.00224408  0.00034561] |com_force|=0.0000N
### kotek_magnet[tick=10680] sensor3: d=0.5470m in_range=False f_mag=0.000N tau_mag=0.0000Nm misalign_deg=90.0 pos=[-0.10910812 -0.10914586  0.49140105] bottom_world=[-0.10910788 -0.10914595  0.47140105] quat=[-3.8058403e-01 -4.7185390e-06  4.5130182e-06  9.2474633e-01] speed=0.0009 ang_speed=0.0020 ang_vel_vec=[ 0.00135752  0.00097346 -0.00101172] |com_force|=0.0000N
### kotek_magnet[tick=10680] sensor4: d=0.5249m in_range=False f_mag=0.000N tau_mag=0.0000Nm misalign_deg=90.0 pos=[-0.10900018  0.10899843  0.49140236] bottom_world=[-0.10900006  0.10899875  0.47140236] quat=[ 3.8268301e-01  4.7906400e-07 -8.6108857e-06  9.2387974e-01] speed=0.0010 ang_speed=0.0016 ang_vel_vec=[-0.0005851  -0.00093538  0.00110399] |com_force|=0.0000N
### kotek_magnet[tick=10740] sensor2: d=0.3208m in_range=False f_mag=0.000N tau_mag=0.0000Nm misalign_deg=90.0 pos=[ 0.10902449 -0.1090458   0.49140093] bottom_world=[ 0.10902443 -0.10904583  0.47140093] quat=[ 9.2300045e-01 -1.4142862e-06  9.9077192e-07 -3.8479903e-01] speed=0.0009 ang_speed=0.0028 ang_vel_vec=[-0.00093715  0.00228811  0.00123031] |com_force|=0.0000N
### kotek_magnet[tick=10740] sensor3: d=0.5470m in_range=False f_mag=0.000N tau_mag=0.0000Nm misalign_deg=90.0 pos=[-0.10910811 -0.10914589  0.49140105] bottom_world=[-0.10910787 -0.10914599  0.47140105] quat=[-3.8058403e-01 -4.6145851e-06  4.4415165e-06  9.2474633e-01] speed=0.0009 ang_speed=0.0018 ang_vel_vec=[ 0.00129624  0.00063779 -0.00105707] |com_force|=0.0000N
### kotek_magnet[tick=10740] sensor4: d=0.5249m in_range=False f_mag=0.000N tau_mag=0.0000Nm misalign_deg=90.0 pos=[-0.10900016  0.10899837  0.49140233] bottom_world=[-0.10900005  0.1089987   0.47140233] quat=[ 3.8268310e-01  4.7264152e-07 -8.6337068e-06  9.2387980e-01] speed=0.0010 ang_speed=0.0019 ang_vel_vec=[-0.00019904 -0.00162798  0.00100977] |com_force|=0.0000N
### kotek_magnet[tick=10800] sensor2: d=0.3208m in_range=False f_mag=0.000N tau_mag=0.0000Nm misalign_deg=90.0 pos=[ 0.1090245  -0.10904581  0.49140102] bottom_world=[ 0.10902445 -0.10904584  0.47140102] quat=[ 9.2300057e-01 -1.2151321e-06  8.8056242e-07 -3.8479879e-01] speed=0.0009 ang_speed=0.0026 ang_vel_vec=[-0.00077775  0.00201816  0.00153019] |com_force|=0.0000N
### kotek_magnet[tick=10800] sensor3: d=0.5470m in_range=False f_mag=0.000N tau_mag=0.0000Nm misalign_deg=90.0 pos=[-0.10910745 -0.10914618  0.49140108] bottom_world=[-0.10910741 -0.10914605  0.47140108] quat=[-3.8058385e-01 -2.2462257e-06 -2.6593136e-06  9.2474645e-01] speed=0.0004 ang_speed=0.0021 ang_vel_vec=[ 1.6658811e-05  2.0114486e-03 -6.8122090e-04] |com_force|=0.0000N
### kotek_magnet[tick=10800] sensor4: d=0.5249m in_range=False f_mag=0.000N tau_mag=0.0000Nm misalign_deg=90.0 pos=[-0.1090003   0.10899946  0.4914023 ] bottom_world=[-0.10900028  0.10899953  0.4714023 ] quat=[ 3.8268220e-01  1.9306832e-07 -1.7444318e-06  9.2388004e-01] speed=0.0004 ang_speed=0.0027 ang_vel_vec=[ 0.00212635  0.00141424 -0.00075403] |com_force|=0.0000N
### kotek_magnet[tick=10860] sensor2: d=0.3208m in_range=False f_mag=0.000N tau_mag=0.0000Nm misalign_deg=90.0 pos=[ 0.10902425 -0.10904636  0.49140093] bottom_world=[ 0.10902438 -0.10904622  0.47140093] quat=[ 9.2300057e-01  4.5295137e-06 -1.7880127e-06 -3.8479879e-01] speed=0.0005 ang_speed=0.0075 ang_vel_vec=[-0.0041587   0.00610144  0.00131645] |com_force|=0.0000N
### kotek_magnet[tick=10860] sensor3: d=0.5470m in_range=False f_mag=0.000N tau_mag=0.0000Nm misalign_deg=90.0 pos=[-0.10910814 -0.10914592  0.49140108] bottom_world=[-0.1091079  -0.10914601  0.47140108] quat=[-3.8058391e-01 -4.5715046e-06  4.1855101e-06  9.2474645e-01] speed=0.0009 ang_speed=0.0016 ang_vel_vec=[ 0.00110065  0.00075022 -0.00086988] |com_force|=0.0000N
### kotek_magnet[tick=10860] sensor4: d=0.5249m in_range=False f_mag=0.000N tau_mag=0.0000Nm misalign_deg=90.0 pos=[-0.109       0.10900011  0.4914023 ] bottom_world=[-0.10900024  0.10899996  0.4714023 ] quat=[3.8268211e-01 4.0241493e-06 5.8175210e-06 9.2388010e-01] speed=0.0009 ang_speed=0.0033 ang_vel_vec=[ 0.00225288 -0.0022894  -0.00089931] |com_force|=0.0000N
### kotek_magnet[tick=10920] sensor2: d=0.3208m in_range=False f_mag=0.000N tau_mag=0.0000Nm misalign_deg=90.0 pos=[ 0.10902432 -0.10904737  0.49140102] bottom_world=[ 0.10902455 -0.10904703  0.47140102] quat=[ 9.2300081e-01  1.0058115e-05 -2.0214495e-06 -3.8479814e-01] speed=0.0010 ang_speed=0.0013 ang_vel_vec=[-0.00065023  0.00099029 -0.00054018] |com_force|=0.0000N
### kotek_magnet[tick=10920] sensor3: d=0.5470m in_range=False f_mag=0.000N tau_mag=0.0000Nm misalign_deg=90.0 pos=[-0.10910814 -0.10914595  0.49140108] bottom_world=[-0.10910791 -0.10914603  0.47140108] quat=[-3.805841e-01 -4.466163e-06  4.138993e-06  9.247464e-01] speed=0.0009 ang_speed=0.0014 ang_vel_vec=[ 0.0009875   0.00040875 -0.00090976] |com_force|=0.0000N
### kotek_magnet[tick=10920] sensor4: d=0.5249m in_range=False f_mag=0.000N tau_mag=0.0000Nm misalign_deg=90.0 pos=[-0.10900003  0.10900009  0.49140236] bottom_world=[-0.10900027  0.10899994  0.47140236] quat=[3.8268197e-01 4.0403784e-06 5.9352315e-06 9.2388010e-01] speed=0.0009 ang_speed=0.0040 ang_vel_vec=[ 0.00278454 -0.00268688 -0.00093604] |com_force|=0.0000N
### kotek_magnet[tick=10980] sensor2: d=0.3208m in_range=False f_mag=0.000N tau_mag=0.0000Nm misalign_deg=90.0 pos=[ 0.10902431 -0.10904735  0.49140096] bottom_world=[ 0.10902453 -0.10904701  0.47140096] quat=[ 9.2300087e-01  9.9503723e-06 -1.7546258e-06 -3.8479814e-01] speed=0.0010 ang_speed=0.0015 ang_vel_vec=[-0.00094436  0.00092916 -0.00064913] |com_force|=0.0000N
### kotek_magnet[tick=10980] sensor3: d=0.5470m in_range=False f_mag=0.000N tau_mag=0.0000Nm misalign_deg=90.0 pos=[-0.10910814 -0.10914589  0.49140102] bottom_world=[-0.10910791 -0.10914597  0.47140102] quat=[-3.8058400e-01 -4.6248329e-06  4.1104754e-06  9.2474645e-01] speed=0.0009 ang_speed=0.0014 ang_vel_vec=[ 0.00074741  0.00051894 -0.00100205] |com_force|=0.0000N
### kotek_magnet[tick=10980] sensor4: d=0.5249m in_range=False f_mag=0.000N tau_mag=0.0000Nm misalign_deg=90.0 pos=[-0.10900002  0.1090001   0.4914024 ] bottom_world=[-0.10900025  0.10899996  0.47140239] quat=[3.8268217e-01 4.0087480e-06 5.6284380e-06 9.2388010e-01] speed=0.0009 ang_speed=0.0037 ang_vel_vec=[ 0.00244703 -0.00258078 -0.00104487] |com_force|=0.0000N
### kotek_magnet[tick=11040] sensor2: d=0.3208m in_range=False f_mag=0.000N tau_mag=0.0000Nm misalign_deg=90.0 pos=[ 0.10902467 -0.10904683  0.49140102] bottom_world=[ 0.10902466 -0.10904667  0.47140102] quat=[ 9.2300087e-01  3.6603506e-06  1.9964764e-06 -3.8479814e-01] speed=0.0006 ang_speed=0.0013 ang_vel_vec=[-0.00084369 -0.00068158 -0.00063239] |com_force|=0.0000N
### kotek_magnet[tick=11040] sensor3: d=0.5470m in_range=False f_mag=0.000N tau_mag=0.0000Nm misalign_deg=90.0 pos=[-0.10910648 -0.10914594  0.49140102] bottom_world=[-0.10910665 -0.10914576  0.47140102] quat=[-3.805828e-01  2.062453e-06 -5.763461e-06  9.247468e-01] speed=0.0009 ang_speed=0.0029 ang_vel_vec=[0.00221749 0.00078544 0.00164784] |com_force|=0.0000N
### kotek_magnet[tick=11040] sensor4: d=0.5249m in_range=False f_mag=0.000N tau_mag=0.0000Nm misalign_deg=90.0 pos=[-0.10900033  0.10899945  0.49140227] bottom_world=[-0.1090003   0.10899952  0.47140227] quat=[ 3.8268232e-01  2.0921372e-07 -1.8447026e-06  9.2387998e-01] speed=0.0004 ang_speed=0.0029 ang_vel_vec=[ 0.0026127   0.00098684 -0.00072573] |com_force|=0.0000N
### kotek_magnet[tick=11100] sensor2: d=0.3208m in_range=False f_mag=0.000N tau_mag=0.0000Nm misalign_deg=90.0 pos=[ 0.10902468 -0.10904687  0.49140102] bottom_world=[ 0.10902467 -0.1090467   0.47140102] quat=[ 9.2300087e-01  3.8757885e-06  1.9774968e-06 -3.8479805e-01] speed=0.0006 ang_speed=0.0016 ang_vel_vec=[-0.00112951 -0.00087327 -0.00075325] |com_force|=0.0000N
### kotek_magnet[tick=11100] sensor3: d=0.5470m in_range=False f_mag=0.000N tau_mag=0.0000Nm misalign_deg=90.0 pos=[-0.10910672 -0.1091462   0.49140108] bottom_world=[-0.10910688 -0.10914592  0.47140108] quat=[-3.8058326e-01  1.1375226e-06 -7.9885704e-06  9.2474675e-01] speed=0.0006 ang_speed=0.0025 ang_vel_vec=[-2.4477709e-03 -3.7702357e-05  5.4563978e-04] |com_force|=0.0000N
### kotek_magnet[tick=11100] sensor4: d=0.5249m in_range=False f_mag=0.000N tau_mag=0.0000Nm misalign_deg=90.0 pos=[-0.10900037  0.10899913  0.4914023 ] bottom_world=[-0.10900032  0.10899928  0.4714023 ] quat=[ 3.8268244e-01  2.7454379e-07 -4.0505024e-06  9.2388004e-01] speed=0.0002 ang_speed=0.0018 ang_vel_vec=[-0.00099679  0.00143908 -0.00039205] |com_force|=0.0000N
### kotek_magnet[tick=11160] sensor2: d=0.3208m in_range=False f_mag=0.000N tau_mag=0.0000Nm misalign_deg=90.0 pos=[ 0.10902437 -0.10904742  0.49140102] bottom_world=[ 0.10902458 -0.10904705  0.47140102] quat=[ 9.2300087e-01  1.0477162e-05 -1.3827662e-06 -3.8479796e-01] speed=0.0010 ang_speed=0.0009 ang_vel_vec=[-0.00011788  0.00037312 -0.00080695] |com_force|=0.0000N
### kotek_magnet[tick=11160] sensor3: d=0.5470m in_range=False f_mag=0.000N tau_mag=0.0000Nm misalign_deg=90.0 pos=[-0.1091065  -0.10914595  0.49140114] bottom_world=[-0.10910666 -0.10914576  0.47140114] quat=[-3.8058296e-01  2.0932525e-06 -5.8441374e-06  9.2474681e-01] speed=0.0009 ang_speed=0.0027 ang_vel_vec=[0.00212749 0.00062009 0.00153734] |com_force|=0.0000N
### kotek_magnet[tick=11160] sensor4: d=0.5249m in_range=False f_mag=0.000N tau_mag=0.0000Nm misalign_deg=90.0 pos=[-0.10900019  0.1089984   0.49140236] bottom_world=[-0.10900009  0.10899872  0.47140236] quat=[ 3.8268304e-01  6.0531886e-07 -8.3563427e-06  9.2387974e-01] speed=0.0010 ang_speed=0.0023 ang_vel_vec=[-8.2100276e-05 -1.8575798e-03  1.3185734e-03] |com_force|=0.0000N
### kotek_magnet[tick=11220] sensor2: d=0.3208m in_range=False f_mag=0.000N tau_mag=0.0000Nm misalign_deg=90.0 pos=[ 0.10902428 -0.10904738  0.49140102] bottom_world=[ 0.10902451 -0.10904703  0.47140102] quat=[ 9.2300075e-01  1.0230931e-05 -2.0092584e-06 -3.8479817e-01] speed=0.0010 ang_speed=0.0023 ang_vel_vec=[-0.0014845   0.00166541 -0.00058877] |com_force|=0.0000N
### kotek_magnet[tick=11220] sensor3: d=0.5470m in_range=False f_mag=0.000N tau_mag=0.0000Nm misalign_deg=90.0 pos=[-0.10910673 -0.10914616  0.4914011 ] bottom_world=[-0.1091069  -0.10914589  0.47140111] quat=[-3.8058323e-01  1.4375836e-06 -7.9068259e-06  9.2474675e-01] speed=0.0006 ang_speed=0.0028 ang_vel_vec=[-0.0027129  -0.00057184  0.00043534] |com_force|=0.0000N
### kotek_magnet[tick=11220] sensor4: d=0.5249m in_range=False f_mag=0.000N tau_mag=0.0000Nm misalign_deg=90.0 pos=[-0.10900018  0.1089984   0.49140233] bottom_world=[-0.10900007  0.10899871  0.47140233] quat=[ 3.8268316e-01  3.4481337e-07 -8.4862213e-06  9.2387974e-01] speed=0.0010 ang_speed=0.0016 ang_vel_vec=[-0.00043738 -0.00089358  0.00122673] |com_force|=0.0000N
### kotek_magnet[tick=11280] sensor2: d=0.3208m in_range=False f_mag=0.000N tau_mag=0.0000Nm misalign_deg=90.0 pos=[ 0.10902445 -0.10904574  0.49140105] bottom_world=[ 0.10902437 -0.1090458   0.47140105] quat=[ 9.2300051e-01 -2.1295521e-06  1.2155348e-06 -3.8479897e-01] speed=0.0009 ang_speed=0.0020 ang_vel_vec=[0.00029265 0.00122543 0.00152632] |com_force|=0.0000N
### kotek_magnet[tick=11280] sensor3: d=0.5470m in_range=False f_mag=0.000N tau_mag=0.0000Nm misalign_deg=90.0 pos=[-0.10910647 -0.1091459   0.49140105] bottom_world=[-0.10910665 -0.10914572  0.47140105] quat=[-3.805828e-01  2.233622e-06 -5.887084e-06  9.247468e-01] speed=0.0010 ang_speed=0.0027 ang_vel_vec=[0.00213089 0.00046687 0.00159386] |com_force|=0.0000N
### kotek_magnet[tick=11280] sensor4: d=0.5249m in_range=False f_mag=0.000N tau_mag=0.0000Nm misalign_deg=90.0 pos=[-0.10900022  0.10899841  0.4914023 ] bottom_world=[-0.10900011  0.10899873  0.4714023 ] quat=[ 3.8268307e-01  4.5723510e-07 -8.4724015e-06  9.2387974e-01] speed=0.0010 ang_speed=0.0021 ang_vel_vec=[-5.0303141e-05 -1.5406259e-03  1.3731796e-03] |com_force|=0.0000N
### kotek_magnet[tick=11340] sensor2: d=0.3209m in_range=False f_mag=0.000N tau_mag=0.0000Nm misalign_deg=97.8 pos=[ 0.1123201 -0.1050552  0.4918617] bottom_world=[ 0.10961398 -0.11006436  0.47268919] quat=[ 0.9109517  -0.14319625  0.01349073 -0.38662645] speed=0.3683 ang_speed=3.3612 ang_vel_vec=[ 3.1537488  -1.1432518  -0.21125662] |com_force|=0.0000N
### kotek_magnet[tick=11340] sensor3: d=0.5470m in_range=False f_mag=0.000N tau_mag=0.0000Nm misalign_deg=90.0 pos=[-0.1091065  -0.10914592  0.49140105] bottom_world=[-0.10910668 -0.10914574  0.47140105] quat=[-3.8058293e-01  2.2211582e-06 -5.8762907e-06  9.2474687e-01] speed=0.0010 ang_speed=0.0032 ang_vel_vec=[0.00274484 0.00056902 0.00159655] |com_force|=0.0000N
### kotek_magnet[tick=11340] sensor4: d=0.5249m in_range=False f_mag=0.000N tau_mag=0.0000Nm misalign_deg=90.0 pos=[-0.10900043  0.10899837  0.49140236] bottom_world=[-0.10900022  0.10899871  0.47140236] quat=[ 3.8268280e-01 -1.5247606e-06 -9.7556949e-06  9.2387974e-01] speed=0.0008 ang_speed=0.0033 ang_vel_vec=[0.00064499 0.00319208 0.00069808] |com_force|=0.0000N
### kotek_magnet[tick=11400] sensor2: d=0.3213m in_range=False f_mag=0.000N tau_mag=0.0000Nm misalign_deg=90.0 pos=[ 0.10927955 -0.11332506  0.4914018 ] bottom_world=[ 0.10928396 -0.11333051  0.47140179] quat=[ 9.2854542e-01 -8.5557760e-05 -1.5302269e-04 -3.7121883e-01] speed=0.0127 ang_speed=0.2879 ang_vel_vec=[0.1378504  0.05837181 0.24597211] |com_force|=0.0000N
### kotek_magnet[tick=11400] sensor3: d=0.5470m in_range=False f_mag=0.000N tau_mag=0.0000Nm misalign_deg=90.0 pos=[-0.1091065  -0.10914594  0.4914011 ] bottom_world=[-0.10910667 -0.10914576  0.47140111] quat=[-3.8058275e-01  2.2226284e-06 -5.8017231e-06  9.2474681e-01] speed=0.0010 ang_speed=0.0029 ang_vel_vec=[0.00231779 0.00056737 0.001722  ] |com_force|=0.0000N
### kotek_magnet[tick=11400] sensor4: d=0.5249m in_range=False f_mag=0.000N tau_mag=0.0000Nm misalign_deg=90.0 pos=[-0.10900023  0.10899843  0.49140233] bottom_world=[-0.10900013  0.10899874  0.47140233] quat=[ 3.8268310e-01  7.4590912e-07 -7.9690717e-06  9.2387974e-01] speed=0.0010 ang_speed=0.0027 ang_vel_vec=[ 0.0001037  -0.00223677  0.00151805] |com_force|=0.0000N
### kotek_magnet[tick=11460] sensor2: d=0.3156m in_range=False f_mag=0.000N tau_mag=0.0000Nm misalign_deg=90.0 pos=[ 0.11548408 -0.11267715  0.491337  ] bottom_world=[ 0.11549155 -0.11273951  0.4713371 ] quat=[ 9.5350945e-01 -1.4302930e-03 -6.4796495e-04 -3.0135909e-01] speed=0.0993 ang_speed=5.1490 ang_vel_vec=[-1.500437   2.5705664 -4.201607 ] |com_force|=0.0000N
### kotek_magnet[tick=11460] sensor3: d=0.5470m in_range=False f_mag=0.000N tau_mag=0.0000Nm misalign_deg=90.0 pos=[-0.10910822 -0.10914581  0.49140114] bottom_world=[-0.10910795 -0.10914594  0.47140114] quat=[-3.8058397e-01 -5.0169424e-06  5.6005997e-06  9.2474633e-01] speed=0.0010 ang_speed=0.0024 ang_vel_vec=[ 0.00185857  0.00131792 -0.00082986] |com_force|=0.0000N
### kotek_magnet[tick=11460] sensor4: d=0.5249m in_range=False f_mag=0.000N tau_mag=0.0000Nm misalign_deg=90.0 pos=[-0.10900036  0.10899953  0.49140233] bottom_world=[-0.10900036  0.10899959  0.47140233] quat=[ 3.8268226e-01  4.4600316e-07 -1.5033752e-06  9.2388004e-01] speed=0.0005 ang_speed=0.0029 ang_vel_vec=[ 0.00274972  0.00012642 -0.00088295] |com_force|=0.0000N
### kotek_magnet[tick=11520] sensor2: d=0.3079m in_range=False f_mag=0.000N tau_mag=0.0000Nm misalign_deg=90.0 pos=[ 0.12415554 -0.1130252   0.4913875 ] bottom_world=[ 0.12415496 -0.11294872  0.47138763] quat=[ 9.8642027e-01  1.8836939e-03  3.2827156e-04 -1.6422954e-01] speed=0.0852 ang_speed=4.6581 ang_vel_vec=[-0.21135356 -0.27772647 -4.645013  ] |com_force|=0.0000N
### kotek_magnet[tick=11520] sensor3: d=0.5470m in_range=False f_mag=0.000N tau_mag=0.0000Nm misalign_deg=90.0 pos=[-0.10910754 -0.10914613  0.49140105] bottom_world=[-0.10910748 -0.109146    0.47140105] quat=[-3.8058373e-01 -2.5011902e-06 -2.3310233e-06  9.2474645e-01] speed=0.0005 ang_speed=0.0020 ang_vel_vec=[-0.00076134  0.00168309 -0.00067584] |com_force|=0.0000N
### kotek_magnet[tick=11520] sensor4: d=0.5249m in_range=False f_mag=0.000N tau_mag=0.0000Nm misalign_deg=90.0 pos=[-0.10900006  0.10900017  0.4914024 ] bottom_world=[-0.10900028  0.10900003  0.47140239] quat=[3.8268214e-01 3.7226625e-06 5.3799699e-06 9.2388010e-01] speed=0.0010 ang_speed=0.0020 ang_vel_vec=[ 0.00132669 -0.00129418 -0.00076937] |com_force|=0.0000N
### kotek_magnet[tick=11580] sensor2: d=0.3037m in_range=False f_mag=0.000N tau_mag=0.0000Nm misalign_deg=89.8 pos=[ 0.12881315 -0.10856359  0.4941722 ] bottom_world=[ 0.12889439 -0.10762089  0.47419458] quat=[ 9.9784321e-01  2.3654178e-02 -5.8386358e-04 -6.1230440e-02] speed=0.0942 ang_speed=8.1436 ang_vel_vec=[ 0.4569952  1.0300624 -8.065249 ] |com_force|=0.0000N
### kotek_magnet[tick=11580] sensor3: d=0.5470m in_range=False f_mag=0.000N tau_mag=0.0000Nm misalign_deg=90.0 pos=[-0.10910752 -0.10914615  0.49140105] bottom_world=[-0.10910748 -0.10914602  0.47140105] quat=[-3.8058391e-01 -2.3013495e-06 -2.5776726e-06  9.2474645e-01] speed=0.0005 ang_speed=0.0018 ang_vel_vec=[-0.00012317  0.00159604 -0.00092534] |com_force|=0.0000N
### kotek_magnet[tick=11580] sensor4: d=0.5249m in_range=False f_mag=0.000N tau_mag=0.0000Nm misalign_deg=90.0 pos=[-0.10900035  0.10899948  0.4914022 ] bottom_world=[-0.10900033  0.10899955  0.47140221] quat=[ 3.8268214e-01  2.5084739e-07 -1.6579158e-06  9.2388004e-01] speed=0.0004 ang_speed=0.0023 ang_vel_vec=[ 0.00202763  0.00068544 -0.00090894] |com_force|=0.0000N
### kotek_magnet[tick=11640] sensor2: d=0.3120m in_range=False f_mag=0.000N tau_mag=0.0000Nm misalign_deg=89.8 pos=[ 0.128856   -0.10883202  0.51320654] bottom_world=[ 0.12892498 -0.10798452  0.49322463] quat=[ 9.9854589e-01  2.1251775e-02 -6.7259418e-04 -4.9539220e-02] speed=0.1029 ang_speed=6.5772 ang_vel_vec=[ 1.7239043  1.2281814 -6.227335 ] |com_force|=0.0000N
### kotek_magnet[tick=11640] sensor3: d=0.5470m in_range=False f_mag=0.000N tau_mag=0.0000Nm misalign_deg=90.0 pos=[-0.10910751 -0.10914614  0.49140105] bottom_world=[-0.10910746 -0.10914601  0.47140105] quat=[-3.8058388e-01 -2.4711403e-06 -2.4778033e-06  9.2474639e-01] speed=0.0005 ang_speed=0.0021 ang_vel_vec=[-0.00015652  0.00186266 -0.00093342] |com_force|=0.0000N
### kotek_magnet[tick=11640] sensor4: d=0.5249m in_range=False f_mag=0.000N tau_mag=0.0000Nm misalign_deg=90.0 pos=[-0.10900033  0.10899949  0.49140227] bottom_world=[-0.10900032  0.10899955  0.47140227] quat=[ 3.8268223e-01  3.2816462e-07 -1.5307510e-06  9.2388004e-01] speed=0.0004 ang_speed=0.0028 ang_vel_vec=[ 0.00251796  0.00065634 -0.00098835] |com_force|=0.0000N
### kotek_magnet[tick=11700] sensor2: d=0.3231m in_range=False f_mag=0.000N tau_mag=0.0000Nm misalign_deg=89.9 pos=[ 0.12925081 -0.10929243  0.53630584] bottom_world=[ 0.12928548 -0.1084647   0.51632301] quat=[ 9.9905229e-01  2.0715829e-02 -7.3710820e-05 -3.8280547e-02] speed=0.1247 ang_speed=7.5620 ang_vel_vec=[-0.6160863 -0.6640138 -7.5076036] |com_force|=0.0000N
### kotek_magnet[tick=11700] sensor3: d=0.5470m in_range=False f_mag=0.000N tau_mag=0.0000Nm misalign_deg=90.0 pos=[-0.10910819 -0.10914584  0.49140108] bottom_world=[-0.10910794 -0.10914595  0.47140108] quat=[-3.8058388e-01 -4.9574087e-06  4.8620236e-06  9.2474645e-01] speed=0.0010 ang_speed=0.0016 ang_vel_vec=[ 0.0011145   0.0007091  -0.00081992] |com_force|=0.0000N
### kotek_magnet[tick=11700] sensor4: d=0.5249m in_range=False f_mag=0.000N tau_mag=0.0000Nm misalign_deg=90.0 pos=[-0.10900018  0.10899844  0.49140227] bottom_world=[-0.10900008  0.10899875  0.47140227] quat=[ 3.826830e-01  6.828982e-07 -8.077925e-06  9.238797e-01] speed=0.0010 ang_speed=0.0029 ang_vel_vec=[ 0.00033683 -0.00255418  0.00132099] |com_force|=0.0000N
### kotek_magnet[tick=11760] sensor2: d=0.3369m in_range=False f_mag=0.000N tau_mag=0.0000Nm misalign_deg=90.0 pos=[ 0.12955046 -0.10973021  0.56199664] bottom_world=[ 0.12956705 -0.10901524  0.54200943] quat=[ 9.9953741e-01  1.7881891e-02  2.5180312e-05 -2.4599705e-02] speed=0.1170 ang_speed=5.8089 ang_vel_vec=[ 0.38042882 -0.81853545 -5.7383227 ] |com_force|=0.0000N
### kotek_magnet[tick=11760] sensor3: d=0.5470m in_range=False f_mag=0.000N tau_mag=0.0000Nm misalign_deg=90.0 pos=[-0.10910752 -0.10914616  0.49140102] bottom_world=[-0.10910747 -0.10914603  0.47140102] quat=[-3.8058361e-01 -2.3494811e-06 -2.3196087e-06  9.2474645e-01] speed=0.0005 ang_speed=0.0019 ang_vel_vec=[ 2.6774607e-05  1.7502890e-03 -6.1362842e-04] |com_force|=0.0000N
### kotek_magnet[tick=11760] sensor4: d=0.5249m in_range=False f_mag=0.000N tau_mag=0.0000Nm misalign_deg=90.0 pos=[-0.10900041  0.10899835  0.4914022 ] bottom_world=[-0.10900021  0.10899869  0.47140221] quat=[ 3.8268277e-01 -1.5493388e-06 -9.9340014e-06  9.2387980e-01] speed=0.0010 ang_speed=0.0037 ang_vel_vec=[0.00023781 0.00362273 0.00069698] |com_force|=0.0000N
### kotek_magnet[tick=11820] sensor2: d=0.3478m in_range=False f_mag=0.000N tau_mag=0.0000Nm misalign_deg=90.1 pos=[ 0.12973587 -0.10991447  0.5805754 ] bottom_world=[ 0.12969196 -0.10934808  0.56058348] quat=[ 0.9998284   0.01414733  0.00126627 -0.01189944] speed=0.0827 ang_speed=6.1604 ang_vel_vec=[ 2.859759    0.08784993 -5.455723  ] |com_force|=0.0000N
### kotek_magnet[tick=11820] sensor3: d=0.5470m in_range=False f_mag=0.000N tau_mag=0.0000Nm misalign_deg=90.0 pos=[-0.10910817 -0.10914588  0.491401  ] bottom_world=[-0.10910793 -0.10914597  0.47140099] quat=[-3.8058394e-01 -4.6355467e-06  4.4148314e-06  9.2474645e-01] speed=0.0010 ang_speed=0.0012 ang_vel_vec=[ 0.00076175  0.00033175 -0.00080902] |com_force|=0.0000N
### kotek_magnet[tick=11820] sensor4: d=0.5249m in_range=False f_mag=0.000N tau_mag=0.0000Nm misalign_deg=90.0 pos=[-0.10900021  0.10899841  0.49140236] bottom_world=[-0.1090001   0.10899872  0.47140236] quat=[ 3.8268313e-01  5.2439674e-07 -8.2903725e-06  9.2387968e-01] speed=0.0010 ang_speed=0.0019 ang_vel_vec=[-0.00018798 -0.00130478  0.00136058] |com_force|=0.0000N
### kotek_magnet[tick=11880] sensor2: d=0.3463m in_range=False f_mag=0.000N tau_mag=0.0000Nm misalign_deg=91.2 pos=[ 0.1287623  -0.11254128  0.5755271 ] bottom_world=[ 0.12834703 -0.11225132  0.55553349] quat=[0.9999014  0.00731263 0.01033835 0.00608206] speed=0.0523 ang_speed=3.0735 ang_vel_vec=[ 2.1043615 -0.5830431 -2.162841 ] |com_force|=0.0000N
### kotek_magnet[tick=11880] sensor3: d=0.5470m in_range=False f_mag=0.000N tau_mag=0.0000Nm misalign_deg=90.0 pos=[-0.10910807 -0.10914581  0.49140102] bottom_world=[-0.10910783 -0.10914592  0.47140102] quat=[-3.8058376e-01 -4.4280341e-06  4.8839665e-06  9.2474645e-01] speed=0.0009 ang_speed=0.0027 ang_vel_vec=[ 0.00194376  0.00184978 -0.00047937] |com_force|=0.0000N
### kotek_magnet[tick=11880] sensor4: d=0.5249m in_range=False f_mag=0.000N tau_mag=0.0000Nm misalign_deg=90.0 pos=[-0.10900038  0.10899864  0.4914024 ] bottom_world=[-0.10900024  0.10899894  0.47140239] quat=[ 3.8268289e-01 -5.5878598e-07 -8.3109753e-06  9.2387986e-01] speed=0.0007 ang_speed=0.0044 ang_vel_vec=[-0.00161061  0.00408265  0.00047525] |com_force|=0.0000N
### kotek_magnet[tick=11940] sensor2: d=0.3416m in_range=False f_mag=0.000N tau_mag=0.0000Nm misalign_deg=93.4 pos=[ 0.12893593 -0.12284159  0.5624116 ] bottom_world=[ 0.12775926 -0.12416256  0.54249   ] quat=[ 0.99661845 -0.03093684  0.03166544  0.06922395] speed=0.0619 ang_speed=3.3664 ang_vel_vec=[ 0.40639746 -0.93736774 -3.207597  ] |com_force|=0.0000N
### kotek_magnet[tick=11940] sensor3: d=0.5470m in_range=False f_mag=0.000N tau_mag=0.0000Nm misalign_deg=90.0 pos=[-0.10910749 -0.10914617  0.49140102] bottom_world=[-0.10910745 -0.10914604  0.47140102] quat=[-3.8058376e-01 -2.2766189e-06 -2.5490349e-06  9.2474645e-01] speed=0.0005 ang_speed=0.0019 ang_vel_vec=[ 7.3361858e-05  1.7439078e-03 -7.0666661e-04] |com_force|=0.0000N
### kotek_magnet[tick=11940] sensor4: d=0.5249m in_range=False f_mag=0.000N tau_mag=0.0000Nm misalign_deg=90.0 pos=[-0.10900019  0.10899837  0.49140242] bottom_world=[-0.10900007  0.10899869  0.47140242] quat=[ 3.8268298e-01  3.1824237e-07 -8.7424569e-06  9.2387968e-01] speed=0.0010 ang_speed=0.0018 ang_vel_vec=[-0.00040271 -0.00112544  0.00134245] |com_force|=0.0000N
### kotek_magnet[tick=12000] sensor2: d=0.3359m in_range=False f_mag=0.000N tau_mag=0.0000Nm misalign_deg=95.0 pos=[ 0.13078842 -0.13415363  0.5478052 ] bottom_world=[ 0.1290526  -0.13751343  0.52816598] quat=[ 0.98450124 -0.07698951  0.05560837  0.1474371 ] speed=0.0677 ang_speed=3.1688 ang_vel_vec=[-0.34998783 -1.3149283  -2.8617623 ] |com_force|=0.0000N
### kotek_magnet[tick=12000] sensor3: d=0.5470m in_range=False f_mag=0.000N tau_mag=0.0000Nm misalign_deg=90.0 pos=[-0.10910703 -0.10914566  0.49140093] bottom_world=[-0.10910702 -0.10914566  0.47140093] quat=[-3.8058302e-01 -2.3389474e-07  3.2827717e-07  9.2474675e-01] speed=0.0005 ang_speed=0.0096 ang_vel_vec=[0.00789726 0.0052039  0.0016413 ] |com_force|=0.0000N
### kotek_magnet[tick=12000] sensor4: d=0.5249m in_range=False f_mag=0.000N tau_mag=0.0000Nm misalign_deg=90.0 pos=[-0.10900036  0.10899868  0.49140233] bottom_world=[-0.10900022  0.10899897  0.47140233] quat=[ 3.8268289e-01 -4.8243771e-07 -8.1890757e-06  9.2387986e-01] speed=0.0007 ang_speed=0.0046 ang_vel_vec=[-0.00180386  0.00419764  0.00070473] |com_force|=0.0000N
### still playing, 1189s left
### kotek_magnet[tick=12060] sensor2: d=0.3294m in_range=False f_mag=0.000N tau_mag=0.0000Nm misalign_deg=95.3 pos=[ 0.13476811 -0.14433505  0.53414935] bottom_world=[ 0.1329203  -0.14975732  0.51498729] quat=[ 0.96269053 -0.12250324  0.07708098  0.22864488] speed=0.0674 ang_speed=3.4965 ang_vel_vec=[ 0.5146202 -0.8827938 -3.3438191] |com_force|=0.0000N
### kotek_magnet[tick=12060] sensor3: d=0.5470m in_range=False f_mag=0.000N tau_mag=0.0000Nm misalign_deg=90.0 pos=[-0.1091075  -0.10914613  0.49140105] bottom_world=[-0.10910745 -0.10914601  0.47140105] quat=[-3.8058391e-01 -2.4168573e-06 -2.3903133e-06  9.2474651e-01] speed=0.0005 ang_speed=0.0022 ang_vel_vec=[ 0.00013809  0.00196814 -0.00089256] |com_force|=0.0000N
### kotek_magnet[tick=12060] sensor4: d=0.5249m in_range=False f_mag=0.000N tau_mag=0.0000Nm misalign_deg=90.0 pos=[-0.1090002   0.10899843  0.49140233] bottom_world=[-0.10900009  0.10899875  0.47140233] quat=[ 3.8268307e-01  4.8169983e-07 -8.5476695e-06  9.2387968e-01] speed=0.0011 ang_speed=0.0024 ang_vel_vec=[-9.7396987e-05 -2.0596406e-03  1.1382708e-03] |com_force|=0.0000N
### kotek_magnet[tick=12120] sensor2: d=0.3216m in_range=False f_mag=0.000N tau_mag=0.0000Nm misalign_deg=94.2 pos=[ 0.1411471  -0.15341094  0.52127206] bottom_world=[ 0.13968749 -0.16088386  0.50277815] quat=[ 0.9297787  -0.16863851  0.09598503  0.3128251 ] speed=0.0498 ang_speed=2.3857 ang_vel_vec=[ 1.8397957  0.8015687 -1.2900447] |com_force|=0.0000N
### kotek_magnet[tick=12120] sensor3: d=0.5470m in_range=False f_mag=0.000N tau_mag=0.0000Nm misalign_deg=90.0 pos=[-0.1091075  -0.10914611  0.491401  ] bottom_world=[-0.10910746 -0.10914599  0.47140099] quat=[-3.8058370e-01 -2.1507976e-06 -2.3930966e-06  9.2474651e-01] speed=0.0005 ang_speed=0.0018 ang_vel_vec=[-1.9636561e-06  1.7448020e-03 -5.3698831e-04] |com_force|=0.0000N
### kotek_magnet[tick=12120] sensor4: d=0.5249m in_range=False f_mag=0.000N tau_mag=0.0000Nm misalign_deg=90.0 pos=[-0.10900032  0.1089995   0.49140227] bottom_world=[-0.10900029  0.10899956  0.47140227] quat=[ 3.8268229e-01  2.2185999e-08 -1.7448529e-06  9.2388004e-01] speed=0.0004 ang_speed=0.0026 ang_vel_vec=[ 0.00209127  0.00150284 -0.00061839] |com_force|=0.0000N
### kotek_magnet[tick=12180] sensor2: d=0.3120m in_range=False f_mag=0.000N tau_mag=0.0000Nm misalign_deg=91.6 pos=[ 0.14992873 -0.1608705   0.5094921 ] bottom_world=[ 0.14935512 -0.17017386  0.49179694] quat=[ 0.8861137  -0.21266414  0.11133268  0.39646137] speed=0.0664 ang_speed=2.1333 ang_vel_vec=[ 1.2437564   0.14047286 -1.7275174 ] |com_force|=0.0000N
### kotek_magnet[tick=12180] sensor3: d=0.5470m in_range=False f_mag=0.000N tau_mag=0.0000Nm misalign_deg=90.0 pos=[-0.10910749 -0.10914614  0.491401  ] bottom_world=[-0.10910744 -0.10914601  0.47140099] quat=[-3.8058391e-01 -2.4048986e-06 -2.4587246e-06  9.2474651e-01] speed=0.0004 ang_speed=0.0022 ang_vel_vec=[-0.00029225  0.00198434 -0.00087764] |com_force|=0.0000N
### kotek_magnet[tick=12180] sensor4: d=0.5249m in_range=False f_mag=0.000N tau_mag=0.0000Nm misalign_deg=90.0 pos=[-0.10900034  0.10899948  0.49140224] bottom_world=[-0.10900033  0.10899955  0.47140224] quat=[ 3.8268229e-01  3.4166342e-07 -1.6770855e-06  9.2387998e-01] speed=0.0004 ang_speed=0.0024 ang_vel_vec=[ 0.00211464  0.00078686 -0.0009522 ] |com_force|=0.0000N
### kotek_magnet[tick=12240] sensor2: d=0.3002m in_range=False f_mag=0.000N tau_mag=0.0000Nm misalign_deg=87.8 pos=[ 0.16127926 -0.1662164   0.4985735 ] bottom_world=[ 0.16206056 -0.17699479  0.48174449] quat=[ 0.83206123 -0.2536496   0.12221427  0.47791195] speed=0.0682 ang_speed=2.8553 ang_vel_vec=[-1.1494782 -2.245526  -1.3375323] |com_force|=0.0000N
### kotek_magnet[tick=12240] sensor3: d=0.5470m in_range=False f_mag=0.000N tau_mag=0.0000Nm misalign_deg=90.0 pos=[-0.10910805 -0.10914578  0.49140093] bottom_world=[-0.10910781 -0.10914589  0.47140093] quat=[-3.8058382e-01 -4.4337680e-06  4.7734775e-06  9.2474645e-01] speed=0.0009 ang_speed=0.0029 ang_vel_vec=[ 0.00207038  0.0019291  -0.00034635] |com_force|=0.0000N
### kotek_magnet[tick=12240] sensor4: d=0.5249m in_range=False f_mag=0.000N tau_mag=0.0000Nm misalign_deg=90.0 pos=[-0.10900033  0.10899951  0.49140233] bottom_world=[-0.10900032  0.10899958  0.47140233] quat=[ 3.8268226e-01  3.7229822e-07 -1.5295848e-06  9.2388010e-01] speed=0.0004 ang_speed=0.0027 ang_vel_vec=[ 0.00261437  0.00050506 -0.00067316] |com_force|=0.0000N
### kotek_magnet[tick=12300] sensor2: d=0.2856m in_range=False f_mag=0.000N tau_mag=0.0000Nm misalign_deg=82.5 pos=[ 0.17516385 -0.1689783   0.4885366 ] bottom_world=[ 0.17778182 -0.18087616  0.4726751 ] quat=[ 0.76646847 -0.29487762  0.12849009  0.5559349 ] speed=0.0735 ang_speed=2.8677 ang_vel_vec=[-0.6816646 -2.5282233 -1.1691453] |com_force|=0.0000N
### kotek_magnet[tick=12300] sensor3: d=0.5470m in_range=False f_mag=0.000N tau_mag=0.0000Nm misalign_deg=90.0 pos=[-0.10910815 -0.10914584  0.4914009 ] bottom_world=[-0.10910791 -0.10914593  0.4714009 ] quat=[-3.8058397e-01 -4.6910000e-06  4.4354324e-06  9.2474645e-01] speed=0.0009 ang_speed=0.0016 ang_vel_vec=[ 0.00108682  0.00073984 -0.00086275] |com_force|=0.0000N
### kotek_magnet[tick=12300] sensor4: d=0.5249m in_range=False f_mag=0.000N tau_mag=0.0000Nm misalign_deg=90.0 pos=[-0.10899999  0.10899871  0.49140233] bottom_world=[-0.10900007  0.10899889  0.47140233] quat=[ 3.8268295e-01  3.4708612e-06 -3.4141667e-06  9.2387980e-01] speed=0.0008 ang_speed=0.0055 ang_vel_vec=[ 0.00252094 -0.00481123  0.00092894] |com_force|=0.0000N
### kotek_magnet[tick=12360] sensor2: d=0.2680m in_range=False f_mag=0.000N tau_mag=0.0000Nm misalign_deg=76.0 pos=[ 0.19128786 -0.1685697   0.47932145] bottom_world=[ 0.19611067 -0.18105855  0.46446315] quat=[ 0.6904026  -0.33428666  0.12959531  0.6283325 ] speed=0.0803 ang_speed=2.8756 ang_vel_vec=[-0.28464204 -2.7364535  -0.8364468 ] |com_force|=0.0000N
### kotek_magnet[tick=12360] sensor3: d=0.5470m in_range=False f_mag=0.000N tau_mag=0.0000Nm misalign_deg=90.0 pos=[-0.10910748 -0.10914616  0.49140108] bottom_world=[-0.10910743 -0.10914603  0.47140108] quat=[-3.8058385e-01 -2.3152700e-06 -2.6992300e-06  9.2474651e-01] speed=0.0004 ang_speed=0.0022 ang_vel_vec=[-0.00021501  0.00198286 -0.0008182 ] |com_force|=0.0000N
### kotek_magnet[tick=12360] sensor4: d=0.5249m in_range=False f_mag=0.000N tau_mag=0.0000Nm misalign_deg=90.0 pos=[-0.10900033  0.10899863  0.49140236] bottom_world=[-0.10900018  0.10899893  0.47140236] quat=[ 3.8268271e-01 -5.2036552e-07 -8.4931935e-06  9.2387980e-01] speed=0.0007 ang_speed=0.0049 ang_vel_vec=[-0.00190214  0.00452678  0.00037774] |com_force|=0.0000N
### kotek_magnet[tick=12420] sensor2: d=0.2478m in_range=False f_mag=0.000N tau_mag=0.0000Nm misalign_deg=68.8 pos=[ 0.20900494 -0.16460386  0.47092852] bottom_world=[ 0.21623924 -0.17708403  0.45707535] quat=[ 0.60568976 -0.37126228  0.12583734  0.69243723] speed=0.0793 ang_speed=2.6182 ang_vel_vec=[ 0.40073407 -2.5753448  -0.24936283] |com_force|=0.0000N
### kotek_magnet[tick=12420] sensor3: d=0.5470m in_range=False f_mag=0.000N tau_mag=0.0000Nm misalign_deg=90.0 pos=[-0.10910803 -0.10914577  0.49140105] bottom_world=[-0.10910779 -0.10914588  0.47140105] quat=[-3.8058373e-01 -4.3774999e-06  4.9609689e-06  9.2474645e-01] speed=0.0009 ang_speed=0.0030 ang_vel_vec=[ 0.00220612  0.00205026 -0.00043685] |com_force|=0.0000N
### kotek_magnet[tick=12420] sensor4: d=0.5249m in_range=False f_mag=0.000N tau_mag=0.0000Nm misalign_deg=90.0 pos=[-0.10900031  0.10899864  0.4914024 ] bottom_world=[-0.10900017  0.10899894  0.47140239] quat=[ 3.8268274e-01 -3.8111233e-07 -8.2458610e-06  9.2387980e-01] speed=0.0007 ang_speed=0.0048 ang_vel_vec=[-0.00190423  0.0043898   0.00047993] |com_force|=0.0000N
### kotek_magnet[tick=12480] sensor2: d=0.2239m in_range=False f_mag=0.000N tau_mag=0.0000Nm misalign_deg=60.6 pos=[ 0.2284695  -0.15615915  0.46319824] bottom_world=[ 0.23829988 -0.16793204  0.45036225] quat=[ 0.5104772  -0.40712097  0.11555324  0.74854064] speed=0.0887 ang_speed=3.1233 ang_vel_vec=[ 1.0058254 -1.334842  -2.638447 ] |com_force|=0.0000N
### kotek_magnet[tick=12480] sensor3: d=0.5470m in_range=False f_mag=0.000N tau_mag=0.0000Nm misalign_deg=90.0 pos=[-0.10910814 -0.10914584  0.49140102] bottom_world=[-0.10910789 -0.10914595  0.47140102] quat=[-3.8058412e-01 -4.7301751e-06  4.7312797e-06  9.2474639e-01] speed=0.0009 ang_speed=0.0020 ang_vel_vec=[ 0.00151504  0.00098839 -0.00096184] |com_force|=0.0000N
### kotek_magnet[tick=12480] sensor4: d=0.5249m in_range=False f_mag=0.000N tau_mag=0.0000Nm misalign_deg=90.0 pos=[-0.10900039  0.10899836  0.4914023 ] bottom_world=[-0.10900018  0.10899871  0.4714023 ] quat=[ 3.8268289e-01 -1.4723497e-06 -9.9975223e-06  9.2387974e-01] speed=0.0010 ang_speed=0.0035 ang_vel_vec=[0.00029908 0.00343008 0.00046327] |com_force|=0.0000N
### kotek_magnet[tick=12540] sensor2: d=0.1976m in_range=False f_mag=0.000N tau_mag=0.0000Nm misalign_deg=52.1 pos=[ 0.24829915 -0.14312118  0.45621794] bottom_world=[ 0.26059812 -0.15351424  0.44435541] quat=[ 0.4108947  -0.43985328  0.09982809  0.7922936 ] speed=0.0848 ang_speed=2.5143 ang_vel_vec=[-0.6832648   0.85603064 -2.2632248 ] |com_force|=0.0000N
### kotek_magnet[tick=12540] sensor3: d=0.5470m in_range=False f_mag=0.000N tau_mag=0.0000Nm misalign_deg=90.0 pos=[-0.10910641 -0.10914592  0.4914011 ] bottom_world=[-0.10910659 -0.10914573  0.47140111] quat=[-3.8058290e-01  2.3882485e-06 -6.1521914e-06  9.2474681e-01] speed=0.0010 ang_speed=0.0028 ang_vel_vec=[0.00241965 0.00059486 0.00135217] |com_force|=0.0000N
### kotek_magnet[tick=12540] sensor4: d=0.5249m in_range=False f_mag=0.000N tau_mag=0.0000Nm misalign_deg=90.0 pos=[-0.10900033  0.10899873  0.49140236] bottom_world=[-0.10900018  0.10899903  0.47140236] quat=[ 3.8268265e-01 -5.7186207e-07 -8.2749903e-06  9.2387986e-01] speed=0.0007 ang_speed=0.0047 ang_vel_vec=[-0.00172568  0.0043412   0.00027526] |com_force|=0.0000N
### kotek_magnet[tick=12600] sensor2: d=0.1693m in_range=False f_mag=0.000N tau_mag=0.0000Nm misalign_deg=43.5 pos=[ 0.268027   -0.12489843  0.4500166 ] bottom_world=[ 0.2825316  -0.13330052  0.43910687] quat=[ 0.30634296 -0.46991712  0.08021882  0.823952  ] speed=0.0920 ang_speed=2.5734 ang_vel_vec=[-0.12015902  0.9599426  -2.384615  ] |com_force|=0.0000N
### kotek_magnet[tick=12600] sensor3: d=0.5470m in_range=False f_mag=0.000N tau_mag=0.0000Nm misalign_deg=90.0 pos=[-0.10910664 -0.10914613  0.49140093] bottom_world=[-0.10910681 -0.10914587  0.47140093] quat=[-3.8058344e-01  1.4675694e-06 -7.6329907e-06  9.2474663e-01] speed=0.0007 ang_speed=0.0027 ang_vel_vec=[-0.00259921 -0.00062922  0.0004151 ] |com_force|=0.0000N
### kotek_magnet[tick=12600] sensor4: d=0.5249m in_range=False f_mag=0.000N tau_mag=0.0000Nm misalign_deg=90.0 pos=[-0.10900001  0.10900018  0.49140236] bottom_world=[-0.10900024  0.10900003  0.47140236] quat=[3.8268206e-01 3.8999324e-06 5.6398308e-06 9.2388016e-01] speed=0.0010 ang_speed=0.0026 ang_vel_vec=[ 0.00175315 -0.00172017 -0.00095912] |com_force|=0.0000N
### kotek_magnet[tick=12660] sensor2: d=0.1418m in_range=False f_mag=0.000N tau_mag=0.0000Nm misalign_deg=35.5 pos=[ 0.2859468  -0.10214104  0.44466302] bottom_world=[ 0.30222911 -0.10804342  0.43466064] quat=[ 0.20198686 -0.49678704  0.05606326  0.84217626] speed=0.0951 ang_speed=2.5515 ang_vel_vec=[-0.25598523  0.69102937 -2.4428053 ] |com_force|=0.0000N
### kotek_magnet[tick=12660] sensor3: d=0.5470m in_range=False f_mag=0.000N tau_mag=0.0000Nm misalign_deg=90.0 pos=[-0.10910641 -0.10914594  0.49140108] bottom_world=[-0.10910659 -0.10914576  0.47140108] quat=[-3.8058296e-01  2.4238698e-06 -5.9601180e-06  9.2474681e-01] speed=0.0010 ang_speed=0.0036 ang_vel_vec=[0.0031608  0.00086231 0.00138823] |com_force|=0.0000N
### kotek_magnet[tick=12660] sensor4: d=0.5249m in_range=False f_mag=0.000N tau_mag=0.0000Nm misalign_deg=90.0 pos=[-0.10900019  0.10899844  0.49140233] bottom_world=[-0.10900008  0.10899875  0.47140233] quat=[ 3.8268292e-01  4.6046483e-07 -8.2881661e-06  9.2387980e-01] speed=0.0010 ang_speed=0.0015 ang_vel_vec=[-0.0005038  -0.00065672  0.00120156] |com_force|=0.0000N
### kotek_magnet[tick=12720] sensor2: d=0.1179m in_range=False f_mag=0.000N tau_mag=0.0000Nm misalign_deg=28.6 pos=[ 0.3014719  -0.074635    0.44018117] bottom_world=[ 0.31903433 -0.07760437  0.43108483] quat=[ 0.09727519 -0.5213647   0.02775623  0.8473169 ] speed=0.0976 ang_speed=2.5463 ang_vel_vec=[-0.36090767  0.37326932 -2.4928334 ] |com_force|=0.0000N
### kotek_magnet[tick=12720] sensor3: d=0.5470m in_range=False f_mag=0.000N tau_mag=0.0000Nm misalign_deg=90.0 pos=[-0.10910667 -0.10914612  0.49140105] bottom_world=[-0.10910684 -0.10914585  0.47140105] quat=[-3.8058326e-01  1.4817927e-06 -7.8074208e-06  9.2474675e-01] speed=0.0007 ang_speed=0.0029 ang_vel_vec=[-0.00272282 -0.00064398  0.00058228] |com_force|=0.0000N
### kotek_magnet[tick=12720] sensor4: d=0.5249m in_range=False f_mag=0.000N tau_mag=0.0000Nm misalign_deg=90.0 pos=[-0.10900033  0.10899869  0.49140236] bottom_world=[-0.10900018  0.10899899  0.47140236] quat=[ 3.8268271e-01 -5.4747284e-07 -8.1399785e-06  9.2387980e-01] speed=0.0006 ang_speed=0.0044 ang_vel_vec=[-0.00156338  0.00406101  0.00047777] |com_force|=0.0000N
### kotek_magnet[tick=12780] sensor2: d=0.1061m in_range=False f_mag=0.000N tau_mag=0.0000Nm misalign_deg=24.9 pos=[ 0.31117368 -0.05033466  0.43745252] bottom_world=[ 0.32932048 -0.05084601  0.42906014] quat=[ 0.01735059 -0.53867775  0.00408099  0.84232336] speed=0.0854 ang_speed=3.0068 ang_vel_vec=[ 1.9036987 -0.293482  -2.3087902] |com_force|=0.0000N
### kotek_magnet[tick=12780] sensor3: d=0.5470m in_range=False f_mag=0.000N tau_mag=0.0000Nm misalign_deg=90.0 pos=[-0.10910666 -0.10914613  0.49140105] bottom_world=[-0.10910683 -0.10914586  0.47140105] quat=[-3.8058332e-01  1.4911271e-06 -7.6809974e-06  9.2474669e-01] speed=0.0007 ang_speed=0.0029 ang_vel_vec=[-0.00280617 -0.00070775  0.00039126] |com_force|=0.0000N
### kotek_magnet[tick=12780] sensor4: d=0.5249m in_range=False f_mag=0.000N tau_mag=0.0000Nm misalign_deg=90.0 pos=[-0.10900017  0.10899849  0.49140224] bottom_world=[-0.10900007  0.1089988   0.47140224] quat=[ 3.8268307e-01  6.3797501e-07 -7.9878128e-06  9.2387974e-01] speed=0.0010 ang_speed=0.0018 ang_vel_vec=[-0.00016285 -0.00134735  0.00117876] |com_force|=0.0000N
### kotek_magnet[tick=12840] sensor2: d=0.1022m in_range=False f_mag=0.000N tau_mag=0.0000Nm misalign_deg=25.3 pos=[ 0.3103524  -0.04980713  0.43156275] bottom_world=[ 0.32842979 -0.05017304  0.42301438] quat=[ 0.01367008 -0.53505695  0.00217077  0.8447026 ] speed=0.0615 ang_speed=3.4137 ang_vel_vec=[ 1.3250258 -0.666171  -3.0746593] |com_force|=0.0000N
### kotek_magnet[tick=12840] sensor3: d=0.5470m in_range=False f_mag=0.000N tau_mag=0.0000Nm misalign_deg=90.0 pos=[-0.10910642 -0.10914592  0.49140108] bottom_world=[-0.10910661 -0.10914572  0.47140108] quat=[-3.8058299e-01  2.5121733e-06 -6.2301269e-06  9.2474681e-01] speed=0.0010 ang_speed=0.0037 ang_vel_vec=[0.00319325 0.00076497 0.00164247] |com_force|=0.0000N
### kotek_magnet[tick=12840] sensor4: d=0.5249m in_range=False f_mag=0.000N tau_mag=0.0000Nm misalign_deg=90.0 pos=[-0.10900016  0.10899847  0.49140233] bottom_world=[-0.10900004  0.10899879  0.47140233] quat=[ 3.8268298e-01  3.3151019e-07 -8.4803751e-06  9.2387968e-01] speed=0.0010 ang_speed=0.0017 ang_vel_vec=[-8.2911027e-04  5.4192420e-05  1.4860005e-03] |com_force|=0.0000N
### kotek_magnet[tick=12900] sensor2: d=0.0852m in_range=True f_mag=1.695N tau_mag=0.0017Nm misalign_deg=25.1 pos=[ 0.31990406 -0.05051685  0.41696182] bottom_world=[ 0.33801055 -0.0508271   0.40847308] quat=[ 0.01163945 -0.53644973  0.00179215  0.84385014] speed=0.0718 ang_speed=3.3769 ang_vel_vec=[ 1.2810016  -0.77470744 -3.0269606 ] |com_force|=0.3954N
### kotek_magnet[tick=12900] sensor3: d=0.5470m in_range=False f_mag=0.000N tau_mag=0.0000Nm misalign_deg=90.0 pos=[-0.10910641 -0.10914615  0.49140102] bottom_world=[-0.10910661 -0.10914585  0.47140102] quat=[-3.8058305e-01  1.6976012e-06 -8.6255823e-06  9.2474675e-01] speed=0.0009 ang_speed=0.0021 ang_vel_vec=[-0.0006414   0.00190344  0.00065333] |com_force|=0.0000N
### kotek_magnet[tick=12900] sensor4: d=0.5249m in_range=False f_mag=0.000N tau_mag=0.0000Nm misalign_deg=90.0 pos=[-0.10900017  0.10899845  0.49140227] bottom_world=[-0.10900007  0.10899875  0.47140227] quat=[ 3.8268301e-01  6.8752843e-07 -7.8763042e-06  9.2387974e-01] speed=0.0010 ang_speed=0.0021 ang_vel_vec=[ 1.5307345e-05 -1.7363565e-03  1.1741363e-03] |com_force|=0.0000N
### kotek_magnet[tick=12960] sensor2: d=0.0628m in_range=True f_mag=1.233N tau_mag=0.0012Nm misalign_deg=24.6 pos=[ 0.3337791  -0.05122907  0.3987148 ] bottom_world=[ 0.35196414 -0.05146048  0.39039311] quat=[ 0.00779292 -0.5403277   0.00187112  0.84141666] speed=0.0798 ang_speed=2.5887 ang_vel_vec=[ 1.7066416  -0.45909044 -1.8915861 ] |com_force|=0.3988N
### kotek_magnet[tick=12960] sensor3: d=0.5470m in_range=False f_mag=0.000N tau_mag=0.0000Nm misalign_deg=90.0 pos=[-0.10910664 -0.10914615  0.4914011 ] bottom_world=[-0.10910681 -0.10914589  0.47140111] quat=[-3.8058329e-01  1.3706525e-06 -7.5865346e-06  9.2474675e-01] speed=0.0007 ang_speed=0.0023 ang_vel_vec=[-0.00220055 -0.00031903  0.00059973] |com_force|=0.0000N
### kotek_magnet[tick=12960] sensor4: d=0.5249m in_range=False f_mag=0.000N tau_mag=0.0000Nm misalign_deg=90.0 pos=[-0.1090003   0.10899952  0.49140233] bottom_world=[-0.1090003   0.10899958  0.47140233] quat=[ 3.8268229e-01  4.7718061e-07 -1.4663601e-06  9.2388004e-01] speed=0.0005 ang_speed=0.0024 ang_vel_vec=[ 0.00215665  0.00052662 -0.00079257] |com_force|=0.0000N
### kotek_magnet[tick=13020] sensor2: d=0.0463m in_range=True f_mag=0.893N tau_mag=0.0008Nm misalign_deg=21.6 pos=[ 0.344087   -0.05148409  0.38474128] bottom_world=[ 0.36268077 -0.05160782  0.37737536] quat=[ 0.00416689 -0.56200653  0.00090847  0.8271218 ] speed=0.2268 ang_speed=1.1841 ang_vel_vec=[-0.12696706 -1.175699   -0.06150478] |com_force|=0.9175N
### kotek_magnet[tick=13020] sensor3: d=0.5470m in_range=False f_mag=0.000N tau_mag=0.0000Nm misalign_deg=90.0 pos=[-0.10910644 -0.10914591  0.49140105] bottom_world=[-0.10910662 -0.10914571  0.47140105] quat=[-3.8058290e-01  2.3265977e-06 -6.2951112e-06  9.2474681e-01] speed=0.0010 ang_speed=0.0023 ang_vel_vec=[0.00175103 0.00026511 0.0014546 ] |com_force|=0.0000N
### kotek_magnet[tick=13020] sensor4: d=0.5249m in_range=False f_mag=0.000N tau_mag=0.0000Nm misalign_deg=90.0 pos=[-0.10900003  0.10900018  0.49140236] bottom_world=[-0.10900026  0.10900004  0.47140236] quat=[3.8268226e-01 3.9802730e-06 5.4130587e-06 9.2388010e-01] speed=0.0010 ang_speed=0.0028 ang_vel_vec=[ 0.00187102 -0.00180722 -0.00090836] |com_force|=0.0000N
### kotek_magnet[tick=13058]: welded sensor 2 at d=0.0143m misalign_deg=14.8 pos=[ 0.3702983 -0.0503609  0.3649847] wall_pos=[0.425 0.    0.5  ] local_pos1=[-0.0547017  -0.0503609  -0.13501531] quat=[ 0.00543217 -0.6103537  -0.00710449  0.7920787 ]
### kotek_magnet[tick=13080] sensor3: d=0.5470m in_range=False f_mag=0.000N tau_mag=0.0000Nm misalign_deg=90.0 pos=[-0.10910667 -0.10914609  0.49140108] bottom_world=[-0.10910685 -0.10914582  0.47140108] quat=[-3.8058323e-01  1.5727740e-06 -7.7687127e-06  9.2474669e-01] speed=0.0007 ang_speed=0.0030 ang_vel_vec=[-0.00281225 -0.00076647  0.00045651] |com_force|=0.0000N
### kotek_magnet[tick=13080] sensor4: d=0.5249m in_range=False f_mag=0.000N tau_mag=0.0000Nm misalign_deg=90.0 pos=[-0.10900004  0.10900022  0.4914023 ] bottom_world=[-0.10900026  0.10900008  0.4714023 ] quat=[3.8268220e-01 3.6916990e-06 5.2641603e-06 9.2388016e-01] speed=0.0010 ang_speed=0.0022 ang_vel_vec=[ 0.00139453 -0.00137594 -0.0009441 ] |com_force|=0.0000N
### kotek_magnet[tick=13140] sensor3: d=0.5470m in_range=False f_mag=0.000N tau_mag=0.0000Nm misalign_deg=90.0 pos=[-0.10910667 -0.10914613  0.49140105] bottom_world=[-0.10910684 -0.10914586  0.47140105] quat=[-3.8058329e-01  1.5491162e-06 -7.8722096e-06  9.2474669e-01] speed=0.0007 ang_speed=0.0030 ang_vel_vec=[-0.00290238 -0.00078748  0.00047822] |com_force|=0.0000N
### kotek_magnet[tick=13140] sensor4: d=0.5249m in_range=False f_mag=0.000N tau_mag=0.0000Nm misalign_deg=90.0 pos=[-0.10900005  0.10900018  0.49140227] bottom_world=[-0.10900028  0.10900003  0.47140227] quat=[3.8268197e-01 3.8256017e-06 5.5061491e-06 9.2388010e-01] speed=0.0010 ang_speed=0.0023 ang_vel_vec=[ 0.00159134 -0.001485   -0.00087292] |com_force|=0.0000N
### kotek_magnet[tick=13200] sensor3: d=0.5470m in_range=False f_mag=0.000N tau_mag=0.0000Nm misalign_deg=90.0 pos=[-0.10910643 -0.1091459   0.49140105] bottom_world=[-0.10910661 -0.10914571  0.47140105] quat=[-3.8058293e-01  2.4328724e-06 -6.2812837e-06  9.2474681e-01] speed=0.0010 ang_speed=0.0026 ang_vel_vec=[0.00207326 0.00031451 0.00158276] |com_force|=0.0000N
### kotek_magnet[tick=13200] sensor4: d=0.5249m in_range=False f_mag=0.000N tau_mag=0.0000Nm misalign_deg=90.0 pos=[-0.10900032  0.10899954  0.4914023 ] bottom_world=[-0.1090003   0.10899961  0.4714023 ] quat=[ 3.8268229e-01  9.8629862e-08 -1.6836734e-06  9.2388004e-01] speed=0.0005 ang_speed=0.0025 ang_vel_vec=[ 0.00195347  0.0014246  -0.00073877] |com_force|=0.0000N
### kotek_magnet[tick=13260] sensor3: d=0.5470m in_range=False f_mag=0.000N tau_mag=0.0000Nm misalign_deg=90.0 pos=[-0.10910667 -0.1091461   0.49140102] bottom_world=[-0.10910684 -0.10914585  0.47140102] quat=[-3.8058344e-01  1.4488776e-06 -7.5035241e-06  9.2474663e-01] speed=0.0007 ang_speed=0.0021 ang_vel_vec=[-0.00205423 -0.00053482  0.0003086 ] |com_force|=0.0000N
### kotek_magnet[tick=13260] sensor4: d=0.5249m in_range=False f_mag=0.000N tau_mag=0.0000Nm misalign_deg=90.0 pos=[-0.10900031  0.10899959  0.49140233] bottom_world=[-0.1090003   0.10899964  0.47140233] quat=[ 3.8268217e-01  3.0050521e-07 -1.3644653e-06  9.2388010e-01] speed=0.0005 ang_speed=0.0028 ang_vel_vec=[ 0.00246581  0.00096034 -0.0010399 ] |com_force|=0.0000N
### kotek_magnet[tick=13320] sensor3: d=0.5470m in_range=False f_mag=0.000N tau_mag=0.0000Nm misalign_deg=90.0 pos=[-0.10910642 -0.10914592  0.49140114] bottom_world=[-0.10910661 -0.10914573  0.47140114] quat=[-3.8058302e-01  2.4462997e-06 -6.2874547e-06  9.2474675e-01] speed=0.0010 ang_speed=0.0029 ang_vel_vec=[0.00240462 0.00047167 0.00157288] |com_force|=0.0000N
### kotek_magnet[tick=13320] sensor4: d=0.5249m in_range=False f_mag=0.000N tau_mag=0.0000Nm misalign_deg=90.0 pos=[-0.10900033  0.10899954  0.49140233] bottom_world=[-0.10900032  0.10899959  0.47140233] quat=[ 3.8268211e-01  4.0342215e-07 -1.4095116e-06  9.2388004e-01] speed=0.0005 ang_speed=0.0025 ang_vel_vec=[ 0.00219495  0.00076158 -0.00078031] |com_force|=0.0000N
### kotek_magnet[tick=13380] sensor3: d=0.5470m in_range=False f_mag=0.000N tau_mag=0.0000Nm misalign_deg=90.0 pos=[-0.10910664 -0.10914618  0.4914011 ] bottom_world=[-0.10910683 -0.10914591  0.47140111] quat=[-3.8058323e-01  1.6287371e-06 -7.9053816e-06  9.2474663e-01] speed=0.0007 ang_speed=0.0035 ang_vel_vec=[-0.00331432 -0.00100691  0.00048681] |com_force|=0.0000N
### kotek_magnet[tick=13380] sensor4: d=0.5249m in_range=False f_mag=0.000N tau_mag=0.0000Nm misalign_deg=90.0 pos=[-0.10900037  0.10899836  0.49140233] bottom_world=[-0.10900015  0.10899871  0.47140233] quat=[ 3.8268298e-01 -1.6550114e-06 -1.0247173e-05  9.2387980e-01] speed=0.0009 ang_speed=0.0038 ang_vel_vec=[3.167970e-05 3.711215e-03 5.473062e-04] |com_force|=0.0000N
### kotek_magnet[tick=13440] sensor3: d=0.5470m in_range=False f_mag=0.000N tau_mag=0.0000Nm misalign_deg=90.0 pos=[-0.10910664 -0.1091461   0.4914011 ] bottom_world=[-0.10910682 -0.10914585  0.47140111] quat=[-3.8058326e-01  1.5236534e-06 -7.5288258e-06  9.2474675e-01] speed=0.0007 ang_speed=0.0031 ang_vel_vec=[-0.00294871 -0.00088364  0.00060347] |com_force|=0.0000N
### kotek_magnet[tick=13440] sensor4: d=0.5249m in_range=False f_mag=0.000N tau_mag=0.0000Nm misalign_deg=90.0 pos=[-0.10900015  0.10899848  0.49140242] bottom_world=[-0.10900005  0.10899879  0.47140242] quat=[ 3.8268292e-01  6.8110080e-07 -8.1914359e-06  9.2387974e-01] speed=0.0010 ang_speed=0.0021 ang_vel_vec=[-0.0002537  -0.00162818  0.00136512] |com_force|=0.0000N
### kotek_magnet[tick=13500] sensor3: d=0.5470m in_range=False f_mag=0.000N tau_mag=0.0000Nm misalign_deg=90.0 pos=[-0.10910664 -0.10914616  0.49140105] bottom_world=[-0.10910682 -0.1091459   0.47140105] quat=[-3.8058335e-01  1.5881914e-06 -7.8000876e-06  9.2474669e-01] speed=0.0007 ang_speed=0.0035 ang_vel_vec=[-0.00328904 -0.00099937  0.00058315] |com_force|=0.0000N
### kotek_magnet[tick=13500] sensor4: d=0.5249m in_range=False f_mag=0.000N tau_mag=0.0000Nm misalign_deg=90.0 pos=[-0.10900033  0.10899925  0.49140227] bottom_world=[-0.10900029  0.10899939  0.47140227] quat=[ 3.8268241e-01  2.7856510e-07 -3.5711264e-06  9.2388004e-01] speed=0.0001 ang_speed=0.0013 ang_vel_vec=[-0.00036055  0.00119754 -0.00038128] |com_force|=0.0000N
### kotek_magnet[tick=13560] sensor3: d=0.5470m in_range=False f_mag=0.000N tau_mag=0.0000Nm misalign_deg=90.0 pos=[-0.10910641 -0.10914591  0.49140108] bottom_world=[-0.10910661 -0.1091457   0.47140108] quat=[-3.8058287e-01  2.5192512e-06 -6.6328221e-06  9.2474681e-01] speed=0.0010 ang_speed=0.0029 ang_vel_vec=[0.00234691 0.0003143  0.00173661] |com_force|=0.0000N
### kotek_magnet[tick=13560] sensor4: d=0.5249m in_range=False f_mag=0.000N tau_mag=0.0000Nm misalign_deg=90.0 pos=[-0.10900038  0.10899841  0.4914023 ] bottom_world=[-0.10900017  0.10899876  0.4714023 ] quat=[ 3.82683039e-01 -1.50559345e-06 -1.01534815e-05  9.23879802e-01] speed=0.0009 ang_speed=0.0037 ang_vel_vec=[-0.00012844  0.00357686  0.00084813] |com_force|=0.0000N
### kotek_magnet[tick=13620] sensor3: d=0.5470m in_range=False f_mag=0.000N tau_mag=0.0000Nm misalign_deg=90.0 pos=[-0.10910639 -0.10914592  0.49140114] bottom_world=[-0.10910657 -0.10914573  0.47140114] quat=[-3.8058299e-01  2.4173135e-06 -6.0540292e-06  9.2474681e-01] speed=0.0010 ang_speed=0.0035 ang_vel_vec=[0.00299901 0.00083738 0.00153331] |com_force|=0.0000N
### kotek_magnet[tick=13620] sensor4: d=0.5249m in_range=False f_mag=0.000N tau_mag=0.0000Nm misalign_deg=90.0 pos=[-0.10900009  0.10899923  0.49140233] bottom_world=[-0.10900015  0.10899932  0.47140233] quat=[ 3.8268262e-01  2.2125946e-06 -1.4918696e-06  9.2387986e-01] speed=0.0002 ang_speed=0.0026 ang_vel_vec=[ 0.00131533 -0.00224522  0.00014412] |com_force|=0.0000N
### kotek_magnet[tick=13680] sensor3: d=0.5470m in_range=False f_mag=0.000N tau_mag=0.0000Nm misalign_deg=90.0 pos=[-0.10910747 -0.10914618  0.49140105] bottom_world=[-0.10910743 -0.10914604  0.47140105] quat=[-3.8058391e-01 -2.3111700e-06 -2.6889636e-06  9.2474651e-01] speed=0.0004 ang_speed=0.0022 ang_vel_vec=[-0.00030594  0.00207775 -0.00070139] |com_force|=0.0000N
### kotek_magnet[tick=13680] sensor4: d=0.5249m in_range=False f_mag=0.000N tau_mag=0.0000Nm misalign_deg=90.0 pos=[-0.10900033  0.10899924  0.49140212] bottom_world=[-0.10900029  0.10899938  0.47140212] quat=[ 3.8268241e-01  3.7413665e-07 -3.6666252e-06  9.2388004e-01] speed=0.0001 ang_speed=0.0019 ang_vel_vec=[-0.00098118  0.00158985 -0.00040793] |com_force|=0.0000N
### still playing, 1159s left
### kotek_magnet[tick=13740] sensor3: d=0.5470m in_range=False f_mag=0.000N tau_mag=0.0000Nm misalign_deg=90.0 pos=[-0.10910812 -0.10914583  0.49140108] bottom_world=[-0.10910787 -0.10914593  0.47140108] quat=[-3.805839e-01 -4.792266e-06  4.616066e-06  9.247464e-01] speed=0.0009 ang_speed=0.0017 ang_vel_vec=[ 0.00122894  0.00105932 -0.00055088] |com_force|=0.0000N
### kotek_magnet[tick=13740] sensor4: d=0.5249m in_range=False f_mag=0.000N tau_mag=0.0000Nm misalign_deg=90.0 pos=[-0.109       0.10900018  0.49140236] bottom_world=[-0.10900024  0.10900003  0.47140236] quat=[3.8268214e-01 4.0540222e-06 5.7831762e-06 9.2388016e-01] speed=0.0009 ang_speed=0.0027 ang_vel_vec=[ 0.00182908 -0.00188691 -0.00057514] |com_force|=0.0000N
### kotek_magnet[tick=13800] sensor3: d=0.5470m in_range=False f_mag=0.000N tau_mag=0.0000Nm misalign_deg=90.0 pos=[-0.10910815 -0.10914592  0.4914011 ] bottom_world=[-0.1091079  -0.10914601  0.47140111] quat=[-3.8058412e-01 -4.7682547e-06  4.5133174e-06  9.2474639e-01] speed=0.0009 ang_speed=0.0014 ang_vel_vec=[ 0.00105751  0.00071322 -0.00062406] |com_force|=0.0000N
### kotek_magnet[tick=13800] sensor4: d=0.5249m in_range=False f_mag=0.000N tau_mag=0.0000Nm misalign_deg=90.0 pos=[-0.109       0.10900012  0.49140236] bottom_world=[-0.10900023  0.10899997  0.47140236] quat=[3.8268203e-01 3.9504221e-06 5.4918182e-06 9.2388010e-01] speed=0.0009 ang_speed=0.0032 ang_vel_vec=[ 0.00221589 -0.00220318 -0.00067889] |com_force|=0.0000N
### kotek_magnet[tick=13860] sensor3: d=0.5470m in_range=False f_mag=0.000N tau_mag=0.0000Nm misalign_deg=90.0 pos=[-0.10910749 -0.10914616  0.49140102] bottom_world=[-0.10910744 -0.10914603  0.47140102] quat=[-3.8058382e-01 -2.3333239e-06 -2.4195747e-06  9.2474645e-01] speed=0.0005 ang_speed=0.0022 ang_vel_vec=[ 0.00010369  0.0020503  -0.00074799] |com_force|=0.0000N
### kotek_magnet[tick=13860] sensor4: d=0.5249m in_range=False f_mag=0.000N tau_mag=0.0000Nm misalign_deg=90.0 pos=[-0.10900035  0.10899948  0.4914023 ] bottom_world=[-0.10900033  0.10899954  0.4714023 ] quat=[ 3.8268217e-01  2.2474991e-07 -1.5568785e-06  9.2388010e-01] speed=0.0004 ang_speed=0.0028 ang_vel_vec=[ 0.00243859  0.00102859 -0.00080262] |com_force|=0.0000N
### kotek_magnet[tick=13920] sensor3: d=0.5470m in_range=False f_mag=0.000N tau_mag=0.0000Nm misalign_deg=90.0 pos=[-0.10910751 -0.10914613  0.4914011 ] bottom_world=[-0.10910746 -0.10914601  0.47140111] quat=[-3.8058376e-01 -2.4267954e-06 -2.4023225e-06  9.2474645e-01] speed=0.0005 ang_speed=0.0019 ang_vel_vec=[-0.00022878  0.00184774 -0.00040398] |com_force|=0.0000N
### kotek_magnet[tick=13920] sensor4: d=0.5249m in_range=False f_mag=0.000N tau_mag=0.0000Nm misalign_deg=90.0 pos=[-0.10900012  0.1089992   0.49140236] bottom_world=[-0.10900018  0.1089993   0.47140236] quat=[ 3.8268268e-01  2.1835663e-06 -1.8691362e-06  9.2387986e-01] speed=0.0002 ang_speed=0.0025 ang_vel_vec=[ 0.00107937 -0.0021875   0.000475  ] |com_force|=0.0000N
### kotek_magnet[tick=13980] sensor3: d=0.5470m in_range=False f_mag=0.000N tau_mag=0.0000Nm misalign_deg=90.0 pos=[-0.10910816 -0.10914587  0.49140108] bottom_world=[-0.10910791 -0.10914597  0.47140108] quat=[-3.8058415e-01 -4.8695356e-06  4.6469331e-06  9.2474633e-01] speed=0.0010 ang_speed=0.0015 ang_vel_vec=[ 0.0011062   0.00072124 -0.00080442] |com_force|=0.0000N
### kotek_magnet[tick=13980] sensor4: d=0.5249m in_range=False f_mag=0.000N tau_mag=0.0000Nm misalign_deg=90.0 pos=[-0.10900036  0.1089995   0.49140242] bottom_world=[-0.10900035  0.10899956  0.47140242] quat=[ 3.8268217e-01  3.9972309e-07 -1.5591609e-06  9.2388010e-01] speed=0.0004 ang_speed=0.0030 ang_vel_vec=[ 2.9390482e-03  5.1383769e-05 -8.0560782e-04] |com_force|=0.0000N
### kotek_magnet[tick=14040] sensor3: d=0.5470m in_range=False f_mag=0.000N tau_mag=0.0000Nm misalign_deg=90.0 pos=[-0.10910816 -0.10914587  0.491401  ] bottom_world=[-0.10910791 -0.10914597  0.47140099] quat=[-3.8058397e-01 -4.8156257e-06  4.5800898e-06  9.2474645e-01] speed=0.0010 ang_speed=0.0015 ang_vel_vec=[ 0.00105877  0.00058522 -0.00083146] |com_force|=0.0000N
### kotek_magnet[tick=14040] sensor4: d=0.5249m in_range=False f_mag=0.000N tau_mag=0.0000Nm misalign_deg=90.0 pos=[-0.10900005  0.10900016  0.4914023 ] bottom_world=[-0.10900029  0.10900001  0.4714023 ] quat=[3.8268217e-01 4.0909122e-06 5.8318278e-06 9.2388016e-01] speed=0.0009 ang_speed=0.0035 ang_vel_vec=[ 0.00247002 -0.00237876 -0.00085433] |com_force|=0.0000N
### kotek_magnet[tick=14100] sensor3: d=0.5470m in_range=False f_mag=0.000N tau_mag=0.0000Nm misalign_deg=90.0 pos=[-0.10910816 -0.10914586  0.49140102] bottom_world=[-0.10910793 -0.10914595  0.47140102] quat=[-3.8058394e-01 -4.6129394e-06  4.3749351e-06  9.2474645e-01] speed=0.0010 ang_speed=0.0016 ang_vel_vec=[ 0.00109344  0.00063888 -0.00092796] |com_force|=0.0000N
### kotek_magnet[tick=14100] sensor4: d=0.5249m in_range=False f_mag=0.000N tau_mag=0.0000Nm misalign_deg=90.0 pos=[-0.10900019  0.10899839  0.4914023 ] bottom_world=[-0.10900007  0.10899872  0.4714023 ] quat=[ 3.8268298e-01  3.0785660e-07 -8.7451617e-06  9.2387968e-01] speed=0.0010 ang_speed=0.0016 ang_vel_vec=[-0.00066429 -0.00066386  0.00123673] |com_force|=0.0000N
### kotek_magnet[tick=14160] sensor3: d=0.5470m in_range=False f_mag=0.000N tau_mag=0.0000Nm misalign_deg=90.0 pos=[-0.10910806 -0.10914582  0.49140102] bottom_world=[-0.10910782 -0.10914593  0.47140102] quat=[-3.8058370e-01 -4.4194235e-06  4.7486501e-06  9.2474651e-01] speed=0.0009 ang_speed=0.0028 ang_vel_vec=[ 0.00192947  0.00195043 -0.00043831] |com_force|=0.0000N
### kotek_magnet[tick=14160] sensor4: d=0.5249m in_range=False f_mag=0.000N tau_mag=0.0000Nm misalign_deg=90.0 pos=[-0.10900044  0.1089983   0.4914023 ] bottom_world=[-0.10900023  0.10899866  0.4714023 ] quat=[ 3.8268298e-01 -1.5982235e-06 -1.0390339e-05  9.2387974e-01] speed=0.0010 ang_speed=0.0036 ang_vel_vec=[7.0193186e-05 3.5640683e-03 6.8513979e-04] |com_force|=0.0000N
### kotek_magnet[tick=14220] sensor3: d=0.5470m in_range=False f_mag=0.000N tau_mag=0.0000Nm misalign_deg=90.0 pos=[-0.10910819 -0.10914582  0.49140108] bottom_world=[-0.10910795 -0.10914592  0.47140108] quat=[-3.8058388e-01 -4.7316098e-06  4.5459101e-06  9.2474645e-01] speed=0.0010 ang_speed=0.0013 ang_vel_vec=[ 0.00094488  0.00049033 -0.00068081] |com_force|=0.0000N
### kotek_magnet[tick=14220] sensor4: d=0.5249m in_range=False f_mag=0.000N tau_mag=0.0000Nm misalign_deg=90.0 pos=[-0.10900021  0.10899843  0.4914023 ] bottom_world=[-0.1090001   0.10899875  0.4714023 ] quat=[ 3.8268307e-01  4.7097319e-07 -8.5552902e-06  9.2387968e-01] speed=0.0010 ang_speed=0.0019 ang_vel_vec=[-0.00042555 -0.00113187  0.00144641] |com_force|=0.0000N
### kotek_magnet[tick=14280] sensor3: d=0.5470m in_range=False f_mag=0.000N tau_mag=0.0000Nm misalign_deg=90.0 pos=[-0.10910818 -0.10914586  0.49140102] bottom_world=[-0.10910793 -0.10914597  0.47140102] quat=[-3.8058394e-01 -4.7335170e-06  4.7041758e-06  9.2474639e-01] speed=0.0010 ang_speed=0.0016 ang_vel_vec=[ 0.0012232   0.00066988 -0.0008336 ] |com_force|=0.0000N
### kotek_magnet[tick=14280] sensor4: d=0.5249m in_range=False f_mag=0.000N tau_mag=0.0000Nm misalign_deg=90.0 pos=[-0.10900038  0.10899945  0.4914022 ] bottom_world=[-0.10900036  0.10899951  0.47140221] quat=[ 3.8268229e-01  1.5052942e-07 -1.5452270e-06  9.2387998e-01] speed=0.0004 ang_speed=0.0027 ang_vel_vec=[ 0.00232451  0.00121128 -0.00081845] |com_force|=0.0000N
### kotek_magnet[tick=14340] sensor3: d=0.5470m in_range=False f_mag=0.000N tau_mag=0.0000Nm misalign_deg=90.0 pos=[-0.10910811 -0.10914575  0.491401  ] bottom_world=[-0.10910786 -0.10914588  0.47140099] quat=[-3.8058376e-01 -4.5243578e-06  5.3791041e-06  9.2474645e-01] speed=0.0010 ang_speed=0.0031 ang_vel_vec=[ 0.00218711  0.0020228  -0.0007361 ] |com_force|=0.0000N
### kotek_magnet[tick=14340] sensor4: d=0.5249m in_range=False f_mag=0.000N tau_mag=0.0000Nm misalign_deg=90.0 pos=[-0.10900006  0.10900017  0.49140236] bottom_world=[-0.1090003   0.10900002  0.47140236] quat=[3.8268206e-01 3.9359006e-06 5.7608654e-06 9.2388022e-01] speed=0.0010 ang_speed=0.0031 ang_vel_vec=[ 0.00207527 -0.00210177 -0.00109193] |com_force|=0.0000N
### kotek_magnet[tick=14400] sensor3: d=0.5470m in_range=False f_mag=0.000N tau_mag=0.0000Nm misalign_deg=90.0 pos=[-0.1091081  -0.10914579  0.49140105] bottom_world=[-0.10910786 -0.10914591  0.47140105] quat=[-3.8058376e-01 -4.4446101e-06  5.0559579e-06  9.2474651e-01] speed=0.0010 ang_speed=0.0027 ang_vel_vec=[ 0.00194574  0.00181962 -0.00033573] |com_force|=0.0000N
### kotek_magnet[tick=14400] sensor4: d=0.5249m in_range=False f_mag=0.000N tau_mag=0.0000Nm misalign_deg=90.0 pos=[-0.10900007  0.10900011  0.49140236] bottom_world=[-0.10900029  0.10899997  0.47140236] quat=[3.8268214e-01 3.7922423e-06 5.3670105e-06 9.2388016e-01] speed=0.0009 ang_speed=0.0025 ang_vel_vec=[ 0.00169545 -0.00167205 -0.00067598] |com_force|=0.0000N
### kotek_magnet[tick=14460] sensor3: d=0.5477m in_range=False f_mag=0.000N tau_mag=0.0000Nm misalign_deg=85.1 pos=[-0.11120462 -0.10618447  0.49141243] bottom_world=[-0.10947974 -0.10987813  0.4718323 ] quat=[-0.3845924  -0.00408851  0.10237166  0.9173832 ] speed=0.3238 ang_speed=1.0746 ang_vel_vec=[ 0.8152318  -0.3812793  -0.58720523] |com_force|=0.0000N
### kotek_magnet[tick=14460] sensor4: d=0.5249m in_range=False f_mag=0.000N tau_mag=0.0000Nm misalign_deg=90.0 pos=[-0.1090003   0.10899938  0.4914022 ] bottom_world=[-0.10900025  0.10899951  0.47140221] quat=[ 3.8268247e-01  2.1866207e-07 -3.3926406e-06  9.2387998e-01] speed=0.0002 ang_speed=0.0029 ang_vel_vec=[-0.00072824  0.00273278 -0.00038227] |com_force|=0.0000N
### kotek_magnet[tick=14520] sensor3: d=0.5481m in_range=False f_mag=0.000N tau_mag=0.0000Nm misalign_deg=82.3 pos=[-0.11110532 -0.11006553  0.4942527 ] bottom_world=[-0.10841973 -0.11252644  0.47458722] quat=[-0.40105286 -0.03683051  0.083703    0.91147906] speed=0.0109 ang_speed=0.3725 ang_vel_vec=[-0.19039193 -0.20405519 -0.24676114] |com_force|=0.0000N
### kotek_magnet[tick=14520] sensor4: d=0.5249m in_range=False f_mag=0.000N tau_mag=0.0000Nm misalign_deg=90.0 pos=[-0.10900023  0.10899833  0.49140233] bottom_world=[-0.10900009  0.10899867  0.47140233] quat=[ 3.8268316e-01  1.4683094e-07 -9.1830534e-06  9.2387974e-01] speed=0.0011 ang_speed=0.0017 ang_vel_vec=[-0.00086236 -0.00036442  0.00140242] |com_force|=0.0000N
### kotek_magnet[tick=14580] sensor3: d=0.5492m in_range=False f_mag=0.000N tau_mag=0.0000Nm misalign_deg=79.3 pos=[-0.11299561 -0.10904641  0.49494478] bottom_world=[-0.10929079 -0.11263477  0.47562127] quat=[-0.3919442  -0.05003952  0.12003468  0.910751  ] speed=0.2493 ang_speed=7.7011 ang_vel_vec=[1.602838  1.7940103 7.3156567] |com_force|=0.0000N
### kotek_magnet[tick=14580] sensor4: d=0.5249m in_range=False f_mag=0.000N tau_mag=0.0000Nm misalign_deg=90.0 pos=[-0.10900014  0.10899848  0.49140248] bottom_world=[-0.10900002  0.1089988   0.47140248] quat=[ 3.8268310e-01  3.6386291e-07 -8.6820946e-06  9.2387974e-01] speed=0.0009 ang_speed=0.0019 ang_vel_vec=[-0.00094155 -0.00109266  0.00122463] |com_force|=0.0000N
### kotek_magnet[tick=14640] sensor3: d=0.5495m in_range=False f_mag=0.000N tau_mag=0.0000Nm misalign_deg=76.9 pos=[-0.11412463 -0.107651    0.4953685 ] bottom_world=[-0.10958874 -0.11223517  0.47643676] quat=[-0.38870496 -0.05987496  0.15205675  0.90675366] speed=0.1584 ang_speed=10.4989 ang_vel_vec=[4.8025866 6.2390313 6.9453216] |com_force|=0.0000N
### kotek_magnet[tick=14640] sensor4: d=0.5249m in_range=False f_mag=0.000N tau_mag=0.0000Nm misalign_deg=90.0 pos=[-0.10900017  0.10899849  0.49140245] bottom_world=[-0.10900005  0.10899883  0.47140245] quat=[ 3.8268292e-01  4.3880192e-07 -9.0037702e-06  9.2387974e-01] speed=0.0010 ang_speed=0.0024 ang_vel_vec=[-0.00084777 -0.00184541  0.00121703] |com_force|=0.0000N
### kotek_magnet[tick=14700] sensor3: d=0.5653m in_range=False f_mag=0.000N tau_mag=0.0000Nm misalign_deg=83.8 pos=[-0.1285124  -0.10970388  0.49488163] bottom_world=[-0.12634974 -0.11377787  0.47542076] quat=[-0.22957425 -0.02925905  0.11234806  0.96634233] speed=0.1056 ang_speed=11.2355 ang_vel_vec=[-8.066761  -7.810918   0.3912801] |com_force|=0.0000N
### kotek_magnet[tick=14700] sensor4: d=0.5249m in_range=False f_mag=0.000N tau_mag=0.0000Nm misalign_deg=90.0 pos=[-0.10900033  0.10899949  0.49140236] bottom_world=[-0.10900031  0.10899955  0.47140236] quat=[ 3.8268223e-01  2.6969298e-07 -1.5619635e-06  9.2388004e-01] speed=0.0004 ang_speed=0.0037 ang_vel_vec=[ 3.5608038e-03 -5.1711813e-05 -1.0034308e-03] |com_force|=0.0000N
### kotek_magnet[tick=14760] sensor3: d=0.5764m in_range=False f_mag=0.000N tau_mag=0.0000Nm misalign_deg=86.3 pos=[-0.1377472  -0.10822831  0.50772816] bottom_world=[-0.13647357 -0.10935146  0.48780038] quat=[-0.08752791 -0.02928473  0.03078812  0.9952555 ] speed=0.1213 ang_speed=3.9754 ang_vel_vec=[-2.6246412   0.03084949  2.9856553 ] |com_force|=0.0000N
### kotek_magnet[tick=14760] sensor4: d=0.5249m in_range=False f_mag=0.000N tau_mag=0.0000Nm misalign_deg=90.0 pos=[-0.10900037  0.10899946  0.49140227] bottom_world=[-0.10900036  0.10899953  0.47140227] quat=[ 3.8268223e-01  3.2733121e-07 -1.6953741e-06  9.2388004e-01] speed=0.0004 ang_speed=0.0028 ang_vel_vec=[ 0.00263491  0.00064636 -0.00058917] |com_force|=0.0000N
### kotek_magnet[tick=14820] sensor3: d=0.5822m in_range=False f_mag=0.000N tau_mag=0.0000Nm misalign_deg=86.2 pos=[-0.13747936 -0.10902728  0.5306711 ] bottom_world=[-0.13615411 -0.11023255  0.51075151] quat=[-0.08526933 -0.03046908  0.03288265  0.99534893] speed=0.1240 ang_speed=3.9771 ang_vel_vec=[-2.5858564   0.14342363  3.0182953 ] |com_force|=0.0000N
### kotek_magnet[tick=14820] sensor4: d=0.5249m in_range=False f_mag=0.000N tau_mag=0.0000Nm misalign_deg=90.0 pos=[-0.10899986  0.10900018  0.49140233] bottom_world=[-0.10900017  0.10900002  0.47140233] quat=[3.8268229e-01 5.5316077e-06 6.7226829e-06 9.2387998e-01] speed=0.0012 ang_speed=0.0155 ang_vel_vec=[ 0.00807259 -0.01328217 -0.00022977] |com_force|=0.0000N
### kotek_magnet[tick=14880] sensor3: d=0.5897m in_range=False f_mag=0.000N tau_mag=0.0000Nm misalign_deg=86.1 pos=[-0.13723749 -0.10988937  0.5559674 ] bottom_world=[-0.13586027 -0.11119052  0.53605734] quat=[-0.08266351 -0.03165605  0.0353062   0.9954487 ] speed=0.1269 ang_speed=3.9727 ang_vel_vec=[-2.563199    0.22663826  3.026768  ] |com_force|=0.0000N
### kotek_magnet[tick=14880] sensor4: d=0.5249m in_range=False f_mag=0.000N tau_mag=0.0000Nm misalign_deg=90.0 pos=[-0.10900035  0.10899949  0.4914022 ] bottom_world=[-0.10900034  0.10899955  0.47140221] quat=[ 3.8268229e-01  3.9918692e-07 -1.4936272e-06  9.2388004e-01] speed=0.0004 ang_speed=0.0026 ang_vel_vec=[ 0.0024137   0.00048307 -0.00070759] |com_force|=0.0000N
### kotek_magnet[tick=14940] sensor3: d=0.5960m in_range=False f_mag=0.000N tau_mag=0.0000Nm misalign_deg=85.9 pos=[-0.13698635 -0.11047953  0.57525855] bottom_world=[-0.13556786 -0.11185927  0.55535669] quat=[-0.08075129 -0.03259732  0.03729347  0.9955028 ] speed=0.0999 ang_speed=3.9622 ang_vel_vec=[-2.4713879   0.30425602  3.081964  ] |com_force|=0.0000N
### kotek_magnet[tick=14940] sensor4: d=0.5249m in_range=False f_mag=0.000N tau_mag=0.0000Nm misalign_deg=90.0 pos=[-0.10900007  0.10900014  0.49140233] bottom_world=[-0.1090003   0.10899999  0.47140233] quat=[3.8268217e-01 3.8982248e-06 5.7107313e-06 9.2388016e-01] speed=0.0009 ang_speed=0.0028 ang_vel_vec=[ 0.00188966 -0.00196617 -0.00081949] |com_force|=0.0000N
### kotek_magnet[tick=15000] sensor3: d=0.5935m in_range=False f_mag=0.000N tau_mag=0.0000Nm misalign_deg=85.4 pos=[-0.13453893 -0.1144814   0.5717421 ] bottom_world=[-0.13292165 -0.11581209  0.55185208] quat=[-0.08223961 -0.03760681  0.03653431  0.99523246] speed=0.1073 ang_speed=3.6694 ang_vel_vec=[-2.40915    -0.02991875  2.767538  ] |com_force|=0.0000N
### kotek_magnet[tick=15000] sensor4: d=0.5249m in_range=False f_mag=0.000N tau_mag=0.0000Nm misalign_deg=90.0 pos=[-0.10900007  0.1090001   0.49140227] bottom_world=[-0.10900029  0.10899996  0.47140227] quat=[3.8268217e-01 3.8025005e-06 5.3386416e-06 9.2388010e-01] speed=0.0009 ang_speed=0.0027 ang_vel_vec=[ 0.00184957 -0.00190308 -0.00071864] |com_force|=0.0000N
### kotek_magnet[tick=15060] sensor3: d=0.5806m in_range=False f_mag=0.000N tau_mag=0.0000Nm misalign_deg=82.9 pos=[-0.11531354 -0.14149243  0.56072056] bottom_world=[-0.11285551 -0.14396728  0.54102708] quat=[-0.10285678 -0.05494467  0.06814724  0.99083686] speed=0.1431 ang_speed=3.7879 ang_vel_vec=[-2.7521408 -0.2839379  2.587122 ] |com_force|=0.0000N
### kotek_magnet[tick=15060] sensor4: d=0.5249m in_range=False f_mag=0.000N tau_mag=0.0000Nm misalign_deg=90.0 pos=[-0.1090001   0.10900012  0.4914024 ] bottom_world=[-0.10900033  0.10899998  0.47140239] quat=[3.8268209e-01 3.8653775e-06 5.4132665e-06 9.2388022e-01] speed=0.0009 ang_speed=0.0031 ang_vel_vec=[ 0.00217683 -0.00203705 -0.00083237] |com_force|=0.0000N
### kotek_magnet[tick=15120] sensor3: d=0.5614m in_range=False f_mag=0.000N tau_mag=0.0000Nm misalign_deg=79.4 pos=[-0.08707742 -0.16897632  0.5480876 ] bottom_world=[-0.08338554 -0.17261442  0.52877091] quat=[-0.12423251 -0.08086602  0.10268185  0.9836074 ] speed=0.1424 ang_speed=3.7243 ang_vel_vec=[-2.86015    -0.31019366  2.3651667 ] |com_force|=0.0000N
### kotek_magnet[tick=15120] sensor4: d=0.5249m in_range=False f_mag=0.000N tau_mag=0.0000Nm misalign_deg=90.0 pos=[-0.10900006  0.10900012  0.49140236] bottom_world=[-0.1090003   0.10899998  0.47140236] quat=[3.8268211e-01 4.0131013e-06 5.6600584e-06 9.2388016e-01] speed=0.0009 ang_speed=0.0032 ang_vel_vec=[ 0.00220313 -0.00223173 -0.00081031] |com_force|=0.0000N
### kotek_magnet[tick=15180] sensor3: d=0.5383m in_range=False f_mag=0.000N tau_mag=0.0000Nm misalign_deg=75.2 pos=[-0.05408335 -0.19081992  0.535909  ] bottom_world=[-0.04897244 -0.19538568  0.51711984] quat=[-0.14061606 -0.11187047  0.13325176  0.974657  ] speed=0.1367 ang_speed=3.7808 ang_vel_vec=[-3.0413518  -0.31357488  2.2240422 ] |com_force|=0.0000N
### kotek_magnet[tick=15180] sensor4: d=0.5249m in_range=False f_mag=0.000N tau_mag=0.0000Nm misalign_deg=90.0 pos=[-0.10900022  0.1089984   0.49140233] bottom_world=[-0.10900011  0.10899872  0.47140233] quat=[ 3.8268304e-01  5.7116011e-07 -8.4961312e-06  9.2387974e-01] speed=0.0010 ang_speed=0.0022 ang_vel_vec=[-0.00010728 -0.00166762  0.00135616] |com_force|=0.0000N
### kotek_magnet[tick=15240] sensor3: d=0.5122m in_range=False f_mag=0.000N tau_mag=0.0000Nm misalign_deg=70.7 pos=[-0.0183782  -0.20611261  0.5245225 ] bottom_world=[-0.01178167 -0.21133169  0.50637732] quat=[-0.15221521 -0.14598486  0.15830153  0.96460336] speed=0.1534 ang_speed=3.8888 ang_vel_vec=[-3.2737665 -0.5553188  2.0241518] |com_force|=0.0000N
### kotek_magnet[tick=15240] sensor4: d=0.5249m in_range=False f_mag=0.000N tau_mag=0.0000Nm misalign_deg=90.0 pos=[-0.10900006  0.10900011  0.49140236] bottom_world=[-0.10900029  0.10899996  0.47140236] quat=[3.8268223e-01 3.9396755e-06 5.5594282e-06 9.2388010e-01] speed=0.0009 ang_speed=0.0034 ang_vel_vec=[ 0.00225184 -0.00232919 -0.00085546] |com_force|=0.0000N
### kotek_magnet[tick=15300] sensor3: d=0.4827m in_range=False f_mag=0.000N tau_mag=0.0000Nm misalign_deg=66.0 pos=[ 0.02000731 -0.21516423  0.51357824] bottom_world=[ 0.02813559 -0.220793    0.49619296] quat=[-0.15979807 -0.18324244  0.1782981   0.95346564] speed=0.1492 ang_speed=3.8835 ang_vel_vec=[-3.4204073  -0.68821144  1.7054061 ] |com_force|=0.0000N
### kotek_magnet[tick=15300] sensor4: d=0.5249m in_range=False f_mag=0.000N tau_mag=0.0000Nm misalign_deg=90.0 pos=[-0.10900003  0.10900008  0.49140233] bottom_world=[-0.10900027  0.10899994  0.47140233] quat=[3.8268220e-01 4.0425807e-06 5.5677042e-06 9.2388016e-01] speed=0.0009 ang_speed=0.0036 ang_vel_vec=[ 0.00249211 -0.0024996  -0.00092416] |com_force|=0.0000N
### kotek_magnet[tick=15360] sensor3: d=0.4510m in_range=False f_mag=0.000N tau_mag=0.0000Nm misalign_deg=61.3 pos=[ 0.05884663 -0.21768948  0.5033516 ] bottom_world=[ 0.06845361 -0.22350119  0.4868008 ] quat=[-0.16308564 -0.22163665  0.19263047  0.941899  ] speed=0.1536 ang_speed=3.9484 ang_vel_vec=[-3.5818672 -0.7700327  1.4722229] |com_force|=0.0000N
### kotek_magnet[tick=15360] sensor4: d=0.5249m in_range=False f_mag=0.000N tau_mag=0.0000Nm misalign_deg=90.0 pos=[-0.10900004  0.10900011  0.49140248] bottom_world=[-0.10900028  0.10899996  0.47140248] quat=[3.8268194e-01 4.0358914e-06 5.6089252e-06 9.2388022e-01] speed=0.0009 ang_speed=0.0035 ang_vel_vec=[ 0.00241464 -0.00238034 -0.00093806] |com_force|=0.0000N
### kotek_magnet[tick=15420] sensor3: d=0.4175m in_range=False f_mag=0.000N tau_mag=0.0000Nm misalign_deg=56.6 pos=[ 0.0973442  -0.21405081  0.493817  ] bottom_world=[ 0.10834705 -0.21986261  0.47815941] quat=[-0.1625103  -0.2605041   0.20173685  0.93007004] speed=0.1498 ang_speed=3.9976 ang_vel_vec=[-3.7100873 -0.9578301  1.1394681] |com_force|=0.0000N
### kotek_magnet[tick=15420] sensor4: d=0.5249m in_range=False f_mag=0.000N tau_mag=0.0000Nm misalign_deg=90.0 pos=[-0.10900004  0.10900016  0.4914024 ] bottom_world=[-0.10900028  0.10900002  0.47140239] quat=[3.8268211e-01 4.1790627e-06 5.6303243e-06 9.2388010e-01] speed=0.0009 ang_speed=0.0033 ang_vel_vec=[ 0.00225773 -0.00229956 -0.00085023] |com_force|=0.0000N
### still playing, 1129s left
### kotek_magnet[tick=15480] sensor3: d=0.3819m in_range=False f_mag=0.000N tau_mag=0.0000Nm misalign_deg=52.0 pos=[ 0.13512482 -0.20441985  0.48471963] bottom_world=[ 0.14742841 -0.21007595  0.47000127] quat=[-0.1584506  -0.29953453  0.20571834  0.91806996] speed=0.1513 ang_speed=4.0415 ang_vel_vec=[-3.798689  -1.1168575  0.8099823] |com_force|=0.0000N
### kotek_magnet[tick=15480] sensor4: d=0.5249m in_range=False f_mag=0.000N tau_mag=0.0000Nm misalign_deg=90.0 pos=[-0.109       0.10900012  0.49140233] bottom_world=[-0.10900023  0.10899998  0.47140233] quat=[3.8268209e-01 3.9521633e-06 5.5919804e-06 9.2388010e-01] speed=0.0009 ang_speed=0.0033 ang_vel_vec=[ 0.00217876 -0.0022381  -0.00094153] |com_force|=0.0000N
### kotek_magnet[tick=15540] sensor3: d=0.3467m in_range=False f_mag=0.000N tau_mag=0.0000Nm misalign_deg=47.8 pos=[ 0.16921248 -0.19007002  0.47662273] bottom_world=[ 0.18263745 -0.1954662   0.46281508] quat=[-0.15181763 -0.3358254   0.20501216  0.90672094] speed=0.1479 ang_speed=4.0522 ang_vel_vec=[-3.8379672  -1.2067307   0.48360646] |com_force|=0.0000N
### kotek_magnet[tick=15540] sensor4: d=0.5249m in_range=False f_mag=0.000N tau_mag=0.0000Nm misalign_deg=90.0 pos=[-0.10900016  0.10899842  0.4914024 ] bottom_world=[-0.10900005  0.10899874  0.47140239] quat=[ 3.8268307e-01  4.5514562e-07 -8.6154614e-06  9.2387968e-01] speed=0.0010 ang_speed=0.0018 ang_vel_vec=[-0.00033866 -0.00115271  0.00128848] |com_force|=0.0000N
### kotek_magnet[tick=15600] sensor3: d=0.3105m in_range=False f_mag=0.000N tau_mag=0.0000Nm misalign_deg=43.8 pos=[ 0.20097683 -0.171031    0.46894506] bottom_world=[ 0.21540768 -0.17608886  0.45605441] quat=[-0.14252634 -0.370993    0.20024486  0.89551806] speed=0.1446 ang_speed=3.9921 ang_vel_vec=[-3.7990198  -1.2120174   0.18860114] |com_force|=0.0000N
### kotek_magnet[tick=15600] sensor4: d=0.5249m in_range=False f_mag=0.000N tau_mag=0.0000Nm misalign_deg=90.0 pos=[-0.10900018  0.10899844  0.4914024 ] bottom_world=[-0.10900008  0.10899875  0.47140239] quat=[ 3.826831e-01  6.993574e-07 -8.177936e-06  9.238797e-01] speed=0.0010 ang_speed=0.0024 ang_vel_vec=[ 8.3686071e-05 -2.0078039e-03  1.2496655e-03] |com_force|=0.0000N
### kotek_magnet[tick=15660] sensor3: d=0.2746m in_range=False f_mag=0.000N tau_mag=0.0000Nm misalign_deg=40.1 pos=[ 0.2290567  -0.14836821  0.4618512 ] bottom_world=[ 0.24435127 -0.15303618  0.44983929] quat=[-0.13106318 -0.40369308  0.19166079  0.8849409 ] speed=0.1499 ang_speed=4.0907 ang_vel_vec=[-3.8525336 -1.3608671 -0.2001344] |com_force|=0.0000N
### kotek_magnet[tick=15660] sensor4: d=0.5249m in_range=False f_mag=0.000N tau_mag=0.0000Nm misalign_deg=90.0 pos=[-0.10900017  0.10899845  0.49140233] bottom_world=[-0.10900005  0.10899878  0.47140233] quat=[ 3.8268301e-01  3.5296279e-07 -8.7979679e-06  9.2387974e-01] speed=0.0010 ang_speed=0.0016 ang_vel_vec=[-0.00086563 -0.00052262  0.00120597] |com_force|=0.0000N
### kotek_magnet[tick=15720] sensor3: d=0.2388m in_range=False f_mag=0.000N tau_mag=0.0000Nm misalign_deg=36.6 pos=[ 0.25358194 -0.12238739  0.45517567] bottom_world=[ 0.26962988 -0.1266496   0.44402681] quat=[-0.11762104 -0.43448952  0.18027017  0.8745781 ] speed=0.1403 ang_speed=4.0135 ang_vel_vec=[-3.751022   -1.3429831  -0.48426753] |com_force|=0.0000N
### kotek_magnet[tick=15720] sensor4: d=0.5249m in_range=False f_mag=0.000N tau_mag=0.0000Nm misalign_deg=90.0 pos=[-0.10900013  0.10899848  0.4914023 ] bottom_world=[-0.10900002  0.1089988   0.4714023 ] quat=[ 3.8268325e-01  4.6886623e-07 -8.4164421e-06  9.2387962e-01] speed=0.0010 ang_speed=0.0016 ang_vel_vec=[-0.00050339 -0.00069081  0.00137825] |com_force|=0.0000N
### kotek_magnet[tick=15780] sensor3: d=0.2039m in_range=False f_mag=0.000N tau_mag=0.0000Nm misalign_deg=33.4 pos=[ 0.2740129  -0.09372368  0.44899687] bottom_world=[ 0.29070658 -0.0975454   0.43866656] quat=[-0.10382758 -0.4627722   0.1660847   0.8645679 ] speed=0.1369 ang_speed=3.9683 ang_vel_vec=[-3.713929  -1.2151527 -0.691115 ] |com_force|=0.0000N
### kotek_magnet[tick=15780] sensor4: d=0.5249m in_range=False f_mag=0.000N tau_mag=0.0000Nm misalign_deg=90.0 pos=[-0.1090003   0.10899875  0.49140224] bottom_world=[-0.10900015  0.10899905  0.47140224] quat=[ 3.8268274e-01 -6.4345750e-07 -8.2023871e-06  9.2387980e-01] speed=0.0006 ang_speed=0.0046 ang_vel_vec=[-0.00156989  0.00436256  0.00033831] |com_force|=0.0000N
### kotek_magnet[tick=15840] sensor3: d=0.1711m in_range=False f_mag=0.000N tau_mag=0.0000Nm misalign_deg=30.4 pos=[ 0.2901236  -0.06356662  0.4434342 ] bottom_world=[ 0.30736779 -0.0669372   0.43388029] quat=[-0.08980978 -0.48855165  0.14989763  0.854858  ] speed=0.1310 ang_speed=4.0355 ang_vel_vec=[-3.7293687  -1.2082938  -0.95747626] |com_force|=0.0000N
### kotek_magnet[tick=15840] sensor4: d=0.5249m in_range=False f_mag=0.000N tau_mag=0.0000Nm misalign_deg=90.0 pos=[-0.10900012  0.10899854  0.4914023 ] bottom_world=[-0.10900001  0.10899885  0.4714023 ] quat=[ 3.8268319e-01  5.7255181e-07 -8.1085745e-06  9.2387974e-01] speed=0.0010 ang_speed=0.0016 ang_vel_vec=[-0.00048309 -0.00080257  0.00133522] |com_force|=0.0000N
### kotek_magnet[tick=15900] sensor3: d=0.1419m in_range=False f_mag=0.000N tau_mag=0.0000Nm misalign_deg=27.7 pos=[ 0.3019573 -0.0326755  0.4385314] bottom_world=[ 0.31967259 -0.03557883  0.4297144 ] quat=[-0.07638191 -0.51197493  0.1321237   0.8453347 ] speed=0.1286 ang_speed=4.1034 ang_vel_vec=[-3.7227745 -1.2175001 -1.2234092] |com_force|=0.0000N
### kotek_magnet[tick=15900] sensor4: d=0.5249m in_range=False f_mag=0.000N tau_mag=0.0000Nm misalign_deg=90.0 pos=[-0.10900033  0.1089996   0.49140218] bottom_world=[-0.10900032  0.10899966  0.47140218] quat=[ 3.8268229e-01  4.0378239e-07 -1.3625345e-06  9.2387998e-01] speed=0.0004 ang_speed=0.0022 ang_vel_vec=[ 0.00178955  0.00104956 -0.00080083] |com_force|=0.0000N
### kotek_magnet[tick=15960] sensor3: d=0.1176m in_range=False f_mag=0.000N tau_mag=0.0000Nm misalign_deg=25.0 pos=[ 0.30988622 -0.00103053  0.43426603] bottom_world=[ 0.32801777 -0.00344501  0.42617795] quat=[-0.06317607 -0.53396344  0.11261005  0.83559024] speed=0.1264 ang_speed=4.2208 ang_vel_vec=[-3.754347  -1.1837093 -1.5226538] |com_force|=0.0000N
### kotek_magnet[tick=15960] sensor4: d=0.5249m in_range=False f_mag=0.000N tau_mag=0.0000Nm misalign_deg=90.0 pos=[-0.10900003  0.1090002   0.49140224] bottom_world=[-0.10900026  0.10900005  0.47140224] quat=[3.8268214e-01 3.8589883e-06 5.5881314e-06 9.2388010e-01] speed=0.0010 ang_speed=0.0021 ang_vel_vec=[ 0.00134178 -0.00126862 -0.00092061] |com_force|=0.0000N
### kotek_magnet[tick=16020] sensor3: d=0.1024m in_range=False f_mag=0.000N tau_mag=0.0000Nm misalign_deg=22.4 pos=[0.313825   0.02954499 0.43092024] bottom_world=[0.33231078 0.02763143 0.42353006] quat=[-0.05122811 -0.55383277  0.09227498  0.8259118 ] speed=0.1239 ang_speed=4.2846 ang_vel_vec=[-3.7116585 -1.135157  -1.8145996] |com_force|=0.0000N
### kotek_magnet[tick=16020] sensor4: d=0.5249m in_range=False f_mag=0.000N tau_mag=0.0000Nm misalign_deg=90.0 pos=[-0.10900003  0.10900024  0.49140227] bottom_world=[-0.10900024  0.10900012  0.47140227] quat=[3.8268214e-01 3.5825335e-06 4.9485961e-06 9.2388010e-01] speed=0.0010 ang_speed=0.0011 ang_vel_vec=[ 0.00061198 -0.00059163 -0.00074849] |com_force|=0.0000N
### kotek_magnet[tick=16080] sensor3: d=0.0979m in_range=True f_mag=1.478N tau_mag=0.0020Nm misalign_deg=21.9 pos=[0.3115443  0.04503326 0.42560503] bottom_world=[0.3300991  0.04362476 0.41827459] quat=[-0.04513882 -0.5580175   0.073181    0.8253627 ] speed=0.1233 ang_speed=3.4138 ang_vel_vec=[-3.0677006   0.33666363 -1.4594402 ] |com_force|=0.2668N
### kotek_magnet[tick=16080] sensor4: d=0.5249m in_range=False f_mag=0.000N tau_mag=0.0000Nm misalign_deg=90.0 pos=[-0.10900032  0.1089996   0.4914022 ] bottom_world=[-0.10900031  0.10899966  0.47140221] quat=[ 3.8268226e-01  2.6626645e-07 -1.3649606e-06  9.2388004e-01] speed=0.0005 ang_speed=0.0017 ang_vel_vec=[ 0.00114595  0.00113862 -0.00065214] |com_force|=0.0000N
### kotek_magnet[tick=16140] sensor3: d=0.0894m in_range=True f_mag=1.782N tau_mag=0.0018Nm misalign_deg=22.1 pos=[0.31462693 0.04657865 0.4166158 ] bottom_world=[0.33315115 0.04525037 0.40919361] quat=[-0.04258083 -0.55651504  0.06881715  0.8268871 ] speed=0.1410 ang_speed=3.6689 ang_vel_vec=[-3.4760914  0.3529366 -1.1195093] |com_force|=0.2968N
### kotek_magnet[tick=16140] sensor4: d=0.5249m in_range=False f_mag=0.000N tau_mag=0.0000Nm misalign_deg=90.0 pos=[-0.1090003  0.1089996  0.4914023] bottom_world=[-0.10900029  0.10899966  0.4714023 ] quat=[ 3.8268229e-01  3.4111952e-07 -1.3976965e-06  9.2388004e-01] speed=0.0005 ang_speed=0.0019 ang_vel_vec=[ 0.00125625  0.00123673 -0.00076604] |com_force|=0.0000N
### kotek_magnet[tick=16200] sensor3: d=0.0679m in_range=True f_mag=1.338N tau_mag=0.0013Nm misalign_deg=21.6 pos=[0.32815614 0.04899629 0.39933464] bottom_world=[0.34675111 0.04770382 0.39208504] quat=[-0.03432563 -0.5611142   0.06253775  0.8246585 ] speed=0.1367 ang_speed=4.1888 ang_vel_vec=[-4.027478   -0.5769851  -0.99615264] |com_force|=0.3181N
### kotek_magnet[tick=16200] sensor4: d=0.5249m in_range=False f_mag=0.000N tau_mag=0.0000Nm misalign_deg=90.0 pos=[-0.10900003  0.10900021  0.4914022 ] bottom_world=[-0.10900024  0.10900009  0.47140221] quat=[3.8268217e-01 3.4271063e-06 4.8801244e-06 9.2388010e-01] speed=0.0010 ang_speed=0.0011 ang_vel_vec=[ 0.00046497 -0.00043597 -0.00085049] |com_force|=0.0000N
### kotek_magnet[tick=16260] sensor3: d=0.0480m in_range=True f_mag=0.928N tau_mag=0.0008Nm misalign_deg=21.0 pos=[0.34134313 0.05083187 0.38357458] bottom_world=[0.36000991 0.04951027 0.37651731] quat=[-0.03164252 -0.5654447   0.06197277  0.8218457 ] speed=0.1249 ang_speed=3.5550 ang_vel_vec=[-3.1449957 -0.7960385 -1.4538519] |com_force|=0.2791N
### kotek_magnet[tick=16260] sensor4: d=0.5249m in_range=False f_mag=0.000N tau_mag=0.0000Nm misalign_deg=90.0 pos=[-0.10900003  0.1090002   0.4914023 ] bottom_world=[-0.10900024  0.10900007  0.4714023 ] quat=[3.8268220e-01 3.5563369e-06 4.8754346e-06 9.2388010e-01] speed=0.0010 ang_speed=0.0013 ang_vel_vec=[ 0.00060414 -0.00065404 -0.00100324] |com_force|=0.0000N
### kotek_magnet[tick=16320] sensor3: d=0.0150m in_range=True f_mag=0.248N tau_mag=0.0001Nm misalign_deg=16.2 pos=[0.36962336 0.0504108  0.36562735] bottom_world=[0.3888283  0.05009135 0.36005344] quat=[-0.0171833  -0.60010695  0.0228894   0.79940754] speed=0.0209 ang_speed=0.6501 ang_vel_vec=[ 0.00265501 -0.64903927  0.03725479] |com_force|=0.4930N
### kotek_magnet[tick=16320] sensor4: d=0.5249m in_range=False f_mag=0.000N tau_mag=0.0000Nm misalign_deg=90.0 pos=[-0.10900039  0.10899846  0.49140224] bottom_world=[-0.10900021  0.10899877  0.47140224] quat=[ 3.8268295e-01 -1.2532148e-06 -9.0173226e-06  9.2387980e-01] speed=0.0009 ang_speed=0.0023 ang_vel_vec=[0.00087    0.00203416 0.00050533] |com_force|=0.0000N
### kotek_magnet[tick=16380] sensor3: d=0.0149m in_range=True f_mag=0.245N tau_mag=0.0001Nm misalign_deg=15.6 pos=[0.3700004  0.05040095 0.3656762 ] bottom_world=[0.38926699 0.05009031 0.36031879] quat=[-0.01751588 -0.60459334  0.02306     0.7960077 ] speed=0.0001 ang_speed=0.0024 ang_vel_vec=[0.0018398  0.00147705 0.0002158 ] |com_force|=0.4904N
### kotek_magnet[tick=16380] sensor4: d=0.5249m in_range=False f_mag=0.000N tau_mag=0.0000Nm misalign_deg=90.0 pos=[-0.10900015  0.10899852  0.49140227] bottom_world=[-0.10900006  0.10899881  0.47140227] quat=[ 3.826831e-01  8.024713e-07 -7.477459e-06  9.238797e-01] speed=0.0009 ang_speed=0.0019 ang_vel_vec=[-0.00015014 -0.00134216  0.0014046 ] |com_force|=0.0000N
### kotek_magnet[tick=16440] sensor3: d=0.0149m in_range=True f_mag=0.245N tau_mag=0.0001Nm misalign_deg=15.6 pos=[0.36999822 0.05040129 0.36567813] bottom_world=[0.38926442 0.05009053 0.36031932] quat=[-0.01751275 -0.6045642   0.02306016  0.7960299 ] speed=0.0001 ang_speed=0.0014 ang_vel_vec=[-0.00082672  0.0001802   0.00115011] |com_force|=0.4905N
### kotek_magnet[tick=16440] sensor4: d=0.5249m in_range=False f_mag=0.000N tau_mag=0.0000Nm misalign_deg=90.0 pos=[-0.10900015  0.10899853  0.49140233] bottom_world=[-0.10900007  0.10899882  0.47140233] quat=[ 3.8268298e-01  7.3070976e-07 -7.4726836e-06  9.2387980e-01] speed=0.0010 ang_speed=0.0016 ang_vel_vec=[-0.00021624 -0.00105882  0.00124379] |com_force|=0.0000N
### kotek_magnet[tick=16500] sensor3: d=0.0149m in_range=True f_mag=0.245N tau_mag=0.0001Nm misalign_deg=15.6 pos=[0.36999807 0.05040102 0.36567816] bottom_world=[0.38926426 0.0500903  0.3603193 ] quat=[-0.01751554 -0.6045632   0.02306086  0.79603064] speed=0.0001 ang_speed=0.0036 ang_vel_vec=[ 3.5866627e-03  2.8705128e-04 -6.6743407e-05] |com_force|=0.4905N
### kotek_magnet[tick=16500] sensor4: d=0.5249m in_range=False f_mag=0.000N tau_mag=0.0000Nm misalign_deg=90.0 pos=[-0.10900014  0.1089985   0.49140233] bottom_world=[-0.10900005  0.10899879  0.47140233] quat=[ 3.8268310e-01  7.5252734e-07 -7.5910420e-06  9.2387980e-01] speed=0.0010 ang_speed=0.0018 ang_vel_vec=[-0.00017627 -0.00121454  0.00130385] |com_force|=0.0000N
### kotek_magnet[tick=16560] sensor3: d=0.0149m in_range=True f_mag=0.245N tau_mag=0.0001Nm misalign_deg=15.6 pos=[0.3699981  0.0504011  0.36567822] bottom_world=[0.38926428 0.05009038 0.36031935] quat=[-0.01751482 -0.60456306  0.02306027  0.79603076] speed=0.0001 ang_speed=0.0017 ang_vel_vec=[0.00167142 0.00022684 0.00024312] |com_force|=0.4905N
### kotek_magnet[tick=16560] sensor4: d=0.5249m in_range=False f_mag=0.000N tau_mag=0.0000Nm misalign_deg=90.0 pos=[-0.109       0.10900024  0.4914023 ] bottom_world=[-0.10900023  0.10900009  0.4714023 ] quat=[3.8268220e-01 3.7004195e-06 5.4553898e-06 9.2388016e-01] speed=0.0010 ang_speed=0.0017 ang_vel_vec=[ 0.00104682 -0.00100719 -0.00090917] |com_force|=0.0000N
### kotek_magnet[tick=16620] sensor3: d=0.0149m in_range=True f_mag=0.245N tau_mag=0.0001Nm misalign_deg=15.6 pos=[0.36999813 0.05040112 0.36567816] bottom_world=[0.38926432 0.0500904  0.36031931] quat=[-0.01751466 -0.60456353  0.02306012  0.7960305 ] speed=0.0001 ang_speed=0.0016 ang_vel_vec=[0.00155273 0.00020499 0.00025184] |com_force|=0.4905N
### kotek_magnet[tick=16620] sensor4: d=0.5249m in_range=False f_mag=0.000N tau_mag=0.0000Nm misalign_deg=90.0 pos=[-0.10900002  0.10900023  0.49140224] bottom_world=[-0.10900023  0.1090001   0.47140224] quat=[3.8268211e-01 3.5419853e-06 5.0725434e-06 9.2388004e-01] speed=0.0010 ang_speed=0.0014 ang_vel_vec=[ 0.00085155 -0.00076986 -0.00075382] |com_force|=0.0000N
### kotek_magnet[tick=16680] sensor3: d=0.0149m in_range=True f_mag=0.245N tau_mag=0.0001Nm misalign_deg=15.6 pos=[0.36999813 0.0504011  0.3656782 ] bottom_world=[0.38926432 0.05009038 0.36031934] quat=[-0.01751476 -0.6045635   0.02306034  0.7960304 ] speed=0.0000 ang_speed=0.0015 ang_vel_vec=[0.00148392 0.00020498 0.00026165] |com_force|=0.4905N
### kotek_magnet[tick=16680] sensor4: d=0.5249m in_range=False f_mag=0.000N tau_mag=0.0000Nm misalign_deg=90.0 pos=[-0.109       0.1090002   0.49140227] bottom_world=[-0.10900023  0.10900005  0.47140227] quat=[3.826821e-01 3.832408e-06 5.616159e-06 9.238801e-01] speed=0.0010 ang_speed=0.0020 ang_vel_vec=[ 0.00123656 -0.00124469 -0.00094085] |com_force|=0.0000N
### kotek_magnet[tick=16740] sensor3: d=0.0149m in_range=True f_mag=0.245N tau_mag=0.0001Nm misalign_deg=15.6 pos=[0.36999813 0.05040111 0.3656782 ] bottom_world=[0.38926432 0.05009039 0.36031934] quat=[-0.01751471 -0.6045634   0.02306023  0.7960306 ] speed=0.0000 ang_speed=0.0015 ang_vel_vec=[0.00147433 0.00022093 0.00027116] |com_force|=0.4905N
### kotek_magnet[tick=16740] sensor4: d=0.5249m in_range=False f_mag=0.000N tau_mag=0.0000Nm misalign_deg=90.0 pos=[-0.10900001  0.10900022  0.49140227] bottom_world=[-0.10900023  0.10900008  0.47140227] quat=[3.8268206e-01 3.7261439e-06 5.3842737e-06 9.2388010e-01] speed=0.0010 ang_speed=0.0017 ang_vel_vec=[ 0.00101314 -0.00093327 -0.00093901] |com_force|=0.0000N
### kotek_magnet[tick=16800] sensor3: d=0.0149m in_range=True f_mag=0.245N tau_mag=0.0001Nm misalign_deg=15.6 pos=[0.3699981 0.0504011 0.3656782] bottom_world=[0.38926429 0.05009039 0.36031933] quat=[-0.01751476 -0.6045632   0.0230603   0.79603076] speed=0.0000 ang_speed=0.0015 ang_vel_vec=[0.00147633 0.00019292 0.00026399] |com_force|=0.4905N
### kotek_magnet[tick=16800] sensor4: d=0.5249m in_range=False f_mag=0.000N tau_mag=0.0000Nm misalign_deg=90.0 pos=[-0.10900011  0.10899854  0.49140236] bottom_world=[-0.10900002  0.10899884  0.47140236] quat=[ 3.8268316e-01  6.8873345e-07 -7.6322158e-06  9.2387974e-01] speed=0.0009 ang_speed=0.0016 ang_vel_vec=[-0.00039297 -0.00077935  0.0013124 ] |com_force|=0.0000N
### kotek_magnet[tick=16860] sensor3: d=0.0149m in_range=True f_mag=0.245N tau_mag=0.0001Nm misalign_deg=15.6 pos=[0.36999813 0.0504011  0.3656782 ] bottom_world=[0.38926432 0.05009038 0.36031934] quat=[-0.01751473 -0.60456353  0.02306025  0.79603046] speed=0.0000 ang_speed=0.0015 ang_vel_vec=[0.00149426 0.00020326 0.00026001] |com_force|=0.4905N
### kotek_magnet[tick=16860] sensor4: d=0.5249m in_range=False f_mag=0.000N tau_mag=0.0000Nm misalign_deg=90.0 pos=[-0.10900031  0.10899875  0.49140236] bottom_world=[-0.10900016  0.10899904  0.47140236] quat=[ 3.8268271e-01 -6.4950666e-07 -7.9285683e-06  9.2387986e-01] speed=0.0005 ang_speed=0.0039 ang_vel_vec=[-0.00141536  0.00364138  0.00035436] |com_force|=0.0000N
### kotek_magnet[tick=16920] sensor3: d=0.0149m in_range=True f_mag=0.245N tau_mag=0.0001Nm misalign_deg=15.6 pos=[0.36999813 0.0504011  0.36567816] bottom_world=[0.38926432 0.05009038 0.36031931] quat=[-0.01751471 -0.6045635   0.02306026  0.7960305 ] speed=0.0000 ang_speed=0.0015 ang_vel_vec=[0.00150231 0.00020446 0.00026001] |com_force|=0.4905N
### kotek_magnet[tick=16920] sensor4: d=0.5249m in_range=False f_mag=0.000N tau_mag=0.0000Nm misalign_deg=90.0 pos=[-0.10900008  0.10899858  0.4914022 ] bottom_world=[-0.109       0.10899886  0.47140221] quat=[ 3.8268313e-01  8.3397589e-07 -7.2848334e-06  9.2387968e-01] speed=0.0009 ang_speed=0.0017 ang_vel_vec=[-0.00018384 -0.00103371  0.00131296] |com_force|=0.0000N
### kotek_magnet[tick=16980] sensor3: d=0.0149m in_range=True f_mag=0.245N tau_mag=0.0001Nm misalign_deg=15.6 pos=[0.36999813 0.0504011  0.3656782 ] bottom_world=[0.38926432 0.05009038 0.36031934] quat=[-0.01751474 -0.6045635   0.02306029  0.79603046] speed=0.0000 ang_speed=0.0015 ang_vel_vec=[0.00141261 0.00019871 0.00027356] |com_force|=0.4905N
### kotek_magnet[tick=16980] sensor4: d=0.5249m in_range=False f_mag=0.000N tau_mag=0.0000Nm misalign_deg=90.0 pos=[-0.10900012  0.10899857  0.49140227] bottom_world=[-0.10900002  0.10899887  0.47140227] quat=[ 3.8268325e-01  6.2287933e-07 -7.6536635e-06  9.2387974e-01] speed=0.0009 ang_speed=0.0018 ang_vel_vec=[-0.00071049 -0.00026164  0.00163387] |com_force|=0.0000N
### kotek_magnet[tick=17040] sensor3: d=0.0149m in_range=True f_mag=0.245N tau_mag=0.0001Nm misalign_deg=15.6 pos=[0.36999816 0.05040108 0.36567822] bottom_world=[0.38926435 0.05009037 0.36031937] quat=[-0.01751499 -0.6045634   0.02306043  0.7960306 ] speed=0.0001 ang_speed=0.0018 ang_vel_vec=[0.00178323 0.00023161 0.0002082 ] |com_force|=0.4905N
### kotek_magnet[tick=17040] sensor4: d=0.5249m in_range=False f_mag=0.000N tau_mag=0.0000Nm misalign_deg=90.0 pos=[-0.10900011  0.10899858  0.49140224] bottom_world=[-0.10900002  0.10899886  0.47140224] quat=[ 3.8268307e-01  7.0469861e-07 -7.3300598e-06  9.2387974e-01] speed=0.0009 ang_speed=0.0016 ang_vel_vec=[-0.00026225 -0.00083219  0.00130872] |com_force|=0.0000N
### kotek_magnet[tick=17100] sensor3: d=0.0149m in_range=True f_mag=0.245N tau_mag=0.0001Nm misalign_deg=15.6 pos=[0.3699981  0.05040111 0.3656782 ] bottom_world=[0.38926429 0.05009039 0.36031933] quat=[-0.01751478 -0.6045632   0.02306035  0.79603076] speed=0.0000 ang_speed=0.0015 ang_vel_vec=[0.0014712  0.0001945  0.00026708] |com_force|=0.4905N
### kotek_magnet[tick=17100] sensor4: d=0.5249m in_range=False f_mag=0.000N tau_mag=0.0000Nm misalign_deg=90.0 pos=[-0.10900012  0.10899863  0.4914022 ] bottom_world=[-0.10900004  0.10899891  0.47140221] quat=[ 3.8268304e-01  7.8788594e-07 -7.3066903e-06  9.2387974e-01] speed=0.0009 ang_speed=0.0014 ang_vel_vec=[-0.00030519 -0.00071938  0.00121206] |com_force|=0.0000N
### kotek_magnet[tick=17160] sensor3: d=0.0149m in_range=True f_mag=0.245N tau_mag=0.0001Nm misalign_deg=15.6 pos=[0.36999813 0.05040111 0.3656782 ] bottom_world=[0.38926432 0.05009039 0.36031933] quat=[-0.01751467 -0.60456324  0.02306019  0.79603076] speed=0.0001 ang_speed=0.0016 ang_vel_vec=[0.00153483 0.00019676 0.00025195] |com_force|=0.4905N
### kotek_magnet[tick=17160] sensor4: d=0.5249m in_range=False f_mag=0.000N tau_mag=0.0000Nm misalign_deg=90.0 pos=[-0.10900016  0.10899857  0.4914022 ] bottom_world=[-0.10900008  0.10899885  0.47140221] quat=[ 3.8268298e-01  8.1007647e-07 -7.3093161e-06  9.2387980e-01] speed=0.0009 ang_speed=0.0015 ang_vel_vec=[-0.00028826 -0.00075486  0.00122088] |com_force|=0.0000N
### still playing, 1099s left
### kotek_magnet[tick=17220] sensor3: d=0.0149m in_range=True f_mag=0.245N tau_mag=0.0001Nm misalign_deg=15.6 pos=[0.36999816 0.0504011  0.36567822] bottom_world=[0.38926436 0.05009039 0.36031938] quat=[-0.01751467 -0.6045637   0.02306022  0.7960304 ] speed=0.0000 ang_speed=0.0015 ang_vel_vec=[0.00143147 0.00019265 0.00026857] |com_force|=0.4905N
### kotek_magnet[tick=17220] sensor4: d=0.5249m in_range=False f_mag=0.000N tau_mag=0.0000Nm misalign_deg=90.0 pos=[-0.10900029  0.1089994   0.49140212] bottom_world=[-0.10900024  0.10899953  0.47140212] quat=[ 3.8268250e-01  2.0698880e-07 -3.5274952e-06  9.2387986e-01] speed=0.0002 ang_speed=0.0012 ang_vel_vec=[-2.4844550e-05  1.1721045e-03 -3.3771570e-04] |com_force|=0.0000N
### kotek_magnet[tick=17280] sensor3: d=0.0149m in_range=True f_mag=0.245N tau_mag=0.0001Nm misalign_deg=15.6 pos=[0.36999813 0.0504013  0.3656782 ] bottom_world=[0.38926432 0.05009054 0.36031934] quat=[-0.01751261 -0.6045634   0.02306015  0.7960306 ] speed=0.0001 ang_speed=0.0015 ang_vel_vec=[-0.00092712  0.00015346  0.00112352] |com_force|=0.4905N
### kotek_magnet[tick=17280] sensor4: d=0.5249m in_range=False f_mag=0.000N tau_mag=0.0000Nm misalign_deg=90.0 pos=[-0.10900006  0.10900026  0.49140224] bottom_world=[-0.10900027  0.10900012  0.47140224] quat=[3.8268214e-01 3.4304455e-06 5.0396429e-06 9.2388010e-01] speed=0.0011 ang_speed=0.0010 ang_vel_vec=[ 0.00027684 -0.00022317 -0.00089703] |com_force|=0.0000N
### kotek_magnet[tick=17340] sensor3: d=0.0149m in_range=True f_mag=0.245N tau_mag=0.0001Nm misalign_deg=15.6 pos=[0.36999813 0.0504013  0.3656782 ] bottom_world=[0.38926432 0.05009053 0.36031934] quat=[-0.01751259 -0.6045635   0.02306019  0.79603064] speed=0.0001 ang_speed=0.0015 ang_vel_vec=[-0.00097006  0.00016032  0.00111493] |com_force|=0.4905N
### kotek_magnet[tick=17340] sensor4: d=0.5249m in_range=False f_mag=0.000N tau_mag=0.0000Nm misalign_deg=90.0 pos=[-0.10899992  0.10900018  0.49140215] bottom_world=[-0.10900017  0.10900005  0.47140215] quat=[3.8268238e-01 4.3640780e-06 5.5550440e-06 9.2387998e-01] speed=0.0011 ang_speed=0.0025 ang_vel_vec=[ 0.00178709 -0.00170904 -0.0004548 ] |com_force|=0.0000N
### kotek_magnet[tick=17400] sensor3: d=0.0149m in_range=True f_mag=0.245N tau_mag=0.0001Nm misalign_deg=15.6 pos=[0.36999813 0.05040109 0.3656782 ] bottom_world=[0.38926432 0.05009037 0.36031934] quat=[-0.01751482 -0.60456336  0.02306039  0.79603064] speed=0.0000 ang_speed=0.0015 ang_vel_vec=[0.00145514 0.00020703 0.00026616] |com_force|=0.4905N
### kotek_magnet[tick=17400] sensor4: d=0.5249m in_range=False f_mag=0.000N tau_mag=0.0000Nm misalign_deg=90.0 pos=[-0.10900003  0.10900031  0.49140227] bottom_world=[-0.10900024  0.10900017  0.47140227] quat=[3.8268229e-01 3.3498188e-06 5.1141460e-06 9.2388010e-01] speed=0.0011 ang_speed=0.0008 ang_vel_vec=[ 0.0002988  -0.00010211 -0.00071862] |com_force|=0.0000N
### kotek_magnet[tick=17460] sensor3: d=0.0149m in_range=True f_mag=0.245N tau_mag=0.0001Nm misalign_deg=15.6 pos=[0.36999813 0.05040111 0.3656782 ] bottom_world=[0.38926432 0.05009039 0.36031934] quat=[-0.01751475 -0.6045635   0.02306026  0.7960306 ] speed=0.0000 ang_speed=0.0015 ang_vel_vec=[0.00150497 0.00022181 0.00026517] |com_force|=0.4905N
### kotek_magnet[tick=17460] sensor4: d=0.5249m in_range=False f_mag=0.000N tau_mag=0.0000Nm misalign_deg=90.0 pos=[-0.10899993  0.10900018  0.49140224] bottom_world=[-0.10900018  0.10900005  0.47140224] quat=[3.8268229e-01 4.4104668e-06 5.5650166e-06 9.2388004e-01] speed=0.0010 ang_speed=0.0025 ang_vel_vec=[ 0.00182166 -0.00168651 -0.00037269] |com_force|=0.0000N
### kotek_magnet[tick=17520] sensor3: d=0.0149m in_range=True f_mag=0.245N tau_mag=0.0001Nm misalign_deg=15.6 pos=[0.36999816 0.05040111 0.36567822] bottom_world=[0.38926435 0.05009039 0.36031938] quat=[-0.01751467 -0.60456365  0.0230602   0.79603034] speed=0.0000 ang_speed=0.0015 ang_vel_vec=[0.00150273 0.00019745 0.00025789] |com_force|=0.4905N
### kotek_magnet[tick=17520] sensor4: d=0.5249m in_range=False f_mag=0.000N tau_mag=0.0000Nm misalign_deg=90.0 pos=[-0.10900007  0.10900026  0.4914022 ] bottom_world=[-0.10900028  0.10900012  0.47140221] quat=[3.8268211e-01 3.5270405e-06 5.1584730e-06 9.2388010e-01] speed=0.0011 ang_speed=0.0011 ang_vel_vec=[ 0.00045675 -0.00044203 -0.00086497] |com_force|=0.0000N
### kotek_magnet[tick=17580] sensor3: d=0.0149m in_range=True f_mag=0.245N tau_mag=0.0001Nm misalign_deg=15.6 pos=[0.36999813 0.0504011  0.3656782 ] bottom_world=[0.38926432 0.05009038 0.36031933] quat=[-0.01751478 -0.6045632   0.02306034  0.79603064] speed=0.0000 ang_speed=0.0015 ang_vel_vec=[0.00148116 0.00019051 0.00026042] |com_force|=0.4905N
### kotek_magnet[tick=17580] sensor4: d=0.5249m in_range=False f_mag=0.000N tau_mag=0.0000Nm misalign_deg=90.0 pos=[-0.1090001   0.10900027  0.49140224] bottom_world=[-0.10900031  0.10900013  0.47140224] quat=[3.8268220e-01 3.4778732e-06 5.0738822e-06 9.2388004e-01] speed=0.0010 ang_speed=0.0013 ang_vel_vec=[ 0.00067475 -0.0006965  -0.00082216] |com_force|=0.0000N
### kotek_magnet[tick=17640] sensor3: d=0.0149m in_range=True f_mag=0.245N tau_mag=0.0001Nm misalign_deg=15.6 pos=[0.36999813 0.0504011  0.36567822] bottom_world=[0.38926432 0.05009038 0.36031938] quat=[-0.01751475 -0.6045636   0.02306032  0.79603034] speed=0.0000 ang_speed=0.0014 ang_vel_vec=[0.00140735 0.00019484 0.0002724 ] |com_force|=0.4905N
### kotek_magnet[tick=17640] sensor4: d=0.5249m in_range=False f_mag=0.000N tau_mag=0.0000Nm misalign_deg=90.0 pos=[-0.10900034  0.10899964  0.49140227] bottom_world=[-0.10900033  0.10899969  0.47140227] quat=[ 3.8268226e-01  3.8442695e-07 -1.3026815e-06  9.2387998e-01] speed=0.0005 ang_speed=0.0019 ang_vel_vec=[ 0.00154635  0.00076939 -0.0007549 ] |com_force|=0.0000N
### kotek_magnet[tick=17700] sensor3: d=0.0149m in_range=True f_mag=0.245N tau_mag=0.0001Nm misalign_deg=15.6 pos=[0.36999816 0.0504011  0.36567822] bottom_world=[0.38926435 0.05009038 0.36031938] quat=[-0.01751477 -0.60456365  0.02306036  0.7960304 ] speed=0.0000 ang_speed=0.0014 ang_vel_vec=[0.00138574 0.00019067 0.0002788 ] |com_force|=0.4905N
### kotek_magnet[tick=17700] sensor4: d=0.5249m in_range=False f_mag=0.000N tau_mag=0.0000Nm misalign_deg=90.0 pos=[-0.10900034  0.10899964  0.49140224] bottom_world=[-0.10900031  0.1089997   0.47140224] quat=[ 3.8268235e-01  1.3707727e-08 -1.6762633e-06  9.2388004e-01] speed=0.0005 ang_speed=0.0020 ang_vel_vec=[ 0.00146275  0.00121058 -0.00069855] |com_force|=0.0000N
### kotek_magnet[tick=17760] sensor3: d=0.0149m in_range=True f_mag=0.245N tau_mag=0.0001Nm misalign_deg=15.6 pos=[0.3699981  0.0504011  0.36567822] bottom_world=[0.38926429 0.05009038 0.36031936] quat=[-0.01751471 -0.6045632   0.02306021  0.79603076] speed=0.0000 ang_speed=0.0015 ang_vel_vec=[0.00150932 0.00019623 0.00026078] |com_force|=0.4905N
### kotek_magnet[tick=17760] sensor4: d=0.5256m in_range=False f_mag=0.000N tau_mag=0.0000Nm misalign_deg=90.0 pos=[-0.11005998  0.11285045  0.49140385] bottom_world=[-0.11006063  0.11285048  0.47140385] quat=[3.4922677e-01 1.5363294e-05 4.9276073e-06 9.3703824e-01] speed=0.0058 ang_speed=0.0854 ang_vel_vec=[-0.05062584 -0.00078268  0.06874076] |com_force|=0.0000N
### kotek_magnet[tick=17820] sensor3: d=0.0149m in_range=True f_mag=0.245N tau_mag=0.0001Nm misalign_deg=15.6 pos=[0.36999816 0.0504011  0.36567822] bottom_world=[0.38926435 0.05009038 0.36031937] quat=[-0.0175148  -0.60456336  0.02306034  0.7960306 ] speed=0.0000 ang_speed=0.0015 ang_vel_vec=[0.00147666 0.00020831 0.00026224] |com_force|=0.4905N
### kotek_magnet[tick=17820] sensor4: d=0.5271m in_range=False f_mag=0.000N tau_mag=0.0000Nm misalign_deg=90.0 pos=[-0.1114516   0.11120544  0.49135366] bottom_world=[-0.1114509   0.11119713  0.47135366] quat=[ 3.2781273e-01 -8.4877734e-05  1.9066542e-04  9.4474268e-01] speed=0.0757 ang_speed=5.7532 ang_vel_vec=[ 1.1325474 -2.2810626 -5.1587954] |com_force|=0.0000N
### kotek_magnet[tick=17880] sensor3: d=0.0149m in_range=True f_mag=0.245N tau_mag=0.0001Nm misalign_deg=15.6 pos=[0.36999813 0.0504011  0.3656782 ] bottom_world=[0.38926432 0.05009038 0.36031934] quat=[-0.01751476 -0.6045635   0.02306033  0.7960304 ] speed=0.0000 ang_speed=0.0015 ang_vel_vec=[0.0014964  0.0002054  0.00025968] |com_force|=0.4905N
### kotek_magnet[tick=17880] sensor4: d=0.5364m in_range=False f_mag=0.000N tau_mag=0.0000Nm misalign_deg=90.2 pos=[-0.12090696  0.11172291  0.49182925] bottom_world=[-0.12099308  0.11127697  0.4718344 ] quat=[1.02913395e-01 9.94221889e-04 1.13116037e-02 9.94625509e-01] speed=0.0505 ang_speed=3.2939 ang_vel_vec=[-0.3857012  -0.85718536 -3.1569612 ] |com_force|=0.0000N
### kotek_magnet[tick=17940] sensor3: d=0.0149m in_range=True f_mag=0.245N tau_mag=0.0001Nm misalign_deg=15.6 pos=[0.36999813 0.0504011  0.3656782 ] bottom_world=[0.38926432 0.05009038 0.36031934] quat=[-0.01751477 -0.6045635   0.02306025  0.7960305 ] speed=0.0000 ang_speed=0.0015 ang_vel_vec=[0.00146785 0.00020159 0.00026572] |com_force|=0.4905N
### kotek_magnet[tick=17940] sensor4: d=0.5345m in_range=False f_mag=0.000N tau_mag=0.0000Nm misalign_deg=89.7 pos=[-0.11845304  0.10634417  0.49254873] bottom_world=[-0.11833429  0.10585292  0.47255512] quat=[ 0.00109006 -0.00298227  0.0122791   0.9999196 ] speed=0.0740 ang_speed=5.3311 ang_vel_vec=[ 0.14725117 -0.84973466 -5.2608347 ] |com_force|=0.0000N
### kotek_magnet[tick=18000] sensor3: d=0.0149m in_range=True f_mag=0.245N tau_mag=0.0001Nm misalign_deg=15.6 pos=[0.36999813 0.05040108 0.36567825] bottom_world=[0.38926432 0.05009037 0.36031939] quat=[-0.01751494 -0.6045633   0.02306031  0.7960307 ] speed=0.0001 ang_speed=0.0018 ang_vel_vec=[0.00179016 0.00021876 0.00020524] |com_force|=0.4905N
### kotek_magnet[tick=18000] sensor4: d=0.5386m in_range=False f_mag=0.000N tau_mag=0.0000Nm misalign_deg=89.6 pos=[-0.11876307  0.10616752  0.50850964] bottom_world=[-0.11862539  0.10567003  0.4885163 ] quat=[-0.00535075 -0.00337572  0.01245649  0.9999024 ] speed=0.0913 ang_speed=4.5922 ang_vel_vec=[-1.8502107   0.23939523 -4.1961145 ] |com_force|=0.0000N
### kotek_magnet[tick=18060] sensor3: d=0.0149m in_range=True f_mag=0.245N tau_mag=0.0001Nm misalign_deg=15.6 pos=[0.36999813 0.0504013  0.3656782 ] bottom_world=[0.38926432 0.05009053 0.36031934] quat=[-0.01751259 -0.6045635   0.02306018  0.79603064] speed=0.0001 ang_speed=0.0015 ang_vel_vec=[-0.00097008  0.0001603   0.00111494] |com_force|=0.4905N
### kotek_magnet[tick=18060] sensor4: d=0.5447m in_range=False f_mag=0.000N tau_mag=0.0000Nm misalign_deg=89.6 pos=[-0.11863963  0.10698508  0.5310435 ] bottom_world=[-0.11850541  0.1065279   0.51104921] quat=[-0.00436441 -0.00330564  0.011445    0.9999196 ] speed=0.0902 ang_speed=4.6106 ang_vel_vec=[-1.8773686   0.20601273 -4.206003  ] |com_force|=0.0000N
### kotek_magnet[tick=18120] sensor3: d=0.0149m in_range=True f_mag=0.245N tau_mag=0.0001Nm misalign_deg=15.6 pos=[0.36999813 0.0504011  0.3656782 ] bottom_world=[0.38926432 0.05009038 0.36031934] quat=[-0.01751483 -0.6045634   0.02306037  0.7960305 ] speed=0.0000 ang_speed=0.0015 ang_vel_vec=[0.00148308 0.0002212  0.00026896] |com_force|=0.4905N
### kotek_magnet[tick=18120] sensor4: d=0.5523m in_range=False f_mag=0.000N tau_mag=0.0000Nm misalign_deg=89.6 pos=[-0.1185507   0.10784823  0.55567265] bottom_world=[-0.11842516  0.10741893  0.53567765] quat=[-0.00362656 -0.00309983  0.01074434  0.9999309 ] speed=0.0853 ang_speed=4.0898 ang_vel_vec=[-0.6178367  -0.26756597 -4.0339622 ] |com_force|=0.0000N
### kotek_magnet[tick=18180] sensor3: d=0.0149m in_range=True f_mag=0.245N tau_mag=0.0001Nm misalign_deg=15.6 pos=[0.36999816 0.05040109 0.36567822] bottom_world=[0.38926435 0.05009038 0.36031938] quat=[-0.01751473 -0.60456365  0.02306028  0.79603034] speed=0.0000 ang_speed=0.0015 ang_vel_vec=[0.00143345 0.00019522 0.00026782] |com_force|=0.4905N
### kotek_magnet[tick=18180] sensor4: d=0.5602m in_range=False f_mag=0.000N tau_mag=0.0000Nm misalign_deg=89.6 pos=[-0.11845711  0.10861032  0.57826996] bottom_world=[-0.1183345   0.1082339   0.55827388] quat=[-0.00347108 -0.00303273  0.00942136  0.99994504] speed=0.0497 ang_speed=2.7571 ang_vel_vec=[ 0.04644934 -0.1825405  -2.7506227 ] |com_force|=0.0000N
### kotek_magnet[tick=18240] sensor3: d=0.0149m in_range=True f_mag=0.245N tau_mag=0.0001Nm misalign_deg=15.6 pos=[0.36999813 0.05040129 0.36567822] bottom_world=[0.38926432 0.05009052 0.36031937] quat=[-0.01751275 -0.60456336  0.02306027  0.7960307 ] speed=0.0001 ang_speed=0.0014 ang_vel_vec=[-0.00087438  0.00015472  0.00114267] |com_force|=0.4905N
### kotek_magnet[tick=18240] sensor4: d=0.5610m in_range=False f_mag=0.000N tau_mag=0.0000Nm misalign_deg=89.5 pos=[-0.11900657  0.10894117  0.5793118 ] bottom_world=[-0.11883593  0.10827761  0.55932353] quat=[ 4.0629995e-05 -4.2674849e-03  1.6591096e-02  9.9985331e-01] speed=0.0350 ang_speed=2.2011 ang_vel_vec=[-0.36986792 -0.08409707 -2.168176  ] |com_force|=0.0000N
### kotek_magnet[tick=18300] sensor3: d=0.0149m in_range=True f_mag=0.245N tau_mag=0.0001Nm misalign_deg=15.6 pos=[0.36999813 0.05040127 0.36567822] bottom_world=[0.38926432 0.05009051 0.36031937] quat=[-0.01751275 -0.60456336  0.02306026  0.79603064] speed=0.0001 ang_speed=0.0014 ang_vel_vec=[-0.00086213  0.00015196  0.00114503] |com_force|=0.4905N
### kotek_magnet[tick=18300] sensor4: d=0.5601m in_range=False f_mag=0.000N tau_mag=0.0000Nm misalign_deg=90.2 pos=[-0.11916625  0.11962343  0.5774909 ] bottom_world=[-0.11924578  0.11857749  0.55751845] quat=[5.8762938e-02 4.4800309e-04 2.6229311e-02 9.9792719e-01] speed=0.0527 ang_speed=2.5987 ang_vel_vec=[-1.1968979  -0.42225176 -2.267711  ] |com_force|=0.0000N
### kotek_magnet[tick=18360] sensor3: d=0.0149m in_range=True f_mag=0.245N tau_mag=0.0001Nm misalign_deg=15.6 pos=[0.36999813 0.05040109 0.3656782 ] bottom_world=[0.38926432 0.05009037 0.36031934] quat=[-0.01751478 -0.6045634   0.02306032  0.79603046] speed=0.0000 ang_speed=0.0015 ang_vel_vec=[0.0014895  0.00022334 0.00026732] |com_force|=0.4905N
### kotek_magnet[tick=18360] sensor4: d=0.5581m in_range=False f_mag=0.000N tau_mag=0.0000Nm misalign_deg=91.6 pos=[-0.11819597  0.13471812  0.57503927] bottom_world=[-0.1187472   0.13316224  0.5551075 ] quat=[0.14058071 0.00817796 0.04048361 0.98920745] speed=0.0532 ang_speed=2.3584 ang_vel_vec=[-0.67451817 -0.23847249 -2.247261  ] |com_force|=0.0000N
### kotek_magnet[tick=18420] sensor3: d=0.0149m in_range=True f_mag=0.245N tau_mag=0.0001Nm misalign_deg=15.6 pos=[0.3699981  0.0504011  0.36567822] bottom_world=[0.38926429 0.05009038 0.36031935] quat=[-0.01751477 -0.60456306  0.02306027  0.7960309 ] speed=0.0001 ang_speed=0.0017 ang_vel_vec=[0.00162784 0.00022645 0.00024918] |com_force|=0.4905N
### kotek_magnet[tick=18420] sensor4: d=0.5553m in_range=False f_mag=0.000N tau_mag=0.0000Nm misalign_deg=93.3 pos=[-0.11586187  0.14991592  0.5724322 ] bottom_world=[-0.11701922  0.14794568  0.55256318] quat=[0.22280979 0.01723954 0.05456027 0.97318125] speed=0.0569 ang_speed=2.5404 ang_vel_vec=[-1.3291049 -0.0836328 -2.1633797] |com_force|=0.0000N
### kotek_magnet[tick=18480] sensor3: d=0.0149m in_range=True f_mag=0.245N tau_mag=0.0001Nm misalign_deg=15.6 pos=[0.36999813 0.0504011  0.3656782 ] bottom_world=[0.38926432 0.05009038 0.36031934] quat=[-0.01751483 -0.6045634   0.02306043  0.7960305 ] speed=0.0000 ang_speed=0.0015 ang_vel_vec=[0.00148841 0.00021931 0.00026953] |com_force|=0.4905N
### kotek_magnet[tick=18480] sensor4: d=0.5517m in_range=False f_mag=0.000N tau_mag=0.0000Nm misalign_deg=95.4 pos=[-0.1121183   0.1648384   0.56971353] bottom_world=[-0.11400713  0.16253688  0.54993639] quat=[0.30258843 0.02761243 0.06934731 0.95019406] speed=0.0612 ang_speed=2.3893 ang_vel_vec=[-0.6148461  -0.22814289 -2.2975225 ] |com_force|=0.0000N
### kotek_magnet[tick=18540] sensor3: d=0.0149m in_range=True f_mag=0.245N tau_mag=0.0001Nm misalign_deg=15.6 pos=[0.36999813 0.0504011  0.3656782 ] bottom_world=[0.38926432 0.05009038 0.36031934] quat=[-0.01751475 -0.60456353  0.02306025  0.79603046] speed=0.0000 ang_speed=0.0015 ang_vel_vec=[0.00149204 0.00020265 0.00026081] |com_force|=0.4905N
### kotek_magnet[tick=18540] sensor4: d=0.5472m in_range=False f_mag=0.000N tau_mag=0.0000Nm misalign_deg=97.8 pos=[-0.10703591  0.17948343  0.5668348 ] bottom_world=[-0.10974252  0.17700442  0.54717447] quat=[0.380776   0.03898871 0.08349558 0.92006415] speed=0.0643 ang_speed=2.5749 ang_vel_vec=[-1.4003357   0.30096784 -2.1397524 ] |com_force|=0.0000N
### kotek_magnet[tick=18600] sensor3: d=0.0149m in_range=True f_mag=0.245N tau_mag=0.0001Nm misalign_deg=15.6 pos=[0.36999813 0.0504011  0.3656782 ] bottom_world=[0.38926432 0.05009039 0.36031934] quat=[-0.0175148  -0.60456336  0.02306028  0.7960305 ] speed=0.0001 ang_speed=0.0016 ang_vel_vec=[0.00157104 0.00022682 0.00025469] |com_force|=0.4905N
### kotek_magnet[tick=18600] sensor4: d=0.5420m in_range=False f_mag=0.000N tau_mag=0.0000Nm misalign_deg=100.4 pos=[-0.10066994  0.19361961  0.56383485] bottom_world=[-0.10428276  0.19109716  0.54432626] quat=[0.4554013  0.05170239 0.0980422  0.8833596 ] speed=0.0635 ang_speed=2.3564 ang_vel_vec=[-0.75710976  0.12064959 -2.2281513 ] |com_force|=0.0000N
### kotek_magnet[tick=18660] sensor3: d=0.0149m in_range=True f_mag=0.245N tau_mag=0.0001Nm misalign_deg=15.6 pos=[0.3699981  0.05040108 0.36567816] bottom_world=[0.3892643  0.05009036 0.36031932] quat=[-0.01751502 -0.60456365  0.02306064  0.7960304 ] speed=0.0001 ang_speed=0.0020 ang_vel_vec=[0.00193239 0.00019882 0.0002649 ] |com_force|=0.4905N
### kotek_magnet[tick=18660] sensor4: d=0.5357m in_range=False f_mag=0.000N tau_mag=0.0000Nm misalign_deg=103.2 pos=[-0.09283357  0.20747368  0.5605906 ] bottom_world=[-0.09739244  0.20510136  0.54126218] quat=[0.528333   0.06539634 0.11185797 0.83909196] speed=0.0731 ang_speed=2.7722 ang_vel_vec=[-1.4561477  0.669516  -2.2620227] |com_force|=0.0000N
### kotek_magnet[tick=18720] sensor3: d=0.0149m in_range=True f_mag=0.245N tau_mag=0.0001Nm misalign_deg=15.6 pos=[0.36999813 0.05040108 0.36567825] bottom_world=[0.38926432 0.05009036 0.36031939] quat=[-0.01751498 -0.60456324  0.02306032  0.79603064] speed=0.0001 ang_speed=0.0019 ang_vel_vec=[0.00188131 0.00022356 0.00019331] |com_force|=0.4905N
### kotek_magnet[tick=18720] sensor4: d=0.5288m in_range=False f_mag=0.000N tau_mag=0.0000Nm misalign_deg=106.0 pos=[-0.08394801  0.22038977  0.55726933] bottom_world=[-0.08946852  0.21833207  0.53815678] quat=[0.59546214 0.08009984 0.12557903 0.7894547 ] speed=0.0689 ang_speed=2.4516 ang_vel_vec=[-0.8164516   0.37101465 -2.2816844 ] |com_force|=0.0000N
### kotek_magnet[tick=18780] sensor3: d=0.0149m in_range=True f_mag=0.245N tau_mag=0.0001Nm misalign_deg=15.6 pos=[0.3699981  0.05040111 0.3656782 ] bottom_world=[0.38926429 0.05009039 0.36031933] quat=[-0.0175148  -0.6045632   0.02306036  0.79603076] speed=0.0000 ang_speed=0.0015 ang_vel_vec=[0.00146837 0.00019436 0.00026758] |com_force|=0.4905N
### kotek_magnet[tick=18780] sensor4: d=0.5210m in_range=False f_mag=0.000N tau_mag=0.0000Nm misalign_deg=108.8 pos=[-0.07383829  0.23265037  0.55374324] bottom_world=[-0.0802743   0.23111733  0.53486925] quat=[0.65881324 0.09543428 0.1379945  0.73335874] speed=0.0757 ang_speed=2.5994 ang_vel_vec=[-1.2029008  1.0238535 -2.0643432] |com_force|=0.0000N
### kotek_magnet[tick=18840] sensor3: d=0.0149m in_range=True f_mag=0.245N tau_mag=0.0001Nm misalign_deg=15.6 pos=[0.36999813 0.0504011  0.3656782 ] bottom_world=[0.38926432 0.05009039 0.36031934] quat=[-0.01751471 -0.6045635   0.02306026  0.7960306 ] speed=0.0000 ang_speed=0.0015 ang_vel_vec=[0.00143507 0.00020067 0.00027037] |com_force|=0.4905N
### kotek_magnet[tick=18840] sensor4: d=0.5124m in_range=False f_mag=0.000N tau_mag=0.0000Nm misalign_deg=111.4 pos=[-0.06272059  0.24398799  0.5501105 ] bottom_world=[-0.07002876  0.24315963  0.53151201] quat=[0.7164755  0.11186492 0.1500786  0.6720309 ] speed=0.0693 ang_speed=2.4486 ang_vel_vec=[-0.7250883  0.6897651 -2.234784 ] |com_force|=0.0000N
### still playing, 1069s left
### kotek_magnet[tick=18900] sensor3: d=0.0149m in_range=True f_mag=0.245N tau_mag=0.0001Nm misalign_deg=15.6 pos=[0.36999813 0.0504011  0.36567822] bottom_world=[0.38926432 0.05009038 0.36031938] quat=[-0.01751473 -0.60456365  0.02306026  0.79603034] speed=0.0000 ang_speed=0.0015 ang_vel_vec=[0.00144071 0.00019579 0.00026722] |com_force|=0.4905N
### kotek_magnet[tick=18900] sensor4: d=0.5029m in_range=False f_mag=0.000N tau_mag=0.0000Nm misalign_deg=113.8 pos=[-0.05059997  0.25436583  0.546302  ] bottom_world=[-0.05866086  0.25442353  0.5279985 ] quat=[0.76852924 0.12863952 0.16082282 0.6057646 ] speed=0.0807 ang_speed=2.6774 ang_vel_vec=[-0.8116661  1.3736676 -2.1500986] |com_force|=0.0000N
### kotek_magnet[tick=18960] sensor3: d=0.0149m in_range=True f_mag=0.245N tau_mag=0.0001Nm misalign_deg=15.6 pos=[0.36999813 0.05040111 0.36567822] bottom_world=[0.38926433 0.05009039 0.36031938] quat=[-0.01751464 -0.6045637   0.02306011  0.7960304 ] speed=0.0000 ang_speed=0.0015 ang_vel_vec=[0.00150064 0.00019675 0.0002581 ] |com_force|=0.4905N
### kotek_magnet[tick=18960] sensor4: d=0.4927m in_range=False f_mag=0.000N tau_mag=0.0000Nm misalign_deg=115.8 pos=[-0.03757742  0.2637404   0.542379  ] bottom_world=[-0.04627546  0.26485581  0.52440404] quat=[0.81427526 0.14647979 0.17078975 0.53509855] speed=0.0735 ang_speed=2.4618 ang_vel_vec=[-0.6144913  0.8344019 -2.2331092] |com_force|=0.0000N
### kotek_magnet[tick=19020] sensor3: d=0.0149m in_range=True f_mag=0.245N tau_mag=0.0001Nm misalign_deg=15.6 pos=[0.36999813 0.0504011  0.36567816] bottom_world=[0.38926432 0.05009039 0.36031931] quat=[-0.01751475 -0.6045635   0.02306028  0.7960305 ] speed=0.0000 ang_speed=0.0015 ang_vel_vec=[0.00145027 0.00020089 0.00026791] |com_force|=0.4905N
### kotek_magnet[tick=19020] sensor4: d=0.4816m in_range=False f_mag=0.000N tau_mag=0.0000Nm misalign_deg=117.3 pos=[-0.0236912  0.2721293  0.538284 ] bottom_world=[-0.03285497  0.27445924  0.52066025] quat=[0.85390586 0.16487677 0.17950444 0.45982462] speed=0.0790 ang_speed=2.4079 ang_vel_vec=[-0.54771334  0.7443499  -2.2234986 ] |com_force|=0.0000N
### kotek_magnet[tick=19080] sensor3: d=0.0149m in_range=True f_mag=0.245N tau_mag=0.0001Nm misalign_deg=15.6 pos=[0.36999813 0.0504011  0.36567816] bottom_world=[0.38926432 0.05009038 0.36031931] quat=[-0.01751471 -0.6045635   0.02306028  0.7960306 ] speed=0.0000 ang_speed=0.0015 ang_vel_vec=[0.00143588 0.00019879 0.00027111] |com_force|=0.4905N
### kotek_magnet[tick=19080] sensor4: d=0.4698m in_range=False f_mag=0.000N tau_mag=0.0000Nm misalign_deg=118.1 pos=[-0.00911279  0.27937475  0.5340651 ] bottom_world=[-0.0185265   0.28303044  0.51680193] quat=[0.8866927  0.18330437 0.18660022 0.38125595] speed=0.0888 ang_speed=2.6104 ang_vel_vec=[-0.41421688  1.5776784  -2.038075  ] |com_force|=0.0000N
### kotek_magnet[tick=19140] sensor3: d=0.0149m in_range=True f_mag=0.245N tau_mag=0.0001Nm misalign_deg=15.6 pos=[0.36999813 0.05040111 0.3656782 ] bottom_world=[0.38926432 0.05009039 0.36031933] quat=[-0.01751469 -0.6045632   0.02306021  0.7960307 ] speed=0.0000 ang_speed=0.0015 ang_vel_vec=[0.00150416 0.00019446 0.00025713] |com_force|=0.4905N
### kotek_magnet[tick=19140] sensor4: d=0.4571m in_range=False f_mag=0.000N tau_mag=0.0000Nm misalign_deg=118.2 pos=[0.00611086 0.28542212 0.52977806] bottom_world=[-0.00334706  0.29049919  0.51290291] quat=[0.9119446  0.20260541 0.1925413  0.3003928 ] speed=0.0786 ang_speed=2.3916 ang_vel_vec=[-0.40062773  0.9746825  -2.1469398 ] |com_force|=0.0000N
### kotek_magnet[tick=19200] sensor3: d=0.0149m in_range=True f_mag=0.245N tau_mag=0.0001Nm misalign_deg=15.6 pos=[0.3699981  0.05040111 0.3656782 ] bottom_world=[0.38926429 0.05009039 0.36031933] quat=[-0.0175147  -0.6045632   0.02306027  0.7960308 ] speed=0.0000 ang_speed=0.0015 ang_vel_vec=[0.00145201 0.00019041 0.00026854] |com_force|=0.4905N
### kotek_magnet[tick=19200] sensor4: d=0.4437m in_range=False f_mag=0.000N tau_mag=0.0000Nm misalign_deg=117.5 pos=[0.02188138 0.29029378 0.5253711 ] bottom_world=[0.01263992 0.29683163 0.50888314] quat=[0.930073   0.22165233 0.19665158 0.21716963] speed=0.0887 ang_speed=2.6110 ang_vel_vec=[ 0.03997117  1.658747   -2.0160675 ] |com_force|=0.0000N
### kotek_magnet[tick=19260] sensor3: d=0.0149m in_range=True f_mag=0.245N tau_mag=0.0001Nm misalign_deg=15.6 pos=[0.36999813 0.0504011  0.3656782 ] bottom_world=[0.38926432 0.05009038 0.36031933] quat=[-0.01751481 -0.6045633   0.02306035  0.7960306 ] speed=0.0000 ang_speed=0.0015 ang_vel_vec=[0.00148293 0.00020574 0.00026176] |com_force|=0.4905N
### kotek_magnet[tick=19260] sensor4: d=0.4294m in_range=False f_mag=0.000N tau_mag=0.0000Nm misalign_deg=116.0 pos=[0.03818233 0.293996   0.5208655 ] bottom_world=[0.02940166 0.30203567 0.50479492] quat=[0.94038665 0.24174523 0.19948602 0.13205111] speed=0.0755 ang_speed=2.3244 ang_vel_vec=[-0.12040749  0.9885091  -2.1002326 ] |com_force|=0.0000N
### kotek_magnet[tick=19320] sensor3: d=0.0149m in_range=True f_mag=0.245N tau_mag=0.0001Nm misalign_deg=15.6 pos=[0.36999813 0.0504011  0.36567822] bottom_world=[0.38926432 0.05009038 0.36031937] quat=[-0.01751479 -0.60456336  0.02306041  0.7960306 ] speed=0.0000 ang_speed=0.0015 ang_vel_vec=[0.0014687  0.00020738 0.00026399] |com_force|=0.4905N
### kotek_magnet[tick=19320] sensor4: d=0.4146m in_range=False f_mag=0.000N tau_mag=0.0000Nm misalign_deg=113.8 pos=[0.05456184 0.2963374  0.5163226 ] bottom_world=[0.04649992 0.3057826  0.50064481] quat=[0.9431928  0.2606105  0.20034216 0.0482965 ] speed=0.0908 ang_speed=2.6723 ang_vel_vec=[ 0.5525842  1.5330833 -2.1178644] |com_force|=0.0000N
### kotek_magnet[tick=19380] sensor3: d=0.0149m in_range=True f_mag=0.245N tau_mag=0.0001Nm misalign_deg=15.6 pos=[0.36999813 0.05040108 0.36567825] bottom_world=[0.38926432 0.05009037 0.36031939] quat=[-0.017515   -0.6045633   0.02306038  0.7960307 ] speed=0.0001 ang_speed=0.0019 ang_vel_vec=[0.00182823 0.00021891 0.00020001] |com_force|=0.4905N
### kotek_magnet[tick=19380] sensor4: d=0.3990m in_range=False f_mag=0.000N tau_mag=0.0000Nm misalign_deg=110.7 pos=[0.07139598 0.29750383 0.51174825] bottom_world=[0.06431321 0.30832125 0.49648988] quat=[ 0.9381547   0.2805176   0.19962607 -0.03640065] speed=0.0761 ang_speed=2.4182 ang_vel_vec=[ 0.12442523  1.1394466  -2.1293185 ] |com_force|=0.0000N
### kotek_magnet[tick=19440] sensor3: d=0.0149m in_range=True f_mag=0.245N tau_mag=0.0001Nm misalign_deg=15.6 pos=[0.36999813 0.0504011  0.36567816] bottom_world=[0.38926432 0.05009038 0.36031931] quat=[-0.0175147  -0.6045635   0.0230602   0.79603046] speed=0.0000 ang_speed=0.0015 ang_vel_vec=[0.00150991 0.00020489 0.00025794] |com_force|=0.4905N
### kotek_magnet[tick=19440] sensor4: d=0.3826m in_range=False f_mag=0.000N tau_mag=0.0000Nm misalign_deg=106.9 pos=[0.08844725 0.29744217 0.50710356] bottom_world=[0.08261969 0.30952625 0.49227067] quat=[ 0.925279    0.30072293  0.19683373 -0.12116495] speed=0.0686 ang_speed=2.6708 ang_vel_vec=[-1.5705802  1.8071562 -1.1834161] |com_force|=0.0000N
### kotek_magnet[tick=19500] sensor3: d=0.0149m in_range=True f_mag=0.245N tau_mag=0.0001Nm misalign_deg=15.6 pos=[0.36999813 0.0504011  0.3656782 ] bottom_world=[0.38926432 0.05009038 0.36031934] quat=[-0.01751477 -0.6045634   0.02306031  0.79603046] speed=0.0000 ang_speed=0.0015 ang_vel_vec=[0.00149822 0.00020277 0.000263  ] |com_force|=0.4905N
### kotek_magnet[tick=19500] sensor4: d=0.3655m in_range=False f_mag=0.000N tau_mag=0.0000Nm misalign_deg=102.7 pos=[0.10565239 0.29599944 0.50245315] bottom_world=[0.10125303 0.30911802 0.48801194] quat=[ 0.9054682   0.31897658  0.19293451 -0.20287353] speed=0.0853 ang_speed=2.8842 ang_vel_vec=[ 1.0538461  1.3880932 -2.298066 ] |com_force|=0.0000N
### kotek_magnet[tick=19560] sensor3: d=0.0149m in_range=True f_mag=0.245N tau_mag=0.0001Nm misalign_deg=15.6 pos=[0.36999816 0.0504011  0.36567822] bottom_world=[0.38926436 0.05009038 0.36031938] quat=[-0.01751473 -0.6045637   0.02306033  0.7960304 ] speed=0.0000 ang_speed=0.0015 ang_vel_vec=[0.0014304  0.00019087 0.00026844] |com_force|=0.4905N
### kotek_magnet[tick=19560] sensor4: d=0.3480m in_range=False f_mag=0.000N tau_mag=0.0000Nm misalign_deg=97.9 pos=[0.12268396 0.29338682 0.49783376] bottom_world=[0.11993067 0.30737179 0.48380379] quat=[ 0.87813646  0.33804896  0.18701284 -0.28218013] speed=0.0760 ang_speed=2.3356 ang_vel_vec=[ 0.5756376  1.2870896 -1.8619449] |com_force|=0.0000N
### kotek_magnet[tick=19620] sensor3: d=0.0149m in_range=True f_mag=0.245N tau_mag=0.0001Nm misalign_deg=15.6 pos=[0.3699981  0.05040105 0.36567822] bottom_world=[0.3892643  0.05009034 0.3603194 ] quat=[-0.01751507 -0.60456395  0.02306059  0.79603016] speed=0.0001 ang_speed=0.0025 ang_vel_vec=[0.00250051 0.00012582 0.00015224] |com_force|=0.4905N
### kotek_magnet[tick=19620] sensor4: d=0.3302m in_range=False f_mag=0.000N tau_mag=0.0000Nm misalign_deg=92.8 pos=[0.13939147 0.289658   0.49324846] bottom_world=[0.13841988 0.30425961 0.47961581] quat=[ 0.8442147  0.3561752  0.1797854 -0.3579359] speed=0.0903 ang_speed=3.5534 ang_vel_vec=[ 1.6339428  1.224685  -2.9080842] |com_force|=0.0000N
### kotek_magnet[tick=19680] sensor3: d=0.0149m in_range=True f_mag=0.245N tau_mag=0.0001Nm misalign_deg=15.6 pos=[0.36999813 0.05040111 0.36567822] bottom_world=[0.38926433 0.05009039 0.36031938] quat=[-0.01751464 -0.6045637   0.0230601   0.7960304 ] speed=0.0000 ang_speed=0.0015 ang_vel_vec=[0.00149782 0.00019662 0.00025855] |com_force|=0.4905N
### kotek_magnet[tick=19680] sensor4: d=0.3115m in_range=False f_mag=0.000N tau_mag=0.0000Nm misalign_deg=87.2 pos=[0.15623538 0.284564   0.4887167 ] bottom_world=[0.15720154 0.29953726 0.47549294] quat=[ 0.8033325   0.37456214  0.1706149  -0.4304075 ] speed=0.0742 ang_speed=2.9508 ang_vel_vec=[ 0.986302   1.3419534 -2.4359288] |com_force|=0.0000N
### kotek_magnet[tick=19740] sensor3: d=0.0149m in_range=True f_mag=0.245N tau_mag=0.0001Nm misalign_deg=15.6 pos=[0.36999813 0.0504011  0.36567816] bottom_world=[0.38926432 0.05009038 0.36031931] quat=[-0.01751483 -0.6045635   0.02306039  0.7960305 ] speed=0.0000 ang_speed=0.0015 ang_vel_vec=[0.0014433  0.00019967 0.00026871] |com_force|=0.4905N
### kotek_magnet[tick=19740] sensor4: d=0.2926m in_range=False f_mag=0.000N tau_mag=0.0000Nm misalign_deg=81.5 pos=[0.17275225 0.27833718 0.4842346 ] bottom_world=[0.17571339 0.29339095 0.47140434] quat=[ 0.7563815   0.39180148  0.16042162 -0.49864176] speed=0.0836 ang_speed=3.3967 ang_vel_vec=[ 1.8798133   0.80250365 -2.712962  ] |com_force|=0.0000N
### kotek_magnet[tick=19800] sensor3: d=0.0149m in_range=True f_mag=0.245N tau_mag=0.0001Nm misalign_deg=15.6 pos=[0.36999813 0.0504011  0.3656782 ] bottom_world=[0.38926432 0.05009038 0.36031934] quat=[-0.01751477 -0.60456353  0.02306026  0.7960304 ] speed=0.0000 ang_speed=0.0015 ang_vel_vec=[0.00150685 0.00020275 0.00025784] |com_force|=0.4905N
### kotek_magnet[tick=19800] sensor4: d=0.2731m in_range=False f_mag=0.000N tau_mag=0.0000Nm misalign_deg=75.4 pos=[0.18907431 0.27085686 0.4798302 ] bottom_world=[0.19410094 0.28570612 0.46741117] quat=[ 0.70318556  0.40924948  0.1484551  -0.5621441 ] speed=0.0701 ang_speed=2.4788 ang_vel_vec=[ 0.9473959  1.2586045 -1.913788 ] |com_force|=0.0000N
### kotek_magnet[tick=19860] sensor3: d=0.0149m in_range=True f_mag=0.245N tau_mag=0.0001Nm misalign_deg=15.6 pos=[0.3699981  0.05040102 0.36567816] bottom_world=[0.38926429 0.05009031 0.36031932] quat=[-0.01751557 -0.60456353  0.02306089  0.79603034] speed=0.0001 ang_speed=0.0036 ang_vel_vec=[ 3.5914700e-03  2.8103462e-04 -6.9789239e-05] |com_force|=0.4905N
### kotek_magnet[tick=19860] sensor4: d=0.2536m in_range=False f_mag=0.000N tau_mag=0.0000Nm misalign_deg=69.4 pos=[0.20486921 0.26233616 0.47561514] bottom_world=[0.21190695 0.27668645 0.46359268] quat=[ 0.64525336  0.42538518  0.13596238 -0.6198466 ] speed=0.0788 ang_speed=3.0121 ang_vel_vec=[ 1.718736   0.4187202 -2.4379168] |com_force|=0.0000N
### kotek_magnet[tick=19920] sensor3: d=0.0149m in_range=True f_mag=0.245N tau_mag=0.0001Nm misalign_deg=15.6 pos=[0.3699981  0.05040102 0.36567816] bottom_world=[0.38926429 0.05009031 0.36031932] quat=[-0.01751557 -0.60456353  0.02306088  0.7960303 ] speed=0.0001 ang_speed=0.0036 ang_vel_vec=[ 3.5650171e-03  2.8008217e-04 -6.4003631e-05] |com_force|=0.4905N
### kotek_magnet[tick=19920] sensor4: d=0.2339m in_range=False f_mag=0.000N tau_mag=0.0000Nm misalign_deg=63.2 pos=[0.22031575 0.2526096  0.4715436 ] bottom_world=[0.22934216 0.26616679 0.45993642] quat=[ 0.5822349   0.4415613   0.12183558 -0.671701  ] speed=0.0702 ang_speed=2.5090 ang_vel_vec=[ 1.2905003   0.79334867 -2.0000827 ] |com_force|=0.0000N
### kotek_magnet[tick=19980] sensor3: d=0.0149m in_range=True f_mag=0.245N tau_mag=0.0001Nm misalign_deg=15.6 pos=[0.36999813 0.0504011  0.36567816] bottom_world=[0.38926432 0.05009038 0.36031931] quat=[-0.01751479 -0.6045635   0.02306031  0.79603046] speed=0.0000 ang_speed=0.0015 ang_vel_vec=[0.00148041 0.00020268 0.0002629 ] |com_force|=0.4905N
### kotek_magnet[tick=19980] sensor4: d=0.2142m in_range=False f_mag=0.000N tau_mag=0.0000Nm misalign_deg=57.0 pos=[0.23527658 0.24178316 0.46763137] bottom_world=[0.24617002 0.25427154 0.45643435] quat=[ 0.5149136  0.4566575  0.1074169 -0.7174884] speed=0.0776 ang_speed=3.4532 ang_vel_vec=[ 1.8769388   0.21586496 -2.890531  ] |com_force|=0.0000N
### kotek_magnet[tick=20040] sensor3: d=0.0149m in_range=True f_mag=0.245N tau_mag=0.0001Nm misalign_deg=15.6 pos=[0.36999807 0.05040102 0.36567816] bottom_world=[0.38926426 0.0500903  0.3603193 ] quat=[-0.01751559 -0.60456324  0.0230609   0.7960307 ] speed=0.0001 ang_speed=0.0036 ang_vel_vec=[ 3.5965818e-03  2.8795598e-04 -6.9323927e-05] |com_force|=0.4905N
### kotek_magnet[tick=20040] sensor4: d=0.1944m in_range=False f_mag=0.000N tau_mag=0.0000Nm misalign_deg=50.8 pos=[0.24981968 0.22971593 0.463892  ] bottom_world=[0.26247123 0.24085049 0.45312355] quat=[ 0.443406    0.4716072   0.09151598 -0.75670505] speed=0.0767 ang_speed=2.5966 ang_vel_vec=[ 1.438387   0.6656279 -2.0567532] |com_force|=0.0000N
### kotek_magnet[tick=20100] sensor3: d=0.0149m in_range=True f_mag=0.245N tau_mag=0.0001Nm misalign_deg=15.6 pos=[0.36999813 0.0504011  0.36567816] bottom_world=[0.38926432 0.05009039 0.3603193 ] quat=[-0.01751475 -0.6045633   0.0230603   0.7960307 ] speed=0.0000 ang_speed=0.0015 ang_vel_vec=[0.00149248 0.00020749 0.00026636] |com_force|=0.4905N
### kotek_magnet[tick=20100] sensor4: d=0.1756m in_range=False f_mag=0.000N tau_mag=0.0000Nm misalign_deg=44.8 pos=[0.26349235 0.21684928 0.46045572] bottom_world=[0.27768142 0.22642513 0.45011292] quat=[ 0.36992905  0.48546538  0.07585144 -0.7884939 ] speed=0.0743 ang_speed=3.5330 ang_vel_vec=[ 1.9405913   0.18289596 -2.9466057 ] |com_force|=0.0000N
### kotek_magnet[tick=20160] sensor3: d=0.0149m in_range=True f_mag=0.245N tau_mag=0.0001Nm misalign_deg=15.6 pos=[0.36999813 0.0504011  0.3656782 ] bottom_world=[0.38926432 0.05009038 0.36031934] quat=[-0.01751474 -0.6045635   0.0230603   0.7960305 ] speed=0.0000 ang_speed=0.0015 ang_vel_vec=[0.00142509 0.00019913 0.00027147] |com_force|=0.4905N
### kotek_magnet[tick=20160] sensor4: d=0.1577m in_range=False f_mag=0.000N tau_mag=0.0000Nm misalign_deg=39.2 pos=[0.27638566 0.20302851 0.45732063] bottom_world=[0.29188819 0.21086041 0.44740431] quat=[ 0.29521042  0.49851054  0.0598272  -0.8128708 ] speed=0.0748 ang_speed=3.4807 ang_vel_vec=[ 1.9300805  -0.09703493 -2.8949916 ] |com_force|=0.0000N
### kotek_magnet[tick=20220] sensor3: d=0.0149m in_range=True f_mag=0.245N tau_mag=0.0001Nm misalign_deg=15.6 pos=[0.36999813 0.0504011  0.36567816] bottom_world=[0.38926432 0.05009038 0.36031931] quat=[-0.01751476 -0.6045635   0.02306031  0.7960304 ] speed=0.0000 ang_speed=0.0015 ang_vel_vec=[0.00143726 0.00020144 0.00026684] |com_force|=0.4905N
### kotek_magnet[tick=20220] sensor4: d=0.1412m in_range=False f_mag=0.000N tau_mag=0.0000Nm misalign_deg=33.9 pos=[0.28864363 0.18811463 0.45440587] bottom_world=[0.3052393  0.19400978 0.44492796] quat=[ 0.21798232  0.5110525   0.0433308  -0.83032006] speed=0.0788 ang_speed=2.6090 ang_vel_vec=[ 1.7554374  -0.03382722 -1.9297919 ] |com_force|=0.0000N
### kotek_magnet[tick=20280] sensor3: d=0.0149m in_range=True f_mag=0.245N tau_mag=0.0001Nm misalign_deg=15.6 pos=[0.36999816 0.05040129 0.3656782 ] bottom_world=[0.38926434 0.05009052 0.36031932] quat=[-0.01751274 -0.6045631   0.02306026  0.79603076] speed=0.0001 ang_speed=0.0014 ang_vel_vec=[-0.00087452  0.00015849  0.00114139] |com_force|=0.4905N
### kotek_magnet[tick=20280] sensor4: d=0.1270m in_range=False f_mag=0.000N tau_mag=0.0000Nm misalign_deg=29.4 pos=[0.29993278 0.17247184 0.4518626 ] bottom_world=[0.31735157 0.17633619 0.44282643] quat=[ 0.1408682   0.52282804  0.02732322 -0.8402741 ] speed=0.0825 ang_speed=2.6119 ang_vel_vec=[ 1.8071505  -0.22447917 -1.8723221 ] |com_force|=0.0000N
### kotek_magnet[tick=20340] sensor3: d=0.0149m in_range=True f_mag=0.245N tau_mag=0.0001Nm misalign_deg=15.6 pos=[0.36999804 0.05040102 0.36567816] bottom_world=[0.38926423 0.0500903  0.3603193 ] quat=[-0.01751556 -0.6045631   0.02306092  0.7960307 ] speed=0.0001 ang_speed=0.0035 ang_vel_vec=[ 3.5125185e-03  2.7568705e-04 -5.2132236e-05] |com_force|=0.4905N
### kotek_magnet[tick=20340] sensor4: d=0.1161m in_range=False f_mag=0.000N tau_mag=0.0000Nm misalign_deg=26.0 pos=[0.31033692 0.1559658  0.44964463] bottom_world=[0.32831323 0.15770713 0.44105276] quat=[ 0.0634016   0.5339208   0.01148371 -0.843076  ] speed=0.0797 ang_speed=2.6311 ang_vel_vec=[ 2.1098824  -0.66094375 -1.4261777 ] |com_force|=0.0000N
### kotek_magnet[tick=20400] sensor3: d=0.0149m in_range=True f_mag=0.245N tau_mag=0.0001Nm misalign_deg=15.6 pos=[0.36999813 0.05040107 0.36567825] bottom_world=[0.38926432 0.05009036 0.36031939] quat=[-0.01751501 -0.6045633   0.02306035  0.79603064] speed=0.0001 ang_speed=0.0019 ang_vel_vec=[0.0018858  0.0002216  0.00019063] |com_force|=0.4905N
### kotek_magnet[tick=20400] sensor4: d=0.1115m in_range=False f_mag=0.000N tau_mag=0.0000Nm misalign_deg=24.6 pos=[0.31636578 0.14523211 0.44843265] bottom_world=[0.33455699 0.1456251  0.44013051] quat=[ 0.01490891  0.54077905  0.00209549 -0.84103   ] speed=0.0744 ang_speed=2.2601 ang_vel_vec=[ 1.6460354 -0.3135981 -1.5166094] |com_force|=0.0000N
### kotek_magnet[tick=20460] sensor3: d=0.0149m in_range=True f_mag=0.245N tau_mag=0.0001Nm misalign_deg=15.6 pos=[0.36999813 0.05040111 0.3656782 ] bottom_world=[0.38926432 0.05009039 0.36031934] quat=[-0.01751475 -0.60456336  0.02306026  0.7960305 ] speed=0.0000 ang_speed=0.0016 ang_vel_vec=[0.00151727 0.00022551 0.00026425] |com_force|=0.4905N
### kotek_magnet[tick=20460] sensor4: d=0.1075m in_range=False f_mag=0.000N tau_mag=0.0000Nm misalign_deg=25.1 pos=[0.3134179  0.15053748 0.44134304] bottom_world=[0.33152429 0.15117401 0.43287227] quat=[ 0.0241501   0.5368599   0.00349595 -0.8433185 ] speed=0.0588 ang_speed=2.4246 ang_vel_vec=[ 2.1365693 -0.6191757 -0.9645742] |com_force|=0.0000N
### kotek_magnet[tick=20520] sensor3: d=0.0149m in_range=True f_mag=0.245N tau_mag=0.0001Nm misalign_deg=15.6 pos=[0.36999813 0.0504011  0.3656782 ] bottom_world=[0.38926432 0.05009038 0.36031934] quat=[-0.01751475 -0.60456353  0.02306026  0.7960304 ] speed=0.0000 ang_speed=0.0015 ang_vel_vec=[0.00149449 0.00020192 0.00025988] |com_force|=0.4905N
### kotek_magnet[tick=20520] sensor4: d=0.0866m in_range=True f_mag=1.723N tau_mag=0.0017Nm misalign_deg=25.0 pos=[0.32442093 0.1536505  0.42303678] bottom_world=[0.34254981 0.154185   0.41460718] quat=[ 0.02082916  0.53782284  0.00256293 -0.84279674] speed=0.0757 ang_speed=3.1092 ang_vel_vec=[ 2.9168112  -0.20353824 -1.0572534 ] |com_force|=0.4117N
### still playing, 1039s left
### kotek_magnet[tick=20580] sensor3: d=0.0149m in_range=True f_mag=0.245N tau_mag=0.0001Nm misalign_deg=15.6 pos=[0.36999813 0.0504011  0.3656782 ] bottom_world=[0.38926432 0.05009038 0.36031935] quat=[-0.01751471 -0.60456365  0.02306037  0.7960304 ] speed=0.0000 ang_speed=0.0014 ang_vel_vec=[0.00132664 0.00019219 0.00028591] |com_force|=0.4905N
### kotek_magnet[tick=20580] sensor4: d=0.0628m in_range=True f_mag=1.234N tau_mag=0.0012Nm misalign_deg=24.6 pos=[0.33850455 0.15710703 0.40320846] bottom_world=[0.35668954 0.15754644 0.39489504] quat=[ 0.01581247  0.5405145   0.00289882 -0.8411811 ] speed=0.0842 ang_speed=1.9741 ang_vel_vec=[ 1.0908929  -0.63863975 -1.516296  ] |com_force|=0.3668N
### kotek_magnet[tick=20640] sensor3: d=0.0149m in_range=True f_mag=0.245N tau_mag=0.0001Nm misalign_deg=15.6 pos=[0.36999813 0.0504011  0.3656782 ] bottom_world=[0.38926432 0.05009039 0.36031934] quat=[-0.01751477 -0.6045634   0.02306028  0.7960306 ] speed=0.0000 ang_speed=0.0015 ang_vel_vec=[0.00150842 0.00022149 0.00026625] |com_force|=0.4905N
### kotek_magnet[tick=20640] sensor4: d=0.0288m in_range=True f_mag=0.531N tau_mag=0.0004Nm misalign_deg=13.9 pos=[0.3561267  0.15363024 0.36933678] bottom_world=[0.3755382 0.1514318 0.3650519] quat=[ 0.00209955  0.6226258  -0.07221485 -0.7791776 ] speed=0.1789 ang_speed=0.7087 ang_vel_vec=[-0.45026582 -0.23045684 -0.4963556 ] |com_force|=0.7828N
### kotek_magnet[tick=20686]: welded sensor 4 at d=0.0149m misalign_deg=14.5 pos=[0.36980736 0.14920788 0.36513853] wall_pos=[0.425 0.    0.5  ] local_pos1=[-0.05519264  0.14920788 -0.13486147] quat=[ 0.04206229  0.61512774  0.00372389 -0.78729594]
### kotek_magnet[tick=20700] sensor3: d=0.0149m in_range=True f_mag=0.245N tau_mag=0.0001Nm misalign_deg=15.6 pos=[0.36999816 0.05040112 0.36567822] bottom_world=[0.38926436 0.0500904  0.36031938] quat=[-0.01751466 -0.6045637   0.02306012  0.7960304 ] speed=0.0001 ang_speed=0.0016 ang_vel_vec=[0.00152814 0.00019831 0.00025352] |com_force|=0.4905N
### kotek_magnet[tick=20760] sensor3: d=0.0149m in_range=True f_mag=0.245N tau_mag=0.0001Nm misalign_deg=15.6 pos=[0.3699981  0.05040109 0.3656782 ] bottom_world=[0.38926429 0.05009037 0.36031932] quat=[-0.0175148  -0.6045631   0.02306038  0.7960307 ] speed=0.0000 ang_speed=0.0015 ang_vel_vec=[0.0015021  0.00019586 0.00026241] |com_force|=0.4905N
### kotek_magnet[tick=20820] sensor3: d=0.0149m in_range=True f_mag=0.245N tau_mag=0.0001Nm misalign_deg=15.6 pos=[0.3699981  0.05040108 0.36567822] bottom_world=[0.38926429 0.05009037 0.36031935] quat=[-0.01751489 -0.60456306  0.02306036  0.7960309 ] speed=0.0001 ang_speed=0.0017 ang_vel_vec=[0.00165243 0.00022934 0.00024649] |com_force|=0.4905N
### kotek_magnet[tick=20880] sensor3: d=0.0149m in_range=True f_mag=0.245N tau_mag=0.0001Nm misalign_deg=15.6 pos=[0.36999813 0.05040111 0.36567816] bottom_world=[0.38926432 0.05009039 0.36031931] quat=[-0.01751473 -0.6045635   0.02306026  0.7960306 ] speed=0.0000 ang_speed=0.0015 ang_vel_vec=[0.00147152 0.00019945 0.00026865] |com_force|=0.4905N
### kotek_magnet[tick=20940] sensor3: d=0.0149m in_range=True f_mag=0.245N tau_mag=0.0001Nm misalign_deg=15.6 pos=[0.36999813 0.0504011  0.36567816] bottom_world=[0.38926432 0.05009039 0.36031931] quat=[-0.01751475 -0.6045635   0.02306027  0.79603046] speed=0.0000 ang_speed=0.0015 ang_vel_vec=[0.00146542 0.00020176 0.00026547] |com_force|=0.4905N
### kotek_magnet[tick=21000] sensor3: d=0.0149m in_range=True f_mag=0.245N tau_mag=0.0001Nm misalign_deg=15.6 pos=[0.3699981  0.05040106 0.36567822] bottom_world=[0.3892643  0.05009034 0.36031939] quat=[-0.01751515 -0.6045639   0.02306065  0.7960301 ] speed=0.0001 ang_speed=0.0024 ang_vel_vec=[0.00241685 0.00012246 0.00016869] |com_force|=0.4905N
