WARNING: All log messages before absl::InitializeLog() is called are written to STDERR
E0000 00:00:1789293042.324696   39585 descriptor_database.cc:633] File already exists in database: grpc/health/v1/health.proto
W0000 00:00:1789293042.324716   39585 message.cc:301] Protobuf GeneratedMessageFactory: File is already registered: grpc/health/v1/health.proto
2026-09-13T09:50:42Z [Info] [carb] Logging to file: /home/trs/env_isaaclab/lib/python3.12/site-packages/isaacsim/kit/logs/Kit/Isaac-Sim Python/6.0/kit_20260913_185042.log
[0.050s] [ext: omni.assets.plugins-0.0.0] startup
[0.050s] [ext: omni.blobkey-1.1.2] startup
[0.051s] [ext: omni.kit.async_engine-0.0.3] startup
[0.109s] [ext: omni.client.lib-1.1.1] startup
[0.116s] [ext: omni.client-1.3.0] startup
[0.119s] [ext: omni.protobuf.lib-1.0.0] startup
[0.119s] [ext: omni.grpc.lib-1.0.0] startup
[0.122s] [ext: omni.metrics.core-0.0.3] startup
[0.122s] [ext: omni.datastore-0.0.0] startup
[0.122s] [ext: omni.gpu_foundation.shadercache.vulkan-1.0.0] startup
[0.124s] [ext: omni.hsscclient-1.1.4] startup
[0.125s] [ext: omni.stats-1.0.1] startup
[0.125s] [ext: omni.ujitso.default-1.0.0] startup
[0.127s] [ext: omni.gpu_foundation-0.0.0] startup
[0.290s] [ext: carb.windowing.plugins-1.0.1] startup
[0.290s] [ext: omni.kit.renderer.init-1.0.1] startup

|---------------------------------------------------------------------------------------------|
| Driver Version: 595.84        | Graphics API: Vulkan
|=============================================================================================|
| GPU | Name                             | Active | LDA | GPU Memory | Vendor-ID | LUID       |
|     |                                  |        |     |            | Device-ID | UUID       |
|     |                                  |        |     |            | Bus-ID    |            |
|---------------------------------------------------------------------------------------------|
| 0   | NVIDIA RTX A6000                 | Yes: 0 |     | 49140   MB | 10de      | 0          |
|     |                                  |        |     |            | 2230      | 1d7cbbed.. |
|     |                                  |        |     |            | 1         |            |
|=============================================================================================|
| OS: 24.04.4 LTS (Noble Numbat) ubuntu, Version: 24.04.4, Kernel: 7.0.0-31-generic
| XServer Vendor: The X.Org Foundation, XServer Version: 12101011 (1.21.1.11)
| Processor: Intel(R) Core(TM) i9-14900KF
| Cores: 24 | Logical Cores: 32
|---------------------------------------------------------------------------------------------|
| Total Memory (MB): 64135 | Free Memory: 57793
| Total Page/Swap (MB): 8191 | Free Page/Swap: 8191
|---------------------------------------------------------------------------------------------|
2026-09-13T09:50:43Z [822ms] [Warning] [omni.rtx] CPU performance profile is set to powersave. This profile sets the CPU to the lowest frequency reducing performance.
2026-09-13T09:50:43Z [831ms] [Warning] [omni.rtx] IOMMU is enabled.
[0.936s] [ext: omni.kit.pipapi-0.0.0] startup
[0.937s] [ext: omni.kit.telemetry-0.5.2] startup
[0.959s] [ext: omni.kit.loop-isaac-1.6.0] startup
[0.960s] [ext: omni.kit.test-2.0.7] startup
[0.995s] [ext: omni.materialx.libs-1.0.9] startup
[1.000s] [ext: omni.gpucompute.plugins-0.0.0] startup
[1.000s] [ext: omni.usd.config-1.0.7] startup
[1.002s] [ext: omni.usd.libs-1.0.3] startup
[1.058s] [ext: omni.iray.libs-0.0.1] startup
[1.061s] [ext: omni.mdl-57.0.3] startup
[1.096s] [ext: omni.mdl.neuraylib-0.2.20] startup
[1.097s] [ext: omni.kit.usd.mdl-1.1.9] startup
[1.166s] [ext: omni.appwindow-1.2.2] startup
[1.167s] [ext: omni.kit.renderer.core-1.2.2] startup
[1.198s] [ext: omni.kit.renderer.capture-2.0.1] startup
[1.199s] [ext: omni.kit.renderer.imgui-2.0.6] startup
[1.233s] [ext: omni.ui-3.1.3] startup
[1.239s] [ext: omni.kit.mainwindow-1.0.3] startup
[1.239s] [ext: carb.audio-0.1.0] startup
[1.241s] [ext: omni.uiaudio-1.0.0] startup
[1.242s] [ext: omni.kit.uiapp-0.0.0] startup
[1.242s] [ext: omni.usd.schema.metrics.assembler-110.1.0] startup
[1.243s] [ext: omni.usd.schema.audio-0.0.1] startup
[1.245s] [ext: omni.usd_resolver-1.0.0] startup
[1.247s] [ext: omni.usd.core-1.8.3] startup
[1.249s] [ext: omni.metropolis.schema-0.0.3] startup
[1.250s] [ext: isaacsim.anim.robot.schema-0.1.1] startup
[1.250s] [ext: omni.usd.schema.anim-0.0.1] startup
[1.261s] [ext: omni.usd.schema.geospatial-0.0.1] startup
[1.263s] [ext: omni.usd.schema.omnigraph-1.0.1] startup
[1.266s] [ext: omni.usd.schema.semantics-0.0.0] startup
[1.268s] [ext: omni.activity.core-1.0.3] startup
[1.268s] [ext: omni.cubric-0.1.0] startup
[1.269s] [ext: omni.graph.exec-0.9.6] startup
[1.269s] [ext: omni.hydra.scene_delegate-0.3.5] startup
[1.271s] [ext: usdrt.scenegraph-7.6.3] startup
[1.287s] [ext: omni.hydra.usdrt_delegate-7.5.2] startup
[1.291s] [ext: omni.inspect-1.0.2] startup
[1.292s] [ext: omni.kit.actions.core-1.0.0] startup
[1.293s] [ext: omni.kit.audiodeviceenum-1.0.2] startup
[1.294s] [ext: omni.kit.commands-1.5.0] startup
[1.296s] [ext: omni.kit.exec.core-0.13.5] startup
[1.296s] [ext: omni.kit.usd_undo-0.1.8] startup
[1.297s] [ext: omni.kit.window.popup_dialog-2.0.25] startup
[1.299s] [ext: omni.kit.widget.nucleus_connector-2.3.1] startup
[1.300s] [ext: omni.timeline-1.1.0] startup
[1.301s] [ext: omni.usd-1.15.2] startup
[1.327s] [ext: omni.graph.core-3.1.2] startup
[1.329s] [ext: omni.kit.notification_manager-1.0.11] startup
[1.330s] [ext: isaacsim.core.deprecation_manager-0.4.2] startup
[1.330s] [ext: isaacsim.replicator.agent.schema-0.1.1] startup
[1.331s] [ext: isaacsim.robot.schema-6.3.6] startup
[1.334s] [ext: isaacsim.robot_motion.schema-0.2.0] startup
[1.335s] [ext: omni.anim.behavior.schema-110.1.0] startup
[1.337s] [ext: omni.anim.graph.schema-110.1.1] startup
[1.340s] [ext: omni.anim.navigation.schema-110.1.0] startup
[1.342s] [ext: omni.behavior.tree.schema-110.1.0] startup
[1.342s] [ext: omni.kit.asset_converter-5.1.4] startup
[1.350s] [ext: omni.usd.schema.flow-110.0.0] startup
[1.350s] [ext: omni.usd.schema.mujoco-1.1.0] startup
[1.351s] [ext: omni.usd.schema.newton-1.2.0] startup
[1.351s] [ext: omni.usd.schema.omni_lens_distortion-1.0.0] startup
[1.351s] [ext: omni.usd.schema.omni_projectors-1.0.0] startup
[1.352s] [ext: omni.usd.schema.omni_sensors-0.0.0] startup
[1.356s] [ext: omni.usd.schema.omniscripting-1.0.1] startup
[1.358s] [ext: omni.usd.schema.physical_lighting-0.1.0] startup
[1.360s] [ext: omni.usd.schema.physx-110.1.11] startup
[1.379s] [ext: omni.usd.schema.render_settings.rtx-1.0.2] startup
[1.381s] [ext: omni.usd.schema.usd_particle_field-1.0.0] startup
[1.381s] [ext: isaacsim.core.version-2.1.0] startup
[1.381s] [ext: omni.kit.menu.core-1.2.0] startup
[1.382s] [ext: omni.kit.menu.utils-2.2.3] startup
[1.386s] [ext: isaacsim.app.about-2.3.0] startup
[1.389s] [ext: isaacsim.asset.transformer-1.2.3] startup
[1.391s] [ext: omni.scene.optimizer.core-110.1.0] startup
[1.429s] [ext: isaacsim.asset.importer.utils-1.8.0] startup
[1.430s] [ext: omni.convexdecomposition-110.1.11] startup
[1.432s] [ext: omni.physics-110.1.11] startup
[1.433s] [ext: omni.physx.gpu-110.1.11] startup
[1.433s] [ext: omni.physx.foundation-110.1.11] startup
[1.434s] [ext: omni.usdphysics-110.1.11] startup
[1.435s] [ext: omni.physx.cooking-110.1.11] startup
[1.437s] [ext: omni.physx-110.1.11] startup
[1.443s] [ext: omni.physics.physx-110.1.11] startup
[1.444s] [ext: isaacsim.asset.exporter.urdf-2.0.3] startup
[1.449s] [ext: omni.kit.clipboard-1.1.1] startup
[1.450s] [ext: omni.kit.usd.layers-2.6.1] startup
[1.455s] [ext: omni.kit.widget.context_menu-1.4.0] startup
[1.455s] [ext: omni.kit.context_menu-1.9.0] startup
[1.456s] [ext: omni.kit.helper.file_utils-0.1.10] startup
[1.457s] [ext: omni.kit.widget.nucleus_info-2.0.2] startup
[1.457s] [ext: omni.kit.search_core-1.0.8] startup
[1.458s] [ext: omni.kit.widget.path_field-2.0.13] startup
[1.458s] [ext: omni.kit.widget.browser_bar-2.0.10] startup
[1.459s] [ext: omni.kit.widget.filebrowser-2.13.4] startup
[1.461s] [ext: omni.kit.widget.options_menu-1.1.6] startup
[1.463s] [ext: omni.kit.widget.options_button-1.0.3] startup
[1.463s] [ext: omni.kit.widget.search_delegate-1.0.9] startup
[1.464s] [ext: omni.ui.scene-2.0.1] startup
[1.466s] [ext: omni.kit.window.filepicker-2.15.5] startup
[1.474s] [ext: omni.kit.window.file_importer-1.1.21] startup
[1.475s] [ext: omni.kit.material.library-3.1.2] startup
[1.478s] [ext: isaacsim.asset.transformer.rules-1.7.8] startup
[1.484s] [ext: omni.usdex.libs-2.2.2] startup
[1.490s] [ext: isaacsim.asset.importer.mjcf-3.10.0] startup
[1.491s] [ext: isaacsim.asset.importer.urdf-3.11.0] startup
[1.493s] [ext: omni.kit.primitive.mesh-1.1.0] startup
[1.495s] [ext: omni.kit.stage_template.core-1.1.22] startup
[1.495s] [ext: omni.kit.stage_templates-2.0.2] startup
[1.496s] [ext: omni.usd.metrics.assembler-110.1.2] startup
[1.498s] [ext: omni.warp.core-1.13.0] startup
[1.612s] [ext: isaacsim.core.experimental.utils-0.17.1] startup
[1.613s] [ext: omni.physics.stageupdate-110.1.11] startup
[1.614s] [ext: omni.physics.tensors-110.1.11] startup
[1.617s] [ext: omni.physx.tensors-110.1.11] startup
[1.620s] [ext: isaacsim.core.simulation_manager-1.15.4] startup
2026-09-13T09:50:43Z [1,606ms] [Warning] [isaacsim.core.simulation_manager.plugin] USD stage is not available; stage-opened subscription is deferred
2026-09-13T09:50:43Z [1,606ms] [Warning] [isaacsim.core.simulation_manager.plugin] USD stage is not available; stage-opened subscription is deferred
[1.629s] [ext: isaacsim.storage.native-1.9.2] startup
[1.630s] [ext: omni.usd.metrics.assembler.physics-110.1.11] startup
[1.631s] [ext: isaacsim.core.utils-4.1.6] startup
[1.633s] [ext: isaacsim.core.prims-0.11.6] startup
[2.383s] [ext: isaacsim.core.api-5.2.12] startup
[2.388s] [ext: isaacsim.core.cloner-1.7.2] startup
[2.389s] [ext: isaacsim.test.docstring-1.3.1] startup
[2.391s] [ext: isaacsim.core.experimental.prims-1.8.8] startup
[2.406s] [ext: isaacsim.core.experimental.primdata-0.3.2] startup
[2.408s] [ext: omni.graph.tools-1.81.0] startup
[2.422s] [ext: omni.graph-1.142.5] startup
[2.446s] [ext: isaacsim.core.experimental.actuators-0.1.0] startup
[3.682s] [ext: isaacsim.core.experimental.materials-0.7.0] startup
[3.684s] [ext: isaacsim.core.experimental.objects-0.8.0] startup
[3.724s] [ext: omni.hydra.engine.stats-1.0.5] startup
[3.726s] [ext: omni.hydra.rtx.shadercache.vulkan-1.0.0] startup
[3.727s] [ext: omni.index.libs-387500.3473.0] startup
[3.727s] [ext: omni.index-1.0.1] startup
[3.727s] [ext: omni.ujitso.client-0.0.0] startup
[3.727s] [ext: omni.usd.schema.playback-1.0.0] startup
[3.730s] [ext: omni.volume-0.5.2] startup
[3.733s] [ext: omni.hydra.rtx-1.0.3] startup
2026-09-13T09:50:45Z [3,720ms] [Warning] [omni.log] Source: omni.hydra was already registered.
[3.755s] [ext: omni.kit.hydra_texture-1.6.0] startup
[3.758s] [ext: omni.kit.raycast.query-1.2.0] startup
[3.761s] [ext: omni.kit.viewport.legacy_gizmos-1.0.24] startup
[3.763s] [ext: omni.kit.viewport.registry-104.0.6] startup
[3.763s] [ext: omni.kit.viewport.scene_camera_model-1.0.7] startup
[3.766s] [ext: omni.kit.widget.viewport-109.2.0] startup
[3.769s] [ext: omni.kit.window.drop_support-1.0.8] startup
[3.770s] [ext: omni.kit.viewport.window-109.0.2] startup
[3.781s] [ext: omni.kit.viewport.utility-2.0.1] startup
[3.782s] [ext: isaacsim.core.rendering_manager-0.4.2] startup
[3.794s] [ext: omni.graph.action_core-1.1.9] startup
[3.796s] [ext: omni.graph.action_nodes_core-2.10.2] startup
[3.798s] [ext: omni.graph.action_nodes-2.10.3] startup
[3.815s] [ext: omni.graph.action-2.10.2] startup
[3.816s] [ext: omni.graph.image.core-0.6.1] startup
[3.816s] [ext: omni.graph.image.nodes-1.3.1] startup
[3.817s] [ext: omni.graph.nodes_core-2.10.3] startup
[3.821s] [ext: omni.graph.nodes-2.11.1] startup
[3.825s] [ext: omni.kit.hotkeys.core-1.3.12] startup
[3.826s] [ext: omni.kit.property.adapter.core-1.1.1] startup
[3.827s] [ext: omni.kit.property.adapter.usd-1.0.5] startup
[3.828s] [ext: omni.kit.widget.filter-1.1.5] startup
[3.829s] [ext: omni.kit.widget.highlight_label-1.0.3] startup
[3.829s] [ext: omni.kit.widget.searchfield-1.1.8] startup
[3.830s] [ext: omni.kit.window.file_exporter-1.0.36] startup
[3.831s] [ext: omni.kit.widget.stage-4.3.0] startup
[3.837s] [ext: omni.kit.window.content_browser_registry-0.0.6] startup
[3.838s] [ext: omni.kit.window.file-2.0.10] startup
[3.840s] [ext: omni.kit.window.content_browser-3.1.8] startup
[3.846s] [ext: omni.kit.window.property-1.15.1] startup
[3.854s] [ext: omni.kit.property.usd-4.8.1] startup
[3.861s] [ext: omni.graph.scriptnode-2.10.2] startup
[3.866s] [ext: omni.kit.widget.searchable_combobox-1.0.7] startup
[3.867s] [ext: omni.kit.widget.settings-2.0.0] startup
[3.869s] [ext: omni.kit.window.preferences-1.8.3] startup
[3.872s] [ext: omni.kit.viewport.menubar.core-107.2.2] startup
[3.879s] [ext: omni.syntheticdata-0.6.15] startup
[3.898s] [ext: omni.replicator.nv-1.1.1] startup
[3.902s] [ext: omni.videoencoding-0.2.1] startup
[3.904s] [ext: omni.replicator.core-1.13.25] startup
2026-09-13T09:50:46Z [3,887ms] [Warning] [pxr.Semantics] pxr.Semantics is deprecated - please use Semantics instead
2026-09-13T09:50:46Z [3,936ms] [Warning] [omni.replicator.core.scripts.extension] No material configuration file, adding configuration to material settings directly.
[4.075s] [ext: isaacsim.core.nodes-5.10.4] startup
[4.098s] [ext: isaacsim.core.throttling-2.3.3] startup
[4.099s] [ext: omni.kit.manipulator.viewport-107.0.1] startup
[4.099s] [ext: omni.graph.visualization.nodes-2.1.4] startup
[4.109s] [ext: omni.kit.window.extensions-1.5.7] startup
[4.112s] [ext: isaacsim.gui.components-1.8.4] startup
[4.116s] [ext: isaacsim.robot.surface_gripper-3.6.1] startup
[4.123s] [ext: isaacsim.robot.manipulators-3.4.4] startup
[4.130s] [ext: isaacsim.robot_motion.lula-4.1.2] startup
[4.135s] [ext: isaacsim.robot_motion.motion_generation-8.2.8] startup
[4.140s] [ext: isaacsim.cortex.framework-1.0.17] startup
[4.141s] [ext: isaacsim.cortex.behaviors-2.0.16] startup
[4.142s] [ext: isaacsim.examples.base-1.3.1] startup
[4.143s] [ext: omni.kit.widget.zoombar-1.0.7] startup
[4.144s] [ext: omni.kit.browser.core-2.3.18] startup
[4.146s] [ext: omni.kit.browser.folder.core-2.0.2] startup
[4.149s] [ext: omni.kit.widget.stage_icons-1.0.8] startup
[4.150s] [ext: omni.kit.window.stage-2.6.1] startup
[4.153s] [ext: omni.kit.menu.stage-1.2.7] startup
[4.154s] [ext: omni.kit.usd.collect-3.0.5] startup
[4.156s] [ext: omni.kit.widget.prompt-1.0.7] startup
[4.156s] [ext: omni.kit.tool.collect-2.2.19] startup
[4.158s] [ext: isaacsim.examples.browser-0.3.1] startup
[4.159s] [ext: omni.kit.search.files-1.0.4] startup
[4.160s] [ext: omni.kit.widget.calendar-1.0.9] startup
[4.161s] [ext: omni.kit.widget.extended_searchfield-1.0.31] startup
[4.166s] [ext: omni.simready.content.browser-0.3.7] startup
[4.228s] [ext: isaacsim.gui.content_browser-0.4.2] startup
[4.230s] [ext: omni.kit.selection-0.1.6] startup
[4.231s] [ext: isaacsim.gui.menu-2.10.5] startup
[4.236s] [ext: isaacsim.gui.property-1.6.2] startup
[4.241s] [ext: omni.kit.viewport.actions-107.0.2] startup
[4.244s] [ext: omni.kit.viewport.menubar.display-107.1.3] startup
[4.245s] [ext: isaacsim.gui.sensors.icon-2.2.0] startup
[4.247s] [ext: omni.behavior.scripting.core-110.1.0] startup
[4.249s] [ext: isaacsim.replicator.behavior-1.5.3] startup
[4.250s] [ext: isaacsim.replicator.experimental.domain_randomization-1.2.4] startup
[4.260s] [ext: isaacsim.replicator.domain_randomization-1.2.1] startup
[4.312s] [ext: isaacsim.replicator.writers-1.5.3] startup
[4.328s] [ext: isaacsim.robot.experimental.wheeled_robots-0.2.9] startup
[4.343s] [ext: isaacsim.robot.policy.examples-5.2.11] startup
[4.357s] [ext: isaacsim.robot.wheeled_robots-5.2.3] startup
[4.359s] [ext: isaacsim.robot.wheeled_robots.nodes-0.1.2] startup
[4.373s] [ext: isaacsim.robot_motion.experimental.motion_generation-6.1.2] startup
[4.380s] [ext: isaacsim.robot_motion.cumotion-1.3.0] startup
[4.389s] [ext: omni.kit.numpy.common-0.1.3] startup
[4.390s] [ext: isaacsim.sensors.camera-1.7.8] startup
[4.409s] [ext: isaacsim.sensors.experimental.physics-3.0.1] startup
[4.415s] [ext: omni.sensors.net-1.0.1] startup
[4.417s] [ext: omni.sensors.nv.common-3.0.0] startup
[4.425s] [ext: omni.sensors.nv.materials-2.0.0] startup
[4.427s] [ext: omni.sensors.nv.acoustic-3.0.0] startup
[4.429s] [ext: omni.sensors.nv.ids-2.0.1] startup
[4.431s] [ext: omni.sensors.nv.lidar-3.0.0] startup
[4.433s] [ext: omni.sensors.nv.radar-3.0.0] startup
[4.436s] [ext: isaacsim.sensors.experimental.rtx-1.4.3] startup
[4.589s] [ext: isaacsim.sensors.physics.nodes-1.5.2] startup
[4.599s] [ext: isaacsim.util.debug_draw-3.2.2] startup
[4.603s] [ext: isaacsim.sensors.physx-2.5.4] startup
[4.608s] [ext: isaacsim.sensors.rtx-15.17.0] startup
[4.616s] [ext: isaacsim.simulation_app-2.18.3] startup
[4.617s] [ext: omni.anim.curve.core-1.6.0] startup
[4.623s] [ext: omni.graph.ui_nodes-2.10.5] startup
[4.647s] [ext: omni.hydra.scene_api-0.1.3] startup
[4.650s] [ext: omni.kit.manipulator.camera-110.0.0] startup
[4.653s] [ext: omni.kit.manipulator.selector-1.1.4] startup
[4.653s] [ext: omni.kit.manipulator.transform-107.0.0] startup
[4.656s] [ext: omni.kit.widget.toolbar-2.1.0] startup
[4.660s] [ext: omni.kit.manipulator.tool.snap-1.5.14] startup
[4.663s] [ext: omni.kit.viewport.manipulator.transform-107.0.4] startup
[4.664s] [ext: omni.kit.manipulator.prim.core-108.0.2] startup
[4.668s] [ext: omni.kit.manipulator.prim.usd-107.0.3] startup
[4.669s] [ext: omni.kit.manipulator.prim-108.0.0] startup
[4.669s] [ext: omni.kit.manipulator.selection-109.0.1] startup
[4.670s] [ext: omni.kit.menu.create-2.0.2] startup
[4.671s] [ext: omni.kit.property.audio-1.0.16] startup
[4.674s] [ext: omni.kit.property.camera-1.0.14] startup
[4.675s] [ext: omni.kit.property.geometry-2.1.2] startup
[4.677s] [ext: omni.kit.property.light-1.0.14] startup
2026-09-13T09:50:46Z [4,673ms] [Warning] [omni.usd] Encountered USD Warnings but USD Diagnostics are currently muted. To view USD Warnings, please set the '/persistent/app/usd/muteUsdDiagnostics' setting to false in Preferences page.
[4.701s] [ext: omni.kit.property.material-1.14.2] startup
[4.705s] [ext: omni.kit.property.render-1.2.2] startup
[4.706s] [ext: omni.kit.property.transform-1.6.9] startup
[4.708s] [ext: omni.kit.property.bundle-1.5.1] startup
[4.709s] [ext: omni.kit.usdz_export-1.1.0] startup
[4.711s] [ext: omni.kit.tool.asset_importer-5.2.0] startup
[4.714s] [ext: omni.kit.ui.actions-1.0.5] startup
[4.715s] [ext: omni.kit.viewport.menubar.camera-107.0.10] startup
[4.719s] [ext: omni.kit.viewport.menubar.lighting-107.3.2] startup
[4.720s] [ext: omni.kit.viewport.menubar.render-107.0.10] startup
[4.722s] [ext: omni.kit.viewport.menubar.settings-110.0.1] startup
[4.724s] [ext: omni.kit.window.console-1.1.8] startup
[4.727s] [ext: omni.kit.window.status_bar-0.1.11] startup
[4.729s] [ext: omni.kit.window.toolbar-3.0.3] startup
[4.731s] [ext: omni.ocio-0.1.1] startup
[4.731s] [ext: omni.physx.commands-110.1.11] startup
[4.737s] [ext: omni.replicator.replicator_yaml-2.0.12] startup
[4.744s] [ext: omni.rtx.window.settings-0.8.0] startup
[4.747s] [ext: omni.rtx.settings.core-0.7.0] startup
[4.749s] [ext: omni.usd.metrics.assembler.ui-110.1.1] startup
[4.754s] [ext: semantics.schema.editor-2.0.2] startup
[4.755s] [ext: semantics.schema.property-2.0.1] startup
[4.757s] [ext: omni.kit.menu.common-2.0.2] startup
[4.757s] [ext: isaacsim.exp.base-6.0.0] startup
[4.758s] [ext: isaacsim.exp.base.python-6.0.0] startup
[4.759s] Simulation App Starting
[5.535s] Simulation App Startup Complete
[5.546s] app ready
Starting kit application with the following args:  ['/home/trs/env_isaaclab/lib/python3.12/site-packages/isaacsim/exts/isaacsim.simulation_app/isaacsim/simulation_app/simulation_app.py', '/home/trs/env_isaaclab/lib/python3.12/site-packages/isaacsim/apps/isaacsim.exp.base.python.kit', '--/app/tokens/exe-path=/home/trs/env_isaaclab/lib/python3.12/site-packages/isaacsim/kit', '--/persistent/app/viewport/displayOptions=3094', '--/rtx/materialDb/syncLoads=True', '--/rtx/hydra/materialSyncLoads=True', '--/omni.kit.plugin/syncUsdLoads=True', '--/app/renderer/resolution/width=1280', '--/app/renderer/resolution/height=720', '--/app/window/width=1440', '--/app/window/height=900', '--/renderer/multiGpu/enabled=True', '--/app/fastShutdown=True', '--/app/installSignalHandlers=0', '--ext-folder', '/home/trs/env_isaaclab/lib/python3.12/site-packages/isaacsim/exts', '--ext-folder', '/home/trs/env_isaaclab/lib/python3.12/site-packages/isaacsim/apps', '--/physics/cudaDevice=0', '--/plugins/carb.tasking.plugin/threadCount=32', '--/plugins/omni.tbb.globalcontrol/maxThreadCount=32', '--portable', '--no-window', '--/app/window/hideUi=1']
Passing the following args to the base kit application:  ['--duration', '1400']
Warp 1.13.0 initialized:
   CUDA Toolkit 12.9, Driver 13.2
   Devices:
     "cpu"      : "x86_64"
     "cuda:0"   : "NVIDIA RTX A6000" (47 GiB, sm_86, mempool enabled)
   Kernel cache:
     /home/trs/.cache/warp/1.13.0
### stage opened: /home/trs/kotek_ws/src/kotek_isaac_stage/usd/kotek_scout_piper_wall_demo.usd
[6.085s] [ext: isaacsim.sensors.rtx.nodes-0.1.0] startup
[6.093s] [ext: isaacsim.ros2.core-1.9.1] startup
[6.105s] Attempting to load system rclpy
[6.105s] Could not import system rclpy: No module named 'rclpy'
[6.105s] Attempting to load internal rclpy for ROS Distro: jazzy
[6.115s] rclpy loaded
[6.118s] [ext: isaacsim.ros2.nodes-1.18.11] startup
[6.151s] [ext: isaacsim.ros2.examples-1.2.3] startup
[6.156s] [ext: isaacsim.ros2.ui-1.6.4] startup
[6.315s] [ext: isaacsim.ros2.bridge-5.1.1] startup
2026-09-13T09:50:48Z [6,689ms] [Warning] [isaacsim.ros2.nodes] OgnROS2PublishTransformTree: using targetPrims for internal computation is deprecated. Connect OgnIsaacComputeTransformTree to inputs:parentFrames/childFrames/translations/orientations instead.
2026-09-13T09:50:48Z [6,689ms] [Error] [omni.physx.tensors.plugin] Failed to create simulation view: no active physics scene found
2026-09-13T09:50:48Z [6,689ms] [Error] [omni.graph.core.plugin] /World/kotek_wall_sensor_graph/ros2_publish_transform_tree: [/World/kotek_wall_sensor_graph] Failed to create simulation view - physics backend may not be initialized
### physics playing -- /clock and /isaac_joint_states are live; start the 45s warm-up now
### still playing, 1400s left
### kotek_magnet[tick=60] sensor1: d=0.4082m in_range=False f_mag=0.000N tau_mag=0.0000Nm misalign_deg=90.0 pos=[0.10880279 0.1090093  0.49140233] bottom_world=[0.10880296 0.10900929 0.47140233] quat=[ 9.2484176e-01 -2.0293912e-06 -3.8486596e-06  3.8035229e-01] speed=0.0006 ang_speed=0.0049 ang_vel_vec=[0.00448202 0.00189047 0.00039158] |com_force|=0.0000N
### kotek_magnet[tick=60] sensor2: d=0.3208m in_range=False f_mag=0.000N tau_mag=0.0000Nm misalign_deg=90.0 pos=[ 0.10902467 -0.10904666  0.49140108] bottom_world=[ 0.10902465 -0.10904649  0.47140108] quat=[ 9.2300087e-01  3.7843577e-06  2.1311657e-06 -3.8479796e-01] speed=0.0004 ang_speed=0.0023 ang_vel_vec=[-0.0016911  -0.00122399 -0.00091027] |com_force|=0.0000N
### kotek_magnet[tick=60] sensor3: d=0.5470m in_range=False f_mag=0.000N tau_mag=0.0000Nm misalign_deg=90.0 pos=[-0.10910747 -0.10914613  0.49140114] bottom_world=[-0.10910741 -0.10914599  0.47140114] quat=[-3.8058406e-01 -2.6324492e-06 -2.6273779e-06  9.2474633e-01] speed=0.0005 ang_speed=0.0023 ang_vel_vec=[-0.00091867  0.00195101 -0.0009245 ] |com_force|=0.0000N
### kotek_magnet[tick=60] sensor4: d=0.5249m in_range=False f_mag=0.000N tau_mag=0.0000Nm misalign_deg=90.0 pos=[-0.10900018  0.10899954  0.49140233] bottom_world=[-0.10900028  0.10899957  0.47140233] quat=[3.8268229e-01 2.6469561e-06 2.1679557e-07 9.2388010e-01] speed=0.0004 ang_speed=0.0034 ang_vel_vec=[ 0.00290578 -0.00177686 -0.00043088] |com_force|=0.0000N
### kotek_magnet[tick=120] sensor1: d=0.4082m in_range=False f_mag=0.000N tau_mag=0.0000Nm misalign_deg=90.0 pos=[0.10880256 0.10900908 0.4914024 ] bottom_world=[0.10880275 0.1090091  0.47140239] quat=[ 9.2484188e-01 -1.3549216e-06 -4.7550493e-06  3.8035187e-01] speed=0.0010 ang_speed=0.0024 ang_vel_vec=[-0.00194262  0.00011888  0.00137404] |com_force|=0.0000N
### kotek_magnet[tick=120] sensor2: d=0.3208m in_range=False f_mag=0.000N tau_mag=0.0000Nm misalign_deg=90.0 pos=[ 0.10902449 -0.10904672  0.491401  ] bottom_world=[ 0.1090246  -0.10904652  0.47140099] quat=[ 9.2300093e-01  5.6364875e-06 -5.2745366e-07 -3.8479799e-01] speed=0.0004 ang_speed=0.0030 ang_vel_vec=[-0.00239843  0.00185671 -0.00030084] |com_force|=0.0000N
### kotek_magnet[tick=120] sensor3: d=0.5470m in_range=False f_mag=0.000N tau_mag=0.0000Nm misalign_deg=90.0 pos=[-0.1091075  -0.10914591  0.49140096] bottom_world=[-0.10910742 -0.1091459   0.47140096] quat=[-3.8058385e-01 -2.0400319e-06  4.8969514e-07  9.2474645e-01] speed=0.0004 ang_speed=0.0029 ang_vel_vec=[ 0.00175139  0.00229395 -0.00030659] |com_force|=0.0000N
### kotek_magnet[tick=120] sensor4: d=0.5249m in_range=False f_mag=0.000N tau_mag=0.0000Nm misalign_deg=90.0 pos=[-0.10900009  0.10900014  0.49140233] bottom_world=[-0.10900031  0.109       0.47140233] quat=[3.8268185e-01 3.7584534e-06 5.3168492e-06 9.2388022e-01] speed=0.0010 ang_speed=0.0025 ang_vel_vec=[ 0.00156604 -0.00169831 -0.00084199] |com_force|=0.0000N
### kotek_magnet[tick=180] sensor1: d=0.4082m in_range=False f_mag=0.000N tau_mag=0.0000Nm misalign_deg=90.0 pos=[0.10880381 0.10900926 0.49140236] bottom_world=[0.10880372 0.10900939 0.47140236] quat=[9.2484158e-01 3.9447241e-06 8.9494779e-07 3.8035277e-01] speed=0.0006 ang_speed=0.0027 ang_vel_vec=[-0.00011122 -0.00245961 -0.00102552] |com_force|=0.0000N
### kotek_magnet[tick=180] sensor2: d=0.3208m in_range=False f_mag=0.000N tau_mag=0.0000Nm misalign_deg=90.0 pos=[ 0.10902469 -0.1090467   0.49140102] bottom_world=[ 0.10902467 -0.10904652  0.47140102] quat=[ 9.2300087e-01  3.9918477e-06  2.0770669e-06 -3.8479799e-01] speed=0.0005 ang_speed=0.0027 ang_vel_vec=[-0.00219353 -0.00125844 -0.00084593] |com_force|=0.0000N
### kotek_magnet[tick=180] sensor3: d=0.5470m in_range=False f_mag=0.000N tau_mag=0.0000Nm misalign_deg=90.0 pos=[-0.1091075  -0.10914611  0.49140102] bottom_world=[-0.10910744 -0.10914598  0.47140102] quat=[-3.8058406e-01 -2.7526983e-06 -2.4222672e-06  9.2474639e-01] speed=0.0005 ang_speed=0.0026 ang_vel_vec=[-0.00103446  0.0022488  -0.00083914] |com_force|=0.0000N
### kotek_magnet[tick=180] sensor4: d=0.5249m in_range=False f_mag=0.000N tau_mag=0.0000Nm misalign_deg=90.0 pos=[-0.10900026  0.10899845  0.49140233] bottom_world=[-0.10900016  0.10899876  0.47140233] quat=[ 3.8268286e-01  6.3634468e-07 -8.1468079e-06  9.2387980e-01] speed=0.0009 ang_speed=0.0019 ang_vel_vec=[-0.00030473 -0.00146022  0.00121709] |com_force|=0.0000N
2026-09-13T09:50:49Z [6,812ms] [Warning] [omni.physx.plugin] Detected a rigid at /World/scout_mini/Geometry/base_link/sensor_cam_1 with more than 4 velocity iterations being added to a TGS scene.The related behavior changed recently, please consult the changelog. This warning will only print once.
2026-09-13T09:50:49Z [6,813ms] [Warning] [omni.physx.plugin] PhysicsUSD: CreateJoint - found a joint with disjointed body transforms, the simulation will most likely snap objects together: /World/_scout_parking_brake
2026-09-13T09:50:49Z [6,814ms] [Warning] [omni.physx.plugin] Detected an articulation at /World/piper/Geometry/base_link with more than 4 velocity iterations being added to a TGS scene.The related behavior changed recently, please consult the changelog. This warning will only print once.
2026-09-13T09:50:49Z [6,847ms] [Warning] [isaacsim.ros2.nodes] [ROS2 Publish Joint State] Reading from targetPrim is deprecated. Connect an Isaac Read Joint State node and use its outputs instead.
2026-09-13T09:50:49Z [6,881ms] [Warning] [carb] Client omni.hydratexture.plugin has acquired [carb::settings::ISettings v1.1] 100 times. Consider accessing this interface with carb::getCachedInterface() (Performance warning)
2026-09-13T09:50:49Z [7,501ms] [Warning] [omni.rtx] DLSS increasing input dimensions: Render resolution of (320, 240) is below minimal input resolution of 300.
2026-09-13T09:50:50Z [7,802ms] [Warning] [omni.timeline.plugin] Deprecated: direct use of ITimeline callbacks is deprecated. Use ITimeline::getTimeline (Python: omni.timeline.get_timeline_interface) instead.
### kotek_magnet[tick=240] sensor1: d=0.4082m in_range=False f_mag=0.000N tau_mag=0.0000Nm misalign_deg=90.0 pos=[0.10880429 0.10900896 0.4914024 ] bottom_world=[0.10880402 0.10900932 0.47140239] quat=[9.2484152e-01 1.0799759e-05 2.8339573e-06 3.8035288e-01] speed=0.0010 ang_speed=0.0025 ang_vel_vec=[-0.00165541 -0.00168924 -0.00074784] |com_force|=0.0000N
### kotek_magnet[tick=240] sensor2: d=0.3208m in_range=False f_mag=0.000N tau_mag=0.0000Nm misalign_deg=90.0 pos=[ 0.10902468 -0.10904647  0.49140093] bottom_world=[ 0.10902464 -0.10904637  0.47140093] quat=[ 9.2300087e-01  1.7970312e-06  1.9131264e-06 -3.8479814e-01] speed=0.0001 ang_speed=0.0016 ang_vel_vec=[ 0.00095513 -0.00124878 -0.00024862] |com_force|=0.0000N
### kotek_magnet[tick=240] sensor3: d=0.5470m in_range=False f_mag=0.000N tau_mag=0.0000Nm misalign_deg=90.0 pos=[-0.10910726 -0.10914613  0.49140093] bottom_world=[-0.10910728 -0.10914597  0.47140093] quat=[-3.8058388e-01 -9.9328167e-07 -4.0001228e-06  9.2474651e-01] speed=0.0001 ang_speed=0.0011 ang_vel_vec=[-0.00091932 -0.0005959  -0.00025951] |com_force|=0.0000N
### kotek_magnet[tick=240] sensor4: d=0.5249m in_range=False f_mag=0.000N tau_mag=0.0000Nm misalign_deg=90.0 pos=[-0.10900023  0.10899844  0.49140236] bottom_world=[-0.10900012  0.10899876  0.47140236] quat=[ 3.8268289e-01  5.1690364e-07 -8.3064660e-06  9.2387974e-01] speed=0.0009 ang_speed=0.0017 ang_vel_vec=[-0.00055898 -0.00070829  0.00144617] |com_force|=0.0000N
### kotek_magnet[tick=300] sensor1: d=0.4082m in_range=False f_mag=0.000N tau_mag=0.0000Nm misalign_deg=90.0 pos=[0.10880426 0.10900898 0.49140233] bottom_world=[0.10880399 0.10900934 0.47140233] quat=[9.2484152e-01 1.0770785e-05 2.7855392e-06 3.8035297e-01] speed=0.0010 ang_speed=0.0028 ang_vel_vec=[-0.00193009 -0.00176193 -0.00091368] |com_force|=0.0000N
### kotek_magnet[tick=300] sensor2: d=0.3208m in_range=False f_mag=0.000N tau_mag=0.0000Nm misalign_deg=90.0 pos=[ 0.10902468 -0.10904644  0.49140093] bottom_world=[ 0.10902464 -0.10904634  0.47140093] quat=[ 9.2300087e-01  1.9344550e-06  1.8984608e-06 -3.8479814e-01] speed=0.0001 ang_speed=0.0013 ang_vel_vec=[ 0.00024136 -0.00123502 -0.0004283 ] |com_force|=0.0000N
### kotek_magnet[tick=300] sensor3: d=0.5470m in_range=False f_mag=0.000N tau_mag=0.0000Nm misalign_deg=90.0 pos=[-0.10910637 -0.10914617  0.49140102] bottom_world=[-0.10910657 -0.10914587  0.47140102] quat=[-3.8058332e-01  1.8432601e-06 -8.9516952e-06  9.2474663e-01] speed=0.0009 ang_speed=0.0024 ang_vel_vec=[-0.00220514  0.00071893  0.00069393] |com_force|=0.0000N
### kotek_magnet[tick=300] sensor4: d=0.5249m in_range=False f_mag=0.000N tau_mag=0.0000Nm misalign_deg=90.0 pos=[-0.10900041  0.10899869  0.49140236] bottom_world=[-0.10900027  0.10899898  0.47140236] quat=[ 3.8268244e-01 -4.6692509e-07 -8.0770133e-06  9.2387992e-01] speed=0.0006 ang_speed=0.0043 ang_vel_vec=[-0.00159533  0.00392525  0.00040771] |com_force|=0.0000N
### kotek_magnet[tick=360] sensor1: d=0.4082m in_range=False f_mag=0.000N tau_mag=0.0000Nm misalign_deg=90.0 pos=[0.10880427 0.10900897 0.49140233] bottom_world=[0.108804   0.10900933 0.47140233] quat=[9.2484146e-01 1.0857890e-05 2.7857548e-06 3.8035291e-01] speed=0.0010 ang_speed=0.0029 ang_vel_vec=[-0.00208816 -0.00180887 -0.00084198] |com_force|=0.0000N
### kotek_magnet[tick=360] sensor2: d=0.3208m in_range=False f_mag=0.000N tau_mag=0.0000Nm misalign_deg=90.0 pos=[ 0.10902447 -0.10904639  0.49140105] bottom_world=[ 0.10902454 -0.10904624  0.47140105] quat=[ 9.2300063e-01  4.2297288e-06  2.8837231e-08 -3.8479841e-01] speed=0.0002 ang_speed=0.0031 ang_vel_vec=[-0.00166416  0.00257849  0.00026908] |com_force|=0.0000N
### kotek_magnet[tick=360] sensor3: d=0.5470m in_range=False f_mag=0.000N tau_mag=0.0000Nm misalign_deg=90.0 pos=[-0.10910746 -0.10914612  0.4914011 ] bottom_world=[-0.1091074  -0.10914599  0.47140111] quat=[-3.8058397e-01 -2.7412830e-06 -2.4000201e-06  9.2474633e-01] speed=0.0005 ang_speed=0.0025 ang_vel_vec=[-0.00099188  0.00218538 -0.0006827 ] |com_force|=0.0000N
### kotek_magnet[tick=360] sensor4: d=0.5249m in_range=False f_mag=0.000N tau_mag=0.0000Nm misalign_deg=90.0 pos=[-0.10900024  0.10899843  0.49140236] bottom_world=[-0.10900015  0.10899873  0.47140236] quat=[ 3.8268289e-01  7.4490174e-07 -8.0223654e-06  9.2387980e-01] speed=0.0009 ang_speed=0.0024 ang_vel_vec=[-0.00010234 -0.00192245  0.00135485] |com_force|=0.0000N
### kotek_magnet[tick=420] sensor1: d=0.4082m in_range=False f_mag=0.000N tau_mag=0.0000Nm misalign_deg=90.0 pos=[0.10880379 0.10900929 0.4914024 ] bottom_world=[0.1088037  0.1090094  0.47140239] quat=[9.2484164e-01 3.4742070e-06 1.0488067e-06 3.8035265e-01] speed=0.0006 ang_speed=0.0027 ang_vel_vec=[ 0.00157288 -0.00195551 -0.00090649] |com_force|=0.0000N
### kotek_magnet[tick=420] sensor2: d=0.3208m in_range=False f_mag=0.000N tau_mag=0.0000Nm misalign_deg=90.0 pos=[ 0.10902446 -0.10904564  0.49140105] bottom_world=[ 0.10902436 -0.10904573  0.47140105] quat=[ 9.2300034e-01 -3.0889732e-06  1.4352929e-06 -3.8479903e-01] speed=0.0010 ang_speed=0.0023 ang_vel_vec=[0.0006334  0.0017126  0.00140486] |com_force|=0.0000N
### kotek_magnet[tick=420] sensor3: d=0.5470m in_range=False f_mag=0.000N tau_mag=0.0000Nm misalign_deg=90.0 pos=[-0.10910639 -0.1091461   0.4914011 ] bottom_world=[-0.1091066  -0.10914579  0.47140111] quat=[-3.8058311e-01  2.0093357e-06 -9.0609446e-06  9.2474681e-01] speed=0.0009 ang_speed=0.0023 ang_vel_vec=[-0.0020992   0.00060522  0.0007379 ] |com_force|=0.0000N
### kotek_magnet[tick=420] sensor4: d=0.5249m in_range=False f_mag=0.000N tau_mag=0.0000Nm misalign_deg=90.0 pos=[-0.10900022  0.10899851  0.49140233] bottom_world=[-0.10900011  0.10899882  0.47140233] quat=[ 3.8268310e-01  3.4596013e-07 -8.2354500e-06  9.2387974e-01] speed=0.0009 ang_speed=0.0015 ang_vel_vec=[-0.00065828 -0.00037708  0.00131265] |com_force|=0.0000N
### kotek_magnet[tick=480] sensor1: d=0.4082m in_range=False f_mag=0.000N tau_mag=0.0000Nm misalign_deg=90.0 pos=[0.1088042  0.10900889 0.49140236] bottom_world=[0.10880394 0.10900925 0.47140236] quat=[9.2484152e-01 1.0685934e-05 2.6167252e-06 3.8035256e-01] speed=0.0009 ang_speed=0.0040 ang_vel_vec=[-0.00255356 -0.00299469 -0.0004536 ] |com_force|=0.0000N
### kotek_magnet[tick=480] sensor2: d=0.3208m in_range=False f_mag=0.000N tau_mag=0.0000Nm misalign_deg=90.0 pos=[ 0.10902465 -0.10904644  0.49140108] bottom_world=[ 0.1090246  -0.10904635  0.47140108] quat=[ 9.2300069e-01  1.5867282e-06  1.9521228e-06 -3.8479844e-01] speed=0.0001 ang_speed=0.0014 ang_vel_vec=[ 0.00048992 -0.00126014 -0.00026601] |com_force|=0.0000N
### kotek_magnet[tick=480] sensor3: d=0.5470m in_range=False f_mag=0.000N tau_mag=0.0000Nm misalign_deg=90.0 pos=[-0.10910814 -0.10914575  0.4914011 ] bottom_world=[-0.10910788 -0.10914587  0.47140111] quat=[-3.8058403e-01 -4.9439500e-06  5.1597453e-06  9.2474639e-01] speed=0.0010 ang_speed=0.0024 ang_vel_vec=[ 0.00181707  0.00146246 -0.00068988] |com_force|=0.0000N
### kotek_magnet[tick=480] sensor4: d=0.5249m in_range=False f_mag=0.000N tau_mag=0.0000Nm misalign_deg=90.0 pos=[-0.10900022  0.1089985   0.49140227] bottom_world=[-0.10900011  0.10899881  0.47140227] quat=[ 3.8268292e-01  4.6447002e-07 -8.1360085e-06  9.2387974e-01] speed=0.0009 ang_speed=0.0018 ang_vel_vec=[-0.00045878 -0.00100199  0.00143543] |com_force|=0.0000N
### kotek_magnet[tick=540] sensor1: d=0.4082m in_range=False f_mag=0.000N tau_mag=0.0000Nm misalign_deg=90.0 pos=[0.10880381 0.10900925 0.49140233] bottom_world=[0.10880372 0.10900937 0.47140233] quat=[9.2484158e-01 3.4988334e-06 8.6579485e-07 3.8035253e-01] speed=0.0006 ang_speed=0.0026 ang_vel_vec=[ 0.00064248 -0.00235584 -0.00099893] |com_force|=0.0000N
### kotek_magnet[tick=540] sensor2: d=0.3208m in_range=False f_mag=0.000N tau_mag=0.0000Nm misalign_deg=90.0 pos=[ 0.10902449 -0.10904562  0.49140117] bottom_world=[ 0.10902437 -0.10904572  0.47140117] quat=[ 9.2300045e-01 -3.7226598e-06  1.9465670e-06 -3.8479903e-01] speed=0.0010 ang_speed=0.0019 ang_vel_vec=[0.00132025 0.00019434 0.00136529] |com_force|=0.0000N
### kotek_magnet[tick=540] sensor3: d=0.5470m in_range=False f_mag=0.000N tau_mag=0.0000Nm misalign_deg=90.0 pos=[-0.10910752 -0.10914607  0.49140105] bottom_world=[-0.10910746 -0.10914593  0.47140105] quat=[-3.8058367e-01 -2.5067852e-06 -2.6643768e-06  9.2474645e-01] speed=0.0005 ang_speed=0.0024 ang_vel_vec=[-0.00114039  0.00196321 -0.00077522] |com_force|=0.0000N
### kotek_magnet[tick=540] sensor4: d=0.5249m in_range=False f_mag=0.000N tau_mag=0.0000Nm misalign_deg=90.0 pos=[-0.10900021  0.1089985   0.49140236] bottom_world=[-0.1090001   0.10899881  0.47140236] quat=[ 3.8268307e-01  4.6260226e-07 -8.2506667e-06  9.2387974e-01] speed=0.0009 ang_speed=0.0017 ang_vel_vec=[-0.00054565 -0.00096708  0.00123748] |com_force|=0.0000N
### kotek_magnet[tick=600] sensor1: d=0.4082m in_range=False f_mag=0.000N tau_mag=0.0000Nm misalign_deg=90.0 pos=[0.10880428 0.10900895 0.49140245] bottom_world=[0.10880401 0.10900929 0.47140245] quat=[9.2484158e-01 1.0519730e-05 2.8822542e-06 3.8035282e-01] speed=0.0009 ang_speed=0.0030 ang_vel_vec=[-0.00186451 -0.00202104 -0.00116317] |com_force|=0.0000N
### kotek_magnet[tick=600] sensor2: d=0.3208m in_range=False f_mag=0.000N tau_mag=0.0000Nm misalign_deg=90.0 pos=[ 0.10902467 -0.10904671  0.4914011 ] bottom_world=[ 0.10902465 -0.10904654  0.47140111] quat=[ 9.2300081e-01  3.7055004e-06  1.9705303e-06 -3.8479808e-01] speed=0.0004 ang_speed=0.0022 ang_vel_vec=[-0.00173239 -0.00097629 -0.00103553] |com_force|=0.0000N
### kotek_magnet[tick=600] sensor3: d=0.5470m in_range=False f_mag=0.000N tau_mag=0.0000Nm misalign_deg=90.0 pos=[-0.10910725 -0.1091461   0.49140108] bottom_world=[-0.10910727 -0.10914594  0.47140108] quat=[-3.8058373e-01 -1.0052979e-06 -3.8250569e-06  9.2474645e-01] speed=0.0001 ang_speed=0.0007 ang_vel_vec=[-3.6945869e-04 -4.5260109e-05 -6.4526114e-04] |com_force|=0.0000N
### kotek_magnet[tick=600] sensor4: d=0.5249m in_range=False f_mag=0.000N tau_mag=0.0000Nm misalign_deg=90.0 pos=[-0.10900036  0.10899872  0.49140248] bottom_world=[-0.10900022  0.10899901  0.47140248] quat=[ 3.8268268e-01 -5.6288837e-07 -8.0655718e-06  9.2387986e-01] speed=0.0006 ang_speed=0.0047 ang_vel_vec=[-0.00155402  0.00439315  0.00016654] |com_force|=0.0000N
### kotek_magnet[tick=660] sensor1: d=0.4082m in_range=False f_mag=0.000N tau_mag=0.0000Nm misalign_deg=90.0 pos=[0.10880383 0.10900924 0.49140233] bottom_world=[0.10880373 0.10900937 0.47140233] quat=[9.2484164e-01 3.7527600e-06 1.0858295e-06 3.8035265e-01] speed=0.0006 ang_speed=0.0022 ang_vel_vec=[ 0.00099967 -0.00194049 -0.00042223] |com_force|=0.0000N
### kotek_magnet[tick=660] sensor2: d=0.3208m in_range=False f_mag=0.000N tau_mag=0.0000Nm misalign_deg=90.0 pos=[ 0.1090243  -0.10904739  0.4914011 ] bottom_world=[ 0.10902455 -0.10904701  0.47140111] quat=[ 9.2300093e-01  1.1183862e-05 -1.9577894e-06 -3.8479799e-01] speed=0.0010 ang_speed=0.0027 ang_vel_vec=[-0.00170901  0.00211169 -0.00035773] |com_force|=0.0000N
### kotek_magnet[tick=660] sensor3: d=0.5470m in_range=False f_mag=0.000N tau_mag=0.0000Nm misalign_deg=90.0 pos=[-0.10910647 -0.10914586  0.4914012 ] bottom_world=[-0.10910665 -0.10914567  0.4714012 ] quat=[-3.8058290e-01  2.3924454e-06 -6.2419194e-06  9.2474681e-01] speed=0.0009 ang_speed=0.0033 ang_vel_vec=[0.00268405 0.0001732  0.00191518] |com_force|=0.0000N
### kotek_magnet[tick=660] sensor4: d=0.5249m in_range=False f_mag=0.000N tau_mag=0.0000Nm misalign_deg=90.0 pos=[-0.1090002   0.10899852  0.49140236] bottom_world=[-0.10900008  0.10899884  0.47140236] quat=[ 3.8268310e-01  3.6210275e-07 -8.3301411e-06  9.2387968e-01] speed=0.0009 ang_speed=0.0020 ang_vel_vec=[-0.0007829  -0.0004046   0.00181257] |com_force|=0.0000N
### kotek_magnet[tick=720] sensor1: d=0.4082m in_range=False f_mag=0.000N tau_mag=0.0000Nm misalign_deg=90.0 pos=[0.1088043  0.10900896 0.4914023 ] bottom_world=[0.10880403 0.10900931 0.4714023 ] quat=[9.2484146e-01 1.0661262e-05 2.9574394e-06 3.8035282e-01] speed=0.0010 ang_speed=0.0028 ang_vel_vec=[-0.0019182  -0.00178616 -0.00090474] |com_force|=0.0000N
### kotek_magnet[tick=720] sensor2: d=0.3208m in_range=False f_mag=0.000N tau_mag=0.0000Nm misalign_deg=90.0 pos=[ 0.10902467 -0.1090467   0.4914012 ] bottom_world=[ 0.10902465 -0.10904653  0.4714012 ] quat=[ 9.2300081e-01  3.6276156e-06  2.0369205e-06 -3.8479805e-01] speed=0.0005 ang_speed=0.0026 ang_vel_vec=[-0.00202799 -0.00144368 -0.00080333] |com_force|=0.0000N
### kotek_magnet[tick=720] sensor3: d=0.5470m in_range=False f_mag=0.000N tau_mag=0.0000Nm misalign_deg=90.0 pos=[-0.10910725 -0.10914608  0.4914011 ] bottom_world=[-0.10910727 -0.10914592  0.47140111] quat=[-3.8058367e-01 -9.5518635e-07 -3.9861552e-06  9.2474651e-01] speed=0.0002 ang_speed=0.0018 ang_vel_vec=[-0.00158053 -0.00069644 -0.00042592] |com_force|=0.0000N
### kotek_magnet[tick=720] sensor4: d=0.5249m in_range=False f_mag=0.000N tau_mag=0.0000Nm misalign_deg=90.0 pos=[-0.10900038  0.10899872  0.49140236] bottom_world=[-0.10900023  0.10899901  0.47140236] quat=[ 3.8268268e-01 -6.0522359e-07 -8.1062371e-06  9.2387986e-01] speed=0.0006 ang_speed=0.0044 ang_vel_vec=[-0.00164903  0.00408285  0.00042736] |com_force|=0.0000N
### kotek_magnet[tick=780] sensor1: d=0.4082m in_range=False f_mag=0.000N tau_mag=0.0000Nm misalign_deg=90.0 pos=[0.10880431 0.10900897 0.49140236] bottom_world=[0.10880404 0.10900931 0.47140236] quat=[9.2484152e-01 1.0546161e-05 2.8979728e-06 3.8035280e-01] speed=0.0010 ang_speed=0.0027 ang_vel_vec=[-0.00183909 -0.00175197 -0.00080697] |com_force|=0.0000N
### kotek_magnet[tick=780] sensor2: d=0.3208m in_range=False f_mag=0.000N tau_mag=0.0000Nm misalign_deg=90.0 pos=[ 0.10902467 -0.10904587  0.49140114] bottom_world=[ 0.10902453 -0.10904593  0.47140114] quat=[ 9.2300063e-01 -2.8286256e-06  2.6340549e-06 -3.8479853e-01] speed=0.0006 ang_speed=0.0046 ang_vel_vec=[ 0.00199171 -0.00414799  0.0005712 ] |com_force|=0.0000N
### kotek_magnet[tick=780] sensor3: d=0.5470m in_range=False f_mag=0.000N tau_mag=0.0000Nm misalign_deg=90.0 pos=[-0.1091073  -0.10914578  0.49140102] bottom_world=[-0.10910727 -0.10914575  0.47140102] quat=[-3.8058341e-01 -9.3573084e-07 -5.5429052e-07  9.2474657e-01] speed=0.0003 ang_speed=0.0058 ang_vel_vec=[0.00509305 0.00278459 0.00044373] |com_force|=0.0000N
### kotek_magnet[tick=780] sensor4: d=0.5249m in_range=False f_mag=0.000N tau_mag=0.0000Nm misalign_deg=90.0 pos=[-0.10900021  0.10899848  0.49140227] bottom_world=[-0.10900011  0.10899879  0.47140227] quat=[ 3.8268307e-01  4.6840839e-07 -8.1949274e-06  9.2387968e-01] speed=0.0009 ang_speed=0.0018 ang_vel_vec=[-0.000528   -0.00096171  0.00138839] |com_force|=0.0000N
### kotek_magnet[tick=840] sensor1: d=0.4082m in_range=False f_mag=0.000N tau_mag=0.0000Nm misalign_deg=90.0 pos=[0.10880432 0.10900895 0.4914024 ] bottom_world=[0.10880405 0.10900929 0.47140239] quat=[9.2484146e-01 1.0503974e-05 2.9059438e-06 3.8035274e-01] speed=0.0010 ang_speed=0.0029 ang_vel_vec=[-0.00196022 -0.00181271 -0.00101941] |com_force|=0.0000N
### kotek_magnet[tick=840] sensor2: d=0.3208m in_range=False f_mag=0.000N tau_mag=0.0000Nm misalign_deg=90.0 pos=[ 0.10902472 -0.10904559  0.49140108] bottom_world=[ 0.10902452 -0.1090457   0.47140108] quat=[ 9.2300063e-01 -4.3452696e-06  3.5229934e-06 -3.8479871e-01] speed=0.0009 ang_speed=0.0029 ang_vel_vec=[-0.0003497  -0.00277157  0.00057089] |com_force|=0.0000N
### kotek_magnet[tick=840] sensor3: d=0.5470m in_range=False f_mag=0.000N tau_mag=0.0000Nm misalign_deg=90.0 pos=[-0.10910649 -0.10914589  0.49140108] bottom_world=[-0.10910667 -0.1091457   0.47140108] quat=[-3.8058314e-01  2.3816183e-06 -6.2233280e-06  9.2474681e-01] speed=0.0009 ang_speed=0.0029 ang_vel_vec=[0.00258194 0.00033197 0.00132739] |com_force|=0.0000N
### kotek_magnet[tick=840] sensor4: d=0.5249m in_range=False f_mag=0.000N tau_mag=0.0000Nm misalign_deg=90.0 pos=[-0.10900021  0.10899846  0.49140236] bottom_world=[-0.1090001   0.10899877  0.47140236] quat=[ 3.8268307e-01  5.0526029e-07 -8.1483595e-06  9.2387980e-01] speed=0.0009 ang_speed=0.0016 ang_vel_vec=[-0.00052289 -0.00102997  0.00116873] |com_force|=0.0000N
### kotek_magnet[tick=900] sensor1: d=0.4082m in_range=False f_mag=0.000N tau_mag=0.0000Nm misalign_deg=90.0 pos=[0.10880288 0.10900892 0.4914023 ] bottom_world=[0.10880294 0.1090091  0.4714023 ] quat=[ 9.2484188e-01  3.6962549e-06 -2.9843648e-06  3.8035193e-01] speed=0.0007 ang_speed=0.0049 ang_vel_vec=[-0.00414831 -0.00243009  0.00109898] |com_force|=0.0000N
### kotek_magnet[tick=900] sensor2: d=0.3208m in_range=False f_mag=0.000N tau_mag=0.0000Nm misalign_deg=90.0 pos=[ 0.10902447 -0.10904569  0.49140117] bottom_world=[ 0.10902437 -0.10904579  0.47140117] quat=[ 9.2300051e-01 -3.1970421e-06  1.5276103e-06 -3.8479897e-01] speed=0.0010 ang_speed=0.0024 ang_vel_vec=[0.00065665 0.00172114 0.00152571] |com_force|=0.0000N
### kotek_magnet[tick=900] sensor3: d=0.5470m in_range=False f_mag=0.000N tau_mag=0.0000Nm misalign_deg=90.0 pos=[-0.10910753 -0.1091461   0.49140114] bottom_world=[-0.10910749 -0.10914597  0.47140114] quat=[-3.8058382e-01 -2.2143836e-06 -2.6894936e-06  9.2474651e-01] speed=0.0005 ang_speed=0.0022 ang_vel_vec=[-0.00082144  0.00198937 -0.00063653] |com_force|=0.0000N
### kotek_magnet[tick=900] sensor4: d=0.5249m in_range=False f_mag=0.000N tau_mag=0.0000Nm misalign_deg=90.0 pos=[-0.10900021  0.10899847  0.49140242] bottom_world=[-0.10900008  0.10899879  0.47140242] quat=[ 3.8268307e-01  9.5651693e-08 -8.5937963e-06  9.2387968e-01] speed=0.0009 ang_speed=0.0019 ang_vel_vec=[-0.00112205  0.00044982  0.00144014] |com_force|=0.0000N
### kotek_magnet[tick=960] sensor1: d=0.4082m in_range=False f_mag=0.000N tau_mag=0.0000Nm misalign_deg=90.0 pos=[0.10880259 0.10900905 0.49140248] bottom_world=[0.10880278 0.10900908 0.47140248] quat=[ 9.2484200e-01 -1.0187299e-06 -4.6952659e-06  3.8035172e-01] speed=0.0010 ang_speed=0.0032 ang_vel_vec=[-0.00281931 -0.00037906  0.00152722] |com_force|=0.0000N
### kotek_magnet[tick=960] sensor2: d=0.3208m in_range=False f_mag=0.000N tau_mag=0.0000Nm misalign_deg=90.0 pos=[ 0.10902449 -0.10904563  0.49140114] bottom_world=[ 0.10902438 -0.10904572  0.47140114] quat=[ 9.2300057e-01 -3.1268262e-06  1.7409659e-06 -3.8479877e-01] speed=0.0010 ang_speed=0.0020 ang_vel_vec=[0.00078399 0.00106033 0.00152719] |com_force|=0.0000N
### kotek_magnet[tick=960] sensor3: d=0.5470m in_range=False f_mag=0.000N tau_mag=0.0000Nm misalign_deg=90.0 pos=[-0.10910815 -0.1091458   0.49140117] bottom_world=[-0.10910788 -0.10914591  0.47140117] quat=[-3.8058403e-01 -5.1297898e-06  5.2509354e-06  9.2474639e-01] speed=0.0010 ang_speed=0.0025 ang_vel_vec=[ 0.00181251  0.0015546  -0.00068914] |com_force|=0.0000N
### kotek_magnet[tick=960] sensor4: d=0.5249m in_range=False f_mag=0.000N tau_mag=0.0000Nm misalign_deg=90.0 pos=[-0.10900021  0.10899848  0.49140242] bottom_world=[-0.10900012  0.10899879  0.47140242] quat=[ 3.8268304e-01  6.7257059e-07 -8.0548334e-06  9.2387974e-01] speed=0.0009 ang_speed=0.0022 ang_vel_vec=[-0.00013338 -0.00169745  0.00141834] |com_force|=0.0000N
### kotek_magnet[tick=1020] sensor1: d=0.4082m in_range=False f_mag=0.000N tau_mag=0.0000Nm misalign_deg=90.0 pos=[0.10880259 0.10900906 0.49140233] bottom_world=[0.10880278 0.10900908 0.47140233] quat=[ 9.2484194e-01 -1.3260607e-06 -4.7017734e-06  3.8035154e-01] speed=0.0010 ang_speed=0.0026 ang_vel_vec=[-0.00214951 -0.00011756  0.00142921] |com_force|=0.0000N
### kotek_magnet[tick=1020] sensor2: d=0.3208m in_range=False f_mag=0.000N tau_mag=0.0000Nm misalign_deg=90.0 pos=[ 0.10902463 -0.10904589  0.49140114] bottom_world=[ 0.10902449 -0.10904595  0.47140114] quat=[ 9.2300057e-01 -2.7174199e-06  2.5963520e-06 -3.8479871e-01] speed=0.0006 ang_speed=0.0047 ang_vel_vec=[ 0.0020088  -0.00425727  0.00050317] |com_force|=0.0000N
### kotek_magnet[tick=1020] sensor3: d=0.5470m in_range=False f_mag=0.000N tau_mag=0.0000Nm misalign_deg=90.0 pos=[-0.10910814 -0.10914578  0.49140105] bottom_world=[-0.10910788 -0.10914589  0.47140105] quat=[-3.8058400e-01 -4.9719342e-06  5.0825429e-06  9.2474639e-01] speed=0.0010 ang_speed=0.0027 ang_vel_vec=[ 0.00194693  0.00169925 -0.00080089] |com_force|=0.0000N
### kotek_magnet[tick=1020] sensor4: d=0.5249m in_range=False f_mag=0.000N tau_mag=0.0000Nm misalign_deg=90.0 pos=[-0.10900018  0.10899848  0.49140236] bottom_world=[-0.10900008  0.10899879  0.47140236] quat=[ 3.8268310e-01  5.1297496e-07 -8.2173774e-06  9.2387968e-01] speed=0.0009 ang_speed=0.0017 ang_vel_vec=[-0.00056805 -0.00089344  0.00133558] |com_force|=0.0000N
### kotek_magnet[tick=1080] sensor1: d=0.4082m in_range=False f_mag=0.000N tau_mag=0.0000Nm misalign_deg=90.0 pos=[0.10880256 0.10900909 0.49140224] bottom_world=[0.10880275 0.10900911 0.47140224] quat=[ 9.2484188e-01 -1.3800061e-06 -4.6906771e-06  3.8035169e-01] speed=0.0010 ang_speed=0.0030 ang_vel_vec=[-0.00262083 -0.00026914  0.00141733] |com_force|=0.0000N
### kotek_magnet[tick=1080] sensor2: d=0.3208m in_range=False f_mag=0.000N tau_mag=0.0000Nm misalign_deg=90.0 pos=[ 0.10902447 -0.10904562  0.4914011 ] bottom_world=[ 0.10902438 -0.1090457   0.47140111] quat=[ 9.2300045e-01 -2.8023110e-06  1.4303887e-06 -3.8479906e-01] speed=0.0010 ang_speed=0.0023 ang_vel_vec=[0.00026974 0.00176774 0.00143511] |com_force|=0.0000N
### kotek_magnet[tick=1080] sensor3: d=0.5470m in_range=False f_mag=0.000N tau_mag=0.0000Nm misalign_deg=90.0 pos=[-0.10910723 -0.10914608  0.49140096] bottom_world=[-0.10910725 -0.10914592  0.47140096] quat=[-3.8058370e-01 -9.1491893e-07 -4.0333025e-06  9.2474651e-01] speed=0.0001 ang_speed=0.0013 ang_vel_vec=[-0.00114219 -0.00056846 -0.00028087] |com_force|=0.0000N
### kotek_magnet[tick=1080] sensor4: d=0.5249m in_range=False f_mag=0.000N tau_mag=0.0000Nm misalign_deg=90.0 pos=[-0.10900012  0.10899931  0.4914022 ] bottom_world=[-0.10900019  0.1089994   0.47140221] quat=[ 3.8268274e-01  2.3289949e-06 -1.5530857e-06  9.2387986e-01] speed=0.0002 ang_speed=0.0052 ang_vel_vec=[ 0.00248219 -0.00457109  0.0003149 ] |com_force|=0.0000N
### kotek_magnet[tick=1140] sensor1: d=0.4082m in_range=False f_mag=0.000N tau_mag=0.0000Nm misalign_deg=90.0 pos=[0.10880259 0.10900912 0.49140233] bottom_world=[0.10880278 0.10900914 0.47140233] quat=[ 9.2484194e-01 -1.3115734e-06 -4.6946120e-06  3.8035187e-01] speed=0.0010 ang_speed=0.0029 ang_vel_vec=[-0.00246157 -0.00015698  0.00159233] |com_force|=0.0000N
### kotek_magnet[tick=1140] sensor2: d=0.3208m in_range=False f_mag=0.000N tau_mag=0.0000Nm misalign_deg=90.0 pos=[ 0.10902433 -0.10904732  0.49140108] bottom_world=[ 0.10902456 -0.10904695  0.47140108] quat=[ 9.2300087e-01  1.0849832e-05 -1.6962572e-06 -3.8479787e-01] speed=0.0010 ang_speed=0.0025 ang_vel_vec=[-0.00152478  0.0018305  -0.00062255] |com_force|=0.0000N
### kotek_magnet[tick=1140] sensor3: d=0.5470m in_range=False f_mag=0.000N tau_mag=0.0000Nm misalign_deg=90.0 pos=[-0.10910729 -0.10914605  0.49140102] bottom_world=[-0.1091073  -0.1091459   0.47140102] quat=[-3.8058361e-01 -1.0506870e-06 -3.7020232e-06  9.2474645e-01] speed=0.0001 ang_speed=0.0007 ang_vel_vec=[-0.00067623  0.00010387 -0.00020984] |com_force|=0.0000N
### kotek_magnet[tick=1140] sensor4: d=0.5249m in_range=False f_mag=0.000N tau_mag=0.0000Nm misalign_deg=90.0 pos=[-0.10900022  0.10899848  0.4914023 ] bottom_world=[-0.1090001  0.1089988  0.4714023] quat=[ 3.8268304e-01  3.5846026e-07 -8.4986914e-06  9.2387980e-01] speed=0.0009 ang_speed=0.0018 ang_vel_vec=[-0.0006385  -0.00086466  0.00149324] |com_force|=0.0000N
### kotek_magnet[tick=1200] sensor1: d=0.4082m in_range=False f_mag=0.000N tau_mag=0.0000Nm misalign_deg=90.0 pos=[0.10880255 0.10900911 0.4914024 ] bottom_world=[0.10880277 0.1090091  0.47140239] quat=[ 9.2484200e-01 -2.2921470e-06 -4.9007858e-06  3.8035166e-01] speed=0.0010 ang_speed=0.0018 ang_vel_vec=[-0.00080064  0.00065929  0.00141289] |com_force|=0.0000N
### kotek_magnet[tick=1200] sensor2: d=0.3208m in_range=False f_mag=0.000N tau_mag=0.0000Nm misalign_deg=90.0 pos=[ 0.10902434 -0.10904735  0.49140114] bottom_world=[ 0.10902456 -0.10904699  0.47140114] quat=[ 9.2300087e-01  1.0666438e-05 -1.6804725e-06 -3.8479793e-01] speed=0.0010 ang_speed=0.0027 ang_vel_vec=[-0.00159042  0.00197613 -0.00084644] |com_force|=0.0000N
### kotek_magnet[tick=1200] sensor3: d=0.5470m in_range=False f_mag=0.000N tau_mag=0.0000Nm misalign_deg=90.0 pos=[-0.10910648 -0.10914587  0.49140114] bottom_world=[-0.10910667 -0.10914567  0.47140114] quat=[-3.8058305e-01  2.5284271e-06 -6.5175118e-06  9.2474675e-01] speed=0.0009 ang_speed=0.0028 ang_vel_vec=[2.3927502e-03 8.3519517e-05 1.4316293e-03] |com_force|=0.0000N
### kotek_magnet[tick=1200] sensor4: d=0.5249m in_range=False f_mag=0.000N tau_mag=0.0000Nm misalign_deg=90.0 pos=[-0.10899989  0.10900027  0.49140224] bottom_world=[-0.10900018  0.10900011  0.47140224] quat=[3.8268238e-01 5.1554257e-06 6.5636373e-06 9.2387998e-01] speed=0.0013 ang_speed=0.0143 ang_vel_vec=[ 0.00738429 -0.0122406  -0.00032342] |com_force|=0.0000N
### kotek_magnet[tick=1260] sensor1: d=0.4082m in_range=False f_mag=0.000N tau_mag=0.0000Nm misalign_deg=90.0 pos=[0.10880258 0.10900908 0.4914024 ] bottom_world=[0.10880278 0.10900909 0.47140239] quat=[ 9.2484200e-01 -1.5100076e-06 -4.6740242e-06  3.8035163e-01] speed=0.0010 ang_speed=0.0022 ang_vel_vec=[-0.00162721  0.00014362  0.00146429] |com_force|=0.0000N
### kotek_magnet[tick=1260] sensor2: d=0.3208m in_range=False f_mag=0.000N tau_mag=0.0000Nm misalign_deg=90.0 pos=[ 0.10902464 -0.10904645  0.49140105] bottom_world=[ 0.1090246  -0.10904637  0.47140105] quat=[ 9.2300069e-01  1.5690727e-06  1.7692828e-06 -3.8479835e-01] speed=0.0001 ang_speed=0.0016 ang_vel_vec=[ 0.00106453 -0.00118385 -0.00034462] |com_force|=0.0000N
### kotek_magnet[tick=1260] sensor3: d=0.5470m in_range=False f_mag=0.000N tau_mag=0.0000Nm misalign_deg=90.0 pos=[-0.10910749 -0.10914606  0.4914011 ] bottom_world=[-0.10910744 -0.10914594  0.47140111] quat=[-3.8058391e-01 -2.3890639e-06 -2.3290420e-06  9.2474651e-01] speed=0.0005 ang_speed=0.0023 ang_vel_vec=[-0.00054092  0.00207773 -0.00072123] |com_force|=0.0000N
### kotek_magnet[tick=1260] sensor4: d=0.5249m in_range=False f_mag=0.000N tau_mag=0.0000Nm misalign_deg=90.0 pos=[-0.10900019  0.10899849  0.49140236] bottom_world=[-0.10900008  0.1089988   0.47140236] quat=[ 3.8268310e-01  3.9209868e-07 -8.2148072e-06  9.2387974e-01] speed=0.0009 ang_speed=0.0016 ang_vel_vec=[-0.00069547 -0.00048084  0.00135691] |com_force|=0.0000N
### kotek_magnet[tick=1320] sensor1: d=0.4082m in_range=False f_mag=0.000N tau_mag=0.0000Nm misalign_deg=90.0 pos=[0.10880258 0.10900909 0.49140233] bottom_world=[0.10880277 0.10900911 0.47140233] quat=[ 9.2484194e-01 -1.4154596e-06 -4.6195732e-06  3.8035163e-01] speed=0.0010 ang_speed=0.0025 ang_vel_vec=[-0.00185764  0.00011238  0.00168668] |com_force|=0.0000N
### kotek_magnet[tick=1320] sensor2: d=0.3208m in_range=False f_mag=0.000N tau_mag=0.0000Nm misalign_deg=90.0 pos=[ 0.10902448 -0.10904562  0.4914011 ] bottom_world=[ 0.10902438 -0.10904571  0.47140111] quat=[ 9.2300040e-01 -2.9713426e-06  1.4034130e-06 -3.8479897e-01] speed=0.0010 ang_speed=0.0026 ang_vel_vec=[0.00033129 0.00196925 0.0016793 ] |com_force|=0.0000N
### kotek_magnet[tick=1320] sensor3: d=0.5470m in_range=False f_mag=0.000N tau_mag=0.0000Nm misalign_deg=90.0 pos=[-0.10910641 -0.10914587  0.49140117] bottom_world=[-0.10910661 -0.10914566  0.47140117] quat=[-3.8058296e-01  2.6885066e-06 -6.9462649e-06  9.2474681e-01] speed=0.0010 ang_speed=0.0025 ang_vel_vec=[ 0.00172751 -0.00038072  0.00174043] |com_force|=0.0000N
### kotek_magnet[tick=1320] sensor4: d=0.5249m in_range=False f_mag=0.000N tau_mag=0.0000Nm misalign_deg=90.0 pos=[-0.10900035  0.10899936  0.4914022 ] bottom_world=[-0.1090003   0.10899949  0.47140221] quat=[ 3.8268244e-01  2.3660675e-07 -3.3988772e-06  9.2388004e-01] speed=0.0002 ang_speed=0.0009 ang_vel_vec=[ 3.8553197e-05  8.6800719e-04 -1.5101259e-04] |com_force|=0.0000N
### kotek_magnet[tick=1380] sensor1: d=0.4082m in_range=False f_mag=0.000N tau_mag=0.0000Nm misalign_deg=90.0 pos=[0.10880282 0.10900926 0.49140233] bottom_world=[0.10880299 0.10900923 0.47140233] quat=[ 9.2484182e-01 -2.3367684e-06 -3.7278492e-06  3.8035208e-01] speed=0.0006 ang_speed=0.0047 ang_vel_vec=[0.00424823 0.00183079 0.00058842] |com_force|=0.0000N
### kotek_magnet[tick=1380] sensor2: d=0.3208m in_range=False f_mag=0.000N tau_mag=0.0000Nm misalign_deg=90.0 pos=[ 0.1090247  -0.10904557  0.49140108] bottom_world=[ 0.10902449 -0.10904568  0.47140108] quat=[ 9.2300051e-01 -4.5813599e-06  3.5761107e-06 -3.8479879e-01] speed=0.0009 ang_speed=0.0031 ang_vel_vec=[-0.00016373 -0.00297519  0.00075121] |com_force|=0.0000N
### kotek_magnet[tick=1380] sensor3: d=0.5470m in_range=False f_mag=0.000N tau_mag=0.0000Nm misalign_deg=90.0 pos=[-0.10910728 -0.10914604  0.49140108] bottom_world=[-0.1091073  -0.10914589  0.47140108] quat=[-3.8058376e-01 -9.1769698e-07 -3.7800933e-06  9.2474657e-01] speed=0.0001 ang_speed=0.0012 ang_vel_vec=[-0.00100333 -0.00053039 -0.00034047] |com_force|=0.0000N
### kotek_magnet[tick=1380] sensor4: d=0.5249m in_range=False f_mag=0.000N tau_mag=0.0000Nm misalign_deg=90.0 pos=[-0.10900038  0.10899875  0.4914023 ] bottom_world=[-0.10900023  0.10899904  0.4714023 ] quat=[ 3.8268265e-01 -7.0999920e-07 -8.1399703e-06  9.2387992e-01] speed=0.0006 ang_speed=0.0048 ang_vel_vec=[-0.00176337  0.0044661   0.0004849 ] |com_force|=0.0000N
### kotek_magnet[tick=1440] sensor1: d=0.4082m in_range=False f_mag=0.000N tau_mag=0.0000Nm misalign_deg=90.0 pos=[0.1088044  0.10900877 0.49140236] bottom_world=[0.1088041  0.10900921 0.47140236] quat=[9.2484158e-01 1.2940436e-05 2.6978548e-06 3.8035247e-01] speed=0.0013 ang_speed=0.0165 ang_vel_vec=[-0.01417492 -0.00839077 -0.00037535] |com_force|=0.0000N
### kotek_magnet[tick=1440] sensor2: d=0.3208m in_range=False f_mag=0.000N tau_mag=0.0000Nm misalign_deg=90.0 pos=[ 0.10902467 -0.1090456   0.49140108] bottom_world=[ 0.10902447 -0.10904571  0.47140108] quat=[ 9.2300057e-01 -4.4984886e-06  3.6333265e-06 -3.8479879e-01] speed=0.0009 ang_speed=0.0030 ang_vel_vec=[-0.00022355 -0.00290859  0.00081476] |com_force|=0.0000N
### kotek_magnet[tick=1440] sensor3: d=0.5470m in_range=False f_mag=0.000N tau_mag=0.0000Nm misalign_deg=90.0 pos=[-0.1091075  -0.10914606  0.49140114] bottom_world=[-0.10910745 -0.10914593  0.47140114] quat=[-3.8058379e-01 -2.4948295e-06 -2.5766890e-06  9.2474645e-01] speed=0.0005 ang_speed=0.0023 ang_vel_vec=[-0.00118481  0.00188577 -0.00063927] |com_force|=0.0000N
### kotek_magnet[tick=1440] sensor4: d=0.5249m in_range=False f_mag=0.000N tau_mag=0.0000Nm misalign_deg=90.0 pos=[-0.10900022  0.10899851  0.49140233] bottom_world=[-0.10900011  0.10899882  0.47140233] quat=[ 3.826831e-01  5.150307e-07 -8.165719e-06  9.238797e-01] speed=0.0009 ang_speed=0.0019 ang_vel_vec=[-0.00039517 -0.00120479  0.00141825] |com_force|=0.0000N
### kotek_magnet[tick=1500] sensor1: d=0.4082m in_range=False f_mag=0.000N tau_mag=0.0000Nm misalign_deg=90.0 pos=[0.10880437 0.10900877 0.49140233] bottom_world=[0.10880409 0.1090092  0.47140233] quat=[9.2484158e-01 1.2596264e-05 2.6333728e-06 3.8035250e-01] speed=0.0013 ang_speed=0.0155 ang_vel_vec=[-0.01336055 -0.00784264 -0.00036646] |com_force|=0.0000N
### kotek_magnet[tick=1500] sensor2: d=0.3208m in_range=False f_mag=0.000N tau_mag=0.0000Nm misalign_deg=90.0 pos=[ 0.10902464 -0.10904645  0.49140105] bottom_world=[ 0.10902459 -0.10904636  0.47140105] quat=[ 9.2300075e-01  1.5689599e-06  1.9863542e-06 -3.8479826e-01] speed=0.0001 ang_speed=0.0018 ang_vel_vec=[ 0.00057693 -0.00171832 -0.0003214 ] |com_force|=0.0000N
### kotek_magnet[tick=1500] sensor3: d=0.5470m in_range=False f_mag=0.000N tau_mag=0.0000Nm misalign_deg=90.0 pos=[-0.1091075  -0.10914603  0.4914011 ] bottom_world=[-0.10910745 -0.1091459   0.47140111] quat=[-3.8058382e-01 -2.4762912e-06 -2.5170382e-06  9.2474639e-01] speed=0.0005 ang_speed=0.0025 ang_vel_vec=[-0.00133165  0.00204924 -0.00069875] |com_force|=0.0000N
### kotek_magnet[tick=1500] sensor4: d=0.5249m in_range=False f_mag=0.000N tau_mag=0.0000Nm misalign_deg=90.0 pos=[-0.10900021  0.10899851  0.49140227] bottom_world=[-0.1090001   0.10899882  0.47140227] quat=[ 3.8268301e-01  4.2763330e-07 -8.2107081e-06  9.2387974e-01] speed=0.0009 ang_speed=0.0017 ang_vel_vec=[-0.00061897 -0.00074365  0.00139406] |com_force|=0.0000N
### kotek_magnet[tick=1560] sensor1: d=0.4082m in_range=False f_mag=0.000N tau_mag=0.0000Nm misalign_deg=90.0 pos=[0.1088043  0.10900895 0.4914023 ] bottom_world=[0.10880403 0.1090093  0.4714023 ] quat=[9.2484152e-01 1.0511126e-05 2.9325313e-06 3.8035282e-01] speed=0.0010 ang_speed=0.0027 ang_vel_vec=[-0.0017922  -0.00175417 -0.00102101] |com_force|=0.0000N
### kotek_magnet[tick=1560] sensor2: d=0.3208m in_range=False f_mag=0.000N tau_mag=0.0000Nm misalign_deg=90.0 pos=[ 0.10902463 -0.10904672  0.49140114] bottom_world=[ 0.10902462 -0.10904655  0.47140114] quat=[ 9.2300081e-01  3.8594703e-06  1.9241688e-06 -3.8479808e-01] speed=0.0005 ang_speed=0.0024 ang_vel_vec=[-0.00217505 -0.00061572 -0.00089577] |com_force|=0.0000N
### kotek_magnet[tick=1560] sensor3: d=0.5470m in_range=False f_mag=0.000N tau_mag=0.0000Nm misalign_deg=90.0 pos=[-0.10910817 -0.10914579  0.49140117] bottom_world=[-0.10910791 -0.10914591  0.47140117] quat=[-3.8058406e-01 -4.9140062e-06  5.2229047e-06  9.2474639e-01] speed=0.0010 ang_speed=0.0027 ang_vel_vec=[ 0.00196667  0.00156512 -0.0009553 ] |com_force|=0.0000N
### kotek_magnet[tick=1560] sensor4: d=0.5249m in_range=False f_mag=0.000N tau_mag=0.0000Nm misalign_deg=90.0 pos=[-0.10900024  0.10899851  0.49140227] bottom_world=[-0.10900013  0.10899882  0.47140227] quat=[ 3.826829e-01  5.081984e-07 -8.146733e-06  9.238798e-01] speed=0.0009 ang_speed=0.0016 ang_vel_vec=[-0.00041452 -0.00100346  0.00118201] |com_force|=0.0000N
### kotek_magnet[tick=1620] sensor1: d=0.4082m in_range=False f_mag=0.000N tau_mag=0.0000Nm misalign_deg=90.0 pos=[0.10880377 0.10900928 0.49140233] bottom_world=[0.10880368 0.1090094  0.47140233] quat=[9.2484152e-01 3.7012778e-06 9.6610552e-07 3.8035268e-01] speed=0.0006 ang_speed=0.0025 ang_vel_vec=[ 0.00046419 -0.00225504 -0.00098149] |com_force|=0.0000N
### kotek_magnet[tick=1620] sensor2: d=0.3208m in_range=False f_mag=0.000N tau_mag=0.0000Nm misalign_deg=90.0 pos=[ 0.10902461 -0.10904672  0.49140108] bottom_world=[ 0.10902459 -0.10904656  0.47140108] quat=[ 9.2300081e-01  3.6497943e-06  1.9223608e-06 -3.8479811e-01] speed=0.0004 ang_speed=0.0024 ang_vel_vec=[-0.00200813 -0.00099923 -0.00081246] |com_force|=0.0000N
### kotek_magnet[tick=1620] sensor3: d=0.5470m in_range=False f_mag=0.000N tau_mag=0.0000Nm misalign_deg=90.0 pos=[-0.10910752 -0.10914605  0.49140105] bottom_world=[-0.10910746 -0.10914592  0.47140105] quat=[-3.8058394e-01 -2.4432391e-06 -2.4065539e-06  9.2474639e-01] speed=0.0005 ang_speed=0.0024 ang_vel_vec=[-0.0009822   0.002021   -0.00080902] |com_force|=0.0000N
### kotek_magnet[tick=1620] sensor4: d=0.5249m in_range=False f_mag=0.000N tau_mag=0.0000Nm misalign_deg=90.0 pos=[-0.10900035  0.10899931  0.4914022 ] bottom_world=[-0.1090003   0.10899945  0.47140221] quat=[ 3.8268247e-01  2.4798999e-07 -3.5847156e-06  9.2388004e-01] speed=0.0002 ang_speed=0.0014 ang_vel_vec=[-0.00036526  0.00122898 -0.00046202] |com_force|=0.0000N
### kotek_magnet[tick=1680] sensor1: d=0.4082m in_range=False f_mag=0.000N tau_mag=0.0000Nm misalign_deg=90.0 pos=[0.10880381 0.10900925 0.49140242] bottom_world=[0.10880372 0.10900937 0.47140242] quat=[9.2484158e-01 3.4875175e-06 8.9269037e-07 3.8035265e-01] speed=0.0006 ang_speed=0.0025 ang_vel_vec=[ 0.0012575  -0.00197386 -0.00075765] |com_force|=0.0000N
### kotek_magnet[tick=1680] sensor2: d=0.3208m in_range=False f_mag=0.000N tau_mag=0.0000Nm misalign_deg=90.0 pos=[ 0.10902472 -0.10904561  0.49140105] bottom_world=[ 0.10902452 -0.10904572  0.47140105] quat=[ 9.2300051e-01 -4.4818153e-06  3.6337349e-06 -3.8479891e-01] speed=0.0009 ang_speed=0.0031 ang_vel_vec=[-6.1329854e-05 -3.0120148e-03  8.8661403e-04] |com_force|=0.0000N
### kotek_magnet[tick=1680] sensor3: d=0.5470m in_range=False f_mag=0.000N tau_mag=0.0000Nm misalign_deg=90.0 pos=[-0.10910755 -0.10914586  0.49140105] bottom_world=[-0.10910747 -0.10914585  0.47140105] quat=[-3.8058367e-01 -2.0224131e-06  4.8099355e-07  9.2474651e-01] speed=0.0004 ang_speed=0.0025 ang_vel_vec=[ 1.6084884e-03  1.9722742e-03 -8.0645324e-05] |com_force|=0.0000N
### kotek_magnet[tick=1680] sensor4: d=0.5249m in_range=False f_mag=0.000N tau_mag=0.0000Nm misalign_deg=90.0 pos=[-0.10900036  0.10899928  0.49140227] bottom_world=[-0.10900031  0.10899943  0.47140227] quat=[ 3.8268238e-01  1.1876435e-07 -3.8625985e-06  9.2387998e-01] speed=0.0002 ang_speed=0.0021 ang_vel_vec=[-0.00086253  0.00189718 -0.00023492] |com_force|=0.0000N
### still playing, 1370s left
### kotek_magnet[tick=1740] sensor1: d=0.4082m in_range=False f_mag=0.000N tau_mag=0.0000Nm misalign_deg=90.0 pos=[0.10880381 0.10900928 0.49140224] bottom_world=[0.10880371 0.1090094  0.47140224] quat=[9.2484152e-01 3.7655429e-06 9.9403530e-07 3.8035268e-01] speed=0.0006 ang_speed=0.0029 ang_vel_vec=[-0.00017072 -0.00265864 -0.00112602] |com_force|=0.0000N
### kotek_magnet[tick=1740] sensor2: d=0.3208m in_range=False f_mag=0.000N tau_mag=0.0000Nm misalign_deg=90.0 pos=[ 0.10902444 -0.10904674  0.49140102] bottom_world=[ 0.10902455 -0.10904654  0.47140102] quat=[ 9.2300087e-01  5.6177228e-06 -5.0891123e-07 -3.8479811e-01] speed=0.0003 ang_speed=0.0030 ang_vel_vec=[-0.00236171  0.00181951 -0.00045082] |com_force|=0.0000N
### kotek_magnet[tick=1740] sensor3: d=0.5470m in_range=False f_mag=0.000N tau_mag=0.0000Nm misalign_deg=90.0 pos=[-0.10910755 -0.10914586  0.49140105] bottom_world=[-0.10910746 -0.10914586  0.47140105] quat=[-3.8058376e-01 -2.1646565e-06  8.8276670e-07  9.2474645e-01] speed=0.0004 ang_speed=0.0030 ang_vel_vec=[ 0.0018204   0.00237311 -0.00045176] |com_force|=0.0000N
### kotek_magnet[tick=1740] sensor4: d=0.5249m in_range=False f_mag=0.000N tau_mag=0.0000Nm misalign_deg=90.0 pos=[-0.10900008  0.10900021  0.4914023 ] bottom_world=[-0.1090003   0.10900006  0.4714023 ] quat=[3.8268209e-01 3.7927121e-06 5.5219230e-06 9.2388010e-01] speed=0.0010 ang_speed=0.0029 ang_vel_vec=[ 0.00191651 -0.00197786 -0.00099596] |com_force|=0.0000N
### kotek_magnet[tick=1800] sensor1: d=0.4082m in_range=False f_mag=0.000N tau_mag=0.0000Nm misalign_deg=90.0 pos=[0.10880419 0.10900887 0.49140236] bottom_world=[0.10880393 0.10900923 0.47140236] quat=[9.2484164e-01 1.0647734e-05 2.5580418e-06 3.8035253e-01] speed=0.0009 ang_speed=0.0041 ang_vel_vec=[-0.00270049 -0.00300038 -0.00043197] |com_force|=0.0000N
### kotek_magnet[tick=1800] sensor2: d=0.3208m in_range=False f_mag=0.000N tau_mag=0.0000Nm misalign_deg=90.0 pos=[ 0.10902444 -0.10904676  0.49140108] bottom_world=[ 0.10902454 -0.10904656  0.47140108] quat=[ 9.2300075e-01  5.5858177e-06 -3.8833866e-07 -3.8479835e-01] speed=0.0004 ang_speed=0.0029 ang_vel_vec=[-0.00240702  0.00154994 -0.00011758] |com_force|=0.0000N
### kotek_magnet[tick=1800] sensor3: d=0.5470m in_range=False f_mag=0.000N tau_mag=0.0000Nm misalign_deg=90.0 pos=[-0.10910751 -0.10914606  0.49140114] bottom_world=[-0.10910745 -0.10914593  0.47140114] quat=[-3.8058373e-01 -2.5860863e-06 -2.4290869e-06  9.2474645e-01] speed=0.0005 ang_speed=0.0024 ang_vel_vec=[-0.00134177  0.00194453 -0.00060187] |com_force|=0.0000N
### kotek_magnet[tick=1800] sensor4: d=0.5249m in_range=False f_mag=0.000N tau_mag=0.0000Nm misalign_deg=90.0 pos=[-0.10900006  0.10900017  0.49140236] bottom_world=[-0.10900029  0.10900003  0.47140236] quat=[3.8268220e-01 3.7582010e-06 5.3767817e-06 9.2388010e-01] speed=0.0010 ang_speed=0.0024 ang_vel_vec=[ 0.00162969 -0.00168842 -0.00064715] |com_force|=0.0000N
### kotek_magnet[tick=1860] sensor1: d=0.4082m in_range=False f_mag=0.000N tau_mag=0.0000Nm misalign_deg=90.0 pos=[0.10880379 0.10900929 0.49140233] bottom_world=[0.1088037  0.10900942 0.47140233] quat=[9.2484152e-01 3.9881443e-06 9.8429541e-07 3.8035256e-01] speed=0.0006 ang_speed=0.0028 ang_vel_vec=[-0.00037492 -0.00268701 -0.00067934] |com_force|=0.0000N
### kotek_magnet[tick=1860] sensor2: d=0.3208m in_range=False f_mag=0.000N tau_mag=0.0000Nm misalign_deg=90.0 pos=[ 0.10902429 -0.10904738  0.4914011 ] bottom_world=[ 0.10902454 -0.10904699  0.47140111] quat=[ 9.2300087e-01  1.1452935e-05 -1.9938957e-06 -3.8479790e-01] speed=0.0010 ang_speed=0.0027 ang_vel_vec=[-0.0016639   0.00209945 -0.00060166] |com_force|=0.0000N
### kotek_magnet[tick=1860] sensor3: d=0.5470m in_range=False f_mag=0.000N tau_mag=0.0000Nm misalign_deg=90.0 pos=[-0.10910816 -0.10914578  0.49140123] bottom_world=[-0.1091079  -0.1091459   0.47140123] quat=[-3.8058397e-01 -5.0006129e-06  5.2338428e-06  9.2474633e-01] speed=0.0010 ang_speed=0.0022 ang_vel_vec=[ 0.00167667  0.00134257 -0.00059949] |com_force|=0.0000N
### kotek_magnet[tick=1860] sensor4: d=0.5249m in_range=False f_mag=0.000N tau_mag=0.0000Nm misalign_deg=90.0 pos=[-0.10900036  0.10899955  0.49140236] bottom_world=[-0.10900035  0.10899961  0.47140236] quat=[ 3.8268226e-01  3.7362895e-07 -1.3322438e-06  9.2388010e-01] speed=0.0005 ang_speed=0.0026 ang_vel_vec=[ 0.00238604  0.00073619 -0.00054384] |com_force|=0.0000N
### kotek_magnet[tick=1920] sensor1: d=0.4082m in_range=False f_mag=0.000N tau_mag=0.0000Nm misalign_deg=90.0 pos=[0.1088038  0.10900927 0.4914023 ] bottom_world=[0.10880371 0.10900939 0.4714023 ] quat=[9.2484164e-01 3.7971806e-06 9.9554120e-07 3.8035250e-01] speed=0.0006 ang_speed=0.0025 ang_vel_vec=[ 0.00023469 -0.00238138 -0.00072201] |com_force|=0.0000N
### kotek_magnet[tick=1920] sensor2: d=0.3208m in_range=False f_mag=0.000N tau_mag=0.0000Nm misalign_deg=90.0 pos=[ 0.10902463 -0.1090467   0.4914011 ] bottom_world=[ 0.10902462 -0.10904652  0.47140111] quat=[ 9.2300075e-01  3.9231836e-06  1.9119427e-06 -3.8479814e-01] speed=0.0005 ang_speed=0.0023 ang_vel_vec=[-0.00198849 -0.00094247 -0.00057174] |com_force|=0.0000N
### kotek_magnet[tick=1920] sensor3: d=0.5470m in_range=False f_mag=0.000N tau_mag=0.0000Nm misalign_deg=90.0 pos=[-0.10910648 -0.10914586  0.4914011 ] bottom_world=[-0.10910667 -0.10914566  0.47140111] quat=[-3.8058290e-01  2.4020842e-06 -6.2775093e-06  9.2474687e-01] speed=0.0009 ang_speed=0.0029 ang_vel_vec=[0.00236734 0.00011736 0.00167425] |com_force|=0.0000N
### kotek_magnet[tick=1920] sensor4: d=0.5249m in_range=False f_mag=0.000N tau_mag=0.0000Nm misalign_deg=90.0 pos=[-0.10900005  0.10900019  0.4914023 ] bottom_world=[-0.10900027  0.10900005  0.4714023 ] quat=[3.8268209e-01 3.7640871e-06 5.4214615e-06 9.2388010e-01] speed=0.0010 ang_speed=0.0025 ang_vel_vec=[ 0.00172169 -0.0016729  -0.00058665] |com_force|=0.0000N
### kotek_magnet[tick=1980] sensor1: d=0.4082m in_range=False f_mag=0.000N tau_mag=0.0000Nm misalign_deg=90.0 pos=[0.10880381 0.10900926 0.49140233] bottom_world=[0.10880372 0.10900938 0.47140233] quat=[9.2484164e-01 3.6099404e-06 9.8606517e-07 3.8035265e-01] speed=0.0006 ang_speed=0.0024 ang_vel_vec=[ 0.00122957 -0.00188963 -0.00086128] |com_force|=0.0000N
### kotek_magnet[tick=1980] sensor2: d=0.3208m in_range=False f_mag=0.000N tau_mag=0.0000Nm misalign_deg=90.0 pos=[ 0.10902435 -0.10904735  0.49140108] bottom_world=[ 0.10902458 -0.10904697  0.47140108] quat=[ 9.2300087e-01  1.0834723e-05 -1.7580123e-06 -3.8479790e-01] speed=0.0010 ang_speed=0.0028 ang_vel_vec=[-0.00169007  0.00206269 -0.00079421] |com_force|=0.0000N
### kotek_magnet[tick=1980] sensor3: d=0.5470m in_range=False f_mag=0.000N tau_mag=0.0000Nm misalign_deg=90.0 pos=[-0.10910669 -0.10914607  0.49140114] bottom_world=[-0.10910686 -0.10914582  0.47140114] quat=[-3.8058323e-01  1.5690827e-06 -7.5622265e-06  9.2474663e-01] speed=0.0006 ang_speed=0.0043 ang_vel_vec=[-0.00388758 -0.00175123  0.00051798] |com_force|=0.0000N
### kotek_magnet[tick=1980] sensor4: d=0.5249m in_range=False f_mag=0.000N tau_mag=0.0000Nm misalign_deg=90.0 pos=[-0.10900034  0.1089993   0.4914023 ] bottom_world=[-0.10900028  0.10899944  0.4714023 ] quat=[ 3.8268241e-01  3.2100218e-08 -3.7550967e-06  9.2387998e-01] speed=0.0002 ang_speed=0.0014 ang_vel_vec=[-6.4182103e-05  1.3182597e-03 -3.6949862e-04] |com_force|=0.0000N
### kotek_magnet[tick=2040] sensor1: d=0.4082m in_range=False f_mag=0.000N tau_mag=0.0000Nm misalign_deg=90.0 pos=[0.10880429 0.10900896 0.49140236] bottom_world=[0.10880402 0.1090093  0.47140236] quat=[9.2484152e-01 1.0422677e-05 2.8635673e-06 3.8035288e-01] speed=0.0010 ang_speed=0.0030 ang_vel_vec=[-0.00203912 -0.00188514 -0.00104118] |com_force|=0.0000N
### kotek_magnet[tick=2040] sensor2: d=0.3208m in_range=False f_mag=0.000N tau_mag=0.0000Nm misalign_deg=90.0 pos=[ 0.10902464 -0.10904668  0.49140117] bottom_world=[ 0.10902462 -0.10904651  0.47140117] quat=[ 9.2300081e-01  3.7239865e-06  1.9583090e-06 -3.8479805e-01] speed=0.0004 ang_speed=0.0024 ang_vel_vec=[-0.00191521 -0.00105938 -0.00088031] |com_force|=0.0000N
### kotek_magnet[tick=2040] sensor3: d=0.5470m in_range=False f_mag=0.000N tau_mag=0.0000Nm misalign_deg=90.0 pos=[-0.10910755 -0.10914586  0.49140108] bottom_world=[-0.10910747 -0.10914586  0.47140108] quat=[-3.8058379e-01 -2.0828231e-06  7.4792320e-07  9.2474645e-01] speed=0.0004 ang_speed=0.0028 ang_vel_vec=[ 0.0017521   0.0022003  -0.00039696] |com_force|=0.0000N
### kotek_magnet[tick=2040] sensor4: d=0.5249m in_range=False f_mag=0.000N tau_mag=0.0000Nm misalign_deg=90.0 pos=[-0.10900009  0.10900016  0.49140233] bottom_world=[-0.10900031  0.10900002  0.47140233] quat=[3.8268200e-01 3.7287748e-06 5.3751119e-06 9.2388016e-01] speed=0.0010 ang_speed=0.0029 ang_vel_vec=[ 0.00193936 -0.00201136 -0.00093998] |com_force|=0.0000N
### kotek_magnet[tick=2100] sensor1: d=0.4082m in_range=False f_mag=0.000N tau_mag=0.0000Nm misalign_deg=90.0 pos=[0.10880379 0.10900929 0.49140227] bottom_world=[0.1088037  0.10900941 0.47140227] quat=[9.2484152e-01 3.6645365e-06 9.9449448e-07 3.8035268e-01] speed=0.0006 ang_speed=0.0024 ang_vel_vec=[ 0.00065626 -0.00213882 -0.0008971 ] |com_force|=0.0000N
### kotek_magnet[tick=2100] sensor2: d=0.3208m in_range=False f_mag=0.000N tau_mag=0.0000Nm misalign_deg=90.0 pos=[ 0.10902464 -0.1090467   0.49140108] bottom_world=[ 0.10902463 -0.10904653  0.47140108] quat=[ 9.2300081e-01  3.6136285e-06  1.9952731e-06 -3.8479805e-01] speed=0.0004 ang_speed=0.0024 ang_vel_vec=[-0.00199024 -0.00117294 -0.00073529] |com_force|=0.0000N
### kotek_magnet[tick=2100] sensor3: d=0.5470m in_range=False f_mag=0.000N tau_mag=0.0000Nm misalign_deg=90.0 pos=[-0.10910755 -0.10914584  0.491401  ] bottom_world=[-0.10910747 -0.10914583  0.47140099] quat=[-3.8058373e-01 -2.0880300e-06  6.0449747e-07  9.2474651e-01] speed=0.0004 ang_speed=0.0030 ang_vel_vec=[ 0.00179141  0.00239728 -0.00025651] |com_force|=0.0000N
### kotek_magnet[tick=2100] sensor4: d=0.5249m in_range=False f_mag=0.000N tau_mag=0.0000Nm misalign_deg=90.0 pos=[-0.10900006  0.10900021  0.49140227] bottom_world=[-0.10900028  0.10900006  0.47140227] quat=[3.8268200e-01 3.7615300e-06 5.5388864e-06 9.2388010e-01] speed=0.0010 ang_speed=0.0026 ang_vel_vec=[ 0.00176875 -0.00169116 -0.00077049] |com_force|=0.0000N
### kotek_magnet[tick=2160] sensor1: d=0.4082m in_range=False f_mag=0.000N tau_mag=0.0000Nm misalign_deg=90.0 pos=[0.10880382 0.1090093  0.49140227] bottom_world=[0.10880372 0.10900942 0.47140227] quat=[9.2484158e-01 3.8232511e-06 1.0239949e-06 3.8035268e-01] speed=0.0006 ang_speed=0.0025 ang_vel_vec=[ 0.00048434 -0.0022392  -0.00095027] |com_force|=0.0000N
### kotek_magnet[tick=2160] sensor2: d=0.3208m in_range=False f_mag=0.000N tau_mag=0.0000Nm misalign_deg=90.0 pos=[ 0.10902463 -0.10904647  0.49140102] bottom_world=[ 0.10902458 -0.10904638  0.47140102] quat=[ 9.2300075e-01  1.6976433e-06  1.9272090e-06 -3.8479829e-01] speed=0.0001 ang_speed=0.0016 ang_vel_vec=[ 0.00066882 -0.00137367 -0.00040283] |com_force|=0.0000N
### kotek_magnet[tick=2160] sensor3: d=0.5470m in_range=False f_mag=0.000N tau_mag=0.0000Nm misalign_deg=90.0 pos=[-0.10910816 -0.10914579  0.49140108] bottom_world=[-0.1091079  -0.1091459   0.47140108] quat=[-3.8058412e-01 -4.9323926e-06  5.0955537e-06  9.2474639e-01] speed=0.0010 ang_speed=0.0026 ang_vel_vec=[ 0.0018514   0.00156783 -0.00082884] |com_force|=0.0000N
### kotek_magnet[tick=2160] sensor4: d=0.5249m in_range=False f_mag=0.000N tau_mag=0.0000Nm misalign_deg=90.0 pos=[-0.10900036  0.10899951  0.4914023 ] bottom_world=[-0.10900034  0.10899957  0.4714023 ] quat=[ 3.8268214e-01  1.8427875e-07 -1.6350352e-06  9.2388004e-01] speed=0.0005 ang_speed=0.0025 ang_vel_vec=[ 0.00189878  0.00136828 -0.00078496] |com_force|=0.0000N
### kotek_magnet[tick=2220] sensor1: d=0.4082m in_range=False f_mag=0.000N tau_mag=0.0000Nm misalign_deg=90.0 pos=[0.10880381 0.10900922 0.49140242] bottom_world=[0.10880371 0.10900935 0.47140242] quat=[9.248416e-01 3.933203e-06 9.200088e-07 3.803526e-01] speed=0.0006 ang_speed=0.0029 ang_vel_vec=[-0.00049526 -0.00265948 -0.00105916] |com_force|=0.0000N
### kotek_magnet[tick=2220] sensor2: d=0.3208m in_range=False f_mag=0.000N tau_mag=0.0000Nm misalign_deg=90.0 pos=[ 0.10902433 -0.10904738  0.49140117] bottom_world=[ 0.10902457 -0.10904699  0.47140117] quat=[ 9.2300087e-01  1.1248771e-05 -1.8097135e-06 -3.8479790e-01] speed=0.0010 ang_speed=0.0030 ang_vel_vec=[-0.0019146   0.00215755 -0.00091807] |com_force|=0.0000N
### kotek_magnet[tick=2220] sensor3: d=0.5470m in_range=False f_mag=0.000N tau_mag=0.0000Nm misalign_deg=90.0 pos=[-0.10910818 -0.10914578  0.49140114] bottom_world=[-0.10910791 -0.1091459   0.47140114] quat=[-3.8058412e-01 -5.0603858e-06  5.3513008e-06  9.2474639e-01] speed=0.0010 ang_speed=0.0027 ang_vel_vec=[ 0.0019013   0.00164387 -0.00091723] |com_force|=0.0000N
### kotek_magnet[tick=2220] sensor4: d=0.5249m in_range=False f_mag=0.000N tau_mag=0.0000Nm misalign_deg=90.0 pos=[-0.10900043  0.10899843  0.49140242] bottom_world=[-0.10900023  0.10899876  0.47140242] quat=[ 3.8268289e-01 -1.3714073e-06 -9.6403701e-06  9.2387980e-01] speed=0.0009 ang_speed=0.0032 ang_vel_vec=[0.00023754 0.00313784 0.00047466] |com_force|=0.0000N
### kotek_magnet[tick=2280] sensor1: d=0.4082m in_range=False f_mag=0.000N tau_mag=0.0000Nm misalign_deg=90.0 pos=[0.10880378 0.1090093  0.49140227] bottom_world=[0.10880369 0.10900943 0.47140227] quat=[9.2484164e-01 3.7197126e-06 9.4666871e-07 3.8035265e-01] speed=0.0006 ang_speed=0.0025 ang_vel_vec=[ 0.00026929 -0.00230031 -0.0008851 ] |com_force|=0.0000N
### kotek_magnet[tick=2280] sensor2: d=0.3208m in_range=False f_mag=0.000N tau_mag=0.0000Nm misalign_deg=90.0 pos=[ 0.10902449 -0.10904562  0.4914011 ] bottom_world=[ 0.10902439 -0.10904571  0.47140111] quat=[ 9.2300045e-01 -2.9518524e-06  1.4801176e-06 -3.8479882e-01] speed=0.0010 ang_speed=0.0022 ang_vel_vec=[0.00046575 0.00165262 0.00141479] |com_force|=0.0000N
### kotek_magnet[tick=2280] sensor3: d=0.5470m in_range=False f_mag=0.000N tau_mag=0.0000Nm misalign_deg=90.0 pos=[-0.10910751 -0.10914609  0.4914011 ] bottom_world=[-0.10910745 -0.10914596  0.47140111] quat=[-3.8058388e-01 -2.4948429e-06 -2.4607309e-06  9.2474639e-01] speed=0.0005 ang_speed=0.0024 ang_vel_vec=[-0.00122836  0.00195581 -0.00076231] |com_force|=0.0000N
### kotek_magnet[tick=2280] sensor4: d=0.5249m in_range=False f_mag=0.000N tau_mag=0.0000Nm misalign_deg=90.0 pos=[-0.10900019  0.10899849  0.49140227] bottom_world=[-0.10900008  0.1089988   0.47140227] quat=[ 3.8268313e-01  4.7241227e-07 -8.1862936e-06  9.2387974e-01] speed=0.0009 ang_speed=0.0017 ang_vel_vec=[-0.00055375 -0.00088363  0.00133859] |com_force|=0.0000N
### kotek_magnet[tick=2340] sensor1: d=0.4082m in_range=False f_mag=0.000N tau_mag=0.0000Nm misalign_deg=90.0 pos=[0.1088038  0.10900924 0.49140233] bottom_world=[0.1088037  0.10900937 0.47140233] quat=[9.2484158e-01 3.8421545e-06 1.0334504e-06 3.8035262e-01] speed=0.0006 ang_speed=0.0026 ang_vel_vec=[ 0.0001612  -0.00249898 -0.00085913] |com_force|=0.0000N
### kotek_magnet[tick=2340] sensor2: d=0.3208m in_range=False f_mag=0.000N tau_mag=0.0000Nm misalign_deg=90.0 pos=[ 0.10902462 -0.10904644  0.49140108] bottom_world=[ 0.10902458 -0.10904635  0.47140108] quat=[ 9.2300069e-01  1.6922877e-06  1.8425798e-06 -3.8479841e-01] speed=0.0001 ang_speed=0.0011 ang_vel_vec=[ 0.00035538 -0.00100961 -0.00030538] |com_force|=0.0000N
### kotek_magnet[tick=2340] sensor3: d=0.5470m in_range=False f_mag=0.000N tau_mag=0.0000Nm misalign_deg=90.0 pos=[-0.10910752 -0.10914606  0.49140108] bottom_world=[-0.10910746 -0.10914594  0.47140108] quat=[-3.8058382e-01 -2.5524212e-06 -2.2671566e-06  9.2474645e-01] speed=0.0005 ang_speed=0.0023 ang_vel_vec=[-0.00096506  0.001931   -0.00066878] |com_force|=0.0000N
### kotek_magnet[tick=2340] sensor4: d=0.5249m in_range=False f_mag=0.000N tau_mag=0.0000Nm misalign_deg=90.0 pos=[-0.10900034  0.10899878  0.4914023 ] bottom_world=[-0.1090002   0.10899906  0.4714023 ] quat=[ 3.8268277e-01 -5.6618978e-07 -7.9359979e-06  9.2387980e-01] speed=0.0006 ang_speed=0.0046 ang_vel_vec=[-0.00172084  0.00423886  0.0005075 ] |com_force|=0.0000N
### kotek_magnet[tick=2400] sensor1: d=0.4082m in_range=False f_mag=0.000N tau_mag=0.0000Nm misalign_deg=90.0 pos=[0.1088038  0.10900925 0.4914023 ] bottom_world=[0.10880371 0.10900937 0.4714023 ] quat=[9.2484158e-01 3.7233042e-06 9.9607939e-07 3.8035253e-01] speed=0.0006 ang_speed=0.0028 ang_vel_vec=[-9.2387454e-05 -2.6771298e-03 -7.9309294e-04] |com_force|=0.0000N
### kotek_magnet[tick=2400] sensor2: d=0.3208m in_range=False f_mag=0.000N tau_mag=0.0000Nm misalign_deg=90.0 pos=[ 0.10902433 -0.10904737  0.49140114] bottom_world=[ 0.10902457 -0.10904699  0.47140114] quat=[ 9.2300093e-01  1.1017512e-05 -1.7772020e-06 -3.8479787e-01] speed=0.0010 ang_speed=0.0026 ang_vel_vec=[-0.00160696  0.00188611 -0.00063699] |com_force|=0.0000N
### kotek_magnet[tick=2400] sensor3: d=0.5470m in_range=False f_mag=0.000N tau_mag=0.0000Nm misalign_deg=90.0 pos=[-0.10910818 -0.10914576  0.49140126] bottom_world=[-0.10910791 -0.10914589  0.47140126] quat=[-3.8058394e-01 -5.0100630e-06  5.4756174e-06  9.2474639e-01] speed=0.0010 ang_speed=0.0025 ang_vel_vec=[ 0.00183367  0.00151307 -0.00062383] |com_force|=0.0000N
### kotek_magnet[tick=2400] sensor4: d=0.5249m in_range=False f_mag=0.000N tau_mag=0.0000Nm misalign_deg=90.0 pos=[-0.1090002   0.10899848  0.4914024 ] bottom_world=[-0.1090001   0.10899879  0.47140239] quat=[ 3.8268304e-01  5.8444442e-07 -7.9611609e-06  9.2387974e-01] speed=0.0009 ang_speed=0.0023 ang_vel_vec=[-0.00014707 -0.00182157  0.00145612] |com_force|=0.0000N
### kotek_magnet[tick=2460] sensor1: d=0.4082m in_range=False f_mag=0.000N tau_mag=0.0000Nm misalign_deg=90.0 pos=[0.10880258 0.10900907 0.4914024 ] bottom_world=[0.10880277 0.10900909 0.47140239] quat=[ 9.2484194e-01 -1.3855836e-06 -4.6406849e-06  3.8035169e-01] speed=0.0010 ang_speed=0.0024 ang_vel_vec=[-1.9222620e-03 -5.8616602e-05  1.4447180e-03] |com_force|=0.0000N
### kotek_magnet[tick=2460] sensor2: d=0.3208m in_range=False f_mag=0.000N tau_mag=0.0000Nm misalign_deg=90.0 pos=[ 0.10902432 -0.10904739  0.49140105] bottom_world=[ 0.10902458 -0.109047    0.47140105] quat=[ 9.23000872e-01  1.13956385e-05 -2.09780092e-06 -3.84797931e-01] speed=0.0010 ang_speed=0.0031 ang_vel_vec=[-0.00178792  0.00238049 -0.00081813] |com_force|=0.0000N
### kotek_magnet[tick=2460] sensor3: d=0.5470m in_range=False f_mag=0.000N tau_mag=0.0000Nm misalign_deg=90.0 pos=[-0.10910816 -0.10914575  0.4914011 ] bottom_world=[-0.10910791 -0.10914587  0.47140111] quat=[-3.8058406e-01 -4.8332604e-06  5.2454516e-06  9.2474639e-01] speed=0.0010 ang_speed=0.0027 ang_vel_vec=[ 0.00208611  0.00149743 -0.00079503] |com_force|=0.0000N
### kotek_magnet[tick=2460] sensor4: d=0.5249m in_range=False f_mag=0.000N tau_mag=0.0000Nm misalign_deg=90.0 pos=[-0.10900038  0.10899876  0.4914024 ] bottom_world=[-0.10900023  0.10899905  0.47140239] quat=[ 3.8268265e-01 -5.9097880e-07 -8.0837144e-06  9.2387980e-01] speed=0.0006 ang_speed=0.0046 ang_vel_vec=[-0.00158697  0.00429224  0.00048529] |com_force|=0.0000N
### kotek_magnet[tick=2520] sensor1: d=0.4082m in_range=False f_mag=0.000N tau_mag=0.0000Nm misalign_deg=90.0 pos=[0.10880283 0.10900928 0.49140224] bottom_world=[0.108803   0.10900926 0.47140224] quat=[ 9.2484176e-01 -2.1512194e-06 -3.7064458e-06  3.8035202e-01] speed=0.0006 ang_speed=0.0042 ang_vel_vec=[0.00386168 0.00170402 0.00040903] |com_force|=0.0000N
### kotek_magnet[tick=2520] sensor2: d=0.3208m in_range=False f_mag=0.000N tau_mag=0.0000Nm misalign_deg=90.0 pos=[ 0.10902433 -0.10904733  0.4914011 ] bottom_world=[ 0.10902457 -0.10904695  0.47140111] quat=[ 9.2300087e-01  1.1180692e-05 -1.8724672e-06 -3.8479781e-01] speed=0.0010 ang_speed=0.0030 ang_vel_vec=[-0.00192596  0.00213658 -0.00094612] |com_force|=0.0000N
### kotek_magnet[tick=2520] sensor3: d=0.5470m in_range=False f_mag=0.000N tau_mag=0.0000Nm misalign_deg=90.0 pos=[-0.10910729 -0.10914579  0.49140102] bottom_world=[-0.10910726 -0.10914576  0.47140102] quat=[-3.8058347e-01 -9.7375641e-07 -3.2389988e-07  9.2474663e-01] speed=0.0003 ang_speed=0.0061 ang_vel_vec=[0.00528359 0.0029502  0.00025167] |com_force|=0.0000N
### kotek_magnet[tick=2520] sensor4: d=0.5249m in_range=False f_mag=0.000N tau_mag=0.0000Nm misalign_deg=90.0 pos=[-0.10900021  0.10899851  0.49140233] bottom_world=[-0.1090001   0.10899882  0.47140233] quat=[ 3.8268304e-01  5.6700964e-07 -7.9697684e-06  9.2387980e-01] speed=0.0009 ang_speed=0.0019 ang_vel_vec=[-0.00027604 -0.00148535  0.00117359] |com_force|=0.0000N
### kotek_magnet[tick=2580] sensor1: d=0.4082m in_range=False f_mag=0.000N tau_mag=0.0000Nm misalign_deg=90.0 pos=[0.10880342 0.10900924 0.4914023 ] bottom_world=[0.10880344 0.10900932 0.4714023 ] quat=[ 9.2484164e-01  1.5050505e-06 -1.0623129e-06  3.8035235e-01] speed=0.0002 ang_speed=0.0018 ang_vel_vec=[ 0.00179481  0.00024473 -0.00013262] |com_force|=0.0000N
### kotek_magnet[tick=2580] sensor2: d=0.3208m in_range=False f_mag=0.000N tau_mag=0.0000Nm misalign_deg=90.0 pos=[ 0.10902464 -0.10904671  0.4914011 ] bottom_world=[ 0.10902463 -0.10904654  0.47140111] quat=[ 9.2300081e-01  3.8196877e-06  1.8865127e-06 -3.8479820e-01] speed=0.0004 ang_speed=0.0020 ang_vel_vec=[-0.0016113  -0.00103714 -0.00053674] |com_force|=0.0000N
### kotek_magnet[tick=2580] sensor3: d=0.5470m in_range=False f_mag=0.000N tau_mag=0.0000Nm misalign_deg=90.0 pos=[-0.10910818 -0.10914578  0.4914011 ] bottom_world=[-0.10910792 -0.1091459   0.47140111] quat=[-3.8058406e-01 -4.9556302e-06  5.2530245e-06  9.2474645e-01] speed=0.0010 ang_speed=0.0022 ang_vel_vec=[ 0.00174394  0.00128275 -0.00060232] |com_force|=0.0000N
### kotek_magnet[tick=2580] sensor4: d=0.5249m in_range=False f_mag=0.000N tau_mag=0.0000Nm misalign_deg=90.0 pos=[-0.10900015  0.10899848  0.49140242] bottom_world=[-0.10900005  0.10899879  0.47140242] quat=[ 3.8268304e-01  5.0103097e-07 -8.0481659e-06  9.2387974e-01] speed=0.0009 ang_speed=0.0021 ang_vel_vec=[-0.00023808 -0.00137721  0.00151533] |com_force|=0.0000N
### kotek_magnet[tick=2640] sensor1: d=0.4082m in_range=False f_mag=0.000N tau_mag=0.0000Nm misalign_deg=90.0 pos=[0.10880431 0.10900898 0.49140236] bottom_world=[0.10880405 0.10900932 0.47140236] quat=[9.2484158e-01 1.0413138e-05 2.6483699e-06 3.8035282e-01] speed=0.0010 ang_speed=0.0028 ang_vel_vec=[-0.00193252 -0.00179862 -0.00087433] |com_force|=0.0000N
### kotek_magnet[tick=2640] sensor2: d=0.3208m in_range=False f_mag=0.000N tau_mag=0.0000Nm misalign_deg=90.0 pos=[ 0.10902414 -0.10904744  0.49140105] bottom_world=[ 0.10902445 -0.10904703  0.47140105] quat=[ 9.2300069e-01  1.2576748e-05 -3.1953907e-06 -3.8479823e-01] speed=0.0013 ang_speed=0.0146 ang_vel_vec=[-0.00731663  0.01259613 -0.00030617] |com_force|=0.0000N
### kotek_magnet[tick=2640] sensor3: d=0.5470m in_range=False f_mag=0.000N tau_mag=0.0000Nm misalign_deg=90.0 pos=[-0.10910753 -0.10914608  0.49140108] bottom_world=[-0.10910747 -0.10914595  0.47140108] quat=[-3.8058385e-01 -2.6547928e-06 -2.5500531e-06  9.2474651e-01] speed=0.0004 ang_speed=0.0024 ang_vel_vec=[-0.00110528  0.00198753 -0.00068738] |com_force|=0.0000N
### kotek_magnet[tick=2640] sensor4: d=0.5249m in_range=False f_mag=0.000N tau_mag=0.0000Nm misalign_deg=90.0 pos=[-0.10900019  0.10899851  0.49140236] bottom_world=[-0.10900009  0.10899881  0.47140236] quat=[ 3.8268307e-01  6.8500282e-07 -8.0358341e-06  9.2387968e-01] speed=0.0009 ang_speed=0.0026 ang_vel_vec=[ 8.9653069e-05 -2.1927264e-03  1.3252952e-03] |com_force|=0.0000N
### kotek_magnet[tick=2700] sensor1: d=0.4082m in_range=False f_mag=0.000N tau_mag=0.0000Nm misalign_deg=90.0 pos=[0.10880431 0.10900898 0.49140233] bottom_world=[0.10880404 0.10900932 0.47140233] quat=[9.2484158e-01 1.0406177e-05 2.9270554e-06 3.8035271e-01] speed=0.0010 ang_speed=0.0024 ang_vel_vec=[-0.00164408 -0.00157838 -0.00080312] |com_force|=0.0000N
### kotek_magnet[tick=2700] sensor2: d=0.3208m in_range=False f_mag=0.000N tau_mag=0.0000Nm misalign_deg=90.0 pos=[ 0.10902465 -0.10904666  0.49140117] bottom_world=[ 0.10902464 -0.1090465   0.47140117] quat=[ 9.2300081e-01  3.6608610e-06  1.9124859e-06 -3.8479817e-01] speed=0.0004 ang_speed=0.0024 ang_vel_vec=[-0.0021296  -0.00085099 -0.00065594] |com_force|=0.0000N
### kotek_magnet[tick=2700] sensor3: d=0.5470m in_range=False f_mag=0.000N tau_mag=0.0000Nm misalign_deg=90.0 pos=[-0.10910755 -0.10914584  0.491401  ] bottom_world=[-0.10910746 -0.10914584  0.47140099] quat=[-3.8058367e-01 -2.1071835e-06  7.7944492e-07  9.2474651e-01] speed=0.0004 ang_speed=0.0031 ang_vel_vec=[ 0.00185535  0.00249138 -0.00017301] |com_force|=0.0000N
### kotek_magnet[tick=2700] sensor4: d=0.5249m in_range=False f_mag=0.000N tau_mag=0.0000Nm misalign_deg=90.0 pos=[-0.10900019  0.10899851  0.49140233] bottom_world=[-0.10900008  0.10899882  0.47140233] quat=[ 3.8268301e-01  4.7160324e-07 -8.0809868e-06  9.2387974e-01] speed=0.0009 ang_speed=0.0018 ang_vel_vec=[-0.00055624 -0.00089757  0.00140045] |com_force|=0.0000N
### kotek_magnet[tick=2760] sensor1: d=0.4082m in_range=False f_mag=0.000N tau_mag=0.0000Nm misalign_deg=90.0 pos=[0.1088043  0.10900895 0.49140233] bottom_world=[0.10880403 0.10900929 0.47140233] quat=[9.2484152e-01 1.0337861e-05 2.9614205e-06 3.8035277e-01] speed=0.0010 ang_speed=0.0024 ang_vel_vec=[-0.00161555 -0.00161846 -0.00082264] |com_force|=0.0000N
### kotek_magnet[tick=2760] sensor2: d=0.3208m in_range=False f_mag=0.000N tau_mag=0.0000Nm misalign_deg=90.0 pos=[ 0.10902435 -0.10904736  0.49140114] bottom_world=[ 0.10902459 -0.10904699  0.47140114] quat=[ 9.2300087e-01  1.0785669e-05 -1.8433220e-06 -3.8479781e-01] speed=0.0010 ang_speed=0.0027 ang_vel_vec=[-0.00162902  0.00204707 -0.00072459] |com_force|=0.0000N
### kotek_magnet[tick=2760] sensor3: d=0.5470m in_range=False f_mag=0.000N tau_mag=0.0000Nm misalign_deg=90.0 pos=[-0.10910808 -0.10914568  0.4914012 ] bottom_world=[-0.10910782 -0.10914582  0.4714012 ] quat=[-3.8058382e-01 -4.6653040e-06  5.7691368e-06  9.2474651e-01] speed=0.0010 ang_speed=0.0042 ang_vel_vec=[ 0.00292644  0.00291839 -0.00039078] |com_force|=0.0000N
### kotek_magnet[tick=2760] sensor4: d=0.5249m in_range=False f_mag=0.000N tau_mag=0.0000Nm misalign_deg=90.0 pos=[-0.10900035  0.10899873  0.49140236] bottom_world=[-0.1090002   0.10899902  0.47140236] quat=[ 3.8268277e-01 -6.9650969e-07 -8.0673226e-06  9.2387986e-01] speed=0.0006 ang_speed=0.0047 ang_vel_vec=[-0.00173676  0.00438506  0.00052266] |com_force|=0.0000N
### kotek_magnet[tick=2820] sensor1: d=0.4082m in_range=False f_mag=0.000N tau_mag=0.0000Nm misalign_deg=90.0 pos=[0.10880431 0.10900894 0.4914023 ] bottom_world=[0.10880404 0.10900929 0.4714023 ] quat=[9.2484146e-01 1.0744506e-05 2.9046569e-06 3.8035274e-01] speed=0.0010 ang_speed=0.0028 ang_vel_vec=[-0.00191708 -0.00180413 -0.00081693] |com_force|=0.0000N
### kotek_magnet[tick=2820] sensor2: d=0.3208m in_range=False f_mag=0.000N tau_mag=0.0000Nm misalign_deg=90.0 pos=[ 0.10902465 -0.10904673  0.4914012 ] bottom_world=[ 0.10902464 -0.10904656  0.4714012 ] quat=[ 9.2300081e-01  3.7782370e-06  1.9417319e-06 -3.8479805e-01] speed=0.0004 ang_speed=0.0024 ang_vel_vec=[-0.00216894 -0.00077019 -0.00071917] |com_force|=0.0000N
### kotek_magnet[tick=2820] sensor3: d=0.5470m in_range=False f_mag=0.000N tau_mag=0.0000Nm misalign_deg=90.0 pos=[-0.10910647 -0.10914588  0.49140114] bottom_world=[-0.10910665 -0.10914568  0.47140114] quat=[-3.8058305e-01  2.3920431e-06 -6.2960735e-06  9.2474681e-01] speed=0.0009 ang_speed=0.0030 ang_vel_vec=[0.00255116 0.00019764 0.00148256] |com_force|=0.0000N
### kotek_magnet[tick=2820] sensor4: d=0.5249m in_range=False f_mag=0.000N tau_mag=0.0000Nm misalign_deg=90.0 pos=[-0.10900042  0.10899843  0.49140245] bottom_world=[-0.10900022  0.10899876  0.47140245] quat=[ 3.8268283e-01 -1.4731471e-06 -9.7368420e-06  9.2387974e-01] speed=0.0009 ang_speed=0.0032 ang_vel_vec=[0.00036425 0.00306725 0.00064427] |com_force|=0.0000N
### kotek_magnet[tick=2880] sensor1: d=0.4082m in_range=False f_mag=0.000N tau_mag=0.0000Nm misalign_deg=90.0 pos=[0.10880431 0.10900899 0.49140233] bottom_world=[0.10880404 0.10900933 0.47140233] quat=[9.2484152e-01 1.0385204e-05 2.9311082e-06 3.8035265e-01] speed=0.0009 ang_speed=0.0025 ang_vel_vec=[-0.00165028 -0.00165853 -0.00098165] |com_force|=0.0000N
### kotek_magnet[tick=2880] sensor2: d=0.3208m in_range=False f_mag=0.000N tau_mag=0.0000Nm misalign_deg=90.0 pos=[ 0.10902433 -0.10904738  0.49140117] bottom_world=[ 0.10902458 -0.10904699  0.47140117] quat=[ 9.2300087e-01  1.1254916e-05 -1.9204799e-06 -3.8479805e-01] speed=0.0010 ang_speed=0.0032 ang_vel_vec=[-0.00204186  0.0023424  -0.00094584] |com_force|=0.0000N
### kotek_magnet[tick=2880] sensor3: d=0.5470m in_range=False f_mag=0.000N tau_mag=0.0000Nm misalign_deg=90.0 pos=[-0.10910642 -0.1091461   0.4914011 ] bottom_world=[-0.10910663 -0.10914579  0.47140111] quat=[-3.8058308e-01  2.0235359e-06 -8.9885361e-06  9.2474675e-01] speed=0.0009 ang_speed=0.0024 ang_vel_vec=[-0.0022896   0.00060018  0.00063035] |com_force|=0.0000N
### kotek_magnet[tick=2880] sensor4: d=0.5249m in_range=False f_mag=0.000N tau_mag=0.0000Nm misalign_deg=90.0 pos=[-0.10900021  0.10899851  0.49140236] bottom_world=[-0.1090001   0.10899882  0.47140236] quat=[ 3.8268307e-01  4.4525524e-07 -8.1509761e-06  9.2387974e-01] speed=0.0009 ang_speed=0.0015 ang_vel_vec=[-0.00047618 -0.00082929  0.0012063 ] |com_force|=0.0000N
### kotek_magnet[tick=2940] sensor1: d=0.4082m in_range=False f_mag=0.000N tau_mag=0.0000Nm misalign_deg=90.0 pos=[0.10880381 0.10900929 0.49140227] bottom_world=[0.10880371 0.10900941 0.47140227] quat=[9.2484158e-01 3.7025561e-06 1.0459099e-06 3.8035268e-01] speed=0.0006 ang_speed=0.0027 ang_vel_vec=[ 0.00076719 -0.00233231 -0.001079  ] |com_force|=0.0000N
### kotek_magnet[tick=2940] sensor2: d=0.3208m in_range=False f_mag=0.000N tau_mag=0.0000Nm misalign_deg=90.0 pos=[ 0.10902413 -0.10904743  0.491401  ] bottom_world=[ 0.10902445 -0.10904702  0.47140099] quat=[ 9.2300087e-01  1.2368556e-05 -3.4082889e-06 -3.8479814e-01] speed=0.0013 ang_speed=0.0160 ang_vel_vec=[-0.00792737  0.01386766 -0.00047194] |com_force|=0.0000N
### kotek_magnet[tick=2940] sensor3: d=0.5470m in_range=False f_mag=0.000N tau_mag=0.0000Nm misalign_deg=90.0 pos=[-0.10910641 -0.1091459   0.4914011 ] bottom_world=[-0.1091066  -0.10914569  0.47140111] quat=[-3.8058317e-01  2.5112440e-06 -6.6817852e-06  9.2474681e-01] speed=0.0010 ang_speed=0.0025 ang_vel_vec=[ 2.1455418e-03 -8.0162165e-05  1.3565607e-03] |com_force|=0.0000N
### kotek_magnet[tick=2940] sensor4: d=0.5249m in_range=False f_mag=0.000N tau_mag=0.0000Nm misalign_deg=90.0 pos=[-0.1090002   0.10899848  0.49140233] bottom_world=[-0.10900009  0.10899879  0.47140233] quat=[ 3.8268304e-01  4.7372112e-07 -8.1705530e-06  9.2387980e-01] speed=0.0009 ang_speed=0.0016 ang_vel_vec=[-0.00028328 -0.00106775  0.00118956] |com_force|=0.0000N
### kotek_magnet[tick=3000] sensor1: d=0.4082m in_range=False f_mag=0.000N tau_mag=0.0000Nm misalign_deg=90.0 pos=[0.10880379 0.10900928 0.49140227] bottom_world=[0.10880369 0.10900941 0.47140227] quat=[9.2484152e-01 3.9228980e-06 1.0179754e-06 3.8035277e-01] speed=0.0006 ang_speed=0.0025 ang_vel_vec=[ 0.00027616 -0.00233599 -0.00084697] |com_force|=0.0000N
### kotek_magnet[tick=3000] sensor2: d=0.3208m in_range=False f_mag=0.000N tau_mag=0.0000Nm misalign_deg=90.0 pos=[ 0.10902463 -0.10904643  0.49140102] bottom_world=[ 0.10902459 -0.10904633  0.47140102] quat=[ 9.2300063e-01  1.8186922e-06  1.8052004e-06 -3.8479838e-01] speed=0.0001 ang_speed=0.0013 ang_vel_vec=[ 0.00046968 -0.00117854 -0.00031399] |com_force|=0.0000N
### kotek_magnet[tick=3000] sensor3: d=0.5470m in_range=False f_mag=0.000N tau_mag=0.0000Nm misalign_deg=90.0 pos=[-0.10910647 -0.10914589  0.4914011 ] bottom_world=[-0.10910665 -0.10914569  0.47140111] quat=[-3.8058302e-01  2.3806936e-06 -6.3845509e-06  9.2474681e-01] speed=0.0009 ang_speed=0.0030 ang_vel_vec=[0.00254031 0.00019184 0.00152504] |com_force|=0.0000N
### kotek_magnet[tick=3000] sensor4: d=0.5249m in_range=False f_mag=0.000N tau_mag=0.0000Nm misalign_deg=90.0 pos=[-0.10900022  0.10899849  0.49140236] bottom_world=[-0.10900012  0.1089988   0.47140236] quat=[ 3.8268295e-01  5.5443530e-07 -8.1589533e-06  9.2387980e-01] speed=0.0009 ang_speed=0.0018 ang_vel_vec=[-0.00036842 -0.00114126  0.00138033] |com_force|=0.0000N
### kotek_magnet[tick=3060] sensor1: d=0.4082m in_range=False f_mag=0.000N tau_mag=0.0000Nm misalign_deg=90.0 pos=[0.10880382 0.10900928 0.49140233] bottom_world=[0.10880372 0.1090094  0.47140233] quat=[9.2484158e-01 3.7299508e-06 9.3724054e-07 3.8035271e-01] speed=0.0006 ang_speed=0.0024 ang_vel_vec=[ 0.00038768 -0.00226566 -0.0007765 ] |com_force|=0.0000N
### kotek_magnet[tick=3060] sensor2: d=0.3208m in_range=False f_mag=0.000N tau_mag=0.0000Nm misalign_deg=90.0 pos=[ 0.10902442 -0.10904673  0.491401  ] bottom_world=[ 0.10902452 -0.10904653  0.47140099] quat=[ 9.2300075e-01  5.5363548e-06 -4.5197703e-07 -3.8479820e-01] speed=0.0004 ang_speed=0.0029 ang_vel_vec=[-0.00227062  0.00173819 -0.00012365] |com_force|=0.0000N
### kotek_magnet[tick=3060] sensor3: d=0.5470m in_range=False f_mag=0.000N tau_mag=0.0000Nm misalign_deg=90.0 pos=[-0.10910641 -0.10914589  0.49140108] bottom_world=[-0.10910661 -0.10914568  0.47140108] quat=[-3.8058308e-01  2.5650577e-06 -6.8482086e-06  9.2474681e-01] speed=0.0010 ang_speed=0.0024 ang_vel_vec=[ 0.00170584 -0.00031541  0.00161181] |com_force|=0.0000N
### kotek_magnet[tick=3060] sensor4: d=0.5249m in_range=False f_mag=0.000N tau_mag=0.0000Nm misalign_deg=90.0 pos=[-0.10900026  0.10899847  0.49140236] bottom_world=[-0.10900013  0.1089988   0.47140236] quat=[ 3.8268298e-01  1.6335659e-07 -8.8401139e-06  9.2387980e-01] speed=0.0010 ang_speed=0.0018 ang_vel_vec=[-0.00101789 -0.00012016  0.00146588] |com_force|=0.0000N
### kotek_magnet[tick=3120] sensor1: d=0.4082m in_range=False f_mag=0.000N tau_mag=0.0000Nm misalign_deg=90.0 pos=[0.10880382 0.10900925 0.4914023 ] bottom_world=[0.10880372 0.10900936 0.4714023 ] quat=[9.2484164e-01 3.5273240e-06 1.2241710e-06 3.8035259e-01] speed=0.0006 ang_speed=0.0029 ang_vel_vec=[ 0.00167952 -0.00214657 -0.00110333] |com_force|=0.0000N
### kotek_magnet[tick=3120] sensor2: d=0.3208m in_range=False f_mag=0.000N tau_mag=0.0000Nm misalign_deg=90.0 pos=[ 0.10902445 -0.10904676  0.49140096] bottom_world=[ 0.10902456 -0.10904657  0.47140096] quat=[ 9.2300075e-01  5.4733578e-06 -6.5556424e-07 -3.8479826e-01] speed=0.0003 ang_speed=0.0028 ang_vel_vec=[-0.00197749  0.00195202 -0.00041629] |com_force|=0.0000N
### kotek_magnet[tick=3120] sensor3: d=0.5470m in_range=False f_mag=0.000N tau_mag=0.0000Nm misalign_deg=90.0 pos=[-0.10910645 -0.1091459   0.49140108] bottom_world=[-0.10910664 -0.1091457   0.47140108] quat=[-3.8058296e-01  2.5212018e-06 -6.3775483e-06  9.2474681e-01] speed=0.0009 ang_speed=0.0030 ang_vel_vec=[0.00265617 0.00028219 0.00131321] |com_force|=0.0000N
### kotek_magnet[tick=3120] sensor4: d=0.5249m in_range=False f_mag=0.000N tau_mag=0.0000Nm misalign_deg=90.0 pos=[-0.1090002  0.1089985  0.4914024] bottom_world=[-0.10900008  0.10899881  0.47140239] quat=[ 3.8268310e-01  2.9046905e-07 -8.2992774e-06  9.2387968e-01] speed=0.0009 ang_speed=0.0014 ang_vel_vec=[-0.00061726 -0.00059871  0.00114782] |com_force|=0.0000N
### kotek_magnet[tick=3180] sensor1: d=0.4082m in_range=False f_mag=0.000N tau_mag=0.0000Nm misalign_deg=90.0 pos=[0.10880381 0.10900926 0.49140233] bottom_world=[0.10880372 0.10900938 0.47140233] quat=[9.2484164e-01 3.7661714e-06 9.6800159e-07 3.8035259e-01] speed=0.0006 ang_speed=0.0025 ang_vel_vec=[ 0.00027939 -0.00233853 -0.00080479] |com_force|=0.0000N
### kotek_magnet[tick=3180] sensor2: d=0.3208m in_range=False f_mag=0.000N tau_mag=0.0000Nm misalign_deg=90.0 pos=[ 0.10902464 -0.10904588  0.49140117] bottom_world=[ 0.1090245  -0.10904594  0.47140117] quat=[ 9.2300063e-01 -2.7894778e-06  2.5569432e-06 -3.8479847e-01] speed=0.0006 ang_speed=0.0046 ang_vel_vec=[ 0.00201636 -0.00407302  0.00061364] |com_force|=0.0000N
### kotek_magnet[tick=3180] sensor3: d=0.5470m in_range=False f_mag=0.000N tau_mag=0.0000Nm misalign_deg=90.0 pos=[-0.10910721 -0.10914586  0.4914011 ] bottom_world=[-0.10910717 -0.10914581  0.47140111] quat=[-3.8058347e-01 -1.3642066e-06 -7.2878129e-07  9.2474663e-01] speed=0.0002 ang_speed=0.0031 ang_vel_vec=[0.00258105 0.00170165 0.00035755] |com_force|=0.0000N
### kotek_magnet[tick=3180] sensor4: d=0.5249m in_range=False f_mag=0.000N tau_mag=0.0000Nm misalign_deg=90.0 pos=[-0.10900041  0.10899848  0.49140227] bottom_world=[-0.10900021  0.10899882  0.47140227] quat=[ 3.8268292e-01 -1.5115191e-06 -9.6715548e-06  9.2387980e-01] speed=0.0009 ang_speed=0.0035 ang_vel_vec=[0.00019841 0.00341867 0.00070533] |com_force|=0.0000N
### kotek_magnet[tick=3240] sensor1: d=0.4082m in_range=False f_mag=0.000N tau_mag=0.0000Nm misalign_deg=90.0 pos=[0.1088038  0.10900924 0.4914024 ] bottom_world=[0.10880372 0.10900935 0.47140239] quat=[9.2484158e-01 3.3523334e-06 8.5459249e-07 3.8035262e-01] speed=0.0006 ang_speed=0.0025 ang_vel_vec=[ 0.00122465 -0.00205262 -0.00086367] |com_force|=0.0000N
### kotek_magnet[tick=3240] sensor2: d=0.3208m in_range=False f_mag=0.000N tau_mag=0.0000Nm misalign_deg=90.0 pos=[ 0.10902437 -0.10904735  0.49140117] bottom_world=[ 0.10902459 -0.10904698  0.47140117] quat=[ 9.2300093e-01  1.0512284e-05 -1.5084825e-06 -3.8479784e-01] speed=0.0010 ang_speed=0.0021 ang_vel_vec=[-0.00129202  0.00148788 -0.00075691] |com_force|=0.0000N
### kotek_magnet[tick=3240] sensor3: d=0.5470m in_range=False f_mag=0.000N tau_mag=0.0000Nm misalign_deg=90.0 pos=[-0.10910816 -0.1091458   0.49140117] bottom_world=[-0.1091079  -0.1091459   0.47140117] quat=[-3.8058412e-01 -4.8556353e-06  4.8534694e-06  9.2474633e-01] speed=0.0010 ang_speed=0.0020 ang_vel_vec=[ 0.00143304  0.00121063 -0.00075145] |com_force|=0.0000N
### kotek_magnet[tick=3240] sensor4: d=0.5249m in_range=False f_mag=0.000N tau_mag=0.0000Nm misalign_deg=90.0 pos=[-0.10900042  0.10899845  0.4914024 ] bottom_world=[-0.10900021  0.10899879  0.47140239] quat=[ 3.8268289e-01 -1.6500121e-06 -9.9404788e-06  9.2387980e-01] speed=0.0009 ang_speed=0.0038 ang_vel_vec=[2.5616169e-05 3.6996517e-03 6.5063540e-04] |com_force|=0.0000N
### kotek_magnet[tick=3300] sensor1: d=0.4082m in_range=False f_mag=0.000N tau_mag=0.0000Nm misalign_deg=90.0 pos=[0.10880256 0.10900935 0.49140227] bottom_world=[0.10880277 0.10900926 0.47140227] quat=[ 9.2484188e-01 -4.0041973e-06 -4.2258598e-06  3.8035181e-01] speed=0.0009 ang_speed=0.0035 ang_vel_vec=[3.4449867e-03 6.0542596e-05 7.6991098e-04] |com_force|=0.0000N
### kotek_magnet[tick=3300] sensor2: d=0.3208m in_range=False f_mag=0.000N tau_mag=0.0000Nm misalign_deg=90.0 pos=[ 0.10902463 -0.10904668  0.49140108] bottom_world=[ 0.10902461 -0.10904651  0.47140108] quat=[ 9.2300081e-01  3.6987863e-06  1.9352779e-06 -3.8479802e-01] speed=0.0004 ang_speed=0.0022 ang_vel_vec=[-0.001793   -0.0011468  -0.00071829] |com_force|=0.0000N
### kotek_magnet[tick=3300] sensor3: d=0.5470m in_range=False f_mag=0.000N tau_mag=0.0000Nm misalign_deg=90.0 pos=[-0.10910752 -0.10914609  0.49140108] bottom_world=[-0.10910746 -0.10914596  0.47140108] quat=[-3.8058400e-01 -2.5137817e-06 -2.3134889e-06  9.2474639e-01] speed=0.0005 ang_speed=0.0023 ang_vel_vec=[-0.00098084  0.00189869 -0.00072543] |com_force|=0.0000N
### kotek_magnet[tick=3300] sensor4: d=0.5249m in_range=False f_mag=0.000N tau_mag=0.0000Nm misalign_deg=90.0 pos=[-0.10900044  0.10899848  0.49140236] bottom_world=[-0.10900023  0.10899882  0.47140236] quat=[ 3.8268289e-01 -1.5440718e-06 -9.7102384e-06  9.2387980e-01] speed=0.0009 ang_speed=0.0035 ang_vel_vec=[0.00026961 0.00342847 0.00062086] |com_force|=0.0000N
### kotek_magnet[tick=3360] sensor1: d=0.4082m in_range=False f_mag=0.000N tau_mag=0.0000Nm misalign_deg=90.0 pos=[0.10880261 0.10900906 0.49140236] bottom_world=[0.1088028  0.10900908 0.47140236] quat=[ 9.2484206e-01 -1.2109066e-06 -4.6048895e-06  3.8035166e-01] speed=0.0010 ang_speed=0.0030 ang_vel_vec=[-0.00258226 -0.00028435  0.00152514] |com_force|=0.0000N
### kotek_magnet[tick=3360] sensor2: d=0.3208m in_range=False f_mag=0.000N tau_mag=0.0000Nm misalign_deg=90.0 pos=[ 0.10902432 -0.10904735  0.49140114] bottom_world=[ 0.10902456 -0.10904697  0.47140114] quat=[ 9.23000872e-01  1.10733645e-05 -1.89889579e-06 -3.84797812e-01] speed=0.0010 ang_speed=0.0029 ang_vel_vec=[-0.00182417  0.00214946 -0.00072524] |com_force|=0.0000N
### kotek_magnet[tick=3360] sensor3: d=0.5470m in_range=False f_mag=0.000N tau_mag=0.0000Nm misalign_deg=90.0 pos=[-0.10910752 -0.10914609  0.49140117] bottom_world=[-0.10910746 -0.10914597  0.47140117] quat=[-3.8058388e-01 -2.5242773e-06 -2.2360505e-06  9.2474645e-01] speed=0.0005 ang_speed=0.0024 ang_vel_vec=[-0.00068524  0.00216597 -0.0006863 ] |com_force|=0.0000N
### kotek_magnet[tick=3360] sensor4: d=0.5249m in_range=False f_mag=0.000N tau_mag=0.0000Nm misalign_deg=90.0 pos=[-0.10900021  0.10899848  0.4914024 ] bottom_world=[-0.1090001   0.10899879  0.47140239] quat=[ 3.8268304e-01  5.2065809e-07 -8.0099335e-06  9.2387974e-01] speed=0.0009 ang_speed=0.0019 ang_vel_vec=[-0.00042816 -0.00118445  0.00141281] |com_force|=0.0000N
### kotek_magnet[tick=3420] sensor1: d=0.4082m in_range=False f_mag=0.000N tau_mag=0.0000Nm misalign_deg=90.0 pos=[0.10880257 0.10900931 0.4914022 ] bottom_world=[0.10880279 0.10900922 0.47140221] quat=[ 9.2484188e-01 -4.0860768e-06 -4.3039554e-06  3.8035178e-01] speed=0.0009 ang_speed=0.0037 ang_vel_vec=[0.00366213 0.00015377 0.00079221] |com_force|=0.0000N
### kotek_magnet[tick=3420] sensor2: d=0.3208m in_range=False f_mag=0.000N tau_mag=0.0000Nm misalign_deg=90.0 pos=[ 0.10902464 -0.10904668  0.49140105] bottom_world=[ 0.10902462 -0.10904652  0.47140105] quat=[ 9.2300075e-01  3.6044266e-06  2.0629088e-06 -3.8479811e-01] speed=0.0004 ang_speed=0.0023 ang_vel_vec=[-0.00169054 -0.00133908 -0.00069924] |com_force|=0.0000N
### kotek_magnet[tick=3420] sensor3: d=0.5470m in_range=False f_mag=0.000N tau_mag=0.0000Nm misalign_deg=90.0 pos=[-0.10910647 -0.10914586  0.49140096] bottom_world=[-0.10910666 -0.10914565  0.47140096] quat=[-3.8058293e-01  2.4386254e-06 -6.5742843e-06  9.2474681e-01] speed=0.0009 ang_speed=0.0024 ang_vel_vec=[ 0.00190698 -0.00016506  0.00150664] |com_force|=0.0000N
### kotek_magnet[tick=3420] sensor4: d=0.5249m in_range=False f_mag=0.000N tau_mag=0.0000Nm misalign_deg=90.0 pos=[-0.10900021  0.1089985   0.4914023 ] bottom_world=[-0.10900009  0.10899882  0.4714023 ] quat=[ 3.8268301e-01  3.8980932e-07 -8.3840032e-06  9.2387968e-01] speed=0.0009 ang_speed=0.0016 ang_vel_vec=[-0.00060252 -0.00071804  0.00135735] |com_force|=0.0000N
### still playing, 1340s left
### kotek_magnet[tick=3480] sensor1: d=0.4082m in_range=False f_mag=0.000N tau_mag=0.0000Nm misalign_deg=90.0 pos=[0.10880258 0.10900909 0.49140227] bottom_world=[0.10880278 0.10900911 0.47140227] quat=[ 9.2484194e-01 -1.5753932e-06 -4.6944019e-06  3.8035175e-01] speed=0.0010 ang_speed=0.0023 ang_vel_vec=[-0.00170899  0.00012286  0.00154843] |com_force|=0.0000N
### kotek_magnet[tick=3480] sensor2: d=0.3208m in_range=False f_mag=0.000N tau_mag=0.0000Nm misalign_deg=90.0 pos=[ 0.10902466 -0.10904644  0.49140096] bottom_world=[ 0.10902461 -0.10904636  0.47140096] quat=[ 9.2300075e-01  1.4564469e-06  1.9483932e-06 -3.8479832e-01] speed=0.0001 ang_speed=0.0022 ang_vel_vec=[ 0.00120875 -0.00180213 -0.00023374] |com_force|=0.0000N
### kotek_magnet[tick=3480] sensor3: d=0.5470m in_range=False f_mag=0.000N tau_mag=0.0000Nm misalign_deg=90.0 pos=[-0.10910751 -0.10914607  0.4914011 ] bottom_world=[-0.10910746 -0.10914594  0.47140111] quat=[-3.8058382e-01 -2.4054275e-06 -2.5204731e-06  9.2474645e-01] speed=0.0005 ang_speed=0.0023 ang_vel_vec=[-0.00108004  0.00194433 -0.00063172] |com_force|=0.0000N
### kotek_magnet[tick=3480] sensor4: d=0.5249m in_range=False f_mag=0.000N tau_mag=0.0000Nm misalign_deg=90.0 pos=[-0.1090004   0.10899873  0.49140227] bottom_world=[-0.10900025  0.10899902  0.47140227] quat=[ 3.8268259e-01 -6.9802218e-07 -8.2156521e-06  9.2387986e-01] speed=0.0006 ang_speed=0.0048 ang_vel_vec=[-0.00174738  0.00440338  0.00057079] |com_force|=0.0000N
### kotek_magnet[tick=3540] sensor1: d=0.4082m in_range=False f_mag=0.000N tau_mag=0.0000Nm misalign_deg=90.0 pos=[0.10880259 0.10900932 0.4914024 ] bottom_world=[0.10880281 0.10900923 0.47140239] quat=[ 9.2484194e-01 -4.1154799e-06 -4.2660308e-06  3.8035184e-01] speed=0.0009 ang_speed=0.0036 ang_vel_vec=[3.6023778e-03 7.4884068e-05 4.9760891e-04] |com_force|=0.0000N
### kotek_magnet[tick=3540] sensor2: d=0.3208m in_range=False f_mag=0.000N tau_mag=0.0000Nm misalign_deg=90.0 pos=[ 0.10902451 -0.10904558  0.49140108] bottom_world=[ 0.10902439 -0.10904568  0.47140108] quat=[ 9.2300051e-01 -3.3601943e-06  1.7602736e-06 -3.8479888e-01] speed=0.0010 ang_speed=0.0017 ang_vel_vec=[0.00079693 0.00084896 0.00120248] |com_force|=0.0000N
### kotek_magnet[tick=3540] sensor3: d=0.5470m in_range=False f_mag=0.000N tau_mag=0.0000Nm misalign_deg=90.0 pos=[-0.10910815 -0.10914578  0.49140102] bottom_world=[-0.10910789 -0.10914589  0.47140102] quat=[-3.8058415e-01 -4.8749857e-06  5.1716470e-06  9.2474633e-01] speed=0.0010 ang_speed=0.0026 ang_vel_vec=[ 0.00192872  0.00147951 -0.00104151] |com_force|=0.0000N
### kotek_magnet[tick=3540] sensor4: d=0.5249m in_range=False f_mag=0.000N tau_mag=0.0000Nm misalign_deg=90.0 pos=[-0.10900036  0.10899953  0.49140224] bottom_world=[-0.10900034  0.10899959  0.47140224] quat=[ 3.8268211e-01  7.2493599e-08 -1.6920810e-06  9.2388004e-01] speed=0.0005 ang_speed=0.0029 ang_vel_vec=[ 0.00212439  0.00173093 -0.00102051] |com_force|=0.0000N
### kotek_magnet[tick=3600] sensor1: d=0.4082m in_range=False f_mag=0.000N tau_mag=0.0000Nm misalign_deg=90.0 pos=[0.10880338 0.10900927 0.49140218] bottom_world=[0.1088034  0.10900935 0.47140218] quat=[ 9.2484176e-01  1.4778930e-06 -1.2316838e-06  3.8035235e-01] speed=0.0002 ang_speed=0.0022 ang_vel_vec=[ 0.00195771  0.00103922 -0.00030913] |com_force|=0.0000N
### kotek_magnet[tick=3600] sensor2: d=0.3208m in_range=False f_mag=0.000N tau_mag=0.0000Nm misalign_deg=90.0 pos=[ 0.10902442 -0.10904672  0.49140096] bottom_world=[ 0.10902452 -0.10904652  0.47140096] quat=[ 9.230007e-01  5.634088e-06 -4.335975e-07 -3.847983e-01] speed=0.0004 ang_speed=0.0025 ang_vel_vec=[-0.0019917   0.00153129 -0.00021132] |com_force|=0.0000N
### kotek_magnet[tick=3600] sensor3: d=0.5470m in_range=False f_mag=0.000N tau_mag=0.0000Nm misalign_deg=90.0 pos=[-0.10910751 -0.10914607  0.49140108] bottom_world=[-0.10910745 -0.10914595  0.47140108] quat=[-3.8058394e-01 -2.6157124e-06 -2.3770376e-06  9.2474639e-01] speed=0.0005 ang_speed=0.0022 ang_vel_vec=[-0.00095536  0.00188219 -0.00068272] |com_force|=0.0000N
### kotek_magnet[tick=3600] sensor4: d=0.5249m in_range=False f_mag=0.000N tau_mag=0.0000Nm misalign_deg=90.0 pos=[-0.10900006  0.1090002   0.4914023 ] bottom_world=[-0.10900028  0.10900006  0.4714023 ] quat=[3.8268197e-01 3.8044172e-06 5.2717046e-06 9.2388010e-01] speed=0.0010 ang_speed=0.0029 ang_vel_vec=[ 0.00201249 -0.00193856 -0.00074442] |com_force|=0.0000N
### kotek_magnet[tick=3660] sensor1: d=0.4082m in_range=False f_mag=0.000N tau_mag=0.0000Nm misalign_deg=90.0 pos=[0.10880256 0.10900904 0.49140245] bottom_world=[0.10880276 0.10900906 0.47140245] quat=[ 9.2484194e-01 -1.4702506e-06 -4.7656267e-06  3.8035172e-01] speed=0.0010 ang_speed=0.0024 ang_vel_vec=[-1.9066664e-03  7.3561961e-05  1.4612712e-03] |com_force|=0.0000N
### kotek_magnet[tick=3660] sensor2: d=0.3208m in_range=False f_mag=0.000N tau_mag=0.0000Nm misalign_deg=90.0 pos=[ 0.10902447 -0.10904567  0.4914012 ] bottom_world=[ 0.10902436 -0.10904575  0.4714012 ] quat=[ 9.2300045e-01 -2.9190708e-06  1.5487894e-06 -3.8479897e-01] speed=0.0010 ang_speed=0.0023 ang_vel_vec=[0.00038545 0.00166957 0.00145983] |com_force|=0.0000N
### kotek_magnet[tick=3660] sensor3: d=0.5470m in_range=False f_mag=0.000N tau_mag=0.0000Nm misalign_deg=90.0 pos=[-0.10910701 -0.10914564  0.49140108] bottom_world=[-0.10910701 -0.10914562  0.47140108] quat=[-3.8058311e-01 -1.5489076e-07 -4.2283531e-07  9.2474681e-01] speed=0.0006 ang_speed=0.0095 ang_vel_vec=[0.00819544 0.00453641 0.00139671] |com_force|=0.0000N
### kotek_magnet[tick=3660] sensor4: d=0.5249m in_range=False f_mag=0.000N tau_mag=0.0000Nm misalign_deg=90.0 pos=[-0.10900008  0.10900013  0.4914024 ] bottom_world=[-0.1090003   0.10899999  0.47140239] quat=[3.8268211e-01 3.7650132e-06 5.2784003e-06 9.2388010e-01] speed=0.0010 ang_speed=0.0024 ang_vel_vec=[ 0.00155759 -0.00163904 -0.00073572] |com_force|=0.0000N
### kotek_magnet[tick=3720] sensor1: d=0.4082m in_range=False f_mag=0.000N tau_mag=0.0000Nm misalign_deg=90.0 pos=[0.10880258 0.10900933 0.4914023 ] bottom_world=[0.10880279 0.10900925 0.4714023 ] quat=[ 9.2484188e-01 -3.9340771e-06 -4.1798676e-06  3.8035181e-01] speed=0.0009 ang_speed=0.0034 ang_vel_vec=[ 3.3192425e-03 -5.7043620e-05  7.6726690e-04] |com_force|=0.0000N
### kotek_magnet[tick=3720] sensor2: d=0.3208m in_range=False f_mag=0.000N tau_mag=0.0000Nm misalign_deg=90.0 pos=[ 0.10902464 -0.1090467   0.49140117] bottom_world=[ 0.10902463 -0.10904653  0.47140117] quat=[ 9.2300087e-01  3.9128540e-06  1.7885196e-06 -3.8479811e-01] speed=0.0004 ang_speed=0.0023 ang_vel_vec=[-0.00221989 -0.00023558 -0.00070221] |com_force|=0.0000N
### kotek_magnet[tick=3720] sensor3: d=0.5470m in_range=False f_mag=0.000N tau_mag=0.0000Nm misalign_deg=90.0 pos=[-0.10910819 -0.10914576  0.49140114] bottom_world=[-0.10910792 -0.1091459   0.47140114] quat=[-3.8058409e-01 -5.1538041e-06  5.8032724e-06  9.2474633e-01] speed=0.0010 ang_speed=0.0030 ang_vel_vec=[ 0.00224872  0.00182627 -0.00078526] |com_force|=0.0000N
### kotek_magnet[tick=3720] sensor4: d=0.5249m in_range=False f_mag=0.000N tau_mag=0.0000Nm misalign_deg=90.0 pos=[-0.10900014  0.1089996   0.49140224] bottom_world=[-0.10900024  0.10899963  0.47140224] quat=[3.8268241e-01 2.4703063e-06 3.5385074e-07 9.2387998e-01] speed=0.0004 ang_speed=0.0032 ang_vel_vec=[ 0.00275161 -0.00159617 -0.00021853] |com_force|=0.0000N
### kotek_magnet[tick=3780] sensor1: d=0.4082m in_range=False f_mag=0.000N tau_mag=0.0000Nm misalign_deg=90.0 pos=[0.10880256 0.10900933 0.49140233] bottom_world=[0.10880277 0.10900926 0.47140233] quat=[ 9.2484194e-01 -3.5745677e-06 -4.2375441e-06  3.8035181e-01] speed=0.0009 ang_speed=0.0030 ang_vel_vec=[ 2.879746e-03 -8.743957e-05  7.350357e-04] |com_force|=0.0000N
### kotek_magnet[tick=3780] sensor2: d=0.3208m in_range=False f_mag=0.000N tau_mag=0.0000Nm misalign_deg=90.0 pos=[ 0.10902464 -0.10904671  0.4914011 ] bottom_world=[ 0.10902463 -0.10904653  0.47140111] quat=[ 9.2300075e-01  4.1180456e-06  1.8639267e-06 -3.8479820e-01] speed=0.0004 ang_speed=0.0024 ang_vel_vec=[-0.00216453 -0.00061998 -0.00074208] |com_force|=0.0000N
### kotek_magnet[tick=3780] sensor3: d=0.5470m in_range=False f_mag=0.000N tau_mag=0.0000Nm misalign_deg=90.0 pos=[-0.1091075  -0.1091461   0.49140108] bottom_world=[-0.10910744 -0.10914597  0.47140108] quat=[-3.8058391e-01 -2.6290977e-06 -2.2429076e-06  9.2474639e-01] speed=0.0005 ang_speed=0.0024 ang_vel_vec=[-0.00056243  0.00216982 -0.00073885] |com_force|=0.0000N
### kotek_magnet[tick=3780] sensor4: d=0.5249m in_range=False f_mag=0.000N tau_mag=0.0000Nm misalign_deg=90.0 pos=[-0.10900036  0.10899954  0.4914024 ] bottom_world=[-0.10900036  0.1089996   0.47140239] quat=[ 3.8268232e-01  5.3367921e-07 -1.2454334e-06  9.2387998e-01] speed=0.0005 ang_speed=0.0027 ang_vel_vec=[ 0.00261759 -0.00012795 -0.00077975] |com_force|=0.0000N
### kotek_magnet[tick=3840] sensor1: d=0.4082m in_range=False f_mag=0.000N tau_mag=0.0000Nm misalign_deg=90.0 pos=[0.10880337 0.10900926 0.49140227] bottom_world=[0.10880339 0.10900932 0.47140227] quat=[ 9.2484176e-01  1.2729984e-06 -1.0628113e-06  3.8035232e-01] speed=0.0001 ang_speed=0.0011 ang_vel_vec=[ 0.0010103  -0.00028519 -0.00045346] |com_force|=0.0000N
### kotek_magnet[tick=3840] sensor2: d=0.3208m in_range=False f_mag=0.000N tau_mag=0.0000Nm misalign_deg=90.0 pos=[ 0.10902464 -0.10904589  0.49140114] bottom_world=[ 0.10902451 -0.10904595  0.47140114] quat=[ 9.2300063e-01 -2.8258696e-06  2.5623667e-06 -3.8479850e-01] speed=0.0007 ang_speed=0.0046 ang_vel_vec=[ 0.00200175 -0.0041429   0.00035995] |com_force|=0.0000N
### kotek_magnet[tick=3840] sensor3: d=0.5470m in_range=False f_mag=0.000N tau_mag=0.0000Nm misalign_deg=90.0 pos=[-0.10910647 -0.10914587  0.49140114] bottom_world=[-0.10910666 -0.10914568  0.47140114] quat=[-3.8058305e-01  2.4481965e-06 -6.1879705e-06  9.2474687e-01] speed=0.0009 ang_speed=0.0035 ang_vel_vec=[0.00318514 0.00053431 0.00132954] |com_force|=0.0000N
### kotek_magnet[tick=3840] sensor4: d=0.5249m in_range=False f_mag=0.000N tau_mag=0.0000Nm misalign_deg=90.0 pos=[-0.10900037  0.10899951  0.4914023 ] bottom_world=[-0.10900035  0.10899957  0.4714023 ] quat=[ 3.8268217e-01  5.5503023e-08 -1.5138087e-06  9.2388016e-01] speed=0.0005 ang_speed=0.0026 ang_vel_vec=[ 0.00194764  0.00145044 -0.00091563] |com_force|=0.0000N
### kotek_magnet[tick=3900] sensor1: d=0.4082m in_range=False f_mag=0.000N tau_mag=0.0000Nm misalign_deg=90.0 pos=[0.10880282 0.10900926 0.49140242] bottom_world=[0.10880299 0.10900924 0.47140242] quat=[ 9.248418e-01 -2.120270e-06 -3.726907e-06  3.803521e-01] speed=0.0007 ang_speed=0.0041 ang_vel_vec=[0.0037757  0.00162282 0.00023913] |com_force|=0.0000N
### kotek_magnet[tick=3900] sensor2: d=0.3208m in_range=False f_mag=0.000N tau_mag=0.0000Nm misalign_deg=90.0 pos=[ 0.10902449 -0.10904564  0.4914012 ] bottom_world=[ 0.10902439 -0.10904572  0.4714012 ] quat=[ 9.2300045e-01 -2.8424820e-06  1.4166521e-06 -3.8479888e-01] speed=0.0010 ang_speed=0.0024 ang_vel_vec=[1.9310733e-05 2.1684540e-03 1.1074389e-03] |com_force|=0.0000N
### kotek_magnet[tick=3900] sensor3: d=0.5470m in_range=False f_mag=0.000N tau_mag=0.0000Nm misalign_deg=90.0 pos=[-0.10910816 -0.10914579  0.4914012 ] bottom_world=[-0.10910789 -0.10914591  0.4714012 ] quat=[-3.8058397e-01 -4.9595251e-06  5.2618652e-06  9.2474639e-01] speed=0.0010 ang_speed=0.0028 ang_vel_vec=[ 0.00196551  0.00171809 -0.00112159] |com_force|=0.0000N
### kotek_magnet[tick=3900] sensor4: d=0.5249m in_range=False f_mag=0.000N tau_mag=0.0000Nm misalign_deg=90.0 pos=[-0.1090001   0.10900015  0.49140236] bottom_world=[-0.10900032  0.10900001  0.47140236] quat=[3.8268206e-01 3.6760252e-06 5.4171182e-06 9.2388022e-01] speed=0.0010 ang_speed=0.0026 ang_vel_vec=[ 0.00166317 -0.00173602 -0.00111044] |com_force|=0.0000N
### kotek_magnet[tick=3960] sensor1: d=0.4082m in_range=False f_mag=0.000N tau_mag=0.0000Nm misalign_deg=90.0 pos=[0.10880257 0.10900936 0.4914023 ] bottom_world=[0.10880279 0.10900927 0.4714023 ] quat=[ 9.2484188e-01 -3.9357706e-06 -4.1943986e-06  3.8035199e-01] speed=0.0009 ang_speed=0.0034 ang_vel_vec=[ 0.00329316 -0.00010084  0.0006891 ] |com_force|=0.0000N
### kotek_magnet[tick=3960] sensor2: d=0.3208m in_range=False f_mag=0.000N tau_mag=0.0000Nm misalign_deg=90.0 pos=[ 0.10902436 -0.10904735  0.49140114] bottom_world=[ 0.1090246  -0.10904697  0.47140114] quat=[ 9.23000932e-01  1.08872355e-05 -1.80794405e-06 -3.84797812e-01] speed=0.0010 ang_speed=0.0028 ang_vel_vec=[-0.00160364  0.00211232 -0.0008738 ] |com_force|=0.0000N
### kotek_magnet[tick=3960] sensor3: d=0.5470m in_range=False f_mag=0.000N tau_mag=0.0000Nm misalign_deg=90.0 pos=[-0.10910669 -0.10914607  0.49140108] bottom_world=[-0.10910686 -0.10914582  0.47140108] quat=[-3.8058338e-01  1.5266949e-06 -7.2418907e-06  9.2474663e-01] speed=0.0006 ang_speed=0.0036 ang_vel_vec=[-0.0032451  -0.00150261  0.00045712] |com_force|=0.0000N
### kotek_magnet[tick=3960] sensor4: d=0.5249m in_range=False f_mag=0.000N tau_mag=0.0000Nm misalign_deg=90.0 pos=[-0.1090001   0.10900018  0.49140233] bottom_world=[-0.10900033  0.10900003  0.47140233] quat=[3.8268197e-01 3.7564657e-06 5.6601439e-06 9.2388022e-01] speed=0.0010 ang_speed=0.0028 ang_vel_vec=[ 0.00196527 -0.001778   -0.00085067] |com_force|=0.0000N
### kotek_magnet[tick=4020] sensor1: d=0.4082m in_range=False f_mag=0.000N tau_mag=0.0000Nm misalign_deg=90.0 pos=[0.1088043  0.10900898 0.49140242] bottom_world=[0.10880403 0.10900933 0.47140242] quat=[9.24841523e-01 1.06456655e-05 2.84936573e-06 3.80352706e-01] speed=0.0010 ang_speed=0.0028 ang_vel_vec=[-0.00187212 -0.00184492 -0.0008355 ] |com_force|=0.0000N
### kotek_magnet[tick=4020] sensor2: d=0.3208m in_range=False f_mag=0.000N tau_mag=0.0000Nm misalign_deg=90.0 pos=[ 0.10902432 -0.10904733  0.49140108] bottom_world=[ 0.10902455 -0.10904695  0.47140108] quat=[ 9.2300087e-01  1.1009045e-05 -1.6469817e-06 -3.8479802e-01] speed=0.0010 ang_speed=0.0025 ang_vel_vec=[-0.00150483  0.00180699 -0.00079191] |com_force|=0.0000N
### kotek_magnet[tick=4020] sensor3: d=0.5470m in_range=False f_mag=0.000N tau_mag=0.0000Nm misalign_deg=90.0 pos=[-0.10910644 -0.10914589  0.49140114] bottom_world=[-0.10910663 -0.10914568  0.47140114] quat=[-3.8058302e-01  2.3718605e-06 -6.4502774e-06  9.2474681e-01] speed=0.0010 ang_speed=0.0027 ang_vel_vec=[2.2731833e-03 6.6466360e-05 1.5106146e-03] |com_force|=0.0000N
### kotek_magnet[tick=4020] sensor4: d=0.5249m in_range=False f_mag=0.000N tau_mag=0.0000Nm misalign_deg=90.0 pos=[-0.10900006  0.10900016  0.49140233] bottom_world=[-0.10900029  0.10900002  0.47140233] quat=[3.8268220e-01 3.8717112e-06 5.4262914e-06 9.2388016e-01] speed=0.0010 ang_speed=0.0028 ang_vel_vec=[ 0.00195571 -0.00186269 -0.00073177] |com_force|=0.0000N
### kotek_magnet[tick=4080] sensor1: d=0.4082m in_range=False f_mag=0.000N tau_mag=0.0000Nm misalign_deg=90.0 pos=[0.1088043  0.10900895 0.4914023 ] bottom_world=[0.10880404 0.1090093  0.4714023 ] quat=[9.2484158e-01 1.0428250e-05 2.8357040e-06 3.8035268e-01] speed=0.0010 ang_speed=0.0025 ang_vel_vec=[-0.00174967 -0.00162181 -0.00081096] |com_force|=0.0000N
### kotek_magnet[tick=4080] sensor2: d=0.3208m in_range=False f_mag=0.000N tau_mag=0.0000Nm misalign_deg=90.0 pos=[ 0.10902432 -0.10904738  0.49140114] bottom_world=[ 0.10902456 -0.10904699  0.47140114] quat=[ 9.2300087e-01  1.1315653e-05 -1.8695830e-06 -3.8479787e-01] speed=0.0010 ang_speed=0.0030 ang_vel_vec=[-0.00195369  0.00218238 -0.00078604] |com_force|=0.0000N
### kotek_magnet[tick=4080] sensor3: d=0.5470m in_range=False f_mag=0.000N tau_mag=0.0000Nm misalign_deg=90.0 pos=[-0.10910822 -0.10914574  0.49140117] bottom_world=[-0.10910795 -0.10914587  0.47140117] quat=[-3.8058403e-01 -5.1185511e-06  5.6044682e-06  9.2474639e-01] speed=0.0010 ang_speed=0.0028 ang_vel_vec=[ 0.00205227  0.00180482 -0.00078974] |com_force|=0.0000N
### kotek_magnet[tick=4080] sensor4: d=0.5249m in_range=False f_mag=0.000N tau_mag=0.0000Nm misalign_deg=90.0 pos=[-0.10900007  0.10900015  0.49140233] bottom_world=[-0.10900029  0.10900001  0.47140233] quat=[3.8268217e-01 3.7406508e-06 5.4838160e-06 9.2388016e-01] speed=0.0010 ang_speed=0.0024 ang_vel_vec=[ 0.00164659 -0.00160541 -0.00072079] |com_force|=0.0000N
### kotek_magnet[tick=4140] sensor1: d=0.4082m in_range=False f_mag=0.000N tau_mag=0.0000Nm misalign_deg=90.0 pos=[0.10880256 0.10900906 0.49140236] bottom_world=[0.10880276 0.10900907 0.47140236] quat=[ 9.2484194e-01 -1.5449737e-06 -4.7005601e-06  3.8035169e-01] speed=0.0010 ang_speed=0.0023 ang_vel_vec=[-1.8725946e-03  7.4670228e-05  1.3266674e-03] |com_force|=0.0000N
### kotek_magnet[tick=4140] sensor2: d=0.3208m in_range=False f_mag=0.000N tau_mag=0.0000Nm misalign_deg=90.0 pos=[ 0.10902466 -0.10904592  0.4914011 ] bottom_world=[ 0.10902452 -0.10904598  0.47140111] quat=[ 9.2300057e-01 -2.8960508e-06  2.6289179e-06 -3.8479850e-01] speed=0.0006 ang_speed=0.0046 ang_vel_vec=[ 0.00199907 -0.00412801  0.0004126 ] |com_force|=0.0000N
### kotek_magnet[tick=4140] sensor3: d=0.5470m in_range=False f_mag=0.000N tau_mag=0.0000Nm misalign_deg=90.0 pos=[-0.10910671 -0.10914608  0.49140108] bottom_world=[-0.10910689 -0.10914583  0.47140108] quat=[-3.8058338e-01  1.5973848e-06 -7.5037037e-06  9.2474663e-01] speed=0.0006 ang_speed=0.0041 ang_vel_vec=[-0.00371187 -0.0016315   0.00042801] |com_force|=0.0000N
### kotek_magnet[tick=4140] sensor4: d=0.5249m in_range=False f_mag=0.000N tau_mag=0.0000Nm misalign_deg=90.0 pos=[-0.10900035  0.10899954  0.49140242] bottom_world=[-0.10900033  0.1089996   0.47140242] quat=[ 3.8268217e-01  1.2686975e-07 -1.5842918e-06  9.2388004e-01] speed=0.0005 ang_speed=0.0026 ang_vel_vec=[ 0.00196235  0.0014622  -0.00085934] |com_force|=0.0000N
### kotek_magnet[tick=4200] sensor1: d=0.4082m in_range=False f_mag=0.000N tau_mag=0.0000Nm misalign_deg=90.0 pos=[0.10880331 0.10900911 0.49140227] bottom_world=[0.10880332 0.10900925 0.47140227] quat=[ 9.2484170e-01  3.1298355e-06 -1.6467014e-06  3.8035217e-01] speed=0.0002 ang_speed=0.0011 ang_vel_vec=[-0.00107565  0.00023181  0.00015123] |com_force|=0.0000N
### kotek_magnet[tick=4200] sensor2: d=0.3208m in_range=False f_mag=0.000N tau_mag=0.0000Nm misalign_deg=90.0 pos=[ 0.10902462 -0.10904668  0.49140108] bottom_world=[ 0.10902461 -0.10904651  0.47140108] quat=[ 9.2300075e-01  3.8725898e-06  1.8569688e-06 -3.8479808e-01] speed=0.0004 ang_speed=0.0024 ang_vel_vec=[-0.00213237 -0.00078162 -0.00078145] |com_force|=0.0000N
### kotek_magnet[tick=4200] sensor3: d=0.5470m in_range=False f_mag=0.000N tau_mag=0.0000Nm misalign_deg=90.0 pos=[-0.10910817 -0.10914578  0.49140117] bottom_world=[-0.10910791 -0.1091459   0.47140117] quat=[-3.8058409e-01 -4.9240462e-06  5.2330324e-06  9.2474639e-01] speed=0.0010 ang_speed=0.0027 ang_vel_vec=[ 0.00193348  0.00160881 -0.00083998] |com_force|=0.0000N
### kotek_magnet[tick=4200] sensor4: d=0.5249m in_range=False f_mag=0.000N tau_mag=0.0000Nm misalign_deg=90.0 pos=[-0.10900004  0.10900018  0.4914023 ] bottom_world=[-0.10900027  0.10900004  0.4714023 ] quat=[3.8268220e-01 3.7800614e-06 5.5431756e-06 9.2388016e-01] speed=0.0010 ang_speed=0.0026 ang_vel_vec=[ 0.00171806 -0.00171037 -0.00083002] |com_force|=0.0000N
### kotek_magnet[tick=4260] sensor1: d=0.4082m in_range=False f_mag=0.000N tau_mag=0.0000Nm misalign_deg=90.0 pos=[0.10880281 0.10900927 0.49140233] bottom_world=[0.10880299 0.10900925 0.47140233] quat=[ 9.2484182e-01 -2.2418085e-06 -3.8583084e-06  3.8035196e-01] speed=0.0006 ang_speed=0.0044 ang_vel_vec=[0.00399773 0.001777   0.00055317] |com_force|=0.0000N
### kotek_magnet[tick=4260] sensor2: d=0.3208m in_range=False f_mag=0.000N tau_mag=0.0000Nm misalign_deg=90.0 pos=[ 0.10902444 -0.10904638  0.4914011 ] bottom_world=[ 0.1090245  -0.10904624  0.47140111] quat=[ 9.2300069e-01  3.8798257e-06  3.0488479e-08 -3.8479841e-01] speed=0.0002 ang_speed=0.0029 ang_vel_vec=[-0.00145564  0.00250141  0.00021302] |com_force|=0.0000N
### kotek_magnet[tick=4260] sensor3: d=0.5470m in_range=False f_mag=0.000N tau_mag=0.0000Nm misalign_deg=90.0 pos=[-0.10910701 -0.10914563  0.49140105] bottom_world=[-0.10910701 -0.10914561  0.47140105] quat=[-3.8058317e-01 -1.7541255e-07 -3.6137288e-07  9.2474669e-01] speed=0.0006 ang_speed=0.0095 ang_vel_vec=[0.00820001 0.00458061 0.00132923] |com_force|=0.0000N
### kotek_magnet[tick=4260] sensor4: d=0.5249m in_range=False f_mag=0.000N tau_mag=0.0000Nm misalign_deg=90.0 pos=[-0.10900007  0.1090002   0.49140233] bottom_world=[-0.1090003   0.10900006  0.47140233] quat=[3.8268214e-01 3.8362214e-06 5.4228190e-06 9.2388016e-01] speed=0.0010 ang_speed=0.0027 ang_vel_vec=[ 0.00180818 -0.00189147 -0.00079011] |com_force|=0.0000N
### kotek_magnet[tick=4320] sensor1: d=0.4082m in_range=False f_mag=0.000N tau_mag=0.0000Nm misalign_deg=90.0 pos=[0.10880284 0.10900924 0.49140245] bottom_world=[0.10880301 0.10900922 0.47140245] quat=[ 9.2484182e-01 -2.2101281e-06 -3.8027833e-06  3.8035205e-01] speed=0.0006 ang_speed=0.0041 ang_vel_vec=[0.00374602 0.00165294 0.00039914] |com_force|=0.0000N
### kotek_magnet[tick=4320] sensor2: d=0.3208m in_range=False f_mag=0.000N tau_mag=0.0000Nm misalign_deg=90.0 pos=[ 0.10902466 -0.10904672  0.4914011 ] bottom_world=[ 0.10902464 -0.10904656  0.47140111] quat=[ 9.2300081e-01  3.5988091e-06  1.9598226e-06 -3.8479808e-01] speed=0.0004 ang_speed=0.0026 ang_vel_vec=[-0.0022343  -0.00086483 -0.00089626] |com_force|=0.0000N
### kotek_magnet[tick=4320] sensor3: d=0.5470m in_range=False f_mag=0.000N tau_mag=0.0000Nm misalign_deg=90.0 pos=[-0.10910729 -0.10914582  0.49140114] bottom_world=[-0.10910726 -0.10914579  0.47140114] quat=[-3.8058335e-01 -8.2129219e-07 -6.0878165e-07  9.2474669e-01] speed=0.0003 ang_speed=0.0058 ang_vel_vec=[0.00515764 0.00267399 0.00022167] |com_force|=0.0000N
### kotek_magnet[tick=4320] sensor4: d=0.5249m in_range=False f_mag=0.000N tau_mag=0.0000Nm misalign_deg=90.0 pos=[-0.1090001   0.10900017  0.4914023 ] bottom_world=[-0.10900032  0.10900003  0.4714023 ] quat=[3.8268203e-01 3.7117486e-06 5.3951030e-06 9.2388016e-01] speed=0.0010 ang_speed=0.0025 ang_vel_vec=[ 0.00156209 -0.00165347 -0.00094633] |com_force|=0.0000N
### kotek_magnet[tick=4380] sensor1: d=0.4082m in_range=False f_mag=0.000N tau_mag=0.0000Nm misalign_deg=90.0 pos=[0.10880256 0.10900933 0.49140242] bottom_world=[0.10880278 0.10900924 0.47140242] quat=[ 9.2484194e-01 -3.9832744e-06 -4.3125065e-06  3.8035193e-01] speed=0.0009 ang_speed=0.0037 ang_vel_vec=[0.00352957 0.00018156 0.00094164] |com_force|=0.0000N
### kotek_magnet[tick=4380] sensor2: d=0.3208m in_range=False f_mag=0.000N tau_mag=0.0000Nm misalign_deg=90.0 pos=[ 0.10902464 -0.10904668  0.4914011 ] bottom_world=[ 0.10902462 -0.10904652  0.47140111] quat=[ 9.2300081e-01  3.6329743e-06  2.0668349e-06 -3.8479805e-01] speed=0.0004 ang_speed=0.0024 ang_vel_vec=[-0.00169255 -0.00153517 -0.00055512] |com_force|=0.0000N
### kotek_magnet[tick=4380] sensor3: d=0.5470m in_range=False f_mag=0.000N tau_mag=0.0000Nm misalign_deg=90.0 pos=[-0.10910641 -0.10914611  0.49140108] bottom_world=[-0.10910663 -0.1091458   0.47140108] quat=[-3.8058320e-01  1.9677000e-06 -9.1206593e-06  9.2474675e-01] speed=0.0008 ang_speed=0.0026 ang_vel_vec=[-0.00237615  0.0006028   0.00091778] |com_force|=0.0000N
### kotek_magnet[tick=4380] sensor4: d=0.5249m in_range=False f_mag=0.000N tau_mag=0.0000Nm misalign_deg=90.0 pos=[-0.10900007  0.10900019  0.49140227] bottom_world=[-0.10900029  0.10900005  0.47140227] quat=[3.8268211e-01 3.7848254e-06 5.4194711e-06 9.2388016e-01] speed=0.0010 ang_speed=0.0025 ang_vel_vec=[ 0.00172414 -0.00169587 -0.00061573] |com_force|=0.0000N
### kotek_magnet[tick=4440] sensor1: d=0.4082m in_range=False f_mag=0.000N tau_mag=0.0000Nm misalign_deg=90.0 pos=[0.1088029  0.10900892 0.49140233] bottom_world=[0.10880295 0.10900912 0.47140233] quat=[ 9.2484188e-01  4.1371522e-06 -2.9723265e-06  3.8035199e-01] speed=0.0007 ang_speed=0.0057 ang_vel_vec=[-0.00493206 -0.00277276  0.00098407] |com_force|=0.0000N
### kotek_magnet[tick=4440] sensor2: d=0.3208m in_range=False f_mag=0.000N tau_mag=0.0000Nm misalign_deg=90.0 pos=[ 0.10902446 -0.10904565  0.49140114] bottom_world=[ 0.10902436 -0.10904574  0.47140114] quat=[ 9.2300045e-01 -2.9077823e-06  1.4762263e-06 -3.8479897e-01] speed=0.0010 ang_speed=0.0024 ang_vel_vec=[0.00020993 0.00186454 0.00142272] |com_force|=0.0000N
### kotek_magnet[tick=4440] sensor3: d=0.5470m in_range=False f_mag=0.000N tau_mag=0.0000Nm misalign_deg=90.0 pos=[-0.10910646 -0.1091459   0.49140114] bottom_world=[-0.10910664 -0.10914571  0.47140114] quat=[-3.8058296e-01  2.3869022e-06 -6.3060475e-06  9.2474687e-01] speed=0.0009 ang_speed=0.0028 ang_vel_vec=[0.00236959 0.00018771 0.0014901 ] |com_force|=0.0000N
### kotek_magnet[tick=4440] sensor4: d=0.5249m in_range=False f_mag=0.000N tau_mag=0.0000Nm misalign_deg=90.0 pos=[-0.10900022  0.10899847  0.4914024 ] bottom_world=[-0.10900011  0.10899878  0.47140239] quat=[ 3.8268310e-01  5.2597517e-07 -8.1883290e-06  9.2387980e-01] speed=0.0009 ang_speed=0.0019 ang_vel_vec=[-0.00049835 -0.00125239  0.00132676] |com_force|=0.0000N
### kotek_magnet[tick=4500] sensor1: d=0.4082m in_range=False f_mag=0.000N tau_mag=0.0000Nm misalign_deg=90.0 pos=[0.10880259 0.10900908 0.4914023 ] bottom_world=[0.10880279 0.10900908 0.4714023 ] quat=[ 9.2484200e-01 -1.8366471e-06 -4.6663472e-06  3.8035166e-01] speed=0.0010 ang_speed=0.0016 ang_vel_vec=[-0.00072462  0.00042993  0.00138345] |com_force|=0.0000N
### kotek_magnet[tick=4500] sensor2: d=0.3208m in_range=False f_mag=0.000N tau_mag=0.0000Nm misalign_deg=90.0 pos=[ 0.10902428 -0.10904726  0.4914012 ] bottom_world=[ 0.10902453 -0.1090469   0.4714012 ] quat=[ 9.2300075e-01  1.0765409e-05 -2.3467437e-06 -3.8479811e-01] speed=0.0009 ang_speed=0.0044 ang_vel_vec=[-0.0028936   0.00325031 -0.00054974] |com_force|=0.0000N
### kotek_magnet[tick=4500] sensor3: d=0.5470m in_range=False f_mag=0.000N tau_mag=0.0000Nm misalign_deg=90.0 pos=[-0.10910701 -0.10914565  0.4914011 ] bottom_world=[-0.10910702 -0.10914563  0.47140111] quat=[-3.8058317e-01  3.5427725e-08 -4.2232747e-07  9.2474669e-01] speed=0.0006 ang_speed=0.0096 ang_vel_vec=[0.00843129 0.00441618 0.00126157] |com_force|=0.0000N
### kotek_magnet[tick=4500] sensor4: d=0.5249m in_range=False f_mag=0.000N tau_mag=0.0000Nm misalign_deg=90.0 pos=[-0.10900007  0.10900016  0.49140245] bottom_world=[-0.10900028  0.10900002  0.47140245] quat=[3.8268217e-01 3.3854751e-06 5.2678679e-06 9.2388010e-01] speed=0.0010 ang_speed=0.0023 ang_vel_vec=[ 0.00175477 -0.00125394 -0.00081631] |com_force|=0.0000N
### kotek_magnet[tick=4560] sensor1: d=0.4082m in_range=False f_mag=0.000N tau_mag=0.0000Nm misalign_deg=90.0 pos=[0.10880382 0.10900922 0.4914023 ] bottom_world=[0.10880372 0.10900935 0.4714023 ] quat=[9.2484164e-01 3.9843076e-06 9.1871402e-07 3.8035259e-01] speed=0.0006 ang_speed=0.0028 ang_vel_vec=[-0.00044319 -0.00263774 -0.00089143] |com_force|=0.0000N
### kotek_magnet[tick=4560] sensor2: d=0.3208m in_range=False f_mag=0.000N tau_mag=0.0000Nm misalign_deg=90.0 pos=[ 0.10902465 -0.10904671  0.4914012 ] bottom_world=[ 0.10902464 -0.10904654  0.4714012 ] quat=[ 9.2300081e-01  3.9167567e-06  2.0346795e-06 -3.8479814e-01] speed=0.0004 ang_speed=0.0024 ang_vel_vec=[-0.00186941 -0.00138501 -0.00072076] |com_force|=0.0000N
### kotek_magnet[tick=4560] sensor3: d=0.5470m in_range=False f_mag=0.000N tau_mag=0.0000Nm misalign_deg=90.0 pos=[-0.10910671 -0.10914609  0.49140123] bottom_world=[-0.10910688 -0.10914584  0.47140123] quat=[-3.8058335e-01  1.4941777e-06 -7.3976707e-06  9.2474663e-01] speed=0.0006 ang_speed=0.0040 ang_vel_vec=[-0.00362051 -0.00151478  0.0005451 ] |com_force|=0.0000N
### kotek_magnet[tick=4560] sensor4: d=0.5249m in_range=False f_mag=0.000N tau_mag=0.0000Nm misalign_deg=90.0 pos=[-0.10900006  0.10900015  0.49140242] bottom_world=[-0.10900029  0.10900001  0.47140242] quat=[3.8268211e-01 3.9127854e-06 5.5433652e-06 9.2388016e-01] speed=0.0010 ang_speed=0.0027 ang_vel_vec=[ 0.00185767 -0.00181082 -0.0007562 ] |com_force|=0.0000N
### kotek_magnet[tick=4620] sensor1: d=0.4082m in_range=False f_mag=0.000N tau_mag=0.0000Nm misalign_deg=90.0 pos=[0.10880379 0.10900924 0.49140236] bottom_world=[0.1088037  0.10900936 0.47140236] quat=[9.2484158e-01 3.5721152e-06 1.1456184e-06 3.8035259e-01] speed=0.0006 ang_speed=0.0026 ang_vel_vec=[ 0.00140467 -0.00198876 -0.00086997] |com_force|=0.0000N
### kotek_magnet[tick=4620] sensor2: d=0.3208m in_range=False f_mag=0.000N tau_mag=0.0000Nm misalign_deg=90.0 pos=[ 0.10902462 -0.10904671  0.49140114] bottom_world=[ 0.10902462 -0.10904654  0.47140114] quat=[ 9.2300087e-01  3.7122059e-06  1.6611156e-06 -3.8479808e-01] speed=0.0004 ang_speed=0.0025 ang_vel_vec=[-0.00242717  0.00026119 -0.00070044] |com_force|=0.0000N
### kotek_magnet[tick=4620] sensor3: d=0.5470m in_range=False f_mag=0.000N tau_mag=0.0000Nm misalign_deg=90.0 pos=[-0.10910645 -0.10914586  0.4914011 ] bottom_world=[-0.10910664 -0.10914567  0.47140111] quat=[-3.8058299e-01  2.5080376e-06 -6.2073191e-06  9.2474681e-01] speed=0.0009 ang_speed=0.0033 ang_vel_vec=[0.00291772 0.00037954 0.00151069] |com_force|=0.0000N
### kotek_magnet[tick=4620] sensor4: d=0.5249m in_range=False f_mag=0.000N tau_mag=0.0000Nm misalign_deg=90.0 pos=[-0.10900036  0.10899955  0.4914022 ] bottom_world=[-0.10900033  0.1089996   0.47140221] quat=[ 3.8268211e-01 -4.2160480e-08 -1.4376067e-06  9.2388004e-01] speed=0.0005 ang_speed=0.0028 ang_vel_vec=[ 0.00208596  0.00167016 -0.00072814] |com_force|=0.0000N
### kotek_magnet[tick=4680] sensor1: d=0.4082m in_range=False f_mag=0.000N tau_mag=0.0000Nm misalign_deg=90.0 pos=[0.1088043  0.10900898 0.49140236] bottom_world=[0.10880403 0.10900932 0.47140236] quat=[9.2484152e-01 1.0562416e-05 2.9961650e-06 3.8035280e-01] speed=0.0010 ang_speed=0.0030 ang_vel_vec=[-0.0019782  -0.0019072  -0.00110513] |com_force|=0.0000N
### kotek_magnet[tick=4680] sensor2: d=0.3208m in_range=False f_mag=0.000N tau_mag=0.0000Nm misalign_deg=90.0 pos=[ 0.10902465 -0.10904671  0.4914011 ] bottom_world=[ 0.10902464 -0.10904654  0.47140111] quat=[ 9.2300081e-01  3.7599357e-06  1.8469893e-06 -3.8479811e-01] speed=0.0004 ang_speed=0.0026 ang_vel_vec=[-0.00239845 -0.00030392 -0.00095778] |com_force|=0.0000N
### kotek_magnet[tick=4680] sensor3: d=0.5470m in_range=False f_mag=0.000N tau_mag=0.0000Nm misalign_deg=90.0 pos=[-0.10910752 -0.10914607  0.4914012 ] bottom_world=[-0.10910746 -0.10914596  0.4714012 ] quat=[-3.8058403e-01 -2.4642968e-06 -2.1612211e-06  9.2474645e-01] speed=0.0005 ang_speed=0.0026 ang_vel_vec=[-0.00012343  0.00245652 -0.00095321] |com_force|=0.0000N
### kotek_magnet[tick=4680] sensor4: d=0.5249m in_range=False f_mag=0.000N tau_mag=0.0000Nm misalign_deg=90.0 pos=[-0.10900037  0.10899953  0.49140236] bottom_world=[-0.10900036  0.10899958  0.47140236] quat=[ 3.8268223e-01  1.8111680e-07 -1.3448480e-06  9.2388004e-01] speed=0.0005 ang_speed=0.0027 ang_vel_vec=[ 0.00210289  0.00128821 -0.00099398] |com_force|=0.0000N
### kotek_magnet[tick=4740] sensor1: d=0.4082m in_range=False f_mag=0.000N tau_mag=0.0000Nm misalign_deg=90.0 pos=[0.10880255 0.10900909 0.49140227] bottom_world=[0.10880275 0.1090091  0.47140227] quat=[ 9.2484200e-01 -1.4930928e-06 -4.7232929e-06  3.8035160e-01] speed=0.0010 ang_speed=0.0024 ang_vel_vec=[-0.00193166  0.00012225  0.00146895] |com_force|=0.0000N
### kotek_magnet[tick=4740] sensor2: d=0.3208m in_range=False f_mag=0.000N tau_mag=0.0000Nm misalign_deg=90.0 pos=[ 0.10902444 -0.10904641  0.49140105] bottom_world=[ 0.1090245  -0.10904627  0.47140105] quat=[ 9.2300069e-01  3.7199875e-06  6.9896117e-08 -3.8479841e-01] speed=0.0002 ang_speed=0.0027 ang_vel_vec=[-0.00133429  0.0023829   0.00027602] |com_force|=0.0000N
### kotek_magnet[tick=4740] sensor3: d=0.5470m in_range=False f_mag=0.000N tau_mag=0.0000Nm misalign_deg=90.0 pos=[-0.10910721 -0.10914586  0.49140108] bottom_world=[-0.10910717 -0.10914581  0.47140108] quat=[-3.8058349e-01 -1.3418493e-06 -8.7741887e-07  9.2474663e-01] speed=0.0002 ang_speed=0.0029 ang_vel_vec=[0.00239115 0.00157272 0.00029799] |com_force|=0.0000N
### kotek_magnet[tick=4740] sensor4: d=0.5249m in_range=False f_mag=0.000N tau_mag=0.0000Nm misalign_deg=90.0 pos=[-0.10900036  0.10899955  0.4914023 ] bottom_world=[-0.10900035  0.10899961  0.4714023 ] quat=[ 3.8268223e-01  1.9913838e-07 -1.5536234e-06  9.2388010e-01] speed=0.0005 ang_speed=0.0024 ang_vel_vec=[ 0.0018409   0.00136831 -0.00072656] |com_force|=0.0000N
### kotek_magnet[tick=4800] sensor1: d=0.4082m in_range=False f_mag=0.000N tau_mag=0.0000Nm misalign_deg=90.0 pos=[0.10880256 0.10900929 0.49140236] bottom_world=[0.10880277 0.10900922 0.47140236] quat=[ 9.2484194e-01 -3.6059141e-06 -4.1820222e-06  3.8035181e-01] speed=0.0009 ang_speed=0.0032 ang_vel_vec=[ 0.00316607 -0.00013032  0.00066592] |com_force|=0.0000N
### kotek_magnet[tick=4800] sensor2: d=0.3208m in_range=False f_mag=0.000N tau_mag=0.0000Nm misalign_deg=90.0 pos=[ 0.10902465 -0.10904592  0.49140117] bottom_world=[ 0.10902452 -0.10904597  0.47140117] quat=[ 9.2300057e-01 -2.5651277e-06  2.5181316e-06 -3.8479856e-01] speed=0.0007 ang_speed=0.0040 ang_vel_vec=[ 0.00182242 -0.00354338  0.00041397] |com_force|=0.0000N
### kotek_magnet[tick=4800] sensor3: d=0.5470m in_range=False f_mag=0.000N tau_mag=0.0000Nm misalign_deg=90.0 pos=[-0.1091067  -0.10914608  0.4914012 ] bottom_world=[-0.10910687 -0.10914584  0.4714012 ] quat=[-3.8058326e-01  1.4398848e-06 -7.1913528e-06  9.2474663e-01] speed=0.0006 ang_speed=0.0035 ang_vel_vec=[-0.00313683 -0.00137326  0.00042845] |com_force|=0.0000N
### kotek_magnet[tick=4800] sensor4: d=0.5249m in_range=False f_mag=0.000N tau_mag=0.0000Nm misalign_deg=90.0 pos=[-0.10900006  0.10900016  0.49140245] bottom_world=[-0.10900029  0.10900001  0.47140245] quat=[3.8268209e-01 3.8745093e-06 5.6537215e-06 9.2388016e-01] speed=0.0010 ang_speed=0.0031 ang_vel_vec=[ 0.00217878 -0.002026   -0.00086411] |com_force|=0.0000N
### kotek_magnet[tick=4860] sensor1: d=0.4082m in_range=False f_mag=0.000N tau_mag=0.0000Nm misalign_deg=90.0 pos=[0.10880259 0.10900907 0.49140245] bottom_world=[0.10880278 0.10900909 0.47140245] quat=[ 9.2484194e-01 -1.5197339e-06 -4.6187697e-06  3.8035175e-01] speed=0.0010 ang_speed=0.0021 ang_vel_vec=[-0.00131223  0.00029583  0.00158878] |com_force|=0.0000N
### kotek_magnet[tick=4860] sensor2: d=0.3208m in_range=False f_mag=0.000N tau_mag=0.0000Nm misalign_deg=90.0 pos=[ 0.10902464 -0.10904587  0.49140117] bottom_world=[ 0.1090245  -0.10904594  0.47140117] quat=[ 9.2300069e-01 -2.9154944e-06  2.5734585e-06 -3.8479850e-01] speed=0.0006 ang_speed=0.0048 ang_vel_vec=[ 0.00222741 -0.00423382  0.00068661] |com_force|=0.0000N
### kotek_magnet[tick=4860] sensor3: d=0.5470m in_range=False f_mag=0.000N tau_mag=0.0000Nm misalign_deg=90.0 pos=[-0.10910644 -0.10914613  0.49140102] bottom_world=[-0.10910664 -0.10914584  0.47140102] quat=[-3.8058320e-01  1.9786519e-06 -8.7971775e-06  9.2474675e-01] speed=0.0008 ang_speed=0.0024 ang_vel_vec=[-0.00220351  0.00047386  0.00094126] |com_force|=0.0000N
### kotek_magnet[tick=4860] sensor4: d=0.5249m in_range=False f_mag=0.000N tau_mag=0.0000Nm misalign_deg=90.0 pos=[-0.10900033  0.10899957  0.4914023 ] bottom_world=[-0.1090003   0.10899962  0.4714023 ] quat=[ 3.8268220e-01  3.1683523e-08 -1.4304474e-06  9.2388004e-01] speed=0.0005 ang_speed=0.0026 ang_vel_vec=[ 0.00193385  0.00165475 -0.00058774] |com_force|=0.0000N
### kotek_magnet[tick=4920] sensor1: d=0.4082m in_range=False f_mag=0.000N tau_mag=0.0000Nm misalign_deg=90.0 pos=[0.10880341 0.10900927 0.49140224] bottom_world=[0.10880342 0.10900936 0.47140224] quat=[ 9.2484164e-01  1.8665636e-06 -1.1525569e-06  3.8035235e-01] speed=0.0002 ang_speed=0.0009 ang_vel_vec=[ 7.8463519e-04 -5.0829029e-05 -3.4351772e-04] |com_force|=0.0000N
### kotek_magnet[tick=4920] sensor2: d=0.3208m in_range=False f_mag=0.000N tau_mag=0.0000Nm misalign_deg=90.0 pos=[ 0.10902462 -0.10904672  0.491401  ] bottom_world=[ 0.10902462 -0.10904654  0.47140099] quat=[ 9.2300075e-01  4.1089297e-06  1.8301716e-06 -3.8479808e-01] speed=0.0005 ang_speed=0.0024 ang_vel_vec=[-0.00223948 -0.00031312 -0.00074784] |com_force|=0.0000N
### kotek_magnet[tick=4920] sensor3: d=0.5470m in_range=False f_mag=0.000N tau_mag=0.0000Nm misalign_deg=90.0 pos=[-0.10910816 -0.10914578  0.49140096] bottom_world=[-0.10910789 -0.1091459   0.47140096] quat=[-3.8058421e-01 -5.0309054e-06  5.5260148e-06  9.2474639e-01] speed=0.0010 ang_speed=0.0030 ang_vel_vec=[ 0.00225407  0.00174443 -0.00077298] |com_force|=0.0000N
### kotek_magnet[tick=4920] sensor4: d=0.5249m in_range=False f_mag=0.000N tau_mag=0.0000Nm misalign_deg=90.0 pos=[-0.1090002  0.1089985  0.4914024] bottom_world=[-0.1090001   0.1089988   0.47140239] quat=[ 3.8268301e-01  6.4334182e-07 -7.9869715e-06  9.2387974e-01] speed=0.0009 ang_speed=0.0022 ang_vel_vec=[ 5.4109032e-06 -1.7293380e-03  1.3301972e-03] |com_force|=0.0000N
### kotek_magnet[tick=4980] sensor1: d=0.4082m in_range=False f_mag=0.000N tau_mag=0.0000Nm misalign_deg=90.0 pos=[0.1088043  0.10900894 0.49140236] bottom_world=[0.10880404 0.10900928 0.47140236] quat=[9.2484146e-01 1.0516110e-05 2.8466700e-06 3.8035274e-01] speed=0.0010 ang_speed=0.0026 ang_vel_vec=[-0.00178612 -0.00167376 -0.00079737] |com_force|=0.0000N
### kotek_magnet[tick=4980] sensor2: d=0.3208m in_range=False f_mag=0.000N tau_mag=0.0000Nm misalign_deg=90.0 pos=[ 0.10902444 -0.10904642  0.49140117] bottom_world=[ 0.1090245  -0.10904628  0.47140117] quat=[ 9.2300069e-01  3.8629373e-06  1.8686876e-08 -3.8479838e-01] speed=0.0002 ang_speed=0.0028 ang_vel_vec=[-0.00138588  0.0024062   0.00032024] |com_force|=0.0000N
### kotek_magnet[tick=4980] sensor3: d=0.5470m in_range=False f_mag=0.000N tau_mag=0.0000Nm misalign_deg=90.0 pos=[-0.10910814 -0.1091458   0.49140114] bottom_world=[-0.10910788 -0.10914592  0.47140114] quat=[-3.8058394e-01 -4.9766049e-06  5.2485470e-06  9.2474639e-01] speed=0.0010 ang_speed=0.0024 ang_vel_vec=[ 0.00174711  0.00144546 -0.00071271] |com_force|=0.0000N
### kotek_magnet[tick=4980] sensor4: d=0.5249m in_range=False f_mag=0.000N tau_mag=0.0000Nm misalign_deg=90.0 pos=[-0.10900022  0.10899842  0.4914024 ] bottom_world=[-0.1090001   0.10899874  0.47140239] quat=[ 3.8268301e-01  2.3729578e-07 -8.6999416e-06  9.2387974e-01] speed=0.0010 ang_speed=0.0018 ang_vel_vec=[-0.00086029 -0.00058502  0.00141449] |com_force|=0.0000N
### kotek_magnet[tick=5040] sensor1: d=0.4082m in_range=False f_mag=0.000N tau_mag=0.0000Nm misalign_deg=90.0 pos=[0.10880284 0.10900928 0.49140233] bottom_world=[0.10880301 0.10900925 0.47140233] quat=[ 9.2484182e-01 -2.2597524e-06 -3.7872278e-06  3.8035205e-01] speed=0.0006 ang_speed=0.0046 ang_vel_vec=[0.00418692 0.00179027 0.00063291] |com_force|=0.0000N
### kotek_magnet[tick=5040] sensor2: d=0.3208m in_range=False f_mag=0.000N tau_mag=0.0000Nm misalign_deg=90.0 pos=[ 0.10902466 -0.10904667  0.49140114] bottom_world=[ 0.10902464 -0.10904651  0.47140114] quat=[ 9.2300093e-01  3.6048518e-06  1.8898191e-06 -3.8479796e-01] speed=0.0004 ang_speed=0.0022 ang_vel_vec=[-0.0019393  -0.00080318 -0.00068748] |com_force|=0.0000N
### kotek_magnet[tick=5040] sensor3: d=0.5470m in_range=False f_mag=0.000N tau_mag=0.0000Nm misalign_deg=90.0 pos=[-0.10910752 -0.10914606  0.49140114] bottom_world=[-0.10910747 -0.10914593  0.47140114] quat=[-3.8058385e-01 -2.3486439e-06 -2.4480896e-06  9.2474645e-01] speed=0.0005 ang_speed=0.0022 ang_vel_vec=[-0.00085293  0.00194368 -0.00069889] |com_force|=0.0000N
### kotek_magnet[tick=5040] sensor4: d=0.5249m in_range=False f_mag=0.000N tau_mag=0.0000Nm misalign_deg=90.0 pos=[-0.10900021  0.10899851  0.4914023 ] bottom_world=[-0.10900009  0.10899882  0.4714023 ] quat=[ 3.826831e-01  3.397259e-07 -8.254622e-06  9.238797e-01] speed=0.0009 ang_speed=0.0016 ang_vel_vec=[-0.0006744  -0.00050662  0.00139129] |com_force|=0.0000N
### kotek_magnet[tick=5100] sensor1: d=0.4082m in_range=False f_mag=0.000N tau_mag=0.0000Nm misalign_deg=90.0 pos=[0.10880256 0.10900907 0.4914023 ] bottom_world=[0.10880276 0.10900909 0.4714023 ] quat=[ 9.2484194e-01 -1.3631247e-06 -4.6677646e-06  3.8035166e-01] speed=0.0010 ang_speed=0.0027 ang_vel_vec=[-0.00225096 -0.00016969  0.00142182] |com_force|=0.0000N
### kotek_magnet[tick=5100] sensor2: d=0.3208m in_range=False f_mag=0.000N tau_mag=0.0000Nm misalign_deg=90.0 pos=[ 0.10902434 -0.10904735  0.4914012 ] bottom_world=[ 0.10902458 -0.10904697  0.4714012 ] quat=[ 9.2300081e-01  1.1057903e-05 -1.8060130e-06 -3.8479790e-01] speed=0.0010 ang_speed=0.0028 ang_vel_vec=[-0.00169949  0.00206563 -0.00081371] |com_force|=0.0000N
### kotek_magnet[tick=5100] sensor3: d=0.5470m in_range=False f_mag=0.000N tau_mag=0.0000Nm misalign_deg=90.0 pos=[-0.1091075  -0.10914608  0.49140108] bottom_world=[-0.10910745 -0.10914596  0.47140108] quat=[-3.8058394e-01 -2.4951348e-06 -2.3387909e-06  9.2474645e-01] speed=0.0005 ang_speed=0.0023 ang_vel_vec=[-0.00090036  0.00203241 -0.00076143] |com_force|=0.0000N
### kotek_magnet[tick=5100] sensor4: d=0.5249m in_range=False f_mag=0.000N tau_mag=0.0000Nm misalign_deg=90.0 pos=[-0.10900018  0.10899847  0.49140236] bottom_world=[-0.10900008  0.10899878  0.47140236] quat=[ 3.8268298e-01  5.1290783e-07 -8.0810805e-06  9.2387974e-01] speed=0.0009 ang_speed=0.0017 ang_vel_vec=[-0.00039316 -0.00106915  0.00131692] |com_force|=0.0000N
### kotek_magnet[tick=5160] sensor1: d=0.4082m in_range=False f_mag=0.000N tau_mag=0.0000Nm misalign_deg=90.0 pos=[0.10880258 0.1090091  0.4914024 ] bottom_world=[0.10880278 0.10900912 0.47140239] quat=[ 9.2484200e-01 -1.4972915e-06 -4.7217063e-06  3.8035166e-01] speed=0.0010 ang_speed=0.0024 ang_vel_vec=[-0.00181942  0.00013213  0.00155034] |com_force|=0.0000N
### kotek_magnet[tick=5160] sensor2: d=0.3208m in_range=False f_mag=0.000N tau_mag=0.0000Nm misalign_deg=90.0 pos=[ 0.10902464 -0.10904589  0.49140108] bottom_world=[ 0.1090245  -0.10904595  0.47140108] quat=[ 9.2300057e-01 -2.8489449e-06  2.6517200e-06 -3.8479856e-01] speed=0.0006 ang_speed=0.0048 ang_vel_vec=[ 0.00212898 -0.00420257  0.00064253] |com_force|=0.0000N
### kotek_magnet[tick=5160] sensor3: d=0.5470m in_range=False f_mag=0.000N tau_mag=0.0000Nm misalign_deg=90.0 pos=[-0.10910729 -0.10914579  0.49140105] bottom_world=[-0.10910721 -0.10914576  0.47140105] quat=[-3.8058349e-01 -2.1323078e-06  6.0990722e-08  9.2474663e-01] speed=0.0002 ang_speed=0.0027 ang_vel_vec=[0.00176509 0.00197079 0.0004894 ] |com_force|=0.0000N
### kotek_magnet[tick=5160] sensor4: d=0.5249m in_range=False f_mag=0.000N tau_mag=0.0000Nm misalign_deg=90.0 pos=[-0.10900036  0.10899955  0.49140236] bottom_world=[-0.10900034  0.10899961  0.47140236] quat=[ 3.8268238e-01  1.3169597e-07 -1.5861933e-06  9.2387998e-01] speed=0.0005 ang_speed=0.0026 ang_vel_vec=[ 0.00195586  0.00166427 -0.00063622] |com_force|=0.0000N
### still playing, 1310s left
### kotek_magnet[tick=5220] sensor1: d=0.4082m in_range=False f_mag=0.000N tau_mag=0.0000Nm misalign_deg=90.0 pos=[0.10880256 0.10900912 0.49140233] bottom_world=[0.10880275 0.10900914 0.47140233] quat=[ 9.2484200e-01 -1.5255848e-06 -4.7021863e-06  3.8035181e-01] speed=0.0010 ang_speed=0.0024 ang_vel_vec=[-1.9229533e-03  5.8836205e-05  1.3547620e-03] |com_force|=0.0000N
### kotek_magnet[tick=5220] sensor2: d=0.3208m in_range=False f_mag=0.000N tau_mag=0.0000Nm misalign_deg=90.0 pos=[ 0.10902446 -0.10904561  0.49140123] bottom_world=[ 0.10902436 -0.1090457   0.47140123] quat=[ 9.2300045e-01 -3.0105552e-06  1.4426987e-06 -3.8479888e-01] speed=0.0010 ang_speed=0.0021 ang_vel_vec=[0.00048402 0.001569   0.00136841] |com_force|=0.0000N
### kotek_magnet[tick=5220] sensor3: d=0.5470m in_range=False f_mag=0.000N tau_mag=0.0000Nm misalign_deg=90.0 pos=[-0.10910817 -0.10914576  0.49140108] bottom_world=[-0.10910791 -0.10914588  0.47140108] quat=[-3.8058406e-01 -4.9204887e-06  5.3178974e-06  9.2474639e-01] speed=0.0010 ang_speed=0.0026 ang_vel_vec=[ 0.00191488  0.00157363 -0.00084356] |com_force|=0.0000N
### kotek_magnet[tick=5220] sensor4: d=0.5249m in_range=False f_mag=0.000N tau_mag=0.0000Nm misalign_deg=90.0 pos=[-0.10900008  0.10900016  0.4914023 ] bottom_world=[-0.1090003   0.10900001  0.4714023 ] quat=[3.8268206e-01 3.7835573e-06 5.5566434e-06 9.2388010e-01] speed=0.0010 ang_speed=0.0027 ang_vel_vec=[ 0.00183814 -0.00179453 -0.00084655] |com_force|=0.0000N
### kotek_magnet[tick=5280] sensor1: d=0.4082m in_range=False f_mag=0.000N tau_mag=0.0000Nm misalign_deg=90.0 pos=[0.10880283 0.10900927 0.49140233] bottom_world=[0.10880299 0.10900925 0.47140233] quat=[ 9.2484182e-01 -2.0375116e-06 -3.7021202e-06  3.8035220e-01] speed=0.0006 ang_speed=0.0041 ang_vel_vec=[0.00380263 0.00160614 0.00036711] |com_force|=0.0000N
### kotek_magnet[tick=5280] sensor2: d=0.3208m in_range=False f_mag=0.000N tau_mag=0.0000Nm misalign_deg=90.0 pos=[ 0.10902435 -0.10904735  0.49140117] bottom_world=[ 0.10902458 -0.10904697  0.47140117] quat=[ 9.2300087e-01  1.0903319e-05 -1.8455125e-06 -3.8479793e-01] speed=0.0009 ang_speed=0.0031 ang_vel_vec=[-0.00186718  0.00227158 -0.0009774 ] |com_force|=0.0000N
### kotek_magnet[tick=5280] sensor3: d=0.5470m in_range=False f_mag=0.000N tau_mag=0.0000Nm misalign_deg=90.0 pos=[-0.10910815 -0.10914579  0.4914011 ] bottom_world=[-0.10910789 -0.10914591  0.47140111] quat=[-3.8058412e-01 -4.9277437e-06  5.3691592e-06  9.2474633e-01] speed=0.0010 ang_speed=0.0030 ang_vel_vec=[ 0.00217832  0.00174465 -0.00098253] |com_force|=0.0000N
### kotek_magnet[tick=5280] sensor4: d=0.5249m in_range=False f_mag=0.000N tau_mag=0.0000Nm misalign_deg=90.0 pos=[-0.10900009  0.10900019  0.4914023 ] bottom_world=[-0.10900032  0.10900004  0.4714023 ] quat=[3.8268206e-01 3.8721237e-06 5.7581442e-06 9.2388010e-01] speed=0.0010 ang_speed=0.0031 ang_vel_vec=[ 0.00205023 -0.00205011 -0.00097724] |com_force|=0.0000N
### kotek_magnet[tick=5340] sensor1: d=0.4082m in_range=False f_mag=0.000N tau_mag=0.0000Nm misalign_deg=90.0 pos=[0.10880258 0.10900909 0.49140236] bottom_world=[0.10880277 0.10900912 0.47140236] quat=[ 9.2484194e-01 -1.3256968e-06 -4.6933928e-06  3.8035172e-01] speed=0.0010 ang_speed=0.0027 ang_vel_vec=[-0.00233702 -0.00015814  0.00138438] |com_force|=0.0000N
### kotek_magnet[tick=5340] sensor2: d=0.3208m in_range=False f_mag=0.000N tau_mag=0.0000Nm misalign_deg=90.0 pos=[ 0.10902433 -0.10904738  0.4914011 ] bottom_world=[ 0.10902458 -0.10904699  0.47140111] quat=[ 9.2300087e-01  1.1366099e-05 -1.9351044e-06 -3.8479787e-01] speed=0.0010 ang_speed=0.0031 ang_vel_vec=[-0.0019184   0.00223334 -0.00086567] |com_force|=0.0000N
### kotek_magnet[tick=5340] sensor3: d=0.5470m in_range=False f_mag=0.000N tau_mag=0.0000Nm misalign_deg=90.0 pos=[-0.10910815 -0.10914577  0.49140105] bottom_world=[-0.10910789 -0.10914588  0.47140105] quat=[-3.8058406e-01 -4.9020223e-06  5.0607177e-06  9.2474633e-01] speed=0.0010 ang_speed=0.0025 ang_vel_vec=[ 0.00176611  0.00150206 -0.00084959] |com_force|=0.0000N
### kotek_magnet[tick=5340] sensor4: d=0.5249m in_range=False f_mag=0.000N tau_mag=0.0000Nm misalign_deg=90.0 pos=[-0.10900008  0.10900018  0.49140236] bottom_world=[-0.1090003   0.10900003  0.47140236] quat=[3.8268209e-01 3.7401089e-06 5.3885515e-06 9.2388010e-01] speed=0.0010 ang_speed=0.0027 ang_vel_vec=[ 0.00179125 -0.00177822 -0.00082673] |com_force|=0.0000N
### kotek_magnet[tick=5400] sensor1: d=0.4082m in_range=False f_mag=0.000N tau_mag=0.0000Nm misalign_deg=90.0 pos=[0.10880259 0.10900907 0.49140233] bottom_world=[0.10880279 0.10900909 0.47140233] quat=[ 9.2484194e-01 -1.4542525e-06 -4.6559726e-06  3.8035160e-01] speed=0.0010 ang_speed=0.0022 ang_vel_vec=[-0.0016036   0.00018857  0.00152528] |com_force|=0.0000N
### kotek_magnet[tick=5400] sensor2: d=0.3208m in_range=False f_mag=0.000N tau_mag=0.0000Nm misalign_deg=90.0 pos=[ 0.10902464 -0.10904645  0.49140102] bottom_world=[ 0.1090246  -0.10904637  0.47140102] quat=[ 9.2300069e-01  1.5424406e-06  1.8252621e-06 -3.8479835e-01] speed=0.0001 ang_speed=0.0022 ang_vel_vec=[ 0.00141144 -0.00160596 -0.00028499] |com_force|=0.0000N
### kotek_magnet[tick=5400] sensor3: d=0.5470m in_range=False f_mag=0.000N tau_mag=0.0000Nm misalign_deg=90.0 pos=[-0.10910645 -0.1091459   0.49140108] bottom_world=[-0.10910664 -0.1091457   0.47140108] quat=[-3.8058293e-01  2.4806016e-06 -6.4736651e-06  9.2474687e-01] speed=0.0009 ang_speed=0.0028 ang_vel_vec=[ 2.2860479e-03 -7.9717978e-07  1.5336776e-03] |com_force|=0.0000N
### kotek_magnet[tick=5400] sensor4: d=0.5249m in_range=False f_mag=0.000N tau_mag=0.0000Nm misalign_deg=90.0 pos=[-0.10899987  0.10900023  0.4914023 ] bottom_world=[-0.10900016  0.10900007  0.4714023 ] quat=[3.8268238e-01 5.1019492e-06 6.4151832e-06 9.2388004e-01] speed=0.0012 ang_speed=0.0138 ang_vel_vec=[ 0.0070558  -0.01181136 -0.00017803] |com_force|=0.0000N
### kotek_magnet[tick=5460] sensor1: d=0.4082m in_range=False f_mag=0.000N tau_mag=0.0000Nm misalign_deg=90.0 pos=[0.10880432 0.10900896 0.49140254] bottom_world=[0.10880405 0.10900931 0.47140254] quat=[9.2484158e-01 1.0641968e-05 2.8440656e-06 3.8035282e-01] speed=0.0010 ang_speed=0.0029 ang_vel_vec=[-0.0020466  -0.00177032 -0.00114123] |com_force|=0.0000N
### kotek_magnet[tick=5460] sensor2: d=0.3208m in_range=False f_mag=0.000N tau_mag=0.0000Nm misalign_deg=90.0 pos=[ 0.10902451 -0.10904559  0.49140117] bottom_world=[ 0.10902439 -0.10904569  0.47140117] quat=[ 9.2300045e-01 -3.4886486e-06  1.7941643e-06 -3.8479882e-01] speed=0.0010 ang_speed=0.0018 ang_vel_vec=[0.00068692 0.00119346 0.00116209] |com_force|=0.0000N
### kotek_magnet[tick=5460] sensor3: d=0.5470m in_range=False f_mag=0.000N tau_mag=0.0000Nm misalign_deg=90.0 pos=[-0.1091067  -0.10914608  0.4914011 ] bottom_world=[-0.10910687 -0.10914584  0.47140111] quat=[-3.8058341e-01  1.5338192e-06 -7.2474163e-06  9.2474657e-01] speed=0.0006 ang_speed=0.0040 ang_vel_vec=[-0.00365032 -0.00154859  0.00026402] |com_force|=0.0000N
### kotek_magnet[tick=5460] sensor4: d=0.5249m in_range=False f_mag=0.000N tau_mag=0.0000Nm misalign_deg=90.0 pos=[-0.10900006  0.10900017  0.49140245] bottom_world=[-0.10900028  0.10900003  0.47140245] quat=[3.8268209e-01 3.8925427e-06 5.4901780e-06 9.2388016e-01] speed=0.0010 ang_speed=0.0027 ang_vel_vec=[ 0.00166267 -0.00187781 -0.00105413] |com_force|=0.0000N
### kotek_magnet[tick=5520] sensor1: d=0.4082m in_range=False f_mag=0.000N tau_mag=0.0000Nm misalign_deg=90.0 pos=[0.10880383 0.10900929 0.49140224] bottom_world=[0.10880373 0.10900941 0.47140224] quat=[9.2484152e-01 3.6907618e-06 1.0986479e-06 3.8035277e-01] speed=0.0006 ang_speed=0.0024 ang_vel_vec=[ 0.00074425 -0.00213146 -0.00082958] |com_force|=0.0000N
### kotek_magnet[tick=5520] sensor2: d=0.3208m in_range=False f_mag=0.000N tau_mag=0.0000Nm misalign_deg=90.0 pos=[ 0.10902446 -0.10904563  0.4914011 ] bottom_world=[ 0.10902437 -0.10904572  0.47140111] quat=[ 9.2300051e-01 -2.8471379e-06  1.3025088e-06 -3.8479900e-01] speed=0.0010 ang_speed=0.0028 ang_vel_vec=[0.00014761 0.00239973 0.00146516] |com_force|=0.0000N
### kotek_magnet[tick=5520] sensor3: d=0.5470m in_range=False f_mag=0.000N tau_mag=0.0000Nm misalign_deg=90.0 pos=[-0.10910749 -0.10914604  0.49140114] bottom_world=[-0.10910743 -0.10914592  0.47140114] quat=[-3.8058382e-01 -2.3818613e-06 -2.2626259e-06  9.2474639e-01] speed=0.0005 ang_speed=0.0024 ang_vel_vec=[-0.00011395  0.00233369 -0.00070161] |com_force|=0.0000N
### kotek_magnet[tick=5520] sensor4: d=0.5249m in_range=False f_mag=0.000N tau_mag=0.0000Nm misalign_deg=90.0 pos=[-0.10900007  0.10900016  0.49140227] bottom_world=[-0.10900029  0.10900001  0.47140227] quat=[3.8268209e-01 3.6952329e-06 5.5994819e-06 9.2388016e-01] speed=0.0010 ang_speed=0.0024 ang_vel_vec=[ 0.00167954 -0.00151232 -0.00071681] |com_force|=0.0000N
### kotek_magnet[tick=5580] sensor1: d=0.4082m in_range=False f_mag=0.000N tau_mag=0.0000Nm misalign_deg=90.0 pos=[0.10880429 0.10900898 0.49140233] bottom_world=[0.10880403 0.10900933 0.47140233] quat=[9.2484152e-01 1.0514794e-05 2.8255113e-06 3.8035282e-01] speed=0.0010 ang_speed=0.0026 ang_vel_vec=[-0.00182382 -0.00160322 -0.00081879] |com_force|=0.0000N
### kotek_magnet[tick=5580] sensor2: d=0.3208m in_range=False f_mag=0.000N tau_mag=0.0000Nm misalign_deg=90.0 pos=[ 0.10902463 -0.10904645  0.4914011 ] bottom_world=[ 0.10902458 -0.10904636  0.47140111] quat=[ 9.2300075e-01  1.6393890e-06  1.9377171e-06 -3.8479832e-01] speed=0.0001 ang_speed=0.0019 ang_vel_vec=[ 0.00067154 -0.00169399 -0.00036086] |com_force|=0.0000N
### kotek_magnet[tick=5580] sensor3: d=0.5470m in_range=False f_mag=0.000N tau_mag=0.0000Nm misalign_deg=90.0 pos=[-0.10910729 -0.10914582  0.49140102] bottom_world=[-0.10910726 -0.10914578  0.47140102] quat=[-3.8058352e-01 -9.2612459e-07 -6.9481092e-07  9.2474657e-01] speed=0.0003 ang_speed=0.0057 ang_vel_vec=[0.00500597 0.00260126 0.0003901 ] |com_force|=0.0000N
### kotek_magnet[tick=5580] sensor4: d=0.5249m in_range=False f_mag=0.000N tau_mag=0.0000Nm misalign_deg=90.0 pos=[-0.10900037  0.10899874  0.4914023 ] bottom_world=[-0.10900022  0.10899903  0.4714023 ] quat=[ 3.8268256e-01 -5.8581730e-07 -8.1695989e-06  9.2387986e-01] speed=0.0006 ang_speed=0.0044 ang_vel_vec=[-0.00168817  0.00400897  0.00050044] |com_force|=0.0000N
### kotek_magnet[tick=5640] sensor1: d=0.4082m in_range=False f_mag=0.000N tau_mag=0.0000Nm misalign_deg=90.0 pos=[0.10880381 0.10900926 0.49140242] bottom_world=[0.10880372 0.10900938 0.47140242] quat=[9.2484152e-01 3.6719271e-06 9.8613248e-07 3.8035268e-01] speed=0.0006 ang_speed=0.0025 ang_vel_vec=[ 0.0005093  -0.00226399 -0.00086172] |com_force|=0.0000N
### kotek_magnet[tick=5640] sensor2: d=0.3208m in_range=False f_mag=0.000N tau_mag=0.0000Nm misalign_deg=90.0 pos=[ 0.10902467 -0.10904647  0.49140105] bottom_world=[ 0.10902462 -0.10904638  0.47140105] quat=[ 9.2300075e-01  1.6079354e-06  1.8486544e-06 -3.8479823e-01] speed=0.0001 ang_speed=0.0014 ang_vel_vec=[ 0.0007156  -0.00112965 -0.00031512] |com_force|=0.0000N
### kotek_magnet[tick=5640] sensor3: d=0.5470m in_range=False f_mag=0.000N tau_mag=0.0000Nm misalign_deg=90.0 pos=[-0.10910752 -0.10914608  0.4914011 ] bottom_world=[-0.10910746 -0.10914595  0.47140111] quat=[-3.8058385e-01 -2.4355090e-06 -2.4570763e-06  9.2474645e-01] speed=0.0005 ang_speed=0.0023 ang_vel_vec=[-0.00099394  0.00192713 -0.0006977 ] |com_force|=0.0000N
### kotek_magnet[tick=5640] sensor4: d=0.5249m in_range=False f_mag=0.000N tau_mag=0.0000Nm misalign_deg=90.0 pos=[-0.10900037  0.10899873  0.4914023 ] bottom_world=[-0.10900022  0.10899902  0.4714023 ] quat=[ 3.8268268e-01 -6.1695607e-07 -8.1569106e-06  9.2387986e-01] speed=0.0006 ang_speed=0.0048 ang_vel_vec=[-0.00185722  0.00442674  0.00049949] |com_force|=0.0000N
### kotek_magnet[tick=5700] sensor1: d=0.4082m in_range=False f_mag=0.000N tau_mag=0.0000Nm misalign_deg=90.0 pos=[0.10880256 0.10900906 0.49140233] bottom_world=[0.10880276 0.10900908 0.47140233] quat=[ 9.2484200e-01 -1.4235835e-06 -4.6972750e-06  3.8035169e-01] speed=0.0010 ang_speed=0.0027 ang_vel_vec=[-2.2901280e-03 -9.3641633e-05  1.4125792e-03] |com_force|=0.0000N
### kotek_magnet[tick=5700] sensor2: d=0.3208m in_range=False f_mag=0.000N tau_mag=0.0000Nm misalign_deg=90.0 pos=[ 0.10902447 -0.10904566  0.4914012 ] bottom_world=[ 0.10902437 -0.10904575  0.4714012 ] quat=[ 9.2300045e-01 -3.0560605e-06  1.5282003e-06 -3.8479882e-01] speed=0.0010 ang_speed=0.0020 ang_vel_vec=[0.00054242 0.0013145  0.00143098] |com_force|=0.0000N
### kotek_magnet[tick=5700] sensor3: d=0.5470m in_range=False f_mag=0.000N tau_mag=0.0000Nm misalign_deg=90.0 pos=[-0.10910731 -0.1091458   0.49140108] bottom_world=[-0.10910722 -0.10914577  0.47140108] quat=[-3.8058352e-01 -2.2132408e-06  2.5972170e-07  9.2474663e-01] speed=0.0002 ang_speed=0.0028 ang_vel_vec=[0.0017724  0.00209419 0.00038127] |com_force|=0.0000N
### kotek_magnet[tick=5700] sensor4: d=0.5249m in_range=False f_mag=0.000N tau_mag=0.0000Nm misalign_deg=90.0 pos=[-0.10900044  0.10899843  0.4914024 ] bottom_world=[-0.10900023  0.10899877  0.47140239] quat=[ 3.8268289e-01 -1.4938204e-06 -9.7035045e-06  9.2387980e-01] speed=0.0009 ang_speed=0.0035 ang_vel_vec=[0.00015604 0.00341292 0.00060242] |com_force|=0.0000N
### kotek_magnet[tick=5760] sensor1: d=0.4082m in_range=False f_mag=0.000N tau_mag=0.0000Nm misalign_deg=90.0 pos=[0.10880432 0.109009   0.4914023 ] bottom_world=[0.10880405 0.10900934 0.4714023 ] quat=[9.2484146e-01 1.0421975e-05 2.8049390e-06 3.8035282e-01] speed=0.0010 ang_speed=0.0026 ang_vel_vec=[-0.00180159 -0.00165305 -0.00085888] |com_force|=0.0000N
### kotek_magnet[tick=5760] sensor2: d=0.3208m in_range=False f_mag=0.000N tau_mag=0.0000Nm misalign_deg=90.0 pos=[ 0.10902471 -0.10904559  0.49140105] bottom_world=[ 0.10902451 -0.1090457   0.47140105] quat=[ 9.2300051e-01 -4.3969990e-06  3.5812059e-06 -3.8479879e-01] speed=0.0009 ang_speed=0.0031 ang_vel_vec=[-0.00023234 -0.00295534  0.00073995] |com_force|=0.0000N
### kotek_magnet[tick=5760] sensor3: d=0.5470m in_range=False f_mag=0.000N tau_mag=0.0000Nm misalign_deg=90.0 pos=[-0.10910814 -0.10914575  0.49140114] bottom_world=[-0.10910788 -0.10914587  0.47140114] quat=[-3.8058403e-01 -4.9295886e-06  5.0735862e-06  9.2474639e-01] speed=0.0010 ang_speed=0.0024 ang_vel_vec=[ 0.00175312  0.00148238 -0.00077611] |com_force|=0.0000N
### kotek_magnet[tick=5760] sensor4: d=0.5249m in_range=False f_mag=0.000N tau_mag=0.0000Nm misalign_deg=90.0 pos=[-0.10900021  0.10899848  0.49140233] bottom_world=[-0.10900011  0.10899879  0.47140233] quat=[ 3.8268295e-01  5.0702312e-07 -8.1823127e-06  9.2387974e-01] speed=0.0009 ang_speed=0.0018 ang_vel_vec=[-0.00051569 -0.00109513  0.00133902] |com_force|=0.0000N
### kotek_magnet[tick=5820] sensor1: d=0.4082m in_range=False f_mag=0.000N tau_mag=0.0000Nm misalign_deg=90.0 pos=[0.10880381 0.10900925 0.49140233] bottom_world=[0.10880371 0.10900939 0.47140233] quat=[9.2484146e-01 4.2115862e-06 1.0436942e-06 3.8035271e-01] speed=0.0006 ang_speed=0.0031 ang_vel_vec=[-0.00084508 -0.00284371 -0.00096803] |com_force|=0.0000N
### kotek_magnet[tick=5820] sensor2: d=0.3208m in_range=False f_mag=0.000N tau_mag=0.0000Nm misalign_deg=90.0 pos=[ 0.10902447 -0.10904565  0.49140117] bottom_world=[ 0.10902437 -0.10904573  0.47140117] quat=[ 9.2300045e-01 -2.6848941e-06  1.3482618e-06 -3.8479906e-01] speed=0.0010 ang_speed=0.0028 ang_vel_vec=[4.4170480e-05 2.4235593e-03 1.3696440e-03] |com_force|=0.0000N
### kotek_magnet[tick=5820] sensor3: d=0.5470m in_range=False f_mag=0.000N tau_mag=0.0000Nm misalign_deg=90.0 pos=[-0.10910751 -0.10914608  0.49140105] bottom_world=[-0.10910744 -0.10914597  0.47140105] quat=[-3.8058391e-01 -2.6153937e-06 -2.0079449e-06  9.2474645e-01] speed=0.0005 ang_speed=0.0025 ang_vel_vec=[-0.00013203  0.00234182 -0.00078275] |com_force|=0.0000N
### kotek_magnet[tick=5820] sensor4: d=0.5249m in_range=False f_mag=0.000N tau_mag=0.0000Nm misalign_deg=90.0 pos=[-0.10900036  0.10899876  0.49140233] bottom_world=[-0.10900023  0.10899905  0.47140233] quat=[ 3.8268277e-01 -4.1369381e-07 -7.8767816e-06  9.2387992e-01] speed=0.0006 ang_speed=0.0043 ang_vel_vec=[-0.00158336  0.0039658   0.00040559] |com_force|=0.0000N
### kotek_magnet[tick=5880] sensor1: d=0.4082m in_range=False f_mag=0.000N tau_mag=0.0000Nm misalign_deg=90.0 pos=[0.10880428 0.10900895 0.4914024 ] bottom_world=[0.10880401 0.1090093  0.47140239] quat=[9.2484146e-01 1.0493025e-05 2.8702157e-06 3.8035271e-01] speed=0.0010 ang_speed=0.0026 ang_vel_vec=[-0.0018481  -0.0016787  -0.00087955] |com_force|=0.0000N
### kotek_magnet[tick=5880] sensor2: d=0.3208m in_range=False f_mag=0.000N tau_mag=0.0000Nm misalign_deg=90.0 pos=[ 0.10902467 -0.10904589  0.49140117] bottom_world=[ 0.10902453 -0.10904596  0.47140117] quat=[ 9.2300063e-01 -2.9353025e-06  2.6817272e-06 -3.8479859e-01] speed=0.0006 ang_speed=0.0046 ang_vel_vec=[ 0.00192521 -0.00418254  0.00050936] |com_force|=0.0000N
### kotek_magnet[tick=5880] sensor3: d=0.5470m in_range=False f_mag=0.000N tau_mag=0.0000Nm misalign_deg=90.0 pos=[-0.10910816 -0.10914579  0.4914012 ] bottom_world=[-0.1091079 -0.1091459  0.4714012] quat=[-3.805840e-01 -4.958733e-06  5.119742e-06  9.247464e-01] speed=0.0010 ang_speed=0.0026 ang_vel_vec=[ 0.0018186   0.00159887 -0.00080769] |com_force|=0.0000N
### kotek_magnet[tick=5880] sensor4: d=0.5249m in_range=False f_mag=0.000N tau_mag=0.0000Nm misalign_deg=90.0 pos=[-0.10900021  0.10899849  0.4914024 ] bottom_world=[-0.10900011  0.1089988   0.47140239] quat=[ 3.8268295e-01  4.7516679e-07 -8.2158285e-06  9.2387968e-01] speed=0.0009 ang_speed=0.0017 ang_vel_vec=[-0.00054297 -0.00100496  0.00131206] |com_force|=0.0000N
### kotek_magnet[tick=5940] sensor1: d=0.4082m in_range=False f_mag=0.000N tau_mag=0.0000Nm misalign_deg=90.0 pos=[0.10880381 0.10900926 0.49140233] bottom_world=[0.10880371 0.10900939 0.47140233] quat=[9.2484152e-01 3.8460207e-06 9.5218013e-07 3.8035282e-01] speed=0.0006 ang_speed=0.0028 ang_vel_vec=[-0.00019886 -0.00259112 -0.00095398] |com_force|=0.0000N
### kotek_magnet[tick=5940] sensor2: d=0.3208m in_range=False f_mag=0.000N tau_mag=0.0000Nm misalign_deg=90.0 pos=[ 0.10902447 -0.10904567  0.49140114] bottom_world=[ 0.10902437 -0.10904575  0.47140114] quat=[ 9.2300045e-01 -2.8684126e-06  1.4802786e-06 -3.8479888e-01] speed=0.0010 ang_speed=0.0023 ang_vel_vec=[0.00037076 0.00176137 0.00136774] |com_force|=0.0000N
### kotek_magnet[tick=5940] sensor3: d=0.5470m in_range=False f_mag=0.000N tau_mag=0.0000Nm misalign_deg=90.0 pos=[-0.10910671 -0.10914607  0.49140108] bottom_world=[-0.10910688 -0.10914583  0.47140108] quat=[-3.8058341e-01  1.4895163e-06 -7.3063711e-06  9.2474657e-01] speed=0.0006 ang_speed=0.0039 ang_vel_vec=[-0.00351603 -0.00149898  0.00047996] |com_force|=0.0000N
### kotek_magnet[tick=5940] sensor4: d=0.5249m in_range=False f_mag=0.000N tau_mag=0.0000Nm misalign_deg=90.0 pos=[-0.10900021  0.1089985   0.4914023 ] bottom_world=[-0.1090001   0.10899881  0.4714023 ] quat=[ 3.8268301e-01  5.1413002e-07 -8.1329026e-06  9.2387974e-01] speed=0.0009 ang_speed=0.0019 ang_vel_vec=[-0.00025061 -0.00134374  0.00127921] |com_force|=0.0000N
### kotek_magnet[tick=6000] sensor1: d=0.4082m in_range=False f_mag=0.000N tau_mag=0.0000Nm misalign_deg=90.0 pos=[0.10880253 0.10900909 0.49140242] bottom_world=[0.10880274 0.1090091  0.47140242] quat=[ 9.2484200e-01 -1.9766669e-06 -4.8691763e-06  3.8035163e-01] speed=0.0010 ang_speed=0.0020 ang_vel_vec=[-0.00120432  0.00045539  0.00152418] |com_force|=0.0000N
### kotek_magnet[tick=6000] sensor2: d=0.3208m in_range=False f_mag=0.000N tau_mag=0.0000Nm misalign_deg=90.0 pos=[ 0.10902447 -0.10904565  0.49140108] bottom_world=[ 0.10902438 -0.10904573  0.47140108] quat=[ 9.2300045e-01 -2.8471113e-06  1.4328912e-06 -3.8479888e-01] speed=0.0010 ang_speed=0.0025 ang_vel_vec=[0.00036536 0.00197975 0.00148149] |com_force|=0.0000N
### kotek_magnet[tick=6000] sensor3: d=0.5470m in_range=False f_mag=0.000N tau_mag=0.0000Nm misalign_deg=90.0 pos=[-0.10910825 -0.1091456   0.4914011 ] bottom_world=[-0.10910795 -0.10914581  0.47140111] quat=[-3.8058382e-01 -4.7921699e-06  7.6746182e-06  9.2474645e-01] speed=0.0014 ang_speed=0.0163 ang_vel_vec=[ 0.01417181  0.00807301 -0.00025528] |com_force|=0.0000N
### kotek_magnet[tick=6000] sensor4: d=0.5249m in_range=False f_mag=0.000N tau_mag=0.0000Nm misalign_deg=90.0 pos=[-0.10900035  0.10899951  0.49140233] bottom_world=[-0.10900033  0.10899957  0.47140233] quat=[ 3.8268223e-01  2.1598349e-07 -1.5382957e-06  9.2388004e-01] speed=0.0005 ang_speed=0.0026 ang_vel_vec=[ 0.00202015  0.00144143 -0.00069247] |com_force|=0.0000N
### kotek_magnet[tick=6060] sensor1: d=0.4082m in_range=False f_mag=0.000N tau_mag=0.0000Nm misalign_deg=90.0 pos=[0.10880251 0.10900911 0.49140233] bottom_world=[0.10880272 0.10900911 0.47140233] quat=[ 9.2484194e-01 -2.0551627e-06 -4.8369398e-06  3.8035181e-01] speed=0.0010 ang_speed=0.0019 ang_vel_vec=[-0.00110314  0.00046011  0.00149769] |com_force|=0.0000N
### kotek_magnet[tick=6060] sensor2: d=0.3208m in_range=False f_mag=0.000N tau_mag=0.0000Nm misalign_deg=90.0 pos=[ 0.10902463 -0.10904644  0.49140102] bottom_world=[ 0.10902459 -0.10904635  0.47140102] quat=[ 9.2300069e-01  1.7094314e-06  1.7892012e-06 -3.8479829e-01] speed=0.0001 ang_speed=0.0014 ang_vel_vec=[ 0.00078467 -0.00106687 -0.00033162] |com_force|=0.0000N
### kotek_magnet[tick=6060] sensor3: d=0.5470m in_range=False f_mag=0.000N tau_mag=0.0000Nm misalign_deg=90.0 pos=[-0.10910813 -0.10914575  0.4914012 ] bottom_world=[-0.10910787 -0.10914587  0.4714012 ] quat=[-3.8058412e-01 -4.8798784e-06  5.2164928e-06  9.2474639e-01] speed=0.0010 ang_speed=0.0027 ang_vel_vec=[ 0.0020984   0.00151958 -0.00074788] |com_force|=0.0000N
### kotek_magnet[tick=6060] sensor4: d=0.5249m in_range=False f_mag=0.000N tau_mag=0.0000Nm misalign_deg=90.0 pos=[-0.10900009  0.10899933  0.49140224] bottom_world=[-0.10900017  0.10899937  0.47140224] quat=[ 3.8268250e-01  2.1991793e-06 -6.5228583e-08  9.2387986e-01] speed=0.0001 ang_speed=0.0030 ang_vel_vec=[ 0.00244499 -0.00171954  0.00044863] |com_force|=0.0000N
### kotek_magnet[tick=6120] sensor1: d=0.4082m in_range=False f_mag=0.000N tau_mag=0.0000Nm misalign_deg=90.0 pos=[0.10880257 0.10900911 0.4914023 ] bottom_world=[0.10880276 0.10900914 0.4714023 ] quat=[ 9.2484194e-01 -1.1635308e-06 -4.6629038e-06  3.8035181e-01] speed=0.0010 ang_speed=0.0031 ang_vel_vec=[-0.00278    -0.00031514  0.00138687] |com_force|=0.0000N
### kotek_magnet[tick=6120] sensor2: d=0.3208m in_range=False f_mag=0.000N tau_mag=0.0000Nm misalign_deg=90.0 pos=[ 0.10902466 -0.10904645  0.49140102] bottom_world=[ 0.10902462 -0.10904636  0.47140102] quat=[ 9.2300075e-01  1.7717557e-06  1.8746003e-06 -3.8479829e-01] speed=0.0001 ang_speed=0.0008 ang_vel_vec=[ 4.4616331e-06 -6.7923334e-04 -4.0299637e-04] |com_force|=0.0000N
### kotek_magnet[tick=6120] sensor3: d=0.5470m in_range=False f_mag=0.000N tau_mag=0.0000Nm misalign_deg=90.0 pos=[-0.10910644 -0.10914589  0.49140117] bottom_world=[-0.10910663 -0.10914567  0.47140117] quat=[-3.8058293e-01  2.5266054e-06 -6.8316522e-06  9.2474687e-01] speed=0.0010 ang_speed=0.0021 ang_vel_vec=[ 0.00151504 -0.00028425  0.00144689] |com_force|=0.0000N
### kotek_magnet[tick=6120] sensor4: d=0.5249m in_range=False f_mag=0.000N tau_mag=0.0000Nm misalign_deg=90.0 pos=[-0.10900007  0.10900021  0.49140233] bottom_world=[-0.1090003   0.10900006  0.47140233] quat=[3.8268197e-01 3.9528722e-06 5.6811850e-06 9.2388016e-01] speed=0.0010 ang_speed=0.0029 ang_vel_vec=[ 0.00195901 -0.00200003 -0.00082427] |com_force|=0.0000N
### kotek_magnet[tick=6180] sensor1: d=0.4082m in_range=False f_mag=0.000N tau_mag=0.0000Nm misalign_deg=90.0 pos=[0.10880258 0.10900906 0.49140245] bottom_world=[0.10880277 0.10900909 0.47140245] quat=[ 9.2484206e-01 -1.1741083e-06 -4.7477370e-06  3.8035157e-01] speed=0.0010 ang_speed=0.0032 ang_vel_vec=[-0.00285184 -0.00034351  0.00134593] |com_force|=0.0000N
### kotek_magnet[tick=6180] sensor2: d=0.3208m in_range=False f_mag=0.000N tau_mag=0.0000Nm misalign_deg=90.0 pos=[ 0.10902469 -0.10904563  0.49140117] bottom_world=[ 0.10902449 -0.10904574  0.47140117] quat=[ 9.2300045e-01 -4.3155014e-06  3.6493359e-06 -3.8479888e-01] speed=0.0009 ang_speed=0.0029 ang_vel_vec=[-0.00039772 -0.00279292  0.00065193] |com_force|=0.0000N
### kotek_magnet[tick=6180] sensor3: d=0.5470m in_range=False f_mag=0.000N tau_mag=0.0000Nm misalign_deg=90.0 pos=[-0.10910644 -0.10914592  0.49140128] bottom_world=[-0.10910664 -0.1091457   0.47140128] quat=[-3.805829e-01  2.473133e-06 -6.930538e-06  9.247468e-01] speed=0.0010 ang_speed=0.0021 ang_vel_vec=[ 0.00149207 -0.00026767  0.00142497] |com_force|=0.0000N
### kotek_magnet[tick=6180] sensor4: d=0.5249m in_range=False f_mag=0.000N tau_mag=0.0000Nm misalign_deg=90.0 pos=[-0.10900007  0.10900016  0.49140242] bottom_world=[-0.1090003   0.10900002  0.47140242] quat=[3.8268217e-01 3.9266242e-06 5.3785911e-06 9.2388016e-01] speed=0.0010 ang_speed=0.0027 ang_vel_vec=[ 0.00178208 -0.00189023 -0.00086432] |com_force|=0.0000N
### kotek_magnet[tick=6240] sensor1: d=0.4082m in_range=False f_mag=0.000N tau_mag=0.0000Nm misalign_deg=90.0 pos=[0.10880255 0.10900909 0.49140227] bottom_world=[0.10880275 0.1090091  0.47140227] quat=[ 9.2484194e-01 -1.6575522e-06 -4.6971645e-06  3.8035169e-01] speed=0.0010 ang_speed=0.0020 ang_vel_vec=[-0.00120204  0.00035975  0.00153187] |com_force|=0.0000N
### kotek_magnet[tick=6240] sensor2: d=0.3208m in_range=False f_mag=0.000N tau_mag=0.0000Nm misalign_deg=90.0 pos=[ 0.10902464 -0.10904588  0.49140105] bottom_world=[ 0.1090245  -0.10904595  0.47140105] quat=[ 9.2300063e-01 -3.0864883e-06  2.6848834e-06 -3.8479859e-01] speed=0.0006 ang_speed=0.0050 ang_vel_vec=[ 0.00228449 -0.00446207  0.00059443] |com_force|=0.0000N
### kotek_magnet[tick=6240] sensor3: d=0.5470m in_range=False f_mag=0.000N tau_mag=0.0000Nm misalign_deg=90.0 pos=[-0.10910729 -0.10914579  0.49140102] bottom_world=[-0.10910728 -0.10914575  0.47140102] quat=[-3.8058338e-01 -7.3979299e-07 -7.4850141e-07  9.2474657e-01] speed=0.0003 ang_speed=0.0054 ang_vel_vec=[0.00489239 0.0021418  0.00044282] |com_force|=0.0000N
### kotek_magnet[tick=6240] sensor4: d=0.5249m in_range=False f_mag=0.000N tau_mag=0.0000Nm misalign_deg=90.0 pos=[-0.10900009  0.10900023  0.49140233] bottom_world=[-0.10900031  0.10900008  0.47140233] quat=[3.8268206e-01 3.6669649e-06 5.5152600e-06 9.2388010e-01] speed=0.0010 ang_speed=0.0023 ang_vel_vec=[ 0.00165973 -0.00143474 -0.00069292] |com_force|=0.0000N
### kotek_magnet[tick=6300] sensor1: d=0.4082m in_range=False f_mag=0.000N tau_mag=0.0000Nm misalign_deg=90.0 pos=[0.10880259 0.10900907 0.4914024 ] bottom_world=[0.10880279 0.1090091  0.47140239] quat=[ 9.2484200e-01 -1.2563953e-06 -4.6479026e-06  3.8035154e-01] speed=0.0010 ang_speed=0.0028 ang_vel_vec=[-0.00237275 -0.00013892  0.00144863] |com_force|=0.0000N
### kotek_magnet[tick=6300] sensor2: d=0.3208m in_range=False f_mag=0.000N tau_mag=0.0000Nm misalign_deg=90.0 pos=[ 0.10902445 -0.10904565  0.4914011 ] bottom_world=[ 0.10902435 -0.10904574  0.47140111] quat=[ 9.2300045e-01 -2.9374655e-06  1.5081687e-06 -3.8479900e-01] speed=0.0010 ang_speed=0.0021 ang_vel_vec=[0.00049192 0.00151296 0.00144312] |com_force|=0.0000N
### kotek_magnet[tick=6300] sensor3: d=0.5470m in_range=False f_mag=0.000N tau_mag=0.0000Nm misalign_deg=90.0 pos=[-0.10910645 -0.10914586  0.49140114] bottom_world=[-0.10910664 -0.10914567  0.47140114] quat=[-3.8058296e-01  2.4389453e-06 -6.4023334e-06  9.2474681e-01] speed=0.0009 ang_speed=0.0026 ang_vel_vec=[2.1183619e-03 5.4377114e-08 1.4963781e-03] |com_force|=0.0000N
### kotek_magnet[tick=6300] sensor4: d=0.5249m in_range=False f_mag=0.000N tau_mag=0.0000Nm misalign_deg=90.0 pos=[-0.10900006  0.10900021  0.4914023 ] bottom_world=[-0.10900028  0.10900007  0.4714023 ] quat=[3.8268217e-01 3.8383942e-06 5.5129494e-06 9.2388016e-01] speed=0.0010 ang_speed=0.0025 ang_vel_vec=[ 0.00167348 -0.0017491  -0.00076624] |com_force|=0.0000N
### kotek_magnet[tick=6360] sensor1: d=0.4082m in_range=False f_mag=0.000N tau_mag=0.0000Nm misalign_deg=90.0 pos=[0.10880258 0.10900933 0.49140227] bottom_world=[0.1088028  0.10900924 0.47140227] quat=[ 9.2484194e-01 -4.0543750e-06 -4.2719153e-06  3.8035196e-01] speed=0.0009 ang_speed=0.0033 ang_vel_vec=[3.2249356e-03 4.8074948e-05 5.5907085e-04] |com_force|=0.0000N
### kotek_magnet[tick=6360] sensor2: d=0.3208m in_range=False f_mag=0.000N tau_mag=0.0000Nm misalign_deg=90.0 pos=[ 0.10902447 -0.10904562  0.4914011 ] bottom_world=[ 0.10902436 -0.10904571  0.47140111] quat=[ 9.2300045e-01 -3.0438639e-06  1.5215101e-06 -3.8479897e-01] speed=0.0010 ang_speed=0.0019 ang_vel_vec=[0.00046252 0.00143257 0.00122935] |com_force|=0.0000N
### kotek_magnet[tick=6360] sensor3: d=0.5470m in_range=False f_mag=0.000N tau_mag=0.0000Nm misalign_deg=90.0 pos=[-0.10910646 -0.10914588  0.4914011 ] bottom_world=[-0.10910665 -0.10914568  0.47140111] quat=[-3.8058308e-01  2.4413534e-06 -6.4573410e-06  9.2474681e-01] speed=0.0009 ang_speed=0.0023 ang_vel_vec=[ 1.8818483e-03 -4.5063192e-05  1.2839655e-03] |com_force|=0.0000N
### kotek_magnet[tick=6360] sensor4: d=0.5249m in_range=False f_mag=0.000N tau_mag=0.0000Nm misalign_deg=90.0 pos=[-0.10900037  0.10899954  0.49140227] bottom_world=[-0.10900035  0.1089996   0.47140227] quat=[ 3.8268226e-01  1.8795886e-07 -1.5738221e-06  9.2388010e-01] speed=0.0005 ang_speed=0.0026 ang_vel_vec=[ 0.00201286  0.001266   -0.00096201] |com_force|=0.0000N
### kotek_magnet[tick=6420] sensor1: d=0.4082m in_range=False f_mag=0.000N tau_mag=0.0000Nm misalign_deg=90.0 pos=[0.10880256 0.10900909 0.4914023 ] bottom_world=[0.10880276 0.10900911 0.4714023 ] quat=[ 9.2484200e-01 -1.3951319e-06 -4.6734999e-06  3.8035181e-01] speed=0.0010 ang_speed=0.0026 ang_vel_vec=[-2.1664852e-03 -8.3616469e-05  1.4145252e-03] |com_force|=0.0000N
### kotek_magnet[tick=6420] sensor2: d=0.3208m in_range=False f_mag=0.000N tau_mag=0.0000Nm misalign_deg=90.0 pos=[ 0.10902447 -0.10904565  0.4914011 ] bottom_world=[ 0.10902437 -0.10904574  0.47140111] quat=[ 9.2300040e-01 -2.9319735e-06  1.4547975e-06 -3.8479891e-01] speed=0.0010 ang_speed=0.0023 ang_vel_vec=[0.00041982 0.00171956 0.00141549] |com_force|=0.0000N
### kotek_magnet[tick=6420] sensor3: d=0.5470m in_range=False f_mag=0.000N tau_mag=0.0000Nm misalign_deg=90.0 pos=[-0.10910726 -0.1091458   0.491401  ] bottom_world=[-0.10910724 -0.10914576  0.47140099] quat=[-3.8058341e-01 -8.2549570e-07 -6.9633234e-07  9.2474657e-01] speed=0.0002 ang_speed=0.0055 ang_vel_vec=[0.00483685 0.00259975 0.00038267] |com_force|=0.0000N
### kotek_magnet[tick=6420] sensor4: d=0.5249m in_range=False f_mag=0.000N tau_mag=0.0000Nm misalign_deg=90.0 pos=[-0.10900009  0.10900021  0.49140236] bottom_world=[-0.10900031  0.10900006  0.47140236] quat=[3.8268206e-01 3.7925076e-06 5.5146670e-06 9.2388010e-01] speed=0.0010 ang_speed=0.0026 ang_vel_vec=[ 0.00173584 -0.00168725 -0.00080664] |com_force|=0.0000N
### kotek_magnet[tick=6480] sensor1: d=0.4082m in_range=False f_mag=0.000N tau_mag=0.0000Nm misalign_deg=90.0 pos=[0.10880257 0.1090093  0.49140233] bottom_world=[0.10880279 0.10900922 0.47140233] quat=[ 9.2484194e-01 -4.1198887e-06 -4.2503498e-06  3.8035166e-01] speed=0.0009 ang_speed=0.0036 ang_vel_vec=[3.4963018e-03 8.0303587e-05 8.7837386e-04] |com_force|=0.0000N
### kotek_magnet[tick=6480] sensor2: d=0.3208m in_range=False f_mag=0.000N tau_mag=0.0000Nm misalign_deg=90.0 pos=[ 0.10902464 -0.10904588  0.4914011 ] bottom_world=[ 0.1090245  -0.10904594  0.47140111] quat=[ 9.2300057e-01 -2.8966399e-06  2.6060256e-06 -3.8479865e-01] speed=0.0006 ang_speed=0.0048 ang_vel_vec=[ 0.00216852 -0.00421296  0.00062281] |com_force|=0.0000N
### kotek_magnet[tick=6480] sensor3: d=0.5470m in_range=False f_mag=0.000N tau_mag=0.0000Nm misalign_deg=90.0 pos=[-0.1091067  -0.10914607  0.49140105] bottom_world=[-0.10910688 -0.10914582  0.47140105] quat=[-3.8058344e-01  1.6714783e-06 -7.5732164e-06  9.2474669e-01] speed=0.0006 ang_speed=0.0042 ang_vel_vec=[-0.00378677 -0.00174924  0.00063756] |com_force|=0.0000N
### kotek_magnet[tick=6480] sensor4: d=0.5249m in_range=False f_mag=0.000N tau_mag=0.0000Nm misalign_deg=90.0 pos=[-0.10900006  0.10900021  0.49140227] bottom_world=[-0.10900028  0.10900007  0.47140227] quat=[3.8268220e-01 3.6901074e-06 5.3010749e-06 9.2388010e-01] speed=0.0010 ang_speed=0.0024 ang_vel_vec=[ 0.00163682 -0.00156302 -0.00066296] |com_force|=0.0000N
### kotek_magnet[tick=6540] sensor1: d=0.4082m in_range=False f_mag=0.000N tau_mag=0.0000Nm misalign_deg=90.0 pos=[0.10880259 0.10900909 0.4914024 ] bottom_world=[0.10880278 0.1090091  0.47140239] quat=[ 9.2484200e-01 -1.4048196e-06 -4.5671259e-06  3.8035157e-01] speed=0.0010 ang_speed=0.0026 ang_vel_vec=[-0.00219618 -0.0001139   0.00138838] |com_force|=0.0000N
### kotek_magnet[tick=6540] sensor2: d=0.3208m in_range=False f_mag=0.000N tau_mag=0.0000Nm misalign_deg=90.0 pos=[ 0.10902435 -0.10904734  0.49140117] bottom_world=[ 0.10902459 -0.10904697  0.47140117] quat=[ 9.2300087e-01  1.0813582e-05 -1.8515161e-06 -3.8479805e-01] speed=0.0010 ang_speed=0.0027 ang_vel_vec=[-0.00163426  0.00202999 -0.00082756] |com_force|=0.0000N
### kotek_magnet[tick=6540] sensor3: d=0.5470m in_range=False f_mag=0.000N tau_mag=0.0000Nm misalign_deg=90.0 pos=[-0.10910817 -0.10914577  0.49140117] bottom_world=[-0.10910791 -0.10914589  0.47140117] quat=[-3.8058400e-01 -4.8176880e-06  5.3044123e-06  9.2474639e-01] speed=0.0010 ang_speed=0.0026 ang_vel_vec=[ 0.00192875  0.00150984 -0.00083528] |com_force|=0.0000N
### kotek_magnet[tick=6540] sensor4: d=0.5249m in_range=False f_mag=0.000N tau_mag=0.0000Nm misalign_deg=90.0 pos=[-0.10900006  0.10900018  0.49140233] bottom_world=[-0.10900029  0.10900002  0.47140233] quat=[3.8268220e-01 3.7475459e-06 5.7194229e-06 9.2388016e-01] speed=0.0010 ang_speed=0.0028 ang_vel_vec=[ 0.00193419 -0.00186801 -0.00082036] |com_force|=0.0000N
### kotek_magnet[tick=6600] sensor1: d=0.4082m in_range=False f_mag=0.000N tau_mag=0.0000Nm misalign_deg=90.0 pos=[0.10880435 0.10900896 0.49140236] bottom_world=[0.10880408 0.1090093  0.47140236] quat=[9.2484158e-01 1.0433357e-05 2.7670142e-06 3.8035277e-01] speed=0.0010 ang_speed=0.0024 ang_vel_vec=[-0.00173384 -0.00147744 -0.00072132] |com_force|=0.0000N
### kotek_magnet[tick=6600] sensor2: d=0.3208m in_range=False f_mag=0.000N tau_mag=0.0000Nm misalign_deg=90.0 pos=[ 0.10902448 -0.10904565  0.49140117] bottom_world=[ 0.10902438 -0.10904574  0.47140117] quat=[ 9.2300045e-01 -2.8901011e-06  1.5014425e-06 -3.8479894e-01] speed=0.0010 ang_speed=0.0023 ang_vel_vec=[0.00043108 0.00157605 0.00155135] |com_force|=0.0000N
### kotek_magnet[tick=6600] sensor3: d=0.5470m in_range=False f_mag=0.000N tau_mag=0.0000Nm misalign_deg=90.0 pos=[-0.1091065  -0.10914589  0.49140114] bottom_world=[-0.10910668 -0.1091457   0.47140114] quat=[-3.8058302e-01  2.3301009e-06 -6.3505663e-06  9.2474681e-01] speed=0.0009 ang_speed=0.0027 ang_vel_vec=[0.0022098  0.00010132 0.00159502] |com_force|=0.0000N
### kotek_magnet[tick=6600] sensor4: d=0.5249m in_range=False f_mag=0.000N tau_mag=0.0000Nm misalign_deg=90.0 pos=[-0.10900009  0.1089993   0.49140218] bottom_world=[-0.10900017  0.10899934  0.47140218] quat=[ 3.8268274e-01  2.2457803e-06 -1.3152453e-07  9.2387986e-01] speed=0.0002 ang_speed=0.0027 ang_vel_vec=[ 0.00205378 -0.00172302  0.00056136] |com_force|=0.0000N
### kotek_magnet[tick=6660] sensor1: d=0.4082m in_range=False f_mag=0.000N tau_mag=0.0000Nm misalign_deg=90.0 pos=[0.10880432 0.10900897 0.49140233] bottom_world=[0.10880405 0.10900931 0.47140233] quat=[9.2484152e-01 1.0420473e-05 2.7991080e-06 3.8035268e-01] speed=0.0010 ang_speed=0.0024 ang_vel_vec=[-0.00169537 -0.00155544 -0.00083114] |com_force|=0.0000N
### kotek_magnet[tick=6660] sensor2: d=0.3208m in_range=False f_mag=0.000N tau_mag=0.0000Nm misalign_deg=90.0 pos=[ 0.10902444 -0.10904567  0.49140108] bottom_world=[ 0.10902434 -0.10904575  0.47140108] quat=[ 9.2300045e-01 -2.8984816e-06  1.4971652e-06 -3.8479897e-01] speed=0.0010 ang_speed=0.0022 ang_vel_vec=[0.00053125 0.00149051 0.00145845] |com_force|=0.0000N
### kotek_magnet[tick=6660] sensor3: d=0.5470m in_range=False f_mag=0.000N tau_mag=0.0000Nm misalign_deg=90.0 pos=[-0.10910754 -0.10914608  0.4914011 ] bottom_world=[-0.10910749 -0.10914595  0.47140111] quat=[-3.8058376e-01 -2.5130735e-06 -2.5753650e-06  9.2474645e-01] speed=0.0005 ang_speed=0.0026 ang_vel_vec=[-0.00149124  0.00194965 -0.00069998] |com_force|=0.0000N
### kotek_magnet[tick=6660] sensor4: d=0.5249m in_range=False f_mag=0.000N tau_mag=0.0000Nm misalign_deg=90.0 pos=[-0.1090002   0.10899849  0.49140233] bottom_world=[-0.10900009  0.10899881  0.47140233] quat=[ 3.8268304e-01  4.3789953e-07 -8.2966826e-06  9.2387968e-01] speed=0.0009 ang_speed=0.0017 ang_vel_vec=[-0.00061319 -0.00085735  0.00136784] |com_force|=0.0000N
### kotek_magnet[tick=6720] sensor1: d=0.4082m in_range=False f_mag=0.000N tau_mag=0.0000Nm misalign_deg=90.0 pos=[0.10880432 0.10900896 0.49140236] bottom_world=[0.10880405 0.10900931 0.47140236] quat=[9.24841523e-01 1.07160295e-05 2.81975758e-06 3.80352736e-01] speed=0.0010 ang_speed=0.0028 ang_vel_vec=[-0.00199194 -0.00181273 -0.00089729] |com_force|=0.0000N
### kotek_magnet[tick=6720] sensor2: d=0.3208m in_range=False f_mag=0.000N tau_mag=0.0000Nm misalign_deg=90.0 pos=[ 0.10902464 -0.10904671  0.4914011 ] bottom_world=[ 0.10902463 -0.10904654  0.47140111] quat=[ 9.2300075e-01  3.9273900e-06  1.9917932e-06 -3.8479811e-01] speed=0.0004 ang_speed=0.0025 ang_vel_vec=[-0.00196394 -0.0012638  -0.00074777] |com_force|=0.0000N
### kotek_magnet[tick=6720] sensor3: d=0.5470m in_range=False f_mag=0.000N tau_mag=0.0000Nm misalign_deg=90.0 pos=[-0.10910752 -0.1091461   0.49140114] bottom_world=[-0.10910746 -0.10914597  0.47140114] quat=[-3.8058391e-01 -2.6014563e-06 -2.3767166e-06  9.2474639e-01] speed=0.0005 ang_speed=0.0024 ang_vel_vec=[-0.00105189  0.00205539 -0.00074189] |com_force|=0.0000N
### kotek_magnet[tick=6720] sensor4: d=0.5249m in_range=False f_mag=0.000N tau_mag=0.0000Nm misalign_deg=90.0 pos=[-0.10900023  0.10899851  0.49140245] bottom_world=[-0.10900013  0.10899882  0.47140245] quat=[ 3.8268310e-01  6.1596097e-07 -8.1410435e-06  9.2387980e-01] speed=0.0009 ang_speed=0.0020 ang_vel_vec=[-0.00024189 -0.0014827   0.00130478] |com_force|=0.0000N
### kotek_magnet[tick=6780] sensor1: d=0.4082m in_range=False f_mag=0.000N tau_mag=0.0000Nm misalign_deg=90.0 pos=[0.10880382 0.10900923 0.4914023 ] bottom_world=[0.10880372 0.10900935 0.4714023 ] quat=[9.2484152e-01 3.5727940e-06 1.0147696e-06 3.8035256e-01] speed=0.0006 ang_speed=0.0024 ang_vel_vec=[ 0.00133157 -0.00184462 -0.00086687] |com_force|=0.0000N
### kotek_magnet[tick=6780] sensor2: d=0.3208m in_range=False f_mag=0.000N tau_mag=0.0000Nm misalign_deg=90.0 pos=[ 0.10902466 -0.10904595  0.4914011 ] bottom_world=[ 0.10902452 -0.10904601  0.47140111] quat=[ 9.2300063e-01 -2.8763259e-06  2.6561499e-06 -3.8479868e-01] speed=0.0006 ang_speed=0.0048 ang_vel_vec=[ 0.0021078  -0.00429485  0.00054965] |com_force|=0.0000N
### kotek_magnet[tick=6780] sensor3: d=0.5470m in_range=False f_mag=0.000N tau_mag=0.0000Nm misalign_deg=90.0 pos=[-0.10910673 -0.10914614  0.49140108] bottom_world=[-0.1091069  -0.10914588  0.47140108] quat=[-3.8058332e-01  1.6361803e-06 -7.5990547e-06  9.2474663e-01] speed=0.0006 ang_speed=0.0043 ang_vel_vec=[-0.00388706 -0.00175476  0.00057201] |com_force|=0.0000N
### kotek_magnet[tick=6780] sensor4: d=0.5249m in_range=False f_mag=0.000N tau_mag=0.0000Nm misalign_deg=90.0 pos=[-0.1090001   0.10900015  0.49140236] bottom_world=[-0.10900032  0.10900001  0.47140236] quat=[3.8268211e-01 3.6625599e-06 5.3079866e-06 9.2388016e-01] speed=0.0010 ang_speed=0.0023 ang_vel_vec=[ 0.00156508 -0.00147305 -0.00073994] |com_force|=0.0000N
### kotek_magnet[tick=6840] sensor1: d=0.4082m in_range=False f_mag=0.000N tau_mag=0.0000Nm misalign_deg=90.0 pos=[0.10880435 0.10900894 0.49140236] bottom_world=[0.10880409 0.10900928 0.47140236] quat=[9.2484146e-01 1.0432434e-05 2.7928857e-06 3.8035271e-01] speed=0.0010 ang_speed=0.0022 ang_vel_vec=[-0.00144487 -0.00153871 -0.0006381 ] |com_force|=0.0000N
### kotek_magnet[tick=6840] sensor2: d=0.3208m in_range=False f_mag=0.000N tau_mag=0.0000Nm misalign_deg=90.0 pos=[ 0.10902464 -0.10904673  0.4914011 ] bottom_world=[ 0.10902463 -0.10904656  0.47140111] quat=[ 9.2300081e-01  3.6588751e-06  1.9724025e-06 -3.8479802e-01] speed=0.0004 ang_speed=0.0020 ang_vel_vec=[-0.00144469 -0.00125838 -0.00049585] |com_force|=0.0000N
### kotek_magnet[tick=6840] sensor3: d=0.5470m in_range=False f_mag=0.000N tau_mag=0.0000Nm misalign_deg=90.0 pos=[-0.10910819 -0.10914578  0.49140108] bottom_world=[-0.10910793 -0.1091459   0.47140108] quat=[-3.8058406e-01 -4.9083842e-06  5.2392702e-06  9.2474633e-01] speed=0.0010 ang_speed=0.0024 ang_vel_vec=[ 0.00191975  0.00132785 -0.00057761] |com_force|=0.0000N
### kotek_magnet[tick=6840] sensor4: d=0.5249m in_range=False f_mag=0.000N tau_mag=0.0000Nm misalign_deg=90.0 pos=[-0.10900036  0.10899953  0.4914023 ] bottom_world=[-0.10900034  0.10899959  0.4714023 ] quat=[ 3.8268226e-01  2.4036439e-07 -1.5496507e-06  9.2387998e-01] speed=0.0005 ang_speed=0.0027 ang_vel_vec=[ 0.00223083  0.00134431 -0.00053419] |com_force|=0.0000N
### kotek_magnet[tick=6900] sensor1: d=0.4082m in_range=False f_mag=0.000N tau_mag=0.0000Nm misalign_deg=90.0 pos=[0.10880383 0.10900923 0.49140227] bottom_world=[0.10880374 0.10900935 0.47140227] quat=[9.2484164e-01 3.7675270e-06 9.0987095e-07 3.8035265e-01] speed=0.0006 ang_speed=0.0026 ang_vel_vec=[ 0.00042837 -0.00237996 -0.00082494] |com_force|=0.0000N
### kotek_magnet[tick=6900] sensor2: d=0.3208m in_range=False f_mag=0.000N tau_mag=0.0000Nm misalign_deg=90.0 pos=[ 0.10902449 -0.10904571  0.49140102] bottom_world=[ 0.10902439 -0.1090458   0.47140102] quat=[ 9.2300057e-01 -3.0797714e-06  1.5718726e-06 -3.8479882e-01] speed=0.0010 ang_speed=0.0022 ang_vel_vec=[0.00087035 0.00139109 0.00152806] |com_force|=0.0000N
### kotek_magnet[tick=6900] sensor3: d=0.5470m in_range=False f_mag=0.000N tau_mag=0.0000Nm misalign_deg=90.0 pos=[-0.10910819 -0.10914578  0.49140102] bottom_world=[-0.10910791 -0.10914591  0.47140102] quat=[-3.8058394e-01 -5.0644753e-06  5.6051254e-06  9.2474645e-01] speed=0.0010 ang_speed=0.0030 ang_vel_vec=[ 0.00238115  0.00171138 -0.00070738] |com_force|=0.0000N
### kotek_magnet[tick=6900] sensor4: d=0.5249m in_range=False f_mag=0.000N tau_mag=0.0000Nm misalign_deg=90.0 pos=[-0.10900006  0.10900018  0.49140224] bottom_world=[-0.1090003   0.10900003  0.47140224] quat=[3.8268217e-01 4.0022996e-06 5.9073500e-06 9.2388016e-01] speed=0.0011 ang_speed=0.0029 ang_vel_vec=[ 0.00212657 -0.0017895  -0.000727  ] |com_force|=0.0000N
### still playing, 1279s left
### kotek_magnet[tick=6960] sensor1: d=0.4082m in_range=False f_mag=0.000N tau_mag=0.0000Nm misalign_deg=90.0 pos=[0.10880382 0.10900925 0.4914023 ] bottom_world=[0.10880373 0.10900937 0.4714023 ] quat=[9.248416e-01 3.665867e-06 9.808537e-07 3.803526e-01] speed=0.0006 ang_speed=0.0020 ang_vel_vec=[ 0.0011158  -0.00141696 -0.0009137 ] |com_force|=0.0000N
### kotek_magnet[tick=6960] sensor2: d=0.3208m in_range=False f_mag=0.000N tau_mag=0.0000Nm misalign_deg=90.0 pos=[ 0.10902475 -0.10904563  0.49140102] bottom_world=[ 0.10902455 -0.10904574  0.47140102] quat=[ 9.2300057e-01 -4.4142521e-06  3.5182270e-06 -3.8479874e-01] speed=0.0009 ang_speed=0.0029 ang_vel_vec=[-0.00030933 -0.00276054  0.00069571] |com_force|=0.0000N
### kotek_magnet[tick=6960] sensor3: d=0.5470m in_range=False f_mag=0.000N tau_mag=0.0000Nm misalign_deg=90.0 pos=[-0.10910816 -0.10914582  0.49140105] bottom_world=[-0.1091079  -0.10914594  0.47140105] quat=[-3.8058406e-01 -4.8706993e-06  5.2805926e-06  9.2474633e-01] speed=0.0010 ang_speed=0.0028 ang_vel_vec=[ 0.00205986  0.00173801 -0.00084388] |com_force|=0.0000N
### kotek_magnet[tick=6960] sensor4: d=0.5249m in_range=False f_mag=0.000N tau_mag=0.0000Nm misalign_deg=90.0 pos=[-0.10900009  0.10900018  0.49140227] bottom_world=[-0.1090003   0.10900004  0.47140227] quat=[3.8268206e-01 3.6171111e-06 5.2030632e-06 9.2388016e-01] speed=0.0010 ang_speed=0.0015 ang_vel_vec=[ 0.00090953 -0.000807   -0.00080201] |com_force|=0.0000N
### kotek_magnet[tick=7020] sensor1: d=0.4082m in_range=False f_mag=0.000N tau_mag=0.0000Nm misalign_deg=90.0 pos=[0.10880388 0.10900924 0.49140218] bottom_world=[0.10880378 0.10900937 0.47140218] quat=[9.2484164e-01 3.8622479e-06 9.4949985e-07 3.8035256e-01] speed=0.0006 ang_speed=0.0019 ang_vel_vec=[ 0.0003458  -0.00159665 -0.00100379] |com_force|=0.0000N
### kotek_magnet[tick=7020] sensor2: d=0.3208m in_range=False f_mag=0.000N tau_mag=0.0000Nm misalign_deg=90.0 pos=[ 0.10902449 -0.10904568  0.49140108] bottom_world=[ 0.10902441 -0.10904576  0.47140108] quat=[ 9.2300045e-01 -2.5903259e-06  1.3027857e-06 -3.8479891e-01] speed=0.0010 ang_speed=0.0028 ang_vel_vec=[-0.00024092  0.00246816  0.00129972] |com_force|=0.0000N
### kotek_magnet[tick=7020] sensor3: d=0.5470m in_range=False f_mag=0.000N tau_mag=0.0000Nm misalign_deg=90.0 pos=[-0.10910723 -0.10914588  0.49140105] bottom_world=[-0.1091072  -0.10914583  0.47140105] quat=[-3.8058355e-01 -1.2780740e-06 -8.3039515e-07  9.2474663e-01] speed=0.0002 ang_speed=0.0031 ang_vel_vec=[0.00260571 0.00168861 0.00011326] |com_force|=0.0000N
### kotek_magnet[tick=7020] sensor4: d=0.5249m in_range=False f_mag=0.000N tau_mag=0.0000Nm misalign_deg=90.0 pos=[-0.10900009  0.10900019  0.49140227] bottom_world=[-0.10900031  0.10900005  0.47140227] quat=[3.8268206e-01 3.7464822e-06 5.2804339e-06 9.2388022e-01] speed=0.0010 ang_speed=0.0015 ang_vel_vec=[ 0.0008784  -0.0008661  -0.00090283] |com_force|=0.0000N
### kotek_magnet[tick=7080] sensor1: d=0.4082m in_range=False f_mag=0.000N tau_mag=0.0000Nm misalign_deg=90.0 pos=[0.10880435 0.10900897 0.49140236] bottom_world=[0.1088041  0.10900929 0.47140236] quat=[9.2484158e-01 9.8607743e-06 2.6602436e-06 3.8035256e-01] speed=0.0010 ang_speed=0.0011 ang_vel_vec=[-0.00074617 -0.00053175 -0.00057673] |com_force|=0.0000N
### kotek_magnet[tick=7080] sensor2: d=0.3208m in_range=False f_mag=0.000N tau_mag=0.0000Nm misalign_deg=90.0 pos=[ 0.10902436 -0.1090474   0.49140108] bottom_world=[ 0.10902458 -0.10904703  0.47140108] quat=[ 9.2300093e-01  1.0710499e-05 -1.5748590e-06 -3.8479796e-01] speed=0.0009 ang_speed=0.0023 ang_vel_vec=[-0.00145138  0.00168079 -0.00055124] |com_force|=0.0000N
### kotek_magnet[tick=7080] sensor3: d=0.5470m in_range=False f_mag=0.000N tau_mag=0.0000Nm misalign_deg=90.0 pos=[-0.10910818 -0.10914581  0.49140108] bottom_world=[-0.10910791 -0.10914594  0.47140108] quat=[-3.8058394e-01 -5.0472727e-06  5.3941994e-06  9.2474639e-01] speed=0.0010 ang_speed=0.0023 ang_vel_vec=[ 0.00163427  0.00145664 -0.00056804] |com_force|=0.0000N
### kotek_magnet[tick=7080] sensor4: d=0.5249m in_range=False f_mag=0.000N tau_mag=0.0000Nm misalign_deg=90.0 pos=[-0.10900017  0.10899849  0.49140233] bottom_world=[-0.10900008  0.10899878  0.47140233] quat=[ 3.8268322e-01  7.9669763e-07 -7.5703797e-06  9.2387974e-01] speed=0.0009 ang_speed=0.0020 ang_vel_vec=[-0.00018614 -0.00117424  0.00162844] |com_force|=0.0000N
### kotek_magnet[tick=7140] sensor1: d=0.4082m in_range=False f_mag=0.000N tau_mag=0.0000Nm misalign_deg=90.0 pos=[0.10880385 0.10900928 0.4914022 ] bottom_world=[0.10880375 0.10900941 0.47140221] quat=[9.2484158e-01 3.8847852e-06 9.2194239e-07 3.8035256e-01] speed=0.0007 ang_speed=0.0018 ang_vel_vec=[ 0.00023126 -0.00161233 -0.00082815] |com_force|=0.0000N
### kotek_magnet[tick=7140] sensor2: d=0.3208m in_range=False f_mag=0.000N tau_mag=0.0000Nm misalign_deg=90.0 pos=[ 0.10902468 -0.1090467   0.49140102] bottom_world=[ 0.10902467 -0.10904653  0.47140102] quat=[ 9.2300081e-01  3.8486519e-06  1.9004974e-06 -3.8479799e-01] speed=0.0004 ang_speed=0.0023 ang_vel_vec=[-0.00204853 -0.00083321 -0.00070649] |com_force|=0.0000N
### kotek_magnet[tick=7140] sensor3: d=0.5470m in_range=False f_mag=0.000N tau_mag=0.0000Nm misalign_deg=90.0 pos=[-0.10910755 -0.10914607  0.4914011 ] bottom_world=[-0.10910749 -0.10914594  0.47140111] quat=[-3.8058379e-01 -2.5570205e-06 -2.2559580e-06  9.2474639e-01] speed=0.0004 ang_speed=0.0023 ang_vel_vec=[-0.00108147  0.00193932 -0.00072715] |com_force|=0.0000N
### kotek_magnet[tick=7140] sensor4: d=0.5249m in_range=False f_mag=0.000N tau_mag=0.0000Nm misalign_deg=90.0 pos=[-0.10900018  0.10899854  0.49140224] bottom_world=[-0.10900009  0.10899883  0.47140224] quat=[ 3.8268319e-01  7.9571737e-07 -7.4668296e-06  9.2387974e-01] speed=0.0009 ang_speed=0.0020 ang_vel_vec=[ 1.6847574e-06 -1.3361197e-03  1.4292957e-03] |com_force|=0.0000N
### kotek_magnet[tick=7200] sensor1: d=0.4082m in_range=False f_mag=0.000N tau_mag=0.0000Nm misalign_deg=90.0 pos=[0.10880383 0.10900929 0.49140224] bottom_world=[0.10880374 0.10900941 0.47140224] quat=[9.2484158e-01 3.6331246e-06 9.3701391e-07 3.8035265e-01] speed=0.0007 ang_speed=0.0021 ang_vel_vec=[ 0.00082707 -0.00153818 -0.00113361] |com_force|=0.0000N
### kotek_magnet[tick=7200] sensor2: d=0.3208m in_range=False f_mag=0.000N tau_mag=0.0000Nm misalign_deg=90.0 pos=[ 0.10902438 -0.10904732  0.49140117] bottom_world=[ 0.10902461 -0.10904695  0.47140117] quat=[ 9.23000932e-01  1.07549395e-05 -1.81328505e-06 -3.84797841e-01] speed=0.0009 ang_speed=0.0029 ang_vel_vec=[-0.0017296   0.00213072 -0.00106716] |com_force|=0.0000N
### kotek_magnet[tick=7200] sensor3: d=0.5470m in_range=False f_mag=0.000N tau_mag=0.0000Nm misalign_deg=90.0 pos=[-0.10910753 -0.10914606  0.4914011 ] bottom_world=[-0.10910747 -0.10914594  0.47140111] quat=[-3.8058394e-01 -2.4922795e-06 -2.1793730e-06  9.2474639e-01] speed=0.0004 ang_speed=0.0024 ang_vel_vec=[-0.0004626   0.0021348  -0.00102401] |com_force|=0.0000N
### kotek_magnet[tick=7200] sensor4: d=0.5249m in_range=False f_mag=0.000N tau_mag=0.0000Nm misalign_deg=90.0 pos=[-0.1090002   0.10899851  0.49140227] bottom_world=[-0.10900011  0.1089988   0.47140227] quat=[ 3.8268307e-01  7.7205107e-07 -7.3929518e-06  9.2387968e-01] speed=0.0009 ang_speed=0.0016 ang_vel_vec=[-1.7046941e-05 -1.0748567e-03  1.1351475e-03] |com_force|=0.0000N
### kotek_magnet[tick=7260] sensor1: d=0.4082m in_range=False f_mag=0.000N tau_mag=0.0000Nm misalign_deg=90.0 pos=[0.10880433 0.10900903 0.49140224] bottom_world=[0.10880409 0.10900935 0.47140224] quat=[9.2484152e-01 9.5576643e-06 2.5830375e-06 3.8035280e-01] speed=0.0010 ang_speed=0.0011 ang_vel_vec=[-0.00051396 -0.0004192  -0.00085224] |com_force|=0.0000N
### kotek_magnet[tick=7260] sensor2: d=0.3208m in_range=False f_mag=0.000N tau_mag=0.0000Nm misalign_deg=90.0 pos=[ 0.10902438 -0.10904741  0.49140117] bottom_world=[ 0.1090246  -0.10904703  0.47140117] quat=[ 9.2300087e-01  1.0788961e-05 -1.6890576e-06 -3.8479796e-01] speed=0.0009 ang_speed=0.0026 ang_vel_vec=[-0.00157411  0.0018748  -0.00077841] |com_force|=0.0000N
### kotek_magnet[tick=7260] sensor3: d=0.5470m in_range=False f_mag=0.000N tau_mag=0.0000Nm misalign_deg=90.0 pos=[-0.10910755 -0.10914609  0.49140102] bottom_world=[-0.10910749 -0.10914596  0.47140102] quat=[-3.8058385e-01 -2.4852650e-06 -2.3701928e-06  9.2474645e-01] speed=0.0004 ang_speed=0.0023 ang_vel_vec=[-0.00104968  0.00188621 -0.00070624] |com_force|=0.0000N
### kotek_magnet[tick=7260] sensor4: d=0.5249m in_range=False f_mag=0.000N tau_mag=0.0000Nm misalign_deg=90.0 pos=[-0.10900039  0.10899873  0.49140236] bottom_world=[-0.10900023  0.10899901  0.47140236] quat=[ 3.8268265e-01 -1.0022692e-06 -8.0344225e-06  9.2387980e-01] speed=0.0005 ang_speed=0.0038 ang_vel_vec=[-0.00096097  0.00364408  0.00051335] |com_force|=0.0000N
### kotek_magnet[tick=7320] sensor1: d=0.4082m in_range=False f_mag=0.000N tau_mag=0.0000Nm misalign_deg=90.0 pos=[0.10880433 0.10900898 0.49140227] bottom_world=[0.10880409 0.10900929 0.47140227] quat=[9.2484152e-01 9.4967154e-06 2.6840210e-06 3.8035262e-01] speed=0.0010 ang_speed=0.0014 ang_vel_vec=[-0.00050155 -0.00050357 -0.00115811] |com_force|=0.0000N
### kotek_magnet[tick=7320] sensor2: d=0.3208m in_range=False f_mag=0.000N tau_mag=0.0000Nm misalign_deg=90.0 pos=[ 0.10902449 -0.10904564  0.4914011 ] bottom_world=[ 0.10902439 -0.10904573  0.47140111] quat=[ 9.2300040e-01 -2.9944254e-06  1.2959727e-06 -3.8479900e-01] speed=0.0010 ang_speed=0.0029 ang_vel_vec=[-0.00014184  0.00266272  0.00111768] |com_force|=0.0000N
### kotek_magnet[tick=7320] sensor3: d=0.5470m in_range=False f_mag=0.000N tau_mag=0.0000Nm misalign_deg=90.0 pos=[-0.10910644 -0.10914589  0.49140114] bottom_world=[-0.10910664 -0.10914569  0.47140114] quat=[-3.8058293e-01  2.6790656e-06 -6.4693127e-06  9.2474687e-01] speed=0.0010 ang_speed=0.0031 ang_vel_vec=[0.00290227 0.00027628 0.00117264] |com_force|=0.0000N
### kotek_magnet[tick=7320] sensor4: d=0.5249m in_range=False f_mag=0.000N tau_mag=0.0000Nm misalign_deg=90.0 pos=[-0.10900017  0.10899849  0.4914023 ] bottom_world=[-0.10900007  0.10899878  0.4714023 ] quat=[ 3.8268313e-01  6.0011286e-07 -7.6038787e-06  9.2387968e-01] speed=0.0009 ang_speed=0.0014 ang_vel_vec=[ 1.2349398e-05 -8.7675889e-04  1.0868874e-03] |com_force|=0.0000N
### kotek_magnet[tick=7380] sensor1: d=0.4082m in_range=False f_mag=0.000N tau_mag=0.0000Nm misalign_deg=90.0 pos=[0.10880262 0.10900908 0.49140227] bottom_world=[0.10880279 0.10900911 0.47140227] quat=[ 9.2484206e-01 -8.8643577e-07 -4.3559016e-06  3.8035166e-01] speed=0.0009 ang_speed=0.0023 ang_vel_vec=[-0.00151478 -0.00039104  0.00166612] |com_force|=0.0000N
### kotek_magnet[tick=7380] sensor2: d=0.3208m in_range=False f_mag=0.000N tau_mag=0.0000Nm misalign_deg=90.0 pos=[ 0.10902449 -0.10904562  0.49140105] bottom_world=[ 0.1090244  -0.10904571  0.47140105] quat=[ 9.2300057e-01 -2.9403013e-06  1.3492028e-06 -3.8479882e-01] speed=0.0010 ang_speed=0.0029 ang_vel_vec=[-7.7758996e-05  2.4470785e-03  1.6004529e-03] |com_force|=0.0000N
### kotek_magnet[tick=7380] sensor3: d=0.5470m in_range=False f_mag=0.000N tau_mag=0.0000Nm misalign_deg=90.0 pos=[-0.10910647 -0.10914584  0.4914012 ] bottom_world=[-0.10910666 -0.10914564  0.4714012 ] quat=[-3.8058296e-01  2.6287109e-06 -6.3998632e-06  9.2474675e-01] speed=0.0010 ang_speed=0.0031 ang_vel_vec=[0.00266976 0.00014935 0.00164753] |com_force|=0.0000N
### kotek_magnet[tick=7380] sensor4: d=0.5249m in_range=False f_mag=0.000N tau_mag=0.0000Nm misalign_deg=90.0 pos=[-0.1090001   0.10900024  0.49140224] bottom_world=[-0.1090003   0.10900011  0.47140224] quat=[3.8268206e-01 3.3735350e-06 4.9517148e-06 9.2388010e-01] speed=0.0011 ang_speed=0.0007 ang_vel_vec=[ 1.7546806e-04 -9.7131167e-05 -6.2133773e-04] |com_force|=0.0000N
### kotek_magnet[tick=7440] sensor1: d=0.4102m in_range=False f_mag=0.000N tau_mag=0.0000Nm misalign_deg=106.0 pos=[0.11528123 0.1028408  0.49401277] bottom_world=[0.10978479 0.1108165  0.47651485] quat=[0.8962719  0.24432057 0.05347353 0.36625788] speed=0.2285 ang_speed=6.6211 ang_vel_vec=[-5.590283  -3.3541396 -1.1562409] |com_force|=0.0000N
### kotek_magnet[tick=7440] sensor2: d=0.3208m in_range=False f_mag=0.000N tau_mag=0.0000Nm misalign_deg=90.0 pos=[ 0.10902462 -0.10904605  0.4914011 ] bottom_world=[ 0.10902449 -0.10904611  0.47140111] quat=[ 9.2300063e-01 -2.7635524e-06  2.4908136e-06 -3.8479862e-01] speed=0.0005 ang_speed=0.0060 ang_vel_vec=[ 0.00317698 -0.00506451  0.00071792] |com_force|=0.0000N
### kotek_magnet[tick=7440] sensor3: d=0.5470m in_range=False f_mag=0.000N tau_mag=0.0000Nm misalign_deg=90.0 pos=[-0.10910671 -0.10914605  0.49140117] bottom_world=[-0.10910689 -0.1091458   0.47140117] quat=[-3.8058338e-01  1.6620670e-06 -7.5105700e-06  9.2474669e-01] speed=0.0006 ang_speed=0.0022 ang_vel_vec=[-0.00199379 -0.00065221  0.00072094] |com_force|=0.0000N
### kotek_magnet[tick=7440] sensor4: d=0.5249m in_range=False f_mag=0.000N tau_mag=0.0000Nm misalign_deg=90.0 pos=[-0.10900037  0.10899957  0.4914023 ] bottom_world=[-0.10900035  0.10899963  0.4714023 ] quat=[ 3.8268211e-01  6.1695268e-08 -1.4926088e-06  9.2388004e-01] speed=0.0005 ang_speed=0.0026 ang_vel_vec=[ 0.00198732  0.00151432 -0.00078188] |com_force|=0.0000N
### kotek_magnet[tick=7500] sensor1: d=0.4106m in_range=False f_mag=0.000N tau_mag=0.0000Nm misalign_deg=90.1 pos=[0.11002966 0.11404214 0.49146894] bottom_world=[0.10998148 0.11410124 0.47146908] quat=[9.4210732e-01 1.7958401e-03 6.3940033e-04 3.3530620e-01] speed=0.0280 ang_speed=0.5828 ang_vel_vec=[ 0.40238166  0.35890046 -0.22126795] |com_force|=0.0000N
### kotek_magnet[tick=7500] sensor2: d=0.3208m in_range=False f_mag=0.000N tau_mag=0.0000Nm misalign_deg=90.0 pos=[ 0.10902465 -0.10904589  0.49140114] bottom_world=[ 0.10902451 -0.10904596  0.47140114] quat=[ 9.2300057e-01 -2.8411466e-06  2.6079967e-06 -3.8479853e-01] speed=0.0007 ang_speed=0.0043 ang_vel_vec=[ 0.00170914 -0.00384067  0.00071092] |com_force|=0.0000N
### kotek_magnet[tick=7500] sensor3: d=0.5470m in_range=False f_mag=0.000N tau_mag=0.0000Nm misalign_deg=90.0 pos=[-0.10910752 -0.10914606  0.4914011 ] bottom_world=[-0.10910747 -0.10914594  0.47140111] quat=[-3.8058382e-01 -2.4987594e-06 -2.2389549e-06  9.2474645e-01] speed=0.0005 ang_speed=0.0023 ang_vel_vec=[-0.00047669  0.00218783 -0.00056378] |com_force|=0.0000N
### kotek_magnet[tick=7500] sensor4: d=0.5249m in_range=False f_mag=0.000N tau_mag=0.0000Nm misalign_deg=90.0 pos=[-0.1090002   0.10899852  0.4914024 ] bottom_world=[-0.10900011  0.10899881  0.47140239] quat=[ 3.8268307e-01  6.9233153e-07 -7.6113256e-06  9.2387974e-01] speed=0.0009 ang_speed=0.0017 ang_vel_vec=[-0.00033944 -0.00061649  0.00157943] |com_force|=0.0000N
### kotek_magnet[tick=7560] sensor1: d=0.4011m in_range=False f_mag=0.000N tau_mag=0.0000Nm misalign_deg=90.0 pos=[0.12169895 0.11202802 0.49142623] bottom_world=[0.12168887 0.11200485 0.47142625] quat=[ 9.8598862e-01 -5.2907103e-04  3.4496537e-04  1.6681132e-01] speed=0.1173 ang_speed=3.3051 ang_vel_vec=[1.2184507 1.7690675 2.5119267] |com_force|=0.0000N
### kotek_magnet[tick=7560] sensor2: d=0.3208m in_range=False f_mag=0.000N tau_mag=0.0000Nm misalign_deg=90.0 pos=[ 0.10902443 -0.10904568  0.49140102] bottom_world=[ 0.10902436 -0.10904574  0.47140102] quat=[ 9.2300045e-01 -2.0920506e-06  1.0808903e-06 -3.8479891e-01] speed=0.0010 ang_speed=0.0028 ang_vel_vec=[-0.00050511  0.00232557  0.00150658] |com_force|=0.0000N
### kotek_magnet[tick=7560] sensor3: d=0.5470m in_range=False f_mag=0.000N tau_mag=0.0000Nm misalign_deg=90.0 pos=[-0.10910758 -0.10914608  0.49140105] bottom_world=[-0.10910753 -0.10914596  0.47140105] quat=[-3.8058388e-01 -2.5250220e-06 -2.2912463e-06  9.2474639e-01] speed=0.0005 ang_speed=0.0017 ang_vel_vec=[-0.0006124   0.00147457 -0.00070026] |com_force|=0.0000N
### kotek_magnet[tick=7560] sensor4: d=0.5249m in_range=False f_mag=0.000N tau_mag=0.0000Nm misalign_deg=90.0 pos=[-0.10900045  0.10899868  0.49140227] bottom_world=[-0.10900028  0.10899899  0.47140227] quat=[ 3.8268271e-01 -1.0353067e-06 -8.7388053e-06  9.2387992e-01] speed=0.0006 ang_speed=0.0035 ang_vel_vec=[-0.00080737  0.0033268   0.00063544] |com_force|=0.0000N
### kotek_magnet[tick=7620] sensor1: d=0.4003m in_range=False f_mag=0.000N tau_mag=0.0000Nm misalign_deg=89.8 pos=[0.12231745 0.11171751 0.49154484] bottom_world=[0.12238789 0.11148858 0.47154628] quat=[ 9.8828423e-01 -5.9249662e-03 -8.6762657e-04  1.5250765e-01] speed=0.0877 ang_speed=7.2750 ang_vel_vec=[2.8590899  0.56652325 6.665633  ] |com_force|=0.0000N
### kotek_magnet[tick=7620] sensor2: d=0.3208m in_range=False f_mag=0.000N tau_mag=0.0000Nm misalign_deg=90.0 pos=[ 0.10902465 -0.10904645  0.49140108] bottom_world=[ 0.10902461 -0.10904636  0.47140108] quat=[ 9.2300075e-01  1.6907929e-06  1.7182908e-06 -3.8479823e-01] speed=0.0001 ang_speed=0.0021 ang_vel_vec=[ 0.001213   -0.00160385 -0.00043438] |com_force|=0.0000N
### kotek_magnet[tick=7620] sensor3: d=0.5470m in_range=False f_mag=0.000N tau_mag=0.0000Nm misalign_deg=90.0 pos=[-0.10910749 -0.10914609  0.4914011 ] bottom_world=[-0.10910744 -0.10914597  0.47140111] quat=[-3.8058391e-01 -2.4474850e-06 -2.2401548e-06  9.2474651e-01] speed=0.0005 ang_speed=0.0025 ang_vel_vec=[-6.4343556e-05  2.4144244e-03 -7.4609020e-04] |com_force|=0.0000N
### kotek_magnet[tick=7620] sensor4: d=0.5249m in_range=False f_mag=0.000N tau_mag=0.0000Nm misalign_deg=90.0 pos=[-0.10900021  0.10899849  0.4914023 ] bottom_world=[-0.10900011  0.10899879  0.4714023 ] quat=[ 3.8268304e-01  5.4676912e-07 -7.8489093e-06  9.2387974e-01] speed=0.0009 ang_speed=0.0015 ang_vel_vec=[-0.00042569 -0.00048017  0.0013739 ] |com_force|=0.0000N
### kotek_magnet[tick=7680] sensor1: d=0.3998m in_range=False f_mag=0.000N tau_mag=0.0000Nm misalign_deg=91.3 pos=[0.12477658 0.10930073 0.50008035] bottom_world=[0.12430559 0.10863263 0.48009706] quat=[ 0.9970905  -0.01579578  0.01297254  0.0734358 ] speed=0.1569 ang_speed=7.0662 ang_vel_vec=[ 0.1001943 -1.6716279  6.8649244] |com_force|=0.0000N
### kotek_magnet[tick=7680] sensor2: d=0.3208m in_range=False f_mag=0.000N tau_mag=0.0000Nm misalign_deg=90.0 pos=[ 0.10902471 -0.10904556  0.49140117] bottom_world=[ 0.10902451 -0.10904567  0.47140117] quat=[ 9.2300045e-01 -4.5168090e-06  3.6085748e-06 -3.8479882e-01] speed=0.0010 ang_speed=0.0027 ang_vel_vec=[-0.00071583 -0.00246185  0.00068153] |com_force|=0.0000N
### kotek_magnet[tick=7680] sensor3: d=0.5470m in_range=False f_mag=0.000N tau_mag=0.0000Nm misalign_deg=90.0 pos=[-0.10910754 -0.10914603  0.49140105] bottom_world=[-0.10910748 -0.10914591  0.47140105] quat=[-3.805839e-01 -2.544411e-06 -2.240038e-06  9.247465e-01] speed=0.0004 ang_speed=0.0023 ang_vel_vec=[-0.00100639  0.00194563 -0.00081337] |com_force|=0.0000N
### kotek_magnet[tick=7680] sensor4: d=0.5249m in_range=False f_mag=0.000N tau_mag=0.0000Nm misalign_deg=90.0 pos=[-0.10900016  0.10899855  0.4914023 ] bottom_world=[-0.10900008  0.10899884  0.4714023 ] quat=[ 3.8268304e-01  8.0915413e-07 -7.4647087e-06  9.2387968e-01] speed=0.0009 ang_speed=0.0019 ang_vel_vec=[ 5.7661655e-06 -1.3219388e-03  1.3002510e-03] |com_force|=0.0000N
### kotek_magnet[tick=7740] sensor1: d=0.4071m in_range=False f_mag=0.000N tau_mag=0.0000Nm misalign_deg=91.3 pos=[0.12484518 0.10916144 0.5213571 ] bottom_world=[0.12439099 0.10852537 0.5013724 ] quat=[ 0.99794793 -0.01518275  0.0123059   0.06097629] speed=0.1197 ang_speed=5.3239 ang_vel_vec=[ 1.0229158  -0.05312089  5.2244215 ] |com_force|=0.0000N
### kotek_magnet[tick=7740] sensor2: d=0.3208m in_range=False f_mag=0.000N tau_mag=0.0000Nm misalign_deg=90.0 pos=[ 0.10902449 -0.10904564  0.4914012 ] bottom_world=[ 0.10902439 -0.10904573  0.4714012 ] quat=[ 9.2300045e-01 -3.1134659e-06  1.4523212e-06 -3.8479897e-01] speed=0.0010 ang_speed=0.0026 ang_vel_vec=[-1.5839645e-05  2.0687901e-03  1.5328549e-03] |com_force|=0.0000N
### kotek_magnet[tick=7740] sensor3: d=0.5470m in_range=False f_mag=0.000N tau_mag=0.0000Nm misalign_deg=90.0 pos=[-0.1091082  -0.10914575  0.49140105] bottom_world=[-0.10910794 -0.10914587  0.47140105] quat=[-3.8058388e-01 -4.9017049e-06  5.4998000e-06  9.2474639e-01] speed=0.0010 ang_speed=0.0024 ang_vel_vec=[ 0.00178708  0.00148049 -0.0007539 ] |com_force|=0.0000N
### kotek_magnet[tick=7740] sensor4: d=0.5249m in_range=False f_mag=0.000N tau_mag=0.0000Nm misalign_deg=90.0 pos=[-0.10900018  0.10899852  0.49140236] bottom_world=[-0.10900009  0.10899881  0.47140236] quat=[ 3.8268325e-01  6.5919926e-07 -7.5241915e-06  9.2387974e-01] speed=0.0009 ang_speed=0.0016 ang_vel_vec=[-0.0004684  -0.00040528  0.00142485] |com_force|=0.0000N
### kotek_magnet[tick=7800] sensor1: d=0.4167m in_range=False f_mag=0.000N tau_mag=0.0000Nm misalign_deg=91.4 pos=[0.12512524 0.10941891 0.5455238 ] bottom_world=[0.12463132 0.10882689 0.52553869] quat=[ 0.9982775  -0.01409582  0.01315175  0.05541086] speed=0.1410 ang_speed=6.3068 ang_vel_vec=[ 1.4498731 -0.2530947  6.132621 ] |com_force|=0.0000N
### kotek_magnet[tick=7800] sensor2: d=0.3208m in_range=False f_mag=0.000N tau_mag=0.0000Nm misalign_deg=90.0 pos=[ 0.10902447 -0.10904564  0.49140108] bottom_world=[ 0.10902437 -0.10904573  0.47140108] quat=[ 9.2300040e-01 -2.9923772e-06  1.3679660e-06 -3.8479912e-01] speed=0.0011 ang_speed=0.0029 ang_vel_vec=[5.2097064e-05 2.3835194e-03 1.5921204e-03] |com_force|=0.0000N
### kotek_magnet[tick=7800] sensor3: d=0.5470m in_range=False f_mag=0.000N tau_mag=0.0000Nm misalign_deg=90.0 pos=[-0.10910821 -0.10914576  0.49140108] bottom_world=[-0.10910794 -0.10914589  0.47140108] quat=[-3.8058391e-01 -4.9665136e-06  5.4295688e-06  9.2474645e-01] speed=0.0010 ang_speed=0.0026 ang_vel_vec=[ 0.00191909  0.00155473 -0.00069602] |com_force|=0.0000N
### kotek_magnet[tick=7800] sensor4: d=0.5249m in_range=False f_mag=0.000N tau_mag=0.0000Nm misalign_deg=90.0 pos=[-0.10900041  0.10899848  0.4914024 ] bottom_world=[-0.10900021  0.1089988   0.47140239] quat=[ 3.8268295e-01 -1.5335439e-06 -9.2844357e-06  9.2387974e-01] speed=0.0008 ang_speed=0.0026 ang_vel_vec=[0.00097534 0.00231165 0.00079875] |com_force|=0.0000N
### kotek_magnet[tick=7860] sensor1: d=0.4282m in_range=False f_mag=0.000N tau_mag=0.0000Nm misalign_deg=91.3 pos=[0.12525363 0.10968049 0.57119495] bottom_world=[0.12478734 0.10913867 0.55120773] quat=[ 0.99862224 -0.01295586  0.01231357  0.04933772] speed=0.1351 ang_speed=7.0729 ang_vel_vec=[1.8222303  0.76573527 6.791056  ] |com_force|=0.0000N
### kotek_magnet[tick=7860] sensor2: d=0.3208m in_range=False f_mag=0.000N tau_mag=0.0000Nm misalign_deg=90.0 pos=[ 0.10902437 -0.10904738  0.4914011 ] bottom_world=[ 0.1090246  -0.10904701  0.47140111] quat=[ 9.2300087e-01  1.0767651e-05 -1.7034376e-06 -3.8479790e-01] speed=0.0009 ang_speed=0.0026 ang_vel_vec=[-0.00159709  0.00186888 -0.00074654] |com_force|=0.0000N
### kotek_magnet[tick=7860] sensor3: d=0.5470m in_range=False f_mag=0.000N tau_mag=0.0000Nm misalign_deg=90.0 pos=[-0.10910751 -0.10914608  0.4914011 ] bottom_world=[-0.10910746 -0.10914595  0.47140111] quat=[-3.8058388e-01 -2.4540516e-06 -2.4279907e-06  9.2474645e-01] speed=0.0004 ang_speed=0.0023 ang_vel_vec=[-0.00082054  0.00203433 -0.00068165] |com_force|=0.0000N
### kotek_magnet[tick=7860] sensor4: d=0.5249m in_range=False f_mag=0.000N tau_mag=0.0000Nm misalign_deg=90.0 pos=[-0.1090004   0.10899875  0.49140227] bottom_world=[-0.10900024  0.10899904  0.47140227] quat=[ 3.8268274e-01 -1.0045462e-06 -8.0693972e-06  9.2387986e-01] speed=0.0005 ang_speed=0.0036 ang_vel_vec=[-0.00085852  0.00341104  0.00056249] |com_force|=0.0000N
### kotek_magnet[tick=7920] sensor1: d=0.4323m in_range=False f_mag=0.000N tau_mag=0.0000Nm misalign_deg=91.5 pos=[0.12484279 0.11000612 0.5790343 ] bottom_world=[0.12432802 0.10927584 0.5590543 ] quat=[ 0.99847776 -0.01758884  0.01377713  0.05042964] speed=0.1073 ang_speed=7.6493 ang_vel_vec=[2.3280694 1.1320461 7.197904 ] |com_force|=0.0000N
### kotek_magnet[tick=7920] sensor2: d=0.3208m in_range=False f_mag=0.000N tau_mag=0.0000Nm misalign_deg=90.0 pos=[ 0.10902437 -0.1090474   0.4914011 ] bottom_world=[ 0.1090246  -0.10904703  0.47140111] quat=[ 9.2300099e-01  1.0706071e-05 -1.7471805e-06 -3.8479781e-01] speed=0.0009 ang_speed=0.0026 ang_vel_vec=[-0.00152377  0.00193016 -0.00081094] |com_force|=0.0000N
### kotek_magnet[tick=7920] sensor3: d=0.5470m in_range=False f_mag=0.000N tau_mag=0.0000Nm misalign_deg=90.0 pos=[-0.10910818 -0.10914578  0.49140114] bottom_world=[-0.10910792 -0.10914589  0.47140114] quat=[-3.8058400e-01 -4.8227676e-06  5.1976467e-06  9.2474639e-01] speed=0.0010 ang_speed=0.0025 ang_vel_vec=[ 0.00184501  0.00140072 -0.00083698] |com_force|=0.0000N
### kotek_magnet[tick=7920] sensor4: d=0.5249m in_range=False f_mag=0.000N tau_mag=0.0000Nm misalign_deg=90.0 pos=[-0.1090004   0.10899874  0.4914022 ] bottom_world=[-0.10900023  0.10899903  0.47140221] quat=[ 3.8268268e-01 -1.0640806e-06 -8.2085207e-06  9.2387980e-01] speed=0.0005 ang_speed=0.0038 ang_vel_vec=[-0.00083956  0.00370035  0.0005338 ] |com_force|=0.0000N
### kotek_magnet[tick=7980] sensor1: d=0.4300m in_range=False f_mag=0.000N tau_mag=0.0000Nm misalign_deg=91.1 pos=[0.12926704 0.11270245 0.5772332 ] bottom_world=[0.12886904 0.11163013 0.55726593] quat=[ 0.9971538  -0.0260589   0.01180123  0.06975643] speed=0.0974 ang_speed=7.5986 ang_vel_vec=[2.3065848 1.2446736 7.1322913] |com_force|=0.0000N
### kotek_magnet[tick=7980] sensor2: d=0.3208m in_range=False f_mag=0.000N tau_mag=0.0000Nm misalign_deg=90.0 pos=[ 0.10902438 -0.10904739  0.49140108] bottom_world=[ 0.10902461 -0.10904702  0.47140108] quat=[ 9.2300087e-01  1.0679433e-05 -1.6566869e-06 -3.8479802e-01] speed=0.0009 ang_speed=0.0024 ang_vel_vec=[-0.00142413  0.00172065 -0.0007453 ] |com_force|=0.0000N
### kotek_magnet[tick=7980] sensor3: d=0.5470m in_range=False f_mag=0.000N tau_mag=0.0000Nm misalign_deg=90.0 pos=[-0.10910819 -0.10914581  0.49140102] bottom_world=[-0.10910793 -0.10914592  0.47140102] quat=[-3.805840e-01 -4.880498e-06  5.140051e-06  9.247464e-01] speed=0.0010 ang_speed=0.0023 ang_vel_vec=[ 0.00171129  0.0013396  -0.00076976] |com_force|=0.0000N
### kotek_magnet[tick=7980] sensor4: d=0.5249m in_range=False f_mag=0.000N tau_mag=0.0000Nm misalign_deg=90.0 pos=[-0.10900044  0.10899845  0.49140233] bottom_world=[-0.10900023  0.10899877  0.47140233] quat=[ 3.8268274e-01 -1.5852556e-06 -9.4130492e-06  9.2387986e-01] speed=0.0008 ang_speed=0.0026 ang_vel_vec=[0.00103756 0.00229105 0.00074591] |com_force|=0.0000N
### kotek_magnet[tick=8040] sensor1: d=0.4248m in_range=False f_mag=0.000N tau_mag=0.0000Nm misalign_deg=90.2 pos=[0.13969931 0.11735497 0.57503563] bottom_world=[0.13962291 0.1157131  0.55510329] quat=[ 0.9933213  -0.04063549  0.00633292  0.10780288] speed=0.0894 ang_speed=7.4483 ang_vel_vec=[2.2961178 1.4884045 6.9274287] |com_force|=0.0000N
### kotek_magnet[tick=8040] sensor2: d=0.3208m in_range=False f_mag=0.000N tau_mag=0.0000Nm misalign_deg=90.0 pos=[ 0.10902467 -0.10904667  0.4914011 ] bottom_world=[ 0.10902465 -0.10904651  0.47140111] quat=[ 9.2300081e-01  3.5259127e-06  2.0642840e-06 -3.8479805e-01] speed=0.0004 ang_speed=0.0024 ang_vel_vec=[-0.00209022 -0.00107726 -0.00065895] |com_force|=0.0000N
### kotek_magnet[tick=8040] sensor3: d=0.5470m in_range=False f_mag=0.000N tau_mag=0.0000Nm misalign_deg=90.0 pos=[-0.10910819 -0.10914573  0.4914011 ] bottom_world=[-0.10910793 -0.10914585  0.47140111] quat=[-3.8058394e-01 -5.0651474e-06  5.3296194e-06  9.2474633e-01] speed=0.0010 ang_speed=0.0026 ang_vel_vec=[ 0.00187817  0.00164107 -0.00076721] |com_force|=0.0000N
### kotek_magnet[tick=8040] sensor4: d=0.5249m in_range=False f_mag=0.000N tau_mag=0.0000Nm misalign_deg=90.0 pos=[-0.10900038  0.10899851  0.49140218] bottom_world=[-0.10900019  0.10899883  0.47140218] quat=[ 3.8268292e-01 -1.5137458e-06 -9.2820937e-06  9.2387974e-01] speed=0.0008 ang_speed=0.0025 ang_vel_vec=[0.00114468 0.0020753  0.00073379] |com_force|=0.0000N
### kotek_magnet[tick=8100] sensor1: d=0.4190m in_range=False f_mag=0.000N tau_mag=0.0000Nm misalign_deg=89.1 pos=[0.15055056 0.12130477 0.572662  ] bottom_world=[0.15086353 0.1190684  0.55278989] quat=[ 9.8757094e-01 -5.6542616e-02  4.7353681e-04  1.4665103e-01] speed=0.0811 ang_speed=7.5132 ang_vel_vec=[1.7816465 1.8996989 7.047335 ] |com_force|=0.0000N
### kotek_magnet[tick=8100] sensor2: d=0.3208m in_range=False f_mag=0.000N tau_mag=0.0000Nm misalign_deg=90.0 pos=[ 0.10902467 -0.10904671  0.49140114] bottom_world=[ 0.10902466 -0.10904655  0.47140114] quat=[ 9.2300081e-01  3.4863288e-06  1.7853624e-06 -3.8479814e-01] speed=0.0004 ang_speed=0.0023 ang_vel_vec=[-0.00220373 -0.00035573 -0.00069259] |com_force|=0.0000N
### kotek_magnet[tick=8100] sensor3: d=0.5470m in_range=False f_mag=0.000N tau_mag=0.0000Nm misalign_deg=90.0 pos=[-0.10910819 -0.10914574  0.49140117] bottom_world=[-0.10910792 -0.10914588  0.47140117] quat=[-3.8058406e-01 -4.9311311e-06  5.7900452e-06  9.2474645e-01] speed=0.0010 ang_speed=0.0029 ang_vel_vec=[ 0.0021439   0.001758   -0.00080171] |com_force|=0.0000N
### kotek_magnet[tick=8100] sensor4: d=0.5249m in_range=False f_mag=0.000N tau_mag=0.0000Nm misalign_deg=90.0 pos=[-0.10900033  0.10899958  0.4914023 ] bottom_world=[-0.10900031  0.10899964  0.4714023 ] quat=[ 3.8268232e-01  2.8129389e-08 -1.5039914e-06  9.2388004e-01] speed=0.0005 ang_speed=0.0021 ang_vel_vec=[ 0.00137868  0.00140449 -0.00071011] |com_force|=0.0000N
### kotek_magnet[tick=8160] sensor1: d=0.4127m in_range=False f_mag=0.000N tau_mag=0.0000Nm misalign_deg=87.9 pos=[0.16167206 0.12439077 0.5701078 ] bottom_world=[0.16241456 0.12154499 0.55032524] quat=[ 0.97982424 -0.0735572  -0.00499907  0.18576562] speed=0.0813 ang_speed=7.4605 ang_vel_vec=[1.6218548 2.096707  6.9736466] |com_force|=0.0000N
### kotek_magnet[tick=8160] sensor2: d=0.3208m in_range=False f_mag=0.000N tau_mag=0.0000Nm misalign_deg=90.0 pos=[ 0.10902471 -0.10904666  0.49140102] bottom_world=[ 0.10902469 -0.1090465   0.47140102] quat=[ 9.2300087e-01  3.5263045e-06  2.1487913e-06 -3.8479796e-01] speed=0.0004 ang_speed=0.0027 ang_vel_vec=[-0.00234656 -0.00106569 -0.00091483] |com_force|=0.0000N
### kotek_magnet[tick=8160] sensor3: d=0.5470m in_range=False f_mag=0.000N tau_mag=0.0000Nm misalign_deg=90.0 pos=[-0.10910749 -0.10914605  0.49140102] bottom_world=[-0.10910744 -0.10914592  0.47140102] quat=[-3.8058391e-01 -2.5983134e-06 -2.5014451e-06  9.2474639e-01] speed=0.0004 ang_speed=0.0028 ang_vel_vec=[-0.00157169  0.00214391 -0.00095399] |com_force|=0.0000N
### kotek_magnet[tick=8160] sensor4: d=0.5249m in_range=False f_mag=0.000N tau_mag=0.0000Nm misalign_deg=90.0 pos=[-0.10900008  0.10900023  0.4914023 ] bottom_world=[-0.10900029  0.1090001   0.4714023 ] quat=[3.8268209e-01 3.5678765e-06 4.9250666e-06 9.2388016e-01] speed=0.0011 ang_speed=0.0012 ang_vel_vec=[ 0.0003805  -0.00057327 -0.00098289] |com_force|=0.0000N
### kotek_magnet[tick=8220] sensor1: d=0.4058m in_range=False f_mag=0.000N tau_mag=0.0000Nm misalign_deg=86.5 pos=[0.17290016 0.12652114 0.5673592 ] bottom_world=[0.17413306 0.1230502  0.54770132] quat=[ 0.9702462  -0.09187432 -0.01057943  0.22376223] speed=0.0746 ang_speed=7.4868 ang_vel_vec=[3.0246496 1.9902562 6.553033 ] |com_force|=0.0000N
### kotek_magnet[tick=8220] sensor2: d=0.3208m in_range=False f_mag=0.000N tau_mag=0.0000Nm misalign_deg=90.0 pos=[ 0.10902467 -0.10904583  0.49140114] bottom_world=[ 0.10902452 -0.10904591  0.47140114] quat=[ 9.2300057e-01 -3.1810725e-06  2.7646274e-06 -3.8479856e-01] speed=0.0007 ang_speed=0.0042 ang_vel_vec=[ 0.00157442 -0.00381589  0.0004888 ] |com_force|=0.0000N
### kotek_magnet[tick=8220] sensor3: d=0.5470m in_range=False f_mag=0.000N tau_mag=0.0000Nm misalign_deg=90.0 pos=[-0.1091081  -0.10914565  0.49140114] bottom_world=[-0.10910782 -0.1091458   0.47140114] quat=[-3.8058373e-01 -4.8806864e-06  6.0785105e-06  9.2474651e-01] speed=0.0010 ang_speed=0.0045 ang_vel_vec=[ 0.00308312  0.00323084 -0.00057968] |com_force|=0.0000N
### kotek_magnet[tick=8220] sensor4: d=0.5249m in_range=False f_mag=0.000N tau_mag=0.0000Nm misalign_deg=90.0 pos=[-0.10900041  0.10899848  0.49140224] bottom_world=[-0.10900022  0.1089988   0.47140224] quat=[ 3.8268292e-01 -1.5165340e-06 -9.1791344e-06  9.2387980e-01] speed=0.0008 ang_speed=0.0026 ang_vel_vec=[0.00094926 0.00239231 0.00059753] |com_force|=0.0000N
### kotek_magnet[tick=8280] sensor1: d=0.3986m in_range=False f_mag=0.000N tau_mag=0.0000Nm misalign_deg=85.1 pos=[0.18397337 0.12774985 0.56450135] bottom_world=[0.1856975  0.12368669 0.54499447] quat=[ 0.9589341  -0.11001325 -0.01500669  0.26099277] speed=0.0787 ang_speed=7.7687 ang_vel_vec=[1.1380631  0.97367483 7.622961  ] |com_force|=0.0000N
### kotek_magnet[tick=8280] sensor2: d=0.3208m in_range=False f_mag=0.000N tau_mag=0.0000Nm misalign_deg=90.0 pos=[ 0.1090247 -0.1090458  0.4914011] bottom_world=[ 0.10902455 -0.10904587  0.47140111] quat=[ 9.2300057e-01 -3.1184697e-06  2.7783126e-06 -3.8479862e-01] speed=0.0007 ang_speed=0.0041 ang_vel_vec=[ 0.00147756 -0.00375755  0.00043925] |com_force|=0.0000N
### kotek_magnet[tick=8280] sensor3: d=0.5470m in_range=False f_mag=0.000N tau_mag=0.0000Nm misalign_deg=90.0 pos=[-0.10910818 -0.1091457   0.49140117] bottom_world=[-0.1091079  -0.10914584  0.47140117] quat=[-3.8058406e-01 -5.0841354e-06  5.7866118e-06  9.2474633e-01] speed=0.0010 ang_speed=0.0031 ang_vel_vec=[ 0.00222202  0.00198141 -0.00090914] |com_force|=0.0000N
### kotek_magnet[tick=8280] sensor4: d=0.5249m in_range=False f_mag=0.000N tau_mag=0.0000Nm misalign_deg=90.0 pos=[-0.10900015  0.10899858  0.49140227] bottom_world=[-0.10900006  0.10899887  0.47140227] quat=[ 3.8268304e-01  8.4930582e-07 -7.3753808e-06  9.2387974e-01] speed=0.0009 ang_speed=0.0016 ang_vel_vec=[-0.00022958 -0.00085718  0.00129164] |com_force|=0.0000N
### kotek_magnet[tick=8340] sensor1: d=0.3907m in_range=False f_mag=0.000N tau_mag=0.0000Nm misalign_deg=83.5 pos=[0.19512536 0.12801248 0.5613406 ] bottom_world=[0.19739804 0.12337408 0.54201908] quat=[ 0.9454424  -0.12878494 -0.01941838  0.2986235 ] speed=0.0859 ang_speed=8.3174 ang_vel_vec=[-0.28981835  1.7398444   8.128235  ] |com_force|=0.0000N
### kotek_magnet[tick=8340] sensor2: d=0.3208m in_range=False f_mag=0.000N tau_mag=0.0000Nm misalign_deg=90.0 pos=[ 0.10902473 -0.10904554  0.49140102] bottom_world=[ 0.10902453 -0.10904566  0.47140102] quat=[ 9.2300051e-01 -4.7215835e-06  3.4968941e-06 -3.8479891e-01] speed=0.0010 ang_speed=0.0028 ang_vel_vec=[-0.00039825 -0.00262189  0.00077608] |com_force|=0.0000N
### kotek_magnet[tick=8340] sensor3: d=0.5470m in_range=False f_mag=0.000N tau_mag=0.0000Nm misalign_deg=90.0 pos=[-0.10910642 -0.10914584  0.4914011 ] bottom_world=[-0.10910663 -0.10914563  0.47140111] quat=[-3.8058278e-01  2.9251164e-06 -6.8144655e-06  9.2474681e-01] speed=0.0011 ang_speed=0.0032 ang_vel_vec=[ 2.8141567e-03 -7.9634163e-05  1.4820538e-03] |com_force|=0.0000N
### kotek_magnet[tick=8340] sensor4: d=0.5249m in_range=False f_mag=0.000N tau_mag=0.0000Nm misalign_deg=90.0 pos=[-0.10900013  0.10899859  0.49140227] bottom_world=[-0.10900004  0.10899888  0.47140227] quat=[ 3.8268307e-01  7.0399324e-07 -7.5844437e-06  9.2387974e-01] speed=0.0009 ang_speed=0.0016 ang_vel_vec=[-0.00063672 -0.00029441  0.00142502] |com_force|=0.0000N
### kotek_magnet[tick=8400] sensor1: d=0.3824m in_range=False f_mag=0.000N tau_mag=0.0000Nm misalign_deg=81.7 pos=[0.20616993 0.12739414 0.55797154] bottom_world=[0.20904583 0.12218476 0.53887726] quat=[ 0.92964095 -0.14861858 -0.02356937  0.33634007] speed=0.0717 ang_speed=8.4346 ang_vel_vec=[-0.07041186  3.0857208   7.8496103 ] |com_force|=0.0000N
### kotek_magnet[tick=8400] sensor2: d=0.3208m in_range=False f_mag=0.000N tau_mag=0.0000Nm misalign_deg=90.0 pos=[ 0.10902469 -0.10904641  0.491401  ] bottom_world=[ 0.10902465 -0.10904631  0.47140099] quat=[ 9.2300075e-01  1.7226300e-06  1.8557168e-06 -3.8479835e-01] speed=0.0002 ang_speed=0.0011 ang_vel_vec=[ 0.00023509 -0.00099956 -0.0004875 ] |com_force|=0.0000N
### kotek_magnet[tick=8400] sensor3: d=0.5470m in_range=False f_mag=0.000N tau_mag=0.0000Nm misalign_deg=90.0 pos=[-0.10910638 -0.10914583  0.4914012 ] bottom_world=[-0.10910659 -0.10914561  0.4714012 ] quat=[-3.8058293e-01  2.9181374e-06 -7.1288860e-06  9.2474681e-01] speed=0.0011 ang_speed=0.0030 ang_vel_vec=[ 2.7289728e-03 -2.8035254e-05  1.3491660e-03] |com_force|=0.0000N
### kotek_magnet[tick=8400] sensor4: d=0.5249m in_range=False f_mag=0.000N tau_mag=0.0000Nm misalign_deg=90.0 pos=[-0.10900013  0.10899859  0.49140218] bottom_world=[-0.10900006  0.10899887  0.47140218] quat=[ 3.8268307e-01  9.5334525e-07 -7.1821032e-06  9.2387980e-01] speed=0.0008 ang_speed=0.0020 ang_vel_vec=[ 0.00012622 -0.0015258   0.00125435] |com_force|=0.0000N
### kotek_magnet[tick=8460] sensor1: d=0.3736m in_range=False f_mag=0.000N tau_mag=0.0000Nm misalign_deg=80.0 pos=[0.21697597 0.12572804 0.5544341 ] bottom_world=[0.22044481 0.11998304 0.53559368] quat=[ 0.9122718  -0.1682066  -0.0263745   0.37252006] speed=0.0714 ang_speed=7.9322 ang_vel_vec=[0.21912935 2.3313637  7.578677  ] |com_force|=0.0000N
### kotek_magnet[tick=8460] sensor2: d=0.3208m in_range=False f_mag=0.000N tau_mag=0.0000Nm misalign_deg=90.0 pos=[ 0.10902452 -0.10904563  0.49140114] bottom_world=[ 0.10902442 -0.10904572  0.47140114] quat=[ 9.2300051e-01 -2.9602566e-06  1.3898053e-06 -3.8479894e-01] speed=0.0010 ang_speed=0.0027 ang_vel_vec=[-0.00011197  0.00222722  0.00146705] |com_force|=0.0000N
### kotek_magnet[tick=8460] sensor3: d=0.5470m in_range=False f_mag=0.000N tau_mag=0.0000Nm misalign_deg=90.0 pos=[-0.10910815 -0.10914575  0.49140105] bottom_world=[-0.10910788 -0.10914588  0.47140105] quat=[-3.8058394e-01 -4.9523806e-06  5.6819154e-06  9.2474639e-01] speed=0.0010 ang_speed=0.0032 ang_vel_vec=[ 0.00233553  0.00205773 -0.00083923] |com_force|=0.0000N
### kotek_magnet[tick=8460] sensor4: d=0.5249m in_range=False f_mag=0.000N tau_mag=0.0000Nm misalign_deg=90.0 pos=[-0.10900039  0.10899846  0.49140227] bottom_world=[-0.10900019  0.10899878  0.47140227] quat=[ 3.8268304e-01 -1.5977762e-06 -9.3049184e-06  9.2387980e-01] speed=0.0008 ang_speed=0.0028 ang_vel_vec=[0.00082531 0.00257452 0.00066697] |com_force|=0.0000N
### kotek_magnet[tick=8520] sensor1: d=0.3644m in_range=False f_mag=0.000N tau_mag=0.0000Nm misalign_deg=78.1 pos=[0.22753793 0.12320187 0.55074567] bottom_world=[0.23165248 0.11696063 0.53219526] quat=[ 0.89261526 -0.18812902 -0.02910997  0.40865403] speed=0.0702 ang_speed=7.9334 ang_vel_vec=[-0.17095822  2.5931714   7.495707  ] |com_force|=0.0000N
### kotek_magnet[tick=8520] sensor2: d=0.3208m in_range=False f_mag=0.000N tau_mag=0.0000Nm misalign_deg=90.0 pos=[ 0.10902452 -0.10904564  0.4914011 ] bottom_world=[ 0.10902443 -0.10904573  0.47140111] quat=[ 9.2300051e-01 -2.9092882e-06  1.4058179e-06 -3.8479897e-01] speed=0.0011 ang_speed=0.0028 ang_vel_vec=[-0.00043709  0.00248758  0.00124262] |com_force|=0.0000N
### kotek_magnet[tick=8520] sensor3: d=0.5470m in_range=False f_mag=0.000N tau_mag=0.0000Nm misalign_deg=90.0 pos=[-0.10910748 -0.10914606  0.49140117] bottom_world=[-0.10910742 -0.10914594  0.47140117] quat=[-3.8058379e-01 -2.4912977e-06 -2.1977273e-06  9.2474651e-01] speed=0.0004 ang_speed=0.0032 ang_vel_vec=[ 0.00016412  0.00308719 -0.00098026] |com_force|=0.0000N
### kotek_magnet[tick=8520] sensor4: d=0.5249m in_range=False f_mag=0.000N tau_mag=0.0000Nm misalign_deg=90.0 pos=[-0.10900034  0.10899876  0.49140236] bottom_world=[-0.10900019  0.10899904  0.47140236] quat=[ 3.8268268e-01 -8.4624787e-07 -7.8252560e-06  9.2387980e-01] speed=0.0005 ang_speed=0.0035 ang_vel_vec=[-0.00092766  0.00334918  0.00027081] |com_force|=0.0000N
### kotek_magnet[tick=8580] sensor1: d=0.3548m in_range=False f_mag=0.000N tau_mag=0.0000Nm misalign_deg=76.2 pos=[0.23772532 0.11972418 0.54684675] bottom_world=[0.2425074  0.11303456 0.52861544] quat=[ 0.87160873 -0.20789994 -0.03154143  0.44281042] speed=0.0683 ang_speed=7.0186 ang_vel_vec=[-0.2287859  3.815714   5.886372 ] |com_force|=0.0000N
### kotek_magnet[tick=8580] sensor2: d=0.3208m in_range=False f_mag=0.000N tau_mag=0.0000Nm misalign_deg=90.0 pos=[ 0.10902452 -0.1090456   0.49140108] bottom_world=[ 0.10902442 -0.10904569  0.47140108] quat=[ 9.2300045e-01 -2.9443040e-06  1.4198968e-06 -3.8479894e-01] speed=0.0011 ang_speed=0.0026 ang_vel_vec=[-9.1782167e-05  2.2289206e-03  1.3434314e-03] |com_force|=0.0000N
### kotek_magnet[tick=8580] sensor3: d=0.5470m in_range=False f_mag=0.000N tau_mag=0.0000Nm misalign_deg=90.0 pos=[-0.10910723 -0.10914604  0.491401  ] bottom_world=[-0.10910725 -0.10914588  0.47140099] quat=[-3.8058361e-01 -9.4054474e-07 -3.8584985e-06  9.2474645e-01] speed=0.0001 ang_speed=0.0021 ang_vel_vec=[-0.00177894 -0.00088366 -0.00051285] |com_force|=0.0000N
### kotek_magnet[tick=8580] sensor4: d=0.5249m in_range=False f_mag=0.000N tau_mag=0.0000Nm misalign_deg=90.0 pos=[-0.10900033  0.10899881  0.49140233] bottom_world=[-0.10900018  0.10899909  0.47140233] quat=[ 3.8268268e-01 -8.1853818e-07 -7.8310177e-06  9.2387986e-01] speed=0.0005 ang_speed=0.0035 ang_vel_vec=[-0.00091606  0.00332931  0.00039129] |com_force|=0.0000N
### still playing, 1249s left
### kotek_magnet[tick=8640] sensor1: d=0.3446m in_range=False f_mag=0.000N tau_mag=0.0000Nm misalign_deg=74.1 pos=[0.24772163 0.1152327  0.54271704] bottom_world=[0.25319339 0.10814663 0.52483276] quat=[ 0.8481313  -0.22757156 -0.03322888  0.4772634 ] speed=0.0625 ang_speed=7.6222 ang_vel_vec=[-1.4366726  3.883581   6.399371 ] |com_force|=0.0000N
### kotek_magnet[tick=8640] sensor2: d=0.3208m in_range=False f_mag=0.000N tau_mag=0.0000Nm misalign_deg=90.0 pos=[ 0.10902451 -0.1090456   0.4914011 ] bottom_world=[ 0.10902442 -0.10904569  0.47140111] quat=[ 9.2300045e-01 -2.7997537e-06  1.3064055e-06 -3.8479891e-01] speed=0.0010 ang_speed=0.0030 ang_vel_vec=[-0.00032942  0.00257382  0.00141674] |com_force|=0.0000N
### kotek_magnet[tick=8640] sensor3: d=0.5470m in_range=False f_mag=0.000N tau_mag=0.0000Nm misalign_deg=90.0 pos=[-0.10910816 -0.10914572  0.49140108] bottom_world=[-0.10910789 -0.10914585  0.47140108] quat=[-3.8058403e-01 -4.9504242e-06  5.5621040e-06  9.2474639e-01] speed=0.0010 ang_speed=0.0032 ang_vel_vec=[ 0.00227453  0.00199307 -0.0009001 ] |com_force|=0.0000N
### kotek_magnet[tick=8640] sensor4: d=0.5249m in_range=False f_mag=0.000N tau_mag=0.0000Nm misalign_deg=90.0 pos=[-0.10900015  0.10899856  0.49140236] bottom_world=[-0.10900007  0.10899885  0.47140236] quat=[ 3.8268307e-01  8.8186135e-07 -7.3862489e-06  9.2387974e-01] speed=0.0009 ang_speed=0.0018 ang_vel_vec=[-0.00015932 -0.00112554  0.00133849] |com_force|=0.0000N
### kotek_magnet[tick=8700] sensor1: d=0.3341m in_range=False f_mag=0.000N tau_mag=0.0000Nm misalign_deg=72.0 pos=[0.25721952 0.10992543 0.5383895 ] bottom_world=[0.26339113 0.10248571 0.5208806 ] quat=[ 0.8226678  -0.2472218  -0.03403974  0.51082337] speed=0.0714 ang_speed=7.3962 ang_vel_vec=[-1.336313  4.213137  5.930228] |com_force|=0.0000N
### kotek_magnet[tick=8700] sensor2: d=0.3208m in_range=False f_mag=0.000N tau_mag=0.0000Nm misalign_deg=90.0 pos=[ 0.1090247  -0.10904641  0.491401  ] bottom_world=[ 0.10902464 -0.10904632  0.47140099] quat=[ 9.2300075e-01  1.4443589e-06  2.0562977e-06 -3.8479826e-01] speed=0.0002 ang_speed=0.0010 ang_vel_vec=[ 8.5340835e-05 -9.4730745e-04 -4.3879557e-04] |com_force|=0.0000N
### kotek_magnet[tick=8700] sensor3: d=0.5470m in_range=False f_mag=0.000N tau_mag=0.0000Nm misalign_deg=90.0 pos=[-0.10910635 -0.1091461   0.49140117] bottom_world=[-0.10910658 -0.10914579  0.47140117] quat=[-3.8058320e-01  2.3008927e-06 -9.5474670e-06  9.2474681e-01] speed=0.0010 ang_speed=0.0033 ang_vel_vec=[-0.00320917  0.00028232  0.00066488] |com_force|=0.0000N
### kotek_magnet[tick=8700] sensor4: d=0.5249m in_range=False f_mag=0.000N tau_mag=0.0000Nm misalign_deg=90.0 pos=[-0.10900036  0.10899878  0.49140233] bottom_world=[-0.1090002   0.10899906  0.47140233] quat=[ 3.8268268e-01 -8.2696067e-07 -7.8920630e-06  9.2387992e-01] speed=0.0005 ang_speed=0.0040 ang_vel_vec=[-0.00117761  0.00376802  0.0003767 ] |com_force|=0.0000N
### kotek_magnet[tick=8760] sensor1: d=0.3232m in_range=False f_mag=0.000N tau_mag=0.0000Nm misalign_deg=69.9 pos=[0.26634863 0.10378342 0.5339577 ] bottom_world=[0.273219   0.09604426 0.5168433 ] quat=[ 0.79802114 -0.2662669  -0.0352341   0.5394654 ] speed=0.1173 ang_speed=8.9824 ang_vel_vec=[-2.0518785  5.0501623  7.1392136] |com_force|=0.0000N
### kotek_magnet[tick=8760] sensor2: d=0.3208m in_range=False f_mag=0.000N tau_mag=0.0000Nm misalign_deg=90.0 pos=[ 0.10902452 -0.10904561  0.49140105] bottom_world=[ 0.10902443 -0.1090457   0.47140105] quat=[ 9.2300051e-01 -2.9044973e-06  1.2384404e-06 -3.8479897e-01] speed=0.0010 ang_speed=0.0030 ang_vel_vec=[-0.00013792  0.00267973  0.00137896] |com_force|=0.0000N
### kotek_magnet[tick=8760] sensor3: d=0.5470m in_range=False f_mag=0.000N tau_mag=0.0000Nm misalign_deg=90.0 pos=[-0.10910664 -0.10914603  0.49140117] bottom_world=[-0.10910683 -0.10914578  0.47140117] quat=[-3.8058323e-01  2.0223579e-06 -7.5704975e-06  9.2474675e-01] speed=0.0007 ang_speed=0.0051 ang_vel_vec=[-0.00447871 -0.00239703  0.0004194 ] |com_force|=0.0000N
### kotek_magnet[tick=8760] sensor4: d=0.5249m in_range=False f_mag=0.000N tau_mag=0.0000Nm misalign_deg=90.0 pos=[-0.10900016  0.10899854  0.49140236] bottom_world=[-0.10900006  0.10899884  0.47140236] quat=[ 3.8268325e-01  6.0419995e-07 -7.7551185e-06  9.2387974e-01] speed=0.0009 ang_speed=0.0016 ang_vel_vec=[-0.00052774 -0.00073087  0.00126175] |com_force|=0.0000N
### kotek_magnet[tick=8820] sensor1: d=0.3118m in_range=False f_mag=0.000N tau_mag=0.0000Nm misalign_deg=67.7 pos=[0.27489933 0.09671735 0.5292662 ] bottom_world=[0.28249466 0.08875795 0.51256411] quat=[ 0.76833963 -0.28500283 -0.03495339  0.57201916] speed=0.0751 ang_speed=7.2608 ang_vel_vec=[-2.1078985  4.5020866  5.2922506] |com_force|=0.0000N
### kotek_magnet[tick=8820] sensor2: d=0.3208m in_range=False f_mag=0.000N tau_mag=0.0000Nm misalign_deg=90.0 pos=[ 0.10902454 -0.10904559  0.49140114] bottom_world=[ 0.10902445 -0.10904567  0.47140114] quat=[ 9.2300045e-01 -2.7010287e-06  1.3758040e-06 -3.8479888e-01] speed=0.0010 ang_speed=0.0026 ang_vel_vec=[-0.00030313  0.00207633  0.00146142] |com_force|=0.0000N
### kotek_magnet[tick=8820] sensor3: d=0.5470m in_range=False f_mag=0.000N tau_mag=0.0000Nm misalign_deg=90.0 pos=[-0.10910722 -0.10914601  0.491401  ] bottom_world=[-0.10910724 -0.10914585  0.47140099] quat=[-3.8058370e-01 -9.5067770e-07 -3.7233417e-06  9.2474657e-01] speed=0.0001 ang_speed=0.0011 ang_vel_vec=[-0.00097152 -0.00037698 -0.0003969 ] |com_force|=0.0000N
### kotek_magnet[tick=8820] sensor4: d=0.5249m in_range=False f_mag=0.000N tau_mag=0.0000Nm misalign_deg=90.0 pos=[-0.10900016  0.10899857  0.4914022 ] bottom_world=[-0.10900008  0.10899886  0.47140221] quat=[ 3.8268307e-01  8.9924492e-07 -7.2896128e-06  9.2387980e-01] speed=0.0009 ang_speed=0.0020 ang_vel_vec=[ 2.4208528e-05 -1.4653978e-03  1.3338564e-03] |com_force|=0.0000N
### kotek_magnet[tick=8880] sensor1: d=0.3001m in_range=False f_mag=0.000N tau_mag=0.0000Nm misalign_deg=65.4 pos=[0.28299117 0.08875965 0.5244704 ] bottom_world=[0.29131034 0.08064341 0.50819409] quat=[ 0.7377561  -0.3031584  -0.03445937  0.6021823 ] speed=0.0808 ang_speed=7.2302 ang_vel_vec=[-2.472985  4.550486  5.045143] |com_force|=0.0000N
### kotek_magnet[tick=8880] sensor2: d=0.3208m in_range=False f_mag=0.000N tau_mag=0.0000Nm misalign_deg=90.0 pos=[ 0.10902453 -0.10904563  0.49140102] bottom_world=[ 0.10902444 -0.10904571  0.47140102] quat=[ 9.2300045e-01 -2.7154340e-06  1.3541276e-06 -3.8479900e-01] speed=0.0010 ang_speed=0.0023 ang_vel_vec=[5.9806371e-05 1.5996154e-03 1.5899120e-03] |com_force|=0.0000N
### kotek_magnet[tick=8880] sensor3: d=0.5470m in_range=False f_mag=0.000N tau_mag=0.0000Nm misalign_deg=90.0 pos=[-0.10910641 -0.10914586  0.49140108] bottom_world=[-0.10910661 -0.10914566  0.47140108] quat=[-3.805829e-01  2.778264e-06 -6.814680e-06  9.247469e-01] speed=0.0011 ang_speed=0.0028 ang_vel_vec=[2.3212105e-03 2.4658375e-05 1.5981643e-03] |com_force|=0.0000N
### kotek_magnet[tick=8880] sensor4: d=0.5249m in_range=False f_mag=0.000N tau_mag=0.0000Nm misalign_deg=90.0 pos=[-0.10900015  0.10899852  0.49140224] bottom_world=[-0.10900006  0.10899881  0.47140224] quat=[ 3.8268298e-01  7.2643633e-07 -7.5897156e-06  9.2387980e-01] speed=0.0009 ang_speed=0.0017 ang_vel_vec=[-0.00041291 -0.00080948  0.0014499 ] |com_force|=0.0000N
### kotek_magnet[tick=8940] sensor1: d=0.2882m in_range=False f_mag=0.000N tau_mag=0.0000Nm misalign_deg=63.1 pos=[0.29044244 0.08022014 0.51960355] bottom_world=[0.29948563 0.0720238  0.50375929] quat=[ 0.7056365  -0.32055497 -0.03373404  0.63101804] speed=0.0827 ang_speed=7.2147 ang_vel_vec=[-2.9224901  4.541138   4.7843065] |com_force|=0.0000N
### kotek_magnet[tick=8940] sensor2: d=0.3208m in_range=False f_mag=0.000N tau_mag=0.0000Nm misalign_deg=90.0 pos=[ 0.10902452 -0.10904566  0.49140102] bottom_world=[ 0.10902444 -0.10904573  0.47140102] quat=[ 9.2300045e-01 -2.4448682e-06  1.2398636e-06 -3.8479882e-01] speed=0.0010 ang_speed=0.0024 ang_vel_vec=[-0.0002255   0.00191151  0.00135386] |com_force|=0.0000N
### kotek_magnet[tick=8940] sensor3: d=0.5470m in_range=False f_mag=0.000N tau_mag=0.0000Nm misalign_deg=90.0 pos=[-0.10910749 -0.10914609  0.49140108] bottom_world=[-0.10910743 -0.10914597  0.47140108] quat=[-3.8058379e-01 -2.4706401e-06 -2.2347488e-06  9.2474645e-01] speed=0.0004 ang_speed=0.0026 ang_vel_vec=[-0.00028602  0.00239045 -0.00089232] |com_force|=0.0000N
### kotek_magnet[tick=8940] sensor4: d=0.5249m in_range=False f_mag=0.000N tau_mag=0.0000Nm misalign_deg=90.0 pos=[-0.10900013  0.10899851  0.49140227] bottom_world=[-0.10900005  0.1089988   0.47140227] quat=[ 3.8268313e-01  8.3914574e-07 -7.4823206e-06  9.2387968e-01] speed=0.0009 ang_speed=0.0018 ang_vel_vec=[-8.5462845e-05 -1.3785890e-03  1.2115823e-03] |com_force|=0.0000N
### kotek_magnet[tick=9000] sensor1: d=0.2760m in_range=False f_mag=0.000N tau_mag=0.0000Nm misalign_deg=60.8 pos=[0.29729566 0.07095496 0.51465493] bottom_world=[0.30705021 0.0627493  0.49924338] quat=[ 0.67234266 -0.3371097  -0.03268229  0.658213  ] speed=0.0927 ang_speed=7.1499 ang_vel_vec=[-3.375257   4.4339037  4.4797873] |com_force|=0.0000N
### kotek_magnet[tick=9000] sensor2: d=0.3208m in_range=False f_mag=0.000N tau_mag=0.0000Nm misalign_deg=90.0 pos=[ 0.10902452 -0.10904563  0.4914011 ] bottom_world=[ 0.10902443 -0.10904571  0.47140111] quat=[ 9.2300045e-01 -2.6769296e-06  1.2810515e-06 -3.8479894e-01] speed=0.0010 ang_speed=0.0022 ang_vel_vec=[0.00010082 0.00165259 0.0014443 ] |com_force|=0.0000N
### kotek_magnet[tick=9000] sensor3: d=0.5470m in_range=False f_mag=0.000N tau_mag=0.0000Nm misalign_deg=90.0 pos=[-0.10910747 -0.10914607  0.4914011 ] bottom_world=[-0.10910743 -0.10914593  0.47140111] quat=[-3.8058376e-01 -2.1337437e-06 -2.6645496e-06  9.2474645e-01] speed=0.0004 ang_speed=0.0024 ang_vel_vec=[-0.00059244  0.0021426  -0.00079025] |com_force|=0.0000N
### kotek_magnet[tick=9000] sensor4: d=0.5249m in_range=False f_mag=0.000N tau_mag=0.0000Nm misalign_deg=90.0 pos=[-0.10900012  0.10899851  0.49140233] bottom_world=[-0.10900002  0.10899882  0.47140233] quat=[ 3.8268310e-01  4.4002962e-07 -8.0795235e-06  9.2387968e-01] speed=0.0009 ang_speed=0.0015 ang_vel_vec=[-7.7540200e-04  7.8567784e-05  1.3077314e-03] |com_force|=0.0000N
### kotek_magnet[tick=9060] sensor1: d=0.2638m in_range=False f_mag=0.000N tau_mag=0.0000Nm misalign_deg=58.5 pos=[0.3034897  0.06118408 0.50971645] bottom_world=[0.31394756 0.05304182 0.49473857] quat=[ 0.6378334  -0.35292977 -0.03151952  0.6838243 ] speed=0.0950 ang_speed=7.0999 ang_vel_vec=[-3.768423   4.305218   4.2039113] |com_force|=0.0000N
### kotek_magnet[tick=9060] sensor2: d=0.3208m in_range=False f_mag=0.000N tau_mag=0.0000Nm misalign_deg=90.0 pos=[ 0.10902452 -0.10904566  0.49140102] bottom_world=[ 0.10902443 -0.10904573  0.47140102] quat=[ 9.2300045e-01 -2.4698929e-06  1.3180411e-06 -3.8479891e-01] speed=0.0010 ang_speed=0.0023 ang_vel_vec=[-0.00015925  0.00176034  0.00143165] |com_force|=0.0000N
### kotek_magnet[tick=9060] sensor3: d=0.5470m in_range=False f_mag=0.000N tau_mag=0.0000Nm misalign_deg=90.0 pos=[-0.10910637 -0.10914589  0.49140102] bottom_world=[-0.10910657 -0.10914568  0.47140102] quat=[-3.8058293e-01  2.6796674e-06 -6.6279513e-06  9.2474687e-01] speed=0.0011 ang_speed=0.0030 ang_vel_vec=[0.00257883 0.0002764  0.00144144] |com_force|=0.0000N
### kotek_magnet[tick=9060] sensor4: d=0.5249m in_range=False f_mag=0.000N tau_mag=0.0000Nm misalign_deg=90.0 pos=[-0.10900014  0.1089985   0.4914023 ] bottom_world=[-0.10900005  0.1089988   0.4714023 ] quat=[ 3.8268307e-01  7.3338265e-07 -7.7856930e-06  9.2387968e-01] speed=0.0009 ang_speed=0.0016 ang_vel_vec=[-0.0003779  -0.00087929  0.00129364] |com_force|=0.0000N
### kotek_magnet[tick=9120] sensor1: d=0.2513m in_range=False f_mag=0.000N tau_mag=0.0000Nm misalign_deg=56.1 pos=[0.3091259  0.05075411 0.50469303] bottom_world=[0.32027796 0.04274784 0.49014892] quat=[ 0.601885   -0.3680826  -0.03020487  0.70805186] speed=0.1013 ang_speed=7.0217 ang_vel_vec=[-4.1967607  4.021643   3.9392428] |com_force|=0.0000N
### kotek_magnet[tick=9120] sensor2: d=0.3208m in_range=False f_mag=0.000N tau_mag=0.0000Nm misalign_deg=90.0 pos=[ 0.10902449 -0.10904565  0.49140105] bottom_world=[ 0.10902441 -0.10904572  0.47140105] quat=[ 9.2300051e-01 -2.4252656e-06  1.2691718e-06 -3.8479900e-01] speed=0.0010 ang_speed=0.0025 ang_vel_vec=[-0.00030221  0.00201679  0.00142811] |com_force|=0.0000N
### kotek_magnet[tick=9120] sensor3: d=0.5470m in_range=False f_mag=0.000N tau_mag=0.0000Nm misalign_deg=90.0 pos=[-0.1091064  -0.10914586  0.49140102] bottom_world=[-0.1091066  -0.10914566  0.47140102] quat=[-3.8058299e-01  2.6676546e-06 -6.6250736e-06  9.2474687e-01] speed=0.0011 ang_speed=0.0032 ang_vel_vec=[0.0028039  0.00035353 0.00143636] |com_force|=0.0000N
### kotek_magnet[tick=9120] sensor4: d=0.5249m in_range=False f_mag=0.000N tau_mag=0.0000Nm misalign_deg=90.0 pos=[-0.10900015  0.10899849  0.49140233] bottom_world=[-0.10900005  0.10899879  0.47140233] quat=[ 3.8268307e-01  6.4398978e-07 -7.8308849e-06  9.2387980e-01] speed=0.0009 ang_speed=0.0015 ang_vel_vec=[-0.00047054 -0.00059566  0.00129832] |com_force|=0.0000N
### kotek_magnet[tick=9180] sensor1: d=0.2387m in_range=False f_mag=0.000N tau_mag=0.0000Nm misalign_deg=53.7 pos=[0.3141039  0.03981078 0.49967468] bottom_world=[0.3259304  0.03200701 0.48555961] quat=[ 0.5650492  -0.38248488 -0.02878737  0.73047656] speed=0.1051 ang_speed=6.8850 ang_vel_vec=[-4.4922247  3.764107   3.6130908] |com_force|=0.0000N
### kotek_magnet[tick=9180] sensor2: d=0.3208m in_range=False f_mag=0.000N tau_mag=0.0000Nm misalign_deg=90.0 pos=[ 0.10902452 -0.1090457   0.49140105] bottom_world=[ 0.10902445 -0.10904576  0.47140105] quat=[ 9.2300045e-01 -2.2099885e-06  1.2333167e-06 -3.8479885e-01] speed=0.0010 ang_speed=0.0025 ang_vel_vec=[-0.00026802  0.00198682  0.0014308 ] |com_force|=0.0000N
### kotek_magnet[tick=9180] sensor3: d=0.5470m in_range=False f_mag=0.000N tau_mag=0.0000Nm misalign_deg=90.0 pos=[-0.10910666 -0.10914612  0.4914011 ] bottom_world=[-0.10910684 -0.10914586  0.47140111] quat=[-3.8058311e-01  1.7191093e-06 -7.6912911e-06  9.2474669e-01] speed=0.0007 ang_speed=0.0040 ang_vel_vec=[-0.00371359 -0.00152406  0.00046559] |com_force|=0.0000N
### kotek_magnet[tick=9180] sensor4: d=0.5249m in_range=False f_mag=0.000N tau_mag=0.0000Nm misalign_deg=90.0 pos=[-0.10900014  0.10899847  0.49140227] bottom_world=[-0.10900005  0.10899877  0.47140227] quat=[ 3.8268313e-01  7.3019532e-07 -7.8194953e-06  9.2387974e-01] speed=0.0009 ang_speed=0.0016 ang_vel_vec=[-0.00034965 -0.00081992  0.00129771] |com_force|=0.0000N
### kotek_magnet[tick=9240] sensor1: d=0.2262m in_range=False f_mag=0.000N tau_mag=0.0000Nm misalign_deg=51.4 pos=[0.31842592 0.02851468 0.4946733 ] bottom_world=[0.33090594 0.02098398 0.48097887] quat=[ 0.5272767  -0.39609116 -0.027398    0.751226  ] speed=0.1130 ang_speed=6.7115 ang_vel_vec=[-4.894321   3.2106612  3.2835193] |com_force|=0.0000N
### kotek_magnet[tick=9240] sensor2: d=0.3208m in_range=False f_mag=0.000N tau_mag=0.0000Nm misalign_deg=90.0 pos=[ 0.10902444 -0.10904742  0.49140105] bottom_world=[ 0.10902464 -0.10904706  0.47140105] quat=[ 9.2300093e-01  1.0267501e-05 -1.3114033e-06 -3.8479796e-01] speed=0.0010 ang_speed=0.0014 ang_vel_vec=[-0.00065769  0.00099744 -0.00077841] |com_force|=0.0000N
### kotek_magnet[tick=9240] sensor3: d=0.5470m in_range=False f_mag=0.000N tau_mag=0.0000Nm misalign_deg=90.0 pos=[-0.10910664 -0.10914613  0.4914011 ] bottom_world=[-0.10910682 -0.10914587  0.47140111] quat=[-3.8058335e-01  1.6920518e-06 -7.6938768e-06  9.2474663e-01] speed=0.0007 ang_speed=0.0041 ang_vel_vec=[-0.00380229 -0.00151816  0.00052437] |com_force|=0.0000N
### kotek_magnet[tick=9240] sensor4: d=0.5249m in_range=False f_mag=0.000N tau_mag=0.0000Nm misalign_deg=90.0 pos=[-0.10900015  0.10899846  0.49140233] bottom_world=[-0.10900007  0.10899876  0.47140233] quat=[ 3.8268310e-01  8.6606593e-07 -7.6841980e-06  9.2387980e-01] speed=0.0009 ang_speed=0.0020 ang_vel_vec=[-1.4742407e-05 -1.4498738e-03  1.3734285e-03] |com_force|=0.0000N
### kotek_magnet[tick=9300] sensor1: d=0.2136m in_range=False f_mag=0.000N tau_mag=0.0000Nm misalign_deg=49.0 pos=[0.32220137 0.01665229 0.4897677 ] bottom_world=[0.33531991 0.0094631  0.47649293] quat=[ 0.4902875  -0.40913895 -0.02713082  0.7690821 ] speed=0.0858 ang_speed=8.2005 ang_vel_vec=[-5.9235992  4.337417   3.6532576] |com_force|=0.0000N
### kotek_magnet[tick=9300] sensor2: d=0.3208m in_range=False f_mag=0.000N tau_mag=0.0000Nm misalign_deg=90.0 pos=[ 0.10902444 -0.10904741  0.49140096] bottom_world=[ 0.10902465 -0.10904705  0.47140096] quat=[ 9.2300087e-01  1.0270352e-05 -1.2926357e-06 -3.8479787e-01] speed=0.0010 ang_speed=0.0013 ang_vel_vec=[-0.00051405  0.00085808 -0.00088234] |com_force|=0.0000N
### kotek_magnet[tick=9300] sensor3: d=0.5470m in_range=False f_mag=0.000N tau_mag=0.0000Nm misalign_deg=90.0 pos=[-0.10910745 -0.10914611  0.4914011 ] bottom_world=[-0.1091074  -0.10914598  0.47140111] quat=[-3.8058391e-01 -2.4251751e-06 -2.6351527e-06  9.2474651e-01] speed=0.0004 ang_speed=0.0025 ang_vel_vec=[-0.00082247  0.00214592 -0.00085403] |com_force|=0.0000N
### kotek_magnet[tick=9300] sensor4: d=0.5249m in_range=False f_mag=0.000N tau_mag=0.0000Nm misalign_deg=90.0 pos=[-0.10900034  0.10899868  0.4914024 ] bottom_world=[-0.10900019  0.10899897  0.47140239] quat=[ 3.8268268e-01 -6.6503935e-07 -8.2045417e-06  9.2387980e-01] speed=0.0006 ang_speed=0.0043 ang_vel_vec=[-0.00147644  0.00400729  0.00037284] |com_force|=0.0000N
### kotek_magnet[tick=9360] sensor1: d=0.2010m in_range=False f_mag=0.000N tau_mag=0.0000Nm misalign_deg=46.7 pos=[0.32517654 0.00449988 0.4848101 ] bottom_world=[ 0.3388908  -0.00230832  0.4719428 ] quat=[ 0.4508117  -0.42152327 -0.02520655  0.78641695] speed=0.1373 ang_speed=6.2219 ang_vel_vec=[-4.965087   2.392963   2.8867326] |com_force|=0.0000N
### kotek_magnet[tick=9360] sensor2: d=0.3208m in_range=False f_mag=0.000N tau_mag=0.0000Nm misalign_deg=90.0 pos=[ 0.10902444 -0.10904741  0.49140105] bottom_world=[ 0.10902464 -0.10904707  0.47140105] quat=[ 9.2300081e-01  9.9188292e-06 -1.3204511e-06 -3.8479802e-01] speed=0.0010 ang_speed=0.0012 ang_vel_vec=[-0.00027391  0.00076908 -0.00083442] |com_force|=0.0000N
### kotek_magnet[tick=9360] sensor3: d=0.5470m in_range=False f_mag=0.000N tau_mag=0.0000Nm misalign_deg=90.0 pos=[-0.10910748 -0.10914613  0.49140102] bottom_world=[-0.10910744 -0.109146    0.47140102] quat=[-3.8058376e-01 -2.2272461e-06 -2.6009384e-06  9.2474645e-01] speed=0.0004 ang_speed=0.0023 ang_vel_vec=[-0.00052357  0.00209975 -0.00083155] |com_force|=0.0000N
### kotek_magnet[tick=9360] sensor4: d=0.5249m in_range=False f_mag=0.000N tau_mag=0.0000Nm misalign_deg=90.0 pos=[-0.10900012  0.10899846  0.49140236] bottom_world=[-0.10900002  0.10899877  0.47140236] quat=[ 3.8268313e-01  4.9180142e-07 -8.1748058e-06  9.2387968e-01] speed=0.0010 ang_speed=0.0015 ang_vel_vec=[-0.00061344 -0.00042101  0.00126623] |com_force|=0.0000N
### kotek_magnet[tick=9420] sensor1: d=0.1889m in_range=False f_mag=0.000N tau_mag=0.0000Nm misalign_deg=44.4 pos=[ 0.32744506 -0.00777322  0.47999972] bottom_world=[ 0.34174236 -0.0141304   0.46754285] quat=[ 0.41159248 -0.43357182 -0.02436835  0.8012574 ] speed=0.0990 ang_speed=8.1309 ang_vel_vec=[-6.635022   3.6196802  2.9975958] |com_force|=0.0000N
### kotek_magnet[tick=9420] sensor2: d=0.3208m in_range=False f_mag=0.000N tau_mag=0.0000Nm misalign_deg=90.0 pos=[ 0.10902442 -0.10904735  0.49140105] bottom_world=[ 0.10902462 -0.109047    0.47140105] quat=[ 9.2300093e-01  1.0015403e-05 -1.2924262e-06 -3.8479793e-01] speed=0.0010 ang_speed=0.0010 ang_vel_vec=[-0.00018487  0.00064779 -0.00070391] |com_force|=0.0000N
### kotek_magnet[tick=9420] sensor3: d=0.5470m in_range=False f_mag=0.000N tau_mag=0.0000Nm misalign_deg=90.0 pos=[-0.10910752 -0.10914587  0.49140102] bottom_world=[-0.10910744 -0.10914586  0.47140102] quat=[-3.8058367e-01 -1.9910087e-06  5.2842597e-07  9.2474651e-01] speed=0.0003 ang_speed=0.0029 ang_vel_vec=[ 0.00191161  0.002171   -0.00020112] |com_force|=0.0000N
### kotek_magnet[tick=9420] sensor4: d=0.5249m in_range=False f_mag=0.000N tau_mag=0.0000Nm misalign_deg=90.0 pos=[-0.10900013  0.10899849  0.4914024 ] bottom_world=[-0.10900003  0.1089988   0.47140239] quat=[ 3.8268316e-01  5.0353322e-07 -8.1416347e-06  9.2387974e-01] speed=0.0010 ang_speed=0.0016 ang_vel_vec=[-0.0005888  -0.0005703   0.00140634] |com_force|=0.0000N
### kotek_magnet[tick=9480] sensor1: d=0.1770m in_range=False f_mag=0.000N tau_mag=0.0000Nm misalign_deg=42.1 pos=[ 0.3291254  -0.02017362  0.47533998] bottom_world=[ 0.34395486 -0.02606217  0.46328128] quat=[ 0.37362278 -0.44495538 -0.0233934   0.8135561 ] speed=0.1098 ang_speed=8.2332 ang_vel_vec=[-7.042558  3.650115  2.205546] |com_force|=0.0000N
### kotek_magnet[tick=9480] sensor2: d=0.3208m in_range=False f_mag=0.000N tau_mag=0.0000Nm misalign_deg=90.0 pos=[ 0.10902434 -0.10904728  0.49140096] bottom_world=[ 0.10902456 -0.10904694  0.47140096] quat=[ 9.2300069e-01  9.9919525e-06 -1.8859989e-06 -3.8479817e-01] speed=0.0009 ang_speed=0.0024 ang_vel_vec=[-0.00160016  0.0016741  -0.00052479] |com_force|=0.0000N
### kotek_magnet[tick=9480] sensor3: d=0.5470m in_range=False f_mag=0.000N tau_mag=0.0000Nm misalign_deg=90.0 pos=[-0.10910696 -0.10914565  0.49140105] bottom_world=[-0.10910697 -0.10914564  0.47140105] quat=[-3.8058314e-01  8.3811088e-08 -3.0478935e-07  9.2474675e-01] speed=0.0007 ang_speed=0.0094 ang_vel_vec=[0.00799632 0.00479307 0.00129177] |com_force|=0.0000N
### kotek_magnet[tick=9480] sensor4: d=0.5249m in_range=False f_mag=0.000N tau_mag=0.0000Nm misalign_deg=90.0 pos=[-0.10900013  0.1089985   0.4914023 ] bottom_world=[-0.10900003  0.10899881  0.4714023 ] quat=[ 3.8268295e-01  5.1968760e-07 -8.1673270e-06  9.2387968e-01] speed=0.0010 ang_speed=0.0016 ang_vel_vec=[-0.00063066 -0.00074066  0.00124308] |com_force|=0.0000N
### kotek_magnet[tick=9540] sensor1: d=0.1652m in_range=False f_mag=0.000N tau_mag=0.0000Nm misalign_deg=39.9 pos=[ 0.3300312  -0.03312474  0.47061378] bottom_world=[ 0.34537957 -0.03848823  0.45896646] quat=[ 0.33254    -0.45646077 -0.02146026  0.82498497] speed=0.1589 ang_speed=6.9775 ang_vel_vec=[-6.285867   2.5991144  1.5550749] |com_force|=0.0000N
### kotek_magnet[tick=9540] sensor2: d=0.3208m in_range=False f_mag=0.000N tau_mag=0.0000Nm misalign_deg=90.0 pos=[ 0.1090242  -0.10904744  0.49140096] bottom_world=[ 0.10902453 -0.10904705  0.47140096] quat=[ 9.2300075e-01  1.2109425e-05 -3.7698142e-06 -3.8479823e-01] speed=0.0012 ang_speed=0.0132 ang_vel_vec=[-0.00597024  0.01174924 -0.00035219] |com_force|=0.0000N
### kotek_magnet[tick=9540] sensor3: d=0.5470m in_range=False f_mag=0.000N tau_mag=0.0000Nm misalign_deg=90.0 pos=[-0.10910665 -0.10914611  0.49140105] bottom_world=[-0.10910683 -0.10914584  0.47140105] quat=[-3.8058326e-01  1.6102233e-06 -7.8581943e-06  9.2474663e-01] speed=0.0007 ang_speed=0.0030 ang_vel_vec=[-0.00288752 -0.00081651  0.00043048] |com_force|=0.0000N
### kotek_magnet[tick=9540] sensor4: d=0.5249m in_range=False f_mag=0.000N tau_mag=0.0000Nm misalign_deg=90.0 pos=[-0.10900014  0.10899848  0.49140242] bottom_world=[-0.10900004  0.10899879  0.47140242] quat=[ 3.8268307e-01  5.9584863e-07 -8.2280521e-06  9.2387974e-01] speed=0.0010 ang_speed=0.0018 ang_vel_vec=[-0.00026008 -0.00127941  0.00122016] |com_force|=0.0000N
### kotek_magnet[tick=9600] sensor1: d=0.1541m in_range=False f_mag=0.000N tau_mag=0.0000Nm misalign_deg=37.7 pos=[ 0.330329   -0.04600896  0.46610785] bottom_world=[ 0.34616286 -0.05079586  0.4548662 ] quat=[ 0.29165226 -0.46750337 -0.01998895  0.83425415] speed=0.1432 ang_speed=8.0431 ang_vel_vec=[-7.4892945  2.3520756  1.7519345] |com_force|=0.0000N
### kotek_magnet[tick=9600] sensor2: d=0.3208m in_range=False f_mag=0.000N tau_mag=0.0000Nm misalign_deg=90.0 pos=[ 0.10902435 -0.10904729  0.49140093] bottom_world=[ 0.10902457 -0.10904695  0.47140093] quat=[ 9.2300081e-01  9.9971994e-06 -1.8756984e-06 -3.8479820e-01] speed=0.0009 ang_speed=0.0019 ang_vel_vec=[-0.00114913  0.00140685 -0.00057147] |com_force|=0.0000N
### kotek_magnet[tick=9600] sensor3: d=0.5470m in_range=False f_mag=0.000N tau_mag=0.0000Nm misalign_deg=90.0 pos=[-0.10910641 -0.10914594  0.49140102] bottom_world=[-0.1091066  -0.10914574  0.47140102] quat=[-3.8058302e-01  2.4754263e-06 -6.3320472e-06  9.2474687e-01] speed=0.0010 ang_speed=0.0027 ang_vel_vec=[0.00232894 0.00048154 0.00137013] |com_force|=0.0000N
### kotek_magnet[tick=9600] sensor4: d=0.5249m in_range=False f_mag=0.000N tau_mag=0.0000Nm misalign_deg=90.0 pos=[-0.10900031  0.10899869  0.4914023 ] bottom_world=[-0.10900017  0.10899898  0.4714023 ] quat=[ 3.8268271e-01 -5.7070974e-07 -8.0669288e-06  9.2387986e-01] speed=0.0006 ang_speed=0.0045 ang_vel_vec=[-0.00166138  0.00421049  0.00029939] |com_force|=0.0000N
### kotek_magnet[tick=9660] sensor1: d=0.1436m in_range=False f_mag=0.000N tau_mag=0.0000Nm misalign_deg=35.5 pos=[ 0.33001107 -0.05902192  0.46178478] bottom_world=[ 0.34629597 -0.0632172   0.45095881] quat=[ 0.25056264 -0.47857246 -0.01786462  0.8413487 ] speed=0.1517 ang_speed=8.1442 ang_vel_vec=[-7.729054   2.321101   1.0965629] |com_force|=0.0000N
### kotek_magnet[tick=9660] sensor2: d=0.3208m in_range=False f_mag=0.000N tau_mag=0.0000Nm misalign_deg=90.0 pos=[ 0.10902418 -0.10904747  0.4914009 ] bottom_world=[ 0.10902451 -0.10904708  0.4714009 ] quat=[ 9.2300069e-01  1.2162773e-05 -3.9343768e-06 -3.8479817e-01] speed=0.0012 ang_speed=0.0132 ang_vel_vec=[-0.00590589  0.01180304 -0.00026996] |com_force|=0.0000N
### kotek_magnet[tick=9660] sensor3: d=0.5470m in_range=False f_mag=0.000N tau_mag=0.0000Nm misalign_deg=90.0 pos=[-0.10910665 -0.10914614  0.49140114] bottom_world=[-0.10910683 -0.10914588  0.47140114] quat=[-3.8058326e-01  1.5257131e-06 -7.7028526e-06  9.2474669e-01] speed=0.0007 ang_speed=0.0025 ang_vel_vec=[-0.00240535 -0.00057065  0.00051253] |com_force|=0.0000N
### kotek_magnet[tick=9660] sensor4: d=0.5249m in_range=False f_mag=0.000N tau_mag=0.0000Nm misalign_deg=90.0 pos=[-0.10899993  0.10899895  0.4914022 ] bottom_world=[-0.10900001  0.10899908  0.47140221] quat=[ 3.8268292e-01  3.2233606e-06 -2.3570274e-06  9.2387980e-01] speed=0.0007 ang_speed=0.0086 ang_vel_vec=[ 0.00421961 -0.00737306  0.00122942] |com_force|=0.0000N
### kotek_magnet[tick=9720] sensor1: d=0.1341m in_range=False f_mag=0.000N tau_mag=0.0000Nm misalign_deg=33.5 pos=[ 0.32918507 -0.07168487  0.45780778] bottom_world=[ 0.34586924 -0.07528818  0.44738403] quat=[ 0.21027108 -0.4890597  -0.01506674  0.84639215] speed=0.1536 ang_speed=7.7312 ang_vel_vec=[-7.41954   0.832895  2.006865] |com_force|=0.0000N
### kotek_magnet[tick=9720] sensor2: d=0.3208m in_range=False f_mag=0.000N tau_mag=0.0000Nm misalign_deg=90.0 pos=[ 0.10902444 -0.10904736  0.491401  ] bottom_world=[ 0.10902462 -0.10904703  0.47140099] quat=[ 9.2300087e-01  9.3279732e-06 -1.0464480e-06 -3.8479802e-01] speed=0.0010 ang_speed=0.0009 ang_vel_vec=[ 5.854739e-04 -5.656146e-05 -7.073871e-04] |com_force|=0.0000N
### kotek_magnet[tick=9720] sensor3: d=0.5470m in_range=False f_mag=0.000N tau_mag=0.0000Nm misalign_deg=90.0 pos=[-0.10910664 -0.1091461   0.49140114] bottom_world=[-0.10910682 -0.10914582  0.47140114] quat=[-3.8058317e-01  1.6092773e-06 -7.9961246e-06  9.2474669e-01] speed=0.0007 ang_speed=0.0032 ang_vel_vec=[-0.00299087 -0.00085994  0.00059394] |com_force|=0.0000N
### kotek_magnet[tick=9720] sensor4: d=0.5249m in_range=False f_mag=0.000N tau_mag=0.0000Nm misalign_deg=90.0 pos=[-0.10900031  0.10899875  0.49140236] bottom_world=[-0.10900016  0.10899904  0.47140236] quat=[ 3.8268283e-01 -6.9787171e-07 -8.2471033e-06  9.2387980e-01] speed=0.0006 ang_speed=0.0047 ang_vel_vec=[-0.00162221  0.00441624  0.00052011] |com_force|=0.0000N
### kotek_magnet[tick=9780] sensor1: d=0.1257m in_range=False f_mag=0.000N tau_mag=0.0000Nm misalign_deg=31.4 pos=[ 0.3278125  -0.08445917  0.45403266] bottom_world=[ 0.34487843 -0.08742742  0.4440355 ] quat=[ 0.1693324  -0.49991974 -0.01230052  0.84926766] speed=0.1540 ang_speed=8.4700 ang_vel_vec=[-8.305835   1.0968992  1.2455921] |com_force|=0.0000N
### kotek_magnet[tick=9780] sensor2: d=0.3208m in_range=False f_mag=0.000N tau_mag=0.0000Nm misalign_deg=90.0 pos=[ 0.10902446 -0.10904741  0.49140093] bottom_world=[ 0.10902465 -0.10904707  0.47140093] quat=[ 9.2300087e-01  9.6934118e-06 -1.0383419e-06 -3.8479802e-01] speed=0.0010 ang_speed=0.0008 ang_vel_vec=[ 3.3075883e-04 -3.8867111e-06 -7.3185586e-04] |com_force|=0.0000N
### kotek_magnet[tick=9780] sensor3: d=0.5470m in_range=False f_mag=0.000N tau_mag=0.0000Nm misalign_deg=90.0 pos=[-0.10910667 -0.10914615  0.49140108] bottom_world=[-0.10910685 -0.10914588  0.47140108] quat=[-3.8058332e-01  1.5181527e-06 -7.9832234e-06  9.2474663e-01] speed=0.0007 ang_speed=0.0031 ang_vel_vec=[-0.00294861 -0.00070636  0.00056362] |com_force|=0.0000N
### kotek_magnet[tick=9780] sensor4: d=0.5249m in_range=False f_mag=0.000N tau_mag=0.0000Nm misalign_deg=90.0 pos=[-0.10900017  0.10899845  0.49140227] bottom_world=[-0.10900007  0.10899876  0.47140227] quat=[ 3.8268283e-01  6.0959326e-07 -8.2227471e-06  9.2387974e-01] speed=0.0010 ang_speed=0.0018 ang_vel_vec=[-0.00035846 -0.00116129  0.0013468 ] |com_force|=0.0000N
### kotek_magnet[tick=9840] sensor1: d=0.1185m in_range=False f_mag=0.000N tau_mag=0.0000Nm misalign_deg=29.5 pos=[ 0.32592037 -0.09716918  0.4505281 ] bottom_world=[ 0.34332185 -0.09953004  0.44095652] quat=[ 0.12873285 -0.51053774 -0.00788292  0.85012764] speed=0.1737 ang_speed=7.3865 ang_vel_vec=[-7.200172    0.06573683  1.6474624 ] |com_force|=0.0000N
### kotek_magnet[tick=9840] sensor2: d=0.3208m in_range=False f_mag=0.000N tau_mag=0.0000Nm misalign_deg=90.0 pos=[ 0.10902447 -0.1090474   0.49140096] bottom_world=[ 0.10902466 -0.10904706  0.47140096] quat=[ 9.2300099e-01  9.6221838e-06 -1.0900591e-06 -3.8479775e-01] speed=0.0010 ang_speed=0.0010 ang_vel_vec=[ 3.7569046e-04  7.5583746e-05 -8.7224302e-04] |com_force|=0.0000N
### kotek_magnet[tick=9840] sensor3: d=0.5470m in_range=False f_mag=0.000N tau_mag=0.0000Nm misalign_deg=90.0 pos=[-0.10910664 -0.10914616  0.49140102] bottom_world=[-0.10910682 -0.10914589  0.47140102] quat=[-3.8058320e-01  1.5224609e-06 -7.8608209e-06  9.2474675e-01] speed=0.0007 ang_speed=0.0027 ang_vel_vec=[-0.00262095 -0.00056432  0.00041536] |com_force|=0.0000N
### kotek_magnet[tick=9840] sensor4: d=0.5249m in_range=False f_mag=0.000N tau_mag=0.0000Nm misalign_deg=90.0 pos=[-0.10900017  0.10899846  0.4914023 ] bottom_world=[-0.10900007  0.10899877  0.4714023 ] quat=[ 3.8268304e-01  6.5355613e-07 -8.1325343e-06  9.2387974e-01] speed=0.0010 ang_speed=0.0020 ang_vel_vec=[-0.0001127  -0.00153873  0.00119321] |com_force|=0.0000N
### kotek_magnet[tick=9900] sensor1: d=0.1128m in_range=False f_mag=0.000N tau_mag=0.0000Nm misalign_deg=27.7 pos=[ 0.3235381  -0.10972755  0.44736835] bottom_world=[ 0.34124103 -0.1114763   0.4382279 ] quat=[ 0.08878133 -0.5210371  -0.00299175  0.8488989 ] speed=0.1751 ang_speed=7.4743 ang_vel_vec=[-7.3096495 -0.3008962  1.5308428] |com_force|=0.0000N
### kotek_magnet[tick=9900] sensor2: d=0.3208m in_range=False f_mag=0.000N tau_mag=0.0000Nm misalign_deg=90.0 pos=[ 0.10902432 -0.10904732  0.49140102] bottom_world=[ 0.10902455 -0.10904698  0.47140102] quat=[ 9.2300069e-01  9.9750014e-06 -1.8408796e-06 -3.8479817e-01] speed=0.0009 ang_speed=0.0014 ang_vel_vec=[-0.00084015  0.0010309  -0.00041911] |com_force|=0.0000N
### kotek_magnet[tick=9900] sensor3: d=0.5470m in_range=False f_mag=0.000N tau_mag=0.0000Nm misalign_deg=90.0 pos=[-0.10910645 -0.10914595  0.49140108] bottom_world=[-0.10910663 -0.10914576  0.47140108] quat=[-3.8058287e-01  2.3184680e-06 -6.0753296e-06  9.2474687e-01] speed=0.0010 ang_speed=0.0026 ang_vel_vec=[0.00206704 0.00039738 0.00153305] |com_force|=0.0000N
### kotek_magnet[tick=9900] sensor4: d=0.5249m in_range=False f_mag=0.000N tau_mag=0.0000Nm misalign_deg=90.0 pos=[-0.10900017  0.10899842  0.4914023 ] bottom_world=[-0.10900006  0.10899873  0.4714023 ] quat=[ 3.8268310e-01  6.2326001e-07 -8.2894112e-06  9.2387974e-01] speed=0.0010 ang_speed=0.0021 ang_vel_vec=[-0.00018095 -0.00158424  0.00132066] |com_force|=0.0000N
### kotek_magnet[tick=9960] sensor1: d=0.1088m in_range=False f_mag=0.000N tau_mag=0.0000Nm misalign_deg=26.0 pos=[ 0.32069886 -0.12211727  0.4445309 ] bottom_world=[ 0.33867188 -0.12325476  0.43583168] quat=[ 0.04869125 -0.53151697  0.00302365  0.8456417 ] speed=0.1781 ang_speed=7.4833 ang_vel_vec=[-7.3279405 -0.6294331  1.3803769] |com_force|=0.0000N
### kotek_magnet[tick=9960] sensor2: d=0.3208m in_range=False f_mag=0.000N tau_mag=0.0000Nm misalign_deg=90.0 pos=[ 0.10902473 -0.10904679  0.49140096] bottom_world=[ 0.10902472 -0.10904663  0.47140096] quat=[ 9.2300081e-01  3.5409166e-06  1.8324779e-06 -3.8479805e-01] speed=0.0005 ang_speed=0.0014 ang_vel_vec=[-1.1669750e-03  7.6430206e-06 -7.5565226e-04] |com_force|=0.0000N
### kotek_magnet[tick=9960] sensor3: d=0.5470m in_range=False f_mag=0.000N tau_mag=0.0000Nm misalign_deg=90.0 pos=[-0.10910645 -0.10914591  0.4914011 ] bottom_world=[-0.10910663 -0.10914572  0.47140111] quat=[-3.8058293e-01  2.3483731e-06 -6.0528396e-06  9.2474681e-01] speed=0.0010 ang_speed=0.0028 ang_vel_vec=[0.00233313 0.00051263 0.00146178] |com_force|=0.0000N
### kotek_magnet[tick=9960] sensor4: d=0.5249m in_range=False f_mag=0.000N tau_mag=0.0000Nm misalign_deg=90.0 pos=[-0.10900018  0.10899844  0.4914024 ] bottom_world=[-0.10900007  0.10899875  0.47140239] quat=[ 3.8268295e-01  5.7347103e-07 -8.2305369e-06  9.2387968e-01] speed=0.0010 ang_speed=0.0017 ang_vel_vec=[-0.00035504 -0.0010922   0.00128636] |com_force|=0.0000N
### kotek_magnet[tick=10020] sensor1: d=0.1068m in_range=False f_mag=0.000N tau_mag=0.0000Nm misalign_deg=24.4 pos=[ 0.31734863 -0.13446695  0.4420812 ] bottom_world=[ 0.33555712 -0.1350197   0.43382618] quat=[ 0.00930586 -0.5417704   0.01044401  0.84041023] speed=0.1737 ang_speed=7.7049 ang_vel_vec=[-7.5470357 -0.9661988  1.2138731] |com_force|=0.0000N
### kotek_magnet[tick=10020] sensor2: d=0.3208m in_range=False f_mag=0.000N tau_mag=0.0000Nm misalign_deg=90.0 pos=[ 0.10902468 -0.10904676  0.49140096] bottom_world=[ 0.10902467 -0.10904661  0.47140096] quat=[ 9.2300075e-01  3.5299565e-06  1.7896259e-06 -3.8479811e-01] speed=0.0005 ang_speed=0.0015 ang_vel_vec=[-1.2686916e-03 -7.5767878e-07 -8.5736922e-04] |com_force|=0.0000N
### kotek_magnet[tick=10020] sensor3: d=0.5470m in_range=False f_mag=0.000N tau_mag=0.0000Nm misalign_deg=90.0 pos=[-0.10910665 -0.10914614  0.49140105] bottom_world=[-0.10910683 -0.10914587  0.47140105] quat=[-3.8058323e-01  1.4860308e-06 -7.9340844e-06  9.2474669e-01] speed=0.0007 ang_speed=0.0028 ang_vel_vec=[-0.0027585  -0.00056614  0.00038521] |com_force|=0.0000N
### kotek_magnet[tick=10020] sensor4: d=0.5249m in_range=False f_mag=0.000N tau_mag=0.0000Nm misalign_deg=90.0 pos=[-0.10900016  0.10899846  0.49140227] bottom_world=[-0.10900005  0.10899877  0.47140227] quat=[ 3.8268295e-01  4.9057121e-07 -8.3392933e-06  9.2387974e-01] speed=0.0010 ang_speed=0.0015 ang_vel_vec=[-0.00056917 -0.00062714  0.00118587] |com_force|=0.0000N
### kotek_magnet[tick=10080] sensor1: d=0.1065m in_range=False f_mag=0.000N tau_mag=0.0000Nm misalign_deg=23.5 pos=[ 0.31498438 -0.14225371  0.4407298 ] bottom_world=[ 0.33332747 -0.14244415  0.43276143] quat=[-0.01578037 -0.54820937  0.01604226  0.8360383 ] speed=0.1700 ang_speed=7.6347 ang_vel_vec=[-7.4671926 -1.1693935  1.0781726] |com_force|=0.0000N
### kotek_magnet[tick=10080] sensor2: d=0.3208m in_range=False f_mag=0.000N tau_mag=0.0000Nm misalign_deg=90.0 pos=[ 0.10902469 -0.10904678  0.49140105] bottom_world=[ 0.10902467 -0.10904662  0.47140105] quat=[ 9.2300081e-01  3.4428945e-06  1.9989036e-06 -3.8479820e-01] speed=0.0005 ang_speed=0.0013 ang_vel_vec=[-0.00110817 -0.00030792 -0.00049639] |com_force|=0.0000N
### kotek_magnet[tick=10080] sensor3: d=0.5470m in_range=False f_mag=0.000N tau_mag=0.0000Nm misalign_deg=90.0 pos=[-0.10910645 -0.1091459   0.49140105] bottom_world=[-0.10910663 -0.10914571  0.47140105] quat=[-3.8058275e-01  2.3259695e-06 -6.1486171e-06  9.2474681e-01] speed=0.0010 ang_speed=0.0026 ang_vel_vec=[0.00190788 0.0002912  0.00172794] |com_force|=0.0000N
### kotek_magnet[tick=10080] sensor4: d=0.5249m in_range=False f_mag=0.000N tau_mag=0.0000Nm misalign_deg=90.0 pos=[-0.10900033  0.10899872  0.4914023 ] bottom_world=[-0.10900017  0.10899901  0.4714023 ] quat=[ 3.8268277e-01 -6.7892631e-07 -8.3386585e-06  9.2387980e-01] speed=0.0006 ang_speed=0.0048 ang_vel_vec=[-0.00170726  0.00439468  0.00066892] |com_force|=0.0000N
### kotek_magnet[tick=10140] sensor1: d=0.1013m in_range=False f_mag=0.000N tau_mag=0.0000Nm misalign_deg=24.0 pos=[ 0.31278032 -0.14786744  0.43238282] bottom_world=[ 0.33104569 -0.14829538  0.42424691] quat=[-0.0069547  -0.54433805  0.01727075  0.8386594 ] speed=0.1383 ang_speed=9.0848 ang_vel_vec=[-9.034825   -0.8116795   0.49699068] |com_force|=0.0000N
### kotek_magnet[tick=10140] sensor2: d=0.3208m in_range=False f_mag=0.000N tau_mag=0.0000Nm misalign_deg=90.0 pos=[ 0.10902415 -0.10904752  0.49140096] bottom_world=[ 0.10902449 -0.10904713  0.47140096] quat=[ 9.2300075e-01  1.2186719e-05 -3.9809688e-06 -3.8479835e-01] speed=0.0013 ang_speed=0.0135 ang_vel_vec=[-0.00605995  0.01207728 -0.00029212] |com_force|=0.0000N
### kotek_magnet[tick=10140] sensor3: d=0.5470m in_range=False f_mag=0.000N tau_mag=0.0000Nm misalign_deg=90.0 pos=[-0.10910664 -0.10914618  0.49140102] bottom_world=[-0.10910681 -0.10914591  0.47140102] quat=[-3.8058329e-01  1.3734774e-06 -7.8148423e-06  9.2474663e-01] speed=0.0007 ang_speed=0.0026 ang_vel_vec=[-0.00256774 -0.00041329  0.00048794] |com_force|=0.0000N
### kotek_magnet[tick=10140] sensor4: d=0.5249m in_range=False f_mag=0.000N tau_mag=0.0000Nm misalign_deg=90.0 pos=[-0.10900015  0.10899844  0.4914023 ] bottom_world=[-0.10900005  0.10899876  0.4714023 ] quat=[ 3.8268307e-01  6.1476965e-07 -8.2717488e-06  9.2387974e-01] speed=0.0010 ang_speed=0.0017 ang_vel_vec=[-0.00031746 -0.00112238  0.00127431] |com_force|=0.0000N
### kotek_magnet[tick=10200] sensor1: d=0.0790m in_range=True f_mag=1.568N tau_mag=0.0015Nm misalign_deg=23.8 pos=[ 0.32437888 -0.1514177   0.41244382] bottom_world=[ 0.34267523 -0.15177848  0.40437454] quat=[-0.0078393  -0.54590833  0.01587629  0.8376578 ] speed=0.1439 ang_speed=5.8374 ang_vel_vec=[-5.7156825  -0.13602215  1.1781838 ] |com_force|=0.3655N
### kotek_magnet[tick=10200] sensor2: d=0.3208m in_range=False f_mag=0.000N tau_mag=0.0000Nm misalign_deg=90.0 pos=[ 0.1090247  -0.10904676  0.49140102] bottom_world=[ 0.10902468 -0.1090466   0.47140102] quat=[ 9.2300081e-01  3.4141567e-06  2.0349421e-06 -3.8479820e-01] speed=0.0005 ang_speed=0.0013 ang_vel_vec=[-0.00106434 -0.00012737 -0.00077666] |com_force|=0.0000N
### kotek_magnet[tick=10200] sensor3: d=0.5470m in_range=False f_mag=0.000N tau_mag=0.0000Nm misalign_deg=90.0 pos=[-0.10910664 -0.10914615  0.49140096] bottom_world=[-0.10910682 -0.10914587  0.47140096] quat=[-3.8058329e-01  1.4298126e-06 -8.0907821e-06  9.2474663e-01] speed=0.0007 ang_speed=0.0025 ang_vel_vec=[-0.00247018 -0.00031807  0.00048329] |com_force|=0.0000N
### kotek_magnet[tick=10200] sensor4: d=0.5249m in_range=False f_mag=0.000N tau_mag=0.0000Nm misalign_deg=90.0 pos=[-0.10900003  0.10900017  0.49140233] bottom_world=[-0.10900026  0.10900003  0.47140233] quat=[3.8268220e-01 3.8392609e-06 5.2187984e-06 9.2388010e-01] speed=0.0010 ang_speed=0.0024 ang_vel_vec=[ 0.00155609 -0.00155359 -0.00084229] |com_force|=0.0000N
### kotek_magnet[tick=10260] sensor1: d=0.0571m in_range=True f_mag=1.115N tau_mag=0.0010Nm misalign_deg=23.5 pos=[ 0.33760646 -0.15501332  0.39391208] bottom_world=[ 0.35595193 -0.15526669  0.38595094] quat=[-0.01194056 -0.5483924   0.01540946  0.8359939 ] speed=0.1673 ang_speed=7.9681 ang_vel_vec=[-7.7723    -0.9857795  1.4526161] |com_force|=0.3461N
### kotek_magnet[tick=10260] sensor2: d=0.3208m in_range=False f_mag=0.000N tau_mag=0.0000Nm misalign_deg=90.0 pos=[ 0.10902444 -0.10904736  0.491401  ] bottom_world=[ 0.10902463 -0.10904702  0.47140099] quat=[ 9.2300087e-01  9.5365986e-06 -1.0618764e-06 -3.8479796e-01] speed=0.0009 ang_speed=0.0008 ang_vel_vec=[ 4.3904362e-04 -5.3510463e-05 -6.6603435e-04] |com_force|=0.0000N
### kotek_magnet[tick=10260] sensor3: d=0.5470m in_range=False f_mag=0.000N tau_mag=0.0000Nm misalign_deg=90.0 pos=[-0.10910643 -0.10914591  0.4914011 ] bottom_world=[-0.10910661 -0.10914572  0.47140111] quat=[-3.8058299e-01  2.3396765e-06 -6.1066867e-06  9.2474681e-01] speed=0.0010 ang_speed=0.0030 ang_vel_vec=[0.00247681 0.00054646 0.00162008] |com_force|=0.0000N
### kotek_magnet[tick=10260] sensor4: d=0.5249m in_range=False f_mag=0.000N tau_mag=0.0000Nm misalign_deg=90.0 pos=[-0.10900035  0.10899954  0.49140224] bottom_world=[-0.10900034  0.1089996   0.47140224] quat=[ 3.8268220e-01  3.9641773e-07 -1.5966675e-06  9.2388010e-01] speed=0.0005 ang_speed=0.0020 ang_vel_vec=[ 0.0017171   0.00078618 -0.00065156] |com_force|=0.0000N
### still playing, 1219s left
### kotek_magnet[tick=10320] sensor1: d=0.0151m in_range=True f_mag=0.250N tau_mag=0.0001Nm misalign_deg=15.9 pos=[ 0.3681191  -0.15145914  0.36364338] bottom_world=[ 0.38735519 -0.15044493  0.35826344] quat=[ 0.01211663 -0.6031746  -0.04101112  0.796462  ] speed=0.0622 ang_speed=1.1483 ang_vel_vec=[-0.04357948  1.1435597  -0.09501552] |com_force|=0.4902N
### kotek_magnet[tick=10320] sensor2: d=0.3208m in_range=False f_mag=0.000N tau_mag=0.0000Nm misalign_deg=90.0 pos=[ 0.10902468 -0.1090468   0.491401  ] bottom_world=[ 0.10902466 -0.10904664  0.47140099] quat=[ 9.2300081e-01  3.5443861e-06  1.9182455e-06 -3.8479805e-01] speed=0.0005 ang_speed=0.0014 ang_vel_vec=[-0.00119154 -0.00027284 -0.00069244] |com_force|=0.0000N
### kotek_magnet[tick=10320] sensor3: d=0.5470m in_range=False f_mag=0.000N tau_mag=0.0000Nm misalign_deg=90.0 pos=[-0.10910749 -0.10914613  0.49140105] bottom_world=[-0.10910744 -0.109146    0.47140105] quat=[-3.8058379e-01 -2.3289203e-06 -2.4915760e-06  9.2474645e-01] speed=0.0004 ang_speed=0.0019 ang_vel_vec=[-0.00014462  0.00175281 -0.00069243] |com_force|=0.0000N
### kotek_magnet[tick=10320] sensor4: d=0.5249m in_range=False f_mag=0.000N tau_mag=0.0000Nm misalign_deg=90.0 pos=[-0.10900004  0.10900013  0.49140233] bottom_world=[-0.10900026  0.109       0.47140233] quat=[3.8268220e-01 3.6850395e-06 5.1382276e-06 9.2388016e-01] speed=0.0010 ang_speed=0.0019 ang_vel_vec=[ 0.00126316 -0.00112923 -0.00075191] |com_force|=0.0000N
### kotek_magnet[tick=10334]: welded sensor 1 at d=0.0141m misalign_deg=14.1 pos=[ 0.37053013 -0.15070473  0.36474118] wall_pos=[0.425 0.    0.5  ] local_pos1=[-0.05446987 -0.15070473 -0.13525882] quat=[ 0.0179639  -0.6148177  -0.0255659   0.78805006]
### kotek_magnet[tick=10380] sensor2: d=0.3208m in_range=False f_mag=0.000N tau_mag=0.0000Nm misalign_deg=90.0 pos=[ 0.10902442 -0.10904744  0.49140102] bottom_world=[ 0.1090246  -0.1090471   0.47140102] quat=[ 9.2300093e-01  9.5741325e-06 -9.5354824e-07 -3.8479799e-01] speed=0.0010 ang_speed=0.0007 ang_vel_vec=[ 2.3980124e-04 -8.2405568e-05 -6.1769708e-04] |com_force|=0.0000N
### kotek_magnet[tick=10380] sensor3: d=0.5470m in_range=False f_mag=0.000N tau_mag=0.0000Nm misalign_deg=90.0 pos=[-0.10910805 -0.10914575  0.49140105] bottom_world=[-0.10910782 -0.10914586  0.47140105] quat=[-3.8058373e-01 -4.2494530e-06  4.6260757e-06  9.2474651e-01] speed=0.0009 ang_speed=0.0027 ang_vel_vec=[ 0.0019557   0.00188085 -0.00033126] |com_force|=0.0000N
### kotek_magnet[tick=10380] sensor4: d=0.5249m in_range=False f_mag=0.000N tau_mag=0.0000Nm misalign_deg=90.0 pos=[-0.10900033  0.10899949  0.49140227] bottom_world=[-0.10900031  0.10899956  0.47140227] quat=[ 3.8268223e-01  3.0978623e-07 -1.7499933e-06  9.2388004e-01] speed=0.0005 ang_speed=0.0019 ang_vel_vec=[ 0.00162602  0.00080685 -0.00060757] |com_force|=0.0000N
### kotek_magnet[tick=10440] sensor2: d=0.3208m in_range=False f_mag=0.000N tau_mag=0.0000Nm misalign_deg=90.0 pos=[ 0.1090247  -0.10904673  0.49140114] bottom_world=[ 0.10902469 -0.10904657  0.47140114] quat=[ 9.2300081e-01  3.7652994e-06  1.8655393e-06 -3.8479799e-01] speed=0.0004 ang_speed=0.0019 ang_vel_vec=[-1.6844028e-03 -6.5230546e-05 -9.5692225e-04] |com_force|=0.0000N
### kotek_magnet[tick=10440] sensor3: d=0.5470m in_range=False f_mag=0.000N tau_mag=0.0000Nm misalign_deg=90.0 pos=[-0.10910814 -0.10914584  0.49140105] bottom_world=[-0.10910789 -0.10914594  0.47140105] quat=[-3.8058391e-01 -4.8388870e-06  4.8970160e-06  9.2474645e-01] speed=0.0009 ang_speed=0.0022 ang_vel_vec=[ 0.00156993  0.0011617  -0.00104577] |com_force|=0.0000N
### kotek_magnet[tick=10440] sensor4: d=0.5249m in_range=False f_mag=0.000N tau_mag=0.0000Nm misalign_deg=90.0 pos=[-0.10900008  0.10899928  0.4914022 ] bottom_world=[-0.10900018  0.10899931  0.47140221] quat=[3.8268268e-01 2.5390054e-06 1.8429000e-07 9.2387992e-01] speed=0.0002 ang_speed=0.0023 ang_vel_vec=[ 0.0017969  -0.00141375  0.00020089] |com_force|=0.0000N
### kotek_magnet[tick=10500] sensor2: d=0.3208m in_range=False f_mag=0.000N tau_mag=0.0000Nm misalign_deg=90.0 pos=[ 0.10902441 -0.10904657  0.4914009 ] bottom_world=[ 0.10902449 -0.10904638  0.4714009 ] quat=[ 9.2300063e-01  5.2824125e-06  1.5795083e-08 -3.8479847e-01] speed=0.0001 ang_speed=0.0009 ang_vel_vec=[-0.00050919  0.00020707  0.00067915] |com_force|=0.0000N
### kotek_magnet[tick=10500] sensor3: d=0.5470m in_range=False f_mag=0.000N tau_mag=0.0000Nm misalign_deg=90.0 pos=[-0.10910749 -0.10914612  0.49140108] bottom_world=[-0.10910744 -0.10914599  0.47140108] quat=[-3.8058385e-01 -2.3196699e-06 -2.5438408e-06  9.2474645e-01] speed=0.0004 ang_speed=0.0020 ang_vel_vec=[-0.00057635  0.00183312 -0.00044845] |com_force|=0.0000N
### kotek_magnet[tick=10500] sensor4: d=0.5249m in_range=False f_mag=0.000N tau_mag=0.0000Nm misalign_deg=90.0 pos=[-0.10900036  0.10899951  0.4914023 ] bottom_world=[-0.10900035  0.10899957  0.4714023 ] quat=[ 3.8268220e-01  4.1493067e-07 -1.5055184e-06  9.2388010e-01] speed=0.0005 ang_speed=0.0018 ang_vel_vec=[ 0.00159066  0.00069469 -0.00047477] |com_force|=0.0000N
### kotek_magnet[tick=10560] sensor2: d=0.3208m in_range=False f_mag=0.000N tau_mag=0.0000Nm misalign_deg=90.0 pos=[ 0.10902446 -0.10904573  0.49140108] bottom_world=[ 0.1090244  -0.10904577  0.47140108] quat=[ 9.2300045e-01 -1.3872067e-06  9.4542065e-07 -3.8479900e-01] speed=0.0009 ang_speed=0.0026 ang_vel_vec=[-0.00072825  0.00204999  0.00136428] |com_force|=0.0000N
### kotek_magnet[tick=10560] sensor3: d=0.5470m in_range=False f_mag=0.000N tau_mag=0.0000Nm misalign_deg=90.0 pos=[-0.10910745 -0.10914615  0.49140102] bottom_world=[-0.1091074  -0.10914602  0.47140102] quat=[-3.8058403e-01 -2.3590212e-06 -2.6224443e-06  9.2474645e-01] speed=0.0004 ang_speed=0.0022 ang_vel_vec=[-8.2932755e-05  2.0175127e-03 -8.4469857e-04] |com_force|=0.0000N
### kotek_magnet[tick=10560] sensor4: d=0.5249m in_range=False f_mag=0.000N tau_mag=0.0000Nm misalign_deg=90.0 pos=[-0.10900003  0.10900017  0.4914024 ] bottom_world=[-0.10900027  0.10900002  0.47140239] quat=[3.8268209e-01 4.0064269e-06 5.6212371e-06 9.2388010e-01] speed=0.0010 ang_speed=0.0030 ang_vel_vec=[ 0.00199253 -0.00200892 -0.0009245 ] |com_force|=0.0000N
### kotek_magnet[tick=10620] sensor2: d=0.3208m in_range=False f_mag=0.000N tau_mag=0.0000Nm misalign_deg=90.0 pos=[ 0.10902444 -0.10904659  0.49140078] bottom_world=[ 0.10902451 -0.10904639  0.47140078] quat=[ 9.2300063e-01  5.3634726e-06  1.2219628e-07 -3.8479856e-01] speed=0.0001 ang_speed=0.0006 ang_vel_vec=[-0.00034312  0.00028567  0.00045202] |com_force|=0.0000N
### kotek_magnet[tick=10620] sensor3: d=0.5470m in_range=False f_mag=0.000N tau_mag=0.0000Nm misalign_deg=90.0 pos=[-0.10910814 -0.10914584  0.49140108] bottom_world=[-0.10910789 -0.10914594  0.47140108] quat=[-3.8058388e-01 -4.7019257e-06  4.6652904e-06  9.2474645e-01] speed=0.0009 ang_speed=0.0017 ang_vel_vec=[ 0.00133055  0.00083902 -0.00076193] |com_force|=0.0000N
### kotek_magnet[tick=10620] sensor4: d=0.5249m in_range=False f_mag=0.000N tau_mag=0.0000Nm misalign_deg=90.0 pos=[-0.10900033  0.1089995   0.49140224] bottom_world=[-0.10900032  0.10899956  0.47140224] quat=[ 3.8268229e-01  3.0762484e-07 -1.4986631e-06  9.2387998e-01] speed=0.0004 ang_speed=0.0027 ang_vel_vec=[ 0.00237443  0.0009678  -0.00076557] |com_force|=0.0000N
### kotek_magnet[tick=10680] sensor2: d=0.3208m in_range=False f_mag=0.000N tau_mag=0.0000Nm misalign_deg=90.0 pos=[ 0.10902436 -0.1090473   0.491401  ] bottom_world=[ 0.10902458 -0.10904697  0.47140099] quat=[ 9.2300069e-01  9.7089014e-06 -1.8339476e-06 -3.8479817e-01] speed=0.0010 ang_speed=0.0012 ang_vel_vec=[-0.00066906  0.00099084 -0.00031953] |com_force|=0.0000N
### kotek_magnet[tick=10680] sensor3: d=0.5470m in_range=False f_mag=0.000N tau_mag=0.0000Nm misalign_deg=90.0 pos=[-0.10910814 -0.10914585  0.4914011 ] bottom_world=[-0.10910791 -0.10914594  0.47140111] quat=[-3.8058379e-01 -4.4655203e-06  4.2000461e-06  9.2474639e-01] speed=0.0009 ang_speed=0.0015 ang_vel_vec=[ 0.00117866  0.00069842 -0.00070604] |com_force|=0.0000N
### kotek_magnet[tick=10680] sensor4: d=0.5249m in_range=False f_mag=0.000N tau_mag=0.0000Nm misalign_deg=90.0 pos=[-0.10899999  0.10900014  0.49140233] bottom_world=[-0.10900023  0.10899999  0.47140233] quat=[3.8268211e-01 4.0046725e-06 5.7911307e-06 9.2388010e-01] speed=0.0010 ang_speed=0.0031 ang_vel_vec=[ 0.0021598  -0.00206177 -0.00072196] |com_force|=0.0000N
### kotek_magnet[tick=10740] sensor2: d=0.3208m in_range=False f_mag=0.000N tau_mag=0.0000Nm misalign_deg=90.0 pos=[ 0.10902471 -0.10904678  0.49140096] bottom_world=[ 0.1090247  -0.10904661  0.47140096] quat=[ 9.2300069e-01  3.6876261e-06  1.8749525e-06 -3.8479820e-01] speed=0.0005 ang_speed=0.0015 ang_vel_vec=[-1.2679503e-03 -8.7347929e-05 -8.5150835e-04] |com_force|=0.0000N
### kotek_magnet[tick=10740] sensor3: d=0.5470m in_range=False f_mag=0.000N tau_mag=0.0000Nm misalign_deg=90.0 pos=[-0.10910744 -0.10914615  0.49140096] bottom_world=[-0.1091074  -0.10914601  0.47140096] quat=[-3.8058391e-01 -2.2922577e-06 -2.6615342e-06  9.2474651e-01] speed=0.0004 ang_speed=0.0023 ang_vel_vec=[-0.00012169  0.00209777 -0.000877  ] |com_force|=0.0000N
### kotek_magnet[tick=10740] sensor4: d=0.5249m in_range=False f_mag=0.000N tau_mag=0.0000Nm misalign_deg=90.0 pos=[-0.10900002  0.10900014  0.4914024 ] bottom_world=[-0.10900026  0.10899998  0.47140239] quat=[3.8268206e-01 4.0921964e-06 5.8609344e-06 9.2388016e-01] speed=0.0009 ang_speed=0.0032 ang_vel_vec=[ 0.00217217 -0.00220786 -0.00096009] |com_force|=0.0000N
### kotek_magnet[tick=10800] sensor2: d=0.3208m in_range=False f_mag=0.000N tau_mag=0.0000Nm misalign_deg=90.0 pos=[ 0.10902431 -0.10904731  0.491401  ] bottom_world=[ 0.10902453 -0.10904697  0.47140099] quat=[ 9.2300075e-01  9.9478593e-06 -1.7866282e-06 -3.8479832e-01] speed=0.0010 ang_speed=0.0011 ang_vel_vec=[-0.00049782  0.00080882 -0.00048746] |com_force|=0.0000N
### kotek_magnet[tick=10800] sensor3: d=0.5470m in_range=False f_mag=0.000N tau_mag=0.0000Nm misalign_deg=90.0 pos=[-0.10910813 -0.10914587  0.49140093] bottom_world=[-0.10910789 -0.10914596  0.47140093] quat=[-3.8058406e-01 -4.6624427e-06  4.2172151e-06  9.2474645e-01] speed=0.0009 ang_speed=0.0015 ang_vel_vec=[ 0.00107276  0.00060759 -0.00086408] |com_force|=0.0000N
### kotek_magnet[tick=10800] sensor4: d=0.5249m in_range=False f_mag=0.000N tau_mag=0.0000Nm misalign_deg=90.0 pos=[-0.109       0.10900013  0.4914023 ] bottom_world=[-0.10900024  0.10899998  0.4714023 ] quat=[3.826821e-01 4.025850e-06 5.660741e-06 9.238801e-01] speed=0.0009 ang_speed=0.0036 ang_vel_vec=[ 0.00256154 -0.00242709 -0.00088241] |com_force|=0.0000N
### kotek_magnet[tick=10860] sensor2: d=0.3208m in_range=False f_mag=0.000N tau_mag=0.0000Nm misalign_deg=90.0 pos=[ 0.10902471 -0.10904684  0.491401  ] bottom_world=[ 0.1090247  -0.10904666  0.47140099] quat=[ 9.2300087e-01  3.9630231e-06  1.9125257e-06 -3.8479799e-01] speed=0.0006 ang_speed=0.0016 ang_vel_vec=[-0.00119077 -0.00013828 -0.00100325] |com_force|=0.0000N
### kotek_magnet[tick=10860] sensor3: d=0.5470m in_range=False f_mag=0.000N tau_mag=0.0000Nm misalign_deg=90.0 pos=[-0.10910803 -0.10914584  0.49140084] bottom_world=[-0.10910779 -0.10914596  0.47140084] quat=[-3.8058373e-01 -4.4780586e-06  4.8878787e-06  9.2474645e-01] speed=0.0009 ang_speed=0.0031 ang_vel_vec=[ 0.00219352  0.00208576 -0.00075914] |com_force|=0.0000N
### kotek_magnet[tick=10860] sensor4: d=0.5249m in_range=False f_mag=0.000N tau_mag=0.0000Nm misalign_deg=90.0 pos=[-0.10900033  0.10899946  0.49140236] bottom_world=[-0.10900033  0.10899952  0.47140236] quat=[ 3.8268229e-01  4.5424429e-07 -1.3137557e-06  9.2388010e-01] speed=0.0004 ang_speed=0.0035 ang_vel_vec=[ 0.0033015  -0.00046712 -0.00110818] |com_force|=0.0000N
### kotek_magnet[tick=10920] sensor2: d=0.3208m in_range=False f_mag=0.000N tau_mag=0.0000Nm misalign_deg=90.0 pos=[ 0.10902432 -0.10904738  0.491401  ] bottom_world=[ 0.10902455 -0.10904703  0.47140099] quat=[ 9.2300075e-01  1.0281394e-05 -1.9640104e-06 -3.8479802e-01] speed=0.0010 ang_speed=0.0018 ang_vel_vec=[-0.0011885   0.00131119 -0.00048238] |com_force|=0.0000N
### kotek_magnet[tick=10920] sensor3: d=0.5470m in_range=False f_mag=0.000N tau_mag=0.0000Nm misalign_deg=90.0 pos=[-0.10910813 -0.1091459   0.49140105] bottom_world=[-0.10910789 -0.109146    0.47140105] quat=[-3.8058409e-01 -4.6872842e-06  4.4620942e-06  9.2474633e-01] speed=0.0010 ang_speed=0.0016 ang_vel_vec=[ 0.00113824  0.00071494 -0.00083158] |com_force|=0.0000N
### kotek_magnet[tick=10920] sensor4: d=0.5249m in_range=False f_mag=0.000N tau_mag=0.0000Nm misalign_deg=90.0 pos=[-0.10900021  0.10899834  0.49140236] bottom_world=[-0.10900009  0.10899866  0.47140236] quat=[ 3.8268301e-01  3.9702311e-07 -8.7284861e-06  9.2387968e-01] speed=0.0010 ang_speed=0.0018 ang_vel_vec=[-0.00054938 -0.00105944  0.00129748] |com_force|=0.0000N
### kotek_magnet[tick=10980] sensor2: d=0.3208m in_range=False f_mag=0.000N tau_mag=0.0000Nm misalign_deg=90.0 pos=[ 0.10902466 -0.10904684  0.491401  ] bottom_world=[ 0.10902465 -0.10904667  0.47140099] quat=[ 9.2300087e-01  3.8007938e-06  1.9326276e-06 -3.8479811e-01] speed=0.0006 ang_speed=0.0013 ang_vel_vec=[-0.00095172 -0.00046373 -0.000754  ] |com_force|=0.0000N
### kotek_magnet[tick=10980] sensor3: d=0.5470m in_range=False f_mag=0.000N tau_mag=0.0000Nm misalign_deg=90.0 pos=[-0.10910751 -0.10914617  0.491401  ] bottom_world=[-0.10910746 -0.10914604  0.47140099] quat=[-3.8058376e-01 -2.4044855e-06 -2.6008972e-06  9.2474651e-01] speed=0.0005 ang_speed=0.0020 ang_vel_vec=[ 0.00032298  0.00181906 -0.00075665] |com_force|=0.0000N
### kotek_magnet[tick=10980] sensor4: d=0.5249m in_range=False f_mag=0.000N tau_mag=0.0000Nm misalign_deg=90.0 pos=[-0.10900021  0.10899837  0.49140236] bottom_world=[-0.10900009  0.10899871  0.47140236] quat=[ 3.8268316e-01  4.3263196e-07 -8.8223433e-06  9.2387968e-01] speed=0.0011 ang_speed=0.0022 ang_vel_vec=[-0.00013407 -0.00182858  0.00127571] |com_force|=0.0000N
### kotek_magnet[tick=11040] sensor2: d=0.3208m in_range=False f_mag=0.000N tau_mag=0.0000Nm misalign_deg=90.0 pos=[ 0.10902441 -0.10904751  0.49140102] bottom_world=[ 0.10902463 -0.10904713  0.47140102] quat=[ 9.2300093e-01  1.0823442e-05 -1.4242655e-06 -3.8479781e-01] speed=0.0011 ang_speed=0.0009 ang_vel_vec=[-5.0336661e-05  2.6851488e-04 -8.6729153e-04] |com_force|=0.0000N
### kotek_magnet[tick=11040] sensor3: d=0.5470m in_range=False f_mag=0.000N tau_mag=0.0000Nm misalign_deg=90.0 pos=[-0.10910804 -0.10914581  0.49140105] bottom_world=[-0.10910779 -0.10914592  0.47140105] quat=[-3.805839e-01 -4.583026e-06  5.028088e-06  9.247465e-01] speed=0.0009 ang_speed=0.0025 ang_vel_vec=[ 0.00176878  0.00174113 -0.00053886] |com_force|=0.0000N
### kotek_magnet[tick=11040] sensor4: d=0.5249m in_range=False f_mag=0.000N tau_mag=0.0000Nm misalign_deg=90.0 pos=[-0.10900022  0.10899831  0.49140236] bottom_world=[-0.10900009  0.10899866  0.47140236] quat=[ 3.8268310e-01  2.7080236e-07 -9.2584069e-06  9.2387968e-01] speed=0.0011 ang_speed=0.0019 ang_vel_vec=[-0.00057888 -0.00129862  0.00127174] |com_force|=0.0000N
### kotek_magnet[tick=11100] sensor2: d=0.3208m in_range=False f_mag=0.000N tau_mag=0.0000Nm misalign_deg=90.0 pos=[ 0.10902436 -0.10904745  0.49140102] bottom_world=[ 0.10902457 -0.10904709  0.47140102] quat=[ 9.2300081e-01  1.0349934e-05 -1.4033521e-06 -3.8479802e-01] speed=0.0011 ang_speed=0.0009 ang_vel_vec=[-0.00015093  0.00043052 -0.00081373] |com_force|=0.0000N
### kotek_magnet[tick=11100] sensor3: d=0.5470m in_range=False f_mag=0.000N tau_mag=0.0000Nm misalign_deg=90.0 pos=[-0.10910754 -0.10914613  0.49140105] bottom_world=[-0.10910749 -0.109146    0.47140105] quat=[-3.8058370e-01 -2.3372445e-06 -2.4790641e-06  9.2474645e-01] speed=0.0005 ang_speed=0.0019 ang_vel_vec=[-0.00030182  0.00173406 -0.00072072] |com_force|=0.0000N
### kotek_magnet[tick=11100] sensor4: d=0.5249m in_range=False f_mag=0.000N tau_mag=0.0000Nm misalign_deg=90.0 pos=[-0.10900019  0.10899843  0.49140227] bottom_world=[-0.10900008  0.10899876  0.47140227] quat=[ 3.8268307e-01  4.1136801e-07 -8.5591982e-06  9.2387968e-01] speed=0.0010 ang_speed=0.0018 ang_vel_vec=[-0.00038977 -0.00112453  0.00132872] |com_force|=0.0000N
### kotek_magnet[tick=11160] sensor2: d=0.3208m in_range=False f_mag=0.000N tau_mag=0.0000Nm misalign_deg=90.0 pos=[ 0.10902466 -0.10904676  0.49140105] bottom_world=[ 0.10902464 -0.10904659  0.47140105] quat=[ 9.2300081e-01  3.6649437e-06  1.9538752e-06 -3.8479814e-01] speed=0.0005 ang_speed=0.0018 ang_vel_vec=[-0.00138911 -0.00084256 -0.000832  ] |com_force|=0.0000N
### kotek_magnet[tick=11160] sensor3: d=0.5470m in_range=False f_mag=0.000N tau_mag=0.0000Nm misalign_deg=90.0 pos=[-0.10910641 -0.10914595  0.491401  ] bottom_world=[-0.1091066  -0.10914574  0.47140099] quat=[-3.8058296e-01  2.4438571e-06 -6.6327316e-06  9.2474681e-01] speed=0.0010 ang_speed=0.0020 ang_vel_vec=[1.4220587e-03 5.6355771e-06 1.4367002e-03] |com_force|=0.0000N
### kotek_magnet[tick=11160] sensor4: d=0.5249m in_range=False f_mag=0.000N tau_mag=0.0000Nm misalign_deg=90.0 pos=[-0.10900038  0.10899867  0.49140236] bottom_world=[-0.10900023  0.10899897  0.47140236] quat=[ 3.8268277e-01 -5.8166228e-07 -8.2448241e-06  9.2387980e-01] speed=0.0007 ang_speed=0.0043 ang_vel_vec=[-0.00150975  0.00399247  0.00035549] |com_force|=0.0000N
### kotek_magnet[tick=11220] sensor2: d=0.3208m in_range=False f_mag=0.000N tau_mag=0.0000Nm misalign_deg=90.0 pos=[ 0.10902449 -0.1090465   0.49140108] bottom_world=[ 0.10902453 -0.10904636  0.47140108] quat=[ 9.2300057e-01  3.7611612e-06  4.3747553e-07 -3.8479853e-01] speed=0.0001 ang_speed=0.0017 ang_vel_vec=[-1.0259500e-03  1.3571125e-03  3.9463243e-06] |com_force|=0.0000N
### kotek_magnet[tick=11220] sensor3: d=0.5470m in_range=False f_mag=0.000N tau_mag=0.0000Nm misalign_deg=90.0 pos=[-0.10910648 -0.10914592  0.49140102] bottom_world=[-0.10910665 -0.10914574  0.47140102] quat=[-3.8058287e-01  2.1537442e-06 -5.8749420e-06  9.2474681e-01] speed=0.0010 ang_speed=0.0026 ang_vel_vec=[0.0021734  0.00066258 0.00126699] |com_force|=0.0000N
### kotek_magnet[tick=11220] sensor4: d=0.5249m in_range=False f_mag=0.000N tau_mag=0.0000Nm misalign_deg=90.0 pos=[-0.1090002   0.10899844  0.49140236] bottom_world=[-0.10900009  0.10899876  0.47140236] quat=[ 3.8268307e-01  5.5768828e-07 -8.3047798e-06  9.2387974e-01] speed=0.0010 ang_speed=0.0021 ang_vel_vec=[-9.5189453e-06 -1.8484687e-03  1.0637183e-03] |com_force|=0.0000N
### kotek_magnet[tick=11280] sensor2: d=0.3210m in_range=False f_mag=0.000N tau_mag=0.0000Nm misalign_deg=100.4 pos=[ 0.11353364 -0.1042702   0.49205866] bottom_world=[ 0.10992589 -0.11061776  0.47343898] quat=[ 0.9043808  -0.18453297  0.02134206 -0.38417116] speed=0.3830 ang_speed=7.0809 ang_vel_vec=[ 5.7450495 -3.5445504 -2.1377058] |com_force|=0.0000N
### kotek_magnet[tick=11280] sensor3: d=0.5470m in_range=False f_mag=0.000N tau_mag=0.0000Nm misalign_deg=90.0 pos=[-0.10910675 -0.10914622  0.49140105] bottom_world=[-0.10910691 -0.10914595  0.47140105] quat=[-3.8058326e-01  1.1569339e-06 -7.7590530e-06  9.2474675e-01] speed=0.0006 ang_speed=0.0019 ang_vel_vec=[-1.7876235e-03 -6.0564369e-05  5.4184417e-04] |com_force|=0.0000N
### kotek_magnet[tick=11280] sensor4: d=0.5249m in_range=False f_mag=0.000N tau_mag=0.0000Nm misalign_deg=90.0 pos=[-0.10900039  0.10899862  0.4914024 ] bottom_world=[-0.10900025  0.10899892  0.47140239] quat=[ 3.8268265e-01 -3.4903437e-07 -8.3887862e-06  9.2387986e-01] speed=0.0006 ang_speed=0.0049 ang_vel_vec=[-0.00178487  0.00449268  0.0004282 ] |com_force|=0.0000N
### kotek_magnet[tick=11340] sensor2: d=0.3212m in_range=False f_mag=0.000N tau_mag=0.0000Nm misalign_deg=90.0 pos=[ 0.10939743 -0.11317536  0.4914014 ] bottom_world=[ 0.10938939 -0.1131831   0.47140141] quat=[ 9.2865604e-01 -2.5430601e-04  1.1491019e-04 -3.7094203e-01] speed=0.0190 ang_speed=1.5812 ang_vel_vec=[ 1.4462183  -0.58754236  0.25164276] |com_force|=0.0000N
### kotek_magnet[tick=11340] sensor3: d=0.5470m in_range=False f_mag=0.000N tau_mag=0.0000Nm misalign_deg=90.0 pos=[-0.10910646 -0.10914589  0.49140102] bottom_world=[-0.10910662 -0.10914571  0.47140102] quat=[-3.805829e-01  2.110176e-06 -5.769328e-06  9.247468e-01] speed=0.0009 ang_speed=0.0029 ang_vel_vec=[0.00233238 0.00069432 0.00160391] |com_force|=0.0000N
### kotek_magnet[tick=11340] sensor4: d=0.5249m in_range=False f_mag=0.000N tau_mag=0.0000Nm misalign_deg=90.0 pos=[-0.10900038  0.10899865  0.49140236] bottom_world=[-0.10900023  0.10899895  0.47140236] quat=[ 3.8268268e-01 -6.4648344e-07 -8.3578816e-06  9.2387992e-01] speed=0.0007 ang_speed=0.0046 ang_vel_vec=[-0.00161805  0.00432394  0.00050531] |com_force|=0.0000N
### kotek_magnet[tick=11400] sensor2: d=0.3162m in_range=False f_mag=0.000N tau_mag=0.0000Nm misalign_deg=90.0 pos=[ 0.11457571 -0.11177935  0.49125642] bottom_world=[ 0.11459149 -0.1118965   0.47125677] quat=[ 0.9491829  -0.00265555 -0.00129615 -0.31471106] speed=0.2479 ang_speed=5.8233 ang_vel_vec=[-1.2609925  0.3879192 -5.6718693] |com_force|=0.0000N
### kotek_magnet[tick=11400] sensor3: d=0.5470m in_range=False f_mag=0.000N tau_mag=0.0000Nm misalign_deg=90.0 pos=[-0.10910646 -0.10914592  0.49140105] bottom_world=[-0.10910662 -0.10914575  0.47140105] quat=[-3.8058308e-01  2.0689679e-06 -5.4540824e-06  9.2474681e-01] speed=0.0009 ang_speed=0.0040 ang_vel_vec=[0.00335297 0.00128469 0.00167964] |com_force|=0.0000N
### kotek_magnet[tick=11400] sensor4: d=0.5249m in_range=False f_mag=0.000N tau_mag=0.0000Nm misalign_deg=90.0 pos=[-0.10900035  0.10899951  0.4914024 ] bottom_world=[-0.10900033  0.10899957  0.47140239] quat=[ 3.8268223e-01  2.0510851e-07 -1.5141209e-06  9.2388010e-01] speed=0.0005 ang_speed=0.0030 ang_vel_vec=[ 0.0026385   0.00120699 -0.00072603] |com_force|=0.0000N
### kotek_magnet[tick=11460] sensor2: d=0.3118m in_range=False f_mag=0.000N tau_mag=0.0000Nm misalign_deg=90.2 pos=[ 0.1196851 -0.1120455  0.4913101] bottom_world=[ 0.11960857 -0.11208542  0.47131028] quat=[ 0.9676765  -0.00144833  0.00159973 -0.25218582] speed=0.1704 ang_speed=3.1131 ang_vel_vec=[ 0.67908794 -0.96610624 -2.880386  ] |com_force|=0.0000N
### kotek_magnet[tick=11460] sensor3: d=0.5470m in_range=False f_mag=0.000N tau_mag=0.0000Nm misalign_deg=90.0 pos=[-0.10910647 -0.10914589  0.491401  ] bottom_world=[-0.10910664 -0.10914572  0.47140099] quat=[-3.8058278e-01  2.3050079e-06 -5.8044652e-06  9.2474681e-01] speed=0.0010 ang_speed=0.0036 ang_vel_vec=[0.00317443 0.00086041 0.00144799] |com_force|=0.0000N
### kotek_magnet[tick=11460] sensor4: d=0.5249m in_range=False f_mag=0.000N tau_mag=0.0000Nm misalign_deg=90.0 pos=[-0.10900005  0.10900022  0.4914022 ] bottom_world=[-0.10900028  0.10900007  0.47140221] quat=[3.8268200e-01 3.8404805e-06 5.7735301e-06 9.2388010e-01] speed=0.0010 ang_speed=0.0023 ang_vel_vec=[ 0.00159526 -0.00145052 -0.00089049] |com_force|=0.0000N
### kotek_magnet[tick=11520] sensor2: d=0.2998m in_range=False f_mag=0.000N tau_mag=0.0000Nm misalign_deg=90.6 pos=[ 0.13219664 -0.10515203  0.49298128] bottom_world=[ 0.13198568 -0.10412939  0.47300856] quat=[ 0.99954593  0.02549254  0.00565977 -0.01503932] speed=0.1170 ang_speed=1.0333 ang_vel_vec=[ 0.38390812  0.7681078  -0.5747466 ] |com_force|=0.0000N
### kotek_magnet[tick=11520] sensor3: d=0.5470m in_range=False f_mag=0.000N tau_mag=0.0000Nm misalign_deg=90.0 pos=[-0.10910645 -0.10914591  0.491401  ] bottom_world=[-0.10910662 -0.10914573  0.47140099] quat=[-3.8058290e-01  2.1735268e-06 -5.7772431e-06  9.2474687e-01] speed=0.0009 ang_speed=0.0031 ang_vel_vec=[0.00258979 0.00073697 0.00160162] |com_force|=0.0000N
### kotek_magnet[tick=11520] sensor4: d=0.5249m in_range=False f_mag=0.000N tau_mag=0.0000Nm misalign_deg=90.0 pos=[-0.10900017  0.10899922  0.4914023 ] bottom_world=[-0.10900021  0.10899932  0.4714023 ] quat=[ 3.8268262e-01  1.9688853e-06 -1.9195386e-06  9.2387998e-01] speed=0.0002 ang_speed=0.0025 ang_vel_vec=[ 0.00124339 -0.00212714  0.00025458] |com_force|=0.0000N
### kotek_magnet[tick=11580] sensor2: d=0.3081m in_range=False f_mag=0.000N tau_mag=0.0000Nm misalign_deg=90.8 pos=[ 0.1319859  -0.10590805  0.5110116 ] bottom_world=[ 0.13169694 -0.10508526  0.49103062] quat=[ 0.99973065  0.02051656  0.00738914 -0.00794706] speed=0.1156 ang_speed=6.0528 ang_vel_vec=[ 4.575243   -0.61316544 -3.9150443 ] |com_force|=0.0000N
### kotek_magnet[tick=11580] sensor3: d=0.5470m in_range=False f_mag=0.000N tau_mag=0.0000Nm misalign_deg=90.0 pos=[-0.10910646 -0.10914598  0.49140105] bottom_world=[-0.10910664 -0.10914578  0.47140105] quat=[-3.8058293e-01  2.2936158e-06 -6.1396959e-06  9.2474687e-01] speed=0.0010 ang_speed=0.0027 ang_vel_vec=[0.00207881 0.00025855 0.00165853] |com_force|=0.0000N
### kotek_magnet[tick=11580] sensor4: d=0.5249m in_range=False f_mag=0.000N tau_mag=0.0000Nm misalign_deg=90.0 pos=[-0.10900038  0.10899945  0.4914022 ] bottom_world=[-0.10900035  0.10899953  0.47140221] quat=[ 3.8268229e-01 -1.3675750e-08 -2.0161342e-06  9.2387998e-01] speed=0.0004 ang_speed=0.0027 ang_vel_vec=[ 0.00216231  0.00156451 -0.00064287] |com_force|=0.0000N
### kotek_magnet[tick=11640] sensor2: d=0.3197m in_range=False f_mag=0.000N tau_mag=0.0000Nm misalign_deg=90.9 pos=[ 0.13203858 -0.10707401  0.5345079 ] bottom_world=[ 0.1317392  -0.10638278  0.51452206] quat=[ 0.9998025   0.01723596  0.00759544 -0.00635794] speed=0.1095 ang_speed=4.9251 ang_vel_vec=[ 3.6825035   0.25406852 -3.2606115 ] |com_force|=0.0000N
### kotek_magnet[tick=11640] sensor3: d=0.5470m in_range=False f_mag=0.000N tau_mag=0.0000Nm misalign_deg=90.0 pos=[-0.10910672 -0.10914615  0.49140105] bottom_world=[-0.10910689 -0.10914588  0.47140105] quat=[-3.8058308e-01  1.3721645e-06 -7.9018464e-06  9.2474669e-01] speed=0.0006 ang_speed=0.0030 ang_vel_vec=[-0.00287258 -0.00064778  0.00074394] |com_force|=0.0000N
### kotek_magnet[tick=11640] sensor4: d=0.5249m in_range=False f_mag=0.000N tau_mag=0.0000Nm misalign_deg=90.0 pos=[-0.10900037  0.10899866  0.49140242] bottom_world=[-0.10900022  0.10899896  0.47140242] quat=[ 3.8268283e-01 -6.6835253e-07 -8.4229105e-06  9.2387980e-01] speed=0.0007 ang_speed=0.0047 ang_vel_vec=[-0.00172513  0.00437755  0.0006506 ] |com_force|=0.0000N
### kotek_magnet[tick=11700] sensor2: d=0.3340m in_range=False f_mag=0.000N tau_mag=0.0000Nm misalign_deg=90.9 pos=[ 0.13203333 -0.10841806  0.56037074] bottom_world=[ 0.13171355 -0.10785332  0.54038128] quat=[ 0.9998536   0.01407676  0.00807208 -0.00542891] speed=0.0960 ang_speed=4.6724 ang_vel_vec=[ 3.5883284   0.26807463 -2.980499  ] |com_force|=0.0000N
### kotek_magnet[tick=11700] sensor3: d=0.5470m in_range=False f_mag=0.000N tau_mag=0.0000Nm misalign_deg=90.0 pos=[-0.10910672 -0.10914615  0.49140105] bottom_world=[-0.10910688 -0.10914588  0.47140105] quat=[-3.805832e-01  1.242550e-06 -7.632034e-06  9.247467e-01] speed=0.0006 ang_speed=0.0026 ang_vel_vec=[-0.00248257 -0.0003673   0.00060111] |com_force|=0.0000N
### kotek_magnet[tick=11700] sensor4: d=0.5249m in_range=False f_mag=0.000N tau_mag=0.0000Nm misalign_deg=90.0 pos=[-0.10900037  0.10899866  0.49140233] bottom_world=[-0.10900023  0.10899896  0.47140233] quat=[ 3.8268280e-01 -4.5745432e-07 -8.1177086e-06  9.2387986e-01] speed=0.0007 ang_speed=0.0044 ang_vel_vec=[-0.00167907  0.00400398  0.00049253] |com_force|=0.0000N
### kotek_magnet[tick=11760] sensor2: d=0.3458m in_range=False f_mag=0.000N tau_mag=0.0000Nm misalign_deg=91.0 pos=[ 0.13196793 -0.10936391  0.57989645] bottom_world=[ 0.13163406 -0.10889945  0.55990463] quat=[ 0.9998856   0.01157124  0.00840484 -0.00493356] speed=0.0618 ang_speed=4.8197 ang_vel_vec=[ 3.7704947   0.24756067 -2.9919171 ] |com_force|=0.0000N
### kotek_magnet[tick=11760] sensor3: d=0.5470m in_range=False f_mag=0.000N tau_mag=0.0000Nm misalign_deg=90.0 pos=[-0.10910816 -0.10914589  0.49140105] bottom_world=[-0.10910791 -0.10914599  0.47140105] quat=[-3.8058412e-01 -4.7423327e-06  4.6698297e-06  9.2474639e-01] speed=0.0010 ang_speed=0.0016 ang_vel_vec=[ 0.00113468  0.00065387 -0.00090189] |com_force|=0.0000N
### kotek_magnet[tick=11760] sensor4: d=0.5249m in_range=False f_mag=0.000N tau_mag=0.0000Nm misalign_deg=90.0 pos=[-0.10900039  0.10899863  0.49140236] bottom_world=[-0.10900024  0.10899893  0.47140236] quat=[ 3.8268265e-01 -5.6850172e-07 -8.2771212e-06  9.2387980e-01] speed=0.0007 ang_speed=0.0044 ang_vel_vec=[-0.00159512  0.00413869  0.00035002] |com_force|=0.0000N
### kotek_magnet[tick=11820] sensor2: d=0.3447m in_range=False f_mag=0.000N tau_mag=0.0000Nm misalign_deg=91.6 pos=[ 0.13110441 -0.11187488  0.57600737] bottom_world=[ 0.13053097 -0.11149116  0.55601927] quat=[0.9998413  0.00965833 0.01429527 0.00446196] speed=0.0529 ang_speed=3.6406 ang_vel_vec=[ 2.7112236   0.13758749 -2.4256842 ] |com_force|=0.0000N
### kotek_magnet[tick=11820] sensor3: d=0.5470m in_range=False f_mag=0.000N tau_mag=0.0000Nm misalign_deg=90.0 pos=[-0.10910807 -0.10914579  0.49140102] bottom_world=[-0.10910782 -0.10914592  0.47140102] quat=[-3.805839e-01 -4.614894e-06  5.354243e-06  9.247464e-01] speed=0.0009 ang_speed=0.0031 ang_vel_vec=[ 0.002227    0.00201234 -0.00067876] |com_force|=0.0000N
### kotek_magnet[tick=11820] sensor4: d=0.5249m in_range=False f_mag=0.000N tau_mag=0.0000Nm misalign_deg=90.0 pos=[-0.10900022  0.10899839  0.4914024 ] bottom_world=[-0.10900012  0.1089987   0.47140239] quat=[ 3.8268301e-01  7.2258825e-07 -8.1628414e-06  9.2387980e-01] speed=0.0010 ang_speed=0.0026 ang_vel_vec=[ 0.00041197 -0.00232801  0.00114275] |com_force|=0.0000N
### kotek_magnet[tick=11880] sensor2: d=0.3401m in_range=False f_mag=0.000N tau_mag=0.0000Nm misalign_deg=93.8 pos=[ 0.13118166 -0.12148636  0.56329554] bottom_world=[ 0.12986538 -0.12269356  0.54337545] quat=[ 0.99690574 -0.02801484  0.03482618  0.06466339] speed=0.0602 ang_speed=3.9486 ang_vel_vec=[ 2.8356466   0.87107337 -2.6060555 ] |com_force|=0.0000N
### kotek_magnet[tick=11880] sensor3: d=0.5470m in_range=False f_mag=0.000N tau_mag=0.0000Nm misalign_deg=90.0 pos=[-0.1091075  -0.10914619  0.4914011 ] bottom_world=[-0.10910745 -0.10914607  0.47140111] quat=[-3.8058391e-01 -2.3033467e-06 -2.4595583e-06  9.2474645e-01] speed=0.0005 ang_speed=0.0018 ang_vel_vec=[ 0.00021258  0.00167027 -0.00065344] |com_force|=0.0000N
### kotek_magnet[tick=11880] sensor4: d=0.5249m in_range=False f_mag=0.000N tau_mag=0.0000Nm misalign_deg=90.0 pos=[-0.10900023  0.10899836  0.49140236] bottom_world=[-0.10900011  0.10899868  0.47140236] quat=[ 3.8268307e-01  3.9672810e-07 -8.5630409e-06  9.2387974e-01] speed=0.0010 ang_speed=0.0020 ang_vel_vec=[-0.00023367 -0.00137598  0.00138368] |com_force|=0.0000N
### kotek_magnet[tick=11940] sensor2: d=0.3343m in_range=False f_mag=0.000N tau_mag=0.0000Nm misalign_deg=95.5 pos=[ 0.13283435 -0.1323353   0.5486425 ] bottom_world=[ 0.13093376 -0.13558646  0.52900027] quat=[ 0.9854407  -0.07404429  0.05883291  0.14129041] speed=0.0569 ang_speed=3.4678 ang_vel_vec=[ 2.426705    0.33849105 -2.4539833 ] |com_force|=0.0000N
### kotek_magnet[tick=11940] sensor3: d=0.5470m in_range=False f_mag=0.000N tau_mag=0.0000Nm misalign_deg=90.0 pos=[-0.10910816 -0.10914588  0.49140105] bottom_world=[-0.10910792 -0.10914597  0.47140105] quat=[-3.8058409e-01 -4.6803561e-06  4.4593362e-06  9.2474633e-01] speed=0.0010 ang_speed=0.0012 ang_vel_vec=[ 0.00089966  0.0004996  -0.00069946] |com_force|=0.0000N
### kotek_magnet[tick=11940] sensor4: d=0.5249m in_range=False f_mag=0.000N tau_mag=0.0000Nm misalign_deg=90.0 pos=[-0.10900037  0.10899865  0.4914023 ] bottom_world=[-0.10900022  0.10899895  0.4714023 ] quat=[ 3.8268274e-01 -4.7967069e-07 -8.3642126e-06  9.2387992e-01] speed=0.0007 ang_speed=0.0049 ang_vel_vec=[-0.0019386   0.0044189   0.00053454] |com_force|=0.0000N
### still playing, 1189s left
### kotek_magnet[tick=12000] sensor2: d=0.3279m in_range=False f_mag=0.000N tau_mag=0.0000Nm misalign_deg=95.8 pos=[ 0.13639472 -0.14246248  0.53474575] bottom_world=[ 0.13435853 -0.14780847  0.51558135] quat=[ 0.96423054 -0.12006683  0.08046095  0.22219269] speed=0.0696 ang_speed=3.9839 ang_vel_vec=[ 2.2039568  1.2226095 -3.0852737] |com_force|=0.0000N
### kotek_magnet[tick=12000] sensor3: d=0.5470m in_range=False f_mag=0.000N tau_mag=0.0000Nm misalign_deg=90.0 pos=[-0.10910816 -0.10914589  0.49140105] bottom_world=[-0.10910791 -0.10914599  0.47140105] quat=[-3.8058403e-01 -4.7351714e-06  4.4496569e-06  9.2474645e-01] speed=0.0010 ang_speed=0.0013 ang_vel_vec=[ 0.0009561   0.00050128 -0.00073236] |com_force|=0.0000N
### kotek_magnet[tick=12000] sensor4: d=0.5249m in_range=False f_mag=0.000N tau_mag=0.0000Nm misalign_deg=90.0 pos=[-0.10900019  0.10899838  0.49140224] bottom_world=[-0.10900008  0.1089987   0.47140224] quat=[ 3.8268313e-01  4.6179454e-07 -8.5372130e-06  9.2387974e-01] speed=0.0010 ang_speed=0.0019 ang_vel_vec=[-0.0003482  -0.0012847   0.00138149] |com_force|=0.0000N
### kotek_magnet[tick=12060] sensor2: d=0.3201m in_range=False f_mag=0.000N tau_mag=0.0000Nm misalign_deg=94.8 pos=[ 0.14241251 -0.15147775  0.52144134] bottom_world=[ 0.14073434 -0.15890885  0.50294911] quat=[ 0.93178356 -0.16651201  0.09983984  0.30673334] speed=0.0690 ang_speed=3.2733 ang_vel_vec=[ 1.6176145  0.8330085 -2.7210598] |com_force|=0.0000N
### kotek_magnet[tick=12060] sensor3: d=0.5470m in_range=False f_mag=0.000N tau_mag=0.0000Nm misalign_deg=90.0 pos=[-0.1091075  -0.10914618  0.49140108] bottom_world=[-0.10910745 -0.10914606  0.47140108] quat=[-3.8058379e-01 -2.2978156e-06 -2.2558065e-06  9.2474651e-01] speed=0.0005 ang_speed=0.0021 ang_vel_vec=[ 0.00024709  0.00190953 -0.00077851] |com_force|=0.0000N
### kotek_magnet[tick=12060] sensor4: d=0.5249m in_range=False f_mag=0.000N tau_mag=0.0000Nm misalign_deg=90.0 pos=[-0.10900035  0.10899945  0.4914023 ] bottom_world=[-0.10900033  0.10899951  0.4714023 ] quat=[ 3.8268223e-01  1.3243258e-07 -1.5160654e-06  9.2388004e-01] speed=0.0004 ang_speed=0.0028 ang_vel_vec=[ 0.00236456  0.00129677 -0.00086362] |com_force|=0.0000N
### kotek_magnet[tick=12120] sensor2: d=0.3108m in_range=False f_mag=0.000N tau_mag=0.0000Nm misalign_deg=92.3 pos=[ 0.15065336 -0.15883061  0.50947064] bottom_world=[ 0.14985225 -0.16810959  0.49177152] quat=[ 0.8892982  -0.2106104   0.1147398   0.38939285] speed=0.0728 ang_speed=4.2932 ang_vel_vec=[ 1.8158872  1.3100808 -3.6630192] |com_force|=0.0000N
### kotek_magnet[tick=12120] sensor3: d=0.5470m in_range=False f_mag=0.000N tau_mag=0.0000Nm misalign_deg=90.0 pos=[-0.1091075  -0.10914616  0.49140093] bottom_world=[-0.10910746 -0.10914603  0.47140093] quat=[-3.8058391e-01 -2.3239757e-06 -2.5791958e-06  9.2474651e-01] speed=0.0005 ang_speed=0.0019 ang_vel_vec=[-0.00016371  0.0018383  -0.00060369] |com_force|=0.0000N
### kotek_magnet[tick=12120] sensor4: d=0.5249m in_range=False f_mag=0.000N tau_mag=0.0000Nm misalign_deg=90.0 pos=[-0.10900004  0.10900012  0.49140236] bottom_world=[-0.10900028  0.10899997  0.47140236] quat=[3.8268206e-01 4.0893929e-06 5.9267859e-06 9.2388010e-01] speed=0.0010 ang_speed=0.0033 ang_vel_vec=[ 0.00233514 -0.00224174 -0.00071093] |com_force|=0.0000N
### kotek_magnet[tick=12180] sensor2: d=0.2992m in_range=False f_mag=0.000N tau_mag=0.0000Nm misalign_deg=88.3 pos=[ 0.16151641 -0.16422151  0.4982729 ] bottom_world=[ 0.16210327 -0.1750762   0.48148506] quat=[ 0.8352698  -0.2539729   0.12570557  0.47119036] speed=0.0705 ang_speed=3.3493 ang_vel_vec=[ 0.8675346  0.8665453 -3.1168075] |com_force|=0.0000N
### kotek_magnet[tick=12180] sensor3: d=0.5470m in_range=False f_mag=0.000N tau_mag=0.0000Nm misalign_deg=90.0 pos=[-0.10910648 -0.10914592  0.49140096] bottom_world=[-0.10910665 -0.10914574  0.47140096] quat=[-3.8058284e-01  2.1035173e-06 -5.7864913e-06  9.2474681e-01] speed=0.0010 ang_speed=0.0032 ang_vel_vec=[0.00256988 0.00084854 0.00165504] |com_force|=0.0000N
### kotek_magnet[tick=12180] sensor4: d=0.5249m in_range=False f_mag=0.000N tau_mag=0.0000Nm misalign_deg=90.0 pos=[-0.10900032  0.10899948  0.49140236] bottom_world=[-0.10900031  0.10899954  0.47140236] quat=[ 3.8268229e-01  3.6493117e-07 -1.7105940e-06  9.2388010e-01] speed=0.0004 ang_speed=0.0027 ang_vel_vec=[ 0.00259685  0.00051709 -0.00066427] |com_force|=0.0000N
### kotek_magnet[tick=12240] sensor2: d=0.2849m in_range=False f_mag=0.000N tau_mag=0.0000Nm misalign_deg=83.0 pos=[ 0.17488864 -0.16705468  0.48808882] bottom_world=[ 0.17733074 -0.17906173  0.47228163] quat=[ 0.770377   -0.2957877   0.13164371  0.54927117] speed=0.0734 ang_speed=3.4885 ang_vel_vec=[ 0.51742333  1.152957   -3.2515142 ] |com_force|=0.0000N
### kotek_magnet[tick=12240] sensor3: d=0.5470m in_range=False f_mag=0.000N tau_mag=0.0000Nm misalign_deg=90.0 pos=[-0.10910644 -0.10914595  0.49140108] bottom_world=[-0.10910662 -0.10914576  0.47140108] quat=[-3.8058281e-01  2.1831011e-06 -5.9920812e-06  9.2474681e-01] speed=0.0010 ang_speed=0.0026 ang_vel_vec=[0.00213926 0.00057303 0.00134442] |com_force|=0.0000N
### kotek_magnet[tick=12240] sensor4: d=0.5249m in_range=False f_mag=0.000N tau_mag=0.0000Nm misalign_deg=90.0 pos=[-0.1090002   0.10899839  0.49140227] bottom_world=[-0.10900008  0.10899871  0.47140227] quat=[ 3.8268313e-01  4.6445933e-07 -8.6488644e-06  9.2387968e-01] speed=0.0010 ang_speed=0.0019 ang_vel_vec=[-0.0001556  -0.0015513   0.00113791] |com_force|=0.0000N
### kotek_magnet[tick=12300] sensor2: d=0.2677m in_range=False f_mag=0.000N tau_mag=0.0000Nm misalign_deg=76.5 pos=[ 0.19056973 -0.16686858  0.4785892 ] bottom_world=[ 0.19524168 -0.17949972  0.46380316] quat=[ 0.6946244  -0.33579102  0.13263923  0.6222123 ] speed=0.0776 ang_speed=3.5585 ang_vel_vec=[ 0.20284694  0.9515103  -3.4229338 ] |com_force|=0.0000N
### kotek_magnet[tick=12300] sensor3: d=0.5470m in_range=False f_mag=0.000N tau_mag=0.0000Nm misalign_deg=90.0 pos=[-0.1091067  -0.10914612  0.49140117] bottom_world=[-0.10910687 -0.10914584  0.47140117] quat=[-3.8058317e-01  1.3892703e-06 -8.0381797e-06  9.2474669e-01] speed=0.0007 ang_speed=0.0032 ang_vel_vec=[-0.00308668 -0.00061504  0.00066521] |com_force|=0.0000N
### kotek_magnet[tick=12300] sensor4: d=0.5249m in_range=False f_mag=0.000N tau_mag=0.0000Nm misalign_deg=90.0 pos=[-0.10900033  0.10899869  0.49140233] bottom_world=[-0.10900017  0.10899899  0.47140233] quat=[ 3.8268283e-01 -5.6588038e-07 -8.4960047e-06  9.2387986e-01] speed=0.0007 ang_speed=0.0050 ang_vel_vec=[-0.00195129  0.00452535  0.00056531] |com_force|=0.0000N
### kotek_magnet[tick=12360] sensor2: d=0.2475m in_range=False f_mag=0.000N tau_mag=0.0000Nm misalign_deg=69.1 pos=[ 0.20804235 -0.16314234  0.46993887] bottom_world=[ 0.21517979 -0.17577685  0.45617566] quat=[ 0.6094511  -0.3733966   0.12843099  0.68749535] speed=0.0891 ang_speed=3.8004 ang_vel_vec=[-0.12241878  0.29383546 -3.7870193 ] |com_force|=0.0000N
### kotek_magnet[tick=12360] sensor3: d=0.5470m in_range=False f_mag=0.000N tau_mag=0.0000Nm misalign_deg=90.0 pos=[-0.10910643 -0.10914598  0.49140108] bottom_world=[-0.1091066  -0.10914579  0.47140108] quat=[-3.8058305e-01  2.2748684e-06 -6.0352959e-06  9.2474687e-01] speed=0.0010 ang_speed=0.0028 ang_vel_vec=[0.00227954 0.00065363 0.00141771] |com_force|=0.0000N
### kotek_magnet[tick=12360] sensor4: d=0.5249m in_range=False f_mag=0.000N tau_mag=0.0000Nm misalign_deg=90.0 pos=[-0.10900018  0.1089984   0.49140236] bottom_world=[-0.10900007  0.10899872  0.47140236] quat=[ 3.8268316e-01  5.6202191e-07 -8.4845733e-06  9.2387974e-01] speed=0.0010 ang_speed=0.0019 ang_vel_vec=[-0.00036254 -0.00141083  0.0012055 ] |com_force|=0.0000N
### kotek_magnet[tick=12420] sensor2: d=0.2240m in_range=False f_mag=0.000N tau_mag=0.0000Nm misalign_deg=60.9 pos=[ 0.22706045 -0.1551348   0.46197757] bottom_world=[ 0.23678712 -0.16709113  0.44923246] quat=[ 0.5151584  -0.40904158  0.1185629   0.7438008 ] speed=0.0922 ang_speed=3.3428 ang_vel_vec=[-0.33838874 -0.07525611 -3.3248196 ] |com_force|=0.0000N
### kotek_magnet[tick=12420] sensor3: d=0.5470m in_range=False f_mag=0.000N tau_mag=0.0000Nm misalign_deg=90.0 pos=[-0.10910643 -0.10914591  0.4914011 ] bottom_world=[-0.10910661 -0.10914572  0.47140111] quat=[-3.8058305e-01  2.2877159e-06 -6.1011979e-06  9.2474681e-01] speed=0.0010 ang_speed=0.0028 ang_vel_vec=[0.00237612 0.00068887 0.00138966] |com_force|=0.0000N
### kotek_magnet[tick=12420] sensor4: d=0.5249m in_range=False f_mag=0.000N tau_mag=0.0000Nm misalign_deg=90.0 pos=[-0.10900005  0.10900018  0.49140224] bottom_world=[-0.10900028  0.10900004  0.47140224] quat=[3.8268206e-01 3.8722251e-06 5.4399220e-06 9.2388010e-01] speed=0.0009 ang_speed=0.0026 ang_vel_vec=[ 0.00174576 -0.00173204 -0.0009595 ] |com_force|=0.0000N
### kotek_magnet[tick=12480] sensor2: d=0.1987m in_range=False f_mag=0.000N tau_mag=0.0000Nm misalign_deg=52.5 pos=[ 0.2462482  -0.14296128  0.45499647] bottom_world=[ 0.25841346 -0.15360108  0.44321508] quat=[ 0.41754523 -0.4412332   0.10381971  0.787522  ] speed=0.0923 ang_speed=3.4301 ang_vel_vec=[-0.270827   -0.21616012 -3.4125488 ] |com_force|=0.0000N
### kotek_magnet[tick=12480] sensor3: d=0.5470m in_range=False f_mag=0.000N tau_mag=0.0000Nm misalign_deg=90.0 pos=[-0.10910645 -0.10914595  0.49140102] bottom_world=[-0.10910663 -0.10914576  0.47140102] quat=[-3.8058281e-01  2.3777257e-06 -6.0589869e-06  9.2474681e-01] speed=0.0010 ang_speed=0.0032 ang_vel_vec=[0.0027137  0.00068388 0.00154459] |com_force|=0.0000N
### kotek_magnet[tick=12480] sensor4: d=0.5249m in_range=False f_mag=0.000N tau_mag=0.0000Nm misalign_deg=90.0 pos=[-0.10900004  0.10900013  0.4914023 ] bottom_world=[-0.10900026  0.10899999  0.4714023 ] quat=[3.8268197e-01 3.7049299e-06 5.3622111e-06 9.2388010e-01] speed=0.0009 ang_speed=0.0023 ang_vel_vec=[ 0.00157991 -0.0014359  -0.0007791 ] |com_force|=0.0000N
### kotek_magnet[tick=12540] sensor2: d=0.1709m in_range=False f_mag=0.000N tau_mag=0.0000Nm misalign_deg=44.0 pos=[ 0.26566923 -0.12558794  0.44869357] bottom_world=[ 0.28006479 -0.1342804   0.43786727] quat=[ 0.3145084  -0.4714297   0.08423974  0.81959885] speed=0.1090 ang_speed=4.1488 ang_vel_vec=[ 0.504017   -0.12688047 -4.1160674 ] |com_force|=0.0000N
### kotek_magnet[tick=12540] sensor3: d=0.5470m in_range=False f_mag=0.000N tau_mag=0.0000Nm misalign_deg=90.0 pos=[-0.10910642 -0.10914593  0.49140105] bottom_world=[-0.1091066  -0.10914574  0.47140105] quat=[-3.8058305e-01  2.3676605e-06 -6.0601706e-06  9.2474681e-01] speed=0.0010 ang_speed=0.0033 ang_vel_vec=[0.00279914 0.00070679 0.00151798] |com_force|=0.0000N
### kotek_magnet[tick=12540] sensor4: d=0.5249m in_range=False f_mag=0.000N tau_mag=0.0000Nm misalign_deg=90.0 pos=[-0.1090003   0.10899953  0.49140233] bottom_world=[-0.10900029  0.10899959  0.47140233] quat=[ 3.8268223e-01  2.9013052e-07 -1.5305152e-06  9.2388016e-01] speed=0.0004 ang_speed=0.0024 ang_vel_vec=[ 0.00195782  0.0012308  -0.00078685] |com_force|=0.0000N
### kotek_magnet[tick=12600] sensor2: d=0.1432m in_range=False f_mag=0.000N tau_mag=0.0000Nm misalign_deg=35.7 pos=[ 0.28370357 -0.10342837  0.4431944 ] bottom_world=[ 0.2999367  -0.10962143  0.43328825] quat=[ 0.2098286  -0.49876776  0.05981081  0.83882385] speed=0.1095 ang_speed=4.0588 ang_vel_vec=[ 0.7092552 -0.5777204 -3.9544163] |com_force|=0.0000N
### kotek_magnet[tick=12600] sensor3: d=0.5470m in_range=False f_mag=0.000N tau_mag=0.0000Nm misalign_deg=90.0 pos=[-0.10910643 -0.10914588  0.49140102] bottom_world=[-0.10910661 -0.10914569  0.47140102] quat=[-3.8058302e-01  2.3749703e-06 -6.0563571e-06  9.2474681e-01] speed=0.0010 ang_speed=0.0032 ang_vel_vec=[0.00272613 0.00060784 0.00160028] |com_force|=0.0000N
### kotek_magnet[tick=12600] sensor4: d=0.5249m in_range=False f_mag=0.000N tau_mag=0.0000Nm misalign_deg=90.0 pos=[-0.10900015  0.10899846  0.49140236] bottom_world=[-0.10900005  0.10899877  0.47140236] quat=[ 3.8268307e-01  6.4019389e-07 -8.1382705e-06  9.2387980e-01] speed=0.0010 ang_speed=0.0019 ang_vel_vec=[-0.00020318 -0.00123503  0.00141837] |com_force|=0.0000N
### kotek_magnet[tick=12660] sensor2: d=0.1188m in_range=False f_mag=0.000N tau_mag=0.0000Nm misalign_deg=28.5 pos=[ 0.29943496 -0.07654279  0.4385663 ] bottom_world=[ 0.31700326 -0.07978316  0.42957437] quat=[ 0.10535333 -0.5237047   0.03058127  0.84480697] speed=0.0962 ang_speed=3.2978 ang_vel_vec=[-0.7349679  -0.16895854 -3.2103958 ] |com_force|=0.0000N
### kotek_magnet[tick=12660] sensor3: d=0.5470m in_range=False f_mag=0.000N tau_mag=0.0000Nm misalign_deg=90.0 pos=[-0.10910815 -0.10914584  0.49140108] bottom_world=[-0.1091079  -0.10914594  0.47140108] quat=[-3.8058391e-01 -4.8643701e-06  4.7846697e-06  9.2474645e-01] speed=0.0009 ang_speed=0.0020 ang_vel_vec=[ 0.00145322  0.00108918 -0.00079531] |com_force|=0.0000N
### kotek_magnet[tick=12660] sensor4: d=0.5249m in_range=False f_mag=0.000N tau_mag=0.0000Nm misalign_deg=90.0 pos=[-0.10900017  0.10899843  0.4914023 ] bottom_world=[-0.10900007  0.10899874  0.4714023 ] quat=[ 3.8268307e-01  7.2376122e-07 -8.1208645e-06  9.2387974e-01] speed=0.0010 ang_speed=0.0024 ang_vel_vec=[ 6.2320178e-05 -2.0614630e-03  1.2916389e-03] |com_force|=0.0000N
### kotek_magnet[tick=12720] sensor2: d=0.1056m in_range=False f_mag=0.000N tau_mag=0.0000Nm misalign_deg=24.4 pos=[ 0.30987987 -0.05141844  0.43560132] bottom_world=[ 0.3280895  -0.05204996  0.42735448] quat=[ 0.02095281 -0.5420342   0.00527439  0.84007865] speed=0.0842 ang_speed=4.0875 ang_vel_vec=[ 0.9765393 -1.184441  -3.7882826] |com_force|=0.0000N
### kotek_magnet[tick=12720] sensor3: d=0.5470m in_range=False f_mag=0.000N tau_mag=0.0000Nm misalign_deg=90.0 pos=[-0.10910814 -0.10914583  0.49140105] bottom_world=[-0.10910791 -0.10914592  0.47140105] quat=[-3.8058397e-01 -4.5038091e-06  4.2710385e-06  9.2474645e-01] speed=0.0009 ang_speed=0.0018 ang_vel_vec=[ 0.00133657  0.00087765 -0.0007701 ] |com_force|=0.0000N
### kotek_magnet[tick=12720] sensor4: d=0.5249m in_range=False f_mag=0.000N tau_mag=0.0000Nm misalign_deg=90.0 pos=[-0.10900015  0.10899844  0.49140227] bottom_world=[-0.10900003  0.10899876  0.47140227] quat=[ 3.826831e-01  3.227979e-07 -8.564740e-06  9.238798e-01] speed=0.0010 ang_speed=0.0017 ang_vel_vec=[-0.00099097  0.00010386  0.00139033] |com_force|=0.0000N
### kotek_magnet[tick=12780] sensor2: d=0.1022m in_range=False f_mag=0.000N tau_mag=0.0000Nm misalign_deg=24.8 pos=[ 0.30901203 -0.05008958  0.43006754] bottom_world=[ 0.32717    -0.05050856  0.42169423] quat=[ 0.01485451 -0.53912765  0.0029284   0.842088  ] speed=0.0634 ang_speed=3.9979 ang_vel_vec=[ 1.1843047  -0.87443376 -3.7170222 ] |com_force|=0.0000N
### kotek_magnet[tick=12780] sensor3: d=0.5470m in_range=False f_mag=0.000N tau_mag=0.0000Nm misalign_deg=90.0 pos=[-0.10910812 -0.10914586  0.49140102] bottom_world=[-0.10910788 -0.10914595  0.47140102] quat=[-3.8058412e-01 -4.6804344e-06  4.4914309e-06  9.2474633e-01] speed=0.0009 ang_speed=0.0022 ang_vel_vec=[ 0.00159213  0.00107277 -0.00099171] |com_force|=0.0000N
### kotek_magnet[tick=12780] sensor4: d=0.5249m in_range=False f_mag=0.000N tau_mag=0.0000Nm misalign_deg=90.0 pos=[-0.10900018  0.10899843  0.4914024 ] bottom_world=[-0.10900007  0.10899874  0.47140239] quat=[ 3.8268298e-01  5.2673352e-07 -8.2556107e-06  9.2387974e-01] speed=0.0010 ang_speed=0.0014 ang_vel_vec=[-0.00038922 -0.00080801  0.00111849] |com_force|=0.0000N
### kotek_magnet[tick=12840] sensor2: d=0.0863m in_range=True f_mag=1.718N tau_mag=0.0017Nm misalign_deg=24.6 pos=[ 0.31804335 -0.05074752  0.41649374] bottom_world=[ 0.33622965 -0.05110768  0.40817938] quat=[ 0.0128451  -0.540495    0.00245021  0.8412456 ] speed=0.0600 ang_speed=4.2186 ang_vel_vec=[ 1.0522044  -0.97880715 -3.9662921 ] |com_force|=0.4100N
### kotek_magnet[tick=12840] sensor3: d=0.5470m in_range=False f_mag=0.000N tau_mag=0.0000Nm misalign_deg=90.0 pos=[-0.10910812 -0.10914584  0.49140102] bottom_world=[-0.10910788 -0.10914594  0.47140102] quat=[-3.8058403e-01 -4.7403328e-06  4.5726497e-06  9.2474645e-01] speed=0.0009 ang_speed=0.0019 ang_vel_vec=[ 0.00141259  0.00093323 -0.0007969 ] |com_force|=0.0000N
### kotek_magnet[tick=12840] sensor4: d=0.5249m in_range=False f_mag=0.000N tau_mag=0.0000Nm misalign_deg=90.0 pos=[-0.10900033  0.10899871  0.4914024 ] bottom_world=[-0.10900019  0.108999    0.47140239] quat=[ 3.8268268e-01 -5.8568338e-07 -8.1760072e-06  9.2387980e-01] speed=0.0006 ang_speed=0.0044 ang_vel_vec=[-0.0013967   0.00410406  0.00045598] |com_force|=0.0000N
### kotek_magnet[tick=12900] sensor2: d=0.0638m in_range=True f_mag=1.254N tau_mag=0.0012Nm misalign_deg=24.0 pos=[ 0.33208883 -0.05125652  0.3982277 ] bottom_world=[ 0.35035737 -0.05151434  0.39009173] quat=[ 0.00866557 -0.54460704  0.00205837  0.838644  ] speed=0.0589 ang_speed=3.7372 ang_vel_vec=[ 1.1519945 -0.7764685 -3.4694335] |com_force|=0.4078N
### kotek_magnet[tick=12900] sensor3: d=0.5470m in_range=False f_mag=0.000N tau_mag=0.0000Nm misalign_deg=90.0 pos=[-0.10910813 -0.10914587  0.49140108] bottom_world=[-0.10910789 -0.10914597  0.47140108] quat=[-3.8058415e-01 -4.5813767e-06  4.4130152e-06  9.2474639e-01] speed=0.0009 ang_speed=0.0018 ang_vel_vec=[ 0.00134982  0.00086531 -0.00084634] |com_force|=0.0000N
### kotek_magnet[tick=12900] sensor4: d=0.5249m in_range=False f_mag=0.000N tau_mag=0.0000Nm misalign_deg=90.0 pos=[-0.10900018  0.10899842  0.49140227] bottom_world=[-0.10900008  0.10899873  0.47140227] quat=[ 3.8268304e-01  6.0154071e-07 -8.0625614e-06  9.2387974e-01] speed=0.0010 ang_speed=0.0017 ang_vel_vec=[-0.00019853 -0.00100132  0.0013054 ] |com_force|=0.0000N
### kotek_magnet[tick=12960] sensor2: d=0.0501m in_range=True f_mag=0.971N tau_mag=0.0009Nm misalign_deg=23.6 pos=[ 0.34105495 -0.05160389  0.3872246 ] bottom_world=[ 0.35938896 -0.05180332  0.37923561] quat=[ 0.00609913 -0.54797     0.00196468  0.8364735 ] speed=0.0889 ang_speed=3.5356 ang_vel_vec=[ 1.4635487   0.04562266 -3.2181182 ] |com_force|=0.3186N
### kotek_magnet[tick=12960] sensor3: d=0.5470m in_range=False f_mag=0.000N tau_mag=0.0000Nm misalign_deg=90.0 pos=[-0.10910748 -0.10914611  0.49140102] bottom_world=[-0.10910743 -0.10914598  0.47140102] quat=[-3.8058379e-01 -2.3210805e-06 -2.6011908e-06  9.2474639e-01] speed=0.0004 ang_speed=0.0021 ang_vel_vec=[-0.00021662  0.00192531 -0.00073374] |com_force|=0.0000N
### kotek_magnet[tick=12960] sensor4: d=0.5249m in_range=False f_mag=0.000N tau_mag=0.0000Nm misalign_deg=90.0 pos=[-0.10900009  0.10899933  0.4914022 ] bottom_world=[-0.10900015  0.10899942  0.47140221] quat=[ 3.8268274e-01  2.4428068e-06 -1.5672540e-06  9.2387986e-01] speed=0.0002 ang_speed=0.0044 ang_vel_vec=[ 0.00236136 -0.00369276  0.00032896] |com_force|=0.0000N
### kotek_magnet[tick=13004]: welded sensor 2 at d=0.0144m misalign_deg=14.8 pos=[ 0.37027776 -0.05024992  0.3651377 ] wall_pos=[0.425 0.    0.5  ] local_pos1=[-0.05472224 -0.05024992 -0.1348623 ] quat=[ 0.00607843 -0.61007905 -0.00798121  0.79227716]
### kotek_magnet[tick=13020] sensor3: d=0.5470m in_range=False f_mag=0.000N tau_mag=0.0000Nm misalign_deg=90.0 pos=[-0.10910812 -0.10914581  0.49140096] bottom_world=[-0.10910787 -0.10914592  0.47140096] quat=[-3.8058415e-01 -4.9074906e-06  4.8202451e-06  9.2474633e-01] speed=0.0009 ang_speed=0.0021 ang_vel_vec=[ 0.00146275  0.00108522 -0.00094235] |com_force|=0.0000N
### kotek_magnet[tick=13020] sensor4: d=0.5249m in_range=False f_mag=0.000N tau_mag=0.0000Nm misalign_deg=90.0 pos=[-0.10900015  0.10899849  0.4914024 ] bottom_world=[-0.10900006  0.1089988   0.47140239] quat=[ 3.8268304e-01  8.0750112e-07 -7.8740741e-06  9.2387974e-01] speed=0.0010 ang_speed=0.0024 ang_vel_vec=[ 0.00024151 -0.00205014  0.00117201] |com_force|=0.0000N
### kotek_magnet[tick=13080] sensor3: d=0.5470m in_range=False f_mag=0.000N tau_mag=0.0000Nm misalign_deg=90.0 pos=[-0.10910746 -0.1091461   0.49140108] bottom_world=[-0.1091074  -0.10914598  0.47140108] quat=[-3.8058394e-01 -2.4183776e-06 -2.3287789e-06  9.2474639e-01] speed=0.0004 ang_speed=0.0021 ang_vel_vec=[-9.388691e-06  2.001744e-03 -7.094869e-04] |com_force|=0.0000N
### kotek_magnet[tick=13080] sensor4: d=0.5249m in_range=False f_mag=0.000N tau_mag=0.0000Nm misalign_deg=90.0 pos=[-0.10899985  0.10900024  0.4914022 ] bottom_world=[-0.10900017  0.10900007  0.47140221] quat=[3.8268226e-01 5.7264292e-06 6.8864374e-06 9.2387998e-01] speed=0.0013 ang_speed=0.0154 ang_vel_vec=[ 0.00779558 -0.01326284 -0.00030963] |com_force|=0.0000N
### kotek_magnet[tick=13140] sensor3: d=0.5470m in_range=False f_mag=0.000N tau_mag=0.0000Nm misalign_deg=90.0 pos=[-0.10910812 -0.10914584  0.49140105] bottom_world=[-0.10910787 -0.10914595  0.47140105] quat=[-3.8058406e-01 -4.7339940e-06  4.7373669e-06  9.2474633e-01] speed=0.0009 ang_speed=0.0019 ang_vel_vec=[ 0.00137156  0.00104932 -0.00089579] |com_force|=0.0000N
### kotek_magnet[tick=13140] sensor4: d=0.5249m in_range=False f_mag=0.000N tau_mag=0.0000Nm misalign_deg=90.0 pos=[-0.10900006  0.10900014  0.49140236] bottom_world=[-0.10900028  0.10900001  0.47140236] quat=[3.8268209e-01 3.7626685e-06 5.1628745e-06 9.2388016e-01] speed=0.0010 ang_speed=0.0022 ang_vel_vec=[ 0.00131355 -0.0014563  -0.00094211] |com_force|=0.0000N
### kotek_magnet[tick=13200] sensor3: d=0.5470m in_range=False f_mag=0.000N tau_mag=0.0000Nm misalign_deg=90.0 pos=[-0.10910744 -0.10914613  0.49140105] bottom_world=[-0.1091074  -0.10914599  0.47140105] quat=[-3.8058391e-01 -2.3586033e-06 -2.6687835e-06  9.2474645e-01] speed=0.0004 ang_speed=0.0021 ang_vel_vec=[-0.0002653   0.0019982  -0.00061216] |com_force|=0.0000N
### kotek_magnet[tick=13200] sensor4: d=0.5249m in_range=False f_mag=0.000N tau_mag=0.0000Nm misalign_deg=90.0 pos=[-0.10900005  0.10900018  0.4914024 ] bottom_world=[-0.10900027  0.10900004  0.47140239] quat=[3.8268209e-01 3.7930868e-06 5.2676469e-06 9.2388010e-01] speed=0.0010 ang_speed=0.0022 ang_vel_vec=[ 0.00153935 -0.00146304 -0.00067811] |com_force|=0.0000N
### kotek_magnet[tick=13260] sensor3: d=0.5470m in_range=False f_mag=0.000N tau_mag=0.0000Nm misalign_deg=90.0 pos=[-0.10910802 -0.10914577  0.49140102] bottom_world=[-0.10910778 -0.10914588  0.47140102] quat=[-3.8058379e-01 -4.4506332e-06  4.9832256e-06  9.2474651e-01] speed=0.0009 ang_speed=0.0036 ang_vel_vec=[ 0.00257954  0.00254446 -0.00043325] |com_force|=0.0000N
### kotek_magnet[tick=13260] sensor4: d=0.5249m in_range=False f_mag=0.000N tau_mag=0.0000Nm misalign_deg=90.0 pos=[-0.1090003   0.10899869  0.49140236] bottom_world=[-0.10900015  0.10899899  0.47140236] quat=[ 3.8268277e-01 -5.0124925e-07 -8.3262048e-06  9.2387986e-01] speed=0.0006 ang_speed=0.0047 ang_vel_vec=[-0.00180383  0.00429678  0.00051674] |com_force|=0.0000N
### kotek_magnet[tick=13320] sensor3: d=0.5470m in_range=False f_mag=0.000N tau_mag=0.0000Nm misalign_deg=90.0 pos=[-0.10910812 -0.10914584  0.49140108] bottom_world=[-0.10910787 -0.10914594  0.47140108] quat=[-3.805839e-01 -4.759067e-06  4.831023e-06  9.247464e-01] speed=0.0009 ang_speed=0.0024 ang_vel_vec=[ 0.0018771   0.0012505  -0.00087121] |com_force|=0.0000N
### kotek_magnet[tick=13320] sensor4: d=0.5249m in_range=False f_mag=0.000N tau_mag=0.0000Nm misalign_deg=90.0 pos=[-0.10900018  0.10899844  0.4914023 ] bottom_world=[-0.10900006  0.10899876  0.4714023 ] quat=[ 3.8268298e-01  4.1539059e-07 -8.4752464e-06  9.2387974e-01] speed=0.0010 ang_speed=0.0015 ang_vel_vec=[-0.00054873 -0.00063441  0.00127203] |com_force|=0.0000N
### kotek_magnet[tick=13380] sensor3: d=0.5470m in_range=False f_mag=0.000N tau_mag=0.0000Nm misalign_deg=90.0 pos=[-0.10910804 -0.10914578  0.49140105] bottom_world=[-0.10910779 -0.10914592  0.47140105] quat=[-3.8058388e-01 -4.5151837e-06  5.4869238e-06  9.2474651e-01] speed=0.0009 ang_speed=0.0042 ang_vel_vec=[ 0.0030447   0.00290355 -0.00056373] |com_force|=0.0000N
### kotek_magnet[tick=13380] sensor4: d=0.5249m in_range=False f_mag=0.000N tau_mag=0.0000Nm misalign_deg=90.0 pos=[-0.10900038  0.10899836  0.49140242] bottom_world=[-0.10900018  0.1089987   0.47140242] quat=[ 3.8268271e-01 -1.4475293e-06 -9.9576064e-06  9.2387986e-01] speed=0.0009 ang_speed=0.0036 ang_vel_vec=[8.6499065e-05 3.5259393e-03 4.8616267e-04] |com_force|=0.0000N
### kotek_magnet[tick=13440] sensor3: d=0.5470m in_range=False f_mag=0.000N tau_mag=0.0000Nm misalign_deg=90.0 pos=[-0.10910813 -0.10914584  0.49140105] bottom_world=[-0.10910789 -0.10914594  0.47140105] quat=[-3.8058385e-01 -4.6439595e-06  4.6554665e-06  9.2474639e-01] speed=0.0009 ang_speed=0.0023 ang_vel_vec=[ 0.00166976  0.00128006 -0.00082168] |com_force|=0.0000N
### kotek_magnet[tick=13440] sensor4: d=0.5249m in_range=False f_mag=0.000N tau_mag=0.0000Nm misalign_deg=90.0 pos=[-0.10900036  0.10899869  0.49140233] bottom_world=[-0.10900022  0.10899899  0.47140233] quat=[ 3.8268274e-01 -5.1555566e-07 -8.3498408e-06  9.2387986e-01] speed=0.0007 ang_speed=0.0050 ang_vel_vec=[-0.00197737  0.00456663  0.00042352] |com_force|=0.0000N
### kotek_magnet[tick=13500] sensor3: d=0.5470m in_range=False f_mag=0.000N tau_mag=0.0000Nm misalign_deg=90.0 pos=[-0.10910748 -0.1091461   0.49140105] bottom_world=[-0.10910743 -0.10914597  0.47140105] quat=[-3.8058376e-01 -2.3738739e-06 -2.5985664e-06  9.2474651e-01] speed=0.0004 ang_speed=0.0023 ang_vel_vec=[-0.00025752  0.00212868 -0.00069805] |com_force|=0.0000N
### kotek_magnet[tick=13500] sensor4: d=0.5249m in_range=False f_mag=0.000N tau_mag=0.0000Nm misalign_deg=90.0 pos=[-0.1090003   0.10899869  0.49140233] bottom_world=[-0.10900015  0.10899899  0.47140233] quat=[ 3.8268268e-01 -4.3175004e-07 -8.3729556e-06  9.2387980e-01] speed=0.0007 ang_speed=0.0051 ang_vel_vec=[-0.00208239  0.00464856  0.00048593] |com_force|=0.0000N
### kotek_magnet[tick=13560] sensor3: d=0.5470m in_range=False f_mag=0.000N tau_mag=0.0000Nm misalign_deg=90.0 pos=[-0.10910811 -0.10914588  0.49140102] bottom_world=[-0.10910786 -0.10914598  0.47140102] quat=[-3.8058406e-01 -4.7032727e-06  4.6519581e-06  9.2474633e-01] speed=0.0009 ang_speed=0.0020 ang_vel_vec=[ 0.0014801   0.00112468 -0.00084602] |com_force|=0.0000N
### kotek_magnet[tick=13560] sensor4: d=0.5249m in_range=False f_mag=0.000N tau_mag=0.0000Nm misalign_deg=90.0 pos=[-0.10900041  0.10899836  0.4914023 ] bottom_world=[-0.10900018  0.10899872  0.4714023 ] quat=[ 3.8268280e-01 -1.6964177e-06 -1.0456591e-05  9.2387974e-01] speed=0.0010 ang_speed=0.0043 ang_vel_vec=[-0.00024395  0.00424791  0.00058119] |com_force|=0.0000N
### kotek_magnet[tick=13620] sensor3: d=0.5470m in_range=False f_mag=0.000N tau_mag=0.0000Nm misalign_deg=90.0 pos=[-0.10910667 -0.10914615  0.491401  ] bottom_world=[-0.10910684 -0.10914588  0.47140099] quat=[-3.8058320e-01  1.4985377e-06 -7.8806215e-06  9.2474675e-01] speed=0.0007 ang_speed=0.0031 ang_vel_vec=[-0.00296498 -0.00067128  0.00051277] |com_force|=0.0000N
### kotek_magnet[tick=13620] sensor4: d=0.5249m in_range=False f_mag=0.000N tau_mag=0.0000Nm misalign_deg=90.0 pos=[-0.10900017  0.10899842  0.49140236] bottom_world=[-0.10900004  0.10899875  0.47140236] quat=[ 3.8268307e-01  2.7921899e-07 -8.8739498e-06  9.2387974e-01] speed=0.0010 ang_speed=0.0017 ang_vel_vec=[-0.00088605 -0.00055398  0.00128883] |com_force|=0.0000N
### still playing, 1159s left
### kotek_magnet[tick=13680] sensor3: d=0.5470m in_range=False f_mag=0.000N tau_mag=0.0000Nm misalign_deg=90.0 pos=[-0.10910638 -0.10914599  0.49140114] bottom_world=[-0.10910659 -0.10914577  0.47140114] quat=[-3.8058287e-01  2.6067107e-06 -6.9415096e-06  9.2474681e-01] speed=0.0011 ang_speed=0.0022 ang_vel_vec=[ 1.5647720e-03 -2.5511526e-05  1.5877744e-03] |com_force|=0.0000N
### kotek_magnet[tick=13680] sensor4: d=0.5249m in_range=False f_mag=0.000N tau_mag=0.0000Nm misalign_deg=90.0 pos=[-0.10900041  0.10899834  0.49140236] bottom_world=[-0.10900019  0.1089987   0.47140236] quat=[ 3.8268295e-01 -1.6600751e-06 -1.0465610e-05  9.2387974e-01] speed=0.0010 ang_speed=0.0041 ang_vel_vec=[-0.00013371  0.00406686  0.00065837] |com_force|=0.0000N
### kotek_magnet[tick=13740] sensor3: d=0.5470m in_range=False f_mag=0.000N tau_mag=0.0000Nm misalign_deg=90.0 pos=[-0.10910812 -0.10914589  0.49140102] bottom_world=[-0.10910788 -0.10914598  0.47140102] quat=[-3.8058403e-01 -4.7233693e-06  4.4847470e-06  9.2474645e-01] speed=0.0009 ang_speed=0.0018 ang_vel_vec=[ 0.00127037  0.00085452 -0.00091064] |com_force|=0.0000N
### kotek_magnet[tick=13740] sensor4: d=0.5249m in_range=False f_mag=0.000N tau_mag=0.0000Nm misalign_deg=90.0 pos=[-0.109       0.10900015  0.49140242] bottom_world=[-0.10900025  0.10899999  0.47140242] quat=[3.8268214e-01 4.2629513e-06 6.2377962e-06 9.2388016e-01] speed=0.0010 ang_speed=0.0038 ang_vel_vec=[ 0.00258785 -0.00256959 -0.00095387] |com_force|=0.0000N
### kotek_magnet[tick=13800] sensor3: d=0.5470m in_range=False f_mag=0.000N tau_mag=0.0000Nm misalign_deg=90.0 pos=[-0.10910813 -0.10914586  0.49140096] bottom_world=[-0.10910789 -0.10914595  0.47140096] quat=[-3.8058394e-01 -4.6726641e-06  4.3096584e-06  9.2474639e-01] speed=0.0009 ang_speed=0.0014 ang_vel_vec=[ 0.00103433  0.00063148 -0.00078972] |com_force|=0.0000N
### kotek_magnet[tick=13800] sensor4: d=0.5249m in_range=False f_mag=0.000N tau_mag=0.0000Nm misalign_deg=90.0 pos=[-0.10900014  0.10899952  0.4914022 ] bottom_world=[-0.10900025  0.10899955  0.47140221] quat=[3.8268229e-01 2.7902170e-06 3.8621556e-07 9.2388004e-01] speed=0.0003 ang_speed=0.0039 ang_vel_vec=[ 0.00317812 -0.00220463 -0.00028336] |com_force|=0.0000N
### kotek_magnet[tick=13860] sensor3: d=0.5470m in_range=False f_mag=0.000N tau_mag=0.0000Nm misalign_deg=90.0 pos=[-0.10910815 -0.10914586  0.49140102] bottom_world=[-0.1091079  -0.10914596  0.47140102] quat=[-3.8058394e-01 -4.9057271e-06  4.5875145e-06  9.2474633e-01] speed=0.0010 ang_speed=0.0015 ang_vel_vec=[ 0.00102922  0.00081915 -0.00069126] |com_force|=0.0000N
### kotek_magnet[tick=13860] sensor4: d=0.5249m in_range=False f_mag=0.000N tau_mag=0.0000Nm misalign_deg=90.0 pos=[-0.10900033  0.1089995   0.4914023 ] bottom_world=[-0.10900033  0.10899956  0.4714023 ] quat=[ 3.8268226e-01  5.5668716e-07 -1.3560857e-06  9.2388004e-01] speed=0.0004 ang_speed=0.0029 ang_vel_vec=[ 0.0028436  -0.00032955 -0.00070694] |com_force|=0.0000N
### kotek_magnet[tick=13920] sensor3: d=0.5470m in_range=False f_mag=0.000N tau_mag=0.0000Nm misalign_deg=90.0 pos=[-0.10910751 -0.10914617  0.4914011 ] bottom_world=[-0.10910746 -0.10914604  0.47140111] quat=[-3.8058385e-01 -2.2850620e-06 -2.5307090e-06  9.2474645e-01] speed=0.0005 ang_speed=0.0020 ang_vel_vec=[-0.00011117  0.00185303 -0.0006346 ] |com_force|=0.0000N
### kotek_magnet[tick=13920] sensor4: d=0.5249m in_range=False f_mag=0.000N tau_mag=0.0000Nm misalign_deg=90.0 pos=[-0.10900006  0.10900011  0.49140236] bottom_world=[-0.10900029  0.10899996  0.47140236] quat=[3.8268209e-01 3.9192823e-06 5.7415577e-06 9.2388016e-01] speed=0.0009 ang_speed=0.0031 ang_vel_vec=[ 0.00224319 -0.00207395 -0.00073059] |com_force|=0.0000N
### kotek_magnet[tick=13980] sensor3: d=0.5470m in_range=False f_mag=0.000N tau_mag=0.0000Nm misalign_deg=90.0 pos=[-0.10910749 -0.10914614  0.49140102] bottom_world=[-0.10910744 -0.10914601  0.47140102] quat=[-3.8058385e-01 -2.4617800e-06 -2.4824571e-06  9.2474645e-01] speed=0.0005 ang_speed=0.0022 ang_vel_vec=[-0.00017445  0.00202316 -0.00083534] |com_force|=0.0000N
### kotek_magnet[tick=13980] sensor4: d=0.5249m in_range=False f_mag=0.000N tau_mag=0.0000Nm misalign_deg=90.0 pos=[-0.10900036  0.10899945  0.49140245] bottom_world=[-0.10900035  0.10899951  0.47140245] quat=[ 3.8268223e-01  3.2986284e-07 -1.6626805e-06  9.2388010e-01] speed=0.0004 ang_speed=0.0029 ang_vel_vec=[ 0.00270162  0.00026216 -0.00090455] |com_force|=0.0000N
### kotek_magnet[tick=14040] sensor3: d=0.5470m in_range=False f_mag=0.000N tau_mag=0.0000Nm misalign_deg=90.0 pos=[-0.10910819 -0.10914587  0.49140096] bottom_world=[-0.10910794 -0.10914597  0.47140096] quat=[-3.8058406e-01 -4.7784188e-06  4.6005421e-06  9.2474639e-01] speed=0.0010 ang_speed=0.0016 ang_vel_vec=[ 0.00116296  0.00067494 -0.00086843] |com_force|=0.0000N
### kotek_magnet[tick=14040] sensor4: d=0.5249m in_range=False f_mag=0.000N tau_mag=0.0000Nm misalign_deg=90.0 pos=[-0.10900005  0.10900012  0.49140236] bottom_world=[-0.10900028  0.10899998  0.47140236] quat=[3.8268206e-01 4.0130585e-06 5.6853296e-06 9.2388016e-01] speed=0.0009 ang_speed=0.0035 ang_vel_vec=[ 0.00240913 -0.00233008 -0.0008666 ] |com_force|=0.0000N
### kotek_magnet[tick=14100] sensor3: d=0.5470m in_range=False f_mag=0.000N tau_mag=0.0000Nm misalign_deg=90.0 pos=[-0.10910808 -0.1091458   0.491401  ] bottom_world=[-0.10910784 -0.10914591  0.47140099] quat=[-3.8058385e-01 -4.4467924e-06  4.8933739e-06  9.2474651e-01] speed=0.0009 ang_speed=0.0026 ang_vel_vec=[ 0.00189156  0.00175732 -0.00047835] |com_force|=0.0000N
### kotek_magnet[tick=14100] sensor4: d=0.5249m in_range=False f_mag=0.000N tau_mag=0.0000Nm misalign_deg=90.0 pos=[-0.1090002   0.10899839  0.4914024 ] bottom_world=[-0.10900008  0.10899872  0.47140239] quat=[ 3.8268313e-01  3.9833168e-07 -8.7519265e-06  9.2387974e-01] speed=0.0010 ang_speed=0.0019 ang_vel_vec=[-0.00039302 -0.00131611  0.00132598] |com_force|=0.0000N
### kotek_magnet[tick=14160] sensor3: d=0.5470m in_range=False f_mag=0.000N tau_mag=0.0000Nm misalign_deg=90.0 pos=[-0.10910754 -0.10914611  0.49140102] bottom_world=[-0.10910748 -0.10914599  0.47140102] quat=[-3.8058391e-01 -2.5507049e-06 -2.1880446e-06  9.2474645e-01] speed=0.0005 ang_speed=0.0019 ang_vel_vec=[-0.00013022  0.00181138 -0.00064091] |com_force|=0.0000N
### kotek_magnet[tick=14160] sensor4: d=0.5249m in_range=False f_mag=0.000N tau_mag=0.0000Nm misalign_deg=90.0 pos=[-0.10900019  0.10899843  0.4914024 ] bottom_world=[-0.10900009  0.10899875  0.47140239] quat=[ 3.8268301e-01  6.3135451e-07 -8.2349834e-06  9.2387974e-01] speed=0.0010 ang_speed=0.0023 ang_vel_vec=[-8.0456091e-05 -1.8361592e-03  1.3915536e-03] |com_force|=0.0000N
### kotek_magnet[tick=14220] sensor3: d=0.5470m in_range=False f_mag=0.000N tau_mag=0.0000Nm misalign_deg=90.0 pos=[-0.10910755 -0.10914613  0.4914011 ] bottom_world=[-0.10910749 -0.109146    0.47140111] quat=[-3.8058382e-01 -2.5494762e-06 -2.2533006e-06  9.2474651e-01] speed=0.0005 ang_speed=0.0020 ang_vel_vec=[-0.0001848   0.00182111 -0.00083794] |com_force|=0.0000N
### kotek_magnet[tick=14220] sensor4: d=0.5249m in_range=False f_mag=0.000N tau_mag=0.0000Nm misalign_deg=90.0 pos=[-0.10900036  0.10899869  0.49140236] bottom_world=[-0.10900022  0.10899898  0.47140236] quat=[ 3.8268268e-01 -4.3295569e-07 -8.0366653e-06  9.2387992e-01] speed=0.0007 ang_speed=0.0043 ang_vel_vec=[-0.00162525  0.00399557  0.00034923] |com_force|=0.0000N
### kotek_magnet[tick=14280] sensor3: d=0.5470m in_range=False f_mag=0.000N tau_mag=0.0000Nm misalign_deg=90.0 pos=[-0.10910808 -0.10914579  0.491401  ] bottom_world=[-0.10910782 -0.10914591  0.47140099] quat=[-3.8058376e-01 -4.6336304e-06  5.2685668e-06  9.2474651e-01] speed=0.0009 ang_speed=0.0028 ang_vel_vec=[ 0.00195846  0.00196361 -0.00032892] |com_force|=0.0000N
### kotek_magnet[tick=14280] sensor4: d=0.5249m in_range=False f_mag=0.000N tau_mag=0.0000Nm misalign_deg=90.0 pos=[-0.10900037  0.10899922  0.49140224] bottom_world=[-0.10900033  0.10899936  0.47140224] quat=[ 3.8268247e-01  4.2550184e-07 -3.4825107e-06  9.2387998e-01] speed=0.0002 ang_speed=0.0010 ang_vel_vec=[-0.0002224   0.00094805 -0.00025623] |com_force|=0.0000N
### kotek_magnet[tick=14340] sensor3: d=0.5470m in_range=False f_mag=0.000N tau_mag=0.0000Nm misalign_deg=90.0 pos=[-0.10910752 -0.10914616  0.49140102] bottom_world=[-0.10910746 -0.10914602  0.47140102] quat=[-3.8058397e-01 -2.5137090e-06 -2.4923706e-06  9.2474645e-01] speed=0.0005 ang_speed=0.0020 ang_vel_vec=[-0.00044566  0.00180597 -0.00070252] |com_force|=0.0000N
### kotek_magnet[tick=14340] sensor4: d=0.5249m in_range=False f_mag=0.000N tau_mag=0.0000Nm misalign_deg=90.0 pos=[-0.1090002   0.10899849  0.49140224] bottom_world=[-0.1090001   0.1089988   0.47140224] quat=[ 3.8268298e-01  6.8240604e-07 -8.0673672e-06  9.2387980e-01] speed=0.0010 ang_speed=0.0021 ang_vel_vec=[-8.3940809e-05 -1.6473903e-03  1.3449726e-03] |com_force|=0.0000N
### kotek_magnet[tick=14400] sensor3: d=0.5471m in_range=False f_mag=0.000N tau_mag=0.0000Nm misalign_deg=89.9 pos=[-0.10949377 -0.10823619  0.4913874 ] bottom_world=[-0.10946797 -0.10826864  0.47138744] quat=[-3.8024944e-01 -2.8807684e-04  9.9556032e-04  9.2488337e-01] speed=0.0257 ang_speed=1.4836 ang_vel_vec=[ 0.54375577 -1.179381   -0.71724284] |com_force|=0.0000N
### kotek_magnet[tick=14400] sensor4: d=0.5249m in_range=False f_mag=0.000N tau_mag=0.0000Nm misalign_deg=90.0 pos=[-0.10900018  0.1089984   0.49140245] bottom_world=[-0.10900005  0.10899875  0.47140245] quat=[ 3.8268307e-01  2.2473085e-07 -9.2536657e-06  9.2387968e-01] speed=0.0011 ang_speed=0.0019 ang_vel_vec=[-0.0007018  -0.00114232  0.00131661] |com_force|=0.0000N
### kotek_magnet[tick=14460] sensor3: d=0.5473m in_range=False f_mag=0.000N tau_mag=0.0000Nm misalign_deg=89.9 pos=[-0.10977681 -0.10813444  0.49137893] bottom_world=[-0.10972992 -0.10821185  0.47137914] quat=[-3.8307381e-01 -3.4136127e-04  2.2366908e-03  9.2371505e-01] speed=0.0871 ang_speed=1.7415 ang_vel_vec=[-0.8800834  -0.50496644  1.4154176 ] |com_force|=0.0000N
### kotek_magnet[tick=14460] sensor4: d=0.5249m in_range=False f_mag=0.000N tau_mag=0.0000Nm misalign_deg=90.0 pos=[-0.10900033  0.10899948  0.49140224] bottom_world=[-0.10900031  0.10899954  0.47140224] quat=[ 3.8268229e-01  1.8689251e-07 -1.5630726e-06  9.2388010e-01] speed=0.0004 ang_speed=0.0029 ang_vel_vec=[ 0.00238368  0.00140823 -0.0007731 ] |com_force|=0.0000N
### kotek_magnet[tick=14520] sensor3: d=0.5583m in_range=False f_mag=0.000N tau_mag=0.0000Nm misalign_deg=89.5 pos=[-0.12136005 -0.10814908  0.491811  ] bottom_world=[-0.12118321 -0.10866917  0.47181855] quat=[-0.2389804  -0.00118528  0.01368328  0.97092724] speed=0.0738 ang_speed=0.8372 ang_vel_vec=[-0.13978213  0.76890546 -0.30023593] |com_force|=0.0000N
### kotek_magnet[tick=14520] sensor4: d=0.5249m in_range=False f_mag=0.000N tau_mag=0.0000Nm misalign_deg=90.0 pos=[-0.10900018  0.10899847  0.4914024 ] bottom_world=[-0.10900007  0.10899878  0.47140239] quat=[ 3.8268295e-01  4.0868491e-07 -8.3075038e-06  9.2387968e-01] speed=0.0010 ang_speed=0.0017 ang_vel_vec=[-0.00082283 -0.00039846  0.00141524] |com_force|=0.0000N
### kotek_magnet[tick=14580] sensor3: d=0.5615m in_range=False f_mag=0.000N tau_mag=0.0000Nm misalign_deg=90.1 pos=[-0.1247362  -0.10877748  0.4915096 ] bottom_world=[-0.12477568 -0.10866769  0.47150993] quat=[-1.6726492e-01  5.1403930e-04 -2.8710740e-03  9.8590767e-01] speed=0.0934 ang_speed=4.1083 ang_vel_vec=[-0.8831736   0.81242114  3.9291258 ] |com_force|=0.0000N
### kotek_magnet[tick=14580] sensor4: d=0.5249m in_range=False f_mag=0.000N tau_mag=0.0000Nm misalign_deg=90.0 pos=[-0.10900021  0.10899839  0.49140242] bottom_world=[-0.10900009  0.10899871  0.47140242] quat=[ 3.8268295e-01  3.8730454e-07 -8.5098045e-06  9.2387968e-01] speed=0.0010 ang_speed=0.0017 ang_vel_vec=[-0.0006536  -0.00075752  0.00138485] |com_force|=0.0000N
### kotek_magnet[tick=14640] sensor3: d=0.5666m in_range=False f_mag=0.000N tau_mag=0.0000Nm misalign_deg=90.4 pos=[-0.12938352 -0.10382405  0.50116974] bottom_world=[-0.1295061  -0.10312255  0.48118242] quat=[-0.07987422  0.00165393 -0.01772907  0.9966459 ] speed=0.0977 ang_speed=7.0053 ang_vel_vec=[-3.111056  -1.0984204  6.1797256] |com_force|=0.0000N
### kotek_magnet[tick=14640] sensor4: d=0.5249m in_range=False f_mag=0.000N tau_mag=0.0000Nm misalign_deg=90.0 pos=[-0.10900038  0.10899865  0.49140233] bottom_world=[-0.10900024  0.10899894  0.47140233] quat=[ 3.8268277e-01 -6.1180197e-07 -8.1970684e-06  9.2387980e-01] speed=0.0007 ang_speed=0.0044 ang_vel_vec=[-0.00156985  0.00406239  0.0004722 ] |com_force|=0.0000N
### kotek_magnet[tick=14700] sensor3: d=0.5719m in_range=False f_mag=0.000N tau_mag=0.0000Nm misalign_deg=90.3 pos=[-0.12910555 -0.10507509  0.522232  ] bottom_world=[-0.12921196 -0.10446244  0.50224166] quat=[-0.07995731  0.00142692 -0.01548172  0.99667704] speed=0.0995 ang_speed=6.9734 ang_vel_vec=[-3.0885057 -1.066436   6.1605725] |com_force|=0.0000N
### kotek_magnet[tick=14700] sensor4: d=0.5249m in_range=False f_mag=0.000N tau_mag=0.0000Nm misalign_deg=90.0 pos=[-0.10900021  0.10899842  0.49140233] bottom_world=[-0.10900011  0.10899873  0.47140233] quat=[ 3.8268286e-01  6.3571457e-07 -8.1972876e-06  9.2387974e-01] speed=0.0010 ang_speed=0.0021 ang_vel_vec=[-0.00014827 -0.00162963  0.00133958] |com_force|=0.0000N
### kotek_magnet[tick=14760] sensor3: d=0.5789m in_range=False f_mag=0.000N tau_mag=0.0000Nm misalign_deg=90.3 pos=[-0.12883455 -0.10648137  0.5462362 ] bottom_world=[-0.12892478 -0.10598375  0.52624261] quat=[-0.07982103  0.00125578 -0.01258184  0.9967291 ] speed=0.0975 ang_speed=6.9396 ang_vel_vec=[-3.1102157 -1.0317686  6.1172276] |com_force|=0.0000N
### kotek_magnet[tick=14760] sensor4: d=0.5249m in_range=False f_mag=0.000N tau_mag=0.0000Nm misalign_deg=90.0 pos=[-0.10900036  0.10899869  0.4914024 ] bottom_world=[-0.10900021  0.10899898  0.47140239] quat=[ 3.8268277e-01 -7.4394973e-07 -8.2816186e-06  9.2387992e-01] speed=0.0007 ang_speed=0.0048 ang_vel_vec=[-0.00165342  0.00444569  0.00055815] |com_force|=0.0000N
### kotek_magnet[tick=14820] sensor3: d=0.5876m in_range=False f_mag=0.000N tau_mag=0.0000Nm misalign_deg=90.2 pos=[-0.12855195 -0.1079895   0.57230216] bottom_world=[-0.12862686 -0.10762213  0.55230568] quat=[-0.07958359  0.00113596 -0.00930445  0.99678415] speed=0.0943 ang_speed=6.9716 ang_vel_vec=[-3.0909724 -1.0025756  6.167975 ] |com_force|=0.0000N
### kotek_magnet[tick=14820] sensor4: d=0.5249m in_range=False f_mag=0.000N tau_mag=0.0000Nm misalign_deg=90.0 pos=[-0.10900021  0.10899844  0.4914024 ] bottom_world=[-0.1090001   0.10899875  0.47140239] quat=[ 3.8268313e-01  4.9973312e-07 -8.2162078e-06  9.2387968e-01] speed=0.0010 ang_speed=0.0018 ang_vel_vec=[-0.00019787 -0.00120567  0.00130362] |com_force|=0.0000N
### kotek_magnet[tick=14880] sensor3: d=0.5903m in_range=False f_mag=0.000N tau_mag=0.0000Nm misalign_deg=90.0 pos=[-0.1285506  -0.10808622  0.5803153 ] bottom_world=[-0.12855491 -0.10757148  0.56032192] quat=[-7.8712225e-02 -9.0580364e-04 -1.2838217e-02  9.9681437e-01] speed=0.0794 ang_speed=6.7004 ang_vel_vec=[-2.9723518 -0.9375371  5.9314194] |com_force|=0.0000N
### kotek_magnet[tick=14880] sensor4: d=0.5249m in_range=False f_mag=0.000N tau_mag=0.0000Nm misalign_deg=90.0 pos=[-0.10900021  0.10899841  0.4914023 ] bottom_world=[-0.10900009  0.10899873  0.4714023 ] quat=[ 3.8268313e-01  3.3435794e-07 -8.5984684e-06  9.2387968e-01] speed=0.0010 ang_speed=0.0015 ang_vel_vec=[-0.00068066 -0.00035987  0.00129508] |com_force|=0.0000N
### kotek_magnet[tick=14940] sensor3: d=0.5840m in_range=False f_mag=0.000N tau_mag=0.0000Nm misalign_deg=88.9 pos=[-0.11983146 -0.12216504  0.5737588 ] bottom_world=[-0.11945812 -0.12224617  0.55376243] quat=[-0.08933022 -0.00911546  0.00285417  0.99595624] speed=0.1428 ang_speed=7.3215 ang_vel_vec=[-3.2747755 -1.039087   6.4653163] |com_force|=0.0000N
### kotek_magnet[tick=14940] sensor4: d=0.5249m in_range=False f_mag=0.000N tau_mag=0.0000Nm misalign_deg=90.0 pos=[-0.10900021  0.10899844  0.49140236] bottom_world=[-0.1090001   0.10899876  0.47140236] quat=[ 3.8268295e-01  5.0265703e-07 -8.3948207e-06  9.2387968e-01] speed=0.0010 ang_speed=0.0020 ang_vel_vec=[-0.00032662 -0.00134637  0.00140372] |com_force|=0.0000N
### kotek_magnet[tick=15000] sensor3: d=0.5678m in_range=False f_mag=0.000N tau_mag=0.0000Nm misalign_deg=86.1 pos=[-0.09604148 -0.15082385  0.56155527] bottom_world=[-0.09467456 -0.15226042  0.54165381] quat=[-0.11225136 -0.02995694  0.03957626  0.9924394 ] speed=0.1573 ang_speed=7.4107 ang_vel_vec=[-3.552845  -0.8086507  6.4530735] |com_force|=0.0000N
### kotek_magnet[tick=15000] sensor4: d=0.5249m in_range=False f_mag=0.000N tau_mag=0.0000Nm misalign_deg=90.0 pos=[-0.10900018  0.10899842  0.49140245] bottom_world=[-0.10900007  0.10899874  0.47140245] quat=[ 3.826831e-01  5.508703e-07 -8.388290e-06  9.238797e-01] speed=0.0010 ang_speed=0.0019 ang_vel_vec=[-0.00012661 -0.00136212  0.0012952 ] |com_force|=0.0000N
### kotek_magnet[tick=15060] sensor3: d=0.5470m in_range=False f_mag=0.000N tau_mag=0.0000Nm misalign_deg=82.4 pos=[-0.06632202 -0.17528574  0.54943484] bottom_world=[-0.06367697 -0.1778893   0.52978223] quat=[-0.13167576 -0.05718623  0.07358272  0.9869027 ] speed=0.1578 ang_speed=7.4015 ang_vel_vec=[-3.915452  -0.5731456  6.254877 ] |com_force|=0.0000N
### kotek_magnet[tick=15060] sensor4: d=0.5249m in_range=False f_mag=0.000N tau_mag=0.0000Nm misalign_deg=90.0 pos=[-0.10900019  0.10899844  0.49140242] bottom_world=[-0.10900008  0.10899876  0.47140242] quat=[ 3.8268313e-01  4.9336955e-07 -8.4418743e-06  9.2387974e-01] speed=0.0010 ang_speed=0.0019 ang_vel_vec=[-0.00027818 -0.00116199  0.00144627] |com_force|=0.0000N
### kotek_magnet[tick=15120] sensor3: d=0.5228m in_range=False f_mag=0.000N tau_mag=0.0000Nm misalign_deg=78.2 pos=[-0.03266851 -0.19385068  0.5379118 ] bottom_world=[-0.02857588 -0.19735553  0.51865128] quat=[-0.14677131 -0.08903271  0.10276657  0.9797808 ] speed=0.1560 ang_speed=7.3665 ang_vel_vec=[-4.3250375  -0.40440732  5.949501  ] |com_force|=0.0000N
### kotek_magnet[tick=15120] sensor4: d=0.5249m in_range=False f_mag=0.000N tau_mag=0.0000Nm misalign_deg=90.0 pos=[-0.10900038  0.10899865  0.4914023 ] bottom_world=[-0.10900024  0.10899895  0.4714023 ] quat=[ 3.8268277e-01 -5.0476905e-07 -8.2904917e-06  9.2387992e-01] speed=0.0007 ang_speed=0.0046 ang_vel_vec=[-0.00161547  0.00426736  0.00052076] |com_force|=0.0000N
### kotek_magnet[tick=15180] sensor3: d=0.4955m in_range=False f_mag=0.000N tau_mag=0.0000Nm misalign_deg=73.7 pos=[ 0.00365786 -0.20617628  0.52703625] bottom_world=[ 0.00928748 -0.21031415  0.50829631] quat=[-0.15767282 -0.1243223   0.12667051  0.9714103 ] speed=0.1547 ang_speed=7.3205 ang_vel_vec=[-4.7361073  -0.30993155  5.5733624 ] |com_force|=0.0000N
### kotek_magnet[tick=15180] sensor4: d=0.5249m in_range=False f_mag=0.000N tau_mag=0.0000Nm misalign_deg=90.0 pos=[-0.1090002   0.10899838  0.4914024 ] bottom_world=[-0.10900008  0.10899871  0.47140239] quat=[ 3.8268298e-01  3.8529328e-07 -8.6956470e-06  9.2387974e-01] speed=0.0010 ang_speed=0.0019 ang_vel_vec=[-0.00028895 -0.00120619  0.00137435] |com_force|=0.0000N
### kotek_magnet[tick=15240] sensor3: d=0.4653m in_range=False f_mag=0.000N tau_mag=0.0000Nm misalign_deg=68.9 pos=[ 0.04168417 -0.21214138  0.5167795 ] bottom_world=[ 0.04887761 -0.21665564  0.49867214] quat=[-0.16484472 -0.16207336  0.14508158  0.96203417] speed=0.1459 ang_speed=7.2138 ang_vel_vec=[-5.1300707  -0.30025154  5.062721  ] |com_force|=0.0000N
### kotek_magnet[tick=15240] sensor4: d=0.5249m in_range=False f_mag=0.000N tau_mag=0.0000Nm misalign_deg=90.0 pos=[-0.1090001   0.10899924  0.49140218] bottom_world=[-0.10900017  0.10899933  0.47140218] quat=[ 3.8268268e-01  2.3944385e-06 -1.6295232e-06  9.2387986e-01] speed=0.0002 ang_speed=0.0053 ang_vel_vec=[ 0.0023789  -0.00471316  0.00033878] |com_force|=0.0000N
### still playing, 1129s left
### kotek_magnet[tick=15300] sensor3: d=0.4330m in_range=False f_mag=0.000N tau_mag=0.0000Nm misalign_deg=64.1 pos=[ 0.0800105  -0.21191315  0.50710994] bottom_world=[ 0.08873553 -0.21658221  0.48972967] quat=[-0.16766798 -0.20127708  0.15805313  0.9520474 ] speed=0.1401 ang_speed=7.1156 ang_vel_vec=[-5.4556055 -0.3139404  4.5572906] |com_force|=0.0000N
### kotek_magnet[tick=15300] sensor4: d=0.5249m in_range=False f_mag=0.000N tau_mag=0.0000Nm misalign_deg=90.0 pos=[-0.10900038  0.10899916  0.49140215] bottom_world=[-0.10900033  0.1089993   0.47140215] quat=[ 3.8268244e-01  2.1012606e-07 -3.9181168e-06  9.2387998e-01] speed=0.0002 ang_speed=0.0022 ang_vel_vec=[-0.00113716  0.00180559 -0.00037512] |com_force|=0.0000N
### kotek_magnet[tick=15360] sensor3: d=0.3998m in_range=False f_mag=0.000N tau_mag=0.0000Nm misalign_deg=59.6 pos=[ 0.11667261 -0.20584399  0.49827766] bottom_world=[ 0.12680729 -0.2104681   0.48166725] quat=[-0.1674181  -0.23960377  0.16531684  0.9419297 ] speed=0.1430 ang_speed=6.9927 ang_vel_vec=[-5.723505  -0.3671141  4.000647 ] |com_force|=0.0000N
### kotek_magnet[tick=15360] sensor4: d=0.5249m in_range=False f_mag=0.000N tau_mag=0.0000Nm misalign_deg=90.0 pos=[-0.10900021  0.10899837  0.4914023 ] bottom_world=[-0.10900009  0.1089987   0.4714023 ] quat=[ 3.8268316e-01  4.1108297e-07 -8.8464467e-06  9.2387968e-01] speed=0.0011 ang_speed=0.0021 ang_vel_vec=[-0.00020776 -0.00169675  0.0012217 ] |com_force|=0.0000N
### kotek_magnet[tick=15420] sensor3: d=0.3651m in_range=False f_mag=0.000N tau_mag=0.0000Nm misalign_deg=55.1 pos=[ 0.15199345 -0.19435391  0.49012536] bottom_world=[ 0.16344837 -0.1987861   0.47434117] quat=[-0.16429602 -0.27782     0.16796218  0.93145674] speed=0.1419 ang_speed=6.8078 ang_vel_vec=[-5.866452  -0.508738   3.4163911] |com_force|=0.0000N
### kotek_magnet[tick=15420] sensor4: d=0.5249m in_range=False f_mag=0.000N tau_mag=0.0000Nm misalign_deg=90.0 pos=[-0.10900033  0.10899864  0.49140233] bottom_world=[-0.10900018  0.10899895  0.47140233] quat=[ 3.8268268e-01 -4.8463073e-07 -8.5975107e-06  9.2387980e-01] speed=0.0007 ang_speed=0.0050 ang_vel_vec=[-0.00188587  0.00456456  0.00042475] |com_force|=0.0000N
### kotek_magnet[tick=15480] sensor3: d=0.3297m in_range=False f_mag=0.000N tau_mag=0.0000Nm misalign_deg=50.8 pos=[ 0.18489766 -0.17805192  0.48242733] bottom_world=[ 0.19754415 -0.18217238  0.4674912 ] quat=[-0.15836957 -0.3147292   0.16595857  0.92104423] speed=0.1381 ang_speed=6.7164 ang_vel_vec=[-6.01426   -0.6209396  2.924512 ] |com_force|=0.0000N
### kotek_magnet[tick=15480] sensor4: d=0.5249m in_range=False f_mag=0.000N tau_mag=0.0000Nm misalign_deg=90.0 pos=[-0.10900033  0.10899919  0.4914023 ] bottom_world=[-0.10900029  0.10899933  0.4714023 ] quat=[ 3.8268241e-01  3.6929333e-07 -3.6971110e-06  9.2387998e-01] speed=0.0001 ang_speed=0.0016 ang_vel_vec=[-0.00071359  0.00144167 -0.00025427] |com_force|=0.0000N
### kotek_magnet[tick=15540] sensor3: d=0.2940m in_range=False f_mag=0.000N tau_mag=0.0000Nm misalign_deg=46.8 pos=[ 0.214684   -0.15741605  0.47539365] bottom_world=[ 0.22837555 -0.16111353  0.46129153] quat=[-0.14525184 -0.35034367  0.15718205  0.9118416 ] speed=0.1168 ang_speed=5.2780 ang_vel_vec=[-4.3234577  -0.62155366  2.962804  ] |com_force|=0.0000N
### kotek_magnet[tick=15540] sensor4: d=0.5249m in_range=False f_mag=0.000N tau_mag=0.0000Nm misalign_deg=90.0 pos=[-0.10900035  0.10899863  0.49140236] bottom_world=[-0.1090002   0.10899893  0.47140236] quat=[ 3.8268292e-01 -5.1959717e-07 -8.2735814e-06  9.2387986e-01] speed=0.0007 ang_speed=0.0051 ang_vel_vec=[-0.00189003  0.00469785  0.00052303] |com_force|=0.0000N
### kotek_magnet[tick=15600] sensor3: d=0.2581m in_range=False f_mag=0.000N tau_mag=0.0000Nm misalign_deg=43.5 pos=[ 0.2406801  -0.13273919  0.4686806 ] bottom_world=[ 0.25519254 -0.1359094   0.45528885] quat=[-0.11702499 -0.3827109   0.13688987  0.90614504] speed=0.1119 ang_speed=7.5852 ang_vel_vec=[-6.4904     -0.41770792  3.9032526 ] |com_force|=0.0000N
### kotek_magnet[tick=15600] sensor4: d=0.5249m in_range=False f_mag=0.000N tau_mag=0.0000Nm misalign_deg=90.0 pos=[-0.10900036  0.10899869  0.49140236] bottom_world=[-0.10900021  0.10899898  0.47140236] quat=[ 3.8268274e-01 -5.4527175e-07 -8.1284825e-06  9.2387992e-01] speed=0.0007 ang_speed=0.0045 ang_vel_vec=[-0.00167364  0.00410832  0.00040135] |com_force|=0.0000N
### kotek_magnet[tick=15660] sensor3: d=0.2229m in_range=False f_mag=0.000N tau_mag=0.0000Nm misalign_deg=40.1 pos=[ 0.26314452 -0.10523538  0.4624676 ] bottom_world=[ 0.27844816 -0.1078659   0.44986289] quat=[-0.09929141 -0.41318306  0.11900267  0.89736253] speed=0.1183 ang_speed=5.6277 ang_vel_vec=[-5.0556045  -0.04875001  2.4717503 ] |com_force|=0.0000N
### kotek_magnet[tick=15660] sensor4: d=0.5249m in_range=False f_mag=0.000N tau_mag=0.0000Nm misalign_deg=90.0 pos=[-0.10900015  0.10899846  0.49140236] bottom_world=[-0.10900005  0.10899877  0.47140236] quat=[ 3.8268295e-01  5.5388927e-07 -8.2163597e-06  9.2387980e-01] speed=0.0010 ang_speed=0.0017 ang_vel_vec=[-0.00034438 -0.00118334  0.00121352] |com_force|=0.0000N
### kotek_magnet[tick=15720] sensor3: d=0.1907m in_range=False f_mag=0.000N tau_mag=0.0000Nm misalign_deg=37.1 pos=[ 0.28070563 -0.07699752  0.45685595] bottom_world=[ 0.29665677 -0.07911957  0.44497916] quat=[-0.08419491 -0.43911248  0.10129394  0.8887244 ] speed=0.1433 ang_speed=7.6595 ang_vel_vec=[-6.340082  -1.1624277  4.137662 ] |com_force|=0.0000N
### kotek_magnet[tick=15720] sensor4: d=0.5249m in_range=False f_mag=0.000N tau_mag=0.0000Nm misalign_deg=90.0 pos=[-0.10900034  0.10899866  0.49140233] bottom_world=[-0.1090002   0.10899895  0.47140233] quat=[ 3.8268289e-01 -5.2687562e-07 -8.1036251e-06  9.2387986e-01] speed=0.0006 ang_speed=0.0044 ang_vel_vec=[-0.00166443  0.00404599  0.0003938 ] |com_force|=0.0000N
### kotek_magnet[tick=15780] sensor3: d=0.1605m in_range=False f_mag=0.000N tau_mag=0.0000Nm misalign_deg=34.4 pos=[ 0.29441014 -0.04654476  0.45173556] bottom_world=[ 0.31090887 -0.0481414   0.44054437] quat=[-0.06443574 -0.4625507   0.07916542  0.88069737] speed=0.0960 ang_speed=5.3673 ang_vel_vec=[-4.2808046 -1.9695927  2.5696359] |com_force|=0.0000N
### kotek_magnet[tick=15780] sensor4: d=0.5249m in_range=False f_mag=0.000N tau_mag=0.0000Nm misalign_deg=90.0 pos=[-0.10900015  0.10899851  0.49140236] bottom_world=[-0.10900007  0.1089988   0.47140236] quat=[ 3.8268301e-01  9.0332520e-07 -7.6084043e-06  9.2387968e-01] speed=0.0009 ang_speed=0.0028 ang_vel_vec=[ 0.00026769 -0.00236734  0.00140839] |com_force|=0.0000N
### kotek_magnet[tick=15840] sensor3: d=0.1350m in_range=False f_mag=0.000N tau_mag=0.0000Nm misalign_deg=32.0 pos=[ 0.30405867 -0.01528993  0.44753394] bottom_world=[ 0.32101686 -0.0164079   0.43699022] quat=[-0.04163976 -0.4830887   0.05506715  0.8728454 ] speed=0.0867 ang_speed=5.0904 ang_vel_vec=[-4.904624   -0.99424064  0.9316075 ] |com_force|=0.0000N
### kotek_magnet[tick=15840] sensor4: d=0.5249m in_range=False f_mag=0.000N tau_mag=0.0000Nm misalign_deg=90.0 pos=[-0.10900003  0.10899931  0.49140233] bottom_world=[-0.10900012  0.10899934  0.47140233] quat=[3.8268274e-01 2.4389301e-06 1.4297736e-07 9.2387992e-01] speed=0.0002 ang_speed=0.0022 ang_vel_vec=[ 0.0017765  -0.00120624  0.0003462 ] |com_force|=0.0000N
### kotek_magnet[tick=15900] sensor3: d=0.1163m in_range=False f_mag=0.000N tau_mag=0.0000Nm misalign_deg=29.6 pos=[0.30975053 0.01612255 0.44375688] bottom_world=[0.32714282 0.01554273 0.43389929] quat=[-0.01782287 -0.5028148   0.02715623  0.86378366] speed=0.0910 ang_speed=3.8110 ang_vel_vec=[-3.6878533  -0.8815327   0.38271487] |com_force|=0.0000N
### kotek_magnet[tick=15900] sensor4: d=0.5249m in_range=False f_mag=0.000N tau_mag=0.0000Nm misalign_deg=90.0 pos=[-0.10900031  0.10899951  0.49140233] bottom_world=[-0.10900029  0.10899957  0.47140233] quat=[ 3.8268229e-01  1.2966274e-07 -1.5966207e-06  9.2387998e-01] speed=0.0004 ang_speed=0.0023 ang_vel_vec=[ 0.00170865  0.00139899 -0.00075731] |com_force|=0.0000N
### kotek_magnet[tick=15960] sensor3: d=0.1085m in_range=False f_mag=0.000N tau_mag=0.0000Nm misalign_deg=27.5 pos=[0.3117225  0.04233091 0.44129387] bottom_world=[0.32946962 0.04224371 0.43207261] quat=[-0.00714995 -0.5190578   0.00689271  0.85468143] speed=0.0774 ang_speed=1.9648 ang_vel_vec=[-0.9207544  -0.60239995  1.6277908 ] |com_force|=0.0000N
### kotek_magnet[tick=15960] sensor4: d=0.5249m in_range=False f_mag=0.000N tau_mag=0.0000Nm misalign_deg=90.0 pos=[-0.10900004  0.10900018  0.4914023 ] bottom_world=[-0.10900025  0.10900004  0.4714023 ] quat=[3.8268197e-01 3.5880205e-06 5.1808861e-06 9.2388010e-01] speed=0.0010 ang_speed=0.0015 ang_vel_vec=[ 0.00096231 -0.0007737  -0.00076113] |com_force|=0.0000N
### kotek_magnet[tick=16020] sensor3: d=0.1058m in_range=False f_mag=0.000N tau_mag=0.0000Nm misalign_deg=27.8 pos=[0.30967572 0.04791752 0.43620807] bottom_world=[0.32736    0.04806648 0.42686761] quat=[-0.01072935 -0.516221    0.00211895  0.85638565] speed=0.0811 ang_speed=2.8582 ang_vel_vec=[-2.6309934 -0.9670691  0.5583201] |com_force|=0.0000N
### kotek_magnet[tick=16020] sensor4: d=0.5249m in_range=False f_mag=0.000N tau_mag=0.0000Nm misalign_deg=90.0 pos=[-0.10900004  0.10900022  0.4914023 ] bottom_world=[-0.10900025  0.10900009  0.4714023 ] quat=[3.8268211e-01 3.6132062e-06 5.0392223e-06 9.2388016e-01] speed=0.0010 ang_speed=0.0014 ang_vel_vec=[ 0.00081635 -0.00083438 -0.00080709] |com_force|=0.0000N
### kotek_magnet[tick=16080] sensor3: d=0.0908m in_range=True f_mag=1.810N tau_mag=0.0018Nm misalign_deg=27.7 pos=[0.31760374 0.04981092 0.42301214] bottom_world=[0.3353047 0.0499756 0.4137036] quat=[-0.0106354  -0.5169952   0.00161382  0.85592073] speed=0.0905 ang_speed=2.8985 ang_vel_vec=[-2.6483486  -0.77133733  0.8901743 ] |com_force|=0.4497N
### kotek_magnet[tick=16080] sensor4: d=0.5249m in_range=False f_mag=0.000N tau_mag=0.0000Nm misalign_deg=90.0 pos=[-0.10900033  0.10899951  0.4914023 ] bottom_world=[-0.1090003   0.10899958  0.4714023 ] quat=[ 3.8268226e-01  2.0122401e-07 -1.8608214e-06  9.2388010e-01] speed=0.0005 ang_speed=0.0019 ang_vel_vec=[ 0.00127404  0.0012038  -0.00065627] |com_force|=0.0000N
### kotek_magnet[tick=16140] sensor3: d=0.0684m in_range=True f_mag=1.348N tau_mag=0.0013Nm misalign_deg=27.2 pos=[0.3312229  0.05219572 0.4046441 ] bottom_world=[0.34900779 0.05236082 0.39549696] quat=[-8.459232e-03 -5.208852e-01  3.264576e-04  8.535847e-01] speed=0.0973 ang_speed=2.9029 ang_vel_vec=[-2.6527178 -0.9522703  0.6948979] |com_force|=0.4469N
### kotek_magnet[tick=16140] sensor4: d=0.5249m in_range=False f_mag=0.000N tau_mag=0.0000Nm misalign_deg=90.0 pos=[-0.10900006  0.10900017  0.49140227] bottom_world=[-0.10900027  0.10900004  0.47140227] quat=[3.8268217e-01 3.7338175e-06 5.1477746e-06 9.2388016e-01] speed=0.0010 ang_speed=0.0014 ang_vel_vec=[ 0.00085495 -0.00086454 -0.00078239] |com_force|=0.0000N
### kotek_magnet[tick=16200] sensor3: d=0.0536m in_range=True f_mag=1.043N tau_mag=0.0010Nm misalign_deg=26.8 pos=[0.34050533 0.05375743 0.39251256] bottom_world=[0.35835418 0.05392838 0.38349096] quat=[-7.0538563e-03 -5.2388877e-01 -6.7879295e-04  8.5175729e-01] speed=0.1043 ang_speed=2.5107 ang_vel_vec=[-2.3598537  -0.84796596  0.12581271] |com_force|=0.3596N
### kotek_magnet[tick=16200] sensor4: d=0.5249m in_range=False f_mag=0.000N tau_mag=0.0000Nm misalign_deg=90.0 pos=[-0.10900004  0.10900021  0.49140224] bottom_world=[-0.10900025  0.10900007  0.47140224] quat=[3.8268226e-01 3.5116670e-06 5.1182342e-06 9.2388004e-01] speed=0.0010 ang_speed=0.0011 ang_vel_vec=[ 0.00080617 -0.00049914 -0.00059095] |com_force|=0.0000N
### kotek_magnet[tick=16258]: welded sensor 3 at d=0.0144m misalign_deg=14.5 pos=[0.3703692  0.05053582 0.36505288] wall_pos=[0.425 0.    0.5  ] local_pos1=[-0.0546308   0.05053582 -0.13494712] quat=[-0.01589382 -0.6121258   0.01502168  0.79045796]
### kotek_magnet[tick=16260] sensor4: d=0.5249m in_range=False f_mag=0.000N tau_mag=0.0000Nm misalign_deg=90.0 pos=[-0.10900007  0.10900015  0.49140224] bottom_world=[-0.10900028  0.10900002  0.47140224] quat=[3.8268209e-01 3.5195751e-06 4.9585428e-06 9.2388016e-01] speed=0.0010 ang_speed=0.0015 ang_vel_vec=[ 0.00082684 -0.00071624 -0.00095978] |com_force|=0.0000N
### kotek_magnet[tick=16320] sensor4: d=0.5249m in_range=False f_mag=0.000N tau_mag=0.0000Nm misalign_deg=90.0 pos=[-0.10900004  0.10900022  0.4914023 ] bottom_world=[-0.10900026  0.10900008  0.4714023 ] quat=[3.8268217e-01 3.7340913e-06 5.2272458e-06 9.2388010e-01] speed=0.0010 ang_speed=0.0013 ang_vel_vec=[ 0.00071892 -0.00075895 -0.00075597] |com_force|=0.0000N
### kotek_magnet[tick=16380] sensor4: d=0.5249m in_range=False f_mag=0.000N tau_mag=0.0000Nm misalign_deg=90.0 pos=[-0.10900003  0.10900021  0.49140227] bottom_world=[-0.10900026  0.10900007  0.47140227] quat=[3.8268209e-01 3.8449953e-06 5.3930021e-06 9.2388010e-01] speed=0.0010 ang_speed=0.0016 ang_vel_vec=[ 0.00095813 -0.0010609  -0.00074781] |com_force|=0.0000N
### kotek_magnet[tick=16440] sensor4: d=0.5249m in_range=False f_mag=0.000N tau_mag=0.0000Nm misalign_deg=90.0 pos=[-0.1090003   0.10899955  0.4914022 ] bottom_world=[-0.1090003   0.10899961  0.47140221] quat=[ 3.8268226e-01  4.1749817e-07 -1.4416414e-06  9.2388010e-01] speed=0.0005 ang_speed=0.0021 ang_vel_vec=[ 0.00165072  0.00101116 -0.00084334] |com_force|=0.0000N
### kotek_magnet[tick=16500] sensor4: d=0.5249m in_range=False f_mag=0.000N tau_mag=0.0000Nm misalign_deg=90.0 pos=[-0.10900004  0.10900018  0.49140227] bottom_world=[-0.10900025  0.10900005  0.47140227] quat=[3.8268220e-01 3.6231179e-06 5.1472066e-06 9.2388010e-01] speed=0.0010 ang_speed=0.0016 ang_vel_vec=[ 0.00101001 -0.00098076 -0.00079813] |com_force|=0.0000N
### kotek_magnet[tick=16560] sensor4: d=0.5249m in_range=False f_mag=0.000N tau_mag=0.0000Nm misalign_deg=90.0 pos=[-0.10900005  0.1090002   0.49140227] bottom_world=[-0.10900027  0.10900006  0.47140227] quat=[3.8268191e-01 3.7943926e-06 5.3690278e-06 9.2388016e-01] speed=0.0010 ang_speed=0.0022 ang_vel_vec=[ 0.00143186 -0.00127161 -0.00101912] |com_force|=0.0000N
### kotek_magnet[tick=16620] sensor4: d=0.5249m in_range=False f_mag=0.000N tau_mag=0.0000Nm misalign_deg=90.0 pos=[-0.10900035  0.10899953  0.49140227] bottom_world=[-0.10900033  0.10899958  0.47140227] quat=[ 3.8268226e-01  2.4138387e-07 -1.4253337e-06  9.2388004e-01] speed=0.0005 ang_speed=0.0023 ang_vel_vec=[ 0.00174601  0.0012601  -0.00079832] |com_force|=0.0000N
### kotek_magnet[tick=16680] sensor4: d=0.5249m in_range=False f_mag=0.000N tau_mag=0.0000Nm misalign_deg=90.0 pos=[-0.10900003  0.10900021  0.4914023 ] bottom_world=[-0.10900025  0.10900007  0.4714023 ] quat=[3.8268209e-01 3.8173594e-06 5.4237021e-06 9.2388022e-01] speed=0.0010 ang_speed=0.0019 ang_vel_vec=[ 0.00121765 -0.0011614  -0.00090344] |com_force|=0.0000N
### kotek_magnet[tick=16740] sensor4: d=0.5249m in_range=False f_mag=0.000N tau_mag=0.0000Nm misalign_deg=90.0 pos=[-0.10899989  0.10899908  0.49140224] bottom_world=[-0.10899999  0.1089992   0.47140224] quat=[ 3.8268292e-01  3.4570733e-06 -1.6747003e-06  9.2387974e-01] speed=0.0006 ang_speed=0.0082 ang_vel_vec=[ 0.0043373  -0.00681349  0.00119106] |com_force|=0.0000N
### kotek_magnet[tick=16800] sensor4: d=0.5249m in_range=False f_mag=0.000N tau_mag=0.0000Nm misalign_deg=90.0 pos=[-0.10900017  0.1089985   0.49140224] bottom_world=[-0.10900009  0.10899879  0.47140224] quat=[ 3.8268295e-01  8.5800343e-07 -7.4125119e-06  9.2387974e-01] speed=0.0009 ang_speed=0.0017 ang_vel_vec=[-0.00012952 -0.00107079  0.00133738] |com_force|=0.0000N
### kotek_magnet[tick=16860] sensor4: d=0.5249m in_range=False f_mag=0.000N tau_mag=0.0000Nm misalign_deg=90.0 pos=[-0.10900007  0.10900021  0.49140236] bottom_world=[-0.10900027  0.10900009  0.47140236] quat=[3.8268214e-01 3.5017040e-06 4.8051106e-06 9.2388010e-01] speed=0.0011 ang_speed=0.0010 ang_vel_vec=[ 0.00047233 -0.00037824 -0.00075469] |com_force|=0.0000N
### kotek_magnet[tick=16920] sensor4: d=0.5249m in_range=False f_mag=0.000N tau_mag=0.0000Nm misalign_deg=90.0 pos=[-0.10900032  0.10899958  0.49140236] bottom_world=[-0.10900031  0.10899964  0.47140236] quat=[ 3.8268223e-01  3.9759487e-07 -1.3400141e-06  9.2388016e-01] speed=0.0005 ang_speed=0.0021 ang_vel_vec=[ 0.00149534  0.00115162 -0.00093168] |com_force|=0.0000N
### kotek_magnet[tick=16980] sensor4: d=0.5249m in_range=False f_mag=0.000N tau_mag=0.0000Nm misalign_deg=90.0 pos=[-0.10900032  0.1089996   0.4914023 ] bottom_world=[-0.1090003   0.10899966  0.4714023 ] quat=[ 3.8268226e-01  1.7201423e-07 -1.6695049e-06  9.2388010e-01] speed=0.0005 ang_speed=0.0020 ang_vel_vec=[ 0.00139101  0.00128365 -0.00075243] |com_force|=0.0000N
### still playing, 1099s left
### kotek_magnet[tick=17040] sensor4: d=0.5249m in_range=False f_mag=0.000N tau_mag=0.0000Nm misalign_deg=90.0 pos=[-0.10900031  0.10899959  0.49140224] bottom_world=[-0.1090003   0.10899964  0.47140224] quat=[ 3.8268217e-01  2.9772377e-07 -1.4258535e-06  9.2388010e-01] speed=0.0006 ang_speed=0.0021 ang_vel_vec=[ 0.00134436  0.00136199 -0.00081167] |com_force|=0.0000N
### kotek_magnet[tick=17100] sensor4: d=0.5249m in_range=False f_mag=0.000N tau_mag=0.0000Nm misalign_deg=90.0 pos=[-0.10900033  0.10899962  0.4914022 ] bottom_world=[-0.10900031  0.10899969  0.47140221] quat=[ 3.8268229e-01  1.5113021e-07 -1.6211129e-06  9.2388004e-01] speed=0.0006 ang_speed=0.0019 ang_vel_vec=[ 0.00109365  0.00119288 -0.00091484] |com_force|=0.0000N
### kotek_magnet[tick=17160] sensor4: d=0.5249m in_range=False f_mag=0.000N tau_mag=0.0000Nm misalign_deg=90.0 pos=[-0.10900007  0.10900027  0.49140227] bottom_world=[-0.10900028  0.10900013  0.47140227] quat=[3.8268211e-01 3.4346915e-06 5.1522088e-06 9.2388016e-01] speed=0.0011 ang_speed=0.0008 ang_vel_vec=[ 2.1822919e-04 -9.2485025e-05 -7.4332068e-04] |com_force|=0.0000N
### kotek_magnet[tick=17220] sensor4: d=0.5249m in_range=False f_mag=0.000N tau_mag=0.0000Nm misalign_deg=90.0 pos=[-0.10900011  0.10900023  0.49140233] bottom_world=[-0.10900032  0.1090001   0.47140233] quat=[3.8268214e-01 3.5973303e-06 5.0488584e-06 9.2388016e-01] speed=0.0011 ang_speed=0.0011 ang_vel_vec=[ 0.00041306 -0.00042927 -0.00089587] |com_force|=0.0000N
### kotek_magnet[tick=17280] sensor4: d=0.5249m in_range=False f_mag=0.000N tau_mag=0.0000Nm misalign_deg=90.0 pos=[-0.10900006  0.10900027  0.4914023 ] bottom_world=[-0.10900026  0.10900014  0.4714023 ] quat=[3.8268211e-01 3.4672635e-06 5.0245853e-06 9.2388010e-01] speed=0.0011 ang_speed=0.0010 ang_vel_vec=[ 0.00036349 -0.00033387 -0.00084679] |com_force|=0.0000N
### kotek_magnet[tick=17340] sensor4: d=0.5249m in_range=False f_mag=0.000N tau_mag=0.0000Nm misalign_deg=90.0 pos=[-0.10900036  0.10899962  0.4914023 ] bottom_world=[-0.10900036  0.10899967  0.4714023 ] quat=[ 3.8268220e-01  3.7945739e-07 -1.2300679e-06  9.2388010e-01] speed=0.0006 ang_speed=0.0020 ang_vel_vec=[ 0.00156147  0.00088877 -0.00082224] |com_force|=0.0000N
### kotek_magnet[tick=17400] sensor4: d=0.5249m in_range=False f_mag=0.000N tau_mag=0.0000Nm misalign_deg=90.0 pos=[-0.10900008  0.10900024  0.49140218] bottom_world=[-0.10900029  0.1090001   0.47140218] quat=[3.8268220e-01 3.5713574e-06 5.2400601e-06 9.2388016e-01] speed=0.0011 ang_speed=0.0009 ang_vel_vec=[ 0.00039337 -0.0004472  -0.00073469] |com_force|=0.0000N
### kotek_magnet[tick=17460] sensor4: d=0.5249m in_range=False f_mag=0.000N tau_mag=0.0000Nm misalign_deg=90.0 pos=[-0.10900037  0.10899962  0.4914023 ] bottom_world=[-0.10900036  0.10899968  0.4714023 ] quat=[ 3.8268217e-01  3.5206367e-07 -1.2943033e-06  9.2388010e-01] speed=0.0005 ang_speed=0.0020 ang_vel_vec=[ 0.0015305   0.00082021 -0.00092843] |com_force|=0.0000N
### kotek_magnet[tick=17520] sensor4: d=0.5249m in_range=False f_mag=0.000N tau_mag=0.0000Nm misalign_deg=90.0 pos=[-0.10900037  0.10899962  0.49140236] bottom_world=[-0.10900036  0.10899969  0.47140236] quat=[ 3.8268223e-01  2.7355705e-07 -1.5567252e-06  9.2388010e-01] speed=0.0005 ang_speed=0.0018 ang_vel_vec=[ 0.00141249  0.00076215 -0.00084   ] |com_force|=0.0000N
### kotek_magnet[tick=17580] sensor4: d=0.5249m in_range=False f_mag=0.000N tau_mag=0.0000Nm misalign_deg=90.0 pos=[-0.1090001   0.10900021  0.49140233] bottom_world=[-0.10900031  0.10900008  0.47140233] quat=[3.8268194e-01 3.5309486e-06 5.0485519e-06 9.2388010e-01] speed=0.0010 ang_speed=0.0010 ang_vel_vec=[ 0.00039686 -0.00049503 -0.0008063 ] |com_force|=0.0000N
### kotek_magnet[tick=17640] sensor4: d=0.5266m in_range=False f_mag=0.000N tau_mag=0.0000Nm misalign_deg=75.1 pos=[-0.11506969  0.10303601  0.492936  ] bottom_world=[-0.10992788  0.11138804  0.47550597] quat=[ 0.36635372 -0.04123938 -0.25009796  0.895285  ] speed=0.3592 ang_speed=15.2753 ang_vel_vec=[-11.347803    8.5095215  -5.6701584] |com_force|=0.0000N
### kotek_magnet[tick=17700] sensor4: d=0.5355m in_range=False f_mag=0.000N tau_mag=0.0000Nm misalign_deg=60.9 pos=[-0.12678437  0.11013706  0.49574634] bottom_world=[-0.11705508  0.12540323  0.48724429] quat=[ 0.23621866 -0.15011139 -0.51469916  0.81040245] speed=0.0399 ang_speed=1.0589 ang_vel_vec=[-0.841986   0.6421192 -0.0104385] |com_force|=0.0000N
### kotek_magnet[tick=17760] sensor4: d=0.5474m in_range=False f_mag=0.000N tau_mag=0.0000Nm misalign_deg=63.9 pos=[-0.13647638  0.11775357  0.4955932 ] bottom_world=[-0.12767081  0.13570126  0.49500794] quat=[ 0.0821625  -0.23321219 -0.6564912   0.7126575 ] speed=0.0914 ang_speed=2.5690 ang_vel_vec=[-0.5889813  -0.10800189 -2.4981883 ] |com_force|=0.0000N
### kotek_magnet[tick=17820] sensor4: d=0.5476m in_range=False f_mag=0.000N tau_mag=0.0000Nm misalign_deg=64.2 pos=[-0.1366288   0.11794695  0.495511  ] bottom_world=[-0.12793927  0.13595059  0.49491026] quat=[ 0.07934078 -0.23151481 -0.6567971   0.71324855] speed=0.0517 ang_speed=3.6974 ang_vel_vec=[ 0.949294  -1.3619565 -3.3037405] |com_force|=0.0000N
### kotek_magnet[tick=17880] sensor4: d=0.5502m in_range=False f_mag=0.000N tau_mag=0.0000Nm misalign_deg=64.7 pos=[-0.13745022  0.11561236  0.5013261 ] bottom_world=[-0.12889442  0.13367389  0.50056487] quat=[ 0.07423728 -0.23073164 -0.6540126   0.71660256] speed=0.1081 ang_speed=4.3509 ang_vel_vec=[ 1.3768237 -1.823858  -3.7024746] |com_force|=0.0000N
### kotek_magnet[tick=17940] sensor4: d=0.5571m in_range=False f_mag=0.000N tau_mag=0.0000Nm misalign_deg=73.1 pos=[-0.13735761  0.1126424   0.51633227] bottom_world=[-0.13155603  0.1317767   0.51586283] quat=[-0.04178643 -0.24146563 -0.6557122   0.7141358 ] speed=0.2642 ang_speed=3.4924 ang_vel_vec=[2.7615745  0.23437639 2.1249337 ] |com_force|=0.0000N
### kotek_magnet[tick=18000] sensor4: d=0.5646m in_range=False f_mag=0.000N tau_mag=0.0000Nm misalign_deg=73.2 pos=[-0.13736776  0.11359192  0.53981584] bottom_world=[-0.13159598  0.13273481  0.53932985] quat=[-0.04249513 -0.24098128 -0.6555746   0.71438384] speed=0.1281 ang_speed=3.8606 ang_vel_vec=[ 2.5605006   0.20911664 -2.8817763 ] |com_force|=0.0000N
### kotek_magnet[tick=18060] sensor4: d=0.5738m in_range=False f_mag=0.000N tau_mag=0.0000Nm misalign_deg=73.6 pos=[-0.13748534  0.11456431  0.5653153 ] bottom_world=[-0.13184257  0.13374598  0.56484313] quat=[-0.0448987  -0.23886758 -0.6566109   0.71399486] speed=0.1002 ang_speed=2.8776 ang_vel_vec=[ 1.6439914  0.6470203 -2.2714033] |com_force|=0.0000N
### kotek_magnet[tick=18120] sensor4: d=0.5799m in_range=False f_mag=0.000N tau_mag=0.0000Nm misalign_deg=73.6 pos=[-0.13741407  0.11506082  0.5812046 ] bottom_world=[-0.13176956  0.13424241  0.58075024] quat=[-0.04449245 -0.23867609 -0.6570198   0.7137081 ] speed=0.0576 ang_speed=2.0227 ang_vel_vec=[ 1.3278434  -0.31873062 -1.4922218 ] |com_force|=0.0000N
### kotek_magnet[tick=18180] sensor4: d=0.5784m in_range=False f_mag=0.000N tau_mag=0.0000Nm misalign_deg=71.8 pos=[-0.13803019  0.11840026  0.57792634] bottom_world=[-0.13179904  0.13738616  0.57708455] quat=[-0.03604776 -0.248378   -0.64595944  0.72093374] speed=0.0643 ang_speed=2.0815 ang_vel_vec=[ 1.1235266  -0.37720206 -1.711149  ] |com_force|=0.0000N
### kotek_magnet[tick=18240] sensor4: d=0.5734m in_range=False f_mag=0.000N tau_mag=0.0000Nm misalign_deg=63.3 pos=[-0.13662189  0.1348256   0.5757134 ] bottom_world=[-0.12763432  0.15263934  0.57433709] quat=[ 0.01826662 -0.29204074 -0.6166883   0.7308037 ] speed=0.0656 ang_speed=2.3241 ang_vel_vec=[ 1.4240949  -0.62077385 -1.7285804 ] |com_force|=0.0000N
### kotek_magnet[tick=18300] sensor4: d=0.5668m in_range=False f_mag=0.000N tau_mag=0.0000Nm misalign_deg=53.9 pos=[-0.13335826  0.15268965  0.5731434 ] bottom_world=[-0.12158267  0.16873243  0.57115225] quat=[ 0.07891764 -0.33720815 -0.58009607  0.7372594 ] speed=0.0747 ang_speed=4.1590 ang_vel_vec=[ 4.129884   -0.46749362  0.15092972] |com_force|=0.0000N
### kotek_magnet[tick=18360] sensor4: d=0.5593m in_range=False f_mag=0.000N tau_mag=0.0000Nm misalign_deg=44.6 pos=[-0.12826112  0.170192    0.5703477 ] bottom_world=[-0.11403134  0.18399664  0.56771233] quat=[ 0.1400535  -0.37922266 -0.53879976  0.7391008 ] speed=0.0642 ang_speed=2.3694 ang_vel_vec=[ 0.54204416 -1.2319674  -1.9500287 ] |com_force|=0.0000N
### kotek_magnet[tick=18420] sensor4: d=0.5508m in_range=False f_mag=0.000N tau_mag=0.0000Nm misalign_deg=35.7 pos=[-0.12146423  0.18696077  0.5673735 ] bottom_world=[-0.10521445  0.19814708  0.56408547] quat=[ 0.20076643 -0.41721797 -0.49368834  0.73613447] speed=0.0522 ang_speed=2.3230 ang_vel_vec=[ 0.71321917 -1.5668944  -1.5596862 ] |com_force|=0.0000N
### kotek_magnet[tick=18480] sensor4: d=0.5413m in_range=False f_mag=0.000N tau_mag=0.0000Nm misalign_deg=27.1 pos=[-0.11287677  0.2031533   0.56411487] bottom_world=[-0.09506763  0.21134816  0.56015519] quat=[ 0.26166388 -0.45189887 -0.44361633  0.72837085] speed=0.0509 ang_speed=2.3483 ang_vel_vec=[ 0.39565435 -1.7113498  -1.5586262 ] |com_force|=0.0000N
### kotek_magnet[tick=18540] sensor4: d=0.5310m in_range=False f_mag=0.000N tau_mag=0.0000Nm misalign_deg=19.8 pos=[-0.10270294  0.21841301  0.5606058 ] bottom_world=[-0.08388369  0.22335742  0.55598103] quat=[ 0.32178265 -0.48227537 -0.3896033   0.7155947 ] speed=0.0515 ang_speed=2.3461 ang_vel_vec=[ 0.05147351 -1.7559588  -1.5550488 ] |com_force|=0.0000N
### kotek_magnet[tick=18600] sensor4: d=0.5203m in_range=False f_mag=0.000N tau_mag=0.0000Nm misalign_deg=16.0 pos=[-0.09144638  0.23214145  0.55695426] bottom_world=[-0.07221778  0.23378679  0.55170509] quat=[ 0.37873545 -0.5072034  -0.3339391   0.6984189 ] speed=0.0475 ang_speed=2.3097 ang_vel_vec=[-0.26669186 -1.7276688  -1.5094932 ] |com_force|=0.0000N
### kotek_magnet[tick=18660] sensor4: d=0.5089m in_range=False f_mag=0.000N tau_mag=0.0000Nm misalign_deg=17.7 pos=[-0.07887358  0.24475613  0.55302984] bottom_world=[-0.05982356  0.24303779  0.54718655] quat=[ 0.43421352 -0.52748317 -0.275099    0.6764176 ] speed=0.0445 ang_speed=2.2525 ang_vel_vec=[-0.5678159 -1.6648527 -1.4069271] |com_force|=0.0000N
### still playing, 1069s left
### kotek_magnet[tick=18720] sensor4: d=0.4970m in_range=False f_mag=0.000N tau_mag=0.0000Nm misalign_deg=24.0 pos=[-0.06524381  0.25605914  0.548886  ] bottom_world=[-0.04697024  0.25103734  0.54249395] quat=[ 0.48747978 -0.54263043 -0.21389472  0.64974207] speed=0.0446 ang_speed=2.2589 ang_vel_vec=[-0.8725679 -1.5399786 -1.4034206] |com_force|=0.0000N
### kotek_magnet[tick=18780] sensor4: d=0.4848m in_range=False f_mag=0.000N tau_mag=0.0000Nm misalign_deg=32.1 pos=[-0.0508117   0.26584262  0.544534  ] bottom_world=[-0.03387363  0.25772718  0.53766079] quat=[ 0.5372849  -0.55240446 -0.15171787  0.61899585] speed=0.0437 ang_speed=2.2322 ang_vel_vec=[-1.1400342 -1.4014505 -1.3111403] |com_force|=0.0000N
### kotek_magnet[tick=18840] sensor4: d=0.4722m in_range=False f_mag=0.000N tau_mag=0.0000Nm misalign_deg=41.2 pos=[-0.03550927  0.27431273  0.53994524] bottom_world=[-0.02046544  0.2633359   0.53265192] quat=[ 0.58462065 -0.5567801  -0.08753794  0.5835681 ] speed=0.0445 ang_speed=2.1927 ang_vel_vec=[-1.399987  -1.1798033 -1.2066406] |com_force|=0.0000N
### kotek_magnet[tick=18900] sensor4: d=0.4595m in_range=False f_mag=0.000N tau_mag=0.0000Nm misalign_deg=50.7 pos=[-0.01980741  0.2812902   0.535188  ] bottom_world=[-0.0071316   0.26783527  0.52755332] quat=[ 0.6281177  -0.5555181  -0.02306777  0.5443673 ] speed=0.0459 ang_speed=2.2115 ang_vel_vec=[-1.6341357 -0.9372691 -1.1583524] |com_force|=0.0000N
### kotek_magnet[tick=18960] sensor4: d=0.4467m in_range=False f_mag=0.000N tau_mag=0.0000Nm misalign_deg=60.4 pos=[-0.0037054   0.28683704  0.53027564] bottom_world=[0.0061841  0.27134939 0.52238069] quat=[ 0.6678403  -0.54853994  0.04159529  0.5013613 ] speed=0.0477 ang_speed=2.2231 ang_vel_vec=[-1.8436061  -0.66772205 -1.0475166 ] |com_force|=0.0000N
### kotek_magnet[tick=19020] sensor4: d=0.4338m in_range=False f_mag=0.000N tau_mag=0.0000Nm misalign_deg=70.2 pos=[0.0126163 0.2909429 0.5252121] bottom_world=[0.01940639 0.27394661 0.51714859] quat=[ 0.7031742  -0.53598636  0.10550132  0.45511997] speed=0.0503 ang_speed=2.1632 ang_vel_vec=[-1.924181   -0.31175232 -0.9380093 ] |com_force|=0.0000N
### kotek_magnet[tick=19080] sensor4: d=0.4211m in_range=False f_mag=0.000N tau_mag=0.0000Nm misalign_deg=79.9 pos=[0.02866712 0.2936817  0.5201356 ] bottom_world=[0.0321899  0.27575841 0.51199031] quat=[ 0.73356843 -0.51806676  0.16725741  0.4068281 ] speed=0.0533 ang_speed=2.3152 ang_vel_vec=[-2.1056142  -0.05540431 -0.96102107] |com_force|=0.0000N
### kotek_magnet[tick=19140] sensor4: d=0.4081m in_range=False f_mag=0.000N tau_mag=0.0000Nm misalign_deg=89.8 pos=[0.04512475 0.2951631  0.5148158 ] bottom_world=[0.0452008  0.27689324 0.50667905] quat=[ 0.7598002  -0.49431562  0.22854555  0.35513783] speed=0.0649 ang_speed=2.8257 ang_vel_vec=[-2.4509714   0.11104628 -1.4018065 ] |com_force|=0.0000N
### kotek_magnet[tick=19200] sensor4: d=0.3950m in_range=False f_mag=0.000N tau_mag=0.0000Nm misalign_deg=99.8 pos=[0.0615159  0.2953953  0.50942796] bottom_world=[0.05812219 0.27739788 0.50139211] quat=[ 0.7812398  -0.46508422  0.28775042  0.300933  ] speed=0.0699 ang_speed=2.8635 ang_vel_vec=[-2.453101   0.5272704 -1.3797302] |com_force|=0.0000N
### kotek_magnet[tick=19260] sensor4: d=0.3821m in_range=False f_mag=0.000N tau_mag=0.0000Nm misalign_deg=109.6 pos=[0.07746118 0.29448652 0.5040806 ] bottom_world=[0.07075556 0.27735766 0.49622968] quat=[ 0.7973553  -0.4311694   0.34324944  0.24596232] speed=0.0768 ang_speed=2.9292 ang_vel_vec=[-2.378349   0.8986488 -1.4547291] |com_force|=0.0000N
### kotek_magnet[tick=19320] sensor4: d=0.3692m in_range=False f_mag=0.000N tau_mag=0.0000Nm misalign_deg=119.4 pos=[0.09315067 0.2925306  0.498688  ] bottom_world=[0.08333862 0.27683943 0.49110441] quat=[ 0.80844927 -0.39240006  0.39551502  0.1897364 ] speed=0.0813 ang_speed=2.9174 ang_vel_vec=[-2.2037315  1.2986928 -1.4028298] |com_force|=0.0000N
### kotek_magnet[tick=19380] sensor4: d=0.3561m in_range=False f_mag=0.000N tau_mag=0.0000Nm misalign_deg=129.1 pos=[0.10860761 0.2896015  0.49329704] bottom_world=[0.09598787 0.27587853 0.48605675] quat=[ 0.8145006  -0.34887147  0.44416368  0.13265027] speed=0.0848 ang_speed=2.8901 ang_vel_vec=[-1.9449018  1.6690714 -1.3356925] |com_force|=0.0000N
### kotek_magnet[tick=19440] sensor4: d=0.3429m in_range=False f_mag=0.000N tau_mag=0.0000Nm misalign_deg=138.7 pos=[0.12365894 0.28580093 0.48793563] bottom_world=[0.10864348 0.27449062 0.48110828] quat=[ 0.8154387  -0.30136788  0.48835814  0.07578641] speed=0.0895 ang_speed=2.8805 ang_vel_vec=[-1.6941656  1.9228573 -1.3152641] |com_force|=0.0000N
### kotek_magnet[tick=19500] sensor4: d=0.3295m in_range=False f_mag=0.000N tau_mag=0.0000Nm misalign_deg=147.9 pos=[0.13839452 0.28119123 0.48263302] bottom_world=[0.12145285 0.27266795 0.47628214] quat=[ 0.81141543 -0.24996978  0.52796125  0.01941911] speed=0.0958 ang_speed=2.9180 ang_vel_vec=[-1.5087118  2.0764108 -1.3881687] |com_force|=0.0000N
### kotek_magnet[tick=19560] sensor4: d=0.3159m in_range=False f_mag=0.000N tau_mag=0.0000Nm misalign_deg=156.5 pos=[0.1527827  0.2758342  0.47741383] bottom_world=[0.13444192 0.27037699 0.47159706] quat=[ 0.8025689  -0.19528905  0.5625325  -0.0360912 ] speed=0.0997 ang_speed=2.9151 ang_vel_vec=[-1.1761973  2.337999  -1.2836896] |com_force|=0.0000N
### kotek_magnet[tick=19620] sensor4: d=0.3020m in_range=False f_mag=0.000N tau_mag=0.0000Nm misalign_deg=163.5 pos=[0.16685377 0.26978528 0.4723036 ] bottom_world=[0.14767626 0.26757417 0.46707541] quat=[ 0.789038   -0.13767023  0.591897   -0.09013255] speed=0.1030 ang_speed=2.9193 ang_vel_vec=[-0.7380201  2.5843446 -1.1397033] |com_force|=0.0000N
### kotek_magnet[tick=19680] sensor4: d=0.2877m in_range=False f_mag=0.000N tau_mag=0.0000Nm misalign_deg=166.3 pos=[0.1806668  0.2630673  0.46730304] bottom_world=[0.16123184 0.26419108 0.46271833] quat=[ 0.7709358  -0.0773263   0.61595696 -0.14239322] speed=0.1051 ang_speed=2.9390 ang_vel_vec=[-0.24891238  2.7671719  -0.95830023] |com_force|=0.0000N
### kotek_magnet[tick=19740] sensor4: d=0.2730m in_range=False f_mag=0.000N tau_mag=0.0000Nm misalign_deg=162.9 pos=[0.1942049  0.2556972  0.46251574] bottom_world=[0.17509143 0.2601137  0.45862088] quat=[ 0.7486775  -0.01518005  0.6343485  -0.19197296] speed=0.1089 ang_speed=2.9706 ang_vel_vec=[ 0.29946035  2.8596559  -0.74627054] |com_force|=0.0000N
### kotek_magnet[tick=19800] sensor4: d=0.2579m in_range=False f_mag=0.000N tau_mag=0.0000Nm misalign_deg=155.8 pos=[0.20741996 0.24775651 0.4579682 ] bottom_world=[0.18917456 0.25531332 0.45480593] quat=[ 0.7226919   0.04809032  0.6470165  -0.23827164] speed=0.1120 ang_speed=3.0042 ang_vel_vec=[ 0.8138892   2.8490298  -0.49580818] |com_force|=0.0000N
### kotek_magnet[tick=19860] sensor4: d=0.2421m in_range=False f_mag=0.000N tau_mag=0.0000Nm misalign_deg=147.4 pos=[0.22062919 0.23895387 0.45351425] bottom_world=[0.20378452 0.2494729  0.45114626] quat=[ 0.6925968   0.11336181  0.6541783  -0.28197446] speed=0.1141 ang_speed=3.0991 ang_vel_vec=[ 1.3802024   2.7345471  -0.47104052] |com_force|=0.0000N
### kotek_magnet[tick=19920] sensor4: d=0.2257m in_range=False f_mag=0.000N tau_mag=0.0000Nm misalign_deg=138.4 pos=[0.23379846 0.22937003 0.44931456] bottom_world=[0.21884438 0.24256371 0.44779721] quat=[ 0.6588549   0.1800312   0.65548074 -0.32224855] speed=0.1155 ang_speed=3.1060 ang_vel_vec=[ 1.8671503  2.4723063 -0.2201823] |com_force|=0.0000N
### kotek_magnet[tick=19980] sensor4: d=0.2091m in_range=False f_mag=0.000N tau_mag=0.0000Nm misalign_deg=129.4 pos=[0.2465864  0.21917331 0.4454399 ] bottom_world=[0.23390227 0.23462406 0.44481755] quat=[ 0.62245196  0.24620597  0.65101755 -0.35792795] speed=0.1174 ang_speed=3.1128 ang_vel_vec=[ 2.3160372  2.0766773 -0.1123701] |com_force|=0.0000N
### kotek_magnet[tick=20040] sensor4: d=0.1924m in_range=False f_mag=0.000N tau_mag=0.0000Nm misalign_deg=120.5 pos=[0.25906092 0.2081728  0.44187737] bottom_world=[0.24891305 0.22540441 0.44218103] quat=[ 0.58420175  0.31081325  0.64108247 -0.3887373 ] speed=0.1213 ang_speed=3.1455 ang_vel_vec=[2.6398737  1.7080675  0.08765879] |com_force|=0.0000N
### kotek_magnet[tick=20100] sensor4: d=0.1755m in_range=False f_mag=0.000N tau_mag=0.0000Nm misalign_deg=111.7 pos=[0.2713182  0.19634092 0.4386443 ] bottom_world=[0.26393877 0.21488492 0.4399342 ] quat=[ 0.5435967   0.37507725  0.6257513  -0.41503614] speed=0.1242 ang_speed=3.1612 ang_vel_vec=[2.8995922  1.2413985  0.21161173] |com_force|=0.0000N
### kotek_magnet[tick=20160] sensor4: d=0.1590m in_range=False f_mag=0.000N tau_mag=0.0000Nm misalign_deg=103.0 pos=[0.28324845 0.18364428 0.43578243] bottom_world=[0.27875317 0.20299292 0.43811111] quat=[ 0.5013572   0.43793795  0.6053324  -0.43637607] speed=0.1274 ang_speed=3.1055 ang_vel_vec=[3.0114114  0.65311295 0.38571644] |com_force|=0.0000N
### kotek_magnet[tick=20220] sensor4: d=0.1433m in_range=False f_mag=0.000N tau_mag=0.0000Nm misalign_deg=94.6 pos=[0.29471835 0.17013371 0.43336144] bottom_world=[0.29310745 0.18977433 0.43677483] quat=[ 0.45818183  0.4985994   0.5802872  -0.4524763 ] speed=0.1320 ang_speed=2.9957 ang_vel_vec=[ 2.9443045  -0.03302056  0.55134857] |com_force|=0.0000N
### kotek_magnet[tick=20280] sensor4: d=0.1296m in_range=False f_mag=0.000N tau_mag=0.0000Nm misalign_deg=86.9 pos=[0.30531463 0.15624942 0.4313967 ] bottom_world=[0.30640799 0.17570515 0.43589993] quat=[ 0.41593546  0.55486476  0.5520018  -0.46305162] speed=0.1326 ang_speed=2.9488 ang_vel_vec=[ 2.809194   -0.5728515   0.68976307] |com_force|=0.0000N
### kotek_magnet[tick=20340] sensor4: d=0.1269m in_range=False f_mag=0.000N tau_mag=0.0000Nm misalign_deg=85.0 pos=[0.30517945 0.15486307 0.42800632] bottom_world=[0.30692108 0.17420868 0.43277226] quat=[ 0.40458712  0.5670579   0.5455217  -0.46600512] speed=0.1154 ang_speed=2.9234 ang_vel_vec=[ 2.644924   -0.82971865  0.92857647] |com_force|=0.0000N
### kotek_magnet[tick=20400] sensor4: d=0.1186m in_range=False f_mag=0.000N tau_mag=0.0000Nm misalign_deg=85.2 pos=[0.30912453 0.15751617 0.41862085] bottom_world=[0.31081083 0.17687474 0.42335395] quat=[ 0.40543857  0.5655875   0.54629487 -0.46614617] speed=0.1178 ang_speed=2.8795 ang_vel_vec=[ 2.6521363 -0.693555   0.8812611] |com_force|=0.0000N
### kotek_magnet[tick=20460] sensor4: d=0.0955m in_range=True f_mag=1.282N tau_mag=0.0019Nm misalign_deg=84.6 pos=[0.3239556  0.16059898 0.39742404] bottom_world=[0.32582457 0.17991521 0.4022604 ] quat=[ 0.40297657  0.5707081   0.5433242  -0.4655117 ] speed=0.1269 ang_speed=3.1974 ang_vel_vec=[ 3.144379   -0.4968733  -0.29879403] |com_force|=0.3925N
### still playing, 1039s left
### kotek_magnet[tick=20520] sensor4: d=0.0807m in_range=True f_mag=1.602N tau_mag=0.0016Nm misalign_deg=84.3 pos=[0.33413547 0.16367653 0.38177407] bottom_world=[0.33611521 0.1829597  0.38669748] quat=[ 0.40102875  0.5739624   0.541897   -0.46485564] speed=0.1511 ang_speed=3.3099 ang_vel_vec=[ 3.2220993  -0.74560815  0.13342586] |com_force|=0.2998N
### kotek_magnet[tick=20580] sensor4: d=0.1122m in_range=False f_mag=0.000N tau_mag=0.0000Nm misalign_deg=124.3 pos=[0.3009352  0.14301525 0.32722273] bottom_world=[0.28967891 0.1589936  0.33146398] quat=[ 0.25665513 -0.1489112   0.764105   -0.5727978 ] speed=0.3000 ang_speed=1.9913 ang_vel_vec=[0.8678829  1.6517564  0.69556934] |com_force|=0.0000N
### kotek_magnet[tick=20640] sensor4: d=0.1875m in_range=False f_mag=0.000N tau_mag=0.0000Nm misalign_deg=88.2 pos=[0.30704767 0.14629158 0.17951813] bottom_world=[0.307667   0.16463964 0.1874532 ] quat=[-0.33344528 -0.484694    0.6807705  -0.4363916 ] speed=0.3000 ang_speed=2.6187 ang_vel_vec=[-1.0043838   2.4037442  -0.26579645] |com_force|=0.0000N
### kotek_magnet[tick=20700] sensor4: d=0.2987m in_range=False f_mag=0.000N tau_mag=0.0000Nm misalign_deg=92.3 pos=[0.35700595 0.15817362 0.06593837] bottom_world=[0.35619436 0.17528093 0.05560971] quat=[-0.86998963 -0.4897523  -0.04388818  0.03653371] speed=0.3000 ang_speed=1.0944 ang_vel_vec=[-0.9449051  -0.33429283 -0.4394022 ] |com_force|=0.0000N
### kotek_magnet[tick=20760] sensor4: d=0.3358m in_range=False f_mag=0.000N tau_mag=0.0000Nm misalign_deg=86.4 pos=[0.35354674 0.14365532 0.01749982] bottom_world=[0.35480186 0.16361589 0.01750007] quat=[-0.70675373 -0.7067628   0.02219835  0.02219877] speed=0.0007 ang_speed=0.0035 ang_vel_vec=[-0.00334043 -0.00073631 -0.00094577] |com_force|=0.0000N
### kotek_magnet[tick=20820] sensor4: d=0.3358m in_range=False f_mag=0.000N tau_mag=0.0000Nm misalign_deg=86.4 pos=[0.35354674 0.14365532 0.01749982] bottom_world=[0.35480186 0.16361589 0.01750008] quat=[-0.70675373 -0.7067628   0.02219837  0.02219875] speed=0.0007 ang_speed=0.0035 ang_vel_vec=[-0.00334083 -0.00073618 -0.00094587] |com_force|=0.0000N
### kotek_magnet[tick=20880] sensor4: d=0.3358m in_range=False f_mag=0.000N tau_mag=0.0000Nm misalign_deg=86.4 pos=[0.35354674 0.14365532 0.01749983] bottom_world=[0.35480186 0.16361589 0.01750009] quat=[-0.70675373 -0.7067628   0.02219837  0.02219876] speed=0.0007 ang_speed=0.0035 ang_vel_vec=[-0.00334071 -0.00073627 -0.00094587] |com_force|=0.0000N
### kotek_magnet[tick=20940] sensor4: d=0.3358m in_range=False f_mag=0.000N tau_mag=0.0000Nm misalign_deg=86.4 pos=[0.35354674 0.14365532 0.01749981] bottom_world=[0.35480186 0.16361589 0.01750006] quat=[-0.70675373 -0.7067628   0.02219838  0.02219876] speed=0.0007 ang_speed=0.0035 ang_vel_vec=[-0.00334052 -0.00073623 -0.00094582] |com_force|=0.0000N
