WARNING: All log messages before absl::InitializeLog() is called are written to STDERR
E0000 00:00:1789300271.583588   93738 descriptor_database.cc:633] File already exists in database: grpc/health/v1/health.proto
W0000 00:00:1789300271.583610   93738 message.cc:301] Protobuf GeneratedMessageFactory: File is already registered: grpc/health/v1/health.proto
2026-09-13T11:51:11Z [Info] [carb] Logging to file: /home/trs/env_isaaclab/lib/python3.12/site-packages/isaacsim/kit/logs/Kit/Isaac-Sim Python/6.0/kit_20260913_205111.log
[0.046s] [ext: omni.assets.plugins-0.0.0] startup
[0.046s] [ext: omni.blobkey-1.1.2] startup
[0.047s] [ext: omni.kit.async_engine-0.0.3] startup
[0.107s] [ext: omni.client.lib-1.1.1] startup
[0.114s] [ext: omni.client-1.3.0] startup
[0.117s] [ext: omni.protobuf.lib-1.0.0] startup
[0.118s] [ext: omni.grpc.lib-1.0.0] startup
[0.120s] [ext: omni.metrics.core-0.0.3] startup
[0.120s] [ext: omni.datastore-0.0.0] startup
[0.121s] [ext: omni.gpu_foundation.shadercache.vulkan-1.0.0] startup
[0.123s] [ext: omni.hsscclient-1.1.4] startup
[0.123s] [ext: omni.stats-1.0.1] startup
[0.124s] [ext: omni.ujitso.default-1.0.0] startup
[0.126s] [ext: omni.gpu_foundation-0.0.0] startup
[0.299s] [ext: carb.windowing.plugins-1.0.1] startup
[0.299s] [ext: omni.kit.renderer.init-1.0.1] startup

|---------------------------------------------------------------------------------------------|
| Driver Version: 595.84        | Graphics API: Vulkan
|=============================================================================================|
| GPU | Name                             | Active | LDA | GPU Memory | Vendor-ID | LUID       |
|     |                                  |        |     |            | Device-ID | UUID       |
|     |                                  |        |     |            | Bus-ID    |            |
|---------------------------------------------------------------------------------------------|
| 0   | NVIDIA RTX A6000                 | Yes: 0 |     | 49140   MB | 10de      | 0          |
|     |                                  |        |     |            | 2230      | 1d7cbbed.. |
|     |                                  |        |     |            | 1         |            |
|=============================================================================================|
| OS: 24.04.4 LTS (Noble Numbat) ubuntu, Version: 24.04.4, Kernel: 7.0.0-31-generic
| XServer Vendor: The X.Org Foundation, XServer Version: 12101011 (1.21.1.11)
| Processor: Intel(R) Core(TM) i9-14900KF
| Cores: 24 | Logical Cores: 32
|---------------------------------------------------------------------------------------------|
| Total Memory (MB): 64135 | Free Memory: 57747
| Total Page/Swap (MB): 8191 | Free Page/Swap: 8191
|---------------------------------------------------------------------------------------------|
2026-09-13T11:51:12Z [838ms] [Warning] [omni.rtx] CPU performance profile is set to powersave. This profile sets the CPU to the lowest frequency reducing performance.
2026-09-13T11:51:12Z [848ms] [Warning] [omni.rtx] IOMMU is enabled.
[0.941s] [ext: omni.kit.pipapi-0.0.0] startup
[0.942s] [ext: omni.kit.telemetry-0.5.2] startup
[0.964s] [ext: omni.kit.loop-isaac-1.6.0] startup
[0.965s] [ext: omni.kit.test-2.0.7] startup
[1.000s] [ext: omni.materialx.libs-1.0.9] startup
[1.004s] [ext: omni.gpucompute.plugins-0.0.0] startup
[1.005s] [ext: omni.usd.config-1.0.7] startup
[1.007s] [ext: omni.usd.libs-1.0.3] startup
[1.062s] [ext: omni.iray.libs-0.0.1] startup
[1.065s] [ext: omni.mdl-57.0.3] startup
[1.100s] [ext: omni.mdl.neuraylib-0.2.20] startup
[1.102s] [ext: omni.kit.usd.mdl-1.1.9] startup
[1.168s] [ext: omni.appwindow-1.2.2] startup
[1.170s] [ext: omni.kit.renderer.core-1.2.2] startup
[1.198s] [ext: omni.kit.renderer.capture-2.0.1] startup
[1.199s] [ext: omni.kit.renderer.imgui-2.0.6] startup
[1.233s] [ext: omni.ui-3.1.3] startup
[1.239s] [ext: omni.kit.mainwindow-1.0.3] startup
[1.239s] [ext: carb.audio-0.1.0] startup
[1.241s] [ext: omni.uiaudio-1.0.0] startup
[1.242s] [ext: omni.kit.uiapp-0.0.0] startup
[1.242s] [ext: omni.usd.schema.metrics.assembler-110.1.0] startup
[1.244s] [ext: omni.usd.schema.audio-0.0.1] startup
[1.245s] [ext: omni.usd_resolver-1.0.0] startup
[1.247s] [ext: omni.usd.core-1.8.3] startup
[1.250s] [ext: omni.metropolis.schema-0.0.3] startup
[1.250s] [ext: isaacsim.anim.robot.schema-0.1.1] startup
[1.250s] [ext: omni.usd.schema.anim-0.0.1] startup
[1.262s] [ext: omni.usd.schema.geospatial-0.0.1] startup
[1.263s] [ext: omni.usd.schema.omnigraph-1.0.1] startup
[1.267s] [ext: omni.usd.schema.semantics-0.0.0] startup
[1.268s] [ext: omni.activity.core-1.0.3] startup
[1.269s] [ext: omni.cubric-0.1.0] startup
[1.269s] [ext: omni.graph.exec-0.9.6] startup
[1.269s] [ext: omni.hydra.scene_delegate-0.3.5] startup
[1.271s] [ext: usdrt.scenegraph-7.6.3] startup
[1.287s] [ext: omni.hydra.usdrt_delegate-7.5.2] startup
[1.291s] [ext: omni.inspect-1.0.2] startup
[1.292s] [ext: omni.kit.actions.core-1.0.0] startup
[1.293s] [ext: omni.kit.audiodeviceenum-1.0.2] startup
[1.294s] [ext: omni.kit.commands-1.5.0] startup
[1.296s] [ext: omni.kit.exec.core-0.13.5] startup
[1.297s] [ext: omni.kit.usd_undo-0.1.8] startup
[1.297s] [ext: omni.kit.window.popup_dialog-2.0.25] startup
[1.299s] [ext: omni.kit.widget.nucleus_connector-2.3.1] startup
[1.301s] [ext: omni.timeline-1.1.0] startup
[1.302s] [ext: omni.usd-1.15.2] startup
[1.327s] [ext: omni.graph.core-3.1.2] startup
[1.329s] [ext: omni.kit.notification_manager-1.0.11] startup
[1.330s] [ext: isaacsim.core.deprecation_manager-0.4.2] startup
[1.330s] [ext: isaacsim.replicator.agent.schema-0.1.1] startup
[1.331s] [ext: isaacsim.robot.schema-6.3.6] startup
[1.334s] [ext: isaacsim.robot_motion.schema-0.2.0] startup
[1.334s] [ext: omni.anim.behavior.schema-110.1.0] startup
[1.336s] [ext: omni.anim.graph.schema-110.1.1] startup
[1.340s] [ext: omni.anim.navigation.schema-110.1.0] startup
[1.342s] [ext: omni.behavior.tree.schema-110.1.0] startup
[1.342s] [ext: omni.kit.asset_converter-5.1.4] startup
[1.350s] [ext: omni.usd.schema.flow-110.0.0] startup
[1.350s] [ext: omni.usd.schema.mujoco-1.1.0] startup
[1.350s] [ext: omni.usd.schema.newton-1.2.0] startup
[1.350s] [ext: omni.usd.schema.omni_lens_distortion-1.0.0] startup
[1.351s] [ext: omni.usd.schema.omni_projectors-1.0.0] startup
[1.351s] [ext: omni.usd.schema.omni_sensors-0.0.0] startup
[1.355s] [ext: omni.usd.schema.omniscripting-1.0.1] startup
[1.358s] [ext: omni.usd.schema.physical_lighting-0.1.0] startup
[1.359s] [ext: omni.usd.schema.physx-110.1.11] startup
[1.377s] [ext: omni.usd.schema.render_settings.rtx-1.0.2] startup
[1.379s] [ext: omni.usd.schema.usd_particle_field-1.0.0] startup
[1.379s] [ext: isaacsim.core.version-2.1.0] startup
[1.379s] [ext: omni.kit.menu.core-1.2.0] startup
[1.380s] [ext: omni.kit.menu.utils-2.2.3] startup
[1.384s] [ext: isaacsim.app.about-2.3.0] startup
[1.387s] [ext: isaacsim.asset.transformer-1.2.3] startup
[1.389s] [ext: omni.scene.optimizer.core-110.1.0] startup
[1.427s] [ext: isaacsim.asset.importer.utils-1.8.0] startup
[1.428s] [ext: omni.convexdecomposition-110.1.11] startup
[1.429s] [ext: omni.physics-110.1.11] startup
[1.431s] [ext: omni.physx.gpu-110.1.11] startup
[1.431s] [ext: omni.physx.foundation-110.1.11] startup
[1.432s] [ext: omni.usdphysics-110.1.11] startup
[1.433s] [ext: omni.physx.cooking-110.1.11] startup
[1.435s] [ext: omni.physx-110.1.11] startup
[1.441s] [ext: omni.physics.physx-110.1.11] startup
[1.442s] [ext: isaacsim.asset.exporter.urdf-2.0.3] startup
[1.447s] [ext: omni.kit.clipboard-1.1.1] startup
[1.448s] [ext: omni.kit.usd.layers-2.6.1] startup
[1.452s] [ext: omni.kit.widget.context_menu-1.4.0] startup
[1.453s] [ext: omni.kit.context_menu-1.9.0] startup
[1.454s] [ext: omni.kit.helper.file_utils-0.1.10] startup
[1.454s] [ext: omni.kit.widget.nucleus_info-2.0.2] startup
[1.455s] [ext: omni.kit.search_core-1.0.8] startup
[1.455s] [ext: omni.kit.widget.path_field-2.0.13] startup
[1.456s] [ext: omni.kit.widget.browser_bar-2.0.10] startup
[1.456s] [ext: omni.kit.widget.filebrowser-2.13.4] startup
[1.458s] [ext: omni.kit.widget.options_menu-1.1.6] startup
[1.460s] [ext: omni.kit.widget.options_button-1.0.3] startup
[1.460s] [ext: omni.kit.widget.search_delegate-1.0.9] startup
[1.461s] [ext: omni.ui.scene-2.0.1] startup
[1.464s] [ext: omni.kit.window.filepicker-2.15.5] startup
[1.471s] [ext: omni.kit.window.file_importer-1.1.21] startup
[1.472s] [ext: omni.kit.material.library-3.1.2] startup
[1.475s] [ext: isaacsim.asset.transformer.rules-1.7.8] startup
[1.482s] [ext: omni.usdex.libs-2.2.2] startup
[1.487s] [ext: isaacsim.asset.importer.mjcf-3.10.0] startup
[1.489s] [ext: isaacsim.asset.importer.urdf-3.11.0] startup
[1.491s] [ext: omni.kit.primitive.mesh-1.1.0] startup
[1.492s] [ext: omni.kit.stage_template.core-1.1.22] startup
[1.493s] [ext: omni.kit.stage_templates-2.0.2] startup
[1.494s] [ext: omni.usd.metrics.assembler-110.1.2] startup
[1.495s] [ext: omni.warp.core-1.13.0] startup
[1.607s] [ext: isaacsim.core.experimental.utils-0.17.1] startup
[1.607s] [ext: omni.physics.stageupdate-110.1.11] startup
[1.608s] [ext: omni.physics.tensors-110.1.11] startup
[1.611s] [ext: omni.physx.tensors-110.1.11] startup
[1.614s] [ext: isaacsim.core.simulation_manager-1.15.4] startup
2026-09-13T11:51:13Z [1,600ms] [Warning] [isaacsim.core.simulation_manager.plugin] USD stage is not available; stage-opened subscription is deferred
2026-09-13T11:51:13Z [1,600ms] [Warning] [isaacsim.core.simulation_manager.plugin] USD stage is not available; stage-opened subscription is deferred
[1.623s] [ext: isaacsim.storage.native-1.9.2] startup
[1.624s] [ext: omni.usd.metrics.assembler.physics-110.1.11] startup
[1.625s] [ext: isaacsim.core.utils-4.1.6] startup
[1.627s] [ext: isaacsim.core.prims-0.11.6] startup
[2.357s] [ext: isaacsim.core.api-5.2.12] startup
[2.362s] [ext: isaacsim.core.cloner-1.7.2] startup
[2.362s] [ext: isaacsim.test.docstring-1.3.1] startup
[2.364s] [ext: isaacsim.core.experimental.prims-1.8.8] startup
[2.379s] [ext: isaacsim.core.experimental.primdata-0.3.2] startup
[2.380s] [ext: omni.graph.tools-1.81.0] startup
[2.394s] [ext: omni.graph-1.142.5] startup
[2.417s] [ext: isaacsim.core.experimental.actuators-0.1.0] startup
[3.657s] [ext: isaacsim.core.experimental.materials-0.7.0] startup
[3.659s] [ext: isaacsim.core.experimental.objects-0.8.0] startup
[3.699s] [ext: omni.hydra.engine.stats-1.0.5] startup
[3.701s] [ext: omni.hydra.rtx.shadercache.vulkan-1.0.0] startup
[3.702s] [ext: omni.index.libs-387500.3473.0] startup
[3.702s] [ext: omni.index-1.0.1] startup
[3.702s] [ext: omni.ujitso.client-0.0.0] startup
[3.702s] [ext: omni.usd.schema.playback-1.0.0] startup
[3.705s] [ext: omni.volume-0.5.2] startup
[3.708s] [ext: omni.hydra.rtx-1.0.3] startup
2026-09-13T11:51:15Z [3,696ms] [Warning] [omni.log] Source: omni.hydra was already registered.
[3.730s] [ext: omni.kit.hydra_texture-1.6.0] startup
[3.733s] [ext: omni.kit.raycast.query-1.2.0] startup
[3.736s] [ext: omni.kit.viewport.legacy_gizmos-1.0.24] startup
[3.738s] [ext: omni.kit.viewport.registry-104.0.6] startup
[3.739s] [ext: omni.kit.viewport.scene_camera_model-1.0.7] startup
[3.742s] [ext: omni.kit.widget.viewport-109.2.0] startup
[3.745s] [ext: omni.kit.window.drop_support-1.0.8] startup
[3.745s] [ext: omni.kit.viewport.window-109.0.2] startup
[3.757s] [ext: omni.kit.viewport.utility-2.0.1] startup
[3.757s] [ext: isaacsim.core.rendering_manager-0.4.2] startup
[3.770s] [ext: omni.graph.action_core-1.1.9] startup
[3.771s] [ext: omni.graph.action_nodes_core-2.10.2] startup
[3.773s] [ext: omni.graph.action_nodes-2.10.3] startup
[3.792s] [ext: omni.graph.action-2.10.2] startup
[3.793s] [ext: omni.graph.image.core-0.6.1] startup
[3.793s] [ext: omni.graph.image.nodes-1.3.1] startup
[3.794s] [ext: omni.graph.nodes_core-2.10.3] startup
[3.798s] [ext: omni.graph.nodes-2.11.1] startup
[3.802s] [ext: omni.kit.hotkeys.core-1.3.12] startup
[3.803s] [ext: omni.kit.property.adapter.core-1.1.1] startup
[3.806s] [ext: omni.kit.property.adapter.usd-1.0.5] startup
[3.808s] [ext: omni.kit.widget.filter-1.1.5] startup
[3.810s] [ext: omni.kit.widget.highlight_label-1.0.3] startup
[3.811s] [ext: omni.kit.widget.searchfield-1.1.8] startup
[3.812s] [ext: omni.kit.window.file_exporter-1.0.36] startup
[3.814s] [ext: omni.kit.widget.stage-4.3.0] startup
[3.822s] [ext: omni.kit.window.content_browser_registry-0.0.6] startup
[3.823s] [ext: omni.kit.window.file-2.0.10] startup
[3.828s] [ext: omni.kit.window.content_browser-3.1.8] startup
[3.836s] [ext: omni.kit.window.property-1.15.1] startup
[3.843s] [ext: omni.kit.property.usd-4.8.1] startup
[3.850s] [ext: omni.graph.scriptnode-2.10.2] startup
[3.857s] [ext: omni.kit.widget.searchable_combobox-1.0.7] startup
[3.858s] [ext: omni.kit.widget.settings-2.0.0] startup
[3.859s] [ext: omni.kit.window.preferences-1.8.3] startup
[3.862s] [ext: omni.kit.viewport.menubar.core-107.2.2] startup
[3.870s] [ext: omni.syntheticdata-0.6.15] startup
[3.890s] [ext: omni.replicator.nv-1.1.1] startup
[3.894s] [ext: omni.videoencoding-0.2.1] startup
[3.895s] [ext: omni.replicator.core-1.13.25] startup
2026-09-13T11:51:15Z [3,880ms] [Warning] [pxr.Semantics] pxr.Semantics is deprecated - please use Semantics instead
2026-09-13T11:51:15Z [3,931ms] [Warning] [omni.replicator.core.scripts.extension] No material configuration file, adding configuration to material settings directly.
[4.073s] [ext: isaacsim.core.nodes-5.10.4] startup
[4.095s] [ext: isaacsim.core.throttling-2.3.3] startup
[4.096s] [ext: omni.kit.manipulator.viewport-107.0.1] startup
[4.097s] [ext: omni.graph.visualization.nodes-2.1.4] startup
[4.107s] [ext: omni.kit.window.extensions-1.5.7] startup
[4.110s] [ext: isaacsim.gui.components-1.8.4] startup
[4.114s] [ext: isaacsim.robot.surface_gripper-3.6.1] startup
[4.121s] [ext: isaacsim.robot.manipulators-3.4.4] startup
[4.128s] [ext: isaacsim.robot_motion.lula-4.1.2] startup
[4.133s] [ext: isaacsim.robot_motion.motion_generation-8.2.8] startup
[4.137s] [ext: isaacsim.cortex.framework-1.0.17] startup
[4.138s] [ext: isaacsim.cortex.behaviors-2.0.16] startup
[4.140s] [ext: isaacsim.examples.base-1.3.1] startup
[4.141s] [ext: omni.kit.widget.zoombar-1.0.7] startup
[4.142s] [ext: omni.kit.browser.core-2.3.18] startup
[4.144s] [ext: omni.kit.browser.folder.core-2.0.2] startup
[4.147s] [ext: omni.kit.widget.stage_icons-1.0.8] startup
[4.148s] [ext: omni.kit.window.stage-2.6.1] startup
[4.150s] [ext: omni.kit.menu.stage-1.2.7] startup
[4.151s] [ext: omni.kit.usd.collect-3.0.5] startup
[4.153s] [ext: omni.kit.widget.prompt-1.0.7] startup
[4.154s] [ext: omni.kit.tool.collect-2.2.19] startup
[4.155s] [ext: isaacsim.examples.browser-0.3.1] startup
[4.157s] [ext: omni.kit.search.files-1.0.4] startup
[4.158s] [ext: omni.kit.widget.calendar-1.0.9] startup
[4.159s] [ext: omni.kit.widget.extended_searchfield-1.0.31] startup
[4.164s] [ext: omni.simready.content.browser-0.3.7] startup
[4.226s] [ext: isaacsim.gui.content_browser-0.4.2] startup
[4.227s] [ext: omni.kit.selection-0.1.6] startup
[4.228s] [ext: isaacsim.gui.menu-2.10.5] startup
[4.234s] [ext: isaacsim.gui.property-1.6.2] startup
[4.238s] [ext: omni.kit.viewport.actions-107.0.2] startup
[4.241s] [ext: omni.kit.viewport.menubar.display-107.1.3] startup
[4.242s] [ext: isaacsim.gui.sensors.icon-2.2.0] startup
[4.244s] [ext: omni.behavior.scripting.core-110.1.0] startup
[4.246s] [ext: isaacsim.replicator.behavior-1.5.3] startup
[4.247s] [ext: isaacsim.replicator.experimental.domain_randomization-1.2.4] startup
[4.259s] [ext: isaacsim.replicator.domain_randomization-1.2.1] startup
[4.310s] [ext: isaacsim.replicator.writers-1.5.3] startup
[4.326s] [ext: isaacsim.robot.experimental.wheeled_robots-0.2.9] startup
[4.341s] [ext: isaacsim.robot.policy.examples-5.2.11] startup
[4.355s] [ext: isaacsim.robot.wheeled_robots-5.2.3] startup
[4.357s] [ext: isaacsim.robot.wheeled_robots.nodes-0.1.2] startup
[4.372s] [ext: isaacsim.robot_motion.experimental.motion_generation-6.1.2] startup
[4.379s] [ext: isaacsim.robot_motion.cumotion-1.3.0] startup
[4.388s] [ext: omni.kit.numpy.common-0.1.3] startup
[4.389s] [ext: isaacsim.sensors.camera-1.7.8] startup
[4.408s] [ext: isaacsim.sensors.experimental.physics-3.0.1] startup
[4.413s] [ext: omni.sensors.net-1.0.1] startup
[4.415s] [ext: omni.sensors.nv.common-3.0.0] startup
[4.424s] [ext: omni.sensors.nv.materials-2.0.0] startup
[4.426s] [ext: omni.sensors.nv.acoustic-3.0.0] startup
[4.428s] [ext: omni.sensors.nv.ids-2.0.1] startup
[4.429s] [ext: omni.sensors.nv.lidar-3.0.0] startup
[4.432s] [ext: omni.sensors.nv.radar-3.0.0] startup
[4.435s] [ext: isaacsim.sensors.experimental.rtx-1.4.3] startup
[4.599s] [ext: isaacsim.sensors.physics.nodes-1.5.2] startup
[4.605s] [ext: isaacsim.util.debug_draw-3.2.2] startup
[4.609s] [ext: isaacsim.sensors.physx-2.5.4] startup
[4.615s] [ext: isaacsim.sensors.rtx-15.17.0] startup
[4.627s] [ext: isaacsim.simulation_app-2.18.3] startup
[4.627s] [ext: omni.anim.curve.core-1.6.0] startup
[4.638s] [ext: omni.graph.ui_nodes-2.10.5] startup
[4.661s] [ext: omni.hydra.scene_api-0.1.3] startup
[4.665s] [ext: omni.kit.manipulator.camera-110.0.0] startup
[4.667s] [ext: omni.kit.manipulator.selector-1.1.4] startup
[4.669s] [ext: omni.kit.manipulator.transform-107.0.0] startup
[4.673s] [ext: omni.kit.widget.toolbar-2.1.0] startup
[4.677s] [ext: omni.kit.manipulator.tool.snap-1.5.14] startup
[4.680s] [ext: omni.kit.viewport.manipulator.transform-107.0.4] startup
[4.681s] [ext: omni.kit.manipulator.prim.core-108.0.2] startup
[4.685s] [ext: omni.kit.manipulator.prim.usd-107.0.3] startup
[4.686s] [ext: omni.kit.manipulator.prim-108.0.0] startup
[4.686s] [ext: omni.kit.manipulator.selection-109.0.1] startup
[4.687s] [ext: omni.kit.menu.create-2.0.2] startup
[4.688s] [ext: omni.kit.property.audio-1.0.16] startup
[4.690s] [ext: omni.kit.property.camera-1.0.14] startup
[4.691s] [ext: omni.kit.property.geometry-2.1.2] startup
[4.693s] [ext: omni.kit.property.light-1.0.14] startup
2026-09-13T11:51:16Z [4,690ms] [Warning] [omni.usd] Encountered USD Warnings but USD Diagnostics are currently muted. To view USD Warnings, please set the '/persistent/app/usd/muteUsdDiagnostics' setting to false in Preferences page.
[4.720s] [ext: omni.kit.property.material-1.14.2] startup
[4.724s] [ext: omni.kit.property.render-1.2.2] startup
[4.725s] [ext: omni.kit.property.transform-1.6.9] startup
[4.727s] [ext: omni.kit.property.bundle-1.5.1] startup
[4.728s] [ext: omni.kit.usdz_export-1.1.0] startup
[4.730s] [ext: omni.kit.tool.asset_importer-5.2.0] startup
[4.733s] [ext: omni.kit.ui.actions-1.0.5] startup
[4.735s] [ext: omni.kit.viewport.menubar.camera-107.0.10] startup
[4.738s] [ext: omni.kit.viewport.menubar.lighting-107.3.2] startup
[4.740s] [ext: omni.kit.viewport.menubar.render-107.0.10] startup
[4.741s] [ext: omni.kit.viewport.menubar.settings-110.0.1] startup
[4.743s] [ext: omni.kit.window.console-1.1.8] startup
[4.746s] [ext: omni.kit.window.status_bar-0.1.11] startup
[4.748s] [ext: omni.kit.window.toolbar-3.0.3] startup
[4.750s] [ext: omni.ocio-0.1.1] startup
[4.751s] [ext: omni.physx.commands-110.1.11] startup
[4.756s] [ext: omni.replicator.replicator_yaml-2.0.12] startup
[4.764s] [ext: omni.rtx.window.settings-0.8.0] startup
[4.767s] [ext: omni.rtx.settings.core-0.7.0] startup
[4.769s] [ext: omni.usd.metrics.assembler.ui-110.1.1] startup
[4.773s] [ext: semantics.schema.editor-2.0.2] startup
[4.775s] [ext: semantics.schema.property-2.0.1] startup
[4.776s] [ext: omni.kit.menu.common-2.0.2] startup
[4.777s] [ext: isaacsim.exp.base-6.0.0] startup
[4.777s] [ext: isaacsim.exp.base.python-6.0.0] startup
[4.778s] Simulation App Starting
[5.636s] Simulation App Startup Complete
[5.644s] app ready
Starting kit application with the following args:  ['/home/trs/env_isaaclab/lib/python3.12/site-packages/isaacsim/exts/isaacsim.simulation_app/isaacsim/simulation_app/simulation_app.py', '/home/trs/env_isaaclab/lib/python3.12/site-packages/isaacsim/apps/isaacsim.exp.base.python.kit', '--/app/tokens/exe-path=/home/trs/env_isaaclab/lib/python3.12/site-packages/isaacsim/kit', '--/persistent/app/viewport/displayOptions=3094', '--/rtx/materialDb/syncLoads=True', '--/rtx/hydra/materialSyncLoads=True', '--/omni.kit.plugin/syncUsdLoads=True', '--/app/renderer/resolution/width=1280', '--/app/renderer/resolution/height=720', '--/app/window/width=1440', '--/app/window/height=900', '--/renderer/multiGpu/enabled=True', '--/app/fastShutdown=True', '--/app/installSignalHandlers=0', '--ext-folder', '/home/trs/env_isaaclab/lib/python3.12/site-packages/isaacsim/exts', '--ext-folder', '/home/trs/env_isaaclab/lib/python3.12/site-packages/isaacsim/apps', '--/physics/cudaDevice=0', '--/plugins/carb.tasking.plugin/threadCount=32', '--/plugins/omni.tbb.globalcontrol/maxThreadCount=32', '--portable', '--no-window', '--/app/window/hideUi=1']
Passing the following args to the base kit application:  ['--duration', '1400']
Warp 1.13.0 initialized:
   CUDA Toolkit 12.9, Driver 13.2
   Devices:
     "cpu"      : "x86_64"
     "cuda:0"   : "NVIDIA RTX A6000" (47 GiB, sm_86, mempool enabled)
   Kernel cache:
     /home/trs/.cache/warp/1.13.0
### stage opened: /home/trs/kotek_ws/src/kotek_isaac_stage/usd/kotek_scout_piper_wall_demo.usd
[6.189s] [ext: isaacsim.sensors.rtx.nodes-0.1.0] startup
[6.196s] [ext: isaacsim.ros2.core-1.9.1] startup
[6.207s] Attempting to load system rclpy
[6.207s] Could not import system rclpy: No module named 'rclpy'
[6.207s] Attempting to load internal rclpy for ROS Distro: jazzy
[6.217s] rclpy loaded
[6.220s] [ext: isaacsim.ros2.nodes-1.18.11] startup
[6.253s] [ext: isaacsim.ros2.examples-1.2.3] startup
[6.257s] [ext: isaacsim.ros2.ui-1.6.4] startup
[6.418s] [ext: isaacsim.ros2.bridge-5.1.1] startup
2026-09-13T11:51:18Z [6,781ms] [Warning] [isaacsim.ros2.nodes] OgnROS2PublishTransformTree: using targetPrims for internal computation is deprecated. Connect OgnIsaacComputeTransformTree to inputs:parentFrames/childFrames/translations/orientations instead.
2026-09-13T11:51:18Z [6,781ms] [Error] [omni.physx.tensors.plugin] Failed to create simulation view: no active physics scene found
2026-09-13T11:51:18Z [6,781ms] [Error] [omni.graph.core.plugin] /World/kotek_wall_sensor_graph/ros2_publish_transform_tree: [/World/kotek_wall_sensor_graph] Failed to create simulation view - physics backend may not be initialized
### physics playing -- /clock and /isaac_joint_states are live; start the 45s warm-up now
### still playing, 1400s left
### kotek_magnet[tick=60] sensor1: d=0.4082m in_range=False f_mag=0.000N tau_mag=0.0000Nm misalign_deg=90.0 pos=[0.10880279 0.1090093  0.49140233] bottom_world=[0.10880296 0.10900929 0.47140233] quat=[ 9.2484176e-01 -2.0293912e-06 -3.8486596e-06  3.8035229e-01] speed=0.0006 ang_speed=0.0049 ang_vel_vec=[0.00448202 0.00189047 0.00039158] |com_force|=0.0000N
### kotek_magnet[tick=60] sensor2: d=0.3208m in_range=False f_mag=0.000N tau_mag=0.0000Nm misalign_deg=90.0 pos=[ 0.10902467 -0.10904666  0.49140108] bottom_world=[ 0.10902465 -0.10904649  0.47140108] quat=[ 9.2300087e-01  3.7843577e-06  2.1311657e-06 -3.8479796e-01] speed=0.0004 ang_speed=0.0023 ang_vel_vec=[-0.0016911  -0.00122399 -0.00091027] |com_force|=0.0000N
### kotek_magnet[tick=60] sensor3: d=0.5470m in_range=False f_mag=0.000N tau_mag=0.0000Nm misalign_deg=90.0 pos=[-0.10910747 -0.10914613  0.49140114] bottom_world=[-0.10910741 -0.10914599  0.47140114] quat=[-3.8058406e-01 -2.6324492e-06 -2.6273779e-06  9.2474633e-01] speed=0.0005 ang_speed=0.0023 ang_vel_vec=[-0.00091867  0.00195101 -0.0009245 ] |com_force|=0.0000N
### kotek_magnet[tick=60] sensor4: d=0.5249m in_range=False f_mag=0.000N tau_mag=0.0000Nm misalign_deg=90.0 pos=[-0.10900018  0.10899954  0.49140233] bottom_world=[-0.10900028  0.10899957  0.47140233] quat=[3.8268229e-01 2.6469561e-06 2.1679557e-07 9.2388010e-01] speed=0.0004 ang_speed=0.0034 ang_vel_vec=[ 0.00290578 -0.00177686 -0.00043088] |com_force|=0.0000N
### kotek_magnet[tick=120] sensor1: d=0.4082m in_range=False f_mag=0.000N tau_mag=0.0000Nm misalign_deg=90.0 pos=[0.10880256 0.10900908 0.4914024 ] bottom_world=[0.10880275 0.1090091  0.47140239] quat=[ 9.2484188e-01 -1.3549216e-06 -4.7550493e-06  3.8035187e-01] speed=0.0010 ang_speed=0.0024 ang_vel_vec=[-0.00194262  0.00011888  0.00137404] |com_force|=0.0000N
### kotek_magnet[tick=120] sensor2: d=0.3208m in_range=False f_mag=0.000N tau_mag=0.0000Nm misalign_deg=90.0 pos=[ 0.10902449 -0.10904672  0.491401  ] bottom_world=[ 0.1090246  -0.10904652  0.47140099] quat=[ 9.2300093e-01  5.6364875e-06 -5.2745366e-07 -3.8479799e-01] speed=0.0004 ang_speed=0.0030 ang_vel_vec=[-0.00239843  0.00185671 -0.00030084] |com_force|=0.0000N
### kotek_magnet[tick=120] sensor3: d=0.5470m in_range=False f_mag=0.000N tau_mag=0.0000Nm misalign_deg=90.0 pos=[-0.1091075  -0.10914591  0.49140096] bottom_world=[-0.10910742 -0.1091459   0.47140096] quat=[-3.8058385e-01 -2.0400319e-06  4.8969514e-07  9.2474645e-01] speed=0.0004 ang_speed=0.0029 ang_vel_vec=[ 0.00175139  0.00229395 -0.00030659] |com_force|=0.0000N
### kotek_magnet[tick=120] sensor4: d=0.5249m in_range=False f_mag=0.000N tau_mag=0.0000Nm misalign_deg=90.0 pos=[-0.10900009  0.10900014  0.49140233] bottom_world=[-0.10900031  0.109       0.47140233] quat=[3.8268185e-01 3.7584534e-06 5.3168492e-06 9.2388022e-01] speed=0.0010 ang_speed=0.0025 ang_vel_vec=[ 0.00156604 -0.00169831 -0.00084199] |com_force|=0.0000N
### kotek_magnet[tick=180] sensor1: d=0.4082m in_range=False f_mag=0.000N tau_mag=0.0000Nm misalign_deg=90.0 pos=[0.10880381 0.10900926 0.49140236] bottom_world=[0.10880372 0.10900939 0.47140236] quat=[9.2484158e-01 3.9447241e-06 8.9494779e-07 3.8035277e-01] speed=0.0006 ang_speed=0.0027 ang_vel_vec=[-0.00011122 -0.00245961 -0.00102552] |com_force|=0.0000N
### kotek_magnet[tick=180] sensor2: d=0.3208m in_range=False f_mag=0.000N tau_mag=0.0000Nm misalign_deg=90.0 pos=[ 0.10902469 -0.1090467   0.49140102] bottom_world=[ 0.10902467 -0.10904652  0.47140102] quat=[ 9.2300087e-01  3.9918477e-06  2.0770669e-06 -3.8479799e-01] speed=0.0005 ang_speed=0.0027 ang_vel_vec=[-0.00219353 -0.00125844 -0.00084593] |com_force|=0.0000N
### kotek_magnet[tick=180] sensor3: d=0.5470m in_range=False f_mag=0.000N tau_mag=0.0000Nm misalign_deg=90.0 pos=[-0.1091075  -0.10914611  0.49140102] bottom_world=[-0.10910744 -0.10914598  0.47140102] quat=[-3.8058406e-01 -2.7526983e-06 -2.4222672e-06  9.2474639e-01] speed=0.0005 ang_speed=0.0026 ang_vel_vec=[-0.00103446  0.0022488  -0.00083914] |com_force|=0.0000N
### kotek_magnet[tick=180] sensor4: d=0.5249m in_range=False f_mag=0.000N tau_mag=0.0000Nm misalign_deg=90.0 pos=[-0.10900026  0.10899845  0.49140233] bottom_world=[-0.10900016  0.10899876  0.47140233] quat=[ 3.8268286e-01  6.3634468e-07 -8.1468079e-06  9.2387980e-01] speed=0.0009 ang_speed=0.0019 ang_vel_vec=[-0.00030473 -0.00146022  0.00121709] |com_force|=0.0000N
2026-09-13T11:51:18Z [6,902ms] [Warning] [omni.physx.plugin] Detected a rigid at /World/scout_mini/Geometry/base_link/sensor_cam_1 with more than 4 velocity iterations being added to a TGS scene.The related behavior changed recently, please consult the changelog. This warning will only print once.
2026-09-13T11:51:18Z [6,902ms] [Warning] [omni.physx.plugin] PhysicsUSD: CreateJoint - found a joint with disjointed body transforms, the simulation will most likely snap objects together: /World/_scout_parking_brake
2026-09-13T11:51:18Z [6,904ms] [Warning] [omni.physx.plugin] Detected an articulation at /World/piper/Geometry/base_link with more than 4 velocity iterations being added to a TGS scene.The related behavior changed recently, please consult the changelog. This warning will only print once.
2026-09-13T11:51:18Z [6,969ms] [Warning] [carb] Client omni.hydratexture.plugin has acquired [carb::settings::ISettings v1.1] 100 times. Consider accessing this interface with carb::getCachedInterface() (Performance warning)
2026-09-13T11:51:18Z [6,977ms] [Warning] [isaacsim.ros2.nodes] [ROS2 Publish Joint State] Reading from targetPrim is deprecated. Connect an Isaac Read Joint State node and use its outputs instead.
2026-09-13T11:51:19Z [7,613ms] [Warning] [omni.rtx] DLSS increasing input dimensions: Render resolution of (320, 240) is below minimal input resolution of 300.
2026-09-13T11:51:19Z [7,922ms] [Warning] [omni.timeline.plugin] Deprecated: direct use of ITimeline callbacks is deprecated. Use ITimeline::getTimeline (Python: omni.timeline.get_timeline_interface) instead.
### kotek_magnet[tick=240] sensor1: d=0.4082m in_range=False f_mag=0.000N tau_mag=0.0000Nm misalign_deg=90.0 pos=[0.10880429 0.10900896 0.4914024 ] bottom_world=[0.10880402 0.10900932 0.47140239] quat=[9.2484152e-01 1.0799759e-05 2.8339573e-06 3.8035288e-01] speed=0.0010 ang_speed=0.0025 ang_vel_vec=[-0.00165541 -0.00168924 -0.00074784] |com_force|=0.0000N
### kotek_magnet[tick=240] sensor2: d=0.3208m in_range=False f_mag=0.000N tau_mag=0.0000Nm misalign_deg=90.0 pos=[ 0.10902468 -0.10904647  0.49140093] bottom_world=[ 0.10902464 -0.10904637  0.47140093] quat=[ 9.2300087e-01  1.7970312e-06  1.9131264e-06 -3.8479814e-01] speed=0.0001 ang_speed=0.0016 ang_vel_vec=[ 0.00095513 -0.00124878 -0.00024862] |com_force|=0.0000N
### kotek_magnet[tick=240] sensor3: d=0.5470m in_range=False f_mag=0.000N tau_mag=0.0000Nm misalign_deg=90.0 pos=[-0.10910726 -0.10914613  0.49140093] bottom_world=[-0.10910728 -0.10914597  0.47140093] quat=[-3.8058388e-01 -9.9328167e-07 -4.0001228e-06  9.2474651e-01] speed=0.0001 ang_speed=0.0011 ang_vel_vec=[-0.00091932 -0.0005959  -0.00025951] |com_force|=0.0000N
### kotek_magnet[tick=240] sensor4: d=0.5249m in_range=False f_mag=0.000N tau_mag=0.0000Nm misalign_deg=90.0 pos=[-0.10900023  0.10899844  0.49140236] bottom_world=[-0.10900012  0.10899876  0.47140236] quat=[ 3.8268289e-01  5.1690364e-07 -8.3064660e-06  9.2387974e-01] speed=0.0009 ang_speed=0.0017 ang_vel_vec=[-0.00055898 -0.00070829  0.00144617] |com_force|=0.0000N
### kotek_magnet[tick=300] sensor1: d=0.4082m in_range=False f_mag=0.000N tau_mag=0.0000Nm misalign_deg=90.0 pos=[0.10880426 0.10900898 0.49140233] bottom_world=[0.10880399 0.10900934 0.47140233] quat=[9.2484152e-01 1.0770785e-05 2.7855392e-06 3.8035297e-01] speed=0.0010 ang_speed=0.0028 ang_vel_vec=[-0.00193009 -0.00176193 -0.00091368] |com_force|=0.0000N
### kotek_magnet[tick=300] sensor2: d=0.3208m in_range=False f_mag=0.000N tau_mag=0.0000Nm misalign_deg=90.0 pos=[ 0.10902468 -0.10904644  0.49140093] bottom_world=[ 0.10902464 -0.10904634  0.47140093] quat=[ 9.2300087e-01  1.9344550e-06  1.8984608e-06 -3.8479814e-01] speed=0.0001 ang_speed=0.0013 ang_vel_vec=[ 0.00024136 -0.00123502 -0.0004283 ] |com_force|=0.0000N
### kotek_magnet[tick=300] sensor3: d=0.5470m in_range=False f_mag=0.000N tau_mag=0.0000Nm misalign_deg=90.0 pos=[-0.10910637 -0.10914617  0.49140102] bottom_world=[-0.10910657 -0.10914587  0.47140102] quat=[-3.8058332e-01  1.8432601e-06 -8.9516952e-06  9.2474663e-01] speed=0.0009 ang_speed=0.0024 ang_vel_vec=[-0.00220514  0.00071893  0.00069393] |com_force|=0.0000N
### kotek_magnet[tick=300] sensor4: d=0.5249m in_range=False f_mag=0.000N tau_mag=0.0000Nm misalign_deg=90.0 pos=[-0.10900041  0.10899869  0.49140236] bottom_world=[-0.10900027  0.10899898  0.47140236] quat=[ 3.8268244e-01 -4.6692509e-07 -8.0770133e-06  9.2387992e-01] speed=0.0006 ang_speed=0.0043 ang_vel_vec=[-0.00159533  0.00392525  0.00040771] |com_force|=0.0000N
### kotek_magnet[tick=360] sensor1: d=0.4082m in_range=False f_mag=0.000N tau_mag=0.0000Nm misalign_deg=90.0 pos=[0.10880427 0.10900897 0.49140233] bottom_world=[0.108804   0.10900933 0.47140233] quat=[9.2484146e-01 1.0857890e-05 2.7857548e-06 3.8035291e-01] speed=0.0010 ang_speed=0.0029 ang_vel_vec=[-0.00208816 -0.00180887 -0.00084198] |com_force|=0.0000N
### kotek_magnet[tick=360] sensor2: d=0.3208m in_range=False f_mag=0.000N tau_mag=0.0000Nm misalign_deg=90.0 pos=[ 0.10902447 -0.10904639  0.49140105] bottom_world=[ 0.10902454 -0.10904624  0.47140105] quat=[ 9.2300063e-01  4.2297288e-06  2.8837231e-08 -3.8479841e-01] speed=0.0002 ang_speed=0.0031 ang_vel_vec=[-0.00166416  0.00257849  0.00026908] |com_force|=0.0000N
### kotek_magnet[tick=360] sensor3: d=0.5470m in_range=False f_mag=0.000N tau_mag=0.0000Nm misalign_deg=90.0 pos=[-0.10910746 -0.10914612  0.4914011 ] bottom_world=[-0.1091074  -0.10914599  0.47140111] quat=[-3.8058397e-01 -2.7412830e-06 -2.4000201e-06  9.2474633e-01] speed=0.0005 ang_speed=0.0025 ang_vel_vec=[-0.00099188  0.00218538 -0.0006827 ] |com_force|=0.0000N
### kotek_magnet[tick=360] sensor4: d=0.5249m in_range=False f_mag=0.000N tau_mag=0.0000Nm misalign_deg=90.0 pos=[-0.10900024  0.10899843  0.49140236] bottom_world=[-0.10900015  0.10899873  0.47140236] quat=[ 3.8268289e-01  7.4490174e-07 -8.0223654e-06  9.2387980e-01] speed=0.0009 ang_speed=0.0024 ang_vel_vec=[-0.00010234 -0.00192245  0.00135485] |com_force|=0.0000N
### kotek_magnet[tick=420] sensor1: d=0.4082m in_range=False f_mag=0.000N tau_mag=0.0000Nm misalign_deg=90.0 pos=[0.10880379 0.10900929 0.4914024 ] bottom_world=[0.1088037  0.1090094  0.47140239] quat=[9.2484164e-01 3.4742070e-06 1.0488067e-06 3.8035265e-01] speed=0.0006 ang_speed=0.0027 ang_vel_vec=[ 0.00157288 -0.00195551 -0.00090649] |com_force|=0.0000N
### kotek_magnet[tick=420] sensor2: d=0.3208m in_range=False f_mag=0.000N tau_mag=0.0000Nm misalign_deg=90.0 pos=[ 0.10902446 -0.10904564  0.49140105] bottom_world=[ 0.10902436 -0.10904573  0.47140105] quat=[ 9.2300034e-01 -3.0889732e-06  1.4352929e-06 -3.8479903e-01] speed=0.0010 ang_speed=0.0023 ang_vel_vec=[0.0006334  0.0017126  0.00140486] |com_force|=0.0000N
### kotek_magnet[tick=420] sensor3: d=0.5470m in_range=False f_mag=0.000N tau_mag=0.0000Nm misalign_deg=90.0 pos=[-0.10910639 -0.1091461   0.4914011 ] bottom_world=[-0.1091066  -0.10914579  0.47140111] quat=[-3.8058311e-01  2.0093357e-06 -9.0609446e-06  9.2474681e-01] speed=0.0009 ang_speed=0.0023 ang_vel_vec=[-0.0020992   0.00060522  0.0007379 ] |com_force|=0.0000N
### kotek_magnet[tick=420] sensor4: d=0.5249m in_range=False f_mag=0.000N tau_mag=0.0000Nm misalign_deg=90.0 pos=[-0.10900022  0.10899851  0.49140233] bottom_world=[-0.10900011  0.10899882  0.47140233] quat=[ 3.8268310e-01  3.4596013e-07 -8.2354500e-06  9.2387974e-01] speed=0.0009 ang_speed=0.0015 ang_vel_vec=[-0.00065828 -0.00037708  0.00131265] |com_force|=0.0000N
### kotek_magnet[tick=480] sensor1: d=0.4082m in_range=False f_mag=0.000N tau_mag=0.0000Nm misalign_deg=90.0 pos=[0.1088042  0.10900889 0.49140236] bottom_world=[0.10880394 0.10900925 0.47140236] quat=[9.2484152e-01 1.0685934e-05 2.6167252e-06 3.8035256e-01] speed=0.0009 ang_speed=0.0040 ang_vel_vec=[-0.00255356 -0.00299469 -0.0004536 ] |com_force|=0.0000N
### kotek_magnet[tick=480] sensor2: d=0.3208m in_range=False f_mag=0.000N tau_mag=0.0000Nm misalign_deg=90.0 pos=[ 0.10902465 -0.10904644  0.49140108] bottom_world=[ 0.1090246  -0.10904635  0.47140108] quat=[ 9.2300069e-01  1.5867282e-06  1.9521228e-06 -3.8479844e-01] speed=0.0001 ang_speed=0.0014 ang_vel_vec=[ 0.00048992 -0.00126014 -0.00026601] |com_force|=0.0000N
### kotek_magnet[tick=480] sensor3: d=0.5470m in_range=False f_mag=0.000N tau_mag=0.0000Nm misalign_deg=90.0 pos=[-0.10910814 -0.10914575  0.4914011 ] bottom_world=[-0.10910788 -0.10914587  0.47140111] quat=[-3.8058403e-01 -4.9439500e-06  5.1597453e-06  9.2474639e-01] speed=0.0010 ang_speed=0.0024 ang_vel_vec=[ 0.00181707  0.00146246 -0.00068988] |com_force|=0.0000N
### kotek_magnet[tick=480] sensor4: d=0.5249m in_range=False f_mag=0.000N tau_mag=0.0000Nm misalign_deg=90.0 pos=[-0.10900022  0.1089985   0.49140227] bottom_world=[-0.10900011  0.10899881  0.47140227] quat=[ 3.8268292e-01  4.6447002e-07 -8.1360085e-06  9.2387974e-01] speed=0.0009 ang_speed=0.0018 ang_vel_vec=[-0.00045878 -0.00100199  0.00143543] |com_force|=0.0000N
### kotek_magnet[tick=540] sensor1: d=0.4082m in_range=False f_mag=0.000N tau_mag=0.0000Nm misalign_deg=90.0 pos=[0.10880381 0.10900925 0.49140233] bottom_world=[0.10880372 0.10900937 0.47140233] quat=[9.2484158e-01 3.4988334e-06 8.6579485e-07 3.8035253e-01] speed=0.0006 ang_speed=0.0026 ang_vel_vec=[ 0.00064248 -0.00235584 -0.00099893] |com_force|=0.0000N
### kotek_magnet[tick=540] sensor2: d=0.3208m in_range=False f_mag=0.000N tau_mag=0.0000Nm misalign_deg=90.0 pos=[ 0.10902449 -0.10904562  0.49140117] bottom_world=[ 0.10902437 -0.10904572  0.47140117] quat=[ 9.2300045e-01 -3.7226598e-06  1.9465670e-06 -3.8479903e-01] speed=0.0010 ang_speed=0.0019 ang_vel_vec=[0.00132025 0.00019434 0.00136529] |com_force|=0.0000N
### kotek_magnet[tick=540] sensor3: d=0.5470m in_range=False f_mag=0.000N tau_mag=0.0000Nm misalign_deg=90.0 pos=[-0.10910752 -0.10914607  0.49140105] bottom_world=[-0.10910746 -0.10914593  0.47140105] quat=[-3.8058367e-01 -2.5067852e-06 -2.6643768e-06  9.2474645e-01] speed=0.0005 ang_speed=0.0024 ang_vel_vec=[-0.00114039  0.00196321 -0.00077522] |com_force|=0.0000N
### kotek_magnet[tick=540] sensor4: d=0.5249m in_range=False f_mag=0.000N tau_mag=0.0000Nm misalign_deg=90.0 pos=[-0.10900021  0.1089985   0.49140236] bottom_world=[-0.1090001   0.10899881  0.47140236] quat=[ 3.8268307e-01  4.6260226e-07 -8.2506667e-06  9.2387974e-01] speed=0.0009 ang_speed=0.0017 ang_vel_vec=[-0.00054565 -0.00096708  0.00123748] |com_force|=0.0000N
### kotek_magnet[tick=600] sensor1: d=0.4082m in_range=False f_mag=0.000N tau_mag=0.0000Nm misalign_deg=90.0 pos=[0.10880428 0.10900895 0.49140245] bottom_world=[0.10880401 0.10900929 0.47140245] quat=[9.2484158e-01 1.0519730e-05 2.8822542e-06 3.8035282e-01] speed=0.0009 ang_speed=0.0030 ang_vel_vec=[-0.00186451 -0.00202104 -0.00116317] |com_force|=0.0000N
### kotek_magnet[tick=600] sensor2: d=0.3208m in_range=False f_mag=0.000N tau_mag=0.0000Nm misalign_deg=90.0 pos=[ 0.10902467 -0.10904671  0.4914011 ] bottom_world=[ 0.10902465 -0.10904654  0.47140111] quat=[ 9.2300081e-01  3.7055004e-06  1.9705303e-06 -3.8479808e-01] speed=0.0004 ang_speed=0.0022 ang_vel_vec=[-0.00173239 -0.00097629 -0.00103553] |com_force|=0.0000N
### kotek_magnet[tick=600] sensor3: d=0.5470m in_range=False f_mag=0.000N tau_mag=0.0000Nm misalign_deg=90.0 pos=[-0.10910725 -0.1091461   0.49140108] bottom_world=[-0.10910727 -0.10914594  0.47140108] quat=[-3.8058373e-01 -1.0052979e-06 -3.8250569e-06  9.2474645e-01] speed=0.0001 ang_speed=0.0007 ang_vel_vec=[-3.6945869e-04 -4.5260109e-05 -6.4526114e-04] |com_force|=0.0000N
### kotek_magnet[tick=600] sensor4: d=0.5249m in_range=False f_mag=0.000N tau_mag=0.0000Nm misalign_deg=90.0 pos=[-0.10900036  0.10899872  0.49140248] bottom_world=[-0.10900022  0.10899901  0.47140248] quat=[ 3.8268268e-01 -5.6288837e-07 -8.0655718e-06  9.2387986e-01] speed=0.0006 ang_speed=0.0047 ang_vel_vec=[-0.00155402  0.00439315  0.00016654] |com_force|=0.0000N
### kotek_magnet[tick=660] sensor1: d=0.4082m in_range=False f_mag=0.000N tau_mag=0.0000Nm misalign_deg=90.0 pos=[0.10880383 0.10900924 0.49140233] bottom_world=[0.10880373 0.10900937 0.47140233] quat=[9.2484164e-01 3.7527600e-06 1.0858295e-06 3.8035265e-01] speed=0.0006 ang_speed=0.0022 ang_vel_vec=[ 0.00099967 -0.00194049 -0.00042223] |com_force|=0.0000N
### kotek_magnet[tick=660] sensor2: d=0.3208m in_range=False f_mag=0.000N tau_mag=0.0000Nm misalign_deg=90.0 pos=[ 0.1090243  -0.10904739  0.4914011 ] bottom_world=[ 0.10902455 -0.10904701  0.47140111] quat=[ 9.2300093e-01  1.1183862e-05 -1.9577894e-06 -3.8479799e-01] speed=0.0010 ang_speed=0.0027 ang_vel_vec=[-0.00170901  0.00211169 -0.00035773] |com_force|=0.0000N
### kotek_magnet[tick=660] sensor3: d=0.5470m in_range=False f_mag=0.000N tau_mag=0.0000Nm misalign_deg=90.0 pos=[-0.10910647 -0.10914586  0.4914012 ] bottom_world=[-0.10910665 -0.10914567  0.4714012 ] quat=[-3.8058290e-01  2.3924454e-06 -6.2419194e-06  9.2474681e-01] speed=0.0009 ang_speed=0.0033 ang_vel_vec=[0.00268405 0.0001732  0.00191518] |com_force|=0.0000N
### kotek_magnet[tick=660] sensor4: d=0.5249m in_range=False f_mag=0.000N tau_mag=0.0000Nm misalign_deg=90.0 pos=[-0.1090002   0.10899852  0.49140236] bottom_world=[-0.10900008  0.10899884  0.47140236] quat=[ 3.8268310e-01  3.6210275e-07 -8.3301411e-06  9.2387968e-01] speed=0.0009 ang_speed=0.0020 ang_vel_vec=[-0.0007829  -0.0004046   0.00181257] |com_force|=0.0000N
### kotek_magnet[tick=720] sensor1: d=0.4082m in_range=False f_mag=0.000N tau_mag=0.0000Nm misalign_deg=90.0 pos=[0.1088043  0.10900896 0.4914023 ] bottom_world=[0.10880403 0.10900931 0.4714023 ] quat=[9.2484146e-01 1.0661262e-05 2.9574394e-06 3.8035282e-01] speed=0.0010 ang_speed=0.0028 ang_vel_vec=[-0.0019182  -0.00178616 -0.00090474] |com_force|=0.0000N
### kotek_magnet[tick=720] sensor2: d=0.3208m in_range=False f_mag=0.000N tau_mag=0.0000Nm misalign_deg=90.0 pos=[ 0.10902467 -0.1090467   0.4914012 ] bottom_world=[ 0.10902465 -0.10904653  0.4714012 ] quat=[ 9.2300081e-01  3.6276156e-06  2.0369205e-06 -3.8479805e-01] speed=0.0005 ang_speed=0.0026 ang_vel_vec=[-0.00202799 -0.00144368 -0.00080333] |com_force|=0.0000N
### kotek_magnet[tick=720] sensor3: d=0.5470m in_range=False f_mag=0.000N tau_mag=0.0000Nm misalign_deg=90.0 pos=[-0.10910725 -0.10914608  0.4914011 ] bottom_world=[-0.10910727 -0.10914592  0.47140111] quat=[-3.8058367e-01 -9.5518635e-07 -3.9861552e-06  9.2474651e-01] speed=0.0002 ang_speed=0.0018 ang_vel_vec=[-0.00158053 -0.00069644 -0.00042592] |com_force|=0.0000N
### kotek_magnet[tick=720] sensor4: d=0.5249m in_range=False f_mag=0.000N tau_mag=0.0000Nm misalign_deg=90.0 pos=[-0.10900038  0.10899872  0.49140236] bottom_world=[-0.10900023  0.10899901  0.47140236] quat=[ 3.8268268e-01 -6.0522359e-07 -8.1062371e-06  9.2387986e-01] speed=0.0006 ang_speed=0.0044 ang_vel_vec=[-0.00164903  0.00408285  0.00042736] |com_force|=0.0000N
### kotek_magnet[tick=780] sensor1: d=0.4082m in_range=False f_mag=0.000N tau_mag=0.0000Nm misalign_deg=90.0 pos=[0.10880431 0.10900897 0.49140236] bottom_world=[0.10880404 0.10900931 0.47140236] quat=[9.2484152e-01 1.0546161e-05 2.8979728e-06 3.8035280e-01] speed=0.0010 ang_speed=0.0027 ang_vel_vec=[-0.00183909 -0.00175197 -0.00080697] |com_force|=0.0000N
### kotek_magnet[tick=780] sensor2: d=0.3208m in_range=False f_mag=0.000N tau_mag=0.0000Nm misalign_deg=90.0 pos=[ 0.10902467 -0.10904587  0.49140114] bottom_world=[ 0.10902453 -0.10904593  0.47140114] quat=[ 9.2300063e-01 -2.8286256e-06  2.6340549e-06 -3.8479853e-01] speed=0.0006 ang_speed=0.0046 ang_vel_vec=[ 0.00199171 -0.00414799  0.0005712 ] |com_force|=0.0000N
### kotek_magnet[tick=780] sensor3: d=0.5470m in_range=False f_mag=0.000N tau_mag=0.0000Nm misalign_deg=90.0 pos=[-0.1091073  -0.10914578  0.49140102] bottom_world=[-0.10910727 -0.10914575  0.47140102] quat=[-3.8058341e-01 -9.3573084e-07 -5.5429052e-07  9.2474657e-01] speed=0.0003 ang_speed=0.0058 ang_vel_vec=[0.00509305 0.00278459 0.00044373] |com_force|=0.0000N
### kotek_magnet[tick=780] sensor4: d=0.5249m in_range=False f_mag=0.000N tau_mag=0.0000Nm misalign_deg=90.0 pos=[-0.10900021  0.10899848  0.49140227] bottom_world=[-0.10900011  0.10899879  0.47140227] quat=[ 3.8268307e-01  4.6840839e-07 -8.1949274e-06  9.2387968e-01] speed=0.0009 ang_speed=0.0018 ang_vel_vec=[-0.000528   -0.00096171  0.00138839] |com_force|=0.0000N
### kotek_magnet[tick=840] sensor1: d=0.4082m in_range=False f_mag=0.000N tau_mag=0.0000Nm misalign_deg=90.0 pos=[0.10880432 0.10900895 0.4914024 ] bottom_world=[0.10880405 0.10900929 0.47140239] quat=[9.2484146e-01 1.0503974e-05 2.9059438e-06 3.8035274e-01] speed=0.0010 ang_speed=0.0029 ang_vel_vec=[-0.00196022 -0.00181271 -0.00101941] |com_force|=0.0000N
### kotek_magnet[tick=840] sensor2: d=0.3208m in_range=False f_mag=0.000N tau_mag=0.0000Nm misalign_deg=90.0 pos=[ 0.10902472 -0.10904559  0.49140108] bottom_world=[ 0.10902452 -0.1090457   0.47140108] quat=[ 9.2300063e-01 -4.3452696e-06  3.5229934e-06 -3.8479871e-01] speed=0.0009 ang_speed=0.0029 ang_vel_vec=[-0.0003497  -0.00277157  0.00057089] |com_force|=0.0000N
### kotek_magnet[tick=840] sensor3: d=0.5470m in_range=False f_mag=0.000N tau_mag=0.0000Nm misalign_deg=90.0 pos=[-0.10910649 -0.10914589  0.49140108] bottom_world=[-0.10910667 -0.1091457   0.47140108] quat=[-3.8058314e-01  2.3816183e-06 -6.2233280e-06  9.2474681e-01] speed=0.0009 ang_speed=0.0029 ang_vel_vec=[0.00258194 0.00033197 0.00132739] |com_force|=0.0000N
### kotek_magnet[tick=840] sensor4: d=0.5249m in_range=False f_mag=0.000N tau_mag=0.0000Nm misalign_deg=90.0 pos=[-0.10900021  0.10899846  0.49140236] bottom_world=[-0.1090001   0.10899877  0.47140236] quat=[ 3.8268307e-01  5.0526029e-07 -8.1483595e-06  9.2387980e-01] speed=0.0009 ang_speed=0.0016 ang_vel_vec=[-0.00052289 -0.00102997  0.00116873] |com_force|=0.0000N
### kotek_magnet[tick=900] sensor1: d=0.4082m in_range=False f_mag=0.000N tau_mag=0.0000Nm misalign_deg=90.0 pos=[0.10880288 0.10900892 0.4914023 ] bottom_world=[0.10880294 0.1090091  0.4714023 ] quat=[ 9.2484188e-01  3.6962549e-06 -2.9843648e-06  3.8035193e-01] speed=0.0007 ang_speed=0.0049 ang_vel_vec=[-0.00414831 -0.00243009  0.00109898] |com_force|=0.0000N
### kotek_magnet[tick=900] sensor2: d=0.3208m in_range=False f_mag=0.000N tau_mag=0.0000Nm misalign_deg=90.0 pos=[ 0.10902447 -0.10904569  0.49140117] bottom_world=[ 0.10902437 -0.10904579  0.47140117] quat=[ 9.2300051e-01 -3.1970421e-06  1.5276103e-06 -3.8479897e-01] speed=0.0010 ang_speed=0.0024 ang_vel_vec=[0.00065665 0.00172114 0.00152571] |com_force|=0.0000N
### kotek_magnet[tick=900] sensor3: d=0.5470m in_range=False f_mag=0.000N tau_mag=0.0000Nm misalign_deg=90.0 pos=[-0.10910753 -0.1091461   0.49140114] bottom_world=[-0.10910749 -0.10914597  0.47140114] quat=[-3.8058382e-01 -2.2143836e-06 -2.6894936e-06  9.2474651e-01] speed=0.0005 ang_speed=0.0022 ang_vel_vec=[-0.00082144  0.00198937 -0.00063653] |com_force|=0.0000N
### kotek_magnet[tick=900] sensor4: d=0.5249m in_range=False f_mag=0.000N tau_mag=0.0000Nm misalign_deg=90.0 pos=[-0.10900021  0.10899847  0.49140242] bottom_world=[-0.10900008  0.10899879  0.47140242] quat=[ 3.8268307e-01  9.5651693e-08 -8.5937963e-06  9.2387968e-01] speed=0.0009 ang_speed=0.0019 ang_vel_vec=[-0.00112205  0.00044982  0.00144014] |com_force|=0.0000N
### kotek_magnet[tick=960] sensor1: d=0.4082m in_range=False f_mag=0.000N tau_mag=0.0000Nm misalign_deg=90.0 pos=[0.10880259 0.10900905 0.49140248] bottom_world=[0.10880278 0.10900908 0.47140248] quat=[ 9.2484200e-01 -1.0187299e-06 -4.6952659e-06  3.8035172e-01] speed=0.0010 ang_speed=0.0032 ang_vel_vec=[-0.00281931 -0.00037906  0.00152722] |com_force|=0.0000N
### kotek_magnet[tick=960] sensor2: d=0.3208m in_range=False f_mag=0.000N tau_mag=0.0000Nm misalign_deg=90.0 pos=[ 0.10902449 -0.10904563  0.49140114] bottom_world=[ 0.10902438 -0.10904572  0.47140114] quat=[ 9.2300057e-01 -3.1268262e-06  1.7409659e-06 -3.8479877e-01] speed=0.0010 ang_speed=0.0020 ang_vel_vec=[0.00078399 0.00106033 0.00152719] |com_force|=0.0000N
### kotek_magnet[tick=960] sensor3: d=0.5470m in_range=False f_mag=0.000N tau_mag=0.0000Nm misalign_deg=90.0 pos=[-0.10910815 -0.1091458   0.49140117] bottom_world=[-0.10910788 -0.10914591  0.47140117] quat=[-3.8058403e-01 -5.1297898e-06  5.2509354e-06  9.2474639e-01] speed=0.0010 ang_speed=0.0025 ang_vel_vec=[ 0.00181251  0.0015546  -0.00068914] |com_force|=0.0000N
### kotek_magnet[tick=960] sensor4: d=0.5249m in_range=False f_mag=0.000N tau_mag=0.0000Nm misalign_deg=90.0 pos=[-0.10900021  0.10899848  0.49140242] bottom_world=[-0.10900012  0.10899879  0.47140242] quat=[ 3.8268304e-01  6.7257059e-07 -8.0548334e-06  9.2387974e-01] speed=0.0009 ang_speed=0.0022 ang_vel_vec=[-0.00013338 -0.00169745  0.00141834] |com_force|=0.0000N
### kotek_magnet[tick=1020] sensor1: d=0.4082m in_range=False f_mag=0.000N tau_mag=0.0000Nm misalign_deg=90.0 pos=[0.10880259 0.10900906 0.49140233] bottom_world=[0.10880278 0.10900908 0.47140233] quat=[ 9.2484194e-01 -1.3260607e-06 -4.7017734e-06  3.8035154e-01] speed=0.0010 ang_speed=0.0026 ang_vel_vec=[-0.00214951 -0.00011756  0.00142921] |com_force|=0.0000N
### kotek_magnet[tick=1020] sensor2: d=0.3208m in_range=False f_mag=0.000N tau_mag=0.0000Nm misalign_deg=90.0 pos=[ 0.10902463 -0.10904589  0.49140114] bottom_world=[ 0.10902449 -0.10904595  0.47140114] quat=[ 9.2300057e-01 -2.7174199e-06  2.5963520e-06 -3.8479871e-01] speed=0.0006 ang_speed=0.0047 ang_vel_vec=[ 0.0020088  -0.00425727  0.00050317] |com_force|=0.0000N
### kotek_magnet[tick=1020] sensor3: d=0.5470m in_range=False f_mag=0.000N tau_mag=0.0000Nm misalign_deg=90.0 pos=[-0.10910814 -0.10914578  0.49140105] bottom_world=[-0.10910788 -0.10914589  0.47140105] quat=[-3.8058400e-01 -4.9719342e-06  5.0825429e-06  9.2474639e-01] speed=0.0010 ang_speed=0.0027 ang_vel_vec=[ 0.00194693  0.00169925 -0.00080089] |com_force|=0.0000N
### kotek_magnet[tick=1020] sensor4: d=0.5249m in_range=False f_mag=0.000N tau_mag=0.0000Nm misalign_deg=90.0 pos=[-0.10900018  0.10899848  0.49140236] bottom_world=[-0.10900008  0.10899879  0.47140236] quat=[ 3.8268310e-01  5.1297496e-07 -8.2173774e-06  9.2387968e-01] speed=0.0009 ang_speed=0.0017 ang_vel_vec=[-0.00056805 -0.00089344  0.00133558] |com_force|=0.0000N
### kotek_magnet[tick=1080] sensor1: d=0.4082m in_range=False f_mag=0.000N tau_mag=0.0000Nm misalign_deg=90.0 pos=[0.10880256 0.10900909 0.49140224] bottom_world=[0.10880275 0.10900911 0.47140224] quat=[ 9.2484188e-01 -1.3800061e-06 -4.6906771e-06  3.8035169e-01] speed=0.0010 ang_speed=0.0030 ang_vel_vec=[-0.00262083 -0.00026914  0.00141733] |com_force|=0.0000N
### kotek_magnet[tick=1080] sensor2: d=0.3208m in_range=False f_mag=0.000N tau_mag=0.0000Nm misalign_deg=90.0 pos=[ 0.10902447 -0.10904562  0.4914011 ] bottom_world=[ 0.10902438 -0.1090457   0.47140111] quat=[ 9.2300045e-01 -2.8023110e-06  1.4303887e-06 -3.8479906e-01] speed=0.0010 ang_speed=0.0023 ang_vel_vec=[0.00026974 0.00176774 0.00143511] |com_force|=0.0000N
### kotek_magnet[tick=1080] sensor3: d=0.5470m in_range=False f_mag=0.000N tau_mag=0.0000Nm misalign_deg=90.0 pos=[-0.10910723 -0.10914608  0.49140096] bottom_world=[-0.10910725 -0.10914592  0.47140096] quat=[-3.8058370e-01 -9.1491893e-07 -4.0333025e-06  9.2474651e-01] speed=0.0001 ang_speed=0.0013 ang_vel_vec=[-0.00114219 -0.00056846 -0.00028087] |com_force|=0.0000N
### kotek_magnet[tick=1080] sensor4: d=0.5249m in_range=False f_mag=0.000N tau_mag=0.0000Nm misalign_deg=90.0 pos=[-0.10900012  0.10899931  0.4914022 ] bottom_world=[-0.10900019  0.1089994   0.47140221] quat=[ 3.8268274e-01  2.3289949e-06 -1.5530857e-06  9.2387986e-01] speed=0.0002 ang_speed=0.0052 ang_vel_vec=[ 0.00248219 -0.00457109  0.0003149 ] |com_force|=0.0000N
### kotek_magnet[tick=1140] sensor1: d=0.4082m in_range=False f_mag=0.000N tau_mag=0.0000Nm misalign_deg=90.0 pos=[0.10880259 0.10900912 0.49140233] bottom_world=[0.10880278 0.10900914 0.47140233] quat=[ 9.2484194e-01 -1.3115734e-06 -4.6946120e-06  3.8035187e-01] speed=0.0010 ang_speed=0.0029 ang_vel_vec=[-0.00246157 -0.00015698  0.00159233] |com_force|=0.0000N
### kotek_magnet[tick=1140] sensor2: d=0.3208m in_range=False f_mag=0.000N tau_mag=0.0000Nm misalign_deg=90.0 pos=[ 0.10902433 -0.10904732  0.49140108] bottom_world=[ 0.10902456 -0.10904695  0.47140108] quat=[ 9.2300087e-01  1.0849832e-05 -1.6962572e-06 -3.8479787e-01] speed=0.0010 ang_speed=0.0025 ang_vel_vec=[-0.00152478  0.0018305  -0.00062255] |com_force|=0.0000N
### kotek_magnet[tick=1140] sensor3: d=0.5470m in_range=False f_mag=0.000N tau_mag=0.0000Nm misalign_deg=90.0 pos=[-0.10910729 -0.10914605  0.49140102] bottom_world=[-0.1091073  -0.1091459   0.47140102] quat=[-3.8058361e-01 -1.0506870e-06 -3.7020232e-06  9.2474645e-01] speed=0.0001 ang_speed=0.0007 ang_vel_vec=[-0.00067623  0.00010387 -0.00020984] |com_force|=0.0000N
### kotek_magnet[tick=1140] sensor4: d=0.5249m in_range=False f_mag=0.000N tau_mag=0.0000Nm misalign_deg=90.0 pos=[-0.10900022  0.10899848  0.4914023 ] bottom_world=[-0.1090001  0.1089988  0.4714023] quat=[ 3.8268304e-01  3.5846026e-07 -8.4986914e-06  9.2387980e-01] speed=0.0009 ang_speed=0.0018 ang_vel_vec=[-0.0006385  -0.00086466  0.00149324] |com_force|=0.0000N
### kotek_magnet[tick=1200] sensor1: d=0.4082m in_range=False f_mag=0.000N tau_mag=0.0000Nm misalign_deg=90.0 pos=[0.10880255 0.10900911 0.4914024 ] bottom_world=[0.10880277 0.1090091  0.47140239] quat=[ 9.2484200e-01 -2.2921470e-06 -4.9007858e-06  3.8035166e-01] speed=0.0010 ang_speed=0.0018 ang_vel_vec=[-0.00080064  0.00065929  0.00141289] |com_force|=0.0000N
### kotek_magnet[tick=1200] sensor2: d=0.3208m in_range=False f_mag=0.000N tau_mag=0.0000Nm misalign_deg=90.0 pos=[ 0.10902434 -0.10904735  0.49140114] bottom_world=[ 0.10902456 -0.10904699  0.47140114] quat=[ 9.2300087e-01  1.0666438e-05 -1.6804725e-06 -3.8479793e-01] speed=0.0010 ang_speed=0.0027 ang_vel_vec=[-0.00159042  0.00197613 -0.00084644] |com_force|=0.0000N
### kotek_magnet[tick=1200] sensor3: d=0.5470m in_range=False f_mag=0.000N tau_mag=0.0000Nm misalign_deg=90.0 pos=[-0.10910648 -0.10914587  0.49140114] bottom_world=[-0.10910667 -0.10914567  0.47140114] quat=[-3.8058305e-01  2.5284271e-06 -6.5175118e-06  9.2474675e-01] speed=0.0009 ang_speed=0.0028 ang_vel_vec=[2.3927502e-03 8.3519517e-05 1.4316293e-03] |com_force|=0.0000N
### kotek_magnet[tick=1200] sensor4: d=0.5249m in_range=False f_mag=0.000N tau_mag=0.0000Nm misalign_deg=90.0 pos=[-0.10899989  0.10900027  0.49140224] bottom_world=[-0.10900018  0.10900011  0.47140224] quat=[3.8268238e-01 5.1554257e-06 6.5636373e-06 9.2387998e-01] speed=0.0013 ang_speed=0.0143 ang_vel_vec=[ 0.00738429 -0.0122406  -0.00032342] |com_force|=0.0000N
### kotek_magnet[tick=1260] sensor1: d=0.4082m in_range=False f_mag=0.000N tau_mag=0.0000Nm misalign_deg=90.0 pos=[0.10880258 0.10900908 0.4914024 ] bottom_world=[0.10880278 0.10900909 0.47140239] quat=[ 9.2484200e-01 -1.5100076e-06 -4.6740242e-06  3.8035163e-01] speed=0.0010 ang_speed=0.0022 ang_vel_vec=[-0.00162721  0.00014362  0.00146429] |com_force|=0.0000N
### kotek_magnet[tick=1260] sensor2: d=0.3208m in_range=False f_mag=0.000N tau_mag=0.0000Nm misalign_deg=90.0 pos=[ 0.10902464 -0.10904645  0.49140105] bottom_world=[ 0.1090246  -0.10904637  0.47140105] quat=[ 9.2300069e-01  1.5690727e-06  1.7692828e-06 -3.8479835e-01] speed=0.0001 ang_speed=0.0016 ang_vel_vec=[ 0.00106453 -0.00118385 -0.00034462] |com_force|=0.0000N
### kotek_magnet[tick=1260] sensor3: d=0.5470m in_range=False f_mag=0.000N tau_mag=0.0000Nm misalign_deg=90.0 pos=[-0.10910749 -0.10914606  0.4914011 ] bottom_world=[-0.10910744 -0.10914594  0.47140111] quat=[-3.8058391e-01 -2.3890639e-06 -2.3290420e-06  9.2474651e-01] speed=0.0005 ang_speed=0.0023 ang_vel_vec=[-0.00054092  0.00207773 -0.00072123] |com_force|=0.0000N
### kotek_magnet[tick=1260] sensor4: d=0.5249m in_range=False f_mag=0.000N tau_mag=0.0000Nm misalign_deg=90.0 pos=[-0.10900019  0.10899849  0.49140236] bottom_world=[-0.10900008  0.1089988   0.47140236] quat=[ 3.8268310e-01  3.9209868e-07 -8.2148072e-06  9.2387974e-01] speed=0.0009 ang_speed=0.0016 ang_vel_vec=[-0.00069547 -0.00048084  0.00135691] |com_force|=0.0000N
### kotek_magnet[tick=1320] sensor1: d=0.4082m in_range=False f_mag=0.000N tau_mag=0.0000Nm misalign_deg=90.0 pos=[0.10880258 0.10900909 0.49140233] bottom_world=[0.10880277 0.10900911 0.47140233] quat=[ 9.2484194e-01 -1.4154596e-06 -4.6195732e-06  3.8035163e-01] speed=0.0010 ang_speed=0.0025 ang_vel_vec=[-0.00185764  0.00011238  0.00168668] |com_force|=0.0000N
### kotek_magnet[tick=1320] sensor2: d=0.3208m in_range=False f_mag=0.000N tau_mag=0.0000Nm misalign_deg=90.0 pos=[ 0.10902448 -0.10904562  0.4914011 ] bottom_world=[ 0.10902438 -0.10904571  0.47140111] quat=[ 9.2300040e-01 -2.9713426e-06  1.4034130e-06 -3.8479897e-01] speed=0.0010 ang_speed=0.0026 ang_vel_vec=[0.00033129 0.00196925 0.0016793 ] |com_force|=0.0000N
### kotek_magnet[tick=1320] sensor3: d=0.5470m in_range=False f_mag=0.000N tau_mag=0.0000Nm misalign_deg=90.0 pos=[-0.10910641 -0.10914587  0.49140117] bottom_world=[-0.10910661 -0.10914566  0.47140117] quat=[-3.8058296e-01  2.6885066e-06 -6.9462649e-06  9.2474681e-01] speed=0.0010 ang_speed=0.0025 ang_vel_vec=[ 0.00172751 -0.00038072  0.00174043] |com_force|=0.0000N
### kotek_magnet[tick=1320] sensor4: d=0.5249m in_range=False f_mag=0.000N tau_mag=0.0000Nm misalign_deg=90.0 pos=[-0.10900035  0.10899936  0.4914022 ] bottom_world=[-0.1090003   0.10899949  0.47140221] quat=[ 3.8268244e-01  2.3660675e-07 -3.3988772e-06  9.2388004e-01] speed=0.0002 ang_speed=0.0009 ang_vel_vec=[ 3.8553197e-05  8.6800719e-04 -1.5101259e-04] |com_force|=0.0000N
### kotek_magnet[tick=1380] sensor1: d=0.4082m in_range=False f_mag=0.000N tau_mag=0.0000Nm misalign_deg=90.0 pos=[0.10880282 0.10900926 0.49140233] bottom_world=[0.10880299 0.10900923 0.47140233] quat=[ 9.2484182e-01 -2.3367684e-06 -3.7278492e-06  3.8035208e-01] speed=0.0006 ang_speed=0.0047 ang_vel_vec=[0.00424823 0.00183079 0.00058842] |com_force|=0.0000N
### kotek_magnet[tick=1380] sensor2: d=0.3208m in_range=False f_mag=0.000N tau_mag=0.0000Nm misalign_deg=90.0 pos=[ 0.1090247  -0.10904557  0.49140108] bottom_world=[ 0.10902449 -0.10904568  0.47140108] quat=[ 9.2300051e-01 -4.5813599e-06  3.5761107e-06 -3.8479879e-01] speed=0.0009 ang_speed=0.0031 ang_vel_vec=[-0.00016373 -0.00297519  0.00075121] |com_force|=0.0000N
### kotek_magnet[tick=1380] sensor3: d=0.5470m in_range=False f_mag=0.000N tau_mag=0.0000Nm misalign_deg=90.0 pos=[-0.10910728 -0.10914604  0.49140108] bottom_world=[-0.1091073  -0.10914589  0.47140108] quat=[-3.8058376e-01 -9.1769698e-07 -3.7800933e-06  9.2474657e-01] speed=0.0001 ang_speed=0.0012 ang_vel_vec=[-0.00100333 -0.00053039 -0.00034047] |com_force|=0.0000N
### kotek_magnet[tick=1380] sensor4: d=0.5249m in_range=False f_mag=0.000N tau_mag=0.0000Nm misalign_deg=90.0 pos=[-0.10900038  0.10899875  0.4914023 ] bottom_world=[-0.10900023  0.10899904  0.4714023 ] quat=[ 3.8268265e-01 -7.0999920e-07 -8.1399703e-06  9.2387992e-01] speed=0.0006 ang_speed=0.0048 ang_vel_vec=[-0.00176337  0.0044661   0.0004849 ] |com_force|=0.0000N
### kotek_magnet[tick=1440] sensor1: d=0.4082m in_range=False f_mag=0.000N tau_mag=0.0000Nm misalign_deg=90.0 pos=[0.1088044  0.10900877 0.49140236] bottom_world=[0.1088041  0.10900921 0.47140236] quat=[9.2484158e-01 1.2940436e-05 2.6978548e-06 3.8035247e-01] speed=0.0013 ang_speed=0.0165 ang_vel_vec=[-0.01417492 -0.00839077 -0.00037535] |com_force|=0.0000N
### kotek_magnet[tick=1440] sensor2: d=0.3208m in_range=False f_mag=0.000N tau_mag=0.0000Nm misalign_deg=90.0 pos=[ 0.10902467 -0.1090456   0.49140108] bottom_world=[ 0.10902447 -0.10904571  0.47140108] quat=[ 9.2300057e-01 -4.4984886e-06  3.6333265e-06 -3.8479879e-01] speed=0.0009 ang_speed=0.0030 ang_vel_vec=[-0.00022355 -0.00290859  0.00081476] |com_force|=0.0000N
### kotek_magnet[tick=1440] sensor3: d=0.5470m in_range=False f_mag=0.000N tau_mag=0.0000Nm misalign_deg=90.0 pos=[-0.1091075  -0.10914606  0.49140114] bottom_world=[-0.10910745 -0.10914593  0.47140114] quat=[-3.8058379e-01 -2.4948295e-06 -2.5766890e-06  9.2474645e-01] speed=0.0005 ang_speed=0.0023 ang_vel_vec=[-0.00118481  0.00188577 -0.00063927] |com_force|=0.0000N
### kotek_magnet[tick=1440] sensor4: d=0.5249m in_range=False f_mag=0.000N tau_mag=0.0000Nm misalign_deg=90.0 pos=[-0.10900022  0.10899851  0.49140233] bottom_world=[-0.10900011  0.10899882  0.47140233] quat=[ 3.826831e-01  5.150307e-07 -8.165719e-06  9.238797e-01] speed=0.0009 ang_speed=0.0019 ang_vel_vec=[-0.00039517 -0.00120479  0.00141825] |com_force|=0.0000N
### kotek_magnet[tick=1500] sensor1: d=0.4082m in_range=False f_mag=0.000N tau_mag=0.0000Nm misalign_deg=90.0 pos=[0.10880437 0.10900877 0.49140233] bottom_world=[0.10880409 0.1090092  0.47140233] quat=[9.2484158e-01 1.2596264e-05 2.6333728e-06 3.8035250e-01] speed=0.0013 ang_speed=0.0155 ang_vel_vec=[-0.01336055 -0.00784264 -0.00036646] |com_force|=0.0000N
### kotek_magnet[tick=1500] sensor2: d=0.3208m in_range=False f_mag=0.000N tau_mag=0.0000Nm misalign_deg=90.0 pos=[ 0.10902464 -0.10904645  0.49140105] bottom_world=[ 0.10902459 -0.10904636  0.47140105] quat=[ 9.2300075e-01  1.5689599e-06  1.9863542e-06 -3.8479826e-01] speed=0.0001 ang_speed=0.0018 ang_vel_vec=[ 0.00057693 -0.00171832 -0.0003214 ] |com_force|=0.0000N
### kotek_magnet[tick=1500] sensor3: d=0.5470m in_range=False f_mag=0.000N tau_mag=0.0000Nm misalign_deg=90.0 pos=[-0.1091075  -0.10914603  0.4914011 ] bottom_world=[-0.10910745 -0.1091459   0.47140111] quat=[-3.8058382e-01 -2.4762912e-06 -2.5170382e-06  9.2474639e-01] speed=0.0005 ang_speed=0.0025 ang_vel_vec=[-0.00133165  0.00204924 -0.00069875] |com_force|=0.0000N
### kotek_magnet[tick=1500] sensor4: d=0.5249m in_range=False f_mag=0.000N tau_mag=0.0000Nm misalign_deg=90.0 pos=[-0.10900021  0.10899851  0.49140227] bottom_world=[-0.1090001   0.10899882  0.47140227] quat=[ 3.8268301e-01  4.2763330e-07 -8.2107081e-06  9.2387974e-01] speed=0.0009 ang_speed=0.0017 ang_vel_vec=[-0.00061897 -0.00074365  0.00139406] |com_force|=0.0000N
### kotek_magnet[tick=1560] sensor1: d=0.4082m in_range=False f_mag=0.000N tau_mag=0.0000Nm misalign_deg=90.0 pos=[0.1088043  0.10900895 0.4914023 ] bottom_world=[0.10880403 0.1090093  0.4714023 ] quat=[9.2484152e-01 1.0511126e-05 2.9325313e-06 3.8035282e-01] speed=0.0010 ang_speed=0.0027 ang_vel_vec=[-0.0017922  -0.00175417 -0.00102101] |com_force|=0.0000N
### kotek_magnet[tick=1560] sensor2: d=0.3208m in_range=False f_mag=0.000N tau_mag=0.0000Nm misalign_deg=90.0 pos=[ 0.10902463 -0.10904672  0.49140114] bottom_world=[ 0.10902462 -0.10904655  0.47140114] quat=[ 9.2300081e-01  3.8594703e-06  1.9241688e-06 -3.8479808e-01] speed=0.0005 ang_speed=0.0024 ang_vel_vec=[-0.00217505 -0.00061572 -0.00089577] |com_force|=0.0000N
### kotek_magnet[tick=1560] sensor3: d=0.5470m in_range=False f_mag=0.000N tau_mag=0.0000Nm misalign_deg=90.0 pos=[-0.10910817 -0.10914579  0.49140117] bottom_world=[-0.10910791 -0.10914591  0.47140117] quat=[-3.8058406e-01 -4.9140062e-06  5.2229047e-06  9.2474639e-01] speed=0.0010 ang_speed=0.0027 ang_vel_vec=[ 0.00196667  0.00156512 -0.0009553 ] |com_force|=0.0000N
### kotek_magnet[tick=1560] sensor4: d=0.5249m in_range=False f_mag=0.000N tau_mag=0.0000Nm misalign_deg=90.0 pos=[-0.10900024  0.10899851  0.49140227] bottom_world=[-0.10900013  0.10899882  0.47140227] quat=[ 3.826829e-01  5.081984e-07 -8.146733e-06  9.238798e-01] speed=0.0009 ang_speed=0.0016 ang_vel_vec=[-0.00041452 -0.00100346  0.00118201] |com_force|=0.0000N
### kotek_magnet[tick=1620] sensor1: d=0.4082m in_range=False f_mag=0.000N tau_mag=0.0000Nm misalign_deg=90.0 pos=[0.10880377 0.10900928 0.49140233] bottom_world=[0.10880368 0.1090094  0.47140233] quat=[9.2484152e-01 3.7012778e-06 9.6610552e-07 3.8035268e-01] speed=0.0006 ang_speed=0.0025 ang_vel_vec=[ 0.00046419 -0.00225504 -0.00098149] |com_force|=0.0000N
### kotek_magnet[tick=1620] sensor2: d=0.3208m in_range=False f_mag=0.000N tau_mag=0.0000Nm misalign_deg=90.0 pos=[ 0.10902461 -0.10904672  0.49140108] bottom_world=[ 0.10902459 -0.10904656  0.47140108] quat=[ 9.2300081e-01  3.6497943e-06  1.9223608e-06 -3.8479811e-01] speed=0.0004 ang_speed=0.0024 ang_vel_vec=[-0.00200813 -0.00099923 -0.00081246] |com_force|=0.0000N
### kotek_magnet[tick=1620] sensor3: d=0.5470m in_range=False f_mag=0.000N tau_mag=0.0000Nm misalign_deg=90.0 pos=[-0.10910752 -0.10914605  0.49140105] bottom_world=[-0.10910746 -0.10914592  0.47140105] quat=[-3.8058394e-01 -2.4432391e-06 -2.4065539e-06  9.2474639e-01] speed=0.0005 ang_speed=0.0024 ang_vel_vec=[-0.0009822   0.002021   -0.00080902] |com_force|=0.0000N
### kotek_magnet[tick=1620] sensor4: d=0.5249m in_range=False f_mag=0.000N tau_mag=0.0000Nm misalign_deg=90.0 pos=[-0.10900035  0.10899931  0.4914022 ] bottom_world=[-0.1090003   0.10899945  0.47140221] quat=[ 3.8268247e-01  2.4798999e-07 -3.5847156e-06  9.2388004e-01] speed=0.0002 ang_speed=0.0014 ang_vel_vec=[-0.00036526  0.00122898 -0.00046202] |com_force|=0.0000N
### kotek_magnet[tick=1680] sensor1: d=0.4082m in_range=False f_mag=0.000N tau_mag=0.0000Nm misalign_deg=90.0 pos=[0.10880381 0.10900925 0.49140242] bottom_world=[0.10880372 0.10900937 0.47140242] quat=[9.2484158e-01 3.4875175e-06 8.9269037e-07 3.8035265e-01] speed=0.0006 ang_speed=0.0025 ang_vel_vec=[ 0.0012575  -0.00197386 -0.00075765] |com_force|=0.0000N
### kotek_magnet[tick=1680] sensor2: d=0.3208m in_range=False f_mag=0.000N tau_mag=0.0000Nm misalign_deg=90.0 pos=[ 0.10902472 -0.10904561  0.49140105] bottom_world=[ 0.10902452 -0.10904572  0.47140105] quat=[ 9.2300051e-01 -4.4818153e-06  3.6337349e-06 -3.8479891e-01] speed=0.0009 ang_speed=0.0031 ang_vel_vec=[-6.1329854e-05 -3.0120148e-03  8.8661403e-04] |com_force|=0.0000N
### kotek_magnet[tick=1680] sensor3: d=0.5470m in_range=False f_mag=0.000N tau_mag=0.0000Nm misalign_deg=90.0 pos=[-0.10910755 -0.10914586  0.49140105] bottom_world=[-0.10910747 -0.10914585  0.47140105] quat=[-3.8058367e-01 -2.0224131e-06  4.8099355e-07  9.2474651e-01] speed=0.0004 ang_speed=0.0025 ang_vel_vec=[ 1.6084884e-03  1.9722742e-03 -8.0645324e-05] |com_force|=0.0000N
### kotek_magnet[tick=1680] sensor4: d=0.5249m in_range=False f_mag=0.000N tau_mag=0.0000Nm misalign_deg=90.0 pos=[-0.10900036  0.10899928  0.49140227] bottom_world=[-0.10900031  0.10899943  0.47140227] quat=[ 3.8268238e-01  1.1876435e-07 -3.8625985e-06  9.2387998e-01] speed=0.0002 ang_speed=0.0021 ang_vel_vec=[-0.00086253  0.00189718 -0.00023492] |com_force|=0.0000N
### still playing, 1370s left
### kotek_magnet[tick=1740] sensor1: d=0.4082m in_range=False f_mag=0.000N tau_mag=0.0000Nm misalign_deg=90.0 pos=[0.10880381 0.10900928 0.49140224] bottom_world=[0.10880371 0.1090094  0.47140224] quat=[9.2484152e-01 3.7655429e-06 9.9403530e-07 3.8035268e-01] speed=0.0006 ang_speed=0.0029 ang_vel_vec=[-0.00017072 -0.00265864 -0.00112602] |com_force|=0.0000N
### kotek_magnet[tick=1740] sensor2: d=0.3208m in_range=False f_mag=0.000N tau_mag=0.0000Nm misalign_deg=90.0 pos=[ 0.10902444 -0.10904674  0.49140102] bottom_world=[ 0.10902455 -0.10904654  0.47140102] quat=[ 9.2300087e-01  5.6177228e-06 -5.0891123e-07 -3.8479811e-01] speed=0.0003 ang_speed=0.0030 ang_vel_vec=[-0.00236171  0.00181951 -0.00045082] |com_force|=0.0000N
### kotek_magnet[tick=1740] sensor3: d=0.5470m in_range=False f_mag=0.000N tau_mag=0.0000Nm misalign_deg=90.0 pos=[-0.10910755 -0.10914586  0.49140105] bottom_world=[-0.10910746 -0.10914586  0.47140105] quat=[-3.8058376e-01 -2.1646565e-06  8.8276670e-07  9.2474645e-01] speed=0.0004 ang_speed=0.0030 ang_vel_vec=[ 0.0018204   0.00237311 -0.00045176] |com_force|=0.0000N
### kotek_magnet[tick=1740] sensor4: d=0.5249m in_range=False f_mag=0.000N tau_mag=0.0000Nm misalign_deg=90.0 pos=[-0.10900008  0.10900021  0.4914023 ] bottom_world=[-0.1090003   0.10900006  0.4714023 ] quat=[3.8268209e-01 3.7927121e-06 5.5219230e-06 9.2388010e-01] speed=0.0010 ang_speed=0.0029 ang_vel_vec=[ 0.00191651 -0.00197786 -0.00099596] |com_force|=0.0000N
### kotek_magnet[tick=1800] sensor1: d=0.4082m in_range=False f_mag=0.000N tau_mag=0.0000Nm misalign_deg=90.0 pos=[0.10880419 0.10900887 0.49140236] bottom_world=[0.10880393 0.10900923 0.47140236] quat=[9.2484164e-01 1.0647734e-05 2.5580418e-06 3.8035253e-01] speed=0.0009 ang_speed=0.0041 ang_vel_vec=[-0.00270049 -0.00300038 -0.00043197] |com_force|=0.0000N
### kotek_magnet[tick=1800] sensor2: d=0.3208m in_range=False f_mag=0.000N tau_mag=0.0000Nm misalign_deg=90.0 pos=[ 0.10902444 -0.10904676  0.49140108] bottom_world=[ 0.10902454 -0.10904656  0.47140108] quat=[ 9.2300075e-01  5.5858177e-06 -3.8833866e-07 -3.8479835e-01] speed=0.0004 ang_speed=0.0029 ang_vel_vec=[-0.00240702  0.00154994 -0.00011758] |com_force|=0.0000N
### kotek_magnet[tick=1800] sensor3: d=0.5470m in_range=False f_mag=0.000N tau_mag=0.0000Nm misalign_deg=90.0 pos=[-0.10910751 -0.10914606  0.49140114] bottom_world=[-0.10910745 -0.10914593  0.47140114] quat=[-3.8058373e-01 -2.5860863e-06 -2.4290869e-06  9.2474645e-01] speed=0.0005 ang_speed=0.0024 ang_vel_vec=[-0.00134177  0.00194453 -0.00060187] |com_force|=0.0000N
### kotek_magnet[tick=1800] sensor4: d=0.5249m in_range=False f_mag=0.000N tau_mag=0.0000Nm misalign_deg=90.0 pos=[-0.10900006  0.10900017  0.49140236] bottom_world=[-0.10900029  0.10900003  0.47140236] quat=[3.8268220e-01 3.7582010e-06 5.3767817e-06 9.2388010e-01] speed=0.0010 ang_speed=0.0024 ang_vel_vec=[ 0.00162969 -0.00168842 -0.00064715] |com_force|=0.0000N
### kotek_magnet[tick=1860] sensor1: d=0.4082m in_range=False f_mag=0.000N tau_mag=0.0000Nm misalign_deg=90.0 pos=[0.10880379 0.10900929 0.49140233] bottom_world=[0.1088037  0.10900942 0.47140233] quat=[9.2484152e-01 3.9881443e-06 9.8429541e-07 3.8035256e-01] speed=0.0006 ang_speed=0.0028 ang_vel_vec=[-0.00037492 -0.00268701 -0.00067934] |com_force|=0.0000N
### kotek_magnet[tick=1860] sensor2: d=0.3208m in_range=False f_mag=0.000N tau_mag=0.0000Nm misalign_deg=90.0 pos=[ 0.10902429 -0.10904738  0.4914011 ] bottom_world=[ 0.10902454 -0.10904699  0.47140111] quat=[ 9.2300087e-01  1.1452935e-05 -1.9938957e-06 -3.8479790e-01] speed=0.0010 ang_speed=0.0027 ang_vel_vec=[-0.0016639   0.00209945 -0.00060166] |com_force|=0.0000N
### kotek_magnet[tick=1860] sensor3: d=0.5470m in_range=False f_mag=0.000N tau_mag=0.0000Nm misalign_deg=90.0 pos=[-0.10910816 -0.10914578  0.49140123] bottom_world=[-0.1091079  -0.1091459   0.47140123] quat=[-3.8058397e-01 -5.0006129e-06  5.2338428e-06  9.2474633e-01] speed=0.0010 ang_speed=0.0022 ang_vel_vec=[ 0.00167667  0.00134257 -0.00059949] |com_force|=0.0000N
### kotek_magnet[tick=1860] sensor4: d=0.5249m in_range=False f_mag=0.000N tau_mag=0.0000Nm misalign_deg=90.0 pos=[-0.10900036  0.10899955  0.49140236] bottom_world=[-0.10900035  0.10899961  0.47140236] quat=[ 3.8268226e-01  3.7362895e-07 -1.3322438e-06  9.2388010e-01] speed=0.0005 ang_speed=0.0026 ang_vel_vec=[ 0.00238604  0.00073619 -0.00054384] |com_force|=0.0000N
### kotek_magnet[tick=1920] sensor1: d=0.4082m in_range=False f_mag=0.000N tau_mag=0.0000Nm misalign_deg=90.0 pos=[0.1088038  0.10900927 0.4914023 ] bottom_world=[0.10880371 0.10900939 0.4714023 ] quat=[9.2484164e-01 3.7971806e-06 9.9554120e-07 3.8035250e-01] speed=0.0006 ang_speed=0.0025 ang_vel_vec=[ 0.00023469 -0.00238138 -0.00072201] |com_force|=0.0000N
### kotek_magnet[tick=1920] sensor2: d=0.3208m in_range=False f_mag=0.000N tau_mag=0.0000Nm misalign_deg=90.0 pos=[ 0.10902463 -0.1090467   0.4914011 ] bottom_world=[ 0.10902462 -0.10904652  0.47140111] quat=[ 9.2300075e-01  3.9231836e-06  1.9119427e-06 -3.8479814e-01] speed=0.0005 ang_speed=0.0023 ang_vel_vec=[-0.00198849 -0.00094247 -0.00057174] |com_force|=0.0000N
### kotek_magnet[tick=1920] sensor3: d=0.5470m in_range=False f_mag=0.000N tau_mag=0.0000Nm misalign_deg=90.0 pos=[-0.10910648 -0.10914586  0.4914011 ] bottom_world=[-0.10910667 -0.10914566  0.47140111] quat=[-3.8058290e-01  2.4020842e-06 -6.2775093e-06  9.2474687e-01] speed=0.0009 ang_speed=0.0029 ang_vel_vec=[0.00236734 0.00011736 0.00167425] |com_force|=0.0000N
### kotek_magnet[tick=1920] sensor4: d=0.5249m in_range=False f_mag=0.000N tau_mag=0.0000Nm misalign_deg=90.0 pos=[-0.10900005  0.10900019  0.4914023 ] bottom_world=[-0.10900027  0.10900005  0.4714023 ] quat=[3.8268209e-01 3.7640871e-06 5.4214615e-06 9.2388010e-01] speed=0.0010 ang_speed=0.0025 ang_vel_vec=[ 0.00172169 -0.0016729  -0.00058665] |com_force|=0.0000N
### kotek_magnet[tick=1980] sensor1: d=0.4082m in_range=False f_mag=0.000N tau_mag=0.0000Nm misalign_deg=90.0 pos=[0.10880381 0.10900926 0.49140233] bottom_world=[0.10880372 0.10900938 0.47140233] quat=[9.2484164e-01 3.6099404e-06 9.8606517e-07 3.8035265e-01] speed=0.0006 ang_speed=0.0024 ang_vel_vec=[ 0.00122957 -0.00188963 -0.00086128] |com_force|=0.0000N
### kotek_magnet[tick=1980] sensor2: d=0.3208m in_range=False f_mag=0.000N tau_mag=0.0000Nm misalign_deg=90.0 pos=[ 0.10902435 -0.10904735  0.49140108] bottom_world=[ 0.10902458 -0.10904697  0.47140108] quat=[ 9.2300087e-01  1.0834723e-05 -1.7580123e-06 -3.8479790e-01] speed=0.0010 ang_speed=0.0028 ang_vel_vec=[-0.00169007  0.00206269 -0.00079421] |com_force|=0.0000N
### kotek_magnet[tick=1980] sensor3: d=0.5470m in_range=False f_mag=0.000N tau_mag=0.0000Nm misalign_deg=90.0 pos=[-0.10910669 -0.10914607  0.49140114] bottom_world=[-0.10910686 -0.10914582  0.47140114] quat=[-3.8058323e-01  1.5690827e-06 -7.5622265e-06  9.2474663e-01] speed=0.0006 ang_speed=0.0043 ang_vel_vec=[-0.00388758 -0.00175123  0.00051798] |com_force|=0.0000N
### kotek_magnet[tick=1980] sensor4: d=0.5249m in_range=False f_mag=0.000N tau_mag=0.0000Nm misalign_deg=90.0 pos=[-0.10900034  0.1089993   0.4914023 ] bottom_world=[-0.10900028  0.10899944  0.4714023 ] quat=[ 3.8268241e-01  3.2100218e-08 -3.7550967e-06  9.2387998e-01] speed=0.0002 ang_speed=0.0014 ang_vel_vec=[-6.4182103e-05  1.3182597e-03 -3.6949862e-04] |com_force|=0.0000N
### kotek_magnet[tick=2040] sensor1: d=0.4082m in_range=False f_mag=0.000N tau_mag=0.0000Nm misalign_deg=90.0 pos=[0.10880429 0.10900896 0.49140236] bottom_world=[0.10880402 0.1090093  0.47140236] quat=[9.2484152e-01 1.0422677e-05 2.8635673e-06 3.8035288e-01] speed=0.0010 ang_speed=0.0030 ang_vel_vec=[-0.00203912 -0.00188514 -0.00104118] |com_force|=0.0000N
### kotek_magnet[tick=2040] sensor2: d=0.3208m in_range=False f_mag=0.000N tau_mag=0.0000Nm misalign_deg=90.0 pos=[ 0.10902464 -0.10904668  0.49140117] bottom_world=[ 0.10902462 -0.10904651  0.47140117] quat=[ 9.2300081e-01  3.7239865e-06  1.9583090e-06 -3.8479805e-01] speed=0.0004 ang_speed=0.0024 ang_vel_vec=[-0.00191521 -0.00105938 -0.00088031] |com_force|=0.0000N
### kotek_magnet[tick=2040] sensor3: d=0.5470m in_range=False f_mag=0.000N tau_mag=0.0000Nm misalign_deg=90.0 pos=[-0.10910755 -0.10914586  0.49140108] bottom_world=[-0.10910747 -0.10914586  0.47140108] quat=[-3.8058379e-01 -2.0828231e-06  7.4792320e-07  9.2474645e-01] speed=0.0004 ang_speed=0.0028 ang_vel_vec=[ 0.0017521   0.0022003  -0.00039696] |com_force|=0.0000N
### kotek_magnet[tick=2040] sensor4: d=0.5249m in_range=False f_mag=0.000N tau_mag=0.0000Nm misalign_deg=90.0 pos=[-0.10900009  0.10900016  0.49140233] bottom_world=[-0.10900031  0.10900002  0.47140233] quat=[3.8268200e-01 3.7287748e-06 5.3751119e-06 9.2388016e-01] speed=0.0010 ang_speed=0.0029 ang_vel_vec=[ 0.00193936 -0.00201136 -0.00093998] |com_force|=0.0000N
### kotek_magnet[tick=2100] sensor1: d=0.4082m in_range=False f_mag=0.000N tau_mag=0.0000Nm misalign_deg=90.0 pos=[0.10880379 0.10900929 0.49140227] bottom_world=[0.1088037  0.10900941 0.47140227] quat=[9.2484152e-01 3.6645365e-06 9.9449448e-07 3.8035268e-01] speed=0.0006 ang_speed=0.0024 ang_vel_vec=[ 0.00065626 -0.00213882 -0.0008971 ] |com_force|=0.0000N
### kotek_magnet[tick=2100] sensor2: d=0.3208m in_range=False f_mag=0.000N tau_mag=0.0000Nm misalign_deg=90.0 pos=[ 0.10902464 -0.1090467   0.49140108] bottom_world=[ 0.10902463 -0.10904653  0.47140108] quat=[ 9.2300081e-01  3.6136285e-06  1.9952731e-06 -3.8479805e-01] speed=0.0004 ang_speed=0.0024 ang_vel_vec=[-0.00199024 -0.00117294 -0.00073529] |com_force|=0.0000N
### kotek_magnet[tick=2100] sensor3: d=0.5470m in_range=False f_mag=0.000N tau_mag=0.0000Nm misalign_deg=90.0 pos=[-0.10910755 -0.10914584  0.491401  ] bottom_world=[-0.10910747 -0.10914583  0.47140099] quat=[-3.8058373e-01 -2.0880300e-06  6.0449747e-07  9.2474651e-01] speed=0.0004 ang_speed=0.0030 ang_vel_vec=[ 0.00179141  0.00239728 -0.00025651] |com_force|=0.0000N
### kotek_magnet[tick=2100] sensor4: d=0.5249m in_range=False f_mag=0.000N tau_mag=0.0000Nm misalign_deg=90.0 pos=[-0.10900006  0.10900021  0.49140227] bottom_world=[-0.10900028  0.10900006  0.47140227] quat=[3.8268200e-01 3.7615300e-06 5.5388864e-06 9.2388010e-01] speed=0.0010 ang_speed=0.0026 ang_vel_vec=[ 0.00176875 -0.00169116 -0.00077049] |com_force|=0.0000N
### kotek_magnet[tick=2160] sensor1: d=0.4082m in_range=False f_mag=0.000N tau_mag=0.0000Nm misalign_deg=90.0 pos=[0.10880382 0.1090093  0.49140227] bottom_world=[0.10880372 0.10900942 0.47140227] quat=[9.2484158e-01 3.8232511e-06 1.0239949e-06 3.8035268e-01] speed=0.0006 ang_speed=0.0025 ang_vel_vec=[ 0.00048434 -0.0022392  -0.00095027] |com_force|=0.0000N
### kotek_magnet[tick=2160] sensor2: d=0.3208m in_range=False f_mag=0.000N tau_mag=0.0000Nm misalign_deg=90.0 pos=[ 0.10902463 -0.10904647  0.49140102] bottom_world=[ 0.10902458 -0.10904638  0.47140102] quat=[ 9.2300075e-01  1.6976433e-06  1.9272090e-06 -3.8479829e-01] speed=0.0001 ang_speed=0.0016 ang_vel_vec=[ 0.00066882 -0.00137367 -0.00040283] |com_force|=0.0000N
### kotek_magnet[tick=2160] sensor3: d=0.5470m in_range=False f_mag=0.000N tau_mag=0.0000Nm misalign_deg=90.0 pos=[-0.10910816 -0.10914579  0.49140108] bottom_world=[-0.1091079  -0.1091459   0.47140108] quat=[-3.8058412e-01 -4.9323926e-06  5.0955537e-06  9.2474639e-01] speed=0.0010 ang_speed=0.0026 ang_vel_vec=[ 0.0018514   0.00156783 -0.00082884] |com_force|=0.0000N
### kotek_magnet[tick=2160] sensor4: d=0.5249m in_range=False f_mag=0.000N tau_mag=0.0000Nm misalign_deg=90.0 pos=[-0.10900036  0.10899951  0.4914023 ] bottom_world=[-0.10900034  0.10899957  0.4714023 ] quat=[ 3.8268214e-01  1.8427875e-07 -1.6350352e-06  9.2388004e-01] speed=0.0005 ang_speed=0.0025 ang_vel_vec=[ 0.00189878  0.00136828 -0.00078496] |com_force|=0.0000N
### kotek_magnet[tick=2220] sensor1: d=0.4082m in_range=False f_mag=0.000N tau_mag=0.0000Nm misalign_deg=90.0 pos=[0.10880381 0.10900922 0.49140242] bottom_world=[0.10880371 0.10900935 0.47140242] quat=[9.248416e-01 3.933203e-06 9.200088e-07 3.803526e-01] speed=0.0006 ang_speed=0.0029 ang_vel_vec=[-0.00049526 -0.00265948 -0.00105916] |com_force|=0.0000N
### kotek_magnet[tick=2220] sensor2: d=0.3208m in_range=False f_mag=0.000N tau_mag=0.0000Nm misalign_deg=90.0 pos=[ 0.10902433 -0.10904738  0.49140117] bottom_world=[ 0.10902457 -0.10904699  0.47140117] quat=[ 9.2300087e-01  1.1248771e-05 -1.8097135e-06 -3.8479790e-01] speed=0.0010 ang_speed=0.0030 ang_vel_vec=[-0.0019146   0.00215755 -0.00091807] |com_force|=0.0000N
### kotek_magnet[tick=2220] sensor3: d=0.5470m in_range=False f_mag=0.000N tau_mag=0.0000Nm misalign_deg=90.0 pos=[-0.10910818 -0.10914578  0.49140114] bottom_world=[-0.10910791 -0.1091459   0.47140114] quat=[-3.8058412e-01 -5.0603858e-06  5.3513008e-06  9.2474639e-01] speed=0.0010 ang_speed=0.0027 ang_vel_vec=[ 0.0019013   0.00164387 -0.00091723] |com_force|=0.0000N
### kotek_magnet[tick=2220] sensor4: d=0.5249m in_range=False f_mag=0.000N tau_mag=0.0000Nm misalign_deg=90.0 pos=[-0.10900043  0.10899843  0.49140242] bottom_world=[-0.10900023  0.10899876  0.47140242] quat=[ 3.8268289e-01 -1.3714073e-06 -9.6403701e-06  9.2387980e-01] speed=0.0009 ang_speed=0.0032 ang_vel_vec=[0.00023754 0.00313784 0.00047466] |com_force|=0.0000N
### kotek_magnet[tick=2280] sensor1: d=0.4082m in_range=False f_mag=0.000N tau_mag=0.0000Nm misalign_deg=90.0 pos=[0.10880378 0.1090093  0.49140227] bottom_world=[0.10880369 0.10900943 0.47140227] quat=[9.2484164e-01 3.7197126e-06 9.4666871e-07 3.8035265e-01] speed=0.0006 ang_speed=0.0025 ang_vel_vec=[ 0.00026929 -0.00230031 -0.0008851 ] |com_force|=0.0000N
### kotek_magnet[tick=2280] sensor2: d=0.3208m in_range=False f_mag=0.000N tau_mag=0.0000Nm misalign_deg=90.0 pos=[ 0.10902449 -0.10904562  0.4914011 ] bottom_world=[ 0.10902439 -0.10904571  0.47140111] quat=[ 9.2300045e-01 -2.9518524e-06  1.4801176e-06 -3.8479882e-01] speed=0.0010 ang_speed=0.0022 ang_vel_vec=[0.00046575 0.00165262 0.00141479] |com_force|=0.0000N
### kotek_magnet[tick=2280] sensor3: d=0.5470m in_range=False f_mag=0.000N tau_mag=0.0000Nm misalign_deg=90.0 pos=[-0.10910751 -0.10914609  0.4914011 ] bottom_world=[-0.10910745 -0.10914596  0.47140111] quat=[-3.8058388e-01 -2.4948429e-06 -2.4607309e-06  9.2474639e-01] speed=0.0005 ang_speed=0.0024 ang_vel_vec=[-0.00122836  0.00195581 -0.00076231] |com_force|=0.0000N
### kotek_magnet[tick=2280] sensor4: d=0.5249m in_range=False f_mag=0.000N tau_mag=0.0000Nm misalign_deg=90.0 pos=[-0.10900019  0.10899849  0.49140227] bottom_world=[-0.10900008  0.1089988   0.47140227] quat=[ 3.8268313e-01  4.7241227e-07 -8.1862936e-06  9.2387974e-01] speed=0.0009 ang_speed=0.0017 ang_vel_vec=[-0.00055375 -0.00088363  0.00133859] |com_force|=0.0000N
### kotek_magnet[tick=2340] sensor1: d=0.4082m in_range=False f_mag=0.000N tau_mag=0.0000Nm misalign_deg=90.0 pos=[0.1088038  0.10900924 0.49140233] bottom_world=[0.1088037  0.10900937 0.47140233] quat=[9.2484158e-01 3.8421545e-06 1.0334504e-06 3.8035262e-01] speed=0.0006 ang_speed=0.0026 ang_vel_vec=[ 0.0001612  -0.00249898 -0.00085913] |com_force|=0.0000N
### kotek_magnet[tick=2340] sensor2: d=0.3208m in_range=False f_mag=0.000N tau_mag=0.0000Nm misalign_deg=90.0 pos=[ 0.10902462 -0.10904644  0.49140108] bottom_world=[ 0.10902458 -0.10904635  0.47140108] quat=[ 9.2300069e-01  1.6922877e-06  1.8425798e-06 -3.8479841e-01] speed=0.0001 ang_speed=0.0011 ang_vel_vec=[ 0.00035538 -0.00100961 -0.00030538] |com_force|=0.0000N
### kotek_magnet[tick=2340] sensor3: d=0.5470m in_range=False f_mag=0.000N tau_mag=0.0000Nm misalign_deg=90.0 pos=[-0.10910752 -0.10914606  0.49140108] bottom_world=[-0.10910746 -0.10914594  0.47140108] quat=[-3.8058382e-01 -2.5524212e-06 -2.2671566e-06  9.2474645e-01] speed=0.0005 ang_speed=0.0023 ang_vel_vec=[-0.00096506  0.001931   -0.00066878] |com_force|=0.0000N
### kotek_magnet[tick=2340] sensor4: d=0.5249m in_range=False f_mag=0.000N tau_mag=0.0000Nm misalign_deg=90.0 pos=[-0.10900034  0.10899878  0.4914023 ] bottom_world=[-0.1090002   0.10899906  0.4714023 ] quat=[ 3.8268277e-01 -5.6618978e-07 -7.9359979e-06  9.2387980e-01] speed=0.0006 ang_speed=0.0046 ang_vel_vec=[-0.00172084  0.00423886  0.0005075 ] |com_force|=0.0000N
### kotek_magnet[tick=2400] sensor1: d=0.4082m in_range=False f_mag=0.000N tau_mag=0.0000Nm misalign_deg=90.0 pos=[0.1088038  0.10900925 0.4914023 ] bottom_world=[0.10880371 0.10900937 0.4714023 ] quat=[9.2484158e-01 3.7233042e-06 9.9607939e-07 3.8035253e-01] speed=0.0006 ang_speed=0.0028 ang_vel_vec=[-9.2387454e-05 -2.6771298e-03 -7.9309294e-04] |com_force|=0.0000N
### kotek_magnet[tick=2400] sensor2: d=0.3208m in_range=False f_mag=0.000N tau_mag=0.0000Nm misalign_deg=90.0 pos=[ 0.10902433 -0.10904737  0.49140114] bottom_world=[ 0.10902457 -0.10904699  0.47140114] quat=[ 9.2300093e-01  1.1017512e-05 -1.7772020e-06 -3.8479787e-01] speed=0.0010 ang_speed=0.0026 ang_vel_vec=[-0.00160696  0.00188611 -0.00063699] |com_force|=0.0000N
### kotek_magnet[tick=2400] sensor3: d=0.5470m in_range=False f_mag=0.000N tau_mag=0.0000Nm misalign_deg=90.0 pos=[-0.10910818 -0.10914576  0.49140126] bottom_world=[-0.10910791 -0.10914589  0.47140126] quat=[-3.8058394e-01 -5.0100630e-06  5.4756174e-06  9.2474639e-01] speed=0.0010 ang_speed=0.0025 ang_vel_vec=[ 0.00183367  0.00151307 -0.00062383] |com_force|=0.0000N
### kotek_magnet[tick=2400] sensor4: d=0.5249m in_range=False f_mag=0.000N tau_mag=0.0000Nm misalign_deg=90.0 pos=[-0.1090002   0.10899848  0.4914024 ] bottom_world=[-0.1090001   0.10899879  0.47140239] quat=[ 3.8268304e-01  5.8444442e-07 -7.9611609e-06  9.2387974e-01] speed=0.0009 ang_speed=0.0023 ang_vel_vec=[-0.00014707 -0.00182157  0.00145612] |com_force|=0.0000N
### kotek_magnet[tick=2460] sensor1: d=0.4082m in_range=False f_mag=0.000N tau_mag=0.0000Nm misalign_deg=90.0 pos=[0.10880258 0.10900907 0.4914024 ] bottom_world=[0.10880277 0.10900909 0.47140239] quat=[ 9.2484194e-01 -1.3855836e-06 -4.6406849e-06  3.8035169e-01] speed=0.0010 ang_speed=0.0024 ang_vel_vec=[-1.9222620e-03 -5.8616602e-05  1.4447180e-03] |com_force|=0.0000N
### kotek_magnet[tick=2460] sensor2: d=0.3208m in_range=False f_mag=0.000N tau_mag=0.0000Nm misalign_deg=90.0 pos=[ 0.10902432 -0.10904739  0.49140105] bottom_world=[ 0.10902458 -0.109047    0.47140105] quat=[ 9.23000872e-01  1.13956385e-05 -2.09780092e-06 -3.84797931e-01] speed=0.0010 ang_speed=0.0031 ang_vel_vec=[-0.00178792  0.00238049 -0.00081813] |com_force|=0.0000N
### kotek_magnet[tick=2460] sensor3: d=0.5470m in_range=False f_mag=0.000N tau_mag=0.0000Nm misalign_deg=90.0 pos=[-0.10910816 -0.10914575  0.4914011 ] bottom_world=[-0.10910791 -0.10914587  0.47140111] quat=[-3.8058406e-01 -4.8332604e-06  5.2454516e-06  9.2474639e-01] speed=0.0010 ang_speed=0.0027 ang_vel_vec=[ 0.00208611  0.00149743 -0.00079503] |com_force|=0.0000N
### kotek_magnet[tick=2460] sensor4: d=0.5249m in_range=False f_mag=0.000N tau_mag=0.0000Nm misalign_deg=90.0 pos=[-0.10900038  0.10899876  0.4914024 ] bottom_world=[-0.10900023  0.10899905  0.47140239] quat=[ 3.8268265e-01 -5.9097880e-07 -8.0837144e-06  9.2387980e-01] speed=0.0006 ang_speed=0.0046 ang_vel_vec=[-0.00158697  0.00429224  0.00048529] |com_force|=0.0000N
### kotek_magnet[tick=2520] sensor1: d=0.4082m in_range=False f_mag=0.000N tau_mag=0.0000Nm misalign_deg=90.0 pos=[0.10880283 0.10900928 0.49140224] bottom_world=[0.108803   0.10900926 0.47140224] quat=[ 9.2484176e-01 -2.1512194e-06 -3.7064458e-06  3.8035202e-01] speed=0.0006 ang_speed=0.0042 ang_vel_vec=[0.00386168 0.00170402 0.00040903] |com_force|=0.0000N
### kotek_magnet[tick=2520] sensor2: d=0.3208m in_range=False f_mag=0.000N tau_mag=0.0000Nm misalign_deg=90.0 pos=[ 0.10902433 -0.10904733  0.4914011 ] bottom_world=[ 0.10902457 -0.10904695  0.47140111] quat=[ 9.2300087e-01  1.1180692e-05 -1.8724672e-06 -3.8479781e-01] speed=0.0010 ang_speed=0.0030 ang_vel_vec=[-0.00192596  0.00213658 -0.00094612] |com_force|=0.0000N
### kotek_magnet[tick=2520] sensor3: d=0.5470m in_range=False f_mag=0.000N tau_mag=0.0000Nm misalign_deg=90.0 pos=[-0.10910729 -0.10914579  0.49140102] bottom_world=[-0.10910726 -0.10914576  0.47140102] quat=[-3.8058347e-01 -9.7375641e-07 -3.2389988e-07  9.2474663e-01] speed=0.0003 ang_speed=0.0061 ang_vel_vec=[0.00528359 0.0029502  0.00025167] |com_force|=0.0000N
### kotek_magnet[tick=2520] sensor4: d=0.5249m in_range=False f_mag=0.000N tau_mag=0.0000Nm misalign_deg=90.0 pos=[-0.10900021  0.10899851  0.49140233] bottom_world=[-0.1090001   0.10899882  0.47140233] quat=[ 3.8268304e-01  5.6700964e-07 -7.9697684e-06  9.2387980e-01] speed=0.0009 ang_speed=0.0019 ang_vel_vec=[-0.00027604 -0.00148535  0.00117359] |com_force|=0.0000N
### kotek_magnet[tick=2580] sensor1: d=0.4082m in_range=False f_mag=0.000N tau_mag=0.0000Nm misalign_deg=90.0 pos=[0.10880342 0.10900924 0.4914023 ] bottom_world=[0.10880344 0.10900932 0.4714023 ] quat=[ 9.2484164e-01  1.5050505e-06 -1.0623129e-06  3.8035235e-01] speed=0.0002 ang_speed=0.0018 ang_vel_vec=[ 0.00179481  0.00024473 -0.00013262] |com_force|=0.0000N
### kotek_magnet[tick=2580] sensor2: d=0.3208m in_range=False f_mag=0.000N tau_mag=0.0000Nm misalign_deg=90.0 pos=[ 0.10902464 -0.10904671  0.4914011 ] bottom_world=[ 0.10902463 -0.10904654  0.47140111] quat=[ 9.2300081e-01  3.8196877e-06  1.8865127e-06 -3.8479820e-01] speed=0.0004 ang_speed=0.0020 ang_vel_vec=[-0.0016113  -0.00103714 -0.00053674] |com_force|=0.0000N
### kotek_magnet[tick=2580] sensor3: d=0.5470m in_range=False f_mag=0.000N tau_mag=0.0000Nm misalign_deg=90.0 pos=[-0.10910818 -0.10914578  0.4914011 ] bottom_world=[-0.10910792 -0.1091459   0.47140111] quat=[-3.8058406e-01 -4.9556302e-06  5.2530245e-06  9.2474645e-01] speed=0.0010 ang_speed=0.0022 ang_vel_vec=[ 0.00174394  0.00128275 -0.00060232] |com_force|=0.0000N
### kotek_magnet[tick=2580] sensor4: d=0.5249m in_range=False f_mag=0.000N tau_mag=0.0000Nm misalign_deg=90.0 pos=[-0.10900015  0.10899848  0.49140242] bottom_world=[-0.10900005  0.10899879  0.47140242] quat=[ 3.8268304e-01  5.0103097e-07 -8.0481659e-06  9.2387974e-01] speed=0.0009 ang_speed=0.0021 ang_vel_vec=[-0.00023808 -0.00137721  0.00151533] |com_force|=0.0000N
### kotek_magnet[tick=2640] sensor1: d=0.4082m in_range=False f_mag=0.000N tau_mag=0.0000Nm misalign_deg=90.0 pos=[0.10880431 0.10900898 0.49140236] bottom_world=[0.10880405 0.10900932 0.47140236] quat=[9.2484158e-01 1.0413138e-05 2.6483699e-06 3.8035282e-01] speed=0.0010 ang_speed=0.0028 ang_vel_vec=[-0.00193252 -0.00179862 -0.00087433] |com_force|=0.0000N
### kotek_magnet[tick=2640] sensor2: d=0.3208m in_range=False f_mag=0.000N tau_mag=0.0000Nm misalign_deg=90.0 pos=[ 0.10902414 -0.10904744  0.49140105] bottom_world=[ 0.10902445 -0.10904703  0.47140105] quat=[ 9.2300069e-01  1.2576748e-05 -3.1953907e-06 -3.8479823e-01] speed=0.0013 ang_speed=0.0146 ang_vel_vec=[-0.00731663  0.01259613 -0.00030617] |com_force|=0.0000N
### kotek_magnet[tick=2640] sensor3: d=0.5470m in_range=False f_mag=0.000N tau_mag=0.0000Nm misalign_deg=90.0 pos=[-0.10910753 -0.10914608  0.49140108] bottom_world=[-0.10910747 -0.10914595  0.47140108] quat=[-3.8058385e-01 -2.6547928e-06 -2.5500531e-06  9.2474651e-01] speed=0.0004 ang_speed=0.0024 ang_vel_vec=[-0.00110528  0.00198753 -0.00068738] |com_force|=0.0000N
### kotek_magnet[tick=2640] sensor4: d=0.5249m in_range=False f_mag=0.000N tau_mag=0.0000Nm misalign_deg=90.0 pos=[-0.10900019  0.10899851  0.49140236] bottom_world=[-0.10900009  0.10899881  0.47140236] quat=[ 3.8268307e-01  6.8500282e-07 -8.0358341e-06  9.2387968e-01] speed=0.0009 ang_speed=0.0026 ang_vel_vec=[ 8.9653069e-05 -2.1927264e-03  1.3252952e-03] |com_force|=0.0000N
### kotek_magnet[tick=2700] sensor1: d=0.4082m in_range=False f_mag=0.000N tau_mag=0.0000Nm misalign_deg=90.0 pos=[0.10880431 0.10900898 0.49140233] bottom_world=[0.10880404 0.10900932 0.47140233] quat=[9.2484158e-01 1.0406177e-05 2.9270554e-06 3.8035271e-01] speed=0.0010 ang_speed=0.0024 ang_vel_vec=[-0.00164408 -0.00157838 -0.00080312] |com_force|=0.0000N
### kotek_magnet[tick=2700] sensor2: d=0.3208m in_range=False f_mag=0.000N tau_mag=0.0000Nm misalign_deg=90.0 pos=[ 0.10902465 -0.10904666  0.49140117] bottom_world=[ 0.10902464 -0.1090465   0.47140117] quat=[ 9.2300081e-01  3.6608610e-06  1.9124859e-06 -3.8479817e-01] speed=0.0004 ang_speed=0.0024 ang_vel_vec=[-0.0021296  -0.00085099 -0.00065594] |com_force|=0.0000N
### kotek_magnet[tick=2700] sensor3: d=0.5470m in_range=False f_mag=0.000N tau_mag=0.0000Nm misalign_deg=90.0 pos=[-0.10910755 -0.10914584  0.491401  ] bottom_world=[-0.10910746 -0.10914584  0.47140099] quat=[-3.8058367e-01 -2.1071835e-06  7.7944492e-07  9.2474651e-01] speed=0.0004 ang_speed=0.0031 ang_vel_vec=[ 0.00185535  0.00249138 -0.00017301] |com_force|=0.0000N
### kotek_magnet[tick=2700] sensor4: d=0.5249m in_range=False f_mag=0.000N tau_mag=0.0000Nm misalign_deg=90.0 pos=[-0.10900019  0.10899851  0.49140233] bottom_world=[-0.10900008  0.10899882  0.47140233] quat=[ 3.8268301e-01  4.7160324e-07 -8.0809868e-06  9.2387974e-01] speed=0.0009 ang_speed=0.0018 ang_vel_vec=[-0.00055624 -0.00089757  0.00140045] |com_force|=0.0000N
### kotek_magnet[tick=2760] sensor1: d=0.4082m in_range=False f_mag=0.000N tau_mag=0.0000Nm misalign_deg=90.0 pos=[0.1088043  0.10900895 0.49140233] bottom_world=[0.10880403 0.10900929 0.47140233] quat=[9.2484152e-01 1.0337861e-05 2.9614205e-06 3.8035277e-01] speed=0.0010 ang_speed=0.0024 ang_vel_vec=[-0.00161555 -0.00161846 -0.00082264] |com_force|=0.0000N
### kotek_magnet[tick=2760] sensor2: d=0.3208m in_range=False f_mag=0.000N tau_mag=0.0000Nm misalign_deg=90.0 pos=[ 0.10902435 -0.10904736  0.49140114] bottom_world=[ 0.10902459 -0.10904699  0.47140114] quat=[ 9.2300087e-01  1.0785669e-05 -1.8433220e-06 -3.8479781e-01] speed=0.0010 ang_speed=0.0027 ang_vel_vec=[-0.00162902  0.00204707 -0.00072459] |com_force|=0.0000N
### kotek_magnet[tick=2760] sensor3: d=0.5470m in_range=False f_mag=0.000N tau_mag=0.0000Nm misalign_deg=90.0 pos=[-0.10910808 -0.10914568  0.4914012 ] bottom_world=[-0.10910782 -0.10914582  0.4714012 ] quat=[-3.8058382e-01 -4.6653040e-06  5.7691368e-06  9.2474651e-01] speed=0.0010 ang_speed=0.0042 ang_vel_vec=[ 0.00292644  0.00291839 -0.00039078] |com_force|=0.0000N
### kotek_magnet[tick=2760] sensor4: d=0.5249m in_range=False f_mag=0.000N tau_mag=0.0000Nm misalign_deg=90.0 pos=[-0.10900035  0.10899873  0.49140236] bottom_world=[-0.1090002   0.10899902  0.47140236] quat=[ 3.8268277e-01 -6.9650969e-07 -8.0673226e-06  9.2387986e-01] speed=0.0006 ang_speed=0.0047 ang_vel_vec=[-0.00173676  0.00438506  0.00052266] |com_force|=0.0000N
### kotek_magnet[tick=2820] sensor1: d=0.4082m in_range=False f_mag=0.000N tau_mag=0.0000Nm misalign_deg=90.0 pos=[0.10880431 0.10900894 0.4914023 ] bottom_world=[0.10880404 0.10900929 0.4714023 ] quat=[9.2484146e-01 1.0744506e-05 2.9046569e-06 3.8035274e-01] speed=0.0010 ang_speed=0.0028 ang_vel_vec=[-0.00191708 -0.00180413 -0.00081693] |com_force|=0.0000N
### kotek_magnet[tick=2820] sensor2: d=0.3208m in_range=False f_mag=0.000N tau_mag=0.0000Nm misalign_deg=90.0 pos=[ 0.10902465 -0.10904673  0.4914012 ] bottom_world=[ 0.10902464 -0.10904656  0.4714012 ] quat=[ 9.2300081e-01  3.7782370e-06  1.9417319e-06 -3.8479805e-01] speed=0.0004 ang_speed=0.0024 ang_vel_vec=[-0.00216894 -0.00077019 -0.00071917] |com_force|=0.0000N
### kotek_magnet[tick=2820] sensor3: d=0.5470m in_range=False f_mag=0.000N tau_mag=0.0000Nm misalign_deg=90.0 pos=[-0.10910647 -0.10914588  0.49140114] bottom_world=[-0.10910665 -0.10914568  0.47140114] quat=[-3.8058305e-01  2.3920431e-06 -6.2960735e-06  9.2474681e-01] speed=0.0009 ang_speed=0.0030 ang_vel_vec=[0.00255116 0.00019764 0.00148256] |com_force|=0.0000N
### kotek_magnet[tick=2820] sensor4: d=0.5249m in_range=False f_mag=0.000N tau_mag=0.0000Nm misalign_deg=90.0 pos=[-0.10900042  0.10899843  0.49140245] bottom_world=[-0.10900022  0.10899876  0.47140245] quat=[ 3.8268283e-01 -1.4731471e-06 -9.7368420e-06  9.2387974e-01] speed=0.0009 ang_speed=0.0032 ang_vel_vec=[0.00036425 0.00306725 0.00064427] |com_force|=0.0000N
### kotek_magnet[tick=2880] sensor1: d=0.4082m in_range=False f_mag=0.000N tau_mag=0.0000Nm misalign_deg=90.0 pos=[0.10880431 0.10900899 0.49140233] bottom_world=[0.10880404 0.10900933 0.47140233] quat=[9.2484152e-01 1.0385204e-05 2.9311082e-06 3.8035265e-01] speed=0.0009 ang_speed=0.0025 ang_vel_vec=[-0.00165028 -0.00165853 -0.00098165] |com_force|=0.0000N
### kotek_magnet[tick=2880] sensor2: d=0.3208m in_range=False f_mag=0.000N tau_mag=0.0000Nm misalign_deg=90.0 pos=[ 0.10902433 -0.10904738  0.49140117] bottom_world=[ 0.10902458 -0.10904699  0.47140117] quat=[ 9.2300087e-01  1.1254916e-05 -1.9204799e-06 -3.8479805e-01] speed=0.0010 ang_speed=0.0032 ang_vel_vec=[-0.00204186  0.0023424  -0.00094584] |com_force|=0.0000N
### kotek_magnet[tick=2880] sensor3: d=0.5470m in_range=False f_mag=0.000N tau_mag=0.0000Nm misalign_deg=90.0 pos=[-0.10910642 -0.1091461   0.4914011 ] bottom_world=[-0.10910663 -0.10914579  0.47140111] quat=[-3.8058308e-01  2.0235359e-06 -8.9885361e-06  9.2474675e-01] speed=0.0009 ang_speed=0.0024 ang_vel_vec=[-0.0022896   0.00060018  0.00063035] |com_force|=0.0000N
### kotek_magnet[tick=2880] sensor4: d=0.5249m in_range=False f_mag=0.000N tau_mag=0.0000Nm misalign_deg=90.0 pos=[-0.10900021  0.10899851  0.49140236] bottom_world=[-0.1090001   0.10899882  0.47140236] quat=[ 3.8268307e-01  4.4525524e-07 -8.1509761e-06  9.2387974e-01] speed=0.0009 ang_speed=0.0015 ang_vel_vec=[-0.00047618 -0.00082929  0.0012063 ] |com_force|=0.0000N
### kotek_magnet[tick=2940] sensor1: d=0.4082m in_range=False f_mag=0.000N tau_mag=0.0000Nm misalign_deg=90.0 pos=[0.10880381 0.10900929 0.49140227] bottom_world=[0.10880371 0.10900941 0.47140227] quat=[9.2484158e-01 3.7025561e-06 1.0459099e-06 3.8035268e-01] speed=0.0006 ang_speed=0.0027 ang_vel_vec=[ 0.00076719 -0.00233231 -0.001079  ] |com_force|=0.0000N
### kotek_magnet[tick=2940] sensor2: d=0.3208m in_range=False f_mag=0.000N tau_mag=0.0000Nm misalign_deg=90.0 pos=[ 0.10902413 -0.10904743  0.491401  ] bottom_world=[ 0.10902445 -0.10904702  0.47140099] quat=[ 9.2300087e-01  1.2368556e-05 -3.4082889e-06 -3.8479814e-01] speed=0.0013 ang_speed=0.0160 ang_vel_vec=[-0.00792737  0.01386766 -0.00047194] |com_force|=0.0000N
### kotek_magnet[tick=2940] sensor3: d=0.5470m in_range=False f_mag=0.000N tau_mag=0.0000Nm misalign_deg=90.0 pos=[-0.10910641 -0.1091459   0.4914011 ] bottom_world=[-0.1091066  -0.10914569  0.47140111] quat=[-3.8058317e-01  2.5112440e-06 -6.6817852e-06  9.2474681e-01] speed=0.0010 ang_speed=0.0025 ang_vel_vec=[ 2.1455418e-03 -8.0162165e-05  1.3565607e-03] |com_force|=0.0000N
### kotek_magnet[tick=2940] sensor4: d=0.5249m in_range=False f_mag=0.000N tau_mag=0.0000Nm misalign_deg=90.0 pos=[-0.1090002   0.10899848  0.49140233] bottom_world=[-0.10900009  0.10899879  0.47140233] quat=[ 3.8268304e-01  4.7372112e-07 -8.1705530e-06  9.2387980e-01] speed=0.0009 ang_speed=0.0016 ang_vel_vec=[-0.00028328 -0.00106775  0.00118956] |com_force|=0.0000N
### kotek_magnet[tick=3000] sensor1: d=0.4082m in_range=False f_mag=0.000N tau_mag=0.0000Nm misalign_deg=90.0 pos=[0.10880379 0.10900928 0.49140227] bottom_world=[0.10880369 0.10900941 0.47140227] quat=[9.2484152e-01 3.9228980e-06 1.0179754e-06 3.8035277e-01] speed=0.0006 ang_speed=0.0025 ang_vel_vec=[ 0.00027616 -0.00233599 -0.00084697] |com_force|=0.0000N
### kotek_magnet[tick=3000] sensor2: d=0.3208m in_range=False f_mag=0.000N tau_mag=0.0000Nm misalign_deg=90.0 pos=[ 0.10902463 -0.10904643  0.49140102] bottom_world=[ 0.10902459 -0.10904633  0.47140102] quat=[ 9.2300063e-01  1.8186922e-06  1.8052004e-06 -3.8479838e-01] speed=0.0001 ang_speed=0.0013 ang_vel_vec=[ 0.00046968 -0.00117854 -0.00031399] |com_force|=0.0000N
### kotek_magnet[tick=3000] sensor3: d=0.5470m in_range=False f_mag=0.000N tau_mag=0.0000Nm misalign_deg=90.0 pos=[-0.10910647 -0.10914589  0.4914011 ] bottom_world=[-0.10910665 -0.10914569  0.47140111] quat=[-3.8058302e-01  2.3806936e-06 -6.3845509e-06  9.2474681e-01] speed=0.0009 ang_speed=0.0030 ang_vel_vec=[0.00254031 0.00019184 0.00152504] |com_force|=0.0000N
### kotek_magnet[tick=3000] sensor4: d=0.5249m in_range=False f_mag=0.000N tau_mag=0.0000Nm misalign_deg=90.0 pos=[-0.10900022  0.10899849  0.49140236] bottom_world=[-0.10900012  0.1089988   0.47140236] quat=[ 3.8268295e-01  5.5443530e-07 -8.1589533e-06  9.2387980e-01] speed=0.0009 ang_speed=0.0018 ang_vel_vec=[-0.00036842 -0.00114126  0.00138033] |com_force|=0.0000N
### kotek_magnet[tick=3060] sensor1: d=0.4082m in_range=False f_mag=0.000N tau_mag=0.0000Nm misalign_deg=90.0 pos=[0.10880382 0.10900928 0.49140233] bottom_world=[0.10880372 0.1090094  0.47140233] quat=[9.2484158e-01 3.7299508e-06 9.3724054e-07 3.8035271e-01] speed=0.0006 ang_speed=0.0024 ang_vel_vec=[ 0.00038768 -0.00226566 -0.0007765 ] |com_force|=0.0000N
### kotek_magnet[tick=3060] sensor2: d=0.3208m in_range=False f_mag=0.000N tau_mag=0.0000Nm misalign_deg=90.0 pos=[ 0.10902442 -0.10904673  0.491401  ] bottom_world=[ 0.10902452 -0.10904653  0.47140099] quat=[ 9.2300075e-01  5.5363548e-06 -4.5197703e-07 -3.8479820e-01] speed=0.0004 ang_speed=0.0029 ang_vel_vec=[-0.00227062  0.00173819 -0.00012365] |com_force|=0.0000N
### kotek_magnet[tick=3060] sensor3: d=0.5470m in_range=False f_mag=0.000N tau_mag=0.0000Nm misalign_deg=90.0 pos=[-0.10910641 -0.10914589  0.49140108] bottom_world=[-0.10910661 -0.10914568  0.47140108] quat=[-3.8058308e-01  2.5650577e-06 -6.8482086e-06  9.2474681e-01] speed=0.0010 ang_speed=0.0024 ang_vel_vec=[ 0.00170584 -0.00031541  0.00161181] |com_force|=0.0000N
### kotek_magnet[tick=3060] sensor4: d=0.5249m in_range=False f_mag=0.000N tau_mag=0.0000Nm misalign_deg=90.0 pos=[-0.10900026  0.10899847  0.49140236] bottom_world=[-0.10900013  0.1089988   0.47140236] quat=[ 3.8268298e-01  1.6335659e-07 -8.8401139e-06  9.2387980e-01] speed=0.0010 ang_speed=0.0018 ang_vel_vec=[-0.00101789 -0.00012016  0.00146588] |com_force|=0.0000N
### kotek_magnet[tick=3120] sensor1: d=0.4082m in_range=False f_mag=0.000N tau_mag=0.0000Nm misalign_deg=90.0 pos=[0.10880382 0.10900925 0.4914023 ] bottom_world=[0.10880372 0.10900936 0.4714023 ] quat=[9.2484164e-01 3.5273240e-06 1.2241710e-06 3.8035259e-01] speed=0.0006 ang_speed=0.0029 ang_vel_vec=[ 0.00167952 -0.00214657 -0.00110333] |com_force|=0.0000N
### kotek_magnet[tick=3120] sensor2: d=0.3208m in_range=False f_mag=0.000N tau_mag=0.0000Nm misalign_deg=90.0 pos=[ 0.10902445 -0.10904676  0.49140096] bottom_world=[ 0.10902456 -0.10904657  0.47140096] quat=[ 9.2300075e-01  5.4733578e-06 -6.5556424e-07 -3.8479826e-01] speed=0.0003 ang_speed=0.0028 ang_vel_vec=[-0.00197749  0.00195202 -0.00041629] |com_force|=0.0000N
### kotek_magnet[tick=3120] sensor3: d=0.5470m in_range=False f_mag=0.000N tau_mag=0.0000Nm misalign_deg=90.0 pos=[-0.10910645 -0.1091459   0.49140108] bottom_world=[-0.10910664 -0.1091457   0.47140108] quat=[-3.8058296e-01  2.5212018e-06 -6.3775483e-06  9.2474681e-01] speed=0.0009 ang_speed=0.0030 ang_vel_vec=[0.00265617 0.00028219 0.00131321] |com_force|=0.0000N
### kotek_magnet[tick=3120] sensor4: d=0.5249m in_range=False f_mag=0.000N tau_mag=0.0000Nm misalign_deg=90.0 pos=[-0.1090002  0.1089985  0.4914024] bottom_world=[-0.10900008  0.10899881  0.47140239] quat=[ 3.8268310e-01  2.9046905e-07 -8.2992774e-06  9.2387968e-01] speed=0.0009 ang_speed=0.0014 ang_vel_vec=[-0.00061726 -0.00059871  0.00114782] |com_force|=0.0000N
### kotek_magnet[tick=3180] sensor1: d=0.4082m in_range=False f_mag=0.000N tau_mag=0.0000Nm misalign_deg=90.0 pos=[0.10880381 0.10900926 0.49140233] bottom_world=[0.10880372 0.10900938 0.47140233] quat=[9.2484164e-01 3.7661714e-06 9.6800159e-07 3.8035259e-01] speed=0.0006 ang_speed=0.0025 ang_vel_vec=[ 0.00027939 -0.00233853 -0.00080479] |com_force|=0.0000N
### kotek_magnet[tick=3180] sensor2: d=0.3208m in_range=False f_mag=0.000N tau_mag=0.0000Nm misalign_deg=90.0 pos=[ 0.10902464 -0.10904588  0.49140117] bottom_world=[ 0.1090245  -0.10904594  0.47140117] quat=[ 9.2300063e-01 -2.7894778e-06  2.5569432e-06 -3.8479847e-01] speed=0.0006 ang_speed=0.0046 ang_vel_vec=[ 0.00201636 -0.00407302  0.00061364] |com_force|=0.0000N
### kotek_magnet[tick=3180] sensor3: d=0.5470m in_range=False f_mag=0.000N tau_mag=0.0000Nm misalign_deg=90.0 pos=[-0.10910721 -0.10914586  0.4914011 ] bottom_world=[-0.10910717 -0.10914581  0.47140111] quat=[-3.8058347e-01 -1.3642066e-06 -7.2878129e-07  9.2474663e-01] speed=0.0002 ang_speed=0.0031 ang_vel_vec=[0.00258105 0.00170165 0.00035755] |com_force|=0.0000N
### kotek_magnet[tick=3180] sensor4: d=0.5249m in_range=False f_mag=0.000N tau_mag=0.0000Nm misalign_deg=90.0 pos=[-0.10900041  0.10899848  0.49140227] bottom_world=[-0.10900021  0.10899882  0.47140227] quat=[ 3.8268292e-01 -1.5115191e-06 -9.6715548e-06  9.2387980e-01] speed=0.0009 ang_speed=0.0035 ang_vel_vec=[0.00019841 0.00341867 0.00070533] |com_force|=0.0000N
### kotek_magnet[tick=3240] sensor1: d=0.4082m in_range=False f_mag=0.000N tau_mag=0.0000Nm misalign_deg=90.0 pos=[0.1088038  0.10900924 0.4914024 ] bottom_world=[0.10880372 0.10900935 0.47140239] quat=[9.2484158e-01 3.3523334e-06 8.5459249e-07 3.8035262e-01] speed=0.0006 ang_speed=0.0025 ang_vel_vec=[ 0.00122465 -0.00205262 -0.00086367] |com_force|=0.0000N
### kotek_magnet[tick=3240] sensor2: d=0.3208m in_range=False f_mag=0.000N tau_mag=0.0000Nm misalign_deg=90.0 pos=[ 0.10902437 -0.10904735  0.49140117] bottom_world=[ 0.10902459 -0.10904698  0.47140117] quat=[ 9.2300093e-01  1.0512284e-05 -1.5084825e-06 -3.8479784e-01] speed=0.0010 ang_speed=0.0021 ang_vel_vec=[-0.00129202  0.00148788 -0.00075691] |com_force|=0.0000N
### kotek_magnet[tick=3240] sensor3: d=0.5470m in_range=False f_mag=0.000N tau_mag=0.0000Nm misalign_deg=90.0 pos=[-0.10910816 -0.1091458   0.49140117] bottom_world=[-0.1091079  -0.1091459   0.47140117] quat=[-3.8058412e-01 -4.8556353e-06  4.8534694e-06  9.2474633e-01] speed=0.0010 ang_speed=0.0020 ang_vel_vec=[ 0.00143304  0.00121063 -0.00075145] |com_force|=0.0000N
### kotek_magnet[tick=3240] sensor4: d=0.5249m in_range=False f_mag=0.000N tau_mag=0.0000Nm misalign_deg=90.0 pos=[-0.10900042  0.10899845  0.4914024 ] bottom_world=[-0.10900021  0.10899879  0.47140239] quat=[ 3.8268289e-01 -1.6500121e-06 -9.9404788e-06  9.2387980e-01] speed=0.0009 ang_speed=0.0038 ang_vel_vec=[2.5616169e-05 3.6996517e-03 6.5063540e-04] |com_force|=0.0000N
### kotek_magnet[tick=3300] sensor1: d=0.4082m in_range=False f_mag=0.000N tau_mag=0.0000Nm misalign_deg=90.0 pos=[0.10880256 0.10900935 0.49140227] bottom_world=[0.10880277 0.10900926 0.47140227] quat=[ 9.2484188e-01 -4.0041973e-06 -4.2258598e-06  3.8035181e-01] speed=0.0009 ang_speed=0.0035 ang_vel_vec=[3.4449867e-03 6.0542596e-05 7.6991098e-04] |com_force|=0.0000N
### kotek_magnet[tick=3300] sensor2: d=0.3208m in_range=False f_mag=0.000N tau_mag=0.0000Nm misalign_deg=90.0 pos=[ 0.10902463 -0.10904668  0.49140108] bottom_world=[ 0.10902461 -0.10904651  0.47140108] quat=[ 9.2300081e-01  3.6987863e-06  1.9352779e-06 -3.8479802e-01] speed=0.0004 ang_speed=0.0022 ang_vel_vec=[-0.001793   -0.0011468  -0.00071829] |com_force|=0.0000N
### kotek_magnet[tick=3300] sensor3: d=0.5470m in_range=False f_mag=0.000N tau_mag=0.0000Nm misalign_deg=90.0 pos=[-0.10910752 -0.10914609  0.49140108] bottom_world=[-0.10910746 -0.10914596  0.47140108] quat=[-3.8058400e-01 -2.5137817e-06 -2.3134889e-06  9.2474639e-01] speed=0.0005 ang_speed=0.0023 ang_vel_vec=[-0.00098084  0.00189869 -0.00072543] |com_force|=0.0000N
### kotek_magnet[tick=3300] sensor4: d=0.5249m in_range=False f_mag=0.000N tau_mag=0.0000Nm misalign_deg=90.0 pos=[-0.10900044  0.10899848  0.49140236] bottom_world=[-0.10900023  0.10899882  0.47140236] quat=[ 3.8268289e-01 -1.5440718e-06 -9.7102384e-06  9.2387980e-01] speed=0.0009 ang_speed=0.0035 ang_vel_vec=[0.00026961 0.00342847 0.00062086] |com_force|=0.0000N
### kotek_magnet[tick=3360] sensor1: d=0.4082m in_range=False f_mag=0.000N tau_mag=0.0000Nm misalign_deg=90.0 pos=[0.10880261 0.10900906 0.49140236] bottom_world=[0.1088028  0.10900908 0.47140236] quat=[ 9.2484206e-01 -1.2109066e-06 -4.6048895e-06  3.8035166e-01] speed=0.0010 ang_speed=0.0030 ang_vel_vec=[-0.00258226 -0.00028435  0.00152514] |com_force|=0.0000N
### kotek_magnet[tick=3360] sensor2: d=0.3208m in_range=False f_mag=0.000N tau_mag=0.0000Nm misalign_deg=90.0 pos=[ 0.10902432 -0.10904735  0.49140114] bottom_world=[ 0.10902456 -0.10904697  0.47140114] quat=[ 9.23000872e-01  1.10733645e-05 -1.89889579e-06 -3.84797812e-01] speed=0.0010 ang_speed=0.0029 ang_vel_vec=[-0.00182417  0.00214946 -0.00072524] |com_force|=0.0000N
### kotek_magnet[tick=3360] sensor3: d=0.5470m in_range=False f_mag=0.000N tau_mag=0.0000Nm misalign_deg=90.0 pos=[-0.10910752 -0.10914609  0.49140117] bottom_world=[-0.10910746 -0.10914597  0.47140117] quat=[-3.8058388e-01 -2.5242773e-06 -2.2360505e-06  9.2474645e-01] speed=0.0005 ang_speed=0.0024 ang_vel_vec=[-0.00068524  0.00216597 -0.0006863 ] |com_force|=0.0000N
### kotek_magnet[tick=3360] sensor4: d=0.5249m in_range=False f_mag=0.000N tau_mag=0.0000Nm misalign_deg=90.0 pos=[-0.10900021  0.10899848  0.4914024 ] bottom_world=[-0.1090001   0.10899879  0.47140239] quat=[ 3.8268304e-01  5.2065809e-07 -8.0099335e-06  9.2387974e-01] speed=0.0009 ang_speed=0.0019 ang_vel_vec=[-0.00042816 -0.00118445  0.00141281] |com_force|=0.0000N
### kotek_magnet[tick=3420] sensor1: d=0.4082m in_range=False f_mag=0.000N tau_mag=0.0000Nm misalign_deg=90.0 pos=[0.10880257 0.10900931 0.4914022 ] bottom_world=[0.10880279 0.10900922 0.47140221] quat=[ 9.2484188e-01 -4.0860768e-06 -4.3039554e-06  3.8035178e-01] speed=0.0009 ang_speed=0.0037 ang_vel_vec=[0.00366213 0.00015377 0.00079221] |com_force|=0.0000N
### kotek_magnet[tick=3420] sensor2: d=0.3208m in_range=False f_mag=0.000N tau_mag=0.0000Nm misalign_deg=90.0 pos=[ 0.10902464 -0.10904668  0.49140105] bottom_world=[ 0.10902462 -0.10904652  0.47140105] quat=[ 9.2300075e-01  3.6044266e-06  2.0629088e-06 -3.8479811e-01] speed=0.0004 ang_speed=0.0023 ang_vel_vec=[-0.00169054 -0.00133908 -0.00069924] |com_force|=0.0000N
### kotek_magnet[tick=3420] sensor3: d=0.5470m in_range=False f_mag=0.000N tau_mag=0.0000Nm misalign_deg=90.0 pos=[-0.10910647 -0.10914586  0.49140096] bottom_world=[-0.10910666 -0.10914565  0.47140096] quat=[-3.8058293e-01  2.4386254e-06 -6.5742843e-06  9.2474681e-01] speed=0.0009 ang_speed=0.0024 ang_vel_vec=[ 0.00190698 -0.00016506  0.00150664] |com_force|=0.0000N
### kotek_magnet[tick=3420] sensor4: d=0.5249m in_range=False f_mag=0.000N tau_mag=0.0000Nm misalign_deg=90.0 pos=[-0.10900021  0.1089985   0.4914023 ] bottom_world=[-0.10900009  0.10899882  0.4714023 ] quat=[ 3.8268301e-01  3.8980932e-07 -8.3840032e-06  9.2387968e-01] speed=0.0009 ang_speed=0.0016 ang_vel_vec=[-0.00060252 -0.00071804  0.00135735] |com_force|=0.0000N
### still playing, 1340s left
### kotek_magnet[tick=3480] sensor1: d=0.4082m in_range=False f_mag=0.000N tau_mag=0.0000Nm misalign_deg=90.0 pos=[0.10880258 0.10900909 0.49140227] bottom_world=[0.10880278 0.10900911 0.47140227] quat=[ 9.2484194e-01 -1.5753932e-06 -4.6944019e-06  3.8035175e-01] speed=0.0010 ang_speed=0.0023 ang_vel_vec=[-0.00170899  0.00012286  0.00154843] |com_force|=0.0000N
### kotek_magnet[tick=3480] sensor2: d=0.3208m in_range=False f_mag=0.000N tau_mag=0.0000Nm misalign_deg=90.0 pos=[ 0.10902466 -0.10904644  0.49140096] bottom_world=[ 0.10902461 -0.10904636  0.47140096] quat=[ 9.2300075e-01  1.4564469e-06  1.9483932e-06 -3.8479832e-01] speed=0.0001 ang_speed=0.0022 ang_vel_vec=[ 0.00120875 -0.00180213 -0.00023374] |com_force|=0.0000N
### kotek_magnet[tick=3480] sensor3: d=0.5470m in_range=False f_mag=0.000N tau_mag=0.0000Nm misalign_deg=90.0 pos=[-0.10910751 -0.10914607  0.4914011 ] bottom_world=[-0.10910746 -0.10914594  0.47140111] quat=[-3.8058382e-01 -2.4054275e-06 -2.5204731e-06  9.2474645e-01] speed=0.0005 ang_speed=0.0023 ang_vel_vec=[-0.00108004  0.00194433 -0.00063172] |com_force|=0.0000N
### kotek_magnet[tick=3480] sensor4: d=0.5249m in_range=False f_mag=0.000N tau_mag=0.0000Nm misalign_deg=90.0 pos=[-0.1090004   0.10899873  0.49140227] bottom_world=[-0.10900025  0.10899902  0.47140227] quat=[ 3.8268259e-01 -6.9802218e-07 -8.2156521e-06  9.2387986e-01] speed=0.0006 ang_speed=0.0048 ang_vel_vec=[-0.00174738  0.00440338  0.00057079] |com_force|=0.0000N
### kotek_magnet[tick=3540] sensor1: d=0.4082m in_range=False f_mag=0.000N tau_mag=0.0000Nm misalign_deg=90.0 pos=[0.10880259 0.10900932 0.4914024 ] bottom_world=[0.10880281 0.10900923 0.47140239] quat=[ 9.2484194e-01 -4.1154799e-06 -4.2660308e-06  3.8035184e-01] speed=0.0009 ang_speed=0.0036 ang_vel_vec=[3.6023778e-03 7.4884068e-05 4.9760891e-04] |com_force|=0.0000N
### kotek_magnet[tick=3540] sensor2: d=0.3208m in_range=False f_mag=0.000N tau_mag=0.0000Nm misalign_deg=90.0 pos=[ 0.10902451 -0.10904558  0.49140108] bottom_world=[ 0.10902439 -0.10904568  0.47140108] quat=[ 9.2300051e-01 -3.3601943e-06  1.7602736e-06 -3.8479888e-01] speed=0.0010 ang_speed=0.0017 ang_vel_vec=[0.00079693 0.00084896 0.00120248] |com_force|=0.0000N
### kotek_magnet[tick=3540] sensor3: d=0.5470m in_range=False f_mag=0.000N tau_mag=0.0000Nm misalign_deg=90.0 pos=[-0.10910815 -0.10914578  0.49140102] bottom_world=[-0.10910789 -0.10914589  0.47140102] quat=[-3.8058415e-01 -4.8749857e-06  5.1716470e-06  9.2474633e-01] speed=0.0010 ang_speed=0.0026 ang_vel_vec=[ 0.00192872  0.00147951 -0.00104151] |com_force|=0.0000N
### kotek_magnet[tick=3540] sensor4: d=0.5249m in_range=False f_mag=0.000N tau_mag=0.0000Nm misalign_deg=90.0 pos=[-0.10900036  0.10899953  0.49140224] bottom_world=[-0.10900034  0.10899959  0.47140224] quat=[ 3.8268211e-01  7.2493599e-08 -1.6920810e-06  9.2388004e-01] speed=0.0005 ang_speed=0.0029 ang_vel_vec=[ 0.00212439  0.00173093 -0.00102051] |com_force|=0.0000N
### kotek_magnet[tick=3600] sensor1: d=0.4082m in_range=False f_mag=0.000N tau_mag=0.0000Nm misalign_deg=90.0 pos=[0.10880338 0.10900927 0.49140218] bottom_world=[0.1088034  0.10900935 0.47140218] quat=[ 9.2484176e-01  1.4778930e-06 -1.2316838e-06  3.8035235e-01] speed=0.0002 ang_speed=0.0022 ang_vel_vec=[ 0.00195771  0.00103922 -0.00030913] |com_force|=0.0000N
### kotek_magnet[tick=3600] sensor2: d=0.3208m in_range=False f_mag=0.000N tau_mag=0.0000Nm misalign_deg=90.0 pos=[ 0.10902442 -0.10904672  0.49140096] bottom_world=[ 0.10902452 -0.10904652  0.47140096] quat=[ 9.230007e-01  5.634088e-06 -4.335975e-07 -3.847983e-01] speed=0.0004 ang_speed=0.0025 ang_vel_vec=[-0.0019917   0.00153129 -0.00021132] |com_force|=0.0000N
### kotek_magnet[tick=3600] sensor3: d=0.5470m in_range=False f_mag=0.000N tau_mag=0.0000Nm misalign_deg=90.0 pos=[-0.10910751 -0.10914607  0.49140108] bottom_world=[-0.10910745 -0.10914595  0.47140108] quat=[-3.8058394e-01 -2.6157124e-06 -2.3770376e-06  9.2474639e-01] speed=0.0005 ang_speed=0.0022 ang_vel_vec=[-0.00095536  0.00188219 -0.00068272] |com_force|=0.0000N
### kotek_magnet[tick=3600] sensor4: d=0.5249m in_range=False f_mag=0.000N tau_mag=0.0000Nm misalign_deg=90.0 pos=[-0.10900006  0.1090002   0.4914023 ] bottom_world=[-0.10900028  0.10900006  0.4714023 ] quat=[3.8268197e-01 3.8044172e-06 5.2717046e-06 9.2388010e-01] speed=0.0010 ang_speed=0.0029 ang_vel_vec=[ 0.00201249 -0.00193856 -0.00074442] |com_force|=0.0000N
### kotek_magnet[tick=3660] sensor1: d=0.4082m in_range=False f_mag=0.000N tau_mag=0.0000Nm misalign_deg=90.0 pos=[0.10880256 0.10900904 0.49140245] bottom_world=[0.10880276 0.10900906 0.47140245] quat=[ 9.2484194e-01 -1.4702506e-06 -4.7656267e-06  3.8035172e-01] speed=0.0010 ang_speed=0.0024 ang_vel_vec=[-1.9066664e-03  7.3561961e-05  1.4612712e-03] |com_force|=0.0000N
### kotek_magnet[tick=3660] sensor2: d=0.3208m in_range=False f_mag=0.000N tau_mag=0.0000Nm misalign_deg=90.0 pos=[ 0.10902447 -0.10904567  0.4914012 ] bottom_world=[ 0.10902436 -0.10904575  0.4714012 ] quat=[ 9.2300045e-01 -2.9190708e-06  1.5487894e-06 -3.8479897e-01] speed=0.0010 ang_speed=0.0023 ang_vel_vec=[0.00038545 0.00166957 0.00145983] |com_force|=0.0000N
### kotek_magnet[tick=3660] sensor3: d=0.5470m in_range=False f_mag=0.000N tau_mag=0.0000Nm misalign_deg=90.0 pos=[-0.10910701 -0.10914564  0.49140108] bottom_world=[-0.10910701 -0.10914562  0.47140108] quat=[-3.8058311e-01 -1.5489076e-07 -4.2283531e-07  9.2474681e-01] speed=0.0006 ang_speed=0.0095 ang_vel_vec=[0.00819544 0.00453641 0.00139671] |com_force|=0.0000N
### kotek_magnet[tick=3660] sensor4: d=0.5249m in_range=False f_mag=0.000N tau_mag=0.0000Nm misalign_deg=90.0 pos=[-0.10900008  0.10900013  0.4914024 ] bottom_world=[-0.1090003   0.10899999  0.47140239] quat=[3.8268211e-01 3.7650132e-06 5.2784003e-06 9.2388010e-01] speed=0.0010 ang_speed=0.0024 ang_vel_vec=[ 0.00155759 -0.00163904 -0.00073572] |com_force|=0.0000N
### kotek_magnet[tick=3720] sensor1: d=0.4082m in_range=False f_mag=0.000N tau_mag=0.0000Nm misalign_deg=90.0 pos=[0.10880258 0.10900933 0.4914023 ] bottom_world=[0.10880279 0.10900925 0.4714023 ] quat=[ 9.2484188e-01 -3.9340771e-06 -4.1798676e-06  3.8035181e-01] speed=0.0009 ang_speed=0.0034 ang_vel_vec=[ 3.3192425e-03 -5.7043620e-05  7.6726690e-04] |com_force|=0.0000N
### kotek_magnet[tick=3720] sensor2: d=0.3208m in_range=False f_mag=0.000N tau_mag=0.0000Nm misalign_deg=90.0 pos=[ 0.10902464 -0.1090467   0.49140117] bottom_world=[ 0.10902463 -0.10904653  0.47140117] quat=[ 9.2300087e-01  3.9128540e-06  1.7885196e-06 -3.8479811e-01] speed=0.0004 ang_speed=0.0023 ang_vel_vec=[-0.00221989 -0.00023558 -0.00070221] |com_force|=0.0000N
### kotek_magnet[tick=3720] sensor3: d=0.5470m in_range=False f_mag=0.000N tau_mag=0.0000Nm misalign_deg=90.0 pos=[-0.10910819 -0.10914576  0.49140114] bottom_world=[-0.10910792 -0.1091459   0.47140114] quat=[-3.8058409e-01 -5.1538041e-06  5.8032724e-06  9.2474633e-01] speed=0.0010 ang_speed=0.0030 ang_vel_vec=[ 0.00224872  0.00182627 -0.00078526] |com_force|=0.0000N
### kotek_magnet[tick=3720] sensor4: d=0.5249m in_range=False f_mag=0.000N tau_mag=0.0000Nm misalign_deg=90.0 pos=[-0.10900014  0.1089996   0.49140224] bottom_world=[-0.10900024  0.10899963  0.47140224] quat=[3.8268241e-01 2.4703063e-06 3.5385074e-07 9.2387998e-01] speed=0.0004 ang_speed=0.0032 ang_vel_vec=[ 0.00275161 -0.00159617 -0.00021853] |com_force|=0.0000N
### kotek_magnet[tick=3780] sensor1: d=0.4082m in_range=False f_mag=0.000N tau_mag=0.0000Nm misalign_deg=90.0 pos=[0.10880256 0.10900933 0.49140233] bottom_world=[0.10880277 0.10900926 0.47140233] quat=[ 9.2484194e-01 -3.5745677e-06 -4.2375441e-06  3.8035181e-01] speed=0.0009 ang_speed=0.0030 ang_vel_vec=[ 2.879746e-03 -8.743957e-05  7.350357e-04] |com_force|=0.0000N
### kotek_magnet[tick=3780] sensor2: d=0.3208m in_range=False f_mag=0.000N tau_mag=0.0000Nm misalign_deg=90.0 pos=[ 0.10902464 -0.10904671  0.4914011 ] bottom_world=[ 0.10902463 -0.10904653  0.47140111] quat=[ 9.2300075e-01  4.1180456e-06  1.8639267e-06 -3.8479820e-01] speed=0.0004 ang_speed=0.0024 ang_vel_vec=[-0.00216453 -0.00061998 -0.00074208] |com_force|=0.0000N
### kotek_magnet[tick=3780] sensor3: d=0.5470m in_range=False f_mag=0.000N tau_mag=0.0000Nm misalign_deg=90.0 pos=[-0.1091075  -0.1091461   0.49140108] bottom_world=[-0.10910744 -0.10914597  0.47140108] quat=[-3.8058391e-01 -2.6290977e-06 -2.2429076e-06  9.2474639e-01] speed=0.0005 ang_speed=0.0024 ang_vel_vec=[-0.00056243  0.00216982 -0.00073885] |com_force|=0.0000N
### kotek_magnet[tick=3780] sensor4: d=0.5249m in_range=False f_mag=0.000N tau_mag=0.0000Nm misalign_deg=90.0 pos=[-0.10900036  0.10899954  0.4914024 ] bottom_world=[-0.10900036  0.1089996   0.47140239] quat=[ 3.8268232e-01  5.3367921e-07 -1.2454334e-06  9.2387998e-01] speed=0.0005 ang_speed=0.0027 ang_vel_vec=[ 0.00261759 -0.00012795 -0.00077975] |com_force|=0.0000N
### kotek_magnet[tick=3840] sensor1: d=0.4082m in_range=False f_mag=0.000N tau_mag=0.0000Nm misalign_deg=90.0 pos=[0.10880337 0.10900926 0.49140227] bottom_world=[0.10880339 0.10900932 0.47140227] quat=[ 9.2484176e-01  1.2729984e-06 -1.0628113e-06  3.8035232e-01] speed=0.0001 ang_speed=0.0011 ang_vel_vec=[ 0.0010103  -0.00028519 -0.00045346] |com_force|=0.0000N
### kotek_magnet[tick=3840] sensor2: d=0.3208m in_range=False f_mag=0.000N tau_mag=0.0000Nm misalign_deg=90.0 pos=[ 0.10902464 -0.10904589  0.49140114] bottom_world=[ 0.10902451 -0.10904595  0.47140114] quat=[ 9.2300063e-01 -2.8258696e-06  2.5623667e-06 -3.8479850e-01] speed=0.0007 ang_speed=0.0046 ang_vel_vec=[ 0.00200175 -0.0041429   0.00035995] |com_force|=0.0000N
### kotek_magnet[tick=3840] sensor3: d=0.5470m in_range=False f_mag=0.000N tau_mag=0.0000Nm misalign_deg=90.0 pos=[-0.10910647 -0.10914587  0.49140114] bottom_world=[-0.10910666 -0.10914568  0.47140114] quat=[-3.8058305e-01  2.4481965e-06 -6.1879705e-06  9.2474687e-01] speed=0.0009 ang_speed=0.0035 ang_vel_vec=[0.00318514 0.00053431 0.00132954] |com_force|=0.0000N
### kotek_magnet[tick=3840] sensor4: d=0.5249m in_range=False f_mag=0.000N tau_mag=0.0000Nm misalign_deg=90.0 pos=[-0.10900037  0.10899951  0.4914023 ] bottom_world=[-0.10900035  0.10899957  0.4714023 ] quat=[ 3.8268217e-01  5.5503023e-08 -1.5138087e-06  9.2388016e-01] speed=0.0005 ang_speed=0.0026 ang_vel_vec=[ 0.00194764  0.00145044 -0.00091563] |com_force|=0.0000N
### kotek_magnet[tick=3900] sensor1: d=0.4082m in_range=False f_mag=0.000N tau_mag=0.0000Nm misalign_deg=90.0 pos=[0.10880282 0.10900926 0.49140242] bottom_world=[0.10880299 0.10900924 0.47140242] quat=[ 9.248418e-01 -2.120270e-06 -3.726907e-06  3.803521e-01] speed=0.0007 ang_speed=0.0041 ang_vel_vec=[0.0037757  0.00162282 0.00023913] |com_force|=0.0000N
### kotek_magnet[tick=3900] sensor2: d=0.3208m in_range=False f_mag=0.000N tau_mag=0.0000Nm misalign_deg=90.0 pos=[ 0.10902449 -0.10904564  0.4914012 ] bottom_world=[ 0.10902439 -0.10904572  0.4714012 ] quat=[ 9.2300045e-01 -2.8424820e-06  1.4166521e-06 -3.8479888e-01] speed=0.0010 ang_speed=0.0024 ang_vel_vec=[1.9310733e-05 2.1684540e-03 1.1074389e-03] |com_force|=0.0000N
### kotek_magnet[tick=3900] sensor3: d=0.5470m in_range=False f_mag=0.000N tau_mag=0.0000Nm misalign_deg=90.0 pos=[-0.10910816 -0.10914579  0.4914012 ] bottom_world=[-0.10910789 -0.10914591  0.4714012 ] quat=[-3.8058397e-01 -4.9595251e-06  5.2618652e-06  9.2474639e-01] speed=0.0010 ang_speed=0.0028 ang_vel_vec=[ 0.00196551  0.00171809 -0.00112159] |com_force|=0.0000N
### kotek_magnet[tick=3900] sensor4: d=0.5249m in_range=False f_mag=0.000N tau_mag=0.0000Nm misalign_deg=90.0 pos=[-0.1090001   0.10900015  0.49140236] bottom_world=[-0.10900032  0.10900001  0.47140236] quat=[3.8268206e-01 3.6760252e-06 5.4171182e-06 9.2388022e-01] speed=0.0010 ang_speed=0.0026 ang_vel_vec=[ 0.00166317 -0.00173602 -0.00111044] |com_force|=0.0000N
### kotek_magnet[tick=3960] sensor1: d=0.4082m in_range=False f_mag=0.000N tau_mag=0.0000Nm misalign_deg=90.0 pos=[0.10880257 0.10900936 0.4914023 ] bottom_world=[0.10880279 0.10900927 0.4714023 ] quat=[ 9.2484188e-01 -3.9357706e-06 -4.1943986e-06  3.8035199e-01] speed=0.0009 ang_speed=0.0034 ang_vel_vec=[ 0.00329316 -0.00010084  0.0006891 ] |com_force|=0.0000N
### kotek_magnet[tick=3960] sensor2: d=0.3208m in_range=False f_mag=0.000N tau_mag=0.0000Nm misalign_deg=90.0 pos=[ 0.10902436 -0.10904735  0.49140114] bottom_world=[ 0.1090246  -0.10904697  0.47140114] quat=[ 9.23000932e-01  1.08872355e-05 -1.80794405e-06 -3.84797812e-01] speed=0.0010 ang_speed=0.0028 ang_vel_vec=[-0.00160364  0.00211232 -0.0008738 ] |com_force|=0.0000N
### kotek_magnet[tick=3960] sensor3: d=0.5470m in_range=False f_mag=0.000N tau_mag=0.0000Nm misalign_deg=90.0 pos=[-0.10910669 -0.10914607  0.49140108] bottom_world=[-0.10910686 -0.10914582  0.47140108] quat=[-3.8058338e-01  1.5266949e-06 -7.2418907e-06  9.2474663e-01] speed=0.0006 ang_speed=0.0036 ang_vel_vec=[-0.0032451  -0.00150261  0.00045712] |com_force|=0.0000N
### kotek_magnet[tick=3960] sensor4: d=0.5249m in_range=False f_mag=0.000N tau_mag=0.0000Nm misalign_deg=90.0 pos=[-0.1090001   0.10900018  0.49140233] bottom_world=[-0.10900033  0.10900003  0.47140233] quat=[3.8268197e-01 3.7564657e-06 5.6601439e-06 9.2388022e-01] speed=0.0010 ang_speed=0.0028 ang_vel_vec=[ 0.00196527 -0.001778   -0.00085067] |com_force|=0.0000N
### kotek_magnet[tick=4020] sensor1: d=0.4082m in_range=False f_mag=0.000N tau_mag=0.0000Nm misalign_deg=90.0 pos=[0.1088043  0.10900898 0.49140242] bottom_world=[0.10880403 0.10900933 0.47140242] quat=[9.24841523e-01 1.06456655e-05 2.84936573e-06 3.80352706e-01] speed=0.0010 ang_speed=0.0028 ang_vel_vec=[-0.00187212 -0.00184492 -0.0008355 ] |com_force|=0.0000N
### kotek_magnet[tick=4020] sensor2: d=0.3208m in_range=False f_mag=0.000N tau_mag=0.0000Nm misalign_deg=90.0 pos=[ 0.10902432 -0.10904733  0.49140108] bottom_world=[ 0.10902455 -0.10904695  0.47140108] quat=[ 9.2300087e-01  1.1009045e-05 -1.6469817e-06 -3.8479802e-01] speed=0.0010 ang_speed=0.0025 ang_vel_vec=[-0.00150483  0.00180699 -0.00079191] |com_force|=0.0000N
### kotek_magnet[tick=4020] sensor3: d=0.5470m in_range=False f_mag=0.000N tau_mag=0.0000Nm misalign_deg=90.0 pos=[-0.10910644 -0.10914589  0.49140114] bottom_world=[-0.10910663 -0.10914568  0.47140114] quat=[-3.8058302e-01  2.3718605e-06 -6.4502774e-06  9.2474681e-01] speed=0.0010 ang_speed=0.0027 ang_vel_vec=[2.2731833e-03 6.6466360e-05 1.5106146e-03] |com_force|=0.0000N
### kotek_magnet[tick=4020] sensor4: d=0.5249m in_range=False f_mag=0.000N tau_mag=0.0000Nm misalign_deg=90.0 pos=[-0.10900006  0.10900016  0.49140233] bottom_world=[-0.10900029  0.10900002  0.47140233] quat=[3.8268220e-01 3.8717112e-06 5.4262914e-06 9.2388016e-01] speed=0.0010 ang_speed=0.0028 ang_vel_vec=[ 0.00195571 -0.00186269 -0.00073177] |com_force|=0.0000N
### kotek_magnet[tick=4080] sensor1: d=0.4082m in_range=False f_mag=0.000N tau_mag=0.0000Nm misalign_deg=90.0 pos=[0.1088043  0.10900895 0.4914023 ] bottom_world=[0.10880404 0.1090093  0.4714023 ] quat=[9.2484158e-01 1.0428250e-05 2.8357040e-06 3.8035268e-01] speed=0.0010 ang_speed=0.0025 ang_vel_vec=[-0.00174967 -0.00162181 -0.00081096] |com_force|=0.0000N
### kotek_magnet[tick=4080] sensor2: d=0.3208m in_range=False f_mag=0.000N tau_mag=0.0000Nm misalign_deg=90.0 pos=[ 0.10902432 -0.10904738  0.49140114] bottom_world=[ 0.10902456 -0.10904699  0.47140114] quat=[ 9.2300087e-01  1.1315653e-05 -1.8695830e-06 -3.8479787e-01] speed=0.0010 ang_speed=0.0030 ang_vel_vec=[-0.00195369  0.00218238 -0.00078604] |com_force|=0.0000N
### kotek_magnet[tick=4080] sensor3: d=0.5470m in_range=False f_mag=0.000N tau_mag=0.0000Nm misalign_deg=90.0 pos=[-0.10910822 -0.10914574  0.49140117] bottom_world=[-0.10910795 -0.10914587  0.47140117] quat=[-3.8058403e-01 -5.1185511e-06  5.6044682e-06  9.2474639e-01] speed=0.0010 ang_speed=0.0028 ang_vel_vec=[ 0.00205227  0.00180482 -0.00078974] |com_force|=0.0000N
### kotek_magnet[tick=4080] sensor4: d=0.5249m in_range=False f_mag=0.000N tau_mag=0.0000Nm misalign_deg=90.0 pos=[-0.10900007  0.10900015  0.49140233] bottom_world=[-0.10900029  0.10900001  0.47140233] quat=[3.8268217e-01 3.7406508e-06 5.4838160e-06 9.2388016e-01] speed=0.0010 ang_speed=0.0024 ang_vel_vec=[ 0.00164659 -0.00160541 -0.00072079] |com_force|=0.0000N
### kotek_magnet[tick=4140] sensor1: d=0.4082m in_range=False f_mag=0.000N tau_mag=0.0000Nm misalign_deg=90.0 pos=[0.10880256 0.10900906 0.49140236] bottom_world=[0.10880276 0.10900907 0.47140236] quat=[ 9.2484194e-01 -1.5449737e-06 -4.7005601e-06  3.8035169e-01] speed=0.0010 ang_speed=0.0023 ang_vel_vec=[-1.8725946e-03  7.4670228e-05  1.3266674e-03] |com_force|=0.0000N
### kotek_magnet[tick=4140] sensor2: d=0.3208m in_range=False f_mag=0.000N tau_mag=0.0000Nm misalign_deg=90.0 pos=[ 0.10902466 -0.10904592  0.4914011 ] bottom_world=[ 0.10902452 -0.10904598  0.47140111] quat=[ 9.2300057e-01 -2.8960508e-06  2.6289179e-06 -3.8479850e-01] speed=0.0006 ang_speed=0.0046 ang_vel_vec=[ 0.00199907 -0.00412801  0.0004126 ] |com_force|=0.0000N
### kotek_magnet[tick=4140] sensor3: d=0.5470m in_range=False f_mag=0.000N tau_mag=0.0000Nm misalign_deg=90.0 pos=[-0.10910671 -0.10914608  0.49140108] bottom_world=[-0.10910689 -0.10914583  0.47140108] quat=[-3.8058338e-01  1.5973848e-06 -7.5037037e-06  9.2474663e-01] speed=0.0006 ang_speed=0.0041 ang_vel_vec=[-0.00371187 -0.0016315   0.00042801] |com_force|=0.0000N
### kotek_magnet[tick=4140] sensor4: d=0.5249m in_range=False f_mag=0.000N tau_mag=0.0000Nm misalign_deg=90.0 pos=[-0.10900035  0.10899954  0.49140242] bottom_world=[-0.10900033  0.1089996   0.47140242] quat=[ 3.8268217e-01  1.2686975e-07 -1.5842918e-06  9.2388004e-01] speed=0.0005 ang_speed=0.0026 ang_vel_vec=[ 0.00196235  0.0014622  -0.00085934] |com_force|=0.0000N
### kotek_magnet[tick=4200] sensor1: d=0.4082m in_range=False f_mag=0.000N tau_mag=0.0000Nm misalign_deg=90.0 pos=[0.10880331 0.10900911 0.49140227] bottom_world=[0.10880332 0.10900925 0.47140227] quat=[ 9.2484170e-01  3.1298355e-06 -1.6467014e-06  3.8035217e-01] speed=0.0002 ang_speed=0.0011 ang_vel_vec=[-0.00107565  0.00023181  0.00015123] |com_force|=0.0000N
### kotek_magnet[tick=4200] sensor2: d=0.3208m in_range=False f_mag=0.000N tau_mag=0.0000Nm misalign_deg=90.0 pos=[ 0.10902462 -0.10904668  0.49140108] bottom_world=[ 0.10902461 -0.10904651  0.47140108] quat=[ 9.2300075e-01  3.8725898e-06  1.8569688e-06 -3.8479808e-01] speed=0.0004 ang_speed=0.0024 ang_vel_vec=[-0.00213237 -0.00078162 -0.00078145] |com_force|=0.0000N
### kotek_magnet[tick=4200] sensor3: d=0.5470m in_range=False f_mag=0.000N tau_mag=0.0000Nm misalign_deg=90.0 pos=[-0.10910817 -0.10914578  0.49140117] bottom_world=[-0.10910791 -0.1091459   0.47140117] quat=[-3.8058409e-01 -4.9240462e-06  5.2330324e-06  9.2474639e-01] speed=0.0010 ang_speed=0.0027 ang_vel_vec=[ 0.00193348  0.00160881 -0.00083998] |com_force|=0.0000N
### kotek_magnet[tick=4200] sensor4: d=0.5249m in_range=False f_mag=0.000N tau_mag=0.0000Nm misalign_deg=90.0 pos=[-0.10900004  0.10900018  0.4914023 ] bottom_world=[-0.10900027  0.10900004  0.4714023 ] quat=[3.8268220e-01 3.7800614e-06 5.5431756e-06 9.2388016e-01] speed=0.0010 ang_speed=0.0026 ang_vel_vec=[ 0.00171806 -0.00171037 -0.00083002] |com_force|=0.0000N
### kotek_magnet[tick=4260] sensor1: d=0.4082m in_range=False f_mag=0.000N tau_mag=0.0000Nm misalign_deg=90.0 pos=[0.10880281 0.10900927 0.49140233] bottom_world=[0.10880299 0.10900925 0.47140233] quat=[ 9.2484182e-01 -2.2418085e-06 -3.8583084e-06  3.8035196e-01] speed=0.0006 ang_speed=0.0044 ang_vel_vec=[0.00399773 0.001777   0.00055317] |com_force|=0.0000N
### kotek_magnet[tick=4260] sensor2: d=0.3208m in_range=False f_mag=0.000N tau_mag=0.0000Nm misalign_deg=90.0 pos=[ 0.10902444 -0.10904638  0.4914011 ] bottom_world=[ 0.1090245  -0.10904624  0.47140111] quat=[ 9.2300069e-01  3.8798257e-06  3.0488479e-08 -3.8479841e-01] speed=0.0002 ang_speed=0.0029 ang_vel_vec=[-0.00145564  0.00250141  0.00021302] |com_force|=0.0000N
### kotek_magnet[tick=4260] sensor3: d=0.5470m in_range=False f_mag=0.000N tau_mag=0.0000Nm misalign_deg=90.0 pos=[-0.10910701 -0.10914563  0.49140105] bottom_world=[-0.10910701 -0.10914561  0.47140105] quat=[-3.8058317e-01 -1.7541255e-07 -3.6137288e-07  9.2474669e-01] speed=0.0006 ang_speed=0.0095 ang_vel_vec=[0.00820001 0.00458061 0.00132923] |com_force|=0.0000N
### kotek_magnet[tick=4260] sensor4: d=0.5249m in_range=False f_mag=0.000N tau_mag=0.0000Nm misalign_deg=90.0 pos=[-0.10900007  0.1090002   0.49140233] bottom_world=[-0.1090003   0.10900006  0.47140233] quat=[3.8268214e-01 3.8362214e-06 5.4228190e-06 9.2388016e-01] speed=0.0010 ang_speed=0.0027 ang_vel_vec=[ 0.00180818 -0.00189147 -0.00079011] |com_force|=0.0000N
### kotek_magnet[tick=4320] sensor1: d=0.4082m in_range=False f_mag=0.000N tau_mag=0.0000Nm misalign_deg=90.0 pos=[0.10880284 0.10900924 0.49140245] bottom_world=[0.10880301 0.10900922 0.47140245] quat=[ 9.2484182e-01 -2.2101281e-06 -3.8027833e-06  3.8035205e-01] speed=0.0006 ang_speed=0.0041 ang_vel_vec=[0.00374602 0.00165294 0.00039914] |com_force|=0.0000N
### kotek_magnet[tick=4320] sensor2: d=0.3208m in_range=False f_mag=0.000N tau_mag=0.0000Nm misalign_deg=90.0 pos=[ 0.10902466 -0.10904672  0.4914011 ] bottom_world=[ 0.10902464 -0.10904656  0.47140111] quat=[ 9.2300081e-01  3.5988091e-06  1.9598226e-06 -3.8479808e-01] speed=0.0004 ang_speed=0.0026 ang_vel_vec=[-0.0022343  -0.00086483 -0.00089626] |com_force|=0.0000N
### kotek_magnet[tick=4320] sensor3: d=0.5470m in_range=False f_mag=0.000N tau_mag=0.0000Nm misalign_deg=90.0 pos=[-0.10910729 -0.10914582  0.49140114] bottom_world=[-0.10910726 -0.10914579  0.47140114] quat=[-3.8058335e-01 -8.2129219e-07 -6.0878165e-07  9.2474669e-01] speed=0.0003 ang_speed=0.0058 ang_vel_vec=[0.00515764 0.00267399 0.00022167] |com_force|=0.0000N
### kotek_magnet[tick=4320] sensor4: d=0.5249m in_range=False f_mag=0.000N tau_mag=0.0000Nm misalign_deg=90.0 pos=[-0.1090001   0.10900017  0.4914023 ] bottom_world=[-0.10900032  0.10900003  0.4714023 ] quat=[3.8268203e-01 3.7117486e-06 5.3951030e-06 9.2388016e-01] speed=0.0010 ang_speed=0.0025 ang_vel_vec=[ 0.00156209 -0.00165347 -0.00094633] |com_force|=0.0000N
### kotek_magnet[tick=4380] sensor1: d=0.4082m in_range=False f_mag=0.000N tau_mag=0.0000Nm misalign_deg=90.0 pos=[0.10880256 0.10900933 0.49140242] bottom_world=[0.10880278 0.10900924 0.47140242] quat=[ 9.2484194e-01 -3.9832744e-06 -4.3125065e-06  3.8035193e-01] speed=0.0009 ang_speed=0.0037 ang_vel_vec=[0.00352957 0.00018156 0.00094164] |com_force|=0.0000N
### kotek_magnet[tick=4380] sensor2: d=0.3208m in_range=False f_mag=0.000N tau_mag=0.0000Nm misalign_deg=90.0 pos=[ 0.10902464 -0.10904668  0.4914011 ] bottom_world=[ 0.10902462 -0.10904652  0.47140111] quat=[ 9.2300081e-01  3.6329743e-06  2.0668349e-06 -3.8479805e-01] speed=0.0004 ang_speed=0.0024 ang_vel_vec=[-0.00169255 -0.00153517 -0.00055512] |com_force|=0.0000N
### kotek_magnet[tick=4380] sensor3: d=0.5470m in_range=False f_mag=0.000N tau_mag=0.0000Nm misalign_deg=90.0 pos=[-0.10910641 -0.10914611  0.49140108] bottom_world=[-0.10910663 -0.1091458   0.47140108] quat=[-3.8058320e-01  1.9677000e-06 -9.1206593e-06  9.2474675e-01] speed=0.0008 ang_speed=0.0026 ang_vel_vec=[-0.00237615  0.0006028   0.00091778] |com_force|=0.0000N
### kotek_magnet[tick=4380] sensor4: d=0.5249m in_range=False f_mag=0.000N tau_mag=0.0000Nm misalign_deg=90.0 pos=[-0.10900007  0.10900019  0.49140227] bottom_world=[-0.10900029  0.10900005  0.47140227] quat=[3.8268211e-01 3.7848254e-06 5.4194711e-06 9.2388016e-01] speed=0.0010 ang_speed=0.0025 ang_vel_vec=[ 0.00172414 -0.00169587 -0.00061573] |com_force|=0.0000N
### kotek_magnet[tick=4440] sensor1: d=0.4082m in_range=False f_mag=0.000N tau_mag=0.0000Nm misalign_deg=90.0 pos=[0.1088029  0.10900892 0.49140233] bottom_world=[0.10880295 0.10900912 0.47140233] quat=[ 9.2484188e-01  4.1371522e-06 -2.9723265e-06  3.8035199e-01] speed=0.0007 ang_speed=0.0057 ang_vel_vec=[-0.00493206 -0.00277276  0.00098407] |com_force|=0.0000N
### kotek_magnet[tick=4440] sensor2: d=0.3208m in_range=False f_mag=0.000N tau_mag=0.0000Nm misalign_deg=90.0 pos=[ 0.10902446 -0.10904565  0.49140114] bottom_world=[ 0.10902436 -0.10904574  0.47140114] quat=[ 9.2300045e-01 -2.9077823e-06  1.4762263e-06 -3.8479897e-01] speed=0.0010 ang_speed=0.0024 ang_vel_vec=[0.00020993 0.00186454 0.00142272] |com_force|=0.0000N
### kotek_magnet[tick=4440] sensor3: d=0.5470m in_range=False f_mag=0.000N tau_mag=0.0000Nm misalign_deg=90.0 pos=[-0.10910646 -0.1091459   0.49140114] bottom_world=[-0.10910664 -0.10914571  0.47140114] quat=[-3.8058296e-01  2.3869022e-06 -6.3060475e-06  9.2474687e-01] speed=0.0009 ang_speed=0.0028 ang_vel_vec=[0.00236959 0.00018771 0.0014901 ] |com_force|=0.0000N
### kotek_magnet[tick=4440] sensor4: d=0.5249m in_range=False f_mag=0.000N tau_mag=0.0000Nm misalign_deg=90.0 pos=[-0.10900022  0.10899847  0.4914024 ] bottom_world=[-0.10900011  0.10899878  0.47140239] quat=[ 3.8268310e-01  5.2597517e-07 -8.1883290e-06  9.2387980e-01] speed=0.0009 ang_speed=0.0019 ang_vel_vec=[-0.00049835 -0.00125239  0.00132676] |com_force|=0.0000N
### kotek_magnet[tick=4500] sensor1: d=0.4082m in_range=False f_mag=0.000N tau_mag=0.0000Nm misalign_deg=90.0 pos=[0.10880259 0.10900908 0.4914023 ] bottom_world=[0.10880279 0.10900908 0.4714023 ] quat=[ 9.2484200e-01 -1.8366471e-06 -4.6663472e-06  3.8035166e-01] speed=0.0010 ang_speed=0.0016 ang_vel_vec=[-0.00072462  0.00042993  0.00138345] |com_force|=0.0000N
### kotek_magnet[tick=4500] sensor2: d=0.3208m in_range=False f_mag=0.000N tau_mag=0.0000Nm misalign_deg=90.0 pos=[ 0.10902428 -0.10904726  0.4914012 ] bottom_world=[ 0.10902453 -0.1090469   0.4714012 ] quat=[ 9.2300075e-01  1.0765409e-05 -2.3467437e-06 -3.8479811e-01] speed=0.0009 ang_speed=0.0044 ang_vel_vec=[-0.0028936   0.00325031 -0.00054974] |com_force|=0.0000N
### kotek_magnet[tick=4500] sensor3: d=0.5470m in_range=False f_mag=0.000N tau_mag=0.0000Nm misalign_deg=90.0 pos=[-0.10910701 -0.10914565  0.4914011 ] bottom_world=[-0.10910702 -0.10914563  0.47140111] quat=[-3.8058317e-01  3.5427725e-08 -4.2232747e-07  9.2474669e-01] speed=0.0006 ang_speed=0.0096 ang_vel_vec=[0.00843129 0.00441618 0.00126157] |com_force|=0.0000N
### kotek_magnet[tick=4500] sensor4: d=0.5249m in_range=False f_mag=0.000N tau_mag=0.0000Nm misalign_deg=90.0 pos=[-0.10900007  0.10900016  0.49140245] bottom_world=[-0.10900028  0.10900002  0.47140245] quat=[3.8268217e-01 3.3854751e-06 5.2678679e-06 9.2388010e-01] speed=0.0010 ang_speed=0.0023 ang_vel_vec=[ 0.00175477 -0.00125394 -0.00081631] |com_force|=0.0000N
### kotek_magnet[tick=4560] sensor1: d=0.4082m in_range=False f_mag=0.000N tau_mag=0.0000Nm misalign_deg=90.0 pos=[0.10880382 0.10900922 0.4914023 ] bottom_world=[0.10880372 0.10900935 0.4714023 ] quat=[9.2484164e-01 3.9843076e-06 9.1871402e-07 3.8035259e-01] speed=0.0006 ang_speed=0.0028 ang_vel_vec=[-0.00044319 -0.00263774 -0.00089143] |com_force|=0.0000N
### kotek_magnet[tick=4560] sensor2: d=0.3208m in_range=False f_mag=0.000N tau_mag=0.0000Nm misalign_deg=90.0 pos=[ 0.10902465 -0.10904671  0.4914012 ] bottom_world=[ 0.10902464 -0.10904654  0.4714012 ] quat=[ 9.2300081e-01  3.9167567e-06  2.0346795e-06 -3.8479814e-01] speed=0.0004 ang_speed=0.0024 ang_vel_vec=[-0.00186941 -0.00138501 -0.00072076] |com_force|=0.0000N
### kotek_magnet[tick=4560] sensor3: d=0.5470m in_range=False f_mag=0.000N tau_mag=0.0000Nm misalign_deg=90.0 pos=[-0.10910671 -0.10914609  0.49140123] bottom_world=[-0.10910688 -0.10914584  0.47140123] quat=[-3.8058335e-01  1.4941777e-06 -7.3976707e-06  9.2474663e-01] speed=0.0006 ang_speed=0.0040 ang_vel_vec=[-0.00362051 -0.00151478  0.0005451 ] |com_force|=0.0000N
### kotek_magnet[tick=4560] sensor4: d=0.5249m in_range=False f_mag=0.000N tau_mag=0.0000Nm misalign_deg=90.0 pos=[-0.10900006  0.10900015  0.49140242] bottom_world=[-0.10900029  0.10900001  0.47140242] quat=[3.8268211e-01 3.9127854e-06 5.5433652e-06 9.2388016e-01] speed=0.0010 ang_speed=0.0027 ang_vel_vec=[ 0.00185767 -0.00181082 -0.0007562 ] |com_force|=0.0000N
### kotek_magnet[tick=4620] sensor1: d=0.4082m in_range=False f_mag=0.000N tau_mag=0.0000Nm misalign_deg=90.0 pos=[0.10880379 0.10900924 0.49140236] bottom_world=[0.1088037  0.10900936 0.47140236] quat=[9.2484158e-01 3.5721152e-06 1.1456184e-06 3.8035259e-01] speed=0.0006 ang_speed=0.0026 ang_vel_vec=[ 0.00140467 -0.00198876 -0.00086997] |com_force|=0.0000N
### kotek_magnet[tick=4620] sensor2: d=0.3208m in_range=False f_mag=0.000N tau_mag=0.0000Nm misalign_deg=90.0 pos=[ 0.10902462 -0.10904671  0.49140114] bottom_world=[ 0.10902462 -0.10904654  0.47140114] quat=[ 9.2300087e-01  3.7122059e-06  1.6611156e-06 -3.8479808e-01] speed=0.0004 ang_speed=0.0025 ang_vel_vec=[-0.00242717  0.00026119 -0.00070044] |com_force|=0.0000N
### kotek_magnet[tick=4620] sensor3: d=0.5470m in_range=False f_mag=0.000N tau_mag=0.0000Nm misalign_deg=90.0 pos=[-0.10910645 -0.10914586  0.4914011 ] bottom_world=[-0.10910664 -0.10914567  0.47140111] quat=[-3.8058299e-01  2.5080376e-06 -6.2073191e-06  9.2474681e-01] speed=0.0009 ang_speed=0.0033 ang_vel_vec=[0.00291772 0.00037954 0.00151069] |com_force|=0.0000N
### kotek_magnet[tick=4620] sensor4: d=0.5249m in_range=False f_mag=0.000N tau_mag=0.0000Nm misalign_deg=90.0 pos=[-0.10900036  0.10899955  0.4914022 ] bottom_world=[-0.10900033  0.1089996   0.47140221] quat=[ 3.8268211e-01 -4.2160480e-08 -1.4376067e-06  9.2388004e-01] speed=0.0005 ang_speed=0.0028 ang_vel_vec=[ 0.00208596  0.00167016 -0.00072814] |com_force|=0.0000N
### kotek_magnet[tick=4680] sensor1: d=0.4082m in_range=False f_mag=0.000N tau_mag=0.0000Nm misalign_deg=90.0 pos=[0.1088043  0.10900898 0.49140236] bottom_world=[0.10880403 0.10900932 0.47140236] quat=[9.2484152e-01 1.0562416e-05 2.9961650e-06 3.8035280e-01] speed=0.0010 ang_speed=0.0030 ang_vel_vec=[-0.0019782  -0.0019072  -0.00110513] |com_force|=0.0000N
### kotek_magnet[tick=4680] sensor2: d=0.3208m in_range=False f_mag=0.000N tau_mag=0.0000Nm misalign_deg=90.0 pos=[ 0.10902465 -0.10904671  0.4914011 ] bottom_world=[ 0.10902464 -0.10904654  0.47140111] quat=[ 9.2300081e-01  3.7599357e-06  1.8469893e-06 -3.8479811e-01] speed=0.0004 ang_speed=0.0026 ang_vel_vec=[-0.00239845 -0.00030392 -0.00095778] |com_force|=0.0000N
### kotek_magnet[tick=4680] sensor3: d=0.5470m in_range=False f_mag=0.000N tau_mag=0.0000Nm misalign_deg=90.0 pos=[-0.10910752 -0.10914607  0.4914012 ] bottom_world=[-0.10910746 -0.10914596  0.4714012 ] quat=[-3.8058403e-01 -2.4642968e-06 -2.1612211e-06  9.2474645e-01] speed=0.0005 ang_speed=0.0026 ang_vel_vec=[-0.00012343  0.00245652 -0.00095321] |com_force|=0.0000N
### kotek_magnet[tick=4680] sensor4: d=0.5249m in_range=False f_mag=0.000N tau_mag=0.0000Nm misalign_deg=90.0 pos=[-0.10900037  0.10899953  0.49140236] bottom_world=[-0.10900036  0.10899958  0.47140236] quat=[ 3.8268223e-01  1.8111680e-07 -1.3448480e-06  9.2388004e-01] speed=0.0005 ang_speed=0.0027 ang_vel_vec=[ 0.00210289  0.00128821 -0.00099398] |com_force|=0.0000N
### kotek_magnet[tick=4740] sensor1: d=0.4082m in_range=False f_mag=0.000N tau_mag=0.0000Nm misalign_deg=90.0 pos=[0.10880255 0.10900909 0.49140227] bottom_world=[0.10880275 0.1090091  0.47140227] quat=[ 9.2484200e-01 -1.4930928e-06 -4.7232929e-06  3.8035160e-01] speed=0.0010 ang_speed=0.0024 ang_vel_vec=[-0.00193166  0.00012225  0.00146895] |com_force|=0.0000N
### kotek_magnet[tick=4740] sensor2: d=0.3208m in_range=False f_mag=0.000N tau_mag=0.0000Nm misalign_deg=90.0 pos=[ 0.10902444 -0.10904641  0.49140105] bottom_world=[ 0.1090245  -0.10904627  0.47140105] quat=[ 9.2300069e-01  3.7199875e-06  6.9896117e-08 -3.8479841e-01] speed=0.0002 ang_speed=0.0027 ang_vel_vec=[-0.00133429  0.0023829   0.00027602] |com_force|=0.0000N
### kotek_magnet[tick=4740] sensor3: d=0.5470m in_range=False f_mag=0.000N tau_mag=0.0000Nm misalign_deg=90.0 pos=[-0.10910721 -0.10914586  0.49140108] bottom_world=[-0.10910717 -0.10914581  0.47140108] quat=[-3.8058349e-01 -1.3418493e-06 -8.7741887e-07  9.2474663e-01] speed=0.0002 ang_speed=0.0029 ang_vel_vec=[0.00239115 0.00157272 0.00029799] |com_force|=0.0000N
### kotek_magnet[tick=4740] sensor4: d=0.5249m in_range=False f_mag=0.000N tau_mag=0.0000Nm misalign_deg=90.0 pos=[-0.10900036  0.10899955  0.4914023 ] bottom_world=[-0.10900035  0.10899961  0.4714023 ] quat=[ 3.8268223e-01  1.9913838e-07 -1.5536234e-06  9.2388010e-01] speed=0.0005 ang_speed=0.0024 ang_vel_vec=[ 0.0018409   0.00136831 -0.00072656] |com_force|=0.0000N
### kotek_magnet[tick=4800] sensor1: d=0.4082m in_range=False f_mag=0.000N tau_mag=0.0000Nm misalign_deg=90.0 pos=[0.10880256 0.10900929 0.49140236] bottom_world=[0.10880277 0.10900922 0.47140236] quat=[ 9.2484194e-01 -3.6059141e-06 -4.1820222e-06  3.8035181e-01] speed=0.0009 ang_speed=0.0032 ang_vel_vec=[ 0.00316607 -0.00013032  0.00066592] |com_force|=0.0000N
### kotek_magnet[tick=4800] sensor2: d=0.3208m in_range=False f_mag=0.000N tau_mag=0.0000Nm misalign_deg=90.0 pos=[ 0.10902465 -0.10904592  0.49140117] bottom_world=[ 0.10902452 -0.10904597  0.47140117] quat=[ 9.2300057e-01 -2.5651277e-06  2.5181316e-06 -3.8479856e-01] speed=0.0007 ang_speed=0.0040 ang_vel_vec=[ 0.00182242 -0.00354338  0.00041397] |com_force|=0.0000N
### kotek_magnet[tick=4800] sensor3: d=0.5470m in_range=False f_mag=0.000N tau_mag=0.0000Nm misalign_deg=90.0 pos=[-0.1091067  -0.10914608  0.4914012 ] bottom_world=[-0.10910687 -0.10914584  0.4714012 ] quat=[-3.8058326e-01  1.4398848e-06 -7.1913528e-06  9.2474663e-01] speed=0.0006 ang_speed=0.0035 ang_vel_vec=[-0.00313683 -0.00137326  0.00042845] |com_force|=0.0000N
### kotek_magnet[tick=4800] sensor4: d=0.5249m in_range=False f_mag=0.000N tau_mag=0.0000Nm misalign_deg=90.0 pos=[-0.10900006  0.10900016  0.49140245] bottom_world=[-0.10900029  0.10900001  0.47140245] quat=[3.8268209e-01 3.8745093e-06 5.6537215e-06 9.2388016e-01] speed=0.0010 ang_speed=0.0031 ang_vel_vec=[ 0.00217878 -0.002026   -0.00086411] |com_force|=0.0000N
### kotek_magnet[tick=4860] sensor1: d=0.4082m in_range=False f_mag=0.000N tau_mag=0.0000Nm misalign_deg=90.0 pos=[0.10880259 0.10900907 0.49140245] bottom_world=[0.10880278 0.10900909 0.47140245] quat=[ 9.2484194e-01 -1.5197339e-06 -4.6187697e-06  3.8035175e-01] speed=0.0010 ang_speed=0.0021 ang_vel_vec=[-0.00131223  0.00029583  0.00158878] |com_force|=0.0000N
### kotek_magnet[tick=4860] sensor2: d=0.3208m in_range=False f_mag=0.000N tau_mag=0.0000Nm misalign_deg=90.0 pos=[ 0.10902464 -0.10904587  0.49140117] bottom_world=[ 0.1090245  -0.10904594  0.47140117] quat=[ 9.2300069e-01 -2.9154944e-06  2.5734585e-06 -3.8479850e-01] speed=0.0006 ang_speed=0.0048 ang_vel_vec=[ 0.00222741 -0.00423382  0.00068661] |com_force|=0.0000N
### kotek_magnet[tick=4860] sensor3: d=0.5470m in_range=False f_mag=0.000N tau_mag=0.0000Nm misalign_deg=90.0 pos=[-0.10910644 -0.10914613  0.49140102] bottom_world=[-0.10910664 -0.10914584  0.47140102] quat=[-3.8058320e-01  1.9786519e-06 -8.7971775e-06  9.2474675e-01] speed=0.0008 ang_speed=0.0024 ang_vel_vec=[-0.00220351  0.00047386  0.00094126] |com_force|=0.0000N
### kotek_magnet[tick=4860] sensor4: d=0.5249m in_range=False f_mag=0.000N tau_mag=0.0000Nm misalign_deg=90.0 pos=[-0.10900033  0.10899957  0.4914023 ] bottom_world=[-0.1090003   0.10899962  0.4714023 ] quat=[ 3.8268220e-01  3.1683523e-08 -1.4304474e-06  9.2388004e-01] speed=0.0005 ang_speed=0.0026 ang_vel_vec=[ 0.00193385  0.00165475 -0.00058774] |com_force|=0.0000N
### kotek_magnet[tick=4920] sensor1: d=0.4082m in_range=False f_mag=0.000N tau_mag=0.0000Nm misalign_deg=90.0 pos=[0.10880341 0.10900927 0.49140224] bottom_world=[0.10880342 0.10900936 0.47140224] quat=[ 9.2484164e-01  1.8665636e-06 -1.1525569e-06  3.8035235e-01] speed=0.0002 ang_speed=0.0009 ang_vel_vec=[ 7.8463519e-04 -5.0829029e-05 -3.4351772e-04] |com_force|=0.0000N
### kotek_magnet[tick=4920] sensor2: d=0.3208m in_range=False f_mag=0.000N tau_mag=0.0000Nm misalign_deg=90.0 pos=[ 0.10902462 -0.10904672  0.491401  ] bottom_world=[ 0.10902462 -0.10904654  0.47140099] quat=[ 9.2300075e-01  4.1089297e-06  1.8301716e-06 -3.8479808e-01] speed=0.0005 ang_speed=0.0024 ang_vel_vec=[-0.00223948 -0.00031312 -0.00074784] |com_force|=0.0000N
### kotek_magnet[tick=4920] sensor3: d=0.5470m in_range=False f_mag=0.000N tau_mag=0.0000Nm misalign_deg=90.0 pos=[-0.10910816 -0.10914578  0.49140096] bottom_world=[-0.10910789 -0.1091459   0.47140096] quat=[-3.8058421e-01 -5.0309054e-06  5.5260148e-06  9.2474639e-01] speed=0.0010 ang_speed=0.0030 ang_vel_vec=[ 0.00225407  0.00174443 -0.00077298] |com_force|=0.0000N
### kotek_magnet[tick=4920] sensor4: d=0.5249m in_range=False f_mag=0.000N tau_mag=0.0000Nm misalign_deg=90.0 pos=[-0.1090002  0.1089985  0.4914024] bottom_world=[-0.1090001   0.1089988   0.47140239] quat=[ 3.8268301e-01  6.4334182e-07 -7.9869715e-06  9.2387974e-01] speed=0.0009 ang_speed=0.0022 ang_vel_vec=[ 5.4109032e-06 -1.7293380e-03  1.3301972e-03] |com_force|=0.0000N
### kotek_magnet[tick=4980] sensor1: d=0.4082m in_range=False f_mag=0.000N tau_mag=0.0000Nm misalign_deg=90.0 pos=[0.1088043  0.10900894 0.49140236] bottom_world=[0.10880404 0.10900928 0.47140236] quat=[9.2484146e-01 1.0516110e-05 2.8466700e-06 3.8035274e-01] speed=0.0010 ang_speed=0.0026 ang_vel_vec=[-0.00178612 -0.00167376 -0.00079737] |com_force|=0.0000N
### kotek_magnet[tick=4980] sensor2: d=0.3208m in_range=False f_mag=0.000N tau_mag=0.0000Nm misalign_deg=90.0 pos=[ 0.10902444 -0.10904642  0.49140117] bottom_world=[ 0.1090245  -0.10904628  0.47140117] quat=[ 9.2300069e-01  3.8629373e-06  1.8686876e-08 -3.8479838e-01] speed=0.0002 ang_speed=0.0028 ang_vel_vec=[-0.00138588  0.0024062   0.00032024] |com_force|=0.0000N
### kotek_magnet[tick=4980] sensor3: d=0.5470m in_range=False f_mag=0.000N tau_mag=0.0000Nm misalign_deg=90.0 pos=[-0.10910814 -0.1091458   0.49140114] bottom_world=[-0.10910788 -0.10914592  0.47140114] quat=[-3.8058394e-01 -4.9766049e-06  5.2485470e-06  9.2474639e-01] speed=0.0010 ang_speed=0.0024 ang_vel_vec=[ 0.00174711  0.00144546 -0.00071271] |com_force|=0.0000N
### kotek_magnet[tick=4980] sensor4: d=0.5249m in_range=False f_mag=0.000N tau_mag=0.0000Nm misalign_deg=90.0 pos=[-0.10900022  0.10899842  0.4914024 ] bottom_world=[-0.1090001   0.10899874  0.47140239] quat=[ 3.8268301e-01  2.3729578e-07 -8.6999416e-06  9.2387974e-01] speed=0.0010 ang_speed=0.0018 ang_vel_vec=[-0.00086029 -0.00058502  0.00141449] |com_force|=0.0000N
### kotek_magnet[tick=5040] sensor1: d=0.4082m in_range=False f_mag=0.000N tau_mag=0.0000Nm misalign_deg=90.0 pos=[0.10880284 0.10900928 0.49140233] bottom_world=[0.10880301 0.10900925 0.47140233] quat=[ 9.2484182e-01 -2.2597524e-06 -3.7872278e-06  3.8035205e-01] speed=0.0006 ang_speed=0.0046 ang_vel_vec=[0.00418692 0.00179027 0.00063291] |com_force|=0.0000N
### kotek_magnet[tick=5040] sensor2: d=0.3208m in_range=False f_mag=0.000N tau_mag=0.0000Nm misalign_deg=90.0 pos=[ 0.10902466 -0.10904667  0.49140114] bottom_world=[ 0.10902464 -0.10904651  0.47140114] quat=[ 9.2300093e-01  3.6048518e-06  1.8898191e-06 -3.8479796e-01] speed=0.0004 ang_speed=0.0022 ang_vel_vec=[-0.0019393  -0.00080318 -0.00068748] |com_force|=0.0000N
### kotek_magnet[tick=5040] sensor3: d=0.5470m in_range=False f_mag=0.000N tau_mag=0.0000Nm misalign_deg=90.0 pos=[-0.10910752 -0.10914606  0.49140114] bottom_world=[-0.10910747 -0.10914593  0.47140114] quat=[-3.8058385e-01 -2.3486439e-06 -2.4480896e-06  9.2474645e-01] speed=0.0005 ang_speed=0.0022 ang_vel_vec=[-0.00085293  0.00194368 -0.00069889] |com_force|=0.0000N
### kotek_magnet[tick=5040] sensor4: d=0.5249m in_range=False f_mag=0.000N tau_mag=0.0000Nm misalign_deg=90.0 pos=[-0.10900021  0.10899851  0.4914023 ] bottom_world=[-0.10900009  0.10899882  0.4714023 ] quat=[ 3.826831e-01  3.397259e-07 -8.254622e-06  9.238797e-01] speed=0.0009 ang_speed=0.0016 ang_vel_vec=[-0.0006744  -0.00050662  0.00139129] |com_force|=0.0000N
### kotek_magnet[tick=5100] sensor1: d=0.4082m in_range=False f_mag=0.000N tau_mag=0.0000Nm misalign_deg=90.0 pos=[0.10880256 0.10900907 0.4914023 ] bottom_world=[0.10880276 0.10900909 0.4714023 ] quat=[ 9.2484194e-01 -1.3631247e-06 -4.6677646e-06  3.8035166e-01] speed=0.0010 ang_speed=0.0027 ang_vel_vec=[-0.00225096 -0.00016969  0.00142182] |com_force|=0.0000N
### kotek_magnet[tick=5100] sensor2: d=0.3208m in_range=False f_mag=0.000N tau_mag=0.0000Nm misalign_deg=90.0 pos=[ 0.10902434 -0.10904735  0.4914012 ] bottom_world=[ 0.10902458 -0.10904697  0.4714012 ] quat=[ 9.2300081e-01  1.1057903e-05 -1.8060130e-06 -3.8479790e-01] speed=0.0010 ang_speed=0.0028 ang_vel_vec=[-0.00169949  0.00206563 -0.00081371] |com_force|=0.0000N
### kotek_magnet[tick=5100] sensor3: d=0.5470m in_range=False f_mag=0.000N tau_mag=0.0000Nm misalign_deg=90.0 pos=[-0.1091075  -0.10914608  0.49140108] bottom_world=[-0.10910745 -0.10914596  0.47140108] quat=[-3.8058394e-01 -2.4951348e-06 -2.3387909e-06  9.2474645e-01] speed=0.0005 ang_speed=0.0023 ang_vel_vec=[-0.00090036  0.00203241 -0.00076143] |com_force|=0.0000N
### kotek_magnet[tick=5100] sensor4: d=0.5249m in_range=False f_mag=0.000N tau_mag=0.0000Nm misalign_deg=90.0 pos=[-0.10900018  0.10899847  0.49140236] bottom_world=[-0.10900008  0.10899878  0.47140236] quat=[ 3.8268298e-01  5.1290783e-07 -8.0810805e-06  9.2387974e-01] speed=0.0009 ang_speed=0.0017 ang_vel_vec=[-0.00039316 -0.00106915  0.00131692] |com_force|=0.0000N
### kotek_magnet[tick=5160] sensor1: d=0.4082m in_range=False f_mag=0.000N tau_mag=0.0000Nm misalign_deg=90.0 pos=[0.10880258 0.1090091  0.4914024 ] bottom_world=[0.10880278 0.10900912 0.47140239] quat=[ 9.2484200e-01 -1.4972915e-06 -4.7217063e-06  3.8035166e-01] speed=0.0010 ang_speed=0.0024 ang_vel_vec=[-0.00181942  0.00013213  0.00155034] |com_force|=0.0000N
### kotek_magnet[tick=5160] sensor2: d=0.3208m in_range=False f_mag=0.000N tau_mag=0.0000Nm misalign_deg=90.0 pos=[ 0.10902464 -0.10904589  0.49140108] bottom_world=[ 0.1090245  -0.10904595  0.47140108] quat=[ 9.2300057e-01 -2.8489449e-06  2.6517200e-06 -3.8479856e-01] speed=0.0006 ang_speed=0.0048 ang_vel_vec=[ 0.00212898 -0.00420257  0.00064253] |com_force|=0.0000N
### kotek_magnet[tick=5160] sensor3: d=0.5470m in_range=False f_mag=0.000N tau_mag=0.0000Nm misalign_deg=90.0 pos=[-0.10910729 -0.10914579  0.49140105] bottom_world=[-0.10910721 -0.10914576  0.47140105] quat=[-3.8058349e-01 -2.1323078e-06  6.0990722e-08  9.2474663e-01] speed=0.0002 ang_speed=0.0027 ang_vel_vec=[0.00176509 0.00197079 0.0004894 ] |com_force|=0.0000N
### kotek_magnet[tick=5160] sensor4: d=0.5249m in_range=False f_mag=0.000N tau_mag=0.0000Nm misalign_deg=90.0 pos=[-0.10900036  0.10899955  0.49140236] bottom_world=[-0.10900034  0.10899961  0.47140236] quat=[ 3.8268238e-01  1.3169597e-07 -1.5861933e-06  9.2387998e-01] speed=0.0005 ang_speed=0.0026 ang_vel_vec=[ 0.00195586  0.00166427 -0.00063622] |com_force|=0.0000N
### still playing, 1310s left
### kotek_magnet[tick=5220] sensor1: d=0.4082m in_range=False f_mag=0.000N tau_mag=0.0000Nm misalign_deg=90.0 pos=[0.10880256 0.10900912 0.49140233] bottom_world=[0.10880275 0.10900914 0.47140233] quat=[ 9.2484200e-01 -1.5255848e-06 -4.7021863e-06  3.8035181e-01] speed=0.0010 ang_speed=0.0024 ang_vel_vec=[-1.9229533e-03  5.8836205e-05  1.3547620e-03] |com_force|=0.0000N
### kotek_magnet[tick=5220] sensor2: d=0.3208m in_range=False f_mag=0.000N tau_mag=0.0000Nm misalign_deg=90.0 pos=[ 0.10902446 -0.10904561  0.49140123] bottom_world=[ 0.10902436 -0.1090457   0.47140123] quat=[ 9.2300045e-01 -3.0105552e-06  1.4426987e-06 -3.8479888e-01] speed=0.0010 ang_speed=0.0021 ang_vel_vec=[0.00048402 0.001569   0.00136841] |com_force|=0.0000N
### kotek_magnet[tick=5220] sensor3: d=0.5470m in_range=False f_mag=0.000N tau_mag=0.0000Nm misalign_deg=90.0 pos=[-0.10910817 -0.10914576  0.49140108] bottom_world=[-0.10910791 -0.10914588  0.47140108] quat=[-3.8058406e-01 -4.9204887e-06  5.3178974e-06  9.2474639e-01] speed=0.0010 ang_speed=0.0026 ang_vel_vec=[ 0.00191488  0.00157363 -0.00084356] |com_force|=0.0000N
### kotek_magnet[tick=5220] sensor4: d=0.5249m in_range=False f_mag=0.000N tau_mag=0.0000Nm misalign_deg=90.0 pos=[-0.10900008  0.10900016  0.4914023 ] bottom_world=[-0.1090003   0.10900001  0.4714023 ] quat=[3.8268206e-01 3.7835573e-06 5.5566434e-06 9.2388010e-01] speed=0.0010 ang_speed=0.0027 ang_vel_vec=[ 0.00183814 -0.00179453 -0.00084655] |com_force|=0.0000N
### kotek_magnet[tick=5280] sensor1: d=0.4082m in_range=False f_mag=0.000N tau_mag=0.0000Nm misalign_deg=90.0 pos=[0.10880283 0.10900927 0.49140233] bottom_world=[0.10880299 0.10900925 0.47140233] quat=[ 9.2484182e-01 -2.0375116e-06 -3.7021202e-06  3.8035220e-01] speed=0.0006 ang_speed=0.0041 ang_vel_vec=[0.00380263 0.00160614 0.00036711] |com_force|=0.0000N
### kotek_magnet[tick=5280] sensor2: d=0.3208m in_range=False f_mag=0.000N tau_mag=0.0000Nm misalign_deg=90.0 pos=[ 0.10902435 -0.10904735  0.49140117] bottom_world=[ 0.10902458 -0.10904697  0.47140117] quat=[ 9.2300087e-01  1.0903319e-05 -1.8455125e-06 -3.8479793e-01] speed=0.0009 ang_speed=0.0031 ang_vel_vec=[-0.00186718  0.00227158 -0.0009774 ] |com_force|=0.0000N
### kotek_magnet[tick=5280] sensor3: d=0.5470m in_range=False f_mag=0.000N tau_mag=0.0000Nm misalign_deg=90.0 pos=[-0.10910815 -0.10914579  0.4914011 ] bottom_world=[-0.10910789 -0.10914591  0.47140111] quat=[-3.8058412e-01 -4.9277437e-06  5.3691592e-06  9.2474633e-01] speed=0.0010 ang_speed=0.0030 ang_vel_vec=[ 0.00217832  0.00174465 -0.00098253] |com_force|=0.0000N
### kotek_magnet[tick=5280] sensor4: d=0.5249m in_range=False f_mag=0.000N tau_mag=0.0000Nm misalign_deg=90.0 pos=[-0.10900009  0.10900019  0.4914023 ] bottom_world=[-0.10900032  0.10900004  0.4714023 ] quat=[3.8268206e-01 3.8721237e-06 5.7581442e-06 9.2388010e-01] speed=0.0010 ang_speed=0.0031 ang_vel_vec=[ 0.00205023 -0.00205011 -0.00097724] |com_force|=0.0000N
### kotek_magnet[tick=5340] sensor1: d=0.4082m in_range=False f_mag=0.000N tau_mag=0.0000Nm misalign_deg=90.0 pos=[0.10880258 0.10900909 0.49140236] bottom_world=[0.10880277 0.10900912 0.47140236] quat=[ 9.2484194e-01 -1.3256968e-06 -4.6933928e-06  3.8035172e-01] speed=0.0010 ang_speed=0.0027 ang_vel_vec=[-0.00233702 -0.00015814  0.00138438] |com_force|=0.0000N
### kotek_magnet[tick=5340] sensor2: d=0.3208m in_range=False f_mag=0.000N tau_mag=0.0000Nm misalign_deg=90.0 pos=[ 0.10902433 -0.10904738  0.4914011 ] bottom_world=[ 0.10902458 -0.10904699  0.47140111] quat=[ 9.2300087e-01  1.1366099e-05 -1.9351044e-06 -3.8479787e-01] speed=0.0010 ang_speed=0.0031 ang_vel_vec=[-0.0019184   0.00223334 -0.00086567] |com_force|=0.0000N
### kotek_magnet[tick=5340] sensor3: d=0.5470m in_range=False f_mag=0.000N tau_mag=0.0000Nm misalign_deg=90.0 pos=[-0.10910815 -0.10914577  0.49140105] bottom_world=[-0.10910789 -0.10914588  0.47140105] quat=[-3.8058406e-01 -4.9020223e-06  5.0607177e-06  9.2474633e-01] speed=0.0010 ang_speed=0.0025 ang_vel_vec=[ 0.00176611  0.00150206 -0.00084959] |com_force|=0.0000N
### kotek_magnet[tick=5340] sensor4: d=0.5249m in_range=False f_mag=0.000N tau_mag=0.0000Nm misalign_deg=90.0 pos=[-0.10900008  0.10900018  0.49140236] bottom_world=[-0.1090003   0.10900003  0.47140236] quat=[3.8268209e-01 3.7401089e-06 5.3885515e-06 9.2388010e-01] speed=0.0010 ang_speed=0.0027 ang_vel_vec=[ 0.00179125 -0.00177822 -0.00082673] |com_force|=0.0000N
### kotek_magnet[tick=5400] sensor1: d=0.4082m in_range=False f_mag=0.000N tau_mag=0.0000Nm misalign_deg=90.0 pos=[0.10880259 0.10900907 0.49140233] bottom_world=[0.10880279 0.10900909 0.47140233] quat=[ 9.2484194e-01 -1.4542525e-06 -4.6559726e-06  3.8035160e-01] speed=0.0010 ang_speed=0.0022 ang_vel_vec=[-0.0016036   0.00018857  0.00152528] |com_force|=0.0000N
### kotek_magnet[tick=5400] sensor2: d=0.3208m in_range=False f_mag=0.000N tau_mag=0.0000Nm misalign_deg=90.0 pos=[ 0.10902464 -0.10904645  0.49140102] bottom_world=[ 0.1090246  -0.10904637  0.47140102] quat=[ 9.2300069e-01  1.5424406e-06  1.8252621e-06 -3.8479835e-01] speed=0.0001 ang_speed=0.0022 ang_vel_vec=[ 0.00141144 -0.00160596 -0.00028499] |com_force|=0.0000N
### kotek_magnet[tick=5400] sensor3: d=0.5470m in_range=False f_mag=0.000N tau_mag=0.0000Nm misalign_deg=90.0 pos=[-0.10910645 -0.1091459   0.49140108] bottom_world=[-0.10910664 -0.1091457   0.47140108] quat=[-3.8058293e-01  2.4806016e-06 -6.4736651e-06  9.2474687e-01] speed=0.0009 ang_speed=0.0028 ang_vel_vec=[ 2.2860479e-03 -7.9717978e-07  1.5336776e-03] |com_force|=0.0000N
### kotek_magnet[tick=5400] sensor4: d=0.5249m in_range=False f_mag=0.000N tau_mag=0.0000Nm misalign_deg=90.0 pos=[-0.10899987  0.10900023  0.4914023 ] bottom_world=[-0.10900016  0.10900007  0.4714023 ] quat=[3.8268238e-01 5.1019492e-06 6.4151832e-06 9.2388004e-01] speed=0.0012 ang_speed=0.0138 ang_vel_vec=[ 0.0070558  -0.01181136 -0.00017803] |com_force|=0.0000N
### kotek_magnet[tick=5460] sensor1: d=0.4082m in_range=False f_mag=0.000N tau_mag=0.0000Nm misalign_deg=90.0 pos=[0.10880432 0.10900896 0.49140254] bottom_world=[0.10880405 0.10900931 0.47140254] quat=[9.2484158e-01 1.0641968e-05 2.8440656e-06 3.8035282e-01] speed=0.0010 ang_speed=0.0029 ang_vel_vec=[-0.0020466  -0.00177032 -0.00114123] |com_force|=0.0000N
### kotek_magnet[tick=5460] sensor2: d=0.3208m in_range=False f_mag=0.000N tau_mag=0.0000Nm misalign_deg=90.0 pos=[ 0.10902451 -0.10904559  0.49140117] bottom_world=[ 0.10902439 -0.10904569  0.47140117] quat=[ 9.2300045e-01 -3.4886486e-06  1.7941643e-06 -3.8479882e-01] speed=0.0010 ang_speed=0.0018 ang_vel_vec=[0.00068692 0.00119346 0.00116209] |com_force|=0.0000N
### kotek_magnet[tick=5460] sensor3: d=0.5470m in_range=False f_mag=0.000N tau_mag=0.0000Nm misalign_deg=90.0 pos=[-0.1091067  -0.10914608  0.4914011 ] bottom_world=[-0.10910687 -0.10914584  0.47140111] quat=[-3.8058341e-01  1.5338192e-06 -7.2474163e-06  9.2474657e-01] speed=0.0006 ang_speed=0.0040 ang_vel_vec=[-0.00365032 -0.00154859  0.00026402] |com_force|=0.0000N
### kotek_magnet[tick=5460] sensor4: d=0.5249m in_range=False f_mag=0.000N tau_mag=0.0000Nm misalign_deg=90.0 pos=[-0.10900006  0.10900017  0.49140245] bottom_world=[-0.10900028  0.10900003  0.47140245] quat=[3.8268209e-01 3.8925427e-06 5.4901780e-06 9.2388016e-01] speed=0.0010 ang_speed=0.0027 ang_vel_vec=[ 0.00166267 -0.00187781 -0.00105413] |com_force|=0.0000N
### kotek_magnet[tick=5520] sensor1: d=0.4082m in_range=False f_mag=0.000N tau_mag=0.0000Nm misalign_deg=90.0 pos=[0.10880383 0.10900929 0.49140224] bottom_world=[0.10880373 0.10900941 0.47140224] quat=[9.2484152e-01 3.6907618e-06 1.0986479e-06 3.8035277e-01] speed=0.0006 ang_speed=0.0024 ang_vel_vec=[ 0.00074425 -0.00213146 -0.00082958] |com_force|=0.0000N
### kotek_magnet[tick=5520] sensor2: d=0.3208m in_range=False f_mag=0.000N tau_mag=0.0000Nm misalign_deg=90.0 pos=[ 0.10902446 -0.10904563  0.4914011 ] bottom_world=[ 0.10902437 -0.10904572  0.47140111] quat=[ 9.2300051e-01 -2.8471379e-06  1.3025088e-06 -3.8479900e-01] speed=0.0010 ang_speed=0.0028 ang_vel_vec=[0.00014761 0.00239973 0.00146516] |com_force|=0.0000N
### kotek_magnet[tick=5520] sensor3: d=0.5470m in_range=False f_mag=0.000N tau_mag=0.0000Nm misalign_deg=90.0 pos=[-0.10910749 -0.10914604  0.49140114] bottom_world=[-0.10910743 -0.10914592  0.47140114] quat=[-3.8058382e-01 -2.3818613e-06 -2.2626259e-06  9.2474639e-01] speed=0.0005 ang_speed=0.0024 ang_vel_vec=[-0.00011395  0.00233369 -0.00070161] |com_force|=0.0000N
### kotek_magnet[tick=5520] sensor4: d=0.5249m in_range=False f_mag=0.000N tau_mag=0.0000Nm misalign_deg=90.0 pos=[-0.10900007  0.10900016  0.49140227] bottom_world=[-0.10900029  0.10900001  0.47140227] quat=[3.8268209e-01 3.6952329e-06 5.5994819e-06 9.2388016e-01] speed=0.0010 ang_speed=0.0024 ang_vel_vec=[ 0.00167954 -0.00151232 -0.00071681] |com_force|=0.0000N
### kotek_magnet[tick=5580] sensor1: d=0.4082m in_range=False f_mag=0.000N tau_mag=0.0000Nm misalign_deg=90.0 pos=[0.10880429 0.10900898 0.49140233] bottom_world=[0.10880403 0.10900933 0.47140233] quat=[9.2484152e-01 1.0514794e-05 2.8255113e-06 3.8035282e-01] speed=0.0010 ang_speed=0.0026 ang_vel_vec=[-0.00182382 -0.00160322 -0.00081879] |com_force|=0.0000N
### kotek_magnet[tick=5580] sensor2: d=0.3208m in_range=False f_mag=0.000N tau_mag=0.0000Nm misalign_deg=90.0 pos=[ 0.10902463 -0.10904645  0.4914011 ] bottom_world=[ 0.10902458 -0.10904636  0.47140111] quat=[ 9.2300075e-01  1.6393890e-06  1.9377171e-06 -3.8479832e-01] speed=0.0001 ang_speed=0.0019 ang_vel_vec=[ 0.00067154 -0.00169399 -0.00036086] |com_force|=0.0000N
### kotek_magnet[tick=5580] sensor3: d=0.5470m in_range=False f_mag=0.000N tau_mag=0.0000Nm misalign_deg=90.0 pos=[-0.10910729 -0.10914582  0.49140102] bottom_world=[-0.10910726 -0.10914578  0.47140102] quat=[-3.8058352e-01 -9.2612459e-07 -6.9481092e-07  9.2474657e-01] speed=0.0003 ang_speed=0.0057 ang_vel_vec=[0.00500597 0.00260126 0.0003901 ] |com_force|=0.0000N
### kotek_magnet[tick=5580] sensor4: d=0.5249m in_range=False f_mag=0.000N tau_mag=0.0000Nm misalign_deg=90.0 pos=[-0.10900037  0.10899874  0.4914023 ] bottom_world=[-0.10900022  0.10899903  0.4714023 ] quat=[ 3.8268256e-01 -5.8581730e-07 -8.1695989e-06  9.2387986e-01] speed=0.0006 ang_speed=0.0044 ang_vel_vec=[-0.00168817  0.00400897  0.00050044] |com_force|=0.0000N
### kotek_magnet[tick=5640] sensor1: d=0.4082m in_range=False f_mag=0.000N tau_mag=0.0000Nm misalign_deg=90.0 pos=[0.10880381 0.10900926 0.49140242] bottom_world=[0.10880372 0.10900938 0.47140242] quat=[9.2484152e-01 3.6719271e-06 9.8613248e-07 3.8035268e-01] speed=0.0006 ang_speed=0.0025 ang_vel_vec=[ 0.0005093  -0.00226399 -0.00086172] |com_force|=0.0000N
### kotek_magnet[tick=5640] sensor2: d=0.3208m in_range=False f_mag=0.000N tau_mag=0.0000Nm misalign_deg=90.0 pos=[ 0.10902467 -0.10904647  0.49140105] bottom_world=[ 0.10902462 -0.10904638  0.47140105] quat=[ 9.2300075e-01  1.6079354e-06  1.8486544e-06 -3.8479823e-01] speed=0.0001 ang_speed=0.0014 ang_vel_vec=[ 0.0007156  -0.00112965 -0.00031512] |com_force|=0.0000N
### kotek_magnet[tick=5640] sensor3: d=0.5470m in_range=False f_mag=0.000N tau_mag=0.0000Nm misalign_deg=90.0 pos=[-0.10910752 -0.10914608  0.4914011 ] bottom_world=[-0.10910746 -0.10914595  0.47140111] quat=[-3.8058385e-01 -2.4355090e-06 -2.4570763e-06  9.2474645e-01] speed=0.0005 ang_speed=0.0023 ang_vel_vec=[-0.00099394  0.00192713 -0.0006977 ] |com_force|=0.0000N
### kotek_magnet[tick=5640] sensor4: d=0.5249m in_range=False f_mag=0.000N tau_mag=0.0000Nm misalign_deg=90.0 pos=[-0.10900037  0.10899873  0.4914023 ] bottom_world=[-0.10900022  0.10899902  0.4714023 ] quat=[ 3.8268268e-01 -6.1695607e-07 -8.1569106e-06  9.2387986e-01] speed=0.0006 ang_speed=0.0048 ang_vel_vec=[-0.00185722  0.00442674  0.00049949] |com_force|=0.0000N
### kotek_magnet[tick=5700] sensor1: d=0.4082m in_range=False f_mag=0.000N tau_mag=0.0000Nm misalign_deg=90.0 pos=[0.10880256 0.10900906 0.49140233] bottom_world=[0.10880276 0.10900908 0.47140233] quat=[ 9.2484200e-01 -1.4235835e-06 -4.6972750e-06  3.8035169e-01] speed=0.0010 ang_speed=0.0027 ang_vel_vec=[-2.2901280e-03 -9.3641633e-05  1.4125792e-03] |com_force|=0.0000N
### kotek_magnet[tick=5700] sensor2: d=0.3208m in_range=False f_mag=0.000N tau_mag=0.0000Nm misalign_deg=90.0 pos=[ 0.10902447 -0.10904566  0.4914012 ] bottom_world=[ 0.10902437 -0.10904575  0.4714012 ] quat=[ 9.2300045e-01 -3.0560605e-06  1.5282003e-06 -3.8479882e-01] speed=0.0010 ang_speed=0.0020 ang_vel_vec=[0.00054242 0.0013145  0.00143098] |com_force|=0.0000N
### kotek_magnet[tick=5700] sensor3: d=0.5470m in_range=False f_mag=0.000N tau_mag=0.0000Nm misalign_deg=90.0 pos=[-0.10910731 -0.1091458   0.49140108] bottom_world=[-0.10910722 -0.10914577  0.47140108] quat=[-3.8058352e-01 -2.2132408e-06  2.5972170e-07  9.2474663e-01] speed=0.0002 ang_speed=0.0028 ang_vel_vec=[0.0017724  0.00209419 0.00038127] |com_force|=0.0000N
### kotek_magnet[tick=5700] sensor4: d=0.5249m in_range=False f_mag=0.000N tau_mag=0.0000Nm misalign_deg=90.0 pos=[-0.10900044  0.10899843  0.4914024 ] bottom_world=[-0.10900023  0.10899877  0.47140239] quat=[ 3.8268289e-01 -1.4938204e-06 -9.7035045e-06  9.2387980e-01] speed=0.0009 ang_speed=0.0035 ang_vel_vec=[0.00015604 0.00341292 0.00060242] |com_force|=0.0000N
### kotek_magnet[tick=5760] sensor1: d=0.4082m in_range=False f_mag=0.000N tau_mag=0.0000Nm misalign_deg=90.0 pos=[0.10880432 0.109009   0.4914023 ] bottom_world=[0.10880405 0.10900934 0.4714023 ] quat=[9.2484146e-01 1.0421975e-05 2.8049390e-06 3.8035282e-01] speed=0.0010 ang_speed=0.0026 ang_vel_vec=[-0.00180159 -0.00165305 -0.00085888] |com_force|=0.0000N
### kotek_magnet[tick=5760] sensor2: d=0.3208m in_range=False f_mag=0.000N tau_mag=0.0000Nm misalign_deg=90.0 pos=[ 0.10902471 -0.10904559  0.49140105] bottom_world=[ 0.10902451 -0.1090457   0.47140105] quat=[ 9.2300051e-01 -4.3969990e-06  3.5812059e-06 -3.8479879e-01] speed=0.0009 ang_speed=0.0031 ang_vel_vec=[-0.00023234 -0.00295534  0.00073995] |com_force|=0.0000N
### kotek_magnet[tick=5760] sensor3: d=0.5470m in_range=False f_mag=0.000N tau_mag=0.0000Nm misalign_deg=90.0 pos=[-0.10910814 -0.10914575  0.49140114] bottom_world=[-0.10910788 -0.10914587  0.47140114] quat=[-3.8058403e-01 -4.9295886e-06  5.0735862e-06  9.2474639e-01] speed=0.0010 ang_speed=0.0024 ang_vel_vec=[ 0.00175312  0.00148238 -0.00077611] |com_force|=0.0000N
### kotek_magnet[tick=5760] sensor4: d=0.5249m in_range=False f_mag=0.000N tau_mag=0.0000Nm misalign_deg=90.0 pos=[-0.10900021  0.10899848  0.49140233] bottom_world=[-0.10900011  0.10899879  0.47140233] quat=[ 3.8268295e-01  5.0702312e-07 -8.1823127e-06  9.2387974e-01] speed=0.0009 ang_speed=0.0018 ang_vel_vec=[-0.00051569 -0.00109513  0.00133902] |com_force|=0.0000N
### kotek_magnet[tick=5820] sensor1: d=0.4082m in_range=False f_mag=0.000N tau_mag=0.0000Nm misalign_deg=90.0 pos=[0.10880381 0.10900925 0.49140233] bottom_world=[0.10880371 0.10900939 0.47140233] quat=[9.2484146e-01 4.2115862e-06 1.0436942e-06 3.8035271e-01] speed=0.0006 ang_speed=0.0031 ang_vel_vec=[-0.00084508 -0.00284371 -0.00096803] |com_force|=0.0000N
### kotek_magnet[tick=5820] sensor2: d=0.3208m in_range=False f_mag=0.000N tau_mag=0.0000Nm misalign_deg=90.0 pos=[ 0.10902447 -0.10904565  0.49140117] bottom_world=[ 0.10902437 -0.10904573  0.47140117] quat=[ 9.2300045e-01 -2.6848941e-06  1.3482618e-06 -3.8479906e-01] speed=0.0010 ang_speed=0.0028 ang_vel_vec=[4.4170480e-05 2.4235593e-03 1.3696440e-03] |com_force|=0.0000N
### kotek_magnet[tick=5820] sensor3: d=0.5470m in_range=False f_mag=0.000N tau_mag=0.0000Nm misalign_deg=90.0 pos=[-0.10910751 -0.10914608  0.49140105] bottom_world=[-0.10910744 -0.10914597  0.47140105] quat=[-3.8058391e-01 -2.6153937e-06 -2.0079449e-06  9.2474645e-01] speed=0.0005 ang_speed=0.0025 ang_vel_vec=[-0.00013203  0.00234182 -0.00078275] |com_force|=0.0000N
### kotek_magnet[tick=5820] sensor4: d=0.5249m in_range=False f_mag=0.000N tau_mag=0.0000Nm misalign_deg=90.0 pos=[-0.10900036  0.10899876  0.49140233] bottom_world=[-0.10900023  0.10899905  0.47140233] quat=[ 3.8268277e-01 -4.1369381e-07 -7.8767816e-06  9.2387992e-01] speed=0.0006 ang_speed=0.0043 ang_vel_vec=[-0.00158336  0.0039658   0.00040559] |com_force|=0.0000N
### kotek_magnet[tick=5880] sensor1: d=0.4082m in_range=False f_mag=0.000N tau_mag=0.0000Nm misalign_deg=90.0 pos=[0.10880428 0.10900895 0.4914024 ] bottom_world=[0.10880401 0.1090093  0.47140239] quat=[9.2484146e-01 1.0493025e-05 2.8702157e-06 3.8035271e-01] speed=0.0010 ang_speed=0.0026 ang_vel_vec=[-0.0018481  -0.0016787  -0.00087955] |com_force|=0.0000N
### kotek_magnet[tick=5880] sensor2: d=0.3208m in_range=False f_mag=0.000N tau_mag=0.0000Nm misalign_deg=90.0 pos=[ 0.10902467 -0.10904589  0.49140117] bottom_world=[ 0.10902453 -0.10904596  0.47140117] quat=[ 9.2300063e-01 -2.9353025e-06  2.6817272e-06 -3.8479859e-01] speed=0.0006 ang_speed=0.0046 ang_vel_vec=[ 0.00192521 -0.00418254  0.00050936] |com_force|=0.0000N
### kotek_magnet[tick=5880] sensor3: d=0.5470m in_range=False f_mag=0.000N tau_mag=0.0000Nm misalign_deg=90.0 pos=[-0.10910816 -0.10914579  0.4914012 ] bottom_world=[-0.1091079 -0.1091459  0.4714012] quat=[-3.805840e-01 -4.958733e-06  5.119742e-06  9.247464e-01] speed=0.0010 ang_speed=0.0026 ang_vel_vec=[ 0.0018186   0.00159887 -0.00080769] |com_force|=0.0000N
### kotek_magnet[tick=5880] sensor4: d=0.5249m in_range=False f_mag=0.000N tau_mag=0.0000Nm misalign_deg=90.0 pos=[-0.10900021  0.10899849  0.4914024 ] bottom_world=[-0.10900011  0.1089988   0.47140239] quat=[ 3.8268295e-01  4.7516679e-07 -8.2158285e-06  9.2387968e-01] speed=0.0009 ang_speed=0.0017 ang_vel_vec=[-0.00054297 -0.00100496  0.00131206] |com_force|=0.0000N
### kotek_magnet[tick=5940] sensor1: d=0.4082m in_range=False f_mag=0.000N tau_mag=0.0000Nm misalign_deg=90.0 pos=[0.10880381 0.10900926 0.49140233] bottom_world=[0.10880371 0.10900939 0.47140233] quat=[9.2484152e-01 3.8460207e-06 9.5218013e-07 3.8035282e-01] speed=0.0006 ang_speed=0.0028 ang_vel_vec=[-0.00019886 -0.00259112 -0.00095398] |com_force|=0.0000N
### kotek_magnet[tick=5940] sensor2: d=0.3208m in_range=False f_mag=0.000N tau_mag=0.0000Nm misalign_deg=90.0 pos=[ 0.10902447 -0.10904567  0.49140114] bottom_world=[ 0.10902437 -0.10904575  0.47140114] quat=[ 9.2300045e-01 -2.8684126e-06  1.4802786e-06 -3.8479888e-01] speed=0.0010 ang_speed=0.0023 ang_vel_vec=[0.00037076 0.00176137 0.00136774] |com_force|=0.0000N
### kotek_magnet[tick=5940] sensor3: d=0.5470m in_range=False f_mag=0.000N tau_mag=0.0000Nm misalign_deg=90.0 pos=[-0.10910671 -0.10914607  0.49140108] bottom_world=[-0.10910688 -0.10914583  0.47140108] quat=[-3.8058341e-01  1.4895163e-06 -7.3063711e-06  9.2474657e-01] speed=0.0006 ang_speed=0.0039 ang_vel_vec=[-0.00351603 -0.00149898  0.00047996] |com_force|=0.0000N
### kotek_magnet[tick=5940] sensor4: d=0.5249m in_range=False f_mag=0.000N tau_mag=0.0000Nm misalign_deg=90.0 pos=[-0.10900021  0.1089985   0.4914023 ] bottom_world=[-0.1090001   0.10899881  0.4714023 ] quat=[ 3.8268301e-01  5.1413002e-07 -8.1329026e-06  9.2387974e-01] speed=0.0009 ang_speed=0.0019 ang_vel_vec=[-0.00025061 -0.00134374  0.00127921] |com_force|=0.0000N
### kotek_magnet[tick=6000] sensor1: d=0.4082m in_range=False f_mag=0.000N tau_mag=0.0000Nm misalign_deg=90.0 pos=[0.10880253 0.10900909 0.49140242] bottom_world=[0.10880274 0.1090091  0.47140242] quat=[ 9.2484200e-01 -1.9766669e-06 -4.8691763e-06  3.8035163e-01] speed=0.0010 ang_speed=0.0020 ang_vel_vec=[-0.00120432  0.00045539  0.00152418] |com_force|=0.0000N
### kotek_magnet[tick=6000] sensor2: d=0.3208m in_range=False f_mag=0.000N tau_mag=0.0000Nm misalign_deg=90.0 pos=[ 0.10902447 -0.10904565  0.49140108] bottom_world=[ 0.10902438 -0.10904573  0.47140108] quat=[ 9.2300045e-01 -2.8471113e-06  1.4328912e-06 -3.8479888e-01] speed=0.0010 ang_speed=0.0025 ang_vel_vec=[0.00036536 0.00197975 0.00148149] |com_force|=0.0000N
### kotek_magnet[tick=6000] sensor3: d=0.5470m in_range=False f_mag=0.000N tau_mag=0.0000Nm misalign_deg=90.0 pos=[-0.10910825 -0.1091456   0.4914011 ] bottom_world=[-0.10910795 -0.10914581  0.47140111] quat=[-3.8058382e-01 -4.7921699e-06  7.6746182e-06  9.2474645e-01] speed=0.0014 ang_speed=0.0163 ang_vel_vec=[ 0.01417181  0.00807301 -0.00025528] |com_force|=0.0000N
### kotek_magnet[tick=6000] sensor4: d=0.5249m in_range=False f_mag=0.000N tau_mag=0.0000Nm misalign_deg=90.0 pos=[-0.10900035  0.10899951  0.49140233] bottom_world=[-0.10900033  0.10899957  0.47140233] quat=[ 3.8268223e-01  2.1598349e-07 -1.5382957e-06  9.2388004e-01] speed=0.0005 ang_speed=0.0026 ang_vel_vec=[ 0.00202015  0.00144143 -0.00069247] |com_force|=0.0000N
### kotek_magnet[tick=6060] sensor1: d=0.4082m in_range=False f_mag=0.000N tau_mag=0.0000Nm misalign_deg=90.0 pos=[0.10880251 0.10900911 0.49140233] bottom_world=[0.10880272 0.10900911 0.47140233] quat=[ 9.2484194e-01 -2.0551627e-06 -4.8369398e-06  3.8035181e-01] speed=0.0010 ang_speed=0.0019 ang_vel_vec=[-0.00110314  0.00046011  0.00149769] |com_force|=0.0000N
### kotek_magnet[tick=6060] sensor2: d=0.3208m in_range=False f_mag=0.000N tau_mag=0.0000Nm misalign_deg=90.0 pos=[ 0.10902463 -0.10904644  0.49140102] bottom_world=[ 0.10902459 -0.10904635  0.47140102] quat=[ 9.2300069e-01  1.7094314e-06  1.7892012e-06 -3.8479829e-01] speed=0.0001 ang_speed=0.0014 ang_vel_vec=[ 0.00078467 -0.00106687 -0.00033162] |com_force|=0.0000N
### kotek_magnet[tick=6060] sensor3: d=0.5470m in_range=False f_mag=0.000N tau_mag=0.0000Nm misalign_deg=90.0 pos=[-0.10910813 -0.10914575  0.4914012 ] bottom_world=[-0.10910787 -0.10914587  0.4714012 ] quat=[-3.8058412e-01 -4.8798784e-06  5.2164928e-06  9.2474639e-01] speed=0.0010 ang_speed=0.0027 ang_vel_vec=[ 0.0020984   0.00151958 -0.00074788] |com_force|=0.0000N
### kotek_magnet[tick=6060] sensor4: d=0.5249m in_range=False f_mag=0.000N tau_mag=0.0000Nm misalign_deg=90.0 pos=[-0.10900009  0.10899933  0.49140224] bottom_world=[-0.10900017  0.10899937  0.47140224] quat=[ 3.8268250e-01  2.1991793e-06 -6.5228583e-08  9.2387986e-01] speed=0.0001 ang_speed=0.0030 ang_vel_vec=[ 0.00244499 -0.00171954  0.00044863] |com_force|=0.0000N
### kotek_magnet[tick=6120] sensor1: d=0.4082m in_range=False f_mag=0.000N tau_mag=0.0000Nm misalign_deg=90.0 pos=[0.10880257 0.10900911 0.4914023 ] bottom_world=[0.10880276 0.10900914 0.4714023 ] quat=[ 9.2484194e-01 -1.1635308e-06 -4.6629038e-06  3.8035181e-01] speed=0.0010 ang_speed=0.0031 ang_vel_vec=[-0.00278    -0.00031514  0.00138687] |com_force|=0.0000N
### kotek_magnet[tick=6120] sensor2: d=0.3208m in_range=False f_mag=0.000N tau_mag=0.0000Nm misalign_deg=90.0 pos=[ 0.10902466 -0.10904645  0.49140102] bottom_world=[ 0.10902462 -0.10904636  0.47140102] quat=[ 9.2300075e-01  1.7717557e-06  1.8746003e-06 -3.8479829e-01] speed=0.0001 ang_speed=0.0008 ang_vel_vec=[ 4.4616331e-06 -6.7923334e-04 -4.0299637e-04] |com_force|=0.0000N
### kotek_magnet[tick=6120] sensor3: d=0.5470m in_range=False f_mag=0.000N tau_mag=0.0000Nm misalign_deg=90.0 pos=[-0.10910644 -0.10914589  0.49140117] bottom_world=[-0.10910663 -0.10914567  0.47140117] quat=[-3.8058293e-01  2.5266054e-06 -6.8316522e-06  9.2474687e-01] speed=0.0010 ang_speed=0.0021 ang_vel_vec=[ 0.00151504 -0.00028425  0.00144689] |com_force|=0.0000N
### kotek_magnet[tick=6120] sensor4: d=0.5249m in_range=False f_mag=0.000N tau_mag=0.0000Nm misalign_deg=90.0 pos=[-0.10900007  0.10900021  0.49140233] bottom_world=[-0.1090003   0.10900006  0.47140233] quat=[3.8268197e-01 3.9528722e-06 5.6811850e-06 9.2388016e-01] speed=0.0010 ang_speed=0.0029 ang_vel_vec=[ 0.00195901 -0.00200003 -0.00082427] |com_force|=0.0000N
### kotek_magnet[tick=6180] sensor1: d=0.4082m in_range=False f_mag=0.000N tau_mag=0.0000Nm misalign_deg=90.0 pos=[0.10880258 0.10900906 0.49140245] bottom_world=[0.10880277 0.10900909 0.47140245] quat=[ 9.2484206e-01 -1.1741083e-06 -4.7477370e-06  3.8035157e-01] speed=0.0010 ang_speed=0.0032 ang_vel_vec=[-0.00285184 -0.00034351  0.00134593] |com_force|=0.0000N
### kotek_magnet[tick=6180] sensor2: d=0.3208m in_range=False f_mag=0.000N tau_mag=0.0000Nm misalign_deg=90.0 pos=[ 0.10902469 -0.10904563  0.49140117] bottom_world=[ 0.10902449 -0.10904574  0.47140117] quat=[ 9.2300045e-01 -4.3155014e-06  3.6493359e-06 -3.8479888e-01] speed=0.0009 ang_speed=0.0029 ang_vel_vec=[-0.00039772 -0.00279292  0.00065193] |com_force|=0.0000N
### kotek_magnet[tick=6180] sensor3: d=0.5470m in_range=False f_mag=0.000N tau_mag=0.0000Nm misalign_deg=90.0 pos=[-0.10910644 -0.10914592  0.49140128] bottom_world=[-0.10910664 -0.1091457   0.47140128] quat=[-3.805829e-01  2.473133e-06 -6.930538e-06  9.247468e-01] speed=0.0010 ang_speed=0.0021 ang_vel_vec=[ 0.00149207 -0.00026767  0.00142497] |com_force|=0.0000N
### kotek_magnet[tick=6180] sensor4: d=0.5249m in_range=False f_mag=0.000N tau_mag=0.0000Nm misalign_deg=90.0 pos=[-0.10900007  0.10900016  0.49140242] bottom_world=[-0.1090003   0.10900002  0.47140242] quat=[3.8268217e-01 3.9266242e-06 5.3785911e-06 9.2388016e-01] speed=0.0010 ang_speed=0.0027 ang_vel_vec=[ 0.00178208 -0.00189023 -0.00086432] |com_force|=0.0000N
### kotek_magnet[tick=6240] sensor1: d=0.4082m in_range=False f_mag=0.000N tau_mag=0.0000Nm misalign_deg=90.0 pos=[0.10880255 0.10900909 0.49140227] bottom_world=[0.10880275 0.1090091  0.47140227] quat=[ 9.2484194e-01 -1.6575522e-06 -4.6971645e-06  3.8035169e-01] speed=0.0010 ang_speed=0.0020 ang_vel_vec=[-0.00120204  0.00035975  0.00153187] |com_force|=0.0000N
### kotek_magnet[tick=6240] sensor2: d=0.3208m in_range=False f_mag=0.000N tau_mag=0.0000Nm misalign_deg=90.0 pos=[ 0.10902464 -0.10904588  0.49140105] bottom_world=[ 0.1090245  -0.10904595  0.47140105] quat=[ 9.2300063e-01 -3.0864883e-06  2.6848834e-06 -3.8479859e-01] speed=0.0006 ang_speed=0.0050 ang_vel_vec=[ 0.00228449 -0.00446207  0.00059443] |com_force|=0.0000N
### kotek_magnet[tick=6240] sensor3: d=0.5470m in_range=False f_mag=0.000N tau_mag=0.0000Nm misalign_deg=90.0 pos=[-0.10910729 -0.10914579  0.49140102] bottom_world=[-0.10910728 -0.10914575  0.47140102] quat=[-3.8058338e-01 -7.3979299e-07 -7.4850141e-07  9.2474657e-01] speed=0.0003 ang_speed=0.0054 ang_vel_vec=[0.00489239 0.0021418  0.00044282] |com_force|=0.0000N
### kotek_magnet[tick=6240] sensor4: d=0.5249m in_range=False f_mag=0.000N tau_mag=0.0000Nm misalign_deg=90.0 pos=[-0.10900009  0.10900023  0.49140233] bottom_world=[-0.10900031  0.10900008  0.47140233] quat=[3.8268206e-01 3.6669649e-06 5.5152600e-06 9.2388010e-01] speed=0.0010 ang_speed=0.0023 ang_vel_vec=[ 0.00165973 -0.00143474 -0.00069292] |com_force|=0.0000N
### kotek_magnet[tick=6300] sensor1: d=0.4082m in_range=False f_mag=0.000N tau_mag=0.0000Nm misalign_deg=90.0 pos=[0.10880259 0.10900907 0.4914024 ] bottom_world=[0.10880279 0.1090091  0.47140239] quat=[ 9.2484200e-01 -1.2563953e-06 -4.6479026e-06  3.8035154e-01] speed=0.0010 ang_speed=0.0028 ang_vel_vec=[-0.00237275 -0.00013892  0.00144863] |com_force|=0.0000N
### kotek_magnet[tick=6300] sensor2: d=0.3208m in_range=False f_mag=0.000N tau_mag=0.0000Nm misalign_deg=90.0 pos=[ 0.10902445 -0.10904565  0.4914011 ] bottom_world=[ 0.10902435 -0.10904574  0.47140111] quat=[ 9.2300045e-01 -2.9374655e-06  1.5081687e-06 -3.8479900e-01] speed=0.0010 ang_speed=0.0021 ang_vel_vec=[0.00049192 0.00151296 0.00144312] |com_force|=0.0000N
### kotek_magnet[tick=6300] sensor3: d=0.5470m in_range=False f_mag=0.000N tau_mag=0.0000Nm misalign_deg=90.0 pos=[-0.10910645 -0.10914586  0.49140114] bottom_world=[-0.10910664 -0.10914567  0.47140114] quat=[-3.8058296e-01  2.4389453e-06 -6.4023334e-06  9.2474681e-01] speed=0.0009 ang_speed=0.0026 ang_vel_vec=[2.1183619e-03 5.4377114e-08 1.4963781e-03] |com_force|=0.0000N
### kotek_magnet[tick=6300] sensor4: d=0.5249m in_range=False f_mag=0.000N tau_mag=0.0000Nm misalign_deg=90.0 pos=[-0.10900006  0.10900021  0.4914023 ] bottom_world=[-0.10900028  0.10900007  0.4714023 ] quat=[3.8268217e-01 3.8383942e-06 5.5129494e-06 9.2388016e-01] speed=0.0010 ang_speed=0.0025 ang_vel_vec=[ 0.00167348 -0.0017491  -0.00076624] |com_force|=0.0000N
### kotek_magnet[tick=6360] sensor1: d=0.4082m in_range=False f_mag=0.000N tau_mag=0.0000Nm misalign_deg=90.0 pos=[0.10880258 0.10900933 0.49140227] bottom_world=[0.1088028  0.10900924 0.47140227] quat=[ 9.2484194e-01 -4.0543750e-06 -4.2719153e-06  3.8035196e-01] speed=0.0009 ang_speed=0.0033 ang_vel_vec=[3.2249356e-03 4.8074948e-05 5.5907085e-04] |com_force|=0.0000N
### kotek_magnet[tick=6360] sensor2: d=0.3208m in_range=False f_mag=0.000N tau_mag=0.0000Nm misalign_deg=90.0 pos=[ 0.10902447 -0.10904562  0.4914011 ] bottom_world=[ 0.10902436 -0.10904571  0.47140111] quat=[ 9.2300045e-01 -3.0438639e-06  1.5215101e-06 -3.8479897e-01] speed=0.0010 ang_speed=0.0019 ang_vel_vec=[0.00046252 0.00143257 0.00122935] |com_force|=0.0000N
### kotek_magnet[tick=6360] sensor3: d=0.5470m in_range=False f_mag=0.000N tau_mag=0.0000Nm misalign_deg=90.0 pos=[-0.10910646 -0.10914588  0.4914011 ] bottom_world=[-0.10910665 -0.10914568  0.47140111] quat=[-3.8058308e-01  2.4413534e-06 -6.4573410e-06  9.2474681e-01] speed=0.0009 ang_speed=0.0023 ang_vel_vec=[ 1.8818483e-03 -4.5063192e-05  1.2839655e-03] |com_force|=0.0000N
### kotek_magnet[tick=6360] sensor4: d=0.5249m in_range=False f_mag=0.000N tau_mag=0.0000Nm misalign_deg=90.0 pos=[-0.10900037  0.10899954  0.49140227] bottom_world=[-0.10900035  0.1089996   0.47140227] quat=[ 3.8268226e-01  1.8795886e-07 -1.5738221e-06  9.2388010e-01] speed=0.0005 ang_speed=0.0026 ang_vel_vec=[ 0.00201286  0.001266   -0.00096201] |com_force|=0.0000N
### kotek_magnet[tick=6420] sensor1: d=0.4082m in_range=False f_mag=0.000N tau_mag=0.0000Nm misalign_deg=90.0 pos=[0.10880256 0.10900909 0.4914023 ] bottom_world=[0.10880276 0.10900911 0.4714023 ] quat=[ 9.2484200e-01 -1.3951319e-06 -4.6734999e-06  3.8035181e-01] speed=0.0010 ang_speed=0.0026 ang_vel_vec=[-2.1664852e-03 -8.3616469e-05  1.4145252e-03] |com_force|=0.0000N
### kotek_magnet[tick=6420] sensor2: d=0.3208m in_range=False f_mag=0.000N tau_mag=0.0000Nm misalign_deg=90.0 pos=[ 0.10902447 -0.10904565  0.4914011 ] bottom_world=[ 0.10902437 -0.10904574  0.47140111] quat=[ 9.2300040e-01 -2.9319735e-06  1.4547975e-06 -3.8479891e-01] speed=0.0010 ang_speed=0.0023 ang_vel_vec=[0.00041982 0.00171956 0.00141549] |com_force|=0.0000N
### kotek_magnet[tick=6420] sensor3: d=0.5470m in_range=False f_mag=0.000N tau_mag=0.0000Nm misalign_deg=90.0 pos=[-0.10910726 -0.1091458   0.491401  ] bottom_world=[-0.10910724 -0.10914576  0.47140099] quat=[-3.8058341e-01 -8.2549570e-07 -6.9633234e-07  9.2474657e-01] speed=0.0002 ang_speed=0.0055 ang_vel_vec=[0.00483685 0.00259975 0.00038267] |com_force|=0.0000N
### kotek_magnet[tick=6420] sensor4: d=0.5249m in_range=False f_mag=0.000N tau_mag=0.0000Nm misalign_deg=90.0 pos=[-0.10900009  0.10900021  0.49140236] bottom_world=[-0.10900031  0.10900006  0.47140236] quat=[3.8268206e-01 3.7925076e-06 5.5146670e-06 9.2388010e-01] speed=0.0010 ang_speed=0.0026 ang_vel_vec=[ 0.00173584 -0.00168725 -0.00080664] |com_force|=0.0000N
### kotek_magnet[tick=6480] sensor1: d=0.4082m in_range=False f_mag=0.000N tau_mag=0.0000Nm misalign_deg=90.0 pos=[0.10880257 0.1090093  0.49140233] bottom_world=[0.10880279 0.10900922 0.47140233] quat=[ 9.2484194e-01 -4.1198887e-06 -4.2503498e-06  3.8035166e-01] speed=0.0009 ang_speed=0.0036 ang_vel_vec=[3.4963018e-03 8.0303587e-05 8.7837386e-04] |com_force|=0.0000N
### kotek_magnet[tick=6480] sensor2: d=0.3208m in_range=False f_mag=0.000N tau_mag=0.0000Nm misalign_deg=90.0 pos=[ 0.10902464 -0.10904588  0.4914011 ] bottom_world=[ 0.1090245  -0.10904594  0.47140111] quat=[ 9.2300057e-01 -2.8966399e-06  2.6060256e-06 -3.8479865e-01] speed=0.0006 ang_speed=0.0048 ang_vel_vec=[ 0.00216852 -0.00421296  0.00062281] |com_force|=0.0000N
### kotek_magnet[tick=6480] sensor3: d=0.5470m in_range=False f_mag=0.000N tau_mag=0.0000Nm misalign_deg=90.0 pos=[-0.1091067  -0.10914607  0.49140105] bottom_world=[-0.10910688 -0.10914582  0.47140105] quat=[-3.8058344e-01  1.6714783e-06 -7.5732164e-06  9.2474669e-01] speed=0.0006 ang_speed=0.0042 ang_vel_vec=[-0.00378677 -0.00174924  0.00063756] |com_force|=0.0000N
### kotek_magnet[tick=6480] sensor4: d=0.5249m in_range=False f_mag=0.000N tau_mag=0.0000Nm misalign_deg=90.0 pos=[-0.10900006  0.10900021  0.49140227] bottom_world=[-0.10900028  0.10900007  0.47140227] quat=[3.8268220e-01 3.6901074e-06 5.3010749e-06 9.2388010e-01] speed=0.0010 ang_speed=0.0024 ang_vel_vec=[ 0.00163682 -0.00156302 -0.00066296] |com_force|=0.0000N
### kotek_magnet[tick=6540] sensor1: d=0.4082m in_range=False f_mag=0.000N tau_mag=0.0000Nm misalign_deg=90.0 pos=[0.10880259 0.10900909 0.4914024 ] bottom_world=[0.10880278 0.1090091  0.47140239] quat=[ 9.2484200e-01 -1.4048196e-06 -4.5671259e-06  3.8035157e-01] speed=0.0010 ang_speed=0.0026 ang_vel_vec=[-0.00219618 -0.0001139   0.00138838] |com_force|=0.0000N
### kotek_magnet[tick=6540] sensor2: d=0.3208m in_range=False f_mag=0.000N tau_mag=0.0000Nm misalign_deg=90.0 pos=[ 0.10902435 -0.10904734  0.49140117] bottom_world=[ 0.10902459 -0.10904697  0.47140117] quat=[ 9.2300087e-01  1.0813582e-05 -1.8515161e-06 -3.8479805e-01] speed=0.0010 ang_speed=0.0027 ang_vel_vec=[-0.00163426  0.00202999 -0.00082756] |com_force|=0.0000N
### kotek_magnet[tick=6540] sensor3: d=0.5470m in_range=False f_mag=0.000N tau_mag=0.0000Nm misalign_deg=90.0 pos=[-0.10910817 -0.10914577  0.49140117] bottom_world=[-0.10910791 -0.10914589  0.47140117] quat=[-3.8058400e-01 -4.8176880e-06  5.3044123e-06  9.2474639e-01] speed=0.0010 ang_speed=0.0026 ang_vel_vec=[ 0.00192875  0.00150984 -0.00083528] |com_force|=0.0000N
### kotek_magnet[tick=6540] sensor4: d=0.5249m in_range=False f_mag=0.000N tau_mag=0.0000Nm misalign_deg=90.0 pos=[-0.10900006  0.10900018  0.49140233] bottom_world=[-0.10900029  0.10900002  0.47140233] quat=[3.8268220e-01 3.7475459e-06 5.7194229e-06 9.2388016e-01] speed=0.0010 ang_speed=0.0028 ang_vel_vec=[ 0.00193419 -0.00186801 -0.00082036] |com_force|=0.0000N
### kotek_magnet[tick=6600] sensor1: d=0.4082m in_range=False f_mag=0.000N tau_mag=0.0000Nm misalign_deg=90.0 pos=[0.10880435 0.10900896 0.49140236] bottom_world=[0.10880408 0.1090093  0.47140236] quat=[9.2484158e-01 1.0433357e-05 2.7670142e-06 3.8035277e-01] speed=0.0010 ang_speed=0.0024 ang_vel_vec=[-0.00173384 -0.00147744 -0.00072132] |com_force|=0.0000N
### kotek_magnet[tick=6600] sensor2: d=0.3208m in_range=False f_mag=0.000N tau_mag=0.0000Nm misalign_deg=90.0 pos=[ 0.10902448 -0.10904565  0.49140117] bottom_world=[ 0.10902438 -0.10904574  0.47140117] quat=[ 9.2300045e-01 -2.8901011e-06  1.5014425e-06 -3.8479894e-01] speed=0.0010 ang_speed=0.0023 ang_vel_vec=[0.00043108 0.00157605 0.00155135] |com_force|=0.0000N
### kotek_magnet[tick=6600] sensor3: d=0.5470m in_range=False f_mag=0.000N tau_mag=0.0000Nm misalign_deg=90.0 pos=[-0.1091065  -0.10914589  0.49140114] bottom_world=[-0.10910668 -0.1091457   0.47140114] quat=[-3.8058302e-01  2.3301009e-06 -6.3505663e-06  9.2474681e-01] speed=0.0009 ang_speed=0.0027 ang_vel_vec=[0.0022098  0.00010132 0.00159502] |com_force|=0.0000N
### kotek_magnet[tick=6600] sensor4: d=0.5249m in_range=False f_mag=0.000N tau_mag=0.0000Nm misalign_deg=90.0 pos=[-0.10900009  0.1089993   0.49140218] bottom_world=[-0.10900017  0.10899934  0.47140218] quat=[ 3.8268274e-01  2.2457803e-06 -1.3152453e-07  9.2387986e-01] speed=0.0002 ang_speed=0.0027 ang_vel_vec=[ 0.00205378 -0.00172302  0.00056136] |com_force|=0.0000N
### kotek_magnet[tick=6660] sensor1: d=0.4082m in_range=False f_mag=0.000N tau_mag=0.0000Nm misalign_deg=90.0 pos=[0.10880432 0.10900897 0.49140233] bottom_world=[0.10880405 0.10900931 0.47140233] quat=[9.2484152e-01 1.0420473e-05 2.7991080e-06 3.8035268e-01] speed=0.0010 ang_speed=0.0024 ang_vel_vec=[-0.00169537 -0.00155544 -0.00083114] |com_force|=0.0000N
### kotek_magnet[tick=6660] sensor2: d=0.3208m in_range=False f_mag=0.000N tau_mag=0.0000Nm misalign_deg=90.0 pos=[ 0.10902444 -0.10904567  0.49140108] bottom_world=[ 0.10902434 -0.10904575  0.47140108] quat=[ 9.2300045e-01 -2.8984816e-06  1.4971652e-06 -3.8479897e-01] speed=0.0010 ang_speed=0.0022 ang_vel_vec=[0.00053125 0.00149051 0.00145845] |com_force|=0.0000N
### kotek_magnet[tick=6660] sensor3: d=0.5470m in_range=False f_mag=0.000N tau_mag=0.0000Nm misalign_deg=90.0 pos=[-0.10910754 -0.10914608  0.4914011 ] bottom_world=[-0.10910749 -0.10914595  0.47140111] quat=[-3.8058376e-01 -2.5130735e-06 -2.5753650e-06  9.2474645e-01] speed=0.0005 ang_speed=0.0026 ang_vel_vec=[-0.00149124  0.00194965 -0.00069998] |com_force|=0.0000N
### kotek_magnet[tick=6660] sensor4: d=0.5249m in_range=False f_mag=0.000N tau_mag=0.0000Nm misalign_deg=90.0 pos=[-0.1090002   0.10899849  0.49140233] bottom_world=[-0.10900009  0.10899881  0.47140233] quat=[ 3.8268304e-01  4.3789953e-07 -8.2966826e-06  9.2387968e-01] speed=0.0009 ang_speed=0.0017 ang_vel_vec=[-0.00061319 -0.00085735  0.00136784] |com_force|=0.0000N
### kotek_magnet[tick=6720] sensor1: d=0.4082m in_range=False f_mag=0.000N tau_mag=0.0000Nm misalign_deg=90.0 pos=[0.10880432 0.10900896 0.49140236] bottom_world=[0.10880405 0.10900931 0.47140236] quat=[9.24841523e-01 1.07160295e-05 2.81975758e-06 3.80352736e-01] speed=0.0010 ang_speed=0.0028 ang_vel_vec=[-0.00199194 -0.00181273 -0.00089729] |com_force|=0.0000N
### kotek_magnet[tick=6720] sensor2: d=0.3208m in_range=False f_mag=0.000N tau_mag=0.0000Nm misalign_deg=90.0 pos=[ 0.10902464 -0.10904671  0.4914011 ] bottom_world=[ 0.10902463 -0.10904654  0.47140111] quat=[ 9.2300075e-01  3.9273900e-06  1.9917932e-06 -3.8479811e-01] speed=0.0004 ang_speed=0.0025 ang_vel_vec=[-0.00196394 -0.0012638  -0.00074777] |com_force|=0.0000N
### kotek_magnet[tick=6720] sensor3: d=0.5470m in_range=False f_mag=0.000N tau_mag=0.0000Nm misalign_deg=90.0 pos=[-0.10910752 -0.1091461   0.49140114] bottom_world=[-0.10910746 -0.10914597  0.47140114] quat=[-3.8058391e-01 -2.6014563e-06 -2.3767166e-06  9.2474639e-01] speed=0.0005 ang_speed=0.0024 ang_vel_vec=[-0.00105189  0.00205539 -0.00074189] |com_force|=0.0000N
### kotek_magnet[tick=6720] sensor4: d=0.5249m in_range=False f_mag=0.000N tau_mag=0.0000Nm misalign_deg=90.0 pos=[-0.10900023  0.10899851  0.49140245] bottom_world=[-0.10900013  0.10899882  0.47140245] quat=[ 3.8268310e-01  6.1596097e-07 -8.1410435e-06  9.2387980e-01] speed=0.0009 ang_speed=0.0020 ang_vel_vec=[-0.00024189 -0.0014827   0.00130478] |com_force|=0.0000N
### kotek_magnet[tick=6780] sensor1: d=0.4082m in_range=False f_mag=0.000N tau_mag=0.0000Nm misalign_deg=90.0 pos=[0.10880384 0.10900919 0.49140236] bottom_world=[0.10880374 0.10900931 0.47140236] quat=[9.2484152e-01 3.7374816e-06 1.0326787e-06 3.8035262e-01] speed=0.0006 ang_speed=0.0026 ang_vel_vec=[ 0.00044474 -0.00234772 -0.00089121] |com_force|=0.0000N
### kotek_magnet[tick=6780] sensor2: d=0.3208m in_range=False f_mag=0.000N tau_mag=0.0000Nm misalign_deg=90.0 pos=[ 0.1090245  -0.10904567  0.4914011 ] bottom_world=[ 0.10902439 -0.10904576  0.47140111] quat=[ 9.2300045e-01 -3.2299370e-06  1.6665526e-06 -3.8479900e-01] speed=0.0010 ang_speed=0.0021 ang_vel_vec=[0.00062167 0.00134125 0.00147822] |com_force|=0.0000N
### kotek_magnet[tick=6780] sensor3: d=0.5470m in_range=False f_mag=0.000N tau_mag=0.0000Nm misalign_deg=90.0 pos=[-0.10910648 -0.10914594  0.49140114] bottom_world=[-0.10910667 -0.10914574  0.47140114] quat=[-3.8058293e-01  2.4434119e-06 -6.3620973e-06  9.2474675e-01] speed=0.0009 ang_speed=0.0029 ang_vel_vec=[0.0024286  0.00019128 0.00153154] |com_force|=0.0000N
### kotek_magnet[tick=6780] sensor4: d=0.5249m in_range=False f_mag=0.000N tau_mag=0.0000Nm misalign_deg=90.0 pos=[-0.10900036  0.1089987   0.4914023 ] bottom_world=[-0.10900021  0.10899899  0.4714023 ] quat=[ 3.8268265e-01 -6.2240736e-07 -8.1459430e-06  9.2387986e-01] speed=0.0006 ang_speed=0.0047 ang_vel_vec=[-0.00175738  0.00432088  0.00050133] |com_force|=0.0000N
### kotek_magnet[tick=6840] sensor1: d=0.4082m in_range=False f_mag=0.000N tau_mag=0.0000Nm misalign_deg=90.0 pos=[0.10880288 0.10900921 0.49140233] bottom_world=[0.10880305 0.10900919 0.47140233] quat=[ 9.2484194e-01 -2.1464662e-06 -3.7224424e-06  3.8035196e-01] speed=0.0006 ang_speed=0.0042 ang_vel_vec=[0.00387884 0.00156364 0.00046381] |com_force|=0.0000N
### kotek_magnet[tick=6840] sensor2: d=0.3208m in_range=False f_mag=0.000N tau_mag=0.0000Nm misalign_deg=90.0 pos=[ 0.10902464 -0.10904595  0.4914011 ] bottom_world=[ 0.1090245  -0.10904601  0.47140111] quat=[ 9.2300057e-01 -2.7292363e-06  2.5978522e-06 -3.8479862e-01] speed=0.0007 ang_speed=0.0045 ang_vel_vec=[ 0.00196899 -0.00397649  0.00041388] |com_force|=0.0000N
### kotek_magnet[tick=6840] sensor3: d=0.5470m in_range=False f_mag=0.000N tau_mag=0.0000Nm misalign_deg=90.0 pos=[-0.10910819 -0.10914581  0.49140114] bottom_world=[-0.10910792 -0.10914593  0.47140114] quat=[-3.8058397e-01 -5.0407289e-06  5.4814218e-06  9.2474639e-01] speed=0.0010 ang_speed=0.0032 ang_vel_vec=[ 0.00238174  0.00192317 -0.00091906] |com_force|=0.0000N
### kotek_magnet[tick=6840] sensor4: d=0.5249m in_range=False f_mag=0.000N tau_mag=0.0000Nm misalign_deg=90.0 pos=[-0.10900021  0.10899846  0.49140224] bottom_world=[-0.10900009  0.10899878  0.47140224] quat=[ 3.8268307e-01  3.9722784e-07 -8.2911847e-06  9.2387974e-01] speed=0.0009 ang_speed=0.0016 ang_vel_vec=[-0.00046639 -0.00084013  0.00122647] |com_force|=0.0000N
### still playing, 1279s left
### kotek_magnet[tick=6900] sensor1: d=0.4082m in_range=False f_mag=0.000N tau_mag=0.0000Nm misalign_deg=90.0 pos=[0.10880259 0.10900903 0.4914024 ] bottom_world=[0.10880277 0.10900906 0.47140239] quat=[ 9.2484206e-01 -1.0692207e-06 -4.5634483e-06  3.8035163e-01] speed=0.0010 ang_speed=0.0031 ang_vel_vec=[-0.00271612 -0.00051017  0.00138435] |com_force|=0.0000N
### kotek_magnet[tick=6900] sensor2: d=0.3208m in_range=False f_mag=0.000N tau_mag=0.0000Nm misalign_deg=90.0 pos=[ 0.1090245  -0.10904571  0.4914011 ] bottom_world=[ 0.10902441 -0.10904579  0.47140111] quat=[ 9.2300045e-01 -2.8298741e-06  1.4292755e-06 -3.8479897e-01] speed=0.0010 ang_speed=0.0022 ang_vel_vec=[0.00047225 0.00165914 0.00139629] |com_force|=0.0000N
### kotek_magnet[tick=6900] sensor3: d=0.5470m in_range=False f_mag=0.000N tau_mag=0.0000Nm misalign_deg=90.0 pos=[-0.10910752 -0.10914614  0.49140117] bottom_world=[-0.10910746 -0.10914601  0.47140117] quat=[-3.8058379e-01 -2.5643312e-06 -2.3672576e-06  9.2474645e-01] speed=0.0004 ang_speed=0.0023 ang_vel_vec=[-0.00058406  0.00211905 -0.00078325] |com_force|=0.0000N
### kotek_magnet[tick=6900] sensor4: d=0.5249m in_range=False f_mag=0.000N tau_mag=0.0000Nm misalign_deg=90.0 pos=[-0.10900021  0.10899847  0.49140227] bottom_world=[-0.10900011  0.10899878  0.47140227] quat=[ 3.8268307e-01  5.8444596e-07 -8.0756099e-06  9.2387968e-01] speed=0.0009 ang_speed=0.0022 ang_vel_vec=[ 8.3870509e-05 -1.7359504e-03  1.2685305e-03] |com_force|=0.0000N
### kotek_magnet[tick=6960] sensor1: d=0.4082m in_range=False f_mag=0.000N tau_mag=0.0000Nm misalign_deg=90.0 pos=[0.10880263 0.1090091  0.49140227] bottom_world=[0.10880281 0.10900913 0.47140227] quat=[ 9.2484206e-01 -9.8410408e-07 -4.4969570e-06  3.8035157e-01] speed=0.0010 ang_speed=0.0027 ang_vel_vec=[-0.00213268 -0.00039974  0.0015517 ] |com_force|=0.0000N
### kotek_magnet[tick=6960] sensor2: d=0.3208m in_range=False f_mag=0.000N tau_mag=0.0000Nm misalign_deg=90.0 pos=[ 0.10902444 -0.10904671  0.49140108] bottom_world=[ 0.10902454 -0.10904651  0.47140108] quat=[ 9.2300069e-01  5.5794812e-06 -5.4682505e-07 -3.8479838e-01] speed=0.0003 ang_speed=0.0035 ang_vel_vec=[-0.00268714  0.00218936 -0.00017851] |com_force|=0.0000N
### kotek_magnet[tick=6960] sensor3: d=0.5470m in_range=False f_mag=0.000N tau_mag=0.0000Nm misalign_deg=90.0 pos=[-0.10910759 -0.10914583  0.49140108] bottom_world=[-0.1091075  -0.10914583  0.47140108] quat=[-3.8058361e-01 -2.1303879e-06  8.8261572e-07  9.2474657e-01] speed=0.0004 ang_speed=0.0030 ang_vel_vec=[ 0.00173351  0.0024295  -0.00020012] |com_force|=0.0000N
### kotek_magnet[tick=6960] sensor4: d=0.5249m in_range=False f_mag=0.000N tau_mag=0.0000Nm misalign_deg=90.0 pos=[-0.1090001   0.10900024  0.4914023 ] bottom_world=[-0.10900031  0.1090001   0.4714023 ] quat=[3.8268211e-01 3.5775665e-06 5.1050542e-06 9.2388010e-01] speed=0.0011 ang_speed=0.0011 ang_vel_vec=[ 0.0006449  -0.00059402 -0.00069751] |com_force|=0.0000N
### kotek_magnet[tick=7020] sensor1: d=0.4082m in_range=False f_mag=0.000N tau_mag=0.0000Nm misalign_deg=90.0 pos=[0.10880262 0.10900936 0.49140227] bottom_world=[0.10880282 0.10900928 0.47140227] quat=[ 9.2484194e-01 -3.6190283e-06 -3.9252855e-06  3.8035187e-01] speed=0.0008 ang_speed=0.0023 ang_vel_vec=[ 0.00189861 -0.00097393  0.00084509] |com_force|=0.0000N
### kotek_magnet[tick=7020] sensor2: d=0.3208m in_range=False f_mag=0.000N tau_mag=0.0000Nm misalign_deg=90.0 pos=[ 0.10902439 -0.10904735  0.49140105] bottom_world=[ 0.10902461 -0.10904699  0.47140105] quat=[ 9.2300081e-01  1.0447479e-05 -1.5358335e-06 -3.8479793e-01] speed=0.0009 ang_speed=0.0022 ang_vel_vec=[-0.00129379  0.00162387 -0.00073948] |com_force|=0.0000N
### kotek_magnet[tick=7020] sensor3: d=0.5470m in_range=False f_mag=0.000N tau_mag=0.0000Nm misalign_deg=90.0 pos=[-0.10910816 -0.10914576  0.4914011 ] bottom_world=[-0.1091079  -0.10914588  0.47140111] quat=[-3.8058421e-01 -4.9365312e-06  5.2420387e-06  9.2474639e-01] speed=0.0010 ang_speed=0.0022 ang_vel_vec=[ 0.00156794  0.00133448 -0.00077862] |com_force|=0.0000N
### kotek_magnet[tick=7020] sensor4: d=0.5249m in_range=False f_mag=0.000N tau_mag=0.0000Nm misalign_deg=90.0 pos=[-0.10900009  0.10900025  0.49140233] bottom_world=[-0.10900031  0.10900011  0.47140233] quat=[3.8268211e-01 3.7296415e-06 5.2854798e-06 9.2388010e-01] speed=0.0010 ang_speed=0.0016 ang_vel_vec=[ 0.00098615 -0.00096783 -0.00072626] |com_force|=0.0000N
### kotek_magnet[tick=7080] sensor1: d=0.4082m in_range=False f_mag=0.000N tau_mag=0.0000Nm misalign_deg=90.0 pos=[0.10880288 0.10900923 0.49140236] bottom_world=[0.10880306 0.10900918 0.47140236] quat=[ 9.2484188e-01 -2.6640032e-06 -3.5284982e-06  3.8035187e-01] speed=0.0006 ang_speed=0.0039 ang_vel_vec=[0.00368509 0.00087168 0.00075288] |com_force|=0.0000N
### kotek_magnet[tick=7080] sensor2: d=0.3208m in_range=False f_mag=0.000N tau_mag=0.0000Nm misalign_deg=90.0 pos=[ 0.10902467 -0.10904673  0.49140105] bottom_world=[ 0.10902465 -0.10904657  0.47140105] quat=[ 9.2300075e-01  3.3535382e-06  1.8718810e-06 -3.8479811e-01] speed=0.0004 ang_speed=0.0018 ang_vel_vec=[-0.00151489 -0.0008391  -0.00059703] |com_force|=0.0000N
### kotek_magnet[tick=7080] sensor3: d=0.5470m in_range=False f_mag=0.000N tau_mag=0.0000Nm misalign_deg=90.0 pos=[-0.10910819 -0.10914581  0.4914011 ] bottom_world=[-0.10910794 -0.10914592  0.47140111] quat=[-3.8058391e-01 -4.6153846e-06  4.8915863e-06  9.2474639e-01] speed=0.0010 ang_speed=0.0019 ang_vel_vec=[ 0.00153149  0.0009629  -0.00069787] |com_force|=0.0000N
### kotek_magnet[tick=7080] sensor4: d=0.5249m in_range=False f_mag=0.000N tau_mag=0.0000Nm misalign_deg=90.0 pos=[-0.1090001   0.10900018  0.4914023 ] bottom_world=[-0.1090003   0.10900005  0.4714023 ] quat=[3.8268220e-01 3.3407434e-06 4.8980201e-06 9.2388010e-01] speed=0.0010 ang_speed=0.0010 ang_vel_vec=[ 0.00072596 -0.00031853 -0.00062148] |com_force|=0.0000N
### kotek_magnet[tick=7140] sensor1: d=0.4082m in_range=False f_mag=0.000N tau_mag=0.0000Nm misalign_deg=90.0 pos=[0.10880285 0.1090093  0.49140224] bottom_world=[0.10880302 0.10900926 0.47140224] quat=[ 9.2484182e-01 -2.6191026e-06 -3.4983352e-06  3.8035199e-01] speed=0.0006 ang_speed=0.0030 ang_vel_vec=[0.00296267 0.00055959 0.00044498] |com_force|=0.0000N
### kotek_magnet[tick=7140] sensor2: d=0.3208m in_range=False f_mag=0.000N tau_mag=0.0000Nm misalign_deg=90.0 pos=[ 0.10902469 -0.10904585  0.49140108] bottom_world=[ 0.10902454 -0.10904592  0.47140108] quat=[ 9.2300057e-01 -3.0957240e-06  2.7780668e-06 -3.8479853e-01] speed=0.0007 ang_speed=0.0041 ang_vel_vec=[ 0.00154059 -0.00377389  0.00037922] |com_force|=0.0000N
### kotek_magnet[tick=7140] sensor3: d=0.5470m in_range=False f_mag=0.000N tau_mag=0.0000Nm misalign_deg=90.0 pos=[-0.10910667 -0.10914604  0.4914011 ] bottom_world=[-0.10910685 -0.10914579  0.47140111] quat=[-3.8058338e-01  1.6548290e-06 -7.5264747e-06  9.2474663e-01] speed=0.0006 ang_speed=0.0041 ang_vel_vec=[-0.00374802 -0.00163841  0.00039629] |com_force|=0.0000N
### kotek_magnet[tick=7140] sensor4: d=0.5249m in_range=False f_mag=0.000N tau_mag=0.0000Nm misalign_deg=90.0 pos=[-0.10900011  0.10900021  0.49140224] bottom_world=[-0.10900031  0.10900008  0.47140224] quat=[3.8268217e-01 3.4818038e-06 4.9318169e-06 9.2388016e-01] speed=0.0010 ang_speed=0.0013 ang_vel_vec=[ 0.00062622 -0.00069797 -0.00092177] |com_force|=0.0000N
### kotek_magnet[tick=7200] sensor1: d=0.4082m in_range=False f_mag=0.000N tau_mag=0.0000Nm misalign_deg=90.0 pos=[0.10880263 0.10900909 0.49140233] bottom_world=[0.1088028  0.10900914 0.47140233] quat=[ 9.2484200e-01 -3.2634219e-07 -4.3131404e-06  3.8035157e-01] speed=0.0009 ang_speed=0.0033 ang_vel_vec=[-0.0027487  -0.00110756  0.0014315 ] |com_force|=0.0000N
### kotek_magnet[tick=7200] sensor2: d=0.3208m in_range=False f_mag=0.000N tau_mag=0.0000Nm misalign_deg=90.0 pos=[ 0.10902444 -0.10904561  0.49140117] bottom_world=[ 0.10902435 -0.10904569  0.47140117] quat=[ 9.2300045e-01 -2.6089535e-06  1.2901578e-06 -3.8479900e-01] speed=0.0010 ang_speed=0.0031 ang_vel_vec=[-0.0002294   0.00276294  0.00137989] |com_force|=0.0000N
### kotek_magnet[tick=7200] sensor3: d=0.5470m in_range=False f_mag=0.000N tau_mag=0.0000Nm misalign_deg=90.0 pos=[-0.10910645 -0.10914584  0.49140114] bottom_world=[-0.10910664 -0.10914565  0.47140114] quat=[-3.8058302e-01  2.4352967e-06 -6.2699637e-06  9.2474687e-01] speed=0.0010 ang_speed=0.0035 ang_vel_vec=[0.00316792 0.00050999 0.00143154] |com_force|=0.0000N
### kotek_magnet[tick=7200] sensor4: d=0.5249m in_range=False f_mag=0.000N tau_mag=0.0000Nm misalign_deg=90.0 pos=[-0.10900007  0.10900025  0.4914023 ] bottom_world=[-0.10900029  0.10900012  0.4714023 ] quat=[3.8268223e-01 3.6880256e-06 5.1913148e-06 9.2388004e-01] speed=0.0011 ang_speed=0.0013 ang_vel_vec=[ 0.00073339 -0.00062258 -0.00082316] |com_force|=0.0000N
### kotek_magnet[tick=7260] sensor1: d=0.4082m in_range=False f_mag=0.000N tau_mag=0.0000Nm misalign_deg=90.0 pos=[0.10880263 0.10900907 0.4914022 ] bottom_world=[0.1088028  0.10900911 0.47140221] quat=[ 9.2484200e-01 -6.7830558e-07 -4.3507343e-06  3.8035154e-01] speed=0.0009 ang_speed=0.0027 ang_vel_vec=[-0.00187249 -0.00059936  0.00183342] |com_force|=0.0000N
### kotek_magnet[tick=7260] sensor2: d=0.3208m in_range=False f_mag=0.000N tau_mag=0.0000Nm misalign_deg=90.0 pos=[ 0.10902447 -0.10904562  0.49140117] bottom_world=[ 0.10902437 -0.10904571  0.47140117] quat=[ 9.2300057e-01 -2.9533703e-06  1.4260046e-06 -3.8479885e-01] speed=0.0010 ang_speed=0.0028 ang_vel_vec=[0.00021311 0.00215113 0.00174767] |com_force|=0.0000N
### kotek_magnet[tick=7260] sensor3: d=0.5470m in_range=False f_mag=0.000N tau_mag=0.0000Nm misalign_deg=90.0 pos=[-0.10910761 -0.10914581  0.4914011 ] bottom_world=[-0.10910751 -0.10914581  0.47140111] quat=[-3.8058364e-01 -2.1369049e-06  8.5115812e-07  9.2474651e-01] speed=0.0005 ang_speed=0.0030 ang_vel_vec=[1.7482912e-03 2.4433653e-03 2.6875559e-05] |com_force|=0.0000N
### kotek_magnet[tick=7260] sensor4: d=0.5249m in_range=False f_mag=0.000N tau_mag=0.0000Nm misalign_deg=90.0 pos=[-0.10900008  0.10900027  0.4914023 ] bottom_world=[-0.10900029  0.10900014  0.4714023 ] quat=[3.826821e-01 3.491568e-06 5.015707e-06 9.238801e-01] speed=0.0011 ang_speed=0.0005 ang_vel_vec=[ 0.0002549  -0.00013005 -0.00045987] |com_force|=0.0000N
### kotek_magnet[tick=7320] sensor1: d=0.4082m in_range=False f_mag=0.000N tau_mag=0.0000Nm misalign_deg=90.0 pos=[0.1088026  0.10900909 0.49140227] bottom_world=[0.10880277 0.10900913 0.47140227] quat=[ 9.2484194e-01 -5.5154641e-07 -4.2586221e-06  3.8035154e-01] speed=0.0009 ang_speed=0.0028 ang_vel_vec=[-0.00225863 -0.0007703   0.00143768] |com_force|=0.0000N
### kotek_magnet[tick=7320] sensor2: d=0.3208m in_range=False f_mag=0.000N tau_mag=0.0000Nm misalign_deg=90.0 pos=[ 0.1090245 -0.1090456  0.4914011] bottom_world=[ 0.10902441 -0.10904569  0.47140111] quat=[ 9.2300057e-01 -2.8853792e-06  1.3029468e-06 -3.8479882e-01] speed=0.0010 ang_speed=0.0030 ang_vel_vec=[-0.00029689  0.00261912  0.00138152] |com_force|=0.0000N
### kotek_magnet[tick=7320] sensor3: d=0.5470m in_range=False f_mag=0.000N tau_mag=0.0000Nm misalign_deg=90.0 pos=[-0.10910821 -0.10914576  0.49140105] bottom_world=[-0.10910794 -0.10914589  0.47140105] quat=[-3.8058418e-01 -4.9362998e-06  5.5345345e-06  9.2474639e-01] speed=0.0010 ang_speed=0.0026 ang_vel_vec=[ 0.00187169  0.00156511 -0.00089998] |com_force|=0.0000N
### kotek_magnet[tick=7320] sensor4: d=0.5249m in_range=False f_mag=0.000N tau_mag=0.0000Nm misalign_deg=90.0 pos=[-0.10900036  0.10899878  0.49140227] bottom_world=[-0.1090002   0.10899906  0.47140227] quat=[ 3.8268274e-01 -9.2577011e-07 -7.8071971e-06  9.2387986e-01] speed=0.0005 ang_speed=0.0034 ang_vel_vec=[-0.00079813  0.0032695   0.00043226] |com_force|=0.0000N
### kotek_magnet[tick=7380] sensor1: d=0.4084m in_range=False f_mag=0.000N tau_mag=0.0000Nm misalign_deg=91.9 pos=[0.10951822 0.10838306 0.49216285] bottom_world=[0.10885795 0.10901105 0.47218362] quat=[0.92437464 0.02080904 0.00928472 0.38080487] speed=0.0712 ang_speed=2.4562 ang_vel_vec=[ 1.7627741  1.1533937 -1.2630756] |com_force|=0.0000N
### kotek_magnet[tick=7380] sensor2: d=0.3208m in_range=False f_mag=0.000N tau_mag=0.0000Nm misalign_deg=90.0 pos=[ 0.10902461 -0.10904595  0.49140117] bottom_world=[ 0.10902449 -0.10904602  0.47140117] quat=[ 9.2300057e-01 -2.6739187e-06  2.3245655e-06 -3.8479859e-01] speed=0.0006 ang_speed=0.0054 ang_vel_vec=[ 0.00265733 -0.00462822  0.00051666] |com_force|=0.0000N
### kotek_magnet[tick=7380] sensor3: d=0.5470m in_range=False f_mag=0.000N tau_mag=0.0000Nm misalign_deg=90.0 pos=[-0.10910726 -0.10914588  0.4914011 ] bottom_world=[-0.10910722 -0.10914583  0.47140111] quat=[-3.8058355e-01 -1.3745025e-06 -7.5194623e-07  9.2474663e-01] speed=0.0002 ang_speed=0.0029 ang_vel_vec=[0.00233884 0.00167726 0.00023636] |com_force|=0.0000N
### kotek_magnet[tick=7380] sensor4: d=0.5249m in_range=False f_mag=0.000N tau_mag=0.0000Nm misalign_deg=90.0 pos=[-0.10900038  0.10899875  0.4914023 ] bottom_world=[-0.10900023  0.10899903  0.4714023 ] quat=[ 3.8268280e-01 -7.9384967e-07 -7.9482134e-06  9.2387980e-01] speed=0.0006 ang_speed=0.0040 ang_vel_vec=[-0.00119147  0.00374876  0.00043352] |com_force|=0.0000N
### kotek_magnet[tick=7440] sensor1: d=0.4095m in_range=False f_mag=0.000N tau_mag=0.0000Nm misalign_deg=103.1 pos=[0.11691265 0.10455628 0.4925674 ] bottom_world=[0.11237917 0.11328226 0.47515174] quat=[0.90352744 0.2525211  0.02901467 0.34500647] speed=0.1203 ang_speed=5.5287 ang_vel_vec=[ 2.0819085 -0.8436811  5.051788 ] |com_force|=0.0000N
### kotek_magnet[tick=7440] sensor2: d=0.3208m in_range=False f_mag=0.000N tau_mag=0.0000Nm misalign_deg=90.0 pos=[ 0.10902442 -0.1090458   0.49140102] bottom_world=[ 0.10902435 -0.10904586  0.47140102] quat=[ 9.2300051e-01 -1.8973119e-06  1.0118148e-06 -3.8479900e-01] speed=0.0009 ang_speed=0.0034 ang_vel_vec=[-0.00052083  0.00306089  0.0013841 ] |com_force|=0.0000N
### kotek_magnet[tick=7440] sensor3: d=0.5470m in_range=False f_mag=0.000N tau_mag=0.0000Nm misalign_deg=90.0 pos=[-0.10910667 -0.10914619  0.49140114] bottom_world=[-0.10910685 -0.10914592  0.47140114] quat=[-3.8058323e-01  1.5525733e-06 -7.8433177e-06  9.2474669e-01] speed=0.0006 ang_speed=0.0027 ang_vel_vec=[-0.00252191 -0.00067328  0.00075431] |com_force|=0.0000N
### kotek_magnet[tick=7440] sensor4: d=0.5249m in_range=False f_mag=0.000N tau_mag=0.0000Nm misalign_deg=90.0 pos=[-0.10900025  0.10899838  0.4914024 ] bottom_world=[-0.10900016  0.1089987   0.47140239] quat=[ 3.8268307e-01  1.0421958e-06 -8.1572944e-06  9.2387974e-01] speed=0.0010 ang_speed=0.0042 ang_vel_vec=[ 0.00033632 -0.0040044   0.00137057] |com_force|=0.0000N
### kotek_magnet[tick=7500] sensor1: d=0.4090m in_range=False f_mag=0.000N tau_mag=0.0000Nm misalign_deg=105.1 pos=[0.1196573  0.10445528 0.49348307] bottom_world=[0.11445982 0.11398505 0.47668515] quat=[0.9020843  0.27964506 0.04302129 0.32587102] speed=0.3649 ang_speed=5.8559 ang_vel_vec=[3.7358618 3.596544  2.720291 ] |com_force|=0.0000N
### kotek_magnet[tick=7500] sensor2: d=0.3208m in_range=False f_mag=0.000N tau_mag=0.0000Nm misalign_deg=90.0 pos=[ 0.1090244  -0.10904571  0.49140128] bottom_world=[ 0.10902424 -0.10904586  0.47140128] quat=[ 9.2300045e-01 -4.8161023e-06  2.2361642e-06 -3.8479903e-01] speed=0.0011 ang_speed=0.0028 ang_vel_vec=[0.00217682 0.00138512 0.00113827] |com_force|=0.0000N
### kotek_magnet[tick=7500] sensor3: d=0.5470m in_range=False f_mag=0.000N tau_mag=0.0000Nm misalign_deg=90.0 pos=[-0.10910645 -0.10914589  0.4914011 ] bottom_world=[-0.10910663 -0.1091457   0.47140111] quat=[-3.8058293e-01  2.4241817e-06 -6.1193214e-06  9.2474681e-01] speed=0.0008 ang_speed=0.0023 ang_vel_vec=[0.00184899 0.00024474 0.00128335] |com_force|=0.0000N
### kotek_magnet[tick=7500] sensor4: d=0.5249m in_range=False f_mag=0.000N tau_mag=0.0000Nm misalign_deg=90.0 pos=[-0.10900019  0.10899846  0.49140233] bottom_world=[-0.10900009  0.10899877  0.47140233] quat=[ 3.8268310e-01  5.4460043e-07 -8.0801292e-06  9.2387974e-01] speed=0.0010 ang_speed=0.0014 ang_vel_vec=[-7.5480249e-04 -1.1527125e-05  1.1604867e-03] |com_force|=0.0000N
### kotek_magnet[tick=7560] sensor1: d=0.4098m in_range=False f_mag=0.000N tau_mag=0.0000Nm misalign_deg=110.7 pos=[0.12329555 0.1048012  0.49754825] bottom_world=[0.11623409 0.11468615 0.48166041] quat=[0.90069926 0.30577022 0.09648023 0.29315025] speed=0.2824 ang_speed=5.6572 ang_vel_vec=[ 4.4003577 -0.8935068  3.441217 ] |com_force|=0.0000N
### kotek_magnet[tick=7560] sensor2: d=0.3208m in_range=False f_mag=0.000N tau_mag=0.0000Nm misalign_deg=90.0 pos=[ 0.10902465 -0.10904566  0.4914011 ] bottom_world=[ 0.10902443 -0.1090458   0.47140111] quat=[ 9.2300051e-01 -5.3168615e-06  3.7341661e-06 -3.8479888e-01] speed=0.0009 ang_speed=0.0066 ang_vel_vec=[ 0.00209463 -0.00619744  0.00079733] |com_force|=0.0000N
### kotek_magnet[tick=7560] sensor3: d=0.5470m in_range=False f_mag=0.000N tau_mag=0.0000Nm misalign_deg=90.0 pos=[-0.10910756 -0.10914605  0.4914011 ] bottom_world=[-0.1091075  -0.10914592  0.47140111] quat=[-3.8058376e-01 -2.7642216e-06 -2.5192621e-06  9.2474651e-01] speed=0.0005 ang_speed=0.0029 ang_vel_vec=[-0.00172961  0.00218055 -0.00082374] |com_force|=0.0000N
### kotek_magnet[tick=7560] sensor4: d=0.5249m in_range=False f_mag=0.000N tau_mag=0.0000Nm misalign_deg=90.0 pos=[-0.10900024  0.10899846  0.4914023 ] bottom_world=[-0.1090001   0.10899879  0.4714023 ] quat=[ 3.8268319e-01  3.0868939e-08 -8.8868546e-06  9.2387974e-01] speed=0.0010 ang_speed=0.0020 ang_vel_vec=[-0.00127633  0.00036221  0.00145633] |com_force|=0.0000N
### kotek_magnet[tick=7620] sensor1: d=0.4096m in_range=False f_mag=0.000N tau_mag=0.0000Nm misalign_deg=110.6 pos=[0.12331198 0.10525011 0.4976915 ] bottom_world=[0.11628734 0.11460144 0.48146786] quat=[0.90299064 0.29135364 0.0975795  0.30033174] speed=0.1702 ang_speed=7.6713 ang_vel_vec=[ 6.8681793   3.4056273  -0.27969864] |com_force|=0.0000N
### kotek_magnet[tick=7620] sensor2: d=0.3208m in_range=False f_mag=0.000N tau_mag=0.0000Nm misalign_deg=90.0 pos=[ 0.10902456 -0.10904678  0.4914011 ] bottom_world=[ 0.10902455 -0.1090466   0.47140111] quat=[ 9.2300075e-01  4.0694954e-06  2.0778073e-06 -3.8479802e-01] speed=0.0004 ang_speed=0.0035 ang_vel_vec=[-0.00331794 -0.00065608 -0.00102752] |com_force|=0.0000N
### kotek_magnet[tick=7620] sensor3: d=0.5470m in_range=False f_mag=0.000N tau_mag=0.0000Nm misalign_deg=90.0 pos=[-0.10910653 -0.10914594  0.49140108] bottom_world=[-0.10910671 -0.10914574  0.47140108] quat=[-3.8058296e-01  2.1331641e-06 -6.2653457e-06  9.2474681e-01] speed=0.0009 ang_speed=0.0021 ang_vel_vec=[1.7530223e-03 3.5891895e-05 1.1918934e-03] |com_force|=0.0000N
### kotek_magnet[tick=7620] sensor4: d=0.5249m in_range=False f_mag=0.000N tau_mag=0.0000Nm misalign_deg=90.0 pos=[-0.10900024  0.1089984   0.4914023 ] bottom_world=[-0.10900012  0.10899873  0.4714023 ] quat=[ 3.8268301e-01  1.8335271e-07 -8.7578101e-06  9.2387974e-01] speed=0.0009 ang_speed=0.0016 ang_vel_vec=[-0.00103695  0.00024542  0.00117136] |com_force|=0.0000N
### kotek_magnet[tick=7680] sensor1: d=0.4035m in_range=False f_mag=0.000N tau_mag=0.0000Nm misalign_deg=107.2 pos=[0.13173398 0.1072403  0.49916744] bottom_world=[0.12582859 0.11512152 0.48176018] quat=[0.94265425 0.23267801 0.10334108 0.21583487] speed=0.0392 ang_speed=4.0162 ang_vel_vec=[ 0.66009307 -1.1768483  -3.7827735 ] |com_force|=0.0000N
### kotek_magnet[tick=7680] sensor2: d=0.3208m in_range=False f_mag=0.000N tau_mag=0.0000Nm misalign_deg=90.0 pos=[ 0.10902432 -0.10904738  0.49140108] bottom_world=[ 0.10902456 -0.10904699  0.47140108] quat=[ 9.2300093e-01  1.1181950e-05 -1.8700098e-06 -3.8479787e-01] speed=0.0009 ang_speed=0.0032 ang_vel_vec=[-0.0021156   0.00226997 -0.00086916] |com_force|=0.0000N
### kotek_magnet[tick=7680] sensor3: d=0.5470m in_range=False f_mag=0.000N tau_mag=0.0000Nm misalign_deg=90.0 pos=[-0.10910725 -0.10914603  0.49140114] bottom_world=[-0.10910727 -0.10914587  0.47140114] quat=[-3.8058373e-01 -9.5988128e-07 -3.7680686e-06  9.2474657e-01] speed=0.0001 ang_speed=0.0018 ang_vel_vec=[-0.00164478 -0.00073032 -0.0003846 ] |com_force|=0.0000N
### kotek_magnet[tick=7680] sensor4: d=0.5249m in_range=False f_mag=0.000N tau_mag=0.0000Nm misalign_deg=90.0 pos=[-0.10900018  0.10899856  0.49140227] bottom_world=[-0.1090001   0.10899884  0.47140227] quat=[ 3.8268313e-01  8.7090189e-07 -7.2917901e-06  9.2387974e-01] speed=0.0009 ang_speed=0.0016 ang_vel_vec=[-0.00026421 -0.0008403   0.0013556 ] |com_force|=0.0000N
### kotek_magnet[tick=7740] sensor1: d=0.4034m in_range=False f_mag=0.000N tau_mag=0.0000Nm misalign_deg=101.3 pos=[0.13765939 0.11128862 0.50764847] bottom_world=[0.13373178 0.11893443 0.4895898 ] quat=[0.96845937 0.20657302 0.0765558  0.11641838] speed=0.2802 ang_speed=6.8789 ang_vel_vec=[5.68627   1.1856897 3.6850593] |com_force|=0.0000N
### kotek_magnet[tick=7740] sensor2: d=0.3208m in_range=False f_mag=0.000N tau_mag=0.0000Nm misalign_deg=90.0 pos=[ 0.10902468 -0.10904668  0.49140114] bottom_world=[ 0.10902467 -0.10904652  0.47140114] quat=[ 9.2300087e-01  3.5881233e-06  1.8792243e-06 -3.8479811e-01] speed=0.0004 ang_speed=0.0025 ang_vel_vec=[-0.00235394 -0.00052736 -0.00066279] |com_force|=0.0000N
### kotek_magnet[tick=7740] sensor3: d=0.5470m in_range=False f_mag=0.000N tau_mag=0.0000Nm misalign_deg=90.0 pos=[-0.1091067  -0.10914604  0.49140114] bottom_world=[-0.10910687 -0.10914579  0.47140114] quat=[-3.8058320e-01  1.7473797e-06 -7.3780748e-06  9.2474675e-01] speed=0.0006 ang_speed=0.0047 ang_vel_vec=[-0.00414471 -0.00203037  0.00061409] |com_force|=0.0000N
### kotek_magnet[tick=7740] sensor4: d=0.5249m in_range=False f_mag=0.000N tau_mag=0.0000Nm misalign_deg=90.0 pos=[-0.10900008  0.10900027  0.4914023 ] bottom_world=[-0.10900029  0.10900012  0.4714023 ] quat=[3.8268214e-01 3.5421181e-06 5.3028812e-06 9.2388010e-01] speed=0.0011 ang_speed=0.0010 ang_vel_vec=[ 0.00047618 -0.00049668 -0.0007072 ] |com_force|=0.0000N
### kotek_magnet[tick=7800] sensor1: d=0.4140m in_range=False f_mag=0.000N tau_mag=0.0000Nm misalign_deg=101.6 pos=[0.13649958 0.11278994 0.5312794 ] bottom_world=[0.13249117 0.12046753 0.51325198] quat=[0.96798044 0.20776889 0.07840288 0.11704252] speed=0.2741 ang_speed=6.6163 ang_vel_vec=[5.4126406  0.99778867 3.6718643 ] |com_force|=0.0000N
### kotek_magnet[tick=7800] sensor2: d=0.3208m in_range=False f_mag=0.000N tau_mag=0.0000Nm misalign_deg=90.0 pos=[ 0.10902438 -0.10904734  0.49140108] bottom_world=[ 0.10902462 -0.10904697  0.47140108] quat=[ 9.2300087e-01  1.0690449e-05 -1.8295573e-06 -3.8479802e-01] speed=0.0009 ang_speed=0.0029 ang_vel_vec=[-0.0017178   0.00215926 -0.00078104] |com_force|=0.0000N
### kotek_magnet[tick=7800] sensor3: d=0.5470m in_range=False f_mag=0.000N tau_mag=0.0000Nm misalign_deg=90.0 pos=[-0.10910728 -0.10914578  0.49140102] bottom_world=[-0.10910725 -0.10914575  0.47140102] quat=[-3.8058332e-01 -8.2852165e-07 -4.0629405e-07  9.2474669e-01] speed=0.0004 ang_speed=0.0064 ang_vel_vec=[0.00561534 0.00296721 0.00040829] |com_force|=0.0000N
### kotek_magnet[tick=7800] sensor4: d=0.5249m in_range=False f_mag=0.000N tau_mag=0.0000Nm misalign_deg=90.0 pos=[-0.10900035  0.10899962  0.4914023 ] bottom_world=[-0.10900034  0.10899968  0.4714023 ] quat=[ 3.8268223e-01  2.4069237e-07 -1.3454214e-06  9.2388004e-01] speed=0.0006 ang_speed=0.0021 ang_vel_vec=[ 0.00146389  0.00124184 -0.0007448 ] |com_force|=0.0000N
### kotek_magnet[tick=7860] sensor1: d=0.4262m in_range=False f_mag=0.000N tau_mag=0.0000Nm misalign_deg=101.8 pos=[0.13522914 0.11435527 0.5559051 ] bottom_world=[0.13112744 0.12204084 0.5379021 ] quat=[0.96761644 0.20836276 0.08068389 0.11744591] speed=0.2648 ang_speed=6.6816 ang_vel_vec=[5.4821525 1.0580957 3.6702125] |com_force|=0.0000N
### kotek_magnet[tick=7860] sensor2: d=0.3208m in_range=False f_mag=0.000N tau_mag=0.0000Nm misalign_deg=90.0 pos=[ 0.10902466 -0.10904671  0.49140117] bottom_world=[ 0.10902465 -0.10904654  0.47140117] quat=[ 9.2300081e-01  3.7692678e-06  1.7882810e-06 -3.8479817e-01] speed=0.0004 ang_speed=0.0027 ang_vel_vec=[-2.5852956e-03 -5.0595874e-05 -9.1683335e-04] |com_force|=0.0000N
### kotek_magnet[tick=7860] sensor3: d=0.5470m in_range=False f_mag=0.000N tau_mag=0.0000Nm misalign_deg=90.0 pos=[-0.10910818 -0.10914575  0.49140114] bottom_world=[-0.10910791 -0.10914588  0.47140114] quat=[-3.8058412e-01 -4.9514547e-06  5.6168724e-06  9.2474639e-01] speed=0.0010 ang_speed=0.0029 ang_vel_vec=[ 0.00209802  0.00177646 -0.00098285] |com_force|=0.0000N
### kotek_magnet[tick=7860] sensor4: d=0.5249m in_range=False f_mag=0.000N tau_mag=0.0000Nm misalign_deg=90.0 pos=[-0.10900038  0.10899875  0.49140236] bottom_world=[-0.10900023  0.10899903  0.47140236] quat=[ 3.8268271e-01 -8.6642336e-07 -7.9073498e-06  9.2387986e-01] speed=0.0006 ang_speed=0.0037 ang_vel_vec=[-0.00102814  0.00351066  0.00031669] |com_force|=0.0000N
### kotek_magnet[tick=7920] sensor1: d=0.4307m in_range=False f_mag=0.000N tau_mag=0.0000Nm misalign_deg=102.2 pos=[0.13425544 0.11508664 0.5637459 ] bottom_world=[0.13004203 0.12260057 0.54569631] quat=[0.96795064 0.2043954  0.08356107 0.11963165] speed=0.2136 ang_speed=6.6477 ang_vel_vec=[5.4219995 1.2077185 3.65179  ] |com_force|=0.0000N
### kotek_magnet[tick=7920] sensor2: d=0.3208m in_range=False f_mag=0.000N tau_mag=0.0000Nm misalign_deg=90.0 pos=[ 0.10902467 -0.10904642  0.49140105] bottom_world=[ 0.10902462 -0.10904634  0.47140105] quat=[ 9.2300063e-01  1.5559267e-06  1.7859178e-06 -3.8479832e-01] speed=0.0002 ang_speed=0.0011 ang_vel_vec=[ 0.00060243 -0.00091166 -0.00026694] |com_force|=0.0000N
### kotek_magnet[tick=7920] sensor3: d=0.5470m in_range=False f_mag=0.000N tau_mag=0.0000Nm misalign_deg=90.0 pos=[-0.10910754 -0.10914602  0.49140102] bottom_world=[-0.10910748 -0.1091459   0.47140102] quat=[-3.8058406e-01 -2.4491576e-06 -2.1613757e-06  9.2474645e-01] speed=0.0004 ang_speed=0.0023 ang_vel_vec=[-0.00035398  0.00220528 -0.00065369] |com_force|=0.0000N
### kotek_magnet[tick=7920] sensor4: d=0.5249m in_range=False f_mag=0.000N tau_mag=0.0000Nm misalign_deg=90.0 pos=[-0.10899992  0.1089991   0.49140227] bottom_world=[-0.10900002  0.10899921  0.47140227] quat=[ 3.8268310e-01  3.3278686e-06 -1.6238922e-06  9.2387980e-01] speed=0.0005 ang_speed=0.0076 ang_vel_vec=[ 0.00413036 -0.0062188   0.001405  ] |com_force|=0.0000N
### kotek_magnet[tick=7980] sensor1: d=0.4285m in_range=False f_mag=0.000N tau_mag=0.0000Nm misalign_deg=102.8 pos=[0.13843578 0.11770418 0.5616389 ] bottom_world=[0.13400824 0.12472863 0.543444  ] quat=[0.96737176 0.1939153  0.08674437 0.13807277] speed=0.2221 ang_speed=6.7825 ang_vel_vec=[5.4053955 1.5101106 3.8082805] |com_force|=0.0000N
### kotek_magnet[tick=7980] sensor2: d=0.3208m in_range=False f_mag=0.000N tau_mag=0.0000Nm misalign_deg=90.0 pos=[ 0.10902452 -0.10904562  0.49140108] bottom_world=[ 0.10902442 -0.10904571  0.47140108] quat=[ 9.2300045e-01 -2.9355597e-06  1.3357894e-06 -3.8479897e-01] speed=0.0011 ang_speed=0.0027 ang_vel_vec=[-4.4797147e-05  2.3684304e-03  1.3784140e-03] |com_force|=0.0000N
### kotek_magnet[tick=7980] sensor3: d=0.5470m in_range=False f_mag=0.000N tau_mag=0.0000Nm misalign_deg=90.0 pos=[-0.10910753 -0.10914609  0.4914011 ] bottom_world=[-0.10910747 -0.10914597  0.47140111] quat=[-3.8058382e-01 -2.4774913e-06 -2.2116551e-06  9.2474651e-01] speed=0.0004 ang_speed=0.0025 ang_vel_vec=[-0.0003654   0.00227981 -0.00082034] |com_force|=0.0000N
### kotek_magnet[tick=7980] sensor4: d=0.5249m in_range=False f_mag=0.000N tau_mag=0.0000Nm misalign_deg=90.0 pos=[-0.10900038  0.10899874  0.49140233] bottom_world=[-0.10900022  0.10899902  0.47140233] quat=[ 3.8268274e-01 -9.4544970e-07 -7.9037854e-06  9.2387986e-01] speed=0.0005 ang_speed=0.0038 ang_vel_vec=[-0.00093743  0.00365756  0.00042878] |com_force|=0.0000N
### kotek_magnet[tick=8040] sensor1: d=0.4241m in_range=False f_mag=0.000N tau_mag=0.0000Nm misalign_deg=103.7 pos=[0.1482604 0.1224437 0.5594218] bottom_world=[0.14352333 0.12860488 0.54099354] quat=[0.9643956  0.17620139 0.09081376 0.1750636 ] speed=0.2169 ang_speed=6.8113 ang_vel_vec=[5.2058134 2.1470737 3.8319206] |com_force|=0.0000N
### kotek_magnet[tick=8040] sensor2: d=0.3208m in_range=False f_mag=0.000N tau_mag=0.0000Nm misalign_deg=90.0 pos=[ 0.10902447 -0.10904562  0.4914011 ] bottom_world=[ 0.10902437 -0.10904571  0.47140111] quat=[ 9.2300045e-01 -2.9724267e-06  1.3562044e-06 -3.8479906e-01] speed=0.0010 ang_speed=0.0028 ang_vel_vec=[-0.00020733  0.00245426  0.00136705] |com_force|=0.0000N
### kotek_magnet[tick=8040] sensor3: d=0.5470m in_range=False f_mag=0.000N tau_mag=0.0000Nm misalign_deg=90.0 pos=[-0.10910669 -0.10914604  0.4914011 ] bottom_world=[-0.10910687 -0.1091458   0.47140111] quat=[-3.8058332e-01  1.7825581e-06 -7.3977262e-06  9.2474663e-01] speed=0.0007 ang_speed=0.0047 ang_vel_vec=[-0.004205   -0.00208219  0.00044789] |com_force|=0.0000N
### kotek_magnet[tick=8040] sensor4: d=0.5249m in_range=False f_mag=0.000N tau_mag=0.0000Nm misalign_deg=90.0 pos=[-0.10900018  0.10899855  0.4914022 ] bottom_world=[-0.10900009  0.10899884  0.47140221] quat=[ 3.8268298e-01  7.1034236e-07 -7.4865929e-06  9.2387968e-01] speed=0.0009 ang_speed=0.0015 ang_vel_vec=[-0.00039944 -0.00061904  0.00129676] |com_force|=0.0000N
### kotek_magnet[tick=8100] sensor1: d=0.4188m in_range=False f_mag=0.000N tau_mag=0.0000Nm misalign_deg=104.4 pos=[0.15866667 0.12642339 0.5569411 ] bottom_world=[0.15368495 0.13162056 0.53828173] quat=[0.95976603 0.15646282 0.09505381 0.2129165 ] speed=0.2140 ang_speed=6.8386 ang_vel_vec=[4.9337997 2.8036397 3.8162878] |com_force|=0.0000N
### kotek_magnet[tick=8100] sensor2: d=0.3208m in_range=False f_mag=0.000N tau_mag=0.0000Nm misalign_deg=90.0 pos=[ 0.10902444 -0.10904641  0.4914011 ] bottom_world=[ 0.1090245  -0.10904628  0.47140111] quat=[ 9.2300063e-01  3.5958374e-06  3.7227352e-08 -3.8479850e-01] speed=0.0002 ang_speed=0.0031 ang_vel_vec=[-0.00158289  0.0026919   0.00024852] |com_force|=0.0000N
### kotek_magnet[tick=8100] sensor3: d=0.5470m in_range=False f_mag=0.000N tau_mag=0.0000Nm misalign_deg=90.0 pos=[-0.1091067  -0.10914604  0.4914011 ] bottom_world=[-0.10910688 -0.10914579  0.47140111] quat=[-3.8058326e-01  1.8141856e-06 -7.2766165e-06  9.2474669e-01] speed=0.0007 ang_speed=0.0045 ang_vel_vec=[-0.00399658 -0.00204696  0.0005488 ] |com_force|=0.0000N
### kotek_magnet[tick=8100] sensor4: d=0.5249m in_range=False f_mag=0.000N tau_mag=0.0000Nm misalign_deg=90.0 pos=[-0.10900017  0.10899854  0.4914022 ] bottom_world=[-0.10900008  0.10899882  0.47140221] quat=[ 3.8268304e-01  6.7972206e-07 -7.4261798e-06  9.2387968e-01] speed=0.0009 ang_speed=0.0016 ang_vel_vec=[-0.00033352 -0.00068851  0.0013899 ] |com_force|=0.0000N
### kotek_magnet[tick=8160] sensor1: d=0.4129m in_range=False f_mag=0.000N tau_mag=0.0000Nm misalign_deg=104.9 pos=[0.16924064 0.12949497 0.5542759 ] bottom_world=[0.16409236 0.1336614  0.5354043 ] quat=[0.95342124 0.1353763  0.09941871 0.2505536 ] speed=0.2131 ang_speed=6.8639 ang_vel_vec=[4.6067696 3.4164941 3.7706542] |com_force|=0.0000N
### kotek_magnet[tick=8160] sensor2: d=0.3208m in_range=False f_mag=0.000N tau_mag=0.0000Nm misalign_deg=90.0 pos=[ 0.10902469 -0.10904668  0.49140105] bottom_world=[ 0.10902467 -0.10904651  0.47140105] quat=[ 9.2300081e-01  3.5600995e-06  1.9656384e-06 -3.8479799e-01] speed=0.0004 ang_speed=0.0024 ang_vel_vec=[-0.00220263 -0.00074787 -0.00066094] |com_force|=0.0000N
### kotek_magnet[tick=8160] sensor3: d=0.5470m in_range=False f_mag=0.000N tau_mag=0.0000Nm misalign_deg=90.0 pos=[-0.10910825 -0.10914555  0.49140108] bottom_world=[-0.10910795 -0.10914577  0.47140108] quat=[-3.8058376e-01 -4.9309351e-06  7.9157626e-06  9.2474645e-01] speed=0.0014 ang_speed=0.0167 ang_vel_vec=[ 0.01443651  0.008461   -0.00025609] |com_force|=0.0000N
### kotek_magnet[tick=8160] sensor4: d=0.5249m in_range=False f_mag=0.000N tau_mag=0.0000Nm misalign_deg=90.0 pos=[-0.10900039  0.10899875  0.49140224] bottom_world=[-0.10900024  0.10899903  0.47140224] quat=[ 3.8268259e-01 -9.2773382e-07 -7.9780657e-06  9.2387986e-01] speed=0.0005 ang_speed=0.0040 ang_vel_vec=[-0.00112788  0.00384214  0.00056472] |com_force|=0.0000N
### kotek_magnet[tick=8220] sensor1: d=0.4063m in_range=False f_mag=0.000N tau_mag=0.0000Nm misalign_deg=105.1 pos=[0.17987709 0.13157271 0.5514088 ] bottom_world=[0.17465273 0.13465633 0.53235109] quat=[0.9453931  0.11309946 0.10375468 0.28753346] speed=0.2105 ang_speed=6.8941 ang_vel_vec=[4.3197255 4.053378  3.5268795] |com_force|=0.0000N
### kotek_magnet[tick=8220] sensor2: d=0.3208m in_range=False f_mag=0.000N tau_mag=0.0000Nm misalign_deg=90.0 pos=[ 0.10902439 -0.10904732  0.4914011 ] bottom_world=[ 0.10902461 -0.10904695  0.47140111] quat=[ 9.2300081e-01  1.0443884e-05 -1.5176959e-06 -3.8479796e-01] speed=0.0009 ang_speed=0.0025 ang_vel_vec=[-0.00152988  0.00182139 -0.0007145 ] |com_force|=0.0000N
### kotek_magnet[tick=8220] sensor3: d=0.5470m in_range=False f_mag=0.000N tau_mag=0.0000Nm misalign_deg=90.0 pos=[-0.10910749 -0.10914601  0.49140114] bottom_world=[-0.10910743 -0.10914588  0.47140114] quat=[-3.8058379e-01 -2.4831320e-06 -2.3933951e-06  9.2474645e-01] speed=0.0004 ang_speed=0.0026 ang_vel_vec=[-0.00086296  0.00231592 -0.00064707] |com_force|=0.0000N
### kotek_magnet[tick=8220] sensor4: d=0.5249m in_range=False f_mag=0.000N tau_mag=0.0000Nm misalign_deg=90.0 pos=[-0.10900015  0.10899855  0.49140227] bottom_world=[-0.10900007  0.10899884  0.47140227] quat=[ 3.8268301e-01  7.8829515e-07 -7.4684076e-06  9.2387968e-01] speed=0.0009 ang_speed=0.0017 ang_vel_vec=[-0.00042268 -0.00061338  0.00148338] |com_force|=0.0000N
### kotek_magnet[tick=8280] sensor1: d=0.3991m in_range=False f_mag=0.000N tau_mag=0.0000Nm misalign_deg=105.2 pos=[0.19051327 0.13273603 0.5483458 ] bottom_world=[0.18527833 0.13469068 0.5291423 ] quat=[0.93549144 0.08990069 0.10876644 0.32395   ] speed=0.2122 ang_speed=6.9031 ang_vel_vec=[3.7862072 4.536476  3.5690675] |com_force|=0.0000N
### kotek_magnet[tick=8280] sensor2: d=0.3208m in_range=False f_mag=0.000N tau_mag=0.0000Nm misalign_deg=90.0 pos=[ 0.10902438 -0.10904729  0.4914011 ] bottom_world=[ 0.10902461 -0.10904693  0.47140111] quat=[ 9.2300087e-01  1.0531772e-05 -1.6788449e-06 -3.8479781e-01] speed=0.0009 ang_speed=0.0029 ang_vel_vec=[-0.00174002  0.00215778 -0.00100213] |com_force|=0.0000N
### kotek_magnet[tick=8280] sensor3: d=0.5470m in_range=False f_mag=0.000N tau_mag=0.0000Nm misalign_deg=90.0 pos=[-0.10910755 -0.1091458   0.49140105] bottom_world=[-0.10910747 -0.1091458   0.47140105] quat=[-3.8058376e-01 -1.9880968e-06  8.8057527e-07  9.2474645e-01] speed=0.0004 ang_speed=0.0036 ang_vel_vec=[ 0.00222148  0.00280715 -0.00047273] |com_force|=0.0000N
### kotek_magnet[tick=8280] sensor4: d=0.5249m in_range=False f_mag=0.000N tau_mag=0.0000Nm misalign_deg=90.0 pos=[-0.10900035  0.10899881  0.4914023 ] bottom_world=[-0.10900019  0.10899909  0.4714023 ] quat=[ 3.8268265e-01 -9.2045400e-07 -7.9930032e-06  9.2387992e-01] speed=0.0005 ang_speed=0.0037 ang_vel_vec=[-0.00097864  0.00357848  0.00030837] |com_force|=0.0000N
### kotek_magnet[tick=8340] sensor1: d=0.3911m in_range=False f_mag=0.000N tau_mag=0.0000Nm misalign_deg=104.9 pos=[0.20112462 0.13290864 0.5450506 ] bottom_world=[0.19597267 0.13369354 0.52574152] quat=[0.9237112  0.06560555 0.113879   0.35984036] speed=0.2088 ang_speed=6.9079 ang_vel_vec=[3.297256  5.0253634 3.404901 ] |com_force|=0.0000N
### kotek_magnet[tick=8340] sensor2: d=0.3208m in_range=False f_mag=0.000N tau_mag=0.0000Nm misalign_deg=90.0 pos=[ 0.1090244  -0.10904731  0.49140114] bottom_world=[ 0.10902462 -0.10904695  0.47140114] quat=[ 9.2300087e-01  1.0406108e-05 -1.5413557e-06 -3.8479784e-01] speed=0.0009 ang_speed=0.0031 ang_vel_vec=[-0.00195415  0.00220687 -0.00095678] |com_force|=0.0000N
### kotek_magnet[tick=8340] sensor3: d=0.5470m in_range=False f_mag=0.000N tau_mag=0.0000Nm misalign_deg=90.0 pos=[-0.10910725 -0.10914574  0.49140105] bottom_world=[-0.10910723 -0.1091457   0.47140105] quat=[-3.8058335e-01 -8.1261680e-07 -7.1257620e-07  9.2474669e-01] speed=0.0004 ang_speed=0.0057 ang_vel_vec=[0.0052265  0.00227896 0.00021013] |com_force|=0.0000N
### kotek_magnet[tick=8340] sensor4: d=0.5249m in_range=False f_mag=0.000N tau_mag=0.0000Nm misalign_deg=90.0 pos=[-0.10900016  0.10899858  0.4914022 ] bottom_world=[-0.10900007  0.10899887  0.47140221] quat=[ 3.8268310e-01  7.2630570e-07 -7.4785185e-06  9.2387980e-01] speed=0.0009 ang_speed=0.0015 ang_vel_vec=[-0.00035283 -0.00065069  0.00125734] |com_force|=0.0000N
### kotek_magnet[tick=8400] sensor1: d=0.3827m in_range=False f_mag=0.000N tau_mag=0.0000Nm misalign_deg=104.4 pos=[0.2114652  0.13209063 0.5415528 ] bottom_world=[0.20647556 0.13169788 0.52218917] quat=[0.9102476  0.04090919 0.11931568 0.39438498] speed=0.2090 ang_speed=6.8991 ang_vel_vec=[2.7942696 5.4237485 3.2207532] |com_force|=0.0000N
### kotek_magnet[tick=8400] sensor2: d=0.3208m in_range=False f_mag=0.000N tau_mag=0.0000Nm misalign_deg=90.0 pos=[ 0.10902441 -0.10904731  0.49140108] bottom_world=[ 0.10902463 -0.10904694  0.47140108] quat=[ 9.2300087e-01  1.0739825e-05 -1.6456547e-06 -3.8479802e-01] speed=0.0009 ang_speed=0.0029 ang_vel_vec=[-0.00177849  0.00206981 -0.00098662] |com_force|=0.0000N
### kotek_magnet[tick=8400] sensor3: d=0.5470m in_range=False f_mag=0.000N tau_mag=0.0000Nm misalign_deg=90.0 pos=[-0.1091075  -0.10914601  0.49140102] bottom_world=[-0.10910744 -0.1091459   0.47140102] quat=[-3.8058394e-01 -2.5850820e-06 -2.0207071e-06  9.2474639e-01] speed=0.0004 ang_speed=0.0030 ang_vel_vec=[ 0.00025086  0.00280749 -0.00091009] |com_force|=0.0000N
### kotek_magnet[tick=8400] sensor4: d=0.5249m in_range=False f_mag=0.000N tau_mag=0.0000Nm misalign_deg=90.0 pos=[-0.10900014  0.10899861  0.49140233] bottom_world=[-0.10900006  0.10899889  0.47140233] quat=[ 3.8268304e-01  9.4683571e-07 -7.2120602e-06  9.2387974e-01] speed=0.0009 ang_speed=0.0018 ang_vel_vec=[-1.6835708e-08 -1.3524600e-03  1.1982324e-03] |com_force|=0.0000N
### kotek_magnet[tick=8460] sensor1: d=0.3732m in_range=False f_mag=0.000N tau_mag=0.0000Nm misalign_deg=103.7 pos=[0.2219886  0.13011499 0.53774464] bottom_world=[0.2172554  0.12849991 0.51838003] quat=[0.8945845  0.01485028 0.12515633 0.42875886] speed=0.2204 ang_speed=6.9014 ang_vel_vec=[2.2907543 5.7723536 3.0103457] |com_force|=0.0000N
### kotek_magnet[tick=8460] sensor2: d=0.3208m in_range=False f_mag=0.000N tau_mag=0.0000Nm misalign_deg=90.0 pos=[ 0.1090247  -0.10904665  0.49140102] bottom_world=[ 0.10902469 -0.1090465   0.47140102] quat=[ 9.2300081e-01  3.4050686e-06  1.8672357e-06 -3.8479817e-01] speed=0.0004 ang_speed=0.0023 ang_vel_vec=[-0.00214757 -0.00038074 -0.00077852] |com_force|=0.0000N
### kotek_magnet[tick=8460] sensor3: d=0.5470m in_range=False f_mag=0.000N tau_mag=0.0000Nm misalign_deg=90.0 pos=[-0.1091072  -0.10914602  0.491401  ] bottom_world=[-0.10910722 -0.10914587  0.47140099] quat=[-3.8058352e-01 -7.9467452e-07 -3.7607253e-06  9.2474657e-01] speed=0.0001 ang_speed=0.0020 ang_vel_vec=[-0.00148124 -0.00127445 -0.00042041] |com_force|=0.0000N
### kotek_magnet[tick=8460] sensor4: d=0.5249m in_range=False f_mag=0.000N tau_mag=0.0000Nm misalign_deg=90.0 pos=[-0.10900015  0.10899857  0.4914022 ] bottom_world=[-0.10900006  0.10899886  0.47140221] quat=[ 3.8268307e-01  6.7627116e-07 -7.5663747e-06  9.2387968e-01] speed=0.0009 ang_speed=0.0015 ang_vel_vec=[-0.00039893 -0.00062293  0.00132055] |com_force|=0.0000N
### kotek_magnet[tick=8520] sensor1: d=0.3637m in_range=False f_mag=0.000N tau_mag=0.0000Nm misalign_deg=102.7 pos=[0.23184378 0.12739997 0.53390706] bottom_world=[0.22744585 0.12460325 0.51459808] quat=[ 0.8774645  -0.01082037  0.13099058  0.46128154] speed=0.2124 ang_speed=7.0211 ang_vel_vec=[1.7442313 6.181594  2.8356419] |com_force|=0.0000N
### kotek_magnet[tick=8520] sensor2: d=0.3208m in_range=False f_mag=0.000N tau_mag=0.0000Nm misalign_deg=90.0 pos=[ 0.10902452 -0.10904563  0.4914011 ] bottom_world=[ 0.10902442 -0.10904572  0.47140111] quat=[ 9.2300045e-01 -2.9632604e-06  1.4117986e-06 -3.8479891e-01] speed=0.0011 ang_speed=0.0028 ang_vel_vec=[-0.00025055  0.00241592  0.00134041] |com_force|=0.0000N
### kotek_magnet[tick=8520] sensor3: d=0.5470m in_range=False f_mag=0.000N tau_mag=0.0000Nm misalign_deg=90.0 pos=[-0.10910641 -0.10914586  0.49140114] bottom_world=[-0.10910661 -0.10914565  0.47140114] quat=[-3.8058287e-01  2.7002980e-06 -6.6617267e-06  9.2474687e-01] speed=0.0011 ang_speed=0.0031 ang_vel_vec=[0.00276639 0.00016545 0.00136024] |com_force|=0.0000N
### kotek_magnet[tick=8520] sensor4: d=0.5249m in_range=False f_mag=0.000N tau_mag=0.0000Nm misalign_deg=90.0 pos=[-0.10900035  0.10899875  0.49140227] bottom_world=[-0.10900019  0.10899903  0.47140227] quat=[ 3.8268268e-01 -9.9110218e-07 -7.9664342e-06  9.2387992e-01] speed=0.0005 ang_speed=0.0038 ang_vel_vec=[-0.00098053  0.00362297  0.00038635] |com_force|=0.0000N
### still playing, 1249s left
### kotek_magnet[tick=8580] sensor1: d=0.3532m in_range=False f_mag=0.000N tau_mag=0.0000Nm misalign_deg=101.5 pos=[0.24171714 0.12351428 0.52973074] bottom_world=[0.23773824 0.11951863 0.51054212] quat=[ 0.85804147 -0.03738569  0.13742937  0.49343726] speed=0.2187 ang_speed=7.0106 ang_vel_vec=[1.2293909 6.411203  2.556093 ] |com_force|=0.0000N
### kotek_magnet[tick=8580] sensor2: d=0.3208m in_range=False f_mag=0.000N tau_mag=0.0000Nm misalign_deg=90.0 pos=[ 0.10902468 -0.10904666  0.49140117] bottom_world=[ 0.10902466 -0.1090465   0.47140117] quat=[ 9.2300081e-01  3.4926522e-06  1.9381798e-06 -3.8479808e-01] speed=0.0004 ang_speed=0.0023 ang_vel_vec=[-0.00208378 -0.00048398 -0.00074289] |com_force|=0.0000N
### kotek_magnet[tick=8580] sensor3: d=0.5470m in_range=False f_mag=0.000N tau_mag=0.0000Nm misalign_deg=90.0 pos=[-0.10910724 -0.10914601  0.49140105] bottom_world=[-0.10910727 -0.10914586  0.47140105] quat=[-3.8058349e-01 -8.3031443e-07 -3.8813819e-06  9.2474651e-01] speed=0.0001 ang_speed=0.0020 ang_vel_vec=[-0.00156092 -0.0011202  -0.00038187] |com_force|=0.0000N
### kotek_magnet[tick=8580] sensor4: d=0.5249m in_range=False f_mag=0.000N tau_mag=0.0000Nm misalign_deg=90.0 pos=[-0.10900033  0.1089988   0.4914023 ] bottom_world=[-0.10900017  0.10899907  0.4714023 ] quat=[ 3.826828e-01 -8.361148e-07 -7.808321e-06  9.238798e-01] speed=0.0005 ang_speed=0.0038 ang_vel_vec=[-0.00105091  0.00361495  0.00046808] |com_force|=0.0000N
### kotek_magnet[tick=8640] sensor1: d=0.3422m in_range=False f_mag=0.000N tau_mag=0.0000Nm misalign_deg=100.0 pos=[0.25116912 0.11871023 0.52541345] bottom_world=[0.24768875 0.11355144 0.50640624] quat=[ 0.8369127  -0.06391481  0.14399537  0.52417314] speed=0.2214 ang_speed=7.0117 ang_vel_vec=[0.68714684 6.5991936  2.2678382 ] |com_force|=0.0000N
### kotek_magnet[tick=8640] sensor2: d=0.3208m in_range=False f_mag=0.000N tau_mag=0.0000Nm misalign_deg=90.0 pos=[ 0.10902441 -0.10904731  0.49140102] bottom_world=[ 0.10902462 -0.10904694  0.47140102] quat=[ 9.2300087e-01  1.0495214e-05 -1.4587954e-06 -3.8479787e-01] speed=0.0009 ang_speed=0.0023 ang_vel_vec=[-0.001412    0.00163128 -0.00081372] |com_force|=0.0000N
### kotek_magnet[tick=8640] sensor3: d=0.5470m in_range=False f_mag=0.000N tau_mag=0.0000Nm misalign_deg=90.0 pos=[-0.10910751 -0.10914601  0.49140105] bottom_world=[-0.10910745 -0.10914589  0.47140105] quat=[-3.8058376e-01 -2.5550223e-06 -2.3732587e-06  9.2474645e-01] speed=0.0004 ang_speed=0.0026 ang_vel_vec=[-0.00122306  0.0022015  -0.00078579] |com_force|=0.0000N
### kotek_magnet[tick=8640] sensor4: d=0.5249m in_range=False f_mag=0.000N tau_mag=0.0000Nm misalign_deg=90.0 pos=[-0.10900015  0.10899857  0.4914022 ] bottom_world=[-0.10900007  0.10899885  0.47140221] quat=[ 3.8268307e-01  8.8401856e-07 -7.2856574e-06  9.2387974e-01] speed=0.0009 ang_speed=0.0019 ang_vel_vec=[-5.1298233e-05 -1.3274784e-03  1.3511599e-03] |com_force|=0.0000N
### kotek_magnet[tick=8700] sensor1: d=0.3308m in_range=False f_mag=0.000N tau_mag=0.0000Nm misalign_deg=98.3 pos=[0.26023895 0.11297787 0.52092916] bottom_world=[0.25733488 0.10669415 0.50216533] quat=[ 0.8139615  -0.09046537  0.15073265  0.55368066] speed=0.2238 ang_speed=7.0044 ang_vel_vec=[0.15148728 6.720857   1.9669175 ] |com_force|=0.0000N
### kotek_magnet[tick=8700] sensor2: d=0.3208m in_range=False f_mag=0.000N tau_mag=0.0000Nm misalign_deg=90.0 pos=[ 0.10902468 -0.10904669  0.49140117] bottom_world=[ 0.10902466 -0.10904653  0.47140117] quat=[ 9.2300081e-01  3.4537752e-06  1.9301035e-06 -3.8479817e-01] speed=0.0004 ang_speed=0.0022 ang_vel_vec=[-0.00206    -0.00025455 -0.00086369] |com_force|=0.0000N
### kotek_magnet[tick=8700] sensor3: d=0.5470m in_range=False f_mag=0.000N tau_mag=0.0000Nm misalign_deg=90.0 pos=[-0.10910752 -0.10914607  0.49140114] bottom_world=[-0.10910747 -0.10914594  0.47140114] quat=[-3.8058382e-01 -2.3762352e-06 -2.4015890e-06  9.2474651e-01] speed=0.0004 ang_speed=0.0026 ang_vel_vec=[-0.00049397  0.00241824 -0.00091588] |com_force|=0.0000N
### kotek_magnet[tick=8700] sensor4: d=0.5249m in_range=False f_mag=0.000N tau_mag=0.0000Nm misalign_deg=90.0 pos=[-0.10899985  0.10900025  0.49140218] bottom_world=[-0.10900016  0.10900009  0.47140218] quat=[3.8268226e-01 5.5683104e-06 6.5990439e-06 9.2387998e-01] speed=0.0013 ang_speed=0.0132 ang_vel_vec=[ 0.00650148 -0.01151777 -0.00039527] |com_force|=0.0000N
### kotek_magnet[tick=8760] sensor1: d=0.3188m in_range=False f_mag=0.000N tau_mag=0.0000Nm misalign_deg=96.5 pos=[0.2689161  0.10634334 0.5162872 ] bottom_world=[0.26666825 0.09897933 0.49782864] quat=[ 0.78908056 -0.11707052  0.1575766   0.5820791 ] speed=0.2256 ang_speed=7.0239 ang_vel_vec=[-0.403886   6.8109307  1.6683391] |com_force|=0.0000N
### kotek_magnet[tick=8760] sensor2: d=0.3208m in_range=False f_mag=0.000N tau_mag=0.0000Nm misalign_deg=90.0 pos=[ 0.1090247  -0.10904582  0.4914012 ] bottom_world=[ 0.10902455 -0.10904588  0.4714012 ] quat=[ 9.2300063e-01 -2.9254913e-06  2.7497520e-06 -3.8479850e-01] speed=0.0007 ang_speed=0.0030 ang_vel_vec=[ 0.00086283 -0.00285544  0.00018444] |com_force|=0.0000N
### kotek_magnet[tick=8760] sensor3: d=0.5470m in_range=False f_mag=0.000N tau_mag=0.0000Nm misalign_deg=90.0 pos=[-0.10910749 -0.10914601  0.49140114] bottom_world=[-0.10910744 -0.1091459   0.47140114] quat=[-3.8058382e-01 -2.4076596e-06 -1.9801205e-06  9.2474645e-01] speed=0.0004 ang_speed=0.0032 ang_vel_vec=[ 0.00056593  0.00293527 -0.00110893] |com_force|=0.0000N
### kotek_magnet[tick=8760] sensor4: d=0.5249m in_range=False f_mag=0.000N tau_mag=0.0000Nm misalign_deg=90.0 pos=[-0.10899993  0.10900017  0.49140224] bottom_world=[-0.10900019  0.10900002  0.47140224] quat=[3.8268232e-01 4.6156438e-06 5.8563410e-06 9.2388004e-01] speed=0.0010 ang_speed=0.0031 ang_vel_vec=[ 0.00216127 -0.00214932 -0.00075223] |com_force|=0.0000N
### kotek_magnet[tick=8820] sensor1: d=0.3064m in_range=False f_mag=0.000N tau_mag=0.0000Nm misalign_deg=94.4 pos=[0.2771079  0.09884755 0.5115108 ] bottom_world=[0.27557934 0.09047132 0.49341376] quat=[ 0.76266944 -0.14325401  0.16447671  0.60890156] speed=0.2312 ang_speed=6.9965 ang_vel_vec=[-0.90253264  6.810576    1.3237355 ] |com_force|=0.0000N
### kotek_magnet[tick=8820] sensor2: d=0.3208m in_range=False f_mag=0.000N tau_mag=0.0000Nm misalign_deg=90.0 pos=[ 0.1090247  -0.10904643  0.491401  ] bottom_world=[ 0.10902465 -0.10904634  0.47140099] quat=[ 9.2300075e-01  1.6376108e-06  1.8825610e-06 -3.8479829e-01] speed=0.0002 ang_speed=0.0009 ang_vel_vec=[-5.2516971e-04  3.0072228e-05 -7.2991342e-04] |com_force|=0.0000N
### kotek_magnet[tick=8820] sensor3: d=0.5470m in_range=False f_mag=0.000N tau_mag=0.0000Nm misalign_deg=90.0 pos=[-0.10910666 -0.10914609  0.49140117] bottom_world=[-0.10910684 -0.10914584  0.47140117] quat=[-3.8058341e-01  1.7415008e-06 -7.4476038e-06  9.2474663e-01] speed=0.0007 ang_speed=0.0039 ang_vel_vec=[-3.6499714e-03 -1.5073973e-03  8.5172207e-05] |com_force|=0.0000N
### kotek_magnet[tick=8820] sensor4: d=0.5249m in_range=False f_mag=0.000N tau_mag=0.0000Nm misalign_deg=90.0 pos=[-0.10900035  0.10899955  0.4914023 ] bottom_world=[-0.10900034  0.10899961  0.4714023 ] quat=[ 3.8268214e-01  3.1004518e-07 -1.3520621e-06  9.2388010e-01] speed=0.0005 ang_speed=0.0023 ang_vel_vec=[ 0.00164776  0.00104398 -0.00115783] |com_force|=0.0000N
### kotek_magnet[tick=8880] sensor1: d=0.2935m in_range=False f_mag=0.000N tau_mag=0.0000Nm misalign_deg=92.1 pos=[0.2848785  0.09047602 0.5066581 ] bottom_world=[0.28414467 0.08115286 0.48897927] quat=[ 0.7344588  -0.16937631  0.17129384  0.6344607 ] speed=0.2338 ang_speed=7.0200 ang_vel_vec=[-1.4142976  6.7994537  1.0233843] |com_force|=0.0000N
### kotek_magnet[tick=8880] sensor2: d=0.3208m in_range=False f_mag=0.000N tau_mag=0.0000Nm misalign_deg=90.0 pos=[ 0.10902449 -0.10904569  0.49140108] bottom_world=[ 0.10902441 -0.10904577  0.47140108] quat=[ 9.2300045e-01 -2.5742609e-06  1.3204103e-06 -3.8479891e-01] speed=0.0010 ang_speed=0.0025 ang_vel_vec=[-0.00011906  0.00195725  0.00147492] |com_force|=0.0000N
### kotek_magnet[tick=8880] sensor3: d=0.5470m in_range=False f_mag=0.000N tau_mag=0.0000Nm misalign_deg=90.0 pos=[-0.10910644 -0.10914592  0.49140108] bottom_world=[-0.10910663 -0.10914571  0.47140108] quat=[-3.8058290e-01  2.6398172e-06 -6.6312650e-06  9.2474681e-01] speed=0.0011 ang_speed=0.0031 ang_vel_vec=[0.00269405 0.00030227 0.00147416] |com_force|=0.0000N
### kotek_magnet[tick=8880] sensor4: d=0.5249m in_range=False f_mag=0.000N tau_mag=0.0000Nm misalign_deg=90.0 pos=[-0.10900001  0.10900018  0.49140227] bottom_world=[-0.10900023  0.10900004  0.47140227] quat=[3.8268209e-01 3.7191890e-06 5.2760406e-06 9.2388010e-01] speed=0.0011 ang_speed=0.0015 ang_vel_vec=[ 0.00101888 -0.00084189 -0.00078296] |com_force|=0.0000N
### kotek_magnet[tick=8940] sensor1: d=0.2805m in_range=False f_mag=0.000N tau_mag=0.0000Nm misalign_deg=89.7 pos=[0.2920547  0.08142094 0.50173515] bottom_world=[0.292162   0.07124396 0.48451837] quat=[ 0.7050972  -0.19470732  0.1779595   0.6582231 ] speed=0.2407 ang_speed=6.9781 ang_vel_vec=[-1.8709446  6.686367   0.6966803] |com_force|=0.0000N
### kotek_magnet[tick=8940] sensor2: d=0.3208m in_range=False f_mag=0.000N tau_mag=0.0000Nm misalign_deg=90.0 pos=[ 0.10902451 -0.10904563  0.4914011 ] bottom_world=[ 0.10902442 -0.10904571  0.47140111] quat=[ 9.2300045e-01 -2.6450932e-06  1.3929616e-06 -3.8479903e-01] speed=0.0010 ang_speed=0.0020 ang_vel_vec=[0.00013505 0.00138262 0.0014692 ] |com_force|=0.0000N
### kotek_magnet[tick=8940] sensor3: d=0.5470m in_range=False f_mag=0.000N tau_mag=0.0000Nm misalign_deg=90.0 pos=[-0.10910664 -0.10914601  0.49140114] bottom_world=[-0.10910682 -0.10914575  0.47140114] quat=[-3.8058314e-01  1.7505157e-06 -7.5258431e-06  9.2474669e-01] speed=0.0007 ang_speed=0.0041 ang_vel_vec=[-0.00377143 -0.00162735  0.00050156] |com_force|=0.0000N
### kotek_magnet[tick=8940] sensor4: d=0.5249m in_range=False f_mag=0.000N tau_mag=0.0000Nm misalign_deg=90.0 pos=[-0.1090003   0.10899963  0.4914023 ] bottom_world=[-0.1090003   0.10899969  0.4714023 ] quat=[ 3.8268229e-01  4.0373195e-07 -1.4314060e-06  9.2388004e-01] speed=0.0005 ang_speed=0.0020 ang_vel_vec=[ 0.00144014  0.00120628 -0.00078058] |com_force|=0.0000N
### kotek_magnet[tick=9000] sensor1: d=0.2673m in_range=False f_mag=0.000N tau_mag=0.0000Nm misalign_deg=87.1 pos=[0.29869285 0.07177125 0.49682134] bottom_world=[0.2997037  0.06083062 0.48010965] quat=[ 0.6742588  -0.21967825  0.18425262  0.6805641 ] speed=0.2427 ang_speed=6.8781 ang_vel_vec=[-2.3333888   6.4540405   0.45728052] |com_force|=0.0000N
### kotek_magnet[tick=9000] sensor2: d=0.3208m in_range=False f_mag=0.000N tau_mag=0.0000Nm misalign_deg=90.0 pos=[ 0.1090244  -0.10904737  0.4914011 ] bottom_world=[ 0.10902461 -0.10904701  0.47140111] quat=[ 9.2300081e-01  1.0307437e-05 -1.5763317e-06 -3.8479799e-01] speed=0.0009 ang_speed=0.0018 ang_vel_vec=[-0.00089648  0.00143964 -0.00068844] |com_force|=0.0000N
### kotek_magnet[tick=9000] sensor3: d=0.5470m in_range=False f_mag=0.000N tau_mag=0.0000Nm misalign_deg=90.0 pos=[-0.10910666 -0.10914607  0.4914011 ] bottom_world=[-0.10910684 -0.10914583  0.47140111] quat=[-3.8058329e-01  1.7455429e-06 -7.3883057e-06  9.2474675e-01] speed=0.0007 ang_speed=0.0043 ang_vel_vec=[-0.00379489 -0.00184368  0.00061774] |com_force|=0.0000N
### kotek_magnet[tick=9000] sensor4: d=0.5249m in_range=False f_mag=0.000N tau_mag=0.0000Nm misalign_deg=90.0 pos=[-0.109       0.1090002   0.49140236] bottom_world=[-0.10900023  0.10900005  0.47140236] quat=[3.8268217e-01 3.7719180e-06 5.5061432e-06 9.2388010e-01] speed=0.0011 ang_speed=0.0013 ang_vel_vec=[ 0.00089226 -0.00068851 -0.00066586] |com_force|=0.0000N
### kotek_magnet[tick=9060] sensor1: d=0.2534m in_range=False f_mag=0.000N tau_mag=0.0000Nm misalign_deg=84.3 pos=[0.30499387 0.06108422 0.4917096 ] bottom_world=[0.30696847 0.04945838 0.47555593] quat=[ 0.6414909  -0.24460533  0.19059573  0.7016631 ] speed=0.2445 ang_speed=6.7915 ang_vel_vec=[-2.7818758   6.1954756  -0.04317832] |com_force|=0.0000N
### kotek_magnet[tick=9060] sensor2: d=0.3208m in_range=False f_mag=0.000N tau_mag=0.0000Nm misalign_deg=90.0 pos=[ 0.10902444 -0.1090474   0.49140102] bottom_world=[ 0.10902464 -0.10904705  0.47140102] quat=[ 9.23000932e-01  1.01006335e-05 -1.40946486e-06 -3.84797901e-01] speed=0.0009 ang_speed=0.0014 ang_vel_vec=[-0.00045124  0.0009424  -0.00097404] |com_force|=0.0000N
### kotek_magnet[tick=9060] sensor3: d=0.5470m in_range=False f_mag=0.000N tau_mag=0.0000Nm misalign_deg=90.0 pos=[-0.10910825 -0.1091456   0.49140108] bottom_world=[-0.10910795 -0.10914583  0.47140108] quat=[-3.8058391e-01 -4.7120843e-06  8.0027421e-06  9.2474651e-01] speed=0.0013 ang_speed=0.0169 ang_vel_vec=[ 0.01465248  0.00840777 -0.00052969] |com_force|=0.0000N
### kotek_magnet[tick=9060] sensor4: d=0.5249m in_range=False f_mag=0.000N tau_mag=0.0000Nm misalign_deg=90.0 pos=[-0.10900001  0.10900018  0.4914024 ] bottom_world=[-0.10900024  0.10900004  0.47140239] quat=[3.8268206e-01 3.7903960e-06 5.5370233e-06 9.2388016e-01] speed=0.0010 ang_speed=0.0021 ang_vel_vec=[ 0.00143278 -0.00124309 -0.00098793] |com_force|=0.0000N
### kotek_magnet[tick=9120] sensor1: d=0.2398m in_range=False f_mag=0.000N tau_mag=0.0000Nm misalign_deg=81.5 pos=[0.31054026 0.05021629 0.4867644 ] bottom_world=[0.31350593 0.03802572 0.47118895] quat=[ 0.60819757 -0.26849362  0.19627735  0.7207511 ] speed=0.2547 ang_speed=6.8061 ang_vel_vec=[-3.1041627   6.0555773  -0.12918043] |com_force|=0.0000N
### kotek_magnet[tick=9120] sensor2: d=0.3208m in_range=False f_mag=0.000N tau_mag=0.0000Nm misalign_deg=90.0 pos=[ 0.10902473 -0.1090467   0.49140093] bottom_world=[ 0.10902471 -0.10904654  0.47140093] quat=[ 9.2300081e-01  3.4340492e-06  1.9528698e-06 -3.8479814e-01] speed=0.0005 ang_speed=0.0019 ang_vel_vec=[-0.00171971 -0.00034954 -0.00059565] |com_force|=0.0000N
### kotek_magnet[tick=9120] sensor3: d=0.5470m in_range=False f_mag=0.000N tau_mag=0.0000Nm misalign_deg=90.0 pos=[-0.10910748 -0.10914607  0.49140108] bottom_world=[-0.10910743 -0.10914594  0.47140108] quat=[-3.8058379e-01 -2.2869654e-06 -2.5556710e-06  9.2474645e-01] speed=0.0004 ang_speed=0.0025 ang_vel_vec=[-0.00044566  0.00236944 -0.00064223] |com_force|=0.0000N
### kotek_magnet[tick=9120] sensor4: d=0.5249m in_range=False f_mag=0.000N tau_mag=0.0000Nm misalign_deg=90.0 pos=[-0.10900002  0.10900024  0.4914022 ] bottom_world=[-0.10900024  0.10900009  0.47140221] quat=[3.8268214e-01 3.7163061e-06 5.3823842e-06 9.2388016e-01] speed=0.0010 ang_speed=0.0014 ang_vel_vec=[ 0.00096873 -0.00080484 -0.00069158] |com_force|=0.0000N
### kotek_magnet[tick=9180] sensor1: d=0.2261m in_range=False f_mag=0.000N tau_mag=0.0000Nm misalign_deg=78.5 pos=[0.31558302 0.03873731 0.4818043 ] bottom_world=[0.31958057 0.02608612 0.46683879] quat=[ 0.5736556  -0.29196596  0.20153865  0.73828   ] speed=0.2587 ang_speed=6.7407 ang_vel_vec=[-3.4683897  5.767003  -0.3855276] |com_force|=0.0000N
### kotek_magnet[tick=9180] sensor2: d=0.3208m in_range=False f_mag=0.000N tau_mag=0.0000Nm misalign_deg=90.0 pos=[ 0.10902435 -0.10904723  0.491401  ] bottom_world=[ 0.10902459 -0.10904689  0.47140099] quat=[ 9.2300087e-01  1.0151520e-05 -2.0858254e-06 -3.8479808e-01] speed=0.0009 ang_speed=0.0030 ang_vel_vec=[-0.00189226  0.00223023 -0.00062582] |com_force|=0.0000N
### kotek_magnet[tick=9180] sensor3: d=0.5470m in_range=False f_mag=0.000N tau_mag=0.0000Nm misalign_deg=90.0 pos=[-0.10910747 -0.10914609  0.4914011 ] bottom_world=[-0.10910743 -0.10914597  0.47140111] quat=[-3.8058379e-01 -2.2179831e-06 -2.3610571e-06  9.2474645e-01] speed=0.0004 ang_speed=0.0026 ang_vel_vec=[ 3.7103226e-05  2.3860945e-03 -9.3843101e-04] |com_force|=0.0000N
### kotek_magnet[tick=9180] sensor4: d=0.5249m in_range=False f_mag=0.000N tau_mag=0.0000Nm misalign_deg=90.0 pos=[-0.10900015  0.10899851  0.49140227] bottom_world=[-0.10900005  0.10899881  0.47140227] quat=[ 3.826831e-01  5.936247e-07 -7.823491e-06  9.238798e-01] speed=0.0010 ang_speed=0.0014 ang_vel_vec=[-0.00033887 -0.00066086  0.00117293] |com_force|=0.0000N
### kotek_magnet[tick=9240] sensor1: d=0.2124m in_range=False f_mag=0.000N tau_mag=0.0000Nm misalign_deg=75.4 pos=[0.3200444  0.02682834 0.47689453] bottom_world=[0.3250995  0.01382729 0.46256209] quat=[ 0.5382516  -0.31485218  0.20629364  0.75405324] speed=0.2622 ang_speed=6.6743 ang_vel_vec=[-3.8270583   5.433189   -0.61659056] |com_force|=0.0000N
### kotek_magnet[tick=9240] sensor2: d=0.3208m in_range=False f_mag=0.000N tau_mag=0.0000Nm misalign_deg=90.0 pos=[ 0.10902452 -0.10904569  0.491401  ] bottom_world=[ 0.10902444 -0.10904575  0.47140099] quat=[ 9.2300045e-01 -2.1771068e-06  1.1644320e-06 -3.8479906e-01] speed=0.0009 ang_speed=0.0023 ang_vel_vec=[-0.00030529  0.00177796  0.00149024] |com_force|=0.0000N
### kotek_magnet[tick=9240] sensor3: d=0.5470m in_range=False f_mag=0.000N tau_mag=0.0000Nm misalign_deg=90.0 pos=[-0.10910813 -0.10914581  0.49140108] bottom_world=[-0.10910787 -0.10914593  0.47140108] quat=[-3.8058394e-01 -4.7869212e-06  5.2514647e-06  9.2474633e-01] speed=0.0009 ang_speed=0.0028 ang_vel_vec=[ 0.00198758  0.00173137 -0.00081717] |com_force|=0.0000N
### kotek_magnet[tick=9240] sensor4: d=0.5249m in_range=False f_mag=0.000N tau_mag=0.0000Nm misalign_deg=90.0 pos=[-0.10900033  0.1089987   0.4914023 ] bottom_world=[-0.10900018  0.10899899  0.4714023 ] quat=[ 3.8268271e-01 -7.5008427e-07 -8.1351063e-06  9.2387986e-01] speed=0.0006 ang_speed=0.0044 ang_vel_vec=[-0.00154161  0.00413268  0.00044747] |com_force|=0.0000N
### kotek_magnet[tick=9300] sensor1: d=0.1988m in_range=False f_mag=0.000N tau_mag=0.0000Nm misalign_deg=72.2 pos=[0.3239118  0.01454185 0.47205266] bottom_world=[0.33004182 0.00130215 0.45837301] quat=[ 0.5021318  -0.33717886  0.21052079  0.76802015] speed=0.2617 ang_speed=6.4353 ang_vel_vec=[-4.0536327  4.940607  -0.7557881] |com_force|=0.0000N
### kotek_magnet[tick=9300] sensor2: d=0.3208m in_range=False f_mag=0.000N tau_mag=0.0000Nm misalign_deg=90.0 pos=[ 0.10902474 -0.10904595  0.491401  ] bottom_world=[ 0.10902458 -0.109046    0.47140099] quat=[ 9.2300057e-01 -2.7188821e-06  3.1195605e-06 -3.8479853e-01] speed=0.0006 ang_speed=0.0023 ang_vel_vec=[ 0.00018874 -0.00220855  0.00039274] |com_force|=0.0000N
### kotek_magnet[tick=9300] sensor3: d=0.5470m in_range=False f_mag=0.000N tau_mag=0.0000Nm misalign_deg=90.0 pos=[-0.10910747 -0.10914613  0.49140108] bottom_world=[-0.10910742 -0.10914601  0.47140108] quat=[-3.8058379e-01 -2.4164337e-06 -2.2477275e-06  9.2474645e-01] speed=0.0004 ang_speed=0.0023 ang_vel_vec=[-0.00016328  0.00215846 -0.00090414] |com_force|=0.0000N
### kotek_magnet[tick=9300] sensor4: d=0.5249m in_range=False f_mag=0.000N tau_mag=0.0000Nm misalign_deg=90.0 pos=[-0.10900014  0.10899846  0.49140224] bottom_world=[-0.10900004  0.10899876  0.47140224] quat=[ 3.8268319e-01  6.2114418e-07 -8.0486125e-06  9.2387974e-01] speed=0.0010 ang_speed=0.0019 ang_vel_vec=[-0.00016292 -0.00146654  0.00116943] |com_force|=0.0000N
### kotek_magnet[tick=9360] sensor1: d=0.1855m in_range=False f_mag=0.000N tau_mag=0.0000Nm misalign_deg=68.9 pos=[0.3271399  0.00201308 0.46729535] bottom_world=[ 0.33435071 -0.0113545   0.45428335] quat=[ 0.4655197  -0.35890514  0.21421266  0.7801228 ] speed=0.2625 ang_speed=6.3453 ang_vel_vec=[-4.3676534   4.5062914  -0.93819827] |com_force|=0.0000N
### kotek_magnet[tick=9360] sensor2: d=0.3208m in_range=False f_mag=0.000N tau_mag=0.0000Nm misalign_deg=90.0 pos=[ 0.10902475 -0.10904595  0.49140102] bottom_world=[ 0.10902459 -0.109046    0.47140102] quat=[ 9.2300057e-01 -2.6715779e-06  3.1284812e-06 -3.8479862e-01] speed=0.0006 ang_speed=0.0026 ang_vel_vec=[ 0.00042918 -0.00255753  0.00053264] |com_force|=0.0000N
### kotek_magnet[tick=9360] sensor3: d=0.5470m in_range=False f_mag=0.000N tau_mag=0.0000Nm misalign_deg=90.0 pos=[-0.10910642 -0.10914591  0.49140105] bottom_world=[-0.10910661 -0.10914572  0.47140105] quat=[-3.8058293e-01  2.4989508e-06 -6.2222084e-06  9.2474681e-01] speed=0.0010 ang_speed=0.0033 ang_vel_vec=[0.00292158 0.00062048 0.00146522] |com_force|=0.0000N
### kotek_magnet[tick=9360] sensor4: d=0.5249m in_range=False f_mag=0.000N tau_mag=0.0000Nm misalign_deg=90.0 pos=[-0.10900015  0.10899841  0.4914024 ] bottom_world=[-0.10900003  0.10899874  0.47140239] quat=[ 3.8268307e-01  3.3987183e-07 -8.6859482e-06  9.2387974e-01] speed=0.0010 ang_speed=0.0016 ang_vel_vec=[-0.00093497 -0.00015013  0.00131908] |com_force|=0.0000N
### kotek_magnet[tick=9420] sensor1: d=0.1725m in_range=False f_mag=0.000N tau_mag=0.0000Nm misalign_deg=65.5 pos=[ 0.32975093 -0.01065872  0.4626679 ] bottom_world=[ 0.3380422  -0.02404594  0.45033757] quat=[ 0.42852294 -0.3801258   0.21736124  0.7903332 ] speed=0.2657 ang_speed=6.3034 ang_vel_vec=[-4.635202   4.123185  -1.1166375] |com_force|=0.0000N
### kotek_magnet[tick=9420] sensor2: d=0.3208m in_range=False f_mag=0.000N tau_mag=0.0000Nm misalign_deg=90.0 pos=[ 0.10902449 -0.10904571  0.49140108] bottom_world=[ 0.10902442 -0.10904577  0.47140108] quat=[ 9.2300045e-01 -2.0309285e-06  1.1850871e-06 -3.8479903e-01] speed=0.0010 ang_speed=0.0022 ang_vel_vec=[-0.00031546  0.00169688  0.00137986] |com_force|=0.0000N
### kotek_magnet[tick=9420] sensor3: d=0.5470m in_range=False f_mag=0.000N tau_mag=0.0000Nm misalign_deg=90.0 pos=[-0.10910641 -0.10914587  0.49140117] bottom_world=[-0.10910661 -0.10914567  0.47140117] quat=[-3.8058290e-01  2.5377478e-06 -6.4121696e-06  9.2474681e-01] speed=0.0011 ang_speed=0.0029 ang_vel_vec=[0.00256547 0.00037885 0.00138841] |com_force|=0.0000N
### kotek_magnet[tick=9420] sensor4: d=0.5249m in_range=False f_mag=0.000N tau_mag=0.0000Nm misalign_deg=90.0 pos=[-0.10899989  0.1090001   0.4914022 ] bottom_world=[-0.10900016  0.10899996  0.47140221] quat=[3.8268232e-01 4.6894215e-06 5.8001747e-06 9.2387998e-01] speed=0.0010 ang_speed=0.0040 ang_vel_vec=[ 0.00288066 -0.00268712 -0.00052286] |com_force|=0.0000N
### kotek_magnet[tick=9480] sensor1: d=0.1597m in_range=False f_mag=0.000N tau_mag=0.0000Nm misalign_deg=62.1 pos=[ 0.33173504 -0.02382915  0.458062  ] bottom_world=[ 0.34110685 -0.03713546  0.44643825] quat=[ 0.3908225  -0.40113065  0.22022846  0.798656  ] speed=0.2711 ang_speed=6.2967 ang_vel_vec=[-4.8902345  3.7466779 -1.3027052] |com_force|=0.0000N
### kotek_magnet[tick=9480] sensor2: d=0.3208m in_range=False f_mag=0.000N tau_mag=0.0000Nm misalign_deg=90.0 pos=[ 0.10902452 -0.10904568  0.49140105] bottom_world=[ 0.10902446 -0.10904573  0.47140105] quat=[ 9.2300045e-01 -1.8247853e-06  9.9591648e-07 -3.8479885e-01] speed=0.0009 ang_speed=0.0026 ang_vel_vec=[-0.00061492  0.00216918  0.00123981] |com_force|=0.0000N
### kotek_magnet[tick=9480] sensor3: d=0.5470m in_range=False f_mag=0.000N tau_mag=0.0000Nm misalign_deg=90.0 pos=[-0.10910637 -0.10914588  0.4914011 ] bottom_world=[-0.10910656 -0.10914569  0.47140111] quat=[-3.8058302e-01  2.5498887e-06 -6.2076560e-06  9.2474681e-01] speed=0.0010 ang_speed=0.0034 ang_vel_vec=[0.00303443 0.00073849 0.00124621] |com_force|=0.0000N
### kotek_magnet[tick=9480] sensor4: d=0.5249m in_range=False f_mag=0.000N tau_mag=0.0000Nm misalign_deg=90.0 pos=[-0.109       0.10900021  0.49140233] bottom_world=[-0.10900024  0.10900006  0.47140233] quat=[3.8268211e-01 3.8958642e-06 5.6998424e-06 9.2388010e-01] speed=0.0010 ang_speed=0.0025 ang_vel_vec=[ 0.00160999 -0.00155941 -0.00106594] |com_force|=0.0000N
### kotek_magnet[tick=9540] sensor1: d=0.1475m in_range=False f_mag=0.000N tau_mag=0.0000Nm misalign_deg=58.6 pos=[ 0.33311778 -0.03704999  0.4536717 ] bottom_world=[ 0.34355087 -0.05017543  0.44276878] quat=[ 0.35307497 -0.42171302  0.2226776   0.8049291 ] speed=0.2753 ang_speed=6.3433 ang_vel_vec=[-5.1493206  3.3820617 -1.5111593] |com_force|=0.0000N
### kotek_magnet[tick=9540] sensor2: d=0.3208m in_range=False f_mag=0.000N tau_mag=0.0000Nm misalign_deg=90.0 pos=[ 0.10902443 -0.10904653  0.49140093] bottom_world=[ 0.10902451 -0.10904633  0.47140093] quat=[ 9.2300063e-01  5.3003505e-06  3.7672720e-08 -3.8479865e-01] speed=0.0001 ang_speed=0.0007 ang_vel_vec=[-0.00037337  0.00035328  0.00050047] |com_force|=0.0000N
### kotek_magnet[tick=9540] sensor3: d=0.5470m in_range=False f_mag=0.000N tau_mag=0.0000Nm misalign_deg=90.0 pos=[-0.10910802 -0.1091457   0.4914011 ] bottom_world=[-0.10910778 -0.10914583  0.47140111] quat=[-3.8058379e-01 -4.3446603e-06  5.1980305e-06  9.2474645e-01] speed=0.0009 ang_speed=0.0037 ang_vel_vec=[ 0.00272334  0.00244074 -0.00041495] |com_force|=0.0000N
### kotek_magnet[tick=9540] sensor4: d=0.5249m in_range=False f_mag=0.000N tau_mag=0.0000Nm misalign_deg=90.0 pos=[-0.1090003   0.10899873  0.49140233] bottom_world=[-0.10900014  0.10899903  0.47140233] quat=[ 3.8268268e-01 -6.6983148e-07 -8.2534107e-06  9.2387980e-01] speed=0.0006 ang_speed=0.0047 ang_vel_vec=[-0.00162943  0.00439996  0.00053197] |com_force|=0.0000N
### kotek_magnet[tick=9600] sensor1: d=0.1359m in_range=False f_mag=0.000N tau_mag=0.0000Nm misalign_deg=55.0 pos=[ 0.33395264 -0.05038397  0.44942325] bottom_world=[ 0.34543519 -0.06322851  0.43926605] quat=[ 0.3147425  -0.4421779   0.22482996  0.80923885] speed=0.2784 ang_speed=6.4064 ang_vel_vec=[-5.392097   3.004755  -1.7140818] |com_force|=0.0000N
### kotek_magnet[tick=9600] sensor2: d=0.3208m in_range=False f_mag=0.000N tau_mag=0.0000Nm misalign_deg=90.0 pos=[ 0.10902453 -0.10904574  0.491401  ] bottom_world=[ 0.10902447 -0.10904579  0.47140099] quat=[ 9.2300040e-01 -1.7888079e-06  9.9421629e-07 -3.8479900e-01] speed=0.0009 ang_speed=0.0024 ang_vel_vec=[-0.00051839  0.00184683  0.00141995] |com_force|=0.0000N
### kotek_magnet[tick=9600] sensor3: d=0.5470m in_range=False f_mag=0.000N tau_mag=0.0000Nm misalign_deg=90.0 pos=[-0.10910745 -0.10914615  0.49140108] bottom_world=[-0.10910741 -0.10914602  0.47140108] quat=[-3.8058388e-01 -2.1725293e-06 -2.6557909e-06  9.2474651e-01] speed=0.0004 ang_speed=0.0023 ang_vel_vec=[-0.00034986  0.00207436 -0.00081327] |com_force|=0.0000N
### kotek_magnet[tick=9600] sensor4: d=0.5249m in_range=False f_mag=0.000N tau_mag=0.0000Nm misalign_deg=90.0 pos=[-0.1090002   0.10899836  0.4914023 ] bottom_world=[-0.10900006  0.1089987   0.4714023 ] quat=[ 3.8268310e-01  7.5331634e-08 -9.1160937e-06  9.2387980e-01] speed=0.0010 ang_speed=0.0019 ang_vel_vec=[-0.0013788   0.00049675  0.0012508 ] |com_force|=0.0000N
### kotek_magnet[tick=9660] sensor1: d=0.1254m in_range=False f_mag=0.000N tau_mag=0.0000Nm misalign_deg=51.4 pos=[ 0.33423817 -0.06359358  0.4455188 ] bottom_world=[ 0.3467176  -0.07607742  0.43611573] quat=[ 0.27716205 -0.4620265   0.22683698  0.8113308 ] speed=0.2825 ang_speed=6.4447 ang_vel_vec=[-5.5820713  2.5912294 -1.9131696] |com_force|=0.0000N
### kotek_magnet[tick=9660] sensor2: d=0.3208m in_range=False f_mag=0.000N tau_mag=0.0000Nm misalign_deg=90.0 pos=[ 0.10902451 -0.10904573  0.49140096] bottom_world=[ 0.10902445 -0.10904577  0.47140096] quat=[ 9.2300057e-01 -1.6045275e-06  1.0609743e-06 -3.8479885e-01] speed=0.0009 ang_speed=0.0025 ang_vel_vec=[-0.00071915  0.0020526   0.00132534] |com_force|=0.0000N
### kotek_magnet[tick=9660] sensor3: d=0.5470m in_range=False f_mag=0.000N tau_mag=0.0000Nm misalign_deg=90.0 pos=[-0.10910814 -0.10914584  0.49140108] bottom_world=[-0.10910789 -0.10914595  0.47140108] quat=[-3.8058403e-01 -4.8563093e-06  4.9197970e-06  9.2474639e-01] speed=0.0009 ang_speed=0.0022 ang_vel_vec=[ 0.00156743  0.00117368 -0.00098905] |com_force|=0.0000N
### kotek_magnet[tick=9660] sensor4: d=0.5249m in_range=False f_mag=0.000N tau_mag=0.0000Nm misalign_deg=90.0 pos=[-0.10900018  0.10899843  0.49140227] bottom_world=[-0.10900008  0.10899874  0.47140227] quat=[ 3.8268298e-01  6.6550001e-07 -8.1219368e-06  9.2387974e-01] speed=0.0010 ang_speed=0.0020 ang_vel_vec=[-0.00010369 -0.00162278  0.00113203] |com_force|=0.0000N
### kotek_magnet[tick=9720] sensor1: d=0.1159m in_range=False f_mag=0.000N tau_mag=0.0000Nm misalign_deg=47.8 pos=[ 0.3340428  -0.0767798   0.44184345] bottom_world=[ 0.34748689 -0.08881651  0.43321943] quat=[ 0.23931937 -0.48172152  0.22878794  0.8113734 ] speed=0.2849 ang_speed=6.4816 ang_vel_vec=[-5.730088   2.1228178 -2.1613111] |com_force|=0.0000N
### kotek_magnet[tick=9720] sensor2: d=0.3208m in_range=False f_mag=0.000N tau_mag=0.0000Nm misalign_deg=90.0 pos=[ 0.10902473 -0.10904597  0.4914011 ] bottom_world=[ 0.10902456 -0.10904602  0.47140111] quat=[ 9.2300057e-01 -2.7785429e-06  3.3152069e-06 -3.8479865e-01] speed=0.0006 ang_speed=0.0025 ang_vel_vec=[ 0.00013361 -0.00249174  0.00048004] |com_force|=0.0000N
### kotek_magnet[tick=9720] sensor3: d=0.5470m in_range=False f_mag=0.000N tau_mag=0.0000Nm misalign_deg=90.0 pos=[-0.10910749 -0.10914614  0.49140105] bottom_world=[-0.10910744 -0.10914601  0.47140105] quat=[-3.8058376e-01 -2.2543654e-06 -2.5236777e-06  9.2474651e-01] speed=0.0004 ang_speed=0.0022 ang_vel_vec=[-0.00024859  0.00203539 -0.00081828] |com_force|=0.0000N
### kotek_magnet[tick=9720] sensor4: d=0.5249m in_range=False f_mag=0.000N tau_mag=0.0000Nm misalign_deg=90.0 pos=[-0.10900017  0.10899845  0.49140227] bottom_world=[-0.10900006  0.10899876  0.47140227] quat=[ 3.8268307e-01  4.6666116e-07 -8.3220457e-06  9.2387968e-01] speed=0.0010 ang_speed=0.0015 ang_vel_vec=[-0.00068943 -0.00048502  0.00123917] |com_force|=0.0000N
### kotek_magnet[tick=9780] sensor1: d=0.1076m in_range=False f_mag=0.000N tau_mag=0.0000Nm misalign_deg=44.1 pos=[ 0.3333551  -0.09000187  0.43845695] bottom_world=[ 0.34771611 -0.10151863  0.43063868] quat=[ 0.2015787  -0.50120384  0.23094973  0.8092113 ] speed=0.2872 ang_speed=6.5536 ang_vel_vec=[-5.8693976  1.667608  -2.3913388] |com_force|=0.0000N
### kotek_magnet[tick=9780] sensor2: d=0.3208m in_range=False f_mag=0.000N tau_mag=0.0000Nm misalign_deg=90.0 pos=[ 0.10902447 -0.10904572  0.49140093] bottom_world=[ 0.10902441 -0.10904576  0.47140093] quat=[ 9.2300051e-01 -1.4980330e-06  9.4886445e-07 -3.8479891e-01] speed=0.0009 ang_speed=0.0025 ang_vel_vec=[-0.00069876  0.00202169  0.00132794] |com_force|=0.0000N
### kotek_magnet[tick=9780] sensor3: d=0.5470m in_range=False f_mag=0.000N tau_mag=0.0000Nm misalign_deg=90.0 pos=[-0.10910802 -0.10914575  0.49140105] bottom_world=[-0.10910778 -0.10914587  0.47140105] quat=[-3.8058382e-01 -4.3782234e-06  5.0546137e-06  9.2474645e-01] speed=0.0009 ang_speed=0.0035 ang_vel_vec=[ 0.00253101  0.00240087 -0.0006455 ] |com_force|=0.0000N
### kotek_magnet[tick=9780] sensor4: d=0.5249m in_range=False f_mag=0.000N tau_mag=0.0000Nm misalign_deg=90.0 pos=[-0.10900033  0.10899871  0.49140233] bottom_world=[-0.10900018  0.108999    0.47140233] quat=[ 3.8268274e-01 -6.0221060e-07 -8.1302314e-06  9.2387980e-01] speed=0.0006 ang_speed=0.0043 ang_vel_vec=[-0.00149519  0.00401291  0.00027291] |com_force|=0.0000N
### kotek_magnet[tick=9840] sensor1: d=0.1011m in_range=False f_mag=0.000N tau_mag=0.0000Nm misalign_deg=40.5 pos=[ 0.332204   -0.10299952  0.4354196 ] bottom_world=[ 0.3474199  -0.11393235  0.42842318] quat=[ 0.16434032 -0.5202298   0.23334654  0.804924  ] speed=0.2887 ang_speed=6.6127 ang_vel_vec=[-5.971984   1.1433831 -2.5992644] |com_force|=0.0000N
### kotek_magnet[tick=9840] sensor2: d=0.3208m in_range=False f_mag=0.000N tau_mag=0.0000Nm misalign_deg=90.0 pos=[ 0.10902438 -0.109046    0.49140093] bottom_world=[ 0.10902445 -0.10904591  0.47140093] quat=[ 9.2300051e-01  2.8074762e-06 -8.9835288e-07 -3.8479868e-01] speed=0.0006 ang_speed=0.0057 ang_vel_vec=[-0.00354315  0.00430716  0.00095673] |com_force|=0.0000N
### kotek_magnet[tick=9840] sensor3: d=0.5470m in_range=False f_mag=0.000N tau_mag=0.0000Nm misalign_deg=90.0 pos=[-0.10910812 -0.10914586  0.4914011 ] bottom_world=[-0.10910787 -0.10914595  0.47140111] quat=[-3.8058418e-01 -4.7612480e-06  4.5616675e-06  9.2474639e-01] speed=0.0009 ang_speed=0.0019 ang_vel_vec=[ 0.00138091  0.0009206  -0.00092361] |com_force|=0.0000N
### kotek_magnet[tick=9840] sensor4: d=0.5249m in_range=False f_mag=0.000N tau_mag=0.0000Nm misalign_deg=90.0 pos=[-0.1090002   0.10899847  0.4914024 ] bottom_world=[-0.1090001   0.10899878  0.47140239] quat=[ 3.8268307e-01  6.5409961e-07 -8.1641492e-06  9.2387980e-01] speed=0.0010 ang_speed=0.0020 ang_vel_vec=[-2.0851180e-06 -1.5639160e-03  1.2013747e-03] |com_force|=0.0000N
### kotek_magnet[tick=9900] sensor1: d=0.0943m in_range=True f_mag=1.375N tau_mag=0.0019Nm misalign_deg=34.2 pos=[ 0.3292031  -0.11615575  0.42973146] bottom_world=[ 0.34574225 -0.12520264  0.42305236] quat=[ 0.13660495 -0.545478    0.18835157  0.8051812 ] speed=0.3141 ang_speed=8.8923 ang_vel_vec=[-6.84872   -1.6042393 -5.440043 ] |com_force|=0.2839N
### kotek_magnet[tick=9900] sensor2: d=0.3208m in_range=False f_mag=0.000N tau_mag=0.0000Nm misalign_deg=90.0 pos=[ 0.10902435 -0.10904728  0.491401  ] bottom_world=[ 0.10902457 -0.10904695  0.47140099] quat=[ 9.230009e-01  9.672256e-06 -1.858155e-06 -3.847981e-01] speed=0.0009 ang_speed=0.0014 ang_vel_vec=[-0.00075963  0.00104562 -0.0006455 ] |com_force|=0.0000N
### kotek_magnet[tick=9900] sensor3: d=0.5470m in_range=False f_mag=0.000N tau_mag=0.0000Nm misalign_deg=90.0 pos=[-0.10910811 -0.10914584  0.4914011 ] bottom_world=[-0.10910787 -0.10914593  0.47140111] quat=[-3.8058397e-01 -4.6472569e-06  4.5714141e-06  9.2474639e-01] speed=0.0009 ang_speed=0.0019 ang_vel_vec=[ 0.00136536  0.0009146  -0.00103977] |com_force|=0.0000N
### kotek_magnet[tick=9900] sensor4: d=0.5249m in_range=False f_mag=0.000N tau_mag=0.0000Nm misalign_deg=90.0 pos=[-0.10900032  0.10899866  0.49140233] bottom_world=[-0.10900017  0.10899895  0.47140233] quat=[ 3.8268277e-01 -6.6064376e-07 -8.1743237e-06  9.2387980e-01] speed=0.0006 ang_speed=0.0043 ang_vel_vec=[-0.00144443  0.00405316  0.00022351] |com_force|=0.0000N
### kotek_magnet[tick=9960] sensor1: d=0.0913m in_range=True f_mag=1.511N tau_mag=0.0018Nm misalign_deg=30.1 pos=[ 0.3269275  -0.12818944  0.42695767] bottom_world=[ 0.34422258 -0.13626091  0.42098005] quat=[ 0.09926136 -0.5632842   0.18240169  0.7997423 ] speed=0.2918 ang_speed=14.1022 ang_vel_vec=[ -9.710966   -0.7637188 -10.197328 ] |com_force|=0.3957N
### kotek_magnet[tick=9960] sensor2: d=0.3208m in_range=False f_mag=0.000N tau_mag=0.0000Nm misalign_deg=90.0 pos=[ 0.10902445 -0.10904739  0.491401  ] bottom_world=[ 0.10902464 -0.10904705  0.47140099] quat=[ 9.2300081e-01  9.6763952e-06 -1.0798027e-06 -3.8479787e-01] speed=0.0010 ang_speed=0.0010 ang_vel_vec=[ 4.5528891e-04 -4.8239035e-05 -8.4842223e-04] |com_force|=0.0000N
### kotek_magnet[tick=9960] sensor3: d=0.5470m in_range=False f_mag=0.000N tau_mag=0.0000Nm misalign_deg=90.0 pos=[-0.10910812 -0.10914583  0.4914011 ] bottom_world=[-0.10910788 -0.10914592  0.47140111] quat=[-3.8058397e-01 -4.6507103e-06  4.4744938e-06  9.2474633e-01] speed=0.0009 ang_speed=0.0018 ang_vel_vec=[ 0.00126542  0.00087635 -0.00091101] |com_force|=0.0000N
### kotek_magnet[tick=9960] sensor4: d=0.5249m in_range=False f_mag=0.000N tau_mag=0.0000Nm misalign_deg=90.0 pos=[-0.10900029  0.10899869  0.49140233] bottom_world=[-0.10900014  0.10899899  0.47140233] quat=[ 3.8268265e-01 -5.5958600e-07 -8.1380795e-06  9.2387980e-01] speed=0.0006 ang_speed=0.0043 ang_vel_vec=[-0.00152295  0.00403573  0.00035477] |com_force|=0.0000N
### kotek_magnet[tick=10020] sensor1: d=0.0906m in_range=True f_mag=1.517N tau_mag=0.0018Nm misalign_deg=26.7 pos=[ 0.32429716 -0.14034347  0.42490765] bottom_world=[ 0.34216307 -0.14768947  0.41972637] quat=[ 0.06272405 -0.5794685   0.18623652  0.7909476 ] speed=0.2850 ang_speed=13.9051 ang_vel_vec=[ -9.415231   -1.9384894 -10.047201 ] |com_force|=0.3933N
### kotek_magnet[tick=10020] sensor2: d=0.3208m in_range=False f_mag=0.000N tau_mag=0.0000Nm misalign_deg=90.0 pos=[ 0.10902473 -0.10904675  0.4914011 ] bottom_world=[ 0.10902472 -0.10904659  0.47140111] quat=[ 9.2300081e-01  3.4358436e-06  1.8432935e-06 -3.8479814e-01] speed=0.0005 ang_speed=0.0014 ang_vel_vec=[-0.0011901  0.0001031 -0.0007771] |com_force|=0.0000N
### kotek_magnet[tick=10020] sensor3: d=0.5470m in_range=False f_mag=0.000N tau_mag=0.0000Nm misalign_deg=90.0 pos=[-0.10910746 -0.10914611  0.49140108] bottom_world=[-0.10910742 -0.10914598  0.47140108] quat=[-3.8058376e-01 -2.1621820e-06 -2.5717497e-06  9.2474645e-01] speed=0.0004 ang_speed=0.0021 ang_vel_vec=[ 8.0934646e-05  1.9908552e-03 -8.0628472e-04] |com_force|=0.0000N
### kotek_magnet[tick=10020] sensor4: d=0.5249m in_range=False f_mag=0.000N tau_mag=0.0000Nm misalign_deg=90.0 pos=[-0.10900036  0.10899869  0.4914023 ] bottom_world=[-0.10900021  0.10899899  0.4714023 ] quat=[ 3.8268274e-01 -6.4381254e-07 -8.1741955e-06  9.2387986e-01] speed=0.0006 ang_speed=0.0043 ang_vel_vec=[-0.00149083  0.00401543  0.00037276] |com_force|=0.0000N
### kotek_magnet[tick=10080] sensor1: d=0.0914m in_range=True f_mag=1.454N tau_mag=0.0018Nm misalign_deg=24.5 pos=[ 0.32232264 -0.14825363  0.4238341 ] bottom_world=[ 0.34052515 -0.1551144   0.41918667] quat=[ 0.03893717 -0.5898413   0.18947795  0.78400844] speed=0.2737 ang_speed=13.7762 ang_vel_vec=[-9.072303  -2.7759893 -9.988604 ] |com_force|=0.3704N
### kotek_magnet[tick=10080] sensor2: d=0.3208m in_range=False f_mag=0.000N tau_mag=0.0000Nm misalign_deg=90.0 pos=[ 0.10902449 -0.10904573  0.49140096] bottom_world=[ 0.10902443 -0.10904577  0.47140096] quat=[ 9.2300045e-01 -1.5369061e-06  1.0376684e-06 -3.8479891e-01] speed=0.0009 ang_speed=0.0027 ang_vel_vec=[-0.0008893   0.00218433  0.00135687] |com_force|=0.0000N
### kotek_magnet[tick=10080] sensor3: d=0.5470m in_range=False f_mag=0.000N tau_mag=0.0000Nm misalign_deg=90.0 pos=[-0.10910745 -0.10914609  0.49140108] bottom_world=[-0.10910741 -0.10914595  0.47140108] quat=[-3.8058385e-01 -2.2159120e-06 -2.7142817e-06  9.2474651e-01] speed=0.0004 ang_speed=0.0022 ang_vel_vec=[ 4.6487425e-05  2.0172100e-03 -8.5877744e-04] |com_force|=0.0000N
### kotek_magnet[tick=10080] sensor4: d=0.5249m in_range=False f_mag=0.000N tau_mag=0.0000Nm misalign_deg=90.0 pos=[-0.10900017  0.10899842  0.4914023 ] bottom_world=[-0.10900005  0.10899874  0.4714023 ] quat=[ 3.8268307e-01  4.5901945e-07 -8.5396750e-06  9.2387968e-01] speed=0.0010 ang_speed=0.0015 ang_vel_vec=[-0.00051111 -0.00079467  0.00118637] |com_force|=0.0000N
### kotek_magnet[tick=10140] sensor1: d=0.0888m in_range=True f_mag=1.768N tau_mag=0.0018Nm misalign_deg=25.7 pos=[ 0.3172988  -0.15317678  0.41484106] bottom_world=[ 0.33531829 -0.16030402  0.40989124] quat=[ 0.04805137 -0.5830687   0.19048753  0.7883125 ] speed=0.2671 ang_speed=13.8015 ang_vel_vec=[ -8.873065  -1.860671 -10.406141] |com_force|=0.3639N
### kotek_magnet[tick=10140] sensor2: d=0.3208m in_range=False f_mag=0.000N tau_mag=0.0000Nm misalign_deg=90.0 pos=[ 0.10902447 -0.10904571  0.49140102] bottom_world=[ 0.10902441 -0.10904575  0.47140102] quat=[ 9.2300040e-01 -1.4383546e-06  9.6656072e-07 -3.8479906e-01] speed=0.0009 ang_speed=0.0027 ang_vel_vec=[-0.00087177  0.00211049  0.00152318] |com_force|=0.0000N
### kotek_magnet[tick=10140] sensor3: d=0.5470m in_range=False f_mag=0.000N tau_mag=0.0000Nm misalign_deg=90.0 pos=[-0.10910812 -0.10914583  0.4914011 ] bottom_world=[-0.10910788 -0.10914592  0.47140111] quat=[-3.8058403e-01 -4.5770566e-06  4.4913832e-06  9.2474645e-01] speed=0.0009 ang_speed=0.0016 ang_vel_vec=[ 0.00122954  0.00077325 -0.00076449] |com_force|=0.0000N
### kotek_magnet[tick=10140] sensor4: d=0.5249m in_range=False f_mag=0.000N tau_mag=0.0000Nm misalign_deg=90.0 pos=[-0.10900001  0.10900022  0.4914022 ] bottom_world=[-0.10900024  0.10900008  0.47140221] quat=[3.8268223e-01 3.9436327e-06 5.5296605e-06 9.2388016e-01] speed=0.0010 ang_speed=0.0022 ang_vel_vec=[ 0.00145586 -0.0014323  -0.00078606] |com_force|=0.0000N
### kotek_magnet[tick=10200] sensor1: d=0.0689m in_range=True f_mag=1.360N tau_mag=0.0013Nm misalign_deg=25.0 pos=[ 0.33044755 -0.15638465  0.39868528] bottom_world=[ 0.34857224 -0.16337383  0.39392639] quat=[ 0.04317996 -0.5872582   0.19014655  0.78556204] speed=0.2600 ang_speed=14.4810 ang_vel_vec=[ -9.109423  -2.126131 -11.054226] |com_force|=0.4042N
### kotek_magnet[tick=10200] sensor2: d=0.3208m in_range=False f_mag=0.000N tau_mag=0.0000Nm misalign_deg=90.0 pos=[ 0.10902444 -0.10904653  0.49140084] bottom_world=[ 0.10902451 -0.10904634  0.47140084] quat=[ 9.2300069e-01  5.0919957e-06  1.9604100e-07 -3.8479853e-01] speed=0.0000 ang_speed=0.0009 ang_vel_vec=[-0.00064982  0.00044507  0.0003614 ] |com_force|=0.0000N
### kotek_magnet[tick=10200] sensor3: d=0.5470m in_range=False f_mag=0.000N tau_mag=0.0000Nm misalign_deg=90.0 pos=[-0.10910745 -0.10914609  0.49140105] bottom_world=[-0.10910741 -0.10914596  0.47140105] quat=[-3.8058376e-01 -2.2583417e-06 -2.5814934e-06  9.2474645e-01] speed=0.0004 ang_speed=0.0021 ang_vel_vec=[-4.6186389e-05  1.9978823e-03 -7.8143895e-04] |com_force|=0.0000N
### kotek_magnet[tick=10200] sensor4: d=0.5249m in_range=False f_mag=0.000N tau_mag=0.0000Nm misalign_deg=90.0 pos=[-0.10900033  0.10899955  0.49140218] bottom_world=[-0.10900031  0.10899961  0.47140218] quat=[ 3.8268226e-01  2.6211350e-07 -1.6022091e-06  9.2388004e-01] speed=0.0004 ang_speed=0.0023 ang_vel_vec=[ 0.00179264  0.00113042 -0.00084828] |com_force|=0.0000N
### kotek_magnet[tick=10260] sensor1: d=0.0476m in_range=True f_mag=0.920N tau_mag=0.0008Nm misalign_deg=24.4 pos=[ 0.34539866 -0.16061023  0.37975985] bottom_world=[ 0.36361481 -0.16749971  0.37520936] quat=[ 0.03858932 -0.59141845  0.19095047  0.7824787 ] speed=0.2825 ang_speed=13.3259 ang_vel_vec=[-8.786925  -3.0775447 -9.534107 ] |com_force|=0.3442N
### kotek_magnet[tick=10260] sensor2: d=0.3208m in_range=False f_mag=0.000N tau_mag=0.0000Nm misalign_deg=90.0 pos=[ 0.10902417 -0.10904745  0.49140093] bottom_world=[ 0.10902451 -0.10904707  0.47140093] quat=[ 9.23000813e-01  1.20010955e-05 -3.95260213e-06 -3.84798139e-01] speed=0.0012 ang_speed=0.0130 ang_vel_vec=[-0.00580951  0.01164985 -0.00049611] |com_force|=0.0000N
### kotek_magnet[tick=10260] sensor3: d=0.5470m in_range=False f_mag=0.000N tau_mag=0.0000Nm misalign_deg=90.0 pos=[-0.10910802 -0.10914573  0.49140105] bottom_world=[-0.10910778 -0.10914586  0.47140105] quat=[-3.8058382e-01 -4.2778306e-06  5.3064336e-06  9.2474639e-01] speed=0.0009 ang_speed=0.0033 ang_vel_vec=[ 0.00235247  0.0021321  -0.00072255] |com_force|=0.0000N
### kotek_magnet[tick=10260] sensor4: d=0.5249m in_range=False f_mag=0.000N tau_mag=0.0000Nm misalign_deg=90.0 pos=[-0.10900035  0.10899927  0.49140224] bottom_world=[-0.10900029  0.10899941  0.47140224] quat=[ 3.8268235e-01  1.2207882e-07 -3.7783664e-06  9.2387998e-01] speed=0.0001 ang_speed=0.0014 ang_vel_vec=[-0.00014134  0.00128282 -0.00062667] |com_force|=0.0000N
### still playing, 1219s left
### kotek_magnet[tick=10320] sensor1: d=0.0156m in_range=True f_mag=0.261N tau_mag=0.0001Nm misalign_deg=16.5 pos=[ 0.36862794 -0.14759155  0.36521807] bottom_world=[ 0.38779967 -0.14922501  0.3597613 ] quat=[ 0.15509027 -0.59928864 -0.0665876   0.7825383 ] speed=0.0429 ang_speed=1.6081 ang_vel_vec=[ 0.87344444 -1.1530806   0.7024851 ] |com_force|=0.5070N
### kotek_magnet[tick=10320] sensor2: d=0.3208m in_range=False f_mag=0.000N tau_mag=0.0000Nm misalign_deg=90.0 pos=[ 0.10902441 -0.10904738  0.49140096] bottom_world=[ 0.10902461 -0.10904703  0.47140096] quat=[ 9.2300093e-01  1.0010894e-05 -1.1738813e-06 -3.8479799e-01] speed=0.0009 ang_speed=0.0009 ang_vel_vec=[ 3.5666098e-04 -3.3004784e-05 -7.8537274e-04] |com_force|=0.0000N
### kotek_magnet[tick=10320] sensor3: d=0.5470m in_range=False f_mag=0.000N tau_mag=0.0000Nm misalign_deg=90.0 pos=[-0.10910812 -0.10914582  0.49140102] bottom_world=[-0.10910787 -0.10914592  0.47140102] quat=[-3.8058403e-01 -4.8310822e-06  4.7107201e-06  9.2474645e-01] speed=0.0009 ang_speed=0.0015 ang_vel_vec=[ 0.00105005  0.00062924 -0.00080123] |com_force|=0.0000N
### kotek_magnet[tick=10320] sensor4: d=0.5249m in_range=False f_mag=0.000N tau_mag=0.0000Nm misalign_deg=90.0 pos=[-0.10900036  0.10899873  0.49140233] bottom_world=[-0.10900022  0.10899902  0.47140233] quat=[ 3.8268277e-01 -5.4694868e-07 -7.9635483e-06  9.2387986e-01] speed=0.0006 ang_speed=0.0041 ang_vel_vec=[-0.00133649  0.00390081  0.00044354] |com_force|=0.0000N
### kotek_magnet[tick=10332]: welded sensor 1 at d=0.0151m misalign_deg=13.6 pos=[ 0.36958352 -0.1484427   0.36498728] wall_pos=[0.425 0.    0.5  ] local_pos1=[-0.05541648 -0.1484427  -0.13501272] quat=[ 0.16044632 -0.61125267 -0.10231894  0.7682175 ]
### kotek_magnet[tick=10380] sensor2: d=0.3208m in_range=False f_mag=0.000N tau_mag=0.0000Nm misalign_deg=90.0 pos=[ 0.10902431 -0.10904726  0.49140105] bottom_world=[ 0.10902453 -0.10904693  0.47140105] quat=[ 9.2300087e-01  9.7676566e-06 -1.9947784e-06 -3.8479814e-01] speed=0.0009 ang_speed=0.0016 ang_vel_vec=[-0.00100128  0.00120686 -0.00022584] |com_force|=0.0000N
### kotek_magnet[tick=10380] sensor3: d=0.5470m in_range=False f_mag=0.000N tau_mag=0.0000Nm misalign_deg=90.0 pos=[-0.1091075 -0.1091461  0.491401 ] bottom_world=[-0.10910746 -0.10914597  0.47140099] quat=[-3.8058391e-01 -2.1425992e-06 -2.4464305e-06  9.2474651e-01] speed=0.0004 ang_speed=0.0018 ang_vel_vec=[-3.6127840e-05  1.6861171e-03 -5.3324213e-04] |com_force|=0.0000N
### kotek_magnet[tick=10380] sensor4: d=0.5249m in_range=False f_mag=0.000N tau_mag=0.0000Nm misalign_deg=90.0 pos=[-0.10900013  0.10899924  0.49140233] bottom_world=[-0.10900017  0.10899933  0.47140233] quat=[ 3.8268262e-01  1.7187199e-06 -1.8788706e-06  9.2387986e-01] speed=0.0002 ang_speed=0.0019 ang_vel_vec=[ 0.00101207 -0.00150257  0.00040467] |com_force|=0.0000N
### kotek_magnet[tick=10440] sensor2: d=0.3208m in_range=False f_mag=0.000N tau_mag=0.0000Nm misalign_deg=90.0 pos=[ 0.10902447 -0.1090457   0.4914009 ] bottom_world=[ 0.10902441 -0.10904575  0.4714009 ] quat=[ 9.2300051e-01 -1.7633021e-06  1.0038813e-06 -3.8479897e-01] speed=0.0009 ang_speed=0.0024 ang_vel_vec=[-0.00039147  0.0018153   0.00147147] |com_force|=0.0000N
### kotek_magnet[tick=10440] sensor3: d=0.5470m in_range=False f_mag=0.000N tau_mag=0.0000Nm misalign_deg=90.0 pos=[-0.10910749 -0.1091461   0.4914011 ] bottom_world=[-0.10910745 -0.10914597  0.47140111] quat=[-3.8058388e-01 -2.2267079e-06 -2.4657081e-06  9.2474651e-01] speed=0.0004 ang_speed=0.0019 ang_vel_vec=[ 7.3515730e-06  1.7897942e-03 -7.2136364e-04] |com_force|=0.0000N
### kotek_magnet[tick=10440] sensor4: d=0.5249m in_range=False f_mag=0.000N tau_mag=0.0000Nm misalign_deg=90.0 pos=[-0.10900036  0.10899874  0.49140233] bottom_world=[-0.1090002   0.10899903  0.47140233] quat=[ 3.8268277e-01 -7.2196121e-07 -8.1447051e-06  9.2387980e-01] speed=0.0006 ang_speed=0.0040 ang_vel_vec=[-0.00121035  0.00381435  0.00045053] |com_force|=0.0000N
### kotek_magnet[tick=10500] sensor2: d=0.3208m in_range=False f_mag=0.000N tau_mag=0.0000Nm misalign_deg=90.0 pos=[ 0.10902472 -0.10904592  0.49140102] bottom_world=[ 0.10902456 -0.10904597  0.47140102] quat=[ 9.2300063e-01 -2.6258231e-06  3.2105768e-06 -3.8479856e-01] speed=0.0006 ang_speed=0.0026 ang_vel_vec=[ 0.00019248 -0.0025171   0.00046092] |com_force|=0.0000N
### kotek_magnet[tick=10500] sensor3: d=0.5470m in_range=False f_mag=0.000N tau_mag=0.0000Nm misalign_deg=90.0 pos=[-0.10910749 -0.1091461   0.49140102] bottom_world=[-0.10910744 -0.10914597  0.47140102] quat=[-3.8058388e-01 -2.2712493e-06 -2.4504454e-06  9.2474651e-01] speed=0.0004 ang_speed=0.0020 ang_vel_vec=[-8.2953360e-05  1.8650526e-03 -8.0853206e-04] |com_force|=0.0000N
### kotek_magnet[tick=10500] sensor4: d=0.5249m in_range=False f_mag=0.000N tau_mag=0.0000Nm misalign_deg=90.0 pos=[-0.10900041  0.10899843  0.49140236] bottom_world=[-0.1090002   0.10899876  0.47140236] quat=[ 3.8268292e-01 -1.5842344e-06 -9.6312342e-06  9.2387980e-01] speed=0.0009 ang_speed=0.0028 ang_vel_vec=[0.00077141 0.00267215 0.00053735] |com_force|=0.0000N
### kotek_magnet[tick=10560] sensor2: d=0.3208m in_range=False f_mag=0.000N tau_mag=0.0000Nm misalign_deg=90.0 pos=[ 0.10902474 -0.10904596  0.49140105] bottom_world=[ 0.10902457 -0.10904601  0.47140105] quat=[ 9.2300057e-01 -2.7191595e-06  3.3646083e-06 -3.8479859e-01] speed=0.0006 ang_speed=0.0025 ang_vel_vec=[ 5.7797624e-05 -2.4559551e-03  5.6431838e-04] |com_force|=0.0000N
### kotek_magnet[tick=10560] sensor3: d=0.5470m in_range=False f_mag=0.000N tau_mag=0.0000Nm misalign_deg=90.0 pos=[-0.10910811 -0.10914583  0.49140105] bottom_world=[-0.10910787 -0.10914593  0.47140105] quat=[-3.8058394e-01 -4.6241144e-06  4.5679853e-06  9.2474645e-01] speed=0.0009 ang_speed=0.0017 ang_vel_vec=[ 0.00128209  0.00083552 -0.00077831] |com_force|=0.0000N
### kotek_magnet[tick=10560] sensor4: d=0.5249m in_range=False f_mag=0.000N tau_mag=0.0000Nm misalign_deg=90.0 pos=[-0.10900015  0.10899843  0.4914023 ] bottom_world=[-0.10900003  0.10899875  0.4714023 ] quat=[ 3.8268298e-01  4.7059734e-07 -8.4253643e-06  9.2387968e-01] speed=0.0010 ang_speed=0.0017 ang_vel_vec=[-0.00053807 -0.00083953  0.00133717] |com_force|=0.0000N
### kotek_magnet[tick=10620] sensor2: d=0.3208m in_range=False f_mag=0.000N tau_mag=0.0000Nm misalign_deg=90.0 pos=[ 0.10902448 -0.10904574  0.49140105] bottom_world=[ 0.10902442 -0.10904578  0.47140105] quat=[ 9.2300051e-01 -1.3677080e-06  9.9657893e-07 -3.8479888e-01] speed=0.0009 ang_speed=0.0026 ang_vel_vec=[-0.00079907  0.00206429  0.00128338] |com_force|=0.0000N
### kotek_magnet[tick=10620] sensor3: d=0.5470m in_range=False f_mag=0.000N tau_mag=0.0000Nm misalign_deg=90.0 pos=[-0.10910802 -0.10914577  0.49140102] bottom_world=[-0.10910778 -0.10914588  0.47140102] quat=[-3.8058391e-01 -4.3462528e-06  4.7643516e-06  9.2474645e-01] speed=0.0009 ang_speed=0.0030 ang_vel_vec=[ 0.0021171   0.00204877 -0.00069786] |com_force|=0.0000N
### kotek_magnet[tick=10620] sensor4: d=0.5249m in_range=False f_mag=0.000N tau_mag=0.0000Nm misalign_deg=90.0 pos=[-0.10900016  0.1089984   0.4914023 ] bottom_world=[-0.10900005  0.10899873  0.4714023 ] quat=[ 3.8268301e-01  4.7028090e-07 -8.6915588e-06  9.2387974e-01] speed=0.0010 ang_speed=0.0017 ang_vel_vec=[-0.00052366 -0.00111973  0.00113742] |com_force|=0.0000N
### kotek_magnet[tick=10680] sensor2: d=0.3208m in_range=False f_mag=0.000N tau_mag=0.0000Nm misalign_deg=90.0 pos=[ 0.10902447 -0.10904577  0.491401  ] bottom_world=[ 0.10902442 -0.1090458   0.47140099] quat=[ 9.2300045e-01 -1.2779840e-06  9.6204417e-07 -3.8479897e-01] speed=0.0009 ang_speed=0.0027 ang_vel_vec=[-0.00099425  0.00210759  0.00131415] |com_force|=0.0000N
### kotek_magnet[tick=10680] sensor3: d=0.5470m in_range=False f_mag=0.000N tau_mag=0.0000Nm misalign_deg=90.0 pos=[-0.10910747 -0.10914614  0.49140102] bottom_world=[-0.10910741 -0.10914602  0.47140102] quat=[-3.8058397e-01 -2.5222173e-06 -2.3075311e-06  9.2474645e-01] speed=0.0004 ang_speed=0.0025 ang_vel_vec=[ 0.00015614  0.0023206  -0.0009148 ] |com_force|=0.0000N
### kotek_magnet[tick=10680] sensor4: d=0.5249m in_range=False f_mag=0.000N tau_mag=0.0000Nm misalign_deg=90.0 pos=[-0.10900028  0.10899924  0.4914023 ] bottom_world=[-0.10900025  0.10899938  0.4714023 ] quat=[ 3.8268241e-01  6.3947971e-07 -3.3335864e-06  9.2387992e-01] speed=0.0001 ang_speed=0.0012 ang_vel_vec=[-0.00061375  0.00077603 -0.00064197] |com_force|=0.0000N
### kotek_magnet[tick=10740] sensor2: d=0.3208m in_range=False f_mag=0.000N tau_mag=0.0000Nm misalign_deg=90.0 pos=[ 0.1090245  -0.10904585  0.49140096] bottom_world=[ 0.10902446 -0.10904587  0.47140096] quat=[ 9.2300045e-01 -9.8429643e-07  8.6154819e-07 -3.8479888e-01] speed=0.0008 ang_speed=0.0027 ang_vel_vec=[-0.00074732  0.00204325  0.00164074] |com_force|=0.0000N
### kotek_magnet[tick=10740] sensor3: d=0.5470m in_range=False f_mag=0.000N tau_mag=0.0000Nm misalign_deg=90.0 pos=[-0.10910813 -0.10914593  0.49140108] bottom_world=[-0.1091079  -0.10914601  0.47140108] quat=[-3.8058391e-01 -4.5369702e-06  3.9942738e-06  9.2474645e-01] speed=0.0009 ang_speed=0.0013 ang_vel_vec=[ 0.00097414  0.00050385 -0.00065934] |com_force|=0.0000N
### kotek_magnet[tick=10740] sensor4: d=0.5249m in_range=False f_mag=0.000N tau_mag=0.0000Nm misalign_deg=90.0 pos=[-0.10900017  0.10899837  0.4914024 ] bottom_world=[-0.10900005  0.1089987   0.47140239] quat=[ 3.8268304e-01  3.9133175e-07 -8.8472643e-06  9.2387974e-01] speed=0.0010 ang_speed=0.0018 ang_vel_vec=[-0.00050853 -0.00101831  0.0014538 ] |com_force|=0.0000N
### kotek_magnet[tick=10800] sensor2: d=0.3208m in_range=False f_mag=0.000N tau_mag=0.0000Nm misalign_deg=90.0 pos=[ 0.10902425 -0.10904627  0.491401  ] bottom_world=[ 0.10902438 -0.10904613  0.47140099] quat=[ 9.2300057e-01  4.3193195e-06 -1.6914472e-06 -3.8479879e-01] speed=0.0005 ang_speed=0.0067 ang_vel_vec=[-0.00362872  0.00547472  0.00132608] |com_force|=0.0000N
### kotek_magnet[tick=10800] sensor3: d=0.5470m in_range=False f_mag=0.000N tau_mag=0.0000Nm misalign_deg=90.0 pos=[-0.10910809 -0.10914585  0.49140105] bottom_world=[-0.10910786 -0.10914594  0.47140105] quat=[-3.8058397e-01 -4.5486649e-06  4.2793645e-06  9.2474639e-01] speed=0.0009 ang_speed=0.0016 ang_vel_vec=[ 0.001158    0.00062212 -0.00087081] |com_force|=0.0000N
### kotek_magnet[tick=10800] sensor4: d=0.5249m in_range=False f_mag=0.000N tau_mag=0.0000Nm misalign_deg=90.0 pos=[-0.10900017  0.10899841  0.4914024 ] bottom_world=[-0.10900005  0.10899874  0.47140239] quat=[ 3.8268313e-01  3.5068379e-07 -8.7990566e-06  9.2387968e-01] speed=0.0010 ang_speed=0.0018 ang_vel_vec=[-0.00046584 -0.00122238  0.00122471] |com_force|=0.0000N
### kotek_magnet[tick=10860] sensor2: d=0.3208m in_range=False f_mag=0.000N tau_mag=0.0000Nm misalign_deg=90.0 pos=[ 0.10902447 -0.10904578  0.49140096] bottom_world=[ 0.10902441 -0.10904582  0.47140096] quat=[ 9.2300045e-01 -1.3626671e-06  9.8372834e-07 -3.8479906e-01] speed=0.0008 ang_speed=0.0025 ang_vel_vec=[-0.00071222  0.00189729  0.00151015] |com_force|=0.0000N
### kotek_magnet[tick=10860] sensor3: d=0.5470m in_range=False f_mag=0.000N tau_mag=0.0000Nm misalign_deg=90.0 pos=[-0.10910749 -0.10914616  0.4914011 ] bottom_world=[-0.10910745 -0.10914603  0.47140111] quat=[-3.8058373e-01 -2.3597211e-06 -2.5290990e-06  9.2474645e-01] speed=0.0004 ang_speed=0.0021 ang_vel_vec=[ 7.3589559e-05  1.9652611e-03 -7.0665305e-04] |com_force|=0.0000N
### kotek_magnet[tick=10860] sensor4: d=0.5249m in_range=False f_mag=0.000N tau_mag=0.0000Nm misalign_deg=90.0 pos=[-0.10900033  0.10899863  0.49140233] bottom_world=[-0.10900018  0.10899894  0.47140233] quat=[ 3.8268274e-01 -3.3099221e-07 -8.4036237e-06  9.2387986e-01] speed=0.0007 ang_speed=0.0052 ang_vel_vec=[-0.00222837  0.00469137  0.0004199 ] |com_force|=0.0000N
### kotek_magnet[tick=10920] sensor2: d=0.3208m in_range=False f_mag=0.000N tau_mag=0.0000Nm misalign_deg=90.0 pos=[ 0.10902447 -0.10904581  0.491401  ] bottom_world=[ 0.10902442 -0.10904584  0.47140099] quat=[ 9.2300045e-01 -1.1878249e-06  9.3045674e-07 -3.8479900e-01] speed=0.0008 ang_speed=0.0026 ang_vel_vec=[-0.00080047  0.00197174  0.0015021 ] |com_force|=0.0000N
### kotek_magnet[tick=10920] sensor3: d=0.5470m in_range=False f_mag=0.000N tau_mag=0.0000Nm misalign_deg=90.0 pos=[-0.10910817 -0.10914594  0.49140105] bottom_world=[-0.10910793 -0.10914603  0.47140105] quat=[-3.8058394e-01 -4.6690657e-06  4.4719091e-06  9.2474645e-01] speed=0.0009 ang_speed=0.0014 ang_vel_vec=[ 0.00106338  0.00060043 -0.00077654] |com_force|=0.0000N
### kotek_magnet[tick=10920] sensor4: d=0.5249m in_range=False f_mag=0.000N tau_mag=0.0000Nm misalign_deg=90.0 pos=[-0.10900034  0.10899945  0.4914024 ] bottom_world=[-0.10900034  0.10899951  0.47140239] quat=[ 3.8268235e-01  4.3618672e-07 -1.3715754e-06  9.2388004e-01] speed=0.0004 ang_speed=0.0031 ang_vel_vec=[ 0.00301941 -0.00012866 -0.00083638] |com_force|=0.0000N
### kotek_magnet[tick=10980] sensor2: d=0.3208m in_range=False f_mag=0.000N tau_mag=0.0000Nm misalign_deg=90.0 pos=[ 0.10902421 -0.10904635  0.49140096] bottom_world=[ 0.10902434 -0.10904622  0.47140096] quat=[ 9.2300045e-01  4.2127826e-06 -1.5854156e-06 -3.8479885e-01] speed=0.0005 ang_speed=0.0071 ang_vel_vec=[-0.0038236   0.00582901  0.00138144] |com_force|=0.0000N
### kotek_magnet[tick=10980] sensor3: d=0.5470m in_range=False f_mag=0.000N tau_mag=0.0000Nm misalign_deg=90.0 pos=[-0.10910825 -0.10914566  0.491401  ] bottom_world=[-0.10910797 -0.10914588  0.47140099] quat=[-3.8058367e-01 -4.4418757e-06  7.7082668e-06  9.2474651e-01] speed=0.0012 ang_speed=0.0144 ang_vel_vec=[ 0.01271806  0.00675658 -0.00023845] |com_force|=0.0000N
### kotek_magnet[tick=10980] sensor4: d=0.5249m in_range=False f_mag=0.000N tau_mag=0.0000Nm misalign_deg=90.0 pos=[-0.10900035  0.10899919  0.4914023 ] bottom_world=[-0.1090003   0.10899934  0.4714023 ] quat=[ 3.8268250e-01  2.0517668e-07 -3.8070255e-06  9.2387998e-01] speed=0.0002 ang_speed=0.0022 ang_vel_vec=[-0.0009258   0.00199079 -0.00043057] |com_force|=0.0000N
### kotek_magnet[tick=11040] sensor2: d=0.3208m in_range=False f_mag=0.000N tau_mag=0.0000Nm misalign_deg=90.0 pos=[ 0.10902467 -0.10904603  0.49140108] bottom_world=[ 0.10902451 -0.10904607  0.47140108] quat=[ 9.2300051e-01 -2.4710312e-06  3.1864759e-06 -3.8479865e-01] speed=0.0005 ang_speed=0.0030 ang_vel_vec=[ 0.00048946 -0.00285129  0.00074578] |com_force|=0.0000N
### kotek_magnet[tick=11040] sensor3: d=0.5470m in_range=False f_mag=0.000N tau_mag=0.0000Nm misalign_deg=90.0 pos=[-0.10910818 -0.10914589  0.491401  ] bottom_world=[-0.10910794 -0.10914598  0.47140099] quat=[-3.805840e-01 -4.805533e-06  4.331635e-06  9.247464e-01] speed=0.0010 ang_speed=0.0009 ang_vel_vec=[ 0.00057634  0.00031546 -0.00059055] |com_force|=0.0000N
### kotek_magnet[tick=11040] sensor4: d=0.5249m in_range=False f_mag=0.000N tau_mag=0.0000Nm misalign_deg=90.0 pos=[-0.10900006  0.10900012  0.49140227] bottom_world=[-0.10900029  0.10899997  0.47140227] quat=[3.8268209e-01 4.0943828e-06 5.5983855e-06 9.2388016e-01] speed=0.0009 ang_speed=0.0033 ang_vel_vec=[ 0.00220934 -0.00241299 -0.00062333] |com_force|=0.0000N
### kotek_magnet[tick=11100] sensor2: d=0.3208m in_range=False f_mag=0.000N tau_mag=0.0000Nm misalign_deg=90.0 pos=[ 0.10902446 -0.10904574  0.49140105] bottom_world=[ 0.10902438 -0.1090458   0.47140105] quat=[ 9.2300051e-01 -2.1731416e-06  1.2555311e-06 -3.8479888e-01] speed=0.0009 ang_speed=0.0018 ang_vel_vec=[0.00023704 0.0010987  0.0013678 ] |com_force|=0.0000N
### kotek_magnet[tick=11100] sensor3: d=0.5470m in_range=False f_mag=0.000N tau_mag=0.0000Nm misalign_deg=90.0 pos=[-0.10910754 -0.10914614  0.491401  ] bottom_world=[-0.10910749 -0.10914601  0.47140099] quat=[-3.8058376e-01 -2.4565652e-06 -2.6071391e-06  9.2474651e-01] speed=0.0005 ang_speed=0.0020 ang_vel_vec=[-0.00041023  0.00178536 -0.00081918] |com_force|=0.0000N
### kotek_magnet[tick=11100] sensor4: d=0.5249m in_range=False f_mag=0.000N tau_mag=0.0000Nm misalign_deg=90.0 pos=[-0.10900005  0.10900015  0.49140233] bottom_world=[-0.10900028  0.109       0.47140233] quat=[3.8268206e-01 3.9361680e-06 5.5721021e-06 9.2388016e-01] speed=0.0009 ang_speed=0.0031 ang_vel_vec=[ 0.00204535 -0.00211511 -0.00093996] |com_force|=0.0000N
### kotek_magnet[tick=11160] sensor2: d=0.3208m in_range=False f_mag=0.000N tau_mag=0.0000Nm misalign_deg=90.0 pos=[ 0.10902467 -0.10904595  0.49140105] bottom_world=[ 0.10902452 -0.109046    0.47140105] quat=[ 9.2300057e-01 -2.6388018e-06  2.9794619e-06 -3.8479859e-01] speed=0.0006 ang_speed=0.0034 ang_vel_vec=[ 0.00098752 -0.00327847  0.00034   ] |com_force|=0.0000N
### kotek_magnet[tick=11160] sensor3: d=0.5470m in_range=False f_mag=0.000N tau_mag=0.0000Nm misalign_deg=90.0 pos=[-0.10910644 -0.10914589  0.49140114] bottom_world=[-0.10910661 -0.1091457   0.47140114] quat=[-3.8058293e-01  2.2061442e-06 -5.8418418e-06  9.2474681e-01] speed=0.0009 ang_speed=0.0031 ang_vel_vec=[0.00270187 0.00080741 0.00131764] |com_force|=0.0000N
### kotek_magnet[tick=11160] sensor4: d=0.5249m in_range=False f_mag=0.000N tau_mag=0.0000Nm misalign_deg=90.0 pos=[-0.10900035  0.10899951  0.49140227] bottom_world=[-0.10900033  0.10899957  0.47140227] quat=[ 3.8268217e-01  2.8617401e-07 -1.5198098e-06  9.2388010e-01] speed=0.0004 ang_speed=0.0025 ang_vel_vec=[ 0.00217439  0.00088119 -0.00096391] |com_force|=0.0000N
### kotek_magnet[tick=11220] sensor2: d=0.3208m in_range=False f_mag=0.000N tau_mag=0.0000Nm misalign_deg=90.0 pos=[ 0.10902462 -0.10904599  0.49140108] bottom_world=[ 0.10902447 -0.10904604  0.47140108] quat=[ 9.2300063e-01 -2.7246087e-06  3.0464944e-06 -3.8479868e-01] speed=0.0006 ang_speed=0.0040 ang_vel_vec=[ 0.00126126 -0.0036466   0.00093835] |com_force|=0.0000N
### kotek_magnet[tick=11220] sensor3: d=0.5470m in_range=False f_mag=0.000N tau_mag=0.0000Nm misalign_deg=90.0 pos=[-0.1091067  -0.10914614  0.4914011 ] bottom_world=[-0.10910687 -0.10914587  0.47140111] quat=[-3.8058314e-01  1.3382909e-06 -7.9372185e-06  9.2474669e-01] speed=0.0006 ang_speed=0.0035 ang_vel_vec=[-0.00323147 -0.00082525  0.00094645] |com_force|=0.0000N
### kotek_magnet[tick=11220] sensor4: d=0.5249m in_range=False f_mag=0.000N tau_mag=0.0000Nm misalign_deg=90.0 pos=[-0.10900012  0.10900012  0.4914023 ] bottom_world=[-0.10900034  0.10899998  0.4714023 ] quat=[3.8268209e-01 3.6958511e-06 5.3538006e-06 9.2388010e-01] speed=0.0009 ang_speed=0.0021 ang_vel_vec=[ 0.00156237 -0.00139708 -0.00040726] |com_force|=0.0000N
### kotek_magnet[tick=11280] sensor2: d=0.3208m in_range=False f_mag=0.000N tau_mag=0.0000Nm misalign_deg=90.0 pos=[ 0.10902467 -0.10904595  0.491401  ] bottom_world=[ 0.10902452 -0.10904601  0.47140099] quat=[ 9.2300057e-01 -2.8633883e-06  3.0596475e-06 -3.8479862e-01] speed=0.0006 ang_speed=0.0037 ang_vel_vec=[ 0.00131073 -0.00335192  0.00071834] |com_force|=0.0000N
### kotek_magnet[tick=11280] sensor3: d=0.5470m in_range=False f_mag=0.000N tau_mag=0.0000Nm misalign_deg=90.0 pos=[-0.10910671 -0.10914613  0.49140102] bottom_world=[-0.10910688 -0.10914586  0.47140102] quat=[-3.8058326e-01  1.3932198e-06 -7.8677749e-06  9.2474669e-01] speed=0.0006 ang_speed=0.0030 ang_vel_vec=[-0.00284865 -0.00080875  0.00072612] |com_force|=0.0000N
### kotek_magnet[tick=11280] sensor4: d=0.5249m in_range=False f_mag=0.000N tau_mag=0.0000Nm misalign_deg=90.0 pos=[-0.10900006  0.10900015  0.49140233] bottom_world=[-0.10900028  0.10900001  0.47140233] quat=[3.8268209e-01 3.6717472e-06 5.3592407e-06 9.2388010e-01] speed=0.0010 ang_speed=0.0022 ang_vel_vec=[ 0.00165213 -0.00136964 -0.00062195] |com_force|=0.0000N
### kotek_magnet[tick=11340] sensor2: d=0.3213m in_range=False f_mag=0.000N tau_mag=0.0000Nm misalign_deg=90.0 pos=[ 0.10985792 -0.11547392  0.49140096] bottom_world=[ 0.10985764 -0.11547409  0.47140096] quat=[ 9.3512470e-01 -6.4094620e-06  5.0615399e-06 -3.5431886e-01] speed=0.0007 ang_speed=0.0052 ang_vel_vec=[ 0.00394388 -0.00328564  0.0008495 ] |com_force|=0.0000N
### kotek_magnet[tick=11340] sensor3: d=0.5470m in_range=False f_mag=0.000N tau_mag=0.0000Nm misalign_deg=90.0 pos=[-0.10910647 -0.10914591  0.4914011 ] bottom_world=[-0.10910665 -0.10914572  0.47140111] quat=[-3.8058296e-01  2.1918072e-06 -5.9658209e-06  9.2474681e-01] speed=0.0010 ang_speed=0.0027 ang_vel_vec=[0.00204595 0.00041353 0.00175823] |com_force|=0.0000N
### kotek_magnet[tick=11340] sensor4: d=0.5249m in_range=False f_mag=0.000N tau_mag=0.0000Nm misalign_deg=90.0 pos=[-0.10900006  0.10900017  0.49140236] bottom_world=[-0.10900029  0.10900002  0.47140236] quat=[3.8268211e-01 3.9674974e-06 5.6120039e-06 9.2388010e-01] speed=0.0010 ang_speed=0.0029 ang_vel_vec=[ 0.00197822 -0.00198944 -0.00061555] |com_force|=0.0000N
### kotek_magnet[tick=11400] sensor2: d=0.3195m in_range=False f_mag=0.000N tau_mag=0.0000Nm misalign_deg=90.1 pos=[ 0.11137833 -0.11324468  0.49136323] bottom_world=[ 0.11134931 -0.11325404  0.47136325] quat=[ 9.4292295e-01 -4.6233111e-04  6.0605071e-04 -3.3301029e-01] speed=0.1396 ang_speed=5.3501 ang_vel_vec=[-0.6873064   0.23052695 -5.3007116 ] |com_force|=0.0000N
### kotek_magnet[tick=11400] sensor3: d=0.5470m in_range=False f_mag=0.000N tau_mag=0.0000Nm misalign_deg=90.0 pos=[-0.1091065  -0.10914589  0.49140102] bottom_world=[-0.10910665 -0.10914572  0.47140102] quat=[-3.8058287e-01  2.0471516e-06 -5.2397932e-06  9.2474681e-01] speed=0.0010 ang_speed=0.0046 ang_vel_vec=[0.00406833 0.00155968 0.00159497] |com_force|=0.0000N
### kotek_magnet[tick=11400] sensor4: d=0.5249m in_range=False f_mag=0.000N tau_mag=0.0000Nm misalign_deg=90.0 pos=[-0.10900038  0.10899958  0.49140224] bottom_world=[-0.10900038  0.10899962  0.47140224] quat=[ 3.8268229e-01  3.3143951e-07 -1.0763757e-06  9.2388010e-01] speed=0.0006 ang_speed=0.0022 ang_vel_vec=[ 0.0019286   0.00077992 -0.00082762] |com_force|=0.0000N
### kotek_magnet[tick=11460] sensor2: d=0.3094m in_range=False f_mag=0.000N tau_mag=0.0000Nm misalign_deg=89.9 pos=[ 0.12264537 -0.11383384  0.49141067] bottom_world=[ 0.12267591 -0.11380481  0.47141072] quat=[ 9.8306370e-01  8.5346022e-04 -6.1748526e-04 -1.8326117e-01] speed=0.1152 ang_speed=7.4804 ang_vel_vec=[-2.3455305   0.07235279 -7.102777  ] |com_force|=0.0000N
### kotek_magnet[tick=11460] sensor3: d=0.5470m in_range=False f_mag=0.000N tau_mag=0.0000Nm misalign_deg=90.0 pos=[-0.10910649 -0.10914585  0.49140105] bottom_world=[-0.10910667 -0.10914566  0.47140105] quat=[-3.8058290e-01  2.4511360e-06 -6.0645025e-06  9.2474693e-01] speed=0.0009 ang_speed=0.0031 ang_vel_vec=[0.00258246 0.00067991 0.00165828] |com_force|=0.0000N
### kotek_magnet[tick=11460] sensor4: d=0.5249m in_range=False f_mag=0.000N tau_mag=0.0000Nm misalign_deg=90.0 pos=[-0.10900038  0.10899954  0.49140233] bottom_world=[-0.10900038  0.1089996   0.47140233] quat=[ 3.8268232e-01  4.7454390e-07 -1.2347186e-06  9.2388004e-01] speed=0.0005 ang_speed=0.0019 ang_vel_vec=[ 0.00112513  0.00146471 -0.0006192 ] |com_force|=0.0000N
### kotek_magnet[tick=11520] sensor2: d=0.3056m in_range=False f_mag=0.000N tau_mag=0.0000Nm misalign_deg=89.6 pos=[ 0.12637363 -0.1115732   0.49190122] bottom_world=[ 0.12649763 -0.11101176  0.47190949] quat=[ 0.9930813   0.01430315 -0.00144298 -0.11654633] speed=0.1964 ang_speed=5.0573 ang_vel_vec=[-2.1892662   0.72902733  4.5002275 ] |com_force|=0.0000N
### kotek_magnet[tick=11520] sensor3: d=0.5470m in_range=False f_mag=0.000N tau_mag=0.0000Nm misalign_deg=90.0 pos=[-0.10910645 -0.10914593  0.491401  ] bottom_world=[-0.10910662 -0.10914575  0.47140099] quat=[-3.8058293e-01  2.1919318e-06 -5.7951765e-06  9.2474687e-01] speed=0.0009 ang_speed=0.0025 ang_vel_vec=[0.00213457 0.00071856 0.00116083] |com_force|=0.0000N
### kotek_magnet[tick=11520] sensor4: d=0.5249m in_range=False f_mag=0.000N tau_mag=0.0000Nm misalign_deg=90.0 pos=[-0.10900036  0.10899949  0.49140236] bottom_world=[-0.10900033  0.10899955  0.47140236] quat=[ 3.8268229e-01  9.0088534e-08 -1.5873168e-06  9.2388010e-01] speed=0.0004 ang_speed=0.0030 ang_vel_vec=[ 0.00242867  0.00136515 -0.00118361] |com_force|=0.0000N
### kotek_magnet[tick=11580] sensor2: d=0.3073m in_range=False f_mag=0.000N tau_mag=0.0000Nm misalign_deg=89.3 pos=[ 0.13062707 -0.10715843  0.5070641 ] bottom_world=[ 0.13086226 -0.10655301  0.48707465] quat=[ 0.9998447   0.01517754 -0.00577668 -0.00685681] speed=0.0619 ang_speed=1.0263 ang_vel_vec=[-0.7032695  0.013211  -0.7473285] |com_force|=0.0000N
### kotek_magnet[tick=11580] sensor3: d=0.5470m in_range=False f_mag=0.000N tau_mag=0.0000Nm misalign_deg=90.0 pos=[-0.10910648 -0.10914592  0.49140096] bottom_world=[-0.10910665 -0.10914575  0.47140096] quat=[-3.8058296e-01  2.1655048e-06 -5.5915075e-06  9.2474687e-01] speed=0.0009 ang_speed=0.0036 ang_vel_vec=[0.00310455 0.00108665 0.00141767] |com_force|=0.0000N
### kotek_magnet[tick=11580] sensor4: d=0.5249m in_range=False f_mag=0.000N tau_mag=0.0000Nm misalign_deg=90.0 pos=[-0.10900007  0.10900017  0.4914023 ] bottom_world=[-0.10900031  0.10900001  0.4714023 ] quat=[3.8268209e-01 4.0135610e-06 5.8248274e-06 9.2388016e-01] speed=0.0010 ang_speed=0.0033 ang_vel_vec=[ 0.00219593 -0.00219307 -0.00097796] |com_force|=0.0000N
### kotek_magnet[tick=11640] sensor2: d=0.3181m in_range=False f_mag=0.000N tau_mag=0.0000Nm misalign_deg=89.4 pos=[ 0.13069278 -0.10797178  0.5296867 ] bottom_world=[ 0.13091163 -0.10744323  0.50969487] quat=[ 0.9998809   0.01324662 -0.00539484 -0.00580943] speed=0.0695 ang_speed=1.0424 ang_vel_vec=[-0.7102792   0.07573547 -0.75917244] |com_force|=0.0000N
### kotek_magnet[tick=11640] sensor3: d=0.5470m in_range=False f_mag=0.000N tau_mag=0.0000Nm misalign_deg=90.0 pos=[-0.10910648 -0.10914591  0.49140102] bottom_world=[-0.10910665 -0.10914573  0.47140102] quat=[-3.8058293e-01  2.1529174e-06 -5.7417897e-06  9.2474687e-01] speed=0.0009 ang_speed=0.0030 ang_vel_vec=[0.00250918 0.0007104  0.00153638] |com_force|=0.0000N
### kotek_magnet[tick=11640] sensor4: d=0.5249m in_range=False f_mag=0.000N tau_mag=0.0000Nm misalign_deg=90.0 pos=[-0.10900036  0.10899951  0.49140227] bottom_world=[-0.10900034  0.10899957  0.47140227] quat=[ 3.8268226e-01  2.3174441e-07 -1.5396222e-06  9.2388010e-01] speed=0.0004 ang_speed=0.0027 ang_vel_vec=[ 0.00242438  0.00102742 -0.00078551] |com_force|=0.0000N
### kotek_magnet[tick=11700] sensor2: d=0.3315m in_range=False f_mag=0.000N tau_mag=0.0000Nm misalign_deg=89.4 pos=[ 0.1307467  -0.10894019  0.55452037] bottom_world=[ 0.13094954 -0.10850575  0.53452612] quat=[ 0.99991673  0.01088612 -0.00501912 -0.00479325] speed=0.0731 ang_speed=1.0140 ang_vel_vec=[-0.6875021   0.07041275 -0.74202543] |com_force|=0.0000N
### kotek_magnet[tick=11700] sensor3: d=0.5470m in_range=False f_mag=0.000N tau_mag=0.0000Nm misalign_deg=90.0 pos=[-0.10910649 -0.10914589  0.49140102] bottom_world=[-0.10910666 -0.1091457   0.47140102] quat=[-3.8058293e-01  2.1184471e-06 -6.0492434e-06  9.2474687e-01] speed=0.0009 ang_speed=0.0026 ang_vel_vec=[0.00198346 0.00047991 0.00160258] |com_force|=0.0000N
### kotek_magnet[tick=11700] sensor4: d=0.5249m in_range=False f_mag=0.000N tau_mag=0.0000Nm misalign_deg=90.0 pos=[-0.10900033  0.1089995   0.49140236] bottom_world=[-0.10900031  0.10899957  0.47140236] quat=[ 3.8268226e-01  3.4378854e-07 -1.6998210e-06  9.2388004e-01] speed=0.0004 ang_speed=0.0026 ang_vel_vec=[ 0.00240576  0.00065757 -0.00071107] |com_force|=0.0000N
### kotek_magnet[tick=11760] sensor2: d=0.3451m in_range=False f_mag=0.000N tau_mag=0.0000Nm misalign_deg=89.5 pos=[ 0.13076083 -0.10980778  0.5777325 ] bottom_world=[ 0.13094654 -0.10946547  0.5577363 ] quat=[ 0.99994516  0.00857618 -0.0046097  -0.00386753] speed=0.0516 ang_speed=1.0231 ang_vel_vec=[-0.66882217 -0.05015433 -0.772583  ] |com_force|=0.0000N
### kotek_magnet[tick=11760] sensor3: d=0.5470m in_range=False f_mag=0.000N tau_mag=0.0000Nm misalign_deg=90.0 pos=[-0.10910826 -0.10914561  0.49140105] bottom_world=[-0.10910798 -0.10914582  0.47140105] quat=[-3.8058370e-01 -4.5579177e-06  7.5261187e-06  9.2474651e-01] speed=0.0013 ang_speed=0.0149 ang_vel_vec=[ 0.01306505  0.00714932 -0.00030569] |com_force|=0.0000N
### kotek_magnet[tick=11760] sensor4: d=0.5249m in_range=False f_mag=0.000N tau_mag=0.0000Nm misalign_deg=90.0 pos=[-0.10900034  0.10899951  0.49140227] bottom_world=[-0.10900033  0.10899958  0.47140227] quat=[ 3.8268229e-01  2.7332257e-07 -1.6031574e-06  9.2388010e-01] speed=0.0004 ang_speed=0.0025 ang_vel_vec=[ 0.00214743  0.00099307 -0.00084812] |com_force|=0.0000N
### kotek_magnet[tick=11820] sensor2: d=0.3466m in_range=False f_mag=0.000N tau_mag=0.0000Nm misalign_deg=89.8 pos=[ 0.12998234 -0.11114332  0.57866716] bottom_world=[ 0.13004645 -0.11066356  0.55867302] quat=[ 0.999923    0.01199917 -0.00156988 -0.00274639] speed=0.0291 ang_speed=1.7738 ang_vel_vec=[-1.7343578  -0.3704518   0.03283355] |com_force|=0.0000N
### kotek_magnet[tick=11820] sensor3: d=0.5470m in_range=False f_mag=0.000N tau_mag=0.0000Nm misalign_deg=90.0 pos=[-0.10910752 -0.10914614  0.49140096] bottom_world=[-0.10910747 -0.10914602  0.47140096] quat=[-3.8058382e-01 -2.3765617e-06 -2.3250459e-06  9.2474651e-01] speed=0.0005 ang_speed=0.0019 ang_vel_vec=[ 0.00020089  0.00176407 -0.00079591] |com_force|=0.0000N
### kotek_magnet[tick=11820] sensor4: d=0.5249m in_range=False f_mag=0.000N tau_mag=0.0000Nm misalign_deg=90.0 pos=[-0.10900034  0.1089995   0.49140236] bottom_world=[-0.10900033  0.10899955  0.47140236] quat=[ 3.8268226e-01  2.0494650e-07 -1.4368575e-06  9.2388004e-01] speed=0.0004 ang_speed=0.0028 ang_vel_vec=[ 0.00254937  0.00085311 -0.00091825] |com_force|=0.0000N
### kotek_magnet[tick=11880] sensor2: d=0.3427m in_range=False f_mag=0.000N tau_mag=0.0000Nm misalign_deg=91.6 pos=[ 0.12985435 -0.1190364   0.5682373 ] bottom_world=[ 0.12928896 -0.11979018  0.54825951] quat=[ 0.9986598  -0.01817795  0.01499257  0.04608179] speed=0.0501 ang_speed=0.9816 ang_vel_vec=[-0.78674006  0.19363464 -0.5540659 ] |com_force|=0.0000N
### kotek_magnet[tick=11880] sensor3: d=0.5470m in_range=False f_mag=0.000N tau_mag=0.0000Nm misalign_deg=90.0 pos=[-0.10910825 -0.1091456   0.4914009 ] bottom_world=[-0.10910797 -0.10914581  0.4714009 ] quat=[-3.8058388e-01 -4.5407064e-06  7.7036657e-06  9.2474651e-01] speed=0.0013 ang_speed=0.0148 ang_vel_vec=[ 0.01295835  0.00704543 -0.0002852 ] |com_force|=0.0000N
### kotek_magnet[tick=11880] sensor4: d=0.5249m in_range=False f_mag=0.000N tau_mag=0.0000Nm misalign_deg=90.0 pos=[-0.10900011  0.10899925  0.49140212] bottom_world=[-0.10900017  0.10899935  0.47140212] quat=[ 3.8268283e-01  2.2825586e-06 -1.7967598e-06  9.2387986e-01] speed=0.0002 ang_speed=0.0047 ang_vel_vec=[ 0.0021761  -0.00414706  0.00028462] |com_force|=0.0000N
### kotek_magnet[tick=11940] sensor2: d=0.3371m in_range=False f_mag=0.000N tau_mag=0.0000Nm misalign_deg=93.6 pos=[ 0.13105951 -0.13022682  0.553552  ] bottom_world=[ 0.12981713 -0.13290576  0.53377118] quat=[ 0.989792   -0.06285156  0.03911324  0.12178565] speed=0.0526 ang_speed=0.9901 ang_vel_vec=[-0.87051576 -0.02609158 -0.4710444 ] |com_force|=0.0000N
### kotek_magnet[tick=11940] sensor3: d=0.5470m in_range=False f_mag=0.000N tau_mag=0.0000Nm misalign_deg=90.0 pos=[-0.10910808 -0.10914579  0.49140093] bottom_world=[-0.10910784 -0.1091459   0.47140093] quat=[-3.8058367e-01 -4.4719413e-06  4.9211494e-06  9.2474645e-01] speed=0.0009 ang_speed=0.0027 ang_vel_vec=[ 0.0019886   0.00178024 -0.00028162] |com_force|=0.0000N
### kotek_magnet[tick=11940] sensor4: d=0.5249m in_range=False f_mag=0.000N tau_mag=0.0000Nm misalign_deg=90.0 pos=[-0.10900004  0.10900014  0.49140242] bottom_world=[-0.10900027  0.109       0.47140242] quat=[3.8268223e-01 3.9327538e-06 5.5201199e-06 9.2388016e-01] speed=0.0009 ang_speed=0.0031 ang_vel_vec=[ 0.0021674  -0.00206194 -0.00060231] |com_force|=0.0000N
### kotek_magnet[tick=12000] sensor2: d=0.3308m in_range=False f_mag=0.000N tau_mag=0.0000Nm misalign_deg=94.4 pos=[ 0.13428183 -0.14071894  0.5393028 ] bottom_world=[ 0.13275257 -0.14542219  0.51992395] quat=[ 0.9711788  -0.10810308  0.06198265  0.20318398] speed=0.0525 ang_speed=0.9926 ang_vel_vec=[-0.88029236 -0.22845519 -0.3976787 ] |com_force|=0.0000N
### kotek_magnet[tick=12000] sensor3: d=0.5470m in_range=False f_mag=0.000N tau_mag=0.0000Nm misalign_deg=90.0 pos=[-0.10910808 -0.10914578  0.491401  ] bottom_world=[-0.10910784 -0.1091459   0.47140099] quat=[-3.8058382e-01 -4.4589465e-06  4.9612408e-06  9.2474645e-01] speed=0.0009 ang_speed=0.0029 ang_vel_vec=[ 0.00209775  0.00193367 -0.00054596] |com_force|=0.0000N
### kotek_magnet[tick=12000] sensor4: d=0.5249m in_range=False f_mag=0.000N tau_mag=0.0000Nm misalign_deg=90.0 pos=[-0.10900003  0.10900015  0.4914023 ] bottom_world=[-0.10900027  0.109       0.4714023 ] quat=[3.8268211e-01 3.9582496e-06 5.6184917e-06 9.2388016e-01] speed=0.0009 ang_speed=0.0034 ang_vel_vec=[ 0.00234823 -0.00226187 -0.00087079] |com_force|=0.0000N
### still playing, 1189s left
### kotek_magnet[tick=12060] sensor2: d=0.3233m in_range=False f_mag=0.000N tau_mag=0.0000Nm misalign_deg=93.8 pos=[ 0.13978355 -0.1500481   0.52594453] bottom_world=[ 0.13844334 -0.15675745  0.50715122] quat=[ 0.9419289  -0.15297848  0.08224859  0.2874069 ] speed=0.0599 ang_speed=1.0376 ang_vel_vec=[-0.889019   -0.45073384 -0.28829718] |com_force|=0.0000N
### kotek_magnet[tick=12060] sensor3: d=0.5470m in_range=False f_mag=0.000N tau_mag=0.0000Nm misalign_deg=90.0 pos=[-0.10910749 -0.10914613  0.49140105] bottom_world=[-0.10910745 -0.10914601  0.47140105] quat=[-3.8058376e-01 -2.3490556e-06 -2.4912736e-06  9.2474651e-01] speed=0.0005 ang_speed=0.0021 ang_vel_vec=[ 5.3947082e-05  1.9368537e-03 -7.8915415e-04] |com_force|=0.0000N
### kotek_magnet[tick=12060] sensor4: d=0.5249m in_range=False f_mag=0.000N tau_mag=0.0000Nm misalign_deg=90.0 pos=[-0.10900006  0.10900014  0.49140227] bottom_world=[-0.1090003   0.10899999  0.47140227] quat=[3.8268223e-01 4.0273480e-06 5.8277278e-06 9.2388016e-01] speed=0.0009 ang_speed=0.0035 ang_vel_vec=[ 0.00240241 -0.00239572 -0.00089696] |com_force|=0.0000N
### kotek_magnet[tick=12120] sensor2: d=0.3142m in_range=False f_mag=0.000N tau_mag=0.0000Nm misalign_deg=91.9 pos=[ 0.14769523 -0.15785077  0.51357967] bottom_world=[ 0.14704753 -0.16641872  0.49551947] quat=[ 0.90178454 -0.19667728  0.09906087  0.37187338] speed=0.0665 ang_speed=1.0997 ang_vel_vec=[-0.7711433  -0.74108416 -0.25604236] |com_force|=0.0000N
### kotek_magnet[tick=12120] sensor3: d=0.5470m in_range=False f_mag=0.000N tau_mag=0.0000Nm misalign_deg=90.0 pos=[-0.10910804 -0.10914578  0.49140093] bottom_world=[-0.1091078  -0.1091459   0.47140093] quat=[-3.8058370e-01 -4.4058143e-06  4.9272066e-06  9.2474645e-01] speed=0.0009 ang_speed=0.0032 ang_vel_vec=[ 0.00227762  0.00216791 -0.00055356] |com_force|=0.0000N
### kotek_magnet[tick=12120] sensor4: d=0.5249m in_range=False f_mag=0.000N tau_mag=0.0000Nm misalign_deg=90.0 pos=[-0.10900031  0.10899947  0.4914023 ] bottom_world=[-0.10900029  0.10899953  0.4714023 ] quat=[ 3.8268229e-01  1.9197401e-07 -1.6567578e-06  9.2387998e-01] speed=0.0004 ang_speed=0.0028 ang_vel_vec=[ 0.00237561  0.00115388 -0.00087485] |com_force|=0.0000N
### kotek_magnet[tick=12180] sensor2: d=0.3033m in_range=False f_mag=0.000N tau_mag=0.0000Nm misalign_deg=88.5 pos=[ 0.1578912  -0.16384777  0.5024224 ] bottom_world=[ 0.15842324 -0.17400465  0.48520163] quat=[ 0.8512947  -0.2387879   0.11162984  0.45367014] speed=0.0682 ang_speed=1.1459 ang_vel_vec=[-0.60649043 -0.9679616  -0.09133577] |com_force|=0.0000N
### kotek_magnet[tick=12180] sensor3: d=0.5470m in_range=False f_mag=0.000N tau_mag=0.0000Nm misalign_deg=90.0 pos=[-0.10910638 -0.10914623  0.49140117] bottom_world=[-0.10910657 -0.10914593  0.47140117] quat=[-3.8058326e-01  1.6793491e-06 -8.8549323e-06  9.2474669e-01] speed=0.0009 ang_speed=0.0023 ang_vel_vec=[-0.00047838  0.00213527  0.00059889] |com_force|=0.0000N
### kotek_magnet[tick=12180] sensor4: d=0.5249m in_range=False f_mag=0.000N tau_mag=0.0000Nm misalign_deg=90.0 pos=[-0.10900037  0.10899948  0.49140227] bottom_world=[-0.10900034  0.10899955  0.47140227] quat=[ 3.8268209e-01 -1.7930684e-08 -1.8528278e-06  9.2388010e-01] speed=0.0004 ang_speed=0.0030 ang_vel_vec=[ 0.00235943  0.00151577 -0.00100545] |com_force|=0.0000N
### kotek_magnet[tick=12240] sensor2: d=0.2898m in_range=False f_mag=0.000N tau_mag=0.0000Nm misalign_deg=83.7 pos=[ 0.17072068 -0.1673893   0.4920135 ] bottom_world=[ 0.17290163 -0.17877334  0.47571483] quat=[ 0.7894137  -0.27961287  0.11978938  0.5331915 ] speed=0.0764 ang_speed=1.1928 ang_vel_vec=[-0.4058676  -1.1204716   0.05132926] |com_force|=0.0000N
### kotek_magnet[tick=12240] sensor3: d=0.5470m in_range=False f_mag=0.000N tau_mag=0.0000Nm misalign_deg=90.0 pos=[-0.10910646 -0.10914593  0.491401  ] bottom_world=[-0.10910663 -0.10914575  0.47140099] quat=[-3.8058296e-01  2.1995011e-06 -5.8797227e-06  9.2474681e-01] speed=0.0010 ang_speed=0.0031 ang_vel_vec=[0.00267967 0.00093534 0.00135436] |com_force|=0.0000N
### kotek_magnet[tick=12240] sensor4: d=0.5249m in_range=False f_mag=0.000N tau_mag=0.0000Nm misalign_deg=90.0 pos=[-0.10900012  0.10899952  0.4914023 ] bottom_world=[-0.10900023  0.10899955  0.4714023 ] quat=[3.8268229e-01 2.9023788e-06 4.0500976e-07 9.2387998e-01] speed=0.0003 ang_speed=0.0037 ang_vel_vec=[ 0.00288707 -0.00226807 -0.00046047] |com_force|=0.0000N
### kotek_magnet[tick=12300] sensor2: d=0.2733m in_range=False f_mag=0.000N tau_mag=0.0000Nm misalign_deg=77.8 pos=[ 0.18592222 -0.1680439   0.48238313] bottom_world=[ 0.1901504  -0.18017818  0.46705728] quat=[ 0.71656394 -0.3189106   0.12308463  0.60801506] speed=0.0815 ang_speed=1.2229 ang_vel_vec=[-0.14771126 -1.200426    0.18077216] |com_force|=0.0000N
### kotek_magnet[tick=12300] sensor3: d=0.5470m in_range=False f_mag=0.000N tau_mag=0.0000Nm misalign_deg=90.0 pos=[-0.10910668 -0.1091462   0.4914011 ] bottom_world=[-0.10910686 -0.10914593  0.47140111] quat=[-3.8058332e-01  1.4088270e-06 -7.9590955e-06  9.2474663e-01] speed=0.0007 ang_speed=0.0028 ang_vel_vec=[-0.00271634 -0.00032349  0.00041297] |com_force|=0.0000N
### kotek_magnet[tick=12300] sensor4: d=0.5249m in_range=False f_mag=0.000N tau_mag=0.0000Nm misalign_deg=90.0 pos=[-0.10900013  0.10899948  0.4914022 ] bottom_world=[-0.10900023  0.10899951  0.47140221] quat=[3.8268241e-01 2.6237367e-06 2.7297781e-07 9.2388004e-01] speed=0.0003 ang_speed=0.0034 ang_vel_vec=[ 0.0028004  -0.00196827 -0.0004282 ] |com_force|=0.0000N
### kotek_magnet[tick=12360] sensor2: d=0.2536m in_range=False f_mag=0.000N tau_mag=0.0000Nm misalign_deg=70.8 pos=[ 0.20325427 -0.16517644  0.473413  ] bottom_world=[ 0.20983569 -0.17748124  0.45908551] quat=[ 0.6328629  -0.35655636  0.12116356  0.67651427] speed=0.0921 ang_speed=1.2370 ang_vel_vec=[ 0.09921866 -1.1758038   0.371239  ] |com_force|=0.0000N
### kotek_magnet[tick=12360] sensor3: d=0.5470m in_range=False f_mag=0.000N tau_mag=0.0000Nm misalign_deg=90.0 pos=[-0.10910667 -0.10914618  0.491401  ] bottom_world=[-0.10910684 -0.1091459   0.47140099] quat=[-3.8058329e-01  1.3182580e-06 -7.9723322e-06  9.2474663e-01] speed=0.0007 ang_speed=0.0028 ang_vel_vec=[-0.00268757 -0.00035878  0.00045963] |com_force|=0.0000N
### kotek_magnet[tick=12360] sensor4: d=0.5249m in_range=False f_mag=0.000N tau_mag=0.0000Nm misalign_deg=90.0 pos=[-0.10900004  0.10900014  0.49140233] bottom_world=[-0.10900028  0.10899999  0.47140233] quat=[3.8268211e-01 4.0558743e-06 5.6872123e-06 9.2388016e-01] speed=0.0009 ang_speed=0.0032 ang_vel_vec=[ 0.00221262 -0.00215032 -0.00088575] |com_force|=0.0000N
### kotek_magnet[tick=12420] sensor2: d=0.2312m in_range=False f_mag=0.000N tau_mag=0.0000Nm misalign_deg=63.1 pos=[ 0.22181736 -0.15828957  0.46545875] bottom_world=[ 0.23085568 -0.17012394  0.45210749] quat=[ 0.54179174 -0.3914409   0.1139844   0.7350125 ] speed=0.0958 ang_speed=1.2986 ang_vel_vec=[ 0.40113544 -1.172077    0.3896148 ] |com_force|=0.0000N
### kotek_magnet[tick=12420] sensor3: d=0.5470m in_range=False f_mag=0.000N tau_mag=0.0000Nm misalign_deg=90.0 pos=[-0.10910641 -0.10914594  0.491401  ] bottom_world=[-0.10910658 -0.10914575  0.47140099] quat=[-3.8058305e-01  2.2530303e-06 -5.9895988e-06  9.2474681e-01] speed=0.0010 ang_speed=0.0033 ang_vel_vec=[0.00286593 0.00088403 0.00138795] |com_force|=0.0000N
### kotek_magnet[tick=12420] sensor4: d=0.5249m in_range=False f_mag=0.000N tau_mag=0.0000Nm misalign_deg=90.0 pos=[-0.109       0.10900019  0.4914024 ] bottom_world=[-0.10900024  0.10900003  0.47140239] quat=[3.8268206e-01 4.1910303e-06 5.9739286e-06 9.2388016e-01] speed=0.0010 ang_speed=0.0033 ang_vel_vec=[ 0.00222901 -0.00221298 -0.00098302] |com_force|=0.0000N
### kotek_magnet[tick=12480] sensor2: d=0.2059m in_range=False f_mag=0.000N tau_mag=0.0000Nm misalign_deg=54.9 pos=[ 0.24143481 -0.1469494   0.45817786] bottom_world=[ 0.25292948 -0.15764753  0.44579148] quat=[ 0.4429557  -0.424307    0.10150794  0.78323054] speed=0.0917 ang_speed=1.2873 ang_vel_vec=[ 0.6457141  -1.0228876   0.44037038] |com_force|=0.0000N
### kotek_magnet[tick=12480] sensor3: d=0.5470m in_range=False f_mag=0.000N tau_mag=0.0000Nm misalign_deg=90.0 pos=[-0.10910643 -0.10914593  0.491401  ] bottom_world=[-0.1091066  -0.10914575  0.47140099] quat=[-3.8058293e-01  2.2956449e-06 -5.9435656e-06  9.2474675e-01] speed=0.0010 ang_speed=0.0030 ang_vel_vec=[0.00256651 0.00074992 0.00141917] |com_force|=0.0000N
### kotek_magnet[tick=12480] sensor4: d=0.5249m in_range=False f_mag=0.000N tau_mag=0.0000Nm misalign_deg=90.0 pos=[-0.10900036  0.10899869  0.4914024 ] bottom_world=[-0.10900022  0.10899899  0.47140239] quat=[ 3.8268268e-01 -5.4550799e-07 -8.2752922e-06  9.2387992e-01] speed=0.0007 ang_speed=0.0046 ang_vel_vec=[-0.00178887  0.00421948  0.00033565] |com_force|=0.0000N
### kotek_magnet[tick=12540] sensor2: d=0.1789m in_range=False f_mag=0.000N tau_mag=0.0000Nm misalign_deg=46.7 pos=[ 0.26067364 -0.13091354  0.45169634] bottom_world=[ 0.27437956 -0.13987881  0.44021714] quat=[ 0.34178245 -0.4537702   0.08433656  0.818636  ] speed=0.1086 ang_speed=1.2981 ang_vel_vec=[ 0.78758085 -0.9024656   0.5003432 ] |com_force|=0.0000N
### kotek_magnet[tick=12540] sensor3: d=0.5470m in_range=False f_mag=0.000N tau_mag=0.0000Nm misalign_deg=90.0 pos=[-0.10910644 -0.10914593  0.49140102] bottom_world=[-0.10910662 -0.10914574  0.47140102] quat=[-3.8058293e-01  2.3367411e-06 -6.0524371e-06  9.2474687e-01] speed=0.0010 ang_speed=0.0033 ang_vel_vec=[0.00278477 0.00067142 0.00155505] |com_force|=0.0000N
### kotek_magnet[tick=12540] sensor4: d=0.5249m in_range=False f_mag=0.000N tau_mag=0.0000Nm misalign_deg=90.0 pos=[-0.10900015  0.1089984   0.4914024 ] bottom_world=[-0.10900004  0.10899872  0.47140239] quat=[ 3.8268301e-01  5.7785201e-07 -8.2451679e-06  9.2387974e-01] speed=0.0010 ang_speed=0.0018 ang_vel_vec=[-0.00029875 -0.00117682  0.00139225] |com_force|=0.0000N
### kotek_magnet[tick=12600] sensor2: d=0.1508m in_range=False f_mag=0.000N tau_mag=0.0000Nm misalign_deg=38.7 pos=[ 0.2792256  -0.10975078  0.4459424 ] bottom_world=[ 0.29484398 -0.11640206  0.43536761] quat=[ 0.23658346 -0.48141024  0.06224366  0.84166396] speed=0.1108 ang_speed=1.2660 ang_vel_vec=[ 0.9035257  -0.72882825  0.5052353 ] |com_force|=0.0000N
### kotek_magnet[tick=12600] sensor3: d=0.5470m in_range=False f_mag=0.000N tau_mag=0.0000Nm misalign_deg=90.0 pos=[-0.10910641 -0.10914592  0.49140108] bottom_world=[-0.10910659 -0.10914571  0.47140108] quat=[-3.8058302e-01  2.3193725e-06 -6.4883443e-06  9.2474675e-01] speed=0.0010 ang_speed=0.0027 ang_vel_vec=[0.0019638  0.00030475 0.00179751] |com_force|=0.0000N
### kotek_magnet[tick=12600] sensor4: d=0.5249m in_range=False f_mag=0.000N tau_mag=0.0000Nm misalign_deg=90.0 pos=[-0.10900016  0.10899847  0.4914023 ] bottom_world=[-0.10900006  0.10899879  0.4714023 ] quat=[ 3.8268304e-01  7.1139937e-07 -8.2878823e-06  9.2387974e-01] speed=0.0010 ang_speed=0.0023 ang_vel_vec=[-0.00025362 -0.00161197  0.00161999] |com_force|=0.0000N
### kotek_magnet[tick=12660] sensor2: d=0.1253m in_range=False f_mag=0.000N tau_mag=0.0000Nm misalign_deg=31.5 pos=[ 0.2955793  -0.08399811  0.44107008] bottom_world=[ 0.31264078 -0.08789044  0.4313873 ] quat=[ 0.13138473 -0.50658256  0.03612027  0.8513563 ] speed=0.1153 ang_speed=1.2353 ang_vel_vec=[ 0.9732755  -0.5428806   0.53280497] |com_force|=0.0000N
### kotek_magnet[tick=12660] sensor3: d=0.5470m in_range=False f_mag=0.000N tau_mag=0.0000Nm misalign_deg=90.0 pos=[-0.10910638 -0.10914595  0.49140114] bottom_world=[-0.10910657 -0.10914576  0.47140114] quat=[-3.8058305e-01  2.4386447e-06 -6.2768063e-06  9.2474687e-01] speed=0.0010 ang_speed=0.0027 ang_vel_vec=[0.00225472 0.00038584 0.00135711] |com_force|=0.0000N
### kotek_magnet[tick=12660] sensor4: d=0.5249m in_range=False f_mag=0.000N tau_mag=0.0000Nm misalign_deg=90.0 pos=[-0.10900036  0.10899868  0.49140227] bottom_world=[-0.10900021  0.10899898  0.47140227] quat=[ 3.8268265e-01 -6.7987162e-07 -8.3198956e-06  9.2387992e-01] speed=0.0006 ang_speed=0.0045 ang_vel_vec=[-0.0016022   0.00421305  0.0003098 ] |com_force|=0.0000N
### kotek_magnet[tick=12720] sensor2: d=0.1082m in_range=False f_mag=0.000N tau_mag=0.0000Nm misalign_deg=26.4 pos=[ 0.30803326 -0.05613255  0.43744895] bottom_world=[ 0.32594051 -0.05715857  0.4286015 ] quat=[ 0.03489564 -0.5279594   0.00851734  0.8485096 ] speed=0.1028 ang_speed=1.0822 ang_vel_vec=[ 0.9435028  -0.37825975  0.3714359 ] |com_force|=0.0000N
### kotek_magnet[tick=12720] sensor3: d=0.5470m in_range=False f_mag=0.000N tau_mag=0.0000Nm misalign_deg=90.0 pos=[-0.10910745 -0.10914611  0.49140108] bottom_world=[-0.1091074  -0.10914598  0.47140108] quat=[-3.8058382e-01 -2.4259493e-06 -2.5918996e-06  9.2474639e-01] speed=0.0004 ang_speed=0.0023 ang_vel_vec=[-8.4670421e-05  2.1054235e-03 -9.7738078e-04] |com_force|=0.0000N
### kotek_magnet[tick=12720] sensor4: d=0.5249m in_range=False f_mag=0.000N tau_mag=0.0000Nm misalign_deg=90.0 pos=[-0.10900017  0.10899844  0.4914022 ] bottom_world=[-0.10900007  0.10899875  0.47140221] quat=[ 3.8268307e-01  6.7054629e-07 -8.1947437e-06  9.2387980e-01] speed=0.0010 ang_speed=0.0019 ang_vel_vec=[-8.3211780e-05 -1.5729964e-03  1.0969691e-03] |com_force|=0.0000N
### kotek_magnet[tick=12780] sensor2: d=0.1045m in_range=False f_mag=0.000N tau_mag=0.0000Nm misalign_deg=26.2 pos=[ 0.30842593 -0.04962146  0.43298566] bottom_world=[ 0.32637231 -0.04992699  0.4241633 ] quat=[ 0.01268722 -0.5286205   0.00109763  0.84876275] speed=0.0695 ang_speed=1.0209 ang_vel_vec=[ 0.92680794 -0.4143631  -0.10767478] |com_force|=0.0000N
### kotek_magnet[tick=12780] sensor3: d=0.5470m in_range=False f_mag=0.000N tau_mag=0.0000Nm misalign_deg=90.0 pos=[-0.10910747 -0.10914611  0.49140105] bottom_world=[-0.10910742 -0.10914598  0.47140105] quat=[-3.8058394e-01 -2.3737084e-06 -2.5660588e-06  9.2474645e-01] speed=0.0004 ang_speed=0.0022 ang_vel_vec=[-0.00010613  0.00207121 -0.0007558 ] |com_force|=0.0000N
### kotek_magnet[tick=12780] sensor4: d=0.5249m in_range=False f_mag=0.000N tau_mag=0.0000Nm misalign_deg=90.0 pos=[-0.1090004   0.10899841  0.4914023 ] bottom_world=[-0.1090002   0.10899875  0.4714023 ] quat=[ 3.8268283e-01 -1.4203116e-06 -9.8349647e-06  9.2387980e-01] speed=0.0009 ang_speed=0.0033 ang_vel_vec=[0.00033348 0.00320344 0.00055584] |com_force|=0.0000N
### kotek_magnet[tick=12840] sensor2: d=0.0928m in_range=True f_mag=1.851N tau_mag=0.0018Nm misalign_deg=26.2 pos=[ 0.31435263 -0.05038064  0.42224813] bottom_world=[ 0.33229484 -0.05066575  0.41341661] quat=[ 0.01203582 -0.5284044   0.00090475  0.848907  ] speed=0.0839 ang_speed=0.9535 ang_vel_vec=[ 0.86492884 -0.36097282 -0.175336  ] |com_force|=0.4073N
### kotek_magnet[tick=12840] sensor3: d=0.5470m in_range=False f_mag=0.000N tau_mag=0.0000Nm misalign_deg=90.0 pos=[-0.10910814 -0.10914585  0.49140108] bottom_world=[-0.1091079  -0.10914595  0.47140108] quat=[-3.8058379e-01 -4.7004564e-06  4.6912851e-06  9.2474639e-01] speed=0.0009 ang_speed=0.0019 ang_vel_vec=[ 0.00142814  0.00097045 -0.00067667] |com_force|=0.0000N
### kotek_magnet[tick=12840] sensor4: d=0.5249m in_range=False f_mag=0.000N tau_mag=0.0000Nm misalign_deg=90.0 pos=[-0.10900015  0.10899844  0.4914024 ] bottom_world=[-0.10900004  0.10899875  0.47140239] quat=[ 3.8268304e-01  5.4651230e-07 -8.2260622e-06  9.2387968e-01] speed=0.0010 ang_speed=0.0019 ang_vel_vec=[-0.00033001 -0.00118711  0.0014088 ] |com_force|=0.0000N
### kotek_magnet[tick=12900] sensor2: d=0.0705m in_range=True f_mag=1.393N tau_mag=0.0013Nm misalign_deg=25.7 pos=[ 0.32804596 -0.05103888  0.40412876] bottom_world=[ 0.34606557 -0.0512323   0.39545373] quat=[ 8.0379806e-03 -5.3209376e-01  6.5963634e-04  8.4664696e-01] speed=0.0819 ang_speed=0.9862 ang_vel_vec=[ 0.8849362  -0.4347059  -0.02399917] |com_force|=0.4212N
### kotek_magnet[tick=12900] sensor3: d=0.5470m in_range=False f_mag=0.000N tau_mag=0.0000Nm misalign_deg=90.0 pos=[-0.10910746 -0.10914608  0.49140105] bottom_world=[-0.10910742 -0.10914594  0.47140105] quat=[-3.8058379e-01 -2.2756944e-06 -2.7639880e-06  9.2474645e-01] speed=0.0004 ang_speed=0.0022 ang_vel_vec=[-0.00029891  0.00203366 -0.00066801] |com_force|=0.0000N
### kotek_magnet[tick=12900] sensor4: d=0.5249m in_range=False f_mag=0.000N tau_mag=0.0000Nm misalign_deg=90.0 pos=[-0.10900035  0.10899869  0.49140227] bottom_world=[-0.1090002   0.10899899  0.47140227] quat=[ 3.8268271e-01 -6.4713265e-07 -8.2058014e-06  9.2387986e-01] speed=0.0006 ang_speed=0.0044 ang_vel_vec=[-0.00162371  0.00407843  0.00048421] |com_force|=0.0000N
### kotek_magnet[tick=12960] sensor2: d=0.0526m in_range=True f_mag=1.023N tau_mag=0.0009Nm misalign_deg=25.2 pos=[ 0.33953795 -0.05150824  0.3896875 ] bottom_world=[ 0.35763182 -0.05162415  0.38116704] quat=[ 4.5103049e-03 -5.3571266e-01  5.7030161e-04  8.4438819e-01] speed=0.0934 ang_speed=1.2931 ang_vel_vec=[ 1.1338313  -0.616891    0.07682207] |com_force|=0.3648N
### kotek_magnet[tick=12960] sensor3: d=0.5470m in_range=False f_mag=0.000N tau_mag=0.0000Nm misalign_deg=90.0 pos=[-0.10910811 -0.10914579  0.4914011 ] bottom_world=[-0.10910787 -0.10914589  0.47140111] quat=[-3.8058394e-01 -4.5526353e-06  4.4374924e-06  9.2474639e-01] speed=0.0009 ang_speed=0.0016 ang_vel_vec=[ 0.0012415   0.00069256 -0.00080087] |com_force|=0.0000N
### kotek_magnet[tick=12960] sensor4: d=0.5249m in_range=False f_mag=0.000N tau_mag=0.0000Nm misalign_deg=90.0 pos=[-0.10900014  0.10899848  0.49140227] bottom_world=[-0.10900004  0.10899879  0.47140227] quat=[ 3.8268322e-01  6.2881247e-07 -8.0792306e-06  9.2387974e-01] speed=0.0010 ang_speed=0.0019 ang_vel_vec=[-6.8886111e-05 -1.4666943e-03  1.2787973e-03] |com_force|=0.0000N
### kotek_magnet[tick=13020] sensor2: d=0.0149m in_range=True f_mag=0.246N tau_mag=0.0001Nm misalign_deg=15.2 pos=[ 0.36994648 -0.05021174  0.36560795] bottom_world=[ 0.38924464 -0.05014067  0.36035667] quat=[ 0.00348695 -0.6072018  -0.00490095  0.79452497] speed=0.0027 ang_speed=0.1933 ang_vel_vec=[ 0.01737362 -0.19236685  0.00752194] |com_force|=0.4911N
### kotek_magnet[tick=13020] sensor3: d=0.5470m in_range=False f_mag=0.000N tau_mag=0.0000Nm misalign_deg=90.0 pos=[-0.10910814 -0.10914581  0.4914011 ] bottom_world=[-0.10910789 -0.10914591  0.47140111] quat=[-3.8058397e-01 -4.7649910e-06  4.6989007e-06  9.2474639e-01] speed=0.0009 ang_speed=0.0017 ang_vel_vec=[ 0.00130614  0.000956   -0.00064008] |com_force|=0.0000N
### kotek_magnet[tick=13020] sensor4: d=0.5249m in_range=False f_mag=0.000N tau_mag=0.0000Nm misalign_deg=90.0 pos=[-0.10900003  0.10900017  0.49140224] bottom_world=[-0.10900026  0.10900003  0.47140224] quat=[3.8268214e-01 3.9090173e-06 5.4691918e-06 9.2388010e-01] speed=0.0010 ang_speed=0.0020 ang_vel_vec=[ 0.00136217 -0.00138028 -0.00066006] |com_force|=0.0000N
### kotek_magnet[tick=13080] sensor2: d=0.0148m in_range=True f_mag=0.244N tau_mag=0.0001Nm misalign_deg=15.5 pos=[ 0.37002394 -0.05011865  0.3655993 ] bottom_world=[ 0.38929431 -0.05004943  0.36024693] quat=[ 0.00391706 -0.60511494 -0.00515091  0.7961118 ] speed=0.0002 ang_speed=0.0056 ang_vel_vec=[-0.00538397  0.00079936 -0.00113096] |com_force|=0.4905N
### kotek_magnet[tick=13080] sensor3: d=0.5470m in_range=False f_mag=0.000N tau_mag=0.0000Nm misalign_deg=90.0 pos=[-0.10910644 -0.10914589  0.49140102] bottom_world=[-0.10910663 -0.1091457   0.47140102] quat=[-3.8058296e-01  2.3893685e-06 -6.1587912e-06  9.2474687e-01] speed=0.0010 ang_speed=0.0031 ang_vel_vec=[0.0027072  0.00060327 0.00145723] |com_force|=0.0000N
### kotek_magnet[tick=13080] sensor4: d=0.5249m in_range=False f_mag=0.000N tau_mag=0.0000Nm misalign_deg=90.0 pos=[-0.10900003  0.10900018  0.4914022 ] bottom_world=[-0.10900025  0.10900003  0.47140221] quat=[3.8268209e-01 3.7940854e-06 5.4272018e-06 9.2388016e-01] speed=0.0010 ang_speed=0.0022 ang_vel_vec=[ 0.00153234 -0.00137984 -0.00086492] |com_force|=0.0000N
### kotek_magnet[tick=13140] sensor2: d=0.0148m in_range=True f_mag=0.244N tau_mag=0.0001Nm misalign_deg=15.5 pos=[ 0.37002406 -0.05011866  0.36559913] bottom_world=[ 0.38929446 -0.05004945  0.36024685] quat=[ 0.00391709 -0.6051169  -0.00515094  0.79611045] speed=0.0002 ang_speed=0.0055 ang_vel_vec=[-0.00529167  0.00086527 -0.00113533] |com_force|=0.4905N
### kotek_magnet[tick=13140] sensor3: d=0.5470m in_range=False f_mag=0.000N tau_mag=0.0000Nm misalign_deg=90.0 pos=[-0.10910668 -0.10914613  0.49140108] bottom_world=[-0.10910685 -0.10914587  0.47140108] quat=[-3.8058338e-01  1.4835302e-06 -7.6533015e-06  9.2474663e-01] speed=0.0007 ang_speed=0.0030 ang_vel_vec=[-0.00282082 -0.0007181   0.00061375] |com_force|=0.0000N
### kotek_magnet[tick=13140] sensor4: d=0.5249m in_range=False f_mag=0.000N tau_mag=0.0000Nm misalign_deg=90.0 pos=[-0.10900006  0.10900016  0.4914023 ] bottom_world=[-0.10900028  0.10900002  0.4714023 ] quat=[3.8268209e-01 3.7879104e-06 5.4423726e-06 9.2388016e-01] speed=0.0010 ang_speed=0.0022 ang_vel_vec=[ 0.00144343 -0.00146472 -0.00076816] |com_force|=0.0000N
### kotek_magnet[tick=13200] sensor2: d=0.0148m in_range=True f_mag=0.244N tau_mag=0.0001Nm misalign_deg=15.5 pos=[ 0.37002406 -0.05011865  0.36559913] bottom_world=[ 0.38929446 -0.05004944  0.36024685] quat=[ 0.00391699 -0.60511696 -0.00515086  0.7961104 ] speed=0.0002 ang_speed=0.0056 ang_vel_vec=[-0.00542446  0.00086127 -0.00112876] |com_force|=0.4905N
### kotek_magnet[tick=13200] sensor3: d=0.5470m in_range=False f_mag=0.000N tau_mag=0.0000Nm misalign_deg=90.0 pos=[-0.10910644 -0.10914593  0.49140117] bottom_world=[-0.10910662 -0.10914574  0.47140117] quat=[-3.8058290e-01  2.3442544e-06 -6.1591245e-06  9.2474687e-01] speed=0.0010 ang_speed=0.0033 ang_vel_vec=[0.00276792 0.00054597 0.00169002] |com_force|=0.0000N
### kotek_magnet[tick=13200] sensor4: d=0.5249m in_range=False f_mag=0.000N tau_mag=0.0000Nm misalign_deg=90.0 pos=[-0.10900033  0.10899954  0.4914023 ] bottom_world=[-0.10900033  0.10899959  0.4714023 ] quat=[ 3.8268223e-01  4.5061151e-07 -1.2460205e-06  9.2388010e-01] speed=0.0005 ang_speed=0.0021 ang_vel_vec=[ 0.00185034  0.00084668 -0.00060891] |com_force|=0.0000N
### kotek_magnet[tick=13260] sensor2: d=0.0148m in_range=True f_mag=0.244N tau_mag=0.0001Nm misalign_deg=15.5 pos=[ 0.37002423 -0.05011867  0.36559898] bottom_world=[ 0.38929466 -0.05004946  0.36024679] quat=[ 0.00391698 -0.60511875 -0.00515072  0.7961091 ] speed=0.0002 ang_speed=0.0055 ang_vel_vec=[-0.00533434  0.0009301  -0.00113385] |com_force|=0.4905N
### kotek_magnet[tick=13260] sensor3: d=0.5470m in_range=False f_mag=0.000N tau_mag=0.0000Nm misalign_deg=90.0 pos=[-0.10910642 -0.10914591  0.49140105] bottom_world=[-0.1091066  -0.10914572  0.47140105] quat=[-3.8058281e-01  2.3496764e-06 -6.1837450e-06  9.2474687e-01] speed=0.0010 ang_speed=0.0036 ang_vel_vec=[0.00310159 0.0008702  0.00168876] |com_force|=0.0000N
### kotek_magnet[tick=13260] sensor4: d=0.5249m in_range=False f_mag=0.000N tau_mag=0.0000Nm misalign_deg=90.0 pos=[-0.10900001  0.10900018  0.4914023 ] bottom_world=[-0.10900025  0.10900003  0.4714023 ] quat=[3.8268220e-01 4.0155810e-06 5.6102181e-06 9.2388016e-01] speed=0.0010 ang_speed=0.0022 ang_vel_vec=[ 0.00137229 -0.00153418 -0.00066672] |com_force|=0.0000N
### kotek_magnet[tick=13320] sensor2: d=0.0148m in_range=True f_mag=0.244N tau_mag=0.0001Nm misalign_deg=15.5 pos=[ 0.3700244  -0.05011898  0.365599  ] bottom_world=[ 0.38929486 -0.05004972  0.36024688] quat=[ 0.00391378 -0.60512    -0.00514954  0.79610807] speed=0.0000 ang_speed=0.0012 ang_vel_vec=[ 3.1813659e-04  8.7152439e-05 -1.1739391e-03] |com_force|=0.4905N
### kotek_magnet[tick=13320] sensor3: d=0.5470m in_range=False f_mag=0.000N tau_mag=0.0000Nm misalign_deg=90.0 pos=[-0.10910638 -0.10914617  0.49140096] bottom_world=[-0.10910658 -0.10914587  0.47140096] quat=[-3.8058320e-01  1.9031289e-06 -8.9046753e-06  9.2474669e-01] speed=0.0010 ang_speed=0.0020 ang_vel_vec=[-0.0009082   0.00167463  0.00064435] |com_force|=0.0000N
### kotek_magnet[tick=13320] sensor4: d=0.5249m in_range=False f_mag=0.000N tau_mag=0.0000Nm misalign_deg=90.0 pos=[-0.10900015  0.10899845  0.4914023 ] bottom_world=[-0.10900004  0.10899876  0.4714023 ] quat=[ 3.8268307e-01  5.4343002e-07 -8.3478344e-06  9.2387974e-01] speed=0.0010 ang_speed=0.0019 ang_vel_vec=[-0.00034373 -0.00153186  0.00115079] |com_force|=0.0000N
### kotek_magnet[tick=13380] sensor2: d=0.0148m in_range=True f_mag=0.244N tau_mag=0.0001Nm misalign_deg=15.5 pos=[ 0.37002432 -0.05011872  0.3655989 ] bottom_world=[ 0.38929477 -0.0500495   0.36024677] quat=[ 0.00391658 -0.6051203  -0.00515062  0.7961079 ] speed=0.0001 ang_speed=0.0042 ang_vel_vec=[-0.00400752  0.00068111 -0.00121183] |com_force|=0.4905N
### kotek_magnet[tick=13380] sensor3: d=0.5470m in_range=False f_mag=0.000N tau_mag=0.0000Nm misalign_deg=90.0 pos=[-0.10910641 -0.10914596  0.49140105] bottom_world=[-0.10910659 -0.10914577  0.47140105] quat=[-3.8058293e-01  2.4281594e-06 -6.2046779e-06  9.2474675e-01] speed=0.0010 ang_speed=0.0028 ang_vel_vec=[0.00225687 0.00037583 0.00158271] |com_force|=0.0000N
### kotek_magnet[tick=13380] sensor4: d=0.5249m in_range=False f_mag=0.000N tau_mag=0.0000Nm misalign_deg=90.0 pos=[-0.1090003   0.10899927  0.49140224] bottom_world=[-0.10900026  0.10899941  0.47140224] quat=[ 3.8268238e-01  4.0631883e-07 -3.6073675e-06  9.2388004e-01] speed=0.0001 ang_speed=0.0021 ang_vel_vec=[-0.00104941  0.00180408 -0.00039044] |com_force|=0.0000N
### kotek_magnet[tick=13440] sensor2: d=0.0148m in_range=True f_mag=0.244N tau_mag=0.0001Nm misalign_deg=15.5 pos=[ 0.37002414 -0.05011867  0.36559907] bottom_world=[ 0.38929456 -0.05004946  0.36024682] quat=[ 0.00391695 -0.6051177  -0.00515071  0.7961099 ] speed=0.0002 ang_speed=0.0055 ang_vel_vec=[-0.00535528  0.00088935 -0.00113275] |com_force|=0.4905N
### kotek_magnet[tick=13440] sensor3: d=0.5470m in_range=False f_mag=0.000N tau_mag=0.0000Nm misalign_deg=90.0 pos=[-0.10910635 -0.10914619  0.49140105] bottom_world=[-0.10910657 -0.10914587  0.47140105] quat=[-3.8058311e-01  1.9885315e-06 -9.2151322e-06  9.2474675e-01] speed=0.0010 ang_speed=0.0022 ang_vel_vec=[-0.00146257  0.00144987  0.00069252] |com_force|=0.0000N
### kotek_magnet[tick=13440] sensor4: d=0.5249m in_range=False f_mag=0.000N tau_mag=0.0000Nm misalign_deg=90.0 pos=[-0.10900018  0.1089984   0.4914024 ] bottom_world=[-0.10900005  0.10899874  0.47140239] quat=[ 3.8268298e-01  1.5193106e-07 -9.2271875e-06  9.2387980e-01] speed=0.0011 ang_speed=0.0017 ang_vel_vec=[-0.00110379 -0.00010563  0.0012613 ] |com_force|=0.0000N
### kotek_magnet[tick=13500] sensor2: d=0.0148m in_range=True f_mag=0.244N tau_mag=0.0001Nm misalign_deg=15.5 pos=[ 0.3700243  -0.05011871  0.3655989 ] bottom_world=[ 0.38929474 -0.05004949  0.36024677] quat=[ 0.00391659 -0.6051202  -0.00515063  0.7961078 ] speed=0.0001 ang_speed=0.0042 ang_vel_vec=[-0.00398487  0.00066559 -0.00121341] |com_force|=0.4905N
### kotek_magnet[tick=13500] sensor3: d=0.5470m in_range=False f_mag=0.000N tau_mag=0.0000Nm misalign_deg=90.0 pos=[-0.10910638 -0.10914591  0.49140117] bottom_world=[-0.10910656 -0.10914571  0.47140117] quat=[-3.8058293e-01  2.4043354e-06 -6.3815305e-06  9.2474687e-01] speed=0.0010 ang_speed=0.0031 ang_vel_vec=[0.00266831 0.00066352 0.00133096] |com_force|=0.0000N
### kotek_magnet[tick=13500] sensor4: d=0.5249m in_range=False f_mag=0.000N tau_mag=0.0000Nm misalign_deg=90.0 pos=[-0.10900031  0.10899927  0.49140227] bottom_world=[-0.10900027  0.10899941  0.47140227] quat=[ 3.8268241e-01  3.9873254e-07 -3.6367421e-06  9.2388004e-01] speed=0.0001 ang_speed=0.0013 ang_vel_vec=[-0.00051484  0.00108514 -0.00058028] |com_force|=0.0000N
### kotek_magnet[tick=13560] sensor2: d=0.0148m in_range=True f_mag=0.244N tau_mag=0.0001Nm misalign_deg=15.5 pos=[ 0.3700243  -0.05011888  0.36559895] bottom_world=[ 0.38929473 -0.05004965  0.36024679] quat=[ 0.00391484 -0.6051195  -0.00514979  0.7961084 ] speed=0.0000 ang_speed=0.0012 ang_vel_vec=[-0.00053774  0.00022508 -0.00099525] |com_force|=0.4905N
### kotek_magnet[tick=13560] sensor3: d=0.5470m in_range=False f_mag=0.000N tau_mag=0.0000Nm misalign_deg=90.0 pos=[-0.1091072  -0.10914612  0.4914009 ] bottom_world=[-0.10910723 -0.10914596  0.4714009 ] quat=[-3.8058358e-01 -7.5831912e-07 -3.9796778e-06  9.2474657e-01] speed=0.0002 ang_speed=0.0006 ang_vel_vec=[-2.0028162e-04 -9.9641795e-05 -6.0594780e-04] |com_force|=0.0000N
### kotek_magnet[tick=13560] sensor4: d=0.5249m in_range=False f_mag=0.000N tau_mag=0.0000Nm misalign_deg=90.0 pos=[-0.10900015  0.10899841  0.49140236] bottom_world=[-0.10900002  0.10899874  0.47140236] quat=[ 3.8268295e-01  2.6107691e-07 -8.8597462e-06  9.2387974e-01] speed=0.0011 ang_speed=0.0015 ang_vel_vec=[-0.0008331  -0.00067871  0.00103902] |com_force|=0.0000N
### kotek_magnet[tick=13620] sensor2: d=0.0148m in_range=True f_mag=0.244N tau_mag=0.0001Nm misalign_deg=15.5 pos=[ 0.37002426 -0.05011867  0.36559898] bottom_world=[ 0.38929469 -0.05004945  0.36024679] quat=[ 0.00391694 -0.60511893 -0.00515082  0.79610884] speed=0.0001 ang_speed=0.0052 ang_vel_vec=[-0.00496138  0.00086833 -0.00115304] |com_force|=0.4905N
### kotek_magnet[tick=13620] sensor3: d=0.5470m in_range=False f_mag=0.000N tau_mag=0.0000Nm misalign_deg=90.0 pos=[-0.10910746 -0.10914618  0.49140102] bottom_world=[-0.10910741 -0.10914604  0.47140102] quat=[-3.8058385e-01 -2.4354015e-06 -2.5905917e-06  9.2474651e-01] speed=0.0004 ang_speed=0.0024 ang_vel_vec=[-0.00031198  0.00226254 -0.00077809] |com_force|=0.0000N
### kotek_magnet[tick=13620] sensor4: d=0.5249m in_range=False f_mag=0.000N tau_mag=0.0000Nm misalign_deg=90.0 pos=[-0.10900038  0.10899834  0.4914024 ] bottom_world=[-0.10900017  0.10899869  0.47140239] quat=[ 3.8268295e-01 -1.4905555e-06 -1.0290818e-05  9.2387980e-01] speed=0.0010 ang_speed=0.0038 ang_vel_vec=[-0.00018217  0.00370611  0.00054296] |com_force|=0.0000N
### still playing, 1159s left
### kotek_magnet[tick=13680] sensor2: d=0.0148m in_range=True f_mag=0.244N tau_mag=0.0001Nm misalign_deg=15.5 pos=[ 0.37002432 -0.05011867  0.36559892] bottom_world=[ 0.38929476 -0.05004945  0.36024676] quat=[ 0.00391696 -0.6051194  -0.00515084  0.7961085 ] speed=0.0001 ang_speed=0.0052 ang_vel_vec=[-0.00502028  0.00088564 -0.00114916] |com_force|=0.4905N
### kotek_magnet[tick=13680] sensor3: d=0.5470m in_range=False f_mag=0.000N tau_mag=0.0000Nm misalign_deg=90.0 pos=[-0.10910816 -0.10914584  0.49140105] bottom_world=[-0.10910792 -0.10914594  0.47140105] quat=[-3.8058382e-01 -4.7831213e-06  4.7156977e-06  9.2474639e-01] speed=0.0009 ang_speed=0.0017 ang_vel_vec=[ 0.00133102  0.00095861 -0.00057339] |com_force|=0.0000N
### kotek_magnet[tick=13680] sensor4: d=0.5249m in_range=False f_mag=0.000N tau_mag=0.0000Nm misalign_deg=90.0 pos=[-0.10900029  0.10899951  0.49140233] bottom_world=[-0.10900028  0.10899957  0.47140233] quat=[ 3.8268226e-01  3.8294553e-07 -1.4618595e-06  9.2388004e-01] speed=0.0004 ang_speed=0.0026 ang_vel_vec=[ 0.00247522  0.00050658 -0.0005585 ] |com_force|=0.0000N
### kotek_magnet[tick=13740] sensor2: d=0.0148m in_range=True f_mag=0.244N tau_mag=0.0001Nm misalign_deg=15.5 pos=[ 0.3700242  -0.05011867  0.365599  ] bottom_world=[ 0.38929462 -0.05004946  0.3602468 ] quat=[ 0.00391691 -0.6051184  -0.00515071  0.79610914] speed=0.0002 ang_speed=0.0055 ang_vel_vec=[-0.00526733  0.00091636 -0.00113773] |com_force|=0.4905N
### kotek_magnet[tick=13740] sensor3: d=0.5470m in_range=False f_mag=0.000N tau_mag=0.0000Nm misalign_deg=90.0 pos=[-0.10910815 -0.10914584  0.49140102] bottom_world=[-0.10910791 -0.10914593  0.47140102] quat=[-3.8058400e-01 -4.6936993e-06  4.5097122e-06  9.2474645e-01] speed=0.0009 ang_speed=0.0014 ang_vel_vec=[ 0.00106047  0.00068128 -0.0007094 ] |com_force|=0.0000N
### kotek_magnet[tick=13740] sensor4: d=0.5249m in_range=False f_mag=0.000N tau_mag=0.0000Nm misalign_deg=90.0 pos=[-0.10900003  0.10900012  0.49140227] bottom_world=[-0.10900027  0.10899997  0.47140227] quat=[3.8268211e-01 4.0473606e-06 5.8816263e-06 9.2388010e-01] speed=0.0009 ang_speed=0.0035 ang_vel_vec=[ 0.00246523 -0.00241351 -0.0007737 ] |com_force|=0.0000N
### kotek_magnet[tick=13800] sensor2: d=0.0148m in_range=True f_mag=0.244N tau_mag=0.0001Nm misalign_deg=15.5 pos=[ 0.37002426 -0.05011872  0.36559892] bottom_world=[ 0.3892947  -0.0500495   0.36024677] quat=[ 0.00391658 -0.6051197  -0.0051506   0.7961083 ] speed=0.0001 ang_speed=0.0042 ang_vel_vec=[-0.00401226  0.00065874 -0.00121263] |com_force|=0.4905N
### kotek_magnet[tick=13800] sensor3: d=0.5470m in_range=False f_mag=0.000N tau_mag=0.0000Nm misalign_deg=90.0 pos=[-0.10910803 -0.10914577  0.49140096] bottom_world=[-0.10910779 -0.10914589  0.47140096] quat=[-3.8058391e-01 -4.3527898e-06  5.1277793e-06  9.2474639e-01] speed=0.0009 ang_speed=0.0032 ang_vel_vec=[ 0.00237318  0.00215287 -0.00048585] |com_force|=0.0000N
### kotek_magnet[tick=13800] sensor4: d=0.5249m in_range=False f_mag=0.000N tau_mag=0.0000Nm misalign_deg=90.0 pos=[-0.10900033  0.10899951  0.4914023 ] bottom_world=[-0.10900032  0.10899957  0.4714023 ] quat=[ 3.8268214e-01  2.2206915e-07 -1.5164844e-06  9.2388004e-01] speed=0.0004 ang_speed=0.0028 ang_vel_vec=[ 0.0024884   0.00109795 -0.00080677] |com_force|=0.0000N
### kotek_magnet[tick=13860] sensor2: d=0.0148m in_range=True f_mag=0.244N tau_mag=0.0001Nm misalign_deg=15.5 pos=[ 0.37002432 -0.05011882  0.36559892] bottom_world=[ 0.38929476 -0.05004959  0.36024675] quat=[ 0.0039154  -0.6051192  -0.00514986  0.79610866] speed=0.0000 ang_speed=0.0017 ang_vel_vec=[-0.00127082  0.0004901  -0.00107369] |com_force|=0.4905N
### kotek_magnet[tick=13860] sensor3: d=0.5470m in_range=False f_mag=0.000N tau_mag=0.0000Nm misalign_deg=90.0 pos=[-0.10910723 -0.10914596  0.49140102] bottom_world=[-0.1091072  -0.10914589  0.47140102] quat=[-3.8058355e-01 -1.4562887e-06 -1.3632994e-06  9.2474651e-01] speed=0.0001 ang_speed=0.0025 ang_vel_vec=[0.00200568 0.00151477 0.00021053] |com_force|=0.0000N
### kotek_magnet[tick=13860] sensor4: d=0.5249m in_range=False f_mag=0.000N tau_mag=0.0000Nm misalign_deg=90.0 pos=[-0.10900035  0.10899948  0.4914023 ] bottom_world=[-0.10900033  0.10899955  0.4714023 ] quat=[ 3.8268220e-01  1.8601843e-07 -1.7430493e-06  9.2388004e-01] speed=0.0004 ang_speed=0.0028 ang_vel_vec=[ 0.00239142  0.00122568 -0.00087234] |com_force|=0.0000N
### kotek_magnet[tick=13920] sensor2: d=0.0148m in_range=True f_mag=0.244N tau_mag=0.0001Nm misalign_deg=15.5 pos=[ 0.37002432 -0.05011868  0.3655989 ] bottom_world=[ 0.38929476 -0.05004947  0.36024674] quat=[ 0.00391685 -0.6051197  -0.00515061  0.79610825] speed=0.0001 ang_speed=0.0053 ang_vel_vec=[-0.00511775  0.00090316 -0.00114519] |com_force|=0.4905N
### kotek_magnet[tick=13920] sensor3: d=0.5470m in_range=False f_mag=0.000N tau_mag=0.0000Nm misalign_deg=90.0 pos=[-0.10910818 -0.10914585  0.49140108] bottom_world=[-0.10910793 -0.10914596  0.47140108] quat=[-3.8058403e-01 -4.7407634e-06  4.8118245e-06  9.2474645e-01] speed=0.0010 ang_speed=0.0018 ang_vel_vec=[ 0.00134411  0.0008005  -0.0008516 ] |com_force|=0.0000N
### kotek_magnet[tick=13920] sensor4: d=0.5249m in_range=False f_mag=0.000N tau_mag=0.0000Nm misalign_deg=90.0 pos=[-0.10900034  0.10899951  0.49140224] bottom_world=[-0.10900032  0.10899956  0.47140224] quat=[ 3.8268226e-01  1.5567711e-07 -1.4728967e-06  9.2387998e-01] speed=0.0004 ang_speed=0.0028 ang_vel_vec=[ 0.00224352  0.0013629  -0.00086325] |com_force|=0.0000N
### kotek_magnet[tick=13980] sensor2: d=0.0148m in_range=True f_mag=0.244N tau_mag=0.0001Nm misalign_deg=15.5 pos=[ 0.37002438 -0.05011887  0.36559892] bottom_world=[ 0.38929483 -0.05004964  0.36024679] quat=[ 0.00391477 -0.60512006 -0.0051497   0.796108  ] speed=0.0000 ang_speed=0.0012 ang_vel_vec=[-0.00055126  0.00024637 -0.00100159] |com_force|=0.4905N
### kotek_magnet[tick=13980] sensor3: d=0.5470m in_range=False f_mag=0.000N tau_mag=0.0000Nm misalign_deg=90.0 pos=[-0.10910806 -0.10914575  0.49140096] bottom_world=[-0.10910782 -0.10914586  0.47140096] quat=[-3.8058379e-01 -4.4640601e-06  4.7972426e-06  9.2474645e-01] speed=0.0009 ang_speed=0.0028 ang_vel_vec=[ 0.00191124  0.00192617 -0.00049407] |com_force|=0.0000N
### kotek_magnet[tick=13980] sensor4: d=0.5249m in_range=False f_mag=0.000N tau_mag=0.0000Nm misalign_deg=90.0 pos=[-0.10900014  0.10899921  0.49140227] bottom_world=[-0.10900018  0.10899931  0.47140227] quat=[ 3.8268259e-01  2.0207990e-06 -1.9395841e-06  9.2387986e-01] speed=0.0002 ang_speed=0.0025 ang_vel_vec=[ 0.00115646 -0.00219254  0.00018721] |com_force|=0.0000N
### kotek_magnet[tick=14040] sensor2: d=0.0148m in_range=True f_mag=0.244N tau_mag=0.0001Nm misalign_deg=15.5 pos=[ 0.37002432 -0.05011889  0.36559892] bottom_world=[ 0.38929477 -0.05004965  0.36024679] quat=[ 0.0039148 -0.60512   -0.0051498  0.7961081] speed=0.0000 ang_speed=0.0011 ang_vel_vec=[-0.00047478  0.00025582 -0.00100415] |com_force|=0.4905N
### kotek_magnet[tick=14040] sensor3: d=0.5470m in_range=False f_mag=0.000N tau_mag=0.0000Nm misalign_deg=90.0 pos=[-0.10910816 -0.1091459   0.49140102] bottom_world=[-0.10910792 -0.10914599  0.47140102] quat=[-3.8058397e-01 -4.7900844e-06  4.4259714e-06  9.2474639e-01] speed=0.0010 ang_speed=0.0014 ang_vel_vec=[ 0.00091394  0.00062789 -0.00091865] |com_force|=0.0000N
### kotek_magnet[tick=14040] sensor4: d=0.5249m in_range=False f_mag=0.000N tau_mag=0.0000Nm misalign_deg=90.0 pos=[-0.10900005  0.1090001   0.49140233] bottom_world=[-0.10900028  0.10899996  0.47140233] quat=[3.8268211e-01 4.0182676e-06 5.5782184e-06 9.2388016e-01] speed=0.0009 ang_speed=0.0035 ang_vel_vec=[ 0.00230132 -0.00241471 -0.00092811] |com_force|=0.0000N
### kotek_magnet[tick=14100] sensor2: d=0.0148m in_range=True f_mag=0.244N tau_mag=0.0001Nm misalign_deg=15.5 pos=[ 0.37002426 -0.05011868  0.36559895] bottom_world=[ 0.3892947  -0.05004946  0.36024678] quat=[ 0.0039169  -0.6051192  -0.00515079  0.79610866] speed=0.0001 ang_speed=0.0052 ang_vel_vec=[-0.00496579  0.00087956 -0.00115294] |com_force|=0.4905N
### kotek_magnet[tick=14100] sensor3: d=0.5470m in_range=False f_mag=0.000N tau_mag=0.0000Nm misalign_deg=90.0 pos=[-0.10910817 -0.10914585  0.49140102] bottom_world=[-0.10910794 -0.10914594  0.47140102] quat=[-3.8058409e-01 -4.6489095e-06  4.2742668e-06  9.2474633e-01] speed=0.0010 ang_speed=0.0013 ang_vel_vec=[ 0.00087782  0.00045234 -0.00080844] |com_force|=0.0000N
### kotek_magnet[tick=14100] sensor4: d=0.5249m in_range=False f_mag=0.000N tau_mag=0.0000Nm misalign_deg=90.0 pos=[-0.10900021  0.10899841  0.49140233] bottom_world=[-0.10900008  0.10899874  0.47140233] quat=[ 3.826831e-01  3.721907e-07 -8.887823e-06  9.238797e-01] speed=0.0010 ang_speed=0.0017 ang_vel_vec=[-0.00072021 -0.00067713  0.00134533] |com_force|=0.0000N
### kotek_magnet[tick=14160] sensor2: d=0.0148m in_range=True f_mag=0.244N tau_mag=0.0001Nm misalign_deg=15.5 pos=[ 0.37002423 -0.05011868  0.36559898] bottom_world=[ 0.38929466 -0.05004947  0.36024679] quat=[ 0.00391684 -0.6051188  -0.00515063  0.79610896] speed=0.0001 ang_speed=0.0052 ang_vel_vec=[-0.00503137  0.00086198 -0.00115024] |com_force|=0.4905N
### kotek_magnet[tick=14160] sensor3: d=0.5470m in_range=False f_mag=0.000N tau_mag=0.0000Nm misalign_deg=90.0 pos=[-0.10910819 -0.10914584  0.49140102] bottom_world=[-0.10910794 -0.10914594  0.47140102] quat=[-3.8058406e-01 -4.8033935e-06  4.5988832e-06  9.2474645e-01] speed=0.0010 ang_speed=0.0017 ang_vel_vec=[ 0.00102114  0.00074262 -0.00110139] |com_force|=0.0000N
### kotek_magnet[tick=14160] sensor4: d=0.5249m in_range=False f_mag=0.000N tau_mag=0.0000Nm misalign_deg=90.0 pos=[-0.10900022  0.10899839  0.49140224] bottom_world=[-0.10900011  0.10899871  0.47140224] quat=[ 3.8268304e-01  4.5419580e-07 -8.4976946e-06  9.2387974e-01] speed=0.0010 ang_speed=0.0018 ang_vel_vec=[-0.00033486 -0.00146018  0.00103222] |com_force|=0.0000N
### kotek_magnet[tick=14220] sensor2: d=0.0148m in_range=True f_mag=0.244N tau_mag=0.0001Nm misalign_deg=15.5 pos=[ 0.37002423 -0.05011867  0.36559895] bottom_world=[ 0.38929466 -0.05004946  0.36024675] quat=[ 0.0039169  -0.6051187  -0.00515078  0.796109  ] speed=0.0001 ang_speed=0.0052 ang_vel_vec=[-0.00497194  0.00088217 -0.00115287] |com_force|=0.4905N
### kotek_magnet[tick=14220] sensor3: d=0.5470m in_range=False f_mag=0.000N tau_mag=0.0000Nm misalign_deg=90.0 pos=[-0.10910751 -0.10914614  0.4914011 ] bottom_world=[-0.10910746 -0.10914601  0.47140111] quat=[-3.8058391e-01 -2.3277082e-06 -2.5802058e-06  9.2474645e-01] speed=0.0005 ang_speed=0.0020 ang_vel_vec=[-0.00033216  0.00178228 -0.00084557] |com_force|=0.0000N
### kotek_magnet[tick=14220] sensor4: d=0.5249m in_range=False f_mag=0.000N tau_mag=0.0000Nm misalign_deg=90.0 pos=[-0.10900039  0.10899864  0.49140242] bottom_world=[-0.10900024  0.10899894  0.47140242] quat=[ 3.8268277e-01 -6.7119339e-07 -8.3779378e-06  9.2387980e-01] speed=0.0007 ang_speed=0.0043 ang_vel_vec=[-0.00146482  0.00402881  0.00034654] |com_force|=0.0000N
### kotek_magnet[tick=14280] sensor2: d=0.0148m in_range=True f_mag=0.244N tau_mag=0.0001Nm misalign_deg=15.5 pos=[ 0.37002435 -0.05011888  0.36559892] bottom_world=[ 0.38929479 -0.05004965  0.36024678] quat=[ 0.00391476 -0.6051198  -0.0051497   0.7961082 ] speed=0.0000 ang_speed=0.0011 ang_vel_vec=[-0.00050254  0.00023303 -0.00099175] |com_force|=0.4905N
### kotek_magnet[tick=14280] sensor3: d=0.5470m in_range=False f_mag=0.000N tau_mag=0.0000Nm misalign_deg=90.0 pos=[-0.10910818 -0.10914586  0.4914011 ] bottom_world=[-0.10910793 -0.10914596  0.47140111] quat=[-3.8058421e-01 -4.8416396e-06  4.6461191e-06  9.2474639e-01] speed=0.0010 ang_speed=0.0013 ang_vel_vec=[ 0.00092344  0.00049962 -0.00079649] |com_force|=0.0000N
### kotek_magnet[tick=14280] sensor4: d=0.5249m in_range=False f_mag=0.000N tau_mag=0.0000Nm misalign_deg=90.0 pos=[-0.10900038  0.10899951  0.4914023 ] bottom_world=[-0.10900035  0.10899958  0.4714023 ] quat=[ 3.8268223e-01  1.2103429e-07 -1.7551436e-06  9.2388016e-01] speed=0.0004 ang_speed=0.0028 ang_vel_vec=[ 0.00225568  0.00143481 -0.00080729] |com_force|=0.0000N
### kotek_magnet[tick=14340] sensor2: d=0.0148m in_range=True f_mag=0.244N tau_mag=0.0001Nm misalign_deg=15.5 pos=[ 0.37002438 -0.05011887  0.365599  ] bottom_world=[ 0.38929482 -0.05004964  0.36024686] quat=[ 0.00391499 -0.60511976 -0.00514966  0.79610825] speed=0.0000 ang_speed=0.0016 ang_vel_vec=[-0.00106907  0.0001338  -0.00120123] |com_force|=0.4905N
### kotek_magnet[tick=14340] sensor3: d=0.5470m in_range=False f_mag=0.000N tau_mag=0.0000Nm misalign_deg=90.0 pos=[-0.10910819 -0.10914586  0.49140108] bottom_world=[-0.10910794 -0.10914596  0.47140108] quat=[-3.8058406e-01 -4.8253833e-06  4.4415137e-06  9.2474633e-01] speed=0.0010 ang_speed=0.0011 ang_vel_vec=[ 0.00071693  0.00034872 -0.00076313] |com_force|=0.0000N
### kotek_magnet[tick=14340] sensor4: d=0.5249m in_range=False f_mag=0.000N tau_mag=0.0000Nm misalign_deg=90.0 pos=[-0.10900036  0.10899949  0.49140236] bottom_world=[-0.10900034  0.10899956  0.47140236] quat=[ 3.8268229e-01  3.6949007e-07 -1.6654822e-06  9.2387998e-01] speed=0.0004 ang_speed=0.0027 ang_vel_vec=[ 0.00249223  0.00067737 -0.00073802] |com_force|=0.0000N
### kotek_magnet[tick=14400] sensor2: d=0.0148m in_range=True f_mag=0.244N tau_mag=0.0001Nm misalign_deg=15.5 pos=[ 0.3700243  -0.05011871  0.36559892] bottom_world=[ 0.38929473 -0.05004949  0.36024678] quat=[ 0.00391663 -0.60511976 -0.00515067  0.79610825] speed=0.0001 ang_speed=0.0043 ang_vel_vec=[-0.00406433  0.00066232 -0.00120922] |com_force|=0.4905N
### kotek_magnet[tick=14400] sensor3: d=0.5471m in_range=False f_mag=0.000N tau_mag=0.0000Nm misalign_deg=90.0 pos=[-0.10911684 -0.10916243  0.49139914] bottom_world=[-0.10911883 -0.10915624  0.47139914] quat=[-3.8059467e-01 -1.2816787e-05 -1.6213758e-04  9.2474198e-01] speed=0.0211 ang_speed=0.1123 ang_vel_vec=[-0.10313249 -0.03436655 -0.02818334] |com_force|=0.0000N
### kotek_magnet[tick=14400] sensor4: d=0.5249m in_range=False f_mag=0.000N tau_mag=0.0000Nm misalign_deg=90.0 pos=[-0.10900006  0.10900013  0.49140233] bottom_world=[-0.10900028  0.10899999  0.47140233] quat=[3.8268211e-01 3.8488542e-06 5.5343148e-06 9.2388010e-01] speed=0.0010 ang_speed=0.0026 ang_vel_vec=[ 0.0015551  -0.00176856 -0.00098377] |com_force|=0.0000N
### kotek_magnet[tick=14460] sensor2: d=0.0148m in_range=True f_mag=0.244N tau_mag=0.0001Nm misalign_deg=15.5 pos=[ 0.3700243  -0.0501187   0.36559892] bottom_world=[ 0.38929474 -0.05004948  0.36024678] quat=[ 0.00391666 -0.60511976 -0.00515073  0.7961083 ] speed=0.0001 ang_speed=0.0042 ang_vel_vec=[-0.00395471  0.00065097 -0.00121451] |com_force|=0.4905N
### kotek_magnet[tick=14460] sensor3: d=0.5498m in_range=False f_mag=0.000N tau_mag=0.0000Nm misalign_deg=75.8 pos=[-0.11427551 -0.10821418  0.49626142] bottom_world=[-0.10936022 -0.11310919  0.47750298] quat=[-0.37631744 -0.06782533  0.16260037  0.9095856 ] speed=0.0626 ang_speed=3.5842 ang_vel_vec=[2.166751  2.0080452 2.029727 ] |com_force|=0.0000N
### kotek_magnet[tick=14460] sensor4: d=0.5249m in_range=False f_mag=0.000N tau_mag=0.0000Nm misalign_deg=90.0 pos=[-0.10900016  0.10899944  0.49140233] bottom_world=[-0.10900027  0.10899947  0.47140233] quat=[3.826824e-01 2.891253e-06 3.165369e-07 9.238800e-01] speed=0.0002 ang_speed=0.0044 ang_vel_vec=[ 0.00350637 -0.00258342 -0.00028844] |com_force|=0.0000N
### kotek_magnet[tick=14520] sensor2: d=0.0148m in_range=True f_mag=0.244N tau_mag=0.0001Nm misalign_deg=15.5 pos=[ 0.37002432 -0.05011887  0.36559895] bottom_world=[ 0.38929476 -0.05004964  0.3602468 ] quat=[ 0.00391476 -0.6051196  -0.00514971  0.7961084 ] speed=0.0000 ang_speed=0.0012 ang_vel_vec=[-0.00053518  0.00024125 -0.00100279] |com_force|=0.4905N
### kotek_magnet[tick=14520] sensor3: d=0.5497m in_range=False f_mag=0.000N tau_mag=0.0000Nm misalign_deg=78.5 pos=[-0.11323084 -0.10953844  0.49542856] bottom_world=[-0.10923612 -0.11383612  0.47630862] quat=[-0.37045822 -0.05293366  0.1385624   0.9169293 ] speed=0.1629 ang_speed=6.8080 ang_vel_vec=[4.397717  3.4118237 3.9203315] |com_force|=0.0000N
### kotek_magnet[tick=14520] sensor4: d=0.5249m in_range=False f_mag=0.000N tau_mag=0.0000Nm misalign_deg=90.0 pos=[-0.10900038  0.10899852  0.4914023 ] bottom_world=[-0.10900017  0.10899887  0.4714023 ] quat=[ 3.8268295e-01 -1.5579305e-06 -1.0054068e-05  9.2387974e-01] speed=0.0009 ang_speed=0.0045 ang_vel_vec=[-0.00070745  0.00443262  0.00061247] |com_force|=0.0000N
### kotek_magnet[tick=14580] sensor2: d=0.0148m in_range=True f_mag=0.244N tau_mag=0.0001Nm misalign_deg=15.5 pos=[ 0.37002432 -0.05011884  0.36559892] bottom_world=[ 0.38929475 -0.05004962  0.36024675] quat=[ 0.00391534 -0.6051192  -0.00514973  0.7961086 ] speed=0.0000 ang_speed=0.0018 ang_vel_vec=[-0.00131374  0.00049442 -0.00107942] |com_force|=0.4905N
### kotek_magnet[tick=14580] sensor3: d=0.5504m in_range=False f_mag=0.000N tau_mag=0.0000Nm misalign_deg=76.8 pos=[-0.11436602 -0.10871287  0.49590632] bottom_world=[-0.10979049 -0.11384665  0.47712578] quat=[-0.35927892 -0.06060166  0.1637496   0.9167509 ] speed=0.1607 ang_speed=9.2172 ang_vel_vec=[6.5316854 2.3232477 6.0742903] |com_force|=0.0000N
### kotek_magnet[tick=14580] sensor4: d=0.5249m in_range=False f_mag=0.000N tau_mag=0.0000Nm misalign_deg=90.0 pos=[-0.10900017  0.10899846  0.49140224] bottom_world=[-0.10900005  0.10899878  0.47140224] quat=[ 3.8268307e-01  3.8349100e-07 -8.4148814e-06  9.2387968e-01] speed=0.0009 ang_speed=0.0016 ang_vel_vec=[-0.00090877 -0.00040129  0.00121112] |com_force|=0.0000N
### kotek_magnet[tick=14640] sensor2: d=0.0148m in_range=True f_mag=0.244N tau_mag=0.0001Nm misalign_deg=15.5 pos=[ 0.37002432 -0.05011888  0.36559895] bottom_world=[ 0.38929477 -0.05004965  0.36024682] quat=[ 0.00391484 -0.6051201  -0.00514976  0.79610795] speed=0.0000 ang_speed=0.0011 ang_vel_vec=[-0.000485    0.00026976 -0.00100389] |com_force|=0.4905N
### kotek_magnet[tick=14640] sensor3: d=0.5527m in_range=False f_mag=0.000N tau_mag=0.0000Nm misalign_deg=78.0 pos=[-0.1163909  -0.10919891  0.49589375] bottom_world=[-0.11224236 -0.11422143  0.47698439] quat=[-0.33162117 -0.05622802  0.155256    0.9288495 ] speed=0.1740 ang_speed=3.2602 ang_vel_vec=[ 1.1151589  -0.47211626 -3.0269113 ] |com_force|=0.0000N
### kotek_magnet[tick=14640] sensor4: d=0.5249m in_range=False f_mag=0.000N tau_mag=0.0000Nm misalign_deg=90.0 pos=[-0.10900029  0.10899931  0.49140227] bottom_world=[-0.10900023  0.10899945  0.47140227] quat=[ 3.8268262e-01  2.3573376e-08 -3.7934512e-06  9.2387986e-01] speed=0.0001 ang_speed=0.0030 ang_vel_vec=[-0.00109327  0.00280565 -0.0002646 ] |com_force|=0.0000N
### kotek_magnet[tick=14700] sensor2: d=0.0148m in_range=True f_mag=0.244N tau_mag=0.0001Nm misalign_deg=15.5 pos=[ 0.37002432 -0.05011868  0.36559892] bottom_world=[ 0.38929476 -0.05004946  0.36024676] quat=[ 0.00391697 -0.6051194  -0.00515086  0.7961084 ] speed=0.0001 ang_speed=0.0052 ang_vel_vec=[-0.00497549  0.00088155 -0.00115187] |com_force|=0.4905N
### kotek_magnet[tick=14700] sensor3: d=0.5713m in_range=False f_mag=0.000N tau_mag=0.0000Nm misalign_deg=89.4 pos=[-0.13354607 -0.10565769  0.50307184] bottom_world=[-0.13333752 -0.10574311  0.48307311] quat=[-0.04623099 -0.00510962  0.00237438  0.99891484] speed=0.1112 ang_speed=3.3445 ang_vel_vec=[-1.7054625 -0.8042015  2.7623522] |com_force|=0.0000N
### kotek_magnet[tick=14700] sensor4: d=0.5249m in_range=False f_mag=0.000N tau_mag=0.0000Nm misalign_deg=90.0 pos=[-0.10900006  0.10900016  0.4914023 ] bottom_world=[-0.10900029  0.10900001  0.4714023 ] quat=[3.8268220e-01 3.9867282e-06 5.8178853e-06 9.2388010e-01] speed=0.0010 ang_speed=0.0030 ang_vel_vec=[ 0.00216962 -0.0019946  -0.00059998] |com_force|=0.0000N
### kotek_magnet[tick=14760] sensor2: d=0.0148m in_range=True f_mag=0.244N tau_mag=0.0001Nm misalign_deg=15.5 pos=[ 0.37002426 -0.05011868  0.36559895] bottom_world=[ 0.3892947  -0.05004946  0.36024678] quat=[ 0.00391695 -0.6051193  -0.00515084  0.79610866] speed=0.0001 ang_speed=0.0052 ang_vel_vec=[-0.00497117  0.00087817 -0.00115242] |com_force|=0.4905N
### kotek_magnet[tick=14760] sensor3: d=0.5766m in_range=False f_mag=0.000N tau_mag=0.0000Nm misalign_deg=89.2 pos=[-0.13304238 -0.10617532  0.525464  ] bottom_world=[-0.13276135 -0.10635531  0.50546678] quat=[-0.03885167 -0.00684579  0.00476944  0.9992102 ] speed=0.1044 ang_speed=5.7338 ang_vel_vec=[-0.36823404  0.23468317  5.717185  ] |com_force|=0.0000N
### kotek_magnet[tick=14760] sensor4: d=0.5249m in_range=False f_mag=0.000N tau_mag=0.0000Nm misalign_deg=90.0 pos=[-0.10900005  0.10900017  0.49140233] bottom_world=[-0.10900028  0.10900002  0.47140233] quat=[3.8268217e-01 3.7842103e-06 5.6559616e-06 9.2388016e-01] speed=0.0009 ang_speed=0.0028 ang_vel_vec=[ 0.00182605 -0.0018555  -0.00092981] |com_force|=0.0000N
### kotek_magnet[tick=14820] sensor2: d=0.0148m in_range=True f_mag=0.244N tau_mag=0.0001Nm misalign_deg=15.5 pos=[ 0.37002432 -0.05011887  0.36559895] bottom_world=[ 0.38929476 -0.05004964  0.3602468 ] quat=[ 0.00391485 -0.6051196  -0.0051498   0.79610837] speed=0.0000 ang_speed=0.0012 ang_vel_vec=[-0.00052724  0.00023822 -0.00100123] |com_force|=0.4905N
### kotek_magnet[tick=14820] sensor3: d=0.5835m in_range=False f_mag=0.000N tau_mag=0.0000Nm misalign_deg=89.1 pos=[-0.13264436 -0.10693257  0.55016327] bottom_world=[-0.13231513 -0.10718788  0.53016761] quat=[-0.03474036 -0.00800422  0.00666524  0.9993421 ] speed=0.1271 ang_speed=1.9762 ang_vel_vec=[-0.3956013  -0.39245483  1.89597   ] |com_force|=0.0000N
### kotek_magnet[tick=14820] sensor4: d=0.5249m in_range=False f_mag=0.000N tau_mag=0.0000Nm misalign_deg=90.0 pos=[-0.10900031  0.10899954  0.49140227] bottom_world=[-0.1090003   0.1089996   0.47140227] quat=[ 3.8268229e-01  3.5459334e-07 -1.6487538e-06  9.2388004e-01] speed=0.0004 ang_speed=0.0030 ang_vel_vec=[ 0.00278667  0.00027551 -0.00095913] |com_force|=0.0000N
### kotek_magnet[tick=14880] sensor2: d=0.0148m in_range=True f_mag=0.244N tau_mag=0.0001Nm misalign_deg=15.5 pos=[ 0.37002426 -0.0501187   0.36559898] bottom_world=[ 0.3892947  -0.05004949  0.36024682] quat=[ 0.00391668 -0.60511947 -0.00515068  0.7961085 ] speed=0.0001 ang_speed=0.0045 ang_vel_vec=[-0.00430943  0.00068768 -0.0011946 ] |com_force|=0.4905N
### kotek_magnet[tick=14880] sensor3: d=0.5908m in_range=False f_mag=0.000N tau_mag=0.0000Nm misalign_deg=88.9 pos=[-0.1323029  -0.10757201  0.5728115 ] bottom_world=[-0.13193337 -0.1079004   0.5528176 ] quat=[-0.03064993 -0.00898292  0.00848964  0.99945384] speed=0.0970 ang_speed=5.2046 ang_vel_vec=[-1.5479935  -0.12853727  4.9673557 ] |com_force|=0.0000N
### kotek_magnet[tick=14880] sensor4: d=0.5249m in_range=False f_mag=0.000N tau_mag=0.0000Nm misalign_deg=90.0 pos=[-0.10900034  0.10899951  0.49140227] bottom_world=[-0.10900032  0.10899957  0.47140227] quat=[ 3.8268229e-01  1.2548043e-07 -1.5609712e-06  9.2388010e-01] speed=0.0004 ang_speed=0.0027 ang_vel_vec=[ 0.0022048   0.00131724 -0.00069935] |com_force|=0.0000N
### kotek_magnet[tick=14940] sensor2: d=0.0148m in_range=True f_mag=0.244N tau_mag=0.0001Nm misalign_deg=15.5 pos=[ 0.37002426 -0.05011867  0.36559895] bottom_world=[ 0.3892947  -0.05004946  0.36024678] quat=[ 0.00391692 -0.6051192  -0.0051508   0.79610866] speed=0.0001 ang_speed=0.0052 ang_vel_vec=[-0.00502195  0.00088542 -0.00114963] |com_force|=0.4905N
### kotek_magnet[tick=14940] sensor3: d=0.5906m in_range=False f_mag=0.000N tau_mag=0.0000Nm misalign_deg=88.6 pos=[-0.13166232 -0.10842446  0.57368577] bottom_world=[-0.13116667 -0.10859722  0.55369265] quat=[-0.0256305  -0.01227768  0.00463567  0.99958533] speed=0.0976 ang_speed=5.8957 ang_vel_vec=[-1.0941427  -0.14934012  5.7913437 ] |com_force|=0.0000N
### kotek_magnet[tick=14940] sensor4: d=0.5249m in_range=False f_mag=0.000N tau_mag=0.0000Nm misalign_deg=90.0 pos=[-0.10900003  0.10900013  0.49140233] bottom_world=[-0.10900026  0.10899998  0.47140233] quat=[3.8268209e-01 3.8440371e-06 5.5909245e-06 9.2388010e-01] speed=0.0009 ang_speed=0.0026 ang_vel_vec=[ 0.00175832 -0.00176906 -0.00086802] |com_force|=0.0000N
### kotek_magnet[tick=15000] sensor2: d=0.0148m in_range=True f_mag=0.244N tau_mag=0.0001Nm misalign_deg=15.5 pos=[ 0.37002432 -0.05011889  0.36559895] bottom_world=[ 0.38929476 -0.05004965  0.3602468 ] quat=[ 0.00391481 -0.60511976 -0.00514979  0.7961083 ] speed=0.0000 ang_speed=0.0011 ang_vel_vec=[-0.0004774   0.00024574 -0.00100275] |com_force|=0.4905N
### kotek_magnet[tick=15000] sensor3: d=0.5804m in_range=False f_mag=0.000N tau_mag=0.0000Nm misalign_deg=86.8 pos=[-0.11700656 -0.12988055  0.5646511 ] bottom_world=[-0.11589821 -0.13098821  0.54471255] quat=[-0.03126823 -0.0268493   0.02856691  0.9987419 ] speed=0.1377 ang_speed=6.6492 ang_vel_vec=[-3.3465009  0.5493869  5.719383 ] |com_force|=0.0000N
### kotek_magnet[tick=15000] sensor4: d=0.5249m in_range=False f_mag=0.000N tau_mag=0.0000Nm misalign_deg=90.0 pos=[-0.10900035  0.10899948  0.4914023 ] bottom_world=[-0.10900032  0.10899955  0.4714023 ] quat=[ 3.8268223e-01  9.1432767e-08 -1.7297502e-06  9.2388004e-01] speed=0.0004 ang_speed=0.0027 ang_vel_vec=[ 0.00224814  0.00128162 -0.00091912] |com_force|=0.0000N
### kotek_magnet[tick=15060] sensor2: d=0.0148m in_range=True f_mag=0.244N tau_mag=0.0001Nm misalign_deg=15.5 pos=[ 0.3700243  -0.05011888  0.36559898] bottom_world=[ 0.38929472 -0.05004965  0.36024681] quat=[ 0.00391486 -0.6051192  -0.00514975  0.79610854] speed=0.0000 ang_speed=0.0012 ang_vel_vec=[-0.00061298  0.00023732 -0.00101228] |com_force|=0.4905N
### kotek_magnet[tick=15060] sensor3: d=0.5621m in_range=False f_mag=0.000N tau_mag=0.0000Nm misalign_deg=83.5 pos=[-0.0905338  -0.15825424  0.5518321 ] bottom_world=[-0.08828068 -0.16068951  0.53210918] quat=[-0.04808909 -0.05351017  0.06375036  0.99536926] speed=0.1293 ang_speed=0.8153 ang_vel_vec=[-0.17782909 -0.5317042   0.59188974] |com_force|=0.0000N
### kotek_magnet[tick=15060] sensor4: d=0.5249m in_range=False f_mag=0.000N tau_mag=0.0000Nm misalign_deg=90.0 pos=[-0.10900035  0.10899949  0.49140227] bottom_world=[-0.10900033  0.10899955  0.47140227] quat=[ 3.8268232e-01  2.7508597e-07 -1.5752726e-06  9.2387998e-01] speed=0.0004 ang_speed=0.0023 ang_vel_vec=[ 0.00210168  0.00077096 -0.00064661] |com_force|=0.0000N
### kotek_magnet[tick=15120] sensor2: d=0.0148m in_range=True f_mag=0.244N tau_mag=0.0001Nm misalign_deg=15.5 pos=[ 0.3700243  -0.0501187   0.36559892] bottom_world=[ 0.38929473 -0.05004949  0.36024679] quat=[ 0.00391659 -0.60512    -0.00515058  0.79610795] speed=0.0001 ang_speed=0.0043 ang_vel_vec=[-0.0040977   0.00067503 -0.00120838] |com_force|=0.4905N
### kotek_magnet[tick=15120] sensor3: d=0.5401m in_range=False f_mag=0.000N tau_mag=0.0000Nm misalign_deg=79.7 pos=[-0.05927069 -0.1812536   0.53970325] bottom_world=[-0.05568369 -0.18466504  0.52032554] quat=[-0.06672283 -0.08439587  0.09184068  0.9899448 ] speed=0.1212 ang_speed=4.6124 ang_vel_vec=[-4.4855094  -1.0740112  -0.02712169] |com_force|=0.0000N
### kotek_magnet[tick=15120] sensor4: d=0.5249m in_range=False f_mag=0.000N tau_mag=0.0000Nm misalign_deg=90.0 pos=[-0.10900036  0.10899951  0.49140224] bottom_world=[-0.10900034  0.10899958  0.47140224] quat=[ 3.8268214e-01  2.6314240e-07 -1.6284650e-06  9.2388004e-01] speed=0.0004 ang_speed=0.0027 ang_vel_vec=[ 0.00245665  0.000762   -0.00091257] |com_force|=0.0000N
### kotek_magnet[tick=15180] sensor2: d=0.0148m in_range=True f_mag=0.244N tau_mag=0.0001Nm misalign_deg=15.5 pos=[ 0.3700245  -0.05011885  0.3655989 ] bottom_world=[ 0.38929496 -0.05004962  0.36024681] quat=[ 0.0039152  -0.60512114 -0.00514983  0.7961073 ] speed=0.0000 ang_speed=0.0018 ang_vel_vec=[-0.00128405  0.00019098 -0.00120015] |com_force|=0.4905N
### kotek_magnet[tick=15180] sensor3: d=0.5145m in_range=False f_mag=0.000N tau_mag=0.0000Nm misalign_deg=75.3 pos=[-0.02413301 -0.19824703  0.5280948 ] bottom_world=[-0.01904878 -0.2024714   0.50921878] quat=[-0.07963524 -0.11985535  0.11718974  0.9826288 ] speed=0.1320 ang_speed=4.1647 ang_vel_vec=[-3.7194915 -0.6844696  1.7441183] |com_force|=0.0000N
### kotek_magnet[tick=15180] sensor4: d=0.5249m in_range=False f_mag=0.000N tau_mag=0.0000Nm misalign_deg=90.0 pos=[-0.10900006  0.10900015  0.49140236] bottom_world=[-0.10900028  0.109       0.47140236] quat=[3.826821e-01 3.786606e-06 5.634319e-06 9.238801e-01] speed=0.0009 ang_speed=0.0032 ang_vel_vec=[ 0.00218619 -0.00213625 -0.00088102] |com_force|=0.0000N
### kotek_magnet[tick=15240] sensor2: d=0.0148m in_range=True f_mag=0.244N tau_mag=0.0001Nm misalign_deg=15.5 pos=[ 0.37002435 -0.05011888  0.36559892] bottom_world=[ 0.38929479 -0.05004965  0.36024678] quat=[ 0.00391479 -0.6051198  -0.00514975  0.79610825] speed=0.0000 ang_speed=0.0011 ang_vel_vec=[-0.0005282   0.00023285 -0.000994  ] |com_force|=0.4905N
### kotek_magnet[tick=15240] sensor3: d=0.4858m in_range=False f_mag=0.000N tau_mag=0.0000Nm misalign_deg=70.6 pos=[ 0.01352836 -0.20897546  0.5171666 ] bottom_world=[ 0.02016506 -0.21372413  0.49890725] quat=[-0.08974475 -0.15779501  0.13644259  0.97387373] speed=0.1131 ang_speed=4.1349 ang_vel_vec=[-3.7902625 -1.2671888  1.0610229] |com_force|=0.0000N
### kotek_magnet[tick=15240] sensor4: d=0.5249m in_range=False f_mag=0.000N tau_mag=0.0000Nm misalign_deg=90.0 pos=[-0.10900006  0.10900009  0.49140233] bottom_world=[-0.10900029  0.10899994  0.47140233] quat=[3.8268211e-01 3.8803228e-06 5.6519443e-06 9.2388016e-01] speed=0.0009 ang_speed=0.0034 ang_vel_vec=[ 0.00229661 -0.00234012 -0.00090738] |com_force|=0.0000N
### kotek_magnet[tick=15300] sensor2: d=0.0148m in_range=True f_mag=0.244N tau_mag=0.0001Nm misalign_deg=15.5 pos=[ 0.37002423 -0.05011868  0.36559895] bottom_world=[ 0.38929466 -0.05004947  0.36024675] quat=[ 0.00391687 -0.6051187  -0.00515073  0.7961091 ] speed=0.0001 ang_speed=0.0053 ang_vel_vec=[-0.00508071  0.00089368 -0.00114788] |com_force|=0.4905N
### kotek_magnet[tick=15300] sensor3: d=0.4546m in_range=False f_mag=0.000N tau_mag=0.0000Nm misalign_deg=65.8 pos=[ 0.05220062 -0.21313433  0.50695443] bottom_world=[ 0.06038669 -0.21817262  0.48941579] quat=[-0.09514406 -0.1974634   0.15014057  0.964061  ] speed=0.1183 ang_speed=4.2676 ang_vel_vec=[-3.982217  -0.8388829  1.2846104] |com_force|=0.0000N
### kotek_magnet[tick=15300] sensor4: d=0.5249m in_range=False f_mag=0.000N tau_mag=0.0000Nm misalign_deg=90.0 pos=[-0.10900015  0.10899845  0.49140236] bottom_world=[-0.10900005  0.10899876  0.47140236] quat=[ 3.8268310e-01  6.9222597e-07 -8.2886909e-06  9.2387974e-01] speed=0.0010 ang_speed=0.0026 ang_vel_vec=[ 0.00015789 -0.00230047  0.00116454] |com_force|=0.0000N
### still playing, 1129s left
### kotek_magnet[tick=15360] sensor2: d=0.0148m in_range=True f_mag=0.244N tau_mag=0.0001Nm misalign_deg=15.5 pos=[ 0.37002444 -0.05011884  0.36559895] bottom_world=[ 0.38929489 -0.05004961  0.36024684] quat=[ 0.00391514 -0.60512054 -0.00514977  0.79610765] speed=0.0000 ang_speed=0.0017 ang_vel_vec=[-0.00125005  0.00016749 -0.00120845] |com_force|=0.4905N
### kotek_magnet[tick=15360] sensor3: d=0.4215m in_range=False f_mag=0.000N tau_mag=0.0000Nm misalign_deg=61.1 pos=[ 0.09079476 -0.21109393  0.49755776] bottom_world=[ 0.10044709 -0.21616568  0.48079142] quat=[-0.09911142 -0.23667562  0.15756333  0.9535908 ] speed=0.1106 ang_speed=4.6875 ang_vel_vec=[-3.5967488 -2.5006416 -1.6683068] |com_force|=0.0000N
### kotek_magnet[tick=15360] sensor4: d=0.5249m in_range=False f_mag=0.000N tau_mag=0.0000Nm misalign_deg=90.0 pos=[-0.10900003  0.1090002   0.49140236] bottom_world=[-0.10900027  0.10900004  0.47140236] quat=[3.8268211e-01 4.0211485e-06 5.9554845e-06 9.2388004e-01] speed=0.0010 ang_speed=0.0033 ang_vel_vec=[ 0.00229786 -0.00226441 -0.00083831] |com_force|=0.0000N
### kotek_magnet[tick=15420] sensor2: d=0.0148m in_range=True f_mag=0.244N tau_mag=0.0001Nm misalign_deg=15.5 pos=[ 0.37002423 -0.05011883  0.36559898] bottom_world=[ 0.38929466 -0.05004961  0.36024677] quat=[ 0.00391534 -0.60511845 -0.00514971  0.7961092 ] speed=0.0000 ang_speed=0.0018 ang_vel_vec=[-0.0013944   0.00048887 -0.00109076] |com_force|=0.4905N
### kotek_magnet[tick=15420] sensor3: d=0.3869m in_range=False f_mag=0.000N tau_mag=0.0000Nm misalign_deg=56.5 pos=[ 0.12813345 -0.20305416  0.48866397] bottom_world=[ 0.13916483 -0.20805071  0.47274722] quat=[-0.09634705 -0.2761277   0.16073184  0.94267493] speed=0.1150 ang_speed=4.2218 ang_vel_vec=[-3.9131598 -1.3184091  0.8789002] |com_force|=0.0000N
### kotek_magnet[tick=15420] sensor4: d=0.5249m in_range=False f_mag=0.000N tau_mag=0.0000Nm misalign_deg=90.0 pos=[-0.10900033  0.10899951  0.49140224] bottom_world=[-0.10900031  0.10899956  0.47140224] quat=[ 3.8268226e-01  8.4283592e-08 -1.4407642e-06  9.2388004e-01] speed=0.0004 ang_speed=0.0030 ang_vel_vec=[ 0.00240708  0.001495   -0.00091142] |com_force|=0.0000N
### kotek_magnet[tick=15480] sensor2: d=0.0148m in_range=True f_mag=0.244N tau_mag=0.0001Nm misalign_deg=15.5 pos=[ 0.3700243  -0.05011873  0.36559886] bottom_world=[ 0.38929474 -0.05004951  0.36024674] quat=[ 0.00391648 -0.6051203  -0.00515046  0.7961079 ] speed=0.0001 ang_speed=0.0043 ang_vel_vec=[-0.00407328  0.00068243 -0.0012102 ] |com_force|=0.4905N
### kotek_magnet[tick=15480] sensor3: d=0.3513m in_range=False f_mag=0.000N tau_mag=0.0000Nm misalign_deg=52.1 pos=[ 0.16346422 -0.18982057  0.48049173] bottom_world=[ 0.17574013 -0.19455516  0.465429  ] quat=[-0.09321157 -0.31357872  0.15843049  0.9316007 ] speed=0.1317 ang_speed=4.8099 ang_vel_vec=[-4.097315  -2.1627948 -1.292012 ] |com_force|=0.0000N
### kotek_magnet[tick=15480] sensor4: d=0.5249m in_range=False f_mag=0.000N tau_mag=0.0000Nm misalign_deg=90.0 pos=[-0.10900029  0.10899954  0.49140236] bottom_world=[-0.10900028  0.1089996   0.47140236] quat=[ 3.8268223e-01  3.5280746e-07 -1.5506998e-06  9.2388004e-01] speed=0.0004 ang_speed=0.0029 ang_vel_vec=[ 0.00274285  0.00044781 -0.00092022] |com_force|=0.0000N
### kotek_magnet[tick=15540] sensor2: d=0.0148m in_range=True f_mag=0.244N tau_mag=0.0001Nm misalign_deg=15.5 pos=[ 0.3700243  -0.05011866  0.36559895] bottom_world=[ 0.38929472 -0.05004944  0.36024676] quat=[ 0.00391697 -0.60511893 -0.00515085  0.7961087 ] speed=0.0002 ang_speed=0.0054 ang_vel_vec=[-0.00521965  0.00093309 -0.00113871] |com_force|=0.4905N
### kotek_magnet[tick=15540] sensor3: d=0.3151m in_range=False f_mag=0.000N tau_mag=0.0000Nm misalign_deg=47.9 pos=[ 0.19606473 -0.17178445  0.47293752] bottom_world=[ 0.20946489 -0.17618953  0.45875899] quat=[-0.08545534 -0.34984684  0.15213084  0.92041343] speed=0.1236 ang_speed=4.8463 ang_vel_vec=[-4.576669   -1.5886855   0.12892497] |com_force|=0.0000N
### kotek_magnet[tick=15540] sensor4: d=0.5249m in_range=False f_mag=0.000N tau_mag=0.0000Nm misalign_deg=90.0 pos=[-0.10900028  0.10899951  0.49140227] bottom_world=[-0.10900026  0.10899957  0.47140227] quat=[ 3.8268229e-01  1.0990614e-07 -1.7887769e-06  9.2387998e-01] speed=0.0004 ang_speed=0.0025 ang_vel_vec=[ 0.00196454  0.00131549 -0.00083722] |com_force|=0.0000N
### kotek_magnet[tick=15600] sensor2: d=0.0148m in_range=True f_mag=0.244N tau_mag=0.0001Nm misalign_deg=15.5 pos=[ 0.3700243  -0.05011868  0.36559892] bottom_world=[ 0.38929473 -0.05004947  0.36024676] quat=[ 0.00391686 -0.6051194  -0.00515073  0.79610854] speed=0.0001 ang_speed=0.0052 ang_vel_vec=[-0.00496851  0.00087661 -0.00115274] |com_force|=0.4905N
### kotek_magnet[tick=15600] sensor3: d=0.2792m in_range=False f_mag=0.000N tau_mag=0.0000Nm misalign_deg=44.0 pos=[ 0.22507882 -0.15001717  0.4660195 ] bottom_world=[ 0.23945435 -0.15401569  0.452702  ] quat=[-0.07690872 -0.3831528   0.14232412  0.909408  ] speed=0.1126 ang_speed=4.5301 ang_vel_vec=[-4.052285  -1.9763333 -0.4416647] |com_force|=0.0000N
### kotek_magnet[tick=15600] sensor4: d=0.5249m in_range=False f_mag=0.000N tau_mag=0.0000Nm misalign_deg=90.0 pos=[-0.10900003  0.10900017  0.49140233] bottom_world=[-0.10900025  0.10900002  0.47140233] quat=[3.8268223e-01 3.6560780e-06 5.5936007e-06 9.2388016e-01] speed=0.0009 ang_speed=0.0025 ang_vel_vec=[ 0.00179858 -0.00149511 -0.00083861] |com_force|=0.0000N
### kotek_magnet[tick=15660] sensor2: d=0.0148m in_range=True f_mag=0.244N tau_mag=0.0001Nm misalign_deg=15.5 pos=[ 0.37002423 -0.05011868  0.36559895] bottom_world=[ 0.38929466 -0.05004946  0.36024675] quat=[ 0.00391692 -0.6051187  -0.00515081  0.7961091 ] speed=0.0001 ang_speed=0.0053 ang_vel_vec=[-0.00509481  0.00089543 -0.00114668] |com_force|=0.4905N
### kotek_magnet[tick=15660] sensor3: d=0.2438m in_range=False f_mag=0.000N tau_mag=0.0000Nm misalign_deg=40.4 pos=[ 0.25025526 -0.12504618  0.45960698] bottom_world=[ 0.26547867 -0.1285924   0.44713012] quat=[-0.06688432 -0.41390345  0.12946983  0.898581  ] speed=0.1323 ang_speed=4.8127 ang_vel_vec=[-3.5997374 -2.236967  -2.2803068] |com_force|=0.0000N
### kotek_magnet[tick=15660] sensor4: d=0.5249m in_range=False f_mag=0.000N tau_mag=0.0000Nm misalign_deg=90.0 pos=[-0.10900013  0.10899846  0.4914023 ] bottom_world=[-0.10900001  0.10899878  0.4714023 ] quat=[ 3.8268301e-01  3.0908328e-07 -8.7056642e-06  9.2387968e-01] speed=0.0010 ang_speed=0.0016 ang_vel_vec=[-0.00064357 -0.00068318  0.001345  ] |com_force|=0.0000N
### kotek_magnet[tick=15720] sensor2: d=0.0148m in_range=True f_mag=0.244N tau_mag=0.0001Nm misalign_deg=15.5 pos=[ 0.3700243  -0.05011871  0.36559892] bottom_world=[ 0.38929473 -0.05004949  0.36024677] quat=[ 0.00391653 -0.60511965 -0.00515053  0.79610825] speed=0.0001 ang_speed=0.0043 ang_vel_vec=[-0.00409287  0.00066828 -0.00120895] |com_force|=0.4905N
### kotek_magnet[tick=15720] sensor3: d=0.2094m in_range=False f_mag=0.000N tau_mag=0.0000Nm misalign_deg=37.1 pos=[ 0.27140328 -0.0975789   0.45371485] bottom_world=[ 0.28735919 -0.10067498  0.44206053] quat=[-0.05413356 -0.44228408  0.11413503  0.88793445] speed=0.1068 ang_speed=4.5069 ang_vel_vec=[-3.8361564 -2.0182056 -1.2339721] |com_force|=0.0000N
### kotek_magnet[tick=15720] sensor4: d=0.5249m in_range=False f_mag=0.000N tau_mag=0.0000Nm misalign_deg=90.0 pos=[-0.10900015  0.10899843  0.49140227] bottom_world=[-0.10900004  0.10899874  0.47140227] quat=[ 3.8268298e-01  4.1724817e-07 -8.3359591e-06  9.2387968e-01] speed=0.0010 ang_speed=0.0015 ang_vel_vec=[-0.00040052 -0.00078329  0.00121002] |com_force|=0.0000N
### kotek_magnet[tick=15780] sensor2: d=0.0148m in_range=True f_mag=0.244N tau_mag=0.0001Nm misalign_deg=15.5 pos=[ 0.37002426 -0.05011887  0.365599  ] bottom_world=[ 0.38929469 -0.05004964  0.36024683] quat=[ 0.00391482 -0.605119   -0.00514977  0.7961088 ] speed=0.0000 ang_speed=0.0012 ang_vel_vec=[-0.00053657  0.0002156  -0.00100304] |com_force|=0.4905N
### kotek_magnet[tick=15780] sensor3: d=0.1760m in_range=False f_mag=0.000N tau_mag=0.0000Nm misalign_deg=33.9 pos=[ 0.28872776 -0.06735636  0.44820574] bottom_world=[ 0.30532725 -0.06994594  0.43735443] quat=[-0.04182411 -0.46848166  0.09613579  0.87723064] speed=0.1045 ang_speed=4.8026 ang_vel_vec=[-4.3861527 -1.6772317 -1.0068898] |com_force|=0.0000N
### kotek_magnet[tick=15780] sensor4: d=0.5249m in_range=False f_mag=0.000N tau_mag=0.0000Nm misalign_deg=90.0 pos=[-0.10900015  0.10899847  0.49140236] bottom_world=[-0.10900005  0.10899877  0.47140236] quat=[ 3.8268325e-01  4.7415131e-07 -8.0450836e-06  9.2387968e-01] speed=0.0010 ang_speed=0.0017 ang_vel_vec=[-0.00030525 -0.00086791  0.00140716] |com_force|=0.0000N
### kotek_magnet[tick=15840] sensor2: d=0.0148m in_range=True f_mag=0.244N tau_mag=0.0001Nm misalign_deg=15.5 pos=[ 0.37002423 -0.05011867  0.36559898] bottom_world=[ 0.38929465 -0.05004945  0.36024677] quat=[ 0.00391704 -0.6051185  -0.00515086  0.7961091 ] speed=0.0002 ang_speed=0.0055 ang_vel_vec=[-0.00533     0.00091365 -0.00113324] |com_force|=0.4905N
### kotek_magnet[tick=15840] sensor3: d=0.1464m in_range=False f_mag=0.000N tau_mag=0.0000Nm misalign_deg=31.0 pos=[ 0.30153206 -0.0367021   0.44342422] bottom_world=[ 0.31867602 -0.03875632  0.43333142] quat=[-0.03179184 -0.49163765  0.077281    0.86678106] speed=0.1138 ang_speed=4.3395 ang_vel_vec=[-1.8883162 -2.335034  -3.132532 ] |com_force|=0.0000N
### kotek_magnet[tick=15840] sensor4: d=0.5249m in_range=False f_mag=0.000N tau_mag=0.0000Nm misalign_deg=90.0 pos=[-0.10900015  0.10899849  0.4914022 ] bottom_world=[-0.10900005  0.10899879  0.47140221] quat=[ 3.8268301e-01  6.9864427e-07 -7.7555396e-06  9.2387974e-01] speed=0.0010 ang_speed=0.0023 ang_vel_vec=[ 0.0001699  -0.00198728  0.00113928] |com_force|=0.0000N
### kotek_magnet[tick=15900] sensor2: d=0.0148m in_range=True f_mag=0.244N tau_mag=0.0001Nm misalign_deg=15.5 pos=[ 0.3700243  -0.05011888  0.36559898] bottom_world=[ 0.38929472 -0.05004965  0.36024681] quat=[ 0.0039148  -0.6051193  -0.00514974  0.7961085 ] speed=0.0000 ang_speed=0.0012 ang_vel_vec=[-0.00052748  0.00022557 -0.00100602] |com_force|=0.4905N
### kotek_magnet[tick=15900] sensor3: d=0.1217m in_range=False f_mag=0.000N tau_mag=0.0000Nm misalign_deg=28.2 pos=[ 0.3103038  -0.00521509  0.43927625] bottom_world=[ 0.32792694 -0.0067642   0.4299475 ] quat=[-0.01857858 -0.51342237  0.05638085  0.8560804 ] speed=0.0984 ang_speed=4.5597 ang_vel_vec=[-4.0489044 -1.6228073 -1.3279533] |com_force|=0.0000N
### kotek_magnet[tick=15900] sensor4: d=0.5249m in_range=False f_mag=0.000N tau_mag=0.0000Nm misalign_deg=90.0 pos=[-0.10900013  0.10899855  0.49140224] bottom_world=[-0.10900005  0.10899884  0.47140224] quat=[ 3.8268310e-01  8.1659755e-07 -7.4203349e-06  9.2387974e-01] speed=0.0009 ang_speed=0.0022 ang_vel_vec=[ 0.00023706 -0.00176958  0.0012459 ] |com_force|=0.0000N
### kotek_magnet[tick=15960] sensor2: d=0.0148m in_range=True f_mag=0.244N tau_mag=0.0001Nm misalign_deg=15.5 pos=[ 0.37002426 -0.05011868  0.36559898] bottom_world=[ 0.38929469 -0.05004946  0.36024679] quat=[ 0.00391689 -0.60511893 -0.00515076  0.79610884] speed=0.0001 ang_speed=0.0052 ang_vel_vec=[-0.00500676  0.00087505 -0.00115096] |com_force|=0.4905N
### kotek_magnet[tick=15960] sensor3: d=0.1053m in_range=False f_mag=0.000N tau_mag=0.0000Nm misalign_deg=25.6 pos=[0.31506744 0.02586909 0.4359295 ] bottom_world=[0.33310336 0.02487477 0.42734366] quat=[-0.00839412 -0.533057    0.03469975  0.8453258 ] speed=0.0934 ang_speed=4.2404 ang_vel_vec=[-3.2411845 -1.7801051 -2.0753086] |com_force|=0.0000N
### kotek_magnet[tick=15960] sensor4: d=0.5249m in_range=False f_mag=0.000N tau_mag=0.0000Nm misalign_deg=90.0 pos=[-0.10900012  0.10899853  0.49140236] bottom_world=[-0.10900003  0.10899882  0.47140236] quat=[ 3.8268307e-01  7.1717972e-07 -7.6926062e-06  9.2387968e-01] speed=0.0010 ang_speed=0.0018 ang_vel_vec=[-0.00027889 -0.00117118  0.0012913 ] |com_force|=0.0000N
### kotek_magnet[tick=16020] sensor2: d=0.0148m in_range=True f_mag=0.244N tau_mag=0.0001Nm misalign_deg=15.5 pos=[ 0.37002432 -0.05011869  0.3655989 ] bottom_world=[ 0.38929476 -0.05004948  0.36024674] quat=[ 0.00391676 -0.6051197  -0.00515056  0.79610825] speed=0.0001 ang_speed=0.0053 ang_vel_vec=[-0.00511975  0.00090308 -0.00114545] |com_force|=0.4905N
### kotek_magnet[tick=16020] sensor3: d=0.1005m in_range=False f_mag=0.000N tau_mag=0.0000Nm misalign_deg=23.9 pos=[0.31616148 0.04644205 0.43420017] bottom_world=[0.33444276 0.04583835 0.42611125] quat=[-0.00178537 -0.54535264  0.01917236  0.8379855 ] speed=0.1035 ang_speed=4.5113 ang_vel_vec=[-3.9048119 -1.4659113 -1.7191708] |com_force|=0.0000N
### kotek_magnet[tick=16020] sensor4: d=0.5249m in_range=False f_mag=0.000N tau_mag=0.0000Nm misalign_deg=90.0 pos=[-0.10900012  0.10899857  0.49140224] bottom_world=[-0.10900004  0.10899885  0.47140224] quat=[ 3.8268307e-01  8.9498468e-07 -7.3304373e-06  9.2387974e-01] speed=0.0009 ang_speed=0.0020 ang_vel_vec=[ 0.00013234 -0.00170094  0.00099914] |com_force|=0.0000N
### kotek_magnet[tick=16080] sensor2: d=0.0148m in_range=True f_mag=0.244N tau_mag=0.0001Nm misalign_deg=15.5 pos=[ 0.3700242  -0.05011883  0.36559907] bottom_world=[ 0.38929461 -0.05004961  0.36024681] quat=[ 0.00391545 -0.6051174  -0.00514987  0.79611   ] speed=0.0000 ang_speed=0.0018 ang_vel_vec=[-0.00133025  0.00044152 -0.00108144] |com_force|=0.4905N
### kotek_magnet[tick=16080] sensor3: d=0.0949m in_range=True f_mag=1.654N tau_mag=0.0019Nm misalign_deg=24.7 pos=[0.31480512 0.04897268 0.4255068 ] bottom_world=[0.33297162 0.04850012 0.41715485] quat=[-0.00748244 -0.53930205  0.01882658  0.8418687 ] speed=0.0997 ang_speed=3.1909 ang_vel_vec=[-2.8345401  -0.84755045 -1.1954718 ] |com_force|=0.3825N
### kotek_magnet[tick=16080] sensor4: d=0.5249m in_range=False f_mag=0.000N tau_mag=0.0000Nm misalign_deg=90.0 pos=[-0.10900015  0.10899853  0.4914023 ] bottom_world=[-0.10900007  0.10899882  0.4714023 ] quat=[ 3.8268295e-01  8.3052635e-07 -7.3887636e-06  9.2387968e-01] speed=0.0009 ang_speed=0.0018 ang_vel_vec=[-1.6567494e-05 -1.4668530e-03  1.1068508e-03] |com_force|=0.0000N
### kotek_magnet[tick=16140] sensor2: d=0.0148m in_range=True f_mag=0.244N tau_mag=0.0001Nm misalign_deg=15.5 pos=[ 0.37002423 -0.05011883  0.365599  ] bottom_world=[ 0.38929465 -0.0500496   0.36024678] quat=[ 0.00391547 -0.60511804 -0.00514987  0.79610956] speed=0.0000 ang_speed=0.0018 ang_vel_vec=[-0.0013131   0.00045824 -0.00107959] |com_force|=0.4905N
### kotek_magnet[tick=16140] sensor3: d=0.0760m in_range=True f_mag=1.505N tau_mag=0.0015Nm misalign_deg=24.3 pos=[0.32622477 0.05063865 0.4100867 ] bottom_world=[0.3444482  0.05017836 0.401859  ] quat=[-0.00700406 -0.5421953   0.01821966  0.84002584] speed=0.1049 ang_speed=3.8780 ang_vel_vec=[-1.8265576 -0.9775518 -3.2782235] |com_force|=0.4183N
### kotek_magnet[tick=16140] sensor4: d=0.5249m in_range=False f_mag=0.000N tau_mag=0.0000Nm misalign_deg=90.0 pos=[-0.10900012  0.10899857  0.49140233] bottom_world=[-0.10900004  0.10899886  0.47140233] quat=[ 3.8268310e-01  7.2374445e-07 -7.5243570e-06  9.2387968e-01] speed=0.0009 ang_speed=0.0014 ang_vel_vec=[-0.00033231 -0.0005897   0.00125749] |com_force|=0.0000N
### kotek_magnet[tick=16200] sensor2: d=0.0148m in_range=True f_mag=0.244N tau_mag=0.0001Nm misalign_deg=15.5 pos=[ 0.3700244  -0.05011897  0.365599  ] bottom_world=[ 0.38929485 -0.05004972  0.36024688] quat=[ 0.00391383 -0.60512    -0.00514958  0.796108  ] speed=0.0000 ang_speed=0.0012 ang_vel_vec=[ 2.7291127e-04  8.1382859e-05 -1.1723288e-03] |com_force|=0.4905N
### kotek_magnet[tick=16200] sensor3: d=0.0540m in_range=True f_mag=1.052N tau_mag=0.0010Nm misalign_deg=23.8 pos=[0.33985177 0.05289925 0.392163  ] bottom_world=[0.35814885 0.05238544 0.38410368] quat=[-0.00295685 -0.546094    0.01726473  0.8375408 ] speed=0.1195 ang_speed=3.7967 ang_vel_vec=[-3.356034  -1.3655522 -1.1346282] |com_force|=0.4010N
### kotek_magnet[tick=16200] sensor4: d=0.5249m in_range=False f_mag=0.000N tau_mag=0.0000Nm misalign_deg=90.0 pos=[-0.10900013  0.1089986   0.4914022 ] bottom_world=[-0.10900004  0.10899889  0.47140221] quat=[ 3.8268316e-01  7.4222316e-07 -7.4851050e-06  9.2387968e-01] speed=0.0009 ang_speed=0.0015 ang_vel_vec=[-0.00030816 -0.0004849   0.00138868] |com_force|=0.0000N
### kotek_magnet[tick=16260] sensor2: d=0.0148m in_range=True f_mag=0.244N tau_mag=0.0001Nm misalign_deg=15.5 pos=[ 0.37002435 -0.05011887  0.36559892] bottom_world=[ 0.38929479 -0.05004964  0.36024678] quat=[ 0.00391482 -0.6051198  -0.00514974  0.7961081 ] speed=0.0000 ang_speed=0.0011 ang_vel_vec=[-0.00052193  0.00023392 -0.00099278] |com_force|=0.4905N
### kotek_magnet[tick=16260] sensor3: d=0.0264m in_range=True f_mag=0.482N tau_mag=0.0004Nm misalign_deg=14.4 pos=[0.3583361  0.05195486 0.36886585] bottom_world=[0.37770511 0.05061919 0.36406407] quat=[ 0.00564696 -0.61523324  0.03799493  0.7874089 ] speed=0.1541 ang_speed=0.2880 ang_vel_vec=[ 0.03895565 -0.18366425 -0.21832371] |com_force|=0.7266N
### kotek_magnet[tick=16260] sensor4: d=0.5249m in_range=False f_mag=0.000N tau_mag=0.0000Nm misalign_deg=90.0 pos=[-0.10900012  0.10899849  0.4914024 ] bottom_world=[-0.10900004  0.10899879  0.47140239] quat=[ 3.8268313e-01  7.9643326e-07 -7.6965243e-06  9.2387968e-01] speed=0.0009 ang_speed=0.0018 ang_vel_vec=[-0.00013521 -0.00105032  0.00150329] |com_force|=0.0000N
### kotek_magnet[tick=16290]: welded sensor 3 at d=0.0147m misalign_deg=14.9 pos=[0.37009382 0.05017226 0.3652849 ] wall_pos=[0.425 0.    0.5  ] local_pos1=[-0.05490618  0.05017226 -0.13471511] quat=[-0.00585159 -0.60980356 -0.0065558   0.79250395]
### kotek_magnet[tick=16320] sensor2: d=0.0148m in_range=True f_mag=0.244N tau_mag=0.0001Nm misalign_deg=15.5 pos=[ 0.3700243  -0.05011866  0.36559895] bottom_world=[ 0.38929472 -0.05004945  0.36024677] quat=[ 0.00391693 -0.605119   -0.00515072  0.7961088 ] speed=0.0002 ang_speed=0.0054 ang_vel_vec=[-0.00523812  0.00093104 -0.00113841] |com_force|=0.4905N
### kotek_magnet[tick=16320] sensor4: d=0.5249m in_range=False f_mag=0.000N tau_mag=0.0000Nm misalign_deg=90.0 pos=[-0.10900033  0.10899956  0.4914022 ] bottom_world=[-0.10900032  0.10899962  0.47140221] quat=[ 3.8268235e-01  2.3385876e-07 -1.6436948e-06  9.2388004e-01] speed=0.0004 ang_speed=0.0023 ang_vel_vec=[ 0.00156811  0.00124678 -0.00102741] |com_force|=0.0000N
### kotek_magnet[tick=16380] sensor2: d=0.0148m in_range=True f_mag=0.244N tau_mag=0.0001Nm misalign_deg=15.5 pos=[ 0.3700243  -0.05011871  0.36559892] bottom_world=[ 0.38929473 -0.05004949  0.36024679] quat=[ 0.00391656 -0.60512    -0.00515059  0.79610795] speed=0.0001 ang_speed=0.0042 ang_vel_vec=[-0.00399592  0.00065159 -0.00121355] |com_force|=0.4905N
### kotek_magnet[tick=16380] sensor4: d=0.5249m in_range=False f_mag=0.000N tau_mag=0.0000Nm misalign_deg=90.0 pos=[-0.10900003  0.1090002   0.49140227] bottom_world=[-0.10900025  0.10900006  0.47140227] quat=[3.8268211e-01 3.6076535e-06 5.1276106e-06 9.2388010e-01] speed=0.0010 ang_speed=0.0016 ang_vel_vec=[ 0.00082529 -0.00100609 -0.00098983] |com_force|=0.0000N
### kotek_magnet[tick=16440] sensor2: d=0.0148m in_range=True f_mag=0.244N tau_mag=0.0001Nm misalign_deg=15.5 pos=[ 0.37002432 -0.05011889  0.36559895] bottom_world=[ 0.38929476 -0.05004966  0.3602468 ] quat=[ 0.00391477 -0.60511965 -0.0051497   0.7961083 ] speed=0.0000 ang_speed=0.0012 ang_vel_vec=[-0.00056038  0.00025841 -0.00101208] |com_force|=0.4905N
### kotek_magnet[tick=16440] sensor4: d=0.5249m in_range=False f_mag=0.000N tau_mag=0.0000Nm misalign_deg=90.0 pos=[-0.10899984  0.10900027  0.4914022 ] bottom_world=[-0.10900015  0.10900012  0.47140221] quat=[3.8268229e-01 5.5568530e-06 6.5435793e-06 9.2387998e-01] speed=0.0013 ang_speed=0.0138 ang_vel_vec=[ 0.00674002 -0.01202376 -0.00023223] |com_force|=0.0000N
### kotek_magnet[tick=16500] sensor2: d=0.0148m in_range=True f_mag=0.244N tau_mag=0.0001Nm misalign_deg=15.5 pos=[ 0.37002426 -0.05011871  0.36559895] bottom_world=[ 0.3892947  -0.05004949  0.36024679] quat=[ 0.00391651 -0.60511947 -0.00515051  0.7961085 ] speed=0.0001 ang_speed=0.0043 ang_vel_vec=[-0.00412338  0.00065749 -0.00120743] |com_force|=0.4905N
### kotek_magnet[tick=16500] sensor4: d=0.5249m in_range=False f_mag=0.000N tau_mag=0.0000Nm misalign_deg=90.0 pos=[-0.109       0.10900025  0.49140227] bottom_world=[-0.10900023  0.10900011  0.47140227] quat=[3.8268203e-01 3.8571184e-06 5.4279103e-06 9.2388010e-01] speed=0.0010 ang_speed=0.0019 ang_vel_vec=[ 0.00107999 -0.00117459 -0.00100371] |com_force|=0.0000N
### kotek_magnet[tick=16560] sensor2: d=0.0148m in_range=True f_mag=0.244N tau_mag=0.0001Nm misalign_deg=15.5 pos=[ 0.37002435 -0.05011888  0.36559892] bottom_world=[ 0.38929479 -0.05004965  0.36024678] quat=[ 0.00391477 -0.6051198  -0.00514967  0.7961081 ] speed=0.0000 ang_speed=0.0012 ang_vel_vec=[-0.00053096  0.00024682 -0.00100698] |com_force|=0.4905N
### kotek_magnet[tick=16560] sensor4: d=0.5249m in_range=False f_mag=0.000N tau_mag=0.0000Nm misalign_deg=90.0 pos=[-0.109       0.10900021  0.49140236] bottom_world=[-0.10900022  0.10900006  0.47140236] quat=[3.8268203e-01 3.5798455e-06 5.5155583e-06 9.2388010e-01] speed=0.0010 ang_speed=0.0019 ang_vel_vec=[ 0.00124212 -0.00095622 -0.00108817] |com_force|=0.0000N
### kotek_magnet[tick=16620] sensor2: d=0.0148m in_range=True f_mag=0.244N tau_mag=0.0001Nm misalign_deg=15.5 pos=[ 0.37002426 -0.05011873  0.36559892] bottom_world=[ 0.3892947  -0.05004951  0.36024677] quat=[ 0.00391659 -0.6051197  -0.0051506   0.79610825] speed=0.0001 ang_speed=0.0043 ang_vel_vec=[-0.0040381   0.00066452 -0.0012109 ] |com_force|=0.4905N
### kotek_magnet[tick=16620] sensor4: d=0.5249m in_range=False f_mag=0.000N tau_mag=0.0000Nm misalign_deg=90.0 pos=[-0.10900002  0.10900021  0.49140233] bottom_world=[-0.10900024  0.10900006  0.47140233] quat=[3.8268211e-01 3.6988213e-06 5.3756839e-06 9.2388010e-01] speed=0.0010 ang_speed=0.0015 ang_vel_vec=[ 0.00093813 -0.00086833 -0.00081441] |com_force|=0.0000N
### kotek_magnet[tick=16680] sensor2: d=0.0148m in_range=True f_mag=0.244N tau_mag=0.0001Nm misalign_deg=15.5 pos=[ 0.37002423 -0.05011884  0.36559895] bottom_world=[ 0.38929466 -0.05004962  0.36024675] quat=[ 0.00391545 -0.6051187  -0.00514987  0.7961091 ] speed=0.0000 ang_speed=0.0018 ang_vel_vec=[-0.00132752  0.00049056 -0.00108987] |com_force|=0.4905N
### kotek_magnet[tick=16680] sensor4: d=0.5249m in_range=False f_mag=0.000N tau_mag=0.0000Nm misalign_deg=90.0 pos=[-0.10900002  0.10900027  0.49140227] bottom_world=[-0.10900025  0.10900013  0.47140227] quat=[3.8268220e-01 3.9023121e-06 5.5556557e-06 9.2388016e-01] speed=0.0010 ang_speed=0.0019 ang_vel_vec=[ 0.00120852 -0.00120587 -0.00074772] |com_force|=0.0000N
### kotek_magnet[tick=16740] sensor2: d=0.0148m in_range=True f_mag=0.244N tau_mag=0.0001Nm misalign_deg=15.5 pos=[ 0.3700243  -0.05011883  0.36559895] bottom_world=[ 0.38929472 -0.05004961  0.36024676] quat=[ 0.00391534 -0.6051189  -0.00514974  0.796109  ] speed=0.0000 ang_speed=0.0017 ang_vel_vec=[-0.00128723  0.00046583 -0.00107401] |com_force|=0.4905N
### kotek_magnet[tick=16740] sensor4: d=0.5249m in_range=False f_mag=0.000N tau_mag=0.0000Nm misalign_deg=90.0 pos=[-0.10900003  0.10900023  0.4914022 ] bottom_world=[-0.10900025  0.10900008  0.47140221] quat=[3.8268220e-01 3.6598094e-06 5.4798720e-06 9.2388016e-01] speed=0.0010 ang_speed=0.0014 ang_vel_vec=[ 0.00096753 -0.00080321 -0.00071004] |com_force|=0.0000N
### kotek_magnet[tick=16800] sensor2: d=0.0148m in_range=True f_mag=0.244N tau_mag=0.0001Nm misalign_deg=15.5 pos=[ 0.3700243  -0.05011868  0.36559895] bottom_world=[ 0.38929472 -0.05004947  0.36024677] quat=[ 0.00391684 -0.6051191  -0.0051507   0.79610866] speed=0.0001 ang_speed=0.0052 ang_vel_vec=[-0.00502906  0.0008766  -0.00115032] |com_force|=0.4905N
### kotek_magnet[tick=16800] sensor4: d=0.5249m in_range=False f_mag=0.000N tau_mag=0.0000Nm misalign_deg=90.0 pos=[-0.1089999   0.10900012  0.49140236] bottom_world=[-0.10900015  0.10899998  0.47140236] quat=[3.8268235e-01 4.5551610e-06 5.6235126e-06 9.2387998e-01] speed=0.0010 ang_speed=0.0036 ang_vel_vec=[ 0.00253504 -0.00246794 -0.00043417] |com_force|=0.0000N
### kotek_magnet[tick=16860] sensor2: d=0.0148m in_range=True f_mag=0.244N tau_mag=0.0001Nm misalign_deg=15.5 pos=[ 0.37002432 -0.05011884  0.36559892] bottom_world=[ 0.38929475 -0.05004962  0.36024673] quat=[ 0.00391529 -0.60511893 -0.00514969  0.7961087 ] speed=0.0000 ang_speed=0.0018 ang_vel_vec=[-0.00129733  0.00048269 -0.00107588] |com_force|=0.4905N
### kotek_magnet[tick=16860] sensor4: d=0.5249m in_range=False f_mag=0.000N tau_mag=0.0000Nm misalign_deg=90.0 pos=[-0.10900001  0.10900027  0.49140224] bottom_world=[-0.10900022  0.10900012  0.47140224] quat=[3.8268223e-01 3.5283160e-06 5.3468757e-06 9.2388004e-01] speed=0.0010 ang_speed=0.0011 ang_vel_vec=[ 0.00071719 -0.00043899 -0.0006757 ] |com_force|=0.0000N
### kotek_magnet[tick=16920] sensor2: d=0.0148m in_range=True f_mag=0.244N tau_mag=0.0001Nm misalign_deg=15.5 pos=[ 0.3700242  -0.05011867  0.365599  ] bottom_world=[ 0.38929462 -0.05004946  0.36024679] quat=[ 0.00391695 -0.6051182  -0.00515077  0.7961094 ] speed=0.0002 ang_speed=0.0055 ang_vel_vec=[-0.00527252  0.00089894 -0.00113657] |com_force|=0.4905N
### kotek_magnet[tick=16920] sensor4: d=0.5249m in_range=False f_mag=0.000N tau_mag=0.0000Nm misalign_deg=90.0 pos=[-0.109       0.10900029  0.4914022 ] bottom_world=[-0.10900022  0.10900014  0.47140221] quat=[3.8268229e-01 3.7728628e-06 5.4332354e-06 9.2387998e-01] speed=0.0011 ang_speed=0.0011 ang_vel_vec=[ 0.00064024 -0.00056783 -0.00067444] |com_force|=0.0000N
### kotek_magnet[tick=16980] sensor2: d=0.0148m in_range=True f_mag=0.244N tau_mag=0.0001Nm misalign_deg=15.5 pos=[ 0.37002426 -0.05011883  0.36559895] bottom_world=[ 0.38929469 -0.05004961  0.36024675] quat=[ 0.00391541 -0.6051187  -0.00514982  0.7961089 ] speed=0.0000 ang_speed=0.0018 ang_vel_vec=[-0.00131501  0.00048952 -0.00108269] |com_force|=0.4905N
### kotek_magnet[tick=16980] sensor4: d=0.5249m in_range=False f_mag=0.000N tau_mag=0.0000Nm misalign_deg=90.0 pos=[-0.10899983  0.10900027  0.49140224] bottom_world=[-0.10900014  0.1090001   0.47140224] quat=[3.8268232e-01 5.6386652e-06 6.8932914e-06 9.2388004e-01] speed=0.0013 ang_speed=0.0137 ang_vel_vec=[ 0.00665595 -0.01192187 -0.00028373] |com_force|=0.0000N
### still playing, 1099s left
### kotek_magnet[tick=17040] sensor2: d=0.0148m in_range=True f_mag=0.244N tau_mag=0.0001Nm misalign_deg=15.5 pos=[ 0.37002438 -0.05011887  0.36559892] bottom_world=[ 0.38929483 -0.05004964  0.36024679] quat=[ 0.00391481 -0.60512006 -0.00514971  0.79610795] speed=0.0000 ang_speed=0.0012 ang_vel_vec=[-0.00056064  0.00024991 -0.00100129] |com_force|=0.4905N
### kotek_magnet[tick=17040] sensor4: d=0.5249m in_range=False f_mag=0.000N tau_mag=0.0000Nm misalign_deg=90.0 pos=[-0.10900006  0.10900024  0.49140233] bottom_world=[-0.10900026  0.1090001   0.47140233] quat=[3.8268214e-01 3.3285780e-06 5.1232805e-06 9.2388016e-01] speed=0.0011 ang_speed=0.0010 ang_vel_vec=[ 0.00063491 -0.00023921 -0.00078832] |com_force|=0.0000N
### kotek_magnet[tick=17100] sensor2: d=0.0148m in_range=True f_mag=0.244N tau_mag=0.0001Nm misalign_deg=15.5 pos=[ 0.37002435 -0.05011888  0.36559892] bottom_world=[ 0.3892948  -0.05004965  0.36024678] quat=[ 0.00391484 -0.6051199  -0.00514975  0.7961082 ] speed=0.0000 ang_speed=0.0012 ang_vel_vec=[-0.0005593   0.00023858 -0.00099601] |com_force|=0.4905N
### kotek_magnet[tick=17100] sensor4: d=0.5249m in_range=False f_mag=0.000N tau_mag=0.0000Nm misalign_deg=90.0 pos=[-0.109       0.10900033  0.4914022 ] bottom_world=[-0.10900022  0.10900019  0.47140221] quat=[3.8268223e-01 3.6021963e-06 5.4769207e-06 9.2388004e-01] speed=0.0011 ang_speed=0.0011 ang_vel_vec=[ 0.00055162 -0.00049361 -0.00084627] |com_force|=0.0000N
### kotek_magnet[tick=17160] sensor2: d=0.0148m in_range=True f_mag=0.244N tau_mag=0.0001Nm misalign_deg=15.5 pos=[ 0.37002426 -0.05011867  0.36559895] bottom_world=[ 0.38929469 -0.05004945  0.36024676] quat=[ 0.00391693 -0.60511893 -0.00515081  0.79610884] speed=0.0001 ang_speed=0.0052 ang_vel_vec=[-0.0049442   0.00086637 -0.00115407] |com_force|=0.4905N
### kotek_magnet[tick=17160] sensor4: d=0.5249m in_range=False f_mag=0.000N tau_mag=0.0000Nm misalign_deg=90.0 pos=[-0.10900006  0.10900027  0.49140224] bottom_world=[-0.10900027  0.10900012  0.47140224] quat=[3.8268214e-01 3.5171756e-06 5.3391891e-06 9.2388016e-01] speed=0.0011 ang_speed=0.0011 ang_vel_vec=[ 0.00021513 -0.00037489 -0.00102268] |com_force|=0.0000N
### kotek_magnet[tick=17220] sensor2: d=0.0148m in_range=True f_mag=0.244N tau_mag=0.0001Nm misalign_deg=15.5 pos=[ 0.37002426 -0.05011884  0.36559895] bottom_world=[ 0.38929469 -0.05004962  0.36024675] quat=[ 0.00391541 -0.6051187  -0.00514983  0.7961089 ] speed=0.0000 ang_speed=0.0018 ang_vel_vec=[-0.00129344  0.00048708 -0.00108186] |com_force|=0.4905N
### kotek_magnet[tick=17220] sensor4: d=0.5249m in_range=False f_mag=0.000N tau_mag=0.0000Nm misalign_deg=90.0 pos=[-0.10900033  0.1089988   0.4914023 ] bottom_world=[-0.10900017  0.10899908  0.4714023 ] quat=[ 3.8268268e-01 -1.0311693e-06 -7.9374367e-06  9.2387980e-01] speed=0.0005 ang_speed=0.0039 ang_vel_vec=[-0.00102587  0.00376187  0.00055111] |com_force|=0.0000N
### kotek_magnet[tick=17280] sensor2: d=0.0148m in_range=True f_mag=0.244N tau_mag=0.0001Nm misalign_deg=15.5 pos=[ 0.37002426 -0.0501187   0.36559892] bottom_world=[ 0.3892947  -0.05004948  0.36024677] quat=[ 0.00391661 -0.6051197  -0.00515068  0.7961083 ] speed=0.0001 ang_speed=0.0042 ang_vel_vec=[-0.00393566  0.00065499 -0.00121582] |com_force|=0.4905N
### kotek_magnet[tick=17280] sensor4: d=0.5249m in_range=False f_mag=0.000N tau_mag=0.0000Nm misalign_deg=90.0 pos=[-0.10900015  0.10899857  0.49140233] bottom_world=[-0.10900007  0.10899884  0.47140233] quat=[ 3.8268310e-01  8.3317622e-07 -7.1793866e-06  9.2387974e-01] speed=0.0008 ang_speed=0.0015 ang_vel_vec=[-6.4235173e-05 -8.6503976e-04  1.2318398e-03] |com_force|=0.0000N
### kotek_magnet[tick=17340] sensor2: d=0.0148m in_range=True f_mag=0.244N tau_mag=0.0001Nm misalign_deg=15.5 pos=[ 0.37002432 -0.05011868  0.3655989 ] bottom_world=[ 0.38929476 -0.05004947  0.36024674] quat=[ 0.00391688 -0.60511965 -0.00515071  0.7961083 ] speed=0.0001 ang_speed=0.0053 ang_vel_vec=[-0.00507617  0.00089139 -0.00114635] |com_force|=0.4905N
### kotek_magnet[tick=17340] sensor4: d=0.5249m in_range=False f_mag=0.000N tau_mag=0.0000Nm misalign_deg=90.0 pos=[-0.10900033  0.10899878  0.4914023 ] bottom_world=[-0.10900018  0.10899905  0.4714023 ] quat=[ 3.8268268e-01 -8.6745007e-07 -7.5520602e-06  9.2387986e-01] speed=0.0005 ang_speed=0.0033 ang_vel_vec=[-0.00070011  0.00326192  0.00027005] |com_force|=0.0000N
### kotek_magnet[tick=17400] sensor2: d=0.0148m in_range=True f_mag=0.244N tau_mag=0.0001Nm misalign_deg=15.5 pos=[ 0.37002432 -0.05011883  0.36559895] bottom_world=[ 0.38929475 -0.05004961  0.36024677] quat=[ 0.00391536 -0.605119   -0.00514978  0.7961089 ] speed=0.0000 ang_speed=0.0017 ang_vel_vec=[-0.00128315  0.00048078 -0.00107531] |com_force|=0.4905N
### kotek_magnet[tick=17400] sensor4: d=0.5249m in_range=False f_mag=0.000N tau_mag=0.0000Nm misalign_deg=90.0 pos=[-0.10900015  0.10899857  0.49140236] bottom_world=[-0.10900006  0.10899886  0.47140236] quat=[ 3.8268313e-01  5.1717120e-07 -7.5798762e-06  9.2387968e-01] speed=0.0009 ang_speed=0.0014 ang_vel_vec=[-6.626466e-05 -7.871024e-04  1.109748e-03] |com_force|=0.0000N
### kotek_magnet[tick=17460] sensor2: d=0.0148m in_range=True f_mag=0.244N tau_mag=0.0001Nm misalign_deg=15.5 pos=[ 0.37002426 -0.05011883  0.365599  ] bottom_world=[ 0.38929468 -0.05004961  0.3602468 ] quat=[ 0.00391538 -0.60511833 -0.00514977  0.7961093 ] speed=0.0000 ang_speed=0.0018 ang_vel_vec=[-0.00135536  0.00047184 -0.00108372] |com_force|=0.4905N
### kotek_magnet[tick=17460] sensor4: d=0.5249m in_range=False f_mag=0.000N tau_mag=0.0000Nm misalign_deg=90.0 pos=[-0.10900018  0.1089986   0.4914022 ] bottom_world=[-0.10900009  0.10899889  0.47140221] quat=[ 3.8268310e-01  7.7740702e-07 -7.3114088e-06  9.2387974e-01] speed=0.0009 ang_speed=0.0016 ang_vel_vec=[ 4.0998209e-05 -1.0427659e-03  1.1492036e-03] |com_force|=0.0000N
### kotek_magnet[tick=17520] sensor2: d=0.0148m in_range=True f_mag=0.244N tau_mag=0.0001Nm misalign_deg=15.5 pos=[ 0.3700243  -0.05011898  0.36559913] bottom_world=[ 0.38929472 -0.05004973  0.36024692] quat=[ 0.00391383 -0.6051185  -0.0051496   0.79610914] speed=0.0000 ang_speed=0.0012 ang_vel_vec=[ 2.9717846e-04  2.7778378e-05 -1.1742781e-03] |com_force|=0.4905N
### kotek_magnet[tick=17520] sensor4: d=0.5249m in_range=False f_mag=0.000N tau_mag=0.0000Nm misalign_deg=90.0 pos=[-0.10900015  0.10899853  0.4914023 ] bottom_world=[-0.10900006  0.10899881  0.4714023 ] quat=[ 3.8268325e-01  6.8065418e-07 -7.4209502e-06  9.2387974e-01] speed=0.0009 ang_speed=0.0016 ang_vel_vec=[-0.00014756 -0.00087797  0.00131064] |com_force|=0.0000N
### kotek_magnet[tick=17580] sensor2: d=0.0148m in_range=True f_mag=0.244N tau_mag=0.0001Nm misalign_deg=15.5 pos=[ 0.3700241  -0.05011867  0.3655991 ] bottom_world=[ 0.38929452 -0.05004945  0.36024684] quat=[ 0.00391705 -0.6051173  -0.00515091  0.79611003] speed=0.0002 ang_speed=0.0055 ang_vel_vec=[-0.00532129  0.00087769 -0.00113352] |com_force|=0.4905N
### kotek_magnet[tick=17580] sensor4: d=0.5249m in_range=False f_mag=0.000N tau_mag=0.0000Nm misalign_deg=90.0 pos=[-0.10900016  0.10899859  0.49140227] bottom_world=[-0.10900007  0.10899888  0.47140227] quat=[ 3.826832e-01  6.766242e-07 -7.499448e-06  9.238797e-01] speed=0.0009 ang_speed=0.0016 ang_vel_vec=[-0.00014258 -0.00064774  0.00140848] |com_force|=0.0000N
### kotek_magnet[tick=17640] sensor2: d=0.0148m in_range=True f_mag=0.244N tau_mag=0.0001Nm misalign_deg=15.5 pos=[ 0.37002423 -0.05011867  0.365599  ] bottom_world=[ 0.38929465 -0.05004945  0.3602468 ] quat=[ 0.00391698 -0.60511833 -0.00515079  0.79610926] speed=0.0002 ang_speed=0.0056 ang_vel_vec=[-0.00535804  0.00092735 -0.00113217] |com_force|=0.4905N
### kotek_magnet[tick=17640] sensor4: d=0.5249m in_range=False f_mag=0.000N tau_mag=0.0000Nm misalign_deg=90.0 pos=[-0.10900035  0.10899882  0.4914023 ] bottom_world=[-0.10900019  0.1089991   0.4714023 ] quat=[ 3.8268277e-01 -9.0530779e-07 -7.8964968e-06  9.2387992e-01] speed=0.0005 ang_speed=0.0031 ang_vel_vec=[-0.00064468  0.00305818  0.0002677 ] |com_force|=0.0000N
### kotek_magnet[tick=17700] sensor2: d=0.0148m in_range=True f_mag=0.244N tau_mag=0.0001Nm misalign_deg=15.5 pos=[ 0.3700243  -0.05011868  0.36559895] bottom_world=[ 0.38929473 -0.05004946  0.36024678] quat=[ 0.00391694 -0.6051192  -0.00515079  0.79610866] speed=0.0001 ang_speed=0.0053 ang_vel_vec=[-0.00507607  0.00089236 -0.00114648] |com_force|=0.4905N
### kotek_magnet[tick=17700] sensor4: d=0.5301m in_range=False f_mag=0.000N tau_mag=0.0000Nm misalign_deg=66.0 pos=[-0.1202577   0.10803454  0.4978394 ] bottom_world=[-0.11211906  0.11887163  0.48313157] quat=[ 0.29608923 -0.11464921 -0.34519577  0.8831911 ] speed=0.2287 ang_speed=5.7179 ang_vel_vec=[ 4.8591356 -2.294979  -1.9536388] |com_force|=0.0000N
### kotek_magnet[tick=17760] sensor2: d=0.0148m in_range=True f_mag=0.244N tau_mag=0.0001Nm misalign_deg=15.5 pos=[ 0.37002432 -0.05011897  0.3655991 ] bottom_world=[ 0.38929475 -0.05004972  0.36024691] quat=[ 0.00391384 -0.6051188  -0.00514955  0.79610896] speed=0.0000 ang_speed=0.0012 ang_vel_vec=[ 2.3171165e-04  3.0832012e-05 -1.1696914e-03] |com_force|=0.4905N
### kotek_magnet[tick=17760] sensor4: d=0.5334m in_range=False f_mag=0.000N tau_mag=0.0000Nm misalign_deg=63.2 pos=[-0.12437782  0.1126479   0.49733126] bottom_world=[-0.11534673  0.12604616  0.48554458] quat=[ 0.26039314 -0.13246924 -0.43334138  0.8525624 ] speed=0.0339 ang_speed=0.5335 ang_vel_vec=[ 0.30287755 -0.04860051 -0.43653995] |com_force|=0.0000N
### kotek_magnet[tick=17820] sensor2: d=0.0148m in_range=True f_mag=0.244N tau_mag=0.0001Nm misalign_deg=15.5 pos=[ 0.37002435 -0.05011888  0.36559892] bottom_world=[ 0.38929479 -0.05004965  0.36024678] quat=[ 0.00391477 -0.6051198  -0.00514975  0.7961082 ] speed=0.0000 ang_speed=0.0011 ang_vel_vec=[-0.00048572  0.0002297  -0.00098997] |com_force|=0.4905N
### kotek_magnet[tick=17820] sensor4: d=0.5338m in_range=False f_mag=0.000N tau_mag=0.0000Nm misalign_deg=63.4 pos=[-0.1246314   0.11292867  0.49745315] bottom_world=[-0.11567978  0.12647891  0.48578014] quat=[ 0.25332415 -0.13271075 -0.43653455  0.8530254 ] speed=0.0795 ang_speed=4.6551 ang_vel_vec=[ 2.7841094 -1.450912  -3.4370854] |com_force|=0.0000N
### kotek_magnet[tick=17880] sensor2: d=0.0148m in_range=True f_mag=0.244N tau_mag=0.0001Nm misalign_deg=15.5 pos=[ 0.3700243  -0.05011871  0.36559892] bottom_world=[ 0.38929473 -0.05004949  0.36024677] quat=[ 0.00391652 -0.6051197  -0.00515054  0.7961082 ] speed=0.0001 ang_speed=0.0043 ang_vel_vec=[-0.00408576  0.00066498 -0.00120936] |com_force|=0.4905N
### kotek_magnet[tick=17880] sensor4: d=0.5338m in_range=False f_mag=0.000N tau_mag=0.0000Nm misalign_deg=63.9 pos=[-0.12454894  0.11319909  0.49729687] bottom_world=[-0.11576349  0.12666683  0.48540418] quat=[ 0.25302896 -0.12904143 -0.43131328  0.8563257 ] speed=0.0714 ang_speed=5.2774 ang_vel_vec=[ 2.2517745 -1.6262857 -4.4872346] |com_force|=0.0000N
### kotek_magnet[tick=17940] sensor2: d=0.0148m in_range=True f_mag=0.244N tau_mag=0.0001Nm misalign_deg=15.5 pos=[ 0.37002432 -0.05011889  0.36559895] bottom_world=[ 0.38929476 -0.05004966  0.3602468 ] quat=[ 0.0039148  -0.60511976 -0.00514961  0.79610825] speed=0.0000 ang_speed=0.0012 ang_vel_vec=[-0.00059813  0.00025768 -0.0010138 ] |com_force|=0.4905N
### kotek_magnet[tick=17940] sensor4: d=0.5379m in_range=False f_mag=0.000N tau_mag=0.0000Nm misalign_deg=64.4 pos=[-0.12616865  0.11177921  0.5065288 ] bottom_world=[-0.1175212   0.12540085  0.49471049] quat=[ 0.24078713 -0.13030942 -0.43308422  0.858766  ] speed=0.1776 ang_speed=6.8861 ang_vel_vec=[ 0.50410956  3.8284495  -5.7014804 ] |com_force|=0.0000N
### kotek_magnet[tick=18000] sensor2: d=0.0148m in_range=True f_mag=0.244N tau_mag=0.0001Nm misalign_deg=15.5 pos=[ 0.3700243  -0.05011868  0.36559895] bottom_world=[ 0.38929473 -0.05004946  0.36024678] quat=[ 0.00391694 -0.6051192  -0.00515081  0.7961087 ] speed=0.0001 ang_speed=0.0052 ang_vel_vec=[-0.00498688  0.00088051 -0.00115161] |com_force|=0.4905N
### kotek_magnet[tick=18000] sensor4: d=0.5439m in_range=False f_mag=0.000N tau_mag=0.0000Nm misalign_deg=64.3 pos=[-0.12608421  0.11258204  0.52781135] bottom_world=[-0.11742268  0.12622763  0.51603104] quat=[ 0.24138802 -0.13020937 -0.4342093   0.8580441 ] speed=0.1898 ang_speed=7.6101 ang_vel_vec=[ 0.03175942  4.10431    -6.4083166 ] |com_force|=0.0000N
### kotek_magnet[tick=18060] sensor2: d=0.0148m in_range=True f_mag=0.244N tau_mag=0.0001Nm misalign_deg=15.5 pos=[ 0.37002423 -0.05011883  0.36559898] bottom_world=[ 0.38929466 -0.05004961  0.36024677] quat=[ 0.00391536 -0.6051185  -0.00514976  0.79610926] speed=0.0000 ang_speed=0.0018 ang_vel_vec=[-0.00132937  0.00047908 -0.00108325] |com_force|=0.4905N
### kotek_magnet[tick=18060] sensor4: d=0.5518m in_range=False f_mag=0.000N tau_mag=0.0000Nm misalign_deg=64.4 pos=[-0.12615994  0.1134931   0.5516748 ] bottom_world=[-0.1175185   0.12724632  0.5400054 ] quat=[ 0.23835655 -0.13040741 -0.43733206  0.85727525] speed=0.2372 ang_speed=10.6915 ang_vel_vec=[-0.98820156  4.3123603  -9.733218  ] |com_force|=0.0000N
### kotek_magnet[tick=18120] sensor2: d=0.0148m in_range=True f_mag=0.244N tau_mag=0.0001Nm misalign_deg=15.5 pos=[ 0.3700243  -0.05011888  0.36559898] bottom_world=[ 0.38929472 -0.05004965  0.36024681] quat=[ 0.00391485 -0.6051192  -0.00514974  0.79610854] speed=0.0000 ang_speed=0.0012 ang_vel_vec=[-0.00062795  0.0002386  -0.00101372] |com_force|=0.4905N
### kotek_magnet[tick=18120] sensor4: d=0.5609m in_range=False f_mag=0.000N tau_mag=0.0000Nm misalign_deg=64.3 pos=[-0.12600794  0.11450425  0.57715964] bottom_world=[-0.11733403  0.12829107  0.56555418] quat=[ 0.2389538  -0.13073641 -0.43905747  0.8561761 ] speed=0.2292 ang_speed=5.1570 ang_vel_vec=[ 3.6661296  1.7355348 -3.184641 ] |com_force|=0.0000N
### kotek_magnet[tick=18180] sensor2: d=0.0148m in_range=True f_mag=0.244N tau_mag=0.0001Nm misalign_deg=15.5 pos=[ 0.37002426 -0.05011883  0.36559898] bottom_world=[ 0.38929468 -0.05004961  0.36024677] quat=[ 0.0039154  -0.60511833 -0.00514983  0.79610926] speed=0.0000 ang_speed=0.0017 ang_vel_vec=[-0.00129699  0.00046795 -0.001077  ] |com_force|=0.4905N
### kotek_magnet[tick=18180] sensor4: d=0.5650m in_range=False f_mag=0.000N tau_mag=0.0000Nm misalign_deg=64.5 pos=[-0.12654398  0.11423651  0.5863203 ] bottom_world=[-0.11794627  0.12800476  0.57463633] quat=[ 0.23345573 -0.13160399 -0.43655652  0.8588349 ] speed=0.1777 ang_speed=8.2337 ang_vel_vec=[ 1.0682358  6.073012  -5.456261 ] |com_force|=0.0000N
### kotek_magnet[tick=18240] sensor2: d=0.0148m in_range=True f_mag=0.244N tau_mag=0.0001Nm misalign_deg=15.5 pos=[ 0.37002426 -0.05011867  0.36559898] bottom_world=[ 0.38929469 -0.05004946  0.36024679] quat=[ 0.00391687 -0.60511893 -0.00515072  0.79610884] speed=0.0001 ang_speed=0.0052 ang_vel_vec=[-0.00496269  0.00086868 -0.00115351] |com_force|=0.4905N
### kotek_magnet[tick=18240] sensor4: d=0.5632m in_range=False f_mag=0.000N tau_mag=0.0000Nm misalign_deg=62.0 pos=[-0.12653519  0.1204073   0.5843393 ] bottom_world=[-0.11714461  0.13343468  0.57241856] quat=[ 0.2595279  -0.14554775 -0.4252022   0.854789  ] speed=0.1886 ang_speed=8.4437 ang_vel_vec=[ 1.5067219  5.935883  -5.813067 ] |com_force|=0.0000N
### kotek_magnet[tick=18300] sensor2: d=0.0148m in_range=True f_mag=0.244N tau_mag=0.0001Nm misalign_deg=15.5 pos=[ 0.37002423 -0.05011865  0.36559898] bottom_world=[ 0.38929466 -0.05004944  0.36024679] quat=[ 0.00391702 -0.6051188  -0.00515082  0.796109  ] speed=0.0002 ang_speed=0.0054 ang_vel_vec=[-0.0052345   0.00091847 -0.00113829] |com_force|=0.4905N
### kotek_magnet[tick=18300] sensor4: d=0.5586m in_range=False f_mag=0.000N tau_mag=0.0000Nm misalign_deg=56.0 pos=[-0.12484884  0.13627647  0.58186483] bottom_world=[-0.11366451  0.14733416  0.56951015] quat=[ 0.32749817 -0.17762114 -0.3994792   0.8376229 ] speed=0.1776 ang_speed=7.8468 ang_vel_vec=[ 2.20384    4.9188457 -5.7026854] |com_force|=0.0000N
### kotek_magnet[tick=18360] sensor2: d=0.0148m in_range=True f_mag=0.244N tau_mag=0.0001Nm misalign_deg=15.5 pos=[ 0.37002426 -0.05011884  0.36559898] bottom_world=[ 0.38929468 -0.05004962  0.36024677] quat=[ 0.00391529 -0.6051184  -0.00514969  0.79610914] speed=0.0000 ang_speed=0.0018 ang_vel_vec=[-0.00131784  0.00048095 -0.00108212] |com_force|=0.4905N
### kotek_magnet[tick=18360] sensor4: d=0.5530m in_range=False f_mag=0.000N tau_mag=0.0000Nm misalign_deg=50.7 pos=[-0.12149462  0.15270899  0.5791191 ] bottom_world=[-0.10882307  0.16139027  0.56631021] quat=[ 0.39719483 -0.20925462 -0.36876887  0.81391543] speed=0.1651 ang_speed=8.3107 ang_vel_vec=[ 2.7853692  5.7852826 -5.2764196] |com_force|=0.0000N
### kotek_magnet[tick=18420] sensor2: d=0.0148m in_range=True f_mag=0.244N tau_mag=0.0001Nm misalign_deg=15.5 pos=[ 0.37002423 -0.05011867  0.365599  ] bottom_world=[ 0.38929465 -0.05004946  0.3602468 ] quat=[ 0.003917   -0.60511833 -0.00515083  0.7961092 ] speed=0.0002 ang_speed=0.0055 ang_vel_vec=[-0.00533095  0.00092399 -0.00113295] |com_force|=0.4905N
### kotek_magnet[tick=18420] sensor4: d=0.5468m in_range=False f_mag=0.000N tau_mag=0.0000Nm misalign_deg=46.9 pos=[-0.11669693  0.1683697   0.5762716 ] bottom_world=[-0.10302784  0.17449813  0.56302024] quat=[ 0.4632366  -0.23744659 -0.3351646   0.7852998 ] speed=0.1579 ang_speed=7.8386 ang_vel_vec=[ 3.4922178  4.74997   -5.165885 ] |com_force|=0.0000N
### kotek_magnet[tick=18480] sensor2: d=0.0148m in_range=True f_mag=0.244N tau_mag=0.0001Nm misalign_deg=15.5 pos=[ 0.37002426 -0.05011887  0.365599  ] bottom_world=[ 0.38929469 -0.05004964  0.36024682] quat=[ 0.00391479 -0.60511893 -0.00514973  0.7961087 ] speed=0.0000 ang_speed=0.0012 ang_vel_vec=[-0.0005463   0.00021896 -0.0010054 ] |com_force|=0.4905N
### kotek_magnet[tick=18480] sensor4: d=0.5399m in_range=False f_mag=0.000N tau_mag=0.0000Nm misalign_deg=44.8 pos=[-0.11042189  0.183546    0.57320327] bottom_world=[-0.0962276   0.18696858  0.55953549] quat=[ 0.52647835 -0.2632445  -0.29834196  0.7513421 ] speed=0.1641 ang_speed=8.2888 ang_vel_vec=[ 4.1705685  4.1172156 -5.8617344] |com_force|=0.0000N
### kotek_magnet[tick=18540] sensor2: d=0.0148m in_range=True f_mag=0.244N tau_mag=0.0001Nm misalign_deg=15.5 pos=[ 0.3700245  -0.05011886  0.3655989 ] bottom_world=[ 0.38929496 -0.05004964  0.36024681] quat=[ 0.00391513 -0.6051211  -0.00514962  0.79610723] speed=0.0000 ang_speed=0.0018 ang_vel_vec=[-0.00130738  0.00019322 -0.00119766] |com_force|=0.4905N
### kotek_magnet[tick=18540] sensor4: d=0.5325m in_range=False f_mag=0.000N tau_mag=0.0000Nm misalign_deg=44.9 pos=[-0.10282488  0.19808169  0.57000154] bottom_world=[-0.08866631  0.19875811  0.55589207] quat=[ 0.5878565  -0.28395122 -0.2581372   0.7121529 ] speed=0.1472 ang_speed=5.9312 ang_vel_vec=[ 1.7112422 -0.4107357 -5.664114 ] |com_force|=0.0000N
### kotek_magnet[tick=18600] sensor2: d=0.0148m in_range=True f_mag=0.244N tau_mag=0.0001Nm misalign_deg=15.5 pos=[ 0.37002456 -0.05011904  0.36559892] bottom_world=[ 0.38929503 -0.05004977  0.36024686] quat=[ 0.00391313 -0.6051216  -0.00514954  0.7961069 ] speed=0.0001 ang_speed=0.0015 ang_vel_vec=[ 0.00093647  0.00018042 -0.0011225 ] |com_force|=0.4905N
### kotek_magnet[tick=18600] sensor4: d=0.5243m in_range=False f_mag=0.000N tau_mag=0.0000Nm misalign_deg=46.8 pos=[-0.09375747  0.2119114   0.56645864] bottom_world=[-0.08006024  0.20984132  0.55203294] quat=[ 0.6432427  -0.30465728 -0.21573451  0.6684919 ] speed=0.1406 ang_speed=5.3365 ang_vel_vec=[ 0.63930553 -2.0366561  -4.8909345 ] |com_force|=0.0000N
### still playing, 1069s left
### kotek_magnet[tick=18660] sensor2: d=0.0148m in_range=True f_mag=0.244N tau_mag=0.0001Nm misalign_deg=15.5 pos=[ 0.37002456 -0.05011903  0.36559892] bottom_world=[ 0.38929502 -0.05004977  0.36024684] quat=[ 0.00391312 -0.60512114 -0.00514959  0.7961071 ] speed=0.0001 ang_speed=0.0015 ang_vel_vec=[ 0.00093573  0.0001727  -0.0011227 ] |com_force|=0.4905N
### kotek_magnet[tick=18660] sensor4: d=0.5156m in_range=False f_mag=0.000N tau_mag=0.0000Nm misalign_deg=50.6 pos=[-0.0835119   0.22472318  0.5627931 ] bottom_world=[-0.0708063   0.22002373  0.54807971] quat=[ 0.69586486 -0.3208997  -0.17084858  0.6193597 ] speed=0.1425 ang_speed=5.3088 ang_vel_vec=[ 0.16169465 -2.1783442  -4.8385706 ] |com_force|=0.0000N
### kotek_magnet[tick=18720] sensor2: d=0.0148m in_range=True f_mag=0.244N tau_mag=0.0001Nm misalign_deg=15.5 pos=[ 0.37002456 -0.05011904  0.36559892] bottom_world=[ 0.38929502 -0.05004978  0.36024684] quat=[ 0.00391309 -0.60512114 -0.00514949  0.7961071 ] speed=0.0001 ang_speed=0.0015 ang_vel_vec=[ 0.00092404  0.00016896 -0.00112336] |com_force|=0.4905N
### kotek_magnet[tick=18720] sensor4: d=0.5063m in_range=False f_mag=0.000N tau_mag=0.0000Nm misalign_deg=55.8 pos=[-0.07213286  0.23658386  0.5589165 ] bottom_world=[-0.06089322  0.22947028  0.54398107] quat=[ 0.7435846  -0.33353797 -0.12396123  0.56609905] speed=0.1756 ang_speed=7.4714 ang_vel_vec=[-0.10794422 -2.651932   -6.9841137 ] |com_force|=0.0000N
### kotek_magnet[tick=18780] sensor2: d=0.0148m in_range=True f_mag=0.244N tau_mag=0.0001Nm misalign_deg=15.5 pos=[ 0.37002456 -0.05011904  0.36559892] bottom_world=[ 0.38929502 -0.05004977  0.36024684] quat=[ 0.00391307 -0.60512114 -0.00514941  0.7961071 ] speed=0.0001 ang_speed=0.0015 ang_vel_vec=[ 0.00090659  0.00017023 -0.00111995] |com_force|=0.4905N
### kotek_magnet[tick=18780] sensor4: d=0.4968m in_range=False f_mag=0.000N tau_mag=0.0000Nm misalign_deg=62.1 pos=[-0.05993241  0.24714799  0.55488926] bottom_world=[-0.05057191  0.23793798  0.53980428] quat=[ 0.78603905 -0.34218723 -0.07604799  0.5091828 ] speed=0.1733 ang_speed=7.3735 ang_vel_vec=[-0.6474674 -2.5237525 -6.897846 ] |com_force|=0.0000N
### kotek_magnet[tick=18840] sensor2: d=0.0148m in_range=True f_mag=0.244N tau_mag=0.0001Nm misalign_deg=15.5 pos=[ 0.37002456 -0.05011904  0.36559892] bottom_world=[ 0.38929502 -0.05004977  0.36024684] quat=[ 0.00391308 -0.60512114 -0.00514941  0.7961071 ] speed=0.0001 ang_speed=0.0014 ang_vel_vec=[ 0.00089567  0.00016927 -0.00111987] |com_force|=0.4905N
### kotek_magnet[tick=18840] sensor4: d=0.4868m in_range=False f_mag=0.000N tau_mag=0.0000Nm misalign_deg=69.1 pos=[-0.04686375  0.25684673  0.5506922 ] bottom_world=[-0.03971657  0.24603209  0.53546192] quat=[ 0.8234583  -0.34410757 -0.02885944  0.4501929 ] speed=0.1652 ang_speed=6.4123 ang_vel_vec=[-0.2373274 -2.2336555 -6.0060425] |com_force|=0.0000N
### kotek_magnet[tick=18900] sensor2: d=0.0148m in_range=True f_mag=0.244N tau_mag=0.0001Nm misalign_deg=15.5 pos=[ 0.37002456 -0.05011904  0.36559892] bottom_world=[ 0.38929502 -0.05004977  0.36024684] quat=[ 0.00391308 -0.60512114 -0.0051495   0.7961071 ] speed=0.0001 ang_speed=0.0015 ang_vel_vec=[ 0.0009346   0.00017226 -0.00112325] |com_force|=0.4905N
### kotek_magnet[tick=18900] sensor4: d=0.4764m in_range=False f_mag=0.000N tau_mag=0.0000Nm misalign_deg=76.7 pos=[-0.03295705  0.2652257   0.546279  ] bottom_world=[-0.02837299  0.25308674  0.53105956] quat=[ 0.855453   -0.34503457  0.0215599   0.3855989 ] speed=0.1683 ang_speed=6.5333 ang_vel_vec=[-0.39258778 -2.1435547  -6.1591434 ] |com_force|=0.0000N
### kotek_magnet[tick=18960] sensor2: d=0.0148m in_range=True f_mag=0.244N tau_mag=0.0001Nm misalign_deg=15.5 pos=[ 0.37002456 -0.05011904  0.36559892] bottom_world=[ 0.38929502 -0.05004977  0.36024684] quat=[ 0.00391307 -0.60512114 -0.00514942  0.7961071 ] speed=0.0001 ang_speed=0.0015 ang_vel_vec=[ 0.00090658  0.00017023 -0.00111994] |com_force|=0.4905N
### kotek_magnet[tick=18960] sensor4: d=0.4657m in_range=False f_mag=0.000N tau_mag=0.0000Nm misalign_deg=84.7 pos=[-0.01867152  0.27222064  0.5417619 ] bottom_world=[-0.01681465  0.25926834  0.52663607] quat=[ 0.8809373  -0.34172827  0.07125146  0.31952226] speed=0.1638 ang_speed=6.2967 ang_vel_vec=[-0.61583686 -1.8182492  -5.9968967 ] |com_force|=0.0000N
### kotek_magnet[tick=19020] sensor2: d=0.0148m in_range=True f_mag=0.244N tau_mag=0.0001Nm misalign_deg=15.5 pos=[ 0.37002456 -0.05011904  0.36559892] bottom_world=[ 0.38929502 -0.05004977  0.36024684] quat=[ 0.0039131  -0.60512114 -0.00514955  0.7961071 ] speed=0.0001 ang_speed=0.0015 ang_vel_vec=[ 0.00093583  0.00017297 -0.00112286] |com_force|=0.4905N
### kotek_magnet[tick=19020] sensor4: d=0.4545m in_range=False f_mag=0.000N tau_mag=0.0000Nm misalign_deg=92.9 pos=[-0.00370886  0.2780888   0.53703696] bottom_world=[-0.00472645  0.26483694  0.52209198] quat=[ 0.9004252  -0.3341594   0.12129731  0.25071666] speed=0.1645 ang_speed=6.8006 ang_vel_vec=[-0.8995404 -1.5994883 -6.5483494] |com_force|=0.0000N
### kotek_magnet[tick=19080] sensor2: d=0.0148m in_range=True f_mag=0.244N tau_mag=0.0001Nm misalign_deg=15.5 pos=[ 0.37002456 -0.05011903  0.36559892] bottom_world=[ 0.38929502 -0.05004977  0.36024684] quat=[ 0.00391312 -0.60512114 -0.00514959  0.7961071 ] speed=0.0001 ang_speed=0.0015 ang_vel_vec=[ 0.00093573  0.0001727  -0.0011227 ] |com_force|=0.4905N
### kotek_magnet[tick=19080] sensor4: d=0.4433m in_range=False f_mag=0.000N tau_mag=0.0000Nm misalign_deg=101.2 pos=[0.01126928 0.28264105 0.5322856 ] bottom_world=[0.00739802 0.26962524 0.51760218] quat=[ 0.91333014 -0.32250044  0.17002532  0.18141934] speed=0.1625 ang_speed=6.6997 ang_vel_vec=[-1.0580755 -1.504075  -6.442367 ] |com_force|=0.0000N
### kotek_magnet[tick=19140] sensor2: d=0.0148m in_range=True f_mag=0.244N tau_mag=0.0001Nm misalign_deg=15.5 pos=[ 0.37002456 -0.05011904  0.36559892] bottom_world=[ 0.38929502 -0.05004977  0.36024684] quat=[ 0.00391308 -0.60512114 -0.00514941  0.7961071 ] speed=0.0001 ang_speed=0.0015 ang_vel_vec=[ 0.00090678  0.00017017 -0.00112006] |com_force|=0.4905N
### kotek_magnet[tick=19140] sensor4: d=0.4317m in_range=False f_mag=0.000N tau_mag=0.0000Nm misalign_deg=109.4 pos=[0.02658502 0.2860848  0.5273577 ] bottom_world=[0.01995436 0.27380218 0.51303388] quat=[ 0.91945785 -0.30725995  0.21793577  0.11266161] speed=0.1372 ang_speed=4.5395 ang_vel_vec=[ 0.05503142 -3.0432522  -3.3678346 ] |com_force|=0.0000N
### kotek_magnet[tick=19200] sensor2: d=0.0148m in_range=True f_mag=0.244N tau_mag=0.0001Nm misalign_deg=15.5 pos=[ 0.37002456 -0.05011904  0.36559892] bottom_world=[ 0.38929502 -0.05004977  0.36024684] quat=[ 0.00391308 -0.60512114 -0.00514954  0.7961071 ] speed=0.0001 ang_speed=0.0015 ang_vel_vec=[ 0.000936    0.00017242 -0.00112296] |com_force|=0.4905N
### kotek_magnet[tick=19200] sensor4: d=0.4196m in_range=False f_mag=0.000N tau_mag=0.0000Nm misalign_deg=117.4 pos=[0.04215237 0.28840923 0.5223543 ] bottom_world=[0.03295269 0.277412   0.50841061] quat=[ 0.92018795 -0.28648078  0.26331806  0.04296994] speed=0.1492 ang_speed=4.7816 ang_vel_vec=[-2.9609509   0.18345036 -3.7499814 ] |com_force|=0.0000N
### kotek_magnet[tick=19260] sensor2: d=0.0148m in_range=True f_mag=0.244N tau_mag=0.0001Nm misalign_deg=15.5 pos=[ 0.37002456 -0.05011905  0.36559892] bottom_world=[ 0.38929502 -0.05004978  0.36024684] quat=[ 0.00391306 -0.60512114 -0.00514951  0.7961071 ] speed=0.0001 ang_speed=0.0015 ang_vel_vec=[ 0.00095696  0.00017402 -0.00112388] |com_force|=0.4905N
### kotek_magnet[tick=19260] sensor4: d=0.4072m in_range=False f_mag=0.000N tau_mag=0.0000Nm misalign_deg=125.3 pos=[0.05776973 0.2895651  0.5173272 ] bottom_world=[0.04621746 0.28031926 0.50387134] quat=[ 0.9141282  -0.2621841   0.30799872 -0.02767626] speed=0.1942 ang_speed=6.8036 ang_vel_vec=[-4.356882   0.9435883 -5.139641 ] |com_force|=0.0000N
### kotek_magnet[tick=19320] sensor2: d=0.0148m in_range=True f_mag=0.244N tau_mag=0.0001Nm misalign_deg=15.5 pos=[ 0.37002456 -0.05011903  0.36559892] bottom_world=[ 0.38929502 -0.05004977  0.36024684] quat=[ 0.00391316 -0.60512114 -0.00514956  0.7961071 ] speed=0.0001 ang_speed=0.0015 ang_vel_vec=[ 0.00093271  0.00017234 -0.00112101] |com_force|=0.4905N
### kotek_magnet[tick=19320] sensor4: d=0.3942m in_range=False f_mag=0.000N tau_mag=0.0000Nm misalign_deg=132.4 pos=[0.07354056 0.28970927 0.51213986] bottom_world=[0.060064   0.28263811 0.49916369] quat=[ 0.9027953  -0.23313719  0.34819943 -0.09677242] speed=0.1940 ang_speed=6.6546 ang_vel_vec=[-3.4885545  0.5818284 -5.6369834] |com_force|=0.0000N
### kotek_magnet[tick=19380] sensor2: d=0.0148m in_range=True f_mag=0.244N tau_mag=0.0001Nm misalign_deg=15.5 pos=[ 0.37002456 -0.05011904  0.36559892] bottom_world=[ 0.38929502 -0.05004977  0.36024684] quat=[ 0.00391309 -0.60512114 -0.00514942  0.7961071 ] speed=0.0001 ang_speed=0.0014 ang_vel_vec=[ 0.00089942  0.00016902 -0.00111996] |com_force|=0.4905N
### kotek_magnet[tick=19380] sensor4: d=0.3810m in_range=False f_mag=0.000N tau_mag=0.0000Nm misalign_deg=138.8 pos=[0.08909748 0.2886551  0.5070445 ] bottom_world=[0.0740427  0.28410258 0.49469021] quat=[ 0.8839735  -0.20147242  0.38801008 -0.16567434] speed=0.2051 ang_speed=6.3532 ang_vel_vec=[-3.7589843  0.9076643 -5.040798 ] |com_force|=0.0000N
### kotek_magnet[tick=19440] sensor2: d=0.0148m in_range=True f_mag=0.244N tau_mag=0.0001Nm misalign_deg=15.5 pos=[ 0.37002456 -0.05011904  0.36559892] bottom_world=[ 0.38929502 -0.05004977  0.36024684] quat=[ 0.00391311 -0.60512114 -0.00514956  0.7961071 ] speed=0.0001 ang_speed=0.0015 ang_vel_vec=[ 0.00095477  0.00017457 -0.00112147] |com_force|=0.4905N
### kotek_magnet[tick=19440] sensor4: d=0.3676m in_range=False f_mag=0.000N tau_mag=0.0000Nm misalign_deg=143.7 pos=[0.10422158 0.2866804  0.50201404] bottom_world=[0.08810025 0.28484376 0.49032091] quat=[ 0.85969865 -0.16719663  0.42393047 -0.23075189] speed=0.2060 ang_speed=6.8083 ang_vel_vec=[-3.8526459  1.5322754 -5.400142 ] |com_force|=0.0000N
### kotek_magnet[tick=19500] sensor2: d=0.0148m in_range=True f_mag=0.244N tau_mag=0.0001Nm misalign_deg=15.5 pos=[ 0.37002456 -0.05011904  0.36559892] bottom_world=[ 0.38929502 -0.05004977  0.36024684] quat=[ 0.00391311 -0.60512114 -0.00514956  0.7961071 ] speed=0.0001 ang_speed=0.0015 ang_vel_vec=[ 0.00095477  0.00017457 -0.00112147] |com_force|=0.4905N
### kotek_magnet[tick=19500] sensor4: d=0.3537m in_range=False f_mag=0.000N tau_mag=0.0000Nm misalign_deg=146.5 pos=[0.11933976 0.28373528 0.49695048] bottom_world=[0.10265818 0.2848256  0.4859716 ] quat=[ 0.829384   -0.12926787  0.4569659  -0.29426873] speed=0.2041 ang_speed=6.2492 ang_vel_vec=[-3.5650544  2.0844278 -4.6902065] |com_force|=0.0000N
### kotek_magnet[tick=19560] sensor2: d=0.0148m in_range=True f_mag=0.244N tau_mag=0.0001Nm misalign_deg=15.5 pos=[ 0.37002456 -0.05011904  0.36559892] bottom_world=[ 0.38929502 -0.05004977  0.36024684] quat=[ 0.00391306 -0.60512114 -0.00514945  0.7961071 ] speed=0.0001 ang_speed=0.0014 ang_vel_vec=[ 0.00089132  0.00016847 -0.00112143] |com_force|=0.4905N
### kotek_magnet[tick=19560] sensor4: d=0.3391m in_range=False f_mag=0.000N tau_mag=0.0000Nm misalign_deg=146.6 pos=[0.13436346 0.27987084 0.49190354] bottom_world=[0.11766644 0.2839609  0.48168195] quat=[ 0.7936615  -0.08842313  0.486458   -0.3544593 ] speed=0.2093 ang_speed=6.1264 ang_vel_vec=[-3.2225785  2.6033223 -4.5134106] |com_force|=0.0000N
### kotek_magnet[tick=19620] sensor2: d=0.0148m in_range=True f_mag=0.244N tau_mag=0.0001Nm misalign_deg=15.5 pos=[ 0.37002456 -0.05011905  0.36559892] bottom_world=[ 0.38929502 -0.05004978  0.36024684] quat=[ 0.00391312 -0.60512114 -0.00514953  0.7961071 ] speed=0.0001 ang_speed=0.0015 ang_vel_vec=[ 0.00094391  0.00017337 -0.00112136] |com_force|=0.4905N
### kotek_magnet[tick=19620] sensor4: d=0.3241m in_range=False f_mag=0.000N tau_mag=0.0000Nm misalign_deg=143.9 pos=[0.14919676 0.27518097 0.48692572] bottom_world=[0.13304096 0.28226241 0.47750005] quat=[ 0.752723   -0.04459374  0.5122204  -0.41115656] speed=0.2027 ang_speed=6.0877 ang_vel_vec=[-2.8980532  3.230814  -4.2688932] |com_force|=0.0000N
### kotek_magnet[tick=19680] sensor2: d=0.0148m in_range=True f_mag=0.244N tau_mag=0.0001Nm misalign_deg=15.5 pos=[ 0.37002456 -0.05011904  0.36559892] bottom_world=[ 0.38929502 -0.05004977  0.36024684] quat=[ 0.00391306 -0.60512114 -0.00514945  0.7961071 ] speed=0.0001 ang_speed=0.0014 ang_vel_vec=[ 0.00089132  0.00016847 -0.00112144] |com_force|=0.4905N
### kotek_magnet[tick=19680] sensor4: d=0.3088m in_range=False f_mag=0.000N tau_mag=0.0000Nm misalign_deg=139.1 pos=[0.16353083 0.2697645  0.48211557] bottom_world=[0.14842098 0.2796382  0.47350147] quat=[ 7.0835775e-01  3.8789900e-04  5.3352356e-01 -4.6214917e-01] speed=0.2141 ang_speed=6.6361 ang_vel_vec=[-2.5959697  4.034692  -4.5847917] |com_force|=0.0000N
### kotek_magnet[tick=19740] sensor2: d=0.0148m in_range=True f_mag=0.244N tau_mag=0.0001Nm misalign_deg=15.5 pos=[ 0.37002456 -0.05011904  0.36559892] bottom_world=[ 0.38929502 -0.05004977  0.36024684] quat=[ 0.00391308 -0.60512114 -0.00514941  0.7961071 ] speed=0.0001 ang_speed=0.0014 ang_vel_vec=[ 0.00089563  0.00016934 -0.00111985] |com_force|=0.4905N
### kotek_magnet[tick=19740] sensor4: d=0.2927m in_range=False f_mag=0.000N tau_mag=0.0000Nm misalign_deg=132.6 pos=[0.17801847 0.2634536  0.4774166 ] bottom_world=[0.16447817 0.27596489 0.46966237] quat=[ 0.65891886  0.04842222  0.55118    -0.50959   ] speed=0.2168 ang_speed=6.7209 ang_vel_vec=[-2.1714427  4.562269  -4.4318914] |com_force|=0.0000N
### kotek_magnet[tick=19800] sensor2: d=0.0148m in_range=True f_mag=0.244N tau_mag=0.0001Nm misalign_deg=15.5 pos=[ 0.37002456 -0.05011904  0.36559892] bottom_world=[ 0.38929502 -0.05004977  0.36024684] quat=[ 0.0039131  -0.60512114 -0.00514955  0.7961071 ] speed=0.0001 ang_speed=0.0015 ang_vel_vec=[ 0.0009531   0.00017428 -0.00112155] |com_force|=0.4905N
### kotek_magnet[tick=19800] sensor4: d=0.2761m in_range=False f_mag=0.000N tau_mag=0.0000Nm misalign_deg=125.2 pos=[0.19224118 0.25633243 0.47285303] bottom_world=[0.18071772 0.2711677  0.46598829] quat=[ 0.6058609   0.09785157  0.56462944 -0.55186164] speed=0.2104 ang_speed=6.2082 ang_vel_vec=[-1.3404638  4.77033   -3.7401319] |com_force|=0.0000N
### kotek_magnet[tick=19860] sensor2: d=0.0148m in_range=True f_mag=0.244N tau_mag=0.0001Nm misalign_deg=15.5 pos=[ 0.37002456 -0.05011904  0.36559892] bottom_world=[ 0.38929502 -0.05004977  0.36024684] quat=[ 0.0039131  -0.60512114 -0.00514955  0.7961071 ] speed=0.0001 ang_speed=0.0015 ang_vel_vec=[ 0.00095309  0.00017445 -0.00112154] |com_force|=0.4905N
### kotek_magnet[tick=19860] sensor4: d=0.2590m in_range=False f_mag=0.000N tau_mag=0.0000Nm misalign_deg=117.2 pos=[0.20622094 0.24837692 0.46847948] bottom_world=[0.19707678 0.26514038 0.46253215] quat=[ 0.55026156  0.1482366   0.5738837  -0.588129  ] speed=0.2227 ang_speed=6.7999 ang_vel_vec=[-0.76847064  5.250078   -4.252616  ] |com_force|=0.0000N
### kotek_magnet[tick=19920] sensor2: d=0.0148m in_range=True f_mag=0.244N tau_mag=0.0001Nm misalign_deg=15.5 pos=[ 0.37002456 -0.05011904  0.36559892] bottom_world=[ 0.38929502 -0.05004977  0.36024684] quat=[ 0.00391308 -0.60512114 -0.00514941  0.7961071 ] speed=0.0001 ang_speed=0.0014 ang_vel_vec=[ 0.00089567  0.00016926 -0.00111986] |com_force|=0.4905N
### kotek_magnet[tick=19920] sensor4: d=0.2415m in_range=False f_mag=0.000N tau_mag=0.0000Nm misalign_deg=108.7 pos=[0.22010301 0.23954514 0.46435848] bottom_world=[0.21367654 0.25781451 0.45936545] quat=[ 0.4914711   0.20006612  0.57891953 -0.6190976 ] speed=0.2176 ang_speed=6.1795 ang_vel_vec=[ 0.39540517  5.20784    -3.3027124 ] |com_force|=0.0000N
### kotek_magnet[tick=19980] sensor2: d=0.0148m in_range=True f_mag=0.244N tau_mag=0.0001Nm misalign_deg=15.5 pos=[ 0.37002456 -0.05011904  0.36559892] bottom_world=[ 0.38929502 -0.05004977  0.36024684] quat=[ 0.00391308 -0.60512114 -0.0051495   0.7961071 ] speed=0.0001 ang_speed=0.0015 ang_vel_vec=[ 0.00093461  0.00017225 -0.00112323] |com_force|=0.4905N
### kotek_magnet[tick=19980] sensor4: d=0.2234m in_range=False f_mag=0.000N tau_mag=0.0000Nm misalign_deg=100.2 pos=[0.23374628 0.22968113 0.46031848] bottom_world=[0.23022161 0.24895688 0.45631568] quat=[ 0.43152112  0.25207108  0.57999164 -0.643319  ] speed=0.2607 ang_speed=8.7898 ang_vel_vec=[ 1.1509578  6.545209  -5.752865 ] |com_force|=0.0000N
### kotek_magnet[tick=20040] sensor2: d=0.0148m in_range=True f_mag=0.244N tau_mag=0.0001Nm misalign_deg=15.5 pos=[ 0.37002456 -0.05011904  0.36559892] bottom_world=[ 0.38929502 -0.05004977  0.36024684] quat=[ 0.00391308 -0.60512114 -0.00514941  0.7961071 ] speed=0.0001 ang_speed=0.0014 ang_vel_vec=[ 0.00089735  0.00016942 -0.00111981] |com_force|=0.4905N
### kotek_magnet[tick=20040] sensor4: d=0.2055m in_range=False f_mag=0.000N tau_mag=0.0000Nm misalign_deg=91.3 pos=[0.24694923 0.21920194 0.45676905] bottom_world=[0.24649714 0.23897076 0.45377081] quat=[ 0.36931786  0.30444032  0.5765069  -0.6622389 ] speed=0.2209 ang_speed=6.4458 ang_vel_vec=[ 2.0360765  5.4633117 -2.7485437] |com_force|=0.0000N
### kotek_magnet[tick=20100] sensor2: d=0.0148m in_range=True f_mag=0.244N tau_mag=0.0001Nm misalign_deg=15.5 pos=[ 0.37002456 -0.05011904  0.36559892] bottom_world=[ 0.38929502 -0.05004977  0.36024684] quat=[ 0.00391305 -0.60512114 -0.00514945  0.7961071 ] speed=0.0001 ang_speed=0.0014 ang_vel_vec=[ 0.00089868  0.00016962 -0.00112153] |com_force|=0.4905N
### kotek_magnet[tick=20100] sensor4: d=0.1877m in_range=False f_mag=0.000N tau_mag=0.0000Nm misalign_deg=82.5 pos=[0.25976825 0.20774287 0.4534376 ] bottom_world=[0.26237061 0.2274757  0.45147718] quat=[ 0.30732694  0.35604835  0.56940246 -0.67421114] speed=0.2224 ang_speed=6.4145 ang_vel_vec=[ 2.9082088  5.166267  -2.4489896] |com_force|=0.0000N
### kotek_magnet[tick=20160] sensor2: d=0.0148m in_range=True f_mag=0.244N tau_mag=0.0001Nm misalign_deg=15.5 pos=[ 0.37002456 -0.05011904  0.36559892] bottom_world=[ 0.38929502 -0.05004977  0.36024684] quat=[ 0.0039131  -0.60512114 -0.00514954  0.7961071 ] speed=0.0001 ang_speed=0.0015 ang_vel_vec=[ 0.0009362   0.00017228 -0.00112312] |com_force|=0.4905N
### kotek_magnet[tick=20160] sensor4: d=0.1702m in_range=False f_mag=0.000N tau_mag=0.0000Nm misalign_deg=73.7 pos=[0.27225664 0.19527678 0.4503459 ] bottom_world=[0.27786679 0.2144535  0.44946285] quat=[ 0.24473749  0.40737593  0.5585415  -0.6798381 ] speed=0.2195 ang_speed=6.3806 ang_vel_vec=[ 3.6721504  4.7452955 -2.170065 ] |com_force|=0.0000N
### kotek_magnet[tick=20220] sensor2: d=0.0148m in_range=True f_mag=0.244N tau_mag=0.0001Nm misalign_deg=15.5 pos=[ 0.37002456 -0.05011904  0.36559892] bottom_world=[ 0.38929502 -0.05004978  0.36024684] quat=[ 0.00391311 -0.60512114 -0.00514953  0.7961071 ] speed=0.0001 ang_speed=0.0015 ang_vel_vec=[ 0.0009548   0.00017454 -0.00112152] |com_force|=0.4905N
### kotek_magnet[tick=20220] sensor4: d=0.1534m in_range=False f_mag=0.000N tau_mag=0.0000Nm misalign_deg=64.9 pos=[0.28434768 0.18180004 0.44758242] bottom_world=[0.29283307 0.19990919 0.44782055] quat=[ 0.18197009  0.45826793  0.54400706 -0.678921  ] speed=0.2187 ang_speed=6.3835 ang_vel_vec=[ 4.4279184  4.1930246 -1.8869402] |com_force|=0.0000N
### still playing, 1039s left
### kotek_magnet[tick=20280] sensor2: d=0.0148m in_range=True f_mag=0.244N tau_mag=0.0001Nm misalign_deg=15.5 pos=[ 0.37002456 -0.05011904  0.36559892] bottom_world=[ 0.38929502 -0.05004977  0.36024684] quat=[ 0.00391305 -0.60512114 -0.00514944  0.7961071 ] speed=0.0001 ang_speed=0.0014 ang_vel_vec=[ 0.00089869  0.00016962 -0.00112153] |com_force|=0.4905N
### kotek_magnet[tick=20280] sensor4: d=0.1386m in_range=False f_mag=0.000N tau_mag=0.0000Nm misalign_deg=56.5 pos=[0.29562086 0.16764344 0.445271  ] bottom_world=[0.30666904 0.18425972 0.44662636] quat=[ 0.12173986  0.50657326  0.52656245 -0.6717849 ] speed=0.2199 ang_speed=6.3578 ang_vel_vec=[ 5.049013   3.5384877 -1.5518886] |com_force|=0.0000N
### kotek_magnet[tick=20340] sensor2: d=0.0148m in_range=True f_mag=0.244N tau_mag=0.0001Nm misalign_deg=15.5 pos=[ 0.37002456 -0.05011904  0.36559892] bottom_world=[ 0.38929502 -0.05004978  0.36024684] quat=[ 0.00391308 -0.60512114 -0.00514949  0.7961071 ] speed=0.0001 ang_speed=0.0015 ang_vel_vec=[ 0.00095332  0.00017427 -0.00112172] |com_force|=0.4905N
### kotek_magnet[tick=20340] sensor4: d=0.1274m in_range=False f_mag=0.000N tau_mag=0.0000Nm misalign_deg=49.1 pos=[0.3052035  0.15416366 0.4435253 ] bottom_world=[0.31829005 0.1690998  0.44590314] quat=[ 0.06886975  0.5486193   0.5083921  -0.6601602 ] speed=0.2241 ang_speed=6.4366 ang_vel_vec=[ 5.617246   2.9073088 -1.1933272] |com_force|=0.0000N
### kotek_magnet[tick=20400] sensor2: d=0.0148m in_range=True f_mag=0.244N tau_mag=0.0001Nm misalign_deg=15.5 pos=[ 0.37002456 -0.05011903  0.36559892] bottom_world=[ 0.38929502 -0.05004977  0.36024684] quat=[ 0.00391316 -0.60512114 -0.00514956  0.7961071 ] speed=0.0001 ang_speed=0.0015 ang_vel_vec=[ 0.00093269  0.00017235 -0.00112102] |com_force|=0.4905N
### kotek_magnet[tick=20400] sensor4: d=0.1257m in_range=False f_mag=0.000N tau_mag=0.0000Nm misalign_deg=48.6 pos=[0.30276775 0.15566537 0.4388483 ] bottom_world=[0.31599278 0.17048232 0.44120555] quat=[ 0.06426581  0.5494691   0.50696665 -0.6610133 ] speed=0.2102 ang_speed=6.5837 ang_vel_vec=[ 5.5982113  3.208252  -1.3085533] |com_force|=0.0000N
### kotek_magnet[tick=20460] sensor2: d=0.0148m in_range=True f_mag=0.244N tau_mag=0.0001Nm misalign_deg=15.5 pos=[ 0.37002456 -0.05011904  0.36559892] bottom_world=[ 0.38929502 -0.05004977  0.36024684] quat=[ 0.00391311 -0.60512114 -0.00514956  0.7961071 ] speed=0.0001 ang_speed=0.0015 ang_vel_vec=[ 0.00095477  0.00017457 -0.00112147] |com_force|=0.4905N
### kotek_magnet[tick=20460] sensor4: d=0.1123m in_range=False f_mag=0.000N tau_mag=0.0000Nm misalign_deg=48.4 pos=[0.31057596 0.15811858 0.42682883] bottom_world=[0.32385828 0.17287374 0.42925065] quat=[ 0.06278476  0.55135673  0.5065088  -0.6599339 ] speed=0.1824 ang_speed=6.3243 ang_vel_vec=[ 5.54933    2.8513255 -1.035229 ] |com_force|=0.0000N
### kotek_magnet[tick=20520] sensor2: d=0.0148m in_range=True f_mag=0.244N tau_mag=0.0001Nm misalign_deg=15.5 pos=[ 0.37002456 -0.05011904  0.36559892] bottom_world=[ 0.38929502 -0.05004978  0.36024684] quat=[ 0.0039131  -0.60512114 -0.00514948  0.7961071 ] speed=0.0001 ang_speed=0.0015 ang_vel_vec=[ 0.0009224   0.00016918 -0.00112346] |com_force|=0.4905N
### kotek_magnet[tick=20520] sensor4: d=0.0877m in_range=True f_mag=1.263N tau_mag=0.0017Nm misalign_deg=47.8 pos=[0.32450303 0.16129911 0.40376315] bottom_world=[0.33794162 0.17590579 0.40622271] quat=[ 0.05859309  0.5541478   0.50439    -0.65960443] speed=0.1744 ang_speed=5.2752 ang_vel_vec=[ 5.261117    0.38359058 -0.03035355] |com_force|=0.1737N
### kotek_magnet[tick=20580] sensor2: d=0.0148m in_range=True f_mag=0.244N tau_mag=0.0001Nm misalign_deg=15.5 pos=[ 0.37002456 -0.05011904  0.36559892] bottom_world=[ 0.38929502 -0.05004977  0.36024684] quat=[ 0.00391311 -0.60512114 -0.00514954  0.7961071 ] speed=0.0001 ang_speed=0.0015 ang_vel_vec=[ 0.00093619  0.00017226 -0.00112311] |com_force|=0.4905N
### kotek_magnet[tick=20580] sensor4: d=0.0764m in_range=True f_mag=1.513N tau_mag=0.0015Nm misalign_deg=47.3 pos=[0.33227363 0.16540383 0.3922662 ] bottom_world=[0.34582931 0.17989765 0.39475078] quat=[ 0.05477945  0.555702    0.5032985  -0.6594583 ] speed=0.1778 ang_speed=2.6865 ang_vel_vec=[ 1.3658525 -0.8982838 -2.131844 ] |com_force|=0.3649N
### kotek_magnet[tick=20640] sensor2: d=0.0148m in_range=True f_mag=0.244N tau_mag=0.0001Nm misalign_deg=15.5 pos=[ 0.37002456 -0.05011904  0.36559892] bottom_world=[ 0.38929502 -0.05004977  0.36024684] quat=[ 0.0039131  -0.60512114 -0.00514955  0.7961071 ] speed=0.0001 ang_speed=0.0015 ang_vel_vec=[ 0.00093616  0.00017228 -0.00112308] |com_force|=0.4905N
### kotek_magnet[tick=20640] sensor4: d=0.0343m in_range=True f_mag=0.645N tau_mag=0.0005Nm misalign_deg=43.2 pos=[0.35547492 0.15027443 0.3789533 ] bottom_world=[0.37005688 0.14554313 0.3661088 ] quat=[-0.10693689  0.41489726 -0.08214378 -0.8998207 ] speed=0.1681 ang_speed=2.9621 ang_vel_vec=[-0.1599586 -0.6800279 -2.8784971] |com_force|=0.8133N
### kotek_magnet[tick=20700] sensor2: d=0.0148m in_range=True f_mag=0.244N tau_mag=0.0001Nm misalign_deg=15.5 pos=[ 0.37002456 -0.05011904  0.36559892] bottom_world=[ 0.38929502 -0.05004978  0.36024684] quat=[ 0.00391308 -0.60512114 -0.00514948  0.7961071 ] speed=0.0001 ang_speed=0.0015 ang_vel_vec=[ 0.00092021  0.00016898 -0.00112414] |com_force|=0.4905N
### kotek_magnet[tick=20700] sensor4: d=0.0144m in_range=True f_mag=0.236N tau_mag=0.0001Nm misalign_deg=15.1 pos=[0.37017766 0.14702135 0.36465493] bottom_world=[0.38948612 0.1490645  0.35985819] quat=[-0.1291074   0.5941482   0.16452827 -0.77669144] speed=0.0072 ang_speed=0.1845 ang_vel_vec=[ 0.14313203 -0.05499193 -0.10265779] |com_force|=0.4854N
### kotek_magnet[tick=20734]: welded sensor 4 at d=0.0148m misalign_deg=15.0 pos=[0.36996394 0.1477296  0.36500782] wall_pos=[0.425 0.    0.5  ] local_pos1=[-0.05503606  0.14772961 -0.13499218] quat=[-0.13868745  0.5933051   0.16143607 -0.7763333 ]
### kotek_magnet[tick=20760] sensor2: d=0.0148m in_range=True f_mag=0.244N tau_mag=0.0001Nm misalign_deg=15.5 pos=[ 0.37002456 -0.05011904  0.36559892] bottom_world=[ 0.38929502 -0.05004977  0.36024684] quat=[ 0.00391306 -0.60512114 -0.00514945  0.7961071 ] speed=0.0001 ang_speed=0.0014 ang_vel_vec=[ 0.00089131  0.00016858 -0.00112143] |com_force|=0.4905N
### kotek_magnet[tick=20820] sensor2: d=0.0148m in_range=True f_mag=0.244N tau_mag=0.0001Nm misalign_deg=15.5 pos=[ 0.37002456 -0.05011904  0.36559892] bottom_world=[ 0.38929502 -0.05004977  0.36024684] quat=[ 0.0039131  -0.60512114 -0.00514954  0.7961071 ] speed=0.0001 ang_speed=0.0015 ang_vel_vec=[ 0.00095457  0.00017485 -0.00112137] |com_force|=0.4905N
### kotek_magnet[tick=20880] sensor2: d=0.0148m in_range=True f_mag=0.244N tau_mag=0.0001Nm misalign_deg=15.5 pos=[ 0.37002456 -0.05011903  0.36559892] bottom_world=[ 0.38929502 -0.05004977  0.36024684] quat=[ 0.00391312 -0.60512114 -0.00514959  0.7961071 ] speed=0.0001 ang_speed=0.0015 ang_vel_vec=[ 0.00093572  0.0001727  -0.00112269] |com_force|=0.4905N
### kotek_magnet[tick=20940] sensor2: d=0.0148m in_range=True f_mag=0.244N tau_mag=0.0001Nm misalign_deg=15.5 pos=[ 0.37002456 -0.05011905  0.36559892] bottom_world=[ 0.38929502 -0.05004978  0.36024684] quat=[ 0.00391311 -0.60512114 -0.00514953  0.7961071 ] speed=0.0001 ang_speed=0.0015 ang_vel_vec=[ 0.00094394  0.0001732  -0.00112138] |com_force|=0.4905N
### kotek_magnet[tick=21000] sensor2: d=0.0148m in_range=True f_mag=0.244N tau_mag=0.0001Nm misalign_deg=15.5 pos=[ 0.37002456 -0.05011905  0.36559892] bottom_world=[ 0.38929502 -0.05004978  0.36024684] quat=[ 0.00391311 -0.60512114 -0.00514953  0.7961071 ] speed=0.0001 ang_speed=0.0015 ang_vel_vec=[ 0.00094394  0.00017337 -0.00112137] |com_force|=0.4905N
