WARNING: All log messages before absl::InitializeLog() is called are written to STDERR
E0000 00:00:1789292664.426101   36760 descriptor_database.cc:633] File already exists in database: grpc/health/v1/health.proto
W0000 00:00:1789292664.426121   36760 message.cc:301] Protobuf GeneratedMessageFactory: File is already registered: grpc/health/v1/health.proto
2026-09-13T09:44:24Z [Info] [carb] Logging to file: /home/trs/env_isaaclab/lib/python3.12/site-packages/isaacsim/kit/logs/Kit/Isaac-Sim Python/6.0/kit_20260913_184424.log
[0.043s] [ext: omni.assets.plugins-0.0.0] startup
[0.043s] [ext: omni.blobkey-1.1.2] startup
[0.044s] [ext: omni.kit.async_engine-0.0.3] startup
[0.101s] [ext: omni.client.lib-1.1.1] startup
[0.108s] [ext: omni.client-1.3.0] startup
[0.110s] [ext: omni.protobuf.lib-1.0.0] startup
[0.111s] [ext: omni.grpc.lib-1.0.0] startup
[0.114s] [ext: omni.metrics.core-0.0.3] startup
[0.114s] [ext: omni.datastore-0.0.0] startup
[0.115s] [ext: omni.gpu_foundation.shadercache.vulkan-1.0.0] startup
[0.117s] [ext: omni.hsscclient-1.1.4] startup
[0.117s] [ext: omni.stats-1.0.1] startup
[0.118s] [ext: omni.ujitso.default-1.0.0] startup
[0.120s] [ext: omni.gpu_foundation-0.0.0] startup
[0.284s] [ext: carb.windowing.plugins-1.0.1] startup
[0.284s] [ext: omni.kit.renderer.init-1.0.1] startup

|---------------------------------------------------------------------------------------------|
| Driver Version: 595.84        | Graphics API: Vulkan
|=============================================================================================|
| GPU | Name                             | Active | LDA | GPU Memory | Vendor-ID | LUID       |
|     |                                  |        |     |            | Device-ID | UUID       |
|     |                                  |        |     |            | Bus-ID    |            |
|---------------------------------------------------------------------------------------------|
| 0   | NVIDIA RTX A6000                 | Yes: 0 |     | 49140   MB | 10de      | 0          |
|     |                                  |        |     |            | 2230      | 1d7cbbed.. |
|     |                                  |        |     |            | 1         |            |
|=============================================================================================|
| OS: 24.04.4 LTS (Noble Numbat) ubuntu, Version: 24.04.4, Kernel: 7.0.0-31-generic
| XServer Vendor: The X.Org Foundation, XServer Version: 12101011 (1.21.1.11)
| Processor: Intel(R) Core(TM) i9-14900KF
| Cores: 24 | Logical Cores: 32
|---------------------------------------------------------------------------------------------|
| Total Memory (MB): 64135 | Free Memory: 57723
| Total Page/Swap (MB): 8191 | Free Page/Swap: 8191
|---------------------------------------------------------------------------------------------|
2026-09-13T09:44:25Z [795ms] [Warning] [omni.rtx] CPU performance profile is set to powersave. This profile sets the CPU to the lowest frequency reducing performance.
2026-09-13T09:44:25Z [805ms] [Warning] [omni.rtx] IOMMU is enabled.
[0.897s] [ext: omni.kit.pipapi-0.0.0] startup
[0.898s] [ext: omni.kit.telemetry-0.5.2] startup
[0.919s] [ext: omni.kit.loop-isaac-1.6.0] startup
[0.920s] [ext: omni.kit.test-2.0.7] startup
[0.955s] [ext: omni.materialx.libs-1.0.9] startup
[0.960s] [ext: omni.gpucompute.plugins-0.0.0] startup
[0.960s] [ext: omni.usd.config-1.0.7] startup
[0.962s] [ext: omni.usd.libs-1.0.3] startup
[1.019s] [ext: omni.iray.libs-0.0.1] startup
[1.022s] [ext: omni.mdl-57.0.3] startup
[1.057s] [ext: omni.mdl.neuraylib-0.2.20] startup
[1.058s] [ext: omni.kit.usd.mdl-1.1.9] startup
[1.124s] [ext: omni.appwindow-1.2.2] startup
[1.125s] [ext: omni.kit.renderer.core-1.2.2] startup
[1.160s] [ext: omni.kit.renderer.capture-2.0.1] startup
[1.162s] [ext: omni.kit.renderer.imgui-2.0.6] startup
[1.196s] [ext: omni.ui-3.1.3] startup
[1.202s] [ext: omni.kit.mainwindow-1.0.3] startup
[1.203s] [ext: carb.audio-0.1.0] startup
[1.205s] [ext: omni.uiaudio-1.0.0] startup
[1.205s] [ext: omni.kit.uiapp-0.0.0] startup
[1.205s] [ext: omni.usd.schema.metrics.assembler-110.1.0] startup
[1.207s] [ext: omni.usd.schema.audio-0.0.1] startup
[1.209s] [ext: omni.usd_resolver-1.0.0] startup
[1.211s] [ext: omni.usd.core-1.8.3] startup
[1.213s] [ext: omni.metropolis.schema-0.0.3] startup
[1.213s] [ext: isaacsim.anim.robot.schema-0.1.1] startup
[1.214s] [ext: omni.usd.schema.anim-0.0.1] startup
[1.225s] [ext: omni.usd.schema.geospatial-0.0.1] startup
[1.227s] [ext: omni.usd.schema.omnigraph-1.0.1] startup
[1.230s] [ext: omni.usd.schema.semantics-0.0.0] startup
[1.231s] [ext: omni.activity.core-1.0.3] startup
[1.232s] [ext: omni.cubric-0.1.0] startup
[1.232s] [ext: omni.graph.exec-0.9.6] startup
[1.232s] [ext: omni.hydra.scene_delegate-0.3.5] startup
[1.235s] [ext: usdrt.scenegraph-7.6.3] startup
[1.250s] [ext: omni.hydra.usdrt_delegate-7.5.2] startup
[1.253s] [ext: omni.inspect-1.0.2] startup
[1.254s] [ext: omni.kit.actions.core-1.0.0] startup
[1.255s] [ext: omni.kit.audiodeviceenum-1.0.2] startup
[1.256s] [ext: omni.kit.commands-1.5.0] startup
[1.258s] [ext: omni.kit.exec.core-0.13.5] startup
[1.259s] [ext: omni.kit.usd_undo-0.1.8] startup
[1.259s] [ext: omni.kit.window.popup_dialog-2.0.25] startup
[1.261s] [ext: omni.kit.widget.nucleus_connector-2.3.1] startup
[1.263s] [ext: omni.timeline-1.1.0] startup
[1.264s] [ext: omni.usd-1.15.2] startup
[1.289s] [ext: omni.graph.core-3.1.2] startup
[1.291s] [ext: omni.kit.notification_manager-1.0.11] startup
[1.292s] [ext: isaacsim.core.deprecation_manager-0.4.2] startup
[1.292s] [ext: isaacsim.replicator.agent.schema-0.1.1] startup
[1.293s] [ext: isaacsim.robot.schema-6.3.6] startup
[1.296s] [ext: isaacsim.robot_motion.schema-0.2.0] startup
[1.296s] [ext: omni.anim.behavior.schema-110.1.0] startup
[1.299s] [ext: omni.anim.graph.schema-110.1.1] startup
[1.302s] [ext: omni.anim.navigation.schema-110.1.0] startup
[1.304s] [ext: omni.behavior.tree.schema-110.1.0] startup
[1.304s] [ext: omni.kit.asset_converter-5.1.4] startup
[1.311s] [ext: omni.usd.schema.flow-110.0.0] startup
[1.312s] [ext: omni.usd.schema.mujoco-1.1.0] startup
[1.312s] [ext: omni.usd.schema.newton-1.2.0] startup
[1.312s] [ext: omni.usd.schema.omni_lens_distortion-1.0.0] startup
[1.312s] [ext: omni.usd.schema.omni_projectors-1.0.0] startup
[1.313s] [ext: omni.usd.schema.omni_sensors-0.0.0] startup
[1.317s] [ext: omni.usd.schema.omniscripting-1.0.1] startup
[1.320s] [ext: omni.usd.schema.physical_lighting-0.1.0] startup
[1.321s] [ext: omni.usd.schema.physx-110.1.11] startup
[1.339s] [ext: omni.usd.schema.render_settings.rtx-1.0.2] startup
[1.341s] [ext: omni.usd.schema.usd_particle_field-1.0.0] startup
[1.341s] [ext: isaacsim.core.version-2.1.0] startup
[1.342s] [ext: omni.kit.menu.core-1.2.0] startup
[1.342s] [ext: omni.kit.menu.utils-2.2.3] startup
[1.346s] [ext: isaacsim.app.about-2.3.0] startup
[1.349s] [ext: isaacsim.asset.transformer-1.2.3] startup
[1.351s] [ext: omni.scene.optimizer.core-110.1.0] startup
[1.390s] [ext: isaacsim.asset.importer.utils-1.8.0] startup
[1.391s] [ext: omni.convexdecomposition-110.1.11] startup
[1.392s] [ext: omni.physics-110.1.11] startup
[1.394s] [ext: omni.physx.gpu-110.1.11] startup
[1.394s] [ext: omni.physx.foundation-110.1.11] startup
[1.395s] [ext: omni.usdphysics-110.1.11] startup
[1.396s] [ext: omni.physx.cooking-110.1.11] startup
[1.398s] [ext: omni.physx-110.1.11] startup
[1.404s] [ext: omni.physics.physx-110.1.11] startup
[1.405s] [ext: isaacsim.asset.exporter.urdf-2.0.3] startup
[1.410s] [ext: omni.kit.clipboard-1.1.1] startup
[1.411s] [ext: omni.kit.usd.layers-2.6.1] startup
[1.415s] [ext: omni.kit.widget.context_menu-1.4.0] startup
[1.416s] [ext: omni.kit.context_menu-1.9.0] startup
[1.417s] [ext: omni.kit.helper.file_utils-0.1.10] startup
[1.418s] [ext: omni.kit.widget.nucleus_info-2.0.2] startup
[1.418s] [ext: omni.kit.search_core-1.0.8] startup
[1.418s] [ext: omni.kit.widget.path_field-2.0.13] startup
[1.419s] [ext: omni.kit.widget.browser_bar-2.0.10] startup
[1.419s] [ext: omni.kit.widget.filebrowser-2.13.4] startup
[1.422s] [ext: omni.kit.widget.options_menu-1.1.6] startup
[1.423s] [ext: omni.kit.widget.options_button-1.0.3] startup
[1.424s] [ext: omni.kit.widget.search_delegate-1.0.9] startup
[1.424s] [ext: omni.ui.scene-2.0.1] startup
[1.427s] [ext: omni.kit.window.filepicker-2.15.5] startup
[1.435s] [ext: omni.kit.window.file_importer-1.1.21] startup
[1.436s] [ext: omni.kit.material.library-3.1.2] startup
[1.439s] [ext: isaacsim.asset.transformer.rules-1.7.8] startup
[1.445s] [ext: omni.usdex.libs-2.2.2] startup
[1.451s] [ext: isaacsim.asset.importer.mjcf-3.10.0] startup
[1.452s] [ext: isaacsim.asset.importer.urdf-3.11.0] startup
[1.454s] [ext: omni.kit.primitive.mesh-1.1.0] startup
[1.456s] [ext: omni.kit.stage_template.core-1.1.22] startup
[1.456s] [ext: omni.kit.stage_templates-2.0.2] startup
[1.457s] [ext: omni.usd.metrics.assembler-110.1.2] startup
[1.459s] [ext: omni.warp.core-1.13.0] startup
[1.573s] [ext: isaacsim.core.experimental.utils-0.17.1] startup
[1.574s] [ext: omni.physics.stageupdate-110.1.11] startup
[1.575s] [ext: omni.physics.tensors-110.1.11] startup
[1.578s] [ext: omni.physx.tensors-110.1.11] startup
[1.581s] [ext: isaacsim.core.simulation_manager-1.15.4] startup
2026-09-13T09:44:25Z [1,566ms] [Warning] [isaacsim.core.simulation_manager.plugin] USD stage is not available; stage-opened subscription is deferred
2026-09-13T09:44:25Z [1,566ms] [Warning] [isaacsim.core.simulation_manager.plugin] USD stage is not available; stage-opened subscription is deferred
[1.590s] [ext: isaacsim.storage.native-1.9.2] startup
[1.591s] [ext: omni.usd.metrics.assembler.physics-110.1.11] startup
[1.592s] [ext: isaacsim.core.utils-4.1.6] startup
[1.593s] [ext: isaacsim.core.prims-0.11.6] startup
[2.324s] [ext: isaacsim.core.api-5.2.12] startup
[2.329s] [ext: isaacsim.core.cloner-1.7.2] startup
[2.330s] [ext: isaacsim.test.docstring-1.3.1] startup
[2.331s] [ext: isaacsim.core.experimental.prims-1.8.8] startup
[2.346s] [ext: isaacsim.core.experimental.primdata-0.3.2] startup
[2.348s] [ext: omni.graph.tools-1.81.0] startup
[2.362s] [ext: omni.graph-1.142.5] startup
[2.386s] [ext: isaacsim.core.experimental.actuators-0.1.0] startup
[3.626s] [ext: isaacsim.core.experimental.materials-0.7.0] startup
[3.628s] [ext: isaacsim.core.experimental.objects-0.8.0] startup
[3.667s] [ext: omni.hydra.engine.stats-1.0.5] startup
[3.669s] [ext: omni.hydra.rtx.shadercache.vulkan-1.0.0] startup
[3.670s] [ext: omni.index.libs-387500.3473.0] startup
[3.670s] [ext: omni.index-1.0.1] startup
[3.670s] [ext: omni.ujitso.client-0.0.0] startup
[3.671s] [ext: omni.usd.schema.playback-1.0.0] startup
[3.673s] [ext: omni.volume-0.5.2] startup
[3.676s] [ext: omni.hydra.rtx-1.0.3] startup
2026-09-13T09:44:27Z [3,664ms] [Warning] [omni.log] Source: omni.hydra was already registered.
[3.700s] [ext: omni.kit.hydra_texture-1.6.0] startup
[3.702s] [ext: omni.kit.raycast.query-1.2.0] startup
[3.706s] [ext: omni.kit.viewport.legacy_gizmos-1.0.24] startup
[3.708s] [ext: omni.kit.viewport.registry-104.0.6] startup
[3.708s] [ext: omni.kit.viewport.scene_camera_model-1.0.7] startup
[3.711s] [ext: omni.kit.widget.viewport-109.2.0] startup
[3.714s] [ext: omni.kit.window.drop_support-1.0.8] startup
[3.714s] [ext: omni.kit.viewport.window-109.0.2] startup
[3.726s] [ext: omni.kit.viewport.utility-2.0.1] startup
[3.727s] [ext: isaacsim.core.rendering_manager-0.4.2] startup
[3.739s] [ext: omni.graph.action_core-1.1.9] startup
[3.741s] [ext: omni.graph.action_nodes_core-2.10.2] startup
[3.742s] [ext: omni.graph.action_nodes-2.10.3] startup
[3.762s] [ext: omni.graph.action-2.10.2] startup
[3.763s] [ext: omni.graph.image.core-0.6.1] startup
[3.764s] [ext: omni.graph.image.nodes-1.3.1] startup
[3.765s] [ext: omni.graph.nodes_core-2.10.3] startup
[3.771s] [ext: omni.graph.nodes-2.11.1] startup
[3.776s] [ext: omni.kit.hotkeys.core-1.3.12] startup
[3.776s] [ext: omni.kit.property.adapter.core-1.1.1] startup
[3.778s] [ext: omni.kit.property.adapter.usd-1.0.5] startup
[3.779s] [ext: omni.kit.widget.filter-1.1.5] startup
[3.780s] [ext: omni.kit.widget.highlight_label-1.0.3] startup
[3.780s] [ext: omni.kit.widget.searchfield-1.1.8] startup
[3.781s] [ext: omni.kit.window.file_exporter-1.0.36] startup
[3.782s] [ext: omni.kit.widget.stage-4.3.0] startup
[3.788s] [ext: omni.kit.window.content_browser_registry-0.0.6] startup
[3.788s] [ext: omni.kit.window.file-2.0.10] startup
[3.791s] [ext: omni.kit.window.content_browser-3.1.8] startup
[3.798s] [ext: omni.kit.window.property-1.15.1] startup
[3.805s] [ext: omni.kit.property.usd-4.8.1] startup
[3.812s] [ext: omni.graph.scriptnode-2.10.2] startup
[3.819s] [ext: omni.kit.widget.searchable_combobox-1.0.7] startup
[3.820s] [ext: omni.kit.widget.settings-2.0.0] startup
[3.821s] [ext: omni.kit.window.preferences-1.8.3] startup
[3.824s] [ext: omni.kit.viewport.menubar.core-107.2.2] startup
[3.832s] [ext: omni.syntheticdata-0.6.15] startup
[3.858s] [ext: omni.replicator.nv-1.1.1] startup
[3.871s] [ext: omni.videoencoding-0.2.1] startup
[3.874s] [ext: omni.replicator.core-1.13.25] startup
2026-09-13T09:44:28Z [3,858ms] [Warning] [pxr.Semantics] pxr.Semantics is deprecated - please use Semantics instead
2026-09-13T09:44:28Z [3,909ms] [Warning] [omni.replicator.core.scripts.extension] No material configuration file, adding configuration to material settings directly.
[4.039s] [ext: isaacsim.core.nodes-5.10.4] startup
[4.061s] [ext: isaacsim.core.throttling-2.3.3] startup
[4.062s] [ext: omni.kit.manipulator.viewport-107.0.1] startup
[4.063s] [ext: omni.graph.visualization.nodes-2.1.4] startup
[4.072s] [ext: omni.kit.window.extensions-1.5.7] startup
[4.076s] [ext: isaacsim.gui.components-1.8.4] startup
[4.079s] [ext: isaacsim.robot.surface_gripper-3.6.1] startup
[4.087s] [ext: isaacsim.robot.manipulators-3.4.4] startup
[4.094s] [ext: isaacsim.robot_motion.lula-4.1.2] startup
[4.098s] [ext: isaacsim.robot_motion.motion_generation-8.2.8] startup
[4.103s] [ext: isaacsim.cortex.framework-1.0.17] startup
[4.104s] [ext: isaacsim.cortex.behaviors-2.0.16] startup
[4.105s] [ext: isaacsim.examples.base-1.3.1] startup
[4.106s] [ext: omni.kit.widget.zoombar-1.0.7] startup
[4.107s] [ext: omni.kit.browser.core-2.3.18] startup
[4.109s] [ext: omni.kit.browser.folder.core-2.0.2] startup
[4.112s] [ext: omni.kit.widget.stage_icons-1.0.8] startup
[4.113s] [ext: omni.kit.window.stage-2.6.1] startup
[4.116s] [ext: omni.kit.menu.stage-1.2.7] startup
[4.117s] [ext: omni.kit.usd.collect-3.0.5] startup
[4.118s] [ext: omni.kit.widget.prompt-1.0.7] startup
[4.119s] [ext: omni.kit.tool.collect-2.2.19] startup
[4.121s] [ext: isaacsim.examples.browser-0.3.1] startup
[4.122s] [ext: omni.kit.search.files-1.0.4] startup
[4.123s] [ext: omni.kit.widget.calendar-1.0.9] startup
[4.124s] [ext: omni.kit.widget.extended_searchfield-1.0.31] startup
[4.129s] [ext: omni.simready.content.browser-0.3.7] startup
[4.191s] [ext: isaacsim.gui.content_browser-0.4.2] startup
[4.193s] [ext: omni.kit.selection-0.1.6] startup
[4.194s] [ext: isaacsim.gui.menu-2.10.5] startup
[4.199s] [ext: isaacsim.gui.property-1.6.2] startup
[4.204s] [ext: omni.kit.viewport.actions-107.0.2] startup
[4.207s] [ext: omni.kit.viewport.menubar.display-107.1.3] startup
[4.208s] [ext: isaacsim.gui.sensors.icon-2.2.0] startup
[4.210s] [ext: omni.behavior.scripting.core-110.1.0] startup
[4.212s] [ext: isaacsim.replicator.behavior-1.5.3] startup
[4.213s] [ext: isaacsim.replicator.experimental.domain_randomization-1.2.4] startup
[4.224s] [ext: isaacsim.replicator.domain_randomization-1.2.1] startup
[4.275s] [ext: isaacsim.replicator.writers-1.5.3] startup
[4.292s] [ext: isaacsim.robot.experimental.wheeled_robots-0.2.9] startup
[4.306s] [ext: isaacsim.robot.policy.examples-5.2.11] startup
[4.320s] [ext: isaacsim.robot.wheeled_robots-5.2.3] startup
[4.323s] [ext: isaacsim.robot.wheeled_robots.nodes-0.1.2] startup
[4.336s] [ext: isaacsim.robot_motion.experimental.motion_generation-6.1.2] startup
[4.344s] [ext: isaacsim.robot_motion.cumotion-1.3.0] startup
[4.353s] [ext: omni.kit.numpy.common-0.1.3] startup
[4.354s] [ext: isaacsim.sensors.camera-1.7.8] startup
[4.373s] [ext: isaacsim.sensors.experimental.physics-3.0.1] startup
[4.378s] [ext: omni.sensors.net-1.0.1] startup
[4.380s] [ext: omni.sensors.nv.common-3.0.0] startup
[4.388s] [ext: omni.sensors.nv.materials-2.0.0] startup
[4.390s] [ext: omni.sensors.nv.acoustic-3.0.0] startup
[4.393s] [ext: omni.sensors.nv.ids-2.0.1] startup
[4.394s] [ext: omni.sensors.nv.lidar-3.0.0] startup
[4.397s] [ext: omni.sensors.nv.radar-3.0.0] startup
[4.399s] [ext: isaacsim.sensors.experimental.rtx-1.4.3] startup
[4.565s] [ext: isaacsim.sensors.physics.nodes-1.5.2] startup
[4.570s] [ext: isaacsim.util.debug_draw-3.2.2] startup
[4.574s] [ext: isaacsim.sensors.physx-2.5.4] startup
[4.580s] [ext: isaacsim.sensors.rtx-15.17.0] startup
[4.588s] [ext: isaacsim.simulation_app-2.18.3] startup
[4.588s] [ext: omni.anim.curve.core-1.6.0] startup
[4.595s] [ext: omni.graph.ui_nodes-2.10.5] startup
[4.617s] [ext: omni.hydra.scene_api-0.1.3] startup
[4.620s] [ext: omni.kit.manipulator.camera-110.0.0] startup
[4.623s] [ext: omni.kit.manipulator.selector-1.1.4] startup
[4.624s] [ext: omni.kit.manipulator.transform-107.0.0] startup
[4.627s] [ext: omni.kit.widget.toolbar-2.1.0] startup
[4.630s] [ext: omni.kit.manipulator.tool.snap-1.5.14] startup
[4.633s] [ext: omni.kit.viewport.manipulator.transform-107.0.4] startup
[4.634s] [ext: omni.kit.manipulator.prim.core-108.0.2] startup
[4.638s] [ext: omni.kit.manipulator.prim.usd-107.0.3] startup
[4.639s] [ext: omni.kit.manipulator.prim-108.0.0] startup
[4.639s] [ext: omni.kit.manipulator.selection-109.0.1] startup
[4.640s] [ext: omni.kit.menu.create-2.0.2] startup
[4.641s] [ext: omni.kit.property.audio-1.0.16] startup
[4.643s] [ext: omni.kit.property.camera-1.0.14] startup
[4.644s] [ext: omni.kit.property.geometry-2.1.2] startup
[4.647s] [ext: omni.kit.property.light-1.0.14] startup
2026-09-13T09:44:28Z [4,643ms] [Warning] [omni.usd] Encountered USD Warnings but USD Diagnostics are currently muted. To view USD Warnings, please set the '/persistent/app/usd/muteUsdDiagnostics' setting to false in Preferences page.
[4.672s] [ext: omni.kit.property.material-1.14.2] startup
[4.676s] [ext: omni.kit.property.render-1.2.2] startup
[4.677s] [ext: omni.kit.property.transform-1.6.9] startup
[4.679s] [ext: omni.kit.property.bundle-1.5.1] startup
[4.680s] [ext: omni.kit.usdz_export-1.1.0] startup
[4.682s] [ext: omni.kit.tool.asset_importer-5.2.0] startup
[4.685s] [ext: omni.kit.ui.actions-1.0.5] startup
[4.687s] [ext: omni.kit.viewport.menubar.camera-107.0.10] startup
[4.690s] [ext: omni.kit.viewport.menubar.lighting-107.3.2] startup
[4.692s] [ext: omni.kit.viewport.menubar.render-107.0.10] startup
[4.693s] [ext: omni.kit.viewport.menubar.settings-110.0.1] startup
[4.696s] [ext: omni.kit.window.console-1.1.8] startup
[4.698s] [ext: omni.kit.window.status_bar-0.1.11] startup
[4.700s] [ext: omni.kit.window.toolbar-3.0.3] startup
[4.702s] [ext: omni.ocio-0.1.1] startup
[4.703s] [ext: omni.physx.commands-110.1.11] startup
[4.708s] [ext: omni.replicator.replicator_yaml-2.0.12] startup
[4.715s] [ext: omni.rtx.window.settings-0.8.0] startup
[4.718s] [ext: omni.rtx.settings.core-0.7.0] startup
[4.720s] [ext: omni.usd.metrics.assembler.ui-110.1.1] startup
[4.725s] [ext: semantics.schema.editor-2.0.2] startup
[4.727s] [ext: semantics.schema.property-2.0.1] startup
[4.728s] [ext: omni.kit.menu.common-2.0.2] startup
[4.729s] [ext: isaacsim.exp.base-6.0.0] startup
[4.729s] [ext: isaacsim.exp.base.python-6.0.0] startup
[4.730s] Simulation App Starting
[5.464s] Simulation App Startup Complete
[5.472s] app ready
Starting kit application with the following args:  ['/home/trs/env_isaaclab/lib/python3.12/site-packages/isaacsim/exts/isaacsim.simulation_app/isaacsim/simulation_app/simulation_app.py', '/home/trs/env_isaaclab/lib/python3.12/site-packages/isaacsim/apps/isaacsim.exp.base.python.kit', '--/app/tokens/exe-path=/home/trs/env_isaaclab/lib/python3.12/site-packages/isaacsim/kit', '--/persistent/app/viewport/displayOptions=3094', '--/rtx/materialDb/syncLoads=True', '--/rtx/hydra/materialSyncLoads=True', '--/omni.kit.plugin/syncUsdLoads=True', '--/app/renderer/resolution/width=1280', '--/app/renderer/resolution/height=720', '--/app/window/width=1440', '--/app/window/height=900', '--/renderer/multiGpu/enabled=True', '--/app/fastShutdown=True', '--/app/installSignalHandlers=0', '--ext-folder', '/home/trs/env_isaaclab/lib/python3.12/site-packages/isaacsim/exts', '--ext-folder', '/home/trs/env_isaaclab/lib/python3.12/site-packages/isaacsim/apps', '--/physics/cudaDevice=0', '--/plugins/carb.tasking.plugin/threadCount=32', '--/plugins/omni.tbb.globalcontrol/maxThreadCount=32', '--portable', '--no-window', '--/app/window/hideUi=1']
Passing the following args to the base kit application:  ['--duration', '1400']
Warp 1.13.0 initialized:
   CUDA Toolkit 12.9, Driver 13.2
   Devices:
     "cpu"      : "x86_64"
     "cuda:0"   : "NVIDIA RTX A6000" (47 GiB, sm_86, mempool enabled)
   Kernel cache:
     /home/trs/.cache/warp/1.13.0
### stage opened: /home/trs/kotek_ws/src/kotek_isaac_stage/usd/kotek_scout_piper_wall_demo.usd
[6.011s] [ext: isaacsim.sensors.rtx.nodes-0.1.0] startup
[6.019s] [ext: isaacsim.ros2.core-1.9.1] startup
[6.030s] Attempting to load system rclpy
[6.030s] Could not import system rclpy: No module named 'rclpy'
[6.030s] Attempting to load internal rclpy for ROS Distro: jazzy
[6.040s] rclpy loaded
[6.043s] [ext: isaacsim.ros2.nodes-1.18.11] startup
[6.075s] [ext: isaacsim.ros2.examples-1.2.3] startup
[6.079s] [ext: isaacsim.ros2.ui-1.6.4] startup
[6.239s] [ext: isaacsim.ros2.bridge-5.1.1] startup
2026-09-13T09:44:30Z [6,630ms] [Warning] [isaacsim.ros2.nodes] OgnROS2PublishTransformTree: using targetPrims for internal computation is deprecated. Connect OgnIsaacComputeTransformTree to inputs:parentFrames/childFrames/translations/orientations instead.
2026-09-13T09:44:30Z [6,630ms] [Error] [omni.physx.tensors.plugin] Failed to create simulation view: no active physics scene found
2026-09-13T09:44:30Z [6,630ms] [Error] [omni.graph.core.plugin] /World/kotek_wall_sensor_graph/ros2_publish_transform_tree: [/World/kotek_wall_sensor_graph] Failed to create simulation view - physics backend may not be initialized
### physics playing -- /clock and /isaac_joint_states are live; start the 45s warm-up now
### still playing, 1400s left
### kotek_magnet[tick=60] sensor1: d=0.4082m in_range=False f_mag=0.000N tau_mag=0.0000Nm misalign_deg=90.0 pos=[0.10880279 0.1090093  0.49140233] bottom_world=[0.10880296 0.10900929 0.47140233] quat=[ 9.2484176e-01 -2.0293912e-06 -3.8486596e-06  3.8035229e-01] speed=0.0006 ang_speed=0.0049 ang_vel_vec=[0.00448202 0.00189047 0.00039158] |com_force|=0.0000N
### kotek_magnet[tick=60] sensor2: d=0.3208m in_range=False f_mag=0.000N tau_mag=0.0000Nm misalign_deg=90.0 pos=[ 0.10902467 -0.10904666  0.49140108] bottom_world=[ 0.10902465 -0.10904649  0.47140108] quat=[ 9.2300087e-01  3.7843577e-06  2.1311657e-06 -3.8479796e-01] speed=0.0004 ang_speed=0.0023 ang_vel_vec=[-0.0016911  -0.00122399 -0.00091027] |com_force|=0.0000N
### kotek_magnet[tick=60] sensor3: d=0.5470m in_range=False f_mag=0.000N tau_mag=0.0000Nm misalign_deg=90.0 pos=[-0.10910747 -0.10914613  0.49140114] bottom_world=[-0.10910741 -0.10914599  0.47140114] quat=[-3.8058406e-01 -2.6324492e-06 -2.6273779e-06  9.2474633e-01] speed=0.0005 ang_speed=0.0023 ang_vel_vec=[-0.00091867  0.00195101 -0.0009245 ] |com_force|=0.0000N
### kotek_magnet[tick=60] sensor4: d=0.5249m in_range=False f_mag=0.000N tau_mag=0.0000Nm misalign_deg=90.0 pos=[-0.10900018  0.10899954  0.49140233] bottom_world=[-0.10900028  0.10899957  0.47140233] quat=[3.8268229e-01 2.6469561e-06 2.1679557e-07 9.2388010e-01] speed=0.0004 ang_speed=0.0034 ang_vel_vec=[ 0.00290578 -0.00177686 -0.00043088] |com_force|=0.0000N
### kotek_magnet[tick=120] sensor1: d=0.4082m in_range=False f_mag=0.000N tau_mag=0.0000Nm misalign_deg=90.0 pos=[0.10880256 0.10900908 0.4914024 ] bottom_world=[0.10880275 0.1090091  0.47140239] quat=[ 9.2484188e-01 -1.3549216e-06 -4.7550493e-06  3.8035187e-01] speed=0.0010 ang_speed=0.0024 ang_vel_vec=[-0.00194262  0.00011888  0.00137404] |com_force|=0.0000N
### kotek_magnet[tick=120] sensor2: d=0.3208m in_range=False f_mag=0.000N tau_mag=0.0000Nm misalign_deg=90.0 pos=[ 0.10902449 -0.10904672  0.491401  ] bottom_world=[ 0.1090246  -0.10904652  0.47140099] quat=[ 9.2300093e-01  5.6364875e-06 -5.2745366e-07 -3.8479799e-01] speed=0.0004 ang_speed=0.0030 ang_vel_vec=[-0.00239843  0.00185671 -0.00030084] |com_force|=0.0000N
### kotek_magnet[tick=120] sensor3: d=0.5470m in_range=False f_mag=0.000N tau_mag=0.0000Nm misalign_deg=90.0 pos=[-0.1091075  -0.10914591  0.49140096] bottom_world=[-0.10910742 -0.1091459   0.47140096] quat=[-3.8058385e-01 -2.0400319e-06  4.8969514e-07  9.2474645e-01] speed=0.0004 ang_speed=0.0029 ang_vel_vec=[ 0.00175139  0.00229395 -0.00030659] |com_force|=0.0000N
### kotek_magnet[tick=120] sensor4: d=0.5249m in_range=False f_mag=0.000N tau_mag=0.0000Nm misalign_deg=90.0 pos=[-0.10900009  0.10900014  0.49140233] bottom_world=[-0.10900031  0.109       0.47140233] quat=[3.8268185e-01 3.7584534e-06 5.3168492e-06 9.2388022e-01] speed=0.0010 ang_speed=0.0025 ang_vel_vec=[ 0.00156604 -0.00169831 -0.00084199] |com_force|=0.0000N
### kotek_magnet[tick=180] sensor1: d=0.4082m in_range=False f_mag=0.000N tau_mag=0.0000Nm misalign_deg=90.0 pos=[0.10880381 0.10900926 0.49140236] bottom_world=[0.10880372 0.10900939 0.47140236] quat=[9.2484158e-01 3.9447241e-06 8.9494779e-07 3.8035277e-01] speed=0.0006 ang_speed=0.0027 ang_vel_vec=[-0.00011122 -0.00245961 -0.00102552] |com_force|=0.0000N
### kotek_magnet[tick=180] sensor2: d=0.3208m in_range=False f_mag=0.000N tau_mag=0.0000Nm misalign_deg=90.0 pos=[ 0.10902469 -0.1090467   0.49140102] bottom_world=[ 0.10902467 -0.10904652  0.47140102] quat=[ 9.2300087e-01  3.9918477e-06  2.0770669e-06 -3.8479799e-01] speed=0.0005 ang_speed=0.0027 ang_vel_vec=[-0.00219353 -0.00125844 -0.00084593] |com_force|=0.0000N
### kotek_magnet[tick=180] sensor3: d=0.5470m in_range=False f_mag=0.000N tau_mag=0.0000Nm misalign_deg=90.0 pos=[-0.1091075  -0.10914611  0.49140102] bottom_world=[-0.10910744 -0.10914598  0.47140102] quat=[-3.8058406e-01 -2.7526983e-06 -2.4222672e-06  9.2474639e-01] speed=0.0005 ang_speed=0.0026 ang_vel_vec=[-0.00103446  0.0022488  -0.00083914] |com_force|=0.0000N
### kotek_magnet[tick=180] sensor4: d=0.5249m in_range=False f_mag=0.000N tau_mag=0.0000Nm misalign_deg=90.0 pos=[-0.10900026  0.10899845  0.49140233] bottom_world=[-0.10900016  0.10899876  0.47140233] quat=[ 3.8268286e-01  6.3634468e-07 -8.1468079e-06  9.2387980e-01] speed=0.0009 ang_speed=0.0019 ang_vel_vec=[-0.00030473 -0.00146022  0.00121709] |com_force|=0.0000N
2026-09-13T09:44:31Z [6,755ms] [Warning] [omni.physx.plugin] Detected a rigid at /World/scout_mini/Geometry/base_link/sensor_cam_1 with more than 4 velocity iterations being added to a TGS scene.The related behavior changed recently, please consult the changelog. This warning will only print once.
2026-09-13T09:44:31Z [6,755ms] [Warning] [omni.physx.plugin] PhysicsUSD: CreateJoint - found a joint with disjointed body transforms, the simulation will most likely snap objects together: /World/_scout_parking_brake
2026-09-13T09:44:31Z [6,756ms] [Warning] [omni.physx.plugin] Detected an articulation at /World/piper/Geometry/base_link with more than 4 velocity iterations being added to a TGS scene.The related behavior changed recently, please consult the changelog. This warning will only print once.
2026-09-13T09:44:31Z [6,816ms] [Warning] [carb] Client omni.hydratexture.plugin has acquired [carb::settings::ISettings v1.1] 100 times. Consider accessing this interface with carb::getCachedInterface() (Performance warning)
2026-09-13T09:44:31Z [6,837ms] [Warning] [isaacsim.ros2.nodes] [ROS2 Publish Joint State] Reading from targetPrim is deprecated. Connect an Isaac Read Joint State node and use its outputs instead.
2026-09-13T09:44:31Z [7,457ms] [Warning] [omni.rtx] DLSS increasing input dimensions: Render resolution of (320, 240) is below minimal input resolution of 300.
2026-09-13T09:44:32Z [7,765ms] [Warning] [omni.timeline.plugin] Deprecated: direct use of ITimeline callbacks is deprecated. Use ITimeline::getTimeline (Python: omni.timeline.get_timeline_interface) instead.
### kotek_magnet[tick=240] sensor1: d=0.4082m in_range=False f_mag=0.000N tau_mag=0.0000Nm misalign_deg=90.0 pos=[0.10880429 0.10900896 0.4914024 ] bottom_world=[0.10880402 0.10900932 0.47140239] quat=[9.2484152e-01 1.0799759e-05 2.8339573e-06 3.8035288e-01] speed=0.0010 ang_speed=0.0025 ang_vel_vec=[-0.00165541 -0.00168924 -0.00074784] |com_force|=0.0000N
### kotek_magnet[tick=240] sensor2: d=0.3208m in_range=False f_mag=0.000N tau_mag=0.0000Nm misalign_deg=90.0 pos=[ 0.10902468 -0.10904647  0.49140093] bottom_world=[ 0.10902464 -0.10904637  0.47140093] quat=[ 9.2300087e-01  1.7970312e-06  1.9131264e-06 -3.8479814e-01] speed=0.0001 ang_speed=0.0016 ang_vel_vec=[ 0.00095513 -0.00124878 -0.00024862] |com_force|=0.0000N
### kotek_magnet[tick=240] sensor3: d=0.5470m in_range=False f_mag=0.000N tau_mag=0.0000Nm misalign_deg=90.0 pos=[-0.10910726 -0.10914613  0.49140093] bottom_world=[-0.10910728 -0.10914597  0.47140093] quat=[-3.8058388e-01 -9.9328167e-07 -4.0001228e-06  9.2474651e-01] speed=0.0001 ang_speed=0.0011 ang_vel_vec=[-0.00091932 -0.0005959  -0.00025951] |com_force|=0.0000N
### kotek_magnet[tick=240] sensor4: d=0.5249m in_range=False f_mag=0.000N tau_mag=0.0000Nm misalign_deg=90.0 pos=[-0.10900023  0.10899844  0.49140236] bottom_world=[-0.10900012  0.10899876  0.47140236] quat=[ 3.8268289e-01  5.1690364e-07 -8.3064660e-06  9.2387974e-01] speed=0.0009 ang_speed=0.0017 ang_vel_vec=[-0.00055898 -0.00070829  0.00144617] |com_force|=0.0000N
### kotek_magnet[tick=300] sensor1: d=0.4082m in_range=False f_mag=0.000N tau_mag=0.0000Nm misalign_deg=90.0 pos=[0.10880426 0.10900898 0.49140233] bottom_world=[0.10880399 0.10900934 0.47140233] quat=[9.2484152e-01 1.0770785e-05 2.7855392e-06 3.8035297e-01] speed=0.0010 ang_speed=0.0028 ang_vel_vec=[-0.00193009 -0.00176193 -0.00091368] |com_force|=0.0000N
### kotek_magnet[tick=300] sensor2: d=0.3208m in_range=False f_mag=0.000N tau_mag=0.0000Nm misalign_deg=90.0 pos=[ 0.10902468 -0.10904644  0.49140093] bottom_world=[ 0.10902464 -0.10904634  0.47140093] quat=[ 9.2300087e-01  1.9344550e-06  1.8984608e-06 -3.8479814e-01] speed=0.0001 ang_speed=0.0013 ang_vel_vec=[ 0.00024136 -0.00123502 -0.0004283 ] |com_force|=0.0000N
### kotek_magnet[tick=300] sensor3: d=0.5470m in_range=False f_mag=0.000N tau_mag=0.0000Nm misalign_deg=90.0 pos=[-0.10910637 -0.10914617  0.49140102] bottom_world=[-0.10910657 -0.10914587  0.47140102] quat=[-3.8058332e-01  1.8432601e-06 -8.9516952e-06  9.2474663e-01] speed=0.0009 ang_speed=0.0024 ang_vel_vec=[-0.00220514  0.00071893  0.00069393] |com_force|=0.0000N
### kotek_magnet[tick=300] sensor4: d=0.5249m in_range=False f_mag=0.000N tau_mag=0.0000Nm misalign_deg=90.0 pos=[-0.10900041  0.10899869  0.49140236] bottom_world=[-0.10900027  0.10899898  0.47140236] quat=[ 3.8268244e-01 -4.6692509e-07 -8.0770133e-06  9.2387992e-01] speed=0.0006 ang_speed=0.0043 ang_vel_vec=[-0.00159533  0.00392525  0.00040771] |com_force|=0.0000N
### kotek_magnet[tick=360] sensor1: d=0.4082m in_range=False f_mag=0.000N tau_mag=0.0000Nm misalign_deg=90.0 pos=[0.10880427 0.10900897 0.49140233] bottom_world=[0.108804   0.10900933 0.47140233] quat=[9.2484146e-01 1.0857890e-05 2.7857548e-06 3.8035291e-01] speed=0.0010 ang_speed=0.0029 ang_vel_vec=[-0.00208816 -0.00180887 -0.00084198] |com_force|=0.0000N
### kotek_magnet[tick=360] sensor2: d=0.3208m in_range=False f_mag=0.000N tau_mag=0.0000Nm misalign_deg=90.0 pos=[ 0.10902447 -0.10904639  0.49140105] bottom_world=[ 0.10902454 -0.10904624  0.47140105] quat=[ 9.2300063e-01  4.2297288e-06  2.8837231e-08 -3.8479841e-01] speed=0.0002 ang_speed=0.0031 ang_vel_vec=[-0.00166416  0.00257849  0.00026908] |com_force|=0.0000N
### kotek_magnet[tick=360] sensor3: d=0.5470m in_range=False f_mag=0.000N tau_mag=0.0000Nm misalign_deg=90.0 pos=[-0.10910746 -0.10914612  0.4914011 ] bottom_world=[-0.1091074  -0.10914599  0.47140111] quat=[-3.8058397e-01 -2.7412830e-06 -2.4000201e-06  9.2474633e-01] speed=0.0005 ang_speed=0.0025 ang_vel_vec=[-0.00099188  0.00218538 -0.0006827 ] |com_force|=0.0000N
### kotek_magnet[tick=360] sensor4: d=0.5249m in_range=False f_mag=0.000N tau_mag=0.0000Nm misalign_deg=90.0 pos=[-0.10900024  0.10899843  0.49140236] bottom_world=[-0.10900015  0.10899873  0.47140236] quat=[ 3.8268289e-01  7.4490174e-07 -8.0223654e-06  9.2387980e-01] speed=0.0009 ang_speed=0.0024 ang_vel_vec=[-0.00010234 -0.00192245  0.00135485] |com_force|=0.0000N
### kotek_magnet[tick=420] sensor1: d=0.4082m in_range=False f_mag=0.000N tau_mag=0.0000Nm misalign_deg=90.0 pos=[0.10880379 0.10900929 0.4914024 ] bottom_world=[0.1088037  0.1090094  0.47140239] quat=[9.2484164e-01 3.4742070e-06 1.0488067e-06 3.8035265e-01] speed=0.0006 ang_speed=0.0027 ang_vel_vec=[ 0.00157288 -0.00195551 -0.00090649] |com_force|=0.0000N
### kotek_magnet[tick=420] sensor2: d=0.3208m in_range=False f_mag=0.000N tau_mag=0.0000Nm misalign_deg=90.0 pos=[ 0.10902446 -0.10904564  0.49140105] bottom_world=[ 0.10902436 -0.10904573  0.47140105] quat=[ 9.2300034e-01 -3.0889732e-06  1.4352929e-06 -3.8479903e-01] speed=0.0010 ang_speed=0.0023 ang_vel_vec=[0.0006334  0.0017126  0.00140486] |com_force|=0.0000N
### kotek_magnet[tick=420] sensor3: d=0.5470m in_range=False f_mag=0.000N tau_mag=0.0000Nm misalign_deg=90.0 pos=[-0.10910639 -0.1091461   0.4914011 ] bottom_world=[-0.1091066  -0.10914579  0.47140111] quat=[-3.8058311e-01  2.0093357e-06 -9.0609446e-06  9.2474681e-01] speed=0.0009 ang_speed=0.0023 ang_vel_vec=[-0.0020992   0.00060522  0.0007379 ] |com_force|=0.0000N
### kotek_magnet[tick=420] sensor4: d=0.5249m in_range=False f_mag=0.000N tau_mag=0.0000Nm misalign_deg=90.0 pos=[-0.10900022  0.10899851  0.49140233] bottom_world=[-0.10900011  0.10899882  0.47140233] quat=[ 3.8268310e-01  3.4596013e-07 -8.2354500e-06  9.2387974e-01] speed=0.0009 ang_speed=0.0015 ang_vel_vec=[-0.00065828 -0.00037708  0.00131265] |com_force|=0.0000N
### kotek_magnet[tick=480] sensor1: d=0.4082m in_range=False f_mag=0.000N tau_mag=0.0000Nm misalign_deg=90.0 pos=[0.1088042  0.10900889 0.49140236] bottom_world=[0.10880394 0.10900925 0.47140236] quat=[9.2484152e-01 1.0685934e-05 2.6167252e-06 3.8035256e-01] speed=0.0009 ang_speed=0.0040 ang_vel_vec=[-0.00255356 -0.00299469 -0.0004536 ] |com_force|=0.0000N
### kotek_magnet[tick=480] sensor2: d=0.3208m in_range=False f_mag=0.000N tau_mag=0.0000Nm misalign_deg=90.0 pos=[ 0.10902465 -0.10904644  0.49140108] bottom_world=[ 0.1090246  -0.10904635  0.47140108] quat=[ 9.2300069e-01  1.5867282e-06  1.9521228e-06 -3.8479844e-01] speed=0.0001 ang_speed=0.0014 ang_vel_vec=[ 0.00048992 -0.00126014 -0.00026601] |com_force|=0.0000N
### kotek_magnet[tick=480] sensor3: d=0.5470m in_range=False f_mag=0.000N tau_mag=0.0000Nm misalign_deg=90.0 pos=[-0.10910814 -0.10914575  0.4914011 ] bottom_world=[-0.10910788 -0.10914587  0.47140111] quat=[-3.8058403e-01 -4.9439500e-06  5.1597453e-06  9.2474639e-01] speed=0.0010 ang_speed=0.0024 ang_vel_vec=[ 0.00181707  0.00146246 -0.00068988] |com_force|=0.0000N
### kotek_magnet[tick=480] sensor4: d=0.5249m in_range=False f_mag=0.000N tau_mag=0.0000Nm misalign_deg=90.0 pos=[-0.10900022  0.1089985   0.49140227] bottom_world=[-0.10900011  0.10899881  0.47140227] quat=[ 3.8268292e-01  4.6447002e-07 -8.1360085e-06  9.2387974e-01] speed=0.0009 ang_speed=0.0018 ang_vel_vec=[-0.00045878 -0.00100199  0.00143543] |com_force|=0.0000N
### kotek_magnet[tick=540] sensor1: d=0.4082m in_range=False f_mag=0.000N tau_mag=0.0000Nm misalign_deg=90.0 pos=[0.10880381 0.10900925 0.49140233] bottom_world=[0.10880372 0.10900937 0.47140233] quat=[9.2484158e-01 3.4988334e-06 8.6579485e-07 3.8035253e-01] speed=0.0006 ang_speed=0.0026 ang_vel_vec=[ 0.00064248 -0.00235584 -0.00099893] |com_force|=0.0000N
### kotek_magnet[tick=540] sensor2: d=0.3208m in_range=False f_mag=0.000N tau_mag=0.0000Nm misalign_deg=90.0 pos=[ 0.10902449 -0.10904562  0.49140117] bottom_world=[ 0.10902437 -0.10904572  0.47140117] quat=[ 9.2300045e-01 -3.7226598e-06  1.9465670e-06 -3.8479903e-01] speed=0.0010 ang_speed=0.0019 ang_vel_vec=[0.00132025 0.00019434 0.00136529] |com_force|=0.0000N
### kotek_magnet[tick=540] sensor3: d=0.5470m in_range=False f_mag=0.000N tau_mag=0.0000Nm misalign_deg=90.0 pos=[-0.10910752 -0.10914607  0.49140105] bottom_world=[-0.10910746 -0.10914593  0.47140105] quat=[-3.8058367e-01 -2.5067852e-06 -2.6643768e-06  9.2474645e-01] speed=0.0005 ang_speed=0.0024 ang_vel_vec=[-0.00114039  0.00196321 -0.00077522] |com_force|=0.0000N
### kotek_magnet[tick=540] sensor4: d=0.5249m in_range=False f_mag=0.000N tau_mag=0.0000Nm misalign_deg=90.0 pos=[-0.10900021  0.1089985   0.49140236] bottom_world=[-0.1090001   0.10899881  0.47140236] quat=[ 3.8268307e-01  4.6260226e-07 -8.2506667e-06  9.2387974e-01] speed=0.0009 ang_speed=0.0017 ang_vel_vec=[-0.00054565 -0.00096708  0.00123748] |com_force|=0.0000N
### kotek_magnet[tick=600] sensor1: d=0.4082m in_range=False f_mag=0.000N tau_mag=0.0000Nm misalign_deg=90.0 pos=[0.10880428 0.10900895 0.49140245] bottom_world=[0.10880401 0.10900929 0.47140245] quat=[9.2484158e-01 1.0519730e-05 2.8822542e-06 3.8035282e-01] speed=0.0009 ang_speed=0.0030 ang_vel_vec=[-0.00186451 -0.00202104 -0.00116317] |com_force|=0.0000N
### kotek_magnet[tick=600] sensor2: d=0.3208m in_range=False f_mag=0.000N tau_mag=0.0000Nm misalign_deg=90.0 pos=[ 0.10902467 -0.10904671  0.4914011 ] bottom_world=[ 0.10902465 -0.10904654  0.47140111] quat=[ 9.2300081e-01  3.7055004e-06  1.9705303e-06 -3.8479808e-01] speed=0.0004 ang_speed=0.0022 ang_vel_vec=[-0.00173239 -0.00097629 -0.00103553] |com_force|=0.0000N
### kotek_magnet[tick=600] sensor3: d=0.5470m in_range=False f_mag=0.000N tau_mag=0.0000Nm misalign_deg=90.0 pos=[-0.10910725 -0.1091461   0.49140108] bottom_world=[-0.10910727 -0.10914594  0.47140108] quat=[-3.8058373e-01 -1.0052979e-06 -3.8250569e-06  9.2474645e-01] speed=0.0001 ang_speed=0.0007 ang_vel_vec=[-3.6945869e-04 -4.5260109e-05 -6.4526114e-04] |com_force|=0.0000N
### kotek_magnet[tick=600] sensor4: d=0.5249m in_range=False f_mag=0.000N tau_mag=0.0000Nm misalign_deg=90.0 pos=[-0.10900036  0.10899872  0.49140248] bottom_world=[-0.10900022  0.10899901  0.47140248] quat=[ 3.8268268e-01 -5.6288837e-07 -8.0655718e-06  9.2387986e-01] speed=0.0006 ang_speed=0.0047 ang_vel_vec=[-0.00155402  0.00439315  0.00016654] |com_force|=0.0000N
### kotek_magnet[tick=660] sensor1: d=0.4082m in_range=False f_mag=0.000N tau_mag=0.0000Nm misalign_deg=90.0 pos=[0.10880383 0.10900924 0.49140233] bottom_world=[0.10880373 0.10900937 0.47140233] quat=[9.2484164e-01 3.7527600e-06 1.0858295e-06 3.8035265e-01] speed=0.0006 ang_speed=0.0022 ang_vel_vec=[ 0.00099967 -0.00194049 -0.00042223] |com_force|=0.0000N
### kotek_magnet[tick=660] sensor2: d=0.3208m in_range=False f_mag=0.000N tau_mag=0.0000Nm misalign_deg=90.0 pos=[ 0.1090243  -0.10904739  0.4914011 ] bottom_world=[ 0.10902455 -0.10904701  0.47140111] quat=[ 9.2300093e-01  1.1183862e-05 -1.9577894e-06 -3.8479799e-01] speed=0.0010 ang_speed=0.0027 ang_vel_vec=[-0.00170901  0.00211169 -0.00035773] |com_force|=0.0000N
### kotek_magnet[tick=660] sensor3: d=0.5470m in_range=False f_mag=0.000N tau_mag=0.0000Nm misalign_deg=90.0 pos=[-0.10910647 -0.10914586  0.4914012 ] bottom_world=[-0.10910665 -0.10914567  0.4714012 ] quat=[-3.8058290e-01  2.3924454e-06 -6.2419194e-06  9.2474681e-01] speed=0.0009 ang_speed=0.0033 ang_vel_vec=[0.00268405 0.0001732  0.00191518] |com_force|=0.0000N
### kotek_magnet[tick=660] sensor4: d=0.5249m in_range=False f_mag=0.000N tau_mag=0.0000Nm misalign_deg=90.0 pos=[-0.1090002   0.10899852  0.49140236] bottom_world=[-0.10900008  0.10899884  0.47140236] quat=[ 3.8268310e-01  3.6210275e-07 -8.3301411e-06  9.2387968e-01] speed=0.0009 ang_speed=0.0020 ang_vel_vec=[-0.0007829  -0.0004046   0.00181257] |com_force|=0.0000N
### kotek_magnet[tick=720] sensor1: d=0.4082m in_range=False f_mag=0.000N tau_mag=0.0000Nm misalign_deg=90.0 pos=[0.1088043  0.10900896 0.4914023 ] bottom_world=[0.10880403 0.10900931 0.4714023 ] quat=[9.2484146e-01 1.0661262e-05 2.9574394e-06 3.8035282e-01] speed=0.0010 ang_speed=0.0028 ang_vel_vec=[-0.0019182  -0.00178616 -0.00090474] |com_force|=0.0000N
### kotek_magnet[tick=720] sensor2: d=0.3208m in_range=False f_mag=0.000N tau_mag=0.0000Nm misalign_deg=90.0 pos=[ 0.10902467 -0.1090467   0.4914012 ] bottom_world=[ 0.10902465 -0.10904653  0.4714012 ] quat=[ 9.2300081e-01  3.6276156e-06  2.0369205e-06 -3.8479805e-01] speed=0.0005 ang_speed=0.0026 ang_vel_vec=[-0.00202799 -0.00144368 -0.00080333] |com_force|=0.0000N
### kotek_magnet[tick=720] sensor3: d=0.5470m in_range=False f_mag=0.000N tau_mag=0.0000Nm misalign_deg=90.0 pos=[-0.10910725 -0.10914608  0.4914011 ] bottom_world=[-0.10910727 -0.10914592  0.47140111] quat=[-3.8058367e-01 -9.5518635e-07 -3.9861552e-06  9.2474651e-01] speed=0.0002 ang_speed=0.0018 ang_vel_vec=[-0.00158053 -0.00069644 -0.00042592] |com_force|=0.0000N
### kotek_magnet[tick=720] sensor4: d=0.5249m in_range=False f_mag=0.000N tau_mag=0.0000Nm misalign_deg=90.0 pos=[-0.10900038  0.10899872  0.49140236] bottom_world=[-0.10900023  0.10899901  0.47140236] quat=[ 3.8268268e-01 -6.0522359e-07 -8.1062371e-06  9.2387986e-01] speed=0.0006 ang_speed=0.0044 ang_vel_vec=[-0.00164903  0.00408285  0.00042736] |com_force|=0.0000N
### kotek_magnet[tick=780] sensor1: d=0.4082m in_range=False f_mag=0.000N tau_mag=0.0000Nm misalign_deg=90.0 pos=[0.10880431 0.10900897 0.49140236] bottom_world=[0.10880404 0.10900931 0.47140236] quat=[9.2484152e-01 1.0546161e-05 2.8979728e-06 3.8035280e-01] speed=0.0010 ang_speed=0.0027 ang_vel_vec=[-0.00183909 -0.00175197 -0.00080697] |com_force|=0.0000N
### kotek_magnet[tick=780] sensor2: d=0.3208m in_range=False f_mag=0.000N tau_mag=0.0000Nm misalign_deg=90.0 pos=[ 0.10902467 -0.10904587  0.49140114] bottom_world=[ 0.10902453 -0.10904593  0.47140114] quat=[ 9.2300063e-01 -2.8286256e-06  2.6340549e-06 -3.8479853e-01] speed=0.0006 ang_speed=0.0046 ang_vel_vec=[ 0.00199171 -0.00414799  0.0005712 ] |com_force|=0.0000N
### kotek_magnet[tick=780] sensor3: d=0.5470m in_range=False f_mag=0.000N tau_mag=0.0000Nm misalign_deg=90.0 pos=[-0.1091073  -0.10914578  0.49140102] bottom_world=[-0.10910727 -0.10914575  0.47140102] quat=[-3.8058341e-01 -9.3573084e-07 -5.5429052e-07  9.2474657e-01] speed=0.0003 ang_speed=0.0058 ang_vel_vec=[0.00509305 0.00278459 0.00044373] |com_force|=0.0000N
### kotek_magnet[tick=780] sensor4: d=0.5249m in_range=False f_mag=0.000N tau_mag=0.0000Nm misalign_deg=90.0 pos=[-0.10900021  0.10899848  0.49140227] bottom_world=[-0.10900011  0.10899879  0.47140227] quat=[ 3.8268307e-01  4.6840839e-07 -8.1949274e-06  9.2387968e-01] speed=0.0009 ang_speed=0.0018 ang_vel_vec=[-0.000528   -0.00096171  0.00138839] |com_force|=0.0000N
### kotek_magnet[tick=840] sensor1: d=0.4082m in_range=False f_mag=0.000N tau_mag=0.0000Nm misalign_deg=90.0 pos=[0.10880432 0.10900895 0.4914024 ] bottom_world=[0.10880405 0.10900929 0.47140239] quat=[9.2484146e-01 1.0503974e-05 2.9059438e-06 3.8035274e-01] speed=0.0010 ang_speed=0.0029 ang_vel_vec=[-0.00196022 -0.00181271 -0.00101941] |com_force|=0.0000N
### kotek_magnet[tick=840] sensor2: d=0.3208m in_range=False f_mag=0.000N tau_mag=0.0000Nm misalign_deg=90.0 pos=[ 0.10902472 -0.10904559  0.49140108] bottom_world=[ 0.10902452 -0.1090457   0.47140108] quat=[ 9.2300063e-01 -4.3452696e-06  3.5229934e-06 -3.8479871e-01] speed=0.0009 ang_speed=0.0029 ang_vel_vec=[-0.0003497  -0.00277157  0.00057089] |com_force|=0.0000N
### kotek_magnet[tick=840] sensor3: d=0.5470m in_range=False f_mag=0.000N tau_mag=0.0000Nm misalign_deg=90.0 pos=[-0.10910649 -0.10914589  0.49140108] bottom_world=[-0.10910667 -0.1091457   0.47140108] quat=[-3.8058314e-01  2.3816183e-06 -6.2233280e-06  9.2474681e-01] speed=0.0009 ang_speed=0.0029 ang_vel_vec=[0.00258194 0.00033197 0.00132739] |com_force|=0.0000N
### kotek_magnet[tick=840] sensor4: d=0.5249m in_range=False f_mag=0.000N tau_mag=0.0000Nm misalign_deg=90.0 pos=[-0.10900021  0.10899846  0.49140236] bottom_world=[-0.1090001   0.10899877  0.47140236] quat=[ 3.8268307e-01  5.0526029e-07 -8.1483595e-06  9.2387980e-01] speed=0.0009 ang_speed=0.0016 ang_vel_vec=[-0.00052289 -0.00102997  0.00116873] |com_force|=0.0000N
### kotek_magnet[tick=900] sensor1: d=0.4082m in_range=False f_mag=0.000N tau_mag=0.0000Nm misalign_deg=90.0 pos=[0.10880288 0.10900892 0.4914023 ] bottom_world=[0.10880294 0.1090091  0.4714023 ] quat=[ 9.2484188e-01  3.6962549e-06 -2.9843648e-06  3.8035193e-01] speed=0.0007 ang_speed=0.0049 ang_vel_vec=[-0.00414831 -0.00243009  0.00109898] |com_force|=0.0000N
### kotek_magnet[tick=900] sensor2: d=0.3208m in_range=False f_mag=0.000N tau_mag=0.0000Nm misalign_deg=90.0 pos=[ 0.10902447 -0.10904569  0.49140117] bottom_world=[ 0.10902437 -0.10904579  0.47140117] quat=[ 9.2300051e-01 -3.1970421e-06  1.5276103e-06 -3.8479897e-01] speed=0.0010 ang_speed=0.0024 ang_vel_vec=[0.00065665 0.00172114 0.00152571] |com_force|=0.0000N
### kotek_magnet[tick=900] sensor3: d=0.5470m in_range=False f_mag=0.000N tau_mag=0.0000Nm misalign_deg=90.0 pos=[-0.10910753 -0.1091461   0.49140114] bottom_world=[-0.10910749 -0.10914597  0.47140114] quat=[-3.8058382e-01 -2.2143836e-06 -2.6894936e-06  9.2474651e-01] speed=0.0005 ang_speed=0.0022 ang_vel_vec=[-0.00082144  0.00198937 -0.00063653] |com_force|=0.0000N
### kotek_magnet[tick=900] sensor4: d=0.5249m in_range=False f_mag=0.000N tau_mag=0.0000Nm misalign_deg=90.0 pos=[-0.10900021  0.10899847  0.49140242] bottom_world=[-0.10900008  0.10899879  0.47140242] quat=[ 3.8268307e-01  9.5651693e-08 -8.5937963e-06  9.2387968e-01] speed=0.0009 ang_speed=0.0019 ang_vel_vec=[-0.00112205  0.00044982  0.00144014] |com_force|=0.0000N
### kotek_magnet[tick=960] sensor1: d=0.4082m in_range=False f_mag=0.000N tau_mag=0.0000Nm misalign_deg=90.0 pos=[0.10880259 0.10900905 0.49140248] bottom_world=[0.10880278 0.10900908 0.47140248] quat=[ 9.2484200e-01 -1.0187299e-06 -4.6952659e-06  3.8035172e-01] speed=0.0010 ang_speed=0.0032 ang_vel_vec=[-0.00281931 -0.00037906  0.00152722] |com_force|=0.0000N
### kotek_magnet[tick=960] sensor2: d=0.3208m in_range=False f_mag=0.000N tau_mag=0.0000Nm misalign_deg=90.0 pos=[ 0.10902449 -0.10904563  0.49140114] bottom_world=[ 0.10902438 -0.10904572  0.47140114] quat=[ 9.2300057e-01 -3.1268262e-06  1.7409659e-06 -3.8479877e-01] speed=0.0010 ang_speed=0.0020 ang_vel_vec=[0.00078399 0.00106033 0.00152719] |com_force|=0.0000N
### kotek_magnet[tick=960] sensor3: d=0.5470m in_range=False f_mag=0.000N tau_mag=0.0000Nm misalign_deg=90.0 pos=[-0.10910815 -0.1091458   0.49140117] bottom_world=[-0.10910788 -0.10914591  0.47140117] quat=[-3.8058403e-01 -5.1297898e-06  5.2509354e-06  9.2474639e-01] speed=0.0010 ang_speed=0.0025 ang_vel_vec=[ 0.00181251  0.0015546  -0.00068914] |com_force|=0.0000N
### kotek_magnet[tick=960] sensor4: d=0.5249m in_range=False f_mag=0.000N tau_mag=0.0000Nm misalign_deg=90.0 pos=[-0.10900021  0.10899848  0.49140242] bottom_world=[-0.10900012  0.10899879  0.47140242] quat=[ 3.8268304e-01  6.7257059e-07 -8.0548334e-06  9.2387974e-01] speed=0.0009 ang_speed=0.0022 ang_vel_vec=[-0.00013338 -0.00169745  0.00141834] |com_force|=0.0000N
### kotek_magnet[tick=1020] sensor1: d=0.4082m in_range=False f_mag=0.000N tau_mag=0.0000Nm misalign_deg=90.0 pos=[0.10880259 0.10900906 0.49140233] bottom_world=[0.10880278 0.10900908 0.47140233] quat=[ 9.2484194e-01 -1.3260607e-06 -4.7017734e-06  3.8035154e-01] speed=0.0010 ang_speed=0.0026 ang_vel_vec=[-0.00214951 -0.00011756  0.00142921] |com_force|=0.0000N
### kotek_magnet[tick=1020] sensor2: d=0.3208m in_range=False f_mag=0.000N tau_mag=0.0000Nm misalign_deg=90.0 pos=[ 0.10902463 -0.10904589  0.49140114] bottom_world=[ 0.10902449 -0.10904595  0.47140114] quat=[ 9.2300057e-01 -2.7174199e-06  2.5963520e-06 -3.8479871e-01] speed=0.0006 ang_speed=0.0047 ang_vel_vec=[ 0.0020088  -0.00425727  0.00050317] |com_force|=0.0000N
### kotek_magnet[tick=1020] sensor3: d=0.5470m in_range=False f_mag=0.000N tau_mag=0.0000Nm misalign_deg=90.0 pos=[-0.10910814 -0.10914578  0.49140105] bottom_world=[-0.10910788 -0.10914589  0.47140105] quat=[-3.8058400e-01 -4.9719342e-06  5.0825429e-06  9.2474639e-01] speed=0.0010 ang_speed=0.0027 ang_vel_vec=[ 0.00194693  0.00169925 -0.00080089] |com_force|=0.0000N
### kotek_magnet[tick=1020] sensor4: d=0.5249m in_range=False f_mag=0.000N tau_mag=0.0000Nm misalign_deg=90.0 pos=[-0.10900018  0.10899848  0.49140236] bottom_world=[-0.10900008  0.10899879  0.47140236] quat=[ 3.8268310e-01  5.1297496e-07 -8.2173774e-06  9.2387968e-01] speed=0.0009 ang_speed=0.0017 ang_vel_vec=[-0.00056805 -0.00089344  0.00133558] |com_force|=0.0000N
### kotek_magnet[tick=1080] sensor1: d=0.4082m in_range=False f_mag=0.000N tau_mag=0.0000Nm misalign_deg=90.0 pos=[0.10880256 0.10900909 0.49140224] bottom_world=[0.10880275 0.10900911 0.47140224] quat=[ 9.2484188e-01 -1.3800061e-06 -4.6906771e-06  3.8035169e-01] speed=0.0010 ang_speed=0.0030 ang_vel_vec=[-0.00262083 -0.00026914  0.00141733] |com_force|=0.0000N
### kotek_magnet[tick=1080] sensor2: d=0.3208m in_range=False f_mag=0.000N tau_mag=0.0000Nm misalign_deg=90.0 pos=[ 0.10902447 -0.10904562  0.4914011 ] bottom_world=[ 0.10902438 -0.1090457   0.47140111] quat=[ 9.2300045e-01 -2.8023110e-06  1.4303887e-06 -3.8479906e-01] speed=0.0010 ang_speed=0.0023 ang_vel_vec=[0.00026974 0.00176774 0.00143511] |com_force|=0.0000N
### kotek_magnet[tick=1080] sensor3: d=0.5470m in_range=False f_mag=0.000N tau_mag=0.0000Nm misalign_deg=90.0 pos=[-0.10910723 -0.10914608  0.49140096] bottom_world=[-0.10910725 -0.10914592  0.47140096] quat=[-3.8058370e-01 -9.1491893e-07 -4.0333025e-06  9.2474651e-01] speed=0.0001 ang_speed=0.0013 ang_vel_vec=[-0.00114219 -0.00056846 -0.00028087] |com_force|=0.0000N
### kotek_magnet[tick=1080] sensor4: d=0.5249m in_range=False f_mag=0.000N tau_mag=0.0000Nm misalign_deg=90.0 pos=[-0.10900012  0.10899931  0.4914022 ] bottom_world=[-0.10900019  0.1089994   0.47140221] quat=[ 3.8268274e-01  2.3289949e-06 -1.5530857e-06  9.2387986e-01] speed=0.0002 ang_speed=0.0052 ang_vel_vec=[ 0.00248219 -0.00457109  0.0003149 ] |com_force|=0.0000N
### kotek_magnet[tick=1140] sensor1: d=0.4082m in_range=False f_mag=0.000N tau_mag=0.0000Nm misalign_deg=90.0 pos=[0.10880259 0.10900912 0.49140233] bottom_world=[0.10880278 0.10900914 0.47140233] quat=[ 9.2484194e-01 -1.3115734e-06 -4.6946120e-06  3.8035187e-01] speed=0.0010 ang_speed=0.0029 ang_vel_vec=[-0.00246157 -0.00015698  0.00159233] |com_force|=0.0000N
### kotek_magnet[tick=1140] sensor2: d=0.3208m in_range=False f_mag=0.000N tau_mag=0.0000Nm misalign_deg=90.0 pos=[ 0.10902433 -0.10904732  0.49140108] bottom_world=[ 0.10902456 -0.10904695  0.47140108] quat=[ 9.2300087e-01  1.0849832e-05 -1.6962572e-06 -3.8479787e-01] speed=0.0010 ang_speed=0.0025 ang_vel_vec=[-0.00152478  0.0018305  -0.00062255] |com_force|=0.0000N
### kotek_magnet[tick=1140] sensor3: d=0.5470m in_range=False f_mag=0.000N tau_mag=0.0000Nm misalign_deg=90.0 pos=[-0.10910729 -0.10914605  0.49140102] bottom_world=[-0.1091073  -0.1091459   0.47140102] quat=[-3.8058361e-01 -1.0506870e-06 -3.7020232e-06  9.2474645e-01] speed=0.0001 ang_speed=0.0007 ang_vel_vec=[-0.00067623  0.00010387 -0.00020984] |com_force|=0.0000N
### kotek_magnet[tick=1140] sensor4: d=0.5249m in_range=False f_mag=0.000N tau_mag=0.0000Nm misalign_deg=90.0 pos=[-0.10900022  0.10899848  0.4914023 ] bottom_world=[-0.1090001  0.1089988  0.4714023] quat=[ 3.8268304e-01  3.5846026e-07 -8.4986914e-06  9.2387980e-01] speed=0.0009 ang_speed=0.0018 ang_vel_vec=[-0.0006385  -0.00086466  0.00149324] |com_force|=0.0000N
### kotek_magnet[tick=1200] sensor1: d=0.4082m in_range=False f_mag=0.000N tau_mag=0.0000Nm misalign_deg=90.0 pos=[0.10880255 0.10900911 0.4914024 ] bottom_world=[0.10880277 0.1090091  0.47140239] quat=[ 9.2484200e-01 -2.2921470e-06 -4.9007858e-06  3.8035166e-01] speed=0.0010 ang_speed=0.0018 ang_vel_vec=[-0.00080064  0.00065929  0.00141289] |com_force|=0.0000N
### kotek_magnet[tick=1200] sensor2: d=0.3208m in_range=False f_mag=0.000N tau_mag=0.0000Nm misalign_deg=90.0 pos=[ 0.10902434 -0.10904735  0.49140114] bottom_world=[ 0.10902456 -0.10904699  0.47140114] quat=[ 9.2300087e-01  1.0666438e-05 -1.6804725e-06 -3.8479793e-01] speed=0.0010 ang_speed=0.0027 ang_vel_vec=[-0.00159042  0.00197613 -0.00084644] |com_force|=0.0000N
### kotek_magnet[tick=1200] sensor3: d=0.5470m in_range=False f_mag=0.000N tau_mag=0.0000Nm misalign_deg=90.0 pos=[-0.10910648 -0.10914587  0.49140114] bottom_world=[-0.10910667 -0.10914567  0.47140114] quat=[-3.8058305e-01  2.5284271e-06 -6.5175118e-06  9.2474675e-01] speed=0.0009 ang_speed=0.0028 ang_vel_vec=[2.3927502e-03 8.3519517e-05 1.4316293e-03] |com_force|=0.0000N
### kotek_magnet[tick=1200] sensor4: d=0.5249m in_range=False f_mag=0.000N tau_mag=0.0000Nm misalign_deg=90.0 pos=[-0.10899989  0.10900027  0.49140224] bottom_world=[-0.10900018  0.10900011  0.47140224] quat=[3.8268238e-01 5.1554257e-06 6.5636373e-06 9.2387998e-01] speed=0.0013 ang_speed=0.0143 ang_vel_vec=[ 0.00738429 -0.0122406  -0.00032342] |com_force|=0.0000N
### kotek_magnet[tick=1260] sensor1: d=0.4082m in_range=False f_mag=0.000N tau_mag=0.0000Nm misalign_deg=90.0 pos=[0.10880258 0.10900908 0.4914024 ] bottom_world=[0.10880278 0.10900909 0.47140239] quat=[ 9.2484200e-01 -1.5100076e-06 -4.6740242e-06  3.8035163e-01] speed=0.0010 ang_speed=0.0022 ang_vel_vec=[-0.00162721  0.00014362  0.00146429] |com_force|=0.0000N
### kotek_magnet[tick=1260] sensor2: d=0.3208m in_range=False f_mag=0.000N tau_mag=0.0000Nm misalign_deg=90.0 pos=[ 0.10902464 -0.10904645  0.49140105] bottom_world=[ 0.1090246  -0.10904637  0.47140105] quat=[ 9.2300069e-01  1.5690727e-06  1.7692828e-06 -3.8479835e-01] speed=0.0001 ang_speed=0.0016 ang_vel_vec=[ 0.00106453 -0.00118385 -0.00034462] |com_force|=0.0000N
### kotek_magnet[tick=1260] sensor3: d=0.5470m in_range=False f_mag=0.000N tau_mag=0.0000Nm misalign_deg=90.0 pos=[-0.10910749 -0.10914606  0.4914011 ] bottom_world=[-0.10910744 -0.10914594  0.47140111] quat=[-3.8058391e-01 -2.3890639e-06 -2.3290420e-06  9.2474651e-01] speed=0.0005 ang_speed=0.0023 ang_vel_vec=[-0.00054092  0.00207773 -0.00072123] |com_force|=0.0000N
### kotek_magnet[tick=1260] sensor4: d=0.5249m in_range=False f_mag=0.000N tau_mag=0.0000Nm misalign_deg=90.0 pos=[-0.10900019  0.10899849  0.49140236] bottom_world=[-0.10900008  0.1089988   0.47140236] quat=[ 3.8268310e-01  3.9209868e-07 -8.2148072e-06  9.2387974e-01] speed=0.0009 ang_speed=0.0016 ang_vel_vec=[-0.00069547 -0.00048084  0.00135691] |com_force|=0.0000N
### kotek_magnet[tick=1320] sensor1: d=0.4082m in_range=False f_mag=0.000N tau_mag=0.0000Nm misalign_deg=90.0 pos=[0.10880258 0.10900909 0.49140233] bottom_world=[0.10880277 0.10900911 0.47140233] quat=[ 9.2484194e-01 -1.4154596e-06 -4.6195732e-06  3.8035163e-01] speed=0.0010 ang_speed=0.0025 ang_vel_vec=[-0.00185764  0.00011238  0.00168668] |com_force|=0.0000N
### kotek_magnet[tick=1320] sensor2: d=0.3208m in_range=False f_mag=0.000N tau_mag=0.0000Nm misalign_deg=90.0 pos=[ 0.10902448 -0.10904562  0.4914011 ] bottom_world=[ 0.10902438 -0.10904571  0.47140111] quat=[ 9.2300040e-01 -2.9713426e-06  1.4034130e-06 -3.8479897e-01] speed=0.0010 ang_speed=0.0026 ang_vel_vec=[0.00033129 0.00196925 0.0016793 ] |com_force|=0.0000N
### kotek_magnet[tick=1320] sensor3: d=0.5470m in_range=False f_mag=0.000N tau_mag=0.0000Nm misalign_deg=90.0 pos=[-0.10910641 -0.10914587  0.49140117] bottom_world=[-0.10910661 -0.10914566  0.47140117] quat=[-3.8058296e-01  2.6885066e-06 -6.9462649e-06  9.2474681e-01] speed=0.0010 ang_speed=0.0025 ang_vel_vec=[ 0.00172751 -0.00038072  0.00174043] |com_force|=0.0000N
### kotek_magnet[tick=1320] sensor4: d=0.5249m in_range=False f_mag=0.000N tau_mag=0.0000Nm misalign_deg=90.0 pos=[-0.10900035  0.10899936  0.4914022 ] bottom_world=[-0.1090003   0.10899949  0.47140221] quat=[ 3.8268244e-01  2.3660675e-07 -3.3988772e-06  9.2388004e-01] speed=0.0002 ang_speed=0.0009 ang_vel_vec=[ 3.8553197e-05  8.6800719e-04 -1.5101259e-04] |com_force|=0.0000N
### kotek_magnet[tick=1380] sensor1: d=0.4082m in_range=False f_mag=0.000N tau_mag=0.0000Nm misalign_deg=90.0 pos=[0.10880282 0.10900926 0.49140233] bottom_world=[0.10880299 0.10900923 0.47140233] quat=[ 9.2484182e-01 -2.3367684e-06 -3.7278492e-06  3.8035208e-01] speed=0.0006 ang_speed=0.0047 ang_vel_vec=[0.00424823 0.00183079 0.00058842] |com_force|=0.0000N
### kotek_magnet[tick=1380] sensor2: d=0.3208m in_range=False f_mag=0.000N tau_mag=0.0000Nm misalign_deg=90.0 pos=[ 0.1090247  -0.10904557  0.49140108] bottom_world=[ 0.10902449 -0.10904568  0.47140108] quat=[ 9.2300051e-01 -4.5813599e-06  3.5761107e-06 -3.8479879e-01] speed=0.0009 ang_speed=0.0031 ang_vel_vec=[-0.00016373 -0.00297519  0.00075121] |com_force|=0.0000N
### kotek_magnet[tick=1380] sensor3: d=0.5470m in_range=False f_mag=0.000N tau_mag=0.0000Nm misalign_deg=90.0 pos=[-0.10910728 -0.10914604  0.49140108] bottom_world=[-0.1091073  -0.10914589  0.47140108] quat=[-3.8058376e-01 -9.1769698e-07 -3.7800933e-06  9.2474657e-01] speed=0.0001 ang_speed=0.0012 ang_vel_vec=[-0.00100333 -0.00053039 -0.00034047] |com_force|=0.0000N
### kotek_magnet[tick=1380] sensor4: d=0.5249m in_range=False f_mag=0.000N tau_mag=0.0000Nm misalign_deg=90.0 pos=[-0.10900038  0.10899875  0.4914023 ] bottom_world=[-0.10900023  0.10899904  0.4714023 ] quat=[ 3.8268265e-01 -7.0999920e-07 -8.1399703e-06  9.2387992e-01] speed=0.0006 ang_speed=0.0048 ang_vel_vec=[-0.00176337  0.0044661   0.0004849 ] |com_force|=0.0000N
### kotek_magnet[tick=1440] sensor1: d=0.4082m in_range=False f_mag=0.000N tau_mag=0.0000Nm misalign_deg=90.0 pos=[0.1088044  0.10900877 0.49140236] bottom_world=[0.1088041  0.10900921 0.47140236] quat=[9.2484158e-01 1.2940436e-05 2.6978548e-06 3.8035247e-01] speed=0.0013 ang_speed=0.0165 ang_vel_vec=[-0.01417492 -0.00839077 -0.00037535] |com_force|=0.0000N
### kotek_magnet[tick=1440] sensor2: d=0.3208m in_range=False f_mag=0.000N tau_mag=0.0000Nm misalign_deg=90.0 pos=[ 0.10902467 -0.1090456   0.49140108] bottom_world=[ 0.10902447 -0.10904571  0.47140108] quat=[ 9.2300057e-01 -4.4984886e-06  3.6333265e-06 -3.8479879e-01] speed=0.0009 ang_speed=0.0030 ang_vel_vec=[-0.00022355 -0.00290859  0.00081476] |com_force|=0.0000N
### kotek_magnet[tick=1440] sensor3: d=0.5470m in_range=False f_mag=0.000N tau_mag=0.0000Nm misalign_deg=90.0 pos=[-0.1091075  -0.10914606  0.49140114] bottom_world=[-0.10910745 -0.10914593  0.47140114] quat=[-3.8058379e-01 -2.4948295e-06 -2.5766890e-06  9.2474645e-01] speed=0.0005 ang_speed=0.0023 ang_vel_vec=[-0.00118481  0.00188577 -0.00063927] |com_force|=0.0000N
### kotek_magnet[tick=1440] sensor4: d=0.5249m in_range=False f_mag=0.000N tau_mag=0.0000Nm misalign_deg=90.0 pos=[-0.10900022  0.10899851  0.49140233] bottom_world=[-0.10900011  0.10899882  0.47140233] quat=[ 3.826831e-01  5.150307e-07 -8.165719e-06  9.238797e-01] speed=0.0009 ang_speed=0.0019 ang_vel_vec=[-0.00039517 -0.00120479  0.00141825] |com_force|=0.0000N
### kotek_magnet[tick=1500] sensor1: d=0.4082m in_range=False f_mag=0.000N tau_mag=0.0000Nm misalign_deg=90.0 pos=[0.10880437 0.10900877 0.49140233] bottom_world=[0.10880409 0.1090092  0.47140233] quat=[9.2484158e-01 1.2596264e-05 2.6333728e-06 3.8035250e-01] speed=0.0013 ang_speed=0.0155 ang_vel_vec=[-0.01336055 -0.00784264 -0.00036646] |com_force|=0.0000N
### kotek_magnet[tick=1500] sensor2: d=0.3208m in_range=False f_mag=0.000N tau_mag=0.0000Nm misalign_deg=90.0 pos=[ 0.10902464 -0.10904645  0.49140105] bottom_world=[ 0.10902459 -0.10904636  0.47140105] quat=[ 9.2300075e-01  1.5689599e-06  1.9863542e-06 -3.8479826e-01] speed=0.0001 ang_speed=0.0018 ang_vel_vec=[ 0.00057693 -0.00171832 -0.0003214 ] |com_force|=0.0000N
### kotek_magnet[tick=1500] sensor3: d=0.5470m in_range=False f_mag=0.000N tau_mag=0.0000Nm misalign_deg=90.0 pos=[-0.1091075  -0.10914603  0.4914011 ] bottom_world=[-0.10910745 -0.1091459   0.47140111] quat=[-3.8058382e-01 -2.4762912e-06 -2.5170382e-06  9.2474639e-01] speed=0.0005 ang_speed=0.0025 ang_vel_vec=[-0.00133165  0.00204924 -0.00069875] |com_force|=0.0000N
### kotek_magnet[tick=1500] sensor4: d=0.5249m in_range=False f_mag=0.000N tau_mag=0.0000Nm misalign_deg=90.0 pos=[-0.10900021  0.10899851  0.49140227] bottom_world=[-0.1090001   0.10899882  0.47140227] quat=[ 3.8268301e-01  4.2763330e-07 -8.2107081e-06  9.2387974e-01] speed=0.0009 ang_speed=0.0017 ang_vel_vec=[-0.00061897 -0.00074365  0.00139406] |com_force|=0.0000N
### kotek_magnet[tick=1560] sensor1: d=0.4082m in_range=False f_mag=0.000N tau_mag=0.0000Nm misalign_deg=90.0 pos=[0.1088043  0.10900895 0.4914023 ] bottom_world=[0.10880403 0.1090093  0.4714023 ] quat=[9.2484152e-01 1.0511126e-05 2.9325313e-06 3.8035282e-01] speed=0.0010 ang_speed=0.0027 ang_vel_vec=[-0.0017922  -0.00175417 -0.00102101] |com_force|=0.0000N
### kotek_magnet[tick=1560] sensor2: d=0.3208m in_range=False f_mag=0.000N tau_mag=0.0000Nm misalign_deg=90.0 pos=[ 0.10902463 -0.10904672  0.49140114] bottom_world=[ 0.10902462 -0.10904655  0.47140114] quat=[ 9.2300081e-01  3.8594703e-06  1.9241688e-06 -3.8479808e-01] speed=0.0005 ang_speed=0.0024 ang_vel_vec=[-0.00217505 -0.00061572 -0.00089577] |com_force|=0.0000N
### kotek_magnet[tick=1560] sensor3: d=0.5470m in_range=False f_mag=0.000N tau_mag=0.0000Nm misalign_deg=90.0 pos=[-0.10910817 -0.10914579  0.49140117] bottom_world=[-0.10910791 -0.10914591  0.47140117] quat=[-3.8058406e-01 -4.9140062e-06  5.2229047e-06  9.2474639e-01] speed=0.0010 ang_speed=0.0027 ang_vel_vec=[ 0.00196667  0.00156512 -0.0009553 ] |com_force|=0.0000N
### kotek_magnet[tick=1560] sensor4: d=0.5249m in_range=False f_mag=0.000N tau_mag=0.0000Nm misalign_deg=90.0 pos=[-0.10900024  0.10899851  0.49140227] bottom_world=[-0.10900013  0.10899882  0.47140227] quat=[ 3.826829e-01  5.081984e-07 -8.146733e-06  9.238798e-01] speed=0.0009 ang_speed=0.0016 ang_vel_vec=[-0.00041452 -0.00100346  0.00118201] |com_force|=0.0000N
### kotek_magnet[tick=1620] sensor1: d=0.4082m in_range=False f_mag=0.000N tau_mag=0.0000Nm misalign_deg=90.0 pos=[0.10880377 0.10900928 0.49140233] bottom_world=[0.10880368 0.1090094  0.47140233] quat=[9.2484152e-01 3.7012778e-06 9.6610552e-07 3.8035268e-01] speed=0.0006 ang_speed=0.0025 ang_vel_vec=[ 0.00046419 -0.00225504 -0.00098149] |com_force|=0.0000N
### kotek_magnet[tick=1620] sensor2: d=0.3208m in_range=False f_mag=0.000N tau_mag=0.0000Nm misalign_deg=90.0 pos=[ 0.10902461 -0.10904672  0.49140108] bottom_world=[ 0.10902459 -0.10904656  0.47140108] quat=[ 9.2300081e-01  3.6497943e-06  1.9223608e-06 -3.8479811e-01] speed=0.0004 ang_speed=0.0024 ang_vel_vec=[-0.00200813 -0.00099923 -0.00081246] |com_force|=0.0000N
### kotek_magnet[tick=1620] sensor3: d=0.5470m in_range=False f_mag=0.000N tau_mag=0.0000Nm misalign_deg=90.0 pos=[-0.10910752 -0.10914605  0.49140105] bottom_world=[-0.10910746 -0.10914592  0.47140105] quat=[-3.8058394e-01 -2.4432391e-06 -2.4065539e-06  9.2474639e-01] speed=0.0005 ang_speed=0.0024 ang_vel_vec=[-0.0009822   0.002021   -0.00080902] |com_force|=0.0000N
### kotek_magnet[tick=1620] sensor4: d=0.5249m in_range=False f_mag=0.000N tau_mag=0.0000Nm misalign_deg=90.0 pos=[-0.10900035  0.10899931  0.4914022 ] bottom_world=[-0.1090003   0.10899945  0.47140221] quat=[ 3.8268247e-01  2.4798999e-07 -3.5847156e-06  9.2388004e-01] speed=0.0002 ang_speed=0.0014 ang_vel_vec=[-0.00036526  0.00122898 -0.00046202] |com_force|=0.0000N
### kotek_magnet[tick=1680] sensor1: d=0.4082m in_range=False f_mag=0.000N tau_mag=0.0000Nm misalign_deg=90.0 pos=[0.10880381 0.10900925 0.49140242] bottom_world=[0.10880372 0.10900937 0.47140242] quat=[9.2484158e-01 3.4875175e-06 8.9269037e-07 3.8035265e-01] speed=0.0006 ang_speed=0.0025 ang_vel_vec=[ 0.0012575  -0.00197386 -0.00075765] |com_force|=0.0000N
### kotek_magnet[tick=1680] sensor2: d=0.3208m in_range=False f_mag=0.000N tau_mag=0.0000Nm misalign_deg=90.0 pos=[ 0.10902472 -0.10904561  0.49140105] bottom_world=[ 0.10902452 -0.10904572  0.47140105] quat=[ 9.2300051e-01 -4.4818153e-06  3.6337349e-06 -3.8479891e-01] speed=0.0009 ang_speed=0.0031 ang_vel_vec=[-6.1329854e-05 -3.0120148e-03  8.8661403e-04] |com_force|=0.0000N
### kotek_magnet[tick=1680] sensor3: d=0.5470m in_range=False f_mag=0.000N tau_mag=0.0000Nm misalign_deg=90.0 pos=[-0.10910755 -0.10914586  0.49140105] bottom_world=[-0.10910747 -0.10914585  0.47140105] quat=[-3.8058367e-01 -2.0224131e-06  4.8099355e-07  9.2474651e-01] speed=0.0004 ang_speed=0.0025 ang_vel_vec=[ 1.6084884e-03  1.9722742e-03 -8.0645324e-05] |com_force|=0.0000N
### kotek_magnet[tick=1680] sensor4: d=0.5249m in_range=False f_mag=0.000N tau_mag=0.0000Nm misalign_deg=90.0 pos=[-0.10900036  0.10899928  0.49140227] bottom_world=[-0.10900031  0.10899943  0.47140227] quat=[ 3.8268238e-01  1.1876435e-07 -3.8625985e-06  9.2387998e-01] speed=0.0002 ang_speed=0.0021 ang_vel_vec=[-0.00086253  0.00189718 -0.00023492] |com_force|=0.0000N
### still playing, 1370s left
### kotek_magnet[tick=1740] sensor1: d=0.4082m in_range=False f_mag=0.000N tau_mag=0.0000Nm misalign_deg=90.0 pos=[0.10880381 0.10900928 0.49140224] bottom_world=[0.10880371 0.1090094  0.47140224] quat=[9.2484152e-01 3.7655429e-06 9.9403530e-07 3.8035268e-01] speed=0.0006 ang_speed=0.0029 ang_vel_vec=[-0.00017072 -0.00265864 -0.00112602] |com_force|=0.0000N
### kotek_magnet[tick=1740] sensor2: d=0.3208m in_range=False f_mag=0.000N tau_mag=0.0000Nm misalign_deg=90.0 pos=[ 0.10902444 -0.10904674  0.49140102] bottom_world=[ 0.10902455 -0.10904654  0.47140102] quat=[ 9.2300087e-01  5.6177228e-06 -5.0891123e-07 -3.8479811e-01] speed=0.0003 ang_speed=0.0030 ang_vel_vec=[-0.00236171  0.00181951 -0.00045082] |com_force|=0.0000N
### kotek_magnet[tick=1740] sensor3: d=0.5470m in_range=False f_mag=0.000N tau_mag=0.0000Nm misalign_deg=90.0 pos=[-0.10910755 -0.10914586  0.49140105] bottom_world=[-0.10910746 -0.10914586  0.47140105] quat=[-3.8058376e-01 -2.1646565e-06  8.8276670e-07  9.2474645e-01] speed=0.0004 ang_speed=0.0030 ang_vel_vec=[ 0.0018204   0.00237311 -0.00045176] |com_force|=0.0000N
### kotek_magnet[tick=1740] sensor4: d=0.5249m in_range=False f_mag=0.000N tau_mag=0.0000Nm misalign_deg=90.0 pos=[-0.10900008  0.10900021  0.4914023 ] bottom_world=[-0.1090003   0.10900006  0.4714023 ] quat=[3.8268209e-01 3.7927121e-06 5.5219230e-06 9.2388010e-01] speed=0.0010 ang_speed=0.0029 ang_vel_vec=[ 0.00191651 -0.00197786 -0.00099596] |com_force|=0.0000N
### kotek_magnet[tick=1800] sensor1: d=0.4082m in_range=False f_mag=0.000N tau_mag=0.0000Nm misalign_deg=90.0 pos=[0.10880419 0.10900887 0.49140236] bottom_world=[0.10880393 0.10900923 0.47140236] quat=[9.2484164e-01 1.0647734e-05 2.5580418e-06 3.8035253e-01] speed=0.0009 ang_speed=0.0041 ang_vel_vec=[-0.00270049 -0.00300038 -0.00043197] |com_force|=0.0000N
### kotek_magnet[tick=1800] sensor2: d=0.3208m in_range=False f_mag=0.000N tau_mag=0.0000Nm misalign_deg=90.0 pos=[ 0.10902444 -0.10904676  0.49140108] bottom_world=[ 0.10902454 -0.10904656  0.47140108] quat=[ 9.2300075e-01  5.5858177e-06 -3.8833866e-07 -3.8479835e-01] speed=0.0004 ang_speed=0.0029 ang_vel_vec=[-0.00240702  0.00154994 -0.00011758] |com_force|=0.0000N
### kotek_magnet[tick=1800] sensor3: d=0.5470m in_range=False f_mag=0.000N tau_mag=0.0000Nm misalign_deg=90.0 pos=[-0.10910751 -0.10914606  0.49140114] bottom_world=[-0.10910745 -0.10914593  0.47140114] quat=[-3.8058373e-01 -2.5860863e-06 -2.4290869e-06  9.2474645e-01] speed=0.0005 ang_speed=0.0024 ang_vel_vec=[-0.00134177  0.00194453 -0.00060187] |com_force|=0.0000N
### kotek_magnet[tick=1800] sensor4: d=0.5249m in_range=False f_mag=0.000N tau_mag=0.0000Nm misalign_deg=90.0 pos=[-0.10900006  0.10900017  0.49140236] bottom_world=[-0.10900029  0.10900003  0.47140236] quat=[3.8268220e-01 3.7582010e-06 5.3767817e-06 9.2388010e-01] speed=0.0010 ang_speed=0.0024 ang_vel_vec=[ 0.00162969 -0.00168842 -0.00064715] |com_force|=0.0000N
### kotek_magnet[tick=1860] sensor1: d=0.4082m in_range=False f_mag=0.000N tau_mag=0.0000Nm misalign_deg=90.0 pos=[0.10880379 0.10900929 0.49140233] bottom_world=[0.1088037  0.10900942 0.47140233] quat=[9.2484152e-01 3.9881443e-06 9.8429541e-07 3.8035256e-01] speed=0.0006 ang_speed=0.0028 ang_vel_vec=[-0.00037492 -0.00268701 -0.00067934] |com_force|=0.0000N
### kotek_magnet[tick=1860] sensor2: d=0.3208m in_range=False f_mag=0.000N tau_mag=0.0000Nm misalign_deg=90.0 pos=[ 0.10902429 -0.10904738  0.4914011 ] bottom_world=[ 0.10902454 -0.10904699  0.47140111] quat=[ 9.2300087e-01  1.1452935e-05 -1.9938957e-06 -3.8479790e-01] speed=0.0010 ang_speed=0.0027 ang_vel_vec=[-0.0016639   0.00209945 -0.00060166] |com_force|=0.0000N
### kotek_magnet[tick=1860] sensor3: d=0.5470m in_range=False f_mag=0.000N tau_mag=0.0000Nm misalign_deg=90.0 pos=[-0.10910816 -0.10914578  0.49140123] bottom_world=[-0.1091079  -0.1091459   0.47140123] quat=[-3.8058397e-01 -5.0006129e-06  5.2338428e-06  9.2474633e-01] speed=0.0010 ang_speed=0.0022 ang_vel_vec=[ 0.00167667  0.00134257 -0.00059949] |com_force|=0.0000N
### kotek_magnet[tick=1860] sensor4: d=0.5249m in_range=False f_mag=0.000N tau_mag=0.0000Nm misalign_deg=90.0 pos=[-0.10900036  0.10899955  0.49140236] bottom_world=[-0.10900035  0.10899961  0.47140236] quat=[ 3.8268226e-01  3.7362895e-07 -1.3322438e-06  9.2388010e-01] speed=0.0005 ang_speed=0.0026 ang_vel_vec=[ 0.00238604  0.00073619 -0.00054384] |com_force|=0.0000N
### kotek_magnet[tick=1920] sensor1: d=0.4082m in_range=False f_mag=0.000N tau_mag=0.0000Nm misalign_deg=90.0 pos=[0.1088038  0.10900927 0.4914023 ] bottom_world=[0.10880371 0.10900939 0.4714023 ] quat=[9.2484164e-01 3.7971806e-06 9.9554120e-07 3.8035250e-01] speed=0.0006 ang_speed=0.0025 ang_vel_vec=[ 0.00023469 -0.00238138 -0.00072201] |com_force|=0.0000N
### kotek_magnet[tick=1920] sensor2: d=0.3208m in_range=False f_mag=0.000N tau_mag=0.0000Nm misalign_deg=90.0 pos=[ 0.10902463 -0.1090467   0.4914011 ] bottom_world=[ 0.10902462 -0.10904652  0.47140111] quat=[ 9.2300075e-01  3.9231836e-06  1.9119427e-06 -3.8479814e-01] speed=0.0005 ang_speed=0.0023 ang_vel_vec=[-0.00198849 -0.00094247 -0.00057174] |com_force|=0.0000N
### kotek_magnet[tick=1920] sensor3: d=0.5470m in_range=False f_mag=0.000N tau_mag=0.0000Nm misalign_deg=90.0 pos=[-0.10910648 -0.10914586  0.4914011 ] bottom_world=[-0.10910667 -0.10914566  0.47140111] quat=[-3.8058290e-01  2.4020842e-06 -6.2775093e-06  9.2474687e-01] speed=0.0009 ang_speed=0.0029 ang_vel_vec=[0.00236734 0.00011736 0.00167425] |com_force|=0.0000N
### kotek_magnet[tick=1920] sensor4: d=0.5249m in_range=False f_mag=0.000N tau_mag=0.0000Nm misalign_deg=90.0 pos=[-0.10900005  0.10900019  0.4914023 ] bottom_world=[-0.10900027  0.10900005  0.4714023 ] quat=[3.8268209e-01 3.7640871e-06 5.4214615e-06 9.2388010e-01] speed=0.0010 ang_speed=0.0025 ang_vel_vec=[ 0.00172169 -0.0016729  -0.00058665] |com_force|=0.0000N
### kotek_magnet[tick=1980] sensor1: d=0.4082m in_range=False f_mag=0.000N tau_mag=0.0000Nm misalign_deg=90.0 pos=[0.10880381 0.10900926 0.49140233] bottom_world=[0.10880372 0.10900938 0.47140233] quat=[9.2484164e-01 3.6099404e-06 9.8606517e-07 3.8035265e-01] speed=0.0006 ang_speed=0.0024 ang_vel_vec=[ 0.00122957 -0.00188963 -0.00086128] |com_force|=0.0000N
### kotek_magnet[tick=1980] sensor2: d=0.3208m in_range=False f_mag=0.000N tau_mag=0.0000Nm misalign_deg=90.0 pos=[ 0.10902435 -0.10904735  0.49140108] bottom_world=[ 0.10902458 -0.10904697  0.47140108] quat=[ 9.2300087e-01  1.0834723e-05 -1.7580123e-06 -3.8479790e-01] speed=0.0010 ang_speed=0.0028 ang_vel_vec=[-0.00169007  0.00206269 -0.00079421] |com_force|=0.0000N
### kotek_magnet[tick=1980] sensor3: d=0.5470m in_range=False f_mag=0.000N tau_mag=0.0000Nm misalign_deg=90.0 pos=[-0.10910669 -0.10914607  0.49140114] bottom_world=[-0.10910686 -0.10914582  0.47140114] quat=[-3.8058323e-01  1.5690827e-06 -7.5622265e-06  9.2474663e-01] speed=0.0006 ang_speed=0.0043 ang_vel_vec=[-0.00388758 -0.00175123  0.00051798] |com_force|=0.0000N
### kotek_magnet[tick=1980] sensor4: d=0.5249m in_range=False f_mag=0.000N tau_mag=0.0000Nm misalign_deg=90.0 pos=[-0.10900034  0.1089993   0.4914023 ] bottom_world=[-0.10900028  0.10899944  0.4714023 ] quat=[ 3.8268241e-01  3.2100218e-08 -3.7550967e-06  9.2387998e-01] speed=0.0002 ang_speed=0.0014 ang_vel_vec=[-6.4182103e-05  1.3182597e-03 -3.6949862e-04] |com_force|=0.0000N
### kotek_magnet[tick=2040] sensor1: d=0.4082m in_range=False f_mag=0.000N tau_mag=0.0000Nm misalign_deg=90.0 pos=[0.10880429 0.10900896 0.49140236] bottom_world=[0.10880402 0.1090093  0.47140236] quat=[9.2484152e-01 1.0422677e-05 2.8635673e-06 3.8035288e-01] speed=0.0010 ang_speed=0.0030 ang_vel_vec=[-0.00203912 -0.00188514 -0.00104118] |com_force|=0.0000N
### kotek_magnet[tick=2040] sensor2: d=0.3208m in_range=False f_mag=0.000N tau_mag=0.0000Nm misalign_deg=90.0 pos=[ 0.10902464 -0.10904668  0.49140117] bottom_world=[ 0.10902462 -0.10904651  0.47140117] quat=[ 9.2300081e-01  3.7239865e-06  1.9583090e-06 -3.8479805e-01] speed=0.0004 ang_speed=0.0024 ang_vel_vec=[-0.00191521 -0.00105938 -0.00088031] |com_force|=0.0000N
### kotek_magnet[tick=2040] sensor3: d=0.5470m in_range=False f_mag=0.000N tau_mag=0.0000Nm misalign_deg=90.0 pos=[-0.10910755 -0.10914586  0.49140108] bottom_world=[-0.10910747 -0.10914586  0.47140108] quat=[-3.8058379e-01 -2.0828231e-06  7.4792320e-07  9.2474645e-01] speed=0.0004 ang_speed=0.0028 ang_vel_vec=[ 0.0017521   0.0022003  -0.00039696] |com_force|=0.0000N
### kotek_magnet[tick=2040] sensor4: d=0.5249m in_range=False f_mag=0.000N tau_mag=0.0000Nm misalign_deg=90.0 pos=[-0.10900009  0.10900016  0.49140233] bottom_world=[-0.10900031  0.10900002  0.47140233] quat=[3.8268200e-01 3.7287748e-06 5.3751119e-06 9.2388016e-01] speed=0.0010 ang_speed=0.0029 ang_vel_vec=[ 0.00193936 -0.00201136 -0.00093998] |com_force|=0.0000N
### kotek_magnet[tick=2100] sensor1: d=0.4082m in_range=False f_mag=0.000N tau_mag=0.0000Nm misalign_deg=90.0 pos=[0.10880379 0.10900929 0.49140227] bottom_world=[0.1088037  0.10900941 0.47140227] quat=[9.2484152e-01 3.6645365e-06 9.9449448e-07 3.8035268e-01] speed=0.0006 ang_speed=0.0024 ang_vel_vec=[ 0.00065626 -0.00213882 -0.0008971 ] |com_force|=0.0000N
### kotek_magnet[tick=2100] sensor2: d=0.3208m in_range=False f_mag=0.000N tau_mag=0.0000Nm misalign_deg=90.0 pos=[ 0.10902464 -0.1090467   0.49140108] bottom_world=[ 0.10902463 -0.10904653  0.47140108] quat=[ 9.2300081e-01  3.6136285e-06  1.9952731e-06 -3.8479805e-01] speed=0.0004 ang_speed=0.0024 ang_vel_vec=[-0.00199024 -0.00117294 -0.00073529] |com_force|=0.0000N
### kotek_magnet[tick=2100] sensor3: d=0.5470m in_range=False f_mag=0.000N tau_mag=0.0000Nm misalign_deg=90.0 pos=[-0.10910755 -0.10914584  0.491401  ] bottom_world=[-0.10910747 -0.10914583  0.47140099] quat=[-3.8058373e-01 -2.0880300e-06  6.0449747e-07  9.2474651e-01] speed=0.0004 ang_speed=0.0030 ang_vel_vec=[ 0.00179141  0.00239728 -0.00025651] |com_force|=0.0000N
### kotek_magnet[tick=2100] sensor4: d=0.5249m in_range=False f_mag=0.000N tau_mag=0.0000Nm misalign_deg=90.0 pos=[-0.10900006  0.10900021  0.49140227] bottom_world=[-0.10900028  0.10900006  0.47140227] quat=[3.8268200e-01 3.7615300e-06 5.5388864e-06 9.2388010e-01] speed=0.0010 ang_speed=0.0026 ang_vel_vec=[ 0.00176875 -0.00169116 -0.00077049] |com_force|=0.0000N
### kotek_magnet[tick=2160] sensor1: d=0.4082m in_range=False f_mag=0.000N tau_mag=0.0000Nm misalign_deg=90.0 pos=[0.10880382 0.1090093  0.49140227] bottom_world=[0.10880372 0.10900942 0.47140227] quat=[9.2484158e-01 3.8232511e-06 1.0239949e-06 3.8035268e-01] speed=0.0006 ang_speed=0.0025 ang_vel_vec=[ 0.00048434 -0.0022392  -0.00095027] |com_force|=0.0000N
### kotek_magnet[tick=2160] sensor2: d=0.3208m in_range=False f_mag=0.000N tau_mag=0.0000Nm misalign_deg=90.0 pos=[ 0.10902463 -0.10904647  0.49140102] bottom_world=[ 0.10902458 -0.10904638  0.47140102] quat=[ 9.2300075e-01  1.6976433e-06  1.9272090e-06 -3.8479829e-01] speed=0.0001 ang_speed=0.0016 ang_vel_vec=[ 0.00066882 -0.00137367 -0.00040283] |com_force|=0.0000N
### kotek_magnet[tick=2160] sensor3: d=0.5470m in_range=False f_mag=0.000N tau_mag=0.0000Nm misalign_deg=90.0 pos=[-0.10910816 -0.10914579  0.49140108] bottom_world=[-0.1091079  -0.1091459   0.47140108] quat=[-3.8058412e-01 -4.9323926e-06  5.0955537e-06  9.2474639e-01] speed=0.0010 ang_speed=0.0026 ang_vel_vec=[ 0.0018514   0.00156783 -0.00082884] |com_force|=0.0000N
### kotek_magnet[tick=2160] sensor4: d=0.5249m in_range=False f_mag=0.000N tau_mag=0.0000Nm misalign_deg=90.0 pos=[-0.10900036  0.10899951  0.4914023 ] bottom_world=[-0.10900034  0.10899957  0.4714023 ] quat=[ 3.8268214e-01  1.8427875e-07 -1.6350352e-06  9.2388004e-01] speed=0.0005 ang_speed=0.0025 ang_vel_vec=[ 0.00189878  0.00136828 -0.00078496] |com_force|=0.0000N
### kotek_magnet[tick=2220] sensor1: d=0.4082m in_range=False f_mag=0.000N tau_mag=0.0000Nm misalign_deg=90.0 pos=[0.10880381 0.10900922 0.49140242] bottom_world=[0.10880371 0.10900935 0.47140242] quat=[9.248416e-01 3.933203e-06 9.200088e-07 3.803526e-01] speed=0.0006 ang_speed=0.0029 ang_vel_vec=[-0.00049526 -0.00265948 -0.00105916] |com_force|=0.0000N
### kotek_magnet[tick=2220] sensor2: d=0.3208m in_range=False f_mag=0.000N tau_mag=0.0000Nm misalign_deg=90.0 pos=[ 0.10902433 -0.10904738  0.49140117] bottom_world=[ 0.10902457 -0.10904699  0.47140117] quat=[ 9.2300087e-01  1.1248771e-05 -1.8097135e-06 -3.8479790e-01] speed=0.0010 ang_speed=0.0030 ang_vel_vec=[-0.0019146   0.00215755 -0.00091807] |com_force|=0.0000N
### kotek_magnet[tick=2220] sensor3: d=0.5470m in_range=False f_mag=0.000N tau_mag=0.0000Nm misalign_deg=90.0 pos=[-0.10910818 -0.10914578  0.49140114] bottom_world=[-0.10910791 -0.1091459   0.47140114] quat=[-3.8058412e-01 -5.0603858e-06  5.3513008e-06  9.2474639e-01] speed=0.0010 ang_speed=0.0027 ang_vel_vec=[ 0.0019013   0.00164387 -0.00091723] |com_force|=0.0000N
### kotek_magnet[tick=2220] sensor4: d=0.5249m in_range=False f_mag=0.000N tau_mag=0.0000Nm misalign_deg=90.0 pos=[-0.10900043  0.10899843  0.49140242] bottom_world=[-0.10900023  0.10899876  0.47140242] quat=[ 3.8268289e-01 -1.3714073e-06 -9.6403701e-06  9.2387980e-01] speed=0.0009 ang_speed=0.0032 ang_vel_vec=[0.00023754 0.00313784 0.00047466] |com_force|=0.0000N
### kotek_magnet[tick=2280] sensor1: d=0.4082m in_range=False f_mag=0.000N tau_mag=0.0000Nm misalign_deg=90.0 pos=[0.10880378 0.1090093  0.49140227] bottom_world=[0.10880369 0.10900943 0.47140227] quat=[9.2484164e-01 3.7197126e-06 9.4666871e-07 3.8035265e-01] speed=0.0006 ang_speed=0.0025 ang_vel_vec=[ 0.00026929 -0.00230031 -0.0008851 ] |com_force|=0.0000N
### kotek_magnet[tick=2280] sensor2: d=0.3208m in_range=False f_mag=0.000N tau_mag=0.0000Nm misalign_deg=90.0 pos=[ 0.10902449 -0.10904562  0.4914011 ] bottom_world=[ 0.10902439 -0.10904571  0.47140111] quat=[ 9.2300045e-01 -2.9518524e-06  1.4801176e-06 -3.8479882e-01] speed=0.0010 ang_speed=0.0022 ang_vel_vec=[0.00046575 0.00165262 0.00141479] |com_force|=0.0000N
### kotek_magnet[tick=2280] sensor3: d=0.5470m in_range=False f_mag=0.000N tau_mag=0.0000Nm misalign_deg=90.0 pos=[-0.10910751 -0.10914609  0.4914011 ] bottom_world=[-0.10910745 -0.10914596  0.47140111] quat=[-3.8058388e-01 -2.4948429e-06 -2.4607309e-06  9.2474639e-01] speed=0.0005 ang_speed=0.0024 ang_vel_vec=[-0.00122836  0.00195581 -0.00076231] |com_force|=0.0000N
### kotek_magnet[tick=2280] sensor4: d=0.5249m in_range=False f_mag=0.000N tau_mag=0.0000Nm misalign_deg=90.0 pos=[-0.10900019  0.10899849  0.49140227] bottom_world=[-0.10900008  0.1089988   0.47140227] quat=[ 3.8268313e-01  4.7241227e-07 -8.1862936e-06  9.2387974e-01] speed=0.0009 ang_speed=0.0017 ang_vel_vec=[-0.00055375 -0.00088363  0.00133859] |com_force|=0.0000N
### kotek_magnet[tick=2340] sensor1: d=0.4082m in_range=False f_mag=0.000N tau_mag=0.0000Nm misalign_deg=90.0 pos=[0.1088038  0.10900924 0.49140233] bottom_world=[0.1088037  0.10900937 0.47140233] quat=[9.2484158e-01 3.8421545e-06 1.0334504e-06 3.8035262e-01] speed=0.0006 ang_speed=0.0026 ang_vel_vec=[ 0.0001612  -0.00249898 -0.00085913] |com_force|=0.0000N
### kotek_magnet[tick=2340] sensor2: d=0.3208m in_range=False f_mag=0.000N tau_mag=0.0000Nm misalign_deg=90.0 pos=[ 0.10902462 -0.10904644  0.49140108] bottom_world=[ 0.10902458 -0.10904635  0.47140108] quat=[ 9.2300069e-01  1.6922877e-06  1.8425798e-06 -3.8479841e-01] speed=0.0001 ang_speed=0.0011 ang_vel_vec=[ 0.00035538 -0.00100961 -0.00030538] |com_force|=0.0000N
### kotek_magnet[tick=2340] sensor3: d=0.5470m in_range=False f_mag=0.000N tau_mag=0.0000Nm misalign_deg=90.0 pos=[-0.10910752 -0.10914606  0.49140108] bottom_world=[-0.10910746 -0.10914594  0.47140108] quat=[-3.8058382e-01 -2.5524212e-06 -2.2671566e-06  9.2474645e-01] speed=0.0005 ang_speed=0.0023 ang_vel_vec=[-0.00096506  0.001931   -0.00066878] |com_force|=0.0000N
### kotek_magnet[tick=2340] sensor4: d=0.5249m in_range=False f_mag=0.000N tau_mag=0.0000Nm misalign_deg=90.0 pos=[-0.10900034  0.10899878  0.4914023 ] bottom_world=[-0.1090002   0.10899906  0.4714023 ] quat=[ 3.8268277e-01 -5.6618978e-07 -7.9359979e-06  9.2387980e-01] speed=0.0006 ang_speed=0.0046 ang_vel_vec=[-0.00172084  0.00423886  0.0005075 ] |com_force|=0.0000N
### kotek_magnet[tick=2400] sensor1: d=0.4082m in_range=False f_mag=0.000N tau_mag=0.0000Nm misalign_deg=90.0 pos=[0.1088038  0.10900925 0.4914023 ] bottom_world=[0.10880371 0.10900937 0.4714023 ] quat=[9.2484158e-01 3.7233042e-06 9.9607939e-07 3.8035253e-01] speed=0.0006 ang_speed=0.0028 ang_vel_vec=[-9.2387454e-05 -2.6771298e-03 -7.9309294e-04] |com_force|=0.0000N
### kotek_magnet[tick=2400] sensor2: d=0.3208m in_range=False f_mag=0.000N tau_mag=0.0000Nm misalign_deg=90.0 pos=[ 0.10902433 -0.10904737  0.49140114] bottom_world=[ 0.10902457 -0.10904699  0.47140114] quat=[ 9.2300093e-01  1.1017512e-05 -1.7772020e-06 -3.8479787e-01] speed=0.0010 ang_speed=0.0026 ang_vel_vec=[-0.00160696  0.00188611 -0.00063699] |com_force|=0.0000N
### kotek_magnet[tick=2400] sensor3: d=0.5470m in_range=False f_mag=0.000N tau_mag=0.0000Nm misalign_deg=90.0 pos=[-0.10910818 -0.10914576  0.49140126] bottom_world=[-0.10910791 -0.10914589  0.47140126] quat=[-3.8058394e-01 -5.0100630e-06  5.4756174e-06  9.2474639e-01] speed=0.0010 ang_speed=0.0025 ang_vel_vec=[ 0.00183367  0.00151307 -0.00062383] |com_force|=0.0000N
### kotek_magnet[tick=2400] sensor4: d=0.5249m in_range=False f_mag=0.000N tau_mag=0.0000Nm misalign_deg=90.0 pos=[-0.1090002   0.10899848  0.4914024 ] bottom_world=[-0.1090001   0.10899879  0.47140239] quat=[ 3.8268304e-01  5.8444442e-07 -7.9611609e-06  9.2387974e-01] speed=0.0009 ang_speed=0.0023 ang_vel_vec=[-0.00014707 -0.00182157  0.00145612] |com_force|=0.0000N
### kotek_magnet[tick=2460] sensor1: d=0.4082m in_range=False f_mag=0.000N tau_mag=0.0000Nm misalign_deg=90.0 pos=[0.10880258 0.10900907 0.4914024 ] bottom_world=[0.10880277 0.10900909 0.47140239] quat=[ 9.2484194e-01 -1.3855836e-06 -4.6406849e-06  3.8035169e-01] speed=0.0010 ang_speed=0.0024 ang_vel_vec=[-1.9222620e-03 -5.8616602e-05  1.4447180e-03] |com_force|=0.0000N
### kotek_magnet[tick=2460] sensor2: d=0.3208m in_range=False f_mag=0.000N tau_mag=0.0000Nm misalign_deg=90.0 pos=[ 0.10902432 -0.10904739  0.49140105] bottom_world=[ 0.10902458 -0.109047    0.47140105] quat=[ 9.23000872e-01  1.13956385e-05 -2.09780092e-06 -3.84797931e-01] speed=0.0010 ang_speed=0.0031 ang_vel_vec=[-0.00178792  0.00238049 -0.00081813] |com_force|=0.0000N
### kotek_magnet[tick=2460] sensor3: d=0.5470m in_range=False f_mag=0.000N tau_mag=0.0000Nm misalign_deg=90.0 pos=[-0.10910816 -0.10914575  0.4914011 ] bottom_world=[-0.10910791 -0.10914587  0.47140111] quat=[-3.8058406e-01 -4.8332604e-06  5.2454516e-06  9.2474639e-01] speed=0.0010 ang_speed=0.0027 ang_vel_vec=[ 0.00208611  0.00149743 -0.00079503] |com_force|=0.0000N
### kotek_magnet[tick=2460] sensor4: d=0.5249m in_range=False f_mag=0.000N tau_mag=0.0000Nm misalign_deg=90.0 pos=[-0.10900038  0.10899876  0.4914024 ] bottom_world=[-0.10900023  0.10899905  0.47140239] quat=[ 3.8268265e-01 -5.9097880e-07 -8.0837144e-06  9.2387980e-01] speed=0.0006 ang_speed=0.0046 ang_vel_vec=[-0.00158697  0.00429224  0.00048529] |com_force|=0.0000N
### kotek_magnet[tick=2520] sensor1: d=0.4082m in_range=False f_mag=0.000N tau_mag=0.0000Nm misalign_deg=90.0 pos=[0.10880283 0.10900928 0.49140224] bottom_world=[0.108803   0.10900926 0.47140224] quat=[ 9.2484176e-01 -2.1512194e-06 -3.7064458e-06  3.8035202e-01] speed=0.0006 ang_speed=0.0042 ang_vel_vec=[0.00386168 0.00170402 0.00040903] |com_force|=0.0000N
### kotek_magnet[tick=2520] sensor2: d=0.3208m in_range=False f_mag=0.000N tau_mag=0.0000Nm misalign_deg=90.0 pos=[ 0.10902433 -0.10904733  0.4914011 ] bottom_world=[ 0.10902457 -0.10904695  0.47140111] quat=[ 9.2300087e-01  1.1180692e-05 -1.8724672e-06 -3.8479781e-01] speed=0.0010 ang_speed=0.0030 ang_vel_vec=[-0.00192596  0.00213658 -0.00094612] |com_force|=0.0000N
### kotek_magnet[tick=2520] sensor3: d=0.5470m in_range=False f_mag=0.000N tau_mag=0.0000Nm misalign_deg=90.0 pos=[-0.10910729 -0.10914579  0.49140102] bottom_world=[-0.10910726 -0.10914576  0.47140102] quat=[-3.8058347e-01 -9.7375641e-07 -3.2389988e-07  9.2474663e-01] speed=0.0003 ang_speed=0.0061 ang_vel_vec=[0.00528359 0.0029502  0.00025167] |com_force|=0.0000N
### kotek_magnet[tick=2520] sensor4: d=0.5249m in_range=False f_mag=0.000N tau_mag=0.0000Nm misalign_deg=90.0 pos=[-0.10900021  0.10899851  0.49140233] bottom_world=[-0.1090001   0.10899882  0.47140233] quat=[ 3.8268304e-01  5.6700964e-07 -7.9697684e-06  9.2387980e-01] speed=0.0009 ang_speed=0.0019 ang_vel_vec=[-0.00027604 -0.00148535  0.00117359] |com_force|=0.0000N
### kotek_magnet[tick=2580] sensor1: d=0.4082m in_range=False f_mag=0.000N tau_mag=0.0000Nm misalign_deg=90.0 pos=[0.10880342 0.10900924 0.4914023 ] bottom_world=[0.10880344 0.10900932 0.4714023 ] quat=[ 9.2484164e-01  1.5050505e-06 -1.0623129e-06  3.8035235e-01] speed=0.0002 ang_speed=0.0018 ang_vel_vec=[ 0.00179481  0.00024473 -0.00013262] |com_force|=0.0000N
### kotek_magnet[tick=2580] sensor2: d=0.3208m in_range=False f_mag=0.000N tau_mag=0.0000Nm misalign_deg=90.0 pos=[ 0.10902464 -0.10904671  0.4914011 ] bottom_world=[ 0.10902463 -0.10904654  0.47140111] quat=[ 9.2300081e-01  3.8196877e-06  1.8865127e-06 -3.8479820e-01] speed=0.0004 ang_speed=0.0020 ang_vel_vec=[-0.0016113  -0.00103714 -0.00053674] |com_force|=0.0000N
### kotek_magnet[tick=2580] sensor3: d=0.5470m in_range=False f_mag=0.000N tau_mag=0.0000Nm misalign_deg=90.0 pos=[-0.10910818 -0.10914578  0.4914011 ] bottom_world=[-0.10910792 -0.1091459   0.47140111] quat=[-3.8058406e-01 -4.9556302e-06  5.2530245e-06  9.2474645e-01] speed=0.0010 ang_speed=0.0022 ang_vel_vec=[ 0.00174394  0.00128275 -0.00060232] |com_force|=0.0000N
### kotek_magnet[tick=2580] sensor4: d=0.5249m in_range=False f_mag=0.000N tau_mag=0.0000Nm misalign_deg=90.0 pos=[-0.10900015  0.10899848  0.49140242] bottom_world=[-0.10900005  0.10899879  0.47140242] quat=[ 3.8268304e-01  5.0103097e-07 -8.0481659e-06  9.2387974e-01] speed=0.0009 ang_speed=0.0021 ang_vel_vec=[-0.00023808 -0.00137721  0.00151533] |com_force|=0.0000N
### kotek_magnet[tick=2640] sensor1: d=0.4082m in_range=False f_mag=0.000N tau_mag=0.0000Nm misalign_deg=90.0 pos=[0.10880431 0.10900898 0.49140236] bottom_world=[0.10880405 0.10900932 0.47140236] quat=[9.2484158e-01 1.0413138e-05 2.6483699e-06 3.8035282e-01] speed=0.0010 ang_speed=0.0028 ang_vel_vec=[-0.00193252 -0.00179862 -0.00087433] |com_force|=0.0000N
### kotek_magnet[tick=2640] sensor2: d=0.3208m in_range=False f_mag=0.000N tau_mag=0.0000Nm misalign_deg=90.0 pos=[ 0.10902414 -0.10904744  0.49140105] bottom_world=[ 0.10902445 -0.10904703  0.47140105] quat=[ 9.2300069e-01  1.2576748e-05 -3.1953907e-06 -3.8479823e-01] speed=0.0013 ang_speed=0.0146 ang_vel_vec=[-0.00731663  0.01259613 -0.00030617] |com_force|=0.0000N
### kotek_magnet[tick=2640] sensor3: d=0.5470m in_range=False f_mag=0.000N tau_mag=0.0000Nm misalign_deg=90.0 pos=[-0.10910753 -0.10914608  0.49140108] bottom_world=[-0.10910747 -0.10914595  0.47140108] quat=[-3.8058385e-01 -2.6547928e-06 -2.5500531e-06  9.2474651e-01] speed=0.0004 ang_speed=0.0024 ang_vel_vec=[-0.00110528  0.00198753 -0.00068738] |com_force|=0.0000N
### kotek_magnet[tick=2640] sensor4: d=0.5249m in_range=False f_mag=0.000N tau_mag=0.0000Nm misalign_deg=90.0 pos=[-0.10900019  0.10899851  0.49140236] bottom_world=[-0.10900009  0.10899881  0.47140236] quat=[ 3.8268307e-01  6.8500282e-07 -8.0358341e-06  9.2387968e-01] speed=0.0009 ang_speed=0.0026 ang_vel_vec=[ 8.9653069e-05 -2.1927264e-03  1.3252952e-03] |com_force|=0.0000N
### kotek_magnet[tick=2700] sensor1: d=0.4082m in_range=False f_mag=0.000N tau_mag=0.0000Nm misalign_deg=90.0 pos=[0.10880431 0.10900898 0.49140233] bottom_world=[0.10880404 0.10900932 0.47140233] quat=[9.2484158e-01 1.0406177e-05 2.9270554e-06 3.8035271e-01] speed=0.0010 ang_speed=0.0024 ang_vel_vec=[-0.00164408 -0.00157838 -0.00080312] |com_force|=0.0000N
### kotek_magnet[tick=2700] sensor2: d=0.3208m in_range=False f_mag=0.000N tau_mag=0.0000Nm misalign_deg=90.0 pos=[ 0.10902465 -0.10904666  0.49140117] bottom_world=[ 0.10902464 -0.1090465   0.47140117] quat=[ 9.2300081e-01  3.6608610e-06  1.9124859e-06 -3.8479817e-01] speed=0.0004 ang_speed=0.0024 ang_vel_vec=[-0.0021296  -0.00085099 -0.00065594] |com_force|=0.0000N
### kotek_magnet[tick=2700] sensor3: d=0.5470m in_range=False f_mag=0.000N tau_mag=0.0000Nm misalign_deg=90.0 pos=[-0.10910755 -0.10914584  0.491401  ] bottom_world=[-0.10910746 -0.10914584  0.47140099] quat=[-3.8058367e-01 -2.1071835e-06  7.7944492e-07  9.2474651e-01] speed=0.0004 ang_speed=0.0031 ang_vel_vec=[ 0.00185535  0.00249138 -0.00017301] |com_force|=0.0000N
### kotek_magnet[tick=2700] sensor4: d=0.5249m in_range=False f_mag=0.000N tau_mag=0.0000Nm misalign_deg=90.0 pos=[-0.10900019  0.10899851  0.49140233] bottom_world=[-0.10900008  0.10899882  0.47140233] quat=[ 3.8268301e-01  4.7160324e-07 -8.0809868e-06  9.2387974e-01] speed=0.0009 ang_speed=0.0018 ang_vel_vec=[-0.00055624 -0.00089757  0.00140045] |com_force|=0.0000N
### kotek_magnet[tick=2760] sensor1: d=0.4082m in_range=False f_mag=0.000N tau_mag=0.0000Nm misalign_deg=90.0 pos=[0.1088043  0.10900895 0.49140233] bottom_world=[0.10880403 0.10900929 0.47140233] quat=[9.2484152e-01 1.0337861e-05 2.9614205e-06 3.8035277e-01] speed=0.0010 ang_speed=0.0024 ang_vel_vec=[-0.00161555 -0.00161846 -0.00082264] |com_force|=0.0000N
### kotek_magnet[tick=2760] sensor2: d=0.3208m in_range=False f_mag=0.000N tau_mag=0.0000Nm misalign_deg=90.0 pos=[ 0.10902435 -0.10904736  0.49140114] bottom_world=[ 0.10902459 -0.10904699  0.47140114] quat=[ 9.2300087e-01  1.0785669e-05 -1.8433220e-06 -3.8479781e-01] speed=0.0010 ang_speed=0.0027 ang_vel_vec=[-0.00162902  0.00204707 -0.00072459] |com_force|=0.0000N
### kotek_magnet[tick=2760] sensor3: d=0.5470m in_range=False f_mag=0.000N tau_mag=0.0000Nm misalign_deg=90.0 pos=[-0.10910808 -0.10914568  0.4914012 ] bottom_world=[-0.10910782 -0.10914582  0.4714012 ] quat=[-3.8058382e-01 -4.6653040e-06  5.7691368e-06  9.2474651e-01] speed=0.0010 ang_speed=0.0042 ang_vel_vec=[ 0.00292644  0.00291839 -0.00039078] |com_force|=0.0000N
### kotek_magnet[tick=2760] sensor4: d=0.5249m in_range=False f_mag=0.000N tau_mag=0.0000Nm misalign_deg=90.0 pos=[-0.10900035  0.10899873  0.49140236] bottom_world=[-0.1090002   0.10899902  0.47140236] quat=[ 3.8268277e-01 -6.9650969e-07 -8.0673226e-06  9.2387986e-01] speed=0.0006 ang_speed=0.0047 ang_vel_vec=[-0.00173676  0.00438506  0.00052266] |com_force|=0.0000N
### kotek_magnet[tick=2820] sensor1: d=0.4082m in_range=False f_mag=0.000N tau_mag=0.0000Nm misalign_deg=90.0 pos=[0.10880431 0.10900894 0.4914023 ] bottom_world=[0.10880404 0.10900929 0.4714023 ] quat=[9.2484146e-01 1.0744506e-05 2.9046569e-06 3.8035274e-01] speed=0.0010 ang_speed=0.0028 ang_vel_vec=[-0.00191708 -0.00180413 -0.00081693] |com_force|=0.0000N
### kotek_magnet[tick=2820] sensor2: d=0.3208m in_range=False f_mag=0.000N tau_mag=0.0000Nm misalign_deg=90.0 pos=[ 0.10902465 -0.10904673  0.4914012 ] bottom_world=[ 0.10902464 -0.10904656  0.4714012 ] quat=[ 9.2300081e-01  3.7782370e-06  1.9417319e-06 -3.8479805e-01] speed=0.0004 ang_speed=0.0024 ang_vel_vec=[-0.00216894 -0.00077019 -0.00071917] |com_force|=0.0000N
### kotek_magnet[tick=2820] sensor3: d=0.5470m in_range=False f_mag=0.000N tau_mag=0.0000Nm misalign_deg=90.0 pos=[-0.10910647 -0.10914588  0.49140114] bottom_world=[-0.10910665 -0.10914568  0.47140114] quat=[-3.8058305e-01  2.3920431e-06 -6.2960735e-06  9.2474681e-01] speed=0.0009 ang_speed=0.0030 ang_vel_vec=[0.00255116 0.00019764 0.00148256] |com_force|=0.0000N
### kotek_magnet[tick=2820] sensor4: d=0.5249m in_range=False f_mag=0.000N tau_mag=0.0000Nm misalign_deg=90.0 pos=[-0.10900042  0.10899843  0.49140245] bottom_world=[-0.10900022  0.10899876  0.47140245] quat=[ 3.8268283e-01 -1.4731471e-06 -9.7368420e-06  9.2387974e-01] speed=0.0009 ang_speed=0.0032 ang_vel_vec=[0.00036425 0.00306725 0.00064427] |com_force|=0.0000N
### kotek_magnet[tick=2880] sensor1: d=0.4082m in_range=False f_mag=0.000N tau_mag=0.0000Nm misalign_deg=90.0 pos=[0.10880431 0.10900899 0.49140233] bottom_world=[0.10880404 0.10900933 0.47140233] quat=[9.2484152e-01 1.0385204e-05 2.9311082e-06 3.8035265e-01] speed=0.0009 ang_speed=0.0025 ang_vel_vec=[-0.00165028 -0.00165853 -0.00098165] |com_force|=0.0000N
### kotek_magnet[tick=2880] sensor2: d=0.3208m in_range=False f_mag=0.000N tau_mag=0.0000Nm misalign_deg=90.0 pos=[ 0.10902433 -0.10904738  0.49140117] bottom_world=[ 0.10902458 -0.10904699  0.47140117] quat=[ 9.2300087e-01  1.1254916e-05 -1.9204799e-06 -3.8479805e-01] speed=0.0010 ang_speed=0.0032 ang_vel_vec=[-0.00204186  0.0023424  -0.00094584] |com_force|=0.0000N
### kotek_magnet[tick=2880] sensor3: d=0.5470m in_range=False f_mag=0.000N tau_mag=0.0000Nm misalign_deg=90.0 pos=[-0.10910642 -0.1091461   0.4914011 ] bottom_world=[-0.10910663 -0.10914579  0.47140111] quat=[-3.8058308e-01  2.0235359e-06 -8.9885361e-06  9.2474675e-01] speed=0.0009 ang_speed=0.0024 ang_vel_vec=[-0.0022896   0.00060018  0.00063035] |com_force|=0.0000N
### kotek_magnet[tick=2880] sensor4: d=0.5249m in_range=False f_mag=0.000N tau_mag=0.0000Nm misalign_deg=90.0 pos=[-0.10900021  0.10899851  0.49140236] bottom_world=[-0.1090001   0.10899882  0.47140236] quat=[ 3.8268307e-01  4.4525524e-07 -8.1509761e-06  9.2387974e-01] speed=0.0009 ang_speed=0.0015 ang_vel_vec=[-0.00047618 -0.00082929  0.0012063 ] |com_force|=0.0000N
### kotek_magnet[tick=2940] sensor1: d=0.4082m in_range=False f_mag=0.000N tau_mag=0.0000Nm misalign_deg=90.0 pos=[0.10880381 0.10900929 0.49140227] bottom_world=[0.10880371 0.10900941 0.47140227] quat=[9.2484158e-01 3.7025561e-06 1.0459099e-06 3.8035268e-01] speed=0.0006 ang_speed=0.0027 ang_vel_vec=[ 0.00076719 -0.00233231 -0.001079  ] |com_force|=0.0000N
### kotek_magnet[tick=2940] sensor2: d=0.3208m in_range=False f_mag=0.000N tau_mag=0.0000Nm misalign_deg=90.0 pos=[ 0.10902413 -0.10904743  0.491401  ] bottom_world=[ 0.10902445 -0.10904702  0.47140099] quat=[ 9.2300087e-01  1.2368556e-05 -3.4082889e-06 -3.8479814e-01] speed=0.0013 ang_speed=0.0160 ang_vel_vec=[-0.00792737  0.01386766 -0.00047194] |com_force|=0.0000N
### kotek_magnet[tick=2940] sensor3: d=0.5470m in_range=False f_mag=0.000N tau_mag=0.0000Nm misalign_deg=90.0 pos=[-0.10910641 -0.1091459   0.4914011 ] bottom_world=[-0.1091066  -0.10914569  0.47140111] quat=[-3.8058317e-01  2.5112440e-06 -6.6817852e-06  9.2474681e-01] speed=0.0010 ang_speed=0.0025 ang_vel_vec=[ 2.1455418e-03 -8.0162165e-05  1.3565607e-03] |com_force|=0.0000N
### kotek_magnet[tick=2940] sensor4: d=0.5249m in_range=False f_mag=0.000N tau_mag=0.0000Nm misalign_deg=90.0 pos=[-0.1090002   0.10899848  0.49140233] bottom_world=[-0.10900009  0.10899879  0.47140233] quat=[ 3.8268304e-01  4.7372112e-07 -8.1705530e-06  9.2387980e-01] speed=0.0009 ang_speed=0.0016 ang_vel_vec=[-0.00028328 -0.00106775  0.00118956] |com_force|=0.0000N
### kotek_magnet[tick=3000] sensor1: d=0.4082m in_range=False f_mag=0.000N tau_mag=0.0000Nm misalign_deg=90.0 pos=[0.10880379 0.10900928 0.49140227] bottom_world=[0.10880369 0.10900941 0.47140227] quat=[9.2484152e-01 3.9228980e-06 1.0179754e-06 3.8035277e-01] speed=0.0006 ang_speed=0.0025 ang_vel_vec=[ 0.00027616 -0.00233599 -0.00084697] |com_force|=0.0000N
### kotek_magnet[tick=3000] sensor2: d=0.3208m in_range=False f_mag=0.000N tau_mag=0.0000Nm misalign_deg=90.0 pos=[ 0.10902463 -0.10904643  0.49140102] bottom_world=[ 0.10902459 -0.10904633  0.47140102] quat=[ 9.2300063e-01  1.8186922e-06  1.8052004e-06 -3.8479838e-01] speed=0.0001 ang_speed=0.0013 ang_vel_vec=[ 0.00046968 -0.00117854 -0.00031399] |com_force|=0.0000N
### kotek_magnet[tick=3000] sensor3: d=0.5470m in_range=False f_mag=0.000N tau_mag=0.0000Nm misalign_deg=90.0 pos=[-0.10910647 -0.10914589  0.4914011 ] bottom_world=[-0.10910665 -0.10914569  0.47140111] quat=[-3.8058302e-01  2.3806936e-06 -6.3845509e-06  9.2474681e-01] speed=0.0009 ang_speed=0.0030 ang_vel_vec=[0.00254031 0.00019184 0.00152504] |com_force|=0.0000N
### kotek_magnet[tick=3000] sensor4: d=0.5249m in_range=False f_mag=0.000N tau_mag=0.0000Nm misalign_deg=90.0 pos=[-0.10900022  0.10899849  0.49140236] bottom_world=[-0.10900012  0.1089988   0.47140236] quat=[ 3.8268295e-01  5.5443530e-07 -8.1589533e-06  9.2387980e-01] speed=0.0009 ang_speed=0.0018 ang_vel_vec=[-0.00036842 -0.00114126  0.00138033] |com_force|=0.0000N
### kotek_magnet[tick=3060] sensor1: d=0.4082m in_range=False f_mag=0.000N tau_mag=0.0000Nm misalign_deg=90.0 pos=[0.10880382 0.10900928 0.49140233] bottom_world=[0.10880372 0.1090094  0.47140233] quat=[9.2484158e-01 3.7299508e-06 9.3724054e-07 3.8035271e-01] speed=0.0006 ang_speed=0.0024 ang_vel_vec=[ 0.00038768 -0.00226566 -0.0007765 ] |com_force|=0.0000N
### kotek_magnet[tick=3060] sensor2: d=0.3208m in_range=False f_mag=0.000N tau_mag=0.0000Nm misalign_deg=90.0 pos=[ 0.10902442 -0.10904673  0.491401  ] bottom_world=[ 0.10902452 -0.10904653  0.47140099] quat=[ 9.2300075e-01  5.5363548e-06 -4.5197703e-07 -3.8479820e-01] speed=0.0004 ang_speed=0.0029 ang_vel_vec=[-0.00227062  0.00173819 -0.00012365] |com_force|=0.0000N
### kotek_magnet[tick=3060] sensor3: d=0.5470m in_range=False f_mag=0.000N tau_mag=0.0000Nm misalign_deg=90.0 pos=[-0.10910641 -0.10914589  0.49140108] bottom_world=[-0.10910661 -0.10914568  0.47140108] quat=[-3.8058308e-01  2.5650577e-06 -6.8482086e-06  9.2474681e-01] speed=0.0010 ang_speed=0.0024 ang_vel_vec=[ 0.00170584 -0.00031541  0.00161181] |com_force|=0.0000N
### kotek_magnet[tick=3060] sensor4: d=0.5249m in_range=False f_mag=0.000N tau_mag=0.0000Nm misalign_deg=90.0 pos=[-0.10900026  0.10899847  0.49140236] bottom_world=[-0.10900013  0.1089988   0.47140236] quat=[ 3.8268298e-01  1.6335659e-07 -8.8401139e-06  9.2387980e-01] speed=0.0010 ang_speed=0.0018 ang_vel_vec=[-0.00101789 -0.00012016  0.00146588] |com_force|=0.0000N
### kotek_magnet[tick=3120] sensor1: d=0.4082m in_range=False f_mag=0.000N tau_mag=0.0000Nm misalign_deg=90.0 pos=[0.10880382 0.10900925 0.4914023 ] bottom_world=[0.10880372 0.10900936 0.4714023 ] quat=[9.2484164e-01 3.5273240e-06 1.2241710e-06 3.8035259e-01] speed=0.0006 ang_speed=0.0029 ang_vel_vec=[ 0.00167952 -0.00214657 -0.00110333] |com_force|=0.0000N
### kotek_magnet[tick=3120] sensor2: d=0.3208m in_range=False f_mag=0.000N tau_mag=0.0000Nm misalign_deg=90.0 pos=[ 0.10902445 -0.10904676  0.49140096] bottom_world=[ 0.10902456 -0.10904657  0.47140096] quat=[ 9.2300075e-01  5.4733578e-06 -6.5556424e-07 -3.8479826e-01] speed=0.0003 ang_speed=0.0028 ang_vel_vec=[-0.00197749  0.00195202 -0.00041629] |com_force|=0.0000N
### kotek_magnet[tick=3120] sensor3: d=0.5470m in_range=False f_mag=0.000N tau_mag=0.0000Nm misalign_deg=90.0 pos=[-0.10910645 -0.1091459   0.49140108] bottom_world=[-0.10910664 -0.1091457   0.47140108] quat=[-3.8058296e-01  2.5212018e-06 -6.3775483e-06  9.2474681e-01] speed=0.0009 ang_speed=0.0030 ang_vel_vec=[0.00265617 0.00028219 0.00131321] |com_force|=0.0000N
### kotek_magnet[tick=3120] sensor4: d=0.5249m in_range=False f_mag=0.000N tau_mag=0.0000Nm misalign_deg=90.0 pos=[-0.1090002  0.1089985  0.4914024] bottom_world=[-0.10900008  0.10899881  0.47140239] quat=[ 3.8268310e-01  2.9046905e-07 -8.2992774e-06  9.2387968e-01] speed=0.0009 ang_speed=0.0014 ang_vel_vec=[-0.00061726 -0.00059871  0.00114782] |com_force|=0.0000N
### kotek_magnet[tick=3180] sensor1: d=0.4082m in_range=False f_mag=0.000N tau_mag=0.0000Nm misalign_deg=90.0 pos=[0.10880381 0.10900926 0.49140233] bottom_world=[0.10880372 0.10900938 0.47140233] quat=[9.2484164e-01 3.7661714e-06 9.6800159e-07 3.8035259e-01] speed=0.0006 ang_speed=0.0025 ang_vel_vec=[ 0.00027939 -0.00233853 -0.00080479] |com_force|=0.0000N
### kotek_magnet[tick=3180] sensor2: d=0.3208m in_range=False f_mag=0.000N tau_mag=0.0000Nm misalign_deg=90.0 pos=[ 0.10902464 -0.10904588  0.49140117] bottom_world=[ 0.1090245  -0.10904594  0.47140117] quat=[ 9.2300063e-01 -2.7894778e-06  2.5569432e-06 -3.8479847e-01] speed=0.0006 ang_speed=0.0046 ang_vel_vec=[ 0.00201636 -0.00407302  0.00061364] |com_force|=0.0000N
### kotek_magnet[tick=3180] sensor3: d=0.5470m in_range=False f_mag=0.000N tau_mag=0.0000Nm misalign_deg=90.0 pos=[-0.10910721 -0.10914586  0.4914011 ] bottom_world=[-0.10910717 -0.10914581  0.47140111] quat=[-3.8058347e-01 -1.3642066e-06 -7.2878129e-07  9.2474663e-01] speed=0.0002 ang_speed=0.0031 ang_vel_vec=[0.00258105 0.00170165 0.00035755] |com_force|=0.0000N
### kotek_magnet[tick=3180] sensor4: d=0.5249m in_range=False f_mag=0.000N tau_mag=0.0000Nm misalign_deg=90.0 pos=[-0.10900041  0.10899848  0.49140227] bottom_world=[-0.10900021  0.10899882  0.47140227] quat=[ 3.8268292e-01 -1.5115191e-06 -9.6715548e-06  9.2387980e-01] speed=0.0009 ang_speed=0.0035 ang_vel_vec=[0.00019841 0.00341867 0.00070533] |com_force|=0.0000N
### kotek_magnet[tick=3240] sensor1: d=0.4082m in_range=False f_mag=0.000N tau_mag=0.0000Nm misalign_deg=90.0 pos=[0.1088038  0.10900924 0.4914024 ] bottom_world=[0.10880372 0.10900935 0.47140239] quat=[9.2484158e-01 3.3523334e-06 8.5459249e-07 3.8035262e-01] speed=0.0006 ang_speed=0.0025 ang_vel_vec=[ 0.00122465 -0.00205262 -0.00086367] |com_force|=0.0000N
### kotek_magnet[tick=3240] sensor2: d=0.3208m in_range=False f_mag=0.000N tau_mag=0.0000Nm misalign_deg=90.0 pos=[ 0.10902437 -0.10904735  0.49140117] bottom_world=[ 0.10902459 -0.10904698  0.47140117] quat=[ 9.2300093e-01  1.0512284e-05 -1.5084825e-06 -3.8479784e-01] speed=0.0010 ang_speed=0.0021 ang_vel_vec=[-0.00129202  0.00148788 -0.00075691] |com_force|=0.0000N
### kotek_magnet[tick=3240] sensor3: d=0.5470m in_range=False f_mag=0.000N tau_mag=0.0000Nm misalign_deg=90.0 pos=[-0.10910816 -0.1091458   0.49140117] bottom_world=[-0.1091079  -0.1091459   0.47140117] quat=[-3.8058412e-01 -4.8556353e-06  4.8534694e-06  9.2474633e-01] speed=0.0010 ang_speed=0.0020 ang_vel_vec=[ 0.00143304  0.00121063 -0.00075145] |com_force|=0.0000N
### kotek_magnet[tick=3240] sensor4: d=0.5249m in_range=False f_mag=0.000N tau_mag=0.0000Nm misalign_deg=90.0 pos=[-0.10900042  0.10899845  0.4914024 ] bottom_world=[-0.10900021  0.10899879  0.47140239] quat=[ 3.8268289e-01 -1.6500121e-06 -9.9404788e-06  9.2387980e-01] speed=0.0009 ang_speed=0.0038 ang_vel_vec=[2.5616169e-05 3.6996517e-03 6.5063540e-04] |com_force|=0.0000N
### kotek_magnet[tick=3300] sensor1: d=0.4082m in_range=False f_mag=0.000N tau_mag=0.0000Nm misalign_deg=90.0 pos=[0.10880256 0.10900935 0.49140227] bottom_world=[0.10880277 0.10900926 0.47140227] quat=[ 9.2484188e-01 -4.0041973e-06 -4.2258598e-06  3.8035181e-01] speed=0.0009 ang_speed=0.0035 ang_vel_vec=[3.4449867e-03 6.0542596e-05 7.6991098e-04] |com_force|=0.0000N
### kotek_magnet[tick=3300] sensor2: d=0.3208m in_range=False f_mag=0.000N tau_mag=0.0000Nm misalign_deg=90.0 pos=[ 0.10902463 -0.10904668  0.49140108] bottom_world=[ 0.10902461 -0.10904651  0.47140108] quat=[ 9.2300081e-01  3.6987863e-06  1.9352779e-06 -3.8479802e-01] speed=0.0004 ang_speed=0.0022 ang_vel_vec=[-0.001793   -0.0011468  -0.00071829] |com_force|=0.0000N
### kotek_magnet[tick=3300] sensor3: d=0.5470m in_range=False f_mag=0.000N tau_mag=0.0000Nm misalign_deg=90.0 pos=[-0.10910752 -0.10914609  0.49140108] bottom_world=[-0.10910746 -0.10914596  0.47140108] quat=[-3.8058400e-01 -2.5137817e-06 -2.3134889e-06  9.2474639e-01] speed=0.0005 ang_speed=0.0023 ang_vel_vec=[-0.00098084  0.00189869 -0.00072543] |com_force|=0.0000N
### kotek_magnet[tick=3300] sensor4: d=0.5249m in_range=False f_mag=0.000N tau_mag=0.0000Nm misalign_deg=90.0 pos=[-0.10900044  0.10899848  0.49140236] bottom_world=[-0.10900023  0.10899882  0.47140236] quat=[ 3.8268289e-01 -1.5440718e-06 -9.7102384e-06  9.2387980e-01] speed=0.0009 ang_speed=0.0035 ang_vel_vec=[0.00026961 0.00342847 0.00062086] |com_force|=0.0000N
### kotek_magnet[tick=3360] sensor1: d=0.4082m in_range=False f_mag=0.000N tau_mag=0.0000Nm misalign_deg=90.0 pos=[0.10880261 0.10900906 0.49140236] bottom_world=[0.1088028  0.10900908 0.47140236] quat=[ 9.2484206e-01 -1.2109066e-06 -4.6048895e-06  3.8035166e-01] speed=0.0010 ang_speed=0.0030 ang_vel_vec=[-0.00258226 -0.00028435  0.00152514] |com_force|=0.0000N
### kotek_magnet[tick=3360] sensor2: d=0.3208m in_range=False f_mag=0.000N tau_mag=0.0000Nm misalign_deg=90.0 pos=[ 0.10902432 -0.10904735  0.49140114] bottom_world=[ 0.10902456 -0.10904697  0.47140114] quat=[ 9.23000872e-01  1.10733645e-05 -1.89889579e-06 -3.84797812e-01] speed=0.0010 ang_speed=0.0029 ang_vel_vec=[-0.00182417  0.00214946 -0.00072524] |com_force|=0.0000N
### kotek_magnet[tick=3360] sensor3: d=0.5470m in_range=False f_mag=0.000N tau_mag=0.0000Nm misalign_deg=90.0 pos=[-0.10910752 -0.10914609  0.49140117] bottom_world=[-0.10910746 -0.10914597  0.47140117] quat=[-3.8058388e-01 -2.5242773e-06 -2.2360505e-06  9.2474645e-01] speed=0.0005 ang_speed=0.0024 ang_vel_vec=[-0.00068524  0.00216597 -0.0006863 ] |com_force|=0.0000N
### kotek_magnet[tick=3360] sensor4: d=0.5249m in_range=False f_mag=0.000N tau_mag=0.0000Nm misalign_deg=90.0 pos=[-0.10900021  0.10899848  0.4914024 ] bottom_world=[-0.1090001   0.10899879  0.47140239] quat=[ 3.8268304e-01  5.2065809e-07 -8.0099335e-06  9.2387974e-01] speed=0.0009 ang_speed=0.0019 ang_vel_vec=[-0.00042816 -0.00118445  0.00141281] |com_force|=0.0000N
### kotek_magnet[tick=3420] sensor1: d=0.4082m in_range=False f_mag=0.000N tau_mag=0.0000Nm misalign_deg=90.0 pos=[0.10880257 0.10900931 0.4914022 ] bottom_world=[0.10880279 0.10900922 0.47140221] quat=[ 9.2484188e-01 -4.0860768e-06 -4.3039554e-06  3.8035178e-01] speed=0.0009 ang_speed=0.0037 ang_vel_vec=[0.00366213 0.00015377 0.00079221] |com_force|=0.0000N
### kotek_magnet[tick=3420] sensor2: d=0.3208m in_range=False f_mag=0.000N tau_mag=0.0000Nm misalign_deg=90.0 pos=[ 0.10902464 -0.10904668  0.49140105] bottom_world=[ 0.10902462 -0.10904652  0.47140105] quat=[ 9.2300075e-01  3.6044266e-06  2.0629088e-06 -3.8479811e-01] speed=0.0004 ang_speed=0.0023 ang_vel_vec=[-0.00169054 -0.00133908 -0.00069924] |com_force|=0.0000N
### kotek_magnet[tick=3420] sensor3: d=0.5470m in_range=False f_mag=0.000N tau_mag=0.0000Nm misalign_deg=90.0 pos=[-0.10910647 -0.10914586  0.49140096] bottom_world=[-0.10910666 -0.10914565  0.47140096] quat=[-3.8058293e-01  2.4386254e-06 -6.5742843e-06  9.2474681e-01] speed=0.0009 ang_speed=0.0024 ang_vel_vec=[ 0.00190698 -0.00016506  0.00150664] |com_force|=0.0000N
### kotek_magnet[tick=3420] sensor4: d=0.5249m in_range=False f_mag=0.000N tau_mag=0.0000Nm misalign_deg=90.0 pos=[-0.10900021  0.1089985   0.4914023 ] bottom_world=[-0.10900009  0.10899882  0.4714023 ] quat=[ 3.8268301e-01  3.8980932e-07 -8.3840032e-06  9.2387968e-01] speed=0.0009 ang_speed=0.0016 ang_vel_vec=[-0.00060252 -0.00071804  0.00135735] |com_force|=0.0000N
### still playing, 1340s left
### kotek_magnet[tick=3480] sensor1: d=0.4082m in_range=False f_mag=0.000N tau_mag=0.0000Nm misalign_deg=90.0 pos=[0.10880258 0.10900909 0.49140227] bottom_world=[0.10880278 0.10900911 0.47140227] quat=[ 9.2484194e-01 -1.5753932e-06 -4.6944019e-06  3.8035175e-01] speed=0.0010 ang_speed=0.0023 ang_vel_vec=[-0.00170899  0.00012286  0.00154843] |com_force|=0.0000N
### kotek_magnet[tick=3480] sensor2: d=0.3208m in_range=False f_mag=0.000N tau_mag=0.0000Nm misalign_deg=90.0 pos=[ 0.10902466 -0.10904644  0.49140096] bottom_world=[ 0.10902461 -0.10904636  0.47140096] quat=[ 9.2300075e-01  1.4564469e-06  1.9483932e-06 -3.8479832e-01] speed=0.0001 ang_speed=0.0022 ang_vel_vec=[ 0.00120875 -0.00180213 -0.00023374] |com_force|=0.0000N
### kotek_magnet[tick=3480] sensor3: d=0.5470m in_range=False f_mag=0.000N tau_mag=0.0000Nm misalign_deg=90.0 pos=[-0.10910751 -0.10914607  0.4914011 ] bottom_world=[-0.10910746 -0.10914594  0.47140111] quat=[-3.8058382e-01 -2.4054275e-06 -2.5204731e-06  9.2474645e-01] speed=0.0005 ang_speed=0.0023 ang_vel_vec=[-0.00108004  0.00194433 -0.00063172] |com_force|=0.0000N
### kotek_magnet[tick=3480] sensor4: d=0.5249m in_range=False f_mag=0.000N tau_mag=0.0000Nm misalign_deg=90.0 pos=[-0.1090004   0.10899873  0.49140227] bottom_world=[-0.10900025  0.10899902  0.47140227] quat=[ 3.8268259e-01 -6.9802218e-07 -8.2156521e-06  9.2387986e-01] speed=0.0006 ang_speed=0.0048 ang_vel_vec=[-0.00174738  0.00440338  0.00057079] |com_force|=0.0000N
### kotek_magnet[tick=3540] sensor1: d=0.4082m in_range=False f_mag=0.000N tau_mag=0.0000Nm misalign_deg=90.0 pos=[0.10880259 0.10900932 0.4914024 ] bottom_world=[0.10880281 0.10900923 0.47140239] quat=[ 9.2484194e-01 -4.1154799e-06 -4.2660308e-06  3.8035184e-01] speed=0.0009 ang_speed=0.0036 ang_vel_vec=[3.6023778e-03 7.4884068e-05 4.9760891e-04] |com_force|=0.0000N
### kotek_magnet[tick=3540] sensor2: d=0.3208m in_range=False f_mag=0.000N tau_mag=0.0000Nm misalign_deg=90.0 pos=[ 0.10902451 -0.10904558  0.49140108] bottom_world=[ 0.10902439 -0.10904568  0.47140108] quat=[ 9.2300051e-01 -3.3601943e-06  1.7602736e-06 -3.8479888e-01] speed=0.0010 ang_speed=0.0017 ang_vel_vec=[0.00079693 0.00084896 0.00120248] |com_force|=0.0000N
### kotek_magnet[tick=3540] sensor3: d=0.5470m in_range=False f_mag=0.000N tau_mag=0.0000Nm misalign_deg=90.0 pos=[-0.10910815 -0.10914578  0.49140102] bottom_world=[-0.10910789 -0.10914589  0.47140102] quat=[-3.8058415e-01 -4.8749857e-06  5.1716470e-06  9.2474633e-01] speed=0.0010 ang_speed=0.0026 ang_vel_vec=[ 0.00192872  0.00147951 -0.00104151] |com_force|=0.0000N
### kotek_magnet[tick=3540] sensor4: d=0.5249m in_range=False f_mag=0.000N tau_mag=0.0000Nm misalign_deg=90.0 pos=[-0.10900036  0.10899953  0.49140224] bottom_world=[-0.10900034  0.10899959  0.47140224] quat=[ 3.8268211e-01  7.2493599e-08 -1.6920810e-06  9.2388004e-01] speed=0.0005 ang_speed=0.0029 ang_vel_vec=[ 0.00212439  0.00173093 -0.00102051] |com_force|=0.0000N
### kotek_magnet[tick=3600] sensor1: d=0.4082m in_range=False f_mag=0.000N tau_mag=0.0000Nm misalign_deg=90.0 pos=[0.10880338 0.10900927 0.49140218] bottom_world=[0.1088034  0.10900935 0.47140218] quat=[ 9.2484176e-01  1.4778930e-06 -1.2316838e-06  3.8035235e-01] speed=0.0002 ang_speed=0.0022 ang_vel_vec=[ 0.00195771  0.00103922 -0.00030913] |com_force|=0.0000N
### kotek_magnet[tick=3600] sensor2: d=0.3208m in_range=False f_mag=0.000N tau_mag=0.0000Nm misalign_deg=90.0 pos=[ 0.10902442 -0.10904672  0.49140096] bottom_world=[ 0.10902452 -0.10904652  0.47140096] quat=[ 9.230007e-01  5.634088e-06 -4.335975e-07 -3.847983e-01] speed=0.0004 ang_speed=0.0025 ang_vel_vec=[-0.0019917   0.00153129 -0.00021132] |com_force|=0.0000N
### kotek_magnet[tick=3600] sensor3: d=0.5470m in_range=False f_mag=0.000N tau_mag=0.0000Nm misalign_deg=90.0 pos=[-0.10910751 -0.10914607  0.49140108] bottom_world=[-0.10910745 -0.10914595  0.47140108] quat=[-3.8058394e-01 -2.6157124e-06 -2.3770376e-06  9.2474639e-01] speed=0.0005 ang_speed=0.0022 ang_vel_vec=[-0.00095536  0.00188219 -0.00068272] |com_force|=0.0000N
### kotek_magnet[tick=3600] sensor4: d=0.5249m in_range=False f_mag=0.000N tau_mag=0.0000Nm misalign_deg=90.0 pos=[-0.10900006  0.1090002   0.4914023 ] bottom_world=[-0.10900028  0.10900006  0.4714023 ] quat=[3.8268197e-01 3.8044172e-06 5.2717046e-06 9.2388010e-01] speed=0.0010 ang_speed=0.0029 ang_vel_vec=[ 0.00201249 -0.00193856 -0.00074442] |com_force|=0.0000N
### kotek_magnet[tick=3660] sensor1: d=0.4082m in_range=False f_mag=0.000N tau_mag=0.0000Nm misalign_deg=90.0 pos=[0.10880256 0.10900904 0.49140245] bottom_world=[0.10880276 0.10900906 0.47140245] quat=[ 9.2484194e-01 -1.4702506e-06 -4.7656267e-06  3.8035172e-01] speed=0.0010 ang_speed=0.0024 ang_vel_vec=[-1.9066664e-03  7.3561961e-05  1.4612712e-03] |com_force|=0.0000N
### kotek_magnet[tick=3660] sensor2: d=0.3208m in_range=False f_mag=0.000N tau_mag=0.0000Nm misalign_deg=90.0 pos=[ 0.10902447 -0.10904567  0.4914012 ] bottom_world=[ 0.10902436 -0.10904575  0.4714012 ] quat=[ 9.2300045e-01 -2.9190708e-06  1.5487894e-06 -3.8479897e-01] speed=0.0010 ang_speed=0.0023 ang_vel_vec=[0.00038545 0.00166957 0.00145983] |com_force|=0.0000N
### kotek_magnet[tick=3660] sensor3: d=0.5470m in_range=False f_mag=0.000N tau_mag=0.0000Nm misalign_deg=90.0 pos=[-0.10910701 -0.10914564  0.49140108] bottom_world=[-0.10910701 -0.10914562  0.47140108] quat=[-3.8058311e-01 -1.5489076e-07 -4.2283531e-07  9.2474681e-01] speed=0.0006 ang_speed=0.0095 ang_vel_vec=[0.00819544 0.00453641 0.00139671] |com_force|=0.0000N
### kotek_magnet[tick=3660] sensor4: d=0.5249m in_range=False f_mag=0.000N tau_mag=0.0000Nm misalign_deg=90.0 pos=[-0.10900008  0.10900013  0.4914024 ] bottom_world=[-0.1090003   0.10899999  0.47140239] quat=[3.8268211e-01 3.7650132e-06 5.2784003e-06 9.2388010e-01] speed=0.0010 ang_speed=0.0024 ang_vel_vec=[ 0.00155759 -0.00163904 -0.00073572] |com_force|=0.0000N
### kotek_magnet[tick=3720] sensor1: d=0.4082m in_range=False f_mag=0.000N tau_mag=0.0000Nm misalign_deg=90.0 pos=[0.10880258 0.10900933 0.4914023 ] bottom_world=[0.10880279 0.10900925 0.4714023 ] quat=[ 9.2484188e-01 -3.9340771e-06 -4.1798676e-06  3.8035181e-01] speed=0.0009 ang_speed=0.0034 ang_vel_vec=[ 3.3192425e-03 -5.7043620e-05  7.6726690e-04] |com_force|=0.0000N
### kotek_magnet[tick=3720] sensor2: d=0.3208m in_range=False f_mag=0.000N tau_mag=0.0000Nm misalign_deg=90.0 pos=[ 0.10902464 -0.1090467   0.49140117] bottom_world=[ 0.10902463 -0.10904653  0.47140117] quat=[ 9.2300087e-01  3.9128540e-06  1.7885196e-06 -3.8479811e-01] speed=0.0004 ang_speed=0.0023 ang_vel_vec=[-0.00221989 -0.00023558 -0.00070221] |com_force|=0.0000N
### kotek_magnet[tick=3720] sensor3: d=0.5470m in_range=False f_mag=0.000N tau_mag=0.0000Nm misalign_deg=90.0 pos=[-0.10910819 -0.10914576  0.49140114] bottom_world=[-0.10910792 -0.1091459   0.47140114] quat=[-3.8058409e-01 -5.1538041e-06  5.8032724e-06  9.2474633e-01] speed=0.0010 ang_speed=0.0030 ang_vel_vec=[ 0.00224872  0.00182627 -0.00078526] |com_force|=0.0000N
### kotek_magnet[tick=3720] sensor4: d=0.5249m in_range=False f_mag=0.000N tau_mag=0.0000Nm misalign_deg=90.0 pos=[-0.10900014  0.1089996   0.49140224] bottom_world=[-0.10900024  0.10899963  0.47140224] quat=[3.8268241e-01 2.4703063e-06 3.5385074e-07 9.2387998e-01] speed=0.0004 ang_speed=0.0032 ang_vel_vec=[ 0.00275161 -0.00159617 -0.00021853] |com_force|=0.0000N
### kotek_magnet[tick=3780] sensor1: d=0.4082m in_range=False f_mag=0.000N tau_mag=0.0000Nm misalign_deg=90.0 pos=[0.10880256 0.10900933 0.49140233] bottom_world=[0.10880277 0.10900926 0.47140233] quat=[ 9.2484194e-01 -3.5745677e-06 -4.2375441e-06  3.8035181e-01] speed=0.0009 ang_speed=0.0030 ang_vel_vec=[ 2.879746e-03 -8.743957e-05  7.350357e-04] |com_force|=0.0000N
### kotek_magnet[tick=3780] sensor2: d=0.3208m in_range=False f_mag=0.000N tau_mag=0.0000Nm misalign_deg=90.0 pos=[ 0.10902464 -0.10904671  0.4914011 ] bottom_world=[ 0.10902463 -0.10904653  0.47140111] quat=[ 9.2300075e-01  4.1180456e-06  1.8639267e-06 -3.8479820e-01] speed=0.0004 ang_speed=0.0024 ang_vel_vec=[-0.00216453 -0.00061998 -0.00074208] |com_force|=0.0000N
### kotek_magnet[tick=3780] sensor3: d=0.5470m in_range=False f_mag=0.000N tau_mag=0.0000Nm misalign_deg=90.0 pos=[-0.1091075  -0.1091461   0.49140108] bottom_world=[-0.10910744 -0.10914597  0.47140108] quat=[-3.8058391e-01 -2.6290977e-06 -2.2429076e-06  9.2474639e-01] speed=0.0005 ang_speed=0.0024 ang_vel_vec=[-0.00056243  0.00216982 -0.00073885] |com_force|=0.0000N
### kotek_magnet[tick=3780] sensor4: d=0.5249m in_range=False f_mag=0.000N tau_mag=0.0000Nm misalign_deg=90.0 pos=[-0.10900036  0.10899954  0.4914024 ] bottom_world=[-0.10900036  0.1089996   0.47140239] quat=[ 3.8268232e-01  5.3367921e-07 -1.2454334e-06  9.2387998e-01] speed=0.0005 ang_speed=0.0027 ang_vel_vec=[ 0.00261759 -0.00012795 -0.00077975] |com_force|=0.0000N
### kotek_magnet[tick=3840] sensor1: d=0.4082m in_range=False f_mag=0.000N tau_mag=0.0000Nm misalign_deg=90.0 pos=[0.10880337 0.10900926 0.49140227] bottom_world=[0.10880339 0.10900932 0.47140227] quat=[ 9.2484176e-01  1.2729984e-06 -1.0628113e-06  3.8035232e-01] speed=0.0001 ang_speed=0.0011 ang_vel_vec=[ 0.0010103  -0.00028519 -0.00045346] |com_force|=0.0000N
### kotek_magnet[tick=3840] sensor2: d=0.3208m in_range=False f_mag=0.000N tau_mag=0.0000Nm misalign_deg=90.0 pos=[ 0.10902464 -0.10904589  0.49140114] bottom_world=[ 0.10902451 -0.10904595  0.47140114] quat=[ 9.2300063e-01 -2.8258696e-06  2.5623667e-06 -3.8479850e-01] speed=0.0007 ang_speed=0.0046 ang_vel_vec=[ 0.00200175 -0.0041429   0.00035995] |com_force|=0.0000N
### kotek_magnet[tick=3840] sensor3: d=0.5470m in_range=False f_mag=0.000N tau_mag=0.0000Nm misalign_deg=90.0 pos=[-0.10910647 -0.10914587  0.49140114] bottom_world=[-0.10910666 -0.10914568  0.47140114] quat=[-3.8058305e-01  2.4481965e-06 -6.1879705e-06  9.2474687e-01] speed=0.0009 ang_speed=0.0035 ang_vel_vec=[0.00318514 0.00053431 0.00132954] |com_force|=0.0000N
### kotek_magnet[tick=3840] sensor4: d=0.5249m in_range=False f_mag=0.000N tau_mag=0.0000Nm misalign_deg=90.0 pos=[-0.10900037  0.10899951  0.4914023 ] bottom_world=[-0.10900035  0.10899957  0.4714023 ] quat=[ 3.8268217e-01  5.5503023e-08 -1.5138087e-06  9.2388016e-01] speed=0.0005 ang_speed=0.0026 ang_vel_vec=[ 0.00194764  0.00145044 -0.00091563] |com_force|=0.0000N
### kotek_magnet[tick=3900] sensor1: d=0.4082m in_range=False f_mag=0.000N tau_mag=0.0000Nm misalign_deg=90.0 pos=[0.10880282 0.10900926 0.49140242] bottom_world=[0.10880299 0.10900924 0.47140242] quat=[ 9.248418e-01 -2.120270e-06 -3.726907e-06  3.803521e-01] speed=0.0007 ang_speed=0.0041 ang_vel_vec=[0.0037757  0.00162282 0.00023913] |com_force|=0.0000N
### kotek_magnet[tick=3900] sensor2: d=0.3208m in_range=False f_mag=0.000N tau_mag=0.0000Nm misalign_deg=90.0 pos=[ 0.10902449 -0.10904564  0.4914012 ] bottom_world=[ 0.10902439 -0.10904572  0.4714012 ] quat=[ 9.2300045e-01 -2.8424820e-06  1.4166521e-06 -3.8479888e-01] speed=0.0010 ang_speed=0.0024 ang_vel_vec=[1.9310733e-05 2.1684540e-03 1.1074389e-03] |com_force|=0.0000N
### kotek_magnet[tick=3900] sensor3: d=0.5470m in_range=False f_mag=0.000N tau_mag=0.0000Nm misalign_deg=90.0 pos=[-0.10910816 -0.10914579  0.4914012 ] bottom_world=[-0.10910789 -0.10914591  0.4714012 ] quat=[-3.8058397e-01 -4.9595251e-06  5.2618652e-06  9.2474639e-01] speed=0.0010 ang_speed=0.0028 ang_vel_vec=[ 0.00196551  0.00171809 -0.00112159] |com_force|=0.0000N
### kotek_magnet[tick=3900] sensor4: d=0.5249m in_range=False f_mag=0.000N tau_mag=0.0000Nm misalign_deg=90.0 pos=[-0.1090001   0.10900015  0.49140236] bottom_world=[-0.10900032  0.10900001  0.47140236] quat=[3.8268206e-01 3.6760252e-06 5.4171182e-06 9.2388022e-01] speed=0.0010 ang_speed=0.0026 ang_vel_vec=[ 0.00166317 -0.00173602 -0.00111044] |com_force|=0.0000N
### kotek_magnet[tick=3960] sensor1: d=0.4082m in_range=False f_mag=0.000N tau_mag=0.0000Nm misalign_deg=90.0 pos=[0.10880257 0.10900936 0.4914023 ] bottom_world=[0.10880279 0.10900927 0.4714023 ] quat=[ 9.2484188e-01 -3.9357706e-06 -4.1943986e-06  3.8035199e-01] speed=0.0009 ang_speed=0.0034 ang_vel_vec=[ 0.00329316 -0.00010084  0.0006891 ] |com_force|=0.0000N
### kotek_magnet[tick=3960] sensor2: d=0.3208m in_range=False f_mag=0.000N tau_mag=0.0000Nm misalign_deg=90.0 pos=[ 0.10902436 -0.10904735  0.49140114] bottom_world=[ 0.1090246  -0.10904697  0.47140114] quat=[ 9.23000932e-01  1.08872355e-05 -1.80794405e-06 -3.84797812e-01] speed=0.0010 ang_speed=0.0028 ang_vel_vec=[-0.00160364  0.00211232 -0.0008738 ] |com_force|=0.0000N
### kotek_magnet[tick=3960] sensor3: d=0.5470m in_range=False f_mag=0.000N tau_mag=0.0000Nm misalign_deg=90.0 pos=[-0.10910669 -0.10914607  0.49140108] bottom_world=[-0.10910686 -0.10914582  0.47140108] quat=[-3.8058338e-01  1.5266949e-06 -7.2418907e-06  9.2474663e-01] speed=0.0006 ang_speed=0.0036 ang_vel_vec=[-0.0032451  -0.00150261  0.00045712] |com_force|=0.0000N
### kotek_magnet[tick=3960] sensor4: d=0.5249m in_range=False f_mag=0.000N tau_mag=0.0000Nm misalign_deg=90.0 pos=[-0.1090001   0.10900018  0.49140233] bottom_world=[-0.10900033  0.10900003  0.47140233] quat=[3.8268197e-01 3.7564657e-06 5.6601439e-06 9.2388022e-01] speed=0.0010 ang_speed=0.0028 ang_vel_vec=[ 0.00196527 -0.001778   -0.00085067] |com_force|=0.0000N
### kotek_magnet[tick=4020] sensor1: d=0.4082m in_range=False f_mag=0.000N tau_mag=0.0000Nm misalign_deg=90.0 pos=[0.1088043  0.10900898 0.49140242] bottom_world=[0.10880403 0.10900933 0.47140242] quat=[9.24841523e-01 1.06456655e-05 2.84936573e-06 3.80352706e-01] speed=0.0010 ang_speed=0.0028 ang_vel_vec=[-0.00187212 -0.00184492 -0.0008355 ] |com_force|=0.0000N
### kotek_magnet[tick=4020] sensor2: d=0.3208m in_range=False f_mag=0.000N tau_mag=0.0000Nm misalign_deg=90.0 pos=[ 0.10902432 -0.10904733  0.49140108] bottom_world=[ 0.10902455 -0.10904695  0.47140108] quat=[ 9.2300087e-01  1.1009045e-05 -1.6469817e-06 -3.8479802e-01] speed=0.0010 ang_speed=0.0025 ang_vel_vec=[-0.00150483  0.00180699 -0.00079191] |com_force|=0.0000N
### kotek_magnet[tick=4020] sensor3: d=0.5470m in_range=False f_mag=0.000N tau_mag=0.0000Nm misalign_deg=90.0 pos=[-0.10910644 -0.10914589  0.49140114] bottom_world=[-0.10910663 -0.10914568  0.47140114] quat=[-3.8058302e-01  2.3718605e-06 -6.4502774e-06  9.2474681e-01] speed=0.0010 ang_speed=0.0027 ang_vel_vec=[2.2731833e-03 6.6466360e-05 1.5106146e-03] |com_force|=0.0000N
### kotek_magnet[tick=4020] sensor4: d=0.5249m in_range=False f_mag=0.000N tau_mag=0.0000Nm misalign_deg=90.0 pos=[-0.10900006  0.10900016  0.49140233] bottom_world=[-0.10900029  0.10900002  0.47140233] quat=[3.8268220e-01 3.8717112e-06 5.4262914e-06 9.2388016e-01] speed=0.0010 ang_speed=0.0028 ang_vel_vec=[ 0.00195571 -0.00186269 -0.00073177] |com_force|=0.0000N
### kotek_magnet[tick=4080] sensor1: d=0.4082m in_range=False f_mag=0.000N tau_mag=0.0000Nm misalign_deg=90.0 pos=[0.1088043  0.10900895 0.4914023 ] bottom_world=[0.10880404 0.1090093  0.4714023 ] quat=[9.2484158e-01 1.0428250e-05 2.8357040e-06 3.8035268e-01] speed=0.0010 ang_speed=0.0025 ang_vel_vec=[-0.00174967 -0.00162181 -0.00081096] |com_force|=0.0000N
### kotek_magnet[tick=4080] sensor2: d=0.3208m in_range=False f_mag=0.000N tau_mag=0.0000Nm misalign_deg=90.0 pos=[ 0.10902432 -0.10904738  0.49140114] bottom_world=[ 0.10902456 -0.10904699  0.47140114] quat=[ 9.2300087e-01  1.1315653e-05 -1.8695830e-06 -3.8479787e-01] speed=0.0010 ang_speed=0.0030 ang_vel_vec=[-0.00195369  0.00218238 -0.00078604] |com_force|=0.0000N
### kotek_magnet[tick=4080] sensor3: d=0.5470m in_range=False f_mag=0.000N tau_mag=0.0000Nm misalign_deg=90.0 pos=[-0.10910822 -0.10914574  0.49140117] bottom_world=[-0.10910795 -0.10914587  0.47140117] quat=[-3.8058403e-01 -5.1185511e-06  5.6044682e-06  9.2474639e-01] speed=0.0010 ang_speed=0.0028 ang_vel_vec=[ 0.00205227  0.00180482 -0.00078974] |com_force|=0.0000N
### kotek_magnet[tick=4080] sensor4: d=0.5249m in_range=False f_mag=0.000N tau_mag=0.0000Nm misalign_deg=90.0 pos=[-0.10900007  0.10900015  0.49140233] bottom_world=[-0.10900029  0.10900001  0.47140233] quat=[3.8268217e-01 3.7406508e-06 5.4838160e-06 9.2388016e-01] speed=0.0010 ang_speed=0.0024 ang_vel_vec=[ 0.00164659 -0.00160541 -0.00072079] |com_force|=0.0000N
### kotek_magnet[tick=4140] sensor1: d=0.4082m in_range=False f_mag=0.000N tau_mag=0.0000Nm misalign_deg=90.0 pos=[0.10880256 0.10900906 0.49140236] bottom_world=[0.10880276 0.10900907 0.47140236] quat=[ 9.2484194e-01 -1.5449737e-06 -4.7005601e-06  3.8035169e-01] speed=0.0010 ang_speed=0.0023 ang_vel_vec=[-1.8725946e-03  7.4670228e-05  1.3266674e-03] |com_force|=0.0000N
### kotek_magnet[tick=4140] sensor2: d=0.3208m in_range=False f_mag=0.000N tau_mag=0.0000Nm misalign_deg=90.0 pos=[ 0.10902466 -0.10904592  0.4914011 ] bottom_world=[ 0.10902452 -0.10904598  0.47140111] quat=[ 9.2300057e-01 -2.8960508e-06  2.6289179e-06 -3.8479850e-01] speed=0.0006 ang_speed=0.0046 ang_vel_vec=[ 0.00199907 -0.00412801  0.0004126 ] |com_force|=0.0000N
### kotek_magnet[tick=4140] sensor3: d=0.5470m in_range=False f_mag=0.000N tau_mag=0.0000Nm misalign_deg=90.0 pos=[-0.10910671 -0.10914608  0.49140108] bottom_world=[-0.10910689 -0.10914583  0.47140108] quat=[-3.8058338e-01  1.5973848e-06 -7.5037037e-06  9.2474663e-01] speed=0.0006 ang_speed=0.0041 ang_vel_vec=[-0.00371187 -0.0016315   0.00042801] |com_force|=0.0000N
### kotek_magnet[tick=4140] sensor4: d=0.5249m in_range=False f_mag=0.000N tau_mag=0.0000Nm misalign_deg=90.0 pos=[-0.10900035  0.10899954  0.49140242] bottom_world=[-0.10900033  0.1089996   0.47140242] quat=[ 3.8268217e-01  1.2686975e-07 -1.5842918e-06  9.2388004e-01] speed=0.0005 ang_speed=0.0026 ang_vel_vec=[ 0.00196235  0.0014622  -0.00085934] |com_force|=0.0000N
### kotek_magnet[tick=4200] sensor1: d=0.4082m in_range=False f_mag=0.000N tau_mag=0.0000Nm misalign_deg=90.0 pos=[0.10880331 0.10900911 0.49140227] bottom_world=[0.10880332 0.10900925 0.47140227] quat=[ 9.2484170e-01  3.1298355e-06 -1.6467014e-06  3.8035217e-01] speed=0.0002 ang_speed=0.0011 ang_vel_vec=[-0.00107565  0.00023181  0.00015123] |com_force|=0.0000N
### kotek_magnet[tick=4200] sensor2: d=0.3208m in_range=False f_mag=0.000N tau_mag=0.0000Nm misalign_deg=90.0 pos=[ 0.10902462 -0.10904668  0.49140108] bottom_world=[ 0.10902461 -0.10904651  0.47140108] quat=[ 9.2300075e-01  3.8725898e-06  1.8569688e-06 -3.8479808e-01] speed=0.0004 ang_speed=0.0024 ang_vel_vec=[-0.00213237 -0.00078162 -0.00078145] |com_force|=0.0000N
### kotek_magnet[tick=4200] sensor3: d=0.5470m in_range=False f_mag=0.000N tau_mag=0.0000Nm misalign_deg=90.0 pos=[-0.10910817 -0.10914578  0.49140117] bottom_world=[-0.10910791 -0.1091459   0.47140117] quat=[-3.8058409e-01 -4.9240462e-06  5.2330324e-06  9.2474639e-01] speed=0.0010 ang_speed=0.0027 ang_vel_vec=[ 0.00193348  0.00160881 -0.00083998] |com_force|=0.0000N
### kotek_magnet[tick=4200] sensor4: d=0.5249m in_range=False f_mag=0.000N tau_mag=0.0000Nm misalign_deg=90.0 pos=[-0.10900004  0.10900018  0.4914023 ] bottom_world=[-0.10900027  0.10900004  0.4714023 ] quat=[3.8268220e-01 3.7800614e-06 5.5431756e-06 9.2388016e-01] speed=0.0010 ang_speed=0.0026 ang_vel_vec=[ 0.00171806 -0.00171037 -0.00083002] |com_force|=0.0000N
### kotek_magnet[tick=4260] sensor1: d=0.4082m in_range=False f_mag=0.000N tau_mag=0.0000Nm misalign_deg=90.0 pos=[0.10880281 0.10900927 0.49140233] bottom_world=[0.10880299 0.10900925 0.47140233] quat=[ 9.2484182e-01 -2.2418085e-06 -3.8583084e-06  3.8035196e-01] speed=0.0006 ang_speed=0.0044 ang_vel_vec=[0.00399773 0.001777   0.00055317] |com_force|=0.0000N
### kotek_magnet[tick=4260] sensor2: d=0.3208m in_range=False f_mag=0.000N tau_mag=0.0000Nm misalign_deg=90.0 pos=[ 0.10902444 -0.10904638  0.4914011 ] bottom_world=[ 0.1090245  -0.10904624  0.47140111] quat=[ 9.2300069e-01  3.8798257e-06  3.0488479e-08 -3.8479841e-01] speed=0.0002 ang_speed=0.0029 ang_vel_vec=[-0.00145564  0.00250141  0.00021302] |com_force|=0.0000N
### kotek_magnet[tick=4260] sensor3: d=0.5470m in_range=False f_mag=0.000N tau_mag=0.0000Nm misalign_deg=90.0 pos=[-0.10910701 -0.10914563  0.49140105] bottom_world=[-0.10910701 -0.10914561  0.47140105] quat=[-3.8058317e-01 -1.7541255e-07 -3.6137288e-07  9.2474669e-01] speed=0.0006 ang_speed=0.0095 ang_vel_vec=[0.00820001 0.00458061 0.00132923] |com_force|=0.0000N
### kotek_magnet[tick=4260] sensor4: d=0.5249m in_range=False f_mag=0.000N tau_mag=0.0000Nm misalign_deg=90.0 pos=[-0.10900007  0.1090002   0.49140233] bottom_world=[-0.1090003   0.10900006  0.47140233] quat=[3.8268214e-01 3.8362214e-06 5.4228190e-06 9.2388016e-01] speed=0.0010 ang_speed=0.0027 ang_vel_vec=[ 0.00180818 -0.00189147 -0.00079011] |com_force|=0.0000N
### kotek_magnet[tick=4320] sensor1: d=0.4082m in_range=False f_mag=0.000N tau_mag=0.0000Nm misalign_deg=90.0 pos=[0.10880284 0.10900924 0.49140245] bottom_world=[0.10880301 0.10900922 0.47140245] quat=[ 9.2484182e-01 -2.2101281e-06 -3.8027833e-06  3.8035205e-01] speed=0.0006 ang_speed=0.0041 ang_vel_vec=[0.00374602 0.00165294 0.00039914] |com_force|=0.0000N
### kotek_magnet[tick=4320] sensor2: d=0.3208m in_range=False f_mag=0.000N tau_mag=0.0000Nm misalign_deg=90.0 pos=[ 0.10902466 -0.10904672  0.4914011 ] bottom_world=[ 0.10902464 -0.10904656  0.47140111] quat=[ 9.2300081e-01  3.5988091e-06  1.9598226e-06 -3.8479808e-01] speed=0.0004 ang_speed=0.0026 ang_vel_vec=[-0.0022343  -0.00086483 -0.00089626] |com_force|=0.0000N
### kotek_magnet[tick=4320] sensor3: d=0.5470m in_range=False f_mag=0.000N tau_mag=0.0000Nm misalign_deg=90.0 pos=[-0.10910729 -0.10914582  0.49140114] bottom_world=[-0.10910726 -0.10914579  0.47140114] quat=[-3.8058335e-01 -8.2129219e-07 -6.0878165e-07  9.2474669e-01] speed=0.0003 ang_speed=0.0058 ang_vel_vec=[0.00515764 0.00267399 0.00022167] |com_force|=0.0000N
### kotek_magnet[tick=4320] sensor4: d=0.5249m in_range=False f_mag=0.000N tau_mag=0.0000Nm misalign_deg=90.0 pos=[-0.1090001   0.10900017  0.4914023 ] bottom_world=[-0.10900032  0.10900003  0.4714023 ] quat=[3.8268203e-01 3.7117486e-06 5.3951030e-06 9.2388016e-01] speed=0.0010 ang_speed=0.0025 ang_vel_vec=[ 0.00156209 -0.00165347 -0.00094633] |com_force|=0.0000N
### kotek_magnet[tick=4380] sensor1: d=0.4082m in_range=False f_mag=0.000N tau_mag=0.0000Nm misalign_deg=90.0 pos=[0.10880256 0.10900933 0.49140242] bottom_world=[0.10880278 0.10900924 0.47140242] quat=[ 9.2484194e-01 -3.9832744e-06 -4.3125065e-06  3.8035193e-01] speed=0.0009 ang_speed=0.0037 ang_vel_vec=[0.00352957 0.00018156 0.00094164] |com_force|=0.0000N
### kotek_magnet[tick=4380] sensor2: d=0.3208m in_range=False f_mag=0.000N tau_mag=0.0000Nm misalign_deg=90.0 pos=[ 0.10902464 -0.10904668  0.4914011 ] bottom_world=[ 0.10902462 -0.10904652  0.47140111] quat=[ 9.2300081e-01  3.6329743e-06  2.0668349e-06 -3.8479805e-01] speed=0.0004 ang_speed=0.0024 ang_vel_vec=[-0.00169255 -0.00153517 -0.00055512] |com_force|=0.0000N
### kotek_magnet[tick=4380] sensor3: d=0.5470m in_range=False f_mag=0.000N tau_mag=0.0000Nm misalign_deg=90.0 pos=[-0.10910641 -0.10914611  0.49140108] bottom_world=[-0.10910663 -0.1091458   0.47140108] quat=[-3.8058320e-01  1.9677000e-06 -9.1206593e-06  9.2474675e-01] speed=0.0008 ang_speed=0.0026 ang_vel_vec=[-0.00237615  0.0006028   0.00091778] |com_force|=0.0000N
### kotek_magnet[tick=4380] sensor4: d=0.5249m in_range=False f_mag=0.000N tau_mag=0.0000Nm misalign_deg=90.0 pos=[-0.10900007  0.10900019  0.49140227] bottom_world=[-0.10900029  0.10900005  0.47140227] quat=[3.8268211e-01 3.7848254e-06 5.4194711e-06 9.2388016e-01] speed=0.0010 ang_speed=0.0025 ang_vel_vec=[ 0.00172414 -0.00169587 -0.00061573] |com_force|=0.0000N
### kotek_magnet[tick=4440] sensor1: d=0.4082m in_range=False f_mag=0.000N tau_mag=0.0000Nm misalign_deg=90.0 pos=[0.1088029  0.10900892 0.49140233] bottom_world=[0.10880295 0.10900912 0.47140233] quat=[ 9.2484188e-01  4.1371522e-06 -2.9723265e-06  3.8035199e-01] speed=0.0007 ang_speed=0.0057 ang_vel_vec=[-0.00493206 -0.00277276  0.00098407] |com_force|=0.0000N
### kotek_magnet[tick=4440] sensor2: d=0.3208m in_range=False f_mag=0.000N tau_mag=0.0000Nm misalign_deg=90.0 pos=[ 0.10902446 -0.10904565  0.49140114] bottom_world=[ 0.10902436 -0.10904574  0.47140114] quat=[ 9.2300045e-01 -2.9077823e-06  1.4762263e-06 -3.8479897e-01] speed=0.0010 ang_speed=0.0024 ang_vel_vec=[0.00020993 0.00186454 0.00142272] |com_force|=0.0000N
### kotek_magnet[tick=4440] sensor3: d=0.5470m in_range=False f_mag=0.000N tau_mag=0.0000Nm misalign_deg=90.0 pos=[-0.10910646 -0.1091459   0.49140114] bottom_world=[-0.10910664 -0.10914571  0.47140114] quat=[-3.8058296e-01  2.3869022e-06 -6.3060475e-06  9.2474687e-01] speed=0.0009 ang_speed=0.0028 ang_vel_vec=[0.00236959 0.00018771 0.0014901 ] |com_force|=0.0000N
### kotek_magnet[tick=4440] sensor4: d=0.5249m in_range=False f_mag=0.000N tau_mag=0.0000Nm misalign_deg=90.0 pos=[-0.10900022  0.10899847  0.4914024 ] bottom_world=[-0.10900011  0.10899878  0.47140239] quat=[ 3.8268310e-01  5.2597517e-07 -8.1883290e-06  9.2387980e-01] speed=0.0009 ang_speed=0.0019 ang_vel_vec=[-0.00049835 -0.00125239  0.00132676] |com_force|=0.0000N
### kotek_magnet[tick=4500] sensor1: d=0.4082m in_range=False f_mag=0.000N tau_mag=0.0000Nm misalign_deg=90.0 pos=[0.10880259 0.10900908 0.4914023 ] bottom_world=[0.10880279 0.10900908 0.4714023 ] quat=[ 9.2484200e-01 -1.8366471e-06 -4.6663472e-06  3.8035166e-01] speed=0.0010 ang_speed=0.0016 ang_vel_vec=[-0.00072462  0.00042993  0.00138345] |com_force|=0.0000N
### kotek_magnet[tick=4500] sensor2: d=0.3208m in_range=False f_mag=0.000N tau_mag=0.0000Nm misalign_deg=90.0 pos=[ 0.10902428 -0.10904726  0.4914012 ] bottom_world=[ 0.10902453 -0.1090469   0.4714012 ] quat=[ 9.2300075e-01  1.0765409e-05 -2.3467437e-06 -3.8479811e-01] speed=0.0009 ang_speed=0.0044 ang_vel_vec=[-0.0028936   0.00325031 -0.00054974] |com_force|=0.0000N
### kotek_magnet[tick=4500] sensor3: d=0.5470m in_range=False f_mag=0.000N tau_mag=0.0000Nm misalign_deg=90.0 pos=[-0.10910701 -0.10914565  0.4914011 ] bottom_world=[-0.10910702 -0.10914563  0.47140111] quat=[-3.8058317e-01  3.5427725e-08 -4.2232747e-07  9.2474669e-01] speed=0.0006 ang_speed=0.0096 ang_vel_vec=[0.00843129 0.00441618 0.00126157] |com_force|=0.0000N
### kotek_magnet[tick=4500] sensor4: d=0.5249m in_range=False f_mag=0.000N tau_mag=0.0000Nm misalign_deg=90.0 pos=[-0.10900007  0.10900016  0.49140245] bottom_world=[-0.10900028  0.10900002  0.47140245] quat=[3.8268217e-01 3.3854751e-06 5.2678679e-06 9.2388010e-01] speed=0.0010 ang_speed=0.0023 ang_vel_vec=[ 0.00175477 -0.00125394 -0.00081631] |com_force|=0.0000N
### kotek_magnet[tick=4560] sensor1: d=0.4082m in_range=False f_mag=0.000N tau_mag=0.0000Nm misalign_deg=90.0 pos=[0.10880382 0.10900922 0.4914023 ] bottom_world=[0.10880372 0.10900935 0.4714023 ] quat=[9.2484164e-01 3.9843076e-06 9.1871402e-07 3.8035259e-01] speed=0.0006 ang_speed=0.0028 ang_vel_vec=[-0.00044319 -0.00263774 -0.00089143] |com_force|=0.0000N
### kotek_magnet[tick=4560] sensor2: d=0.3208m in_range=False f_mag=0.000N tau_mag=0.0000Nm misalign_deg=90.0 pos=[ 0.10902465 -0.10904671  0.4914012 ] bottom_world=[ 0.10902464 -0.10904654  0.4714012 ] quat=[ 9.2300081e-01  3.9167567e-06  2.0346795e-06 -3.8479814e-01] speed=0.0004 ang_speed=0.0024 ang_vel_vec=[-0.00186941 -0.00138501 -0.00072076] |com_force|=0.0000N
### kotek_magnet[tick=4560] sensor3: d=0.5470m in_range=False f_mag=0.000N tau_mag=0.0000Nm misalign_deg=90.0 pos=[-0.10910671 -0.10914609  0.49140123] bottom_world=[-0.10910688 -0.10914584  0.47140123] quat=[-3.8058335e-01  1.4941777e-06 -7.3976707e-06  9.2474663e-01] speed=0.0006 ang_speed=0.0040 ang_vel_vec=[-0.00362051 -0.00151478  0.0005451 ] |com_force|=0.0000N
### kotek_magnet[tick=4560] sensor4: d=0.5249m in_range=False f_mag=0.000N tau_mag=0.0000Nm misalign_deg=90.0 pos=[-0.10900006  0.10900015  0.49140242] bottom_world=[-0.10900029  0.10900001  0.47140242] quat=[3.8268211e-01 3.9127854e-06 5.5433652e-06 9.2388016e-01] speed=0.0010 ang_speed=0.0027 ang_vel_vec=[ 0.00185767 -0.00181082 -0.0007562 ] |com_force|=0.0000N
### kotek_magnet[tick=4620] sensor1: d=0.4082m in_range=False f_mag=0.000N tau_mag=0.0000Nm misalign_deg=90.0 pos=[0.10880379 0.10900924 0.49140236] bottom_world=[0.1088037  0.10900936 0.47140236] quat=[9.2484158e-01 3.5721152e-06 1.1456184e-06 3.8035259e-01] speed=0.0006 ang_speed=0.0026 ang_vel_vec=[ 0.00140467 -0.00198876 -0.00086997] |com_force|=0.0000N
### kotek_magnet[tick=4620] sensor2: d=0.3208m in_range=False f_mag=0.000N tau_mag=0.0000Nm misalign_deg=90.0 pos=[ 0.10902462 -0.10904671  0.49140114] bottom_world=[ 0.10902462 -0.10904654  0.47140114] quat=[ 9.2300087e-01  3.7122059e-06  1.6611156e-06 -3.8479808e-01] speed=0.0004 ang_speed=0.0025 ang_vel_vec=[-0.00242717  0.00026119 -0.00070044] |com_force|=0.0000N
### kotek_magnet[tick=4620] sensor3: d=0.5470m in_range=False f_mag=0.000N tau_mag=0.0000Nm misalign_deg=90.0 pos=[-0.10910645 -0.10914586  0.4914011 ] bottom_world=[-0.10910664 -0.10914567  0.47140111] quat=[-3.8058299e-01  2.5080376e-06 -6.2073191e-06  9.2474681e-01] speed=0.0009 ang_speed=0.0033 ang_vel_vec=[0.00291772 0.00037954 0.00151069] |com_force|=0.0000N
### kotek_magnet[tick=4620] sensor4: d=0.5249m in_range=False f_mag=0.000N tau_mag=0.0000Nm misalign_deg=90.0 pos=[-0.10900036  0.10899955  0.4914022 ] bottom_world=[-0.10900033  0.1089996   0.47140221] quat=[ 3.8268211e-01 -4.2160480e-08 -1.4376067e-06  9.2388004e-01] speed=0.0005 ang_speed=0.0028 ang_vel_vec=[ 0.00208596  0.00167016 -0.00072814] |com_force|=0.0000N
### kotek_magnet[tick=4680] sensor1: d=0.4082m in_range=False f_mag=0.000N tau_mag=0.0000Nm misalign_deg=90.0 pos=[0.1088043  0.10900898 0.49140236] bottom_world=[0.10880403 0.10900932 0.47140236] quat=[9.2484152e-01 1.0562416e-05 2.9961650e-06 3.8035280e-01] speed=0.0010 ang_speed=0.0030 ang_vel_vec=[-0.0019782  -0.0019072  -0.00110513] |com_force|=0.0000N
### kotek_magnet[tick=4680] sensor2: d=0.3208m in_range=False f_mag=0.000N tau_mag=0.0000Nm misalign_deg=90.0 pos=[ 0.10902465 -0.10904671  0.4914011 ] bottom_world=[ 0.10902464 -0.10904654  0.47140111] quat=[ 9.2300081e-01  3.7599357e-06  1.8469893e-06 -3.8479811e-01] speed=0.0004 ang_speed=0.0026 ang_vel_vec=[-0.00239845 -0.00030392 -0.00095778] |com_force|=0.0000N
### kotek_magnet[tick=4680] sensor3: d=0.5470m in_range=False f_mag=0.000N tau_mag=0.0000Nm misalign_deg=90.0 pos=[-0.10910752 -0.10914607  0.4914012 ] bottom_world=[-0.10910746 -0.10914596  0.4714012 ] quat=[-3.8058403e-01 -2.4642968e-06 -2.1612211e-06  9.2474645e-01] speed=0.0005 ang_speed=0.0026 ang_vel_vec=[-0.00012343  0.00245652 -0.00095321] |com_force|=0.0000N
### kotek_magnet[tick=4680] sensor4: d=0.5249m in_range=False f_mag=0.000N tau_mag=0.0000Nm misalign_deg=90.0 pos=[-0.10900037  0.10899953  0.49140236] bottom_world=[-0.10900036  0.10899958  0.47140236] quat=[ 3.8268223e-01  1.8111680e-07 -1.3448480e-06  9.2388004e-01] speed=0.0005 ang_speed=0.0027 ang_vel_vec=[ 0.00210289  0.00128821 -0.00099398] |com_force|=0.0000N
### kotek_magnet[tick=4740] sensor1: d=0.4082m in_range=False f_mag=0.000N tau_mag=0.0000Nm misalign_deg=90.0 pos=[0.10880255 0.10900909 0.49140227] bottom_world=[0.10880275 0.1090091  0.47140227] quat=[ 9.2484200e-01 -1.4930928e-06 -4.7232929e-06  3.8035160e-01] speed=0.0010 ang_speed=0.0024 ang_vel_vec=[-0.00193166  0.00012225  0.00146895] |com_force|=0.0000N
### kotek_magnet[tick=4740] sensor2: d=0.3208m in_range=False f_mag=0.000N tau_mag=0.0000Nm misalign_deg=90.0 pos=[ 0.10902444 -0.10904641  0.49140105] bottom_world=[ 0.1090245  -0.10904627  0.47140105] quat=[ 9.2300069e-01  3.7199875e-06  6.9896117e-08 -3.8479841e-01] speed=0.0002 ang_speed=0.0027 ang_vel_vec=[-0.00133429  0.0023829   0.00027602] |com_force|=0.0000N
### kotek_magnet[tick=4740] sensor3: d=0.5470m in_range=False f_mag=0.000N tau_mag=0.0000Nm misalign_deg=90.0 pos=[-0.10910721 -0.10914586  0.49140108] bottom_world=[-0.10910717 -0.10914581  0.47140108] quat=[-3.8058349e-01 -1.3418493e-06 -8.7741887e-07  9.2474663e-01] speed=0.0002 ang_speed=0.0029 ang_vel_vec=[0.00239115 0.00157272 0.00029799] |com_force|=0.0000N
### kotek_magnet[tick=4740] sensor4: d=0.5249m in_range=False f_mag=0.000N tau_mag=0.0000Nm misalign_deg=90.0 pos=[-0.10900036  0.10899955  0.4914023 ] bottom_world=[-0.10900035  0.10899961  0.4714023 ] quat=[ 3.8268223e-01  1.9913838e-07 -1.5536234e-06  9.2388010e-01] speed=0.0005 ang_speed=0.0024 ang_vel_vec=[ 0.0018409   0.00136831 -0.00072656] |com_force|=0.0000N
### kotek_magnet[tick=4800] sensor1: d=0.4082m in_range=False f_mag=0.000N tau_mag=0.0000Nm misalign_deg=90.0 pos=[0.10880256 0.10900929 0.49140236] bottom_world=[0.10880277 0.10900922 0.47140236] quat=[ 9.2484194e-01 -3.6059141e-06 -4.1820222e-06  3.8035181e-01] speed=0.0009 ang_speed=0.0032 ang_vel_vec=[ 0.00316607 -0.00013032  0.00066592] |com_force|=0.0000N
### kotek_magnet[tick=4800] sensor2: d=0.3208m in_range=False f_mag=0.000N tau_mag=0.0000Nm misalign_deg=90.0 pos=[ 0.10902465 -0.10904592  0.49140117] bottom_world=[ 0.10902452 -0.10904597  0.47140117] quat=[ 9.2300057e-01 -2.5651277e-06  2.5181316e-06 -3.8479856e-01] speed=0.0007 ang_speed=0.0040 ang_vel_vec=[ 0.00182242 -0.00354338  0.00041397] |com_force|=0.0000N
### kotek_magnet[tick=4800] sensor3: d=0.5470m in_range=False f_mag=0.000N tau_mag=0.0000Nm misalign_deg=90.0 pos=[-0.1091067  -0.10914608  0.4914012 ] bottom_world=[-0.10910687 -0.10914584  0.4714012 ] quat=[-3.8058326e-01  1.4398848e-06 -7.1913528e-06  9.2474663e-01] speed=0.0006 ang_speed=0.0035 ang_vel_vec=[-0.00313683 -0.00137326  0.00042845] |com_force|=0.0000N
### kotek_magnet[tick=4800] sensor4: d=0.5249m in_range=False f_mag=0.000N tau_mag=0.0000Nm misalign_deg=90.0 pos=[-0.10900006  0.10900016  0.49140245] bottom_world=[-0.10900029  0.10900001  0.47140245] quat=[3.8268209e-01 3.8745093e-06 5.6537215e-06 9.2388016e-01] speed=0.0010 ang_speed=0.0031 ang_vel_vec=[ 0.00217878 -0.002026   -0.00086411] |com_force|=0.0000N
### kotek_magnet[tick=4860] sensor1: d=0.4082m in_range=False f_mag=0.000N tau_mag=0.0000Nm misalign_deg=90.0 pos=[0.10880259 0.10900907 0.49140245] bottom_world=[0.10880278 0.10900909 0.47140245] quat=[ 9.2484194e-01 -1.5197339e-06 -4.6187697e-06  3.8035175e-01] speed=0.0010 ang_speed=0.0021 ang_vel_vec=[-0.00131223  0.00029583  0.00158878] |com_force|=0.0000N
### kotek_magnet[tick=4860] sensor2: d=0.3208m in_range=False f_mag=0.000N tau_mag=0.0000Nm misalign_deg=90.0 pos=[ 0.10902464 -0.10904587  0.49140117] bottom_world=[ 0.1090245  -0.10904594  0.47140117] quat=[ 9.2300069e-01 -2.9154944e-06  2.5734585e-06 -3.8479850e-01] speed=0.0006 ang_speed=0.0048 ang_vel_vec=[ 0.00222741 -0.00423382  0.00068661] |com_force|=0.0000N
### kotek_magnet[tick=4860] sensor3: d=0.5470m in_range=False f_mag=0.000N tau_mag=0.0000Nm misalign_deg=90.0 pos=[-0.10910644 -0.10914613  0.49140102] bottom_world=[-0.10910664 -0.10914584  0.47140102] quat=[-3.8058320e-01  1.9786519e-06 -8.7971775e-06  9.2474675e-01] speed=0.0008 ang_speed=0.0024 ang_vel_vec=[-0.00220351  0.00047386  0.00094126] |com_force|=0.0000N
### kotek_magnet[tick=4860] sensor4: d=0.5249m in_range=False f_mag=0.000N tau_mag=0.0000Nm misalign_deg=90.0 pos=[-0.10900033  0.10899957  0.4914023 ] bottom_world=[-0.1090003   0.10899962  0.4714023 ] quat=[ 3.8268220e-01  3.1683523e-08 -1.4304474e-06  9.2388004e-01] speed=0.0005 ang_speed=0.0026 ang_vel_vec=[ 0.00193385  0.00165475 -0.00058774] |com_force|=0.0000N
### kotek_magnet[tick=4920] sensor1: d=0.4082m in_range=False f_mag=0.000N tau_mag=0.0000Nm misalign_deg=90.0 pos=[0.10880341 0.10900927 0.49140224] bottom_world=[0.10880342 0.10900936 0.47140224] quat=[ 9.2484164e-01  1.8665636e-06 -1.1525569e-06  3.8035235e-01] speed=0.0002 ang_speed=0.0009 ang_vel_vec=[ 7.8463519e-04 -5.0829029e-05 -3.4351772e-04] |com_force|=0.0000N
### kotek_magnet[tick=4920] sensor2: d=0.3208m in_range=False f_mag=0.000N tau_mag=0.0000Nm misalign_deg=90.0 pos=[ 0.10902462 -0.10904672  0.491401  ] bottom_world=[ 0.10902462 -0.10904654  0.47140099] quat=[ 9.2300075e-01  4.1089297e-06  1.8301716e-06 -3.8479808e-01] speed=0.0005 ang_speed=0.0024 ang_vel_vec=[-0.00223948 -0.00031312 -0.00074784] |com_force|=0.0000N
### kotek_magnet[tick=4920] sensor3: d=0.5470m in_range=False f_mag=0.000N tau_mag=0.0000Nm misalign_deg=90.0 pos=[-0.10910816 -0.10914578  0.49140096] bottom_world=[-0.10910789 -0.1091459   0.47140096] quat=[-3.8058421e-01 -5.0309054e-06  5.5260148e-06  9.2474639e-01] speed=0.0010 ang_speed=0.0030 ang_vel_vec=[ 0.00225407  0.00174443 -0.00077298] |com_force|=0.0000N
### kotek_magnet[tick=4920] sensor4: d=0.5249m in_range=False f_mag=0.000N tau_mag=0.0000Nm misalign_deg=90.0 pos=[-0.1090002  0.1089985  0.4914024] bottom_world=[-0.1090001   0.1089988   0.47140239] quat=[ 3.8268301e-01  6.4334182e-07 -7.9869715e-06  9.2387974e-01] speed=0.0009 ang_speed=0.0022 ang_vel_vec=[ 5.4109032e-06 -1.7293380e-03  1.3301972e-03] |com_force|=0.0000N
### kotek_magnet[tick=4980] sensor1: d=0.4082m in_range=False f_mag=0.000N tau_mag=0.0000Nm misalign_deg=90.0 pos=[0.1088043  0.10900894 0.49140236] bottom_world=[0.10880404 0.10900928 0.47140236] quat=[9.2484146e-01 1.0516110e-05 2.8466700e-06 3.8035274e-01] speed=0.0010 ang_speed=0.0026 ang_vel_vec=[-0.00178612 -0.00167376 -0.00079737] |com_force|=0.0000N
### kotek_magnet[tick=4980] sensor2: d=0.3208m in_range=False f_mag=0.000N tau_mag=0.0000Nm misalign_deg=90.0 pos=[ 0.10902444 -0.10904642  0.49140117] bottom_world=[ 0.1090245  -0.10904628  0.47140117] quat=[ 9.2300069e-01  3.8629373e-06  1.8686876e-08 -3.8479838e-01] speed=0.0002 ang_speed=0.0028 ang_vel_vec=[-0.00138588  0.0024062   0.00032024] |com_force|=0.0000N
### kotek_magnet[tick=4980] sensor3: d=0.5470m in_range=False f_mag=0.000N tau_mag=0.0000Nm misalign_deg=90.0 pos=[-0.10910814 -0.1091458   0.49140114] bottom_world=[-0.10910788 -0.10914592  0.47140114] quat=[-3.8058394e-01 -4.9766049e-06  5.2485470e-06  9.2474639e-01] speed=0.0010 ang_speed=0.0024 ang_vel_vec=[ 0.00174711  0.00144546 -0.00071271] |com_force|=0.0000N
### kotek_magnet[tick=4980] sensor4: d=0.5249m in_range=False f_mag=0.000N tau_mag=0.0000Nm misalign_deg=90.0 pos=[-0.10900022  0.10899842  0.4914024 ] bottom_world=[-0.1090001   0.10899874  0.47140239] quat=[ 3.8268301e-01  2.3729578e-07 -8.6999416e-06  9.2387974e-01] speed=0.0010 ang_speed=0.0018 ang_vel_vec=[-0.00086029 -0.00058502  0.00141449] |com_force|=0.0000N
### kotek_magnet[tick=5040] sensor1: d=0.4082m in_range=False f_mag=0.000N tau_mag=0.0000Nm misalign_deg=90.0 pos=[0.10880284 0.10900928 0.49140233] bottom_world=[0.10880301 0.10900925 0.47140233] quat=[ 9.2484182e-01 -2.2597524e-06 -3.7872278e-06  3.8035205e-01] speed=0.0006 ang_speed=0.0046 ang_vel_vec=[0.00418692 0.00179027 0.00063291] |com_force|=0.0000N
### kotek_magnet[tick=5040] sensor2: d=0.3208m in_range=False f_mag=0.000N tau_mag=0.0000Nm misalign_deg=90.0 pos=[ 0.10902466 -0.10904667  0.49140114] bottom_world=[ 0.10902464 -0.10904651  0.47140114] quat=[ 9.2300093e-01  3.6048518e-06  1.8898191e-06 -3.8479796e-01] speed=0.0004 ang_speed=0.0022 ang_vel_vec=[-0.0019393  -0.00080318 -0.00068748] |com_force|=0.0000N
### kotek_magnet[tick=5040] sensor3: d=0.5470m in_range=False f_mag=0.000N tau_mag=0.0000Nm misalign_deg=90.0 pos=[-0.10910752 -0.10914606  0.49140114] bottom_world=[-0.10910747 -0.10914593  0.47140114] quat=[-3.8058385e-01 -2.3486439e-06 -2.4480896e-06  9.2474645e-01] speed=0.0005 ang_speed=0.0022 ang_vel_vec=[-0.00085293  0.00194368 -0.00069889] |com_force|=0.0000N
### kotek_magnet[tick=5040] sensor4: d=0.5249m in_range=False f_mag=0.000N tau_mag=0.0000Nm misalign_deg=90.0 pos=[-0.10900021  0.10899851  0.4914023 ] bottom_world=[-0.10900009  0.10899882  0.4714023 ] quat=[ 3.826831e-01  3.397259e-07 -8.254622e-06  9.238797e-01] speed=0.0009 ang_speed=0.0016 ang_vel_vec=[-0.0006744  -0.00050662  0.00139129] |com_force|=0.0000N
### kotek_magnet[tick=5100] sensor1: d=0.4082m in_range=False f_mag=0.000N tau_mag=0.0000Nm misalign_deg=90.0 pos=[0.10880256 0.10900907 0.4914023 ] bottom_world=[0.10880276 0.10900909 0.4714023 ] quat=[ 9.2484194e-01 -1.3631247e-06 -4.6677646e-06  3.8035166e-01] speed=0.0010 ang_speed=0.0027 ang_vel_vec=[-0.00225096 -0.00016969  0.00142182] |com_force|=0.0000N
### kotek_magnet[tick=5100] sensor2: d=0.3208m in_range=False f_mag=0.000N tau_mag=0.0000Nm misalign_deg=90.0 pos=[ 0.10902434 -0.10904735  0.4914012 ] bottom_world=[ 0.10902458 -0.10904697  0.4714012 ] quat=[ 9.2300081e-01  1.1057903e-05 -1.8060130e-06 -3.8479790e-01] speed=0.0010 ang_speed=0.0028 ang_vel_vec=[-0.00169949  0.00206563 -0.00081371] |com_force|=0.0000N
### kotek_magnet[tick=5100] sensor3: d=0.5470m in_range=False f_mag=0.000N tau_mag=0.0000Nm misalign_deg=90.0 pos=[-0.1091075  -0.10914608  0.49140108] bottom_world=[-0.10910745 -0.10914596  0.47140108] quat=[-3.8058394e-01 -2.4951348e-06 -2.3387909e-06  9.2474645e-01] speed=0.0005 ang_speed=0.0023 ang_vel_vec=[-0.00090036  0.00203241 -0.00076143] |com_force|=0.0000N
### kotek_magnet[tick=5100] sensor4: d=0.5249m in_range=False f_mag=0.000N tau_mag=0.0000Nm misalign_deg=90.0 pos=[-0.10900018  0.10899847  0.49140236] bottom_world=[-0.10900008  0.10899878  0.47140236] quat=[ 3.8268298e-01  5.1290783e-07 -8.0810805e-06  9.2387974e-01] speed=0.0009 ang_speed=0.0017 ang_vel_vec=[-0.00039316 -0.00106915  0.00131692] |com_force|=0.0000N
### kotek_magnet[tick=5160] sensor1: d=0.4082m in_range=False f_mag=0.000N tau_mag=0.0000Nm misalign_deg=90.0 pos=[0.10880258 0.1090091  0.4914024 ] bottom_world=[0.10880278 0.10900912 0.47140239] quat=[ 9.2484200e-01 -1.4972915e-06 -4.7217063e-06  3.8035166e-01] speed=0.0010 ang_speed=0.0024 ang_vel_vec=[-0.00181942  0.00013213  0.00155034] |com_force|=0.0000N
### kotek_magnet[tick=5160] sensor2: d=0.3208m in_range=False f_mag=0.000N tau_mag=0.0000Nm misalign_deg=90.0 pos=[ 0.10902464 -0.10904589  0.49140108] bottom_world=[ 0.1090245  -0.10904595  0.47140108] quat=[ 9.2300057e-01 -2.8489449e-06  2.6517200e-06 -3.8479856e-01] speed=0.0006 ang_speed=0.0048 ang_vel_vec=[ 0.00212898 -0.00420257  0.00064253] |com_force|=0.0000N
### kotek_magnet[tick=5160] sensor3: d=0.5470m in_range=False f_mag=0.000N tau_mag=0.0000Nm misalign_deg=90.0 pos=[-0.10910729 -0.10914579  0.49140105] bottom_world=[-0.10910721 -0.10914576  0.47140105] quat=[-3.8058349e-01 -2.1323078e-06  6.0990722e-08  9.2474663e-01] speed=0.0002 ang_speed=0.0027 ang_vel_vec=[0.00176509 0.00197079 0.0004894 ] |com_force|=0.0000N
### kotek_magnet[tick=5160] sensor4: d=0.5249m in_range=False f_mag=0.000N tau_mag=0.0000Nm misalign_deg=90.0 pos=[-0.10900036  0.10899955  0.49140236] bottom_world=[-0.10900034  0.10899961  0.47140236] quat=[ 3.8268238e-01  1.3169597e-07 -1.5861933e-06  9.2387998e-01] speed=0.0005 ang_speed=0.0026 ang_vel_vec=[ 0.00195586  0.00166427 -0.00063622] |com_force|=0.0000N
### still playing, 1310s left
### kotek_magnet[tick=5220] sensor1: d=0.4082m in_range=False f_mag=0.000N tau_mag=0.0000Nm misalign_deg=90.0 pos=[0.10880256 0.10900912 0.49140233] bottom_world=[0.10880275 0.10900914 0.47140233] quat=[ 9.2484200e-01 -1.5255848e-06 -4.7021863e-06  3.8035181e-01] speed=0.0010 ang_speed=0.0024 ang_vel_vec=[-1.9229533e-03  5.8836205e-05  1.3547620e-03] |com_force|=0.0000N
### kotek_magnet[tick=5220] sensor2: d=0.3208m in_range=False f_mag=0.000N tau_mag=0.0000Nm misalign_deg=90.0 pos=[ 0.10902446 -0.10904561  0.49140123] bottom_world=[ 0.10902436 -0.1090457   0.47140123] quat=[ 9.2300045e-01 -3.0105552e-06  1.4426987e-06 -3.8479888e-01] speed=0.0010 ang_speed=0.0021 ang_vel_vec=[0.00048402 0.001569   0.00136841] |com_force|=0.0000N
### kotek_magnet[tick=5220] sensor3: d=0.5470m in_range=False f_mag=0.000N tau_mag=0.0000Nm misalign_deg=90.0 pos=[-0.10910817 -0.10914576  0.49140108] bottom_world=[-0.10910791 -0.10914588  0.47140108] quat=[-3.8058406e-01 -4.9204887e-06  5.3178974e-06  9.2474639e-01] speed=0.0010 ang_speed=0.0026 ang_vel_vec=[ 0.00191488  0.00157363 -0.00084356] |com_force|=0.0000N
### kotek_magnet[tick=5220] sensor4: d=0.5249m in_range=False f_mag=0.000N tau_mag=0.0000Nm misalign_deg=90.0 pos=[-0.10900008  0.10900016  0.4914023 ] bottom_world=[-0.1090003   0.10900001  0.4714023 ] quat=[3.8268206e-01 3.7835573e-06 5.5566434e-06 9.2388010e-01] speed=0.0010 ang_speed=0.0027 ang_vel_vec=[ 0.00183814 -0.00179453 -0.00084655] |com_force|=0.0000N
### kotek_magnet[tick=5280] sensor1: d=0.4082m in_range=False f_mag=0.000N tau_mag=0.0000Nm misalign_deg=90.0 pos=[0.10880283 0.10900927 0.49140233] bottom_world=[0.10880299 0.10900925 0.47140233] quat=[ 9.2484182e-01 -2.0375116e-06 -3.7021202e-06  3.8035220e-01] speed=0.0006 ang_speed=0.0041 ang_vel_vec=[0.00380263 0.00160614 0.00036711] |com_force|=0.0000N
### kotek_magnet[tick=5280] sensor2: d=0.3208m in_range=False f_mag=0.000N tau_mag=0.0000Nm misalign_deg=90.0 pos=[ 0.10902435 -0.10904735  0.49140117] bottom_world=[ 0.10902458 -0.10904697  0.47140117] quat=[ 9.2300087e-01  1.0903319e-05 -1.8455125e-06 -3.8479793e-01] speed=0.0009 ang_speed=0.0031 ang_vel_vec=[-0.00186718  0.00227158 -0.0009774 ] |com_force|=0.0000N
### kotek_magnet[tick=5280] sensor3: d=0.5470m in_range=False f_mag=0.000N tau_mag=0.0000Nm misalign_deg=90.0 pos=[-0.10910815 -0.10914579  0.4914011 ] bottom_world=[-0.10910789 -0.10914591  0.47140111] quat=[-3.8058412e-01 -4.9277437e-06  5.3691592e-06  9.2474633e-01] speed=0.0010 ang_speed=0.0030 ang_vel_vec=[ 0.00217832  0.00174465 -0.00098253] |com_force|=0.0000N
### kotek_magnet[tick=5280] sensor4: d=0.5249m in_range=False f_mag=0.000N tau_mag=0.0000Nm misalign_deg=90.0 pos=[-0.10900009  0.10900019  0.4914023 ] bottom_world=[-0.10900032  0.10900004  0.4714023 ] quat=[3.8268206e-01 3.8721237e-06 5.7581442e-06 9.2388010e-01] speed=0.0010 ang_speed=0.0031 ang_vel_vec=[ 0.00205023 -0.00205011 -0.00097724] |com_force|=0.0000N
### kotek_magnet[tick=5340] sensor1: d=0.4082m in_range=False f_mag=0.000N tau_mag=0.0000Nm misalign_deg=90.0 pos=[0.10880258 0.10900909 0.49140236] bottom_world=[0.10880277 0.10900912 0.47140236] quat=[ 9.2484194e-01 -1.3256968e-06 -4.6933928e-06  3.8035172e-01] speed=0.0010 ang_speed=0.0027 ang_vel_vec=[-0.00233702 -0.00015814  0.00138438] |com_force|=0.0000N
### kotek_magnet[tick=5340] sensor2: d=0.3208m in_range=False f_mag=0.000N tau_mag=0.0000Nm misalign_deg=90.0 pos=[ 0.10902433 -0.10904738  0.4914011 ] bottom_world=[ 0.10902458 -0.10904699  0.47140111] quat=[ 9.2300087e-01  1.1366099e-05 -1.9351044e-06 -3.8479787e-01] speed=0.0010 ang_speed=0.0031 ang_vel_vec=[-0.0019184   0.00223334 -0.00086567] |com_force|=0.0000N
### kotek_magnet[tick=5340] sensor3: d=0.5470m in_range=False f_mag=0.000N tau_mag=0.0000Nm misalign_deg=90.0 pos=[-0.10910815 -0.10914577  0.49140105] bottom_world=[-0.10910789 -0.10914588  0.47140105] quat=[-3.8058406e-01 -4.9020223e-06  5.0607177e-06  9.2474633e-01] speed=0.0010 ang_speed=0.0025 ang_vel_vec=[ 0.00176611  0.00150206 -0.00084959] |com_force|=0.0000N
### kotek_magnet[tick=5340] sensor4: d=0.5249m in_range=False f_mag=0.000N tau_mag=0.0000Nm misalign_deg=90.0 pos=[-0.10900008  0.10900018  0.49140236] bottom_world=[-0.1090003   0.10900003  0.47140236] quat=[3.8268209e-01 3.7401089e-06 5.3885515e-06 9.2388010e-01] speed=0.0010 ang_speed=0.0027 ang_vel_vec=[ 0.00179125 -0.00177822 -0.00082673] |com_force|=0.0000N
### kotek_magnet[tick=5400] sensor1: d=0.4082m in_range=False f_mag=0.000N tau_mag=0.0000Nm misalign_deg=90.0 pos=[0.10880259 0.10900907 0.49140233] bottom_world=[0.10880279 0.10900909 0.47140233] quat=[ 9.2484194e-01 -1.4542525e-06 -4.6559726e-06  3.8035160e-01] speed=0.0010 ang_speed=0.0022 ang_vel_vec=[-0.0016036   0.00018857  0.00152528] |com_force|=0.0000N
### kotek_magnet[tick=5400] sensor2: d=0.3208m in_range=False f_mag=0.000N tau_mag=0.0000Nm misalign_deg=90.0 pos=[ 0.10902464 -0.10904645  0.49140102] bottom_world=[ 0.1090246  -0.10904637  0.47140102] quat=[ 9.2300069e-01  1.5424406e-06  1.8252621e-06 -3.8479835e-01] speed=0.0001 ang_speed=0.0022 ang_vel_vec=[ 0.00141144 -0.00160596 -0.00028499] |com_force|=0.0000N
### kotek_magnet[tick=5400] sensor3: d=0.5470m in_range=False f_mag=0.000N tau_mag=0.0000Nm misalign_deg=90.0 pos=[-0.10910645 -0.1091459   0.49140108] bottom_world=[-0.10910664 -0.1091457   0.47140108] quat=[-3.8058293e-01  2.4806016e-06 -6.4736651e-06  9.2474687e-01] speed=0.0009 ang_speed=0.0028 ang_vel_vec=[ 2.2860479e-03 -7.9717978e-07  1.5336776e-03] |com_force|=0.0000N
### kotek_magnet[tick=5400] sensor4: d=0.5249m in_range=False f_mag=0.000N tau_mag=0.0000Nm misalign_deg=90.0 pos=[-0.10899987  0.10900023  0.4914023 ] bottom_world=[-0.10900016  0.10900007  0.4714023 ] quat=[3.8268238e-01 5.1019492e-06 6.4151832e-06 9.2388004e-01] speed=0.0012 ang_speed=0.0138 ang_vel_vec=[ 0.0070558  -0.01181136 -0.00017803] |com_force|=0.0000N
### kotek_magnet[tick=5460] sensor1: d=0.4082m in_range=False f_mag=0.000N tau_mag=0.0000Nm misalign_deg=90.0 pos=[0.10880432 0.10900896 0.49140254] bottom_world=[0.10880405 0.10900931 0.47140254] quat=[9.2484158e-01 1.0641968e-05 2.8440656e-06 3.8035282e-01] speed=0.0010 ang_speed=0.0029 ang_vel_vec=[-0.0020466  -0.00177032 -0.00114123] |com_force|=0.0000N
### kotek_magnet[tick=5460] sensor2: d=0.3208m in_range=False f_mag=0.000N tau_mag=0.0000Nm misalign_deg=90.0 pos=[ 0.10902451 -0.10904559  0.49140117] bottom_world=[ 0.10902439 -0.10904569  0.47140117] quat=[ 9.2300045e-01 -3.4886486e-06  1.7941643e-06 -3.8479882e-01] speed=0.0010 ang_speed=0.0018 ang_vel_vec=[0.00068692 0.00119346 0.00116209] |com_force|=0.0000N
### kotek_magnet[tick=5460] sensor3: d=0.5470m in_range=False f_mag=0.000N tau_mag=0.0000Nm misalign_deg=90.0 pos=[-0.1091067  -0.10914608  0.4914011 ] bottom_world=[-0.10910687 -0.10914584  0.47140111] quat=[-3.8058341e-01  1.5338192e-06 -7.2474163e-06  9.2474657e-01] speed=0.0006 ang_speed=0.0040 ang_vel_vec=[-0.00365032 -0.00154859  0.00026402] |com_force|=0.0000N
### kotek_magnet[tick=5460] sensor4: d=0.5249m in_range=False f_mag=0.000N tau_mag=0.0000Nm misalign_deg=90.0 pos=[-0.10900006  0.10900017  0.49140245] bottom_world=[-0.10900028  0.10900003  0.47140245] quat=[3.8268209e-01 3.8925427e-06 5.4901780e-06 9.2388016e-01] speed=0.0010 ang_speed=0.0027 ang_vel_vec=[ 0.00166267 -0.00187781 -0.00105413] |com_force|=0.0000N
### kotek_magnet[tick=5520] sensor1: d=0.4082m in_range=False f_mag=0.000N tau_mag=0.0000Nm misalign_deg=90.0 pos=[0.10880383 0.10900929 0.49140224] bottom_world=[0.10880373 0.10900941 0.47140224] quat=[9.2484152e-01 3.6907618e-06 1.0986479e-06 3.8035277e-01] speed=0.0006 ang_speed=0.0024 ang_vel_vec=[ 0.00074425 -0.00213146 -0.00082958] |com_force|=0.0000N
### kotek_magnet[tick=5520] sensor2: d=0.3208m in_range=False f_mag=0.000N tau_mag=0.0000Nm misalign_deg=90.0 pos=[ 0.10902446 -0.10904563  0.4914011 ] bottom_world=[ 0.10902437 -0.10904572  0.47140111] quat=[ 9.2300051e-01 -2.8471379e-06  1.3025088e-06 -3.8479900e-01] speed=0.0010 ang_speed=0.0028 ang_vel_vec=[0.00014761 0.00239973 0.00146516] |com_force|=0.0000N
### kotek_magnet[tick=5520] sensor3: d=0.5470m in_range=False f_mag=0.000N tau_mag=0.0000Nm misalign_deg=90.0 pos=[-0.10910749 -0.10914604  0.49140114] bottom_world=[-0.10910743 -0.10914592  0.47140114] quat=[-3.8058382e-01 -2.3818613e-06 -2.2626259e-06  9.2474639e-01] speed=0.0005 ang_speed=0.0024 ang_vel_vec=[-0.00011395  0.00233369 -0.00070161] |com_force|=0.0000N
### kotek_magnet[tick=5520] sensor4: d=0.5249m in_range=False f_mag=0.000N tau_mag=0.0000Nm misalign_deg=90.0 pos=[-0.10900007  0.10900016  0.49140227] bottom_world=[-0.10900029  0.10900001  0.47140227] quat=[3.8268209e-01 3.6952329e-06 5.5994819e-06 9.2388016e-01] speed=0.0010 ang_speed=0.0024 ang_vel_vec=[ 0.00167954 -0.00151232 -0.00071681] |com_force|=0.0000N
### kotek_magnet[tick=5580] sensor1: d=0.4082m in_range=False f_mag=0.000N tau_mag=0.0000Nm misalign_deg=90.0 pos=[0.10880429 0.10900898 0.49140233] bottom_world=[0.10880403 0.10900933 0.47140233] quat=[9.2484152e-01 1.0514794e-05 2.8255113e-06 3.8035282e-01] speed=0.0010 ang_speed=0.0026 ang_vel_vec=[-0.00182382 -0.00160322 -0.00081879] |com_force|=0.0000N
### kotek_magnet[tick=5580] sensor2: d=0.3208m in_range=False f_mag=0.000N tau_mag=0.0000Nm misalign_deg=90.0 pos=[ 0.10902463 -0.10904645  0.4914011 ] bottom_world=[ 0.10902458 -0.10904636  0.47140111] quat=[ 9.2300075e-01  1.6393890e-06  1.9377171e-06 -3.8479832e-01] speed=0.0001 ang_speed=0.0019 ang_vel_vec=[ 0.00067154 -0.00169399 -0.00036086] |com_force|=0.0000N
### kotek_magnet[tick=5580] sensor3: d=0.5470m in_range=False f_mag=0.000N tau_mag=0.0000Nm misalign_deg=90.0 pos=[-0.10910729 -0.10914582  0.49140102] bottom_world=[-0.10910726 -0.10914578  0.47140102] quat=[-3.8058352e-01 -9.2612459e-07 -6.9481092e-07  9.2474657e-01] speed=0.0003 ang_speed=0.0057 ang_vel_vec=[0.00500597 0.00260126 0.0003901 ] |com_force|=0.0000N
### kotek_magnet[tick=5580] sensor4: d=0.5249m in_range=False f_mag=0.000N tau_mag=0.0000Nm misalign_deg=90.0 pos=[-0.10900037  0.10899874  0.4914023 ] bottom_world=[-0.10900022  0.10899903  0.4714023 ] quat=[ 3.8268256e-01 -5.8581730e-07 -8.1695989e-06  9.2387986e-01] speed=0.0006 ang_speed=0.0044 ang_vel_vec=[-0.00168817  0.00400897  0.00050044] |com_force|=0.0000N
### kotek_magnet[tick=5640] sensor1: d=0.4082m in_range=False f_mag=0.000N tau_mag=0.0000Nm misalign_deg=90.0 pos=[0.10880381 0.10900926 0.49140242] bottom_world=[0.10880372 0.10900938 0.47140242] quat=[9.2484152e-01 3.6719271e-06 9.8613248e-07 3.8035268e-01] speed=0.0006 ang_speed=0.0025 ang_vel_vec=[ 0.0005093  -0.00226399 -0.00086172] |com_force|=0.0000N
### kotek_magnet[tick=5640] sensor2: d=0.3208m in_range=False f_mag=0.000N tau_mag=0.0000Nm misalign_deg=90.0 pos=[ 0.10902467 -0.10904647  0.49140105] bottom_world=[ 0.10902462 -0.10904638  0.47140105] quat=[ 9.2300075e-01  1.6079354e-06  1.8486544e-06 -3.8479823e-01] speed=0.0001 ang_speed=0.0014 ang_vel_vec=[ 0.0007156  -0.00112965 -0.00031512] |com_force|=0.0000N
### kotek_magnet[tick=5640] sensor3: d=0.5470m in_range=False f_mag=0.000N tau_mag=0.0000Nm misalign_deg=90.0 pos=[-0.10910752 -0.10914608  0.4914011 ] bottom_world=[-0.10910746 -0.10914595  0.47140111] quat=[-3.8058385e-01 -2.4355090e-06 -2.4570763e-06  9.2474645e-01] speed=0.0005 ang_speed=0.0023 ang_vel_vec=[-0.00099394  0.00192713 -0.0006977 ] |com_force|=0.0000N
### kotek_magnet[tick=5640] sensor4: d=0.5249m in_range=False f_mag=0.000N tau_mag=0.0000Nm misalign_deg=90.0 pos=[-0.10900037  0.10899873  0.4914023 ] bottom_world=[-0.10900022  0.10899902  0.4714023 ] quat=[ 3.8268268e-01 -6.1695607e-07 -8.1569106e-06  9.2387986e-01] speed=0.0006 ang_speed=0.0048 ang_vel_vec=[-0.00185722  0.00442674  0.00049949] |com_force|=0.0000N
### kotek_magnet[tick=5700] sensor1: d=0.4082m in_range=False f_mag=0.000N tau_mag=0.0000Nm misalign_deg=90.0 pos=[0.10880256 0.10900906 0.49140233] bottom_world=[0.10880276 0.10900908 0.47140233] quat=[ 9.2484200e-01 -1.4235835e-06 -4.6972750e-06  3.8035169e-01] speed=0.0010 ang_speed=0.0027 ang_vel_vec=[-2.2901280e-03 -9.3641633e-05  1.4125792e-03] |com_force|=0.0000N
### kotek_magnet[tick=5700] sensor2: d=0.3208m in_range=False f_mag=0.000N tau_mag=0.0000Nm misalign_deg=90.0 pos=[ 0.10902447 -0.10904566  0.4914012 ] bottom_world=[ 0.10902437 -0.10904575  0.4714012 ] quat=[ 9.2300045e-01 -3.0560605e-06  1.5282003e-06 -3.8479882e-01] speed=0.0010 ang_speed=0.0020 ang_vel_vec=[0.00054242 0.0013145  0.00143098] |com_force|=0.0000N
### kotek_magnet[tick=5700] sensor3: d=0.5470m in_range=False f_mag=0.000N tau_mag=0.0000Nm misalign_deg=90.0 pos=[-0.10910731 -0.1091458   0.49140108] bottom_world=[-0.10910722 -0.10914577  0.47140108] quat=[-3.8058352e-01 -2.2132408e-06  2.5972170e-07  9.2474663e-01] speed=0.0002 ang_speed=0.0028 ang_vel_vec=[0.0017724  0.00209419 0.00038127] |com_force|=0.0000N
### kotek_magnet[tick=5700] sensor4: d=0.5249m in_range=False f_mag=0.000N tau_mag=0.0000Nm misalign_deg=90.0 pos=[-0.10900044  0.10899843  0.4914024 ] bottom_world=[-0.10900023  0.10899877  0.47140239] quat=[ 3.8268289e-01 -1.4938204e-06 -9.7035045e-06  9.2387980e-01] speed=0.0009 ang_speed=0.0035 ang_vel_vec=[0.00015604 0.00341292 0.00060242] |com_force|=0.0000N
### kotek_magnet[tick=5760] sensor1: d=0.4082m in_range=False f_mag=0.000N tau_mag=0.0000Nm misalign_deg=90.0 pos=[0.10880432 0.109009   0.4914023 ] bottom_world=[0.10880405 0.10900934 0.4714023 ] quat=[9.2484146e-01 1.0421975e-05 2.8049390e-06 3.8035282e-01] speed=0.0010 ang_speed=0.0026 ang_vel_vec=[-0.00180159 -0.00165305 -0.00085888] |com_force|=0.0000N
### kotek_magnet[tick=5760] sensor2: d=0.3208m in_range=False f_mag=0.000N tau_mag=0.0000Nm misalign_deg=90.0 pos=[ 0.10902471 -0.10904559  0.49140105] bottom_world=[ 0.10902451 -0.1090457   0.47140105] quat=[ 9.2300051e-01 -4.3969990e-06  3.5812059e-06 -3.8479879e-01] speed=0.0009 ang_speed=0.0031 ang_vel_vec=[-0.00023234 -0.00295534  0.00073995] |com_force|=0.0000N
### kotek_magnet[tick=5760] sensor3: d=0.5470m in_range=False f_mag=0.000N tau_mag=0.0000Nm misalign_deg=90.0 pos=[-0.10910814 -0.10914575  0.49140114] bottom_world=[-0.10910788 -0.10914587  0.47140114] quat=[-3.8058403e-01 -4.9295886e-06  5.0735862e-06  9.2474639e-01] speed=0.0010 ang_speed=0.0024 ang_vel_vec=[ 0.00175312  0.00148238 -0.00077611] |com_force|=0.0000N
### kotek_magnet[tick=5760] sensor4: d=0.5249m in_range=False f_mag=0.000N tau_mag=0.0000Nm misalign_deg=90.0 pos=[-0.10900021  0.10899848  0.49140233] bottom_world=[-0.10900011  0.10899879  0.47140233] quat=[ 3.8268295e-01  5.0702312e-07 -8.1823127e-06  9.2387974e-01] speed=0.0009 ang_speed=0.0018 ang_vel_vec=[-0.00051569 -0.00109513  0.00133902] |com_force|=0.0000N
### kotek_magnet[tick=5820] sensor1: d=0.4082m in_range=False f_mag=0.000N tau_mag=0.0000Nm misalign_deg=90.0 pos=[0.10880381 0.10900925 0.49140233] bottom_world=[0.10880371 0.10900939 0.47140233] quat=[9.2484146e-01 4.2115862e-06 1.0436942e-06 3.8035271e-01] speed=0.0006 ang_speed=0.0031 ang_vel_vec=[-0.00084508 -0.00284371 -0.00096803] |com_force|=0.0000N
### kotek_magnet[tick=5820] sensor2: d=0.3208m in_range=False f_mag=0.000N tau_mag=0.0000Nm misalign_deg=90.0 pos=[ 0.10902447 -0.10904565  0.49140117] bottom_world=[ 0.10902437 -0.10904573  0.47140117] quat=[ 9.2300045e-01 -2.6848941e-06  1.3482618e-06 -3.8479906e-01] speed=0.0010 ang_speed=0.0028 ang_vel_vec=[4.4170480e-05 2.4235593e-03 1.3696440e-03] |com_force|=0.0000N
### kotek_magnet[tick=5820] sensor3: d=0.5470m in_range=False f_mag=0.000N tau_mag=0.0000Nm misalign_deg=90.0 pos=[-0.10910751 -0.10914608  0.49140105] bottom_world=[-0.10910744 -0.10914597  0.47140105] quat=[-3.8058391e-01 -2.6153937e-06 -2.0079449e-06  9.2474645e-01] speed=0.0005 ang_speed=0.0025 ang_vel_vec=[-0.00013203  0.00234182 -0.00078275] |com_force|=0.0000N
### kotek_magnet[tick=5820] sensor4: d=0.5249m in_range=False f_mag=0.000N tau_mag=0.0000Nm misalign_deg=90.0 pos=[-0.10900036  0.10899876  0.49140233] bottom_world=[-0.10900023  0.10899905  0.47140233] quat=[ 3.8268277e-01 -4.1369381e-07 -7.8767816e-06  9.2387992e-01] speed=0.0006 ang_speed=0.0043 ang_vel_vec=[-0.00158336  0.0039658   0.00040559] |com_force|=0.0000N
### kotek_magnet[tick=5880] sensor1: d=0.4082m in_range=False f_mag=0.000N tau_mag=0.0000Nm misalign_deg=90.0 pos=[0.10880428 0.10900895 0.4914024 ] bottom_world=[0.10880401 0.1090093  0.47140239] quat=[9.2484146e-01 1.0493025e-05 2.8702157e-06 3.8035271e-01] speed=0.0010 ang_speed=0.0026 ang_vel_vec=[-0.0018481  -0.0016787  -0.00087955] |com_force|=0.0000N
### kotek_magnet[tick=5880] sensor2: d=0.3208m in_range=False f_mag=0.000N tau_mag=0.0000Nm misalign_deg=90.0 pos=[ 0.10902467 -0.10904589  0.49140117] bottom_world=[ 0.10902453 -0.10904596  0.47140117] quat=[ 9.2300063e-01 -2.9353025e-06  2.6817272e-06 -3.8479859e-01] speed=0.0006 ang_speed=0.0046 ang_vel_vec=[ 0.00192521 -0.00418254  0.00050936] |com_force|=0.0000N
### kotek_magnet[tick=5880] sensor3: d=0.5470m in_range=False f_mag=0.000N tau_mag=0.0000Nm misalign_deg=90.0 pos=[-0.10910816 -0.10914579  0.4914012 ] bottom_world=[-0.1091079 -0.1091459  0.4714012] quat=[-3.805840e-01 -4.958733e-06  5.119742e-06  9.247464e-01] speed=0.0010 ang_speed=0.0026 ang_vel_vec=[ 0.0018186   0.00159887 -0.00080769] |com_force|=0.0000N
### kotek_magnet[tick=5880] sensor4: d=0.5249m in_range=False f_mag=0.000N tau_mag=0.0000Nm misalign_deg=90.0 pos=[-0.10900021  0.10899849  0.4914024 ] bottom_world=[-0.10900011  0.1089988   0.47140239] quat=[ 3.8268295e-01  4.7516679e-07 -8.2158285e-06  9.2387968e-01] speed=0.0009 ang_speed=0.0017 ang_vel_vec=[-0.00054297 -0.00100496  0.00131206] |com_force|=0.0000N
### kotek_magnet[tick=5940] sensor1: d=0.4082m in_range=False f_mag=0.000N tau_mag=0.0000Nm misalign_deg=90.0 pos=[0.10880381 0.10900926 0.49140233] bottom_world=[0.10880371 0.10900939 0.47140233] quat=[9.2484152e-01 3.8460207e-06 9.5218013e-07 3.8035282e-01] speed=0.0006 ang_speed=0.0028 ang_vel_vec=[-0.00019886 -0.00259112 -0.00095398] |com_force|=0.0000N
### kotek_magnet[tick=5940] sensor2: d=0.3208m in_range=False f_mag=0.000N tau_mag=0.0000Nm misalign_deg=90.0 pos=[ 0.10902447 -0.10904567  0.49140114] bottom_world=[ 0.10902437 -0.10904575  0.47140114] quat=[ 9.2300045e-01 -2.8684126e-06  1.4802786e-06 -3.8479888e-01] speed=0.0010 ang_speed=0.0023 ang_vel_vec=[0.00037076 0.00176137 0.00136774] |com_force|=0.0000N
### kotek_magnet[tick=5940] sensor3: d=0.5470m in_range=False f_mag=0.000N tau_mag=0.0000Nm misalign_deg=90.0 pos=[-0.10910671 -0.10914607  0.49140108] bottom_world=[-0.10910688 -0.10914583  0.47140108] quat=[-3.8058341e-01  1.4895163e-06 -7.3063711e-06  9.2474657e-01] speed=0.0006 ang_speed=0.0039 ang_vel_vec=[-0.00351603 -0.00149898  0.00047996] |com_force|=0.0000N
### kotek_magnet[tick=5940] sensor4: d=0.5249m in_range=False f_mag=0.000N tau_mag=0.0000Nm misalign_deg=90.0 pos=[-0.10900021  0.1089985   0.4914023 ] bottom_world=[-0.1090001   0.10899881  0.4714023 ] quat=[ 3.8268301e-01  5.1413002e-07 -8.1329026e-06  9.2387974e-01] speed=0.0009 ang_speed=0.0019 ang_vel_vec=[-0.00025061 -0.00134374  0.00127921] |com_force|=0.0000N
### kotek_magnet[tick=6000] sensor1: d=0.4082m in_range=False f_mag=0.000N tau_mag=0.0000Nm misalign_deg=90.0 pos=[0.10880253 0.10900909 0.49140242] bottom_world=[0.10880274 0.1090091  0.47140242] quat=[ 9.2484200e-01 -1.9766669e-06 -4.8691763e-06  3.8035163e-01] speed=0.0010 ang_speed=0.0020 ang_vel_vec=[-0.00120432  0.00045539  0.00152418] |com_force|=0.0000N
### kotek_magnet[tick=6000] sensor2: d=0.3208m in_range=False f_mag=0.000N tau_mag=0.0000Nm misalign_deg=90.0 pos=[ 0.10902447 -0.10904565  0.49140108] bottom_world=[ 0.10902438 -0.10904573  0.47140108] quat=[ 9.2300045e-01 -2.8471113e-06  1.4328912e-06 -3.8479888e-01] speed=0.0010 ang_speed=0.0025 ang_vel_vec=[0.00036536 0.00197975 0.00148149] |com_force|=0.0000N
### kotek_magnet[tick=6000] sensor3: d=0.5470m in_range=False f_mag=0.000N tau_mag=0.0000Nm misalign_deg=90.0 pos=[-0.10910825 -0.1091456   0.4914011 ] bottom_world=[-0.10910795 -0.10914581  0.47140111] quat=[-3.8058382e-01 -4.7921699e-06  7.6746182e-06  9.2474645e-01] speed=0.0014 ang_speed=0.0163 ang_vel_vec=[ 0.01417181  0.00807301 -0.00025528] |com_force|=0.0000N
### kotek_magnet[tick=6000] sensor4: d=0.5249m in_range=False f_mag=0.000N tau_mag=0.0000Nm misalign_deg=90.0 pos=[-0.10900035  0.10899951  0.49140233] bottom_world=[-0.10900033  0.10899957  0.47140233] quat=[ 3.8268223e-01  2.1598349e-07 -1.5382957e-06  9.2388004e-01] speed=0.0005 ang_speed=0.0026 ang_vel_vec=[ 0.00202015  0.00144143 -0.00069247] |com_force|=0.0000N
### kotek_magnet[tick=6060] sensor1: d=0.4082m in_range=False f_mag=0.000N tau_mag=0.0000Nm misalign_deg=90.0 pos=[0.10880251 0.10900911 0.49140233] bottom_world=[0.10880272 0.10900911 0.47140233] quat=[ 9.2484194e-01 -2.0551627e-06 -4.8369398e-06  3.8035181e-01] speed=0.0010 ang_speed=0.0019 ang_vel_vec=[-0.00110314  0.00046011  0.00149769] |com_force|=0.0000N
### kotek_magnet[tick=6060] sensor2: d=0.3208m in_range=False f_mag=0.000N tau_mag=0.0000Nm misalign_deg=90.0 pos=[ 0.10902463 -0.10904644  0.49140102] bottom_world=[ 0.10902459 -0.10904635  0.47140102] quat=[ 9.2300069e-01  1.7094314e-06  1.7892012e-06 -3.8479829e-01] speed=0.0001 ang_speed=0.0014 ang_vel_vec=[ 0.00078467 -0.00106687 -0.00033162] |com_force|=0.0000N
### kotek_magnet[tick=6060] sensor3: d=0.5470m in_range=False f_mag=0.000N tau_mag=0.0000Nm misalign_deg=90.0 pos=[-0.10910813 -0.10914575  0.4914012 ] bottom_world=[-0.10910787 -0.10914587  0.4714012 ] quat=[-3.8058412e-01 -4.8798784e-06  5.2164928e-06  9.2474639e-01] speed=0.0010 ang_speed=0.0027 ang_vel_vec=[ 0.0020984   0.00151958 -0.00074788] |com_force|=0.0000N
### kotek_magnet[tick=6060] sensor4: d=0.5249m in_range=False f_mag=0.000N tau_mag=0.0000Nm misalign_deg=90.0 pos=[-0.10900009  0.10899933  0.49140224] bottom_world=[-0.10900017  0.10899937  0.47140224] quat=[ 3.8268250e-01  2.1991793e-06 -6.5228583e-08  9.2387986e-01] speed=0.0001 ang_speed=0.0030 ang_vel_vec=[ 0.00244499 -0.00171954  0.00044863] |com_force|=0.0000N
### kotek_magnet[tick=6120] sensor1: d=0.4082m in_range=False f_mag=0.000N tau_mag=0.0000Nm misalign_deg=90.0 pos=[0.10880257 0.10900911 0.4914023 ] bottom_world=[0.10880276 0.10900914 0.4714023 ] quat=[ 9.2484194e-01 -1.1635308e-06 -4.6629038e-06  3.8035181e-01] speed=0.0010 ang_speed=0.0031 ang_vel_vec=[-0.00278    -0.00031514  0.00138687] |com_force|=0.0000N
### kotek_magnet[tick=6120] sensor2: d=0.3208m in_range=False f_mag=0.000N tau_mag=0.0000Nm misalign_deg=90.0 pos=[ 0.10902466 -0.10904645  0.49140102] bottom_world=[ 0.10902462 -0.10904636  0.47140102] quat=[ 9.2300075e-01  1.7717557e-06  1.8746003e-06 -3.8479829e-01] speed=0.0001 ang_speed=0.0008 ang_vel_vec=[ 4.4616331e-06 -6.7923334e-04 -4.0299637e-04] |com_force|=0.0000N
### kotek_magnet[tick=6120] sensor3: d=0.5470m in_range=False f_mag=0.000N tau_mag=0.0000Nm misalign_deg=90.0 pos=[-0.10910644 -0.10914589  0.49140117] bottom_world=[-0.10910663 -0.10914567  0.47140117] quat=[-3.8058293e-01  2.5266054e-06 -6.8316522e-06  9.2474687e-01] speed=0.0010 ang_speed=0.0021 ang_vel_vec=[ 0.00151504 -0.00028425  0.00144689] |com_force|=0.0000N
### kotek_magnet[tick=6120] sensor4: d=0.5249m in_range=False f_mag=0.000N tau_mag=0.0000Nm misalign_deg=90.0 pos=[-0.10900007  0.10900021  0.49140233] bottom_world=[-0.1090003   0.10900006  0.47140233] quat=[3.8268197e-01 3.9528722e-06 5.6811850e-06 9.2388016e-01] speed=0.0010 ang_speed=0.0029 ang_vel_vec=[ 0.00195901 -0.00200003 -0.00082427] |com_force|=0.0000N
### kotek_magnet[tick=6180] sensor1: d=0.4082m in_range=False f_mag=0.000N tau_mag=0.0000Nm misalign_deg=90.0 pos=[0.10880258 0.10900906 0.49140245] bottom_world=[0.10880277 0.10900909 0.47140245] quat=[ 9.2484206e-01 -1.1741083e-06 -4.7477370e-06  3.8035157e-01] speed=0.0010 ang_speed=0.0032 ang_vel_vec=[-0.00285184 -0.00034351  0.00134593] |com_force|=0.0000N
### kotek_magnet[tick=6180] sensor2: d=0.3208m in_range=False f_mag=0.000N tau_mag=0.0000Nm misalign_deg=90.0 pos=[ 0.10902469 -0.10904563  0.49140117] bottom_world=[ 0.10902449 -0.10904574  0.47140117] quat=[ 9.2300045e-01 -4.3155014e-06  3.6493359e-06 -3.8479888e-01] speed=0.0009 ang_speed=0.0029 ang_vel_vec=[-0.00039772 -0.00279292  0.00065193] |com_force|=0.0000N
### kotek_magnet[tick=6180] sensor3: d=0.5470m in_range=False f_mag=0.000N tau_mag=0.0000Nm misalign_deg=90.0 pos=[-0.10910644 -0.10914592  0.49140128] bottom_world=[-0.10910664 -0.1091457   0.47140128] quat=[-3.805829e-01  2.473133e-06 -6.930538e-06  9.247468e-01] speed=0.0010 ang_speed=0.0021 ang_vel_vec=[ 0.00149207 -0.00026767  0.00142497] |com_force|=0.0000N
### kotek_magnet[tick=6180] sensor4: d=0.5249m in_range=False f_mag=0.000N tau_mag=0.0000Nm misalign_deg=90.0 pos=[-0.10900007  0.10900016  0.49140242] bottom_world=[-0.1090003   0.10900002  0.47140242] quat=[3.8268217e-01 3.9266242e-06 5.3785911e-06 9.2388016e-01] speed=0.0010 ang_speed=0.0027 ang_vel_vec=[ 0.00178208 -0.00189023 -0.00086432] |com_force|=0.0000N
### kotek_magnet[tick=6240] sensor1: d=0.4082m in_range=False f_mag=0.000N tau_mag=0.0000Nm misalign_deg=90.0 pos=[0.10880255 0.10900909 0.49140227] bottom_world=[0.10880275 0.1090091  0.47140227] quat=[ 9.2484194e-01 -1.6575522e-06 -4.6971645e-06  3.8035169e-01] speed=0.0010 ang_speed=0.0020 ang_vel_vec=[-0.00120204  0.00035975  0.00153187] |com_force|=0.0000N
### kotek_magnet[tick=6240] sensor2: d=0.3208m in_range=False f_mag=0.000N tau_mag=0.0000Nm misalign_deg=90.0 pos=[ 0.10902464 -0.10904588  0.49140105] bottom_world=[ 0.1090245  -0.10904595  0.47140105] quat=[ 9.2300063e-01 -3.0864883e-06  2.6848834e-06 -3.8479859e-01] speed=0.0006 ang_speed=0.0050 ang_vel_vec=[ 0.00228449 -0.00446207  0.00059443] |com_force|=0.0000N
### kotek_magnet[tick=6240] sensor3: d=0.5470m in_range=False f_mag=0.000N tau_mag=0.0000Nm misalign_deg=90.0 pos=[-0.10910729 -0.10914579  0.49140102] bottom_world=[-0.10910728 -0.10914575  0.47140102] quat=[-3.8058338e-01 -7.3979299e-07 -7.4850141e-07  9.2474657e-01] speed=0.0003 ang_speed=0.0054 ang_vel_vec=[0.00489239 0.0021418  0.00044282] |com_force|=0.0000N
### kotek_magnet[tick=6240] sensor4: d=0.5249m in_range=False f_mag=0.000N tau_mag=0.0000Nm misalign_deg=90.0 pos=[-0.10900009  0.10900023  0.49140233] bottom_world=[-0.10900031  0.10900008  0.47140233] quat=[3.8268206e-01 3.6669649e-06 5.5152600e-06 9.2388010e-01] speed=0.0010 ang_speed=0.0023 ang_vel_vec=[ 0.00165973 -0.00143474 -0.00069292] |com_force|=0.0000N
### kotek_magnet[tick=6300] sensor1: d=0.4082m in_range=False f_mag=0.000N tau_mag=0.0000Nm misalign_deg=90.0 pos=[0.10880259 0.10900907 0.4914024 ] bottom_world=[0.10880279 0.1090091  0.47140239] quat=[ 9.2484200e-01 -1.2563953e-06 -4.6479026e-06  3.8035154e-01] speed=0.0010 ang_speed=0.0028 ang_vel_vec=[-0.00237275 -0.00013892  0.00144863] |com_force|=0.0000N
### kotek_magnet[tick=6300] sensor2: d=0.3208m in_range=False f_mag=0.000N tau_mag=0.0000Nm misalign_deg=90.0 pos=[ 0.10902445 -0.10904565  0.4914011 ] bottom_world=[ 0.10902435 -0.10904574  0.47140111] quat=[ 9.2300045e-01 -2.9374655e-06  1.5081687e-06 -3.8479900e-01] speed=0.0010 ang_speed=0.0021 ang_vel_vec=[0.00049192 0.00151296 0.00144312] |com_force|=0.0000N
### kotek_magnet[tick=6300] sensor3: d=0.5470m in_range=False f_mag=0.000N tau_mag=0.0000Nm misalign_deg=90.0 pos=[-0.10910645 -0.10914586  0.49140114] bottom_world=[-0.10910664 -0.10914567  0.47140114] quat=[-3.8058296e-01  2.4389453e-06 -6.4023334e-06  9.2474681e-01] speed=0.0009 ang_speed=0.0026 ang_vel_vec=[2.1183619e-03 5.4377114e-08 1.4963781e-03] |com_force|=0.0000N
### kotek_magnet[tick=6300] sensor4: d=0.5249m in_range=False f_mag=0.000N tau_mag=0.0000Nm misalign_deg=90.0 pos=[-0.10900006  0.10900021  0.4914023 ] bottom_world=[-0.10900028  0.10900007  0.4714023 ] quat=[3.8268217e-01 3.8383942e-06 5.5129494e-06 9.2388016e-01] speed=0.0010 ang_speed=0.0025 ang_vel_vec=[ 0.00167348 -0.0017491  -0.00076624] |com_force|=0.0000N
### kotek_magnet[tick=6360] sensor1: d=0.4082m in_range=False f_mag=0.000N tau_mag=0.0000Nm misalign_deg=90.0 pos=[0.10880258 0.10900933 0.49140227] bottom_world=[0.1088028  0.10900924 0.47140227] quat=[ 9.2484194e-01 -4.0543750e-06 -4.2719153e-06  3.8035196e-01] speed=0.0009 ang_speed=0.0033 ang_vel_vec=[3.2249356e-03 4.8074948e-05 5.5907085e-04] |com_force|=0.0000N
### kotek_magnet[tick=6360] sensor2: d=0.3208m in_range=False f_mag=0.000N tau_mag=0.0000Nm misalign_deg=90.0 pos=[ 0.10902447 -0.10904562  0.4914011 ] bottom_world=[ 0.10902436 -0.10904571  0.47140111] quat=[ 9.2300045e-01 -3.0438639e-06  1.5215101e-06 -3.8479897e-01] speed=0.0010 ang_speed=0.0019 ang_vel_vec=[0.00046252 0.00143257 0.00122935] |com_force|=0.0000N
### kotek_magnet[tick=6360] sensor3: d=0.5470m in_range=False f_mag=0.000N tau_mag=0.0000Nm misalign_deg=90.0 pos=[-0.10910646 -0.10914588  0.4914011 ] bottom_world=[-0.10910665 -0.10914568  0.47140111] quat=[-3.8058308e-01  2.4413534e-06 -6.4573410e-06  9.2474681e-01] speed=0.0009 ang_speed=0.0023 ang_vel_vec=[ 1.8818483e-03 -4.5063192e-05  1.2839655e-03] |com_force|=0.0000N
### kotek_magnet[tick=6360] sensor4: d=0.5249m in_range=False f_mag=0.000N tau_mag=0.0000Nm misalign_deg=90.0 pos=[-0.10900037  0.10899954  0.49140227] bottom_world=[-0.10900035  0.1089996   0.47140227] quat=[ 3.8268226e-01  1.8795886e-07 -1.5738221e-06  9.2388010e-01] speed=0.0005 ang_speed=0.0026 ang_vel_vec=[ 0.00201286  0.001266   -0.00096201] |com_force|=0.0000N
### kotek_magnet[tick=6420] sensor1: d=0.4082m in_range=False f_mag=0.000N tau_mag=0.0000Nm misalign_deg=90.0 pos=[0.10880256 0.10900909 0.4914023 ] bottom_world=[0.10880276 0.10900911 0.4714023 ] quat=[ 9.2484200e-01 -1.3951319e-06 -4.6734999e-06  3.8035181e-01] speed=0.0010 ang_speed=0.0026 ang_vel_vec=[-2.1664852e-03 -8.3616469e-05  1.4145252e-03] |com_force|=0.0000N
### kotek_magnet[tick=6420] sensor2: d=0.3208m in_range=False f_mag=0.000N tau_mag=0.0000Nm misalign_deg=90.0 pos=[ 0.10902447 -0.10904565  0.4914011 ] bottom_world=[ 0.10902437 -0.10904574  0.47140111] quat=[ 9.2300040e-01 -2.9319735e-06  1.4547975e-06 -3.8479891e-01] speed=0.0010 ang_speed=0.0023 ang_vel_vec=[0.00041982 0.00171956 0.00141549] |com_force|=0.0000N
### kotek_magnet[tick=6420] sensor3: d=0.5470m in_range=False f_mag=0.000N tau_mag=0.0000Nm misalign_deg=90.0 pos=[-0.10910726 -0.1091458   0.491401  ] bottom_world=[-0.10910724 -0.10914576  0.47140099] quat=[-3.8058341e-01 -8.2549570e-07 -6.9633234e-07  9.2474657e-01] speed=0.0002 ang_speed=0.0055 ang_vel_vec=[0.00483685 0.00259975 0.00038267] |com_force|=0.0000N
### kotek_magnet[tick=6420] sensor4: d=0.5249m in_range=False f_mag=0.000N tau_mag=0.0000Nm misalign_deg=90.0 pos=[-0.10900009  0.10900021  0.49140236] bottom_world=[-0.10900031  0.10900006  0.47140236] quat=[3.8268206e-01 3.7925076e-06 5.5146670e-06 9.2388010e-01] speed=0.0010 ang_speed=0.0026 ang_vel_vec=[ 0.00173584 -0.00168725 -0.00080664] |com_force|=0.0000N
### kotek_magnet[tick=6480] sensor1: d=0.4082m in_range=False f_mag=0.000N tau_mag=0.0000Nm misalign_deg=90.0 pos=[0.10880257 0.1090093  0.49140233] bottom_world=[0.10880279 0.10900922 0.47140233] quat=[ 9.2484194e-01 -4.1198887e-06 -4.2503498e-06  3.8035166e-01] speed=0.0009 ang_speed=0.0036 ang_vel_vec=[3.4963018e-03 8.0303587e-05 8.7837386e-04] |com_force|=0.0000N
### kotek_magnet[tick=6480] sensor2: d=0.3208m in_range=False f_mag=0.000N tau_mag=0.0000Nm misalign_deg=90.0 pos=[ 0.10902464 -0.10904588  0.4914011 ] bottom_world=[ 0.1090245  -0.10904594  0.47140111] quat=[ 9.2300057e-01 -2.8966399e-06  2.6060256e-06 -3.8479865e-01] speed=0.0006 ang_speed=0.0048 ang_vel_vec=[ 0.00216852 -0.00421296  0.00062281] |com_force|=0.0000N
### kotek_magnet[tick=6480] sensor3: d=0.5470m in_range=False f_mag=0.000N tau_mag=0.0000Nm misalign_deg=90.0 pos=[-0.1091067  -0.10914607  0.49140105] bottom_world=[-0.10910688 -0.10914582  0.47140105] quat=[-3.8058344e-01  1.6714783e-06 -7.5732164e-06  9.2474669e-01] speed=0.0006 ang_speed=0.0042 ang_vel_vec=[-0.00378677 -0.00174924  0.00063756] |com_force|=0.0000N
### kotek_magnet[tick=6480] sensor4: d=0.5249m in_range=False f_mag=0.000N tau_mag=0.0000Nm misalign_deg=90.0 pos=[-0.10900006  0.10900021  0.49140227] bottom_world=[-0.10900028  0.10900007  0.47140227] quat=[3.8268220e-01 3.6901074e-06 5.3010749e-06 9.2388010e-01] speed=0.0010 ang_speed=0.0024 ang_vel_vec=[ 0.00163682 -0.00156302 -0.00066296] |com_force|=0.0000N
### kotek_magnet[tick=6540] sensor1: d=0.4082m in_range=False f_mag=0.000N tau_mag=0.0000Nm misalign_deg=90.0 pos=[0.10880259 0.10900909 0.4914024 ] bottom_world=[0.10880278 0.1090091  0.47140239] quat=[ 9.2484200e-01 -1.4048196e-06 -4.5671259e-06  3.8035157e-01] speed=0.0010 ang_speed=0.0026 ang_vel_vec=[-0.00219618 -0.0001139   0.00138838] |com_force|=0.0000N
### kotek_magnet[tick=6540] sensor2: d=0.3208m in_range=False f_mag=0.000N tau_mag=0.0000Nm misalign_deg=90.0 pos=[ 0.10902435 -0.10904734  0.49140117] bottom_world=[ 0.10902459 -0.10904697  0.47140117] quat=[ 9.2300087e-01  1.0813582e-05 -1.8515161e-06 -3.8479805e-01] speed=0.0010 ang_speed=0.0027 ang_vel_vec=[-0.00163426  0.00202999 -0.00082756] |com_force|=0.0000N
### kotek_magnet[tick=6540] sensor3: d=0.5470m in_range=False f_mag=0.000N tau_mag=0.0000Nm misalign_deg=90.0 pos=[-0.10910817 -0.10914577  0.49140117] bottom_world=[-0.10910791 -0.10914589  0.47140117] quat=[-3.8058400e-01 -4.8176880e-06  5.3044123e-06  9.2474639e-01] speed=0.0010 ang_speed=0.0026 ang_vel_vec=[ 0.00192875  0.00150984 -0.00083528] |com_force|=0.0000N
### kotek_magnet[tick=6540] sensor4: d=0.5249m in_range=False f_mag=0.000N tau_mag=0.0000Nm misalign_deg=90.0 pos=[-0.10900006  0.10900018  0.49140233] bottom_world=[-0.10900029  0.10900002  0.47140233] quat=[3.8268220e-01 3.7475459e-06 5.7194229e-06 9.2388016e-01] speed=0.0010 ang_speed=0.0028 ang_vel_vec=[ 0.00193419 -0.00186801 -0.00082036] |com_force|=0.0000N
### kotek_magnet[tick=6600] sensor1: d=0.4082m in_range=False f_mag=0.000N tau_mag=0.0000Nm misalign_deg=90.0 pos=[0.10880435 0.10900896 0.49140236] bottom_world=[0.10880408 0.1090093  0.47140236] quat=[9.2484158e-01 1.0433357e-05 2.7670142e-06 3.8035277e-01] speed=0.0010 ang_speed=0.0024 ang_vel_vec=[-0.00173384 -0.00147744 -0.00072132] |com_force|=0.0000N
### kotek_magnet[tick=6600] sensor2: d=0.3208m in_range=False f_mag=0.000N tau_mag=0.0000Nm misalign_deg=90.0 pos=[ 0.10902448 -0.10904565  0.49140117] bottom_world=[ 0.10902438 -0.10904574  0.47140117] quat=[ 9.2300045e-01 -2.8901011e-06  1.5014425e-06 -3.8479894e-01] speed=0.0010 ang_speed=0.0023 ang_vel_vec=[0.00043108 0.00157605 0.00155135] |com_force|=0.0000N
### kotek_magnet[tick=6600] sensor3: d=0.5470m in_range=False f_mag=0.000N tau_mag=0.0000Nm misalign_deg=90.0 pos=[-0.1091065  -0.10914589  0.49140114] bottom_world=[-0.10910668 -0.1091457   0.47140114] quat=[-3.8058302e-01  2.3301009e-06 -6.3505663e-06  9.2474681e-01] speed=0.0009 ang_speed=0.0027 ang_vel_vec=[0.0022098  0.00010132 0.00159502] |com_force|=0.0000N
### kotek_magnet[tick=6600] sensor4: d=0.5249m in_range=False f_mag=0.000N tau_mag=0.0000Nm misalign_deg=90.0 pos=[-0.10900009  0.1089993   0.49140218] bottom_world=[-0.10900017  0.10899934  0.47140218] quat=[ 3.8268274e-01  2.2457803e-06 -1.3152453e-07  9.2387986e-01] speed=0.0002 ang_speed=0.0027 ang_vel_vec=[ 0.00205378 -0.00172302  0.00056136] |com_force|=0.0000N
### kotek_magnet[tick=6660] sensor1: d=0.4082m in_range=False f_mag=0.000N tau_mag=0.0000Nm misalign_deg=90.0 pos=[0.10880432 0.10900897 0.49140233] bottom_world=[0.10880405 0.10900931 0.47140233] quat=[9.2484152e-01 1.0420473e-05 2.7991080e-06 3.8035268e-01] speed=0.0010 ang_speed=0.0024 ang_vel_vec=[-0.00169537 -0.00155544 -0.00083114] |com_force|=0.0000N
### kotek_magnet[tick=6660] sensor2: d=0.3208m in_range=False f_mag=0.000N tau_mag=0.0000Nm misalign_deg=90.0 pos=[ 0.10902444 -0.10904567  0.49140108] bottom_world=[ 0.10902434 -0.10904575  0.47140108] quat=[ 9.2300045e-01 -2.8984816e-06  1.4971652e-06 -3.8479897e-01] speed=0.0010 ang_speed=0.0022 ang_vel_vec=[0.00053125 0.00149051 0.00145845] |com_force|=0.0000N
### kotek_magnet[tick=6660] sensor3: d=0.5470m in_range=False f_mag=0.000N tau_mag=0.0000Nm misalign_deg=90.0 pos=[-0.10910754 -0.10914608  0.4914011 ] bottom_world=[-0.10910749 -0.10914595  0.47140111] quat=[-3.8058376e-01 -2.5130735e-06 -2.5753650e-06  9.2474645e-01] speed=0.0005 ang_speed=0.0026 ang_vel_vec=[-0.00149124  0.00194965 -0.00069998] |com_force|=0.0000N
### kotek_magnet[tick=6660] sensor4: d=0.5249m in_range=False f_mag=0.000N tau_mag=0.0000Nm misalign_deg=90.0 pos=[-0.1090002   0.10899849  0.49140233] bottom_world=[-0.10900009  0.10899881  0.47140233] quat=[ 3.8268304e-01  4.3789953e-07 -8.2966826e-06  9.2387968e-01] speed=0.0009 ang_speed=0.0017 ang_vel_vec=[-0.00061319 -0.00085735  0.00136784] |com_force|=0.0000N
### kotek_magnet[tick=6720] sensor1: d=0.4082m in_range=False f_mag=0.000N tau_mag=0.0000Nm misalign_deg=90.0 pos=[0.10880432 0.10900896 0.49140236] bottom_world=[0.10880405 0.10900931 0.47140236] quat=[9.24841523e-01 1.07160295e-05 2.81975758e-06 3.80352736e-01] speed=0.0010 ang_speed=0.0028 ang_vel_vec=[-0.00199194 -0.00181273 -0.00089729] |com_force|=0.0000N
### kotek_magnet[tick=6720] sensor2: d=0.3208m in_range=False f_mag=0.000N tau_mag=0.0000Nm misalign_deg=90.0 pos=[ 0.10902464 -0.10904671  0.4914011 ] bottom_world=[ 0.10902463 -0.10904654  0.47140111] quat=[ 9.2300075e-01  3.9273900e-06  1.9917932e-06 -3.8479811e-01] speed=0.0004 ang_speed=0.0025 ang_vel_vec=[-0.00196394 -0.0012638  -0.00074777] |com_force|=0.0000N
### kotek_magnet[tick=6720] sensor3: d=0.5470m in_range=False f_mag=0.000N tau_mag=0.0000Nm misalign_deg=90.0 pos=[-0.10910752 -0.1091461   0.49140114] bottom_world=[-0.10910746 -0.10914597  0.47140114] quat=[-3.8058391e-01 -2.6014563e-06 -2.3767166e-06  9.2474639e-01] speed=0.0005 ang_speed=0.0024 ang_vel_vec=[-0.00105189  0.00205539 -0.00074189] |com_force|=0.0000N
### kotek_magnet[tick=6720] sensor4: d=0.5249m in_range=False f_mag=0.000N tau_mag=0.0000Nm misalign_deg=90.0 pos=[-0.10900023  0.10899851  0.49140245] bottom_world=[-0.10900013  0.10899882  0.47140245] quat=[ 3.8268310e-01  6.1596097e-07 -8.1410435e-06  9.2387980e-01] speed=0.0009 ang_speed=0.0020 ang_vel_vec=[-0.00024189 -0.0014827   0.00130478] |com_force|=0.0000N
### kotek_magnet[tick=6780] sensor1: d=0.4082m in_range=False f_mag=0.000N tau_mag=0.0000Nm misalign_deg=90.0 pos=[0.1088043  0.10900901 0.4914023 ] bottom_world=[0.10880403 0.10900935 0.4714023 ] quat=[9.2484152e-01 1.0397096e-05 2.9018254e-06 3.8035268e-01] speed=0.0010 ang_speed=0.0023 ang_vel_vec=[-0.00150648 -0.00146836 -0.00080423] |com_force|=0.0000N
### kotek_magnet[tick=6780] sensor2: d=0.3208m in_range=False f_mag=0.000N tau_mag=0.0000Nm misalign_deg=90.0 pos=[ 0.10902464 -0.10904591  0.49140114] bottom_world=[ 0.1090245  -0.10904597  0.47140114] quat=[ 9.2300057e-01 -2.8858960e-06  2.6090465e-06 -3.8479853e-01] speed=0.0006 ang_speed=0.0049 ang_vel_vec=[ 0.00219242 -0.00436413  0.00055151] |com_force|=0.0000N
### kotek_magnet[tick=6780] sensor3: d=0.5470m in_range=False f_mag=0.000N tau_mag=0.0000Nm misalign_deg=90.0 pos=[-0.10910669 -0.10914609  0.4914011 ] bottom_world=[-0.10910687 -0.10914583  0.47140111] quat=[-3.8058326e-01  1.6743214e-06 -7.6470669e-06  9.2474675e-01] speed=0.0006 ang_speed=0.0045 ang_vel_vec=[-0.00406054 -0.0018556   0.00056567] |com_force|=0.0000N
### kotek_magnet[tick=6780] sensor4: d=0.5249m in_range=False f_mag=0.000N tau_mag=0.0000Nm misalign_deg=90.0 pos=[-0.10900036  0.10899959  0.49140236] bottom_world=[-0.10900034  0.10899965  0.47140236] quat=[ 3.8268223e-01  1.5386954e-08 -1.6950294e-06  9.2388010e-01] speed=0.0005 ang_speed=0.0026 ang_vel_vec=[ 0.00187073  0.00161179 -0.00068701] |com_force|=0.0000N
### kotek_magnet[tick=6840] sensor1: d=0.4082m in_range=False f_mag=0.000N tau_mag=0.0000Nm misalign_deg=90.0 pos=[0.10880382 0.10900924 0.49140236] bottom_world=[0.10880373 0.10900936 0.47140236] quat=[9.2484158e-01 3.6905785e-06 1.0527904e-06 3.8035259e-01] speed=0.0006 ang_speed=0.0025 ang_vel_vec=[ 0.00101841 -0.00205242 -0.000974  ] |com_force|=0.0000N
### kotek_magnet[tick=6840] sensor2: d=0.3208m in_range=False f_mag=0.000N tau_mag=0.0000Nm misalign_deg=90.0 pos=[ 0.10902468 -0.1090465   0.49140108] bottom_world=[ 0.10902464 -0.10904641  0.47140108] quat=[ 9.2300069e-01  1.7386212e-06  1.7673403e-06 -3.8479832e-01] speed=0.0002 ang_speed=0.0017 ang_vel_vec=[ 0.0009596  -0.00129403 -0.00044705] |com_force|=0.0000N
### kotek_magnet[tick=6840] sensor3: d=0.5470m in_range=False f_mag=0.000N tau_mag=0.0000Nm misalign_deg=90.0 pos=[-0.10910647 -0.10914617  0.49140114] bottom_world=[-0.10910668 -0.10914586  0.47140114] quat=[-3.8058314e-01  1.9290826e-06 -9.0574604e-06  9.2474675e-01] speed=0.0009 ang_speed=0.0024 ang_vel_vec=[-0.00221456  0.00076744  0.00065957] |com_force|=0.0000N
### kotek_magnet[tick=6840] sensor4: d=0.5249m in_range=False f_mag=0.000N tau_mag=0.0000Nm misalign_deg=90.0 pos=[-0.10900008  0.1090002   0.49140236] bottom_world=[-0.1090003   0.10900005  0.47140236] quat=[3.8268223e-01 3.6896947e-06 5.6067156e-06 9.2388016e-01] speed=0.0010 ang_speed=0.0026 ang_vel_vec=[ 0.00178408 -0.00165373 -0.00086995] |com_force|=0.0000N
### kotek_magnet[tick=6900] sensor1: d=0.4082m in_range=False f_mag=0.000N tau_mag=0.0000Nm misalign_deg=90.0 pos=[0.10880435 0.10900892 0.4914024 ] bottom_world=[0.10880408 0.10900926 0.47140239] quat=[9.2484164e-01 1.0576164e-05 2.9492298e-06 3.8035268e-01] speed=0.0010 ang_speed=0.0022 ang_vel_vec=[-0.00142046 -0.00146748 -0.00081069] |com_force|=0.0000N
### kotek_magnet[tick=6900] sensor2: d=0.3208m in_range=False f_mag=0.000N tau_mag=0.0000Nm misalign_deg=90.0 pos=[ 0.10902447 -0.10904568  0.49140114] bottom_world=[ 0.10902437 -0.10904577  0.47140114] quat=[ 9.2300057e-01 -2.8612162e-06  1.3402229e-06 -3.8479885e-01] speed=0.0010 ang_speed=0.0029 ang_vel_vec=[0.00016585 0.00250158 0.00149759] |com_force|=0.0000N
### kotek_magnet[tick=6900] sensor3: d=0.5470m in_range=False f_mag=0.000N tau_mag=0.0000Nm misalign_deg=90.0 pos=[-0.10910645 -0.10914594  0.49140114] bottom_world=[-0.10910664 -0.10914575  0.47140114] quat=[-3.8058290e-01  2.4834467e-06 -6.2696340e-06  9.2474687e-01] speed=0.0010 ang_speed=0.0036 ang_vel_vec=[0.00316769 0.0004325  0.00155691] |com_force|=0.0000N
### kotek_magnet[tick=6900] sensor4: d=0.5249m in_range=False f_mag=0.000N tau_mag=0.0000Nm misalign_deg=90.0 pos=[-0.10900033  0.10899925  0.49140227] bottom_world=[-0.10900029  0.10899939  0.47140227] quat=[ 3.8268244e-01  1.9216235e-07 -3.5745952e-06  9.2387992e-01] speed=0.0002 ang_speed=0.0009 ang_vel_vec=[ 0.00025714  0.00083047 -0.0003222 ] |com_force|=0.0000N
### still playing, 1280s left
### kotek_magnet[tick=6960] sensor1: d=0.4082m in_range=False f_mag=0.000N tau_mag=0.0000Nm misalign_deg=90.0 pos=[0.10880434 0.10900894 0.4914023 ] bottom_world=[0.10880408 0.10900927 0.4714023 ] quat=[9.2484152e-01 1.0074397e-05 2.7734686e-06 3.8035271e-01] speed=0.0010 ang_speed=0.0021 ang_vel_vec=[-0.00128547 -0.00124963 -0.00099744] |com_force|=0.0000N
### kotek_magnet[tick=6960] sensor2: d=0.3208m in_range=False f_mag=0.000N tau_mag=0.0000Nm misalign_deg=90.0 pos=[ 0.10902452 -0.10904567  0.491401  ] bottom_world=[ 0.10902442 -0.10904576  0.47140099] quat=[ 9.2300040e-01 -3.2181945e-06  1.5343426e-06 -3.8479900e-01] speed=0.0010 ang_speed=0.0022 ang_vel_vec=[0.00049919 0.00168739 0.00129542] |com_force|=0.0000N
### kotek_magnet[tick=6960] sensor3: d=0.5470m in_range=False f_mag=0.000N tau_mag=0.0000Nm misalign_deg=90.0 pos=[-0.10910645 -0.10914591  0.49140105] bottom_world=[-0.10910665 -0.10914571  0.47140105] quat=[-3.8058299e-01  2.5601478e-06 -6.5278696e-06  9.2474687e-01] speed=0.0010 ang_speed=0.0026 ang_vel_vec=[2.2500991e-03 2.2084983e-05 1.3489175e-03] |com_force|=0.0000N
### kotek_magnet[tick=6960] sensor4: d=0.5249m in_range=False f_mag=0.000N tau_mag=0.0000Nm misalign_deg=90.0 pos=[-0.10900018  0.10899848  0.49140236] bottom_world=[-0.10900008  0.10899878  0.47140236] quat=[ 3.8268298e-01  5.8196105e-07 -7.8103722e-06  9.2387980e-01] speed=0.0009 ang_speed=0.0015 ang_vel_vec=[-0.00036839 -0.00081361  0.00120195] |com_force|=0.0000N
### kotek_magnet[tick=7020] sensor1: d=0.4082m in_range=False f_mag=0.000N tau_mag=0.0000Nm misalign_deg=90.0 pos=[0.10880387 0.10900925 0.4914022 ] bottom_world=[0.10880377 0.10900938 0.47140221] quat=[9.2484164e-01 3.7904651e-06 9.7307532e-07 3.8035259e-01] speed=0.0007 ang_speed=0.0019 ang_vel_vec=[ 0.00074945 -0.00140878 -0.00093916] |com_force|=0.0000N
### kotek_magnet[tick=7020] sensor2: d=0.3208m in_range=False f_mag=0.000N tau_mag=0.0000Nm misalign_deg=90.0 pos=[ 0.10902468 -0.10904675  0.49140108] bottom_world=[ 0.10902466 -0.10904659  0.47140108] quat=[ 9.2300081e-01  3.5084777e-06  2.1091817e-06 -3.8479808e-01] speed=0.0004 ang_speed=0.0026 ang_vel_vec=[-0.00216401 -0.0011054  -0.00078521] |com_force|=0.0000N
### kotek_magnet[tick=7020] sensor3: d=0.5470m in_range=False f_mag=0.000N tau_mag=0.0000Nm misalign_deg=90.0 pos=[-0.10910668 -0.10914607  0.49140108] bottom_world=[-0.10910686 -0.10914582  0.47140108] quat=[-3.8058329e-01  1.7388103e-06 -7.4829568e-06  9.2474663e-01] speed=0.0006 ang_speed=0.0046 ang_vel_vec=[-0.00417368 -0.00191509  0.00047552] |com_force|=0.0000N
### kotek_magnet[tick=7020] sensor4: d=0.5249m in_range=False f_mag=0.000N tau_mag=0.0000Nm misalign_deg=90.0 pos=[-0.10900019  0.10899852  0.49140227] bottom_world=[-0.1090001   0.10899882  0.47140227] quat=[ 3.8268313e-01  7.4037308e-07 -7.6700981e-06  9.2387968e-01] speed=0.0009 ang_speed=0.0017 ang_vel_vec=[-0.00036506 -0.00091935  0.00132309] |com_force|=0.0000N
### kotek_magnet[tick=7080] sensor1: d=0.4082m in_range=False f_mag=0.000N tau_mag=0.0000Nm misalign_deg=90.0 pos=[0.10880433 0.10900901 0.49140224] bottom_world=[0.10880408 0.10900933 0.47140224] quat=[9.2484158e-01 9.7147067e-06 2.6571497e-06 3.8035259e-01] speed=0.0010 ang_speed=0.0008 ang_vel_vec=[-0.00053692 -0.00029603 -0.00055956] |com_force|=0.0000N
### kotek_magnet[tick=7080] sensor2: d=0.3208m in_range=False f_mag=0.000N tau_mag=0.0000Nm misalign_deg=90.0 pos=[ 0.10902438 -0.10904733  0.4914011 ] bottom_world=[ 0.1090246  -0.10904697  0.47140111] quat=[ 9.2300087e-01  1.0555322e-05 -1.6801300e-06 -3.8479784e-01] speed=0.0009 ang_speed=0.0026 ang_vel_vec=[-0.00168838  0.00190411 -0.00054855] |com_force|=0.0000N
### kotek_magnet[tick=7080] sensor3: d=0.5470m in_range=False f_mag=0.000N tau_mag=0.0000Nm misalign_deg=90.0 pos=[-0.1091067  -0.10914605  0.49140117] bottom_world=[-0.10910688 -0.1091458   0.47140117] quat=[-3.8058317e-01  1.7347318e-06 -7.5470016e-06  9.2474669e-01] speed=0.0006 ang_speed=0.0050 ang_vel_vec=[-0.00448752 -0.00208065  0.00077549] |com_force|=0.0000N
### kotek_magnet[tick=7080] sensor4: d=0.5249m in_range=False f_mag=0.000N tau_mag=0.0000Nm misalign_deg=90.0 pos=[-0.10900032  0.10899936  0.49140215] bottom_world=[-0.10900027  0.10899949  0.47140215] quat=[ 3.8268259e-01  1.6788961e-07 -3.5278686e-06  9.2387998e-01] speed=0.0001 ang_speed=0.0008 ang_vel_vec=[-2.0199650e-05  8.1069500e-04 -1.0827625e-04] |com_force|=0.0000N
### kotek_magnet[tick=7140] sensor1: d=0.4082m in_range=False f_mag=0.000N tau_mag=0.0000Nm misalign_deg=90.0 pos=[0.10880385 0.10900921 0.4914023 ] bottom_world=[0.10880375 0.10900933 0.4714023 ] quat=[9.2484158e-01 3.6340014e-06 1.0058827e-06 3.8035256e-01] speed=0.0006 ang_speed=0.0020 ang_vel_vec=[ 0.00115709 -0.00143934 -0.00086197] |com_force|=0.0000N
### kotek_magnet[tick=7140] sensor2: d=0.3208m in_range=False f_mag=0.000N tau_mag=0.0000Nm misalign_deg=90.0 pos=[ 0.10902439 -0.10904739  0.49140114] bottom_world=[ 0.10902462 -0.10904702  0.47140114] quat=[ 9.2300087e-01  1.0632978e-05 -1.7140101e-06 -3.8479796e-01] speed=0.0010 ang_speed=0.0021 ang_vel_vec=[-0.00117126  0.00156695 -0.00078364] |com_force|=0.0000N
### kotek_magnet[tick=7140] sensor3: d=0.5470m in_range=False f_mag=0.000N tau_mag=0.0000Nm misalign_deg=90.0 pos=[-0.10910671 -0.10914613  0.4914011 ] bottom_world=[-0.10910688 -0.10914587  0.47140111] quat=[-3.8058323e-01  1.5465743e-06 -7.4570885e-06  9.2474675e-01] speed=0.0006 ang_speed=0.0038 ang_vel_vec=[-0.00346299 -0.00138878  0.00055823] |com_force|=0.0000N
### kotek_magnet[tick=7140] sensor4: d=0.5249m in_range=False f_mag=0.000N tau_mag=0.0000Nm misalign_deg=90.0 pos=[-0.10900036  0.10899871  0.49140236] bottom_world=[-0.10900021  0.10899899  0.47140236] quat=[ 3.8268268e-01 -7.7801081e-07 -8.0611571e-06  9.2387992e-01] speed=0.0006 ang_speed=0.0040 ang_vel_vec=[-0.00123692  0.00382204  0.00051364] |com_force|=0.0000N
### kotek_magnet[tick=7200] sensor1: d=0.4082m in_range=False f_mag=0.000N tau_mag=0.0000Nm misalign_deg=90.0 pos=[0.10880435 0.10900901 0.49140227] bottom_world=[0.10880409 0.10900934 0.47140227] quat=[9.2484158e-01 9.9280842e-06 2.8029094e-06 3.8035271e-01] speed=0.0010 ang_speed=0.0012 ang_vel_vec=[-0.00067991 -0.00066121 -0.00078599] |com_force|=0.0000N
### kotek_magnet[tick=7200] sensor2: d=0.3208m in_range=False f_mag=0.000N tau_mag=0.0000Nm misalign_deg=90.0 pos=[ 0.10902437 -0.1090465   0.491401  ] bottom_world=[ 0.10902446 -0.10904631  0.47140099] quat=[ 9.2300057e-01  5.2467458e-06 -2.7095459e-07 -3.8479853e-01] speed=0.0002 ang_speed=0.0031 ang_vel_vec=[-0.00221026  0.00216258  0.00042533] |com_force|=0.0000N
### kotek_magnet[tick=7200] sensor3: d=0.5470m in_range=False f_mag=0.000N tau_mag=0.0000Nm misalign_deg=90.0 pos=[-0.10910645 -0.10914586  0.49140105] bottom_world=[-0.10910664 -0.10914567  0.47140105] quat=[-3.8058305e-01  2.5114725e-06 -6.1845849e-06  9.2474687e-01] speed=0.0010 ang_speed=0.0032 ang_vel_vec=[0.00275287 0.00028899 0.00155468] |com_force|=0.0000N
### kotek_magnet[tick=7200] sensor4: d=0.5249m in_range=False f_mag=0.000N tau_mag=0.0000Nm misalign_deg=90.0 pos=[-0.10900018  0.10899856  0.49140236] bottom_world=[-0.10900009  0.10899885  0.47140236] quat=[ 3.8268298e-01  7.4553861e-07 -7.4434292e-06  9.2387968e-01] speed=0.0009 ang_speed=0.0017 ang_vel_vec=[-0.00013475 -0.000797    0.00146014] |com_force|=0.0000N
### kotek_magnet[tick=7260] sensor1: d=0.4082m in_range=False f_mag=0.000N tau_mag=0.0000Nm misalign_deg=90.0 pos=[0.10880385 0.10900924 0.49140242] bottom_world=[0.10880377 0.10900937 0.47140242] quat=[9.2484158e-01 3.6531771e-06 7.7401455e-07 3.8035250e-01] speed=0.0007 ang_speed=0.0017 ang_vel_vec=[ 0.00079276 -0.0013075  -0.00076957] |com_force|=0.0000N
### kotek_magnet[tick=7260] sensor2: d=0.3208m in_range=False f_mag=0.000N tau_mag=0.0000Nm misalign_deg=90.0 pos=[ 0.10902438 -0.1090474   0.491401  ] bottom_world=[ 0.1090246  -0.10904702  0.47140099] quat=[ 9.23000991e-01  1.08413715e-05 -1.60682998e-06 -3.84797782e-01] speed=0.0009 ang_speed=0.0025 ang_vel_vec=[-0.00156996  0.00185599 -0.00072776] |com_force|=0.0000N
### kotek_magnet[tick=7260] sensor3: d=0.5470m in_range=False f_mag=0.000N tau_mag=0.0000Nm misalign_deg=90.0 pos=[-0.10910672 -0.1091461   0.49140105] bottom_world=[-0.1091069  -0.10914584  0.47140105] quat=[-3.8058332e-01  1.6127926e-06 -7.6792157e-06  9.2474669e-01] speed=0.0006 ang_speed=0.0046 ang_vel_vec=[-0.00417645 -0.00186395  0.00063773] |com_force|=0.0000N
### kotek_magnet[tick=7260] sensor4: d=0.5249m in_range=False f_mag=0.000N tau_mag=0.0000Nm misalign_deg=90.0 pos=[-0.10900036  0.10899928  0.49140227] bottom_world=[-0.10900031  0.10899943  0.47140227] quat=[ 3.8268244e-01  2.3663891e-07 -3.8531507e-06  9.2387992e-01] speed=0.0002 ang_speed=0.0008 ang_vel_vec=[ 0.00014687  0.00077692 -0.00024376] |com_force|=0.0000N
### kotek_magnet[tick=7320] sensor1: d=0.4082m in_range=False f_mag=0.000N tau_mag=0.0000Nm misalign_deg=90.0 pos=[0.10880435 0.10900904 0.49140236] bottom_world=[0.10880411 0.10900937 0.47140236] quat=[9.2484152e-01 9.8168885e-06 2.6424025e-06 3.8035271e-01] speed=0.0010 ang_speed=0.0014 ang_vel_vec=[-0.00088436 -0.00057862 -0.00093152] |com_force|=0.0000N
### kotek_magnet[tick=7320] sensor2: d=0.3208m in_range=False f_mag=0.000N tau_mag=0.0000Nm misalign_deg=90.0 pos=[ 0.10902435 -0.10904734  0.49140105] bottom_world=[ 0.10902459 -0.10904696  0.47140105] quat=[ 9.2300087e-01  1.0923264e-05 -1.7833240e-06 -3.8479799e-01] speed=0.0009 ang_speed=0.0030 ang_vel_vec=[-0.0018888   0.00211446 -0.00088738] |com_force|=0.0000N
### kotek_magnet[tick=7320] sensor3: d=0.5470m in_range=False f_mag=0.000N tau_mag=0.0000Nm misalign_deg=90.0 pos=[-0.1091073  -0.10914605  0.49140093] bottom_world=[-0.10910732 -0.1091459   0.47140093] quat=[-3.8058361e-01 -1.0383386e-06 -3.6763358e-06  9.2474645e-01] speed=0.0001 ang_speed=0.0012 ang_vel_vec=[-1.1592120e-03 -9.7895267e-05 -4.5248595e-04] |com_force|=0.0000N
### kotek_magnet[tick=7320] sensor4: d=0.5249m in_range=False f_mag=0.000N tau_mag=0.0000Nm misalign_deg=90.0 pos=[-0.10900015  0.10899854  0.49140218] bottom_world=[-0.10900006  0.10899882  0.47140218] quat=[ 3.8268313e-01  8.5533594e-07 -7.4102927e-06  9.2387968e-01] speed=0.0009 ang_speed=0.0018 ang_vel_vec=[-1.9509143e-05 -1.2269815e-03  1.3181029e-03] |com_force|=0.0000N
### kotek_magnet[tick=7380] sensor1: d=0.4082m in_range=False f_mag=0.000N tau_mag=0.0000Nm misalign_deg=90.0 pos=[0.10880433 0.10900902 0.4914023 ] bottom_world=[0.10880408 0.10900934 0.4714023 ] quat=[9.2484152e-01 9.8879736e-06 2.7640044e-06 3.8035265e-01] speed=0.0010 ang_speed=0.0011 ang_vel_vec=[-0.00055797 -0.00047352 -0.00081017] |com_force|=0.0000N
### kotek_magnet[tick=7380] sensor2: d=0.3208m in_range=False f_mag=0.000N tau_mag=0.0000Nm misalign_deg=90.0 pos=[ 0.10902466 -0.10904668  0.49140114] bottom_world=[ 0.10902465 -0.10904651  0.47140114] quat=[ 9.2300075e-01  3.7115592e-06  1.7376760e-06 -3.8479814e-01] speed=0.0004 ang_speed=0.0026 ang_vel_vec=[-0.0025263   0.00010562 -0.00071706] |com_force|=0.0000N
### kotek_magnet[tick=7380] sensor3: d=0.5470m in_range=False f_mag=0.000N tau_mag=0.0000Nm misalign_deg=90.0 pos=[-0.1091067  -0.10914602  0.4914011 ] bottom_world=[-0.10910687 -0.10914577  0.47140111] quat=[-3.8058320e-01  1.6900800e-06 -7.4541704e-06  9.2474669e-01] speed=0.0006 ang_speed=0.0045 ang_vel_vec=[-0.00406175 -0.00188358  0.00056664] |com_force|=0.0000N
### kotek_magnet[tick=7380] sensor4: d=0.5249m in_range=False f_mag=0.000N tau_mag=0.0000Nm misalign_deg=90.0 pos=[-0.10900041  0.10899852  0.49140224] bottom_world=[-0.10900022  0.10899884  0.47140224] quat=[ 3.8268289e-01 -1.5808889e-06 -9.2223827e-06  9.2387974e-01] speed=0.0008 ang_speed=0.0025 ang_vel_vec=[0.00116886 0.00213122 0.00071096] |com_force|=0.0000N
### kotek_magnet[tick=7440] sensor1: d=0.4082m in_range=False f_mag=0.000N tau_mag=0.0000Nm misalign_deg=90.7 pos=[0.10917526 0.10888405 0.4913788 ] bottom_world=[0.10894078 0.10924283 0.47138341] quat=[0.92402816 0.01052942 0.00198895 0.38217422] speed=0.2622 ang_speed=4.1181 ang_vel_vec=[-3.2447517 -1.8779409 -1.7040904] |com_force|=0.0000N
### kotek_magnet[tick=7440] sensor2: d=0.3208m in_range=False f_mag=0.000N tau_mag=0.0000Nm misalign_deg=90.0 pos=[ 0.10902425 -0.10904744  0.4914012 ] bottom_world=[ 0.10902454 -0.10904701  0.4714012 ] quat=[ 9.2300099e-01  1.2752162e-05 -2.6834116e-06 -3.8479784e-01] speed=0.0010 ang_speed=0.0061 ang_vel_vec=[-0.00414377  0.00433362 -0.00109787] |com_force|=0.0000N
### kotek_magnet[tick=7440] sensor3: d=0.5470m in_range=False f_mag=0.000N tau_mag=0.0000Nm misalign_deg=90.0 pos=[-0.10910669 -0.10914601  0.49140126] bottom_world=[-0.10910687 -0.10914578  0.47140126] quat=[-3.8058329e-01  2.0349898e-06 -7.0363717e-06  9.2474669e-01] speed=0.0006 ang_speed=0.0048 ang_vel_vec=[-0.00409211 -0.00247446  0.00028144] |com_force|=0.0000N
### kotek_magnet[tick=7440] sensor4: d=0.5249m in_range=False f_mag=0.000N tau_mag=0.0000Nm misalign_deg=90.0 pos=[-0.10900017  0.10899857  0.49140224] bottom_world=[-0.10900012  0.10899883  0.47140224] quat=[ 3.8268307e-01  1.3063224e-06 -6.4979313e-06  9.2387974e-01] speed=0.0008 ang_speed=0.0027 ang_vel_vec=[ 0.00068555 -0.00236786  0.00117121] |com_force|=0.0000N
### kotek_magnet[tick=7500] sensor1: d=0.4099m in_range=False f_mag=0.000N tau_mag=0.0000Nm misalign_deg=105.3 pos=[0.11850885 0.10597114 0.49704292] bottom_world=[0.11323099 0.11288623 0.47903388] quat=[0.92343855 0.21135935 0.07142186 0.31222975] speed=0.0748 ang_speed=3.2101 ang_vel_vec=[-2.4772973 -1.8769256  0.8028547] |com_force|=0.0000N
### kotek_magnet[tick=7500] sensor2: d=0.3208m in_range=False f_mag=0.000N tau_mag=0.0000Nm misalign_deg=90.0 pos=[ 0.1090244  -0.10904732  0.49140114] bottom_world=[ 0.10902463 -0.10904695  0.47140114] quat=[ 9.23000932e-01  1.07385285e-05 -1.85467388e-06 -3.84797901e-01] speed=0.0009 ang_speed=0.0032 ang_vel_vec=[-0.00190583  0.00236045 -0.00093758] |com_force|=0.0000N
### kotek_magnet[tick=7500] sensor3: d=0.5470m in_range=False f_mag=0.000N tau_mag=0.0000Nm misalign_deg=90.0 pos=[-0.10910635 -0.10914609  0.4914011 ] bottom_world=[-0.10910658 -0.10914578  0.47140111] quat=[-3.8058299e-01  2.4221597e-06 -9.1987631e-06  9.2474675e-01] speed=0.0010 ang_speed=0.0030 ang_vel_vec=[-2.8928758e-03  3.8868369e-05  6.7288399e-04] |com_force|=0.0000N
### kotek_magnet[tick=7500] sensor4: d=0.5249m in_range=False f_mag=0.000N tau_mag=0.0000Nm misalign_deg=90.0 pos=[-0.10900033  0.10899964  0.49140227] bottom_world=[-0.10900032  0.10899968  0.47140227] quat=[ 3.8268223e-01  3.3512097e-07 -1.0847921e-06  9.2388004e-01] speed=0.0006 ang_speed=0.0019 ang_vel_vec=[ 0.00125279  0.0010843  -0.00086812] |com_force|=0.0000N
### kotek_magnet[tick=7560] sensor1: d=0.4074m in_range=False f_mag=0.000N tau_mag=0.0000Nm misalign_deg=90.6 pos=[0.1147669  0.11374099 0.49171087] bottom_world=[0.11456187 0.11405042 0.47171432] quat=[0.9571888  0.00888842 0.0026684  0.2893155 ] speed=0.1066 ang_speed=1.7045 ang_vel_vec=[ 0.95705885  0.4071875  -1.3504077 ] |com_force|=0.0000N
### kotek_magnet[tick=7560] sensor2: d=0.3208m in_range=False f_mag=0.000N tau_mag=0.0000Nm misalign_deg=90.0 pos=[ 0.10902463 -0.10904672  0.4914011 ] bottom_world=[ 0.10902462 -0.10904656  0.47140111] quat=[ 9.2300075e-01  3.7263530e-06  1.7753148e-06 -3.8479811e-01] speed=0.0004 ang_speed=0.0021 ang_vel_vec=[-0.00193643 -0.00042769 -0.00079789] |com_force|=0.0000N
### kotek_magnet[tick=7560] sensor3: d=0.5470m in_range=False f_mag=0.000N tau_mag=0.0000Nm misalign_deg=90.0 pos=[-0.10910756 -0.10914607  0.49140114] bottom_world=[-0.10910751 -0.10914595  0.47140114] quat=[-3.8058379e-01 -2.4318886e-06 -2.2551951e-06  9.2474651e-01] speed=0.0005 ang_speed=0.0020 ang_vel_vec=[-0.00058017  0.00176972 -0.00084077] |com_force|=0.0000N
### kotek_magnet[tick=7560] sensor4: d=0.5249m in_range=False f_mag=0.000N tau_mag=0.0000Nm misalign_deg=90.0 pos=[-0.10900011  0.10900021  0.4914023 ] bottom_world=[-0.10900032  0.10900008  0.4714023 ] quat=[3.8268211e-01 3.5697358e-06 5.1085603e-06 9.2388016e-01] speed=0.0010 ang_speed=0.0015 ang_vel_vec=[ 0.00089659 -0.00089471 -0.00085484] |com_force|=0.0000N
### kotek_magnet[tick=7620] sensor1: d=0.3992m in_range=False f_mag=0.000N tau_mag=0.0000Nm misalign_deg=90.0 pos=[0.12427672 0.11196882 0.4914821 ] bottom_world=[0.12429229 0.1119088  0.4714822 ] quat=[ 9.8981541e-01 -1.5405173e-03 -1.7164389e-04  1.4234850e-01] speed=0.0686 ang_speed=6.3821 ang_vel_vec=[2.2003958  0.41153187 5.976632  ] |com_force|=0.0000N
### kotek_magnet[tick=7620] sensor2: d=0.3208m in_range=False f_mag=0.000N tau_mag=0.0000Nm misalign_deg=90.0 pos=[ 0.10902464 -0.10904673  0.4914011 ] bottom_world=[ 0.10902463 -0.10904657  0.47140111] quat=[ 9.2300081e-01  3.6654255e-06  2.0009807e-06 -3.8479814e-01] speed=0.0004 ang_speed=0.0022 ang_vel_vec=[-0.00188124 -0.00094364 -0.00072488] |com_force|=0.0000N
### kotek_magnet[tick=7620] sensor3: d=0.5470m in_range=False f_mag=0.000N tau_mag=0.0000Nm misalign_deg=90.0 pos=[-0.10910819 -0.10914576  0.49140108] bottom_world=[-0.10910792 -0.10914589  0.47140108] quat=[-3.8058400e-01 -5.0468607e-06  5.4568791e-06  9.2474645e-01] speed=0.0010 ang_speed=0.0028 ang_vel_vec=[ 0.00205543  0.00167592 -0.00075133] |com_force|=0.0000N
### kotek_magnet[tick=7620] sensor4: d=0.5249m in_range=False f_mag=0.000N tau_mag=0.0000Nm misalign_deg=90.0 pos=[-0.10900036  0.10899955  0.49140224] bottom_world=[-0.10900035  0.10899961  0.47140224] quat=[ 3.8268220e-01  3.7491887e-07 -1.4816828e-06  9.2388010e-01] speed=0.0005 ang_speed=0.0018 ang_vel_vec=[ 0.00111864  0.00120653 -0.00068915] |com_force|=0.0000N
### kotek_magnet[tick=7680] sensor1: d=0.3973m in_range=False f_mag=0.000N tau_mag=0.0000Nm misalign_deg=90.7 pos=[0.1259247  0.11058203 0.49223816] bottom_world=[0.12568652 0.11012678 0.47224476] quat=[ 0.9954345  -0.01076782  0.00700505  0.09457864] speed=0.1761 ang_speed=4.5331 ang_vel_vec=[-0.59063727 -0.7381406  -4.433392  ] |com_force|=0.0000N
### kotek_magnet[tick=7680] sensor2: d=0.3208m in_range=False f_mag=0.000N tau_mag=0.0000Nm misalign_deg=90.0 pos=[ 0.10902438 -0.10904739  0.4914012 ] bottom_world=[ 0.10902461 -0.10904701  0.4714012 ] quat=[ 9.2300087e-01  1.1039991e-05 -1.7486686e-06 -3.8479787e-01] speed=0.0009 ang_speed=0.0028 ang_vel_vec=[-0.00178828  0.0019774  -0.00087251] |com_force|=0.0000N
### kotek_magnet[tick=7680] sensor3: d=0.5470m in_range=False f_mag=0.000N tau_mag=0.0000Nm misalign_deg=90.0 pos=[-0.10910755 -0.10914609  0.4914011 ] bottom_world=[-0.10910748 -0.10914597  0.47140111] quat=[-3.8058379e-01 -2.6849793e-06 -2.1382066e-06  9.2474651e-01] speed=0.0005 ang_speed=0.0024 ang_vel_vec=[-0.00067056  0.00218754 -0.0008425 ] |com_force|=0.0000N
### kotek_magnet[tick=7680] sensor4: d=0.5249m in_range=False f_mag=0.000N tau_mag=0.0000Nm misalign_deg=90.0 pos=[-0.10900009  0.1090002   0.49140224] bottom_world=[-0.1090003   0.10900006  0.47140224] quat=[3.8268220e-01 3.6634467e-06 5.2632299e-06 9.2388004e-01] speed=0.0010 ang_speed=0.0013 ang_vel_vec=[ 0.00064977 -0.00074149 -0.00083204] |com_force|=0.0000N
### kotek_magnet[tick=7740] sensor1: d=0.4018m in_range=False f_mag=0.000N tau_mag=0.0000Nm misalign_deg=91.4 pos=[0.12647147 0.10967772 0.5084802 ] bottom_world=[0.12598878 0.10918028 0.48849221] quat=[ 0.9972724  -0.01153977  0.01293067  0.07174633] speed=0.1387 ang_speed=6.2232 ang_vel_vec=[1.9421469  0.14029302 5.9107714 ] |com_force|=0.0000N
### kotek_magnet[tick=7740] sensor2: d=0.3208m in_range=False f_mag=0.000N tau_mag=0.0000Nm misalign_deg=90.0 pos=[ 0.10902437 -0.10904734  0.4914011 ] bottom_world=[ 0.10902459 -0.10904697  0.47140111] quat=[ 9.2300093e-01  1.0717315e-05 -1.6540516e-06 -3.8479784e-01] speed=0.0009 ang_speed=0.0026 ang_vel_vec=[-0.001635    0.00184543 -0.00089294] |com_force|=0.0000N
### kotek_magnet[tick=7740] sensor3: d=0.5470m in_range=False f_mag=0.000N tau_mag=0.0000Nm misalign_deg=90.0 pos=[-0.10910821 -0.10914572  0.4914012 ] bottom_world=[-0.10910794 -0.10914584  0.4714012 ] quat=[-3.8058409e-01 -5.0385538e-06  5.5029436e-06  9.2474633e-01] speed=0.0010 ang_speed=0.0026 ang_vel_vec=[ 0.00184595  0.00161556 -0.00090823] |com_force|=0.0000N
### kotek_magnet[tick=7740] sensor4: d=0.5249m in_range=False f_mag=0.000N tau_mag=0.0000Nm misalign_deg=90.0 pos=[-0.10900009  0.10900025  0.49140224] bottom_world=[-0.10900029  0.10900012  0.47140224] quat=[3.8268203e-01 3.5514736e-06 5.0172798e-06 9.2388016e-01] speed=0.0011 ang_speed=0.0011 ang_vel_vec=[ 0.00046786 -0.00039124 -0.000864  ] |com_force|=0.0000N
### kotek_magnet[tick=7800] sensor1: d=0.4100m in_range=False f_mag=0.000N tau_mag=0.0000Nm misalign_deg=91.3 pos=[0.12669054 0.10973227 0.5309051 ] bottom_world=[0.12622658 0.10926386 0.510916  ] quat=[ 0.9978176  -0.01094601  0.01232563  0.0639416 ] speed=0.1266 ang_speed=9.1135 ang_vel_vec=[2.5709448 0.5026343 8.728881 ] |com_force|=0.0000N
### kotek_magnet[tick=7800] sensor2: d=0.3208m in_range=False f_mag=0.000N tau_mag=0.0000Nm misalign_deg=90.0 pos=[ 0.10902466 -0.10904669  0.49140105] bottom_world=[ 0.10902464 -0.10904653  0.47140105] quat=[ 9.2300081e-01  3.5482788e-06  2.0151717e-06 -3.8479820e-01] speed=0.0004 ang_speed=0.0025 ang_vel_vec=[-0.00219674 -0.00097984 -0.00072029] |com_force|=0.0000N
### kotek_magnet[tick=7800] sensor3: d=0.5470m in_range=False f_mag=0.000N tau_mag=0.0000Nm misalign_deg=90.0 pos=[-0.10910752 -0.10914604  0.4914011 ] bottom_world=[-0.10910747 -0.1091459   0.47140111] quat=[-3.8058382e-01 -2.5060176e-06 -2.5535987e-06  9.2474651e-01] speed=0.0004 ang_speed=0.0025 ang_vel_vec=[-0.00119899  0.00210218 -0.00075607] |com_force|=0.0000N
### kotek_magnet[tick=7800] sensor4: d=0.5249m in_range=False f_mag=0.000N tau_mag=0.0000Nm misalign_deg=90.0 pos=[-0.10900009  0.10900026  0.49140218] bottom_world=[-0.1090003   0.10900012  0.47140218] quat=[3.8268197e-01 3.4992493e-06 5.1747957e-06 9.2388010e-01] speed=0.0011 ang_speed=0.0010 ang_vel_vec=[ 0.00048344 -0.00035253 -0.00077775] |com_force|=0.0000N
### kotek_magnet[tick=7860] sensor1: d=0.4205m in_range=False f_mag=0.000N tau_mag=0.0000Nm misalign_deg=91.3 pos=[0.1269696  0.11015533 0.5558608 ] bottom_world=[0.12650341 0.10974363 0.53587049] quat=[ 0.9979257  -0.00954532  0.01227659  0.06247065] speed=0.1329 ang_speed=9.1057 ang_vel_vec=[2.5935595 0.4634605 8.716254 ] |com_force|=0.0000N
### kotek_magnet[tick=7860] sensor2: d=0.3208m in_range=False f_mag=0.000N tau_mag=0.0000Nm misalign_deg=90.0 pos=[ 0.10902469 -0.10904668  0.49140105] bottom_world=[ 0.10902468 -0.10904651  0.47140105] quat=[ 9.2300093e-01  3.7271961e-06  1.8644894e-06 -3.8479793e-01] speed=0.0004 ang_speed=0.0026 ang_vel_vec=[-0.00243951 -0.00031738 -0.00094016] |com_force|=0.0000N
### kotek_magnet[tick=7860] sensor3: d=0.5470m in_range=False f_mag=0.000N tau_mag=0.0000Nm misalign_deg=90.0 pos=[-0.10910752 -0.10914604  0.49140102] bottom_world=[-0.10910746 -0.10914592  0.47140102] quat=[-3.8058388e-01 -2.5350494e-06 -2.1674020e-06  9.2474645e-01] speed=0.0004 ang_speed=0.0027 ang_vel_vec=[-0.00011501  0.00248009 -0.00096385] |com_force|=0.0000N
### kotek_magnet[tick=7860] sensor4: d=0.5249m in_range=False f_mag=0.000N tau_mag=0.0000Nm misalign_deg=90.0 pos=[-0.10900008  0.1090003   0.49140224] bottom_world=[-0.1090003   0.10900015  0.47140224] quat=[3.8268206e-01 3.6966333e-06 5.4328775e-06 9.2388010e-01] speed=0.0011 ang_speed=0.0014 ang_vel_vec=[ 0.00071526 -0.00071388 -0.00102996] |com_force|=0.0000N
### kotek_magnet[tick=7920] sensor1: d=0.4307m in_range=False f_mag=0.000N tau_mag=0.0000Nm misalign_deg=91.3 pos=[0.12721217 0.11041279 0.57785994] bottom_world=[0.12674121 0.11005893 0.55786862] quat=[ 0.9980261  -0.00811194  0.01229351  0.06105071] speed=0.1161 ang_speed=9.0213 ang_vel_vec=[2.3620563 0.377616  8.6984215] |com_force|=0.0000N
### kotek_magnet[tick=7920] sensor2: d=0.3208m in_range=False f_mag=0.000N tau_mag=0.0000Nm misalign_deg=90.0 pos=[ 0.10902465 -0.10904672  0.49140114] bottom_world=[ 0.10902463 -0.10904656  0.47140114] quat=[ 9.2300081e-01  3.5560395e-06  2.0087518e-06 -3.8479808e-01] speed=0.0004 ang_speed=0.0025 ang_vel_vec=[-0.00215052 -0.00099917 -0.00070231] |com_force|=0.0000N
### kotek_magnet[tick=7920] sensor3: d=0.5470m in_range=False f_mag=0.000N tau_mag=0.0000Nm misalign_deg=90.0 pos=[-0.10910822 -0.10914576  0.49140114] bottom_world=[-0.10910794 -0.10914589  0.47140114] quat=[-3.8058397e-01 -5.0463473e-06  5.6530125e-06  9.2474639e-01] speed=0.0010 ang_speed=0.0027 ang_vel_vec=[ 0.00194419  0.00167166 -0.00080705] |com_force|=0.0000N
### kotek_magnet[tick=7920] sensor4: d=0.5249m in_range=False f_mag=0.000N tau_mag=0.0000Nm misalign_deg=90.0 pos=[-0.10900006  0.10900023  0.49140227] bottom_world=[-0.10900027  0.10900009  0.47140227] quat=[3.8268211e-01 3.5557582e-06 5.1107290e-06 9.2388004e-01] speed=0.0011 ang_speed=0.0009 ang_vel_vec=[ 0.00035215 -0.00032769 -0.00076191] |com_force|=0.0000N
### kotek_magnet[tick=7980] sensor1: d=0.4315m in_range=False f_mag=0.000N tau_mag=0.0000Nm misalign_deg=91.5 pos=[0.1270963  0.11121172 0.5786044 ] bottom_world=[0.12657557 0.11054162 0.55862241] quat=[ 0.9976719  -0.01587685  0.01408005  0.06481185] speed=0.1056 ang_speed=7.9602 ang_vel_vec=[2.4835167  0.23353176 7.5592556 ] |com_force|=0.0000N
### kotek_magnet[tick=7980] sensor2: d=0.3208m in_range=False f_mag=0.000N tau_mag=0.0000Nm misalign_deg=90.0 pos=[ 0.10902466 -0.10904669  0.49140105] bottom_world=[ 0.10902466 -0.10904652  0.47140105] quat=[ 9.2300081e-01  3.8207500e-06  1.6244970e-06 -3.8479802e-01] speed=0.0004 ang_speed=0.0029 ang_vel_vec=[-0.00268285  0.00067208 -0.00084339] |com_force|=0.0000N
### kotek_magnet[tick=7980] sensor3: d=0.5470m in_range=False f_mag=0.000N tau_mag=0.0000Nm misalign_deg=90.0 pos=[-0.10910819 -0.10914574  0.49140114] bottom_world=[-0.10910792 -0.10914588  0.47140114] quat=[-3.8058409e-01 -4.9203277e-06  5.9286622e-06  9.2474639e-01] speed=0.0010 ang_speed=0.0031 ang_vel_vec=[ 0.00230854  0.00176318 -0.00093368] |com_force|=0.0000N
### kotek_magnet[tick=7980] sensor4: d=0.5249m in_range=False f_mag=0.000N tau_mag=0.0000Nm misalign_deg=90.0 pos=[-0.10900007  0.10900026  0.49140227] bottom_world=[-0.10900029  0.10900012  0.47140227] quat=[3.8268206e-01 3.6299905e-06 5.3256458e-06 9.2388016e-01] speed=0.0011 ang_speed=0.0012 ang_vel_vec=[ 0.00052364 -0.00065195 -0.00090448] |com_force|=0.0000N
### kotek_magnet[tick=8040] sensor1: d=0.4279m in_range=False f_mag=0.000N tau_mag=0.0000Nm misalign_deg=90.8 pos=[0.13433649 0.11484697 0.5769802 ] bottom_world=[0.13404493 0.1137178  0.5570142 ] quat=[ 0.9956739  -0.02748753  0.00975604  0.08822086] speed=0.1025 ang_speed=7.4914 ang_vel_vec=[2.2510347 0.9922274 7.07594  ] |com_force|=0.0000N
### kotek_magnet[tick=8040] sensor2: d=0.3208m in_range=False f_mag=0.000N tau_mag=0.0000Nm misalign_deg=90.0 pos=[ 0.10902466 -0.10904668  0.4914011 ] bottom_world=[ 0.10902464 -0.10904652  0.47140111] quat=[ 9.2300081e-01  3.3910026e-06  2.0315379e-06 -3.8479799e-01] speed=0.0004 ang_speed=0.0022 ang_vel_vec=[-0.00188335 -0.0010396  -0.0005659 ] |com_force|=0.0000N
### kotek_magnet[tick=8040] sensor3: d=0.5470m in_range=False f_mag=0.000N tau_mag=0.0000Nm misalign_deg=90.0 pos=[-0.10910819 -0.10914573  0.49140105] bottom_world=[-0.10910793 -0.10914585  0.47140105] quat=[-3.8058394e-01 -4.9001887e-06  5.2944292e-06  9.2474639e-01] speed=0.0010 ang_speed=0.0023 ang_vel_vec=[ 0.0017074   0.0013781  -0.00066651] |com_force|=0.0000N
### kotek_magnet[tick=8040] sensor4: d=0.5249m in_range=False f_mag=0.000N tau_mag=0.0000Nm misalign_deg=90.0 pos=[-0.10900009  0.10900024  0.49140236] bottom_world=[-0.1090003   0.10900011  0.47140236] quat=[3.8268209e-01 3.4129782e-06 4.9379978e-06 9.2388010e-01] speed=0.0011 ang_speed=0.0008 ang_vel_vec=[ 0.00039928 -0.00028632 -0.00061451] |com_force|=0.0000N
### kotek_magnet[tick=8100] sensor1: d=0.4224m in_range=False f_mag=0.000N tau_mag=0.0000Nm misalign_deg=89.9 pos=[0.1450884  0.11917173 0.5746984 ] bottom_world=[0.14512862 0.11742968 0.55477444] quat=[ 0.99200225 -0.04340469  0.00416933  0.11844996] speed=0.0904 ang_speed=6.8168 ang_vel_vec=[1.9566197 1.6111627 6.328023 ] |com_force|=0.0000N
### kotek_magnet[tick=8100] sensor2: d=0.3208m in_range=False f_mag=0.000N tau_mag=0.0000Nm misalign_deg=90.0 pos=[ 0.10902438 -0.10904646  0.49140102] bottom_world=[ 0.10902446 -0.10904628  0.47140102] quat=[ 9.2300063e-01  4.9520008e-06 -1.5268006e-07 -3.8479850e-01] speed=0.0002 ang_speed=0.0030 ang_vel_vec=[-0.00210211  0.00212443  0.00047007] |com_force|=0.0000N
### kotek_magnet[tick=8100] sensor3: d=0.5470m in_range=False f_mag=0.000N tau_mag=0.0000Nm misalign_deg=90.0 pos=[-0.10910725 -0.10914579  0.4914011 ] bottom_world=[-0.10910721 -0.10914575  0.47140111] quat=[-3.8058347e-01 -1.1914769e-06 -6.0677962e-07  9.2474657e-01] speed=0.0003 ang_speed=0.0031 ang_vel_vec=[0.00270537 0.00145464 0.00035029] |com_force|=0.0000N
### kotek_magnet[tick=8100] sensor4: d=0.5249m in_range=False f_mag=0.000N tau_mag=0.0000Nm misalign_deg=90.0 pos=[-0.10900008  0.10900024  0.49140227] bottom_world=[-0.10900028  0.1090001   0.47140227] quat=[3.8268209e-01 3.4557399e-06 5.0664876e-06 9.2388016e-01] speed=0.0011 ang_speed=0.0010 ang_vel_vec=[ 0.00041743 -0.0005662  -0.00069581] |com_force|=0.0000N
### kotek_magnet[tick=8160] sensor1: d=0.4165m in_range=False f_mag=0.000N tau_mag=0.0000Nm misalign_deg=88.8 pos=[0.15608333 0.12297969 0.5722498 ] bottom_world=[0.15651658 0.12063129 0.55239291] quat=[ 0.9856999  -0.05979044 -0.00143242  0.15754023] speed=0.0822 ang_speed=6.9375 ang_vel_vec=[1.794325  1.8198586 6.4495864] |com_force|=0.0000N
### kotek_magnet[tick=8160] sensor2: d=0.3208m in_range=False f_mag=0.000N tau_mag=0.0000Nm misalign_deg=90.0 pos=[ 0.10902468 -0.10904665  0.49140108] bottom_world=[ 0.10902466 -0.1090465   0.47140108] quat=[ 9.2300081e-01  3.3270292e-06  1.9872514e-06 -3.8479808e-01] speed=0.0004 ang_speed=0.0023 ang_vel_vec=[-0.00198098 -0.00096155 -0.00076956] |com_force|=0.0000N
### kotek_magnet[tick=8160] sensor3: d=0.5470m in_range=False f_mag=0.000N tau_mag=0.0000Nm misalign_deg=90.0 pos=[-0.10910668 -0.10914605  0.49140114] bottom_world=[-0.10910687 -0.1091458   0.47140114] quat=[-3.8058341e-01  1.8406600e-06 -7.5870516e-06  9.2474669e-01] speed=0.0007 ang_speed=0.0047 ang_vel_vec=[-0.00420758 -0.00210921  0.0004777 ] |com_force|=0.0000N
### kotek_magnet[tick=8160] sensor4: d=0.5249m in_range=False f_mag=0.000N tau_mag=0.0000Nm misalign_deg=90.0 pos=[-0.10900007  0.10900023  0.4914024 ] bottom_world=[-0.10900027  0.1090001   0.47140239] quat=[3.8268200e-01 3.3370191e-06 4.8037764e-06 9.2388010e-01] speed=0.0011 ang_speed=0.0009 ang_vel_vec=[ 0.00033348 -0.00018529 -0.00081016] |com_force|=0.0000N
### kotek_magnet[tick=8220] sensor1: d=0.4100m in_range=False f_mag=0.000N tau_mag=0.0000Nm misalign_deg=87.4 pos=[0.16756958 0.12600285 0.5695681 ] bottom_world=[0.16846085 0.1230233  0.54981138] quat=[ 0.977099   -0.07766641 -0.00706738  0.19797875] speed=0.0782 ang_speed=6.8782 ang_vel_vec=[1.4984263 2.0728621 6.3849564] |com_force|=0.0000N
### kotek_magnet[tick=8220] sensor2: d=0.3208m in_range=False f_mag=0.000N tau_mag=0.0000Nm misalign_deg=90.0 pos=[ 0.10902449 -0.10904562  0.49140108] bottom_world=[ 0.10902439 -0.10904571  0.47140108] quat=[ 9.2300057e-01 -2.8191716e-06  1.3300588e-06 -3.8479882e-01] speed=0.0010 ang_speed=0.0028 ang_vel_vec=[-0.00033029  0.00247006  0.0013627 ] |com_force|=0.0000N
### kotek_magnet[tick=8220] sensor3: d=0.5470m in_range=False f_mag=0.000N tau_mag=0.0000Nm misalign_deg=90.0 pos=[-0.10910641 -0.10914612  0.49140105] bottom_world=[-0.10910663 -0.10914582  0.47140105] quat=[-3.8058317e-01  2.0925531e-06 -8.9640216e-06  9.2474669e-01] speed=0.0009 ang_speed=0.0027 ang_vel_vec=[-0.00259847  0.00047312  0.00067332] |com_force|=0.0000N
### kotek_magnet[tick=8220] sensor4: d=0.5249m in_range=False f_mag=0.000N tau_mag=0.0000Nm misalign_deg=90.0 pos=[-0.10899995  0.10900013  0.49140227] bottom_world=[-0.1090002   0.10899999  0.47140227] quat=[3.8268223e-01 4.4943181e-06 5.6068397e-06 9.2388016e-01] speed=0.0010 ang_speed=0.0028 ang_vel_vec=[ 0.00197599 -0.00194469 -0.00048183] |com_force|=0.0000N
### kotek_magnet[tick=8280] sensor1: d=0.4033m in_range=False f_mag=0.000N tau_mag=0.0000Nm misalign_deg=86.1 pos=[0.1783483  0.12789759 0.56682944] bottom_world=[0.17970289 0.12432615 0.54719758] quat=[ 0.9671818  -0.09519953 -0.01185531  0.23527838] speed=0.0760 ang_speed=6.7897 ang_vel_vec=[1.295857  2.2795522 6.2629404] |com_force|=0.0000N
### kotek_magnet[tick=8280] sensor2: d=0.3208m in_range=False f_mag=0.000N tau_mag=0.0000Nm misalign_deg=90.0 pos=[ 0.1090247  -0.10904638  0.49140102] bottom_world=[ 0.10902465 -0.1090463   0.47140102] quat=[ 9.2300075e-01  1.5286615e-06  1.8318700e-06 -3.8479832e-01] speed=0.0002 ang_speed=0.0010 ang_vel_vec=[ 0.00042326 -0.00083144 -0.00028641] |com_force|=0.0000N
### kotek_magnet[tick=8280] sensor3: d=0.5470m in_range=False f_mag=0.000N tau_mag=0.0000Nm misalign_deg=90.0 pos=[-0.10910756 -0.10914582  0.49140102] bottom_world=[-0.10910746 -0.10914584  0.47140102] quat=[-3.8058379e-01 -2.1640915e-06  1.3579456e-06  9.2474645e-01] speed=0.0004 ang_speed=0.0036 ang_vel_vec=[ 0.00224094  0.00286986 -0.00021387] |com_force|=0.0000N
### kotek_magnet[tick=8280] sensor4: d=0.5249m in_range=False f_mag=0.000N tau_mag=0.0000Nm misalign_deg=90.0 pos=[-0.10900034  0.10899962  0.49140227] bottom_world=[-0.10900033  0.10899967  0.47140227] quat=[ 3.8268223e-01  2.8530189e-07 -1.3375030e-06  9.2388016e-01] speed=0.0006 ang_speed=0.0020 ang_vel_vec=[ 0.00134791  0.00125748 -0.00070721] |com_force|=0.0000N
### kotek_magnet[tick=8340] sensor1: d=0.3961m in_range=False f_mag=0.000N tau_mag=0.0000Nm misalign_deg=84.6 pos=[0.18937168 0.12894173 0.5639099 ] bottom_world=[0.19125379 0.12477991 0.54443845] quat=[ 0.95520383 -0.11371915 -0.01679264  0.27271146] speed=0.0907 ang_speed=6.5506 ang_vel_vec=[0.91060346 1.9743474  6.1792083 ] |com_force|=0.0000N
### kotek_magnet[tick=8340] sensor2: d=0.3208m in_range=False f_mag=0.000N tau_mag=0.0000Nm misalign_deg=90.0 pos=[ 0.10902449 -0.10904562  0.49140108] bottom_world=[ 0.10902439 -0.1090457   0.47140108] quat=[ 9.2300045e-01 -2.8552677e-06  1.3537301e-06 -3.8479891e-01] speed=0.0010 ang_speed=0.0028 ang_vel_vec=[-0.00024726  0.0023954   0.00137676] |com_force|=0.0000N
### kotek_magnet[tick=8340] sensor3: d=0.5470m in_range=False f_mag=0.000N tau_mag=0.0000Nm misalign_deg=90.0 pos=[-0.10910749 -0.10914604  0.49140105] bottom_world=[-0.10910743 -0.10914592  0.47140105] quat=[-3.8058400e-01 -2.5770280e-06 -2.1301021e-06  9.2474645e-01] speed=0.0004 ang_speed=0.0028 ang_vel_vec=[-0.00011952  0.0026262  -0.00083627] |com_force|=0.0000N
### kotek_magnet[tick=8340] sensor4: d=0.5249m in_range=False f_mag=0.000N tau_mag=0.0000Nm misalign_deg=90.0 pos=[-0.10900006  0.10900026  0.49140233] bottom_world=[-0.10900028  0.10900012  0.47140233] quat=[3.8268203e-01 3.6710962e-06 5.3385788e-06 9.2388016e-01] speed=0.0011 ang_speed=0.0013 ang_vel_vec=[ 0.00066297 -0.000705   -0.00085649] |com_force|=0.0000N
### kotek_magnet[tick=8400] sensor1: d=0.3882m in_range=False f_mag=0.000N tau_mag=0.0000Nm misalign_deg=83.0 pos=[0.20048983 0.12905724 0.5606345 ] bottom_world=[0.20293974 0.1242923  0.54136552] quat=[ 0.94110507 -0.13352947 -0.02110848  0.30991215] speed=0.0625 ang_speed=7.2265 ang_vel_vec=[0.73262894 3.024784   6.5220156 ] |com_force|=0.0000N
### kotek_magnet[tick=8400] sensor2: d=0.3208m in_range=False f_mag=0.000N tau_mag=0.0000Nm misalign_deg=90.0 pos=[ 0.1090247  -0.1090464   0.49140102] bottom_world=[ 0.10902465 -0.10904632  0.47140102] quat=[ 9.2300069e-01  1.2663412e-06  1.8945252e-06 -3.8479835e-01] speed=0.0002 ang_speed=0.0015 ang_vel_vec=[ 0.00076562 -0.00114757 -0.0006031 ] |com_force|=0.0000N
### kotek_magnet[tick=8400] sensor3: d=0.5470m in_range=False f_mag=0.000N tau_mag=0.0000Nm misalign_deg=90.0 pos=[-0.10910751 -0.10914599  0.49140108] bottom_world=[-0.10910745 -0.10914587  0.47140108] quat=[-3.8058388e-01 -2.4825174e-06 -2.2305924e-06  9.2474651e-01] speed=0.0004 ang_speed=0.0030 ang_vel_vec=[-0.0001319   0.00283727 -0.00103929] |com_force|=0.0000N
### kotek_magnet[tick=8400] sensor4: d=0.5249m in_range=False f_mag=0.000N tau_mag=0.0000Nm misalign_deg=90.0 pos=[-0.10900006  0.10900029  0.49140233] bottom_world=[-0.10900026  0.10900015  0.47140233] quat=[3.8268211e-01 3.3752385e-06 5.0209737e-06 9.2388010e-01] speed=0.0011 ang_speed=0.0010 ang_vel_vec=[ 1.4544294e-04 -9.8697514e-05 -1.0339152e-03] |com_force|=0.0000N
### kotek_magnet[tick=8460] sensor1: d=0.3798m in_range=False f_mag=0.000N tau_mag=0.0000Nm misalign_deg=81.3 pos=[0.21138635 0.12815367 0.5571628 ] bottom_world=[0.21442175 0.12282775 0.53812547] quat=[ 0.9248876  -0.15317719 -0.02455287  0.34715563] speed=0.0663 ang_speed=7.1560 ang_vel_vec=[0.43910706 3.1885116  6.391317  ] |com_force|=0.0000N
### kotek_magnet[tick=8460] sensor2: d=0.3208m in_range=False f_mag=0.000N tau_mag=0.0000Nm misalign_deg=90.0 pos=[ 0.10902471 -0.10904644  0.49140105] bottom_world=[ 0.10902466 -0.10904635  0.47140105] quat=[ 9.2300075e-01  1.3994238e-06  2.0045668e-06 -3.8479832e-01] speed=0.0002 ang_speed=0.0007 ang_vel_vec=[ 8.1906197e-05 -6.1866111e-04 -4.0133367e-04] |com_force|=0.0000N
### kotek_magnet[tick=8460] sensor3: d=0.5470m in_range=False f_mag=0.000N tau_mag=0.0000Nm misalign_deg=90.0 pos=[-0.1091064  -0.10914585  0.4914011 ] bottom_world=[-0.10910661 -0.10914563  0.47140111] quat=[-3.8058305e-01  2.8539121e-06 -6.9862867e-06  9.2474687e-01] speed=0.0011 ang_speed=0.0026 ang_vel_vec=[ 0.00220696 -0.00021924  0.00143922] |com_force|=0.0000N
### kotek_magnet[tick=8460] sensor4: d=0.5249m in_range=False f_mag=0.000N tau_mag=0.0000Nm misalign_deg=90.0 pos=[-0.10900004  0.10900025  0.49140227] bottom_world=[-0.10900026  0.10900012  0.47140227] quat=[3.8268209e-01 3.6657329e-06 5.1828624e-06 9.2388010e-01] speed=0.0011 ang_speed=0.0010 ang_vel_vec=[ 0.00042621 -0.00037003 -0.000829  ] |com_force|=0.0000N
### kotek_magnet[tick=8520] sensor1: d=0.3709m in_range=False f_mag=0.000N tau_mag=0.0000Nm misalign_deg=79.4 pos=[0.22219491 0.12627481 0.55351794] bottom_world=[0.2258615  0.12041431 0.53475066] quat=[ 0.9063946  -0.17336093 -0.02764209  0.38422745] speed=0.0699 ang_speed=7.1449 ang_vel_vec=[0.11967048 3.4150596  6.2748017 ] |com_force|=0.0000N
### kotek_magnet[tick=8520] sensor2: d=0.3208m in_range=False f_mag=0.000N tau_mag=0.0000Nm misalign_deg=90.0 pos=[ 0.10902469 -0.10904586  0.4914011 ] bottom_world=[ 0.10902453 -0.10904594  0.47140111] quat=[ 9.2300057e-01 -3.2030428e-06  2.8421282e-06 -3.8479862e-01] speed=0.0007 ang_speed=0.0046 ang_vel_vec=[ 0.00163146 -0.00424699  0.0008011 ] |com_force|=0.0000N
### kotek_magnet[tick=8520] sensor3: d=0.5470m in_range=False f_mag=0.000N tau_mag=0.0000Nm misalign_deg=90.0 pos=[-0.10910637 -0.10914606  0.4914011 ] bottom_world=[-0.1091066  -0.10914575  0.47140111] quat=[-3.8058305e-01  2.3377718e-06 -9.3891267e-06  9.2474681e-01] speed=0.0010 ang_speed=0.0040 ang_vel_vec=[-0.00380909 -0.00020265  0.00103143] |com_force|=0.0000N
### kotek_magnet[tick=8520] sensor4: d=0.5249m in_range=False f_mag=0.000N tau_mag=0.0000Nm misalign_deg=90.0 pos=[-0.10900013  0.10899854  0.49140224] bottom_world=[-0.10900004  0.10899884  0.47140224] quat=[ 3.8268319e-01  6.9057540e-07 -7.7368331e-06  9.2387974e-01] speed=0.0009 ang_speed=0.0018 ang_vel_vec=[-0.00057368 -0.00048447  0.00167896] |com_force|=0.0000N
### kotek_magnet[tick=8580] sensor1: d=0.3617m in_range=False f_mag=0.000N tau_mag=0.0000Nm misalign_deg=77.6 pos=[0.23250091 0.123514   0.5496795 ] bottom_world=[0.23681102 0.11716643 0.53120978] quat=[ 0.8862005  -0.19327985 -0.02998981  0.41999063] speed=0.0685 ang_speed=7.1004 ang_vel_vec=[-0.16218203  3.624139    6.1037087 ] |com_force|=0.0000N
### kotek_magnet[tick=8580] sensor2: d=0.3208m in_range=False f_mag=0.000N tau_mag=0.0000Nm misalign_deg=90.0 pos=[ 0.1090245  -0.10904557  0.4914011 ] bottom_world=[ 0.10902441 -0.10904566  0.47140111] quat=[ 9.2300045e-01 -2.9246332e-06  1.3798212e-06 -3.8479891e-01] speed=0.0011 ang_speed=0.0027 ang_vel_vec=[-0.00041129  0.00239946  0.00116075] |com_force|=0.0000N
### kotek_magnet[tick=8580] sensor3: d=0.5470m in_range=False f_mag=0.000N tau_mag=0.0000Nm misalign_deg=90.0 pos=[-0.10910641 -0.10914583  0.49140105] bottom_world=[-0.10910662 -0.10914562  0.47140105] quat=[-3.8058290e-01  2.7342251e-06 -6.7140204e-06  9.2474681e-01] speed=0.0011 ang_speed=0.0031 ang_vel_vec=[0.00282522 0.00030346 0.00117478] |com_force|=0.0000N
### kotek_magnet[tick=8580] sensor4: d=0.5249m in_range=False f_mag=0.000N tau_mag=0.0000Nm misalign_deg=90.0 pos=[-0.10900013  0.10899858  0.49140218] bottom_world=[-0.10900005  0.10899886  0.47140218] quat=[ 3.8268313e-01  8.3851666e-07 -7.2485245e-06  9.2387974e-01] speed=0.0009 ang_speed=0.0016 ang_vel_vec=[-0.00016957 -0.00112142  0.0010695 ] |com_force|=0.0000N
### kotek_magnet[tick=8640] sensor1: d=0.3520m in_range=False f_mag=0.000N tau_mag=0.0000Nm misalign_deg=75.6 pos=[0.24254254 0.11976867 0.54562   ] bottom_world=[0.24752157 0.11297741 0.52747924] quat=[ 0.8639808  -0.21324025 -0.03176468  0.45503485] speed=0.0707 ang_speed=7.1223 ang_vel_vec=[-0.5317733  3.8284104  5.9823265] |com_force|=0.0000N
### kotek_magnet[tick=8640] sensor2: d=0.3208m in_range=False f_mag=0.000N tau_mag=0.0000Nm misalign_deg=90.0 pos=[ 0.10902472 -0.10904586  0.49140102] bottom_world=[ 0.10902456 -0.10904594  0.47140102] quat=[ 9.2300057e-01 -3.2524761e-06  2.8415761e-06 -3.8479862e-01] speed=0.0008 ang_speed=0.0038 ang_vel_vec=[ 0.0013006  -0.00349442  0.00058977] |com_force|=0.0000N
### kotek_magnet[tick=8640] sensor3: d=0.5470m in_range=False f_mag=0.000N tau_mag=0.0000Nm misalign_deg=90.0 pos=[-0.10910724 -0.1091458   0.49140102] bottom_world=[-0.10910721 -0.10914577  0.47140102] quat=[-3.8058335e-01 -8.9549212e-07 -4.5087739e-07  9.2474669e-01] speed=0.0004 ang_speed=0.0061 ang_vel_vec=[0.00535946 0.0029177  0.00043065] |com_force|=0.0000N
### kotek_magnet[tick=8640] sensor4: d=0.5249m in_range=False f_mag=0.000N tau_mag=0.0000Nm misalign_deg=90.0 pos=[-0.10900012  0.10899855  0.49140227] bottom_world=[-0.10900004  0.10899883  0.47140227] quat=[ 3.8268304e-01  8.0990969e-07 -7.2224966e-06  9.2387974e-01] speed=0.0009 ang_speed=0.0018 ang_vel_vec=[-4.6996258e-05 -1.1386642e-03  1.4181744e-03] |com_force|=0.0000N
### still playing, 1250s left
### kotek_magnet[tick=8700] sensor1: d=0.3417m in_range=False f_mag=0.000N tau_mag=0.0000Nm misalign_deg=73.6 pos=[0.2522458  0.11499694 0.5413369 ] bottom_world=[0.25790912 0.10781138 0.52355222] quat=[ 0.8398937  -0.2330283  -0.03287813  0.48907602] speed=0.0720 ang_speed=7.1462 ang_vel_vec=[-0.899493  4.011166  5.845448] |com_force|=0.0000N
### kotek_magnet[tick=8700] sensor2: d=0.3208m in_range=False f_mag=0.000N tau_mag=0.0000Nm misalign_deg=90.0 pos=[ 0.10902441 -0.10904738  0.49140102] bottom_world=[ 0.10902462 -0.10904702  0.47140102] quat=[ 9.2300087e-01  1.0367923e-05 -1.5768619e-06 -3.8479802e-01] speed=0.0009 ang_speed=0.0025 ang_vel_vec=[-0.0014287   0.00178469 -0.00102176] |com_force|=0.0000N
### kotek_magnet[tick=8700] sensor3: d=0.5470m in_range=False f_mag=0.000N tau_mag=0.0000Nm misalign_deg=90.0 pos=[-0.10910746 -0.10914607  0.49140105] bottom_world=[-0.10910741 -0.10914595  0.47140105] quat=[-3.8058382e-01 -2.3715982e-06 -2.3553457e-06  9.2474645e-01] speed=0.0004 ang_speed=0.0029 ang_vel_vec=[-6.5918670e-05  2.7065126e-03 -9.8832592e-04] |com_force|=0.0000N
### kotek_magnet[tick=8700] sensor4: d=0.5249m in_range=False f_mag=0.000N tau_mag=0.0000Nm misalign_deg=90.0 pos=[-0.10900031  0.10899878  0.49140236] bottom_world=[-0.10900016  0.10899905  0.47140236] quat=[ 3.8268277e-01 -8.2655680e-07 -7.8076773e-06  9.2387986e-01] speed=0.0005 ang_speed=0.0037 ang_vel_vec=[-0.00103257  0.00356478  0.00027753] |com_force|=0.0000N
### kotek_magnet[tick=8760] sensor1: d=0.3311m in_range=False f_mag=0.000N tau_mag=0.0000Nm misalign_deg=71.4 pos=[0.26144695 0.10942248 0.53687674] bottom_world=[0.2678099  0.1019022  0.51947104] quat=[ 0.81392497 -0.25246218 -0.03347207  0.5221769 ] speed=0.0733 ang_speed=7.1474 ang_vel_vec=[-1.2676399  4.1911983  5.649146 ] |com_force|=0.0000N
### kotek_magnet[tick=8760] sensor2: d=0.3208m in_range=False f_mag=0.000N tau_mag=0.0000Nm misalign_deg=90.0 pos=[ 0.10902471 -0.10904668  0.49140108] bottom_world=[ 0.10902468 -0.10904654  0.47140108] quat=[ 9.2300075e-01  3.0520453e-06  2.0822556e-06 -3.8479811e-01] speed=0.0004 ang_speed=0.0022 ang_vel_vec=[-0.00196475 -0.0010331  -0.00035042] |com_force|=0.0000N
### kotek_magnet[tick=8760] sensor3: d=0.5470m in_range=False f_mag=0.000N tau_mag=0.0000Nm misalign_deg=90.0 pos=[-0.10910664 -0.10914604  0.4914012 ] bottom_world=[-0.10910684 -0.10914578  0.4714012 ] quat=[-3.8058326e-01  1.9656277e-06 -7.8561570e-06  9.2474675e-01] speed=0.0007 ang_speed=0.0056 ang_vel_vec=[-0.00498626 -0.00245302  0.00088748] |com_force|=0.0000N
### kotek_magnet[tick=8760] sensor4: d=0.5249m in_range=False f_mag=0.000N tau_mag=0.0000Nm misalign_deg=90.0 pos=[-0.10900015  0.10899851  0.4914022 ] bottom_world=[-0.10900006  0.10899881  0.47140221] quat=[ 3.8268328e-01  5.6877650e-07 -7.7542736e-06  9.2387956e-01] speed=0.0009 ang_speed=0.0019 ang_vel_vec=[-0.00075327 -0.00014789  0.00174885] |com_force|=0.0000N
### kotek_magnet[tick=8820] sensor1: d=0.3203m in_range=False f_mag=0.000N tau_mag=0.0000Nm misalign_deg=69.3 pos=[0.2700869  0.10310134 0.5322949 ] bottom_world=[0.27715917 0.09531342 0.51528518] quat=[ 0.78627896 -0.27133673 -0.03365598  0.55408394] speed=0.0719 ang_speed=7.1930 ang_vel_vec=[-1.7544596  4.347195   5.4555626] |com_force|=0.0000N
### kotek_magnet[tick=8820] sensor2: d=0.3208m in_range=False f_mag=0.000N tau_mag=0.0000Nm misalign_deg=90.0 pos=[ 0.10902444 -0.10904733  0.49140102] bottom_world=[ 0.10902465 -0.10904697  0.47140102] quat=[ 9.2300087e-01  1.0300299e-05 -1.4476432e-06 -3.8479793e-01] speed=0.0009 ang_speed=0.0024 ang_vel_vec=[-0.00138782  0.00170867 -0.00097972] |com_force|=0.0000N
### kotek_magnet[tick=8820] sensor3: d=0.5470m in_range=False f_mag=0.000N tau_mag=0.0000Nm misalign_deg=90.0 pos=[-0.1091064  -0.10914588  0.49140117] bottom_world=[-0.1091066  -0.10914567  0.47140117] quat=[-3.8058308e-01  2.6830253e-06 -6.7147630e-06  9.2474681e-01] speed=0.0011 ang_speed=0.0029 ang_vel_vec=[0.00259138 0.00022748 0.00128477] |com_force|=0.0000N
### kotek_magnet[tick=8820] sensor4: d=0.5249m in_range=False f_mag=0.000N tau_mag=0.0000Nm misalign_deg=90.0 pos=[-0.10900012  0.10899855  0.49140224] bottom_world=[-0.10900005  0.10899883  0.47140224] quat=[ 3.8268280e-01  8.9857349e-07 -7.2788043e-06  9.2387974e-01] speed=0.0009 ang_speed=0.0018 ang_vel_vec=[ 8.2761380e-06 -1.4075901e-03  1.1718124e-03] |com_force|=0.0000N
### kotek_magnet[tick=8880] sensor1: d=0.3089m in_range=False f_mag=0.000N tau_mag=0.0000Nm misalign_deg=67.1 pos=[0.27833834 0.09574334 0.5275373 ] bottom_world=[0.28612725 0.08774594 0.51094287] quat=[ 0.7568526  -0.28988293 -0.03328033  0.58483726] speed=0.0775 ang_speed=7.1414 ang_vel_vec=[-2.0626974  4.443714   5.1959505] |com_force|=0.0000N
### kotek_magnet[tick=8880] sensor2: d=0.3208m in_range=False f_mag=0.000N tau_mag=0.0000Nm misalign_deg=90.0 pos=[ 0.10902443 -0.10904735  0.49140102] bottom_world=[ 0.10902465 -0.10904699  0.47140102] quat=[ 9.23000813e-01  1.03772445e-05 -1.58444982e-06 -3.84797961e-01] speed=0.0009 ang_speed=0.0022 ang_vel_vec=[-0.00114534  0.00170083 -0.00081165] |com_force|=0.0000N
### kotek_magnet[tick=8880] sensor3: d=0.5470m in_range=False f_mag=0.000N tau_mag=0.0000Nm misalign_deg=90.0 pos=[-0.10910828 -0.10914553  0.49140102] bottom_world=[-0.10910799 -0.10914575  0.47140102] quat=[-3.8058364e-01 -4.7057138e-06  7.8324465e-06  9.2474645e-01] speed=0.0013 ang_speed=0.0171 ang_vel_vec=[ 0.01480861  0.00853679 -0.00036574] |com_force|=0.0000N
### kotek_magnet[tick=8880] sensor4: d=0.5249m in_range=False f_mag=0.000N tau_mag=0.0000Nm misalign_deg=90.0 pos=[-0.10900033  0.10899878  0.49140224] bottom_world=[-0.10900018  0.10899906  0.47140224] quat=[ 3.8268277e-01 -7.6654908e-07 -7.7091217e-06  9.2387986e-01] speed=0.0005 ang_speed=0.0038 ang_vel_vec=[-0.00100463  0.00365805  0.00045567] |com_force|=0.0000N
### kotek_magnet[tick=8940] sensor1: d=0.2970m in_range=False f_mag=0.000N tau_mag=0.0000Nm misalign_deg=64.8 pos=[0.28611055 0.08755286 0.5225699 ] bottom_world=[0.29462791 0.07941853 0.50640551] quat=[ 0.7253747  -0.30794507 -0.03256074  0.6147692 ] speed=0.0798 ang_speed=7.1603 ang_vel_vec=[-2.551636   4.489004   4.9606085] |com_force|=0.0000N
### kotek_magnet[tick=8940] sensor2: d=0.3208m in_range=False f_mag=0.000N tau_mag=0.0000Nm misalign_deg=90.0 pos=[ 0.10902472 -0.10904672  0.4914011 ] bottom_world=[ 0.1090247  -0.10904656  0.47140111] quat=[ 9.2300081e-01  3.5951928e-06  1.8740827e-06 -3.8479814e-01] speed=0.0004 ang_speed=0.0021 ang_vel_vec=[-0.00190961 -0.00015271 -0.00081892] |com_force|=0.0000N
### kotek_magnet[tick=8940] sensor3: d=0.5470m in_range=False f_mag=0.000N tau_mag=0.0000Nm misalign_deg=90.0 pos=[-0.10910816 -0.10914577  0.49140108] bottom_world=[-0.10910789 -0.1091459   0.47140108] quat=[-3.8058397e-01 -5.0195781e-06  5.6887557e-06  9.2474639e-01] speed=0.0009 ang_speed=0.0033 ang_vel_vec=[ 0.0024094   0.00199044 -0.00094727] |com_force|=0.0000N
### kotek_magnet[tick=8940] sensor4: d=0.5249m in_range=False f_mag=0.000N tau_mag=0.0000Nm misalign_deg=90.0 pos=[-0.10900015  0.10899852  0.49140236] bottom_world=[-0.10900007  0.10899881  0.47140236] quat=[ 3.8268301e-01  8.3004062e-07 -7.5328080e-06  9.2387974e-01] speed=0.0009 ang_speed=0.0017 ang_vel_vec=[-9.7742261e-05 -1.0522802e-03  1.2697169e-03] |com_force|=0.0000N
### kotek_magnet[tick=9000] sensor1: d=0.2849m in_range=False f_mag=0.000N tau_mag=0.0000Nm misalign_deg=62.5 pos=[0.2932492  0.07864524 0.517545  ] bottom_world=[0.30248721 0.07044692 0.50181455] quat=[ 0.6926438  -0.32518408 -0.03153556  0.64304394] speed=0.0868 ang_speed=7.1188 ang_vel_vec=[-3.003687   4.4904194  4.63589  ] |com_force|=0.0000N
### kotek_magnet[tick=9000] sensor2: d=0.3208m in_range=False f_mag=0.000N tau_mag=0.0000Nm misalign_deg=90.0 pos=[ 0.10902473 -0.10904667  0.491401  ] bottom_world=[ 0.10902471 -0.10904651  0.47140099] quat=[ 9.2300081e-01  3.3906854e-06  1.9031962e-06 -3.8479808e-01] speed=0.0004 ang_speed=0.0020 ang_vel_vec=[-0.00188939 -0.00025243 -0.00070226] |com_force|=0.0000N
### kotek_magnet[tick=9000] sensor3: d=0.5470m in_range=False f_mag=0.000N tau_mag=0.0000Nm misalign_deg=90.0 pos=[-0.10910745 -0.10914605  0.49140108] bottom_world=[-0.1091074  -0.10914593  0.47140108] quat=[-3.8058379e-01 -2.3222829e-06 -2.4145006e-06  9.2474651e-01] speed=0.0004 ang_speed=0.0026 ang_vel_vec=[-0.00015952  0.00251949 -0.00075247] |com_force|=0.0000N
### kotek_magnet[tick=9000] sensor4: d=0.5249m in_range=False f_mag=0.000N tau_mag=0.0000Nm misalign_deg=90.0 pos=[-0.10900012  0.10899851  0.49140224] bottom_world=[-0.10900003  0.10899881  0.47140224] quat=[ 3.826830e-01  7.312702e-07 -7.676558e-06  9.238797e-01] speed=0.0009 ang_speed=0.0017 ang_vel_vec=[-0.00028592 -0.00098477  0.00135814] |com_force|=0.0000N
### kotek_magnet[tick=9060] sensor1: d=0.2725m in_range=False f_mag=0.000N tau_mag=0.0000Nm misalign_deg=60.1 pos=[0.2998128  0.06903917 0.51243836] bottom_world=[0.30977366 0.06085274 0.49714903] quat=[ 0.6581839  -0.34182858 -0.030332    0.67009497] speed=0.0895 ang_speed=7.1185 ang_vel_vec=[-3.5139377  4.3894157  4.365617 ] |com_force|=0.0000N
### kotek_magnet[tick=9060] sensor2: d=0.3208m in_range=False f_mag=0.000N tau_mag=0.0000Nm misalign_deg=90.0 pos=[ 0.10902444 -0.10904735  0.49140102] bottom_world=[ 0.10902464 -0.109047    0.47140102] quat=[ 9.2300081e-01  9.9981162e-06 -1.2863464e-06 -3.8479799e-01] speed=0.0009 ang_speed=0.0014 ang_vel_vec=[-0.00058658  0.00101093 -0.00081334] |com_force|=0.0000N
### kotek_magnet[tick=9060] sensor3: d=0.5470m in_range=False f_mag=0.000N tau_mag=0.0000Nm misalign_deg=90.0 pos=[-0.10910813 -0.10914576  0.4914011 ] bottom_world=[-0.10910787 -0.10914588  0.47140111] quat=[-3.8058394e-01 -4.8804509e-06  5.3563977e-06  9.2474633e-01] speed=0.0009 ang_speed=0.0028 ang_vel_vec=[ 0.0020178   0.00166493 -0.00085861] |com_force|=0.0000N
### kotek_magnet[tick=9060] sensor4: d=0.5249m in_range=False f_mag=0.000N tau_mag=0.0000Nm misalign_deg=90.0 pos=[-0.10900014  0.10899853  0.4914024 ] bottom_world=[-0.10900005  0.10899882  0.47140239] quat=[ 3.8268295e-01  7.1081962e-07 -7.6672832e-06  9.2387968e-01] speed=0.0009 ang_speed=0.0016 ang_vel_vec=[-0.00032201 -0.0009128   0.00131923] |com_force|=0.0000N
### kotek_magnet[tick=9120] sensor1: d=0.2604m in_range=False f_mag=0.000N tau_mag=0.0000Nm misalign_deg=57.8 pos=[0.3055564  0.05918847 0.50746757] bottom_world=[0.3162071  0.05108448 0.49260528] quat=[ 0.6236173  -0.35721195 -0.02902354  0.6947365 ] speed=0.0938 ang_speed=7.0778 ang_vel_vec=[-3.9218166  4.2651286  4.0649633] |com_force|=0.0000N
### kotek_magnet[tick=9120] sensor2: d=0.3208m in_range=False f_mag=0.000N tau_mag=0.0000Nm misalign_deg=90.0 pos=[ 0.10902472 -0.10904673  0.4914011 ] bottom_world=[ 0.10902471 -0.10904657  0.47140111] quat=[ 9.2300081e-01  3.6299061e-06  1.8533631e-06 -3.8479802e-01] speed=0.0004 ang_speed=0.0019 ang_vel_vec=[-1.6996447e-03  8.3394070e-06 -7.6671090e-04] |com_force|=0.0000N
### kotek_magnet[tick=9120] sensor3: d=0.5470m in_range=False f_mag=0.000N tau_mag=0.0000Nm misalign_deg=90.0 pos=[-0.10910815 -0.10914581  0.49140108] bottom_world=[-0.10910789 -0.10914593  0.47140108] quat=[-3.8058403e-01 -4.8860443e-06  5.3353097e-06  9.2474639e-01] speed=0.0009 ang_speed=0.0027 ang_vel_vec=[ 0.00200026  0.00162355 -0.0008991 ] |com_force|=0.0000N
### kotek_magnet[tick=9120] sensor4: d=0.5249m in_range=False f_mag=0.000N tau_mag=0.0000Nm misalign_deg=90.0 pos=[-0.10900018  0.1089984   0.49140236] bottom_world=[-0.10900007  0.10899871  0.47140236] quat=[ 3.8268295e-01  4.2627948e-07 -8.3568884e-06  9.2387968e-01] speed=0.0010 ang_speed=0.0015 ang_vel_vec=[-0.00065432 -0.00035236  0.00131248] |com_force|=0.0000N
### kotek_magnet[tick=9180] sensor1: d=0.2476m in_range=False f_mag=0.000N tau_mag=0.0000Nm misalign_deg=55.5 pos=[0.31087255 0.04829652 0.50229394] bottom_world=[0.3222111  0.04034248 0.48786583] quat=[ 0.58716357 -0.3722162  -0.02742711  0.7182909 ] speed=0.1012 ang_speed=6.9902 ang_vel_vec=[-4.333772   3.994707   3.7581675] |com_force|=0.0000N
### kotek_magnet[tick=9180] sensor2: d=0.3208m in_range=False f_mag=0.000N tau_mag=0.0000Nm misalign_deg=90.0 pos=[ 0.1090247  -0.10904673  0.49140114] bottom_world=[ 0.10902468 -0.10904657  0.47140114] quat=[ 9.230008e-01  3.421168e-06  2.074204e-06 -3.847981e-01] speed=0.0005 ang_speed=0.0018 ang_vel_vec=[-0.00162968 -0.00044396 -0.00065804] |com_force|=0.0000N
### kotek_magnet[tick=9180] sensor3: d=0.5470m in_range=False f_mag=0.000N tau_mag=0.0000Nm misalign_deg=90.0 pos=[-0.10910727 -0.10914578  0.491401  ] bottom_world=[-0.1091072  -0.10914575  0.47140099] quat=[-3.80583405e-01 -1.99181295e-06  1.13598844e-07  9.24746633e-01] speed=0.0002 ang_speed=0.0030 ang_vel_vec=[0.00200703 0.00219237 0.00040339] |com_force|=0.0000N
### kotek_magnet[tick=9180] sensor4: d=0.5249m in_range=False f_mag=0.000N tau_mag=0.0000Nm misalign_deg=90.0 pos=[-0.10900014  0.10899851  0.4914023 ] bottom_world=[-0.10900005  0.10899881  0.4714023 ] quat=[ 3.8268310e-01  7.7886426e-07 -7.7669374e-06  9.2387968e-01] speed=0.0009 ang_speed=0.0019 ang_vel_vec=[-0.00022081 -0.00122303  0.00138662] |com_force|=0.0000N
### kotek_magnet[tick=9240] sensor1: d=0.2348m in_range=False f_mag=0.000N tau_mag=0.0000Nm misalign_deg=53.1 pos=[0.3155352  0.03709225 0.49712747] bottom_world=[0.32755693 0.02937024 0.48313289] quat=[ 0.54911304 -0.38660115 -0.02597919  0.7404995 ] speed=0.1073 ang_speed=6.9020 ang_vel_vec=[-4.766045   3.5976582  3.461063 ] |com_force|=0.0000N
### kotek_magnet[tick=9240] sensor2: d=0.3208m in_range=False f_mag=0.000N tau_mag=0.0000Nm misalign_deg=90.0 pos=[ 0.10902444 -0.10904738  0.49140114] bottom_world=[ 0.10902464 -0.10904702  0.47140114] quat=[ 9.2300093e-01  1.0128166e-05 -1.3444038e-06 -3.8479799e-01] speed=0.0010 ang_speed=0.0013 ang_vel_vec=[-0.00052634  0.00091401 -0.00078835] |com_force|=0.0000N
### kotek_magnet[tick=9240] sensor3: d=0.5470m in_range=False f_mag=0.000N tau_mag=0.0000Nm misalign_deg=90.0 pos=[-0.10910816 -0.10914578  0.49140117] bottom_world=[-0.1091079  -0.10914589  0.47140117] quat=[-3.8058394e-01 -4.8364577e-06  5.1407442e-06  9.2474645e-01] speed=0.0009 ang_speed=0.0026 ang_vel_vec=[ 0.00190823  0.00154836 -0.00084283] |com_force|=0.0000N
### kotek_magnet[tick=9240] sensor4: d=0.5249m in_range=False f_mag=0.000N tau_mag=0.0000Nm misalign_deg=90.0 pos=[-0.10900011  0.10899853  0.4914023 ] bottom_world=[-0.10900002  0.10899883  0.4714023 ] quat=[ 3.8268304e-01  7.5838881e-07 -7.7825762e-06  9.2387968e-01] speed=0.0009 ang_speed=0.0018 ang_vel_vec=[-0.00027565 -0.00110849  0.00134549] |com_force|=0.0000N
### kotek_magnet[tick=9300] sensor1: d=0.2223m in_range=False f_mag=0.000N tau_mag=0.0000Nm misalign_deg=50.8 pos=[0.31940016 0.02561294 0.49210647] bottom_world=[0.33204999 0.01817084 0.47851982] quat=[ 0.5119147  -0.3996728  -0.02440233  0.76000625] speed=0.1251 ang_speed=5.6067 ang_vel_vec=[-4.222396   2.778442   2.4262586] |com_force|=0.0000N
### kotek_magnet[tick=9300] sensor2: d=0.3208m in_range=False f_mag=0.000N tau_mag=0.0000Nm misalign_deg=90.0 pos=[ 0.10902434 -0.10904727  0.49140102] bottom_world=[ 0.10902457 -0.10904692  0.47140102] quat=[ 9.23000813e-01  1.04611345e-05 -2.03430591e-06 -3.84798139e-01] speed=0.0009 ang_speed=0.0028 ang_vel_vec=[-0.00180443  0.00202422 -0.00060374] |com_force|=0.0000N
### kotek_magnet[tick=9300] sensor3: d=0.5470m in_range=False f_mag=0.000N tau_mag=0.0000Nm misalign_deg=90.0 pos=[-0.10910746 -0.10914609  0.491401  ] bottom_world=[-0.10910741 -0.10914596  0.47140099] quat=[-3.8058382e-01 -2.4239237e-06 -2.4036030e-06  9.2474645e-01] speed=0.0004 ang_speed=0.0025 ang_vel_vec=[-0.00016325  0.00234812 -0.00091163] |com_force|=0.0000N
### kotek_magnet[tick=9300] sensor4: d=0.5249m in_range=False f_mag=0.000N tau_mag=0.0000Nm misalign_deg=90.0 pos=[-0.10900012  0.1089985   0.49140242] bottom_world=[-0.10900003  0.1089988   0.47140242] quat=[ 3.8268298e-01  7.9843261e-07 -7.8121329e-06  9.2387968e-01] speed=0.0010 ang_speed=0.0023 ang_vel_vec=[-3.0787567e-05 -1.9538298e-03  1.1482111e-03] |com_force|=0.0000N
### kotek_magnet[tick=9360] sensor1: d=0.2096m in_range=False f_mag=0.000N tau_mag=0.0000Nm misalign_deg=48.4 pos=[0.32283413 0.01351942 0.48709956] bottom_world=[0.33611106 0.0064411  0.47392304] quat=[ 0.47440934 -0.41232437 -0.02399344  0.7773987 ] speed=0.1073 ang_speed=7.3223 ang_vel_vec=[-5.54896    3.3346648  3.4211755] |com_force|=0.0000N
### kotek_magnet[tick=9360] sensor2: d=0.3208m in_range=False f_mag=0.000N tau_mag=0.0000Nm misalign_deg=90.0 pos=[ 0.10902444 -0.10904737  0.49140102] bottom_world=[ 0.10902464 -0.10904703  0.47140102] quat=[ 9.2300087e-01  9.7519260e-06 -1.2271903e-06 -3.8479805e-01] speed=0.0010 ang_speed=0.0009 ang_vel_vec=[-0.00016631  0.00055793 -0.0006818 ] |com_force|=0.0000N
### kotek_magnet[tick=9360] sensor3: d=0.5470m in_range=False f_mag=0.000N tau_mag=0.0000Nm misalign_deg=90.0 pos=[-0.10910812 -0.10914581  0.4914011 ] bottom_world=[-0.10910786 -0.10914593  0.47140111] quat=[-3.8058400e-01 -4.8749516e-06  5.2431187e-06  9.2474639e-01] speed=0.0009 ang_speed=0.0028 ang_vel_vec=[ 0.00205647  0.00169939 -0.00071878] |com_force|=0.0000N
### kotek_magnet[tick=9360] sensor4: d=0.5249m in_range=False f_mag=0.000N tau_mag=0.0000Nm misalign_deg=90.0 pos=[-0.10900015  0.10899846  0.49140236] bottom_world=[-0.10900005  0.10899876  0.47140236] quat=[ 3.8268304e-01  6.9703003e-07 -7.9376741e-06  9.2387974e-01] speed=0.0010 ang_speed=0.0019 ang_vel_vec=[-0.0002539  -0.00125648  0.00143338] |com_force|=0.0000N
### kotek_magnet[tick=9420] sensor1: d=0.1972m in_range=False f_mag=0.000N tau_mag=0.0000Nm misalign_deg=46.1 pos=[0.32542995 0.00133891 0.48220974] bottom_world=[ 0.33930203 -0.00533521  0.46944176] quat=[ 0.4357899  -0.42458838 -0.02291555  0.79327595] speed=0.1370 ang_speed=6.1217 ang_vel_vec=[-5.2399073  2.1883545  2.2869751] |com_force|=0.0000N
### kotek_magnet[tick=9420] sensor2: d=0.3208m in_range=False f_mag=0.000N tau_mag=0.0000Nm misalign_deg=90.0 pos=[ 0.1090243  -0.10904729  0.49140108] bottom_world=[ 0.10902452 -0.10904695  0.47140108] quat=[ 9.2300069e-01  9.9027984e-06 -1.7233212e-06 -3.8479826e-01] speed=0.0009 ang_speed=0.0022 ang_vel_vec=[-0.00151986  0.00155002 -0.00028997] |com_force|=0.0000N
### kotek_magnet[tick=9420] sensor3: d=0.5470m in_range=False f_mag=0.000N tau_mag=0.0000Nm misalign_deg=90.0 pos=[-0.10910813 -0.10914579  0.49140117] bottom_world=[-0.10910787 -0.1091459   0.47140117] quat=[-3.8058391e-01 -4.8455959e-06  4.9568603e-06  9.2474651e-01] speed=0.0009 ang_speed=0.0024 ang_vel_vec=[ 0.00169083  0.00148691 -0.00069129] |com_force|=0.0000N
### kotek_magnet[tick=9420] sensor4: d=0.5249m in_range=False f_mag=0.000N tau_mag=0.0000Nm misalign_deg=90.0 pos=[-0.10900012  0.10899849  0.4914024 ] bottom_world=[-0.10900002  0.1089988   0.47140239] quat=[ 3.8268313e-01  6.7982035e-07 -7.9865549e-06  9.2387974e-01] speed=0.0010 ang_speed=0.0019 ang_vel_vec=[-0.00039023 -0.00110698  0.00148567] |com_force|=0.0000N
### kotek_magnet[tick=9480] sensor1: d=0.1848m in_range=False f_mag=0.000N tau_mag=0.0000Nm misalign_deg=43.8 pos=[ 0.32735127 -0.0113278   0.47728333] bottom_world=[ 0.34179168 -0.0175493   0.46492341] quat=[ 0.39588383 -0.4365143  -0.0213852   0.8076347 ] speed=0.1476 ang_speed=6.1284 ang_vel_vec=[-5.4267526  1.9635758  2.0621529] |com_force|=0.0000N
### kotek_magnet[tick=9480] sensor2: d=0.3208m in_range=False f_mag=0.000N tau_mag=0.0000Nm misalign_deg=90.0 pos=[ 0.10902434 -0.10904729  0.49140114] bottom_world=[ 0.10902455 -0.10904696  0.47140114] quat=[ 9.2300075e-01  9.6842332e-06 -1.8097467e-06 -3.8479832e-01] speed=0.0009 ang_speed=0.0020 ang_vel_vec=[-0.00122099  0.00154475 -0.00029541] |com_force|=0.0000N
### kotek_magnet[tick=9480] sensor3: d=0.5470m in_range=False f_mag=0.000N tau_mag=0.0000Nm misalign_deg=90.0 pos=[-0.10910814 -0.10914583  0.491401  ] bottom_world=[-0.1091079  -0.10914593  0.47140099] quat=[-3.8058391e-01 -4.6014843e-06  4.7463191e-06  9.2474639e-01] speed=0.0009 ang_speed=0.0023 ang_vel_vec=[ 0.00180467  0.00128673 -0.00067789] |com_force|=0.0000N
### kotek_magnet[tick=9480] sensor4: d=0.5249m in_range=False f_mag=0.000N tau_mag=0.0000Nm misalign_deg=90.0 pos=[-0.10900015  0.10899847  0.4914024 ] bottom_world=[-0.10900003  0.10899879  0.47140239] quat=[ 3.8268313e-01  4.2863195e-07 -8.3952464e-06  9.2387962e-01] speed=0.0010 ang_speed=0.0017 ang_vel_vec=[-8.6967269e-04 -4.7817106e-05  1.4676870e-03] |com_force|=0.0000N
### kotek_magnet[tick=9540] sensor1: d=0.1730m in_range=False f_mag=0.000N tau_mag=0.0000Nm misalign_deg=41.5 pos=[ 0.32858247 -0.02380797  0.47251886] bottom_world=[ 0.34355631 -0.02952887  0.46055829] quat=[ 0.35590786 -0.4478692  -0.0199736   0.8199658 ] speed=0.1539 ang_speed=6.2804 ang_vel_vec=[-5.740186   1.7286303  1.87219  ] |com_force|=0.0000N
### kotek_magnet[tick=9540] sensor2: d=0.3208m in_range=False f_mag=0.000N tau_mag=0.0000Nm misalign_deg=90.0 pos=[ 0.10902446 -0.10904736  0.491401  ] bottom_world=[ 0.10902465 -0.10904702  0.47140099] quat=[ 9.2300087e-01  9.6510566e-06 -1.1219925e-06 -3.8479799e-01] speed=0.0009 ang_speed=0.0009 ang_vel_vec=[ 0.00014249  0.00031906 -0.00079599] |com_force|=0.0000N
### kotek_magnet[tick=9540] sensor3: d=0.5470m in_range=False f_mag=0.000N tau_mag=0.0000Nm misalign_deg=90.0 pos=[-0.10910811 -0.10914579  0.49140102] bottom_world=[-0.10910787 -0.10914589  0.47140102] quat=[-3.8058409e-01 -4.7091789e-06  4.6602381e-06  9.2474633e-01] speed=0.0009 ang_speed=0.0023 ang_vel_vec=[ 0.00169415  0.00125238 -0.00084371] |com_force|=0.0000N
### kotek_magnet[tick=9540] sensor4: d=0.5249m in_range=False f_mag=0.000N tau_mag=0.0000Nm misalign_deg=90.0 pos=[-0.10900033  0.10899873  0.49140233] bottom_world=[-0.10900018  0.10899903  0.47140233] quat=[ 3.8268277e-01 -6.2791128e-07 -8.2309807e-06  9.2387992e-01] speed=0.0006 ang_speed=0.0047 ang_vel_vec=[-0.00160906  0.00435889  0.00043201] |com_force|=0.0000N
### kotek_magnet[tick=9600] sensor1: d=0.1611m in_range=False f_mag=0.000N tau_mag=0.0000Nm misalign_deg=39.2 pos=[ 0.3291986  -0.03699216  0.46773547] bottom_world=[ 0.3446902  -0.04215956  0.45618955] quat=[ 0.31432238 -0.45936576 -0.01830561  0.8305717 ] speed=0.1627 ang_speed=6.5026 ang_vel_vec=[-6.094242   1.4646232  1.7316273] |com_force|=0.0000N
### kotek_magnet[tick=9600] sensor2: d=0.3208m in_range=False f_mag=0.000N tau_mag=0.0000Nm misalign_deg=90.0 pos=[ 0.10902454 -0.10904644  0.491401  ] bottom_world=[ 0.10902457 -0.1090463   0.47140099] quat=[ 9.2300069e-01  3.5916116e-06  6.9888023e-07 -3.8479841e-01] speed=0.0001 ang_speed=0.0011 ang_vel_vec=[-6.058870e-04  9.304686e-04  3.569866e-05] |com_force|=0.0000N
### kotek_magnet[tick=9600] sensor3: d=0.5470m in_range=False f_mag=0.000N tau_mag=0.0000Nm misalign_deg=90.0 pos=[-0.10910743 -0.1091461   0.4914011 ] bottom_world=[-0.10910739 -0.10914597  0.47140111] quat=[-3.8058388e-01 -2.2954948e-06 -2.5587767e-06  9.2474645e-01] speed=0.0004 ang_speed=0.0024 ang_vel_vec=[-0.00010217  0.00221004 -0.00097758] |com_force|=0.0000N
### kotek_magnet[tick=9600] sensor4: d=0.5249m in_range=False f_mag=0.000N tau_mag=0.0000Nm misalign_deg=90.0 pos=[-0.10900013  0.10899848  0.4914023 ] bottom_world=[-0.10900003  0.10899878  0.4714023 ] quat=[ 3.8268295e-01  6.4186054e-07 -8.0517530e-06  9.2387974e-01] speed=0.0010 ang_speed=0.0018 ang_vel_vec=[-0.00024994 -0.0013649   0.00107188] |com_force|=0.0000N
### kotek_magnet[tick=9660] sensor1: d=0.1501m in_range=False f_mag=0.000N tau_mag=0.0000Nm misalign_deg=37.1 pos=[ 0.329158   -0.05010531  0.46326262] bottom_world=[ 0.34511727 -0.05471056  0.45212288] quat=[ 0.27384326 -0.4703623  -0.01630332  0.8387511 ] speed=0.1634 ang_speed=6.6995 ang_vel_vec=[-6.3984823  1.1788695  1.5979135] |com_force|=0.0000N
### kotek_magnet[tick=9660] sensor2: d=0.3208m in_range=False f_mag=0.000N tau_mag=0.0000Nm misalign_deg=90.0 pos=[ 0.10902472 -0.10904674  0.49140102] bottom_world=[ 0.1090247  -0.10904658  0.47140102] quat=[ 9.2300081e-01  3.5933258e-06  1.9379636e-06 -3.8479802e-01] speed=0.0005 ang_speed=0.0015 ang_vel_vec=[-1.3040992e-03 -8.6945547e-05 -6.7401631e-04] |com_force|=0.0000N
### kotek_magnet[tick=9660] sensor3: d=0.5470m in_range=False f_mag=0.000N tau_mag=0.0000Nm misalign_deg=90.0 pos=[-0.10910801 -0.10914575  0.49140108] bottom_world=[-0.10910777 -0.10914587  0.47140108] quat=[-3.8058376e-01 -4.4448857e-06  5.1007733e-06  9.2474645e-01] speed=0.0009 ang_speed=0.0035 ang_vel_vec=[ 0.00252685  0.00242487 -0.0004634 ] |com_force|=0.0000N
### kotek_magnet[tick=9660] sensor4: d=0.5249m in_range=False f_mag=0.000N tau_mag=0.0000Nm misalign_deg=90.0 pos=[-0.10900013  0.10899843  0.4914024 ] bottom_world=[-0.10900002  0.10899875  0.47140239] quat=[ 3.826831e-01  5.568671e-07 -8.417423e-06  9.238797e-01] speed=0.0010 ang_speed=0.0018 ang_vel_vec=[-0.00041372 -0.00112742  0.00136192] |com_force|=0.0000N
### kotek_magnet[tick=9720] sensor1: d=0.1401m in_range=False f_mag=0.000N tau_mag=0.0000Nm misalign_deg=34.9 pos=[ 0.3286609  -0.06275369  0.459087  ] bottom_world=[ 0.34505574 -0.06676226  0.44835664] quat=[ 0.23325586 -0.4811841  -0.01423219  0.84489703] speed=0.1706 ang_speed=6.9075 ang_vel_vec=[-6.6827393  0.8715621  1.5150014] |com_force|=0.0000N
### kotek_magnet[tick=9720] sensor2: d=0.3208m in_range=False f_mag=0.000N tau_mag=0.0000Nm misalign_deg=90.0 pos=[ 0.10902446 -0.10904739  0.49140105] bottom_world=[ 0.10902465 -0.10904705  0.47140105] quat=[ 9.2300087e-01  9.6379017e-06 -1.1219212e-06 -3.8479805e-01] speed=0.0010 ang_speed=0.0006 ang_vel_vec=[ 0.00021333  0.0001587  -0.00057913] |com_force|=0.0000N
### kotek_magnet[tick=9720] sensor3: d=0.5470m in_range=False f_mag=0.000N tau_mag=0.0000Nm misalign_deg=90.0 pos=[-0.10910814 -0.10914581  0.49140108] bottom_world=[-0.1091079  -0.1091459   0.47140108] quat=[-3.8058400e-01 -4.5890574e-06  4.5144316e-06  9.2474645e-01] speed=0.0009 ang_speed=0.0020 ang_vel_vec=[ 0.00155486  0.00111855 -0.00062561] |com_force|=0.0000N
### kotek_magnet[tick=9720] sensor4: d=0.5249m in_range=False f_mag=0.000N tau_mag=0.0000Nm misalign_deg=90.0 pos=[-0.10900032  0.10899872  0.4914023 ] bottom_world=[-0.10900016  0.10899902  0.4714023 ] quat=[ 3.8268280e-01 -6.7891870e-07 -8.3708192e-06  9.2387986e-01] speed=0.0006 ang_speed=0.0047 ang_vel_vec=[-0.00169326  0.00431266  0.00063578] |com_force|=0.0000N
### kotek_magnet[tick=9780] sensor1: d=0.1306m in_range=False f_mag=0.000N tau_mag=0.0000Nm misalign_deg=32.9 pos=[ 0.32751593 -0.07599232  0.45501715] bottom_world=[ 0.34431329 -0.07939069  0.44470697] quat=[ 0.19222155 -0.49205384 -0.01133571  0.84900254] speed=0.1717 ang_speed=7.0414 ang_vel_vec=[-6.886906    0.51178825  1.3745811 ] |com_force|=0.0000N
### kotek_magnet[tick=9780] sensor2: d=0.3208m in_range=False f_mag=0.000N tau_mag=0.0000Nm misalign_deg=90.0 pos=[ 0.10902449 -0.10904579  0.49140102] bottom_world=[ 0.10902442 -0.10904583  0.47140102] quat=[ 9.2300045e-01 -1.6676619e-06  1.0145395e-06 -3.8479882e-01] speed=0.0009 ang_speed=0.0025 ang_vel_vec=[-0.0006953   0.00210255  0.00116608] |com_force|=0.0000N
### kotek_magnet[tick=9780] sensor3: d=0.5470m in_range=False f_mag=0.000N tau_mag=0.0000Nm misalign_deg=90.0 pos=[-0.10910746 -0.10914616  0.49140105] bottom_world=[-0.10910741 -0.10914603  0.47140105] quat=[-3.8058388e-01 -2.2848353e-06 -2.5869178e-06  9.2474639e-01] speed=0.0004 ang_speed=0.0024 ang_vel_vec=[ 1.5694359e-06  2.1419753e-03 -1.0690815e-03] |com_force|=0.0000N
### kotek_magnet[tick=9780] sensor4: d=0.5249m in_range=False f_mag=0.000N tau_mag=0.0000Nm misalign_deg=90.0 pos=[-0.10900017  0.10899843  0.4914023 ] bottom_world=[-0.10900006  0.10899874  0.4714023 ] quat=[ 3.8268295e-01  5.6085611e-07 -8.2727584e-06  9.2387968e-01] speed=0.0010 ang_speed=0.0016 ang_vel_vec=[-0.0002713  -0.00126047  0.00098291] |com_force|=0.0000N
### kotek_magnet[tick=9840] sensor1: d=0.1225m in_range=False f_mag=0.000N tau_mag=0.0000Nm misalign_deg=30.9 pos=[ 0.32593316 -0.08888688  0.45128596] bottom_world=[ 0.34309953 -0.09165666  0.44140445] quat=[ 0.15114371 -0.5028908  -0.00794876  0.8509954 ] speed=0.1737 ang_speed=7.1832 ang_vel_vec=[-7.0647893   0.14582464  1.2909071 ] |com_force|=0.0000N
### kotek_magnet[tick=9840] sensor2: d=0.3208m in_range=False f_mag=0.000N tau_mag=0.0000Nm misalign_deg=90.0 pos=[ 0.10902452 -0.10904573  0.49140102] bottom_world=[ 0.10902445 -0.10904577  0.47140102] quat=[ 9.2300045e-01 -1.6276575e-06  1.0376323e-06 -3.8479894e-01] speed=0.0009 ang_speed=0.0024 ang_vel_vec=[-0.00051536  0.00186249  0.00139818] |com_force|=0.0000N
### kotek_magnet[tick=9840] sensor3: d=0.5470m in_range=False f_mag=0.000N tau_mag=0.0000Nm misalign_deg=90.0 pos=[-0.10910812 -0.10914583  0.491401  ] bottom_world=[-0.10910787 -0.10914593  0.47140099] quat=[-3.8058403e-01 -4.6952073e-06  4.7022227e-06  9.2474633e-01] speed=0.0009 ang_speed=0.0022 ang_vel_vec=[ 0.00160369  0.0011594  -0.00089795] |com_force|=0.0000N
### kotek_magnet[tick=9840] sensor4: d=0.5249m in_range=False f_mag=0.000N tau_mag=0.0000Nm misalign_deg=90.0 pos=[-0.10900038  0.10899841  0.4914023 ] bottom_world=[-0.10900017  0.10899875  0.4714023 ] quat=[ 3.8268289e-01 -1.5593541e-06 -9.9363679e-06  9.2387974e-01] speed=0.0009 ang_speed=0.0033 ang_vel_vec=[0.00038307 0.00322748 0.0004889 ] |com_force|=0.0000N
### kotek_magnet[tick=9900] sensor1: d=0.1158m in_range=False f_mag=0.000N tau_mag=0.0000Nm misalign_deg=29.0 pos=[ 0.32388002 -0.10154128  0.44793352] bottom_world=[ 0.34137269 -0.10369712  0.43848055] quat=[ 0.11112528 -0.51348    -0.00371939  0.8508675 ] speed=0.1746 ang_speed=7.2957 ang_vel_vec=[-7.192989   -0.22992292  1.1977421 ] |com_force|=0.0000N
### kotek_magnet[tick=9900] sensor2: d=0.3208m in_range=False f_mag=0.000N tau_mag=0.0000Nm misalign_deg=90.0 pos=[ 0.1090245  -0.10904571  0.49140102] bottom_world=[ 0.10902445 -0.10904576  0.47140102] quat=[ 9.2300040e-01 -1.5354017e-06  9.0065362e-07 -3.8479891e-01] speed=0.0009 ang_speed=0.0025 ang_vel_vec=[-0.00057691  0.00202945  0.00141227] |com_force|=0.0000N
### kotek_magnet[tick=9900] sensor3: d=0.5470m in_range=False f_mag=0.000N tau_mag=0.0000Nm misalign_deg=90.0 pos=[-0.10910814 -0.10914583  0.49140096] bottom_world=[-0.10910789 -0.10914593  0.47140096] quat=[-3.8058412e-01 -4.7201866e-06  4.8103093e-06  9.2474633e-01] speed=0.0009 ang_speed=0.0021 ang_vel_vec=[ 0.00159439  0.00110106 -0.0008765 ] |com_force|=0.0000N
### kotek_magnet[tick=9900] sensor4: d=0.5249m in_range=False f_mag=0.000N tau_mag=0.0000Nm misalign_deg=90.0 pos=[-0.10900018  0.10899849  0.4914023 ] bottom_world=[-0.10900007  0.1089988   0.4714023 ] quat=[ 3.8268298e-01  5.9800510e-07 -8.1116850e-06  9.2387980e-01] speed=0.0010 ang_speed=0.0017 ang_vel_vec=[-0.00027872 -0.00112552  0.00122581] |com_force|=0.0000N
### kotek_magnet[tick=9960] sensor1: d=0.1106m in_range=False f_mag=0.000N tau_mag=0.0000Nm misalign_deg=27.2 pos=[ 0.32131386 -0.11422681  0.44479963] bottom_world=[ 0.33910101 -0.1157652   0.43578572] quat=[ 0.07077946 -0.5240703   0.00160979  0.84872735] speed=0.1786 ang_speed=7.3439 ang_vel_vec=[-7.242227  -0.5958891  1.0617838] |com_force|=0.0000N
### kotek_magnet[tick=9960] sensor2: d=0.3208m in_range=False f_mag=0.000N tau_mag=0.0000Nm misalign_deg=90.0 pos=[ 0.10902435 -0.10904726  0.49140102] bottom_world=[ 0.10902456 -0.10904693  0.47140102] quat=[ 9.2300081e-01  9.7620405e-06 -1.7705559e-06 -3.8479814e-01] speed=0.0009 ang_speed=0.0016 ang_vel_vec=[-0.00089629  0.0012062  -0.00064225] |com_force|=0.0000N
### kotek_magnet[tick=9960] sensor3: d=0.5470m in_range=False f_mag=0.000N tau_mag=0.0000Nm misalign_deg=90.0 pos=[-0.10910802 -0.10914575  0.491401  ] bottom_world=[-0.10910779 -0.10914587  0.47140099] quat=[-3.8058388e-01 -4.3544269e-06  5.0276944e-06  9.2474645e-01] speed=0.0009 ang_speed=0.0033 ang_vel_vec=[ 0.00244161  0.00218331 -0.0006981 ] |com_force|=0.0000N
### kotek_magnet[tick=9960] sensor4: d=0.5249m in_range=False f_mag=0.000N tau_mag=0.0000Nm misalign_deg=90.0 pos=[-0.10900016  0.10899844  0.49140233] bottom_world=[-0.10900005  0.10899876  0.47140233] quat=[ 3.8268289e-01  5.5141555e-07 -8.3383293e-06  9.2387974e-01] speed=0.0010 ang_speed=0.0016 ang_vel_vec=[-0.00029452 -0.00107932  0.00110375] |com_force|=0.0000N
### kotek_magnet[tick=10020] sensor1: d=0.1074m in_range=False f_mag=0.000N tau_mag=0.0000Nm misalign_deg=25.6 pos=[ 0.31837386 -0.12647437  0.44212   ] bottom_world=[ 0.33641738 -0.12741893  0.43354448] quat=[ 0.03152897 -0.53436714  0.00801064  0.8446263 ] speed=0.1827 ang_speed=7.3953 ang_vel_vec=[-7.27206    -0.9490758   0.95213544] |com_force|=0.0000N
### kotek_magnet[tick=10020] sensor2: d=0.3208m in_range=False f_mag=0.000N tau_mag=0.0000Nm misalign_deg=90.0 pos=[ 0.10902449 -0.10904576  0.49140105] bottom_world=[ 0.10902443 -0.1090458   0.47140105] quat=[ 9.2300045e-01 -1.4875995e-06  9.4425354e-07 -3.8479903e-01] speed=0.0009 ang_speed=0.0026 ang_vel_vec=[-0.0008471   0.00205323  0.00142399] |com_force|=0.0000N
### kotek_magnet[tick=10020] sensor3: d=0.5470m in_range=False f_mag=0.000N tau_mag=0.0000Nm misalign_deg=90.0 pos=[-0.10910814 -0.10914586  0.49140117] bottom_world=[-0.10910789 -0.10914597  0.47140117] quat=[-3.805839e-01 -4.666784e-06  4.724649e-06  9.247464e-01] speed=0.0009 ang_speed=0.0018 ang_vel_vec=[ 0.00125896  0.00086242 -0.00086526] |com_force|=0.0000N
### kotek_magnet[tick=10020] sensor4: d=0.5249m in_range=False f_mag=0.000N tau_mag=0.0000Nm misalign_deg=90.0 pos=[-0.10900039  0.1089984   0.49140236] bottom_world=[-0.10900019  0.10899874  0.47140236] quat=[ 3.8268295e-01 -1.3985278e-06 -9.6454387e-06  9.2387980e-01] speed=0.0009 ang_speed=0.0030 ang_vel_vec=[0.00033389 0.00298573 0.00051704] |com_force|=0.0000N
### kotek_magnet[tick=10080] sensor1: d=0.1061m in_range=False f_mag=0.000N tau_mag=0.0000Nm misalign_deg=24.1 pos=[ 0.31507486 -0.13820586  0.4399113 ] bottom_world=[ 0.33333139 -0.13861844  0.43175478] quat=[-0.00506277 -0.54391557  0.0155765   0.8389802 ] speed=0.1819 ang_speed=7.4122 ang_vel_vec=[-7.244506   -1.3129985   0.85663176] |com_force|=0.0000N
### kotek_magnet[tick=10080] sensor2: d=0.3208m in_range=False f_mag=0.000N tau_mag=0.0000Nm misalign_deg=90.0 pos=[ 0.10902448 -0.10904577  0.49140096] bottom_world=[ 0.10902442 -0.10904581  0.47140096] quat=[ 9.2300045e-01 -1.5444019e-06  9.9776253e-07 -3.8479888e-01] speed=0.0009 ang_speed=0.0025 ang_vel_vec=[-0.00060359  0.00196087  0.00146783] |com_force|=0.0000N
### kotek_magnet[tick=10080] sensor3: d=0.5470m in_range=False f_mag=0.000N tau_mag=0.0000Nm misalign_deg=90.0 pos=[-0.10910802 -0.10914579  0.49140102] bottom_world=[-0.10910779 -0.10914591  0.47140102] quat=[-3.8058364e-01 -4.3227528e-06  4.9394280e-06  9.2474645e-01] speed=0.0009 ang_speed=0.0031 ang_vel_vec=[ 0.00223605  0.00202983 -0.0004987 ] |com_force|=0.0000N
### kotek_magnet[tick=10080] sensor4: d=0.5249m in_range=False f_mag=0.000N tau_mag=0.0000Nm misalign_deg=90.0 pos=[-0.10900033  0.10899863  0.4914024 ] bottom_world=[-0.10900018  0.10899893  0.47140239] quat=[ 3.8268274e-01 -6.3610190e-07 -8.3576169e-06  9.2387980e-01] speed=0.0006 ang_speed=0.0045 ang_vel_vec=[-0.00154562  0.00417693  0.00042621] |com_force|=0.0000N
### kotek_magnet[tick=10140] sensor1: d=0.1059m in_range=False f_mag=0.000N tau_mag=0.0000Nm misalign_deg=24.0 pos=[ 0.310209  -0.14598    0.4360943] bottom_world=[ 0.32847521 -0.14639494  0.42795958] quat=[-0.01148395 -0.5442782   0.01982361  0.838592  ] speed=0.1571 ang_speed=8.0419 ang_vel_vec=[-7.9730544  -0.9791255   0.37964296] |com_force|=0.0000N
### kotek_magnet[tick=10140] sensor2: d=0.3208m in_range=False f_mag=0.000N tau_mag=0.0000Nm misalign_deg=90.0 pos=[ 0.10902444 -0.10904738  0.49140093] bottom_world=[ 0.10902463 -0.10904705  0.47140093] quat=[ 9.2300087e-01  9.5843598e-06 -1.1700122e-06 -3.8479796e-01] speed=0.0010 ang_speed=0.0010 ang_vel_vec=[ 0.00058334 -0.00010962 -0.00084033] |com_force|=0.0000N
### kotek_magnet[tick=10140] sensor3: d=0.5470m in_range=False f_mag=0.000N tau_mag=0.0000Nm misalign_deg=90.0 pos=[-0.10910813 -0.10914584  0.49140105] bottom_world=[-0.10910789 -0.10914593  0.47140105] quat=[-3.8058412e-01 -4.4894150e-06  4.3808463e-06  9.2474633e-01] speed=0.0009 ang_speed=0.0014 ang_vel_vec=[ 0.00099231  0.00048485 -0.00085907] |com_force|=0.0000N
### kotek_magnet[tick=10140] sensor4: d=0.5249m in_range=False f_mag=0.000N tau_mag=0.0000Nm misalign_deg=90.0 pos=[-0.10900004  0.10900021  0.49140227] bottom_world=[-0.10900027  0.10900006  0.47140227] quat=[3.8268206e-01 3.8692760e-06 5.7486277e-06 9.2388010e-01] speed=0.0010 ang_speed=0.0028 ang_vel_vec=[ 0.00195019 -0.00182433 -0.00088265] |com_force|=0.0000N
### kotek_magnet[tick=10200] sensor1: d=0.0946m in_range=True f_mag=1.683N tau_mag=0.0019Nm misalign_deg=24.2 pos=[ 0.31430435 -0.14874259  0.42446318] bottom_world=[ 0.33254768 -0.1492101   0.41628012] quat=[-0.00904018 -0.5431688   0.01977524  0.839342  ] speed=0.1741 ang_speed=7.0767 ang_vel_vec=[-6.801664  -0.5471533  1.8756322] |com_force|=0.3398N
### kotek_magnet[tick=10200] sensor2: d=0.3208m in_range=False f_mag=0.000N tau_mag=0.0000Nm misalign_deg=90.0 pos=[ 0.10902472 -0.10904677  0.4914009 ] bottom_world=[ 0.10902471 -0.10904661  0.4714009 ] quat=[ 9.2300081e-01  3.7217781e-06  1.8250713e-06 -3.8479799e-01] speed=0.0005 ang_speed=0.0014 ang_vel_vec=[-1.1641460e-03  8.0039150e-05 -7.1826286e-04] |com_force|=0.0000N
### kotek_magnet[tick=10200] sensor3: d=0.5470m in_range=False f_mag=0.000N tau_mag=0.0000Nm misalign_deg=90.0 pos=[-0.10910811 -0.10914588  0.49140105] bottom_world=[-0.10910787 -0.10914597  0.47140105] quat=[-3.8058412e-01 -4.6129708e-06  4.4304193e-06  9.2474639e-01] speed=0.0009 ang_speed=0.0015 ang_vel_vec=[ 0.00110315  0.00068905 -0.00080545] |com_force|=0.0000N
### kotek_magnet[tick=10200] sensor4: d=0.5249m in_range=False f_mag=0.000N tau_mag=0.0000Nm misalign_deg=90.0 pos=[-0.10900003  0.10900015  0.49140224] bottom_world=[-0.10900026  0.109       0.47140224] quat=[3.8268214e-01 3.8873263e-06 5.5441778e-06 9.2388016e-01] speed=0.0010 ang_speed=0.0024 ang_vel_vec=[ 0.00163861 -0.00157297 -0.00082506] |com_force|=0.0000N
### kotek_magnet[tick=10260] sensor1: d=0.0697m in_range=True f_mag=1.375N tau_mag=0.0013Nm misalign_deg=23.9 pos=[ 0.32863805 -0.15300703  0.40313545] bottom_world=[ 0.34692947 -0.1533741   0.39505528] quat=[-0.01125376 -0.5455837   0.01828226  0.8377813 ] speed=0.1720 ang_speed=7.1545 ang_vel_vec=[-6.9229593 -1.1039252  1.4286054] |com_force|=0.3567N
### kotek_magnet[tick=10260] sensor2: d=0.3208m in_range=False f_mag=0.000N tau_mag=0.0000Nm misalign_deg=90.0 pos=[ 0.10902437 -0.10904731  0.49140093] bottom_world=[ 0.10902458 -0.10904698  0.47140093] quat=[ 9.2300069e-01  9.5428068e-06 -1.7790371e-06 -3.8479820e-01] speed=0.0009 ang_speed=0.0012 ang_vel_vec=[-0.00061032  0.00099311 -0.00040586] |com_force|=0.0000N
### kotek_magnet[tick=10260] sensor3: d=0.5470m in_range=False f_mag=0.000N tau_mag=0.0000Nm misalign_deg=90.0 pos=[-0.10910809 -0.10914589  0.49140105] bottom_world=[-0.10910786 -0.10914597  0.47140105] quat=[-3.8058403e-01 -4.4707785e-06  4.0069649e-06  9.2474639e-01] speed=0.0009 ang_speed=0.0013 ang_vel_vec=[ 0.00096989  0.00046863 -0.0007888 ] |com_force|=0.0000N
### kotek_magnet[tick=10260] sensor4: d=0.5249m in_range=False f_mag=0.000N tau_mag=0.0000Nm misalign_deg=90.0 pos=[-0.10900003  0.10900009  0.4914024 ] bottom_world=[-0.10900025  0.10899996  0.47140239] quat=[3.8268203e-01 3.7332072e-06 5.1001830e-06 9.2388016e-01] speed=0.0009 ang_speed=0.0020 ang_vel_vec=[ 0.00138724 -0.00118888 -0.00071397] |com_force|=0.0000N
### kotek_magnet[tick=10320] sensor1: d=0.0538m in_range=True f_mag=1.046N tau_mag=0.0010Nm misalign_deg=23.5 pos=[ 0.33874395 -0.15569343  0.38978374] bottom_world=[ 0.3570826  -0.15597311  0.38180778] quat=[-0.01496176 -0.5479698   0.01816718  0.83616704] speed=0.1739 ang_speed=8.5810 ang_vel_vec=[-8.4623165 -1.226888   0.719921 ] |com_force|=0.3287N
### kotek_magnet[tick=10320] sensor2: d=0.3208m in_range=False f_mag=0.000N tau_mag=0.0000Nm misalign_deg=90.0 pos=[ 0.10902447 -0.10904568  0.49140096] bottom_world=[ 0.10902441 -0.10904572  0.47140096] quat=[ 9.2300045e-01 -1.4793748e-06  9.6236408e-07 -3.8479906e-01] speed=0.0009 ang_speed=0.0027 ang_vel_vec=[-0.00089074  0.00213401  0.00148469] |com_force|=0.0000N
### kotek_magnet[tick=10320] sensor3: d=0.5470m in_range=False f_mag=0.000N tau_mag=0.0000Nm misalign_deg=90.0 pos=[-0.10910802 -0.10914569  0.49140102] bottom_world=[-0.10910778 -0.10914582  0.47140102] quat=[-3.8058373e-01 -4.3581399e-06  5.3367153e-06  9.2474651e-01] speed=0.0009 ang_speed=0.0032 ang_vel_vec=[ 0.00230651  0.00214988 -0.00045607] |com_force|=0.0000N
### kotek_magnet[tick=10320] sensor4: d=0.5249m in_range=False f_mag=0.000N tau_mag=0.0000Nm misalign_deg=90.0 pos=[-0.10900033  0.10899953  0.49140233] bottom_world=[-0.10900032  0.10899958  0.47140233] quat=[ 3.8268223e-01  4.2639303e-07 -1.3493441e-06  9.2388010e-01] speed=0.0005 ang_speed=0.0020 ang_vel_vec=[ 0.00171748  0.00071768 -0.00076824] |com_force|=0.0000N
### still playing, 1220s left
### kotek_magnet[tick=10380] sensor1: d=0.0130m in_range=True f_mag=0.206N tau_mag=0.0001Nm misalign_deg=13.7 pos=[ 0.3710658  -0.15084898  0.3635879 ] bottom_world=[ 0.39049268 -0.15056331  0.35884294] quat=[ 0.01856738 -0.6171035  -0.02365475  0.78630716] speed=0.0171 ang_speed=0.0777 ang_vel_vec=[ 0.03313121 -0.0700983  -0.0048879 ] |com_force|=0.4591N
### kotek_magnet[tick=10380] sensor2: d=0.3208m in_range=False f_mag=0.000N tau_mag=0.0000Nm misalign_deg=90.0 pos=[ 0.10902444 -0.10904734  0.49140096] bottom_world=[ 0.10902463 -0.109047    0.47140096] quat=[ 9.2300087e-01  9.7240918e-06 -1.1790703e-06 -3.8479784e-01] speed=0.0010 ang_speed=0.0009 ang_vel_vec=[ 2.9251957e-04  7.6261334e-05 -8.5646060e-04] |com_force|=0.0000N
### kotek_magnet[tick=10380] sensor3: d=0.5470m in_range=False f_mag=0.000N tau_mag=0.0000Nm misalign_deg=90.0 pos=[-0.10910642 -0.1091459   0.491401  ] bottom_world=[-0.1091066  -0.10914572  0.47140099] quat=[-3.8058293e-01  2.3246487e-06 -5.8652372e-06  9.2474681e-01] speed=0.0010 ang_speed=0.0029 ang_vel_vec=[0.00244071 0.00056532 0.00143805] |com_force|=0.0000N
### kotek_magnet[tick=10380] sensor4: d=0.5249m in_range=False f_mag=0.000N tau_mag=0.0000Nm misalign_deg=90.0 pos=[-0.10900006  0.10900015  0.4914023 ] bottom_world=[-0.10900027  0.10900002  0.4714023 ] quat=[3.8268200e-01 3.7014770e-06 5.2717273e-06 9.2388010e-01] speed=0.0010 ang_speed=0.0021 ang_vel_vec=[ 0.00139657 -0.0013262  -0.00088382] |com_force|=0.0000N
### kotek_magnet[tick=10394]: welded sensor 1 at d=0.0142m misalign_deg=14.7 pos=[ 0.37050784 -0.1504905   0.36502263] wall_pos=[0.425 0.    0.5  ] local_pos1=[-0.05449216 -0.15049049 -0.13497737] quat=[ 0.02019903 -0.6106217  -0.02581148  0.791244  ]
### kotek_magnet[tick=10440] sensor2: d=0.3208m in_range=False f_mag=0.000N tau_mag=0.0000Nm misalign_deg=90.0 pos=[ 0.1090243  -0.10904726  0.49140108] bottom_world=[ 0.10902452 -0.10904693  0.47140108] quat=[ 9.2300075e-01  9.9244580e-06 -1.9225465e-06 -3.8479811e-01] speed=0.0009 ang_speed=0.0018 ang_vel_vec=[-0.00111039  0.0013039  -0.00039641] |com_force|=0.0000N
### kotek_magnet[tick=10440] sensor3: d=0.5470m in_range=False f_mag=0.000N tau_mag=0.0000Nm misalign_deg=90.0 pos=[-0.10910644 -0.10914588  0.49140102] bottom_world=[-0.10910662 -0.10914569  0.47140102] quat=[-3.8058287e-01  2.3072078e-06 -5.9466079e-06  9.2474681e-01] speed=0.0010 ang_speed=0.0031 ang_vel_vec=[0.00253534 0.00067369 0.00156292] |com_force|=0.0000N
### kotek_magnet[tick=10440] sensor4: d=0.5249m in_range=False f_mag=0.000N tau_mag=0.0000Nm misalign_deg=90.0 pos=[-0.10900006  0.10900018  0.49140224] bottom_world=[-0.10900028  0.10900004  0.47140224] quat=[3.8268203e-01 3.8501012e-06 5.4152847e-06 9.2388016e-01] speed=0.0010 ang_speed=0.0022 ang_vel_vec=[ 0.00147766 -0.00147853 -0.00075502] |com_force|=0.0000N
### kotek_magnet[tick=10500] sensor2: d=0.3208m in_range=False f_mag=0.000N tau_mag=0.0000Nm misalign_deg=90.0 pos=[ 0.10902471 -0.10904678  0.49140114] bottom_world=[ 0.1090247  -0.10904662  0.47140114] quat=[ 9.2300081e-01  3.5441001e-06  1.8048851e-06 -3.8479808e-01] speed=0.0005 ang_speed=0.0015 ang_vel_vec=[-1.2896099e-03  2.2445791e-05 -7.2568184e-04] |com_force|=0.0000N
### kotek_magnet[tick=10500] sensor3: d=0.5470m in_range=False f_mag=0.000N tau_mag=0.0000Nm misalign_deg=90.0 pos=[-0.10910643 -0.10914592  0.49140108] bottom_world=[-0.1091066  -0.10914574  0.47140108] quat=[-3.8058278e-01  2.2822946e-06 -5.8042924e-06  9.2474681e-01] speed=0.0010 ang_speed=0.0034 ang_vel_vec=[0.00292646 0.00079469 0.00152516] |com_force|=0.0000N
### kotek_magnet[tick=10500] sensor4: d=0.5249m in_range=False f_mag=0.000N tau_mag=0.0000Nm misalign_deg=90.0 pos=[-0.10900033  0.10899951  0.49140227] bottom_world=[-0.10900032  0.10899957  0.47140227] quat=[ 3.8268235e-01  2.4904287e-07 -1.5385353e-06  9.2387998e-01] speed=0.0004 ang_speed=0.0023 ang_vel_vec=[ 0.00190138  0.00095922 -0.00077057] |com_force|=0.0000N
### kotek_magnet[tick=10560] sensor2: d=0.3208m in_range=False f_mag=0.000N tau_mag=0.0000Nm misalign_deg=90.0 pos=[ 0.10902433 -0.10904729  0.49140105] bottom_world=[ 0.10902455 -0.10904696  0.47140105] quat=[ 9.2300081e-01  9.8384089e-06 -1.9082329e-06 -3.8479802e-01] speed=0.0009 ang_speed=0.0017 ang_vel_vec=[-0.00100215  0.00122986 -0.00045715] |com_force|=0.0000N
### kotek_magnet[tick=10560] sensor3: d=0.5470m in_range=False f_mag=0.000N tau_mag=0.0000Nm misalign_deg=90.0 pos=[-0.10910645 -0.10914592  0.49140105] bottom_world=[-0.10910663 -0.10914574  0.47140105] quat=[-3.8058302e-01  2.2601528e-06 -5.9538602e-06  9.2474681e-01] speed=0.0010 ang_speed=0.0029 ang_vel_vec=[0.00245485 0.00061088 0.00148687] |com_force|=0.0000N
### kotek_magnet[tick=10560] sensor4: d=0.5249m in_range=False f_mag=0.000N tau_mag=0.0000Nm misalign_deg=90.0 pos=[-0.10900003  0.10900015  0.49140233] bottom_world=[-0.10900026  0.109       0.47140233] quat=[3.8268194e-01 3.7815528e-06 5.4308616e-06 9.2388010e-01] speed=0.0010 ang_speed=0.0022 ang_vel_vec=[ 0.00148083 -0.00140595 -0.00080815] |com_force|=0.0000N
### kotek_magnet[tick=10620] sensor2: d=0.3208m in_range=False f_mag=0.000N tau_mag=0.0000Nm misalign_deg=90.0 pos=[ 0.1090247  -0.10904677  0.49140096] bottom_world=[ 0.10902469 -0.10904661  0.47140096] quat=[ 9.2300087e-01  3.4919140e-06  1.8873275e-06 -3.8479811e-01] speed=0.0005 ang_speed=0.0014 ang_vel_vec=[-1.1252472e-03 -1.2385937e-05 -7.4803829e-04] |com_force|=0.0000N
### kotek_magnet[tick=10620] sensor3: d=0.5470m in_range=False f_mag=0.000N tau_mag=0.0000Nm misalign_deg=90.0 pos=[-0.10910667 -0.10914613  0.49140102] bottom_world=[-0.10910684 -0.10914586  0.47140102] quat=[-3.8058329e-01  1.4491517e-06 -7.8787616e-06  9.2474663e-01] speed=0.0007 ang_speed=0.0027 ang_vel_vec=[-0.00261134 -0.0004696   0.00050753] |com_force|=0.0000N
### kotek_magnet[tick=10620] sensor4: d=0.5249m in_range=False f_mag=0.000N tau_mag=0.0000Nm misalign_deg=90.0 pos=[-0.109       0.10900017  0.49140233] bottom_world=[-0.10900023  0.10900002  0.47140233] quat=[3.8268214e-01 3.8749004e-06 5.6416861e-06 9.2388010e-01] speed=0.0010 ang_speed=0.0028 ang_vel_vec=[ 0.00192216 -0.00183891 -0.0008522 ] |com_force|=0.0000N
### kotek_magnet[tick=10680] sensor2: d=0.3208m in_range=False f_mag=0.000N tau_mag=0.0000Nm misalign_deg=90.0 pos=[ 0.10902431 -0.10904729  0.49140096] bottom_world=[ 0.10902452 -0.10904695  0.47140096] quat=[ 9.2300081e-01  9.7763259e-06 -1.7338821e-06 -3.8479805e-01] speed=0.0010 ang_speed=0.0014 ang_vel_vec=[-0.00096829  0.00095491 -0.00041606] |com_force|=0.0000N
### kotek_magnet[tick=10680] sensor3: d=0.5470m in_range=False f_mag=0.000N tau_mag=0.0000Nm misalign_deg=90.0 pos=[-0.10910641 -0.10914619  0.49140102] bottom_world=[-0.10910661 -0.10914589  0.47140102] quat=[-3.8058308e-01  1.7512263e-06 -8.8764382e-06  9.2474669e-01] speed=0.0010 ang_speed=0.0022 ang_vel_vec=[-0.00087964  0.00191316  0.00078495] |com_force|=0.0000N
### kotek_magnet[tick=10680] sensor4: d=0.5249m in_range=False f_mag=0.000N tau_mag=0.0000Nm misalign_deg=90.0 pos=[-0.10900002  0.10900016  0.49140233] bottom_world=[-0.10900025  0.10900002  0.47140233] quat=[3.8268209e-01 3.9082283e-06 5.4800917e-06 9.2388010e-01] speed=0.0009 ang_speed=0.0029 ang_vel_vec=[ 0.00186824 -0.00203776 -0.00083474] |com_force|=0.0000N
### kotek_magnet[tick=10740] sensor2: d=0.3208m in_range=False f_mag=0.000N tau_mag=0.0000Nm misalign_deg=90.0 pos=[ 0.1090247  -0.10904679  0.491401  ] bottom_world=[ 0.1090247  -0.10904662  0.47140099] quat=[ 9.2300081e-01  3.7369182e-06  1.7574835e-06 -3.8479814e-01] speed=0.0005 ang_speed=0.0013 ang_vel_vec=[-0.00105171  0.00017339 -0.00080857] |com_force|=0.0000N
### kotek_magnet[tick=10740] sensor3: d=0.5470m in_range=False f_mag=0.000N tau_mag=0.0000Nm misalign_deg=90.0 pos=[-0.10910664 -0.10914616  0.49140105] bottom_world=[-0.10910681 -0.1091459   0.47140105] quat=[-3.8058326e-01  1.4435653e-06 -7.8027660e-06  9.2474675e-01] speed=0.0007 ang_speed=0.0023 ang_vel_vec=[-0.00228532 -0.00031137  0.00044493] |com_force|=0.0000N
### kotek_magnet[tick=10740] sensor4: d=0.5249m in_range=False f_mag=0.000N tau_mag=0.0000Nm misalign_deg=90.0 pos=[-0.10900032  0.10899948  0.4914023 ] bottom_world=[-0.1090003   0.10899954  0.4714023 ] quat=[ 3.8268226e-01  2.3483838e-07 -1.5079677e-06  9.2388004e-01] speed=0.0004 ang_speed=0.0029 ang_vel_vec=[ 0.00253612  0.00098712 -0.00090511] |com_force|=0.0000N
### kotek_magnet[tick=10800] sensor2: d=0.3208m in_range=False f_mag=0.000N tau_mag=0.0000Nm misalign_deg=90.0 pos=[ 0.10902434 -0.10904735  0.49140102] bottom_world=[ 0.10902457 -0.10904701  0.47140102] quat=[ 9.2300081e-01  1.0234265e-05 -1.9608369e-06 -3.8479814e-01] speed=0.0010 ang_speed=0.0019 ang_vel_vec=[-0.00119662  0.00139187 -0.00060137] |com_force|=0.0000N
### kotek_magnet[tick=10800] sensor3: d=0.5470m in_range=False f_mag=0.000N tau_mag=0.0000Nm misalign_deg=90.0 pos=[-0.10910641 -0.10914598  0.49140105] bottom_world=[-0.10910658 -0.1091458   0.47140105] quat=[-3.8058293e-01  2.2344207e-06 -5.9187973e-06  9.2474687e-01] speed=0.0010 ang_speed=0.0036 ang_vel_vec=[0.00313977 0.00107914 0.00134672] |com_force|=0.0000N
### kotek_magnet[tick=10800] sensor4: d=0.5249m in_range=False f_mag=0.000N tau_mag=0.0000Nm misalign_deg=90.0 pos=[-0.10900003  0.1090001   0.49140242] bottom_world=[-0.10900028  0.10899995  0.47140242] quat=[3.8268197e-01 4.2091770e-06 5.9098143e-06 9.2388016e-01] speed=0.0009 ang_speed=0.0034 ang_vel_vec=[ 0.00228769 -0.00236019 -0.00098702] |com_force|=0.0000N
### kotek_magnet[tick=10860] sensor2: d=0.3208m in_range=False f_mag=0.000N tau_mag=0.0000Nm misalign_deg=90.0 pos=[ 0.10902435 -0.10904732  0.491401  ] bottom_world=[ 0.10902457 -0.10904699  0.47140099] quat=[ 9.2300069e-01  9.8655255e-06 -1.8436222e-06 -3.8479820e-01] speed=0.0010 ang_speed=0.0015 ang_vel_vec=[-0.00092472  0.00105932 -0.00055544] |com_force|=0.0000N
### kotek_magnet[tick=10860] sensor3: d=0.5470m in_range=False f_mag=0.000N tau_mag=0.0000Nm misalign_deg=90.0 pos=[-0.10910641 -0.10914595  0.49140108] bottom_world=[-0.10910659 -0.10914576  0.47140108] quat=[-3.8058296e-01  2.3661762e-06 -6.1348760e-06  9.2474675e-01] speed=0.0010 ang_speed=0.0029 ang_vel_vec=[0.00245013 0.00071986 0.00138609] |com_force|=0.0000N
### kotek_magnet[tick=10860] sensor4: d=0.5249m in_range=False f_mag=0.000N tau_mag=0.0000Nm misalign_deg=90.0 pos=[-0.10900032  0.10899951  0.49140227] bottom_world=[-0.1090003   0.10899957  0.47140227] quat=[ 3.8268211e-01  2.7328656e-07 -1.6353249e-06  9.2388004e-01] speed=0.0004 ang_speed=0.0026 ang_vel_vec=[ 0.00233559  0.00073688 -0.00092781] |com_force|=0.0000N
### kotek_magnet[tick=10920] sensor2: d=0.3208m in_range=False f_mag=0.000N tau_mag=0.0000Nm misalign_deg=90.0 pos=[ 0.1090247  -0.10904682  0.49140096] bottom_world=[ 0.10902468 -0.10904665  0.47140096] quat=[ 9.2300087e-01  3.7144305e-06  2.1107899e-06 -3.8479781e-01] speed=0.0006 ang_speed=0.0012 ang_vel_vec=[-0.00072385 -0.0002559  -0.00086915] |com_force|=0.0000N
### kotek_magnet[tick=10920] sensor3: d=0.5470m in_range=False f_mag=0.000N tau_mag=0.0000Nm misalign_deg=90.0 pos=[-0.10910644 -0.10914599  0.49140102] bottom_world=[-0.10910661 -0.1091458   0.47140102] quat=[-3.8058296e-01  2.0352788e-06 -5.9277495e-06  9.2474675e-01] speed=0.0010 ang_speed=0.0032 ang_vel_vec=[0.00265142 0.00115916 0.00137132] |com_force|=0.0000N
### kotek_magnet[tick=10920] sensor4: d=0.5249m in_range=False f_mag=0.000N tau_mag=0.0000Nm misalign_deg=90.0 pos=[-0.10900003  0.1090001   0.49140248] bottom_world=[-0.10900028  0.10899995  0.47140248] quat=[3.8268211e-01 4.2993115e-06 5.8746909e-06 9.2388010e-01] speed=0.0009 ang_speed=0.0046 ang_vel_vec=[ 0.00322601 -0.00313393 -0.00099584] |com_force|=0.0000N
### kotek_magnet[tick=10980] sensor2: d=0.3208m in_range=False f_mag=0.000N tau_mag=0.0000Nm misalign_deg=90.0 pos=[ 0.10902443 -0.10904665  0.4914009 ] bottom_world=[ 0.1090245  -0.10904644  0.4714009 ] quat=[ 9.2300063e-01  5.4046609e-06  1.9360903e-07 -3.8479847e-01] speed=0.0001 ang_speed=0.0005 ang_vel_vec=[-1.8748555e-04  2.2017282e-06  4.3929796e-04] |com_force|=0.0000N
### kotek_magnet[tick=10980] sensor3: d=0.5470m in_range=False f_mag=0.000N tau_mag=0.0000Nm misalign_deg=90.0 pos=[-0.10910647 -0.10914598  0.4914011 ] bottom_world=[-0.10910663 -0.1091458   0.47140111] quat=[-3.8058278e-01  2.1297883e-06 -5.8793271e-06  9.2474681e-01] speed=0.0010 ang_speed=0.0028 ang_vel_vec=[0.00222161 0.00070289 0.00157327] |com_force|=0.0000N
### kotek_magnet[tick=10980] sensor4: d=0.5249m in_range=False f_mag=0.000N tau_mag=0.0000Nm misalign_deg=90.0 pos=[-0.10900034  0.10899915  0.49140227] bottom_world=[-0.10900029  0.1089993   0.47140227] quat=[ 3.8268262e-01  2.2322023e-07 -3.9969318e-06  9.2387998e-01] speed=0.0002 ang_speed=0.0019 ang_vel_vec=[-0.00094891  0.00164238 -0.00036549] |com_force|=0.0000N
### kotek_magnet[tick=11040] sensor2: d=0.3208m in_range=False f_mag=0.000N tau_mag=0.0000Nm misalign_deg=90.0 pos=[ 0.10902439 -0.1090475   0.4914011 ] bottom_world=[ 0.10902459 -0.10904715  0.47140111] quat=[ 9.2300093e-01  1.0169048e-05 -1.2704381e-06 -3.8479787e-01] speed=0.0011 ang_speed=0.0007 ang_vel_vec=[ 2.053148e-04  5.751907e-05 -7.169335e-04] |com_force|=0.0000N
### kotek_magnet[tick=11040] sensor3: d=0.5470m in_range=False f_mag=0.000N tau_mag=0.0000Nm misalign_deg=90.0 pos=[-0.10910649 -0.10914596  0.49140108] bottom_world=[-0.10910666 -0.10914577  0.47140108] quat=[-3.8058278e-01  2.1629453e-06 -5.9617792e-06  9.2474681e-01] speed=0.0009 ang_speed=0.0025 ang_vel_vec=[0.00182533 0.00048086 0.00164147] |com_force|=0.0000N
### kotek_magnet[tick=11040] sensor4: d=0.5249m in_range=False f_mag=0.000N tau_mag=0.0000Nm misalign_deg=90.0 pos=[-0.10900022  0.10899836  0.49140236] bottom_world=[-0.1090001   0.10899869  0.47140236] quat=[ 3.8268295e-01  4.1068824e-07 -8.7669505e-06  9.2387968e-01] speed=0.0010 ang_speed=0.0019 ang_vel_vec=[-0.00050726 -0.00114759  0.00142141] |com_force|=0.0000N
### kotek_magnet[tick=11100] sensor2: d=0.3208m in_range=False f_mag=0.000N tau_mag=0.0000Nm misalign_deg=90.0 pos=[ 0.10902467 -0.10904681  0.49140108] bottom_world=[ 0.10902467 -0.10904664  0.47140108] quat=[ 9.2300081e-01  3.8320163e-06  1.7949455e-06 -3.8479814e-01] speed=0.0005 ang_speed=0.0016 ang_vel_vec=[-0.00118599 -0.00061443 -0.00080654] |com_force|=0.0000N
### kotek_magnet[tick=11100] sensor3: d=0.5470m in_range=False f_mag=0.000N tau_mag=0.0000Nm misalign_deg=90.0 pos=[-0.10910673 -0.10914619  0.49140102] bottom_world=[-0.1091069  -0.10914592  0.47140102] quat=[-3.8058335e-01  1.2570270e-06 -7.8191024e-06  9.2474663e-01] speed=0.0006 ang_speed=0.0025 ang_vel_vec=[-0.00247236 -0.0002525   0.0004672 ] |com_force|=0.0000N
### kotek_magnet[tick=11100] sensor4: d=0.5249m in_range=False f_mag=0.000N tau_mag=0.0000Nm misalign_deg=90.0 pos=[-0.10900024  0.10899834  0.49140242] bottom_world=[-0.10900011  0.10899868  0.47140242] quat=[ 3.8268310e-01  1.2737735e-07 -9.1830225e-06  9.2387980e-01] speed=0.0011 ang_speed=0.0016 ang_vel_vec=[-0.00082937 -0.00048889  0.00126887] |com_force|=0.0000N
### kotek_magnet[tick=11160] sensor2: d=0.3208m in_range=False f_mag=0.000N tau_mag=0.0000Nm misalign_deg=90.0 pos=[ 0.1090244  -0.10904741  0.49140114] bottom_world=[ 0.1090246  -0.10904706  0.47140114] quat=[ 9.2300081e-01  1.0145499e-05 -1.3668340e-06 -3.8479787e-01] speed=0.0010 ang_speed=0.0009 ang_vel_vec=[-0.00010257  0.00037497 -0.00077172] |com_force|=0.0000N
### kotek_magnet[tick=11160] sensor3: d=0.5470m in_range=False f_mag=0.000N tau_mag=0.0000Nm misalign_deg=90.0 pos=[-0.10910646 -0.10914592  0.491401  ] bottom_world=[-0.10910662 -0.10914574  0.47140099] quat=[-3.805829e-01  2.135288e-06 -5.731731e-06  9.247468e-01] speed=0.0009 ang_speed=0.0030 ang_vel_vec=[0.00248473 0.00077086 0.00157222] |com_force|=0.0000N
### kotek_magnet[tick=11160] sensor4: d=0.5249m in_range=False f_mag=0.000N tau_mag=0.0000Nm misalign_deg=90.0 pos=[-0.10900009  0.10900015  0.4914024 ] bottom_world=[-0.10900033  0.109       0.47140239] quat=[3.8268209e-01 3.9198576e-06 5.7028651e-06 9.2388010e-01] speed=0.0009 ang_speed=0.0031 ang_vel_vec=[ 0.00209714 -0.00214801 -0.00080494] |com_force|=0.0000N
### kotek_magnet[tick=11220] sensor2: d=0.3208m in_range=False f_mag=0.000N tau_mag=0.0000Nm misalign_deg=90.0 pos=[ 0.10902435 -0.10904747  0.491401  ] bottom_world=[ 0.10902456 -0.1090471   0.47140099] quat=[ 9.2300087e-01  1.0373283e-05 -1.3193080e-06 -3.8479796e-01] speed=0.0010 ang_speed=0.0010 ang_vel_vec=[-0.0002299   0.00053001 -0.00084303] |com_force|=0.0000N
### kotek_magnet[tick=11220] sensor3: d=0.5470m in_range=False f_mag=0.000N tau_mag=0.0000Nm misalign_deg=90.0 pos=[-0.10910673 -0.10914618  0.49140108] bottom_world=[-0.10910689 -0.10914591  0.47140108] quat=[-3.8058326e-01  1.2569685e-06 -7.8004441e-06  9.2474669e-01] speed=0.0006 ang_speed=0.0027 ang_vel_vec=[-0.00261566 -0.0004542   0.00051563] |com_force|=0.0000N
### kotek_magnet[tick=11220] sensor4: d=0.5249m in_range=False f_mag=0.000N tau_mag=0.0000Nm misalign_deg=90.0 pos=[-0.10900003  0.10900015  0.4914023 ] bottom_world=[-0.10900028  0.109       0.4714023 ] quat=[3.8268220e-01 4.1150456e-06 5.9469858e-06 9.2388010e-01] speed=0.0010 ang_speed=0.0032 ang_vel_vec=[ 0.00217931 -0.00218353 -0.0008862 ] |com_force|=0.0000N
### kotek_magnet[tick=11280] sensor2: d=0.3208m in_range=False f_mag=0.000N tau_mag=0.0000Nm misalign_deg=90.0 pos=[ 0.10902469 -0.10904685  0.49140096] bottom_world=[ 0.10902467 -0.10904668  0.47140096] quat=[ 9.2300087e-01  3.7133191e-06  2.0515029e-06 -3.8479811e-01] speed=0.0005 ang_speed=0.0019 ang_vel_vec=[-0.00142427 -0.00097607 -0.00077843] |com_force|=0.0000N
### kotek_magnet[tick=11280] sensor3: d=0.5470m in_range=False f_mag=0.000N tau_mag=0.0000Nm misalign_deg=90.0 pos=[-0.10910646 -0.10914593  0.4914011 ] bottom_world=[-0.10910663 -0.10914574  0.47140111] quat=[-3.8058278e-01  2.1944286e-06 -6.0090310e-06  9.2474681e-01] speed=0.0009 ang_speed=0.0026 ang_vel_vec=[0.00204797 0.00050355 0.0014942 ] |com_force|=0.0000N
### kotek_magnet[tick=11280] sensor4: d=0.5249m in_range=False f_mag=0.000N tau_mag=0.0000Nm misalign_deg=90.0 pos=[-0.10900036  0.10899948  0.49140227] bottom_world=[-0.10900034  0.10899955  0.47140227] quat=[ 3.8268226e-01  3.0525320e-07 -1.6163244e-06  9.2387998e-01] speed=0.0004 ang_speed=0.0025 ang_vel_vec=[ 0.0021997   0.00081939 -0.00085436] |com_force|=0.0000N
### kotek_magnet[tick=11340] sensor2: d=0.3228m in_range=False f_mag=0.000N tau_mag=0.0000Nm misalign_deg=102.0 pos=[ 0.11398508 -0.10838599  0.49577147] bottom_world=[ 0.10983666 -0.1126755   0.47668245] quat=[ 0.9164504  -0.13989936  0.0565923  -0.37059972] speed=0.1136 ang_speed=4.2963 ang_vel_vec=[ 3.0793862  -2.995839   -0.01888708] |com_force|=0.0000N
### kotek_magnet[tick=11340] sensor3: d=0.5470m in_range=False f_mag=0.000N tau_mag=0.0000Nm misalign_deg=90.0 pos=[-0.10910647 -0.10914595  0.49140102] bottom_world=[-0.10910662 -0.10914577  0.47140102] quat=[-3.8058293e-01  1.8804025e-06 -5.5232172e-06  9.2474681e-01] speed=0.0009 ang_speed=0.0032 ang_vel_vec=[0.00246454 0.00102582 0.00170336] |com_force|=0.0000N
### kotek_magnet[tick=11340] sensor4: d=0.5249m in_range=False f_mag=0.000N tau_mag=0.0000Nm misalign_deg=90.0 pos=[-0.10900032  0.10899946  0.4914022 ] bottom_world=[-0.10900032  0.10899952  0.47140221] quat=[ 3.8268226e-01  6.1623763e-07 -1.3041313e-06  9.2388004e-01] speed=0.0004 ang_speed=0.0040 ang_vel_vec=[ 0.00379849 -0.00120917 -0.00066283] |com_force|=0.0000N
### kotek_magnet[tick=11400] sensor2: d=0.3208m in_range=False f_mag=0.000N tau_mag=0.0000Nm misalign_deg=90.0 pos=[ 0.10966749 -0.1125197   0.4914034 ] bottom_world=[ 0.10966693 -0.11252043  0.4714034 ] quat=[ 9.3028504e-01 -2.2119490e-05  6.2914301e-06 -3.6683771e-01] speed=0.0323 ang_speed=0.3142 ang_vel_vec=[ 0.08861558 -0.0451018   0.29804766] |com_force|=0.0000N
### kotek_magnet[tick=11400] sensor3: d=0.5470m in_range=False f_mag=0.000N tau_mag=0.0000Nm misalign_deg=90.0 pos=[-0.10910644 -0.10914619  0.49140108] bottom_world=[-0.10910663 -0.1091459   0.47140108] quat=[-3.8058311e-01  1.5337946e-06 -8.5683596e-06  9.2474681e-01] speed=0.0009 ang_speed=0.0022 ang_vel_vec=[-0.00066413  0.00190792  0.00078453] |com_force|=0.0000N
### kotek_magnet[tick=11400] sensor4: d=0.5249m in_range=False f_mag=0.000N tau_mag=0.0000Nm misalign_deg=90.0 pos=[-0.10900007  0.10900013  0.49140227] bottom_world=[-0.10900031  0.10899998  0.47140227] quat=[3.8268211e-01 3.9756956e-06 5.6398944e-06 9.2388016e-01] speed=0.0009 ang_speed=0.0030 ang_vel_vec=[ 0.0020346  -0.0020996  -0.00082915] |com_force|=0.0000N
### kotek_magnet[tick=11460] sensor2: d=0.3125m in_range=False f_mag=0.000N tau_mag=0.0000Nm misalign_deg=90.0 pos=[ 0.1187626  -0.11209256  0.49133673] bottom_world=[ 0.11876229 -0.11212948  0.47133677] quat=[ 9.6554273e-01 -8.9309161e-04 -2.3266785e-04 -2.6024282e-01] speed=0.0692 ang_speed=3.9928 ang_vel_vec=[-0.71170306 -1.9078125  -3.4345372 ] |com_force|=0.0000N
### kotek_magnet[tick=11460] sensor3: d=0.5470m in_range=False f_mag=0.000N tau_mag=0.0000Nm misalign_deg=90.0 pos=[-0.1091065  -0.10914588  0.49140105] bottom_world=[-0.10910667 -0.1091457   0.47140105] quat=[-3.8058305e-01  2.1138442e-06 -5.6165486e-06  9.2474687e-01] speed=0.0009 ang_speed=0.0031 ang_vel_vec=[0.00267722 0.00078832 0.00138043] |com_force|=0.0000N
### kotek_magnet[tick=11460] sensor4: d=0.5249m in_range=False f_mag=0.000N tau_mag=0.0000Nm misalign_deg=90.0 pos=[-0.10900009  0.10900022  0.4914024 ] bottom_world=[-0.10900031  0.10900008  0.47140239] quat=[3.8268194e-01 3.5491610e-06 5.2623514e-06 9.2388010e-01] speed=0.0011 ang_speed=0.0018 ang_vel_vec=[ 0.00120318 -0.00074876 -0.00109874] |com_force|=0.0000N
### kotek_magnet[tick=11520] sensor2: d=0.3071m in_range=False f_mag=0.000N tau_mag=0.0000Nm misalign_deg=89.9 pos=[ 0.1249385  -0.11299295  0.4914103 ] bottom_world=[ 0.12497953 -0.11285833  0.47141078] quat=[ 9.8802638e-01  3.4835336e-03 -4.9435539e-04 -1.5424562e-01] speed=0.1536 ang_speed=4.5493 ang_vel_vec=[-1.3512533  0.5822622 -4.3047867] |com_force|=0.0000N
### kotek_magnet[tick=11520] sensor3: d=0.5470m in_range=False f_mag=0.000N tau_mag=0.0000Nm misalign_deg=90.0 pos=[-0.10910647 -0.10914592  0.491401  ] bottom_world=[-0.10910664 -0.10914573  0.47140099] quat=[-3.8058302e-01  2.2850711e-06 -6.0859215e-06  9.2474687e-01] speed=0.0009 ang_speed=0.0028 ang_vel_vec=[0.00229136 0.0005145  0.00155194] |com_force|=0.0000N
### kotek_magnet[tick=11520] sensor4: d=0.5249m in_range=False f_mag=0.000N tau_mag=0.0000Nm misalign_deg=90.0 pos=[-0.10900038  0.10899951  0.4914023 ] bottom_world=[-0.10900036  0.10899957  0.4714023 ] quat=[ 3.8268220e-01  2.7916491e-07 -1.5342048e-06  9.2388010e-01] speed=0.0005 ang_speed=0.0024 ang_vel_vec=[ 0.00194874  0.00124715 -0.00074853] |com_force|=0.0000N
### kotek_magnet[tick=11580] sensor2: d=0.3026m in_range=False f_mag=0.000N tau_mag=0.0000Nm misalign_deg=89.8 pos=[ 0.1312472  -0.10574615  0.49785194] bottom_world=[ 0.13132171 -0.10496594  0.4778673 ] quat=[ 0.9997776   0.01952281 -0.00171124 -0.00779329] speed=0.0793 ang_speed=3.3430 ang_vel_vec=[ 1.1057116  0.0097182 -3.154851 ] |com_force|=0.0000N
### kotek_magnet[tick=11580] sensor3: d=0.5470m in_range=False f_mag=0.000N tau_mag=0.0000Nm misalign_deg=90.0 pos=[-0.10910647 -0.10914595  0.49140105] bottom_world=[-0.10910663 -0.10914578  0.47140105] quat=[-3.8058293e-01  2.1233379e-06 -5.6815820e-06  9.2474681e-01] speed=0.0010 ang_speed=0.0032 ang_vel_vec=[0.00262147 0.00084737 0.00154011] |com_force|=0.0000N
### kotek_magnet[tick=11580] sensor4: d=0.5249m in_range=False f_mag=0.000N tau_mag=0.0000Nm misalign_deg=90.0 pos=[-0.10900022  0.10899838  0.49140233] bottom_world=[-0.10900011  0.1089987   0.47140233] quat=[ 3.8268322e-01  5.6805294e-07 -8.3449831e-06  9.2387974e-01] speed=0.0010 ang_speed=0.0022 ang_vel_vec=[-7.2605450e-05 -1.7323249e-03  1.3505492e-03] |com_force|=0.0000N
### kotek_magnet[tick=11640] sensor2: d=0.3122m in_range=False f_mag=0.000N tau_mag=0.0000Nm misalign_deg=89.8 pos=[ 0.1313238 -0.1066431  0.51891  ] bottom_world=[ 0.13138248 -0.10594631  0.49892222] quat=[ 0.9998238   0.01743195 -0.00134808 -0.00683472] speed=0.0862 ang_speed=3.3355 ang_vel_vec=[ 1.0996424  -0.07293805 -3.148182  ] |com_force|=0.0000N
### kotek_magnet[tick=11640] sensor3: d=0.5470m in_range=False f_mag=0.000N tau_mag=0.0000Nm misalign_deg=90.0 pos=[-0.10910647 -0.10914596  0.4914011 ] bottom_world=[-0.10910664 -0.10914578  0.47140111] quat=[-3.8058293e-01  2.2457780e-06 -5.9708764e-06  9.2474687e-01] speed=0.0010 ang_speed=0.0027 ang_vel_vec=[0.00219205 0.00054437 0.00152949] |com_force|=0.0000N
### kotek_magnet[tick=11640] sensor4: d=0.5249m in_range=False f_mag=0.000N tau_mag=0.0000Nm misalign_deg=90.0 pos=[-0.10900022  0.10899837  0.4914023 ] bottom_world=[-0.1090001   0.10899869  0.4714023 ] quat=[ 3.8268292e-01  4.2387219e-07 -8.6340960e-06  9.2387980e-01] speed=0.0010 ang_speed=0.0017 ang_vel_vec=[-0.0004795  -0.00096207  0.00132609] |com_force|=0.0000N
### kotek_magnet[tick=11700] sensor2: d=0.3244m in_range=False f_mag=0.000N tau_mag=0.0000Nm misalign_deg=89.9 pos=[ 0.13133472 -0.10777774  0.54266346] bottom_world=[ 0.13138044 -0.10714798  0.52267342] quat=[ 0.999857    0.0157526  -0.00104755 -0.00606865] speed=0.0863 ang_speed=3.4353 ang_vel_vec=[-1.4777458  -0.09133447 -3.0999134 ] |com_force|=0.0000N
### kotek_magnet[tick=11700] sensor3: d=0.5470m in_range=False f_mag=0.000N tau_mag=0.0000Nm misalign_deg=90.0 pos=[-0.10910644 -0.10914592  0.49140105] bottom_world=[-0.10910661 -0.10914574  0.47140105] quat=[-3.8058296e-01  2.1573569e-06 -5.7458124e-06  9.2474687e-01] speed=0.0009 ang_speed=0.0032 ang_vel_vec=[0.00272654 0.00085665 0.00142294] |com_force|=0.0000N
### kotek_magnet[tick=11700] sensor4: d=0.5249m in_range=False f_mag=0.000N tau_mag=0.0000Nm misalign_deg=90.0 pos=[-0.10900035  0.10899866  0.49140236] bottom_world=[-0.10900021  0.10899895  0.47140236] quat=[ 3.8268277e-01 -4.6573027e-07 -8.1386115e-06  9.2387992e-01] speed=0.0007 ang_speed=0.0043 ang_vel_vec=[-0.00162214  0.00397904  0.00034865] |com_force|=0.0000N
### kotek_magnet[tick=11760] sensor2: d=0.3394m in_range=False f_mag=0.000N tau_mag=0.0000Nm misalign_deg=89.9 pos=[ 0.13141656 -0.10902629  0.56911004] bottom_world=[ 0.13144308 -0.10855807  0.54911554] quat=[ 9.9991947e-01  1.1709467e-02 -6.0598232e-04 -4.8695304e-03] speed=0.0938 ang_speed=3.4224 ang_vel_vec=[ 0.96323544 -0.14383961 -3.2809315 ] |com_force|=0.0000N
### kotek_magnet[tick=11760] sensor3: d=0.5470m in_range=False f_mag=0.000N tau_mag=0.0000Nm misalign_deg=90.0 pos=[-0.10910671 -0.10914619  0.49140105] bottom_world=[-0.10910688 -0.10914592  0.47140105] quat=[-3.8058335e-01  1.3181472e-06 -7.6659289e-06  9.2474669e-01] speed=0.0006 ang_speed=0.0026 ang_vel_vec=[-0.00249459 -0.00046074  0.00057729] |com_force|=0.0000N
### kotek_magnet[tick=11760] sensor4: d=0.5249m in_range=False f_mag=0.000N tau_mag=0.0000Nm misalign_deg=90.0 pos=[-0.10900036  0.10899866  0.49140233] bottom_world=[-0.10900021  0.10899895  0.47140233] quat=[ 3.8268274e-01 -5.2947252e-07 -8.1751969e-06  9.2387986e-01] speed=0.0007 ang_speed=0.0045 ang_vel_vec=[-0.00164197  0.00415722  0.0004876 ] |com_force|=0.0000N
### kotek_magnet[tick=11820] sensor2: d=0.3466m in_range=False f_mag=0.000N tau_mag=0.0000Nm misalign_deg=90.1 pos=[ 0.13099156 -0.10984618  0.5802581 ] bottom_world=[ 0.13097238 -0.10930392  0.56026543] quat=[ 9.99891400e-01  1.35547845e-02  5.57731662e-04 -5.77007746e-03] speed=0.0632 ang_speed=3.2740 ang_vel_vec=[ 0.3541598  -0.28330046 -3.2424603 ] |com_force|=0.0000N
### kotek_magnet[tick=11820] sensor3: d=0.5470m in_range=False f_mag=0.000N tau_mag=0.0000Nm misalign_deg=90.0 pos=[-0.10910647 -0.10914596  0.49140114] bottom_world=[-0.10910664 -0.10914578  0.47140114] quat=[-3.8058290e-01  2.1516194e-06 -5.8629303e-06  9.2474687e-01] speed=0.0009 ang_speed=0.0026 ang_vel_vec=[0.00210477 0.00057913 0.00148552] |com_force|=0.0000N
### kotek_magnet[tick=11820] sensor4: d=0.5249m in_range=False f_mag=0.000N tau_mag=0.0000Nm misalign_deg=90.0 pos=[-0.10900023  0.10899831  0.49140227] bottom_world=[-0.1090001   0.10899865  0.47140227] quat=[ 3.8268322e-01  2.8406464e-07 -9.0267195e-06  9.2387974e-01] speed=0.0011 ang_speed=0.0017 ang_vel_vec=[-0.0006263  -0.00089419  0.00129303] |com_force|=0.0000N
### kotek_magnet[tick=11880] sensor2: d=0.3438m in_range=False f_mag=0.000N tau_mag=0.0000Nm misalign_deg=91.2 pos=[ 0.1304694  -0.11468685  0.57287663] bottom_world=[ 0.13003905 -0.11470254  0.55288127] quat=[ 9.9972850e-01 -1.6983524e-04  1.0765024e-02  2.0667259e-02] speed=0.0497 ang_speed=3.2741 ang_vel_vec=[-1.8924707  -0.03809564 -2.6714857 ] |com_force|=0.0000N
### kotek_magnet[tick=11880] sensor3: d=0.5470m in_range=False f_mag=0.000N tau_mag=0.0000Nm misalign_deg=90.0 pos=[-0.10910672 -0.10914615  0.49140096] bottom_world=[-0.10910688 -0.10914588  0.47140096] quat=[-3.8058332e-01  1.2303036e-06 -7.6835331e-06  9.2474669e-01] speed=0.0006 ang_speed=0.0025 ang_vel_vec=[-0.00238157 -0.00030806  0.00051927] |com_force|=0.0000N
### kotek_magnet[tick=11880] sensor4: d=0.5249m in_range=False f_mag=0.000N tau_mag=0.0000Nm misalign_deg=90.0 pos=[-0.10900036  0.10899945  0.4914022 ] bottom_world=[-0.10900035  0.10899951  0.47140221] quat=[ 3.8268232e-01  3.4229387e-07 -1.4454913e-06  9.2388004e-01] speed=0.0004 ang_speed=0.0028 ang_vel_vec=[ 0.00259853  0.00044411 -0.00080565] |com_force|=0.0000N
### kotek_magnet[tick=11940] sensor2: d=0.3384m in_range=False f_mag=0.000N tau_mag=0.0000Nm misalign_deg=93.5 pos=[ 0.13110618 -0.1255278   0.558506  ] bottom_world=[ 0.12990024 -0.12738604  0.53862907] quat=[ 0.99422204 -0.04355097  0.03434946  0.0919016 ] speed=0.0518 ang_speed=3.0811 ang_vel_vec=[-1.7604986 -0.5725795 -2.4629521] |com_force|=0.0000N
### kotek_magnet[tick=11940] sensor3: d=0.5470m in_range=False f_mag=0.000N tau_mag=0.0000Nm misalign_deg=90.0 pos=[-0.10910647 -0.10914589  0.49140102] bottom_world=[-0.10910664 -0.10914572  0.47140102] quat=[-3.8058293e-01  2.1649482e-06 -5.7367920e-06  9.2474687e-01] speed=0.0010 ang_speed=0.0032 ang_vel_vec=[0.00269915 0.00085541 0.0014866 ] |com_force|=0.0000N
### kotek_magnet[tick=11940] sensor4: d=0.5249m in_range=False f_mag=0.000N tau_mag=0.0000Nm misalign_deg=90.0 pos=[-0.10900034  0.10899955  0.49140233] bottom_world=[-0.10900033  0.10899961  0.47140233] quat=[ 3.8268226e-01  3.0719687e-07 -1.4504112e-06  9.2387998e-01] speed=0.0004 ang_speed=0.0028 ang_vel_vec=[ 0.00256984  0.00065027 -0.00087873] |com_force|=0.0000N
### kotek_magnet[tick=12000] sensor2: d=0.3324m in_range=False f_mag=0.000N tau_mag=0.0000Nm misalign_deg=94.7 pos=[ 0.13347006 -0.13626014  0.5439943 ] bottom_world=[ 0.1318139  -0.14015231  0.52444672] quat=[ 0.9794605  -0.08922191  0.05787725  0.17130965] speed=0.0544 ang_speed=3.1529 ang_vel_vec=[-1.7303393 -1.1378343 -2.3774443] |com_force|=0.0000N
### kotek_magnet[tick=12000] sensor3: d=0.5470m in_range=False f_mag=0.000N tau_mag=0.0000Nm misalign_deg=90.0 pos=[-0.10910728 -0.10914616  0.49140105] bottom_world=[-0.1091073  -0.109146    0.47140105] quat=[-3.8058367e-01 -1.0083638e-06 -3.8467033e-06  9.2474651e-01] speed=0.0002 ang_speed=0.0008 ang_vel_vec=[ 8.1896891e-05  6.5380195e-04 -3.8111710e-04] |com_force|=0.0000N
### kotek_magnet[tick=12000] sensor4: d=0.5249m in_range=False f_mag=0.000N tau_mag=0.0000Nm misalign_deg=90.0 pos=[-0.10900035  0.10899866  0.49140242] bottom_world=[-0.1090002   0.10899896  0.47140242] quat=[ 3.8268277e-01 -4.4899383e-07 -8.3327341e-06  9.2387980e-01] speed=0.0007 ang_speed=0.0044 ang_vel_vec=[-0.00176451  0.00405002  0.00039496] |com_force|=0.0000N
### still playing, 1190s left
### kotek_magnet[tick=12060] sensor2: d=0.3257m in_range=False f_mag=0.000N tau_mag=0.0000Nm misalign_deg=94.7 pos=[ 0.1378569  -0.14584099  0.530609  ] bottom_world=[ 0.13620604 -0.15176147  0.51157687] quat=[ 0.95499    -0.134172    0.07870351  0.25258204] speed=0.0625 ang_speed=2.9745 ang_vel_vec=[-1.5496793 -1.5760498 -1.9905689] |com_force|=0.0000N
### kotek_magnet[tick=12060] sensor3: d=0.5470m in_range=False f_mag=0.000N tau_mag=0.0000Nm misalign_deg=90.0 pos=[-0.10910732 -0.10914592  0.491401  ] bottom_world=[-0.10910724 -0.10914588  0.47140099] quat=[-3.8058332e-01 -2.1566464e-06 -1.9393929e-07  9.2474663e-01] speed=0.0000 ang_speed=0.0015 ang_vel_vec=[0.00088054 0.00113905 0.00036535] |com_force|=0.0000N
### kotek_magnet[tick=12060] sensor4: d=0.5249m in_range=False f_mag=0.000N tau_mag=0.0000Nm misalign_deg=90.0 pos=[-0.10900036  0.10899861  0.49140233] bottom_world=[-0.10900021  0.10899891  0.47140233] quat=[ 3.8268268e-01 -5.4267042e-07 -8.4242338e-06  9.2387980e-01] speed=0.0007 ang_speed=0.0046 ang_vel_vec=[-0.00173648  0.00424954  0.00042806] |com_force|=0.0000N
### kotek_magnet[tick=12120] sensor2: d=0.3173m in_range=False f_mag=0.000N tau_mag=0.0000Nm misalign_deg=93.3 pos=[ 0.14468084 -0.15418354  0.5178693 ] bottom_world=[ 0.14352662 -0.16204654  0.49951607] quat=[ 0.9194937  -0.17837763  0.09669906  0.33669314] speed=0.0657 ang_speed=3.2550 ang_vel_vec=[-1.598607  -2.106126  -1.8982834] |com_force|=0.0000N
### kotek_magnet[tick=12120] sensor3: d=0.5470m in_range=False f_mag=0.000N tau_mag=0.0000Nm misalign_deg=90.0 pos=[-0.10910748 -0.10914616  0.49140102] bottom_world=[-0.10910744 -0.10914602  0.47140102] quat=[-3.8058379e-01 -2.2425188e-06 -2.6179468e-06  9.2474651e-01] speed=0.0005 ang_speed=0.0020 ang_vel_vec=[ 0.00034391  0.00174397 -0.0008147 ] |com_force|=0.0000N
### kotek_magnet[tick=12120] sensor4: d=0.5249m in_range=False f_mag=0.000N tau_mag=0.0000Nm misalign_deg=90.0 pos=[-0.1090002   0.1089984   0.49140236] bottom_world=[-0.10900008  0.10899873  0.47140236] quat=[ 3.8268304e-01  3.7047633e-07 -8.8029319e-06  9.2387974e-01] speed=0.0011 ang_speed=0.0018 ang_vel_vec=[-0.00032016 -0.00126216  0.00124875] |com_force|=0.0000N
### kotek_magnet[tick=12180] sensor2: d=0.3070m in_range=False f_mag=0.000N tau_mag=0.0000Nm misalign_deg=90.3 pos=[ 0.1540713  -0.16090176  0.50600374] bottom_world=[ 0.15397422 -0.17057326  0.48849795] quat=[ 0.87222576 -0.2238297   0.11070514  0.42055526] speed=0.0650 ang_speed=2.2634 ang_vel_vec=[ 1.480167    0.35154158 -1.6758977 ] |com_force|=0.0000N
### kotek_magnet[tick=12180] sensor3: d=0.5470m in_range=False f_mag=0.000N tau_mag=0.0000Nm misalign_deg=90.0 pos=[-0.10910819 -0.10914563  0.4914009 ] bottom_world=[-0.10910792 -0.10914584  0.4714009 ] quat=[-3.8058376e-01 -4.4450221e-06  7.4464301e-06  9.2474651e-01] speed=0.0012 ang_speed=0.0141 ang_vel_vec=[ 1.2427445e-02  6.6272579e-03 -1.4173379e-05] |com_force|=0.0000N
### kotek_magnet[tick=12180] sensor4: d=0.5249m in_range=False f_mag=0.000N tau_mag=0.0000Nm misalign_deg=90.0 pos=[-0.10900017  0.10899839  0.49140233] bottom_world=[-0.10900005  0.10899872  0.47140233] quat=[ 3.8268307e-01  4.8615340e-07 -8.8252855e-06  9.2387974e-01] speed=0.0010 ang_speed=0.0021 ang_vel_vec=[-0.00041641 -0.00131703  0.00154699] |com_force|=0.0000N
### kotek_magnet[tick=12240] sensor2: d=0.2945m in_range=False f_mag=0.000N tau_mag=0.0000Nm misalign_deg=86.1 pos=[ 0.16577303 -0.16539447  0.49525678] bottom_world=[ 0.16713416 -0.17641811  0.47862468] quat=[ 0.8150132  -0.26389667  0.12064864  0.5015537 ] speed=0.0757 ang_speed=3.2510 ang_vel_vec=[-1.2443044 -2.5998209 -1.5039623] |com_force|=0.0000N
### kotek_magnet[tick=12240] sensor3: d=0.5470m in_range=False f_mag=0.000N tau_mag=0.0000Nm misalign_deg=90.0 pos=[-0.10910637 -0.10914621  0.49140102] bottom_world=[-0.10910656 -0.10914591  0.47140102] quat=[-3.8058323e-01  1.5239016e-06 -8.7676472e-06  9.2474669e-01] speed=0.0009 ang_speed=0.0024 ang_vel_vec=[-0.00023399  0.00223311  0.00072925] |com_force|=0.0000N
### kotek_magnet[tick=12240] sensor4: d=0.5249m in_range=False f_mag=0.000N tau_mag=0.0000Nm misalign_deg=90.0 pos=[-0.10900019  0.10899839  0.49140233] bottom_world=[-0.10900008  0.10899872  0.47140233] quat=[ 3.8268295e-01  5.5060508e-07 -8.6660702e-06  9.2387968e-01] speed=0.0010 ang_speed=0.0021 ang_vel_vec=[-0.00012886 -0.00168125  0.00121988] |com_force|=0.0000N
### kotek_magnet[tick=12300] sensor2: d=0.2795m in_range=False f_mag=0.000N tau_mag=0.0000Nm misalign_deg=80.6 pos=[ 0.17975578 -0.1672712   0.48547542] bottom_world=[ 0.18302738 -0.17925829  0.46980359] quat=[ 0.74731207 -0.30407518  0.12546901  0.57733923] speed=0.0789 ang_speed=3.0364 ang_vel_vec=[-0.562479  -2.5624967 -1.5287566] |com_force|=0.0000N
### kotek_magnet[tick=12300] sensor3: d=0.5470m in_range=False f_mag=0.000N tau_mag=0.0000Nm misalign_deg=90.0 pos=[-0.10910669 -0.10914621  0.49140105] bottom_world=[-0.10910686 -0.10914593  0.47140105] quat=[-3.8058323e-01  1.3176051e-06 -7.9640758e-06  9.2474669e-01] speed=0.0007 ang_speed=0.0027 ang_vel_vec=[-0.0026091  -0.00039228  0.00064093] |com_force|=0.0000N
### kotek_magnet[tick=12300] sensor4: d=0.5249m in_range=False f_mag=0.000N tau_mag=0.0000Nm misalign_deg=90.0 pos=[-0.10900019  0.10899837  0.4914024 ] bottom_world=[-0.10900007  0.10899869  0.47140239] quat=[ 3.826830e-01  3.859867e-07 -8.717159e-06  9.238797e-01] speed=0.0010 ang_speed=0.0017 ang_vel_vec=[-0.00064822 -0.00075614  0.0014153 ] |com_force|=0.0000N
### kotek_magnet[tick=12360] sensor2: d=0.2614m in_range=False f_mag=0.000N tau_mag=0.0000Nm misalign_deg=74.0 pos=[ 0.19604002 -0.16594456  0.4763319 ] bottom_world=[ 0.20156221 -0.17836355  0.46165967] quat=[ 0.66870445 -0.34269187  0.12552583  0.6477963 ] speed=0.0835 ang_speed=2.9533 ang_vel_vec=[ 0.14976713 -2.7108762  -1.1622891 ] |com_force|=0.0000N
### kotek_magnet[tick=12360] sensor3: d=0.5470m in_range=False f_mag=0.000N tau_mag=0.0000Nm misalign_deg=90.0 pos=[-0.10910647 -0.10914594  0.49140102] bottom_world=[-0.10910665 -0.10914576  0.47140102] quat=[-3.8058281e-01  2.2896447e-06 -5.7895977e-06  9.2474681e-01] speed=0.0010 ang_speed=0.0032 ang_vel_vec=[0.00270375 0.00075529 0.00160071] |com_force|=0.0000N
### kotek_magnet[tick=12360] sensor4: d=0.5249m in_range=False f_mag=0.000N tau_mag=0.0000Nm misalign_deg=90.0 pos=[-0.10900034  0.10899923  0.4914022 ] bottom_world=[-0.10900029  0.10899937  0.47140221] quat=[ 3.8268253e-01  1.5746640e-07 -3.7121995e-06  9.2387992e-01] speed=0.0001 ang_speed=0.0015 ang_vel_vec=[-0.00039209  0.00139484 -0.00032403] |com_force|=0.0000N
### kotek_magnet[tick=12420] sensor2: d=0.2403m in_range=False f_mag=0.000N tau_mag=0.0000Nm misalign_deg=66.5 pos=[ 0.21400853 -0.16086587  0.46795914] bottom_world=[ 0.22197555 -0.17310018  0.45428989] quat=[ 0.5809899  -0.379131    0.12053445  0.71005774] speed=0.0875 ang_speed=2.9552 ang_vel_vec=[ 1.0491683 -2.7341907 -0.3954867] |com_force|=0.0000N
### kotek_magnet[tick=12420] sensor3: d=0.5470m in_range=False f_mag=0.000N tau_mag=0.0000Nm misalign_deg=90.0 pos=[-0.10910641 -0.10914595  0.4914011 ] bottom_world=[-0.10910659 -0.10914576  0.47140111] quat=[-3.8058287e-01  2.3731473e-06 -6.0685343e-06  9.2474681e-01] speed=0.0010 ang_speed=0.0030 ang_vel_vec=[0.00251069 0.00069694 0.00147742] |com_force|=0.0000N
### kotek_magnet[tick=12420] sensor4: d=0.5249m in_range=False f_mag=0.000N tau_mag=0.0000Nm misalign_deg=90.0 pos=[-0.10900033  0.10899946  0.49140224] bottom_world=[-0.10900031  0.10899953  0.47140224] quat=[ 3.8268223e-01  8.4754518e-08 -1.7610541e-06  9.2388004e-01] speed=0.0004 ang_speed=0.0027 ang_vel_vec=[ 0.0020984   0.00146041 -0.00084904] |com_force|=0.0000N
### kotek_magnet[tick=12480] sensor2: d=0.2156m in_range=False f_mag=0.000N tau_mag=0.0000Nm misalign_deg=58.2 pos=[ 0.23353244 -0.15128703  0.46017772] bottom_world=[ 0.24408416 -0.16261485  0.44751511] quat=[ 0.4826808  -0.41418803  0.10900893  0.7639271 ] speed=0.0939 ang_speed=2.2200 ang_vel_vec=[ 0.32429513 -0.58635867 -2.1164567 ] |com_force|=0.0000N
### kotek_magnet[tick=12480] sensor3: d=0.5470m in_range=False f_mag=0.000N tau_mag=0.0000Nm misalign_deg=90.0 pos=[-0.10910644 -0.10914594  0.49140108] bottom_world=[-0.10910662 -0.10914575  0.47140108] quat=[-3.8058275e-01  2.3824070e-06 -6.0496450e-06  9.2474681e-01] speed=0.0010 ang_speed=0.0032 ang_vel_vec=[0.00272644 0.00068872 0.00151346] |com_force|=0.0000N
### kotek_magnet[tick=12480] sensor4: d=0.5249m in_range=False f_mag=0.000N tau_mag=0.0000Nm misalign_deg=90.0 pos=[-0.10900033  0.10899919  0.49140215] bottom_world=[-0.10900028  0.10899933  0.47140215] quat=[ 3.8268247e-01  1.7369098e-07 -3.7781422e-06  9.2387992e-01] speed=0.0001 ang_speed=0.0015 ang_vel_vec=[-0.00029037  0.00141368 -0.00040265] |com_force|=0.0000N
### kotek_magnet[tick=12540] sensor2: d=0.1891m in_range=False f_mag=0.000N tau_mag=0.0000Nm misalign_deg=49.9 pos=[ 0.25307664 -0.13702612  0.45341676] bottom_world=[ 0.26595368 -0.14685562  0.44168804] quat=[ 0.38231492 -0.44490296  0.09403882  0.8043962 ] speed=0.1026 ang_speed=3.1934 ang_vel_vec=[ 1.9568524  -2.5090702  -0.26978838] |com_force|=0.0000N
### kotek_magnet[tick=12540] sensor3: d=0.5470m in_range=False f_mag=0.000N tau_mag=0.0000Nm misalign_deg=90.0 pos=[-0.10910637 -0.10914616  0.49140105] bottom_world=[-0.10910658 -0.10914585  0.47140105] quat=[-3.8058317e-01  1.9789379e-06 -8.9606137e-06  9.2474681e-01] speed=0.0010 ang_speed=0.0021 ang_vel_vec=[-0.00114035  0.00154052  0.00073936] |com_force|=0.0000N
### kotek_magnet[tick=12540] sensor4: d=0.5249m in_range=False f_mag=0.000N tau_mag=0.0000Nm misalign_deg=90.0 pos=[-0.10900015  0.10899848  0.4914023 ] bottom_world=[-0.10900004  0.1089988   0.4714023 ] quat=[ 3.8268304e-01  4.2539520e-07 -8.3478299e-06  9.2387968e-01] speed=0.0010 ang_speed=0.0016 ang_vel_vec=[-0.00053499 -0.00077873  0.00128937] |com_force|=0.0000N
### kotek_magnet[tick=12600] sensor2: d=0.1610m in_range=False f_mag=0.000N tau_mag=0.0000Nm misalign_deg=41.4 pos=[ 0.27220494 -0.11798304  0.44730565] bottom_world=[ 0.28720975 -0.12566379  0.43654175] quat=[ 0.2772602  -0.47502354  0.07249237  0.8320002 ] speed=0.1004 ang_speed=2.2205 ang_vel_vec=[ 0.93073153  0.6890144  -1.8946782 ] |com_force|=0.0000N
### kotek_magnet[tick=12600] sensor3: d=0.5470m in_range=False f_mag=0.000N tau_mag=0.0000Nm misalign_deg=90.0 pos=[-0.10910641 -0.10914592  0.491401  ] bottom_world=[-0.10910659 -0.10914572  0.47140099] quat=[-3.8058302e-01  2.4080518e-06 -6.2444428e-06  9.2474681e-01] speed=0.0010 ang_speed=0.0027 ang_vel_vec=[0.00224014 0.00035499 0.00140396] |com_force|=0.0000N
### kotek_magnet[tick=12600] sensor4: d=0.5249m in_range=False f_mag=0.000N tau_mag=0.0000Nm misalign_deg=90.0 pos=[-0.10900018  0.10899848  0.49140233] bottom_world=[-0.10900007  0.1089988   0.47140233] quat=[ 3.8268298e-01  5.3970979e-07 -8.3233881e-06  9.2387968e-01] speed=0.0010 ang_speed=0.0015 ang_vel_vec=[-0.00029597 -0.00085971  0.00123256] |com_force|=0.0000N
### kotek_magnet[tick=12660] sensor2: d=0.1336m in_range=False f_mag=0.000N tau_mag=0.0000Nm misalign_deg=33.5 pos=[ 0.28984872 -0.09359296  0.44201386] bottom_world=[ 0.3065256  -0.09859031  0.43216967] quat=[ 0.1694389  -0.5016698   0.04714484  0.84699184] speed=0.1183 ang_speed=1.9799 ang_vel_vec=[ 0.8870522   0.24501342 -1.7529964 ] |com_force|=0.0000N
### kotek_magnet[tick=12660] sensor3: d=0.5470m in_range=False f_mag=0.000N tau_mag=0.0000Nm misalign_deg=90.0 pos=[-0.10910642 -0.10914593  0.491401  ] bottom_world=[-0.1091066  -0.10914574  0.47140099] quat=[-3.8058296e-01  2.3388873e-06 -6.1118280e-06  9.2474675e-01] speed=0.0010 ang_speed=0.0033 ang_vel_vec=[0.0028626  0.00070123 0.0014771 ] |com_force|=0.0000N
### kotek_magnet[tick=12660] sensor4: d=0.5249m in_range=False f_mag=0.000N tau_mag=0.0000Nm misalign_deg=90.0 pos=[-0.10900016  0.10899844  0.49140224] bottom_world=[-0.10900005  0.10899875  0.47140224] quat=[ 3.8268307e-01  5.1271195e-07 -8.2698389e-06  9.2387974e-01] speed=0.0010 ang_speed=0.0016 ang_vel_vec=[-0.00029917 -0.00093315  0.00130657] |com_force|=0.0000N
### kotek_magnet[tick=12720] sensor2: d=0.1128m in_range=False f_mag=0.000N tau_mag=0.0000Nm misalign_deg=27.5 pos=[ 0.30387738 -0.06640607  0.437979  ] bottom_world=[ 0.32162216 -0.06852719  0.42899994] quat=[ 0.06912632 -0.5245307   0.01976677  0.8483504 ] speed=0.1138 ang_speed=2.1357 ang_vel_vec=[ 1.1182128   0.06078845 -1.8184948 ] |com_force|=0.0000N
### kotek_magnet[tick=12720] sensor3: d=0.5470m in_range=False f_mag=0.000N tau_mag=0.0000Nm misalign_deg=90.0 pos=[-0.10910665 -0.1091461   0.49140105] bottom_world=[-0.10910683 -0.10914584  0.47140105] quat=[-3.8058320e-01  1.4884031e-06 -7.8474268e-06  9.2474669e-01] speed=0.0007 ang_speed=0.0029 ang_vel_vec=[-0.00277025 -0.00063672  0.0006113 ] |com_force|=0.0000N
### kotek_magnet[tick=12720] sensor4: d=0.5249m in_range=False f_mag=0.000N tau_mag=0.0000Nm misalign_deg=90.0 pos=[-0.10900014  0.10899848  0.49140233] bottom_world=[-0.10900004  0.10899879  0.47140233] quat=[ 3.8268301e-01  6.3870993e-07 -8.1531316e-06  9.2387968e-01] speed=0.0010 ang_speed=0.0019 ang_vel_vec=[-0.00031589 -0.0012807   0.00138587] |com_force|=0.0000N
### kotek_magnet[tick=12780] sensor2: d=0.1052m in_range=False f_mag=0.000N tau_mag=0.0000Nm misalign_deg=25.0 pos=[ 0.31090444 -0.04762551  0.4360119 ] bottom_world=[ 0.32902866 -0.04786979  0.42755891] quat=[ 0.00856906 -0.53728193  0.00178197  0.84335726] speed=0.0882 ang_speed=3.0368 ang_vel_vec=[ 2.9512577 -0.3746308 -0.6098261] |com_force|=0.0000N
### kotek_magnet[tick=12780] sensor3: d=0.5470m in_range=False f_mag=0.000N tau_mag=0.0000Nm misalign_deg=90.0 pos=[-0.10910668 -0.10914616  0.4914011 ] bottom_world=[-0.10910685 -0.10914589  0.47140111] quat=[-3.8058335e-01  1.4473150e-06 -7.6854212e-06  9.2474663e-01] speed=0.0007 ang_speed=0.0029 ang_vel_vec=[-0.00275175 -0.00061508  0.00054836] |com_force|=0.0000N
### kotek_magnet[tick=12780] sensor4: d=0.5249m in_range=False f_mag=0.000N tau_mag=0.0000Nm misalign_deg=90.0 pos=[-0.10900031  0.10899872  0.4914023 ] bottom_world=[-0.10900017  0.10899901  0.4714023 ] quat=[ 3.8268277e-01 -5.0623311e-07 -7.9886104e-06  9.2387980e-01] speed=0.0006 ang_speed=0.0042 ang_vel_vec=[-0.00146452  0.00386491  0.0004302 ] |com_force|=0.0000N
### kotek_magnet[tick=12840] sensor2: d=0.0988m in_range=True f_mag=1.512N tau_mag=0.0020Nm misalign_deg=25.8 pos=[ 0.31085286 -0.05021923  0.4272226 ] bottom_world=[ 0.32886337 -0.05059872  0.41853484] quat=[ 0.01346475 -0.53178775  0.00274817  0.8467662 ] speed=0.0714 ang_speed=3.0039 ang_vel_vec=[ 2.8704028 -0.2381115 -0.8528457] |com_force|=0.4110N
### kotek_magnet[tick=12840] sensor3: d=0.5470m in_range=False f_mag=0.000N tau_mag=0.0000Nm misalign_deg=90.0 pos=[-0.10910643 -0.10914594  0.4914011 ] bottom_world=[-0.10910661 -0.10914575  0.47140111] quat=[-3.8058302e-01  2.3422481e-06 -6.0276843e-06  9.2474687e-01] speed=0.0010 ang_speed=0.0031 ang_vel_vec=[0.00270829 0.00072396 0.00142137] |com_force|=0.0000N
### kotek_magnet[tick=12840] sensor4: d=0.5249m in_range=False f_mag=0.000N tau_mag=0.0000Nm misalign_deg=90.0 pos=[-0.10900017  0.10899843  0.4914023 ] bottom_world=[-0.10900007  0.10899874  0.4714023 ] quat=[ 3.8268301e-01  6.0284583e-07 -8.1666258e-06  9.2387974e-01] speed=0.0010 ang_speed=0.0017 ang_vel_vec=[-0.00023546 -0.00114065  0.00125909] |com_force|=0.0000N
### kotek_magnet[tick=12900] sensor2: d=0.0789m in_range=True f_mag=1.565N tau_mag=0.0015Nm misalign_deg=25.4 pos=[ 0.32261983 -0.05098782  0.41057947] bottom_world=[ 0.34068178 -0.05129507  0.40199627] quat=[ 0.01067082 -0.53424186  0.00234297  0.84526116] speed=0.0829 ang_speed=3.0323 ang_vel_vec=[ 2.9109995 -0.4819999 -0.6990418] |com_force|=0.4351N
### kotek_magnet[tick=12900] sensor3: d=0.5470m in_range=False f_mag=0.000N tau_mag=0.0000Nm misalign_deg=90.0 pos=[-0.10910645 -0.10914592  0.4914011 ] bottom_world=[-0.10910663 -0.10914573  0.47140111] quat=[-3.8058284e-01  2.3808830e-06 -6.1441146e-06  9.2474687e-01] speed=0.0010 ang_speed=0.0028 ang_vel_vec=[0.0022521  0.00050245 0.00150457] |com_force|=0.0000N
### kotek_magnet[tick=12900] sensor4: d=0.5249m in_range=False f_mag=0.000N tau_mag=0.0000Nm misalign_deg=90.0 pos=[-0.10900015  0.10899844  0.4914023 ] bottom_world=[-0.10900004  0.10899876  0.4714023 ] quat=[ 3.8268313e-01  4.8699872e-07 -8.3476189e-06  9.2387968e-01] speed=0.0010 ang_speed=0.0016 ang_vel_vec=[-0.00041284 -0.00075172  0.00130167] |com_force|=0.0000N
### kotek_magnet[tick=12960] sensor2: d=0.0576m in_range=True f_mag=1.125N tau_mag=0.0011Nm misalign_deg=24.9 pos=[ 0.33609182 -0.05153856  0.39331624] bottom_world=[ 0.35423389 -0.05175952  0.38490101] quat=[ 0.00711754 -0.538159    0.00200945  0.84281087] speed=0.0836 ang_speed=3.0772 ang_vel_vec=[ 3.030583   -0.53297293  0.03068596] |com_force|=0.4085N
### kotek_magnet[tick=12960] sensor3: d=0.5470m in_range=False f_mag=0.000N tau_mag=0.0000Nm misalign_deg=90.0 pos=[-0.10910642 -0.1091459   0.491401  ] bottom_world=[-0.1091066  -0.10914572  0.47140099] quat=[-3.8058296e-01  2.3170153e-06 -5.8321248e-06  9.2474687e-01] speed=0.0010 ang_speed=0.0034 ang_vel_vec=[0.00302734 0.00090623 0.00135971] |com_force|=0.0000N
### kotek_magnet[tick=12960] sensor4: d=0.5249m in_range=False f_mag=0.000N tau_mag=0.0000Nm misalign_deg=90.0 pos=[-0.10900033  0.1089987   0.49140242] bottom_world=[-0.10900018  0.10899899  0.47140242] quat=[ 3.8268271e-01 -7.3235316e-07 -8.0743157e-06  9.2387986e-01] speed=0.0006 ang_speed=0.0041 ang_vel_vec=[-0.00120681  0.0039343   0.00027165] |com_force|=0.0000N
### kotek_magnet[tick=13020] sensor2: d=0.0219m in_range=True f_mag=0.389N tau_mag=0.0003Nm misalign_deg=15.1 pos=[ 0.36198226 -0.05073544  0.36646092] bottom_world=[ 0.38129481 -0.05012663  0.36129811] quat=[-0.00109165 -0.6087636  -0.01835176  0.79313874] speed=0.1174 ang_speed=0.5285 ang_vel_vec=[0.04933017 0.518335   0.0906124 ] |com_force|=0.6278N
### kotek_magnet[tick=13020] sensor3: d=0.5470m in_range=False f_mag=0.000N tau_mag=0.0000Nm misalign_deg=90.0 pos=[-0.10910667 -0.10914615  0.49140102] bottom_world=[-0.10910685 -0.10914588  0.47140102] quat=[-3.8058326e-01  1.5045741e-06 -7.8596449e-06  9.2474669e-01] speed=0.0007 ang_speed=0.0030 ang_vel_vec=[-0.00283051 -0.00072867  0.00048227] |com_force|=0.0000N
### kotek_magnet[tick=13020] sensor4: d=0.5249m in_range=False f_mag=0.000N tau_mag=0.0000Nm misalign_deg=90.0 pos=[-0.10900033  0.10899925  0.4914023 ] bottom_world=[-0.10900028  0.10899939  0.4714023 ] quat=[ 3.8268256e-01  2.9651684e-07 -3.6208307e-06  9.2387992e-01] speed=0.0001 ang_speed=0.0013 ang_vel_vec=[-0.00030409  0.00117876 -0.00047947] |com_force|=0.0000N
### kotek_magnet[tick=13044]: welded sensor 2 at d=0.0145m misalign_deg=15.0 pos=[ 0.3702438  -0.05023697  0.36516556] wall_pos=[0.425 0.    0.5  ] local_pos1=[-0.05475621 -0.05023697 -0.13483444] quat=[ 0.00938781 -0.60889953 -0.01210659  0.79309946]
### kotek_magnet[tick=13080] sensor3: d=0.5470m in_range=False f_mag=0.000N tau_mag=0.0000Nm misalign_deg=90.0 pos=[-0.10910645 -0.10914592  0.49140102] bottom_world=[-0.10910664 -0.10914573  0.47140102] quat=[-3.8058290e-01  2.4525341e-06 -6.2297727e-06  9.2474687e-01] speed=0.0010 ang_speed=0.0032 ang_vel_vec=[0.00269564 0.000548   0.00154694] |com_force|=0.0000N
### kotek_magnet[tick=13080] sensor4: d=0.5249m in_range=False f_mag=0.000N tau_mag=0.0000Nm misalign_deg=90.0 pos=[-0.10900033  0.10899952  0.49140233] bottom_world=[-0.10900031  0.10899958  0.47140233] quat=[ 3.8268229e-01  1.4925909e-07 -1.5851324e-06  9.2388010e-01] speed=0.0004 ang_speed=0.0024 ang_vel_vec=[ 0.0018965   0.00120096 -0.00074752] |com_force|=0.0000N
### kotek_magnet[tick=13140] sensor3: d=0.5470m in_range=False f_mag=0.000N tau_mag=0.0000Nm misalign_deg=90.0 pos=[-0.10910642 -0.1091459   0.49140117] bottom_world=[-0.1091066  -0.10914571  0.47140117] quat=[-3.8058305e-01  2.4033700e-06 -6.1380747e-06  9.2474687e-01] speed=0.0010 ang_speed=0.0033 ang_vel_vec=[0.00289151 0.00066045 0.00151458] |com_force|=0.0000N
### kotek_magnet[tick=13140] sensor4: d=0.5249m in_range=False f_mag=0.000N tau_mag=0.0000Nm misalign_deg=90.0 pos=[-0.10900033  0.10899954  0.49140233] bottom_world=[-0.10900031  0.10899959  0.47140233] quat=[ 3.8268226e-01  2.6580403e-07 -1.4419534e-06  9.2388004e-01] speed=0.0004 ang_speed=0.0023 ang_vel_vec=[ 0.0019461   0.00095391 -0.00076297] |com_force|=0.0000N
### kotek_magnet[tick=13200] sensor3: d=0.5470m in_range=False f_mag=0.000N tau_mag=0.0000Nm misalign_deg=90.0 pos=[-0.10910644 -0.10914592  0.4914011 ] bottom_world=[-0.10910662 -0.10914573  0.47140111] quat=[-3.8058293e-01  2.3964412e-06 -6.2968556e-06  9.2474687e-01] speed=0.0010 ang_speed=0.0028 ang_vel_vec=[0.00234277 0.00044244 0.00147012] |com_force|=0.0000N
### kotek_magnet[tick=13200] sensor4: d=0.5249m in_range=False f_mag=0.000N tau_mag=0.0000Nm misalign_deg=90.0 pos=[-0.10900033  0.10899951  0.4914023 ] bottom_world=[-0.10900032  0.10899957  0.4714023 ] quat=[ 3.8268226e-01  3.6296044e-07 -1.4879379e-06  9.2388010e-01] speed=0.0004 ang_speed=0.0022 ang_vel_vec=[ 0.00189187  0.00083248 -0.00081146] |com_force|=0.0000N
### kotek_magnet[tick=13260] sensor3: d=0.5470m in_range=False f_mag=0.000N tau_mag=0.0000Nm misalign_deg=90.0 pos=[-0.10910644 -0.10914595  0.49140102] bottom_world=[-0.10910663 -0.10914576  0.47140102] quat=[-3.8058290e-01  2.4108467e-06 -6.1717815e-06  9.2474681e-01] speed=0.0010 ang_speed=0.0033 ang_vel_vec=[0.00281802 0.00071031 0.00146277] |com_force|=0.0000N
### kotek_magnet[tick=13260] sensor4: d=0.5249m in_range=False f_mag=0.000N tau_mag=0.0000Nm misalign_deg=90.0 pos=[-0.10900039  0.10899835  0.49140233] bottom_world=[-0.10900018  0.1089987   0.47140233] quat=[ 3.8268295e-01 -1.5145436e-06 -9.9710796e-06  9.2387974e-01] speed=0.0009 ang_speed=0.0037 ang_vel_vec=[0.00022245 0.00362189 0.00054948] |com_force|=0.0000N
### kotek_magnet[tick=13320] sensor3: d=0.5470m in_range=False f_mag=0.000N tau_mag=0.0000Nm misalign_deg=90.0 pos=[-0.10910633 -0.10914616  0.49140102] bottom_world=[-0.10910655 -0.10914586  0.47140102] quat=[-3.805832e-01  2.107523e-06 -8.933400e-06  9.247468e-01] speed=0.0010 ang_speed=0.0019 ang_vel_vec=[-0.0009597   0.00146443  0.0006421 ] |com_force|=0.0000N
### kotek_magnet[tick=13320] sensor4: d=0.5249m in_range=False f_mag=0.000N tau_mag=0.0000Nm misalign_deg=90.0 pos=[-0.10900016  0.10899844  0.49140233] bottom_world=[-0.10900004  0.10899876  0.47140233] quat=[ 3.8268307e-01  2.2495465e-07 -8.5200027e-06  9.2387980e-01] speed=0.0010 ang_speed=0.0015 ang_vel_vec=[-0.00082748 -0.00026391  0.00116519] |com_force|=0.0000N
### kotek_magnet[tick=13380] sensor3: d=0.5470m in_range=False f_mag=0.000N tau_mag=0.0000Nm misalign_deg=90.0 pos=[-0.10910641 -0.10914592  0.49140108] bottom_world=[-0.1091066  -0.10914572  0.47140108] quat=[-3.8058290e-01  2.4536296e-06 -6.4484339e-06  9.2474693e-01] speed=0.0010 ang_speed=0.0027 ang_vel_vec=[0.0021591  0.00041902 0.00162916] |com_force|=0.0000N
### kotek_magnet[tick=13380] sensor4: d=0.5249m in_range=False f_mag=0.000N tau_mag=0.0000Nm misalign_deg=90.0 pos=[-0.10900015  0.10899845  0.4914024 ] bottom_world=[-0.10900005  0.10899877  0.47140239] quat=[ 3.8268319e-01  6.4294636e-07 -8.3558089e-06  9.2387974e-01] speed=0.0010 ang_speed=0.0023 ang_vel_vec=[-0.00024918 -0.00182755  0.00141202] |com_force|=0.0000N
### kotek_magnet[tick=13440] sensor3: d=0.5470m in_range=False f_mag=0.000N tau_mag=0.0000Nm misalign_deg=90.0 pos=[-0.10910639 -0.10914595  0.49140114] bottom_world=[-0.10910659 -0.10914574  0.47140114] quat=[-3.8058290e-01  2.5397144e-06 -6.6556249e-06  9.2474687e-01] speed=0.0010 ang_speed=0.0025 ang_vel_vec=[1.8656432e-03 8.4330408e-05 1.6668133e-03] |com_force|=0.0000N
### kotek_magnet[tick=13440] sensor4: d=0.5249m in_range=False f_mag=0.000N tau_mag=0.0000Nm misalign_deg=90.0 pos=[-0.109       0.10900019  0.49140236] bottom_world=[-0.10900022  0.10900005  0.47140236] quat=[3.8268206e-01 3.8172252e-06 5.3492613e-06 9.2388010e-01] speed=0.0010 ang_speed=0.0023 ang_vel_vec=[ 0.00162392 -0.0015399  -0.00066885] |com_force|=0.0000N
### kotek_magnet[tick=13500] sensor3: d=0.5470m in_range=False f_mag=0.000N tau_mag=0.0000Nm misalign_deg=90.0 pos=[-0.10910641 -0.10914588  0.4914011 ] bottom_world=[-0.1091066  -0.10914568  0.47140111] quat=[-3.8058278e-01  2.6195892e-06 -6.4958931e-06  9.2474681e-01] speed=0.0010 ang_speed=0.0032 ang_vel_vec=[0.00276695 0.00049167 0.00158681] |com_force|=0.0000N
### kotek_magnet[tick=13500] sensor4: d=0.5249m in_range=False f_mag=0.000N tau_mag=0.0000Nm misalign_deg=90.0 pos=[-0.10900031  0.10899954  0.49140224] bottom_world=[-0.10900028  0.1089996   0.47140224] quat=[ 3.8268226e-01 -3.0500049e-09 -1.6949557e-06  9.2388004e-01] speed=0.0004 ang_speed=0.0026 ang_vel_vec=[ 0.00186014  0.00163835 -0.00069772] |com_force|=0.0000N
### kotek_magnet[tick=13560] sensor3: d=0.5470m in_range=False f_mag=0.000N tau_mag=0.0000Nm misalign_deg=90.0 pos=[-0.10910664 -0.10914616  0.49140102] bottom_world=[-0.10910683 -0.10914588  0.47140102] quat=[-3.8058329e-01  1.5986727e-06 -8.0876280e-06  9.2474669e-01] speed=0.0007 ang_speed=0.0032 ang_vel_vec=[-0.00304227 -0.00080292  0.00055176] |com_force|=0.0000N
### kotek_magnet[tick=13560] sensor4: d=0.5249m in_range=False f_mag=0.000N tau_mag=0.0000Nm misalign_deg=90.0 pos=[-0.1090003   0.10899951  0.49140227] bottom_world=[-0.10900028  0.10899958  0.47140227] quat=[ 3.8268223e-01  1.6667076e-07 -1.6768483e-06  9.2388004e-01] speed=0.0004 ang_speed=0.0027 ang_vel_vec=[ 0.00204242  0.00158959 -0.00082441] |com_force|=0.0000N
### kotek_magnet[tick=13620] sensor3: d=0.5470m in_range=False f_mag=0.000N tau_mag=0.0000Nm misalign_deg=90.0 pos=[-0.10910665 -0.10914616  0.49140102] bottom_world=[-0.10910683 -0.10914588  0.47140102] quat=[-3.8058320e-01  1.4512942e-06 -7.9810407e-06  9.2474675e-01] speed=0.0007 ang_speed=0.0027 ang_vel_vec=[-0.00261442 -0.00049448  0.00057731] |com_force|=0.0000N
### kotek_magnet[tick=13620] sensor4: d=0.5249m in_range=False f_mag=0.000N tau_mag=0.0000Nm misalign_deg=90.0 pos=[-0.10900033  0.10899951  0.49140224] bottom_world=[-0.10900031  0.10899958  0.47140224] quat=[ 3.8268223e-01  2.9867570e-07 -1.6848908e-06  9.2388010e-01] speed=0.0004 ang_speed=0.0028 ang_vel_vec=[ 0.00259632  0.00079855 -0.00078236] |com_force|=0.0000N
### kotek_magnet[tick=13680] sensor3: d=0.5470m in_range=False f_mag=0.000N tau_mag=0.0000Nm misalign_deg=90.0 pos=[-0.10910643 -0.10914595  0.4914011 ] bottom_world=[-0.10910661 -0.10914576  0.47140111] quat=[-3.8058296e-01  2.3639629e-06 -6.3342222e-06  9.2474681e-01] speed=0.0010 ang_speed=0.0027 ang_vel_vec=[0.00220036 0.00049607 0.00155266] |com_force|=0.0000N
### kotek_magnet[tick=13680] sensor4: d=0.5249m in_range=False f_mag=0.000N tau_mag=0.0000Nm misalign_deg=90.0 pos=[-0.10900004  0.10900015  0.49140236] bottom_world=[-0.10900029  0.10899999  0.47140236] quat=[3.8268197e-01 4.1837347e-06 6.0476241e-06 9.2388010e-01] speed=0.0010 ang_speed=0.0034 ang_vel_vec=[ 0.00235076 -0.00227661 -0.00079361] |com_force|=0.0000N
### kotek_magnet[tick=13740] sensor3: d=0.5470m in_range=False f_mag=0.000N tau_mag=0.0000Nm misalign_deg=90.0 pos=[-0.10910646 -0.10914592  0.49140102] bottom_world=[-0.10910663 -0.10914574  0.47140102] quat=[-3.8058278e-01  2.3114621e-06 -5.9492268e-06  9.2474693e-01] speed=0.0010 ang_speed=0.0030 ang_vel_vec=[0.00251437 0.00074776 0.0014871 ] |com_force|=0.0000N
### kotek_magnet[tick=13740] sensor4: d=0.5249m in_range=False f_mag=0.000N tau_mag=0.0000Nm misalign_deg=90.0 pos=[-0.109       0.10900012  0.4914023 ] bottom_world=[-0.10900024  0.10899997  0.4714023 ] quat=[3.8268220e-01 3.9388365e-06 5.6947842e-06 9.2388016e-01] speed=0.0009 ang_speed=0.0034 ang_vel_vec=[ 0.00232476 -0.00227476 -0.00086818] |com_force|=0.0000N
### still playing, 1159s left
### kotek_magnet[tick=13800] sensor3: d=0.5470m in_range=False f_mag=0.000N tau_mag=0.0000Nm misalign_deg=90.0 pos=[-0.10910645 -0.10914595  0.49140108] bottom_world=[-0.10910663 -0.10914575  0.47140108] quat=[-3.8058293e-01  2.1951341e-06 -6.1563269e-06  9.2474681e-01] speed=0.0010 ang_speed=0.0024 ang_vel_vec=[0.00176744 0.00048398 0.00161022] |com_force|=0.0000N
### kotek_magnet[tick=13800] sensor4: d=0.5249m in_range=False f_mag=0.000N tau_mag=0.0000Nm misalign_deg=90.0 pos=[-0.10900003  0.1090001   0.49140227] bottom_world=[-0.10900027  0.10899996  0.47140227] quat=[3.8268209e-01 3.9955903e-06 5.4859352e-06 9.2388010e-01] speed=0.0009 ang_speed=0.0034 ang_vel_vec=[ 0.00230615 -0.00235901 -0.00076171] |com_force|=0.0000N
### kotek_magnet[tick=13860] sensor3: d=0.5470m in_range=False f_mag=0.000N tau_mag=0.0000Nm misalign_deg=90.0 pos=[-0.10910644 -0.10914593  0.49140108] bottom_world=[-0.10910662 -0.10914575  0.47140108] quat=[-3.8058308e-01  2.2645306e-06 -5.9571275e-06  9.2474681e-01] speed=0.0010 ang_speed=0.0031 ang_vel_vec=[0.00253494 0.00069812 0.00154988] |com_force|=0.0000N
### kotek_magnet[tick=13860] sensor4: d=0.5249m in_range=False f_mag=0.000N tau_mag=0.0000Nm misalign_deg=90.0 pos=[-0.10900034  0.10899925  0.49140224] bottom_world=[-0.10900029  0.10899939  0.47140224] quat=[ 3.8268238e-01  1.7380849e-07 -3.7639570e-06  9.2388004e-01] speed=0.0001 ang_speed=0.0018 ang_vel_vec=[-0.00056118  0.00163727 -0.0004002 ] |com_force|=0.0000N
### kotek_magnet[tick=13920] sensor3: d=0.5470m in_range=False f_mag=0.000N tau_mag=0.0000Nm misalign_deg=90.0 pos=[-0.10910646 -0.10914593  0.49140105] bottom_world=[-0.10910663 -0.10914574  0.47140105] quat=[-3.8058302e-01  2.1383921e-06 -5.9350086e-06  9.2474687e-01] speed=0.0010 ang_speed=0.0032 ang_vel_vec=[0.00267922 0.00086873 0.00144755] |com_force|=0.0000N
### kotek_magnet[tick=13920] sensor4: d=0.5249m in_range=False f_mag=0.000N tau_mag=0.0000Nm misalign_deg=90.0 pos=[-0.10899985  0.10900021  0.49140227] bottom_world=[-0.10900016  0.10900005  0.47140227] quat=[3.8268241e-01 5.5495234e-06 6.8046284e-06 9.2388004e-01] speed=0.0012 ang_speed=0.0164 ang_vel_vec=[ 0.0086265  -0.01399745 -0.0004015 ] |com_force|=0.0000N
### kotek_magnet[tick=13980] sensor3: d=0.5470m in_range=False f_mag=0.000N tau_mag=0.0000Nm misalign_deg=90.0 pos=[-0.10910638 -0.10914595  0.49140114] bottom_world=[-0.10910658 -0.10914574  0.47140114] quat=[-3.8058293e-01  2.4401579e-06 -6.6621860e-06  9.2474681e-01] speed=0.0010 ang_speed=0.0024 ang_vel_vec=[0.00185429 0.00034579 0.00144335] |com_force|=0.0000N
### kotek_magnet[tick=13980] sensor4: d=0.5249m in_range=False f_mag=0.000N tau_mag=0.0000Nm misalign_deg=90.0 pos=[-0.10900037  0.10899919  0.4914023 ] bottom_world=[-0.10900032  0.10899933  0.4714023 ] quat=[ 3.8268244e-01  2.4811783e-07 -3.7451227e-06  9.2387998e-01] speed=0.0002 ang_speed=0.0015 ang_vel_vec=[-0.00045561  0.00128429 -0.00051293] |com_force|=0.0000N
### kotek_magnet[tick=14040] sensor3: d=0.5470m in_range=False f_mag=0.000N tau_mag=0.0000Nm misalign_deg=90.0 pos=[-0.10910647 -0.10914596  0.49140108] bottom_world=[-0.10910664 -0.10914578  0.47140108] quat=[-3.8058287e-01  2.2568963e-06 -5.9185672e-06  9.2474687e-01] speed=0.0010 ang_speed=0.0029 ang_vel_vec=[0.00238849 0.00067184 0.00151603] |com_force|=0.0000N
### kotek_magnet[tick=14040] sensor4: d=0.5249m in_range=False f_mag=0.000N tau_mag=0.0000Nm misalign_deg=90.0 pos=[-0.10900035  0.10899916  0.49140227] bottom_world=[-0.10900029  0.1089993   0.47140227] quat=[ 3.8268244e-01  8.0317534e-08 -3.9999645e-06  9.2388004e-01] speed=0.0002 ang_speed=0.0020 ang_vel_vec=[-0.00074479  0.00184575 -0.00040967] |com_force|=0.0000N
### kotek_magnet[tick=14100] sensor3: d=0.5470m in_range=False f_mag=0.000N tau_mag=0.0000Nm misalign_deg=90.0 pos=[-0.10910649 -0.10914598  0.491401  ] bottom_world=[-0.10910666 -0.1091458   0.47140099] quat=[-3.8058305e-01  2.2580170e-06 -5.9644881e-06  9.2474675e-01] speed=0.0009 ang_speed=0.0030 ang_vel_vec=[0.00243889 0.00068236 0.00162295] |com_force|=0.0000N
### kotek_magnet[tick=14100] sensor4: d=0.5249m in_range=False f_mag=0.000N tau_mag=0.0000Nm misalign_deg=90.0 pos=[-0.10900037  0.1089986   0.49140242] bottom_world=[-0.10900022  0.10899891  0.47140242] quat=[ 3.8268268e-01 -4.9839571e-07 -8.4076155e-06  9.2387992e-01] speed=0.0007 ang_speed=0.0047 ang_vel_vec=[-0.00186595  0.00428821  0.00051771] |com_force|=0.0000N
### kotek_magnet[tick=14160] sensor3: d=0.5470m in_range=False f_mag=0.000N tau_mag=0.0000Nm misalign_deg=90.0 pos=[-0.1091067  -0.10914616  0.49140105] bottom_world=[-0.10910687 -0.10914589  0.47140105] quat=[-3.8058332e-01  1.2914963e-06 -7.8868907e-06  9.2474669e-01] speed=0.0006 ang_speed=0.0023 ang_vel_vec=[-0.00222729 -0.00024312  0.00051625] |com_force|=0.0000N
### kotek_magnet[tick=14160] sensor4: d=0.5249m in_range=False f_mag=0.000N tau_mag=0.0000Nm misalign_deg=90.0 pos=[-0.1090002   0.1089984   0.49140242] bottom_world=[-0.10900008  0.10899872  0.47140242] quat=[ 3.8268292e-01  3.8011245e-07 -8.6858799e-06  9.2387974e-01] speed=0.0010 ang_speed=0.0019 ang_vel_vec=[-0.00014383 -0.0013756   0.00130656] |com_force|=0.0000N
### kotek_magnet[tick=14220] sensor3: d=0.5470m in_range=False f_mag=0.000N tau_mag=0.0000Nm misalign_deg=90.0 pos=[-0.10910672 -0.10914616  0.491401  ] bottom_world=[-0.10910689 -0.10914588  0.47140099] quat=[-3.8058329e-01  1.3749617e-06 -8.1292401e-06  9.2474675e-01] speed=0.0006 ang_speed=0.0031 ang_vel_vec=[-0.00302601 -0.00063339  0.00058351] |com_force|=0.0000N
### kotek_magnet[tick=14220] sensor4: d=0.5249m in_range=False f_mag=0.000N tau_mag=0.0000Nm misalign_deg=90.0 pos=[-0.10900019  0.10899841  0.49140236] bottom_world=[-0.10900007  0.10899874  0.47140236] quat=[ 3.8268325e-01  2.8735329e-07 -8.7858089e-06  9.2387974e-01] speed=0.0010 ang_speed=0.0016 ang_vel_vec=[-0.00064779 -0.00049555  0.00139992] |com_force|=0.0000N
### kotek_magnet[tick=14280] sensor3: d=0.5470m in_range=False f_mag=0.000N tau_mag=0.0000Nm misalign_deg=90.0 pos=[-0.10910651 -0.10914592  0.49140105] bottom_world=[-0.10910668 -0.10914574  0.47140105] quat=[-3.8058293e-01  2.1641774e-06 -5.6210720e-06  9.2474681e-01] speed=0.0009 ang_speed=0.0036 ang_vel_vec=[0.00302537 0.00090057 0.0017348 ] |com_force|=0.0000N
### kotek_magnet[tick=14280] sensor4: d=0.5249m in_range=False f_mag=0.000N tau_mag=0.0000Nm misalign_deg=90.0 pos=[-0.10900038  0.1089995   0.4914023 ] bottom_world=[-0.10900037  0.10899956  0.4714023 ] quat=[ 3.8268223e-01  2.3167998e-07 -1.4524337e-06  9.2388016e-01] speed=0.0004 ang_speed=0.0025 ang_vel_vec=[ 0.00209735  0.00116766 -0.00059289] |com_force|=0.0000N
### kotek_magnet[tick=14340] sensor3: d=0.5470m in_range=False f_mag=0.000N tau_mag=0.0000Nm misalign_deg=90.0 pos=[-0.10910648 -0.10914599  0.49140108] bottom_world=[-0.10910665 -0.1091458   0.47140108] quat=[-3.8058305e-01  2.1398998e-06 -5.9749791e-06  9.2474687e-01] speed=0.0009 ang_speed=0.0023 ang_vel_vec=[0.0018164  0.00046875 0.00140375] |com_force|=0.0000N
### kotek_magnet[tick=14340] sensor4: d=0.5249m in_range=False f_mag=0.000N tau_mag=0.0000Nm misalign_deg=90.0 pos=[-0.10900036  0.10899946  0.4914023 ] bottom_world=[-0.10900034  0.10899953  0.4714023 ] quat=[ 3.8268226e-01  3.0503941e-07 -1.6941794e-06  9.2388004e-01] speed=0.0004 ang_speed=0.0027 ang_vel_vec=[ 0.00252189  0.00049724 -0.0009088 ] |com_force|=0.0000N
### kotek_magnet[tick=14400] sensor3: d=0.5470m in_range=False f_mag=0.000N tau_mag=0.0000Nm misalign_deg=90.0 pos=[-0.10911358 -0.10914173  0.49140587] bottom_world=[-0.10911301 -0.10914471  0.47140587] quat=[-3.8055235e-01  1.5235308e-05  7.4408024e-05  9.2475951e-01] speed=0.0078 ang_speed=0.0826 ang_vel_vec=[-0.04028828 -0.00691577 -0.07180785] |com_force|=0.0000N
### kotek_magnet[tick=14400] sensor4: d=0.5249m in_range=False f_mag=0.000N tau_mag=0.0000Nm misalign_deg=90.0 pos=[-0.10900009  0.10900014  0.4914023 ] bottom_world=[-0.10900028  0.10900001  0.4714023 ] quat=[3.8268217e-01 3.3887402e-06 4.7644098e-06 9.2388010e-01] speed=0.0010 ang_speed=0.0009 ang_vel_vec=[ 0.00067115 -0.00050677 -0.00035245] |com_force|=0.0000N
### kotek_magnet[tick=14460] sensor3: d=0.5507m in_range=False f_mag=0.000N tau_mag=0.0000Nm misalign_deg=73.0 pos=[-0.11590711 -0.10472494  0.4932714 ] bottom_world=[-0.11006565 -0.1144778   0.47681665] quat=[-0.3453099 -0.0502333  0.2934409  0.8900169] speed=0.1621 ang_speed=5.3864 ang_vel_vec=[ 2.1228018 -1.9278455 -4.5596976] |com_force|=0.0000N
### kotek_magnet[tick=14460] sensor4: d=0.5249m in_range=False f_mag=0.000N tau_mag=0.0000Nm misalign_deg=90.0 pos=[-0.10900018  0.10899921  0.49140236] bottom_world=[-0.10900024  0.1089993   0.47140236] quat=[ 3.8268259e-01  2.1244339e-06 -1.4968922e-06  9.2387992e-01] speed=0.0002 ang_speed=0.0022 ang_vel_vec=[ 0.00139436 -0.00167454  0.00020314] |com_force|=0.0000N
### kotek_magnet[tick=14520] sensor3: d=0.5667m in_range=False f_mag=0.000N tau_mag=0.0000Nm misalign_deg=69.6 pos=[-0.1261067  -0.11242671  0.49370432] bottom_world=[-0.11913117 -0.13036813  0.48827777] quat=[-0.14658199 -0.11156808  0.59320223  0.7836948 ] speed=0.0248 ang_speed=2.0142 ang_vel_vec=[-1.6136147  -0.6862851  -0.99108773] |com_force|=0.0000N
### kotek_magnet[tick=14520] sensor4: d=0.5249m in_range=False f_mag=0.000N tau_mag=0.0000Nm misalign_deg=90.0 pos=[-0.10900021  0.10899845  0.49140227] bottom_world=[-0.10900011  0.10899876  0.47140227] quat=[ 3.8268289e-01  6.6031151e-07 -8.1293883e-06  9.2387974e-01] speed=0.0010 ang_speed=0.0021 ang_vel_vec=[-3.2076427e-05 -1.6602383e-03  1.2443482e-03] |com_force|=0.0000N
### kotek_magnet[tick=14580] sensor3: d=0.5679m in_range=False f_mag=0.000N tau_mag=0.0000Nm misalign_deg=75.6 pos=[-0.12571785 -0.10894541  0.49122447] bottom_world=[-0.12074906 -0.12825989  0.48972037] quat=[-0.08204482 -0.09466342  0.67337686  0.7286091 ] speed=0.0958 ang_speed=7.8723 ang_vel_vec=[3.379218  1.9330688 6.8422914] |com_force|=0.0000N
### kotek_magnet[tick=14580] sensor4: d=0.5249m in_range=False f_mag=0.000N tau_mag=0.0000Nm misalign_deg=90.0 pos=[-0.10900044  0.10899834  0.49140233] bottom_world=[-0.10900023  0.10899869  0.47140233] quat=[ 3.8268298e-01 -1.6344407e-06 -1.0083596e-05  9.2387980e-01] speed=0.0010 ang_speed=0.0035 ang_vel_vec=[0.00055745 0.00342978 0.00070015] |com_force|=0.0000N
### kotek_magnet[tick=14640] sensor3: d=0.5682m in_range=False f_mag=0.000N tau_mag=0.0000Nm misalign_deg=78.6 pos=[-0.12578389 -0.1062752   0.4914685 ] bottom_world=[-0.12183218 -0.12583947  0.4901944 ] quat=[-0.07178178 -0.06879544  0.68074596  0.7257406 ] speed=0.0857 ang_speed=8.5678 ang_vel_vec=[ 3.581742 -2.302296  7.434903] |com_force|=0.0000N
### kotek_magnet[tick=14640] sensor4: d=0.5249m in_range=False f_mag=0.000N tau_mag=0.0000Nm misalign_deg=90.0 pos=[-0.1090004   0.10899863  0.4914024 ] bottom_world=[-0.10900024  0.10899893  0.47140239] quat=[ 3.8268265e-01 -7.2196866e-07 -8.4415033e-06  9.2387986e-01] speed=0.0007 ang_speed=0.0049 ang_vel_vec=[-0.00169002  0.00456566  0.00045103] |com_force|=0.0000N
### kotek_magnet[tick=14700] sensor3: d=0.5722m in_range=False f_mag=0.000N tau_mag=0.0000Nm misalign_deg=78.6 pos=[-0.12589996 -0.10644916  0.50608855] bottom_world=[-0.12196262 -0.12601566  0.5048041 ] quat=[-0.07170958 -0.0683649   0.680599    0.72592646] speed=0.1168 ang_speed=9.4208 ang_vel_vec=[ 4.2928696 -2.574372   7.9809904] |com_force|=0.0000N
### kotek_magnet[tick=14700] sensor4: d=0.5249m in_range=False f_mag=0.000N tau_mag=0.0000Nm misalign_deg=90.0 pos=[-0.10900009  0.10900012  0.4914022 ] bottom_world=[-0.10900031  0.10899998  0.47140221] quat=[3.8268211e-01 3.7433208e-06 5.1519764e-06 9.2388010e-01] speed=0.0009 ang_speed=0.0029 ang_vel_vec=[ 0.00188773 -0.0019955  -0.00096832] |com_force|=0.0000N
### kotek_magnet[tick=14760] sensor3: d=0.5788m in_range=False f_mag=0.000N tau_mag=0.0000Nm misalign_deg=78.5 pos=[-0.12580957 -0.10727078  0.5285214 ] bottom_world=[-0.12182602 -0.12683007  0.52727013] quat=[-0.07261902 -0.06911327  0.6811322   0.72526467] speed=0.1052 ang_speed=8.6423 ang_vel_vec=[ 3.6127932 -2.0110104  7.588979 ] |com_force|=0.0000N
### kotek_magnet[tick=14760] sensor4: d=0.5249m in_range=False f_mag=0.000N tau_mag=0.0000Nm misalign_deg=90.0 pos=[-0.10900007  0.10900016  0.49140224] bottom_world=[-0.1090003   0.10900001  0.47140224] quat=[3.8268209e-01 3.8336652e-06 5.5544024e-06 9.2388010e-01] speed=0.0010 ang_speed=0.0027 ang_vel_vec=[ 0.001895   -0.00174391 -0.00076205] |com_force|=0.0000N
### kotek_magnet[tick=14820] sensor3: d=0.5870m in_range=False f_mag=0.000N tau_mag=0.0000Nm misalign_deg=78.4 pos=[-0.12572102 -0.10816126  0.553197  ] bottom_world=[-0.12171285 -0.12771893  0.55200027] quat=[-0.07339966 -0.06922636  0.68212086  0.7242454 ] speed=0.1108 ang_speed=9.1769 ang_vel_vec=[ 4.3618555 -2.314501   7.735204 ] |com_force|=0.0000N
### kotek_magnet[tick=14820] sensor4: d=0.5249m in_range=False f_mag=0.000N tau_mag=0.0000Nm misalign_deg=90.0 pos=[-0.10900022  0.1089984   0.4914024 ] bottom_world=[-0.10900012  0.10899872  0.47140239] quat=[ 3.8268313e-01  5.9915152e-07 -8.2032275e-06  9.2387974e-01] speed=0.0010 ang_speed=0.0021 ang_vel_vec=[-3.3159817e-05 -1.6101607e-03  1.3508558e-03] |com_force|=0.0000N
### kotek_magnet[tick=14880] sensor3: d=0.5955m in_range=False f_mag=0.000N tau_mag=0.0000Nm misalign_deg=78.3 pos=[-0.12563087 -0.10897251  0.5764274 ] bottom_world=[-0.12158028 -0.12852396  0.57527248] quat=[-0.07428209 -0.06986592  0.6828219   0.72343296] speed=0.0912 ang_speed=8.6672 ang_vel_vec=[ 3.9349773 -1.6451932  7.5451646] |com_force|=0.0000N
### kotek_magnet[tick=14880] sensor4: d=0.5249m in_range=False f_mag=0.000N tau_mag=0.0000Nm misalign_deg=90.0 pos=[-0.1090002   0.10899839  0.49140236] bottom_world=[-0.1090001   0.1089987   0.47140236] quat=[ 3.8268307e-01  5.9963639e-07 -8.1181661e-06  9.2387968e-01] speed=0.0010 ang_speed=0.0021 ang_vel_vec=[-9.3676026e-06 -1.6612803e-03  1.2972230e-03] |com_force|=0.0000N
### kotek_magnet[tick=14940] sensor3: d=0.5964m in_range=False f_mag=0.000N tau_mag=0.0000Nm misalign_deg=78.4 pos=[-0.12529835 -0.10959366  0.5789866 ] bottom_world=[-0.12127384 -0.12914162  0.57769013] quat=[-0.07171458 -0.07139474  0.68006724  0.7261325 ] speed=0.0917 ang_speed=9.2365 ang_vel_vec=[ 4.6310725 -1.9737883  7.7440968] |com_force|=0.0000N
### kotek_magnet[tick=14940] sensor4: d=0.5249m in_range=False f_mag=0.000N tau_mag=0.0000Nm misalign_deg=90.0 pos=[-0.1090002   0.10899841  0.4914023 ] bottom_world=[-0.10900009  0.10899873  0.4714023 ] quat=[ 3.8268313e-01  4.6130478e-07 -8.4074745e-06  9.2387968e-01] speed=0.0010 ang_speed=0.0020 ang_vel_vec=[-0.00012918 -0.00148886  0.00135663] |com_force|=0.0000N
### kotek_magnet[tick=15000] sensor3: d=0.5884m in_range=False f_mag=0.000N tau_mag=0.0000Nm misalign_deg=76.5 pos=[-0.11275383 -0.1287603   0.5710684 ] bottom_world=[-0.10809426 -0.14820699  0.57073006] quat=[-0.07596119 -0.08980401  0.69532484  0.70900536] speed=0.1321 ang_speed=8.8024 ang_vel_vec=[ 3.5518336 -1.3964972  7.931992 ] |com_force|=0.0000N
### kotek_magnet[tick=15000] sensor4: d=0.5249m in_range=False f_mag=0.000N tau_mag=0.0000Nm misalign_deg=90.0 pos=[-0.10900008  0.10900016  0.49140242] bottom_world=[-0.10900031  0.10900002  0.47140242] quat=[3.8268206e-01 4.0337327e-06 5.6006556e-06 9.2388016e-01] speed=0.0009 ang_speed=0.0031 ang_vel_vec=[ 0.00203476 -0.00213359 -0.00082822] |com_force|=0.0000N
### kotek_magnet[tick=15060] sensor3: d=0.5719m in_range=False f_mag=0.000N tau_mag=0.0000Nm misalign_deg=74.0 pos=[-0.08688619 -0.15725361  0.5587028 ] bottom_world=[-0.08136103 -0.17643253  0.55998405] quat=[-0.07727416 -0.12145258  0.7192217   0.6797045 ] speed=0.1506 ang_speed=8.8878 ang_vel_vec=[ 3.1187787  -0.83928096  8.280178  ] |com_force|=0.0000N
### kotek_magnet[tick=15060] sensor4: d=0.5249m in_range=False f_mag=0.000N tau_mag=0.0000Nm misalign_deg=90.0 pos=[-0.10900018  0.10899842  0.4914023 ] bottom_world=[-0.10900007  0.10899874  0.4714023 ] quat=[ 3.8268316e-01  4.6233399e-07 -8.4838803e-06  9.2387968e-01] speed=0.0010 ang_speed=0.0018 ang_vel_vec=[-0.00045463 -0.00104646  0.00143871] |com_force|=0.0000N
### kotek_magnet[tick=15120] sensor3: d=0.5522m in_range=False f_mag=0.000N tau_mag=0.0000Nm misalign_deg=72.2 pos=[-0.05669069 -0.17998469  0.54707384] bottom_world=[-0.05057581 -0.1988239   0.54984737] quat=[-0.07146809 -0.15340397  0.7387864   0.65234524] speed=0.1449 ang_speed=8.8735 ang_vel_vec=[ 2.5843906 -0.312549   8.483036 ] |com_force|=0.0000N
### kotek_magnet[tick=15120] sensor4: d=0.5249m in_range=False f_mag=0.000N tau_mag=0.0000Nm misalign_deg=90.0 pos=[-0.10900036  0.10899868  0.49140233] bottom_world=[-0.10900021  0.10899898  0.47140233] quat=[ 3.8268280e-01 -4.1721984e-07 -8.2091547e-06  9.2387986e-01] speed=0.0007 ang_speed=0.0043 ang_vel_vec=[-0.00149597  0.00403572  0.00043401] |com_force|=0.0000N
### kotek_magnet[tick=15180] sensor3: d=0.5284m in_range=False f_mag=0.000N tau_mag=0.0000Nm misalign_deg=71.3 pos=[-0.02179407 -0.19730426  0.5356417 ] bottom_world=[-0.0153775  -0.2157779   0.53983122] quat=[-0.05824035 -0.18600504  0.7550767   0.6259947 ] speed=0.1840 ang_speed=6.6656 ang_vel_vec=[ 2.0002072  -0.81860936  6.305485  ] |com_force|=0.0000N
### kotek_magnet[tick=15180] sensor4: d=0.5249m in_range=False f_mag=0.000N tau_mag=0.0000Nm misalign_deg=90.0 pos=[-0.10900006  0.10900011  0.49140227] bottom_world=[-0.10900029  0.10899996  0.47140227] quat=[3.8268197e-01 3.8413314e-06 5.5395226e-06 9.2388010e-01] speed=0.0009 ang_speed=0.0036 ang_vel_vec=[ 0.00244324 -0.00238865 -0.00105725] |com_force|=0.0000N
### kotek_magnet[tick=15240] sensor3: d=0.5025m in_range=False f_mag=0.000N tau_mag=0.0000Nm misalign_deg=73.2 pos=[ 0.01514723 -0.20769878  0.5250114 ] bottom_world=[ 0.02091569 -0.2260122   0.53060996] quat=[-0.0293717  -0.20270194  0.77387047  0.5993111 ] speed=0.1832 ang_speed=6.5295 ang_vel_vec=[ 0.88182867 -0.38687363  6.458079  ] |com_force|=0.0000N
### kotek_magnet[tick=15240] sensor4: d=0.5249m in_range=False f_mag=0.000N tau_mag=0.0000Nm misalign_deg=90.0 pos=[-0.1090002  0.1089984  0.4914024] bottom_world=[-0.10900008  0.10899872  0.47140239] quat=[ 3.8268298e-01  4.2630614e-07 -8.5179609e-06  9.2387968e-01] speed=0.0010 ang_speed=0.0020 ang_vel_vec=[-0.0001088  -0.00148893  0.00129115] |com_force|=0.0000N
### kotek_magnet[tick=15300] sensor3: d=0.4747m in_range=False f_mag=0.000N tau_mag=0.0000Nm misalign_deg=75.1 pos=[ 0.05203677 -0.21174319  0.5152377 ] bottom_world=[ 0.0571921  -0.22999422  0.52158772] quat=[ 2.9991259e-04 -2.2102894e-01  7.8095901e-01  5.8416551e-01] speed=0.2138 ang_speed=5.7034 ang_vel_vec=[-2.2520483 -2.2245626  4.7442546] |com_force|=0.0000N
### kotek_magnet[tick=15300] sensor4: d=0.5249m in_range=False f_mag=0.000N tau_mag=0.0000Nm misalign_deg=90.0 pos=[-0.10900018  0.10899839  0.49140242] bottom_world=[-0.10900008  0.10899871  0.47140242] quat=[ 3.8268295e-01  5.8594395e-07 -8.3481573e-06  9.2387974e-01] speed=0.0010 ang_speed=0.0029 ang_vel_vec=[ 0.00030756 -0.00256221  0.00127389] |com_force|=0.0000N
### kotek_magnet[tick=15360] sensor3: d=0.4445m in_range=False f_mag=0.000N tau_mag=0.0000Nm misalign_deg=76.7 pos=[ 0.08941067 -0.20991698  0.50620735] bottom_world=[ 0.09402286 -0.22811782  0.51309629] quat=[ 0.02983924 -0.24254857  0.78319454  0.57173973] speed=0.1513 ang_speed=5.6096 ang_vel_vec=[-4.090373   0.2538294  3.8303466] |com_force|=0.0000N
### kotek_magnet[tick=15360] sensor4: d=0.5249m in_range=False f_mag=0.000N tau_mag=0.0000Nm misalign_deg=90.0 pos=[-0.10900021  0.10899838  0.49140248] bottom_world=[-0.1090001   0.10899871  0.47140248] quat=[ 3.8268313e-01  4.5087822e-07 -8.6260507e-06  9.2387968e-01] speed=0.0010 ang_speed=0.0020 ang_vel_vec=[-0.00027407 -0.00140967  0.00135327] |com_force|=0.0000N
### kotek_magnet[tick=15420] sensor3: d=0.4111m in_range=False f_mag=0.000N tau_mag=0.0000Nm misalign_deg=79.0 pos=[ 0.12758459 -0.20183055  0.4973101 ] bottom_world=[ 0.13138536 -0.2201009   0.50450374] quat=[ 0.06629646 -0.26135606  0.78200644  0.5619286 ] speed=0.1522 ang_speed=6.5136 ang_vel_vec=[-5.0354156 -0.9595876  4.0188317] |com_force|=0.0000N
### kotek_magnet[tick=15420] sensor4: d=0.5249m in_range=False f_mag=0.000N tau_mag=0.0000Nm misalign_deg=90.0 pos=[-0.10900018  0.10899843  0.49140227] bottom_world=[-0.10900006  0.10899875  0.47140227] quat=[ 3.8268304e-01  4.8123417e-07 -8.4629282e-06  9.2387974e-01] speed=0.0010 ang_speed=0.0018 ang_vel_vec=[-0.00054051 -0.00098185  0.0014181 ] |com_force|=0.0000N
### still playing, 1129s left
### kotek_magnet[tick=15480] sensor3: d=0.3778m in_range=False f_mag=0.000N tau_mag=0.0000Nm misalign_deg=81.0 pos=[ 0.16227663 -0.18898483  0.4893652 ] bottom_world=[ 0.16541194 -0.20737433  0.49657601] quat=[ 0.10065204 -0.28113464  0.7753927   0.55641603] speed=0.1241 ang_speed=6.0765 ang_vel_vec=[-4.7912636   0.15892792  3.7338958 ] |com_force|=0.0000N
### kotek_magnet[tick=15480] sensor4: d=0.5249m in_range=False f_mag=0.000N tau_mag=0.0000Nm misalign_deg=90.0 pos=[-0.10900021  0.10899837  0.49140233] bottom_world=[-0.10900008  0.1089987   0.47140233] quat=[ 3.8268307e-01  3.3411050e-07 -8.8559618e-06  9.2387980e-01] speed=0.0011 ang_speed=0.0018 ang_vel_vec=[-0.00050016 -0.00102968  0.00135675] |com_force|=0.0000N
### kotek_magnet[tick=15540] sensor3: d=0.3437m in_range=False f_mag=0.000N tau_mag=0.0000Nm misalign_deg=82.2 pos=[ 0.19449592 -0.17158933  0.48199487] bottom_world=[ 0.19720043 -0.19008879  0.4890981 ] quat=[ 0.13050845 -0.3030913   0.7653212   0.55261827] speed=0.1052 ang_speed=6.3145 ang_vel_vec=[-5.0263500e+00 -3.9415359e-03  3.8221126e+00] |com_force|=0.0000N
### kotek_magnet[tick=15540] sensor4: d=0.5249m in_range=False f_mag=0.000N tau_mag=0.0000Nm misalign_deg=90.0 pos=[-0.10900044  0.1089983   0.4914024 ] bottom_world=[-0.10900022  0.10899865  0.47140239] quat=[ 3.8268280e-01 -1.5800063e-06 -1.0220819e-05  9.2387986e-01] speed=0.0010 ang_speed=0.0039 ang_vel_vec=[0.0001039  0.00385482 0.00060015] |com_force|=0.0000N
### kotek_magnet[tick=15600] sensor3: d=0.3096m in_range=False f_mag=0.000N tau_mag=0.0000Nm misalign_deg=83.5 pos=[ 0.22324137 -0.15037712  0.47511333] bottom_world=[ 0.22552114 -0.16904769  0.48191133] quat=[ 0.16036154 -0.32205012  0.75248504  0.551665  ] speed=0.1175 ang_speed=6.0931 ang_vel_vec=[-5.3680606   0.00914875  2.8826394 ] |com_force|=0.0000N
### kotek_magnet[tick=15600] sensor4: d=0.5249m in_range=False f_mag=0.000N tau_mag=0.0000Nm misalign_deg=90.0 pos=[-0.10900035  0.10899948  0.49140233] bottom_world=[-0.10900033  0.10899955  0.47140233] quat=[ 3.8268223e-01  3.6292087e-07 -1.7220675e-06  9.2388010e-01] speed=0.0004 ang_speed=0.0023 ang_vel_vec=[ 0.0020191   0.00071347 -0.0007363 ] |com_force|=0.0000N
### kotek_magnet[tick=15660] sensor3: d=0.2764m in_range=False f_mag=0.000N tau_mag=0.0000Nm misalign_deg=84.6 pos=[ 0.24780242 -0.12641855  0.46889186] bottom_world=[ 0.24968669 -0.14529213  0.47523515] quat=[ 0.18915175 -0.33768645  0.73793644  0.55284655] speed=0.1045 ang_speed=6.0793 ang_vel_vec=[-5.1483006 -0.2391853  3.2242503] |com_force|=0.0000N
### kotek_magnet[tick=15660] sensor4: d=0.5249m in_range=False f_mag=0.000N tau_mag=0.0000Nm misalign_deg=90.0 pos=[-0.10900002  0.10900017  0.49140233] bottom_world=[-0.10900025  0.10900003  0.47140233] quat=[3.8268211e-01 3.9429979e-06 5.4752263e-06 9.2388010e-01] speed=0.0010 ang_speed=0.0024 ang_vel_vec=[ 0.00171717 -0.00152016 -0.00066274] |com_force|=0.0000N
### kotek_magnet[tick=15720] sensor3: d=0.2431m in_range=False f_mag=0.000N tau_mag=0.0000Nm misalign_deg=85.6 pos=[ 0.2690854  -0.09907506  0.46294323] bottom_world=[ 0.27061314 -0.11817985  0.46865928] quat=[ 0.21811342 -0.35123092  0.72079     0.5563499 ] speed=0.1073 ang_speed=6.1793 ang_vel_vec=[-5.7359433 -0.1537312  2.2933564] |com_force|=0.0000N
### kotek_magnet[tick=15720] sensor4: d=0.5249m in_range=False f_mag=0.000N tau_mag=0.0000Nm misalign_deg=90.0 pos=[-0.10900003  0.10900018  0.49140224] bottom_world=[-0.10900026  0.10900004  0.47140224] quat=[3.8268211e-01 3.7994680e-06 5.2658643e-06 9.2388010e-01] speed=0.0010 ang_speed=0.0023 ang_vel_vec=[ 0.00141297 -0.00145488 -0.0009881 ] |com_force|=0.0000N
### kotek_magnet[tick=15780] sensor3: d=0.2114m in_range=False f_mag=0.000N tau_mag=0.0000Nm misalign_deg=86.4 pos=[ 0.28614867 -0.0698514   0.45745525] bottom_world=[ 0.28738885 -0.08917814  0.46244916] quat=[ 0.24547057 -0.362525    0.7024411   0.56115633] speed=0.0922 ang_speed=6.1620 ang_vel_vec=[-5.6051617 -0.3750815  2.5322464] |com_force|=0.0000N
### kotek_magnet[tick=15780] sensor4: d=0.5249m in_range=False f_mag=0.000N tau_mag=0.0000Nm misalign_deg=90.0 pos=[-0.10899999  0.10900019  0.4914023 ] bottom_world=[-0.10900022  0.10900005  0.4714023 ] quat=[3.8268217e-01 3.9880497e-06 5.5404371e-06 9.2388016e-01] speed=0.0010 ang_speed=0.0025 ang_vel_vec=[ 0.00164731 -0.00170699 -0.00089415] |com_force|=0.0000N
### kotek_magnet[tick=15840] sensor3: d=0.1831m in_range=False f_mag=0.000N tau_mag=0.0000Nm misalign_deg=87.0 pos=[ 0.2986905  -0.04021064  0.45272478] bottom_world=[ 0.29975311 -0.05973247  0.45694009] quat=[ 0.27014217 -0.37227923  0.683221    0.56713355] speed=0.0866 ang_speed=6.2168 ang_vel_vec=[-5.751003   -0.56339115  2.2927969 ] |com_force|=0.0000N
### kotek_magnet[tick=15840] sensor4: d=0.5249m in_range=False f_mag=0.000N tau_mag=0.0000Nm misalign_deg=90.0 pos=[-0.10900002  0.10900015  0.49140227] bottom_world=[-0.10900025  0.109       0.47140227] quat=[3.8268220e-01 3.8322642e-06 5.5121004e-06 9.2388016e-01] speed=0.0010 ang_speed=0.0020 ang_vel_vec=[ 0.0013292  -0.00122635 -0.0008225 ] |com_force|=0.0000N
### kotek_magnet[tick=15900] sensor3: d=0.1579m in_range=False f_mag=0.000N tau_mag=0.0000Nm misalign_deg=87.2 pos=[ 0.3075757  -0.00902316  0.44841966] bottom_world=[ 0.30854092 -0.02871758  0.45176607] quat=[ 0.29417703 -0.38117617  0.6620914   0.57428193] speed=0.0747 ang_speed=6.4897 ang_vel_vec=[-6.167237  -0.5681584  1.938633 ] |com_force|=0.0000N
### kotek_magnet[tick=15900] sensor4: d=0.5249m in_range=False f_mag=0.000N tau_mag=0.0000Nm misalign_deg=90.0 pos=[-0.10900033  0.10899959  0.4914022 ] bottom_world=[-0.10900032  0.10899964  0.47140221] quat=[ 3.8268229e-01  4.4311173e-07 -1.3479021e-06  9.2387998e-01] speed=0.0005 ang_speed=0.0022 ang_vel_vec=[ 0.00180412  0.00095912 -0.00091034] |com_force|=0.0000N
### kotek_magnet[tick=15960] sensor3: d=0.1387m in_range=False f_mag=0.000N tau_mag=0.0000Nm misalign_deg=87.2 pos=[0.3124207  0.02226254 0.444848  ] bottom_world=[0.31339998 0.00243713 0.44729628] quat=[ 0.316202   -0.38963977  0.6398343   0.58207333] speed=0.0801 ang_speed=6.0280 ang_vel_vec=[-5.80502    -0.58999074  1.5133989 ] |com_force|=0.0000N
### kotek_magnet[tick=15960] sensor4: d=0.5249m in_range=False f_mag=0.000N tau_mag=0.0000Nm misalign_deg=90.0 pos=[-0.10900032  0.10899953  0.49140224] bottom_world=[-0.1090003   0.10899959  0.47140224] quat=[ 3.8268223e-01  2.7988389e-07 -1.5507489e-06  9.2388010e-01] speed=0.0005 ang_speed=0.0021 ang_vel_vec=[ 0.00156121  0.00119002 -0.00082488] |com_force|=0.0000N
### kotek_magnet[tick=16020] sensor3: d=0.1299m in_range=False f_mag=0.000N tau_mag=0.0000Nm misalign_deg=87.0 pos=[0.31357974 0.04475882 0.44281623] bottom_world=[0.31463175 0.02486479 0.44458279] quat=[ 0.33134395 -0.39546153  0.6227153   0.58825755] speed=0.0925 ang_speed=6.1569 ang_vel_vec=[-5.934087  -0.8884252  1.3802687] |com_force|=0.0000N
### kotek_magnet[tick=16020] sensor4: d=0.5249m in_range=False f_mag=0.000N tau_mag=0.0000Nm misalign_deg=90.0 pos=[-0.10900005  0.10900015  0.49140227] bottom_world=[-0.10900026  0.10900001  0.47140227] quat=[3.8268203e-01 3.6220581e-06 5.0990657e-06 9.2388016e-01] speed=0.0010 ang_speed=0.0015 ang_vel_vec=[ 0.00099012 -0.00083708 -0.00083838] |com_force|=0.0000N
### kotek_magnet[tick=16080] sensor3: d=0.1256m in_range=False f_mag=0.000N tau_mag=0.0000Nm misalign_deg=86.4 pos=[0.3122521  0.04796087 0.436605  ] bottom_world=[0.31350781 0.02808167 0.43840515] quat=[ 0.32496938 -0.3957376   0.62321365  0.5910935 ] speed=0.0976 ang_speed=6.3761 ang_vel_vec=[-6.071818  -1.0845407  1.6160513] |com_force|=0.0000N
### kotek_magnet[tick=16080] sensor4: d=0.5249m in_range=False f_mag=0.000N tau_mag=0.0000Nm misalign_deg=90.0 pos=[-0.1090003   0.10899954  0.49140227] bottom_world=[-0.10900029  0.1089996   0.47140227] quat=[ 3.8268214e-01  2.4535504e-07 -1.5338633e-06  9.2388010e-01] speed=0.0005 ang_speed=0.0021 ang_vel_vec=[ 0.00153719  0.00118039 -0.00076398] |com_force|=0.0000N
### kotek_magnet[tick=16140] sensor3: d=0.1082m in_range=False f_mag=0.000N tau_mag=0.0000Nm misalign_deg=86.5 pos=[0.3225835  0.04961233 0.4223799 ] bottom_world=[0.3237936  0.02972656 0.42413827] quat=[ 0.32788274 -0.39659837  0.62182695  0.59036773] speed=0.1018 ang_speed=6.1667 ang_vel_vec=[-5.9407625  -0.93886566  1.3618485 ] |com_force|=0.0000N
### kotek_magnet[tick=16140] sensor4: d=0.5249m in_range=False f_mag=0.000N tau_mag=0.0000Nm misalign_deg=90.0 pos=[-0.10900006  0.10900018  0.49140227] bottom_world=[-0.10900029  0.10900004  0.47140227] quat=[3.8268194e-01 3.8548596e-06 5.3053109e-06 9.2388010e-01] speed=0.0010 ang_speed=0.0018 ang_vel_vec=[ 0.00095879 -0.00107199 -0.00102792] |com_force|=0.0000N
### kotek_magnet[tick=16200] sensor3: d=0.0851m in_range=True f_mag=1.377N tau_mag=0.0017Nm misalign_deg=86.6 pos=[0.33634764 0.05380082 0.40388107] bottom_world=[0.33755059 0.03390463 0.40552263] quat=[ 0.33203885 -0.3985452   0.6182238   0.5905179 ] speed=0.1314 ang_speed=6.7509 ang_vel_vec=[-6.3458567  -0.09394813  2.3013444 ] |com_force|=0.4595N
### kotek_magnet[tick=16200] sensor4: d=0.5249m in_range=False f_mag=0.000N tau_mag=0.0000Nm misalign_deg=90.0 pos=[-0.10900003  0.10899934  0.49140215] bottom_world=[-0.10900013  0.10899937  0.47140215] quat=[3.8268280e-01 2.4171777e-06 1.7961514e-07 9.2387980e-01] speed=0.0002 ang_speed=0.0013 ang_vel_vec=[ 0.00098549 -0.00073443  0.00022855] |com_force|=0.0000N
### kotek_magnet[tick=16260] sensor3: d=0.0781m in_range=True f_mag=1.549N tau_mag=0.0015Nm misalign_deg=91.3 pos=[0.33882582 0.05698201 0.39631742] bottom_world=[0.33837425 0.03698719 0.39626059] quat=[ 0.34433338 -0.32933778  0.6245926   0.618753  ] speed=0.0694 ang_speed=4.1822 ang_vel_vec=[ 2.0392401  2.369886  -2.777821 ] |com_force|=0.3972N
### kotek_magnet[tick=16260] sensor4: d=0.5249m in_range=False f_mag=0.000N tau_mag=0.0000Nm misalign_deg=90.0 pos=[-0.10900034  0.10899957  0.49140242] bottom_world=[-0.10900033  0.10899964  0.47140242] quat=[ 3.8268223e-01  2.9222679e-07 -1.6019526e-06  9.2388010e-01] speed=0.0005 ang_speed=0.0021 ang_vel_vec=[ 0.00157642  0.00098933 -0.00087404] |com_force|=0.0000N
### kotek_magnet[tick=16320] sensor3: d=0.0866m in_range=True f_mag=1.507N tau_mag=0.0017Nm misalign_deg=112.3 pos=[0.32693297 0.08001298 0.38898152] bottom_world=[0.31934234 0.06540319 0.37762649] quat=[ 0.4719984  -0.03858861  0.46328744  0.7490616 ] speed=0.0643 ang_speed=5.1122 ang_vel_vec=[ 3.7011254 -3.5079315 -0.3614266] |com_force|=0.4820N
### kotek_magnet[tick=16320] sensor4: d=0.5249m in_range=False f_mag=0.000N tau_mag=0.0000Nm misalign_deg=90.0 pos=[-0.10900006  0.10900021  0.4914022 ] bottom_world=[-0.10900026  0.10900008  0.47140221] quat=[3.8268220e-01 3.4291465e-06 5.1289194e-06 9.2388010e-01] speed=0.0010 ang_speed=0.0012 ang_vel_vec=[ 0.00067492 -0.00044234 -0.00086701] |com_force|=0.0000N
### kotek_magnet[tick=16380] sensor3: d=0.1008m in_range=False f_mag=0.000N tau_mag=0.0000Nm misalign_deg=126.2 pos=[0.32488436 0.09749365 0.3860291 ] bottom_world=[0.31306239 0.09693937 0.36990662] quat=[0.5781529  0.23795536 0.20078716 0.75418913] speed=0.1154 ang_speed=3.3321 ang_vel_vec=[ 2.5713785  -0.34128547 -2.0914683 ] |com_force|=0.0000N
### kotek_magnet[tick=16380] sensor4: d=0.5249m in_range=False f_mag=0.000N tau_mag=0.0000Nm misalign_deg=90.0 pos=[-0.10900003  0.10900015  0.49140224] bottom_world=[-0.10900024  0.10900002  0.47140224] quat=[3.8268206e-01 3.6311258e-06 5.1616375e-06 9.2388016e-01] speed=0.0010 ang_speed=0.0015 ang_vel_vec=[ 0.00087501 -0.00083331 -0.00086094] |com_force|=0.0000N
### kotek_magnet[tick=16440] sensor3: d=0.1636m in_range=False f_mag=0.000N tau_mag=0.0000Nm misalign_deg=117.0 pos=[0.32631487 0.10065722 0.23727784] bottom_world=[0.31723552 0.11074246 0.22258588] quat=[ 0.654727    0.36366534 -0.02118323  0.6622925 ] speed=0.3000 ang_speed=0.2447 ang_vel_vec=[ 0.16989288 -0.01701649 -0.17524882] |com_force|=0.0000N
### kotek_magnet[tick=16440] sensor4: d=0.5249m in_range=False f_mag=0.000N tau_mag=0.0000Nm misalign_deg=90.0 pos=[-0.10900005  0.10900015  0.49140227] bottom_world=[-0.10900026  0.10900002  0.47140227] quat=[3.8268214e-01 3.5942378e-06 5.1656798e-06 9.2388010e-01] speed=0.0010 ang_speed=0.0012 ang_vel_vec=[ 0.00074374 -0.0006049  -0.00067473] |com_force|=0.0000N
### kotek_magnet[tick=16500] sensor3: d=0.2917m in_range=False f_mag=0.000N tau_mag=0.0000Nm misalign_deg=127.1 pos=[0.3273472  0.10039742 0.08807632] bottom_world=[0.31529505 0.11274166 0.07795872] quat=[ 0.61556965  0.49703246 -0.00432966  0.61156696] speed=0.3000 ang_speed=4.1057 ang_vel_vec=[2.3811538  3.3011014  0.53784525] |com_force|=0.0000N
### kotek_magnet[tick=16500] sensor4: d=0.5249m in_range=False f_mag=0.000N tau_mag=0.0000Nm misalign_deg=90.0 pos=[-0.1090003   0.10899956  0.49140224] bottom_world=[-0.10900029  0.10899963  0.47140224] quat=[ 3.8268232e-01  3.9925433e-07 -1.7387324e-06  9.2387998e-01] speed=0.0005 ang_speed=0.0018 ang_vel_vec=[ 0.00124701  0.00114638 -0.0005644 ] |com_force|=0.0000N
### kotek_magnet[tick=16560] sensor3: d=0.3481m in_range=False f_mag=0.000N tau_mag=0.0000Nm misalign_deg=138.6 pos=[0.34765226 0.11468122 0.01749994] bottom_world=[0.33264711 0.12790415 0.01750005] quat=[0.6444258  0.64442885 0.29105705 0.29105452] speed=0.0005 ang_speed=0.0034 ang_vel_vec=[-0.00099855 -0.00324477 -0.00059818] |com_force|=0.0000N
### kotek_magnet[tick=16560] sensor4: d=0.5249m in_range=False f_mag=0.000N tau_mag=0.0000Nm misalign_deg=90.0 pos=[-0.10900006  0.10900016  0.49140233] bottom_world=[-0.10900028  0.10900002  0.47140233] quat=[3.8268211e-01 3.7719535e-06 5.3794834e-06 9.2388010e-01] speed=0.0010 ang_speed=0.0018 ang_vel_vec=[ 0.00115414 -0.00105008 -0.00079769] |com_force|=0.0000N
### kotek_magnet[tick=16620] sensor3: d=0.3481m in_range=False f_mag=0.000N tau_mag=0.0000Nm misalign_deg=138.6 pos=[0.34765226 0.11468122 0.01749994] bottom_world=[0.33264711 0.12790415 0.01750005] quat=[0.6444258  0.64442885 0.29105705 0.29105452] speed=0.0005 ang_speed=0.0034 ang_vel_vec=[-0.00099875 -0.00324494 -0.00059819] |com_force|=0.0000N
### kotek_magnet[tick=16620] sensor4: d=0.5249m in_range=False f_mag=0.000N tau_mag=0.0000Nm misalign_deg=90.0 pos=[-0.10900003  0.10900021  0.49140224] bottom_world=[-0.10900025  0.10900006  0.47140224] quat=[3.8268206e-01 3.8199073e-06 5.5470441e-06 9.2388016e-01] speed=0.0010 ang_speed=0.0018 ang_vel_vec=[ 0.00114236 -0.0010545  -0.00083135] |com_force|=0.0000N
### kotek_magnet[tick=16680] sensor3: d=0.3481m in_range=False f_mag=0.000N tau_mag=0.0000Nm misalign_deg=138.6 pos=[0.34765226 0.11468122 0.01749994] bottom_world=[0.33264711 0.12790415 0.01750005] quat=[0.6444258  0.64442885 0.29105705 0.29105452] speed=0.0005 ang_speed=0.0034 ang_vel_vec=[-0.0009986  -0.00324469 -0.00059818] |com_force|=0.0000N
### kotek_magnet[tick=16680] sensor4: d=0.5249m in_range=False f_mag=0.000N tau_mag=0.0000Nm misalign_deg=90.0 pos=[-0.109       0.10900022  0.49140233] bottom_world=[-0.10900023  0.10900007  0.47140233] quat=[3.8268211e-01 3.8311791e-06 5.5551996e-06 9.2388010e-01] speed=0.0010 ang_speed=0.0017 ang_vel_vec=[ 0.00101576 -0.00106513 -0.00082246] |com_force|=0.0000N
### kotek_magnet[tick=16740] sensor3: d=0.3481m in_range=False f_mag=0.000N tau_mag=0.0000Nm misalign_deg=138.6 pos=[0.34765226 0.11468122 0.01749994] bottom_world=[0.33264711 0.12790415 0.01750005] quat=[0.6444258  0.64442885 0.29105705 0.29105452] speed=0.0005 ang_speed=0.0034 ang_vel_vec=[-0.0009988  -0.00324496 -0.00059819] |com_force|=0.0000N
### kotek_magnet[tick=16740] sensor4: d=0.5249m in_range=False f_mag=0.000N tau_mag=0.0000Nm misalign_deg=90.0 pos=[-0.10900034  0.10899954  0.4914023 ] bottom_world=[-0.10900032  0.10899961  0.4714023 ] quat=[ 3.8268220e-01  9.6543246e-08 -1.6969684e-06  9.2388010e-01] speed=0.0005 ang_speed=0.0023 ang_vel_vec=[ 0.00150436  0.0016234  -0.00076098] |com_force|=0.0000N
### kotek_magnet[tick=16800] sensor3: d=0.3481m in_range=False f_mag=0.000N tau_mag=0.0000Nm misalign_deg=138.6 pos=[0.34765226 0.11468122 0.01749994] bottom_world=[0.33264711 0.12790415 0.01750005] quat=[0.6444258  0.64442885 0.29105705 0.29105452] speed=0.0005 ang_speed=0.0034 ang_vel_vec=[-0.00099855 -0.00324487 -0.00059818] |com_force|=0.0000N
### kotek_magnet[tick=16800] sensor4: d=0.5249m in_range=False f_mag=0.000N tau_mag=0.0000Nm misalign_deg=90.0 pos=[-0.10900002  0.10900026  0.49140224] bottom_world=[-0.10900024  0.10900012  0.47140224] quat=[3.8268209e-01 3.8306143e-06 5.4133961e-06 9.2388016e-01] speed=0.0011 ang_speed=0.0013 ang_vel_vec=[ 0.00074666 -0.00081296 -0.00077006] |com_force|=0.0000N
### kotek_magnet[tick=16860] sensor3: d=0.3481m in_range=False f_mag=0.000N tau_mag=0.0000Nm misalign_deg=138.6 pos=[0.34765226 0.11468122 0.01749993] bottom_world=[0.33264711 0.12790415 0.01750004] quat=[0.6444258  0.64442885 0.29105705 0.29105452] speed=0.0005 ang_speed=0.0034 ang_vel_vec=[-0.00099872 -0.00324492 -0.00059818] |com_force|=0.0000N
### kotek_magnet[tick=16860] sensor4: d=0.5249m in_range=False f_mag=0.000N tau_mag=0.0000Nm misalign_deg=90.0 pos=[-0.10900031  0.10899959  0.4914023 ] bottom_world=[-0.10900031  0.10899964  0.4714023 ] quat=[ 3.8268226e-01  4.7851995e-07 -1.1250895e-06  9.2388010e-01] speed=0.0005 ang_speed=0.0020 ang_vel_vec=[ 0.00151811  0.00103534 -0.00079315] |com_force|=0.0000N
### kotek_magnet[tick=16920] sensor3: d=0.3481m in_range=False f_mag=0.000N tau_mag=0.0000Nm misalign_deg=138.6 pos=[0.34765226 0.11468122 0.01749993] bottom_world=[0.33264711 0.12790415 0.01750004] quat=[0.6444258  0.64442885 0.29105705 0.29105452] speed=0.0005 ang_speed=0.0034 ang_vel_vec=[-0.00099875 -0.00324494 -0.00059819] |com_force|=0.0000N
### kotek_magnet[tick=16920] sensor4: d=0.5249m in_range=False f_mag=0.000N tau_mag=0.0000Nm misalign_deg=90.0 pos=[-0.10900031  0.10899962  0.4914023 ] bottom_world=[-0.1090003   0.10899967  0.4714023 ] quat=[ 3.8268229e-01  2.5237816e-07 -1.4336306e-06  9.2388004e-01] speed=0.0005 ang_speed=0.0021 ang_vel_vec=[ 0.0013651   0.00125576 -0.00093801] |com_force|=0.0000N
### kotek_magnet[tick=16980] sensor3: d=0.3481m in_range=False f_mag=0.000N tau_mag=0.0000Nm misalign_deg=138.6 pos=[0.34765226 0.11468122 0.01749993] bottom_world=[0.33264711 0.12790415 0.01750004] quat=[0.6444258  0.64442885 0.29105705 0.29105452] speed=0.0005 ang_speed=0.0034 ang_vel_vec=[-0.00099873 -0.00324511 -0.00059818] |com_force|=0.0000N
### kotek_magnet[tick=16980] sensor4: d=0.5249m in_range=False f_mag=0.000N tau_mag=0.0000Nm misalign_deg=90.0 pos=[-0.10900003  0.10900027  0.49140224] bottom_world=[-0.10900026  0.10900012  0.47140224] quat=[3.8268206e-01 3.7316247e-06 5.4174375e-06 9.2388016e-01] speed=0.0011 ang_speed=0.0012 ang_vel_vec=[ 0.00071117 -0.00065336 -0.00078675] |com_force|=0.0000N
### kotek_magnet[tick=17040] sensor3: d=0.3481m in_range=False f_mag=0.000N tau_mag=0.0000Nm misalign_deg=138.6 pos=[0.34765226 0.11468122 0.01749993] bottom_world=[0.33264711 0.12790415 0.01750004] quat=[0.6444258  0.64442885 0.29105705 0.29105452] speed=0.0005 ang_speed=0.0034 ang_vel_vec=[-0.00099878 -0.00324483 -0.00059818] |com_force|=0.0000N
### kotek_magnet[tick=17040] sensor4: d=0.5249m in_range=False f_mag=0.000N tau_mag=0.0000Nm misalign_deg=90.0 pos=[-0.10900005  0.10899936  0.49140212] bottom_world=[-0.10900013  0.10899939  0.47140212] quat=[3.8268271e-01 2.1840560e-06 1.1205671e-07 9.2387986e-01] speed=0.0002 ang_speed=0.0012 ang_vel_vec=[ 0.00104243 -0.00035652  0.00043131] |com_force|=0.0000N
### kotek_magnet[tick=17100] sensor3: d=0.3481m in_range=False f_mag=0.000N tau_mag=0.0000Nm misalign_deg=138.6 pos=[0.34765226 0.11468122 0.01749993] bottom_world=[0.33264711 0.12790415 0.01750004] quat=[0.6444258  0.64442885 0.29105705 0.29105452] speed=0.0005 ang_speed=0.0034 ang_vel_vec=[-0.00099855 -0.00324484 -0.00059818] |com_force|=0.0000N
### kotek_magnet[tick=17100] sensor4: d=0.5249m in_range=False f_mag=0.000N tau_mag=0.0000Nm misalign_deg=90.0 pos=[-0.10900034  0.10899958  0.49140224] bottom_world=[-0.10900032  0.10899964  0.47140224] quat=[ 3.8268220e-01  1.7176569e-07 -1.4767866e-06  9.2388004e-01] speed=0.0005 ang_speed=0.0019 ang_vel_vec=[ 0.00131431  0.00120898 -0.00074086] |com_force|=0.0000N
### kotek_magnet[tick=17160] sensor3: d=0.3481m in_range=False f_mag=0.000N tau_mag=0.0000Nm misalign_deg=138.6 pos=[0.34765226 0.11468122 0.01749993] bottom_world=[0.33264711 0.12790415 0.01750004] quat=[0.6444258  0.64442885 0.29105705 0.29105452] speed=0.0005 ang_speed=0.0034 ang_vel_vec=[-0.00099862 -0.00324499 -0.00059819] |com_force|=0.0000N
### kotek_magnet[tick=17160] sensor4: d=0.5249m in_range=False f_mag=0.000N tau_mag=0.0000Nm misalign_deg=90.0 pos=[-0.10900006  0.10900024  0.4914023 ] bottom_world=[-0.10900028  0.10900009  0.4714023 ] quat=[3.8268200e-01 3.7118759e-06 5.3964241e-06 9.2388016e-01] speed=0.0011 ang_speed=0.0012 ang_vel_vec=[ 0.00061524 -0.00063446 -0.0008612 ] |com_force|=0.0000N
### still playing, 1099s left
### kotek_magnet[tick=17220] sensor3: d=0.3481m in_range=False f_mag=0.000N tau_mag=0.0000Nm misalign_deg=138.6 pos=[0.34765226 0.11468122 0.01749993] bottom_world=[0.33264711 0.12790415 0.01750004] quat=[0.6444258  0.64442885 0.29105705 0.29105452] speed=0.0005 ang_speed=0.0034 ang_vel_vec=[-0.00099861 -0.00324481 -0.00059818] |com_force|=0.0000N
### kotek_magnet[tick=17220] sensor4: d=0.5249m in_range=False f_mag=0.000N tau_mag=0.0000Nm misalign_deg=90.0 pos=[-0.1090002   0.10899853  0.4914023 ] bottom_world=[-0.10900012  0.10899881  0.4714023 ] quat=[ 3.8268316e-01  8.5010748e-07 -7.2563698e-06  9.2387974e-01] speed=0.0009 ang_speed=0.0017 ang_vel_vec=[-2.9000083e-05 -1.1305084e-03  1.2910577e-03] |com_force|=0.0000N
### kotek_magnet[tick=17280] sensor3: d=0.3481m in_range=False f_mag=0.000N tau_mag=0.0000Nm misalign_deg=138.6 pos=[0.34765226 0.11468122 0.01749993] bottom_world=[0.33264711 0.12790415 0.01750004] quat=[0.6444258  0.64442885 0.29105705 0.29105452] speed=0.0005 ang_speed=0.0034 ang_vel_vec=[-0.00099858 -0.00324494 -0.00059818] |com_force|=0.0000N
### kotek_magnet[tick=17280] sensor4: d=0.5249m in_range=False f_mag=0.000N tau_mag=0.0000Nm misalign_deg=90.0 pos=[-0.10900038  0.10899882  0.4914023 ] bottom_world=[-0.10900023  0.10899909  0.4714023 ] quat=[ 3.8268262e-01 -8.8051257e-07 -7.7460127e-06  9.2387986e-01] speed=0.0005 ang_speed=0.0035 ang_vel_vec=[-0.00081568  0.00338367  0.00040104] |com_force|=0.0000N
### kotek_magnet[tick=17340] sensor3: d=0.3481m in_range=False f_mag=0.000N tau_mag=0.0000Nm misalign_deg=138.6 pos=[0.34765226 0.11468122 0.01749993] bottom_world=[0.33264711 0.12790415 0.01750004] quat=[0.6444258  0.64442885 0.29105705 0.29105452] speed=0.0005 ang_speed=0.0034 ang_vel_vec=[-0.00099866 -0.003245   -0.00059818] |com_force|=0.0000N
### kotek_magnet[tick=17340] sensor4: d=0.5249m in_range=False f_mag=0.000N tau_mag=0.0000Nm misalign_deg=90.0 pos=[-0.10900039  0.10899875  0.49140233] bottom_world=[-0.10900024  0.10899903  0.47140233] quat=[ 3.8268268e-01 -9.4785213e-07 -7.9359997e-06  9.2387992e-01] speed=0.0005 ang_speed=0.0038 ang_vel_vec=[-0.00097707  0.00359721  0.00052749] |com_force|=0.0000N
### kotek_magnet[tick=17400] sensor3: d=0.3481m in_range=False f_mag=0.000N tau_mag=0.0000Nm misalign_deg=138.6 pos=[0.34765226 0.11468122 0.01749993] bottom_world=[0.33264711 0.12790415 0.01750004] quat=[0.6444258  0.64442885 0.29105705 0.29105452] speed=0.0005 ang_speed=0.0034 ang_vel_vec=[-0.0009986  -0.00324488 -0.00059818] |com_force|=0.0000N
### kotek_magnet[tick=17400] sensor4: d=0.5249m in_range=False f_mag=0.000N tau_mag=0.0000Nm misalign_deg=90.0 pos=[-0.10900017  0.10899857  0.49140224] bottom_world=[-0.10900009  0.10899886  0.47140224] quat=[ 3.8268307e-01  8.6576421e-07 -7.2539888e-06  9.2387974e-01] speed=0.0009 ang_speed=0.0018 ang_vel_vec=[-4.5541932e-05 -1.1436110e-03  1.3545352e-03] |com_force|=0.0000N
### kotek_magnet[tick=17460] sensor3: d=0.3481m in_range=False f_mag=0.000N tau_mag=0.0000Nm misalign_deg=138.6 pos=[0.34765226 0.11468122 0.01749993] bottom_world=[0.33264711 0.12790415 0.01750004] quat=[0.6444258  0.64442885 0.29105705 0.29105452] speed=0.0005 ang_speed=0.0034 ang_vel_vec=[-0.00099882 -0.00324496 -0.00059818] |com_force|=0.0000N
### kotek_magnet[tick=17460] sensor4: d=0.5249m in_range=False f_mag=0.000N tau_mag=0.0000Nm misalign_deg=90.0 pos=[-0.10900018  0.10899857  0.49140233] bottom_world=[-0.1090001   0.10899886  0.47140233] quat=[ 3.8268316e-01  7.7163219e-07 -7.3394026e-06  9.2387974e-01] speed=0.0009 ang_speed=0.0017 ang_vel_vec=[-0.00028415 -0.00072722  0.00153611] |com_force|=0.0000N
### kotek_magnet[tick=17520] sensor3: d=0.3481m in_range=False f_mag=0.000N tau_mag=0.0000Nm misalign_deg=138.6 pos=[0.34765226 0.11468122 0.01749993] bottom_world=[0.33264711 0.12790415 0.01750004] quat=[0.6444258  0.64442885 0.29105705 0.29105452] speed=0.0005 ang_speed=0.0034 ang_vel_vec=[-0.00099862 -0.00324475 -0.00059819] |com_force|=0.0000N
### kotek_magnet[tick=17520] sensor4: d=0.5249m in_range=False f_mag=0.000N tau_mag=0.0000Nm misalign_deg=90.0 pos=[-0.10900017  0.10899851  0.49140236] bottom_world=[-0.10900008  0.1089988   0.47140236] quat=[ 3.8268313e-01  6.7789762e-07 -7.5471880e-06  9.2387968e-01] speed=0.0009 ang_speed=0.0015 ang_vel_vec=[-0.00020962 -0.00065986  0.00131388] |com_force|=0.0000N
### kotek_magnet[tick=17580] sensor3: d=0.3481m in_range=False f_mag=0.000N tau_mag=0.0000Nm misalign_deg=138.6 pos=[0.34765226 0.11468122 0.01749993] bottom_world=[0.33264711 0.12790415 0.01750004] quat=[0.6444258  0.64442885 0.29105705 0.29105452] speed=0.0005 ang_speed=0.0034 ang_vel_vec=[-0.00099867 -0.00324495 -0.00059818] |com_force|=0.0000N
### kotek_magnet[tick=17580] sensor4: d=0.5249m in_range=False f_mag=0.000N tau_mag=0.0000Nm misalign_deg=90.0 pos=[-0.10900018  0.10899853  0.49140227] bottom_world=[-0.10900009  0.10899882  0.47140227] quat=[ 3.8268304e-01  7.4901931e-07 -7.4611889e-06  9.2387974e-01] speed=0.0009 ang_speed=0.0016 ang_vel_vec=[-0.00020861 -0.00077573  0.00139665] |com_force|=0.0000N
### kotek_magnet[tick=17640] sensor3: d=0.3481m in_range=False f_mag=0.000N tau_mag=0.0000Nm misalign_deg=138.6 pos=[0.34765226 0.11468122 0.01749993] bottom_world=[0.33264711 0.12790415 0.01750004] quat=[0.6444258  0.64442885 0.29105705 0.29105452] speed=0.0005 ang_speed=0.0034 ang_vel_vec=[-0.00099861 -0.00324493 -0.00059818] |com_force|=0.0000N
### kotek_magnet[tick=17640] sensor4: d=0.5249m in_range=False f_mag=0.000N tau_mag=0.0000Nm misalign_deg=90.0 pos=[-0.10900019  0.10899857  0.49140233] bottom_world=[-0.10900012  0.10899884  0.47140233] quat=[ 3.8268304e-01  9.6870838e-07 -7.1183545e-06  9.2387974e-01] speed=0.0009 ang_speed=0.0021 ang_vel_vec=[ 0.00031097 -0.00167472  0.0012936 ] |com_force|=0.0000N
### kotek_magnet[tick=17700] sensor3: d=0.3481m in_range=False f_mag=0.000N tau_mag=0.0000Nm misalign_deg=138.6 pos=[0.34765226 0.11468122 0.01749993] bottom_world=[0.33264711 0.12790415 0.01750004] quat=[0.6444258  0.64442885 0.29105705 0.29105452] speed=0.0005 ang_speed=0.0034 ang_vel_vec=[-0.00099866 -0.00324496 -0.00059818] |com_force|=0.0000N
### kotek_magnet[tick=17700] sensor4: d=0.5288m in_range=False f_mag=0.000N tau_mag=0.0000Nm misalign_deg=67.2 pos=[-0.11866321  0.10738575  0.49787486] bottom_world=[-0.11089693  0.11711302  0.4822203 ] quat=[ 0.3120541  -0.10895597 -0.3110704   0.89105904] speed=0.0342 ang_speed=1.9591 ang_vel_vec=[-1.669554   -1.010996   -0.16846564] |com_force|=0.0000N
### kotek_magnet[tick=17760] sensor3: d=0.3481m in_range=False f_mag=0.000N tau_mag=0.0000Nm misalign_deg=138.6 pos=[0.34765226 0.11468122 0.01749993] bottom_world=[0.33264711 0.12790415 0.01750004] quat=[0.6444258  0.64442885 0.29105705 0.29105452] speed=0.0005 ang_speed=0.0034 ang_vel_vec=[-0.00099857 -0.0032447  -0.00059818] |com_force|=0.0000N
### kotek_magnet[tick=17760] sensor4: d=0.5285m in_range=False f_mag=0.000N tau_mag=0.0000Nm misalign_deg=75.6 pos=[-0.1165749   0.11170459  0.49687806] bottom_world=[-0.11158562  0.11838357  0.47869845] quat=[ 0.30700263 -0.0674981  -0.20237021  0.92749107] speed=0.0597 ang_speed=3.5108 ang_vel_vec=[-3.371405   0.5737406  0.7939421] |com_force|=0.0000N
### kotek_magnet[tick=17820] sensor3: d=0.3481m in_range=False f_mag=0.000N tau_mag=0.0000Nm misalign_deg=138.6 pos=[0.34765226 0.11468122 0.01749993] bottom_world=[0.33264711 0.12790415 0.01750004] quat=[0.6444258  0.64442885 0.29105705 0.29105452] speed=0.0005 ang_speed=0.0034 ang_vel_vec=[-0.00099871 -0.00324491 -0.00059818] |com_force|=0.0000N
### kotek_magnet[tick=17820] sensor4: d=0.5292m in_range=False f_mag=0.000N tau_mag=0.0000Nm misalign_deg=74.5 pos=[-0.1175878   0.11088166  0.4968983 ] bottom_world=[-0.11224957  0.11831857  0.4791164 ] quat=[ 0.30213585 -0.07104145 -0.2245124   0.92372143] speed=0.1699 ang_speed=7.8446 ang_vel_vec=[-7.2425017  2.6449347 -1.4452579] |com_force|=0.0000N
### kotek_magnet[tick=17880] sensor3: d=0.3481m in_range=False f_mag=0.000N tau_mag=0.0000Nm misalign_deg=138.6 pos=[0.34765226 0.11468122 0.01749993] bottom_world=[0.33264711 0.12790415 0.01750004] quat=[0.6444258  0.64442885 0.29105705 0.29105452] speed=0.0005 ang_speed=0.0034 ang_vel_vec=[-0.00099868 -0.0032451  -0.00059818] |com_force|=0.0000N
### kotek_magnet[tick=17880] sensor4: d=0.5291m in_range=False f_mag=0.000N tau_mag=0.0000Nm misalign_deg=74.9 pos=[-0.11743458  0.11113138  0.49684304] bottom_world=[-0.11221499  0.11832426  0.47892605] quat=[ 0.3027482  -0.06995039 -0.21721476  0.9253477 ] speed=0.1429 ang_speed=7.1329 ang_vel_vec=[-7.099547    0.04684962  0.68696153] |com_force|=0.0000N
### kotek_magnet[tick=17940] sensor3: d=0.3481m in_range=False f_mag=0.000N tau_mag=0.0000Nm misalign_deg=138.6 pos=[0.34765226 0.11468122 0.01749993] bottom_world=[0.33264711 0.12790415 0.01750004] quat=[0.6444258  0.64442885 0.29105705 0.29105452] speed=0.0005 ang_speed=0.0034 ang_vel_vec=[-0.00099869 -0.00324482 -0.00059818] |com_force|=0.0000N
### kotek_magnet[tick=17940] sensor4: d=0.5469m in_range=False f_mag=0.000N tau_mag=0.0000Nm misalign_deg=86.4 pos=[-0.13251297  0.10993856  0.49404654] bottom_world=[-0.13124431  0.11235501  0.47423363] quat=[ 0.11181528 -0.02480393 -0.06373449  0.9913728 ] speed=0.1001 ang_speed=6.0274 ang_vel_vec=[-1.6245625 -2.401251   5.28438  ] |com_force|=0.0000N
### kotek_magnet[tick=18000] sensor3: d=0.3481m in_range=False f_mag=0.000N tau_mag=0.0000Nm misalign_deg=138.6 pos=[0.34765226 0.11468122 0.01749993] bottom_world=[0.33264711 0.12790415 0.01750004] quat=[0.6444258  0.64442885 0.29105705 0.29105452] speed=0.0005 ang_speed=0.0034 ang_vel_vec=[-0.00099872 -0.00324512 -0.00059818] |com_force|=0.0000N
### kotek_magnet[tick=18000] sensor4: d=0.5547m in_range=False f_mag=0.000N tau_mag=0.0000Nm misalign_deg=85.3 pos=[-0.13609478  0.10577597  0.5117389 ] bottom_world=[-0.13445684  0.10656242  0.4918216 ] quat=[ 0.03042193 -0.04037245 -0.02092055  0.9985023 ] speed=0.1030 ang_speed=2.4635 ang_vel_vec=[-0.34637797 -0.444022   -2.398312  ] |com_force|=0.0000N
### kotek_magnet[tick=18060] sensor3: d=0.3481m in_range=False f_mag=0.000N tau_mag=0.0000Nm misalign_deg=138.6 pos=[0.34765226 0.11468122 0.01749993] bottom_world=[0.33264711 0.12790415 0.01750004] quat=[0.6444258  0.64442885 0.29105705 0.29105452] speed=0.0005 ang_speed=0.0034 ang_vel_vec=[-0.00099861 -0.00324485 -0.00059818] |com_force|=0.0000N
### kotek_magnet[tick=18060] sensor4: d=0.5610m in_range=False f_mag=0.000N tau_mag=0.0000Nm misalign_deg=85.2 pos=[-0.13605322  0.10713156  0.53545797] bottom_world=[-0.13437679  0.10796756  0.51554589] quat=[ 0.02837916 -0.04134541 -0.02210668  0.9984972 ] speed=0.0695 ang_speed=3.1887 ang_vel_vec=[-2.9950547   0.47490072 -0.9857166 ] |com_force|=0.0000N
### kotek_magnet[tick=18120] sensor3: d=0.3481m in_range=False f_mag=0.000N tau_mag=0.0000Nm misalign_deg=138.6 pos=[0.34765226 0.11468122 0.01749993] bottom_world=[0.33264711 0.12790415 0.01750004] quat=[0.6444258  0.64442885 0.29105705 0.29105452] speed=0.0005 ang_speed=0.0034 ang_vel_vec=[-0.00099862 -0.00324503 -0.00059819] |com_force|=0.0000N
### kotek_magnet[tick=18120] sensor4: d=0.5693m in_range=False f_mag=0.000N tau_mag=0.0000Nm misalign_deg=85.1 pos=[-0.13607734  0.10856535  0.5619805 ] bottom_world=[-0.13435493  0.10945447  0.54207464] quat=[ 0.02482097 -0.04254487 -0.02331887  0.99851394] speed=0.1094 ang_speed=2.3508 ang_vel_vec=[-0.6212479  0.5945433 -2.1878653] |com_force|=0.0000N
### kotek_magnet[tick=18180] sensor3: d=0.3481m in_range=False f_mag=0.000N tau_mag=0.0000Nm misalign_deg=138.6 pos=[0.34765226 0.11468122 0.01749993] bottom_world=[0.33264711 0.12790415 0.01750004] quat=[0.6444258  0.64442885 0.29105705 0.29105452] speed=0.0005 ang_speed=0.0034 ang_vel_vec=[-0.00099874 -0.00324502 -0.00059818] |com_force|=0.0000N
### kotek_magnet[tick=18180] sensor4: d=0.5727m in_range=False f_mag=0.000N tau_mag=0.0000Nm misalign_deg=85.0 pos=[-0.1364439   0.10826533  0.5710209 ] bottom_world=[-0.13468607  0.10901377  0.55111236] quat=[ 0.02090601 -0.04359429 -0.01964924  0.9986373 ] speed=0.0742 ang_speed=2.1777 ang_vel_vec=[-0.30623794  0.5618402  -2.081523  ] |com_force|=0.0000N
### kotek_magnet[tick=18240] sensor3: d=0.3481m in_range=False f_mag=0.000N tau_mag=0.0000Nm misalign_deg=138.6 pos=[0.34765226 0.11468122 0.01749993] bottom_world=[0.33264711 0.12790415 0.01750004] quat=[0.6444258  0.64442885 0.29105705 0.29105452] speed=0.0005 ang_speed=0.0034 ang_vel_vec=[-0.00099873 -0.00324494 -0.00059819] |com_force|=0.0000N
### kotek_magnet[tick=18240] sensor4: d=0.5719m in_range=False f_mag=0.000N tau_mag=0.0000Nm misalign_deg=85.0 pos=[-0.13678667  0.11491071  0.5687511 ] bottom_world=[-0.13505867  0.1151588   0.54882743] quat=[ 0.05087961 -0.0428691  -0.00840225  0.9977489 ] speed=0.0929 ang_speed=2.3850 ang_vel_vec=[-0.30956227  0.09440123 -2.3629534 ] |com_force|=0.0000N
### kotek_magnet[tick=18300] sensor3: d=0.3481m in_range=False f_mag=0.000N tau_mag=0.0000Nm misalign_deg=138.6 pos=[0.34765226 0.11468122 0.01749993] bottom_world=[0.33264711 0.12790415 0.01750004] quat=[0.6444258  0.64442885 0.29105705 0.29105452] speed=0.0005 ang_speed=0.0034 ang_vel_vec=[-0.00099872 -0.00324488 -0.00059819] |com_force|=0.0000N
### kotek_magnet[tick=18300] sensor4: d=0.5698m in_range=False f_mag=0.000N tau_mag=0.0000Nm misalign_deg=85.7 pos=[-0.13600013  0.13190883  0.5665634 ] bottom_world=[-0.13450707  0.13138955  0.546626  ] quat=[ 0.12908943 -0.03872112  0.00805736  0.9908439 ] speed=0.0945 ang_speed=2.3603 ang_vel_vec=[-0.61267173  0.20221096 -2.270394  ] |com_force|=0.0000N
### kotek_magnet[tick=18360] sensor3: d=0.3481m in_range=False f_mag=0.000N tau_mag=0.0000Nm misalign_deg=138.6 pos=[0.34765226 0.11468122 0.01749992] bottom_world=[0.33264711 0.12790415 0.01750003] quat=[0.6444258  0.64442885 0.29105705 0.29105452] speed=0.0005 ang_speed=0.0034 ang_vel_vec=[-0.00099876 -0.00324494 -0.00059818] |com_force|=0.0000N
### kotek_magnet[tick=18360] sensor4: d=0.5667m in_range=False f_mag=0.000N tau_mag=0.0000Nm misalign_deg=87.0 pos=[-0.13342083  0.14974457  0.5640802 ] bottom_world=[-0.13236179  0.14844285  0.5441507 ] quat=[ 0.21068604 -0.03277187  0.02625125  0.9766516 ] speed=0.0923 ang_speed=2.4148 ang_vel_vec=[-0.52277327  0.37041897 -2.3282363 ] |com_force|=0.0000N
### kotek_magnet[tick=18420] sensor3: d=0.3481m in_range=False f_mag=0.000N tau_mag=0.0000Nm misalign_deg=138.6 pos=[0.34765226 0.11468122 0.01749992] bottom_world=[0.33264711 0.12790415 0.01750003] quat=[0.6444258  0.64442885 0.29105705 0.29105452] speed=0.0005 ang_speed=0.0034 ang_vel_vec=[-0.00099863 -0.00324483 -0.00059818] |com_force|=0.0000N
### kotek_magnet[tick=18420] sensor4: d=0.5625m in_range=False f_mag=0.000N tau_mag=0.0000Nm misalign_deg=88.8 pos=[-0.12909122  0.16739346  0.56140137] bottom_world=[-0.12867397  0.16536663  0.54150871] quat=[ 0.2911554  -0.02478433  0.04548939  0.95527226] speed=0.0938 ang_speed=2.4458 ang_vel_vec=[-0.62339026  0.31752464 -2.3435786 ] |com_force|=0.0000N
### kotek_magnet[tick=18480] sensor3: d=0.3481m in_range=False f_mag=0.000N tau_mag=0.0000Nm misalign_deg=138.6 pos=[0.34765226 0.11468122 0.01749992] bottom_world=[0.33264711 0.12790415 0.01750003] quat=[0.6444258  0.64442885 0.29105705 0.29105452] speed=0.0005 ang_speed=0.0034 ang_vel_vec=[-0.00099861 -0.00324475 -0.00059819] |com_force|=0.0000N
### kotek_magnet[tick=18480] sensor4: d=0.5574m in_range=False f_mag=0.000N tau_mag=0.0000Nm misalign_deg=91.1 pos=[-0.12310991  0.18448311  0.5584821 ] bottom_world=[-0.12350794  0.18182664  0.53866331] quat=[ 0.3671465  -0.01522033  0.06556211  0.92772484] speed=0.1011 ang_speed=3.0562 ang_vel_vec=[-0.69344544  1.0070479  -2.8009067 ] |com_force|=0.0000N
### kotek_magnet[tick=18540] sensor3: d=0.3481m in_range=False f_mag=0.000N tau_mag=0.0000Nm misalign_deg=138.6 pos=[0.34765226 0.11468122 0.01749992] bottom_world=[0.33264711 0.12790415 0.01750003] quat=[0.6444258  0.64442885 0.29105705 0.29105452] speed=0.0005 ang_speed=0.0034 ang_vel_vec=[-0.00099862 -0.00324477 -0.00059818] |com_force|=0.0000N
### kotek_magnet[tick=18540] sensor4: d=0.5511m in_range=False f_mag=0.000N tau_mag=0.0000Nm misalign_deg=93.8 pos=[-0.11538358  0.20074971  0.5554469 ] bottom_world=[-0.11671355  0.19766324  0.53573132] quat=[ 0.44205397 -0.00444923  0.08420321  0.8930164 ] speed=0.0943 ang_speed=2.8670 ang_vel_vec=[-0.5729618  1.0117279 -2.6206713] |com_force|=0.0000N
### kotek_magnet[tick=18600] sensor3: d=0.3481m in_range=False f_mag=0.000N tau_mag=0.0000Nm misalign_deg=138.6 pos=[0.34765226 0.11468122 0.01749992] bottom_world=[0.33264711 0.12790415 0.01750003] quat=[0.6444258  0.64442885 0.29105705 0.29105452] speed=0.0005 ang_speed=0.0034 ang_vel_vec=[-0.00099872 -0.00324504 -0.00059818] |com_force|=0.0000N
### kotek_magnet[tick=18600] sensor4: d=0.5440m in_range=False f_mag=0.000N tau_mag=0.0000Nm misalign_deg=96.8 pos=[-0.10614324  0.21612136  0.5522213 ] bottom_world=[-0.10851316  0.21278435  0.53264458] quat=[0.5134551  0.00772175 0.10257918 0.8519283 ] speed=0.0969 ang_speed=2.9040 ang_vel_vec=[-0.43070203  1.0014269  -2.6916075 ] |com_force|=0.0000N
### kotek_magnet[tick=18660] sensor3: d=0.3481m in_range=False f_mag=0.000N tau_mag=0.0000Nm misalign_deg=138.6 pos=[0.34765226 0.11468122 0.01749992] bottom_world=[0.33264711 0.12790415 0.01750003] quat=[0.6444258  0.64442885 0.29105705 0.29105452] speed=0.0005 ang_speed=0.0034 ang_vel_vec=[-0.0009986  -0.00324493 -0.00059818] |com_force|=0.0000N
### kotek_magnet[tick=18660] sensor4: d=0.5356m in_range=False f_mag=0.000N tau_mag=0.0000Nm misalign_deg=100.1 pos=[-0.09520199  0.23085262  0.5486923 ] bottom_world=[-0.09871699  0.22746679  0.5292969 ] quat=[0.5825905  0.02161284 0.12102994 0.8034132 ] speed=0.0955 ang_speed=2.6993 ang_vel_vec=[-0.26663175  0.9546446  -2.5107281 ] |com_force|=0.0000N
### kotek_magnet[tick=18720] sensor3: d=0.3481m in_range=False f_mag=0.000N tau_mag=0.0000Nm misalign_deg=138.6 pos=[0.34765226 0.11468122 0.01749992] bottom_world=[0.33264711 0.12790415 0.01750003] quat=[0.6444258  0.64442885 0.29105705 0.29105452] speed=0.0005 ang_speed=0.0034 ang_vel_vec=[-0.00099874 -0.00324494 -0.00059818] |com_force|=0.0000N
### kotek_magnet[tick=18720] sensor4: d=0.5265m in_range=False f_mag=0.000N tau_mag=0.0000Nm misalign_deg=103.5 pos=[-0.0832121   0.24412729  0.54504734] bottom_world=[-0.0878831   0.2409177   0.52586714] quat=[0.64574826 0.03651599 0.13842477 0.7500096 ] speed=0.0996 ang_speed=2.7328 ang_vel_vec=[-0.13313004  0.948053   -2.5595915 ] |com_force|=0.0000N
### kotek_magnet[tick=18780] sensor3: d=0.3481m in_range=False f_mag=0.000N tau_mag=0.0000Nm misalign_deg=138.6 pos=[0.34765226 0.11468122 0.01749992] bottom_world=[0.33264711 0.12790415 0.01750003] quat=[0.6444258  0.64442885 0.29105705 0.29105452] speed=0.0005 ang_speed=0.0034 ang_vel_vec=[-0.00099876 -0.00324488 -0.00059818] |com_force|=0.0000N
### kotek_magnet[tick=18780] sensor4: d=0.5169m in_range=False f_mag=0.000N tau_mag=0.0000Nm misalign_deg=107.0 pos=[-0.07034676  0.25615877  0.5412899 ] bottom_world=[-0.07618493  0.25337845  0.52236413] quat=[0.7020699  0.05379073 0.15479584 0.69299555] speed=0.0741 ang_speed=3.3989 ang_vel_vec=[-0.906354   1.3839471 -2.9691596] |com_force|=0.0000N
### kotek_magnet[tick=18840] sensor3: d=0.3481m in_range=False f_mag=0.000N tau_mag=0.0000Nm misalign_deg=138.6 pos=[0.34765226 0.11468122 0.01749992] bottom_world=[0.33264711 0.12790415 0.01750003] quat=[0.6444258  0.64442885 0.29105705 0.29105452] speed=0.0005 ang_speed=0.0034 ang_vel_vec=[-0.00099862 -0.00324481 -0.00059818] |com_force|=0.0000N
### kotek_magnet[tick=18840] sensor4: d=0.5058m in_range=False f_mag=0.000N tau_mag=0.0000Nm misalign_deg=110.4 pos=[-0.05585712  0.26714635  0.53714716] bottom_world=[-0.06283176  0.26504177  0.51852124] quat=[0.7559495  0.07218037 0.17070973 0.6278444 ] speed=0.0950 ang_speed=2.8246 ang_vel_vec=[-1.0992073   0.19944227 -2.594253  ] |com_force|=0.0000N
### kotek_magnet[tick=18900] sensor3: d=0.3481m in_range=False f_mag=0.000N tau_mag=0.0000Nm misalign_deg=138.6 pos=[0.34765226 0.11468122 0.01749992] bottom_world=[0.33264711 0.12790415 0.01750003] quat=[0.6444258  0.64442885 0.29105705 0.29105452] speed=0.0005 ang_speed=0.0034 ang_vel_vec=[-0.0009986  -0.00324488 -0.00059818] |com_force|=0.0000N
### kotek_magnet[tick=18900] sensor4: d=0.4939m in_range=False f_mag=0.000N tau_mag=0.0000Nm misalign_deg=113.5 pos=[-0.04052327  0.27661288  0.53281176] bottom_world=[-0.04848886  0.27537754  0.51450812] quat=[0.8034295  0.09026525 0.18509763 0.55865216] speed=0.0707 ang_speed=2.8700 ang_vel_vec=[-0.73596513  1.0021855  -2.586692  ] |com_force|=0.0000N
### still playing, 1069s left
### kotek_magnet[tick=18960] sensor3: d=0.3481m in_range=False f_mag=0.000N tau_mag=0.0000Nm misalign_deg=138.6 pos=[0.34765226 0.11468122 0.01749992] bottom_world=[0.33264711 0.12790415 0.01750003] quat=[0.6444258  0.64442885 0.29105705 0.29105452] speed=0.0005 ang_speed=0.0034 ang_vel_vec=[-0.0009988  -0.00324496 -0.00059818] |com_force|=0.0000N
### kotek_magnet[tick=18960] sensor4: d=0.4815m in_range=False f_mag=0.000N tau_mag=0.0000Nm misalign_deg=116.2 pos=[-0.02477916  0.28462997  0.5283777 ] bottom_world=[-0.03361154  0.28449229  0.51043419] quat=[0.84418344 0.11000572 0.19826917 0.48573905] speed=0.0792 ang_speed=2.7981 ang_vel_vec=[-0.9820396   0.76789284 -2.5050042 ] |com_force|=0.0000N
### kotek_magnet[tick=19020] sensor3: d=0.3481m in_range=False f_mag=0.000N tau_mag=0.0000Nm misalign_deg=138.6 pos=[0.34765226 0.11468122 0.01749992] bottom_world=[0.33264711 0.12790415 0.01750003] quat=[0.6444258  0.64442885 0.29105705 0.29105452] speed=0.0005 ang_speed=0.0034 ang_vel_vec=[-0.00099861 -0.00324494 -0.00059818] |com_force|=0.0000N
### kotek_magnet[tick=19020] sensor4: d=0.4684m in_range=False f_mag=0.000N tau_mag=0.0000Nm misalign_deg=118.4 pos=[-0.00852972  0.29116565  0.5238141 ] bottom_world=[-0.01803688  0.29229906  0.50625478] quat=[0.87810403 0.13022226 0.20990358 0.4097755 ] speed=0.0791 ang_speed=2.8348 ang_vel_vec=[-0.9381443  0.895789  -2.5205889] |com_force|=0.0000N
### kotek_magnet[tick=19080] sensor3: d=0.3481m in_range=False f_mag=0.000N tau_mag=0.0000Nm misalign_deg=138.6 pos=[0.34765226 0.11468122 0.01749992] bottom_world=[0.33264711 0.12790415 0.01750003] quat=[0.6444258  0.64442885 0.29105705 0.29105452] speed=0.0005 ang_speed=0.0034 ang_vel_vec=[-0.0009986  -0.00324499 -0.00059818] |com_force|=0.0000N
### kotek_magnet[tick=19080] sensor4: d=0.4545m in_range=False f_mag=0.000N tau_mag=0.0000Nm misalign_deg=119.9 pos=[0.00825016 0.2962987  0.51905435] bottom_world=[-0.00171701  0.29886686  0.50190617] quat=[0.90524495 0.15126018 0.22003594 0.33050898] speed=0.0763 ang_speed=2.7411 ang_vel_vec=[-0.849242   0.9870252 -2.4121122] |com_force|=0.0000N
### kotek_magnet[tick=19140] sensor3: d=0.3481m in_range=False f_mag=0.000N tau_mag=0.0000Nm misalign_deg=138.6 pos=[0.34765226 0.11468122 0.01749992] bottom_world=[0.33264711 0.12790415 0.01750003] quat=[0.6444258  0.64442885 0.29105705 0.29105452] speed=0.0005 ang_speed=0.0034 ang_vel_vec=[-0.00099858 -0.00324477 -0.00059818] |com_force|=0.0000N
### kotek_magnet[tick=19140] sensor4: d=0.4399m in_range=False f_mag=0.000N tau_mag=0.0000Nm misalign_deg=120.6 pos=[0.02545288 0.30000356 0.51416504] bottom_world=[0.01527799 0.30413251 0.49744908] quat=[0.92523867 0.17295927 0.22844253 0.2486616 ] speed=0.0699 ang_speed=2.8138 ang_vel_vec=[-0.59280336  1.2205036  -2.4649863 ] |com_force|=0.0000N
### kotek_magnet[tick=19200] sensor3: d=0.3481m in_range=False f_mag=0.000N tau_mag=0.0000Nm misalign_deg=138.6 pos=[0.34765226 0.11468122 0.01749992] bottom_world=[0.33264711 0.12790415 0.01750003] quat=[0.6444258  0.64442885 0.29105705 0.29105452] speed=0.0005 ang_speed=0.0034 ang_vel_vec=[-0.00099867 -0.00324497 -0.00059818] |com_force|=0.0000N
### kotek_magnet[tick=19200] sensor4: d=0.4245m in_range=False f_mag=0.000N tau_mag=0.0000Nm misalign_deg=120.4 pos=[0.04296299 0.30230924 0.50904214] bottom_world=[0.03285519 0.30809003 0.4927813 ] quat=[0.9377848  0.19537604 0.23517472 0.164563  ] speed=0.0776 ang_speed=2.9288 ang_vel_vec=[-0.5505824  1.2844646 -2.573908 ] |com_force|=0.0000N
### kotek_magnet[tick=19260] sensor3: d=0.3481m in_range=False f_mag=0.000N tau_mag=0.0000Nm misalign_deg=138.6 pos=[0.34765226 0.11468122 0.01749992] bottom_world=[0.33264711 0.12790415 0.01750003] quat=[0.6444258  0.64442885 0.29105705 0.29105452] speed=0.0005 ang_speed=0.0034 ang_vel_vec=[-0.00099861 -0.00324483 -0.00059818] |com_force|=0.0000N
### kotek_magnet[tick=19260] sensor4: d=0.4089m in_range=False f_mag=0.000N tau_mag=0.0000Nm misalign_deg=119.2 pos=[0.06012616 0.3032665  0.5040157 ] bottom_world=[0.05037843 0.31071719 0.4882211 ] quat=[0.94251704 0.21818607 0.2398547  0.08078563] speed=0.0809 ang_speed=2.5712 ang_vel_vec=[-0.5677225  1.1360664 -2.2356887] |com_force|=0.0000N
### kotek_magnet[tick=19320] sensor3: d=0.3481m in_range=False f_mag=0.000N tau_mag=0.0000Nm misalign_deg=138.6 pos=[0.34765226 0.11468122 0.01749992] bottom_world=[0.33264711 0.12790415 0.01750003] quat=[0.6444258  0.64442885 0.29105705 0.29105452] speed=0.0005 ang_speed=0.0034 ang_vel_vec=[-0.00099869 -0.00324493 -0.00059819] |com_force|=0.0000N
### kotek_magnet[tick=19320] sensor4: d=0.3925m in_range=False f_mag=0.000N tau_mag=0.0000Nm misalign_deg=117.0 pos=[0.0774407  0.30284715 0.4988339 ] bottom_world=[0.06835298 0.31194161 0.48351384] quat=[ 0.9396758   0.24110809  0.24262214 -0.00328929] speed=0.0738 ang_speed=2.7365 ang_vel_vec=[-0.46291262  1.4417694  -2.2793612 ] |com_force|=0.0000N
### kotek_magnet[tick=19380] sensor3: d=0.3481m in_range=False f_mag=0.000N tau_mag=0.0000Nm misalign_deg=138.6 pos=[0.34765226 0.11468122 0.01749992] bottom_world=[0.33264711 0.12790415 0.01750003] quat=[0.6444258  0.64442885 0.29105705 0.29105452] speed=0.0005 ang_speed=0.0034 ang_vel_vec=[-0.00099862 -0.00324481 -0.00059819] |com_force|=0.0000N
### kotek_magnet[tick=19380] sensor4: d=0.3758m in_range=False f_mag=0.000N tau_mag=0.0000Nm misalign_deg=114.0 pos=[0.09442569 0.3012494  0.4936896 ] bottom_world=[0.0862977  0.31191191 0.47884888] quat=[ 0.9292773   0.26423976  0.24322696 -0.08638179] speed=0.0788 ang_speed=2.5984 ang_vel_vec=[-0.37452745  1.4558561  -2.1194036 ] |com_force|=0.0000N
### kotek_magnet[tick=19440] sensor3: d=0.3481m in_range=False f_mag=0.000N tau_mag=0.0000Nm misalign_deg=138.6 pos=[0.34765226 0.11468122 0.01749992] bottom_world=[0.33264711 0.12790415 0.01750003] quat=[0.6444258  0.64442885 0.29105705 0.29105452] speed=0.0005 ang_speed=0.0034 ang_vel_vec=[-0.00099874 -0.00324511 -0.00059818] |com_force|=0.0000N
### kotek_magnet[tick=19440] sensor4: d=0.3587m in_range=False f_mag=0.000N tau_mag=0.0000Nm misalign_deg=110.2 pos=[0.11120483 0.29847676 0.48853818] bottom_world=[0.10431306 0.3105687  0.47417543] quat=[ 0.9115782   0.28715983  0.24180701 -0.16761242] speed=0.0752 ang_speed=2.5611 ang_vel_vec=[-0.13369    1.5074532 -2.0661266] |com_force|=0.0000N
### kotek_magnet[tick=19500] sensor3: d=0.3481m in_range=False f_mag=0.000N tau_mag=0.0000Nm misalign_deg=138.6 pos=[0.34765226 0.11468122 0.01749992] bottom_world=[0.33264711 0.12790415 0.01750003] quat=[0.6444258  0.64442885 0.29105705 0.29105452] speed=0.0005 ang_speed=0.0034 ang_vel_vec=[-0.00099859 -0.00324472 -0.00059818] |com_force|=0.0000N
### kotek_magnet[tick=19500] sensor4: d=0.3410m in_range=False f_mag=0.000N tau_mag=0.0000Nm misalign_deg=105.6 pos=[0.12779835 0.29453737 0.48331857] bottom_world=[0.12240912 0.30788825 0.46943656] quat=[ 0.8865368   0.31001374  0.23841414 -0.24718957] speed=0.0704 ang_speed=2.7137 ang_vel_vec=[ 0.3274781  1.5094372 -2.2312205] |com_force|=0.0000N
### kotek_magnet[tick=19560] sensor3: d=0.3481m in_range=False f_mag=0.000N tau_mag=0.0000Nm misalign_deg=138.6 pos=[0.34765226 0.11468122 0.01749992] bottom_world=[0.33264711 0.12790415 0.01750003] quat=[0.6444258  0.64442885 0.29105705 0.29105452] speed=0.0005 ang_speed=0.0034 ang_vel_vec=[-0.00099868 -0.00324497 -0.00059818] |com_force|=0.0000N
### kotek_magnet[tick=19560] sensor4: d=0.3230m in_range=False f_mag=0.000N tau_mag=0.0000Nm misalign_deg=100.5 pos=[0.1439611  0.2896303  0.47821403] bottom_world=[0.14031237 0.30402442 0.46481642] quat=[ 0.8545223   0.3329368   0.23283677 -0.32362285] speed=0.0777 ang_speed=2.6390 ang_vel_vec=[ 0.17601663  1.7145169  -1.9984114 ] |com_force|=0.0000N
### kotek_magnet[tick=19620] sensor3: d=0.3481m in_range=False f_mag=0.000N tau_mag=0.0000Nm misalign_deg=138.6 pos=[0.34765226 0.11468122 0.01749992] bottom_world=[0.33264711 0.12790415 0.01750003] quat=[0.6444258  0.64442885 0.29105705 0.29105452] speed=0.0005 ang_speed=0.0034 ang_vel_vec=[-0.00099862 -0.00324489 -0.00059818] |com_force|=0.0000N
### kotek_magnet[tick=19620] sensor4: d=0.3045m in_range=False f_mag=0.000N tau_mag=0.0000Nm misalign_deg=94.9 pos=[0.15995614 0.28361455 0.47313806] bottom_world=[0.15824561 0.29878769 0.46022102] quat=[ 0.81574523  0.3553964   0.22531626 -0.39684498] speed=0.0790 ang_speed=2.6894 ang_vel_vec=[ 0.60752934  1.6065402  -2.0694327 ] |com_force|=0.0000N
### kotek_magnet[tick=19680] sensor3: d=0.3481m in_range=False f_mag=0.000N tau_mag=0.0000Nm misalign_deg=138.6 pos=[0.34765226 0.11468122 0.01749992] bottom_world=[0.33264711 0.12790415 0.01750003] quat=[0.6444258  0.64442885 0.29105705 0.29105452] speed=0.0005 ang_speed=0.0034 ang_vel_vec=[-0.00099882 -0.00324495 -0.00059818] |com_force|=0.0000N
### kotek_magnet[tick=19680] sensor4: d=0.2864m in_range=False f_mag=0.000N tau_mag=0.0000Nm misalign_deg=89.1 pos=[0.1750371 0.2769419 0.4682876] bottom_world=[0.17534538 0.29259218 0.45583875] quat=[ 0.77192765  0.3767143   0.21648403 -0.46405703] speed=0.0744 ang_speed=2.7459 ang_vel_vec=[ 1.3509738  0.9594615 -2.189568 ] |com_force|=0.0000N
### kotek_magnet[tick=19740] sensor3: d=0.3481m in_range=False f_mag=0.000N tau_mag=0.0000Nm misalign_deg=138.6 pos=[0.34765226 0.11468122 0.01749992] bottom_world=[0.33264711 0.12790415 0.01750003] quat=[0.6444258  0.64442885 0.29105705 0.29105452] speed=0.0005 ang_speed=0.0034 ang_vel_vec=[-0.00099866 -0.00324485 -0.00059818] |com_force|=0.0000N
### kotek_magnet[tick=19740] sensor4: d=0.2670m in_range=False f_mag=0.000N tau_mag=0.0000Nm misalign_deg=82.7 pos=[0.19048224 0.26901776 0.4633133 ] bottom_world=[0.19303034 0.28485131 0.45136318] quat=[ 0.72002345  0.3990477   0.2049575  -0.52945226] speed=0.0758 ang_speed=3.1191 ang_vel_vec=[ 0.8790648  2.446673  -1.723391 ] |com_force|=0.0000N
### kotek_magnet[tick=19800] sensor3: d=0.3481m in_range=False f_mag=0.000N tau_mag=0.0000Nm misalign_deg=138.6 pos=[0.34765226 0.11468122 0.01749992] bottom_world=[0.33264711 0.12790415 0.01750003] quat=[0.6444258  0.64442885 0.29105705 0.29105452] speed=0.0005 ang_speed=0.0034 ang_vel_vec=[-0.00099864 -0.00324498 -0.00059818] |com_force|=0.0000N
### kotek_magnet[tick=19800] sensor4: d=0.2478m in_range=False f_mag=0.000N tau_mag=0.0000Nm misalign_deg=76.2 pos=[0.20524156 0.26038945 0.45861098] bottom_world=[0.21002442 0.27606732 0.44715111] quat=[ 0.663646    0.4201607   0.19227096 -0.588278  ] speed=0.0918 ang_speed=2.6488 ang_vel_vec=[ 1.0504369  1.5542359 -1.8701112] |com_force|=0.0000N
### kotek_magnet[tick=19860] sensor3: d=0.3481m in_range=False f_mag=0.000N tau_mag=0.0000Nm misalign_deg=138.6 pos=[0.34765226 0.11468122 0.01749991] bottom_world=[0.33264711 0.12790415 0.01750002] quat=[0.6444258  0.64442885 0.29105705 0.29105452] speed=0.0005 ang_speed=0.0034 ang_vel_vec=[-0.00099862 -0.00324506 -0.00059818] |com_force|=0.0000N
### kotek_magnet[tick=19860] sensor4: d=0.2291m in_range=False f_mag=0.000N tau_mag=0.0000Nm misalign_deg=69.7 pos=[0.21916786 0.25121823 0.4542285 ] bottom_world=[0.22611062 0.2664236  0.44324692] quat=[ 0.6043538   0.43997556  0.17855577 -0.6397624 ] speed=0.0969 ang_speed=2.6384 ang_vel_vec=[ 1.2039735  1.4990747 -1.8066883] |com_force|=0.0000N
### kotek_magnet[tick=19920] sensor3: d=0.3481m in_range=False f_mag=0.000N tau_mag=0.0000Nm misalign_deg=138.6 pos=[0.34765226 0.11468122 0.01749991] bottom_world=[0.33264711 0.12790415 0.01750002] quat=[0.6444258  0.64442885 0.29105705 0.29105452] speed=0.0005 ang_speed=0.0034 ang_vel_vec=[-0.00099873 -0.00324498 -0.00059819] |com_force|=0.0000N
### kotek_magnet[tick=19920] sensor4: d=0.2096m in_range=False f_mag=0.000N tau_mag=0.0000Nm misalign_deg=62.9 pos=[0.23323822 0.24086083 0.4499106 ] bottom_world=[0.24235343 0.25525081 0.43943008] quat=[ 0.5387978   0.45975965  0.16311869 -0.6868117 ] speed=0.1021 ang_speed=2.7348 ang_vel_vec=[ 1.4492989  1.3626815 -1.8765705] |com_force|=0.0000N
### kotek_magnet[tick=19980] sensor3: d=0.3481m in_range=False f_mag=0.000N tau_mag=0.0000Nm misalign_deg=138.6 pos=[0.34765226 0.11468122 0.01749991] bottom_world=[0.33264711 0.12790415 0.01750002] quat=[0.6444258  0.64442885 0.29105705 0.29105452] speed=0.0005 ang_speed=0.0034 ang_vel_vec=[-0.00099863 -0.00324497 -0.00059819] |com_force|=0.0000N
### kotek_magnet[tick=19980] sensor4: d=0.1901m in_range=False f_mag=0.000N tau_mag=0.0000Nm misalign_deg=56.0 pos=[0.24693146 0.22966339 0.44575623] bottom_world=[0.25812633 0.24290528 0.43578992] quat=[ 0.4687456   0.478962    0.14641656 -0.72762305] speed=0.1031 ang_speed=2.7912 ang_vel_vec=[ 1.6512555  1.2718565 -1.8565534] |com_force|=0.0000N
### kotek_magnet[tick=20040] sensor3: d=0.3481m in_range=False f_mag=0.000N tau_mag=0.0000Nm misalign_deg=138.6 pos=[0.34765226 0.11468122 0.01749991] bottom_world=[0.33264711 0.12790415 0.01750002] quat=[0.6444258  0.64442885 0.29105705 0.29105452] speed=0.0005 ang_speed=0.0034 ang_vel_vec=[-0.00099882 -0.0032449  -0.00059819] |com_force|=0.0000N
### kotek_magnet[tick=20040] sensor4: d=0.1710m in_range=False f_mag=0.000N tau_mag=0.0000Nm misalign_deg=49.2 pos=[0.26001528 0.2177652  0.44200277] bottom_world=[0.27308328 0.22958964 0.43254709] quat=[ 0.39724225  0.49692827  0.12911306 -0.76065147] speed=0.1058 ang_speed=2.8708 ang_vel_vec=[ 1.8763719  1.1125884 -1.866303 ] |com_force|=0.0000N
### kotek_magnet[tick=20100] sensor3: d=0.3481m in_range=False f_mag=0.000N tau_mag=0.0000Nm misalign_deg=138.6 pos=[0.34765226 0.11468122 0.01749991] bottom_world=[0.33264711 0.12790415 0.01750002] quat=[0.6444258  0.64442885 0.29105705 0.29105452] speed=0.0005 ang_speed=0.0034 ang_vel_vec=[-0.00099882 -0.00324503 -0.00059819] |com_force|=0.0000N
### kotek_magnet[tick=20100] sensor4: d=0.1530m in_range=False f_mag=0.000N tau_mag=0.0000Nm misalign_deg=42.7 pos=[0.27233446 0.20539007 0.43857574] bottom_world=[0.28704096 0.21557143 0.4296282 ] quat=[ 0.3248236   0.51368904  0.1115123  -0.7862432 ] speed=0.1113 ang_speed=2.8900 ang_vel_vec=[ 2.0670512   0.92259836 -1.7967676 ] |com_force|=0.0000N
### kotek_magnet[tick=20160] sensor3: d=0.3481m in_range=False f_mag=0.000N tau_mag=0.0000Nm misalign_deg=138.6 pos=[0.34765226 0.11468122 0.01749991] bottom_world=[0.33264711 0.12790415 0.01750002] quat=[0.6444258  0.64442885 0.29105705 0.29105452] speed=0.0005 ang_speed=0.0034 ang_vel_vec=[-0.00099867 -0.00324494 -0.00059819] |com_force|=0.0000N
### kotek_magnet[tick=20160] sensor4: d=0.1352m in_range=False f_mag=0.000N tau_mag=0.0000Nm misalign_deg=36.1 pos=[0.28460315 0.19173707 0.43537572] bottom_world=[0.30075851 0.19999661 0.42696239] quat=[ 0.2483707   0.53012854  0.09289974 -0.8053852 ] speed=0.1141 ang_speed=3.0103 ang_vel_vec=[ 2.2605186   0.66399235 -1.8738403 ] |com_force|=0.0000N
### kotek_magnet[tick=20220] sensor3: d=0.3481m in_range=False f_mag=0.000N tau_mag=0.0000Nm misalign_deg=138.6 pos=[0.34765226 0.11468122 0.01749994] bottom_world=[0.33264711 0.12790415 0.01750005] quat=[0.6444258  0.64442885 0.29105705 0.29105452] speed=0.0005 ang_speed=0.0034 ang_vel_vec=[-0.00099877 -0.00324505 -0.00059819] |com_force|=0.0000N
### kotek_magnet[tick=20220] sensor4: d=0.1192m in_range=False f_mag=0.000N tau_mag=0.0000Nm misalign_deg=30.0 pos=[0.29617772 0.17746037 0.43259698] bottom_world=[0.31349285 0.1836348  0.42471899] quat=[ 0.17170513  0.5454629   0.07429966 -0.8169867 ] speed=0.1168 ang_speed=2.9966 ang_vel_vec=[ 2.3255656   0.35279226 -1.8565855 ] |com_force|=0.0000N
### kotek_magnet[tick=20280] sensor3: d=0.3481m in_range=False f_mag=0.000N tau_mag=0.0000Nm misalign_deg=138.6 pos=[0.34765226 0.11468122 0.01749994] bottom_world=[0.33264711 0.12790415 0.01750005] quat=[0.6444258  0.64442885 0.29105705 0.29105452] speed=0.0005 ang_speed=0.0034 ang_vel_vec=[-0.00099866 -0.00324478 -0.00059818] |com_force|=0.0000N
### kotek_magnet[tick=20280] sensor4: d=0.1056m in_range=False f_mag=0.000N tau_mag=0.0000Nm misalign_deg=24.7 pos=[0.30712396 0.16237961 0.43016064] bottom_world=[0.32530101 0.16633994 0.42281827] quat=[ 0.0950311   0.55975795  0.05578247 -0.8212968 ] speed=0.1187 ang_speed=3.0629 ang_vel_vec=[ 2.435346    0.07676591 -1.855924  ] |com_force|=0.0000N
### kotek_magnet[tick=20340] sensor3: d=0.3481m in_range=False f_mag=0.000N tau_mag=0.0000Nm misalign_deg=138.6 pos=[0.34765226 0.11468122 0.01749994] bottom_world=[0.33264711 0.12790415 0.01750005] quat=[0.6444258  0.64442885 0.29105705 0.29105452] speed=0.0005 ang_speed=0.0034 ang_vel_vec=[-0.00099856 -0.00324495 -0.00059818] |com_force|=0.0000N
### kotek_magnet[tick=20340] sensor4: d=0.0965m in_range=True f_mag=1.470N tau_mag=0.0019Nm misalign_deg=21.2 pos=[0.3149213  0.14856881 0.42700484] bottom_world=[0.33357051 0.15054204 0.42005408] quat=[ 0.02996426  0.56981105  0.03932385 -0.8202873 ] speed=0.1336 ang_speed=2.0754 ang_vel_vec=[ 1.9414287  -0.40067336 -0.61461896] |com_force|=0.2519N
### kotek_magnet[tick=20400] sensor3: d=0.3481m in_range=False f_mag=0.000N tau_mag=0.0000Nm misalign_deg=138.6 pos=[0.34765226 0.11468122 0.01749994] bottom_world=[0.33264711 0.12790415 0.01750005] quat=[0.6444258  0.64442885 0.29105705 0.29105452] speed=0.0005 ang_speed=0.0034 ang_vel_vec=[-0.00099862 -0.00324484 -0.00059819] |com_force|=0.0000N
### kotek_magnet[tick=20400] sensor4: d=0.0951m in_range=True f_mag=1.668N tau_mag=0.0019Nm misalign_deg=21.5 pos=[0.31125492 0.15029246 0.42123497] bottom_world=[0.32986849 0.15218965 0.41416846] quat=[ 0.02847201  0.5673534   0.03804405 -0.8221023 ] speed=0.1355 ang_speed=1.8510 ang_vel_vec=[ 1.2885051  0.6550745 -1.1562247] |com_force|=0.2796N
### kotek_magnet[tick=20460] sensor3: d=0.3481m in_range=False f_mag=0.000N tau_mag=0.0000Nm misalign_deg=138.6 pos=[0.34765226 0.11468122 0.01749994] bottom_world=[0.33264711 0.12790415 0.01750005] quat=[0.6444258  0.64442885 0.29105705 0.29105452] speed=0.0005 ang_speed=0.0034 ang_vel_vec=[-0.0009986  -0.00324488 -0.00059818] |com_force|=0.0000N
### kotek_magnet[tick=20460] sensor4: d=0.0806m in_range=True f_mag=1.600N tau_mag=0.0016Nm misalign_deg=21.2 pos=[0.31987968 0.15277861 0.40890047] bottom_world=[0.33852453 0.15460981 0.4018993 ] quat=[ 0.02564318  0.568795    0.03798602 -0.8212013 ] speed=0.1190 ang_speed=1.7674 ang_vel_vec=[ 1.1880798   0.47753677 -1.2182431 ] |com_force|=0.3364N
### kotek_magnet[tick=20520] sensor3: d=0.3481m in_range=False f_mag=0.000N tau_mag=0.0000Nm misalign_deg=138.6 pos=[0.34765226 0.11468122 0.01749994] bottom_world=[0.33264711 0.12790415 0.01750005] quat=[0.6444258  0.64442885 0.29105705 0.29105452] speed=0.0005 ang_speed=0.0034 ang_vel_vec=[-0.00099874 -0.00324493 -0.00059818] |com_force|=0.0000N
### kotek_magnet[tick=20520] sensor4: d=0.0560m in_range=True f_mag=1.093N tau_mag=0.0010Nm misalign_deg=20.6 pos=[0.33578137 0.15590361 0.38864678] bottom_world=[0.35450141 0.15754865 0.3818018 ] quat=[ 0.0187871   0.57227623  0.03708714 -0.8190065 ] speed=0.1418 ang_speed=3.0953 ang_vel_vec=[ 2.3890316  -0.26337513 -1.9503913 ] |com_force|=0.3364N
### kotek_magnet[tick=20580] sensor3: d=0.3481m in_range=False f_mag=0.000N tau_mag=0.0000Nm misalign_deg=138.6 pos=[0.34765226 0.11468122 0.01749994] bottom_world=[0.33264711 0.12790415 0.01750005] quat=[0.6444258  0.64442885 0.29105705 0.29105452] speed=0.0005 ang_speed=0.0034 ang_vel_vec=[-0.00099881 -0.00324505 -0.00059818] |com_force|=0.0000N
### kotek_magnet[tick=20580] sensor4: d=0.0403m in_range=True f_mag=0.769N tau_mag=0.0007Nm misalign_deg=17.2 pos=[0.3468218  0.15621555 0.37651518] bottom_world=[0.36592919 0.15613966 0.37060733] quat=[ 0.0116638   0.5934506  -0.01095919 -0.8047114 ] speed=0.1149 ang_speed=1.7686 ang_vel_vec=[-0.12769267 -1.736329   -0.31095064] |com_force|=0.4140N
### still playing, 1039s left
### kotek_magnet[tick=20640] sensor3: d=0.3481m in_range=False f_mag=0.000N tau_mag=0.0000Nm misalign_deg=138.6 pos=[0.34765226 0.11468122 0.01749994] bottom_world=[0.33264711 0.12790415 0.01750005] quat=[0.6444258  0.64442885 0.29105705 0.29105452] speed=0.0005 ang_speed=0.0034 ang_vel_vec=[-0.00099861 -0.00324496 -0.00059818] |com_force|=0.0000N
### kotek_magnet[tick=20640] sensor4: d=0.0133m in_range=True f_mag=0.211N tau_mag=0.0001Nm misalign_deg=13.9 pos=[0.37092394 0.15136312 0.36380535] bottom_world=[0.39033811 0.15073924 0.35904084] quat=[ 0.04494048  0.61470306 -0.05502119 -0.7855528 ] speed=0.0140 ang_speed=0.2831 ang_vel_vec=[0.03094191 0.19475819 0.20313078] |com_force|=0.4741N
### kotek_magnet[tick=20650]: welded sensor 4 at d=0.0140m misalign_deg=14.5 pos=[0.37061048 0.15103702 0.36467233] wall_pos=[0.425 0.    0.5  ] local_pos1=[-0.05438952  0.15103702 -0.13532767] quat=[ 0.04761809  0.6102131  -0.06149657 -0.7884103 ]
### kotek_magnet[tick=20700] sensor3: d=0.3481m in_range=False f_mag=0.000N tau_mag=0.0000Nm misalign_deg=138.6 pos=[0.34765226 0.11468122 0.01749994] bottom_world=[0.33264711 0.12790415 0.01750005] quat=[0.6444258  0.64442885 0.29105705 0.29105452] speed=0.0005 ang_speed=0.0034 ang_vel_vec=[-0.00099868 -0.00324498 -0.00059819] |com_force|=0.0000N
### kotek_magnet[tick=20760] sensor3: d=0.3481m in_range=False f_mag=0.000N tau_mag=0.0000Nm misalign_deg=138.6 pos=[0.34765226 0.11468122 0.01749994] bottom_world=[0.33264711 0.12790415 0.01750005] quat=[0.6444258  0.64442885 0.29105705 0.29105452] speed=0.0005 ang_speed=0.0034 ang_vel_vec=[-0.00099866 -0.00324496 -0.00059818] |com_force|=0.0000N
### kotek_magnet[tick=20820] sensor3: d=0.3481m in_range=False f_mag=0.000N tau_mag=0.0000Nm misalign_deg=138.6 pos=[0.34765226 0.11468122 0.01749994] bottom_world=[0.33264711 0.12790415 0.01750005] quat=[0.6444258  0.64442885 0.29105705 0.29105452] speed=0.0005 ang_speed=0.0034 ang_vel_vec=[-0.00099874 -0.00324513 -0.00059818] |com_force|=0.0000N
### kotek_magnet[tick=20880] sensor3: d=0.3481m in_range=False f_mag=0.000N tau_mag=0.0000Nm misalign_deg=138.6 pos=[0.34765226 0.11468122 0.01749994] bottom_world=[0.33264711 0.12790415 0.01750005] quat=[0.6444258  0.64442885 0.29105705 0.29105452] speed=0.0005 ang_speed=0.0034 ang_vel_vec=[-0.00099878 -0.00324495 -0.00059818] |com_force|=0.0000N
### kotek_magnet[tick=20940] sensor3: d=0.3481m in_range=False f_mag=0.000N tau_mag=0.0000Nm misalign_deg=138.6 pos=[0.34765226 0.11468122 0.01749994] bottom_world=[0.33264711 0.12790415 0.01750005] quat=[0.6444258  0.64442885 0.29105705 0.29105452] speed=0.0005 ang_speed=0.0034 ang_vel_vec=[-0.00099864 -0.00324496 -0.00059819] |com_force|=0.0000N
### kotek_magnet[tick=21000] sensor3: d=0.3481m in_range=False f_mag=0.000N tau_mag=0.0000Nm misalign_deg=138.6 pos=[0.34765226 0.11468122 0.01749994] bottom_world=[0.33264711 0.12790415 0.01750005] quat=[0.6444258  0.64442885 0.29105705 0.29105452] speed=0.0005 ang_speed=0.0034 ang_vel_vec=[-0.00099877 -0.00324501 -0.00059819] |com_force|=0.0000N
