WARNING: All log messages before absl::InitializeLog() is called are written to STDERR
E0000 00:00:1789301033.967969   99433 descriptor_database.cc:633] File already exists in database: grpc/health/v1/health.proto
W0000 00:00:1789301033.967989   99433 message.cc:301] Protobuf GeneratedMessageFactory: File is already registered: grpc/health/v1/health.proto
2026-09-13T12:03:53Z [Info] [carb] Logging to file: /home/trs/env_isaaclab/lib/python3.12/site-packages/isaacsim/kit/logs/Kit/Isaac-Sim Python/6.0/kit_20260913_210353.log
[0.043s] [ext: omni.assets.plugins-0.0.0] startup
[0.044s] [ext: omni.blobkey-1.1.2] startup
[0.044s] [ext: omni.kit.async_engine-0.0.3] startup
[0.104s] [ext: omni.client.lib-1.1.1] startup
[0.111s] [ext: omni.client-1.3.0] startup
[0.113s] [ext: omni.protobuf.lib-1.0.0] startup
[0.114s] [ext: omni.grpc.lib-1.0.0] startup
[0.116s] [ext: omni.metrics.core-0.0.3] startup
[0.117s] [ext: omni.datastore-0.0.0] startup
[0.117s] [ext: omni.gpu_foundation.shadercache.vulkan-1.0.0] startup
[0.119s] [ext: omni.hsscclient-1.1.4] startup
[0.119s] [ext: omni.stats-1.0.1] startup
[0.120s] [ext: omni.ujitso.default-1.0.0] startup
[0.122s] [ext: omni.gpu_foundation-0.0.0] startup
[0.294s] [ext: carb.windowing.plugins-1.0.1] startup
[0.294s] [ext: omni.kit.renderer.init-1.0.1] startup

|---------------------------------------------------------------------------------------------|
| Driver Version: 595.84        | Graphics API: Vulkan
|=============================================================================================|
| GPU | Name                             | Active | LDA | GPU Memory | Vendor-ID | LUID       |
|     |                                  |        |     |            | Device-ID | UUID       |
|     |                                  |        |     |            | Bus-ID    |            |
|---------------------------------------------------------------------------------------------|
| 0   | NVIDIA RTX A6000                 | Yes: 0 |     | 49140   MB | 10de      | 0          |
|     |                                  |        |     |            | 2230      | 1d7cbbed.. |
|     |                                  |        |     |            | 1         |            |
|=============================================================================================|
| OS: 24.04.4 LTS (Noble Numbat) ubuntu, Version: 24.04.4, Kernel: 7.0.0-31-generic
| XServer Vendor: The X.Org Foundation, XServer Version: 12101011 (1.21.1.11)
| Processor: Intel(R) Core(TM) i9-14900KF
| Cores: 24 | Logical Cores: 32
|---------------------------------------------------------------------------------------------|
| Total Memory (MB): 64135 | Free Memory: 57737
| Total Page/Swap (MB): 8191 | Free Page/Swap: 8191
|---------------------------------------------------------------------------------------------|
2026-09-13T12:03:54Z [820ms] [Warning] [omni.rtx] CPU performance profile is set to powersave. This profile sets the CPU to the lowest frequency reducing performance.
2026-09-13T12:03:54Z [829ms] [Warning] [omni.rtx] IOMMU is enabled.
[0.924s] [ext: omni.kit.pipapi-0.0.0] startup
[0.925s] [ext: omni.kit.telemetry-0.5.2] startup
[0.947s] [ext: omni.kit.loop-isaac-1.6.0] startup
[0.948s] [ext: omni.kit.test-2.0.7] startup
[0.983s] [ext: omni.materialx.libs-1.0.9] startup
[0.987s] [ext: omni.gpucompute.plugins-0.0.0] startup
[0.988s] [ext: omni.usd.config-1.0.7] startup
[0.990s] [ext: omni.usd.libs-1.0.3] startup
[1.046s] [ext: omni.iray.libs-0.0.1] startup
[1.049s] [ext: omni.mdl-57.0.3] startup
[1.084s] [ext: omni.mdl.neuraylib-0.2.20] startup
[1.085s] [ext: omni.kit.usd.mdl-1.1.9] startup
[1.151s] [ext: omni.appwindow-1.2.2] startup
[1.153s] [ext: omni.kit.renderer.core-1.2.2] startup
[1.181s] [ext: omni.kit.renderer.capture-2.0.1] startup
[1.182s] [ext: omni.kit.renderer.imgui-2.0.6] startup
[1.220s] [ext: omni.ui-3.1.3] startup
[1.227s] [ext: omni.kit.mainwindow-1.0.3] startup
[1.228s] [ext: carb.audio-0.1.0] startup
[1.231s] [ext: omni.uiaudio-1.0.0] startup
[1.232s] [ext: omni.kit.uiapp-0.0.0] startup
[1.232s] [ext: omni.usd.schema.metrics.assembler-110.1.0] startup
[1.234s] [ext: omni.usd.schema.audio-0.0.1] startup
[1.236s] [ext: omni.usd_resolver-1.0.0] startup
[1.238s] [ext: omni.usd.core-1.8.3] startup
[1.240s] [ext: omni.metropolis.schema-0.0.3] startup
[1.240s] [ext: isaacsim.anim.robot.schema-0.1.1] startup
[1.241s] [ext: omni.usd.schema.anim-0.0.1] startup
[1.252s] [ext: omni.usd.schema.geospatial-0.0.1] startup
[1.254s] [ext: omni.usd.schema.omnigraph-1.0.1] startup
[1.257s] [ext: omni.usd.schema.semantics-0.0.0] startup
[1.258s] [ext: omni.activity.core-1.0.3] startup
[1.259s] [ext: omni.cubric-0.1.0] startup
[1.259s] [ext: omni.graph.exec-0.9.6] startup
[1.259s] [ext: omni.hydra.scene_delegate-0.3.5] startup
[1.262s] [ext: usdrt.scenegraph-7.6.3] startup
[1.278s] [ext: omni.hydra.usdrt_delegate-7.5.2] startup
[1.282s] [ext: omni.inspect-1.0.2] startup
[1.283s] [ext: omni.kit.actions.core-1.0.0] startup
[1.284s] [ext: omni.kit.audiodeviceenum-1.0.2] startup
[1.284s] [ext: omni.kit.commands-1.5.0] startup
[1.286s] [ext: omni.kit.exec.core-0.13.5] startup
[1.287s] [ext: omni.kit.usd_undo-0.1.8] startup
[1.287s] [ext: omni.kit.window.popup_dialog-2.0.25] startup
[1.289s] [ext: omni.kit.widget.nucleus_connector-2.3.1] startup
[1.291s] [ext: omni.timeline-1.1.0] startup
[1.292s] [ext: omni.usd-1.15.2] startup
[1.318s] [ext: omni.graph.core-3.1.2] startup
[1.320s] [ext: omni.kit.notification_manager-1.0.11] startup
[1.321s] [ext: isaacsim.core.deprecation_manager-0.4.2] startup
[1.321s] [ext: isaacsim.replicator.agent.schema-0.1.1] startup
[1.322s] [ext: isaacsim.robot.schema-6.3.6] startup
[1.325s] [ext: isaacsim.robot_motion.schema-0.2.0] startup
[1.325s] [ext: omni.anim.behavior.schema-110.1.0] startup
[1.328s] [ext: omni.anim.graph.schema-110.1.1] startup
[1.331s] [ext: omni.anim.navigation.schema-110.1.0] startup
[1.333s] [ext: omni.behavior.tree.schema-110.1.0] startup
[1.333s] [ext: omni.kit.asset_converter-5.1.4] startup
[1.340s] [ext: omni.usd.schema.flow-110.0.0] startup
[1.341s] [ext: omni.usd.schema.mujoco-1.1.0] startup
[1.341s] [ext: omni.usd.schema.newton-1.2.0] startup
[1.341s] [ext: omni.usd.schema.omni_lens_distortion-1.0.0] startup
[1.341s] [ext: omni.usd.schema.omni_projectors-1.0.0] startup
[1.342s] [ext: omni.usd.schema.omni_sensors-0.0.0] startup
[1.346s] [ext: omni.usd.schema.omniscripting-1.0.1] startup
[1.349s] [ext: omni.usd.schema.physical_lighting-0.1.0] startup
[1.351s] [ext: omni.usd.schema.physx-110.1.11] startup
[1.368s] [ext: omni.usd.schema.render_settings.rtx-1.0.2] startup
[1.370s] [ext: omni.usd.schema.usd_particle_field-1.0.0] startup
[1.370s] [ext: isaacsim.core.version-2.1.0] startup
[1.371s] [ext: omni.kit.menu.core-1.2.0] startup
[1.371s] [ext: omni.kit.menu.utils-2.2.3] startup
[1.375s] [ext: isaacsim.app.about-2.3.0] startup
[1.378s] [ext: isaacsim.asset.transformer-1.2.3] startup
[1.380s] [ext: omni.scene.optimizer.core-110.1.0] startup
[1.418s] [ext: isaacsim.asset.importer.utils-1.8.0] startup
[1.419s] [ext: omni.convexdecomposition-110.1.11] startup
[1.421s] [ext: omni.physics-110.1.11] startup
[1.423s] [ext: omni.physx.gpu-110.1.11] startup
[1.423s] [ext: omni.physx.foundation-110.1.11] startup
[1.424s] [ext: omni.usdphysics-110.1.11] startup
[1.425s] [ext: omni.physx.cooking-110.1.11] startup
[1.426s] [ext: omni.physx-110.1.11] startup
[1.433s] [ext: omni.physics.physx-110.1.11] startup
[1.434s] [ext: isaacsim.asset.exporter.urdf-2.0.3] startup
[1.439s] [ext: omni.kit.clipboard-1.1.1] startup
[1.439s] [ext: omni.kit.usd.layers-2.6.1] startup
[1.444s] [ext: omni.kit.widget.context_menu-1.4.0] startup
[1.445s] [ext: omni.kit.context_menu-1.9.0] startup
[1.445s] [ext: omni.kit.helper.file_utils-0.1.10] startup
[1.446s] [ext: omni.kit.widget.nucleus_info-2.0.2] startup
[1.447s] [ext: omni.kit.search_core-1.0.8] startup
[1.447s] [ext: omni.kit.widget.path_field-2.0.13] startup
[1.447s] [ext: omni.kit.widget.browser_bar-2.0.10] startup
[1.448s] [ext: omni.kit.widget.filebrowser-2.13.4] startup
[1.450s] [ext: omni.kit.widget.options_menu-1.1.6] startup
[1.452s] [ext: omni.kit.widget.options_button-1.0.3] startup
[1.452s] [ext: omni.kit.widget.search_delegate-1.0.9] startup
[1.453s] [ext: omni.ui.scene-2.0.1] startup
[1.456s] [ext: omni.kit.window.filepicker-2.15.5] startup
[1.463s] [ext: omni.kit.window.file_importer-1.1.21] startup
[1.464s] [ext: omni.kit.material.library-3.1.2] startup
[1.467s] [ext: isaacsim.asset.transformer.rules-1.7.8] startup
[1.474s] [ext: omni.usdex.libs-2.2.2] startup
[1.479s] [ext: isaacsim.asset.importer.mjcf-3.10.0] startup
[1.480s] [ext: isaacsim.asset.importer.urdf-3.11.0] startup
[1.483s] [ext: omni.kit.primitive.mesh-1.1.0] startup
[1.484s] [ext: omni.kit.stage_template.core-1.1.22] startup
[1.485s] [ext: omni.kit.stage_templates-2.0.2] startup
[1.485s] [ext: omni.usd.metrics.assembler-110.1.2] startup
[1.487s] [ext: omni.warp.core-1.13.0] startup
[1.602s] [ext: isaacsim.core.experimental.utils-0.17.1] startup
[1.603s] [ext: omni.physics.stageupdate-110.1.11] startup
[1.604s] [ext: omni.physics.tensors-110.1.11] startup
[1.607s] [ext: omni.physx.tensors-110.1.11] startup
[1.610s] [ext: isaacsim.core.simulation_manager-1.15.4] startup
2026-09-13T12:03:55Z [1,595ms] [Warning] [isaacsim.core.simulation_manager.plugin] USD stage is not available; stage-opened subscription is deferred
2026-09-13T12:03:55Z [1,595ms] [Warning] [isaacsim.core.simulation_manager.plugin] USD stage is not available; stage-opened subscription is deferred
[1.619s] [ext: isaacsim.storage.native-1.9.2] startup
[1.620s] [ext: omni.usd.metrics.assembler.physics-110.1.11] startup
[1.621s] [ext: isaacsim.core.utils-4.1.6] startup
[1.622s] [ext: isaacsim.core.prims-0.11.6] startup
[2.377s] [ext: isaacsim.core.api-5.2.12] startup
[2.381s] [ext: isaacsim.core.cloner-1.7.2] startup
[2.382s] [ext: isaacsim.test.docstring-1.3.1] startup
[2.384s] [ext: isaacsim.core.experimental.prims-1.8.8] startup
[2.400s] [ext: isaacsim.core.experimental.primdata-0.3.2] startup
[2.402s] [ext: omni.graph.tools-1.81.0] startup
[2.416s] [ext: omni.graph-1.142.5] startup
[2.441s] [ext: isaacsim.core.experimental.actuators-0.1.0] startup
[3.675s] [ext: isaacsim.core.experimental.materials-0.7.0] startup
[3.678s] [ext: isaacsim.core.experimental.objects-0.8.0] startup
[3.717s] [ext: omni.hydra.engine.stats-1.0.5] startup
[3.719s] [ext: omni.hydra.rtx.shadercache.vulkan-1.0.0] startup
[3.720s] [ext: omni.index.libs-387500.3473.0] startup
[3.720s] [ext: omni.index-1.0.1] startup
[3.720s] [ext: omni.ujitso.client-0.0.0] startup
[3.720s] [ext: omni.usd.schema.playback-1.0.0] startup
[3.723s] [ext: omni.volume-0.5.2] startup
[3.726s] [ext: omni.hydra.rtx-1.0.3] startup
2026-09-13T12:03:57Z [3,713ms] [Warning] [omni.log] Source: omni.hydra was already registered.
[3.748s] [ext: omni.kit.hydra_texture-1.6.0] startup
[3.751s] [ext: omni.kit.raycast.query-1.2.0] startup
[3.755s] [ext: omni.kit.viewport.legacy_gizmos-1.0.24] startup
[3.756s] [ext: omni.kit.viewport.registry-104.0.6] startup
[3.757s] [ext: omni.kit.viewport.scene_camera_model-1.0.7] startup
[3.760s] [ext: omni.kit.widget.viewport-109.2.0] startup
[3.763s] [ext: omni.kit.window.drop_support-1.0.8] startup
[3.763s] [ext: omni.kit.viewport.window-109.0.2] startup
[3.775s] [ext: omni.kit.viewport.utility-2.0.1] startup
[3.775s] [ext: isaacsim.core.rendering_manager-0.4.2] startup
[3.788s] [ext: omni.graph.action_core-1.1.9] startup
[3.789s] [ext: omni.graph.action_nodes_core-2.10.2] startup
[3.791s] [ext: omni.graph.action_nodes-2.10.3] startup
[3.810s] [ext: omni.graph.action-2.10.2] startup
[3.811s] [ext: omni.graph.image.core-0.6.1] startup
[3.811s] [ext: omni.graph.image.nodes-1.3.1] startup
[3.812s] [ext: omni.graph.nodes_core-2.10.3] startup
[3.816s] [ext: omni.graph.nodes-2.11.1] startup
[3.820s] [ext: omni.kit.hotkeys.core-1.3.12] startup
[3.821s] [ext: omni.kit.property.adapter.core-1.1.1] startup
[3.823s] [ext: omni.kit.property.adapter.usd-1.0.5] startup
[3.824s] [ext: omni.kit.widget.filter-1.1.5] startup
[3.824s] [ext: omni.kit.widget.highlight_label-1.0.3] startup
[3.825s] [ext: omni.kit.widget.searchfield-1.1.8] startup
[3.826s] [ext: omni.kit.window.file_exporter-1.0.36] startup
[3.827s] [ext: omni.kit.widget.stage-4.3.0] startup
[3.832s] [ext: omni.kit.window.content_browser_registry-0.0.6] startup
[3.833s] [ext: omni.kit.window.file-2.0.10] startup
[3.835s] [ext: omni.kit.window.content_browser-3.1.8] startup
[3.842s] [ext: omni.kit.window.property-1.15.1] startup
[3.850s] [ext: omni.kit.property.usd-4.8.1] startup
[3.857s] [ext: omni.graph.scriptnode-2.10.2] startup
[3.863s] [ext: omni.kit.widget.searchable_combobox-1.0.7] startup
[3.863s] [ext: omni.kit.widget.settings-2.0.0] startup
[3.865s] [ext: omni.kit.window.preferences-1.8.3] startup
[3.868s] [ext: omni.kit.viewport.menubar.core-107.2.2] startup
[3.876s] [ext: omni.syntheticdata-0.6.15] startup
[3.895s] [ext: omni.replicator.nv-1.1.1] startup
[3.899s] [ext: omni.videoencoding-0.2.1] startup
[3.900s] [ext: omni.replicator.core-1.13.25] startup
2026-09-13T12:03:57Z [3,883ms] [Warning] [pxr.Semantics] pxr.Semantics is deprecated - please use Semantics instead
2026-09-13T12:03:57Z [3,937ms] [Warning] [omni.replicator.core.scripts.extension] No material configuration file, adding configuration to material settings directly.
[4.076s] [ext: isaacsim.core.nodes-5.10.4] startup
[4.097s] [ext: isaacsim.core.throttling-2.3.3] startup
[4.098s] [ext: omni.kit.manipulator.viewport-107.0.1] startup
[4.099s] [ext: omni.graph.visualization.nodes-2.1.4] startup
[4.109s] [ext: omni.kit.window.extensions-1.5.7] startup
[4.112s] [ext: isaacsim.gui.components-1.8.4] startup
[4.115s] [ext: isaacsim.robot.surface_gripper-3.6.1] startup
[4.123s] [ext: isaacsim.robot.manipulators-3.4.4] startup
[4.130s] [ext: isaacsim.robot_motion.lula-4.1.2] startup
[4.135s] [ext: isaacsim.robot_motion.motion_generation-8.2.8] startup
[4.139s] [ext: isaacsim.cortex.framework-1.0.17] startup
[4.140s] [ext: isaacsim.cortex.behaviors-2.0.16] startup
[4.142s] [ext: isaacsim.examples.base-1.3.1] startup
[4.143s] [ext: omni.kit.widget.zoombar-1.0.7] startup
[4.144s] [ext: omni.kit.browser.core-2.3.18] startup
[4.146s] [ext: omni.kit.browser.folder.core-2.0.2] startup
[4.149s] [ext: omni.kit.widget.stage_icons-1.0.8] startup
[4.150s] [ext: omni.kit.window.stage-2.6.1] startup
[4.152s] [ext: omni.kit.menu.stage-1.2.7] startup
[4.153s] [ext: omni.kit.usd.collect-3.0.5] startup
[4.155s] [ext: omni.kit.widget.prompt-1.0.7] startup
[4.156s] [ext: omni.kit.tool.collect-2.2.19] startup
[4.157s] [ext: isaacsim.examples.browser-0.3.1] startup
[4.159s] [ext: omni.kit.search.files-1.0.4] startup
[4.160s] [ext: omni.kit.widget.calendar-1.0.9] startup
[4.161s] [ext: omni.kit.widget.extended_searchfield-1.0.31] startup
[4.166s] [ext: omni.simready.content.browser-0.3.7] startup
[4.228s] [ext: isaacsim.gui.content_browser-0.4.2] startup
[4.230s] [ext: omni.kit.selection-0.1.6] startup
[4.231s] [ext: isaacsim.gui.menu-2.10.5] startup
[4.236s] [ext: isaacsim.gui.property-1.6.2] startup
[4.241s] [ext: omni.kit.viewport.actions-107.0.2] startup
[4.244s] [ext: omni.kit.viewport.menubar.display-107.1.3] startup
[4.245s] [ext: isaacsim.gui.sensors.icon-2.2.0] startup
[4.247s] [ext: omni.behavior.scripting.core-110.1.0] startup
[4.249s] [ext: isaacsim.replicator.behavior-1.5.3] startup
[4.250s] [ext: isaacsim.replicator.experimental.domain_randomization-1.2.4] startup
[4.261s] [ext: isaacsim.replicator.domain_randomization-1.2.1] startup
[4.312s] [ext: isaacsim.replicator.writers-1.5.3] startup
[4.328s] [ext: isaacsim.robot.experimental.wheeled_robots-0.2.9] startup
[4.343s] [ext: isaacsim.robot.policy.examples-5.2.11] startup
[4.357s] [ext: isaacsim.robot.wheeled_robots-5.2.3] startup
[4.360s] [ext: isaacsim.robot.wheeled_robots.nodes-0.1.2] startup
[4.374s] [ext: isaacsim.robot_motion.experimental.motion_generation-6.1.2] startup
[4.381s] [ext: isaacsim.robot_motion.cumotion-1.3.0] startup
[4.390s] [ext: omni.kit.numpy.common-0.1.3] startup
[4.391s] [ext: isaacsim.sensors.camera-1.7.8] startup
[4.410s] [ext: isaacsim.sensors.experimental.physics-3.0.1] startup
[4.416s] [ext: omni.sensors.net-1.0.1] startup
[4.418s] [ext: omni.sensors.nv.common-3.0.0] startup
[4.426s] [ext: omni.sensors.nv.materials-2.0.0] startup
[4.429s] [ext: omni.sensors.nv.acoustic-3.0.0] startup
[4.431s] [ext: omni.sensors.nv.ids-2.0.1] startup
[4.432s] [ext: omni.sensors.nv.lidar-3.0.0] startup
[4.435s] [ext: omni.sensors.nv.radar-3.0.0] startup
[4.437s] [ext: isaacsim.sensors.experimental.rtx-1.4.3] startup
[4.601s] [ext: isaacsim.sensors.physics.nodes-1.5.2] startup
[4.606s] [ext: isaacsim.util.debug_draw-3.2.2] startup
[4.610s] [ext: isaacsim.sensors.physx-2.5.4] startup
[4.616s] [ext: isaacsim.sensors.rtx-15.17.0] startup
[4.624s] [ext: isaacsim.simulation_app-2.18.3] startup
[4.625s] [ext: omni.anim.curve.core-1.6.0] startup
[4.631s] [ext: omni.graph.ui_nodes-2.10.5] startup
[4.652s] [ext: omni.hydra.scene_api-0.1.3] startup
[4.655s] [ext: omni.kit.manipulator.camera-110.0.0] startup
[4.658s] [ext: omni.kit.manipulator.selector-1.1.4] startup
[4.659s] [ext: omni.kit.manipulator.transform-107.0.0] startup
[4.661s] [ext: omni.kit.widget.toolbar-2.1.0] startup
[4.665s] [ext: omni.kit.manipulator.tool.snap-1.5.14] startup
[4.668s] [ext: omni.kit.viewport.manipulator.transform-107.0.4] startup
[4.669s] [ext: omni.kit.manipulator.prim.core-108.0.2] startup
[4.673s] [ext: omni.kit.manipulator.prim.usd-107.0.3] startup
[4.674s] [ext: omni.kit.manipulator.prim-108.0.0] startup
[4.674s] [ext: omni.kit.manipulator.selection-109.0.1] startup
[4.675s] [ext: omni.kit.menu.create-2.0.2] startup
[4.676s] [ext: omni.kit.property.audio-1.0.16] startup
[4.679s] [ext: omni.kit.property.camera-1.0.14] startup
[4.680s] [ext: omni.kit.property.geometry-2.1.2] startup
[4.682s] [ext: omni.kit.property.light-1.0.14] startup
2026-09-13T12:03:58Z [4,678ms] [Warning] [omni.usd] Encountered USD Warnings but USD Diagnostics are currently muted. To view USD Warnings, please set the '/persistent/app/usd/muteUsdDiagnostics' setting to false in Preferences page.
[4.709s] [ext: omni.kit.property.material-1.14.2] startup
[4.713s] [ext: omni.kit.property.render-1.2.2] startup
[4.714s] [ext: omni.kit.property.transform-1.6.9] startup
[4.716s] [ext: omni.kit.property.bundle-1.5.1] startup
[4.717s] [ext: omni.kit.usdz_export-1.1.0] startup
[4.719s] [ext: omni.kit.tool.asset_importer-5.2.0] startup
[4.722s] [ext: omni.kit.ui.actions-1.0.5] startup
[4.724s] [ext: omni.kit.viewport.menubar.camera-107.0.10] startup
[4.727s] [ext: omni.kit.viewport.menubar.lighting-107.3.2] startup
[4.729s] [ext: omni.kit.viewport.menubar.render-107.0.10] startup
[4.730s] [ext: omni.kit.viewport.menubar.settings-110.0.1] startup
[4.733s] [ext: omni.kit.window.console-1.1.8] startup
[4.735s] [ext: omni.kit.window.status_bar-0.1.11] startup
[4.737s] [ext: omni.kit.window.toolbar-3.0.3] startup
[4.739s] [ext: omni.ocio-0.1.1] startup
[4.740s] [ext: omni.physx.commands-110.1.11] startup
[4.745s] [ext: omni.replicator.replicator_yaml-2.0.12] startup
[4.753s] [ext: omni.rtx.window.settings-0.8.0] startup
[4.755s] [ext: omni.rtx.settings.core-0.7.0] startup
[4.757s] [ext: omni.usd.metrics.assembler.ui-110.1.1] startup
[4.762s] [ext: semantics.schema.editor-2.0.2] startup
[4.764s] [ext: semantics.schema.property-2.0.1] startup
[4.765s] [ext: omni.kit.menu.common-2.0.2] startup
[4.766s] [ext: isaacsim.exp.base-6.0.0] startup
[4.766s] [ext: isaacsim.exp.base.python-6.0.0] startup
[4.767s] Simulation App Starting
[5.520s] Simulation App Startup Complete
[5.535s] app ready
Starting kit application with the following args:  ['/home/trs/env_isaaclab/lib/python3.12/site-packages/isaacsim/exts/isaacsim.simulation_app/isaacsim/simulation_app/simulation_app.py', '/home/trs/env_isaaclab/lib/python3.12/site-packages/isaacsim/apps/isaacsim.exp.base.python.kit', '--/app/tokens/exe-path=/home/trs/env_isaaclab/lib/python3.12/site-packages/isaacsim/kit', '--/persistent/app/viewport/displayOptions=3094', '--/rtx/materialDb/syncLoads=True', '--/rtx/hydra/materialSyncLoads=True', '--/omni.kit.plugin/syncUsdLoads=True', '--/app/renderer/resolution/width=1280', '--/app/renderer/resolution/height=720', '--/app/window/width=1440', '--/app/window/height=900', '--/renderer/multiGpu/enabled=True', '--/app/fastShutdown=True', '--/app/installSignalHandlers=0', '--ext-folder', '/home/trs/env_isaaclab/lib/python3.12/site-packages/isaacsim/exts', '--ext-folder', '/home/trs/env_isaaclab/lib/python3.12/site-packages/isaacsim/apps', '--/physics/cudaDevice=0', '--/plugins/carb.tasking.plugin/threadCount=32', '--/plugins/omni.tbb.globalcontrol/maxThreadCount=32', '--portable', '--no-window', '--/app/window/hideUi=1']
Passing the following args to the base kit application:  ['--duration', '1400']
Warp 1.13.0 initialized:
   CUDA Toolkit 12.9, Driver 13.2
   Devices:
     "cpu"      : "x86_64"
     "cuda:0"   : "NVIDIA RTX A6000" (47 GiB, sm_86, mempool enabled)
   Kernel cache:
     /home/trs/.cache/warp/1.13.0
### stage opened: /home/trs/kotek_ws/src/kotek_isaac_stage/usd/kotek_scout_piper_wall_demo.usd
[6.081s] [ext: isaacsim.sensors.rtx.nodes-0.1.0] startup
[6.089s] [ext: isaacsim.ros2.core-1.9.1] startup
[6.100s] Attempting to load system rclpy
[6.100s] Could not import system rclpy: No module named 'rclpy'
[6.100s] Attempting to load internal rclpy for ROS Distro: jazzy
[6.110s] rclpy loaded
[6.113s] [ext: isaacsim.ros2.nodes-1.18.11] startup
[6.143s] [ext: isaacsim.ros2.examples-1.2.3] startup
[6.147s] [ext: isaacsim.ros2.ui-1.6.4] startup
[6.307s] [ext: isaacsim.ros2.bridge-5.1.1] startup
2026-09-13T12:04:00Z [6,682ms] [Warning] [isaacsim.ros2.nodes] OgnROS2PublishTransformTree: using targetPrims for internal computation is deprecated. Connect OgnIsaacComputeTransformTree to inputs:parentFrames/childFrames/translations/orientations instead.
2026-09-13T12:04:00Z [6,682ms] [Error] [omni.physx.tensors.plugin] Failed to create simulation view: no active physics scene found
2026-09-13T12:04:00Z [6,682ms] [Error] [omni.graph.core.plugin] /World/kotek_wall_sensor_graph/ros2_publish_transform_tree: [/World/kotek_wall_sensor_graph] Failed to create simulation view - physics backend may not be initialized
### physics playing -- /clock and /isaac_joint_states are live; start the 45s warm-up now
### still playing, 1400s left
### kotek_magnet[tick=60] sensor1: d=0.4082m in_range=False f_mag=0.000N tau_mag=0.0000Nm misalign_deg=90.0 pos=[0.10880279 0.1090093  0.49140233] bottom_world=[0.10880296 0.10900929 0.47140233] quat=[ 9.2484176e-01 -2.0293912e-06 -3.8486596e-06  3.8035229e-01] speed=0.0006 ang_speed=0.0049 ang_vel_vec=[0.00448202 0.00189047 0.00039158] |com_force|=0.0000N
### kotek_magnet[tick=60] sensor2: d=0.3208m in_range=False f_mag=0.000N tau_mag=0.0000Nm misalign_deg=90.0 pos=[ 0.10902467 -0.10904666  0.49140108] bottom_world=[ 0.10902465 -0.10904649  0.47140108] quat=[ 9.2300087e-01  3.7843577e-06  2.1311657e-06 -3.8479796e-01] speed=0.0004 ang_speed=0.0023 ang_vel_vec=[-0.0016911  -0.00122399 -0.00091027] |com_force|=0.0000N
### kotek_magnet[tick=60] sensor3: d=0.5470m in_range=False f_mag=0.000N tau_mag=0.0000Nm misalign_deg=90.0 pos=[-0.10910747 -0.10914613  0.49140114] bottom_world=[-0.10910741 -0.10914599  0.47140114] quat=[-3.8058406e-01 -2.6324492e-06 -2.6273779e-06  9.2474633e-01] speed=0.0005 ang_speed=0.0023 ang_vel_vec=[-0.00091867  0.00195101 -0.0009245 ] |com_force|=0.0000N
### kotek_magnet[tick=60] sensor4: d=0.5249m in_range=False f_mag=0.000N tau_mag=0.0000Nm misalign_deg=90.0 pos=[-0.10900018  0.10899954  0.49140233] bottom_world=[-0.10900028  0.10899957  0.47140233] quat=[3.8268229e-01 2.6469561e-06 2.1679557e-07 9.2388010e-01] speed=0.0004 ang_speed=0.0034 ang_vel_vec=[ 0.00290578 -0.00177686 -0.00043088] |com_force|=0.0000N
### kotek_magnet[tick=120] sensor1: d=0.4082m in_range=False f_mag=0.000N tau_mag=0.0000Nm misalign_deg=90.0 pos=[0.10880256 0.10900908 0.4914024 ] bottom_world=[0.10880275 0.1090091  0.47140239] quat=[ 9.2484188e-01 -1.3549216e-06 -4.7550493e-06  3.8035187e-01] speed=0.0010 ang_speed=0.0024 ang_vel_vec=[-0.00194262  0.00011888  0.00137404] |com_force|=0.0000N
### kotek_magnet[tick=120] sensor2: d=0.3208m in_range=False f_mag=0.000N tau_mag=0.0000Nm misalign_deg=90.0 pos=[ 0.10902449 -0.10904672  0.491401  ] bottom_world=[ 0.1090246  -0.10904652  0.47140099] quat=[ 9.2300093e-01  5.6364875e-06 -5.2745366e-07 -3.8479799e-01] speed=0.0004 ang_speed=0.0030 ang_vel_vec=[-0.00239843  0.00185671 -0.00030084] |com_force|=0.0000N
### kotek_magnet[tick=120] sensor3: d=0.5470m in_range=False f_mag=0.000N tau_mag=0.0000Nm misalign_deg=90.0 pos=[-0.1091075  -0.10914591  0.49140096] bottom_world=[-0.10910742 -0.1091459   0.47140096] quat=[-3.8058385e-01 -2.0400319e-06  4.8969514e-07  9.2474645e-01] speed=0.0004 ang_speed=0.0029 ang_vel_vec=[ 0.00175139  0.00229395 -0.00030659] |com_force|=0.0000N
### kotek_magnet[tick=120] sensor4: d=0.5249m in_range=False f_mag=0.000N tau_mag=0.0000Nm misalign_deg=90.0 pos=[-0.10900009  0.10900014  0.49140233] bottom_world=[-0.10900031  0.109       0.47140233] quat=[3.8268185e-01 3.7584534e-06 5.3168492e-06 9.2388022e-01] speed=0.0010 ang_speed=0.0025 ang_vel_vec=[ 0.00156604 -0.00169831 -0.00084199] |com_force|=0.0000N
### kotek_magnet[tick=180] sensor1: d=0.4082m in_range=False f_mag=0.000N tau_mag=0.0000Nm misalign_deg=90.0 pos=[0.10880381 0.10900926 0.49140236] bottom_world=[0.10880372 0.10900939 0.47140236] quat=[9.2484158e-01 3.9447241e-06 8.9494779e-07 3.8035277e-01] speed=0.0006 ang_speed=0.0027 ang_vel_vec=[-0.00011122 -0.00245961 -0.00102552] |com_force|=0.0000N
### kotek_magnet[tick=180] sensor2: d=0.3208m in_range=False f_mag=0.000N tau_mag=0.0000Nm misalign_deg=90.0 pos=[ 0.10902469 -0.1090467   0.49140102] bottom_world=[ 0.10902467 -0.10904652  0.47140102] quat=[ 9.2300087e-01  3.9918477e-06  2.0770669e-06 -3.8479799e-01] speed=0.0005 ang_speed=0.0027 ang_vel_vec=[-0.00219353 -0.00125844 -0.00084593] |com_force|=0.0000N
### kotek_magnet[tick=180] sensor3: d=0.5470m in_range=False f_mag=0.000N tau_mag=0.0000Nm misalign_deg=90.0 pos=[-0.1091075  -0.10914611  0.49140102] bottom_world=[-0.10910744 -0.10914598  0.47140102] quat=[-3.8058406e-01 -2.7526983e-06 -2.4222672e-06  9.2474639e-01] speed=0.0005 ang_speed=0.0026 ang_vel_vec=[-0.00103446  0.0022488  -0.00083914] |com_force|=0.0000N
### kotek_magnet[tick=180] sensor4: d=0.5249m in_range=False f_mag=0.000N tau_mag=0.0000Nm misalign_deg=90.0 pos=[-0.10900026  0.10899845  0.49140233] bottom_world=[-0.10900016  0.10899876  0.47140233] quat=[ 3.8268286e-01  6.3634468e-07 -8.1468079e-06  9.2387980e-01] speed=0.0009 ang_speed=0.0019 ang_vel_vec=[-0.00030473 -0.00146022  0.00121709] |com_force|=0.0000N
2026-09-13T12:04:00Z [6,819ms] [Warning] [omni.physx.plugin] Detected a rigid at /World/scout_mini/Geometry/base_link/sensor_cam_1 with more than 4 velocity iterations being added to a TGS scene.The related behavior changed recently, please consult the changelog. This warning will only print once.
2026-09-13T12:04:00Z [6,819ms] [Warning] [omni.physx.plugin] PhysicsUSD: CreateJoint - found a joint with disjointed body transforms, the simulation will most likely snap objects together: /World/_scout_parking_brake
2026-09-13T12:04:00Z [6,820ms] [Warning] [omni.physx.plugin] Detected an articulation at /World/piper/Geometry/base_link with more than 4 velocity iterations being added to a TGS scene.The related behavior changed recently, please consult the changelog. This warning will only print once.
2026-09-13T12:04:00Z [6,862ms] [Warning] [isaacsim.ros2.nodes] [ROS2 Publish Joint State] Reading from targetPrim is deprecated. Connect an Isaac Read Joint State node and use its outputs instead.
2026-09-13T12:04:00Z [6,895ms] [Warning] [carb] Client omni.hydratexture.plugin has acquired [carb::settings::ISettings v1.1] 100 times. Consider accessing this interface with carb::getCachedInterface() (Performance warning)
2026-09-13T12:04:01Z [7,526ms] [Warning] [omni.rtx] DLSS increasing input dimensions: Render resolution of (320, 240) is below minimal input resolution of 300.
2026-09-13T12:04:01Z [7,855ms] [Warning] [omni.timeline.plugin] Deprecated: direct use of ITimeline callbacks is deprecated. Use ITimeline::getTimeline (Python: omni.timeline.get_timeline_interface) instead.
### kotek_magnet[tick=240] sensor1: d=0.4082m in_range=False f_mag=0.000N tau_mag=0.0000Nm misalign_deg=90.0 pos=[0.10880429 0.10900896 0.4914024 ] bottom_world=[0.10880402 0.10900932 0.47140239] quat=[9.2484152e-01 1.0799759e-05 2.8339573e-06 3.8035288e-01] speed=0.0010 ang_speed=0.0025 ang_vel_vec=[-0.00165541 -0.00168924 -0.00074784] |com_force|=0.0000N
### kotek_magnet[tick=240] sensor2: d=0.3208m in_range=False f_mag=0.000N tau_mag=0.0000Nm misalign_deg=90.0 pos=[ 0.10902468 -0.10904647  0.49140093] bottom_world=[ 0.10902464 -0.10904637  0.47140093] quat=[ 9.2300087e-01  1.7970312e-06  1.9131264e-06 -3.8479814e-01] speed=0.0001 ang_speed=0.0016 ang_vel_vec=[ 0.00095513 -0.00124878 -0.00024862] |com_force|=0.0000N
### kotek_magnet[tick=240] sensor3: d=0.5470m in_range=False f_mag=0.000N tau_mag=0.0000Nm misalign_deg=90.0 pos=[-0.10910726 -0.10914613  0.49140093] bottom_world=[-0.10910728 -0.10914597  0.47140093] quat=[-3.8058388e-01 -9.9328167e-07 -4.0001228e-06  9.2474651e-01] speed=0.0001 ang_speed=0.0011 ang_vel_vec=[-0.00091932 -0.0005959  -0.00025951] |com_force|=0.0000N
### kotek_magnet[tick=240] sensor4: d=0.5249m in_range=False f_mag=0.000N tau_mag=0.0000Nm misalign_deg=90.0 pos=[-0.10900023  0.10899844  0.49140236] bottom_world=[-0.10900012  0.10899876  0.47140236] quat=[ 3.8268289e-01  5.1690364e-07 -8.3064660e-06  9.2387974e-01] speed=0.0009 ang_speed=0.0017 ang_vel_vec=[-0.00055898 -0.00070829  0.00144617] |com_force|=0.0000N
### kotek_magnet[tick=300] sensor1: d=0.4082m in_range=False f_mag=0.000N tau_mag=0.0000Nm misalign_deg=90.0 pos=[0.10880426 0.10900898 0.49140233] bottom_world=[0.10880399 0.10900934 0.47140233] quat=[9.2484152e-01 1.0770785e-05 2.7855392e-06 3.8035297e-01] speed=0.0010 ang_speed=0.0028 ang_vel_vec=[-0.00193009 -0.00176193 -0.00091368] |com_force|=0.0000N
### kotek_magnet[tick=300] sensor2: d=0.3208m in_range=False f_mag=0.000N tau_mag=0.0000Nm misalign_deg=90.0 pos=[ 0.10902468 -0.10904644  0.49140093] bottom_world=[ 0.10902464 -0.10904634  0.47140093] quat=[ 9.2300087e-01  1.9344550e-06  1.8984608e-06 -3.8479814e-01] speed=0.0001 ang_speed=0.0013 ang_vel_vec=[ 0.00024136 -0.00123502 -0.0004283 ] |com_force|=0.0000N
### kotek_magnet[tick=300] sensor3: d=0.5470m in_range=False f_mag=0.000N tau_mag=0.0000Nm misalign_deg=90.0 pos=[-0.10910637 -0.10914617  0.49140102] bottom_world=[-0.10910657 -0.10914587  0.47140102] quat=[-3.8058332e-01  1.8432601e-06 -8.9516952e-06  9.2474663e-01] speed=0.0009 ang_speed=0.0024 ang_vel_vec=[-0.00220514  0.00071893  0.00069393] |com_force|=0.0000N
### kotek_magnet[tick=300] sensor4: d=0.5249m in_range=False f_mag=0.000N tau_mag=0.0000Nm misalign_deg=90.0 pos=[-0.10900041  0.10899869  0.49140236] bottom_world=[-0.10900027  0.10899898  0.47140236] quat=[ 3.8268244e-01 -4.6692509e-07 -8.0770133e-06  9.2387992e-01] speed=0.0006 ang_speed=0.0043 ang_vel_vec=[-0.00159533  0.00392525  0.00040771] |com_force|=0.0000N
### kotek_magnet[tick=360] sensor1: d=0.4082m in_range=False f_mag=0.000N tau_mag=0.0000Nm misalign_deg=90.0 pos=[0.10880427 0.10900897 0.49140233] bottom_world=[0.108804   0.10900933 0.47140233] quat=[9.2484146e-01 1.0857890e-05 2.7857548e-06 3.8035291e-01] speed=0.0010 ang_speed=0.0029 ang_vel_vec=[-0.00208816 -0.00180887 -0.00084198] |com_force|=0.0000N
### kotek_magnet[tick=360] sensor2: d=0.3208m in_range=False f_mag=0.000N tau_mag=0.0000Nm misalign_deg=90.0 pos=[ 0.10902447 -0.10904639  0.49140105] bottom_world=[ 0.10902454 -0.10904624  0.47140105] quat=[ 9.2300063e-01  4.2297288e-06  2.8837231e-08 -3.8479841e-01] speed=0.0002 ang_speed=0.0031 ang_vel_vec=[-0.00166416  0.00257849  0.00026908] |com_force|=0.0000N
### kotek_magnet[tick=360] sensor3: d=0.5470m in_range=False f_mag=0.000N tau_mag=0.0000Nm misalign_deg=90.0 pos=[-0.10910746 -0.10914612  0.4914011 ] bottom_world=[-0.1091074  -0.10914599  0.47140111] quat=[-3.8058397e-01 -2.7412830e-06 -2.4000201e-06  9.2474633e-01] speed=0.0005 ang_speed=0.0025 ang_vel_vec=[-0.00099188  0.00218538 -0.0006827 ] |com_force|=0.0000N
### kotek_magnet[tick=360] sensor4: d=0.5249m in_range=False f_mag=0.000N tau_mag=0.0000Nm misalign_deg=90.0 pos=[-0.10900024  0.10899843  0.49140236] bottom_world=[-0.10900015  0.10899873  0.47140236] quat=[ 3.8268289e-01  7.4490174e-07 -8.0223654e-06  9.2387980e-01] speed=0.0009 ang_speed=0.0024 ang_vel_vec=[-0.00010234 -0.00192245  0.00135485] |com_force|=0.0000N
### kotek_magnet[tick=420] sensor1: d=0.4082m in_range=False f_mag=0.000N tau_mag=0.0000Nm misalign_deg=90.0 pos=[0.10880379 0.10900929 0.4914024 ] bottom_world=[0.1088037  0.1090094  0.47140239] quat=[9.2484164e-01 3.4742070e-06 1.0488067e-06 3.8035265e-01] speed=0.0006 ang_speed=0.0027 ang_vel_vec=[ 0.00157288 -0.00195551 -0.00090649] |com_force|=0.0000N
### kotek_magnet[tick=420] sensor2: d=0.3208m in_range=False f_mag=0.000N tau_mag=0.0000Nm misalign_deg=90.0 pos=[ 0.10902446 -0.10904564  0.49140105] bottom_world=[ 0.10902436 -0.10904573  0.47140105] quat=[ 9.2300034e-01 -3.0889732e-06  1.4352929e-06 -3.8479903e-01] speed=0.0010 ang_speed=0.0023 ang_vel_vec=[0.0006334  0.0017126  0.00140486] |com_force|=0.0000N
### kotek_magnet[tick=420] sensor3: d=0.5470m in_range=False f_mag=0.000N tau_mag=0.0000Nm misalign_deg=90.0 pos=[-0.10910639 -0.1091461   0.4914011 ] bottom_world=[-0.1091066  -0.10914579  0.47140111] quat=[-3.8058311e-01  2.0093357e-06 -9.0609446e-06  9.2474681e-01] speed=0.0009 ang_speed=0.0023 ang_vel_vec=[-0.0020992   0.00060522  0.0007379 ] |com_force|=0.0000N
### kotek_magnet[tick=420] sensor4: d=0.5249m in_range=False f_mag=0.000N tau_mag=0.0000Nm misalign_deg=90.0 pos=[-0.10900022  0.10899851  0.49140233] bottom_world=[-0.10900011  0.10899882  0.47140233] quat=[ 3.8268310e-01  3.4596013e-07 -8.2354500e-06  9.2387974e-01] speed=0.0009 ang_speed=0.0015 ang_vel_vec=[-0.00065828 -0.00037708  0.00131265] |com_force|=0.0000N
### kotek_magnet[tick=480] sensor1: d=0.4082m in_range=False f_mag=0.000N tau_mag=0.0000Nm misalign_deg=90.0 pos=[0.1088042  0.10900889 0.49140236] bottom_world=[0.10880394 0.10900925 0.47140236] quat=[9.2484152e-01 1.0685934e-05 2.6167252e-06 3.8035256e-01] speed=0.0009 ang_speed=0.0040 ang_vel_vec=[-0.00255356 -0.00299469 -0.0004536 ] |com_force|=0.0000N
### kotek_magnet[tick=480] sensor2: d=0.3208m in_range=False f_mag=0.000N tau_mag=0.0000Nm misalign_deg=90.0 pos=[ 0.10902465 -0.10904644  0.49140108] bottom_world=[ 0.1090246  -0.10904635  0.47140108] quat=[ 9.2300069e-01  1.5867282e-06  1.9521228e-06 -3.8479844e-01] speed=0.0001 ang_speed=0.0014 ang_vel_vec=[ 0.00048992 -0.00126014 -0.00026601] |com_force|=0.0000N
### kotek_magnet[tick=480] sensor3: d=0.5470m in_range=False f_mag=0.000N tau_mag=0.0000Nm misalign_deg=90.0 pos=[-0.10910814 -0.10914575  0.4914011 ] bottom_world=[-0.10910788 -0.10914587  0.47140111] quat=[-3.8058403e-01 -4.9439500e-06  5.1597453e-06  9.2474639e-01] speed=0.0010 ang_speed=0.0024 ang_vel_vec=[ 0.00181707  0.00146246 -0.00068988] |com_force|=0.0000N
### kotek_magnet[tick=480] sensor4: d=0.5249m in_range=False f_mag=0.000N tau_mag=0.0000Nm misalign_deg=90.0 pos=[-0.10900022  0.1089985   0.49140227] bottom_world=[-0.10900011  0.10899881  0.47140227] quat=[ 3.8268292e-01  4.6447002e-07 -8.1360085e-06  9.2387974e-01] speed=0.0009 ang_speed=0.0018 ang_vel_vec=[-0.00045878 -0.00100199  0.00143543] |com_force|=0.0000N
### kotek_magnet[tick=540] sensor1: d=0.4082m in_range=False f_mag=0.000N tau_mag=0.0000Nm misalign_deg=90.0 pos=[0.10880381 0.10900925 0.49140233] bottom_world=[0.10880372 0.10900937 0.47140233] quat=[9.2484158e-01 3.4988334e-06 8.6579485e-07 3.8035253e-01] speed=0.0006 ang_speed=0.0026 ang_vel_vec=[ 0.00064248 -0.00235584 -0.00099893] |com_force|=0.0000N
### kotek_magnet[tick=540] sensor2: d=0.3208m in_range=False f_mag=0.000N tau_mag=0.0000Nm misalign_deg=90.0 pos=[ 0.10902449 -0.10904562  0.49140117] bottom_world=[ 0.10902437 -0.10904572  0.47140117] quat=[ 9.2300045e-01 -3.7226598e-06  1.9465670e-06 -3.8479903e-01] speed=0.0010 ang_speed=0.0019 ang_vel_vec=[0.00132025 0.00019434 0.00136529] |com_force|=0.0000N
### kotek_magnet[tick=540] sensor3: d=0.5470m in_range=False f_mag=0.000N tau_mag=0.0000Nm misalign_deg=90.0 pos=[-0.10910752 -0.10914607  0.49140105] bottom_world=[-0.10910746 -0.10914593  0.47140105] quat=[-3.8058367e-01 -2.5067852e-06 -2.6643768e-06  9.2474645e-01] speed=0.0005 ang_speed=0.0024 ang_vel_vec=[-0.00114039  0.00196321 -0.00077522] |com_force|=0.0000N
### kotek_magnet[tick=540] sensor4: d=0.5249m in_range=False f_mag=0.000N tau_mag=0.0000Nm misalign_deg=90.0 pos=[-0.10900021  0.1089985   0.49140236] bottom_world=[-0.1090001   0.10899881  0.47140236] quat=[ 3.8268307e-01  4.6260226e-07 -8.2506667e-06  9.2387974e-01] speed=0.0009 ang_speed=0.0017 ang_vel_vec=[-0.00054565 -0.00096708  0.00123748] |com_force|=0.0000N
### kotek_magnet[tick=600] sensor1: d=0.4082m in_range=False f_mag=0.000N tau_mag=0.0000Nm misalign_deg=90.0 pos=[0.10880428 0.10900895 0.49140245] bottom_world=[0.10880401 0.10900929 0.47140245] quat=[9.2484158e-01 1.0519730e-05 2.8822542e-06 3.8035282e-01] speed=0.0009 ang_speed=0.0030 ang_vel_vec=[-0.00186451 -0.00202104 -0.00116317] |com_force|=0.0000N
### kotek_magnet[tick=600] sensor2: d=0.3208m in_range=False f_mag=0.000N tau_mag=0.0000Nm misalign_deg=90.0 pos=[ 0.10902467 -0.10904671  0.4914011 ] bottom_world=[ 0.10902465 -0.10904654  0.47140111] quat=[ 9.2300081e-01  3.7055004e-06  1.9705303e-06 -3.8479808e-01] speed=0.0004 ang_speed=0.0022 ang_vel_vec=[-0.00173239 -0.00097629 -0.00103553] |com_force|=0.0000N
### kotek_magnet[tick=600] sensor3: d=0.5470m in_range=False f_mag=0.000N tau_mag=0.0000Nm misalign_deg=90.0 pos=[-0.10910725 -0.1091461   0.49140108] bottom_world=[-0.10910727 -0.10914594  0.47140108] quat=[-3.8058373e-01 -1.0052979e-06 -3.8250569e-06  9.2474645e-01] speed=0.0001 ang_speed=0.0007 ang_vel_vec=[-3.6945869e-04 -4.5260109e-05 -6.4526114e-04] |com_force|=0.0000N
### kotek_magnet[tick=600] sensor4: d=0.5249m in_range=False f_mag=0.000N tau_mag=0.0000Nm misalign_deg=90.0 pos=[-0.10900036  0.10899872  0.49140248] bottom_world=[-0.10900022  0.10899901  0.47140248] quat=[ 3.8268268e-01 -5.6288837e-07 -8.0655718e-06  9.2387986e-01] speed=0.0006 ang_speed=0.0047 ang_vel_vec=[-0.00155402  0.00439315  0.00016654] |com_force|=0.0000N
### kotek_magnet[tick=660] sensor1: d=0.4082m in_range=False f_mag=0.000N tau_mag=0.0000Nm misalign_deg=90.0 pos=[0.10880383 0.10900924 0.49140233] bottom_world=[0.10880373 0.10900937 0.47140233] quat=[9.2484164e-01 3.7527600e-06 1.0858295e-06 3.8035265e-01] speed=0.0006 ang_speed=0.0022 ang_vel_vec=[ 0.00099967 -0.00194049 -0.00042223] |com_force|=0.0000N
### kotek_magnet[tick=660] sensor2: d=0.3208m in_range=False f_mag=0.000N tau_mag=0.0000Nm misalign_deg=90.0 pos=[ 0.1090243  -0.10904739  0.4914011 ] bottom_world=[ 0.10902455 -0.10904701  0.47140111] quat=[ 9.2300093e-01  1.1183862e-05 -1.9577894e-06 -3.8479799e-01] speed=0.0010 ang_speed=0.0027 ang_vel_vec=[-0.00170901  0.00211169 -0.00035773] |com_force|=0.0000N
### kotek_magnet[tick=660] sensor3: d=0.5470m in_range=False f_mag=0.000N tau_mag=0.0000Nm misalign_deg=90.0 pos=[-0.10910647 -0.10914586  0.4914012 ] bottom_world=[-0.10910665 -0.10914567  0.4714012 ] quat=[-3.8058290e-01  2.3924454e-06 -6.2419194e-06  9.2474681e-01] speed=0.0009 ang_speed=0.0033 ang_vel_vec=[0.00268405 0.0001732  0.00191518] |com_force|=0.0000N
### kotek_magnet[tick=660] sensor4: d=0.5249m in_range=False f_mag=0.000N tau_mag=0.0000Nm misalign_deg=90.0 pos=[-0.1090002   0.10899852  0.49140236] bottom_world=[-0.10900008  0.10899884  0.47140236] quat=[ 3.8268310e-01  3.6210275e-07 -8.3301411e-06  9.2387968e-01] speed=0.0009 ang_speed=0.0020 ang_vel_vec=[-0.0007829  -0.0004046   0.00181257] |com_force|=0.0000N
### kotek_magnet[tick=720] sensor1: d=0.4082m in_range=False f_mag=0.000N tau_mag=0.0000Nm misalign_deg=90.0 pos=[0.1088043  0.10900896 0.4914023 ] bottom_world=[0.10880403 0.10900931 0.4714023 ] quat=[9.2484146e-01 1.0661262e-05 2.9574394e-06 3.8035282e-01] speed=0.0010 ang_speed=0.0028 ang_vel_vec=[-0.0019182  -0.00178616 -0.00090474] |com_force|=0.0000N
### kotek_magnet[tick=720] sensor2: d=0.3208m in_range=False f_mag=0.000N tau_mag=0.0000Nm misalign_deg=90.0 pos=[ 0.10902467 -0.1090467   0.4914012 ] bottom_world=[ 0.10902465 -0.10904653  0.4714012 ] quat=[ 9.2300081e-01  3.6276156e-06  2.0369205e-06 -3.8479805e-01] speed=0.0005 ang_speed=0.0026 ang_vel_vec=[-0.00202799 -0.00144368 -0.00080333] |com_force|=0.0000N
### kotek_magnet[tick=720] sensor3: d=0.5470m in_range=False f_mag=0.000N tau_mag=0.0000Nm misalign_deg=90.0 pos=[-0.10910725 -0.10914608  0.4914011 ] bottom_world=[-0.10910727 -0.10914592  0.47140111] quat=[-3.8058367e-01 -9.5518635e-07 -3.9861552e-06  9.2474651e-01] speed=0.0002 ang_speed=0.0018 ang_vel_vec=[-0.00158053 -0.00069644 -0.00042592] |com_force|=0.0000N
### kotek_magnet[tick=720] sensor4: d=0.5249m in_range=False f_mag=0.000N tau_mag=0.0000Nm misalign_deg=90.0 pos=[-0.10900038  0.10899872  0.49140236] bottom_world=[-0.10900023  0.10899901  0.47140236] quat=[ 3.8268268e-01 -6.0522359e-07 -8.1062371e-06  9.2387986e-01] speed=0.0006 ang_speed=0.0044 ang_vel_vec=[-0.00164903  0.00408285  0.00042736] |com_force|=0.0000N
### kotek_magnet[tick=780] sensor1: d=0.4082m in_range=False f_mag=0.000N tau_mag=0.0000Nm misalign_deg=90.0 pos=[0.10880431 0.10900897 0.49140236] bottom_world=[0.10880404 0.10900931 0.47140236] quat=[9.2484152e-01 1.0546161e-05 2.8979728e-06 3.8035280e-01] speed=0.0010 ang_speed=0.0027 ang_vel_vec=[-0.00183909 -0.00175197 -0.00080697] |com_force|=0.0000N
### kotek_magnet[tick=780] sensor2: d=0.3208m in_range=False f_mag=0.000N tau_mag=0.0000Nm misalign_deg=90.0 pos=[ 0.10902467 -0.10904587  0.49140114] bottom_world=[ 0.10902453 -0.10904593  0.47140114] quat=[ 9.2300063e-01 -2.8286256e-06  2.6340549e-06 -3.8479853e-01] speed=0.0006 ang_speed=0.0046 ang_vel_vec=[ 0.00199171 -0.00414799  0.0005712 ] |com_force|=0.0000N
### kotek_magnet[tick=780] sensor3: d=0.5470m in_range=False f_mag=0.000N tau_mag=0.0000Nm misalign_deg=90.0 pos=[-0.1091073  -0.10914578  0.49140102] bottom_world=[-0.10910727 -0.10914575  0.47140102] quat=[-3.8058341e-01 -9.3573084e-07 -5.5429052e-07  9.2474657e-01] speed=0.0003 ang_speed=0.0058 ang_vel_vec=[0.00509305 0.00278459 0.00044373] |com_force|=0.0000N
### kotek_magnet[tick=780] sensor4: d=0.5249m in_range=False f_mag=0.000N tau_mag=0.0000Nm misalign_deg=90.0 pos=[-0.10900021  0.10899848  0.49140227] bottom_world=[-0.10900011  0.10899879  0.47140227] quat=[ 3.8268307e-01  4.6840839e-07 -8.1949274e-06  9.2387968e-01] speed=0.0009 ang_speed=0.0018 ang_vel_vec=[-0.000528   -0.00096171  0.00138839] |com_force|=0.0000N
### kotek_magnet[tick=840] sensor1: d=0.4082m in_range=False f_mag=0.000N tau_mag=0.0000Nm misalign_deg=90.0 pos=[0.10880432 0.10900895 0.4914024 ] bottom_world=[0.10880405 0.10900929 0.47140239] quat=[9.2484146e-01 1.0503974e-05 2.9059438e-06 3.8035274e-01] speed=0.0010 ang_speed=0.0029 ang_vel_vec=[-0.00196022 -0.00181271 -0.00101941] |com_force|=0.0000N
### kotek_magnet[tick=840] sensor2: d=0.3208m in_range=False f_mag=0.000N tau_mag=0.0000Nm misalign_deg=90.0 pos=[ 0.10902472 -0.10904559  0.49140108] bottom_world=[ 0.10902452 -0.1090457   0.47140108] quat=[ 9.2300063e-01 -4.3452696e-06  3.5229934e-06 -3.8479871e-01] speed=0.0009 ang_speed=0.0029 ang_vel_vec=[-0.0003497  -0.00277157  0.00057089] |com_force|=0.0000N
### kotek_magnet[tick=840] sensor3: d=0.5470m in_range=False f_mag=0.000N tau_mag=0.0000Nm misalign_deg=90.0 pos=[-0.10910649 -0.10914589  0.49140108] bottom_world=[-0.10910667 -0.1091457   0.47140108] quat=[-3.8058314e-01  2.3816183e-06 -6.2233280e-06  9.2474681e-01] speed=0.0009 ang_speed=0.0029 ang_vel_vec=[0.00258194 0.00033197 0.00132739] |com_force|=0.0000N
### kotek_magnet[tick=840] sensor4: d=0.5249m in_range=False f_mag=0.000N tau_mag=0.0000Nm misalign_deg=90.0 pos=[-0.10900021  0.10899846  0.49140236] bottom_world=[-0.1090001   0.10899877  0.47140236] quat=[ 3.8268307e-01  5.0526029e-07 -8.1483595e-06  9.2387980e-01] speed=0.0009 ang_speed=0.0016 ang_vel_vec=[-0.00052289 -0.00102997  0.00116873] |com_force|=0.0000N
### kotek_magnet[tick=900] sensor1: d=0.4082m in_range=False f_mag=0.000N tau_mag=0.0000Nm misalign_deg=90.0 pos=[0.10880288 0.10900892 0.4914023 ] bottom_world=[0.10880294 0.1090091  0.4714023 ] quat=[ 9.2484188e-01  3.6962549e-06 -2.9843648e-06  3.8035193e-01] speed=0.0007 ang_speed=0.0049 ang_vel_vec=[-0.00414831 -0.00243009  0.00109898] |com_force|=0.0000N
### kotek_magnet[tick=900] sensor2: d=0.3208m in_range=False f_mag=0.000N tau_mag=0.0000Nm misalign_deg=90.0 pos=[ 0.10902447 -0.10904569  0.49140117] bottom_world=[ 0.10902437 -0.10904579  0.47140117] quat=[ 9.2300051e-01 -3.1970421e-06  1.5276103e-06 -3.8479897e-01] speed=0.0010 ang_speed=0.0024 ang_vel_vec=[0.00065665 0.00172114 0.00152571] |com_force|=0.0000N
### kotek_magnet[tick=900] sensor3: d=0.5470m in_range=False f_mag=0.000N tau_mag=0.0000Nm misalign_deg=90.0 pos=[-0.10910753 -0.1091461   0.49140114] bottom_world=[-0.10910749 -0.10914597  0.47140114] quat=[-3.8058382e-01 -2.2143836e-06 -2.6894936e-06  9.2474651e-01] speed=0.0005 ang_speed=0.0022 ang_vel_vec=[-0.00082144  0.00198937 -0.00063653] |com_force|=0.0000N
### kotek_magnet[tick=900] sensor4: d=0.5249m in_range=False f_mag=0.000N tau_mag=0.0000Nm misalign_deg=90.0 pos=[-0.10900021  0.10899847  0.49140242] bottom_world=[-0.10900008  0.10899879  0.47140242] quat=[ 3.8268307e-01  9.5651693e-08 -8.5937963e-06  9.2387968e-01] speed=0.0009 ang_speed=0.0019 ang_vel_vec=[-0.00112205  0.00044982  0.00144014] |com_force|=0.0000N
### kotek_magnet[tick=960] sensor1: d=0.4082m in_range=False f_mag=0.000N tau_mag=0.0000Nm misalign_deg=90.0 pos=[0.10880259 0.10900905 0.49140248] bottom_world=[0.10880278 0.10900908 0.47140248] quat=[ 9.2484200e-01 -1.0187299e-06 -4.6952659e-06  3.8035172e-01] speed=0.0010 ang_speed=0.0032 ang_vel_vec=[-0.00281931 -0.00037906  0.00152722] |com_force|=0.0000N
### kotek_magnet[tick=960] sensor2: d=0.3208m in_range=False f_mag=0.000N tau_mag=0.0000Nm misalign_deg=90.0 pos=[ 0.10902449 -0.10904563  0.49140114] bottom_world=[ 0.10902438 -0.10904572  0.47140114] quat=[ 9.2300057e-01 -3.1268262e-06  1.7409659e-06 -3.8479877e-01] speed=0.0010 ang_speed=0.0020 ang_vel_vec=[0.00078399 0.00106033 0.00152719] |com_force|=0.0000N
### kotek_magnet[tick=960] sensor3: d=0.5470m in_range=False f_mag=0.000N tau_mag=0.0000Nm misalign_deg=90.0 pos=[-0.10910815 -0.1091458   0.49140117] bottom_world=[-0.10910788 -0.10914591  0.47140117] quat=[-3.8058403e-01 -5.1297898e-06  5.2509354e-06  9.2474639e-01] speed=0.0010 ang_speed=0.0025 ang_vel_vec=[ 0.00181251  0.0015546  -0.00068914] |com_force|=0.0000N
### kotek_magnet[tick=960] sensor4: d=0.5249m in_range=False f_mag=0.000N tau_mag=0.0000Nm misalign_deg=90.0 pos=[-0.10900021  0.10899848  0.49140242] bottom_world=[-0.10900012  0.10899879  0.47140242] quat=[ 3.8268304e-01  6.7257059e-07 -8.0548334e-06  9.2387974e-01] speed=0.0009 ang_speed=0.0022 ang_vel_vec=[-0.00013338 -0.00169745  0.00141834] |com_force|=0.0000N
### kotek_magnet[tick=1020] sensor1: d=0.4082m in_range=False f_mag=0.000N tau_mag=0.0000Nm misalign_deg=90.0 pos=[0.10880259 0.10900906 0.49140233] bottom_world=[0.10880278 0.10900908 0.47140233] quat=[ 9.2484194e-01 -1.3260607e-06 -4.7017734e-06  3.8035154e-01] speed=0.0010 ang_speed=0.0026 ang_vel_vec=[-0.00214951 -0.00011756  0.00142921] |com_force|=0.0000N
### kotek_magnet[tick=1020] sensor2: d=0.3208m in_range=False f_mag=0.000N tau_mag=0.0000Nm misalign_deg=90.0 pos=[ 0.10902463 -0.10904589  0.49140114] bottom_world=[ 0.10902449 -0.10904595  0.47140114] quat=[ 9.2300057e-01 -2.7174199e-06  2.5963520e-06 -3.8479871e-01] speed=0.0006 ang_speed=0.0047 ang_vel_vec=[ 0.0020088  -0.00425727  0.00050317] |com_force|=0.0000N
### kotek_magnet[tick=1020] sensor3: d=0.5470m in_range=False f_mag=0.000N tau_mag=0.0000Nm misalign_deg=90.0 pos=[-0.10910814 -0.10914578  0.49140105] bottom_world=[-0.10910788 -0.10914589  0.47140105] quat=[-3.8058400e-01 -4.9719342e-06  5.0825429e-06  9.2474639e-01] speed=0.0010 ang_speed=0.0027 ang_vel_vec=[ 0.00194693  0.00169925 -0.00080089] |com_force|=0.0000N
### kotek_magnet[tick=1020] sensor4: d=0.5249m in_range=False f_mag=0.000N tau_mag=0.0000Nm misalign_deg=90.0 pos=[-0.10900018  0.10899848  0.49140236] bottom_world=[-0.10900008  0.10899879  0.47140236] quat=[ 3.8268310e-01  5.1297496e-07 -8.2173774e-06  9.2387968e-01] speed=0.0009 ang_speed=0.0017 ang_vel_vec=[-0.00056805 -0.00089344  0.00133558] |com_force|=0.0000N
### kotek_magnet[tick=1080] sensor1: d=0.4082m in_range=False f_mag=0.000N tau_mag=0.0000Nm misalign_deg=90.0 pos=[0.10880256 0.10900909 0.49140224] bottom_world=[0.10880275 0.10900911 0.47140224] quat=[ 9.2484188e-01 -1.3800061e-06 -4.6906771e-06  3.8035169e-01] speed=0.0010 ang_speed=0.0030 ang_vel_vec=[-0.00262083 -0.00026914  0.00141733] |com_force|=0.0000N
### kotek_magnet[tick=1080] sensor2: d=0.3208m in_range=False f_mag=0.000N tau_mag=0.0000Nm misalign_deg=90.0 pos=[ 0.10902447 -0.10904562  0.4914011 ] bottom_world=[ 0.10902438 -0.1090457   0.47140111] quat=[ 9.2300045e-01 -2.8023110e-06  1.4303887e-06 -3.8479906e-01] speed=0.0010 ang_speed=0.0023 ang_vel_vec=[0.00026974 0.00176774 0.00143511] |com_force|=0.0000N
### kotek_magnet[tick=1080] sensor3: d=0.5470m in_range=False f_mag=0.000N tau_mag=0.0000Nm misalign_deg=90.0 pos=[-0.10910723 -0.10914608  0.49140096] bottom_world=[-0.10910725 -0.10914592  0.47140096] quat=[-3.8058370e-01 -9.1491893e-07 -4.0333025e-06  9.2474651e-01] speed=0.0001 ang_speed=0.0013 ang_vel_vec=[-0.00114219 -0.00056846 -0.00028087] |com_force|=0.0000N
### kotek_magnet[tick=1080] sensor4: d=0.5249m in_range=False f_mag=0.000N tau_mag=0.0000Nm misalign_deg=90.0 pos=[-0.10900012  0.10899931  0.4914022 ] bottom_world=[-0.10900019  0.1089994   0.47140221] quat=[ 3.8268274e-01  2.3289949e-06 -1.5530857e-06  9.2387986e-01] speed=0.0002 ang_speed=0.0052 ang_vel_vec=[ 0.00248219 -0.00457109  0.0003149 ] |com_force|=0.0000N
### kotek_magnet[tick=1140] sensor1: d=0.4082m in_range=False f_mag=0.000N tau_mag=0.0000Nm misalign_deg=90.0 pos=[0.10880259 0.10900912 0.49140233] bottom_world=[0.10880278 0.10900914 0.47140233] quat=[ 9.2484194e-01 -1.3115734e-06 -4.6946120e-06  3.8035187e-01] speed=0.0010 ang_speed=0.0029 ang_vel_vec=[-0.00246157 -0.00015698  0.00159233] |com_force|=0.0000N
### kotek_magnet[tick=1140] sensor2: d=0.3208m in_range=False f_mag=0.000N tau_mag=0.0000Nm misalign_deg=90.0 pos=[ 0.10902433 -0.10904732  0.49140108] bottom_world=[ 0.10902456 -0.10904695  0.47140108] quat=[ 9.2300087e-01  1.0849832e-05 -1.6962572e-06 -3.8479787e-01] speed=0.0010 ang_speed=0.0025 ang_vel_vec=[-0.00152478  0.0018305  -0.00062255] |com_force|=0.0000N
### kotek_magnet[tick=1140] sensor3: d=0.5470m in_range=False f_mag=0.000N tau_mag=0.0000Nm misalign_deg=90.0 pos=[-0.10910729 -0.10914605  0.49140102] bottom_world=[-0.1091073  -0.1091459   0.47140102] quat=[-3.8058361e-01 -1.0506870e-06 -3.7020232e-06  9.2474645e-01] speed=0.0001 ang_speed=0.0007 ang_vel_vec=[-0.00067623  0.00010387 -0.00020984] |com_force|=0.0000N
### kotek_magnet[tick=1140] sensor4: d=0.5249m in_range=False f_mag=0.000N tau_mag=0.0000Nm misalign_deg=90.0 pos=[-0.10900022  0.10899848  0.4914023 ] bottom_world=[-0.1090001  0.1089988  0.4714023] quat=[ 3.8268304e-01  3.5846026e-07 -8.4986914e-06  9.2387980e-01] speed=0.0009 ang_speed=0.0018 ang_vel_vec=[-0.0006385  -0.00086466  0.00149324] |com_force|=0.0000N
### kotek_magnet[tick=1200] sensor1: d=0.4082m in_range=False f_mag=0.000N tau_mag=0.0000Nm misalign_deg=90.0 pos=[0.10880255 0.10900911 0.4914024 ] bottom_world=[0.10880277 0.1090091  0.47140239] quat=[ 9.2484200e-01 -2.2921470e-06 -4.9007858e-06  3.8035166e-01] speed=0.0010 ang_speed=0.0018 ang_vel_vec=[-0.00080064  0.00065929  0.00141289] |com_force|=0.0000N
### kotek_magnet[tick=1200] sensor2: d=0.3208m in_range=False f_mag=0.000N tau_mag=0.0000Nm misalign_deg=90.0 pos=[ 0.10902434 -0.10904735  0.49140114] bottom_world=[ 0.10902456 -0.10904699  0.47140114] quat=[ 9.2300087e-01  1.0666438e-05 -1.6804725e-06 -3.8479793e-01] speed=0.0010 ang_speed=0.0027 ang_vel_vec=[-0.00159042  0.00197613 -0.00084644] |com_force|=0.0000N
### kotek_magnet[tick=1200] sensor3: d=0.5470m in_range=False f_mag=0.000N tau_mag=0.0000Nm misalign_deg=90.0 pos=[-0.10910648 -0.10914587  0.49140114] bottom_world=[-0.10910667 -0.10914567  0.47140114] quat=[-3.8058305e-01  2.5284271e-06 -6.5175118e-06  9.2474675e-01] speed=0.0009 ang_speed=0.0028 ang_vel_vec=[2.3927502e-03 8.3519517e-05 1.4316293e-03] |com_force|=0.0000N
### kotek_magnet[tick=1200] sensor4: d=0.5249m in_range=False f_mag=0.000N tau_mag=0.0000Nm misalign_deg=90.0 pos=[-0.10899989  0.10900027  0.49140224] bottom_world=[-0.10900018  0.10900011  0.47140224] quat=[3.8268238e-01 5.1554257e-06 6.5636373e-06 9.2387998e-01] speed=0.0013 ang_speed=0.0143 ang_vel_vec=[ 0.00738429 -0.0122406  -0.00032342] |com_force|=0.0000N
### kotek_magnet[tick=1260] sensor1: d=0.4082m in_range=False f_mag=0.000N tau_mag=0.0000Nm misalign_deg=90.0 pos=[0.10880258 0.10900908 0.4914024 ] bottom_world=[0.10880278 0.10900909 0.47140239] quat=[ 9.2484200e-01 -1.5100076e-06 -4.6740242e-06  3.8035163e-01] speed=0.0010 ang_speed=0.0022 ang_vel_vec=[-0.00162721  0.00014362  0.00146429] |com_force|=0.0000N
### kotek_magnet[tick=1260] sensor2: d=0.3208m in_range=False f_mag=0.000N tau_mag=0.0000Nm misalign_deg=90.0 pos=[ 0.10902464 -0.10904645  0.49140105] bottom_world=[ 0.1090246  -0.10904637  0.47140105] quat=[ 9.2300069e-01  1.5690727e-06  1.7692828e-06 -3.8479835e-01] speed=0.0001 ang_speed=0.0016 ang_vel_vec=[ 0.00106453 -0.00118385 -0.00034462] |com_force|=0.0000N
### kotek_magnet[tick=1260] sensor3: d=0.5470m in_range=False f_mag=0.000N tau_mag=0.0000Nm misalign_deg=90.0 pos=[-0.10910749 -0.10914606  0.4914011 ] bottom_world=[-0.10910744 -0.10914594  0.47140111] quat=[-3.8058391e-01 -2.3890639e-06 -2.3290420e-06  9.2474651e-01] speed=0.0005 ang_speed=0.0023 ang_vel_vec=[-0.00054092  0.00207773 -0.00072123] |com_force|=0.0000N
### kotek_magnet[tick=1260] sensor4: d=0.5249m in_range=False f_mag=0.000N tau_mag=0.0000Nm misalign_deg=90.0 pos=[-0.10900019  0.10899849  0.49140236] bottom_world=[-0.10900008  0.1089988   0.47140236] quat=[ 3.8268310e-01  3.9209868e-07 -8.2148072e-06  9.2387974e-01] speed=0.0009 ang_speed=0.0016 ang_vel_vec=[-0.00069547 -0.00048084  0.00135691] |com_force|=0.0000N
### kotek_magnet[tick=1320] sensor1: d=0.4082m in_range=False f_mag=0.000N tau_mag=0.0000Nm misalign_deg=90.0 pos=[0.10880258 0.10900909 0.49140233] bottom_world=[0.10880277 0.10900911 0.47140233] quat=[ 9.2484194e-01 -1.4154596e-06 -4.6195732e-06  3.8035163e-01] speed=0.0010 ang_speed=0.0025 ang_vel_vec=[-0.00185764  0.00011238  0.00168668] |com_force|=0.0000N
### kotek_magnet[tick=1320] sensor2: d=0.3208m in_range=False f_mag=0.000N tau_mag=0.0000Nm misalign_deg=90.0 pos=[ 0.10902448 -0.10904562  0.4914011 ] bottom_world=[ 0.10902438 -0.10904571  0.47140111] quat=[ 9.2300040e-01 -2.9713426e-06  1.4034130e-06 -3.8479897e-01] speed=0.0010 ang_speed=0.0026 ang_vel_vec=[0.00033129 0.00196925 0.0016793 ] |com_force|=0.0000N
### kotek_magnet[tick=1320] sensor3: d=0.5470m in_range=False f_mag=0.000N tau_mag=0.0000Nm misalign_deg=90.0 pos=[-0.10910641 -0.10914587  0.49140117] bottom_world=[-0.10910661 -0.10914566  0.47140117] quat=[-3.8058296e-01  2.6885066e-06 -6.9462649e-06  9.2474681e-01] speed=0.0010 ang_speed=0.0025 ang_vel_vec=[ 0.00172751 -0.00038072  0.00174043] |com_force|=0.0000N
### kotek_magnet[tick=1320] sensor4: d=0.5249m in_range=False f_mag=0.000N tau_mag=0.0000Nm misalign_deg=90.0 pos=[-0.10900035  0.10899936  0.4914022 ] bottom_world=[-0.1090003   0.10899949  0.47140221] quat=[ 3.8268244e-01  2.3660675e-07 -3.3988772e-06  9.2388004e-01] speed=0.0002 ang_speed=0.0009 ang_vel_vec=[ 3.8553197e-05  8.6800719e-04 -1.5101259e-04] |com_force|=0.0000N
### kotek_magnet[tick=1380] sensor1: d=0.4082m in_range=False f_mag=0.000N tau_mag=0.0000Nm misalign_deg=90.0 pos=[0.10880282 0.10900926 0.49140233] bottom_world=[0.10880299 0.10900923 0.47140233] quat=[ 9.2484182e-01 -2.3367684e-06 -3.7278492e-06  3.8035208e-01] speed=0.0006 ang_speed=0.0047 ang_vel_vec=[0.00424823 0.00183079 0.00058842] |com_force|=0.0000N
### kotek_magnet[tick=1380] sensor2: d=0.3208m in_range=False f_mag=0.000N tau_mag=0.0000Nm misalign_deg=90.0 pos=[ 0.1090247  -0.10904557  0.49140108] bottom_world=[ 0.10902449 -0.10904568  0.47140108] quat=[ 9.2300051e-01 -4.5813599e-06  3.5761107e-06 -3.8479879e-01] speed=0.0009 ang_speed=0.0031 ang_vel_vec=[-0.00016373 -0.00297519  0.00075121] |com_force|=0.0000N
### kotek_magnet[tick=1380] sensor3: d=0.5470m in_range=False f_mag=0.000N tau_mag=0.0000Nm misalign_deg=90.0 pos=[-0.10910728 -0.10914604  0.49140108] bottom_world=[-0.1091073  -0.10914589  0.47140108] quat=[-3.8058376e-01 -9.1769698e-07 -3.7800933e-06  9.2474657e-01] speed=0.0001 ang_speed=0.0012 ang_vel_vec=[-0.00100333 -0.00053039 -0.00034047] |com_force|=0.0000N
### kotek_magnet[tick=1380] sensor4: d=0.5249m in_range=False f_mag=0.000N tau_mag=0.0000Nm misalign_deg=90.0 pos=[-0.10900038  0.10899875  0.4914023 ] bottom_world=[-0.10900023  0.10899904  0.4714023 ] quat=[ 3.8268265e-01 -7.0999920e-07 -8.1399703e-06  9.2387992e-01] speed=0.0006 ang_speed=0.0048 ang_vel_vec=[-0.00176337  0.0044661   0.0004849 ] |com_force|=0.0000N
### kotek_magnet[tick=1440] sensor1: d=0.4082m in_range=False f_mag=0.000N tau_mag=0.0000Nm misalign_deg=90.0 pos=[0.1088044  0.10900877 0.49140236] bottom_world=[0.1088041  0.10900921 0.47140236] quat=[9.2484158e-01 1.2940436e-05 2.6978548e-06 3.8035247e-01] speed=0.0013 ang_speed=0.0165 ang_vel_vec=[-0.01417492 -0.00839077 -0.00037535] |com_force|=0.0000N
### kotek_magnet[tick=1440] sensor2: d=0.3208m in_range=False f_mag=0.000N tau_mag=0.0000Nm misalign_deg=90.0 pos=[ 0.10902467 -0.1090456   0.49140108] bottom_world=[ 0.10902447 -0.10904571  0.47140108] quat=[ 9.2300057e-01 -4.4984886e-06  3.6333265e-06 -3.8479879e-01] speed=0.0009 ang_speed=0.0030 ang_vel_vec=[-0.00022355 -0.00290859  0.00081476] |com_force|=0.0000N
### kotek_magnet[tick=1440] sensor3: d=0.5470m in_range=False f_mag=0.000N tau_mag=0.0000Nm misalign_deg=90.0 pos=[-0.1091075  -0.10914606  0.49140114] bottom_world=[-0.10910745 -0.10914593  0.47140114] quat=[-3.8058379e-01 -2.4948295e-06 -2.5766890e-06  9.2474645e-01] speed=0.0005 ang_speed=0.0023 ang_vel_vec=[-0.00118481  0.00188577 -0.00063927] |com_force|=0.0000N
### kotek_magnet[tick=1440] sensor4: d=0.5249m in_range=False f_mag=0.000N tau_mag=0.0000Nm misalign_deg=90.0 pos=[-0.10900022  0.10899851  0.49140233] bottom_world=[-0.10900011  0.10899882  0.47140233] quat=[ 3.826831e-01  5.150307e-07 -8.165719e-06  9.238797e-01] speed=0.0009 ang_speed=0.0019 ang_vel_vec=[-0.00039517 -0.00120479  0.00141825] |com_force|=0.0000N
### kotek_magnet[tick=1500] sensor1: d=0.4082m in_range=False f_mag=0.000N tau_mag=0.0000Nm misalign_deg=90.0 pos=[0.10880437 0.10900877 0.49140233] bottom_world=[0.10880409 0.1090092  0.47140233] quat=[9.2484158e-01 1.2596264e-05 2.6333728e-06 3.8035250e-01] speed=0.0013 ang_speed=0.0155 ang_vel_vec=[-0.01336055 -0.00784264 -0.00036646] |com_force|=0.0000N
### kotek_magnet[tick=1500] sensor2: d=0.3208m in_range=False f_mag=0.000N tau_mag=0.0000Nm misalign_deg=90.0 pos=[ 0.10902464 -0.10904645  0.49140105] bottom_world=[ 0.10902459 -0.10904636  0.47140105] quat=[ 9.2300075e-01  1.5689599e-06  1.9863542e-06 -3.8479826e-01] speed=0.0001 ang_speed=0.0018 ang_vel_vec=[ 0.00057693 -0.00171832 -0.0003214 ] |com_force|=0.0000N
### kotek_magnet[tick=1500] sensor3: d=0.5470m in_range=False f_mag=0.000N tau_mag=0.0000Nm misalign_deg=90.0 pos=[-0.1091075  -0.10914603  0.4914011 ] bottom_world=[-0.10910745 -0.1091459   0.47140111] quat=[-3.8058382e-01 -2.4762912e-06 -2.5170382e-06  9.2474639e-01] speed=0.0005 ang_speed=0.0025 ang_vel_vec=[-0.00133165  0.00204924 -0.00069875] |com_force|=0.0000N
### kotek_magnet[tick=1500] sensor4: d=0.5249m in_range=False f_mag=0.000N tau_mag=0.0000Nm misalign_deg=90.0 pos=[-0.10900021  0.10899851  0.49140227] bottom_world=[-0.1090001   0.10899882  0.47140227] quat=[ 3.8268301e-01  4.2763330e-07 -8.2107081e-06  9.2387974e-01] speed=0.0009 ang_speed=0.0017 ang_vel_vec=[-0.00061897 -0.00074365  0.00139406] |com_force|=0.0000N
### kotek_magnet[tick=1560] sensor1: d=0.4082m in_range=False f_mag=0.000N tau_mag=0.0000Nm misalign_deg=90.0 pos=[0.1088043  0.10900895 0.4914023 ] bottom_world=[0.10880403 0.1090093  0.4714023 ] quat=[9.2484152e-01 1.0511126e-05 2.9325313e-06 3.8035282e-01] speed=0.0010 ang_speed=0.0027 ang_vel_vec=[-0.0017922  -0.00175417 -0.00102101] |com_force|=0.0000N
### kotek_magnet[tick=1560] sensor2: d=0.3208m in_range=False f_mag=0.000N tau_mag=0.0000Nm misalign_deg=90.0 pos=[ 0.10902463 -0.10904672  0.49140114] bottom_world=[ 0.10902462 -0.10904655  0.47140114] quat=[ 9.2300081e-01  3.8594703e-06  1.9241688e-06 -3.8479808e-01] speed=0.0005 ang_speed=0.0024 ang_vel_vec=[-0.00217505 -0.00061572 -0.00089577] |com_force|=0.0000N
### kotek_magnet[tick=1560] sensor3: d=0.5470m in_range=False f_mag=0.000N tau_mag=0.0000Nm misalign_deg=90.0 pos=[-0.10910817 -0.10914579  0.49140117] bottom_world=[-0.10910791 -0.10914591  0.47140117] quat=[-3.8058406e-01 -4.9140062e-06  5.2229047e-06  9.2474639e-01] speed=0.0010 ang_speed=0.0027 ang_vel_vec=[ 0.00196667  0.00156512 -0.0009553 ] |com_force|=0.0000N
### kotek_magnet[tick=1560] sensor4: d=0.5249m in_range=False f_mag=0.000N tau_mag=0.0000Nm misalign_deg=90.0 pos=[-0.10900024  0.10899851  0.49140227] bottom_world=[-0.10900013  0.10899882  0.47140227] quat=[ 3.826829e-01  5.081984e-07 -8.146733e-06  9.238798e-01] speed=0.0009 ang_speed=0.0016 ang_vel_vec=[-0.00041452 -0.00100346  0.00118201] |com_force|=0.0000N
### kotek_magnet[tick=1620] sensor1: d=0.4082m in_range=False f_mag=0.000N tau_mag=0.0000Nm misalign_deg=90.0 pos=[0.10880377 0.10900928 0.49140233] bottom_world=[0.10880368 0.1090094  0.47140233] quat=[9.2484152e-01 3.7012778e-06 9.6610552e-07 3.8035268e-01] speed=0.0006 ang_speed=0.0025 ang_vel_vec=[ 0.00046419 -0.00225504 -0.00098149] |com_force|=0.0000N
### kotek_magnet[tick=1620] sensor2: d=0.3208m in_range=False f_mag=0.000N tau_mag=0.0000Nm misalign_deg=90.0 pos=[ 0.10902461 -0.10904672  0.49140108] bottom_world=[ 0.10902459 -0.10904656  0.47140108] quat=[ 9.2300081e-01  3.6497943e-06  1.9223608e-06 -3.8479811e-01] speed=0.0004 ang_speed=0.0024 ang_vel_vec=[-0.00200813 -0.00099923 -0.00081246] |com_force|=0.0000N
### kotek_magnet[tick=1620] sensor3: d=0.5470m in_range=False f_mag=0.000N tau_mag=0.0000Nm misalign_deg=90.0 pos=[-0.10910752 -0.10914605  0.49140105] bottom_world=[-0.10910746 -0.10914592  0.47140105] quat=[-3.8058394e-01 -2.4432391e-06 -2.4065539e-06  9.2474639e-01] speed=0.0005 ang_speed=0.0024 ang_vel_vec=[-0.0009822   0.002021   -0.00080902] |com_force|=0.0000N
### kotek_magnet[tick=1620] sensor4: d=0.5249m in_range=False f_mag=0.000N tau_mag=0.0000Nm misalign_deg=90.0 pos=[-0.10900035  0.10899931  0.4914022 ] bottom_world=[-0.1090003   0.10899945  0.47140221] quat=[ 3.8268247e-01  2.4798999e-07 -3.5847156e-06  9.2388004e-01] speed=0.0002 ang_speed=0.0014 ang_vel_vec=[-0.00036526  0.00122898 -0.00046202] |com_force|=0.0000N
### kotek_magnet[tick=1680] sensor1: d=0.4082m in_range=False f_mag=0.000N tau_mag=0.0000Nm misalign_deg=90.0 pos=[0.10880381 0.10900925 0.49140242] bottom_world=[0.10880372 0.10900937 0.47140242] quat=[9.2484158e-01 3.4875175e-06 8.9269037e-07 3.8035265e-01] speed=0.0006 ang_speed=0.0025 ang_vel_vec=[ 0.0012575  -0.00197386 -0.00075765] |com_force|=0.0000N
### kotek_magnet[tick=1680] sensor2: d=0.3208m in_range=False f_mag=0.000N tau_mag=0.0000Nm misalign_deg=90.0 pos=[ 0.10902472 -0.10904561  0.49140105] bottom_world=[ 0.10902452 -0.10904572  0.47140105] quat=[ 9.2300051e-01 -4.4818153e-06  3.6337349e-06 -3.8479891e-01] speed=0.0009 ang_speed=0.0031 ang_vel_vec=[-6.1329854e-05 -3.0120148e-03  8.8661403e-04] |com_force|=0.0000N
### kotek_magnet[tick=1680] sensor3: d=0.5470m in_range=False f_mag=0.000N tau_mag=0.0000Nm misalign_deg=90.0 pos=[-0.10910755 -0.10914586  0.49140105] bottom_world=[-0.10910747 -0.10914585  0.47140105] quat=[-3.8058367e-01 -2.0224131e-06  4.8099355e-07  9.2474651e-01] speed=0.0004 ang_speed=0.0025 ang_vel_vec=[ 1.6084884e-03  1.9722742e-03 -8.0645324e-05] |com_force|=0.0000N
### kotek_magnet[tick=1680] sensor4: d=0.5249m in_range=False f_mag=0.000N tau_mag=0.0000Nm misalign_deg=90.0 pos=[-0.10900036  0.10899928  0.49140227] bottom_world=[-0.10900031  0.10899943  0.47140227] quat=[ 3.8268238e-01  1.1876435e-07 -3.8625985e-06  9.2387998e-01] speed=0.0002 ang_speed=0.0021 ang_vel_vec=[-0.00086253  0.00189718 -0.00023492] |com_force|=0.0000N
### still playing, 1370s left
### kotek_magnet[tick=1740] sensor1: d=0.4082m in_range=False f_mag=0.000N tau_mag=0.0000Nm misalign_deg=90.0 pos=[0.10880381 0.10900928 0.49140224] bottom_world=[0.10880371 0.1090094  0.47140224] quat=[9.2484152e-01 3.7655429e-06 9.9403530e-07 3.8035268e-01] speed=0.0006 ang_speed=0.0029 ang_vel_vec=[-0.00017072 -0.00265864 -0.00112602] |com_force|=0.0000N
### kotek_magnet[tick=1740] sensor2: d=0.3208m in_range=False f_mag=0.000N tau_mag=0.0000Nm misalign_deg=90.0 pos=[ 0.10902444 -0.10904674  0.49140102] bottom_world=[ 0.10902455 -0.10904654  0.47140102] quat=[ 9.2300087e-01  5.6177228e-06 -5.0891123e-07 -3.8479811e-01] speed=0.0003 ang_speed=0.0030 ang_vel_vec=[-0.00236171  0.00181951 -0.00045082] |com_force|=0.0000N
### kotek_magnet[tick=1740] sensor3: d=0.5470m in_range=False f_mag=0.000N tau_mag=0.0000Nm misalign_deg=90.0 pos=[-0.10910755 -0.10914586  0.49140105] bottom_world=[-0.10910746 -0.10914586  0.47140105] quat=[-3.8058376e-01 -2.1646565e-06  8.8276670e-07  9.2474645e-01] speed=0.0004 ang_speed=0.0030 ang_vel_vec=[ 0.0018204   0.00237311 -0.00045176] |com_force|=0.0000N
### kotek_magnet[tick=1740] sensor4: d=0.5249m in_range=False f_mag=0.000N tau_mag=0.0000Nm misalign_deg=90.0 pos=[-0.10900008  0.10900021  0.4914023 ] bottom_world=[-0.1090003   0.10900006  0.4714023 ] quat=[3.8268209e-01 3.7927121e-06 5.5219230e-06 9.2388010e-01] speed=0.0010 ang_speed=0.0029 ang_vel_vec=[ 0.00191651 -0.00197786 -0.00099596] |com_force|=0.0000N
### kotek_magnet[tick=1800] sensor1: d=0.4082m in_range=False f_mag=0.000N tau_mag=0.0000Nm misalign_deg=90.0 pos=[0.10880419 0.10900887 0.49140236] bottom_world=[0.10880393 0.10900923 0.47140236] quat=[9.2484164e-01 1.0647734e-05 2.5580418e-06 3.8035253e-01] speed=0.0009 ang_speed=0.0041 ang_vel_vec=[-0.00270049 -0.00300038 -0.00043197] |com_force|=0.0000N
### kotek_magnet[tick=1800] sensor2: d=0.3208m in_range=False f_mag=0.000N tau_mag=0.0000Nm misalign_deg=90.0 pos=[ 0.10902444 -0.10904676  0.49140108] bottom_world=[ 0.10902454 -0.10904656  0.47140108] quat=[ 9.2300075e-01  5.5858177e-06 -3.8833866e-07 -3.8479835e-01] speed=0.0004 ang_speed=0.0029 ang_vel_vec=[-0.00240702  0.00154994 -0.00011758] |com_force|=0.0000N
### kotek_magnet[tick=1800] sensor3: d=0.5470m in_range=False f_mag=0.000N tau_mag=0.0000Nm misalign_deg=90.0 pos=[-0.10910751 -0.10914606  0.49140114] bottom_world=[-0.10910745 -0.10914593  0.47140114] quat=[-3.8058373e-01 -2.5860863e-06 -2.4290869e-06  9.2474645e-01] speed=0.0005 ang_speed=0.0024 ang_vel_vec=[-0.00134177  0.00194453 -0.00060187] |com_force|=0.0000N
### kotek_magnet[tick=1800] sensor4: d=0.5249m in_range=False f_mag=0.000N tau_mag=0.0000Nm misalign_deg=90.0 pos=[-0.10900006  0.10900017  0.49140236] bottom_world=[-0.10900029  0.10900003  0.47140236] quat=[3.8268220e-01 3.7582010e-06 5.3767817e-06 9.2388010e-01] speed=0.0010 ang_speed=0.0024 ang_vel_vec=[ 0.00162969 -0.00168842 -0.00064715] |com_force|=0.0000N
### kotek_magnet[tick=1860] sensor1: d=0.4082m in_range=False f_mag=0.000N tau_mag=0.0000Nm misalign_deg=90.0 pos=[0.10880379 0.10900929 0.49140233] bottom_world=[0.1088037  0.10900942 0.47140233] quat=[9.2484152e-01 3.9881443e-06 9.8429541e-07 3.8035256e-01] speed=0.0006 ang_speed=0.0028 ang_vel_vec=[-0.00037492 -0.00268701 -0.00067934] |com_force|=0.0000N
### kotek_magnet[tick=1860] sensor2: d=0.3208m in_range=False f_mag=0.000N tau_mag=0.0000Nm misalign_deg=90.0 pos=[ 0.10902429 -0.10904738  0.4914011 ] bottom_world=[ 0.10902454 -0.10904699  0.47140111] quat=[ 9.2300087e-01  1.1452935e-05 -1.9938957e-06 -3.8479790e-01] speed=0.0010 ang_speed=0.0027 ang_vel_vec=[-0.0016639   0.00209945 -0.00060166] |com_force|=0.0000N
### kotek_magnet[tick=1860] sensor3: d=0.5470m in_range=False f_mag=0.000N tau_mag=0.0000Nm misalign_deg=90.0 pos=[-0.10910816 -0.10914578  0.49140123] bottom_world=[-0.1091079  -0.1091459   0.47140123] quat=[-3.8058397e-01 -5.0006129e-06  5.2338428e-06  9.2474633e-01] speed=0.0010 ang_speed=0.0022 ang_vel_vec=[ 0.00167667  0.00134257 -0.00059949] |com_force|=0.0000N
### kotek_magnet[tick=1860] sensor4: d=0.5249m in_range=False f_mag=0.000N tau_mag=0.0000Nm misalign_deg=90.0 pos=[-0.10900036  0.10899955  0.49140236] bottom_world=[-0.10900035  0.10899961  0.47140236] quat=[ 3.8268226e-01  3.7362895e-07 -1.3322438e-06  9.2388010e-01] speed=0.0005 ang_speed=0.0026 ang_vel_vec=[ 0.00238604  0.00073619 -0.00054384] |com_force|=0.0000N
### kotek_magnet[tick=1920] sensor1: d=0.4082m in_range=False f_mag=0.000N tau_mag=0.0000Nm misalign_deg=90.0 pos=[0.1088038  0.10900927 0.4914023 ] bottom_world=[0.10880371 0.10900939 0.4714023 ] quat=[9.2484164e-01 3.7971806e-06 9.9554120e-07 3.8035250e-01] speed=0.0006 ang_speed=0.0025 ang_vel_vec=[ 0.00023469 -0.00238138 -0.00072201] |com_force|=0.0000N
### kotek_magnet[tick=1920] sensor2: d=0.3208m in_range=False f_mag=0.000N tau_mag=0.0000Nm misalign_deg=90.0 pos=[ 0.10902463 -0.1090467   0.4914011 ] bottom_world=[ 0.10902462 -0.10904652  0.47140111] quat=[ 9.2300075e-01  3.9231836e-06  1.9119427e-06 -3.8479814e-01] speed=0.0005 ang_speed=0.0023 ang_vel_vec=[-0.00198849 -0.00094247 -0.00057174] |com_force|=0.0000N
### kotek_magnet[tick=1920] sensor3: d=0.5470m in_range=False f_mag=0.000N tau_mag=0.0000Nm misalign_deg=90.0 pos=[-0.10910648 -0.10914586  0.4914011 ] bottom_world=[-0.10910667 -0.10914566  0.47140111] quat=[-3.8058290e-01  2.4020842e-06 -6.2775093e-06  9.2474687e-01] speed=0.0009 ang_speed=0.0029 ang_vel_vec=[0.00236734 0.00011736 0.00167425] |com_force|=0.0000N
### kotek_magnet[tick=1920] sensor4: d=0.5249m in_range=False f_mag=0.000N tau_mag=0.0000Nm misalign_deg=90.0 pos=[-0.10900005  0.10900019  0.4914023 ] bottom_world=[-0.10900027  0.10900005  0.4714023 ] quat=[3.8268209e-01 3.7640871e-06 5.4214615e-06 9.2388010e-01] speed=0.0010 ang_speed=0.0025 ang_vel_vec=[ 0.00172169 -0.0016729  -0.00058665] |com_force|=0.0000N
### kotek_magnet[tick=1980] sensor1: d=0.4082m in_range=False f_mag=0.000N tau_mag=0.0000Nm misalign_deg=90.0 pos=[0.10880381 0.10900926 0.49140233] bottom_world=[0.10880372 0.10900938 0.47140233] quat=[9.2484164e-01 3.6099404e-06 9.8606517e-07 3.8035265e-01] speed=0.0006 ang_speed=0.0024 ang_vel_vec=[ 0.00122957 -0.00188963 -0.00086128] |com_force|=0.0000N
### kotek_magnet[tick=1980] sensor2: d=0.3208m in_range=False f_mag=0.000N tau_mag=0.0000Nm misalign_deg=90.0 pos=[ 0.10902435 -0.10904735  0.49140108] bottom_world=[ 0.10902458 -0.10904697  0.47140108] quat=[ 9.2300087e-01  1.0834723e-05 -1.7580123e-06 -3.8479790e-01] speed=0.0010 ang_speed=0.0028 ang_vel_vec=[-0.00169007  0.00206269 -0.00079421] |com_force|=0.0000N
### kotek_magnet[tick=1980] sensor3: d=0.5470m in_range=False f_mag=0.000N tau_mag=0.0000Nm misalign_deg=90.0 pos=[-0.10910669 -0.10914607  0.49140114] bottom_world=[-0.10910686 -0.10914582  0.47140114] quat=[-3.8058323e-01  1.5690827e-06 -7.5622265e-06  9.2474663e-01] speed=0.0006 ang_speed=0.0043 ang_vel_vec=[-0.00388758 -0.00175123  0.00051798] |com_force|=0.0000N
### kotek_magnet[tick=1980] sensor4: d=0.5249m in_range=False f_mag=0.000N tau_mag=0.0000Nm misalign_deg=90.0 pos=[-0.10900034  0.1089993   0.4914023 ] bottom_world=[-0.10900028  0.10899944  0.4714023 ] quat=[ 3.8268241e-01  3.2100218e-08 -3.7550967e-06  9.2387998e-01] speed=0.0002 ang_speed=0.0014 ang_vel_vec=[-6.4182103e-05  1.3182597e-03 -3.6949862e-04] |com_force|=0.0000N
### kotek_magnet[tick=2040] sensor1: d=0.4082m in_range=False f_mag=0.000N tau_mag=0.0000Nm misalign_deg=90.0 pos=[0.10880429 0.10900896 0.49140236] bottom_world=[0.10880402 0.1090093  0.47140236] quat=[9.2484152e-01 1.0422677e-05 2.8635673e-06 3.8035288e-01] speed=0.0010 ang_speed=0.0030 ang_vel_vec=[-0.00203912 -0.00188514 -0.00104118] |com_force|=0.0000N
### kotek_magnet[tick=2040] sensor2: d=0.3208m in_range=False f_mag=0.000N tau_mag=0.0000Nm misalign_deg=90.0 pos=[ 0.10902464 -0.10904668  0.49140117] bottom_world=[ 0.10902462 -0.10904651  0.47140117] quat=[ 9.2300081e-01  3.7239865e-06  1.9583090e-06 -3.8479805e-01] speed=0.0004 ang_speed=0.0024 ang_vel_vec=[-0.00191521 -0.00105938 -0.00088031] |com_force|=0.0000N
### kotek_magnet[tick=2040] sensor3: d=0.5470m in_range=False f_mag=0.000N tau_mag=0.0000Nm misalign_deg=90.0 pos=[-0.10910755 -0.10914586  0.49140108] bottom_world=[-0.10910747 -0.10914586  0.47140108] quat=[-3.8058379e-01 -2.0828231e-06  7.4792320e-07  9.2474645e-01] speed=0.0004 ang_speed=0.0028 ang_vel_vec=[ 0.0017521   0.0022003  -0.00039696] |com_force|=0.0000N
### kotek_magnet[tick=2040] sensor4: d=0.5249m in_range=False f_mag=0.000N tau_mag=0.0000Nm misalign_deg=90.0 pos=[-0.10900009  0.10900016  0.49140233] bottom_world=[-0.10900031  0.10900002  0.47140233] quat=[3.8268200e-01 3.7287748e-06 5.3751119e-06 9.2388016e-01] speed=0.0010 ang_speed=0.0029 ang_vel_vec=[ 0.00193936 -0.00201136 -0.00093998] |com_force|=0.0000N
### kotek_magnet[tick=2100] sensor1: d=0.4082m in_range=False f_mag=0.000N tau_mag=0.0000Nm misalign_deg=90.0 pos=[0.10880379 0.10900929 0.49140227] bottom_world=[0.1088037  0.10900941 0.47140227] quat=[9.2484152e-01 3.6645365e-06 9.9449448e-07 3.8035268e-01] speed=0.0006 ang_speed=0.0024 ang_vel_vec=[ 0.00065626 -0.00213882 -0.0008971 ] |com_force|=0.0000N
### kotek_magnet[tick=2100] sensor2: d=0.3208m in_range=False f_mag=0.000N tau_mag=0.0000Nm misalign_deg=90.0 pos=[ 0.10902464 -0.1090467   0.49140108] bottom_world=[ 0.10902463 -0.10904653  0.47140108] quat=[ 9.2300081e-01  3.6136285e-06  1.9952731e-06 -3.8479805e-01] speed=0.0004 ang_speed=0.0024 ang_vel_vec=[-0.00199024 -0.00117294 -0.00073529] |com_force|=0.0000N
### kotek_magnet[tick=2100] sensor3: d=0.5470m in_range=False f_mag=0.000N tau_mag=0.0000Nm misalign_deg=90.0 pos=[-0.10910755 -0.10914584  0.491401  ] bottom_world=[-0.10910747 -0.10914583  0.47140099] quat=[-3.8058373e-01 -2.0880300e-06  6.0449747e-07  9.2474651e-01] speed=0.0004 ang_speed=0.0030 ang_vel_vec=[ 0.00179141  0.00239728 -0.00025651] |com_force|=0.0000N
### kotek_magnet[tick=2100] sensor4: d=0.5249m in_range=False f_mag=0.000N tau_mag=0.0000Nm misalign_deg=90.0 pos=[-0.10900006  0.10900021  0.49140227] bottom_world=[-0.10900028  0.10900006  0.47140227] quat=[3.8268200e-01 3.7615300e-06 5.5388864e-06 9.2388010e-01] speed=0.0010 ang_speed=0.0026 ang_vel_vec=[ 0.00176875 -0.00169116 -0.00077049] |com_force|=0.0000N
### kotek_magnet[tick=2160] sensor1: d=0.4082m in_range=False f_mag=0.000N tau_mag=0.0000Nm misalign_deg=90.0 pos=[0.10880382 0.1090093  0.49140227] bottom_world=[0.10880372 0.10900942 0.47140227] quat=[9.2484158e-01 3.8232511e-06 1.0239949e-06 3.8035268e-01] speed=0.0006 ang_speed=0.0025 ang_vel_vec=[ 0.00048434 -0.0022392  -0.00095027] |com_force|=0.0000N
### kotek_magnet[tick=2160] sensor2: d=0.3208m in_range=False f_mag=0.000N tau_mag=0.0000Nm misalign_deg=90.0 pos=[ 0.10902463 -0.10904647  0.49140102] bottom_world=[ 0.10902458 -0.10904638  0.47140102] quat=[ 9.2300075e-01  1.6976433e-06  1.9272090e-06 -3.8479829e-01] speed=0.0001 ang_speed=0.0016 ang_vel_vec=[ 0.00066882 -0.00137367 -0.00040283] |com_force|=0.0000N
### kotek_magnet[tick=2160] sensor3: d=0.5470m in_range=False f_mag=0.000N tau_mag=0.0000Nm misalign_deg=90.0 pos=[-0.10910816 -0.10914579  0.49140108] bottom_world=[-0.1091079  -0.1091459   0.47140108] quat=[-3.8058412e-01 -4.9323926e-06  5.0955537e-06  9.2474639e-01] speed=0.0010 ang_speed=0.0026 ang_vel_vec=[ 0.0018514   0.00156783 -0.00082884] |com_force|=0.0000N
### kotek_magnet[tick=2160] sensor4: d=0.5249m in_range=False f_mag=0.000N tau_mag=0.0000Nm misalign_deg=90.0 pos=[-0.10900036  0.10899951  0.4914023 ] bottom_world=[-0.10900034  0.10899957  0.4714023 ] quat=[ 3.8268214e-01  1.8427875e-07 -1.6350352e-06  9.2388004e-01] speed=0.0005 ang_speed=0.0025 ang_vel_vec=[ 0.00189878  0.00136828 -0.00078496] |com_force|=0.0000N
### kotek_magnet[tick=2220] sensor1: d=0.4082m in_range=False f_mag=0.000N tau_mag=0.0000Nm misalign_deg=90.0 pos=[0.10880381 0.10900922 0.49140242] bottom_world=[0.10880371 0.10900935 0.47140242] quat=[9.248416e-01 3.933203e-06 9.200088e-07 3.803526e-01] speed=0.0006 ang_speed=0.0029 ang_vel_vec=[-0.00049526 -0.00265948 -0.00105916] |com_force|=0.0000N
### kotek_magnet[tick=2220] sensor2: d=0.3208m in_range=False f_mag=0.000N tau_mag=0.0000Nm misalign_deg=90.0 pos=[ 0.10902433 -0.10904738  0.49140117] bottom_world=[ 0.10902457 -0.10904699  0.47140117] quat=[ 9.2300087e-01  1.1248771e-05 -1.8097135e-06 -3.8479790e-01] speed=0.0010 ang_speed=0.0030 ang_vel_vec=[-0.0019146   0.00215755 -0.00091807] |com_force|=0.0000N
### kotek_magnet[tick=2220] sensor3: d=0.5470m in_range=False f_mag=0.000N tau_mag=0.0000Nm misalign_deg=90.0 pos=[-0.10910818 -0.10914578  0.49140114] bottom_world=[-0.10910791 -0.1091459   0.47140114] quat=[-3.8058412e-01 -5.0603858e-06  5.3513008e-06  9.2474639e-01] speed=0.0010 ang_speed=0.0027 ang_vel_vec=[ 0.0019013   0.00164387 -0.00091723] |com_force|=0.0000N
### kotek_magnet[tick=2220] sensor4: d=0.5249m in_range=False f_mag=0.000N tau_mag=0.0000Nm misalign_deg=90.0 pos=[-0.10900043  0.10899843  0.49140242] bottom_world=[-0.10900023  0.10899876  0.47140242] quat=[ 3.8268289e-01 -1.3714073e-06 -9.6403701e-06  9.2387980e-01] speed=0.0009 ang_speed=0.0032 ang_vel_vec=[0.00023754 0.00313784 0.00047466] |com_force|=0.0000N
### kotek_magnet[tick=2280] sensor1: d=0.4082m in_range=False f_mag=0.000N tau_mag=0.0000Nm misalign_deg=90.0 pos=[0.10880378 0.1090093  0.49140227] bottom_world=[0.10880369 0.10900943 0.47140227] quat=[9.2484164e-01 3.7197126e-06 9.4666871e-07 3.8035265e-01] speed=0.0006 ang_speed=0.0025 ang_vel_vec=[ 0.00026929 -0.00230031 -0.0008851 ] |com_force|=0.0000N
### kotek_magnet[tick=2280] sensor2: d=0.3208m in_range=False f_mag=0.000N tau_mag=0.0000Nm misalign_deg=90.0 pos=[ 0.10902449 -0.10904562  0.4914011 ] bottom_world=[ 0.10902439 -0.10904571  0.47140111] quat=[ 9.2300045e-01 -2.9518524e-06  1.4801176e-06 -3.8479882e-01] speed=0.0010 ang_speed=0.0022 ang_vel_vec=[0.00046575 0.00165262 0.00141479] |com_force|=0.0000N
### kotek_magnet[tick=2280] sensor3: d=0.5470m in_range=False f_mag=0.000N tau_mag=0.0000Nm misalign_deg=90.0 pos=[-0.10910751 -0.10914609  0.4914011 ] bottom_world=[-0.10910745 -0.10914596  0.47140111] quat=[-3.8058388e-01 -2.4948429e-06 -2.4607309e-06  9.2474639e-01] speed=0.0005 ang_speed=0.0024 ang_vel_vec=[-0.00122836  0.00195581 -0.00076231] |com_force|=0.0000N
### kotek_magnet[tick=2280] sensor4: d=0.5249m in_range=False f_mag=0.000N tau_mag=0.0000Nm misalign_deg=90.0 pos=[-0.10900019  0.10899849  0.49140227] bottom_world=[-0.10900008  0.1089988   0.47140227] quat=[ 3.8268313e-01  4.7241227e-07 -8.1862936e-06  9.2387974e-01] speed=0.0009 ang_speed=0.0017 ang_vel_vec=[-0.00055375 -0.00088363  0.00133859] |com_force|=0.0000N
### kotek_magnet[tick=2340] sensor1: d=0.4082m in_range=False f_mag=0.000N tau_mag=0.0000Nm misalign_deg=90.0 pos=[0.1088038  0.10900924 0.49140233] bottom_world=[0.1088037  0.10900937 0.47140233] quat=[9.2484158e-01 3.8421545e-06 1.0334504e-06 3.8035262e-01] speed=0.0006 ang_speed=0.0026 ang_vel_vec=[ 0.0001612  -0.00249898 -0.00085913] |com_force|=0.0000N
### kotek_magnet[tick=2340] sensor2: d=0.3208m in_range=False f_mag=0.000N tau_mag=0.0000Nm misalign_deg=90.0 pos=[ 0.10902462 -0.10904644  0.49140108] bottom_world=[ 0.10902458 -0.10904635  0.47140108] quat=[ 9.2300069e-01  1.6922877e-06  1.8425798e-06 -3.8479841e-01] speed=0.0001 ang_speed=0.0011 ang_vel_vec=[ 0.00035538 -0.00100961 -0.00030538] |com_force|=0.0000N
### kotek_magnet[tick=2340] sensor3: d=0.5470m in_range=False f_mag=0.000N tau_mag=0.0000Nm misalign_deg=90.0 pos=[-0.10910752 -0.10914606  0.49140108] bottom_world=[-0.10910746 -0.10914594  0.47140108] quat=[-3.8058382e-01 -2.5524212e-06 -2.2671566e-06  9.2474645e-01] speed=0.0005 ang_speed=0.0023 ang_vel_vec=[-0.00096506  0.001931   -0.00066878] |com_force|=0.0000N
### kotek_magnet[tick=2340] sensor4: d=0.5249m in_range=False f_mag=0.000N tau_mag=0.0000Nm misalign_deg=90.0 pos=[-0.10900034  0.10899878  0.4914023 ] bottom_world=[-0.1090002   0.10899906  0.4714023 ] quat=[ 3.8268277e-01 -5.6618978e-07 -7.9359979e-06  9.2387980e-01] speed=0.0006 ang_speed=0.0046 ang_vel_vec=[-0.00172084  0.00423886  0.0005075 ] |com_force|=0.0000N
### kotek_magnet[tick=2400] sensor1: d=0.4082m in_range=False f_mag=0.000N tau_mag=0.0000Nm misalign_deg=90.0 pos=[0.1088038  0.10900925 0.4914023 ] bottom_world=[0.10880371 0.10900937 0.4714023 ] quat=[9.2484158e-01 3.7233042e-06 9.9607939e-07 3.8035253e-01] speed=0.0006 ang_speed=0.0028 ang_vel_vec=[-9.2387454e-05 -2.6771298e-03 -7.9309294e-04] |com_force|=0.0000N
### kotek_magnet[tick=2400] sensor2: d=0.3208m in_range=False f_mag=0.000N tau_mag=0.0000Nm misalign_deg=90.0 pos=[ 0.10902433 -0.10904737  0.49140114] bottom_world=[ 0.10902457 -0.10904699  0.47140114] quat=[ 9.2300093e-01  1.1017512e-05 -1.7772020e-06 -3.8479787e-01] speed=0.0010 ang_speed=0.0026 ang_vel_vec=[-0.00160696  0.00188611 -0.00063699] |com_force|=0.0000N
### kotek_magnet[tick=2400] sensor3: d=0.5470m in_range=False f_mag=0.000N tau_mag=0.0000Nm misalign_deg=90.0 pos=[-0.10910818 -0.10914576  0.49140126] bottom_world=[-0.10910791 -0.10914589  0.47140126] quat=[-3.8058394e-01 -5.0100630e-06  5.4756174e-06  9.2474639e-01] speed=0.0010 ang_speed=0.0025 ang_vel_vec=[ 0.00183367  0.00151307 -0.00062383] |com_force|=0.0000N
### kotek_magnet[tick=2400] sensor4: d=0.5249m in_range=False f_mag=0.000N tau_mag=0.0000Nm misalign_deg=90.0 pos=[-0.1090002   0.10899848  0.4914024 ] bottom_world=[-0.1090001   0.10899879  0.47140239] quat=[ 3.8268304e-01  5.8444442e-07 -7.9611609e-06  9.2387974e-01] speed=0.0009 ang_speed=0.0023 ang_vel_vec=[-0.00014707 -0.00182157  0.00145612] |com_force|=0.0000N
### kotek_magnet[tick=2460] sensor1: d=0.4082m in_range=False f_mag=0.000N tau_mag=0.0000Nm misalign_deg=90.0 pos=[0.10880258 0.10900907 0.4914024 ] bottom_world=[0.10880277 0.10900909 0.47140239] quat=[ 9.2484194e-01 -1.3855836e-06 -4.6406849e-06  3.8035169e-01] speed=0.0010 ang_speed=0.0024 ang_vel_vec=[-1.9222620e-03 -5.8616602e-05  1.4447180e-03] |com_force|=0.0000N
### kotek_magnet[tick=2460] sensor2: d=0.3208m in_range=False f_mag=0.000N tau_mag=0.0000Nm misalign_deg=90.0 pos=[ 0.10902432 -0.10904739  0.49140105] bottom_world=[ 0.10902458 -0.109047    0.47140105] quat=[ 9.23000872e-01  1.13956385e-05 -2.09780092e-06 -3.84797931e-01] speed=0.0010 ang_speed=0.0031 ang_vel_vec=[-0.00178792  0.00238049 -0.00081813] |com_force|=0.0000N
### kotek_magnet[tick=2460] sensor3: d=0.5470m in_range=False f_mag=0.000N tau_mag=0.0000Nm misalign_deg=90.0 pos=[-0.10910816 -0.10914575  0.4914011 ] bottom_world=[-0.10910791 -0.10914587  0.47140111] quat=[-3.8058406e-01 -4.8332604e-06  5.2454516e-06  9.2474639e-01] speed=0.0010 ang_speed=0.0027 ang_vel_vec=[ 0.00208611  0.00149743 -0.00079503] |com_force|=0.0000N
### kotek_magnet[tick=2460] sensor4: d=0.5249m in_range=False f_mag=0.000N tau_mag=0.0000Nm misalign_deg=90.0 pos=[-0.10900038  0.10899876  0.4914024 ] bottom_world=[-0.10900023  0.10899905  0.47140239] quat=[ 3.8268265e-01 -5.9097880e-07 -8.0837144e-06  9.2387980e-01] speed=0.0006 ang_speed=0.0046 ang_vel_vec=[-0.00158697  0.00429224  0.00048529] |com_force|=0.0000N
### kotek_magnet[tick=2520] sensor1: d=0.4082m in_range=False f_mag=0.000N tau_mag=0.0000Nm misalign_deg=90.0 pos=[0.10880283 0.10900928 0.49140224] bottom_world=[0.108803   0.10900926 0.47140224] quat=[ 9.2484176e-01 -2.1512194e-06 -3.7064458e-06  3.8035202e-01] speed=0.0006 ang_speed=0.0042 ang_vel_vec=[0.00386168 0.00170402 0.00040903] |com_force|=0.0000N
### kotek_magnet[tick=2520] sensor2: d=0.3208m in_range=False f_mag=0.000N tau_mag=0.0000Nm misalign_deg=90.0 pos=[ 0.10902433 -0.10904733  0.4914011 ] bottom_world=[ 0.10902457 -0.10904695  0.47140111] quat=[ 9.2300087e-01  1.1180692e-05 -1.8724672e-06 -3.8479781e-01] speed=0.0010 ang_speed=0.0030 ang_vel_vec=[-0.00192596  0.00213658 -0.00094612] |com_force|=0.0000N
### kotek_magnet[tick=2520] sensor3: d=0.5470m in_range=False f_mag=0.000N tau_mag=0.0000Nm misalign_deg=90.0 pos=[-0.10910729 -0.10914579  0.49140102] bottom_world=[-0.10910726 -0.10914576  0.47140102] quat=[-3.8058347e-01 -9.7375641e-07 -3.2389988e-07  9.2474663e-01] speed=0.0003 ang_speed=0.0061 ang_vel_vec=[0.00528359 0.0029502  0.00025167] |com_force|=0.0000N
### kotek_magnet[tick=2520] sensor4: d=0.5249m in_range=False f_mag=0.000N tau_mag=0.0000Nm misalign_deg=90.0 pos=[-0.10900021  0.10899851  0.49140233] bottom_world=[-0.1090001   0.10899882  0.47140233] quat=[ 3.8268304e-01  5.6700964e-07 -7.9697684e-06  9.2387980e-01] speed=0.0009 ang_speed=0.0019 ang_vel_vec=[-0.00027604 -0.00148535  0.00117359] |com_force|=0.0000N
### kotek_magnet[tick=2580] sensor1: d=0.4082m in_range=False f_mag=0.000N tau_mag=0.0000Nm misalign_deg=90.0 pos=[0.10880342 0.10900924 0.4914023 ] bottom_world=[0.10880344 0.10900932 0.4714023 ] quat=[ 9.2484164e-01  1.5050505e-06 -1.0623129e-06  3.8035235e-01] speed=0.0002 ang_speed=0.0018 ang_vel_vec=[ 0.00179481  0.00024473 -0.00013262] |com_force|=0.0000N
### kotek_magnet[tick=2580] sensor2: d=0.3208m in_range=False f_mag=0.000N tau_mag=0.0000Nm misalign_deg=90.0 pos=[ 0.10902464 -0.10904671  0.4914011 ] bottom_world=[ 0.10902463 -0.10904654  0.47140111] quat=[ 9.2300081e-01  3.8196877e-06  1.8865127e-06 -3.8479820e-01] speed=0.0004 ang_speed=0.0020 ang_vel_vec=[-0.0016113  -0.00103714 -0.00053674] |com_force|=0.0000N
### kotek_magnet[tick=2580] sensor3: d=0.5470m in_range=False f_mag=0.000N tau_mag=0.0000Nm misalign_deg=90.0 pos=[-0.10910818 -0.10914578  0.4914011 ] bottom_world=[-0.10910792 -0.1091459   0.47140111] quat=[-3.8058406e-01 -4.9556302e-06  5.2530245e-06  9.2474645e-01] speed=0.0010 ang_speed=0.0022 ang_vel_vec=[ 0.00174394  0.00128275 -0.00060232] |com_force|=0.0000N
### kotek_magnet[tick=2580] sensor4: d=0.5249m in_range=False f_mag=0.000N tau_mag=0.0000Nm misalign_deg=90.0 pos=[-0.10900015  0.10899848  0.49140242] bottom_world=[-0.10900005  0.10899879  0.47140242] quat=[ 3.8268304e-01  5.0103097e-07 -8.0481659e-06  9.2387974e-01] speed=0.0009 ang_speed=0.0021 ang_vel_vec=[-0.00023808 -0.00137721  0.00151533] |com_force|=0.0000N
### kotek_magnet[tick=2640] sensor1: d=0.4082m in_range=False f_mag=0.000N tau_mag=0.0000Nm misalign_deg=90.0 pos=[0.10880431 0.10900898 0.49140236] bottom_world=[0.10880405 0.10900932 0.47140236] quat=[9.2484158e-01 1.0413138e-05 2.6483699e-06 3.8035282e-01] speed=0.0010 ang_speed=0.0028 ang_vel_vec=[-0.00193252 -0.00179862 -0.00087433] |com_force|=0.0000N
### kotek_magnet[tick=2640] sensor2: d=0.3208m in_range=False f_mag=0.000N tau_mag=0.0000Nm misalign_deg=90.0 pos=[ 0.10902414 -0.10904744  0.49140105] bottom_world=[ 0.10902445 -0.10904703  0.47140105] quat=[ 9.2300069e-01  1.2576748e-05 -3.1953907e-06 -3.8479823e-01] speed=0.0013 ang_speed=0.0146 ang_vel_vec=[-0.00731663  0.01259613 -0.00030617] |com_force|=0.0000N
### kotek_magnet[tick=2640] sensor3: d=0.5470m in_range=False f_mag=0.000N tau_mag=0.0000Nm misalign_deg=90.0 pos=[-0.10910753 -0.10914608  0.49140108] bottom_world=[-0.10910747 -0.10914595  0.47140108] quat=[-3.8058385e-01 -2.6547928e-06 -2.5500531e-06  9.2474651e-01] speed=0.0004 ang_speed=0.0024 ang_vel_vec=[-0.00110528  0.00198753 -0.00068738] |com_force|=0.0000N
### kotek_magnet[tick=2640] sensor4: d=0.5249m in_range=False f_mag=0.000N tau_mag=0.0000Nm misalign_deg=90.0 pos=[-0.10900019  0.10899851  0.49140236] bottom_world=[-0.10900009  0.10899881  0.47140236] quat=[ 3.8268307e-01  6.8500282e-07 -8.0358341e-06  9.2387968e-01] speed=0.0009 ang_speed=0.0026 ang_vel_vec=[ 8.9653069e-05 -2.1927264e-03  1.3252952e-03] |com_force|=0.0000N
### kotek_magnet[tick=2700] sensor1: d=0.4082m in_range=False f_mag=0.000N tau_mag=0.0000Nm misalign_deg=90.0 pos=[0.10880431 0.10900898 0.49140233] bottom_world=[0.10880404 0.10900932 0.47140233] quat=[9.2484158e-01 1.0406177e-05 2.9270554e-06 3.8035271e-01] speed=0.0010 ang_speed=0.0024 ang_vel_vec=[-0.00164408 -0.00157838 -0.00080312] |com_force|=0.0000N
### kotek_magnet[tick=2700] sensor2: d=0.3208m in_range=False f_mag=0.000N tau_mag=0.0000Nm misalign_deg=90.0 pos=[ 0.10902465 -0.10904666  0.49140117] bottom_world=[ 0.10902464 -0.1090465   0.47140117] quat=[ 9.2300081e-01  3.6608610e-06  1.9124859e-06 -3.8479817e-01] speed=0.0004 ang_speed=0.0024 ang_vel_vec=[-0.0021296  -0.00085099 -0.00065594] |com_force|=0.0000N
### kotek_magnet[tick=2700] sensor3: d=0.5470m in_range=False f_mag=0.000N tau_mag=0.0000Nm misalign_deg=90.0 pos=[-0.10910755 -0.10914584  0.491401  ] bottom_world=[-0.10910746 -0.10914584  0.47140099] quat=[-3.8058367e-01 -2.1071835e-06  7.7944492e-07  9.2474651e-01] speed=0.0004 ang_speed=0.0031 ang_vel_vec=[ 0.00185535  0.00249138 -0.00017301] |com_force|=0.0000N
### kotek_magnet[tick=2700] sensor4: d=0.5249m in_range=False f_mag=0.000N tau_mag=0.0000Nm misalign_deg=90.0 pos=[-0.10900019  0.10899851  0.49140233] bottom_world=[-0.10900008  0.10899882  0.47140233] quat=[ 3.8268301e-01  4.7160324e-07 -8.0809868e-06  9.2387974e-01] speed=0.0009 ang_speed=0.0018 ang_vel_vec=[-0.00055624 -0.00089757  0.00140045] |com_force|=0.0000N
### kotek_magnet[tick=2760] sensor1: d=0.4082m in_range=False f_mag=0.000N tau_mag=0.0000Nm misalign_deg=90.0 pos=[0.1088043  0.10900895 0.49140233] bottom_world=[0.10880403 0.10900929 0.47140233] quat=[9.2484152e-01 1.0337861e-05 2.9614205e-06 3.8035277e-01] speed=0.0010 ang_speed=0.0024 ang_vel_vec=[-0.00161555 -0.00161846 -0.00082264] |com_force|=0.0000N
### kotek_magnet[tick=2760] sensor2: d=0.3208m in_range=False f_mag=0.000N tau_mag=0.0000Nm misalign_deg=90.0 pos=[ 0.10902435 -0.10904736  0.49140114] bottom_world=[ 0.10902459 -0.10904699  0.47140114] quat=[ 9.2300087e-01  1.0785669e-05 -1.8433220e-06 -3.8479781e-01] speed=0.0010 ang_speed=0.0027 ang_vel_vec=[-0.00162902  0.00204707 -0.00072459] |com_force|=0.0000N
### kotek_magnet[tick=2760] sensor3: d=0.5470m in_range=False f_mag=0.000N tau_mag=0.0000Nm misalign_deg=90.0 pos=[-0.10910808 -0.10914568  0.4914012 ] bottom_world=[-0.10910782 -0.10914582  0.4714012 ] quat=[-3.8058382e-01 -4.6653040e-06  5.7691368e-06  9.2474651e-01] speed=0.0010 ang_speed=0.0042 ang_vel_vec=[ 0.00292644  0.00291839 -0.00039078] |com_force|=0.0000N
### kotek_magnet[tick=2760] sensor4: d=0.5249m in_range=False f_mag=0.000N tau_mag=0.0000Nm misalign_deg=90.0 pos=[-0.10900035  0.10899873  0.49140236] bottom_world=[-0.1090002   0.10899902  0.47140236] quat=[ 3.8268277e-01 -6.9650969e-07 -8.0673226e-06  9.2387986e-01] speed=0.0006 ang_speed=0.0047 ang_vel_vec=[-0.00173676  0.00438506  0.00052266] |com_force|=0.0000N
### kotek_magnet[tick=2820] sensor1: d=0.4082m in_range=False f_mag=0.000N tau_mag=0.0000Nm misalign_deg=90.0 pos=[0.10880431 0.10900894 0.4914023 ] bottom_world=[0.10880404 0.10900929 0.4714023 ] quat=[9.2484146e-01 1.0744506e-05 2.9046569e-06 3.8035274e-01] speed=0.0010 ang_speed=0.0028 ang_vel_vec=[-0.00191708 -0.00180413 -0.00081693] |com_force|=0.0000N
### kotek_magnet[tick=2820] sensor2: d=0.3208m in_range=False f_mag=0.000N tau_mag=0.0000Nm misalign_deg=90.0 pos=[ 0.10902465 -0.10904673  0.4914012 ] bottom_world=[ 0.10902464 -0.10904656  0.4714012 ] quat=[ 9.2300081e-01  3.7782370e-06  1.9417319e-06 -3.8479805e-01] speed=0.0004 ang_speed=0.0024 ang_vel_vec=[-0.00216894 -0.00077019 -0.00071917] |com_force|=0.0000N
### kotek_magnet[tick=2820] sensor3: d=0.5470m in_range=False f_mag=0.000N tau_mag=0.0000Nm misalign_deg=90.0 pos=[-0.10910647 -0.10914588  0.49140114] bottom_world=[-0.10910665 -0.10914568  0.47140114] quat=[-3.8058305e-01  2.3920431e-06 -6.2960735e-06  9.2474681e-01] speed=0.0009 ang_speed=0.0030 ang_vel_vec=[0.00255116 0.00019764 0.00148256] |com_force|=0.0000N
### kotek_magnet[tick=2820] sensor4: d=0.5249m in_range=False f_mag=0.000N tau_mag=0.0000Nm misalign_deg=90.0 pos=[-0.10900042  0.10899843  0.49140245] bottom_world=[-0.10900022  0.10899876  0.47140245] quat=[ 3.8268283e-01 -1.4731471e-06 -9.7368420e-06  9.2387974e-01] speed=0.0009 ang_speed=0.0032 ang_vel_vec=[0.00036425 0.00306725 0.00064427] |com_force|=0.0000N
### kotek_magnet[tick=2880] sensor1: d=0.4082m in_range=False f_mag=0.000N tau_mag=0.0000Nm misalign_deg=90.0 pos=[0.10880431 0.10900899 0.49140233] bottom_world=[0.10880404 0.10900933 0.47140233] quat=[9.2484152e-01 1.0385204e-05 2.9311082e-06 3.8035265e-01] speed=0.0009 ang_speed=0.0025 ang_vel_vec=[-0.00165028 -0.00165853 -0.00098165] |com_force|=0.0000N
### kotek_magnet[tick=2880] sensor2: d=0.3208m in_range=False f_mag=0.000N tau_mag=0.0000Nm misalign_deg=90.0 pos=[ 0.10902433 -0.10904738  0.49140117] bottom_world=[ 0.10902458 -0.10904699  0.47140117] quat=[ 9.2300087e-01  1.1254916e-05 -1.9204799e-06 -3.8479805e-01] speed=0.0010 ang_speed=0.0032 ang_vel_vec=[-0.00204186  0.0023424  -0.00094584] |com_force|=0.0000N
### kotek_magnet[tick=2880] sensor3: d=0.5470m in_range=False f_mag=0.000N tau_mag=0.0000Nm misalign_deg=90.0 pos=[-0.10910642 -0.1091461   0.4914011 ] bottom_world=[-0.10910663 -0.10914579  0.47140111] quat=[-3.8058308e-01  2.0235359e-06 -8.9885361e-06  9.2474675e-01] speed=0.0009 ang_speed=0.0024 ang_vel_vec=[-0.0022896   0.00060018  0.00063035] |com_force|=0.0000N
### kotek_magnet[tick=2880] sensor4: d=0.5249m in_range=False f_mag=0.000N tau_mag=0.0000Nm misalign_deg=90.0 pos=[-0.10900021  0.10899851  0.49140236] bottom_world=[-0.1090001   0.10899882  0.47140236] quat=[ 3.8268307e-01  4.4525524e-07 -8.1509761e-06  9.2387974e-01] speed=0.0009 ang_speed=0.0015 ang_vel_vec=[-0.00047618 -0.00082929  0.0012063 ] |com_force|=0.0000N
### kotek_magnet[tick=2940] sensor1: d=0.4082m in_range=False f_mag=0.000N tau_mag=0.0000Nm misalign_deg=90.0 pos=[0.10880381 0.10900929 0.49140227] bottom_world=[0.10880371 0.10900941 0.47140227] quat=[9.2484158e-01 3.7025561e-06 1.0459099e-06 3.8035268e-01] speed=0.0006 ang_speed=0.0027 ang_vel_vec=[ 0.00076719 -0.00233231 -0.001079  ] |com_force|=0.0000N
### kotek_magnet[tick=2940] sensor2: d=0.3208m in_range=False f_mag=0.000N tau_mag=0.0000Nm misalign_deg=90.0 pos=[ 0.10902413 -0.10904743  0.491401  ] bottom_world=[ 0.10902445 -0.10904702  0.47140099] quat=[ 9.2300087e-01  1.2368556e-05 -3.4082889e-06 -3.8479814e-01] speed=0.0013 ang_speed=0.0160 ang_vel_vec=[-0.00792737  0.01386766 -0.00047194] |com_force|=0.0000N
### kotek_magnet[tick=2940] sensor3: d=0.5470m in_range=False f_mag=0.000N tau_mag=0.0000Nm misalign_deg=90.0 pos=[-0.10910641 -0.1091459   0.4914011 ] bottom_world=[-0.1091066  -0.10914569  0.47140111] quat=[-3.8058317e-01  2.5112440e-06 -6.6817852e-06  9.2474681e-01] speed=0.0010 ang_speed=0.0025 ang_vel_vec=[ 2.1455418e-03 -8.0162165e-05  1.3565607e-03] |com_force|=0.0000N
### kotek_magnet[tick=2940] sensor4: d=0.5249m in_range=False f_mag=0.000N tau_mag=0.0000Nm misalign_deg=90.0 pos=[-0.1090002   0.10899848  0.49140233] bottom_world=[-0.10900009  0.10899879  0.47140233] quat=[ 3.8268304e-01  4.7372112e-07 -8.1705530e-06  9.2387980e-01] speed=0.0009 ang_speed=0.0016 ang_vel_vec=[-0.00028328 -0.00106775  0.00118956] |com_force|=0.0000N
### kotek_magnet[tick=3000] sensor1: d=0.4082m in_range=False f_mag=0.000N tau_mag=0.0000Nm misalign_deg=90.0 pos=[0.10880379 0.10900928 0.49140227] bottom_world=[0.10880369 0.10900941 0.47140227] quat=[9.2484152e-01 3.9228980e-06 1.0179754e-06 3.8035277e-01] speed=0.0006 ang_speed=0.0025 ang_vel_vec=[ 0.00027616 -0.00233599 -0.00084697] |com_force|=0.0000N
### kotek_magnet[tick=3000] sensor2: d=0.3208m in_range=False f_mag=0.000N tau_mag=0.0000Nm misalign_deg=90.0 pos=[ 0.10902463 -0.10904643  0.49140102] bottom_world=[ 0.10902459 -0.10904633  0.47140102] quat=[ 9.2300063e-01  1.8186922e-06  1.8052004e-06 -3.8479838e-01] speed=0.0001 ang_speed=0.0013 ang_vel_vec=[ 0.00046968 -0.00117854 -0.00031399] |com_force|=0.0000N
### kotek_magnet[tick=3000] sensor3: d=0.5470m in_range=False f_mag=0.000N tau_mag=0.0000Nm misalign_deg=90.0 pos=[-0.10910647 -0.10914589  0.4914011 ] bottom_world=[-0.10910665 -0.10914569  0.47140111] quat=[-3.8058302e-01  2.3806936e-06 -6.3845509e-06  9.2474681e-01] speed=0.0009 ang_speed=0.0030 ang_vel_vec=[0.00254031 0.00019184 0.00152504] |com_force|=0.0000N
### kotek_magnet[tick=3000] sensor4: d=0.5249m in_range=False f_mag=0.000N tau_mag=0.0000Nm misalign_deg=90.0 pos=[-0.10900022  0.10899849  0.49140236] bottom_world=[-0.10900012  0.1089988   0.47140236] quat=[ 3.8268295e-01  5.5443530e-07 -8.1589533e-06  9.2387980e-01] speed=0.0009 ang_speed=0.0018 ang_vel_vec=[-0.00036842 -0.00114126  0.00138033] |com_force|=0.0000N
### kotek_magnet[tick=3060] sensor1: d=0.4082m in_range=False f_mag=0.000N tau_mag=0.0000Nm misalign_deg=90.0 pos=[0.10880382 0.10900928 0.49140233] bottom_world=[0.10880372 0.1090094  0.47140233] quat=[9.2484158e-01 3.7299508e-06 9.3724054e-07 3.8035271e-01] speed=0.0006 ang_speed=0.0024 ang_vel_vec=[ 0.00038768 -0.00226566 -0.0007765 ] |com_force|=0.0000N
### kotek_magnet[tick=3060] sensor2: d=0.3208m in_range=False f_mag=0.000N tau_mag=0.0000Nm misalign_deg=90.0 pos=[ 0.10902442 -0.10904673  0.491401  ] bottom_world=[ 0.10902452 -0.10904653  0.47140099] quat=[ 9.2300075e-01  5.5363548e-06 -4.5197703e-07 -3.8479820e-01] speed=0.0004 ang_speed=0.0029 ang_vel_vec=[-0.00227062  0.00173819 -0.00012365] |com_force|=0.0000N
### kotek_magnet[tick=3060] sensor3: d=0.5470m in_range=False f_mag=0.000N tau_mag=0.0000Nm misalign_deg=90.0 pos=[-0.10910641 -0.10914589  0.49140108] bottom_world=[-0.10910661 -0.10914568  0.47140108] quat=[-3.8058308e-01  2.5650577e-06 -6.8482086e-06  9.2474681e-01] speed=0.0010 ang_speed=0.0024 ang_vel_vec=[ 0.00170584 -0.00031541  0.00161181] |com_force|=0.0000N
### kotek_magnet[tick=3060] sensor4: d=0.5249m in_range=False f_mag=0.000N tau_mag=0.0000Nm misalign_deg=90.0 pos=[-0.10900026  0.10899847  0.49140236] bottom_world=[-0.10900013  0.1089988   0.47140236] quat=[ 3.8268298e-01  1.6335659e-07 -8.8401139e-06  9.2387980e-01] speed=0.0010 ang_speed=0.0018 ang_vel_vec=[-0.00101789 -0.00012016  0.00146588] |com_force|=0.0000N
### kotek_magnet[tick=3120] sensor1: d=0.4082m in_range=False f_mag=0.000N tau_mag=0.0000Nm misalign_deg=90.0 pos=[0.10880382 0.10900925 0.4914023 ] bottom_world=[0.10880372 0.10900936 0.4714023 ] quat=[9.2484164e-01 3.5273240e-06 1.2241710e-06 3.8035259e-01] speed=0.0006 ang_speed=0.0029 ang_vel_vec=[ 0.00167952 -0.00214657 -0.00110333] |com_force|=0.0000N
### kotek_magnet[tick=3120] sensor2: d=0.3208m in_range=False f_mag=0.000N tau_mag=0.0000Nm misalign_deg=90.0 pos=[ 0.10902445 -0.10904676  0.49140096] bottom_world=[ 0.10902456 -0.10904657  0.47140096] quat=[ 9.2300075e-01  5.4733578e-06 -6.5556424e-07 -3.8479826e-01] speed=0.0003 ang_speed=0.0028 ang_vel_vec=[-0.00197749  0.00195202 -0.00041629] |com_force|=0.0000N
### kotek_magnet[tick=3120] sensor3: d=0.5470m in_range=False f_mag=0.000N tau_mag=0.0000Nm misalign_deg=90.0 pos=[-0.10910645 -0.1091459   0.49140108] bottom_world=[-0.10910664 -0.1091457   0.47140108] quat=[-3.8058296e-01  2.5212018e-06 -6.3775483e-06  9.2474681e-01] speed=0.0009 ang_speed=0.0030 ang_vel_vec=[0.00265617 0.00028219 0.00131321] |com_force|=0.0000N
### kotek_magnet[tick=3120] sensor4: d=0.5249m in_range=False f_mag=0.000N tau_mag=0.0000Nm misalign_deg=90.0 pos=[-0.1090002  0.1089985  0.4914024] bottom_world=[-0.10900008  0.10899881  0.47140239] quat=[ 3.8268310e-01  2.9046905e-07 -8.2992774e-06  9.2387968e-01] speed=0.0009 ang_speed=0.0014 ang_vel_vec=[-0.00061726 -0.00059871  0.00114782] |com_force|=0.0000N
### kotek_magnet[tick=3180] sensor1: d=0.4082m in_range=False f_mag=0.000N tau_mag=0.0000Nm misalign_deg=90.0 pos=[0.10880381 0.10900926 0.49140233] bottom_world=[0.10880372 0.10900938 0.47140233] quat=[9.2484164e-01 3.7661714e-06 9.6800159e-07 3.8035259e-01] speed=0.0006 ang_speed=0.0025 ang_vel_vec=[ 0.00027939 -0.00233853 -0.00080479] |com_force|=0.0000N
### kotek_magnet[tick=3180] sensor2: d=0.3208m in_range=False f_mag=0.000N tau_mag=0.0000Nm misalign_deg=90.0 pos=[ 0.10902464 -0.10904588  0.49140117] bottom_world=[ 0.1090245  -0.10904594  0.47140117] quat=[ 9.2300063e-01 -2.7894778e-06  2.5569432e-06 -3.8479847e-01] speed=0.0006 ang_speed=0.0046 ang_vel_vec=[ 0.00201636 -0.00407302  0.00061364] |com_force|=0.0000N
### kotek_magnet[tick=3180] sensor3: d=0.5470m in_range=False f_mag=0.000N tau_mag=0.0000Nm misalign_deg=90.0 pos=[-0.10910721 -0.10914586  0.4914011 ] bottom_world=[-0.10910717 -0.10914581  0.47140111] quat=[-3.8058347e-01 -1.3642066e-06 -7.2878129e-07  9.2474663e-01] speed=0.0002 ang_speed=0.0031 ang_vel_vec=[0.00258105 0.00170165 0.00035755] |com_force|=0.0000N
### kotek_magnet[tick=3180] sensor4: d=0.5249m in_range=False f_mag=0.000N tau_mag=0.0000Nm misalign_deg=90.0 pos=[-0.10900041  0.10899848  0.49140227] bottom_world=[-0.10900021  0.10899882  0.47140227] quat=[ 3.8268292e-01 -1.5115191e-06 -9.6715548e-06  9.2387980e-01] speed=0.0009 ang_speed=0.0035 ang_vel_vec=[0.00019841 0.00341867 0.00070533] |com_force|=0.0000N
### kotek_magnet[tick=3240] sensor1: d=0.4082m in_range=False f_mag=0.000N tau_mag=0.0000Nm misalign_deg=90.0 pos=[0.1088038  0.10900924 0.4914024 ] bottom_world=[0.10880372 0.10900935 0.47140239] quat=[9.2484158e-01 3.3523334e-06 8.5459249e-07 3.8035262e-01] speed=0.0006 ang_speed=0.0025 ang_vel_vec=[ 0.00122465 -0.00205262 -0.00086367] |com_force|=0.0000N
### kotek_magnet[tick=3240] sensor2: d=0.3208m in_range=False f_mag=0.000N tau_mag=0.0000Nm misalign_deg=90.0 pos=[ 0.10902437 -0.10904735  0.49140117] bottom_world=[ 0.10902459 -0.10904698  0.47140117] quat=[ 9.2300093e-01  1.0512284e-05 -1.5084825e-06 -3.8479784e-01] speed=0.0010 ang_speed=0.0021 ang_vel_vec=[-0.00129202  0.00148788 -0.00075691] |com_force|=0.0000N
### kotek_magnet[tick=3240] sensor3: d=0.5470m in_range=False f_mag=0.000N tau_mag=0.0000Nm misalign_deg=90.0 pos=[-0.10910816 -0.1091458   0.49140117] bottom_world=[-0.1091079  -0.1091459   0.47140117] quat=[-3.8058412e-01 -4.8556353e-06  4.8534694e-06  9.2474633e-01] speed=0.0010 ang_speed=0.0020 ang_vel_vec=[ 0.00143304  0.00121063 -0.00075145] |com_force|=0.0000N
### kotek_magnet[tick=3240] sensor4: d=0.5249m in_range=False f_mag=0.000N tau_mag=0.0000Nm misalign_deg=90.0 pos=[-0.10900042  0.10899845  0.4914024 ] bottom_world=[-0.10900021  0.10899879  0.47140239] quat=[ 3.8268289e-01 -1.6500121e-06 -9.9404788e-06  9.2387980e-01] speed=0.0009 ang_speed=0.0038 ang_vel_vec=[2.5616169e-05 3.6996517e-03 6.5063540e-04] |com_force|=0.0000N
### kotek_magnet[tick=3300] sensor1: d=0.4082m in_range=False f_mag=0.000N tau_mag=0.0000Nm misalign_deg=90.0 pos=[0.10880256 0.10900935 0.49140227] bottom_world=[0.10880277 0.10900926 0.47140227] quat=[ 9.2484188e-01 -4.0041973e-06 -4.2258598e-06  3.8035181e-01] speed=0.0009 ang_speed=0.0035 ang_vel_vec=[3.4449867e-03 6.0542596e-05 7.6991098e-04] |com_force|=0.0000N
### kotek_magnet[tick=3300] sensor2: d=0.3208m in_range=False f_mag=0.000N tau_mag=0.0000Nm misalign_deg=90.0 pos=[ 0.10902463 -0.10904668  0.49140108] bottom_world=[ 0.10902461 -0.10904651  0.47140108] quat=[ 9.2300081e-01  3.6987863e-06  1.9352779e-06 -3.8479802e-01] speed=0.0004 ang_speed=0.0022 ang_vel_vec=[-0.001793   -0.0011468  -0.00071829] |com_force|=0.0000N
### kotek_magnet[tick=3300] sensor3: d=0.5470m in_range=False f_mag=0.000N tau_mag=0.0000Nm misalign_deg=90.0 pos=[-0.10910752 -0.10914609  0.49140108] bottom_world=[-0.10910746 -0.10914596  0.47140108] quat=[-3.8058400e-01 -2.5137817e-06 -2.3134889e-06  9.2474639e-01] speed=0.0005 ang_speed=0.0023 ang_vel_vec=[-0.00098084  0.00189869 -0.00072543] |com_force|=0.0000N
### kotek_magnet[tick=3300] sensor4: d=0.5249m in_range=False f_mag=0.000N tau_mag=0.0000Nm misalign_deg=90.0 pos=[-0.10900044  0.10899848  0.49140236] bottom_world=[-0.10900023  0.10899882  0.47140236] quat=[ 3.8268289e-01 -1.5440718e-06 -9.7102384e-06  9.2387980e-01] speed=0.0009 ang_speed=0.0035 ang_vel_vec=[0.00026961 0.00342847 0.00062086] |com_force|=0.0000N
### kotek_magnet[tick=3360] sensor1: d=0.4082m in_range=False f_mag=0.000N tau_mag=0.0000Nm misalign_deg=90.0 pos=[0.10880261 0.10900906 0.49140236] bottom_world=[0.1088028  0.10900908 0.47140236] quat=[ 9.2484206e-01 -1.2109066e-06 -4.6048895e-06  3.8035166e-01] speed=0.0010 ang_speed=0.0030 ang_vel_vec=[-0.00258226 -0.00028435  0.00152514] |com_force|=0.0000N
### kotek_magnet[tick=3360] sensor2: d=0.3208m in_range=False f_mag=0.000N tau_mag=0.0000Nm misalign_deg=90.0 pos=[ 0.10902432 -0.10904735  0.49140114] bottom_world=[ 0.10902456 -0.10904697  0.47140114] quat=[ 9.23000872e-01  1.10733645e-05 -1.89889579e-06 -3.84797812e-01] speed=0.0010 ang_speed=0.0029 ang_vel_vec=[-0.00182417  0.00214946 -0.00072524] |com_force|=0.0000N
### kotek_magnet[tick=3360] sensor3: d=0.5470m in_range=False f_mag=0.000N tau_mag=0.0000Nm misalign_deg=90.0 pos=[-0.10910752 -0.10914609  0.49140117] bottom_world=[-0.10910746 -0.10914597  0.47140117] quat=[-3.8058388e-01 -2.5242773e-06 -2.2360505e-06  9.2474645e-01] speed=0.0005 ang_speed=0.0024 ang_vel_vec=[-0.00068524  0.00216597 -0.0006863 ] |com_force|=0.0000N
### kotek_magnet[tick=3360] sensor4: d=0.5249m in_range=False f_mag=0.000N tau_mag=0.0000Nm misalign_deg=90.0 pos=[-0.10900021  0.10899848  0.4914024 ] bottom_world=[-0.1090001   0.10899879  0.47140239] quat=[ 3.8268304e-01  5.2065809e-07 -8.0099335e-06  9.2387974e-01] speed=0.0009 ang_speed=0.0019 ang_vel_vec=[-0.00042816 -0.00118445  0.00141281] |com_force|=0.0000N
### kotek_magnet[tick=3420] sensor1: d=0.4082m in_range=False f_mag=0.000N tau_mag=0.0000Nm misalign_deg=90.0 pos=[0.10880257 0.10900931 0.4914022 ] bottom_world=[0.10880279 0.10900922 0.47140221] quat=[ 9.2484188e-01 -4.0860768e-06 -4.3039554e-06  3.8035178e-01] speed=0.0009 ang_speed=0.0037 ang_vel_vec=[0.00366213 0.00015377 0.00079221] |com_force|=0.0000N
### kotek_magnet[tick=3420] sensor2: d=0.3208m in_range=False f_mag=0.000N tau_mag=0.0000Nm misalign_deg=90.0 pos=[ 0.10902464 -0.10904668  0.49140105] bottom_world=[ 0.10902462 -0.10904652  0.47140105] quat=[ 9.2300075e-01  3.6044266e-06  2.0629088e-06 -3.8479811e-01] speed=0.0004 ang_speed=0.0023 ang_vel_vec=[-0.00169054 -0.00133908 -0.00069924] |com_force|=0.0000N
### kotek_magnet[tick=3420] sensor3: d=0.5470m in_range=False f_mag=0.000N tau_mag=0.0000Nm misalign_deg=90.0 pos=[-0.10910647 -0.10914586  0.49140096] bottom_world=[-0.10910666 -0.10914565  0.47140096] quat=[-3.8058293e-01  2.4386254e-06 -6.5742843e-06  9.2474681e-01] speed=0.0009 ang_speed=0.0024 ang_vel_vec=[ 0.00190698 -0.00016506  0.00150664] |com_force|=0.0000N
### kotek_magnet[tick=3420] sensor4: d=0.5249m in_range=False f_mag=0.000N tau_mag=0.0000Nm misalign_deg=90.0 pos=[-0.10900021  0.1089985   0.4914023 ] bottom_world=[-0.10900009  0.10899882  0.4714023 ] quat=[ 3.8268301e-01  3.8980932e-07 -8.3840032e-06  9.2387968e-01] speed=0.0009 ang_speed=0.0016 ang_vel_vec=[-0.00060252 -0.00071804  0.00135735] |com_force|=0.0000N
### still playing, 1340s left
### kotek_magnet[tick=3480] sensor1: d=0.4082m in_range=False f_mag=0.000N tau_mag=0.0000Nm misalign_deg=90.0 pos=[0.10880258 0.10900909 0.49140227] bottom_world=[0.10880278 0.10900911 0.47140227] quat=[ 9.2484194e-01 -1.5753932e-06 -4.6944019e-06  3.8035175e-01] speed=0.0010 ang_speed=0.0023 ang_vel_vec=[-0.00170899  0.00012286  0.00154843] |com_force|=0.0000N
### kotek_magnet[tick=3480] sensor2: d=0.3208m in_range=False f_mag=0.000N tau_mag=0.0000Nm misalign_deg=90.0 pos=[ 0.10902466 -0.10904644  0.49140096] bottom_world=[ 0.10902461 -0.10904636  0.47140096] quat=[ 9.2300075e-01  1.4564469e-06  1.9483932e-06 -3.8479832e-01] speed=0.0001 ang_speed=0.0022 ang_vel_vec=[ 0.00120875 -0.00180213 -0.00023374] |com_force|=0.0000N
### kotek_magnet[tick=3480] sensor3: d=0.5470m in_range=False f_mag=0.000N tau_mag=0.0000Nm misalign_deg=90.0 pos=[-0.10910751 -0.10914607  0.4914011 ] bottom_world=[-0.10910746 -0.10914594  0.47140111] quat=[-3.8058382e-01 -2.4054275e-06 -2.5204731e-06  9.2474645e-01] speed=0.0005 ang_speed=0.0023 ang_vel_vec=[-0.00108004  0.00194433 -0.00063172] |com_force|=0.0000N
### kotek_magnet[tick=3480] sensor4: d=0.5249m in_range=False f_mag=0.000N tau_mag=0.0000Nm misalign_deg=90.0 pos=[-0.1090004   0.10899873  0.49140227] bottom_world=[-0.10900025  0.10899902  0.47140227] quat=[ 3.8268259e-01 -6.9802218e-07 -8.2156521e-06  9.2387986e-01] speed=0.0006 ang_speed=0.0048 ang_vel_vec=[-0.00174738  0.00440338  0.00057079] |com_force|=0.0000N
### kotek_magnet[tick=3540] sensor1: d=0.4082m in_range=False f_mag=0.000N tau_mag=0.0000Nm misalign_deg=90.0 pos=[0.10880259 0.10900932 0.4914024 ] bottom_world=[0.10880281 0.10900923 0.47140239] quat=[ 9.2484194e-01 -4.1154799e-06 -4.2660308e-06  3.8035184e-01] speed=0.0009 ang_speed=0.0036 ang_vel_vec=[3.6023778e-03 7.4884068e-05 4.9760891e-04] |com_force|=0.0000N
### kotek_magnet[tick=3540] sensor2: d=0.3208m in_range=False f_mag=0.000N tau_mag=0.0000Nm misalign_deg=90.0 pos=[ 0.10902451 -0.10904558  0.49140108] bottom_world=[ 0.10902439 -0.10904568  0.47140108] quat=[ 9.2300051e-01 -3.3601943e-06  1.7602736e-06 -3.8479888e-01] speed=0.0010 ang_speed=0.0017 ang_vel_vec=[0.00079693 0.00084896 0.00120248] |com_force|=0.0000N
### kotek_magnet[tick=3540] sensor3: d=0.5470m in_range=False f_mag=0.000N tau_mag=0.0000Nm misalign_deg=90.0 pos=[-0.10910815 -0.10914578  0.49140102] bottom_world=[-0.10910789 -0.10914589  0.47140102] quat=[-3.8058415e-01 -4.8749857e-06  5.1716470e-06  9.2474633e-01] speed=0.0010 ang_speed=0.0026 ang_vel_vec=[ 0.00192872  0.00147951 -0.00104151] |com_force|=0.0000N
### kotek_magnet[tick=3540] sensor4: d=0.5249m in_range=False f_mag=0.000N tau_mag=0.0000Nm misalign_deg=90.0 pos=[-0.10900036  0.10899953  0.49140224] bottom_world=[-0.10900034  0.10899959  0.47140224] quat=[ 3.8268211e-01  7.2493599e-08 -1.6920810e-06  9.2388004e-01] speed=0.0005 ang_speed=0.0029 ang_vel_vec=[ 0.00212439  0.00173093 -0.00102051] |com_force|=0.0000N
### kotek_magnet[tick=3600] sensor1: d=0.4082m in_range=False f_mag=0.000N tau_mag=0.0000Nm misalign_deg=90.0 pos=[0.10880338 0.10900927 0.49140218] bottom_world=[0.1088034  0.10900935 0.47140218] quat=[ 9.2484176e-01  1.4778930e-06 -1.2316838e-06  3.8035235e-01] speed=0.0002 ang_speed=0.0022 ang_vel_vec=[ 0.00195771  0.00103922 -0.00030913] |com_force|=0.0000N
### kotek_magnet[tick=3600] sensor2: d=0.3208m in_range=False f_mag=0.000N tau_mag=0.0000Nm misalign_deg=90.0 pos=[ 0.10902442 -0.10904672  0.49140096] bottom_world=[ 0.10902452 -0.10904652  0.47140096] quat=[ 9.230007e-01  5.634088e-06 -4.335975e-07 -3.847983e-01] speed=0.0004 ang_speed=0.0025 ang_vel_vec=[-0.0019917   0.00153129 -0.00021132] |com_force|=0.0000N
### kotek_magnet[tick=3600] sensor3: d=0.5470m in_range=False f_mag=0.000N tau_mag=0.0000Nm misalign_deg=90.0 pos=[-0.10910751 -0.10914607  0.49140108] bottom_world=[-0.10910745 -0.10914595  0.47140108] quat=[-3.8058394e-01 -2.6157124e-06 -2.3770376e-06  9.2474639e-01] speed=0.0005 ang_speed=0.0022 ang_vel_vec=[-0.00095536  0.00188219 -0.00068272] |com_force|=0.0000N
### kotek_magnet[tick=3600] sensor4: d=0.5249m in_range=False f_mag=0.000N tau_mag=0.0000Nm misalign_deg=90.0 pos=[-0.10900006  0.1090002   0.4914023 ] bottom_world=[-0.10900028  0.10900006  0.4714023 ] quat=[3.8268197e-01 3.8044172e-06 5.2717046e-06 9.2388010e-01] speed=0.0010 ang_speed=0.0029 ang_vel_vec=[ 0.00201249 -0.00193856 -0.00074442] |com_force|=0.0000N
### kotek_magnet[tick=3660] sensor1: d=0.4082m in_range=False f_mag=0.000N tau_mag=0.0000Nm misalign_deg=90.0 pos=[0.10880256 0.10900904 0.49140245] bottom_world=[0.10880276 0.10900906 0.47140245] quat=[ 9.2484194e-01 -1.4702506e-06 -4.7656267e-06  3.8035172e-01] speed=0.0010 ang_speed=0.0024 ang_vel_vec=[-1.9066664e-03  7.3561961e-05  1.4612712e-03] |com_force|=0.0000N
### kotek_magnet[tick=3660] sensor2: d=0.3208m in_range=False f_mag=0.000N tau_mag=0.0000Nm misalign_deg=90.0 pos=[ 0.10902447 -0.10904567  0.4914012 ] bottom_world=[ 0.10902436 -0.10904575  0.4714012 ] quat=[ 9.2300045e-01 -2.9190708e-06  1.5487894e-06 -3.8479897e-01] speed=0.0010 ang_speed=0.0023 ang_vel_vec=[0.00038545 0.00166957 0.00145983] |com_force|=0.0000N
### kotek_magnet[tick=3660] sensor3: d=0.5470m in_range=False f_mag=0.000N tau_mag=0.0000Nm misalign_deg=90.0 pos=[-0.10910701 -0.10914564  0.49140108] bottom_world=[-0.10910701 -0.10914562  0.47140108] quat=[-3.8058311e-01 -1.5489076e-07 -4.2283531e-07  9.2474681e-01] speed=0.0006 ang_speed=0.0095 ang_vel_vec=[0.00819544 0.00453641 0.00139671] |com_force|=0.0000N
### kotek_magnet[tick=3660] sensor4: d=0.5249m in_range=False f_mag=0.000N tau_mag=0.0000Nm misalign_deg=90.0 pos=[-0.10900008  0.10900013  0.4914024 ] bottom_world=[-0.1090003   0.10899999  0.47140239] quat=[3.8268211e-01 3.7650132e-06 5.2784003e-06 9.2388010e-01] speed=0.0010 ang_speed=0.0024 ang_vel_vec=[ 0.00155759 -0.00163904 -0.00073572] |com_force|=0.0000N
### kotek_magnet[tick=3720] sensor1: d=0.4082m in_range=False f_mag=0.000N tau_mag=0.0000Nm misalign_deg=90.0 pos=[0.10880258 0.10900933 0.4914023 ] bottom_world=[0.10880279 0.10900925 0.4714023 ] quat=[ 9.2484188e-01 -3.9340771e-06 -4.1798676e-06  3.8035181e-01] speed=0.0009 ang_speed=0.0034 ang_vel_vec=[ 3.3192425e-03 -5.7043620e-05  7.6726690e-04] |com_force|=0.0000N
### kotek_magnet[tick=3720] sensor2: d=0.3208m in_range=False f_mag=0.000N tau_mag=0.0000Nm misalign_deg=90.0 pos=[ 0.10902464 -0.1090467   0.49140117] bottom_world=[ 0.10902463 -0.10904653  0.47140117] quat=[ 9.2300087e-01  3.9128540e-06  1.7885196e-06 -3.8479811e-01] speed=0.0004 ang_speed=0.0023 ang_vel_vec=[-0.00221989 -0.00023558 -0.00070221] |com_force|=0.0000N
### kotek_magnet[tick=3720] sensor3: d=0.5470m in_range=False f_mag=0.000N tau_mag=0.0000Nm misalign_deg=90.0 pos=[-0.10910819 -0.10914576  0.49140114] bottom_world=[-0.10910792 -0.1091459   0.47140114] quat=[-3.8058409e-01 -5.1538041e-06  5.8032724e-06  9.2474633e-01] speed=0.0010 ang_speed=0.0030 ang_vel_vec=[ 0.00224872  0.00182627 -0.00078526] |com_force|=0.0000N
### kotek_magnet[tick=3720] sensor4: d=0.5249m in_range=False f_mag=0.000N tau_mag=0.0000Nm misalign_deg=90.0 pos=[-0.10900014  0.1089996   0.49140224] bottom_world=[-0.10900024  0.10899963  0.47140224] quat=[3.8268241e-01 2.4703063e-06 3.5385074e-07 9.2387998e-01] speed=0.0004 ang_speed=0.0032 ang_vel_vec=[ 0.00275161 -0.00159617 -0.00021853] |com_force|=0.0000N
### kotek_magnet[tick=3780] sensor1: d=0.4082m in_range=False f_mag=0.000N tau_mag=0.0000Nm misalign_deg=90.0 pos=[0.10880256 0.10900933 0.49140233] bottom_world=[0.10880277 0.10900926 0.47140233] quat=[ 9.2484194e-01 -3.5745677e-06 -4.2375441e-06  3.8035181e-01] speed=0.0009 ang_speed=0.0030 ang_vel_vec=[ 2.879746e-03 -8.743957e-05  7.350357e-04] |com_force|=0.0000N
### kotek_magnet[tick=3780] sensor2: d=0.3208m in_range=False f_mag=0.000N tau_mag=0.0000Nm misalign_deg=90.0 pos=[ 0.10902464 -0.10904671  0.4914011 ] bottom_world=[ 0.10902463 -0.10904653  0.47140111] quat=[ 9.2300075e-01  4.1180456e-06  1.8639267e-06 -3.8479820e-01] speed=0.0004 ang_speed=0.0024 ang_vel_vec=[-0.00216453 -0.00061998 -0.00074208] |com_force|=0.0000N
### kotek_magnet[tick=3780] sensor3: d=0.5470m in_range=False f_mag=0.000N tau_mag=0.0000Nm misalign_deg=90.0 pos=[-0.1091075  -0.1091461   0.49140108] bottom_world=[-0.10910744 -0.10914597  0.47140108] quat=[-3.8058391e-01 -2.6290977e-06 -2.2429076e-06  9.2474639e-01] speed=0.0005 ang_speed=0.0024 ang_vel_vec=[-0.00056243  0.00216982 -0.00073885] |com_force|=0.0000N
### kotek_magnet[tick=3780] sensor4: d=0.5249m in_range=False f_mag=0.000N tau_mag=0.0000Nm misalign_deg=90.0 pos=[-0.10900036  0.10899954  0.4914024 ] bottom_world=[-0.10900036  0.1089996   0.47140239] quat=[ 3.8268232e-01  5.3367921e-07 -1.2454334e-06  9.2387998e-01] speed=0.0005 ang_speed=0.0027 ang_vel_vec=[ 0.00261759 -0.00012795 -0.00077975] |com_force|=0.0000N
### kotek_magnet[tick=3840] sensor1: d=0.4082m in_range=False f_mag=0.000N tau_mag=0.0000Nm misalign_deg=90.0 pos=[0.10880337 0.10900926 0.49140227] bottom_world=[0.10880339 0.10900932 0.47140227] quat=[ 9.2484176e-01  1.2729984e-06 -1.0628113e-06  3.8035232e-01] speed=0.0001 ang_speed=0.0011 ang_vel_vec=[ 0.0010103  -0.00028519 -0.00045346] |com_force|=0.0000N
### kotek_magnet[tick=3840] sensor2: d=0.3208m in_range=False f_mag=0.000N tau_mag=0.0000Nm misalign_deg=90.0 pos=[ 0.10902464 -0.10904589  0.49140114] bottom_world=[ 0.10902451 -0.10904595  0.47140114] quat=[ 9.2300063e-01 -2.8258696e-06  2.5623667e-06 -3.8479850e-01] speed=0.0007 ang_speed=0.0046 ang_vel_vec=[ 0.00200175 -0.0041429   0.00035995] |com_force|=0.0000N
### kotek_magnet[tick=3840] sensor3: d=0.5470m in_range=False f_mag=0.000N tau_mag=0.0000Nm misalign_deg=90.0 pos=[-0.10910647 -0.10914587  0.49140114] bottom_world=[-0.10910666 -0.10914568  0.47140114] quat=[-3.8058305e-01  2.4481965e-06 -6.1879705e-06  9.2474687e-01] speed=0.0009 ang_speed=0.0035 ang_vel_vec=[0.00318514 0.00053431 0.00132954] |com_force|=0.0000N
### kotek_magnet[tick=3840] sensor4: d=0.5249m in_range=False f_mag=0.000N tau_mag=0.0000Nm misalign_deg=90.0 pos=[-0.10900037  0.10899951  0.4914023 ] bottom_world=[-0.10900035  0.10899957  0.4714023 ] quat=[ 3.8268217e-01  5.5503023e-08 -1.5138087e-06  9.2388016e-01] speed=0.0005 ang_speed=0.0026 ang_vel_vec=[ 0.00194764  0.00145044 -0.00091563] |com_force|=0.0000N
### kotek_magnet[tick=3900] sensor1: d=0.4082m in_range=False f_mag=0.000N tau_mag=0.0000Nm misalign_deg=90.0 pos=[0.10880282 0.10900926 0.49140242] bottom_world=[0.10880299 0.10900924 0.47140242] quat=[ 9.248418e-01 -2.120270e-06 -3.726907e-06  3.803521e-01] speed=0.0007 ang_speed=0.0041 ang_vel_vec=[0.0037757  0.00162282 0.00023913] |com_force|=0.0000N
### kotek_magnet[tick=3900] sensor2: d=0.3208m in_range=False f_mag=0.000N tau_mag=0.0000Nm misalign_deg=90.0 pos=[ 0.10902449 -0.10904564  0.4914012 ] bottom_world=[ 0.10902439 -0.10904572  0.4714012 ] quat=[ 9.2300045e-01 -2.8424820e-06  1.4166521e-06 -3.8479888e-01] speed=0.0010 ang_speed=0.0024 ang_vel_vec=[1.9310733e-05 2.1684540e-03 1.1074389e-03] |com_force|=0.0000N
### kotek_magnet[tick=3900] sensor3: d=0.5470m in_range=False f_mag=0.000N tau_mag=0.0000Nm misalign_deg=90.0 pos=[-0.10910816 -0.10914579  0.4914012 ] bottom_world=[-0.10910789 -0.10914591  0.4714012 ] quat=[-3.8058397e-01 -4.9595251e-06  5.2618652e-06  9.2474639e-01] speed=0.0010 ang_speed=0.0028 ang_vel_vec=[ 0.00196551  0.00171809 -0.00112159] |com_force|=0.0000N
### kotek_magnet[tick=3900] sensor4: d=0.5249m in_range=False f_mag=0.000N tau_mag=0.0000Nm misalign_deg=90.0 pos=[-0.1090001   0.10900015  0.49140236] bottom_world=[-0.10900032  0.10900001  0.47140236] quat=[3.8268206e-01 3.6760252e-06 5.4171182e-06 9.2388022e-01] speed=0.0010 ang_speed=0.0026 ang_vel_vec=[ 0.00166317 -0.00173602 -0.00111044] |com_force|=0.0000N
### kotek_magnet[tick=3960] sensor1: d=0.4082m in_range=False f_mag=0.000N tau_mag=0.0000Nm misalign_deg=90.0 pos=[0.10880257 0.10900936 0.4914023 ] bottom_world=[0.10880279 0.10900927 0.4714023 ] quat=[ 9.2484188e-01 -3.9357706e-06 -4.1943986e-06  3.8035199e-01] speed=0.0009 ang_speed=0.0034 ang_vel_vec=[ 0.00329316 -0.00010084  0.0006891 ] |com_force|=0.0000N
### kotek_magnet[tick=3960] sensor2: d=0.3208m in_range=False f_mag=0.000N tau_mag=0.0000Nm misalign_deg=90.0 pos=[ 0.10902436 -0.10904735  0.49140114] bottom_world=[ 0.1090246  -0.10904697  0.47140114] quat=[ 9.23000932e-01  1.08872355e-05 -1.80794405e-06 -3.84797812e-01] speed=0.0010 ang_speed=0.0028 ang_vel_vec=[-0.00160364  0.00211232 -0.0008738 ] |com_force|=0.0000N
### kotek_magnet[tick=3960] sensor3: d=0.5470m in_range=False f_mag=0.000N tau_mag=0.0000Nm misalign_deg=90.0 pos=[-0.10910669 -0.10914607  0.49140108] bottom_world=[-0.10910686 -0.10914582  0.47140108] quat=[-3.8058338e-01  1.5266949e-06 -7.2418907e-06  9.2474663e-01] speed=0.0006 ang_speed=0.0036 ang_vel_vec=[-0.0032451  -0.00150261  0.00045712] |com_force|=0.0000N
### kotek_magnet[tick=3960] sensor4: d=0.5249m in_range=False f_mag=0.000N tau_mag=0.0000Nm misalign_deg=90.0 pos=[-0.1090001   0.10900018  0.49140233] bottom_world=[-0.10900033  0.10900003  0.47140233] quat=[3.8268197e-01 3.7564657e-06 5.6601439e-06 9.2388022e-01] speed=0.0010 ang_speed=0.0028 ang_vel_vec=[ 0.00196527 -0.001778   -0.00085067] |com_force|=0.0000N
### kotek_magnet[tick=4020] sensor1: d=0.4082m in_range=False f_mag=0.000N tau_mag=0.0000Nm misalign_deg=90.0 pos=[0.1088043  0.10900898 0.49140242] bottom_world=[0.10880403 0.10900933 0.47140242] quat=[9.24841523e-01 1.06456655e-05 2.84936573e-06 3.80352706e-01] speed=0.0010 ang_speed=0.0028 ang_vel_vec=[-0.00187212 -0.00184492 -0.0008355 ] |com_force|=0.0000N
### kotek_magnet[tick=4020] sensor2: d=0.3208m in_range=False f_mag=0.000N tau_mag=0.0000Nm misalign_deg=90.0 pos=[ 0.10902432 -0.10904733  0.49140108] bottom_world=[ 0.10902455 -0.10904695  0.47140108] quat=[ 9.2300087e-01  1.1009045e-05 -1.6469817e-06 -3.8479802e-01] speed=0.0010 ang_speed=0.0025 ang_vel_vec=[-0.00150483  0.00180699 -0.00079191] |com_force|=0.0000N
### kotek_magnet[tick=4020] sensor3: d=0.5470m in_range=False f_mag=0.000N tau_mag=0.0000Nm misalign_deg=90.0 pos=[-0.10910644 -0.10914589  0.49140114] bottom_world=[-0.10910663 -0.10914568  0.47140114] quat=[-3.8058302e-01  2.3718605e-06 -6.4502774e-06  9.2474681e-01] speed=0.0010 ang_speed=0.0027 ang_vel_vec=[2.2731833e-03 6.6466360e-05 1.5106146e-03] |com_force|=0.0000N
### kotek_magnet[tick=4020] sensor4: d=0.5249m in_range=False f_mag=0.000N tau_mag=0.0000Nm misalign_deg=90.0 pos=[-0.10900006  0.10900016  0.49140233] bottom_world=[-0.10900029  0.10900002  0.47140233] quat=[3.8268220e-01 3.8717112e-06 5.4262914e-06 9.2388016e-01] speed=0.0010 ang_speed=0.0028 ang_vel_vec=[ 0.00195571 -0.00186269 -0.00073177] |com_force|=0.0000N
### kotek_magnet[tick=4080] sensor1: d=0.4082m in_range=False f_mag=0.000N tau_mag=0.0000Nm misalign_deg=90.0 pos=[0.1088043  0.10900895 0.4914023 ] bottom_world=[0.10880404 0.1090093  0.4714023 ] quat=[9.2484158e-01 1.0428250e-05 2.8357040e-06 3.8035268e-01] speed=0.0010 ang_speed=0.0025 ang_vel_vec=[-0.00174967 -0.00162181 -0.00081096] |com_force|=0.0000N
### kotek_magnet[tick=4080] sensor2: d=0.3208m in_range=False f_mag=0.000N tau_mag=0.0000Nm misalign_deg=90.0 pos=[ 0.10902432 -0.10904738  0.49140114] bottom_world=[ 0.10902456 -0.10904699  0.47140114] quat=[ 9.2300087e-01  1.1315653e-05 -1.8695830e-06 -3.8479787e-01] speed=0.0010 ang_speed=0.0030 ang_vel_vec=[-0.00195369  0.00218238 -0.00078604] |com_force|=0.0000N
### kotek_magnet[tick=4080] sensor3: d=0.5470m in_range=False f_mag=0.000N tau_mag=0.0000Nm misalign_deg=90.0 pos=[-0.10910822 -0.10914574  0.49140117] bottom_world=[-0.10910795 -0.10914587  0.47140117] quat=[-3.8058403e-01 -5.1185511e-06  5.6044682e-06  9.2474639e-01] speed=0.0010 ang_speed=0.0028 ang_vel_vec=[ 0.00205227  0.00180482 -0.00078974] |com_force|=0.0000N
### kotek_magnet[tick=4080] sensor4: d=0.5249m in_range=False f_mag=0.000N tau_mag=0.0000Nm misalign_deg=90.0 pos=[-0.10900007  0.10900015  0.49140233] bottom_world=[-0.10900029  0.10900001  0.47140233] quat=[3.8268217e-01 3.7406508e-06 5.4838160e-06 9.2388016e-01] speed=0.0010 ang_speed=0.0024 ang_vel_vec=[ 0.00164659 -0.00160541 -0.00072079] |com_force|=0.0000N
### kotek_magnet[tick=4140] sensor1: d=0.4082m in_range=False f_mag=0.000N tau_mag=0.0000Nm misalign_deg=90.0 pos=[0.10880256 0.10900906 0.49140236] bottom_world=[0.10880276 0.10900907 0.47140236] quat=[ 9.2484194e-01 -1.5449737e-06 -4.7005601e-06  3.8035169e-01] speed=0.0010 ang_speed=0.0023 ang_vel_vec=[-1.8725946e-03  7.4670228e-05  1.3266674e-03] |com_force|=0.0000N
### kotek_magnet[tick=4140] sensor2: d=0.3208m in_range=False f_mag=0.000N tau_mag=0.0000Nm misalign_deg=90.0 pos=[ 0.10902466 -0.10904592  0.4914011 ] bottom_world=[ 0.10902452 -0.10904598  0.47140111] quat=[ 9.2300057e-01 -2.8960508e-06  2.6289179e-06 -3.8479850e-01] speed=0.0006 ang_speed=0.0046 ang_vel_vec=[ 0.00199907 -0.00412801  0.0004126 ] |com_force|=0.0000N
### kotek_magnet[tick=4140] sensor3: d=0.5470m in_range=False f_mag=0.000N tau_mag=0.0000Nm misalign_deg=90.0 pos=[-0.10910671 -0.10914608  0.49140108] bottom_world=[-0.10910689 -0.10914583  0.47140108] quat=[-3.8058338e-01  1.5973848e-06 -7.5037037e-06  9.2474663e-01] speed=0.0006 ang_speed=0.0041 ang_vel_vec=[-0.00371187 -0.0016315   0.00042801] |com_force|=0.0000N
### kotek_magnet[tick=4140] sensor4: d=0.5249m in_range=False f_mag=0.000N tau_mag=0.0000Nm misalign_deg=90.0 pos=[-0.10900035  0.10899954  0.49140242] bottom_world=[-0.10900033  0.1089996   0.47140242] quat=[ 3.8268217e-01  1.2686975e-07 -1.5842918e-06  9.2388004e-01] speed=0.0005 ang_speed=0.0026 ang_vel_vec=[ 0.00196235  0.0014622  -0.00085934] |com_force|=0.0000N
### kotek_magnet[tick=4200] sensor1: d=0.4082m in_range=False f_mag=0.000N tau_mag=0.0000Nm misalign_deg=90.0 pos=[0.10880331 0.10900911 0.49140227] bottom_world=[0.10880332 0.10900925 0.47140227] quat=[ 9.2484170e-01  3.1298355e-06 -1.6467014e-06  3.8035217e-01] speed=0.0002 ang_speed=0.0011 ang_vel_vec=[-0.00107565  0.00023181  0.00015123] |com_force|=0.0000N
### kotek_magnet[tick=4200] sensor2: d=0.3208m in_range=False f_mag=0.000N tau_mag=0.0000Nm misalign_deg=90.0 pos=[ 0.10902462 -0.10904668  0.49140108] bottom_world=[ 0.10902461 -0.10904651  0.47140108] quat=[ 9.2300075e-01  3.8725898e-06  1.8569688e-06 -3.8479808e-01] speed=0.0004 ang_speed=0.0024 ang_vel_vec=[-0.00213237 -0.00078162 -0.00078145] |com_force|=0.0000N
### kotek_magnet[tick=4200] sensor3: d=0.5470m in_range=False f_mag=0.000N tau_mag=0.0000Nm misalign_deg=90.0 pos=[-0.10910817 -0.10914578  0.49140117] bottom_world=[-0.10910791 -0.1091459   0.47140117] quat=[-3.8058409e-01 -4.9240462e-06  5.2330324e-06  9.2474639e-01] speed=0.0010 ang_speed=0.0027 ang_vel_vec=[ 0.00193348  0.00160881 -0.00083998] |com_force|=0.0000N
### kotek_magnet[tick=4200] sensor4: d=0.5249m in_range=False f_mag=0.000N tau_mag=0.0000Nm misalign_deg=90.0 pos=[-0.10900004  0.10900018  0.4914023 ] bottom_world=[-0.10900027  0.10900004  0.4714023 ] quat=[3.8268220e-01 3.7800614e-06 5.5431756e-06 9.2388016e-01] speed=0.0010 ang_speed=0.0026 ang_vel_vec=[ 0.00171806 -0.00171037 -0.00083002] |com_force|=0.0000N
### kotek_magnet[tick=4260] sensor1: d=0.4082m in_range=False f_mag=0.000N tau_mag=0.0000Nm misalign_deg=90.0 pos=[0.10880281 0.10900927 0.49140233] bottom_world=[0.10880299 0.10900925 0.47140233] quat=[ 9.2484182e-01 -2.2418085e-06 -3.8583084e-06  3.8035196e-01] speed=0.0006 ang_speed=0.0044 ang_vel_vec=[0.00399773 0.001777   0.00055317] |com_force|=0.0000N
### kotek_magnet[tick=4260] sensor2: d=0.3208m in_range=False f_mag=0.000N tau_mag=0.0000Nm misalign_deg=90.0 pos=[ 0.10902444 -0.10904638  0.4914011 ] bottom_world=[ 0.1090245  -0.10904624  0.47140111] quat=[ 9.2300069e-01  3.8798257e-06  3.0488479e-08 -3.8479841e-01] speed=0.0002 ang_speed=0.0029 ang_vel_vec=[-0.00145564  0.00250141  0.00021302] |com_force|=0.0000N
### kotek_magnet[tick=4260] sensor3: d=0.5470m in_range=False f_mag=0.000N tau_mag=0.0000Nm misalign_deg=90.0 pos=[-0.10910701 -0.10914563  0.49140105] bottom_world=[-0.10910701 -0.10914561  0.47140105] quat=[-3.8058317e-01 -1.7541255e-07 -3.6137288e-07  9.2474669e-01] speed=0.0006 ang_speed=0.0095 ang_vel_vec=[0.00820001 0.00458061 0.00132923] |com_force|=0.0000N
### kotek_magnet[tick=4260] sensor4: d=0.5249m in_range=False f_mag=0.000N tau_mag=0.0000Nm misalign_deg=90.0 pos=[-0.10900007  0.1090002   0.49140233] bottom_world=[-0.1090003   0.10900006  0.47140233] quat=[3.8268214e-01 3.8362214e-06 5.4228190e-06 9.2388016e-01] speed=0.0010 ang_speed=0.0027 ang_vel_vec=[ 0.00180818 -0.00189147 -0.00079011] |com_force|=0.0000N
### kotek_magnet[tick=4320] sensor1: d=0.4082m in_range=False f_mag=0.000N tau_mag=0.0000Nm misalign_deg=90.0 pos=[0.10880284 0.10900924 0.49140245] bottom_world=[0.10880301 0.10900922 0.47140245] quat=[ 9.2484182e-01 -2.2101281e-06 -3.8027833e-06  3.8035205e-01] speed=0.0006 ang_speed=0.0041 ang_vel_vec=[0.00374602 0.00165294 0.00039914] |com_force|=0.0000N
### kotek_magnet[tick=4320] sensor2: d=0.3208m in_range=False f_mag=0.000N tau_mag=0.0000Nm misalign_deg=90.0 pos=[ 0.10902466 -0.10904672  0.4914011 ] bottom_world=[ 0.10902464 -0.10904656  0.47140111] quat=[ 9.2300081e-01  3.5988091e-06  1.9598226e-06 -3.8479808e-01] speed=0.0004 ang_speed=0.0026 ang_vel_vec=[-0.0022343  -0.00086483 -0.00089626] |com_force|=0.0000N
### kotek_magnet[tick=4320] sensor3: d=0.5470m in_range=False f_mag=0.000N tau_mag=0.0000Nm misalign_deg=90.0 pos=[-0.10910729 -0.10914582  0.49140114] bottom_world=[-0.10910726 -0.10914579  0.47140114] quat=[-3.8058335e-01 -8.2129219e-07 -6.0878165e-07  9.2474669e-01] speed=0.0003 ang_speed=0.0058 ang_vel_vec=[0.00515764 0.00267399 0.00022167] |com_force|=0.0000N
### kotek_magnet[tick=4320] sensor4: d=0.5249m in_range=False f_mag=0.000N tau_mag=0.0000Nm misalign_deg=90.0 pos=[-0.1090001   0.10900017  0.4914023 ] bottom_world=[-0.10900032  0.10900003  0.4714023 ] quat=[3.8268203e-01 3.7117486e-06 5.3951030e-06 9.2388016e-01] speed=0.0010 ang_speed=0.0025 ang_vel_vec=[ 0.00156209 -0.00165347 -0.00094633] |com_force|=0.0000N
### kotek_magnet[tick=4380] sensor1: d=0.4082m in_range=False f_mag=0.000N tau_mag=0.0000Nm misalign_deg=90.0 pos=[0.10880256 0.10900933 0.49140242] bottom_world=[0.10880278 0.10900924 0.47140242] quat=[ 9.2484194e-01 -3.9832744e-06 -4.3125065e-06  3.8035193e-01] speed=0.0009 ang_speed=0.0037 ang_vel_vec=[0.00352957 0.00018156 0.00094164] |com_force|=0.0000N
### kotek_magnet[tick=4380] sensor2: d=0.3208m in_range=False f_mag=0.000N tau_mag=0.0000Nm misalign_deg=90.0 pos=[ 0.10902464 -0.10904668  0.4914011 ] bottom_world=[ 0.10902462 -0.10904652  0.47140111] quat=[ 9.2300081e-01  3.6329743e-06  2.0668349e-06 -3.8479805e-01] speed=0.0004 ang_speed=0.0024 ang_vel_vec=[-0.00169255 -0.00153517 -0.00055512] |com_force|=0.0000N
### kotek_magnet[tick=4380] sensor3: d=0.5470m in_range=False f_mag=0.000N tau_mag=0.0000Nm misalign_deg=90.0 pos=[-0.10910641 -0.10914611  0.49140108] bottom_world=[-0.10910663 -0.1091458   0.47140108] quat=[-3.8058320e-01  1.9677000e-06 -9.1206593e-06  9.2474675e-01] speed=0.0008 ang_speed=0.0026 ang_vel_vec=[-0.00237615  0.0006028   0.00091778] |com_force|=0.0000N
### kotek_magnet[tick=4380] sensor4: d=0.5249m in_range=False f_mag=0.000N tau_mag=0.0000Nm misalign_deg=90.0 pos=[-0.10900007  0.10900019  0.49140227] bottom_world=[-0.10900029  0.10900005  0.47140227] quat=[3.8268211e-01 3.7848254e-06 5.4194711e-06 9.2388016e-01] speed=0.0010 ang_speed=0.0025 ang_vel_vec=[ 0.00172414 -0.00169587 -0.00061573] |com_force|=0.0000N
### kotek_magnet[tick=4440] sensor1: d=0.4082m in_range=False f_mag=0.000N tau_mag=0.0000Nm misalign_deg=90.0 pos=[0.1088029  0.10900892 0.49140233] bottom_world=[0.10880295 0.10900912 0.47140233] quat=[ 9.2484188e-01  4.1371522e-06 -2.9723265e-06  3.8035199e-01] speed=0.0007 ang_speed=0.0057 ang_vel_vec=[-0.00493206 -0.00277276  0.00098407] |com_force|=0.0000N
### kotek_magnet[tick=4440] sensor2: d=0.3208m in_range=False f_mag=0.000N tau_mag=0.0000Nm misalign_deg=90.0 pos=[ 0.10902446 -0.10904565  0.49140114] bottom_world=[ 0.10902436 -0.10904574  0.47140114] quat=[ 9.2300045e-01 -2.9077823e-06  1.4762263e-06 -3.8479897e-01] speed=0.0010 ang_speed=0.0024 ang_vel_vec=[0.00020993 0.00186454 0.00142272] |com_force|=0.0000N
### kotek_magnet[tick=4440] sensor3: d=0.5470m in_range=False f_mag=0.000N tau_mag=0.0000Nm misalign_deg=90.0 pos=[-0.10910646 -0.1091459   0.49140114] bottom_world=[-0.10910664 -0.10914571  0.47140114] quat=[-3.8058296e-01  2.3869022e-06 -6.3060475e-06  9.2474687e-01] speed=0.0009 ang_speed=0.0028 ang_vel_vec=[0.00236959 0.00018771 0.0014901 ] |com_force|=0.0000N
### kotek_magnet[tick=4440] sensor4: d=0.5249m in_range=False f_mag=0.000N tau_mag=0.0000Nm misalign_deg=90.0 pos=[-0.10900022  0.10899847  0.4914024 ] bottom_world=[-0.10900011  0.10899878  0.47140239] quat=[ 3.8268310e-01  5.2597517e-07 -8.1883290e-06  9.2387980e-01] speed=0.0009 ang_speed=0.0019 ang_vel_vec=[-0.00049835 -0.00125239  0.00132676] |com_force|=0.0000N
### kotek_magnet[tick=4500] sensor1: d=0.4082m in_range=False f_mag=0.000N tau_mag=0.0000Nm misalign_deg=90.0 pos=[0.10880259 0.10900908 0.4914023 ] bottom_world=[0.10880279 0.10900908 0.4714023 ] quat=[ 9.2484200e-01 -1.8366471e-06 -4.6663472e-06  3.8035166e-01] speed=0.0010 ang_speed=0.0016 ang_vel_vec=[-0.00072462  0.00042993  0.00138345] |com_force|=0.0000N
### kotek_magnet[tick=4500] sensor2: d=0.3208m in_range=False f_mag=0.000N tau_mag=0.0000Nm misalign_deg=90.0 pos=[ 0.10902428 -0.10904726  0.4914012 ] bottom_world=[ 0.10902453 -0.1090469   0.4714012 ] quat=[ 9.2300075e-01  1.0765409e-05 -2.3467437e-06 -3.8479811e-01] speed=0.0009 ang_speed=0.0044 ang_vel_vec=[-0.0028936   0.00325031 -0.00054974] |com_force|=0.0000N
### kotek_magnet[tick=4500] sensor3: d=0.5470m in_range=False f_mag=0.000N tau_mag=0.0000Nm misalign_deg=90.0 pos=[-0.10910701 -0.10914565  0.4914011 ] bottom_world=[-0.10910702 -0.10914563  0.47140111] quat=[-3.8058317e-01  3.5427725e-08 -4.2232747e-07  9.2474669e-01] speed=0.0006 ang_speed=0.0096 ang_vel_vec=[0.00843129 0.00441618 0.00126157] |com_force|=0.0000N
### kotek_magnet[tick=4500] sensor4: d=0.5249m in_range=False f_mag=0.000N tau_mag=0.0000Nm misalign_deg=90.0 pos=[-0.10900007  0.10900016  0.49140245] bottom_world=[-0.10900028  0.10900002  0.47140245] quat=[3.8268217e-01 3.3854751e-06 5.2678679e-06 9.2388010e-01] speed=0.0010 ang_speed=0.0023 ang_vel_vec=[ 0.00175477 -0.00125394 -0.00081631] |com_force|=0.0000N
### kotek_magnet[tick=4560] sensor1: d=0.4082m in_range=False f_mag=0.000N tau_mag=0.0000Nm misalign_deg=90.0 pos=[0.10880382 0.10900922 0.4914023 ] bottom_world=[0.10880372 0.10900935 0.4714023 ] quat=[9.2484164e-01 3.9843076e-06 9.1871402e-07 3.8035259e-01] speed=0.0006 ang_speed=0.0028 ang_vel_vec=[-0.00044319 -0.00263774 -0.00089143] |com_force|=0.0000N
### kotek_magnet[tick=4560] sensor2: d=0.3208m in_range=False f_mag=0.000N tau_mag=0.0000Nm misalign_deg=90.0 pos=[ 0.10902465 -0.10904671  0.4914012 ] bottom_world=[ 0.10902464 -0.10904654  0.4714012 ] quat=[ 9.2300081e-01  3.9167567e-06  2.0346795e-06 -3.8479814e-01] speed=0.0004 ang_speed=0.0024 ang_vel_vec=[-0.00186941 -0.00138501 -0.00072076] |com_force|=0.0000N
### kotek_magnet[tick=4560] sensor3: d=0.5470m in_range=False f_mag=0.000N tau_mag=0.0000Nm misalign_deg=90.0 pos=[-0.10910671 -0.10914609  0.49140123] bottom_world=[-0.10910688 -0.10914584  0.47140123] quat=[-3.8058335e-01  1.4941777e-06 -7.3976707e-06  9.2474663e-01] speed=0.0006 ang_speed=0.0040 ang_vel_vec=[-0.00362051 -0.00151478  0.0005451 ] |com_force|=0.0000N
### kotek_magnet[tick=4560] sensor4: d=0.5249m in_range=False f_mag=0.000N tau_mag=0.0000Nm misalign_deg=90.0 pos=[-0.10900006  0.10900015  0.49140242] bottom_world=[-0.10900029  0.10900001  0.47140242] quat=[3.8268211e-01 3.9127854e-06 5.5433652e-06 9.2388016e-01] speed=0.0010 ang_speed=0.0027 ang_vel_vec=[ 0.00185767 -0.00181082 -0.0007562 ] |com_force|=0.0000N
### kotek_magnet[tick=4620] sensor1: d=0.4082m in_range=False f_mag=0.000N tau_mag=0.0000Nm misalign_deg=90.0 pos=[0.10880379 0.10900924 0.49140236] bottom_world=[0.1088037  0.10900936 0.47140236] quat=[9.2484158e-01 3.5721152e-06 1.1456184e-06 3.8035259e-01] speed=0.0006 ang_speed=0.0026 ang_vel_vec=[ 0.00140467 -0.00198876 -0.00086997] |com_force|=0.0000N
### kotek_magnet[tick=4620] sensor2: d=0.3208m in_range=False f_mag=0.000N tau_mag=0.0000Nm misalign_deg=90.0 pos=[ 0.10902462 -0.10904671  0.49140114] bottom_world=[ 0.10902462 -0.10904654  0.47140114] quat=[ 9.2300087e-01  3.7122059e-06  1.6611156e-06 -3.8479808e-01] speed=0.0004 ang_speed=0.0025 ang_vel_vec=[-0.00242717  0.00026119 -0.00070044] |com_force|=0.0000N
### kotek_magnet[tick=4620] sensor3: d=0.5470m in_range=False f_mag=0.000N tau_mag=0.0000Nm misalign_deg=90.0 pos=[-0.10910645 -0.10914586  0.4914011 ] bottom_world=[-0.10910664 -0.10914567  0.47140111] quat=[-3.8058299e-01  2.5080376e-06 -6.2073191e-06  9.2474681e-01] speed=0.0009 ang_speed=0.0033 ang_vel_vec=[0.00291772 0.00037954 0.00151069] |com_force|=0.0000N
### kotek_magnet[tick=4620] sensor4: d=0.5249m in_range=False f_mag=0.000N tau_mag=0.0000Nm misalign_deg=90.0 pos=[-0.10900036  0.10899955  0.4914022 ] bottom_world=[-0.10900033  0.1089996   0.47140221] quat=[ 3.8268211e-01 -4.2160480e-08 -1.4376067e-06  9.2388004e-01] speed=0.0005 ang_speed=0.0028 ang_vel_vec=[ 0.00208596  0.00167016 -0.00072814] |com_force|=0.0000N
### kotek_magnet[tick=4680] sensor1: d=0.4082m in_range=False f_mag=0.000N tau_mag=0.0000Nm misalign_deg=90.0 pos=[0.1088043  0.10900898 0.49140236] bottom_world=[0.10880403 0.10900932 0.47140236] quat=[9.2484152e-01 1.0562416e-05 2.9961650e-06 3.8035280e-01] speed=0.0010 ang_speed=0.0030 ang_vel_vec=[-0.0019782  -0.0019072  -0.00110513] |com_force|=0.0000N
### kotek_magnet[tick=4680] sensor2: d=0.3208m in_range=False f_mag=0.000N tau_mag=0.0000Nm misalign_deg=90.0 pos=[ 0.10902465 -0.10904671  0.4914011 ] bottom_world=[ 0.10902464 -0.10904654  0.47140111] quat=[ 9.2300081e-01  3.7599357e-06  1.8469893e-06 -3.8479811e-01] speed=0.0004 ang_speed=0.0026 ang_vel_vec=[-0.00239845 -0.00030392 -0.00095778] |com_force|=0.0000N
### kotek_magnet[tick=4680] sensor3: d=0.5470m in_range=False f_mag=0.000N tau_mag=0.0000Nm misalign_deg=90.0 pos=[-0.10910752 -0.10914607  0.4914012 ] bottom_world=[-0.10910746 -0.10914596  0.4714012 ] quat=[-3.8058403e-01 -2.4642968e-06 -2.1612211e-06  9.2474645e-01] speed=0.0005 ang_speed=0.0026 ang_vel_vec=[-0.00012343  0.00245652 -0.00095321] |com_force|=0.0000N
### kotek_magnet[tick=4680] sensor4: d=0.5249m in_range=False f_mag=0.000N tau_mag=0.0000Nm misalign_deg=90.0 pos=[-0.10900037  0.10899953  0.49140236] bottom_world=[-0.10900036  0.10899958  0.47140236] quat=[ 3.8268223e-01  1.8111680e-07 -1.3448480e-06  9.2388004e-01] speed=0.0005 ang_speed=0.0027 ang_vel_vec=[ 0.00210289  0.00128821 -0.00099398] |com_force|=0.0000N
### kotek_magnet[tick=4740] sensor1: d=0.4082m in_range=False f_mag=0.000N tau_mag=0.0000Nm misalign_deg=90.0 pos=[0.10880255 0.10900909 0.49140227] bottom_world=[0.10880275 0.1090091  0.47140227] quat=[ 9.2484200e-01 -1.4930928e-06 -4.7232929e-06  3.8035160e-01] speed=0.0010 ang_speed=0.0024 ang_vel_vec=[-0.00193166  0.00012225  0.00146895] |com_force|=0.0000N
### kotek_magnet[tick=4740] sensor2: d=0.3208m in_range=False f_mag=0.000N tau_mag=0.0000Nm misalign_deg=90.0 pos=[ 0.10902444 -0.10904641  0.49140105] bottom_world=[ 0.1090245  -0.10904627  0.47140105] quat=[ 9.2300069e-01  3.7199875e-06  6.9896117e-08 -3.8479841e-01] speed=0.0002 ang_speed=0.0027 ang_vel_vec=[-0.00133429  0.0023829   0.00027602] |com_force|=0.0000N
### kotek_magnet[tick=4740] sensor3: d=0.5470m in_range=False f_mag=0.000N tau_mag=0.0000Nm misalign_deg=90.0 pos=[-0.10910721 -0.10914586  0.49140108] bottom_world=[-0.10910717 -0.10914581  0.47140108] quat=[-3.8058349e-01 -1.3418493e-06 -8.7741887e-07  9.2474663e-01] speed=0.0002 ang_speed=0.0029 ang_vel_vec=[0.00239115 0.00157272 0.00029799] |com_force|=0.0000N
### kotek_magnet[tick=4740] sensor4: d=0.5249m in_range=False f_mag=0.000N tau_mag=0.0000Nm misalign_deg=90.0 pos=[-0.10900036  0.10899955  0.4914023 ] bottom_world=[-0.10900035  0.10899961  0.4714023 ] quat=[ 3.8268223e-01  1.9913838e-07 -1.5536234e-06  9.2388010e-01] speed=0.0005 ang_speed=0.0024 ang_vel_vec=[ 0.0018409   0.00136831 -0.00072656] |com_force|=0.0000N
### kotek_magnet[tick=4800] sensor1: d=0.4082m in_range=False f_mag=0.000N tau_mag=0.0000Nm misalign_deg=90.0 pos=[0.10880256 0.10900929 0.49140236] bottom_world=[0.10880277 0.10900922 0.47140236] quat=[ 9.2484194e-01 -3.6059141e-06 -4.1820222e-06  3.8035181e-01] speed=0.0009 ang_speed=0.0032 ang_vel_vec=[ 0.00316607 -0.00013032  0.00066592] |com_force|=0.0000N
### kotek_magnet[tick=4800] sensor2: d=0.3208m in_range=False f_mag=0.000N tau_mag=0.0000Nm misalign_deg=90.0 pos=[ 0.10902465 -0.10904592  0.49140117] bottom_world=[ 0.10902452 -0.10904597  0.47140117] quat=[ 9.2300057e-01 -2.5651277e-06  2.5181316e-06 -3.8479856e-01] speed=0.0007 ang_speed=0.0040 ang_vel_vec=[ 0.00182242 -0.00354338  0.00041397] |com_force|=0.0000N
### kotek_magnet[tick=4800] sensor3: d=0.5470m in_range=False f_mag=0.000N tau_mag=0.0000Nm misalign_deg=90.0 pos=[-0.1091067  -0.10914608  0.4914012 ] bottom_world=[-0.10910687 -0.10914584  0.4714012 ] quat=[-3.8058326e-01  1.4398848e-06 -7.1913528e-06  9.2474663e-01] speed=0.0006 ang_speed=0.0035 ang_vel_vec=[-0.00313683 -0.00137326  0.00042845] |com_force|=0.0000N
### kotek_magnet[tick=4800] sensor4: d=0.5249m in_range=False f_mag=0.000N tau_mag=0.0000Nm misalign_deg=90.0 pos=[-0.10900006  0.10900016  0.49140245] bottom_world=[-0.10900029  0.10900001  0.47140245] quat=[3.8268209e-01 3.8745093e-06 5.6537215e-06 9.2388016e-01] speed=0.0010 ang_speed=0.0031 ang_vel_vec=[ 0.00217878 -0.002026   -0.00086411] |com_force|=0.0000N
### kotek_magnet[tick=4860] sensor1: d=0.4082m in_range=False f_mag=0.000N tau_mag=0.0000Nm misalign_deg=90.0 pos=[0.10880259 0.10900907 0.49140245] bottom_world=[0.10880278 0.10900909 0.47140245] quat=[ 9.2484194e-01 -1.5197339e-06 -4.6187697e-06  3.8035175e-01] speed=0.0010 ang_speed=0.0021 ang_vel_vec=[-0.00131223  0.00029583  0.00158878] |com_force|=0.0000N
### kotek_magnet[tick=4860] sensor2: d=0.3208m in_range=False f_mag=0.000N tau_mag=0.0000Nm misalign_deg=90.0 pos=[ 0.10902464 -0.10904587  0.49140117] bottom_world=[ 0.1090245  -0.10904594  0.47140117] quat=[ 9.2300069e-01 -2.9154944e-06  2.5734585e-06 -3.8479850e-01] speed=0.0006 ang_speed=0.0048 ang_vel_vec=[ 0.00222741 -0.00423382  0.00068661] |com_force|=0.0000N
### kotek_magnet[tick=4860] sensor3: d=0.5470m in_range=False f_mag=0.000N tau_mag=0.0000Nm misalign_deg=90.0 pos=[-0.10910644 -0.10914613  0.49140102] bottom_world=[-0.10910664 -0.10914584  0.47140102] quat=[-3.8058320e-01  1.9786519e-06 -8.7971775e-06  9.2474675e-01] speed=0.0008 ang_speed=0.0024 ang_vel_vec=[-0.00220351  0.00047386  0.00094126] |com_force|=0.0000N
### kotek_magnet[tick=4860] sensor4: d=0.5249m in_range=False f_mag=0.000N tau_mag=0.0000Nm misalign_deg=90.0 pos=[-0.10900033  0.10899957  0.4914023 ] bottom_world=[-0.1090003   0.10899962  0.4714023 ] quat=[ 3.8268220e-01  3.1683523e-08 -1.4304474e-06  9.2388004e-01] speed=0.0005 ang_speed=0.0026 ang_vel_vec=[ 0.00193385  0.00165475 -0.00058774] |com_force|=0.0000N
### kotek_magnet[tick=4920] sensor1: d=0.4082m in_range=False f_mag=0.000N tau_mag=0.0000Nm misalign_deg=90.0 pos=[0.10880341 0.10900927 0.49140224] bottom_world=[0.10880342 0.10900936 0.47140224] quat=[ 9.2484164e-01  1.8665636e-06 -1.1525569e-06  3.8035235e-01] speed=0.0002 ang_speed=0.0009 ang_vel_vec=[ 7.8463519e-04 -5.0829029e-05 -3.4351772e-04] |com_force|=0.0000N
### kotek_magnet[tick=4920] sensor2: d=0.3208m in_range=False f_mag=0.000N tau_mag=0.0000Nm misalign_deg=90.0 pos=[ 0.10902462 -0.10904672  0.491401  ] bottom_world=[ 0.10902462 -0.10904654  0.47140099] quat=[ 9.2300075e-01  4.1089297e-06  1.8301716e-06 -3.8479808e-01] speed=0.0005 ang_speed=0.0024 ang_vel_vec=[-0.00223948 -0.00031312 -0.00074784] |com_force|=0.0000N
### kotek_magnet[tick=4920] sensor3: d=0.5470m in_range=False f_mag=0.000N tau_mag=0.0000Nm misalign_deg=90.0 pos=[-0.10910816 -0.10914578  0.49140096] bottom_world=[-0.10910789 -0.1091459   0.47140096] quat=[-3.8058421e-01 -5.0309054e-06  5.5260148e-06  9.2474639e-01] speed=0.0010 ang_speed=0.0030 ang_vel_vec=[ 0.00225407  0.00174443 -0.00077298] |com_force|=0.0000N
### kotek_magnet[tick=4920] sensor4: d=0.5249m in_range=False f_mag=0.000N tau_mag=0.0000Nm misalign_deg=90.0 pos=[-0.1090002  0.1089985  0.4914024] bottom_world=[-0.1090001   0.1089988   0.47140239] quat=[ 3.8268301e-01  6.4334182e-07 -7.9869715e-06  9.2387974e-01] speed=0.0009 ang_speed=0.0022 ang_vel_vec=[ 5.4109032e-06 -1.7293380e-03  1.3301972e-03] |com_force|=0.0000N
### kotek_magnet[tick=4980] sensor1: d=0.4082m in_range=False f_mag=0.000N tau_mag=0.0000Nm misalign_deg=90.0 pos=[0.1088043  0.10900894 0.49140236] bottom_world=[0.10880404 0.10900928 0.47140236] quat=[9.2484146e-01 1.0516110e-05 2.8466700e-06 3.8035274e-01] speed=0.0010 ang_speed=0.0026 ang_vel_vec=[-0.00178612 -0.00167376 -0.00079737] |com_force|=0.0000N
### kotek_magnet[tick=4980] sensor2: d=0.3208m in_range=False f_mag=0.000N tau_mag=0.0000Nm misalign_deg=90.0 pos=[ 0.10902444 -0.10904642  0.49140117] bottom_world=[ 0.1090245  -0.10904628  0.47140117] quat=[ 9.2300069e-01  3.8629373e-06  1.8686876e-08 -3.8479838e-01] speed=0.0002 ang_speed=0.0028 ang_vel_vec=[-0.00138588  0.0024062   0.00032024] |com_force|=0.0000N
### kotek_magnet[tick=4980] sensor3: d=0.5470m in_range=False f_mag=0.000N tau_mag=0.0000Nm misalign_deg=90.0 pos=[-0.10910814 -0.1091458   0.49140114] bottom_world=[-0.10910788 -0.10914592  0.47140114] quat=[-3.8058394e-01 -4.9766049e-06  5.2485470e-06  9.2474639e-01] speed=0.0010 ang_speed=0.0024 ang_vel_vec=[ 0.00174711  0.00144546 -0.00071271] |com_force|=0.0000N
### kotek_magnet[tick=4980] sensor4: d=0.5249m in_range=False f_mag=0.000N tau_mag=0.0000Nm misalign_deg=90.0 pos=[-0.10900022  0.10899842  0.4914024 ] bottom_world=[-0.1090001   0.10899874  0.47140239] quat=[ 3.8268301e-01  2.3729578e-07 -8.6999416e-06  9.2387974e-01] speed=0.0010 ang_speed=0.0018 ang_vel_vec=[-0.00086029 -0.00058502  0.00141449] |com_force|=0.0000N
### kotek_magnet[tick=5040] sensor1: d=0.4082m in_range=False f_mag=0.000N tau_mag=0.0000Nm misalign_deg=90.0 pos=[0.10880284 0.10900928 0.49140233] bottom_world=[0.10880301 0.10900925 0.47140233] quat=[ 9.2484182e-01 -2.2597524e-06 -3.7872278e-06  3.8035205e-01] speed=0.0006 ang_speed=0.0046 ang_vel_vec=[0.00418692 0.00179027 0.00063291] |com_force|=0.0000N
### kotek_magnet[tick=5040] sensor2: d=0.3208m in_range=False f_mag=0.000N tau_mag=0.0000Nm misalign_deg=90.0 pos=[ 0.10902466 -0.10904667  0.49140114] bottom_world=[ 0.10902464 -0.10904651  0.47140114] quat=[ 9.2300093e-01  3.6048518e-06  1.8898191e-06 -3.8479796e-01] speed=0.0004 ang_speed=0.0022 ang_vel_vec=[-0.0019393  -0.00080318 -0.00068748] |com_force|=0.0000N
### kotek_magnet[tick=5040] sensor3: d=0.5470m in_range=False f_mag=0.000N tau_mag=0.0000Nm misalign_deg=90.0 pos=[-0.10910752 -0.10914606  0.49140114] bottom_world=[-0.10910747 -0.10914593  0.47140114] quat=[-3.8058385e-01 -2.3486439e-06 -2.4480896e-06  9.2474645e-01] speed=0.0005 ang_speed=0.0022 ang_vel_vec=[-0.00085293  0.00194368 -0.00069889] |com_force|=0.0000N
### kotek_magnet[tick=5040] sensor4: d=0.5249m in_range=False f_mag=0.000N tau_mag=0.0000Nm misalign_deg=90.0 pos=[-0.10900021  0.10899851  0.4914023 ] bottom_world=[-0.10900009  0.10899882  0.4714023 ] quat=[ 3.826831e-01  3.397259e-07 -8.254622e-06  9.238797e-01] speed=0.0009 ang_speed=0.0016 ang_vel_vec=[-0.0006744  -0.00050662  0.00139129] |com_force|=0.0000N
### kotek_magnet[tick=5100] sensor1: d=0.4082m in_range=False f_mag=0.000N tau_mag=0.0000Nm misalign_deg=90.0 pos=[0.10880256 0.10900907 0.4914023 ] bottom_world=[0.10880276 0.10900909 0.4714023 ] quat=[ 9.2484194e-01 -1.3631247e-06 -4.6677646e-06  3.8035166e-01] speed=0.0010 ang_speed=0.0027 ang_vel_vec=[-0.00225096 -0.00016969  0.00142182] |com_force|=0.0000N
### kotek_magnet[tick=5100] sensor2: d=0.3208m in_range=False f_mag=0.000N tau_mag=0.0000Nm misalign_deg=90.0 pos=[ 0.10902434 -0.10904735  0.4914012 ] bottom_world=[ 0.10902458 -0.10904697  0.4714012 ] quat=[ 9.2300081e-01  1.1057903e-05 -1.8060130e-06 -3.8479790e-01] speed=0.0010 ang_speed=0.0028 ang_vel_vec=[-0.00169949  0.00206563 -0.00081371] |com_force|=0.0000N
### kotek_magnet[tick=5100] sensor3: d=0.5470m in_range=False f_mag=0.000N tau_mag=0.0000Nm misalign_deg=90.0 pos=[-0.1091075  -0.10914608  0.49140108] bottom_world=[-0.10910745 -0.10914596  0.47140108] quat=[-3.8058394e-01 -2.4951348e-06 -2.3387909e-06  9.2474645e-01] speed=0.0005 ang_speed=0.0023 ang_vel_vec=[-0.00090036  0.00203241 -0.00076143] |com_force|=0.0000N
### kotek_magnet[tick=5100] sensor4: d=0.5249m in_range=False f_mag=0.000N tau_mag=0.0000Nm misalign_deg=90.0 pos=[-0.10900018  0.10899847  0.49140236] bottom_world=[-0.10900008  0.10899878  0.47140236] quat=[ 3.8268298e-01  5.1290783e-07 -8.0810805e-06  9.2387974e-01] speed=0.0009 ang_speed=0.0017 ang_vel_vec=[-0.00039316 -0.00106915  0.00131692] |com_force|=0.0000N
### kotek_magnet[tick=5160] sensor1: d=0.4082m in_range=False f_mag=0.000N tau_mag=0.0000Nm misalign_deg=90.0 pos=[0.10880258 0.1090091  0.4914024 ] bottom_world=[0.10880278 0.10900912 0.47140239] quat=[ 9.2484200e-01 -1.4972915e-06 -4.7217063e-06  3.8035166e-01] speed=0.0010 ang_speed=0.0024 ang_vel_vec=[-0.00181942  0.00013213  0.00155034] |com_force|=0.0000N
### kotek_magnet[tick=5160] sensor2: d=0.3208m in_range=False f_mag=0.000N tau_mag=0.0000Nm misalign_deg=90.0 pos=[ 0.10902464 -0.10904589  0.49140108] bottom_world=[ 0.1090245  -0.10904595  0.47140108] quat=[ 9.2300057e-01 -2.8489449e-06  2.6517200e-06 -3.8479856e-01] speed=0.0006 ang_speed=0.0048 ang_vel_vec=[ 0.00212898 -0.00420257  0.00064253] |com_force|=0.0000N
### kotek_magnet[tick=5160] sensor3: d=0.5470m in_range=False f_mag=0.000N tau_mag=0.0000Nm misalign_deg=90.0 pos=[-0.10910729 -0.10914579  0.49140105] bottom_world=[-0.10910721 -0.10914576  0.47140105] quat=[-3.8058349e-01 -2.1323078e-06  6.0990722e-08  9.2474663e-01] speed=0.0002 ang_speed=0.0027 ang_vel_vec=[0.00176509 0.00197079 0.0004894 ] |com_force|=0.0000N
### kotek_magnet[tick=5160] sensor4: d=0.5249m in_range=False f_mag=0.000N tau_mag=0.0000Nm misalign_deg=90.0 pos=[-0.10900036  0.10899955  0.49140236] bottom_world=[-0.10900034  0.10899961  0.47140236] quat=[ 3.8268238e-01  1.3169597e-07 -1.5861933e-06  9.2387998e-01] speed=0.0005 ang_speed=0.0026 ang_vel_vec=[ 0.00195586  0.00166427 -0.00063622] |com_force|=0.0000N
### still playing, 1310s left
### kotek_magnet[tick=5220] sensor1: d=0.4082m in_range=False f_mag=0.000N tau_mag=0.0000Nm misalign_deg=90.0 pos=[0.10880256 0.10900912 0.49140233] bottom_world=[0.10880275 0.10900914 0.47140233] quat=[ 9.2484200e-01 -1.5255848e-06 -4.7021863e-06  3.8035181e-01] speed=0.0010 ang_speed=0.0024 ang_vel_vec=[-1.9229533e-03  5.8836205e-05  1.3547620e-03] |com_force|=0.0000N
### kotek_magnet[tick=5220] sensor2: d=0.3208m in_range=False f_mag=0.000N tau_mag=0.0000Nm misalign_deg=90.0 pos=[ 0.10902446 -0.10904561  0.49140123] bottom_world=[ 0.10902436 -0.1090457   0.47140123] quat=[ 9.2300045e-01 -3.0105552e-06  1.4426987e-06 -3.8479888e-01] speed=0.0010 ang_speed=0.0021 ang_vel_vec=[0.00048402 0.001569   0.00136841] |com_force|=0.0000N
### kotek_magnet[tick=5220] sensor3: d=0.5470m in_range=False f_mag=0.000N tau_mag=0.0000Nm misalign_deg=90.0 pos=[-0.10910817 -0.10914576  0.49140108] bottom_world=[-0.10910791 -0.10914588  0.47140108] quat=[-3.8058406e-01 -4.9204887e-06  5.3178974e-06  9.2474639e-01] speed=0.0010 ang_speed=0.0026 ang_vel_vec=[ 0.00191488  0.00157363 -0.00084356] |com_force|=0.0000N
### kotek_magnet[tick=5220] sensor4: d=0.5249m in_range=False f_mag=0.000N tau_mag=0.0000Nm misalign_deg=90.0 pos=[-0.10900008  0.10900016  0.4914023 ] bottom_world=[-0.1090003   0.10900001  0.4714023 ] quat=[3.8268206e-01 3.7835573e-06 5.5566434e-06 9.2388010e-01] speed=0.0010 ang_speed=0.0027 ang_vel_vec=[ 0.00183814 -0.00179453 -0.00084655] |com_force|=0.0000N
### kotek_magnet[tick=5280] sensor1: d=0.4082m in_range=False f_mag=0.000N tau_mag=0.0000Nm misalign_deg=90.0 pos=[0.10880283 0.10900927 0.49140233] bottom_world=[0.10880299 0.10900925 0.47140233] quat=[ 9.2484182e-01 -2.0375116e-06 -3.7021202e-06  3.8035220e-01] speed=0.0006 ang_speed=0.0041 ang_vel_vec=[0.00380263 0.00160614 0.00036711] |com_force|=0.0000N
### kotek_magnet[tick=5280] sensor2: d=0.3208m in_range=False f_mag=0.000N tau_mag=0.0000Nm misalign_deg=90.0 pos=[ 0.10902435 -0.10904735  0.49140117] bottom_world=[ 0.10902458 -0.10904697  0.47140117] quat=[ 9.2300087e-01  1.0903319e-05 -1.8455125e-06 -3.8479793e-01] speed=0.0009 ang_speed=0.0031 ang_vel_vec=[-0.00186718  0.00227158 -0.0009774 ] |com_force|=0.0000N
### kotek_magnet[tick=5280] sensor3: d=0.5470m in_range=False f_mag=0.000N tau_mag=0.0000Nm misalign_deg=90.0 pos=[-0.10910815 -0.10914579  0.4914011 ] bottom_world=[-0.10910789 -0.10914591  0.47140111] quat=[-3.8058412e-01 -4.9277437e-06  5.3691592e-06  9.2474633e-01] speed=0.0010 ang_speed=0.0030 ang_vel_vec=[ 0.00217832  0.00174465 -0.00098253] |com_force|=0.0000N
### kotek_magnet[tick=5280] sensor4: d=0.5249m in_range=False f_mag=0.000N tau_mag=0.0000Nm misalign_deg=90.0 pos=[-0.10900009  0.10900019  0.4914023 ] bottom_world=[-0.10900032  0.10900004  0.4714023 ] quat=[3.8268206e-01 3.8721237e-06 5.7581442e-06 9.2388010e-01] speed=0.0010 ang_speed=0.0031 ang_vel_vec=[ 0.00205023 -0.00205011 -0.00097724] |com_force|=0.0000N
### kotek_magnet[tick=5340] sensor1: d=0.4082m in_range=False f_mag=0.000N tau_mag=0.0000Nm misalign_deg=90.0 pos=[0.10880258 0.10900909 0.49140236] bottom_world=[0.10880277 0.10900912 0.47140236] quat=[ 9.2484194e-01 -1.3256968e-06 -4.6933928e-06  3.8035172e-01] speed=0.0010 ang_speed=0.0027 ang_vel_vec=[-0.00233702 -0.00015814  0.00138438] |com_force|=0.0000N
### kotek_magnet[tick=5340] sensor2: d=0.3208m in_range=False f_mag=0.000N tau_mag=0.0000Nm misalign_deg=90.0 pos=[ 0.10902433 -0.10904738  0.4914011 ] bottom_world=[ 0.10902458 -0.10904699  0.47140111] quat=[ 9.2300087e-01  1.1366099e-05 -1.9351044e-06 -3.8479787e-01] speed=0.0010 ang_speed=0.0031 ang_vel_vec=[-0.0019184   0.00223334 -0.00086567] |com_force|=0.0000N
### kotek_magnet[tick=5340] sensor3: d=0.5470m in_range=False f_mag=0.000N tau_mag=0.0000Nm misalign_deg=90.0 pos=[-0.10910815 -0.10914577  0.49140105] bottom_world=[-0.10910789 -0.10914588  0.47140105] quat=[-3.8058406e-01 -4.9020223e-06  5.0607177e-06  9.2474633e-01] speed=0.0010 ang_speed=0.0025 ang_vel_vec=[ 0.00176611  0.00150206 -0.00084959] |com_force|=0.0000N
### kotek_magnet[tick=5340] sensor4: d=0.5249m in_range=False f_mag=0.000N tau_mag=0.0000Nm misalign_deg=90.0 pos=[-0.10900008  0.10900018  0.49140236] bottom_world=[-0.1090003   0.10900003  0.47140236] quat=[3.8268209e-01 3.7401089e-06 5.3885515e-06 9.2388010e-01] speed=0.0010 ang_speed=0.0027 ang_vel_vec=[ 0.00179125 -0.00177822 -0.00082673] |com_force|=0.0000N
### kotek_magnet[tick=5400] sensor1: d=0.4082m in_range=False f_mag=0.000N tau_mag=0.0000Nm misalign_deg=90.0 pos=[0.10880259 0.10900907 0.49140233] bottom_world=[0.10880279 0.10900909 0.47140233] quat=[ 9.2484194e-01 -1.4542525e-06 -4.6559726e-06  3.8035160e-01] speed=0.0010 ang_speed=0.0022 ang_vel_vec=[-0.0016036   0.00018857  0.00152528] |com_force|=0.0000N
### kotek_magnet[tick=5400] sensor2: d=0.3208m in_range=False f_mag=0.000N tau_mag=0.0000Nm misalign_deg=90.0 pos=[ 0.10902464 -0.10904645  0.49140102] bottom_world=[ 0.1090246  -0.10904637  0.47140102] quat=[ 9.2300069e-01  1.5424406e-06  1.8252621e-06 -3.8479835e-01] speed=0.0001 ang_speed=0.0022 ang_vel_vec=[ 0.00141144 -0.00160596 -0.00028499] |com_force|=0.0000N
### kotek_magnet[tick=5400] sensor3: d=0.5470m in_range=False f_mag=0.000N tau_mag=0.0000Nm misalign_deg=90.0 pos=[-0.10910645 -0.1091459   0.49140108] bottom_world=[-0.10910664 -0.1091457   0.47140108] quat=[-3.8058293e-01  2.4806016e-06 -6.4736651e-06  9.2474687e-01] speed=0.0009 ang_speed=0.0028 ang_vel_vec=[ 2.2860479e-03 -7.9717978e-07  1.5336776e-03] |com_force|=0.0000N
### kotek_magnet[tick=5400] sensor4: d=0.5249m in_range=False f_mag=0.000N tau_mag=0.0000Nm misalign_deg=90.0 pos=[-0.10899987  0.10900023  0.4914023 ] bottom_world=[-0.10900016  0.10900007  0.4714023 ] quat=[3.8268238e-01 5.1019492e-06 6.4151832e-06 9.2388004e-01] speed=0.0012 ang_speed=0.0138 ang_vel_vec=[ 0.0070558  -0.01181136 -0.00017803] |com_force|=0.0000N
### kotek_magnet[tick=5460] sensor1: d=0.4082m in_range=False f_mag=0.000N tau_mag=0.0000Nm misalign_deg=90.0 pos=[0.10880432 0.10900896 0.49140254] bottom_world=[0.10880405 0.10900931 0.47140254] quat=[9.2484158e-01 1.0641968e-05 2.8440656e-06 3.8035282e-01] speed=0.0010 ang_speed=0.0029 ang_vel_vec=[-0.0020466  -0.00177032 -0.00114123] |com_force|=0.0000N
### kotek_magnet[tick=5460] sensor2: d=0.3208m in_range=False f_mag=0.000N tau_mag=0.0000Nm misalign_deg=90.0 pos=[ 0.10902451 -0.10904559  0.49140117] bottom_world=[ 0.10902439 -0.10904569  0.47140117] quat=[ 9.2300045e-01 -3.4886486e-06  1.7941643e-06 -3.8479882e-01] speed=0.0010 ang_speed=0.0018 ang_vel_vec=[0.00068692 0.00119346 0.00116209] |com_force|=0.0000N
### kotek_magnet[tick=5460] sensor3: d=0.5470m in_range=False f_mag=0.000N tau_mag=0.0000Nm misalign_deg=90.0 pos=[-0.1091067  -0.10914608  0.4914011 ] bottom_world=[-0.10910687 -0.10914584  0.47140111] quat=[-3.8058341e-01  1.5338192e-06 -7.2474163e-06  9.2474657e-01] speed=0.0006 ang_speed=0.0040 ang_vel_vec=[-0.00365032 -0.00154859  0.00026402] |com_force|=0.0000N
### kotek_magnet[tick=5460] sensor4: d=0.5249m in_range=False f_mag=0.000N tau_mag=0.0000Nm misalign_deg=90.0 pos=[-0.10900006  0.10900017  0.49140245] bottom_world=[-0.10900028  0.10900003  0.47140245] quat=[3.8268209e-01 3.8925427e-06 5.4901780e-06 9.2388016e-01] speed=0.0010 ang_speed=0.0027 ang_vel_vec=[ 0.00166267 -0.00187781 -0.00105413] |com_force|=0.0000N
### kotek_magnet[tick=5520] sensor1: d=0.4082m in_range=False f_mag=0.000N tau_mag=0.0000Nm misalign_deg=90.0 pos=[0.10880383 0.10900929 0.49140224] bottom_world=[0.10880373 0.10900941 0.47140224] quat=[9.2484152e-01 3.6907618e-06 1.0986479e-06 3.8035277e-01] speed=0.0006 ang_speed=0.0024 ang_vel_vec=[ 0.00074425 -0.00213146 -0.00082958] |com_force|=0.0000N
### kotek_magnet[tick=5520] sensor2: d=0.3208m in_range=False f_mag=0.000N tau_mag=0.0000Nm misalign_deg=90.0 pos=[ 0.10902446 -0.10904563  0.4914011 ] bottom_world=[ 0.10902437 -0.10904572  0.47140111] quat=[ 9.2300051e-01 -2.8471379e-06  1.3025088e-06 -3.8479900e-01] speed=0.0010 ang_speed=0.0028 ang_vel_vec=[0.00014761 0.00239973 0.00146516] |com_force|=0.0000N
### kotek_magnet[tick=5520] sensor3: d=0.5470m in_range=False f_mag=0.000N tau_mag=0.0000Nm misalign_deg=90.0 pos=[-0.10910749 -0.10914604  0.49140114] bottom_world=[-0.10910743 -0.10914592  0.47140114] quat=[-3.8058382e-01 -2.3818613e-06 -2.2626259e-06  9.2474639e-01] speed=0.0005 ang_speed=0.0024 ang_vel_vec=[-0.00011395  0.00233369 -0.00070161] |com_force|=0.0000N
### kotek_magnet[tick=5520] sensor4: d=0.5249m in_range=False f_mag=0.000N tau_mag=0.0000Nm misalign_deg=90.0 pos=[-0.10900007  0.10900016  0.49140227] bottom_world=[-0.10900029  0.10900001  0.47140227] quat=[3.8268209e-01 3.6952329e-06 5.5994819e-06 9.2388016e-01] speed=0.0010 ang_speed=0.0024 ang_vel_vec=[ 0.00167954 -0.00151232 -0.00071681] |com_force|=0.0000N
### kotek_magnet[tick=5580] sensor1: d=0.4082m in_range=False f_mag=0.000N tau_mag=0.0000Nm misalign_deg=90.0 pos=[0.10880429 0.10900898 0.49140233] bottom_world=[0.10880403 0.10900933 0.47140233] quat=[9.2484152e-01 1.0514794e-05 2.8255113e-06 3.8035282e-01] speed=0.0010 ang_speed=0.0026 ang_vel_vec=[-0.00182382 -0.00160322 -0.00081879] |com_force|=0.0000N
### kotek_magnet[tick=5580] sensor2: d=0.3208m in_range=False f_mag=0.000N tau_mag=0.0000Nm misalign_deg=90.0 pos=[ 0.10902463 -0.10904645  0.4914011 ] bottom_world=[ 0.10902458 -0.10904636  0.47140111] quat=[ 9.2300075e-01  1.6393890e-06  1.9377171e-06 -3.8479832e-01] speed=0.0001 ang_speed=0.0019 ang_vel_vec=[ 0.00067154 -0.00169399 -0.00036086] |com_force|=0.0000N
### kotek_magnet[tick=5580] sensor3: d=0.5470m in_range=False f_mag=0.000N tau_mag=0.0000Nm misalign_deg=90.0 pos=[-0.10910729 -0.10914582  0.49140102] bottom_world=[-0.10910726 -0.10914578  0.47140102] quat=[-3.8058352e-01 -9.2612459e-07 -6.9481092e-07  9.2474657e-01] speed=0.0003 ang_speed=0.0057 ang_vel_vec=[0.00500597 0.00260126 0.0003901 ] |com_force|=0.0000N
### kotek_magnet[tick=5580] sensor4: d=0.5249m in_range=False f_mag=0.000N tau_mag=0.0000Nm misalign_deg=90.0 pos=[-0.10900037  0.10899874  0.4914023 ] bottom_world=[-0.10900022  0.10899903  0.4714023 ] quat=[ 3.8268256e-01 -5.8581730e-07 -8.1695989e-06  9.2387986e-01] speed=0.0006 ang_speed=0.0044 ang_vel_vec=[-0.00168817  0.00400897  0.00050044] |com_force|=0.0000N
### kotek_magnet[tick=5640] sensor1: d=0.4082m in_range=False f_mag=0.000N tau_mag=0.0000Nm misalign_deg=90.0 pos=[0.10880381 0.10900926 0.49140242] bottom_world=[0.10880372 0.10900938 0.47140242] quat=[9.2484152e-01 3.6719271e-06 9.8613248e-07 3.8035268e-01] speed=0.0006 ang_speed=0.0025 ang_vel_vec=[ 0.0005093  -0.00226399 -0.00086172] |com_force|=0.0000N
### kotek_magnet[tick=5640] sensor2: d=0.3208m in_range=False f_mag=0.000N tau_mag=0.0000Nm misalign_deg=90.0 pos=[ 0.10902467 -0.10904647  0.49140105] bottom_world=[ 0.10902462 -0.10904638  0.47140105] quat=[ 9.2300075e-01  1.6079354e-06  1.8486544e-06 -3.8479823e-01] speed=0.0001 ang_speed=0.0014 ang_vel_vec=[ 0.0007156  -0.00112965 -0.00031512] |com_force|=0.0000N
### kotek_magnet[tick=5640] sensor3: d=0.5470m in_range=False f_mag=0.000N tau_mag=0.0000Nm misalign_deg=90.0 pos=[-0.10910752 -0.10914608  0.4914011 ] bottom_world=[-0.10910746 -0.10914595  0.47140111] quat=[-3.8058385e-01 -2.4355090e-06 -2.4570763e-06  9.2474645e-01] speed=0.0005 ang_speed=0.0023 ang_vel_vec=[-0.00099394  0.00192713 -0.0006977 ] |com_force|=0.0000N
### kotek_magnet[tick=5640] sensor4: d=0.5249m in_range=False f_mag=0.000N tau_mag=0.0000Nm misalign_deg=90.0 pos=[-0.10900037  0.10899873  0.4914023 ] bottom_world=[-0.10900022  0.10899902  0.4714023 ] quat=[ 3.8268268e-01 -6.1695607e-07 -8.1569106e-06  9.2387986e-01] speed=0.0006 ang_speed=0.0048 ang_vel_vec=[-0.00185722  0.00442674  0.00049949] |com_force|=0.0000N
### kotek_magnet[tick=5700] sensor1: d=0.4082m in_range=False f_mag=0.000N tau_mag=0.0000Nm misalign_deg=90.0 pos=[0.10880256 0.10900906 0.49140233] bottom_world=[0.10880276 0.10900908 0.47140233] quat=[ 9.2484200e-01 -1.4235835e-06 -4.6972750e-06  3.8035169e-01] speed=0.0010 ang_speed=0.0027 ang_vel_vec=[-2.2901280e-03 -9.3641633e-05  1.4125792e-03] |com_force|=0.0000N
### kotek_magnet[tick=5700] sensor2: d=0.3208m in_range=False f_mag=0.000N tau_mag=0.0000Nm misalign_deg=90.0 pos=[ 0.10902447 -0.10904566  0.4914012 ] bottom_world=[ 0.10902437 -0.10904575  0.4714012 ] quat=[ 9.2300045e-01 -3.0560605e-06  1.5282003e-06 -3.8479882e-01] speed=0.0010 ang_speed=0.0020 ang_vel_vec=[0.00054242 0.0013145  0.00143098] |com_force|=0.0000N
### kotek_magnet[tick=5700] sensor3: d=0.5470m in_range=False f_mag=0.000N tau_mag=0.0000Nm misalign_deg=90.0 pos=[-0.10910731 -0.1091458   0.49140108] bottom_world=[-0.10910722 -0.10914577  0.47140108] quat=[-3.8058352e-01 -2.2132408e-06  2.5972170e-07  9.2474663e-01] speed=0.0002 ang_speed=0.0028 ang_vel_vec=[0.0017724  0.00209419 0.00038127] |com_force|=0.0000N
### kotek_magnet[tick=5700] sensor4: d=0.5249m in_range=False f_mag=0.000N tau_mag=0.0000Nm misalign_deg=90.0 pos=[-0.10900044  0.10899843  0.4914024 ] bottom_world=[-0.10900023  0.10899877  0.47140239] quat=[ 3.8268289e-01 -1.4938204e-06 -9.7035045e-06  9.2387980e-01] speed=0.0009 ang_speed=0.0035 ang_vel_vec=[0.00015604 0.00341292 0.00060242] |com_force|=0.0000N
### kotek_magnet[tick=5760] sensor1: d=0.4082m in_range=False f_mag=0.000N tau_mag=0.0000Nm misalign_deg=90.0 pos=[0.10880432 0.109009   0.4914023 ] bottom_world=[0.10880405 0.10900934 0.4714023 ] quat=[9.2484146e-01 1.0421975e-05 2.8049390e-06 3.8035282e-01] speed=0.0010 ang_speed=0.0026 ang_vel_vec=[-0.00180159 -0.00165305 -0.00085888] |com_force|=0.0000N
### kotek_magnet[tick=5760] sensor2: d=0.3208m in_range=False f_mag=0.000N tau_mag=0.0000Nm misalign_deg=90.0 pos=[ 0.10902471 -0.10904559  0.49140105] bottom_world=[ 0.10902451 -0.1090457   0.47140105] quat=[ 9.2300051e-01 -4.3969990e-06  3.5812059e-06 -3.8479879e-01] speed=0.0009 ang_speed=0.0031 ang_vel_vec=[-0.00023234 -0.00295534  0.00073995] |com_force|=0.0000N
### kotek_magnet[tick=5760] sensor3: d=0.5470m in_range=False f_mag=0.000N tau_mag=0.0000Nm misalign_deg=90.0 pos=[-0.10910814 -0.10914575  0.49140114] bottom_world=[-0.10910788 -0.10914587  0.47140114] quat=[-3.8058403e-01 -4.9295886e-06  5.0735862e-06  9.2474639e-01] speed=0.0010 ang_speed=0.0024 ang_vel_vec=[ 0.00175312  0.00148238 -0.00077611] |com_force|=0.0000N
### kotek_magnet[tick=5760] sensor4: d=0.5249m in_range=False f_mag=0.000N tau_mag=0.0000Nm misalign_deg=90.0 pos=[-0.10900021  0.10899848  0.49140233] bottom_world=[-0.10900011  0.10899879  0.47140233] quat=[ 3.8268295e-01  5.0702312e-07 -8.1823127e-06  9.2387974e-01] speed=0.0009 ang_speed=0.0018 ang_vel_vec=[-0.00051569 -0.00109513  0.00133902] |com_force|=0.0000N
### kotek_magnet[tick=5820] sensor1: d=0.4082m in_range=False f_mag=0.000N tau_mag=0.0000Nm misalign_deg=90.0 pos=[0.10880381 0.10900925 0.49140233] bottom_world=[0.10880371 0.10900939 0.47140233] quat=[9.2484146e-01 4.2115862e-06 1.0436942e-06 3.8035271e-01] speed=0.0006 ang_speed=0.0031 ang_vel_vec=[-0.00084508 -0.00284371 -0.00096803] |com_force|=0.0000N
### kotek_magnet[tick=5820] sensor2: d=0.3208m in_range=False f_mag=0.000N tau_mag=0.0000Nm misalign_deg=90.0 pos=[ 0.10902447 -0.10904565  0.49140117] bottom_world=[ 0.10902437 -0.10904573  0.47140117] quat=[ 9.2300045e-01 -2.6848941e-06  1.3482618e-06 -3.8479906e-01] speed=0.0010 ang_speed=0.0028 ang_vel_vec=[4.4170480e-05 2.4235593e-03 1.3696440e-03] |com_force|=0.0000N
### kotek_magnet[tick=5820] sensor3: d=0.5470m in_range=False f_mag=0.000N tau_mag=0.0000Nm misalign_deg=90.0 pos=[-0.10910751 -0.10914608  0.49140105] bottom_world=[-0.10910744 -0.10914597  0.47140105] quat=[-3.8058391e-01 -2.6153937e-06 -2.0079449e-06  9.2474645e-01] speed=0.0005 ang_speed=0.0025 ang_vel_vec=[-0.00013203  0.00234182 -0.00078275] |com_force|=0.0000N
### kotek_magnet[tick=5820] sensor4: d=0.5249m in_range=False f_mag=0.000N tau_mag=0.0000Nm misalign_deg=90.0 pos=[-0.10900036  0.10899876  0.49140233] bottom_world=[-0.10900023  0.10899905  0.47140233] quat=[ 3.8268277e-01 -4.1369381e-07 -7.8767816e-06  9.2387992e-01] speed=0.0006 ang_speed=0.0043 ang_vel_vec=[-0.00158336  0.0039658   0.00040559] |com_force|=0.0000N
### kotek_magnet[tick=5880] sensor1: d=0.4082m in_range=False f_mag=0.000N tau_mag=0.0000Nm misalign_deg=90.0 pos=[0.10880428 0.10900895 0.4914024 ] bottom_world=[0.10880401 0.1090093  0.47140239] quat=[9.2484146e-01 1.0493025e-05 2.8702157e-06 3.8035271e-01] speed=0.0010 ang_speed=0.0026 ang_vel_vec=[-0.0018481  -0.0016787  -0.00087955] |com_force|=0.0000N
### kotek_magnet[tick=5880] sensor2: d=0.3208m in_range=False f_mag=0.000N tau_mag=0.0000Nm misalign_deg=90.0 pos=[ 0.10902467 -0.10904589  0.49140117] bottom_world=[ 0.10902453 -0.10904596  0.47140117] quat=[ 9.2300063e-01 -2.9353025e-06  2.6817272e-06 -3.8479859e-01] speed=0.0006 ang_speed=0.0046 ang_vel_vec=[ 0.00192521 -0.00418254  0.00050936] |com_force|=0.0000N
### kotek_magnet[tick=5880] sensor3: d=0.5470m in_range=False f_mag=0.000N tau_mag=0.0000Nm misalign_deg=90.0 pos=[-0.10910816 -0.10914579  0.4914012 ] bottom_world=[-0.1091079 -0.1091459  0.4714012] quat=[-3.805840e-01 -4.958733e-06  5.119742e-06  9.247464e-01] speed=0.0010 ang_speed=0.0026 ang_vel_vec=[ 0.0018186   0.00159887 -0.00080769] |com_force|=0.0000N
### kotek_magnet[tick=5880] sensor4: d=0.5249m in_range=False f_mag=0.000N tau_mag=0.0000Nm misalign_deg=90.0 pos=[-0.10900021  0.10899849  0.4914024 ] bottom_world=[-0.10900011  0.1089988   0.47140239] quat=[ 3.8268295e-01  4.7516679e-07 -8.2158285e-06  9.2387968e-01] speed=0.0009 ang_speed=0.0017 ang_vel_vec=[-0.00054297 -0.00100496  0.00131206] |com_force|=0.0000N
### kotek_magnet[tick=5940] sensor1: d=0.4082m in_range=False f_mag=0.000N tau_mag=0.0000Nm misalign_deg=90.0 pos=[0.10880381 0.10900926 0.49140233] bottom_world=[0.10880371 0.10900939 0.47140233] quat=[9.2484152e-01 3.8460207e-06 9.5218013e-07 3.8035282e-01] speed=0.0006 ang_speed=0.0028 ang_vel_vec=[-0.00019886 -0.00259112 -0.00095398] |com_force|=0.0000N
### kotek_magnet[tick=5940] sensor2: d=0.3208m in_range=False f_mag=0.000N tau_mag=0.0000Nm misalign_deg=90.0 pos=[ 0.10902447 -0.10904567  0.49140114] bottom_world=[ 0.10902437 -0.10904575  0.47140114] quat=[ 9.2300045e-01 -2.8684126e-06  1.4802786e-06 -3.8479888e-01] speed=0.0010 ang_speed=0.0023 ang_vel_vec=[0.00037076 0.00176137 0.00136774] |com_force|=0.0000N
### kotek_magnet[tick=5940] sensor3: d=0.5470m in_range=False f_mag=0.000N tau_mag=0.0000Nm misalign_deg=90.0 pos=[-0.10910671 -0.10914607  0.49140108] bottom_world=[-0.10910688 -0.10914583  0.47140108] quat=[-3.8058341e-01  1.4895163e-06 -7.3063711e-06  9.2474657e-01] speed=0.0006 ang_speed=0.0039 ang_vel_vec=[-0.00351603 -0.00149898  0.00047996] |com_force|=0.0000N
### kotek_magnet[tick=5940] sensor4: d=0.5249m in_range=False f_mag=0.000N tau_mag=0.0000Nm misalign_deg=90.0 pos=[-0.10900021  0.1089985   0.4914023 ] bottom_world=[-0.1090001   0.10899881  0.4714023 ] quat=[ 3.8268301e-01  5.1413002e-07 -8.1329026e-06  9.2387974e-01] speed=0.0009 ang_speed=0.0019 ang_vel_vec=[-0.00025061 -0.00134374  0.00127921] |com_force|=0.0000N
### kotek_magnet[tick=6000] sensor1: d=0.4082m in_range=False f_mag=0.000N tau_mag=0.0000Nm misalign_deg=90.0 pos=[0.10880253 0.10900909 0.49140242] bottom_world=[0.10880274 0.1090091  0.47140242] quat=[ 9.2484200e-01 -1.9766669e-06 -4.8691763e-06  3.8035163e-01] speed=0.0010 ang_speed=0.0020 ang_vel_vec=[-0.00120432  0.00045539  0.00152418] |com_force|=0.0000N
### kotek_magnet[tick=6000] sensor2: d=0.3208m in_range=False f_mag=0.000N tau_mag=0.0000Nm misalign_deg=90.0 pos=[ 0.10902447 -0.10904565  0.49140108] bottom_world=[ 0.10902438 -0.10904573  0.47140108] quat=[ 9.2300045e-01 -2.8471113e-06  1.4328912e-06 -3.8479888e-01] speed=0.0010 ang_speed=0.0025 ang_vel_vec=[0.00036536 0.00197975 0.00148149] |com_force|=0.0000N
### kotek_magnet[tick=6000] sensor3: d=0.5470m in_range=False f_mag=0.000N tau_mag=0.0000Nm misalign_deg=90.0 pos=[-0.10910825 -0.1091456   0.4914011 ] bottom_world=[-0.10910795 -0.10914581  0.47140111] quat=[-3.8058382e-01 -4.7921699e-06  7.6746182e-06  9.2474645e-01] speed=0.0014 ang_speed=0.0163 ang_vel_vec=[ 0.01417181  0.00807301 -0.00025528] |com_force|=0.0000N
### kotek_magnet[tick=6000] sensor4: d=0.5249m in_range=False f_mag=0.000N tau_mag=0.0000Nm misalign_deg=90.0 pos=[-0.10900035  0.10899951  0.49140233] bottom_world=[-0.10900033  0.10899957  0.47140233] quat=[ 3.8268223e-01  2.1598349e-07 -1.5382957e-06  9.2388004e-01] speed=0.0005 ang_speed=0.0026 ang_vel_vec=[ 0.00202015  0.00144143 -0.00069247] |com_force|=0.0000N
### kotek_magnet[tick=6060] sensor1: d=0.4082m in_range=False f_mag=0.000N tau_mag=0.0000Nm misalign_deg=90.0 pos=[0.10880251 0.10900911 0.49140233] bottom_world=[0.10880272 0.10900911 0.47140233] quat=[ 9.2484194e-01 -2.0551627e-06 -4.8369398e-06  3.8035181e-01] speed=0.0010 ang_speed=0.0019 ang_vel_vec=[-0.00110314  0.00046011  0.00149769] |com_force|=0.0000N
### kotek_magnet[tick=6060] sensor2: d=0.3208m in_range=False f_mag=0.000N tau_mag=0.0000Nm misalign_deg=90.0 pos=[ 0.10902463 -0.10904644  0.49140102] bottom_world=[ 0.10902459 -0.10904635  0.47140102] quat=[ 9.2300069e-01  1.7094314e-06  1.7892012e-06 -3.8479829e-01] speed=0.0001 ang_speed=0.0014 ang_vel_vec=[ 0.00078467 -0.00106687 -0.00033162] |com_force|=0.0000N
### kotek_magnet[tick=6060] sensor3: d=0.5470m in_range=False f_mag=0.000N tau_mag=0.0000Nm misalign_deg=90.0 pos=[-0.10910813 -0.10914575  0.4914012 ] bottom_world=[-0.10910787 -0.10914587  0.4714012 ] quat=[-3.8058412e-01 -4.8798784e-06  5.2164928e-06  9.2474639e-01] speed=0.0010 ang_speed=0.0027 ang_vel_vec=[ 0.0020984   0.00151958 -0.00074788] |com_force|=0.0000N
### kotek_magnet[tick=6060] sensor4: d=0.5249m in_range=False f_mag=0.000N tau_mag=0.0000Nm misalign_deg=90.0 pos=[-0.10900009  0.10899933  0.49140224] bottom_world=[-0.10900017  0.10899937  0.47140224] quat=[ 3.8268250e-01  2.1991793e-06 -6.5228583e-08  9.2387986e-01] speed=0.0001 ang_speed=0.0030 ang_vel_vec=[ 0.00244499 -0.00171954  0.00044863] |com_force|=0.0000N
### kotek_magnet[tick=6120] sensor1: d=0.4082m in_range=False f_mag=0.000N tau_mag=0.0000Nm misalign_deg=90.0 pos=[0.10880257 0.10900911 0.4914023 ] bottom_world=[0.10880276 0.10900914 0.4714023 ] quat=[ 9.2484194e-01 -1.1635308e-06 -4.6629038e-06  3.8035181e-01] speed=0.0010 ang_speed=0.0031 ang_vel_vec=[-0.00278    -0.00031514  0.00138687] |com_force|=0.0000N
### kotek_magnet[tick=6120] sensor2: d=0.3208m in_range=False f_mag=0.000N tau_mag=0.0000Nm misalign_deg=90.0 pos=[ 0.10902466 -0.10904645  0.49140102] bottom_world=[ 0.10902462 -0.10904636  0.47140102] quat=[ 9.2300075e-01  1.7717557e-06  1.8746003e-06 -3.8479829e-01] speed=0.0001 ang_speed=0.0008 ang_vel_vec=[ 4.4616331e-06 -6.7923334e-04 -4.0299637e-04] |com_force|=0.0000N
### kotek_magnet[tick=6120] sensor3: d=0.5470m in_range=False f_mag=0.000N tau_mag=0.0000Nm misalign_deg=90.0 pos=[-0.10910644 -0.10914589  0.49140117] bottom_world=[-0.10910663 -0.10914567  0.47140117] quat=[-3.8058293e-01  2.5266054e-06 -6.8316522e-06  9.2474687e-01] speed=0.0010 ang_speed=0.0021 ang_vel_vec=[ 0.00151504 -0.00028425  0.00144689] |com_force|=0.0000N
### kotek_magnet[tick=6120] sensor4: d=0.5249m in_range=False f_mag=0.000N tau_mag=0.0000Nm misalign_deg=90.0 pos=[-0.10900007  0.10900021  0.49140233] bottom_world=[-0.1090003   0.10900006  0.47140233] quat=[3.8268197e-01 3.9528722e-06 5.6811850e-06 9.2388016e-01] speed=0.0010 ang_speed=0.0029 ang_vel_vec=[ 0.00195901 -0.00200003 -0.00082427] |com_force|=0.0000N
### kotek_magnet[tick=6180] sensor1: d=0.4082m in_range=False f_mag=0.000N tau_mag=0.0000Nm misalign_deg=90.0 pos=[0.10880258 0.10900906 0.49140245] bottom_world=[0.10880277 0.10900909 0.47140245] quat=[ 9.2484206e-01 -1.1741083e-06 -4.7477370e-06  3.8035157e-01] speed=0.0010 ang_speed=0.0032 ang_vel_vec=[-0.00285184 -0.00034351  0.00134593] |com_force|=0.0000N
### kotek_magnet[tick=6180] sensor2: d=0.3208m in_range=False f_mag=0.000N tau_mag=0.0000Nm misalign_deg=90.0 pos=[ 0.10902469 -0.10904563  0.49140117] bottom_world=[ 0.10902449 -0.10904574  0.47140117] quat=[ 9.2300045e-01 -4.3155014e-06  3.6493359e-06 -3.8479888e-01] speed=0.0009 ang_speed=0.0029 ang_vel_vec=[-0.00039772 -0.00279292  0.00065193] |com_force|=0.0000N
### kotek_magnet[tick=6180] sensor3: d=0.5470m in_range=False f_mag=0.000N tau_mag=0.0000Nm misalign_deg=90.0 pos=[-0.10910644 -0.10914592  0.49140128] bottom_world=[-0.10910664 -0.1091457   0.47140128] quat=[-3.805829e-01  2.473133e-06 -6.930538e-06  9.247468e-01] speed=0.0010 ang_speed=0.0021 ang_vel_vec=[ 0.00149207 -0.00026767  0.00142497] |com_force|=0.0000N
### kotek_magnet[tick=6180] sensor4: d=0.5249m in_range=False f_mag=0.000N tau_mag=0.0000Nm misalign_deg=90.0 pos=[-0.10900007  0.10900016  0.49140242] bottom_world=[-0.1090003   0.10900002  0.47140242] quat=[3.8268217e-01 3.9266242e-06 5.3785911e-06 9.2388016e-01] speed=0.0010 ang_speed=0.0027 ang_vel_vec=[ 0.00178208 -0.00189023 -0.00086432] |com_force|=0.0000N
### kotek_magnet[tick=6240] sensor1: d=0.4082m in_range=False f_mag=0.000N tau_mag=0.0000Nm misalign_deg=90.0 pos=[0.10880255 0.10900909 0.49140227] bottom_world=[0.10880275 0.1090091  0.47140227] quat=[ 9.2484194e-01 -1.6575522e-06 -4.6971645e-06  3.8035169e-01] speed=0.0010 ang_speed=0.0020 ang_vel_vec=[-0.00120204  0.00035975  0.00153187] |com_force|=0.0000N
### kotek_magnet[tick=6240] sensor2: d=0.3208m in_range=False f_mag=0.000N tau_mag=0.0000Nm misalign_deg=90.0 pos=[ 0.10902464 -0.10904588  0.49140105] bottom_world=[ 0.1090245  -0.10904595  0.47140105] quat=[ 9.2300063e-01 -3.0864883e-06  2.6848834e-06 -3.8479859e-01] speed=0.0006 ang_speed=0.0050 ang_vel_vec=[ 0.00228449 -0.00446207  0.00059443] |com_force|=0.0000N
### kotek_magnet[tick=6240] sensor3: d=0.5470m in_range=False f_mag=0.000N tau_mag=0.0000Nm misalign_deg=90.0 pos=[-0.10910729 -0.10914579  0.49140102] bottom_world=[-0.10910728 -0.10914575  0.47140102] quat=[-3.8058338e-01 -7.3979299e-07 -7.4850141e-07  9.2474657e-01] speed=0.0003 ang_speed=0.0054 ang_vel_vec=[0.00489239 0.0021418  0.00044282] |com_force|=0.0000N
### kotek_magnet[tick=6240] sensor4: d=0.5249m in_range=False f_mag=0.000N tau_mag=0.0000Nm misalign_deg=90.0 pos=[-0.10900009  0.10900023  0.49140233] bottom_world=[-0.10900031  0.10900008  0.47140233] quat=[3.8268206e-01 3.6669649e-06 5.5152600e-06 9.2388010e-01] speed=0.0010 ang_speed=0.0023 ang_vel_vec=[ 0.00165973 -0.00143474 -0.00069292] |com_force|=0.0000N
### kotek_magnet[tick=6300] sensor1: d=0.4082m in_range=False f_mag=0.000N tau_mag=0.0000Nm misalign_deg=90.0 pos=[0.10880259 0.10900907 0.4914024 ] bottom_world=[0.10880279 0.1090091  0.47140239] quat=[ 9.2484200e-01 -1.2563953e-06 -4.6479026e-06  3.8035154e-01] speed=0.0010 ang_speed=0.0028 ang_vel_vec=[-0.00237275 -0.00013892  0.00144863] |com_force|=0.0000N
### kotek_magnet[tick=6300] sensor2: d=0.3208m in_range=False f_mag=0.000N tau_mag=0.0000Nm misalign_deg=90.0 pos=[ 0.10902445 -0.10904565  0.4914011 ] bottom_world=[ 0.10902435 -0.10904574  0.47140111] quat=[ 9.2300045e-01 -2.9374655e-06  1.5081687e-06 -3.8479900e-01] speed=0.0010 ang_speed=0.0021 ang_vel_vec=[0.00049192 0.00151296 0.00144312] |com_force|=0.0000N
### kotek_magnet[tick=6300] sensor3: d=0.5470m in_range=False f_mag=0.000N tau_mag=0.0000Nm misalign_deg=90.0 pos=[-0.10910645 -0.10914586  0.49140114] bottom_world=[-0.10910664 -0.10914567  0.47140114] quat=[-3.8058296e-01  2.4389453e-06 -6.4023334e-06  9.2474681e-01] speed=0.0009 ang_speed=0.0026 ang_vel_vec=[2.1183619e-03 5.4377114e-08 1.4963781e-03] |com_force|=0.0000N
### kotek_magnet[tick=6300] sensor4: d=0.5249m in_range=False f_mag=0.000N tau_mag=0.0000Nm misalign_deg=90.0 pos=[-0.10900006  0.10900021  0.4914023 ] bottom_world=[-0.10900028  0.10900007  0.4714023 ] quat=[3.8268217e-01 3.8383942e-06 5.5129494e-06 9.2388016e-01] speed=0.0010 ang_speed=0.0025 ang_vel_vec=[ 0.00167348 -0.0017491  -0.00076624] |com_force|=0.0000N
### kotek_magnet[tick=6360] sensor1: d=0.4082m in_range=False f_mag=0.000N tau_mag=0.0000Nm misalign_deg=90.0 pos=[0.10880258 0.10900933 0.49140227] bottom_world=[0.1088028  0.10900924 0.47140227] quat=[ 9.2484194e-01 -4.0543750e-06 -4.2719153e-06  3.8035196e-01] speed=0.0009 ang_speed=0.0033 ang_vel_vec=[3.2249356e-03 4.8074948e-05 5.5907085e-04] |com_force|=0.0000N
### kotek_magnet[tick=6360] sensor2: d=0.3208m in_range=False f_mag=0.000N tau_mag=0.0000Nm misalign_deg=90.0 pos=[ 0.10902447 -0.10904562  0.4914011 ] bottom_world=[ 0.10902436 -0.10904571  0.47140111] quat=[ 9.2300045e-01 -3.0438639e-06  1.5215101e-06 -3.8479897e-01] speed=0.0010 ang_speed=0.0019 ang_vel_vec=[0.00046252 0.00143257 0.00122935] |com_force|=0.0000N
### kotek_magnet[tick=6360] sensor3: d=0.5470m in_range=False f_mag=0.000N tau_mag=0.0000Nm misalign_deg=90.0 pos=[-0.10910646 -0.10914588  0.4914011 ] bottom_world=[-0.10910665 -0.10914568  0.47140111] quat=[-3.8058308e-01  2.4413534e-06 -6.4573410e-06  9.2474681e-01] speed=0.0009 ang_speed=0.0023 ang_vel_vec=[ 1.8818483e-03 -4.5063192e-05  1.2839655e-03] |com_force|=0.0000N
### kotek_magnet[tick=6360] sensor4: d=0.5249m in_range=False f_mag=0.000N tau_mag=0.0000Nm misalign_deg=90.0 pos=[-0.10900037  0.10899954  0.49140227] bottom_world=[-0.10900035  0.1089996   0.47140227] quat=[ 3.8268226e-01  1.8795886e-07 -1.5738221e-06  9.2388010e-01] speed=0.0005 ang_speed=0.0026 ang_vel_vec=[ 0.00201286  0.001266   -0.00096201] |com_force|=0.0000N
### kotek_magnet[tick=6420] sensor1: d=0.4082m in_range=False f_mag=0.000N tau_mag=0.0000Nm misalign_deg=90.0 pos=[0.10880256 0.10900909 0.4914023 ] bottom_world=[0.10880276 0.10900911 0.4714023 ] quat=[ 9.2484200e-01 -1.3951319e-06 -4.6734999e-06  3.8035181e-01] speed=0.0010 ang_speed=0.0026 ang_vel_vec=[-2.1664852e-03 -8.3616469e-05  1.4145252e-03] |com_force|=0.0000N
### kotek_magnet[tick=6420] sensor2: d=0.3208m in_range=False f_mag=0.000N tau_mag=0.0000Nm misalign_deg=90.0 pos=[ 0.10902447 -0.10904565  0.4914011 ] bottom_world=[ 0.10902437 -0.10904574  0.47140111] quat=[ 9.2300040e-01 -2.9319735e-06  1.4547975e-06 -3.8479891e-01] speed=0.0010 ang_speed=0.0023 ang_vel_vec=[0.00041982 0.00171956 0.00141549] |com_force|=0.0000N
### kotek_magnet[tick=6420] sensor3: d=0.5470m in_range=False f_mag=0.000N tau_mag=0.0000Nm misalign_deg=90.0 pos=[-0.10910726 -0.1091458   0.491401  ] bottom_world=[-0.10910724 -0.10914576  0.47140099] quat=[-3.8058341e-01 -8.2549570e-07 -6.9633234e-07  9.2474657e-01] speed=0.0002 ang_speed=0.0055 ang_vel_vec=[0.00483685 0.00259975 0.00038267] |com_force|=0.0000N
### kotek_magnet[tick=6420] sensor4: d=0.5249m in_range=False f_mag=0.000N tau_mag=0.0000Nm misalign_deg=90.0 pos=[-0.10900009  0.10900021  0.49140236] bottom_world=[-0.10900031  0.10900006  0.47140236] quat=[3.8268206e-01 3.7925076e-06 5.5146670e-06 9.2388010e-01] speed=0.0010 ang_speed=0.0026 ang_vel_vec=[ 0.00173584 -0.00168725 -0.00080664] |com_force|=0.0000N
### kotek_magnet[tick=6480] sensor1: d=0.4082m in_range=False f_mag=0.000N tau_mag=0.0000Nm misalign_deg=90.0 pos=[0.10880257 0.1090093  0.49140233] bottom_world=[0.10880279 0.10900922 0.47140233] quat=[ 9.2484194e-01 -4.1198887e-06 -4.2503498e-06  3.8035166e-01] speed=0.0009 ang_speed=0.0036 ang_vel_vec=[3.4963018e-03 8.0303587e-05 8.7837386e-04] |com_force|=0.0000N
### kotek_magnet[tick=6480] sensor2: d=0.3208m in_range=False f_mag=0.000N tau_mag=0.0000Nm misalign_deg=90.0 pos=[ 0.10902464 -0.10904588  0.4914011 ] bottom_world=[ 0.1090245  -0.10904594  0.47140111] quat=[ 9.2300057e-01 -2.8966399e-06  2.6060256e-06 -3.8479865e-01] speed=0.0006 ang_speed=0.0048 ang_vel_vec=[ 0.00216852 -0.00421296  0.00062281] |com_force|=0.0000N
### kotek_magnet[tick=6480] sensor3: d=0.5470m in_range=False f_mag=0.000N tau_mag=0.0000Nm misalign_deg=90.0 pos=[-0.1091067  -0.10914607  0.49140105] bottom_world=[-0.10910688 -0.10914582  0.47140105] quat=[-3.8058344e-01  1.6714783e-06 -7.5732164e-06  9.2474669e-01] speed=0.0006 ang_speed=0.0042 ang_vel_vec=[-0.00378677 -0.00174924  0.00063756] |com_force|=0.0000N
### kotek_magnet[tick=6480] sensor4: d=0.5249m in_range=False f_mag=0.000N tau_mag=0.0000Nm misalign_deg=90.0 pos=[-0.10900006  0.10900021  0.49140227] bottom_world=[-0.10900028  0.10900007  0.47140227] quat=[3.8268220e-01 3.6901074e-06 5.3010749e-06 9.2388010e-01] speed=0.0010 ang_speed=0.0024 ang_vel_vec=[ 0.00163682 -0.00156302 -0.00066296] |com_force|=0.0000N
### kotek_magnet[tick=6540] sensor1: d=0.4082m in_range=False f_mag=0.000N tau_mag=0.0000Nm misalign_deg=90.0 pos=[0.10880259 0.10900909 0.4914024 ] bottom_world=[0.10880278 0.1090091  0.47140239] quat=[ 9.2484200e-01 -1.4048196e-06 -4.5671259e-06  3.8035157e-01] speed=0.0010 ang_speed=0.0026 ang_vel_vec=[-0.00219618 -0.0001139   0.00138838] |com_force|=0.0000N
### kotek_magnet[tick=6540] sensor2: d=0.3208m in_range=False f_mag=0.000N tau_mag=0.0000Nm misalign_deg=90.0 pos=[ 0.10902435 -0.10904734  0.49140117] bottom_world=[ 0.10902459 -0.10904697  0.47140117] quat=[ 9.2300087e-01  1.0813582e-05 -1.8515161e-06 -3.8479805e-01] speed=0.0010 ang_speed=0.0027 ang_vel_vec=[-0.00163426  0.00202999 -0.00082756] |com_force|=0.0000N
### kotek_magnet[tick=6540] sensor3: d=0.5470m in_range=False f_mag=0.000N tau_mag=0.0000Nm misalign_deg=90.0 pos=[-0.10910817 -0.10914577  0.49140117] bottom_world=[-0.10910791 -0.10914589  0.47140117] quat=[-3.8058400e-01 -4.8176880e-06  5.3044123e-06  9.2474639e-01] speed=0.0010 ang_speed=0.0026 ang_vel_vec=[ 0.00192875  0.00150984 -0.00083528] |com_force|=0.0000N
### kotek_magnet[tick=6540] sensor4: d=0.5249m in_range=False f_mag=0.000N tau_mag=0.0000Nm misalign_deg=90.0 pos=[-0.10900006  0.10900018  0.49140233] bottom_world=[-0.10900029  0.10900002  0.47140233] quat=[3.8268220e-01 3.7475459e-06 5.7194229e-06 9.2388016e-01] speed=0.0010 ang_speed=0.0028 ang_vel_vec=[ 0.00193419 -0.00186801 -0.00082036] |com_force|=0.0000N
### kotek_magnet[tick=6600] sensor1: d=0.4082m in_range=False f_mag=0.000N tau_mag=0.0000Nm misalign_deg=90.0 pos=[0.10880435 0.10900896 0.49140236] bottom_world=[0.10880408 0.1090093  0.47140236] quat=[9.2484158e-01 1.0433357e-05 2.7670142e-06 3.8035277e-01] speed=0.0010 ang_speed=0.0024 ang_vel_vec=[-0.00173384 -0.00147744 -0.00072132] |com_force|=0.0000N
### kotek_magnet[tick=6600] sensor2: d=0.3208m in_range=False f_mag=0.000N tau_mag=0.0000Nm misalign_deg=90.0 pos=[ 0.10902448 -0.10904565  0.49140117] bottom_world=[ 0.10902438 -0.10904574  0.47140117] quat=[ 9.2300045e-01 -2.8901011e-06  1.5014425e-06 -3.8479894e-01] speed=0.0010 ang_speed=0.0023 ang_vel_vec=[0.00043108 0.00157605 0.00155135] |com_force|=0.0000N
### kotek_magnet[tick=6600] sensor3: d=0.5470m in_range=False f_mag=0.000N tau_mag=0.0000Nm misalign_deg=90.0 pos=[-0.1091065  -0.10914589  0.49140114] bottom_world=[-0.10910668 -0.1091457   0.47140114] quat=[-3.8058302e-01  2.3301009e-06 -6.3505663e-06  9.2474681e-01] speed=0.0009 ang_speed=0.0027 ang_vel_vec=[0.0022098  0.00010132 0.00159502] |com_force|=0.0000N
### kotek_magnet[tick=6600] sensor4: d=0.5249m in_range=False f_mag=0.000N tau_mag=0.0000Nm misalign_deg=90.0 pos=[-0.10900009  0.1089993   0.49140218] bottom_world=[-0.10900017  0.10899934  0.47140218] quat=[ 3.8268274e-01  2.2457803e-06 -1.3152453e-07  9.2387986e-01] speed=0.0002 ang_speed=0.0027 ang_vel_vec=[ 0.00205378 -0.00172302  0.00056136] |com_force|=0.0000N
### kotek_magnet[tick=6660] sensor1: d=0.4082m in_range=False f_mag=0.000N tau_mag=0.0000Nm misalign_deg=90.0 pos=[0.10880432 0.10900897 0.49140233] bottom_world=[0.10880405 0.10900931 0.47140233] quat=[9.2484152e-01 1.0420473e-05 2.7991080e-06 3.8035268e-01] speed=0.0010 ang_speed=0.0024 ang_vel_vec=[-0.00169537 -0.00155544 -0.00083114] |com_force|=0.0000N
### kotek_magnet[tick=6660] sensor2: d=0.3208m in_range=False f_mag=0.000N tau_mag=0.0000Nm misalign_deg=90.0 pos=[ 0.10902444 -0.10904567  0.49140108] bottom_world=[ 0.10902434 -0.10904575  0.47140108] quat=[ 9.2300045e-01 -2.8984816e-06  1.4971652e-06 -3.8479897e-01] speed=0.0010 ang_speed=0.0022 ang_vel_vec=[0.00053125 0.00149051 0.00145845] |com_force|=0.0000N
### kotek_magnet[tick=6660] sensor3: d=0.5470m in_range=False f_mag=0.000N tau_mag=0.0000Nm misalign_deg=90.0 pos=[-0.10910754 -0.10914608  0.4914011 ] bottom_world=[-0.10910749 -0.10914595  0.47140111] quat=[-3.8058376e-01 -2.5130735e-06 -2.5753650e-06  9.2474645e-01] speed=0.0005 ang_speed=0.0026 ang_vel_vec=[-0.00149124  0.00194965 -0.00069998] |com_force|=0.0000N
### kotek_magnet[tick=6660] sensor4: d=0.5249m in_range=False f_mag=0.000N tau_mag=0.0000Nm misalign_deg=90.0 pos=[-0.1090002   0.10899849  0.49140233] bottom_world=[-0.10900009  0.10899881  0.47140233] quat=[ 3.8268304e-01  4.3789953e-07 -8.2966826e-06  9.2387968e-01] speed=0.0009 ang_speed=0.0017 ang_vel_vec=[-0.00061319 -0.00085735  0.00136784] |com_force|=0.0000N
### kotek_magnet[tick=6720] sensor1: d=0.4082m in_range=False f_mag=0.000N tau_mag=0.0000Nm misalign_deg=90.0 pos=[0.10880432 0.10900896 0.49140236] bottom_world=[0.10880405 0.10900931 0.47140236] quat=[9.24841523e-01 1.07160295e-05 2.81975758e-06 3.80352736e-01] speed=0.0010 ang_speed=0.0028 ang_vel_vec=[-0.00199194 -0.00181273 -0.00089729] |com_force|=0.0000N
### kotek_magnet[tick=6720] sensor2: d=0.3208m in_range=False f_mag=0.000N tau_mag=0.0000Nm misalign_deg=90.0 pos=[ 0.10902464 -0.10904671  0.4914011 ] bottom_world=[ 0.10902463 -0.10904654  0.47140111] quat=[ 9.2300075e-01  3.9273900e-06  1.9917932e-06 -3.8479811e-01] speed=0.0004 ang_speed=0.0025 ang_vel_vec=[-0.00196394 -0.0012638  -0.00074777] |com_force|=0.0000N
### kotek_magnet[tick=6720] sensor3: d=0.5470m in_range=False f_mag=0.000N tau_mag=0.0000Nm misalign_deg=90.0 pos=[-0.10910752 -0.1091461   0.49140114] bottom_world=[-0.10910746 -0.10914597  0.47140114] quat=[-3.8058391e-01 -2.6014563e-06 -2.3767166e-06  9.2474639e-01] speed=0.0005 ang_speed=0.0024 ang_vel_vec=[-0.00105189  0.00205539 -0.00074189] |com_force|=0.0000N
### kotek_magnet[tick=6720] sensor4: d=0.5249m in_range=False f_mag=0.000N tau_mag=0.0000Nm misalign_deg=90.0 pos=[-0.10900023  0.10899851  0.49140245] bottom_world=[-0.10900013  0.10899882  0.47140245] quat=[ 3.8268310e-01  6.1596097e-07 -8.1410435e-06  9.2387980e-01] speed=0.0009 ang_speed=0.0020 ang_vel_vec=[-0.00024189 -0.0014827   0.00130478] |com_force|=0.0000N
### kotek_magnet[tick=6780] sensor1: d=0.4082m in_range=False f_mag=0.000N tau_mag=0.0000Nm misalign_deg=90.0 pos=[0.10880381 0.10900922 0.4914023 ] bottom_world=[0.10880372 0.10900935 0.4714023 ] quat=[9.2484158e-01 3.7999262e-06 8.9308963e-07 3.8035259e-01] speed=0.0006 ang_speed=0.0025 ang_vel_vec=[ 0.0002657  -0.00229381 -0.0008719 ] |com_force|=0.0000N
### kotek_magnet[tick=6780] sensor2: d=0.3208m in_range=False f_mag=0.000N tau_mag=0.0000Nm misalign_deg=90.0 pos=[ 0.10902449 -0.10904566  0.49140105] bottom_world=[ 0.10902439 -0.10904574  0.47140105] quat=[ 9.2300045e-01 -2.8010231e-06  1.5598534e-06 -3.8479894e-01] speed=0.0010 ang_speed=0.0020 ang_vel_vec=[0.00053896 0.00126977 0.00145098] |com_force|=0.0000N
### kotek_magnet[tick=6780] sensor3: d=0.5470m in_range=False f_mag=0.000N tau_mag=0.0000Nm misalign_deg=90.0 pos=[-0.10910645 -0.10914587  0.49140114] bottom_world=[-0.10910664 -0.10914566  0.47140114] quat=[-3.8058296e-01  2.3909222e-06 -6.6263033e-06  9.2474681e-01] speed=0.0009 ang_speed=0.0023 ang_vel_vec=[ 0.00175453 -0.00013728  0.00152525] |com_force|=0.0000N
### kotek_magnet[tick=6780] sensor4: d=0.5249m in_range=False f_mag=0.000N tau_mag=0.0000Nm misalign_deg=90.0 pos=[-0.10900036  0.1089993   0.49140227] bottom_world=[-0.10900031  0.10899944  0.47140227] quat=[ 3.8268247e-01  2.4077360e-07 -3.8313560e-06  9.2387998e-01] speed=0.0002 ang_speed=0.0019 ang_vel_vec=[-0.00093935  0.00159589 -0.00035767] |com_force|=0.0000N
### kotek_magnet[tick=6840] sensor1: d=0.4082m in_range=False f_mag=0.000N tau_mag=0.0000Nm misalign_deg=90.0 pos=[0.10880432 0.10900893 0.49140236] bottom_world=[0.10880406 0.10900928 0.47140236] quat=[9.2484152e-01 1.0614270e-05 2.8607353e-06 3.8035268e-01] speed=0.0010 ang_speed=0.0027 ang_vel_vec=[-0.00182209 -0.00168029 -0.00104046] |com_force|=0.0000N
### kotek_magnet[tick=6840] sensor2: d=0.3208m in_range=False f_mag=0.000N tau_mag=0.0000Nm misalign_deg=90.0 pos=[ 0.10902464 -0.10904676  0.49140102] bottom_world=[ 0.10902463 -0.1090466   0.47140102] quat=[ 9.2300075e-01  3.7170780e-06  1.9771956e-06 -3.8479820e-01] speed=0.0004 ang_speed=0.0024 ang_vel_vec=[-0.00193293 -0.00114169 -0.00089837] |com_force|=0.0000N
### kotek_magnet[tick=6840] sensor3: d=0.5470m in_range=False f_mag=0.000N tau_mag=0.0000Nm misalign_deg=90.0 pos=[-0.1091073  -0.10914612  0.49140102] bottom_world=[-0.10910732 -0.10914596  0.47140102] quat=[-3.8058358e-01 -9.8877229e-07 -3.9344532e-06  9.2474657e-01] speed=0.0002 ang_speed=0.0012 ang_vel_vec=[-0.00101278 -0.00032838 -0.00051443] |com_force|=0.0000N
### kotek_magnet[tick=6840] sensor4: d=0.5249m in_range=False f_mag=0.000N tau_mag=0.0000Nm misalign_deg=90.0 pos=[-0.10900036  0.10899927  0.49140224] bottom_world=[-0.10900031  0.10899941  0.47140224] quat=[ 3.8268241e-01  3.2785130e-07 -3.6062165e-06  9.2387992e-01] speed=0.0002 ang_speed=0.0013 ang_vel_vec=[-0.00040441  0.00112795 -0.00057058] |com_force|=0.0000N
### still playing, 1279s left
### kotek_magnet[tick=6900] sensor1: d=0.4082m in_range=False f_mag=0.000N tau_mag=0.0000Nm misalign_deg=90.0 pos=[0.10880284 0.10900924 0.49140236] bottom_world=[0.10880301 0.10900921 0.47140236] quat=[ 9.2484182e-01 -2.3559528e-06 -3.6823701e-06  3.8035196e-01] speed=0.0006 ang_speed=0.0046 ang_vel_vec=[0.00426909 0.00166655 0.00067006] |com_force|=0.0000N
### kotek_magnet[tick=6900] sensor2: d=0.3208m in_range=False f_mag=0.000N tau_mag=0.0000Nm misalign_deg=90.0 pos=[ 0.10902436 -0.10904738  0.49140114] bottom_world=[ 0.10902459 -0.10904701  0.47140114] quat=[ 9.2300087e-01  1.0825344e-05 -1.7069297e-06 -3.8479790e-01] speed=0.0009 ang_speed=0.0026 ang_vel_vec=[-0.00151308  0.00193846 -0.00068764] |com_force|=0.0000N
### kotek_magnet[tick=6900] sensor3: d=0.5470m in_range=False f_mag=0.000N tau_mag=0.0000Nm misalign_deg=90.0 pos=[-0.10910827 -0.10914562  0.49140114] bottom_world=[-0.10910798 -0.10914583  0.47140114] quat=[-3.8058376e-01 -4.8026550e-06  7.6304805e-06  9.2474651e-01] speed=0.0014 ang_speed=0.0162 ang_vel_vec=[ 0.01403463  0.00804778 -0.0002042 ] |com_force|=0.0000N
### kotek_magnet[tick=6900] sensor4: d=0.5249m in_range=False f_mag=0.000N tau_mag=0.0000Nm misalign_deg=90.0 pos=[-0.10900038  0.10899925  0.49140227] bottom_world=[-0.10900034  0.10899939  0.47140227] quat=[ 3.8268238e-01  2.1075272e-07 -3.5288415e-06  9.2387998e-01] speed=0.0002 ang_speed=0.0015 ang_vel_vec=[-0.00015894  0.00149191 -0.00030614] |com_force|=0.0000N
### kotek_magnet[tick=6960] sensor1: d=0.4082m in_range=False f_mag=0.000N tau_mag=0.0000Nm misalign_deg=90.0 pos=[0.10880262 0.10900908 0.49140233] bottom_world=[0.10880279 0.10900912 0.47140233] quat=[ 9.2484194e-01 -7.3698305e-07 -4.4481708e-06  3.8035166e-01] speed=0.0010 ang_speed=0.0031 ang_vel_vec=[-0.00270384 -0.0007121   0.00136485] |com_force|=0.0000N
### kotek_magnet[tick=6960] sensor2: d=0.3208m in_range=False f_mag=0.000N tau_mag=0.0000Nm misalign_deg=90.0 pos=[ 0.10902439 -0.10904735  0.49140114] bottom_world=[ 0.10902462 -0.10904697  0.47140114] quat=[ 9.2300093e-01  1.0922662e-05 -1.7859343e-06 -3.8479784e-01] speed=0.0009 ang_speed=0.0032 ang_vel_vec=[-0.00193607  0.00234624 -0.0009232 ] |com_force|=0.0000N
### kotek_magnet[tick=6960] sensor3: d=0.5470m in_range=False f_mag=0.000N tau_mag=0.0000Nm misalign_deg=90.0 pos=[-0.10910818 -0.10914575  0.49140114] bottom_world=[-0.10910791 -0.10914588  0.47140114] quat=[-3.8058415e-01 -5.0103886e-06  5.4494089e-06  9.2474639e-01] speed=0.0010 ang_speed=0.0028 ang_vel_vec=[ 0.0019701   0.00169532 -0.00096648] |com_force|=0.0000N
### kotek_magnet[tick=6960] sensor4: d=0.5249m in_range=False f_mag=0.000N tau_mag=0.0000Nm misalign_deg=90.0 pos=[-0.10900019  0.10899857  0.4914022 ] bottom_world=[-0.10900011  0.10899886  0.47140221] quat=[ 3.8268304e-01  7.6823744e-07 -7.3939000e-06  9.2387974e-01] speed=0.0009 ang_speed=0.0018 ang_vel_vec=[ 2.0157606e-05 -1.3749978e-03  1.2317006e-03] |com_force|=0.0000N
### kotek_magnet[tick=7020] sensor1: d=0.4082m in_range=False f_mag=0.000N tau_mag=0.0000Nm misalign_deg=90.0 pos=[0.10880288 0.10900927 0.49140227] bottom_world=[0.10880304 0.10900924 0.47140227] quat=[ 9.2484188e-01 -2.3481662e-06 -3.4608547e-06  3.8035205e-01] speed=0.0006 ang_speed=0.0033 ang_vel_vec=[0.0031318  0.00081743 0.00055098] |com_force|=0.0000N
### kotek_magnet[tick=7020] sensor2: d=0.3208m in_range=False f_mag=0.000N tau_mag=0.0000Nm misalign_deg=90.0 pos=[ 0.10902438 -0.10904737  0.49140105] bottom_world=[ 0.1090246  -0.10904701  0.47140105] quat=[ 9.23000813e-01  1.04431165e-05 -1.54394706e-06 -3.84797931e-01] speed=0.0009 ang_speed=0.0023 ang_vel_vec=[-0.0013073   0.00164289 -0.00083826] |com_force|=0.0000N
### kotek_magnet[tick=7020] sensor3: d=0.5470m in_range=False f_mag=0.000N tau_mag=0.0000Nm misalign_deg=90.0 pos=[-0.10910646 -0.1091459   0.49140102] bottom_world=[-0.10910665 -0.10914571  0.47140102] quat=[-3.805829e-01  2.496643e-06 -6.313868e-06  9.247469e-01] speed=0.0010 ang_speed=0.0028 ang_vel_vec=[0.00239017 0.00021456 0.00145739] |com_force|=0.0000N
### kotek_magnet[tick=7020] sensor4: d=0.5249m in_range=False f_mag=0.000N tau_mag=0.0000Nm misalign_deg=90.0 pos=[-0.10900038  0.10899872  0.49140233] bottom_world=[-0.10900023  0.108999    0.47140233] quat=[ 3.8268274e-01 -7.4176859e-07 -7.8595349e-06  9.2387980e-01] speed=0.0006 ang_speed=0.0040 ang_vel_vec=[-0.001222    0.00379419  0.00044147] |com_force|=0.0000N
### kotek_magnet[tick=7080] sensor1: d=0.4082m in_range=False f_mag=0.000N tau_mag=0.0000Nm misalign_deg=90.0 pos=[0.10880265 0.10900906 0.4914023 ] bottom_world=[0.10880281 0.1090091  0.4714023 ] quat=[ 9.2484200e-01 -5.4963726e-07 -4.3130804e-06  3.8035160e-01] speed=0.0009 ang_speed=0.0029 ang_vel_vec=[-0.00234403 -0.00072226  0.00148412] |com_force|=0.0000N
### kotek_magnet[tick=7080] sensor2: d=0.3208m in_range=False f_mag=0.000N tau_mag=0.0000Nm misalign_deg=90.0 pos=[ 0.10902435 -0.10904736  0.49140105] bottom_world=[ 0.10902457 -0.10904699  0.47140105] quat=[ 9.23000753e-01  1.05989775e-05 -1.61679031e-06 -3.84798020e-01] speed=0.0009 ang_speed=0.0024 ang_vel_vec=[-0.00138909  0.00178624 -0.00081299] |com_force|=0.0000N
### kotek_magnet[tick=7080] sensor3: d=0.5470m in_range=False f_mag=0.000N tau_mag=0.0000Nm misalign_deg=90.0 pos=[-0.1091067  -0.10914605  0.49140108] bottom_world=[-0.10910688 -0.1091458   0.47140108] quat=[-3.8058326e-01  1.5990515e-06 -7.4567638e-06  9.2474675e-01] speed=0.0006 ang_speed=0.0041 ang_vel_vec=[-0.0037683  -0.00164197  0.00051921] |com_force|=0.0000N
### kotek_magnet[tick=7080] sensor4: d=0.5249m in_range=False f_mag=0.000N tau_mag=0.0000Nm misalign_deg=90.0 pos=[-0.10900042  0.10899848  0.4914022 ] bottom_world=[-0.10900023  0.10899881  0.47140221] quat=[ 3.8268295e-01 -1.4602340e-06 -9.3231465e-06  9.2387974e-01] speed=0.0008 ang_speed=0.0026 ang_vel_vec=[0.00088933 0.00239555 0.00064204] |com_force|=0.0000N
### kotek_magnet[tick=7140] sensor1: d=0.4082m in_range=False f_mag=0.000N tau_mag=0.0000Nm misalign_deg=90.0 pos=[0.10880284 0.10900933 0.49140224] bottom_world=[0.108803   0.10900929 0.47140224] quat=[ 9.2484182e-01 -2.4725048e-06 -3.4084565e-06  3.8035199e-01] speed=0.0006 ang_speed=0.0033 ang_vel_vec=[0.00312718 0.0006265  0.00079111] |com_force|=0.0000N
### kotek_magnet[tick=7140] sensor2: d=0.3208m in_range=False f_mag=0.000N tau_mag=0.0000Nm misalign_deg=90.0 pos=[ 0.10902466 -0.1090467   0.4914011 ] bottom_world=[ 0.10902465 -0.10904654  0.47140111] quat=[ 9.2300081e-01  3.6432452e-06  1.7965478e-06 -3.8479814e-01] speed=0.0004 ang_speed=0.0022 ang_vel_vec=[-0.00202233 -0.00046456 -0.00058556] |com_force|=0.0000N
### kotek_magnet[tick=7140] sensor3: d=0.5470m in_range=False f_mag=0.000N tau_mag=0.0000Nm misalign_deg=90.0 pos=[-0.10910643 -0.10914584  0.4914011 ] bottom_world=[-0.10910662 -0.10914565  0.47140111] quat=[-3.8058296e-01  2.5340789e-06 -6.2858735e-06  9.2474675e-01] speed=0.0010 ang_speed=0.0029 ang_vel_vec=[2.3844426e-03 6.9896014e-05 1.6506728e-03] |com_force|=0.0000N
### kotek_magnet[tick=7140] sensor4: d=0.5249m in_range=False f_mag=0.000N tau_mag=0.0000Nm misalign_deg=90.0 pos=[-0.10900009  0.10900022  0.49140233] bottom_world=[-0.1090003   0.10900009  0.47140233] quat=[3.8268209e-01 3.5280264e-06 5.1141869e-06 9.2388016e-01] speed=0.0011 ang_speed=0.0010 ang_vel_vec=[ 0.00060158 -0.00052502 -0.00059688] |com_force|=0.0000N
### kotek_magnet[tick=7200] sensor1: d=0.4082m in_range=False f_mag=0.000N tau_mag=0.0000Nm misalign_deg=90.0 pos=[0.10880262 0.10900907 0.49140227] bottom_world=[0.1088028  0.10900911 0.47140227] quat=[ 9.2484200e-01 -7.0507014e-07 -4.3509335e-06  3.8035160e-01] speed=0.0009 ang_speed=0.0028 ang_vel_vec=[-0.00222522 -0.00061446  0.0015765 ] |com_force|=0.0000N
### kotek_magnet[tick=7200] sensor2: d=0.3208m in_range=False f_mag=0.000N tau_mag=0.0000Nm misalign_deg=90.0 pos=[ 0.10902436 -0.10904735  0.49140105] bottom_world=[ 0.10902459 -0.10904697  0.47140105] quat=[ 9.2300087e-01  1.0759779e-05 -1.6890881e-06 -3.8479805e-01] speed=0.0009 ang_speed=0.0024 ang_vel_vec=[-0.0014684   0.00180167 -0.00072074] |com_force|=0.0000N
### kotek_magnet[tick=7200] sensor3: d=0.5470m in_range=False f_mag=0.000N tau_mag=0.0000Nm misalign_deg=90.0 pos=[-0.10910644 -0.10914586  0.49140114] bottom_world=[-0.10910664 -0.10914565  0.47140114] quat=[-3.8058293e-01  2.5457348e-06 -6.5474528e-06  9.2474687e-01] speed=0.0010 ang_speed=0.0025 ang_vel_vec=[ 0.00188346 -0.00011355  0.00159413] |com_force|=0.0000N
### kotek_magnet[tick=7200] sensor4: d=0.5249m in_range=False f_mag=0.000N tau_mag=0.0000Nm misalign_deg=90.0 pos=[-0.10900009  0.10900024  0.49140227] bottom_world=[-0.10900029  0.10900011  0.47140227] quat=[3.8268209e-01 3.4877094e-06 4.8940910e-06 9.2388016e-01] speed=0.0011 ang_speed=0.0010 ang_vel_vec=[ 0.00048022 -0.00044518 -0.00069923] |com_force|=0.0000N
### kotek_magnet[tick=7260] sensor1: d=0.4082m in_range=False f_mag=0.000N tau_mag=0.0000Nm misalign_deg=90.0 pos=[0.1088026 0.1090091 0.4914022] bottom_world=[0.10880277 0.10900915 0.47140221] quat=[ 9.2484200e-01 -6.2953256e-07 -4.3612645e-06  3.8035166e-01] speed=0.0009 ang_speed=0.0031 ang_vel_vec=[-0.00263854 -0.00087772  0.0012942 ] |com_force|=0.0000N
### kotek_magnet[tick=7260] sensor2: d=0.3208m in_range=False f_mag=0.000N tau_mag=0.0000Nm misalign_deg=90.0 pos=[ 0.10902438 -0.10904734  0.49140108] bottom_world=[ 0.10902461 -0.10904696  0.47140108] quat=[ 9.23000813e-01  1.09504335e-05 -1.74894626e-06 -3.84797871e-01] speed=0.0009 ang_speed=0.0027 ang_vel_vec=[-0.00157769  0.001938   -0.00099467] |com_force|=0.0000N
### kotek_magnet[tick=7260] sensor3: d=0.5470m in_range=False f_mag=0.000N tau_mag=0.0000Nm misalign_deg=90.0 pos=[-0.10910752 -0.10914605  0.49140108] bottom_world=[-0.10910746 -0.10914593  0.47140108] quat=[-3.8058388e-01 -2.5377426e-06 -2.2243985e-06  9.2474645e-01] speed=0.0004 ang_speed=0.0022 ang_vel_vec=[-0.0008293   0.00184782 -0.00091741] |com_force|=0.0000N
### kotek_magnet[tick=7260] sensor4: d=0.5249m in_range=False f_mag=0.000N tau_mag=0.0000Nm misalign_deg=90.0 pos=[-0.10900007  0.10900023  0.49140224] bottom_world=[-0.10900028  0.10900009  0.47140224] quat=[3.8268214e-01 3.5757571e-06 5.1272691e-06 9.2388010e-01] speed=0.0011 ang_speed=0.0015 ang_vel_vec=[ 0.00081813 -0.00082143 -0.00096197] |com_force|=0.0000N
### kotek_magnet[tick=7320] sensor1: d=0.4082m in_range=False f_mag=0.000N tau_mag=0.0000Nm misalign_deg=90.0 pos=[0.10880261 0.10900934 0.4914024 ] bottom_world=[0.1088028  0.10900927 0.47140239] quat=[ 9.2484194e-01 -3.4557913e-06 -3.7956474e-06  3.8035187e-01] speed=0.0008 ang_speed=0.0023 ang_vel_vec=[ 0.00163375 -0.00143426  0.00062193] |com_force|=0.0000N
### kotek_magnet[tick=7320] sensor2: d=0.3208m in_range=False f_mag=0.000N tau_mag=0.0000Nm misalign_deg=90.0 pos=[ 0.10902436 -0.10904734  0.49140105] bottom_world=[ 0.10902459 -0.10904697  0.47140105] quat=[ 9.2300087e-01  1.0795935e-05 -1.8166720e-06 -3.8479781e-01] speed=0.0009 ang_speed=0.0027 ang_vel_vec=[-0.00146602  0.0020822  -0.00099445] |com_force|=0.0000N
### kotek_magnet[tick=7320] sensor3: d=0.5470m in_range=False f_mag=0.000N tau_mag=0.0000Nm misalign_deg=90.0 pos=[-0.10910755 -0.10914604  0.4914011 ] bottom_world=[-0.1091075  -0.10914592  0.47140111] quat=[-3.8058403e-01 -2.4753347e-06 -2.1622568e-06  9.2474633e-01] speed=0.0005 ang_speed=0.0024 ang_vel_vec=[ 9.4783587e-05  2.2300240e-03 -9.1462047e-04] |com_force|=0.0000N
### kotek_magnet[tick=7320] sensor4: d=0.5249m in_range=False f_mag=0.000N tau_mag=0.0000Nm misalign_deg=90.0 pos=[-0.10900033  0.10899962  0.49140245] bottom_world=[-0.10900032  0.10899967  0.47140245] quat=[ 3.8268217e-01  1.7987841e-07 -1.4429202e-06  9.2388010e-01] speed=0.0005 ang_speed=0.0023 ang_vel_vec=[ 0.00171959  0.00116352 -0.00090954] |com_force|=0.0000N
### kotek_magnet[tick=7380] sensor1: d=0.4082m in_range=False f_mag=0.000N tau_mag=0.0000Nm misalign_deg=90.0 pos=[0.10881209 0.10904913 0.49142596] bottom_world=[0.1088143  0.10904435 0.47142596] quat=[ 9.2463231e-01 -1.3134156e-04 -5.6377608e-06  3.8086087e-01] speed=0.0154 ang_speed=0.0934 ang_vel_vec=[0.07782295 0.03358546 0.03914985] |com_force|=0.0000N
### kotek_magnet[tick=7380] sensor2: d=0.3208m in_range=False f_mag=0.000N tau_mag=0.0000Nm misalign_deg=90.0 pos=[ 0.10902439 -0.10904651  0.49140096] bottom_world=[ 0.10902448 -0.10904631  0.47140096] quat=[ 9.2300063e-01  5.4383177e-06 -2.0448681e-07 -3.8479850e-01] speed=0.0001 ang_speed=0.0027 ang_vel_vec=[-0.00198028  0.00179802  0.00014651] |com_force|=0.0000N
### kotek_magnet[tick=7380] sensor3: d=0.5470m in_range=False f_mag=0.000N tau_mag=0.0000Nm misalign_deg=90.0 pos=[-0.10910752 -0.1091461   0.49140108] bottom_world=[-0.10910746 -0.10914598  0.47140108] quat=[-3.8058388e-01 -2.4763672e-06 -2.1257272e-06  9.2474651e-01] speed=0.0004 ang_speed=0.0023 ang_vel_vec=[-0.00040697  0.00206761 -0.00097744] |com_force|=0.0000N
### kotek_magnet[tick=7380] sensor4: d=0.5249m in_range=False f_mag=0.000N tau_mag=0.0000Nm misalign_deg=90.0 pos=[-0.10900037  0.10899873  0.49140236] bottom_world=[-0.10900023  0.10899901  0.47140236] quat=[ 3.8268277e-01 -6.7368512e-07 -7.8104285e-06  9.2387980e-01] speed=0.0006 ang_speed=0.0038 ang_vel_vec=[-0.00109455  0.00359262  0.00031008] |com_force|=0.0000N
### kotek_magnet[tick=7440] sensor1: d=0.4106m in_range=False f_mag=0.000N tau_mag=0.0000Nm misalign_deg=103.7 pos=[0.11638466 0.10536376 0.4930325 ] bottom_world=[0.11163512 0.11387795 0.47556966] quat=[0.90352076 0.24930194 0.03574728 0.346729  ] speed=0.2902 ang_speed=10.0658 ang_vel_vec=[-2.0803819  2.817525   9.436803 ] |com_force|=0.0000N
### kotek_magnet[tick=7440] sensor2: d=0.3208m in_range=False f_mag=0.000N tau_mag=0.0000Nm misalign_deg=90.0 pos=[ 0.10902432 -0.10904594  0.4914014 ] bottom_world=[ 0.10902426 -0.10904603  0.4714014 ] quat=[ 9.2300063e-01 -2.7448207e-06  5.0218478e-07 -3.8479868e-01] speed=0.0008 ang_speed=0.0075 ang_vel_vec=[ 5.1010265e-03 -5.5563487e-03  8.1850203e-06] |com_force|=0.0000N
### kotek_magnet[tick=7440] sensor3: d=0.5470m in_range=False f_mag=0.000N tau_mag=0.0000Nm misalign_deg=90.0 pos=[-0.10910831 -0.10914554  0.4914011 ] bottom_world=[-0.10910799 -0.10914573  0.47140111] quat=[-3.8058409e-01 -5.6817025e-06  7.3564152e-06  9.2474633e-01] speed=0.0011 ang_speed=0.0024 ang_vel_vec=[ 0.00137085  0.00158852 -0.00122131] |com_force|=0.0000N
### kotek_magnet[tick=7440] sensor4: d=0.5249m in_range=False f_mag=0.000N tau_mag=0.0000Nm misalign_deg=90.0 pos=[-0.10900026  0.10899871  0.4914023 ] bottom_world=[-0.10900022  0.10899895  0.4714023 ] quat=[ 3.8268295e-01  1.2934378e-06 -5.8833066e-06  9.2387980e-01] speed=0.0009 ang_speed=0.0073 ang_vel_vec=[ 0.00304417 -0.00649414  0.00141034] |com_force|=0.0000N
### kotek_magnet[tick=7500] sensor1: d=0.4171m in_range=False f_mag=0.000N tau_mag=0.0000Nm misalign_deg=103.8 pos=[0.11838505 0.11435808 0.4976153 ] bottom_world=[0.11362704 0.12373329 0.48060158] quat=[0.93561    0.26571804 0.06364546 0.22355552] speed=0.0356 ang_speed=2.9286 ang_vel_vec=[2.4225326  0.69413227 1.4920249 ] |com_force|=0.0000N
### kotek_magnet[tick=7500] sensor2: d=0.3208m in_range=False f_mag=0.000N tau_mag=0.0000Nm misalign_deg=90.0 pos=[ 0.10902447 -0.10904566  0.49140114] bottom_world=[ 0.10902438 -0.10904574  0.47140114] quat=[ 9.2300045e-01 -2.7809433e-06  1.4522648e-06 -3.8479894e-01] speed=0.0010 ang_speed=0.0019 ang_vel_vec=[0.00048323 0.00109263 0.00141334] |com_force|=0.0000N
### kotek_magnet[tick=7500] sensor3: d=0.5470m in_range=False f_mag=0.000N tau_mag=0.0000Nm misalign_deg=90.0 pos=[-0.10910818 -0.10914578  0.49140114] bottom_world=[-0.10910791 -0.10914589  0.47140114] quat=[-3.8058400e-01 -5.1445172e-06  5.1452685e-06  9.2474633e-01] speed=0.0010 ang_speed=0.0019 ang_vel_vec=[ 0.00132395  0.00107384 -0.00086485] |com_force|=0.0000N
### kotek_magnet[tick=7500] sensor4: d=0.5249m in_range=False f_mag=0.000N tau_mag=0.0000Nm misalign_deg=90.0 pos=[-0.10900021  0.10899846  0.49140227] bottom_world=[-0.10900011  0.10899877  0.47140227] quat=[ 3.8268307e-01  6.1587053e-07 -8.0104774e-06  9.2387974e-01] speed=0.0009 ang_speed=0.0017 ang_vel_vec=[-0.00024664 -0.00097926  0.00136366] |com_force|=0.0000N
### kotek_magnet[tick=7560] sensor1: d=0.4132m in_range=False f_mag=0.000N tau_mag=0.0000Nm misalign_deg=100.6 pos=[0.12079208 0.11346188 0.49717706] bottom_world=[0.11712867 0.12201602 0.47947378] quat=[0.95116925 0.23470734 0.04827461 0.19457398] speed=0.1727 ang_speed=10.7762 ang_vel_vec=[9.127506  2.575895  5.1167192] |com_force|=0.0000N
### kotek_magnet[tick=7560] sensor2: d=0.3208m in_range=False f_mag=0.000N tau_mag=0.0000Nm misalign_deg=90.0 pos=[ 0.10902458 -0.10904593  0.49140114] bottom_world=[ 0.10902445 -0.109046    0.47140114] quat=[ 9.2300063e-01 -2.7933049e-06  2.1956082e-06 -3.8479865e-01] speed=0.0007 ang_speed=0.0051 ang_vel_vec=[ 0.00242797 -0.00449877  0.00028739] |com_force|=0.0000N
### kotek_magnet[tick=7560] sensor3: d=0.5470m in_range=False f_mag=0.000N tau_mag=0.0000Nm misalign_deg=90.0 pos=[-0.10910729 -0.10914612  0.49140105] bottom_world=[-0.10910733 -0.10914595  0.47140105] quat=[-3.8058349e-01 -5.4919786e-07 -4.4476169e-06  9.2474651e-01] speed=0.0001 ang_speed=0.0011 ang_vel_vec=[ 0.00076365  0.00058313 -0.00055923] |com_force|=0.0000N
### kotek_magnet[tick=7560] sensor4: d=0.5249m in_range=False f_mag=0.000N tau_mag=0.0000Nm misalign_deg=90.0 pos=[-0.10900043  0.10899928  0.49140224] bottom_world=[-0.10900038  0.10899942  0.47140224] quat=[ 3.8268247e-01  1.4250689e-07 -3.5596386e-06  9.2387992e-01] speed=0.0003 ang_speed=0.0013 ang_vel_vec=[ 0.0005161  -0.00105019 -0.00065586] |com_force|=0.0000N
### kotek_magnet[tick=7620] sensor1: d=0.4112m in_range=False f_mag=0.000N tau_mag=0.0000Nm misalign_deg=98.7 pos=[0.12210049 0.11338791 0.49686694] bottom_world=[0.11905891 0.12123476 0.47872374] quat=[0.9602951  0.21168587 0.04011337 0.1772381 ] speed=0.0280 ang_speed=4.5289 ang_vel_vec=[3.7545779 1.7721629 1.8091786] |com_force|=0.0000N
### kotek_magnet[tick=7620] sensor2: d=0.3208m in_range=False f_mag=0.000N tau_mag=0.0000Nm misalign_deg=90.0 pos=[ 0.10902443 -0.1090457   0.49140117] bottom_world=[ 0.10902433 -0.10904579  0.47140117] quat=[ 9.2300045e-01 -2.9655487e-06  1.3973945e-06 -3.8479882e-01] speed=0.0010 ang_speed=0.0020 ang_vel_vec=[0.000541   0.00118115 0.00146145] |com_force|=0.0000N
### kotek_magnet[tick=7620] sensor3: d=0.5470m in_range=False f_mag=0.000N tau_mag=0.0000Nm misalign_deg=90.0 pos=[-0.10910752 -0.10914614  0.4914011 ] bottom_world=[-0.10910747 -0.10914602  0.47140111] quat=[-3.8058391e-01 -2.4394556e-06 -2.2855468e-06  9.2474651e-01] speed=0.0005 ang_speed=0.0016 ang_vel_vec=[-0.00115073  0.00078642 -0.00076775] |com_force|=0.0000N
### kotek_magnet[tick=7620] sensor4: d=0.5249m in_range=False f_mag=0.000N tau_mag=0.0000Nm misalign_deg=90.0 pos=[-0.10900037  0.10899869  0.49140236] bottom_world=[-0.10900021  0.10899898  0.47140236] quat=[ 3.8268265e-01 -8.4821335e-07 -8.2380338e-06  9.2387986e-01] speed=0.0006 ang_speed=0.0021 ang_vel_vec=[-0.00049396  0.00199814  0.00056035] |com_force|=0.0000N
### kotek_magnet[tick=7680] sensor1: d=0.3969m in_range=False f_mag=0.000N tau_mag=0.0000Nm misalign_deg=90.5 pos=[0.13077599 0.10905693 0.50078136] bottom_world=[0.13061481 0.11051184 0.480835  ] quat=[0.9990468  0.03648254 0.00316565 0.02376267] speed=0.0865 ang_speed=2.6272 ang_vel_vec=[2.0411267  0.06683101 1.6526809 ] |com_force|=0.0000N
### kotek_magnet[tick=7680] sensor2: d=0.3208m in_range=False f_mag=0.000N tau_mag=0.0000Nm misalign_deg=90.0 pos=[ 0.10902469 -0.10904669  0.49140114] bottom_world=[ 0.10902467 -0.10904653  0.47140114] quat=[ 9.2300075e-01  3.5424675e-06  1.9026675e-06 -3.8479808e-01] speed=0.0004 ang_speed=0.0023 ang_vel_vec=[-0.00212196 -0.00048558 -0.00070105] |com_force|=0.0000N
### kotek_magnet[tick=7680] sensor3: d=0.5470m in_range=False f_mag=0.000N tau_mag=0.0000Nm misalign_deg=90.0 pos=[-0.1091082  -0.10914578  0.49140096] bottom_world=[-0.10910793 -0.1091459   0.47140096] quat=[-3.8058406e-01 -5.0157523e-06  5.4646098e-06  9.2474645e-01] speed=0.0010 ang_speed=0.0025 ang_vel_vec=[ 0.0018986   0.00144839 -0.00080528] |com_force|=0.0000N
### kotek_magnet[tick=7680] sensor4: d=0.5249m in_range=False f_mag=0.000N tau_mag=0.0000Nm misalign_deg=90.0 pos=[-0.10900018  0.10899855  0.4914023 ] bottom_world=[-0.10900009  0.10899884  0.4714023 ] quat=[ 3.8268316e-01  8.0060499e-07 -7.3533020e-06  9.2387974e-01] speed=0.0009 ang_speed=0.0017 ang_vel_vec=[-0.00018366 -0.00089533  0.00141909] |com_force|=0.0000N
### kotek_magnet[tick=7740] sensor1: d=0.4043m in_range=False f_mag=0.000N tau_mag=0.0000Nm misalign_deg=90.3 pos=[0.1309758  0.10912835 0.52225214] bottom_world=[0.13087115 0.11046825 0.50229735] quat=[0.99913204 0.03357084 0.00179193 0.02459776] speed=0.0828 ang_speed=2.7982 ang_vel_vec=[ 2.2352366   1.6833453  -0.01384277] |com_force|=0.0000N
### kotek_magnet[tick=7740] sensor2: d=0.3208m in_range=False f_mag=0.000N tau_mag=0.0000Nm misalign_deg=90.0 pos=[ 0.10902448 -0.1090456   0.49140105] bottom_world=[ 0.10902438 -0.10904569  0.47140105] quat=[ 9.2300045e-01 -3.0882318e-06  1.5039245e-06 -3.8479891e-01] speed=0.0010 ang_speed=0.0022 ang_vel_vec=[0.0002755  0.00171468 0.001414  ] |com_force|=0.0000N
### kotek_magnet[tick=7740] sensor3: d=0.5470m in_range=False f_mag=0.000N tau_mag=0.0000Nm misalign_deg=90.0 pos=[-0.10910752 -0.10914604  0.4914011 ] bottom_world=[-0.10910747 -0.10914591  0.47140111] quat=[-3.8058388e-01 -2.5543700e-06 -2.3940675e-06  9.2474639e-01] speed=0.0004 ang_speed=0.0023 ang_vel_vec=[-0.00118219  0.00185931 -0.00078004] |com_force|=0.0000N
### kotek_magnet[tick=7740] sensor4: d=0.5249m in_range=False f_mag=0.000N tau_mag=0.0000Nm misalign_deg=90.0 pos=[-0.10900017  0.10899854  0.49140236] bottom_world=[-0.10900008  0.10899883  0.47140236] quat=[ 3.8268310e-01  8.0230842e-07 -7.5181138e-06  9.2387968e-01] speed=0.0009 ang_speed=0.0017 ang_vel_vec=[-5.7316684e-05 -1.0411872e-03  1.3419611e-03] |com_force|=0.0000N
### kotek_magnet[tick=7800] sensor1: d=0.4139m in_range=False f_mag=0.000N tau_mag=0.0000Nm misalign_deg=90.3 pos=[0.13111581 0.10929575 0.54606485] bottom_world=[0.13100577 0.11063666 0.52611016] quat=[0.99915326 0.03359755 0.00195733 0.02366938] speed=0.0841 ang_speed=2.6448 ang_vel_vec=[ 2.1119938   1.5918486  -0.02306302] |com_force|=0.0000N
### kotek_magnet[tick=7800] sensor2: d=0.3208m in_range=False f_mag=0.000N tau_mag=0.0000Nm misalign_deg=90.0 pos=[ 0.10902449 -0.10904562  0.4914011 ] bottom_world=[ 0.1090244  -0.10904571  0.47140111] quat=[ 9.2300057e-01 -2.9697815e-06  1.3817354e-06 -3.8479879e-01] speed=0.0010 ang_speed=0.0026 ang_vel_vec=[-1.5352813e-05  2.2292403e-03  1.3908973e-03] |com_force|=0.0000N
### kotek_magnet[tick=7800] sensor3: d=0.5470m in_range=False f_mag=0.000N tau_mag=0.0000Nm misalign_deg=90.0 pos=[-0.10910754 -0.10914607  0.49140102] bottom_world=[-0.10910748 -0.10914595  0.47140102] quat=[-3.8058382e-01 -2.5178699e-06 -2.2158147e-06  9.2474651e-01] speed=0.0004 ang_speed=0.0024 ang_vel_vec=[-0.0006036   0.00212615 -0.00081664] |com_force|=0.0000N
### kotek_magnet[tick=7800] sensor4: d=0.5249m in_range=False f_mag=0.000N tau_mag=0.0000Nm misalign_deg=90.0 pos=[-0.10900011  0.1090002   0.4914023 ] bottom_world=[-0.10900032  0.10900006  0.4714023 ] quat=[3.8268200e-01 3.5048702e-06 5.0697681e-06 9.2388010e-01] speed=0.0010 ang_speed=0.0011 ang_vel_vec=[ 0.00055549 -0.00052851 -0.00083929] |com_force|=0.0000N
### kotek_magnet[tick=7860] sensor1: d=0.4249m in_range=False f_mag=0.000N tau_mag=0.0000Nm misalign_deg=90.3 pos=[0.13122977 0.10948479 0.5704846 ] bottom_world=[0.13111497 0.11083283 0.55053039] quat=[0.99916637 0.03377708 0.00210054 0.02283455] speed=0.0737 ang_speed=2.4464 ang_vel_vec=[ 1.9405602   1.4895431  -0.02229698] |com_force|=0.0000N
### kotek_magnet[tick=7860] sensor2: d=0.3208m in_range=False f_mag=0.000N tau_mag=0.0000Nm misalign_deg=90.0 pos=[ 0.10902449 -0.10904565  0.49140117] bottom_world=[ 0.1090244  -0.10904574  0.47140117] quat=[ 9.2300045e-01 -2.9461376e-06  1.3422209e-06 -3.8479891e-01] speed=0.0010 ang_speed=0.0031 ang_vel_vec=[-0.00036273  0.00265671  0.00154582] |com_force|=0.0000N
### kotek_magnet[tick=7860] sensor3: d=0.5470m in_range=False f_mag=0.000N tau_mag=0.0000Nm misalign_deg=90.0 pos=[-0.1091081  -0.10914566  0.49140105] bottom_world=[-0.10910783 -0.10914581  0.47140105] quat=[-3.8058379e-01 -4.7213648e-06  5.9522195e-06  9.2474645e-01] speed=0.0010 ang_speed=0.0042 ang_vel_vec=[ 0.0028401   0.00304582 -0.00041082] |com_force|=0.0000N
### kotek_magnet[tick=7860] sensor4: d=0.5249m in_range=False f_mag=0.000N tau_mag=0.0000Nm misalign_deg=90.0 pos=[-0.10900036  0.10899959  0.49140224] bottom_world=[-0.10900035  0.10899964  0.47140224] quat=[ 3.8268220e-01  2.1883429e-07 -1.4016728e-06  9.2388010e-01] speed=0.0005 ang_speed=0.0016 ang_vel_vec=[ 0.0012101   0.00084038 -0.0006722 ] |com_force|=0.0000N
### kotek_magnet[tick=7920] sensor1: d=0.4284m in_range=False f_mag=0.000N tau_mag=0.0000Nm misalign_deg=90.7 pos=[0.13072073 0.10982946 0.5766994 ] bottom_world=[0.13046668 0.11098058 0.55673415] quat=[0.99929726 0.0289301  0.00568573 0.02314529] speed=0.0656 ang_speed=1.1291 ang_vel_vec=[0.22509381 0.18783887 1.090405  ] |com_force|=0.0000N
### kotek_magnet[tick=7920] sensor2: d=0.3208m in_range=False f_mag=0.000N tau_mag=0.0000Nm misalign_deg=90.0 pos=[ 0.10902449 -0.10904561  0.49140105] bottom_world=[ 0.1090244  -0.1090457   0.47140105] quat=[ 9.2300045e-01 -3.0798014e-06  1.4126681e-06 -3.8479894e-01] speed=0.0011 ang_speed=0.0028 ang_vel_vec=[-0.00011225  0.00236148  0.00143679] |com_force|=0.0000N
### kotek_magnet[tick=7920] sensor3: d=0.5470m in_range=False f_mag=0.000N tau_mag=0.0000Nm misalign_deg=90.0 pos=[-0.10910753 -0.10914605  0.4914011 ] bottom_world=[-0.10910748 -0.10914592  0.47140111] quat=[-3.8058373e-01 -2.3996211e-06 -2.4724977e-06  9.2474645e-01] speed=0.0004 ang_speed=0.0025 ang_vel_vec=[-0.00085716  0.00218588 -0.0007976 ] |com_force|=0.0000N
### kotek_magnet[tick=7920] sensor4: d=0.5249m in_range=False f_mag=0.000N tau_mag=0.0000Nm misalign_deg=90.0 pos=[-0.10900007  0.10900025  0.49140227] bottom_world=[-0.10900028  0.10900012  0.47140227] quat=[3.8268220e-01 3.5412620e-06 5.0674644e-06 9.2388016e-01] speed=0.0011 ang_speed=0.0009 ang_vel_vec=[ 0.00030012 -0.00023801 -0.00079523] |com_force|=0.0000N
### kotek_magnet[tick=7980] sensor1: d=0.4259m in_range=False f_mag=0.000N tau_mag=0.0000Nm misalign_deg=90.4 pos=[0.13578929 0.11280283 0.5750485 ] bottom_world=[0.13566356 0.11357836 0.55506394] quat=[0.9988218  0.01951263 0.00227999 0.04437562] speed=0.0423 ang_speed=3.7913 ang_vel_vec=[ 2.0834272  2.988537  -1.0497814] |com_force|=0.0000N
### kotek_magnet[tick=7980] sensor2: d=0.3208m in_range=False f_mag=0.000N tau_mag=0.0000Nm misalign_deg=90.0 pos=[ 0.10902447 -0.10904565  0.49140114] bottom_world=[ 0.10902438 -0.10904574  0.47140114] quat=[ 9.2300045e-01 -2.7337210e-06  1.3225590e-06 -3.8479894e-01] speed=0.0010 ang_speed=0.0027 ang_vel_vec=[-1.7979801e-05  2.3493720e-03  1.4219785e-03] |com_force|=0.0000N
### kotek_magnet[tick=7980] sensor3: d=0.5470m in_range=False f_mag=0.000N tau_mag=0.0000Nm misalign_deg=90.0 pos=[-0.10910819 -0.10914577  0.49140108] bottom_world=[-0.10910792 -0.10914589  0.47140108] quat=[-3.8058400e-01 -4.9919863e-06  5.4839184e-06  9.2474639e-01] speed=0.0010 ang_speed=0.0025 ang_vel_vec=[ 0.00186377  0.0013696  -0.0008645 ] |com_force|=0.0000N
### kotek_magnet[tick=7980] sensor4: d=0.5249m in_range=False f_mag=0.000N tau_mag=0.0000Nm misalign_deg=90.0 pos=[-0.10900008  0.10900021  0.49140227] bottom_world=[-0.10900029  0.10900007  0.47140227] quat=[3.8268211e-01 3.6026574e-06 5.1725160e-06 9.2388010e-01] speed=0.0011 ang_speed=0.0013 ang_vel_vec=[ 0.00086544 -0.00067303 -0.00075888] |com_force|=0.0000N
### kotek_magnet[tick=8040] sensor1: d=0.4210m in_range=False f_mag=0.000N tau_mag=0.0000Nm misalign_deg=89.9 pos=[0.14642315 0.11776512 0.57288766] bottom_world=[0.14644867 0.11799971 0.55288905] quat=[ 0.9966132   0.00579261 -0.00111688  0.08202119] speed=0.0618 ang_speed=1.7416 ang_vel_vec=[0.49729386 0.5311518  1.5822874 ] |com_force|=0.0000N
### kotek_magnet[tick=8040] sensor2: d=0.3208m in_range=False f_mag=0.000N tau_mag=0.0000Nm misalign_deg=90.0 pos=[ 0.10902467 -0.10904582  0.49140105] bottom_world=[ 0.10902453 -0.10904589  0.47140105] quat=[ 9.2300063e-01 -3.0874892e-06  2.7013516e-06 -3.8479868e-01] speed=0.0007 ang_speed=0.0041 ang_vel_vec=[ 0.00166028 -0.00373257  0.0005687 ] |com_force|=0.0000N
### kotek_magnet[tick=8040] sensor3: d=0.5470m in_range=False f_mag=0.000N tau_mag=0.0000Nm misalign_deg=90.0 pos=[-0.10910723 -0.10914584  0.49140114] bottom_world=[-0.1091072  -0.1091458   0.47140114] quat=[-3.8058347e-01 -1.1966441e-06 -7.6392962e-07  9.2474657e-01] speed=0.0003 ang_speed=0.0030 ang_vel_vec=[0.00257273 0.00147074 0.00028954] |com_force|=0.0000N
### kotek_magnet[tick=8040] sensor4: d=0.5249m in_range=False f_mag=0.000N tau_mag=0.0000Nm misalign_deg=90.0 pos=[-0.10900007  0.10900024  0.49140218] bottom_world=[-0.10900028  0.1090001   0.47140218] quat=[3.8268217e-01 3.5024723e-06 5.1140669e-06 9.2388016e-01] speed=0.0011 ang_speed=0.0010 ang_vel_vec=[ 0.00051388 -0.00041924 -0.00073655] |com_force|=0.0000N
### kotek_magnet[tick=8100] sensor1: d=0.4157m in_range=False f_mag=0.000N tau_mag=0.0000Nm misalign_deg=89.2 pos=[0.15735756 0.12208852 0.57058114] bottom_world=[0.15762731 0.12172157 0.55058632] quat=[ 0.99247855 -0.00992816 -0.0055757   0.12188796] speed=0.0520 ang_speed=1.3494 ang_vel_vec=[0.5246353 0.6775527 1.0423874] |com_force|=0.0000N
### kotek_magnet[tick=8100] sensor2: d=0.3208m in_range=False f_mag=0.000N tau_mag=0.0000Nm misalign_deg=90.0 pos=[ 0.10902439 -0.10904735  0.49140108] bottom_world=[ 0.10902462 -0.10904698  0.47140108] quat=[ 9.2300087e-01  1.0669441e-05 -1.6702088e-06 -3.8479793e-01] speed=0.0009 ang_speed=0.0027 ang_vel_vec=[-0.00159735  0.00196672 -0.00094103] |com_force|=0.0000N
### kotek_magnet[tick=8100] sensor3: d=0.5470m in_range=False f_mag=0.000N tau_mag=0.0000Nm misalign_deg=90.0 pos=[-0.10910752 -0.10914606  0.49140114] bottom_world=[-0.10910747 -0.10914593  0.47140114] quat=[-3.8058388e-01 -2.4835356e-06 -2.4315932e-06  9.2474639e-01] speed=0.0004 ang_speed=0.0025 ang_vel_vec=[-0.00075163  0.00217068 -0.00088872] |com_force|=0.0000N
### kotek_magnet[tick=8100] sensor4: d=0.5249m in_range=False f_mag=0.000N tau_mag=0.0000Nm misalign_deg=90.0 pos=[-0.10900008  0.10900021  0.49140224] bottom_world=[-0.10900028  0.10900008  0.47140224] quat=[3.8268206e-01 3.4346590e-06 4.9625314e-06 9.2388016e-01] speed=0.0011 ang_speed=0.0012 ang_vel_vec=[ 0.00057106 -0.00049364 -0.00089908] |com_force|=0.0000N
### kotek_magnet[tick=8160] sensor1: d=0.4098m in_range=False f_mag=0.000N tau_mag=0.0000Nm misalign_deg=88.2 pos=[0.1685575  0.12555134 0.56810105] bottom_world=[0.16916844 0.12453043 0.54813647] quat=[ 0.98623943 -0.02767986 -0.01092245  0.16262339] speed=0.0425 ang_speed=3.4732 ang_vel_vec=[ 1.841121    2.928771   -0.30913186] |com_force|=0.0000N
### kotek_magnet[tick=8160] sensor2: d=0.3208m in_range=False f_mag=0.000N tau_mag=0.0000Nm misalign_deg=90.0 pos=[ 0.10902438 -0.10904734  0.49140102] bottom_world=[ 0.1090246  -0.10904697  0.47140102] quat=[ 9.2300087e-01  1.0626144e-05 -1.6233898e-06 -3.8479790e-01] speed=0.0009 ang_speed=0.0026 ang_vel_vec=[-0.00158216  0.00188429 -0.00070276] |com_force|=0.0000N
### kotek_magnet[tick=8160] sensor3: d=0.5470m in_range=False f_mag=0.000N tau_mag=0.0000Nm misalign_deg=90.0 pos=[-0.1091075  -0.10914603  0.49140108] bottom_world=[-0.10910745 -0.1091459   0.47140108] quat=[-3.8058388e-01 -2.3498972e-06 -2.5955551e-06  9.2474645e-01] speed=0.0004 ang_speed=0.0024 ang_vel_vec=[-0.00092936  0.00216236 -0.00064047] |com_force|=0.0000N
### kotek_magnet[tick=8160] sensor4: d=0.5249m in_range=False f_mag=0.000N tau_mag=0.0000Nm misalign_deg=90.0 pos=[-0.10900009  0.10900024  0.49140227] bottom_world=[-0.1090003   0.10900011  0.47140227] quat=[3.8268211e-01 3.4323780e-06 4.9812038e-06 9.2388016e-01] speed=0.0011 ang_speed=0.0008 ang_vel_vec=[ 0.00038186 -0.00030777 -0.00063517] |com_force|=0.0000N
### kotek_magnet[tick=8220] sensor1: d=0.4033m in_range=False f_mag=0.000N tau_mag=0.0000Nm misalign_deg=87.4 pos=[0.17981672 0.12798278 0.5653449 ] bottom_world=[0.18072616 0.12633057 0.54543405] quat=[ 0.97838634 -0.04509023 -0.01395984  0.2013262 ] speed=0.0547 ang_speed=1.7342 ang_vel_vec=[0.56508553 0.92207676 1.3557379 ] |com_force|=0.0000N
### kotek_magnet[tick=8220] sensor2: d=0.3208m in_range=False f_mag=0.000N tau_mag=0.0000Nm misalign_deg=90.0 pos=[ 0.10902441 -0.10904733  0.49140102] bottom_world=[ 0.10902463 -0.10904697  0.47140102] quat=[ 9.23000872e-01  1.06208545e-05 -1.70783278e-06 -3.84797841e-01] speed=0.0009 ang_speed=0.0028 ang_vel_vec=[-0.00168716  0.00214075 -0.00083172] |com_force|=0.0000N
### kotek_magnet[tick=8220] sensor3: d=0.5470m in_range=False f_mag=0.000N tau_mag=0.0000Nm misalign_deg=90.0 pos=[-0.10910818 -0.10914574  0.49140102] bottom_world=[-0.10910791 -0.10914587  0.47140102] quat=[-3.8058406e-01 -5.0282670e-06  5.6104254e-06  9.2474633e-01] speed=0.0010 ang_speed=0.0030 ang_vel_vec=[ 0.0022429   0.00186649 -0.00086935] |com_force|=0.0000N
### kotek_magnet[tick=8220] sensor4: d=0.5249m in_range=False f_mag=0.000N tau_mag=0.0000Nm misalign_deg=90.0 pos=[-0.10900018  0.10899854  0.4914022 ] bottom_world=[-0.1090001   0.10899882  0.47140221] quat=[ 3.8268289e-01  7.8095144e-07 -7.3568344e-06  9.2387974e-01] speed=0.0009 ang_speed=0.0015 ang_vel_vec=[-0.00023638 -0.00063959  0.00136727] |com_force|=0.0000N
### kotek_magnet[tick=8280] sensor1: d=0.3964m in_range=False f_mag=0.000N tau_mag=0.0000Nm misalign_deg=86.3 pos=[0.19095545 0.12948486 0.5624636 ] bottom_world=[0.19223642 0.12718712 0.54263735] quat=[ 0.9685091  -0.0635998  -0.01729912  0.24009612] speed=0.0610 ang_speed=1.6458 ang_vel_vec=[0.18962543 0.5323978  1.5457637 ] |com_force|=0.0000N
### kotek_magnet[tick=8280] sensor2: d=0.3208m in_range=False f_mag=0.000N tau_mag=0.0000Nm misalign_deg=90.0 pos=[ 0.10902437 -0.10904736  0.49140117] bottom_world=[ 0.10902461 -0.10904698  0.47140117] quat=[ 9.2300093e-01  1.1078787e-05 -2.0297457e-06 -3.8479784e-01] speed=0.0010 ang_speed=0.0034 ang_vel_vec=[-0.00207372  0.00254735 -0.00076537] |com_force|=0.0000N
### kotek_magnet[tick=8280] sensor3: d=0.5470m in_range=False f_mag=0.000N tau_mag=0.0000Nm misalign_deg=90.0 pos=[-0.10910637 -0.10914588  0.49140117] bottom_world=[-0.10910658 -0.10914567  0.47140117] quat=[-3.8058317e-01  2.8521681e-06 -6.9303142e-06  9.2474681e-01] speed=0.0011 ang_speed=0.0033 ang_vel_vec=[2.9100401e-03 3.8761667e-05 1.5461325e-03] |com_force|=0.0000N
### kotek_magnet[tick=8280] sensor4: d=0.5249m in_range=False f_mag=0.000N tau_mag=0.0000Nm misalign_deg=90.0 pos=[-0.10900015  0.10899853  0.49140227] bottom_world=[-0.10900006  0.10899882  0.47140227] quat=[ 3.8268304e-01  6.1842945e-07 -7.5473631e-06  9.2387974e-01] speed=0.0009 ang_speed=0.0016 ang_vel_vec=[-9.2735463e-05 -7.1333174e-04  1.4703961e-03] |com_force|=0.0000N
### kotek_magnet[tick=8340] sensor1: d=0.3890m in_range=False f_mag=0.000N tau_mag=0.0000Nm misalign_deg=85.1 pos=[0.20202275 0.13011967 0.5593083 ] bottom_world=[0.20373633 0.12716665 0.53960186] quat=[ 0.9564091  -0.08317771 -0.02051211  0.27918157] speed=0.0446 ang_speed=1.6801 ang_vel_vec=[0.23976865 1.0292578  1.3060378 ] |com_force|=0.0000N
### kotek_magnet[tick=8340] sensor2: d=0.3208m in_range=False f_mag=0.000N tau_mag=0.0000Nm misalign_deg=90.0 pos=[ 0.10902442 -0.10904646  0.49140105] bottom_world=[ 0.1090245  -0.10904628  0.47140105] quat=[ 9.2300063e-01  4.8760644e-06 -7.6631977e-08 -3.8479853e-01] speed=0.0002 ang_speed=0.0030 ang_vel_vec=[-0.00210636  0.00213962  0.00046136] |com_force|=0.0000N
### kotek_magnet[tick=8340] sensor3: d=0.5470m in_range=False f_mag=0.000N tau_mag=0.0000Nm misalign_deg=90.0 pos=[-0.10910667 -0.10914604  0.4914012 ] bottom_world=[-0.10910686 -0.10914578  0.4714012 ] quat=[-3.8058335e-01  1.8370372e-06 -7.6058586e-06  9.2474663e-01] speed=0.0007 ang_speed=0.0049 ang_vel_vec=[-0.00432065 -0.00224374  0.00060249] |com_force|=0.0000N
### kotek_magnet[tick=8340] sensor4: d=0.5249m in_range=False f_mag=0.000N tau_mag=0.0000Nm misalign_deg=90.0 pos=[-0.10900014  0.10899854  0.4914023 ] bottom_world=[-0.10900005  0.10899882  0.4714023 ] quat=[ 3.8268295e-01  7.4457955e-07 -7.3602369e-06  9.2387980e-01] speed=0.0008 ang_speed=0.0017 ang_vel_vec=[-0.00017863 -0.00066204  0.00150854] |com_force|=0.0000N
### kotek_magnet[tick=8400] sensor1: d=0.3811m in_range=False f_mag=0.000N tau_mag=0.0000Nm misalign_deg=83.8 pos=[0.21283317 0.1297007  0.55592656] bottom_world=[0.21499516 0.12611533 0.5363697 ] quat=[ 0.94257504 -0.10275815 -0.02278653  0.31697595] speed=0.0477 ang_speed=1.2550 ang_vel_vec=[0.19449688 0.8735712  0.8798557 ] |com_force|=0.0000N
### kotek_magnet[tick=8400] sensor2: d=0.3208m in_range=False f_mag=0.000N tau_mag=0.0000Nm misalign_deg=90.0 pos=[ 0.10902441 -0.10904736  0.49140114] bottom_world=[ 0.10902462 -0.109047    0.47140114] quat=[ 9.2300087e-01  1.0440688e-05 -1.5062124e-06 -3.8479805e-01] speed=0.0009 ang_speed=0.0026 ang_vel_vec=[-0.00159542  0.00184655 -0.00089653] |com_force|=0.0000N
### kotek_magnet[tick=8400] sensor3: d=0.5470m in_range=False f_mag=0.000N tau_mag=0.0000Nm misalign_deg=90.0 pos=[-0.10910697 -0.10914563  0.49140108] bottom_world=[-0.10910698 -0.1091456   0.47140108] quat=[-3.805831e-01  2.049064e-07 -7.315296e-07  9.247468e-01] speed=0.0008 ang_speed=0.0097 ang_vel_vec=[0.00856345 0.00446475 0.00128652] |com_force|=0.0000N
### kotek_magnet[tick=8400] sensor4: d=0.5249m in_range=False f_mag=0.000N tau_mag=0.0000Nm misalign_deg=90.0 pos=[-0.10900015  0.10899852  0.49140227] bottom_world=[-0.10900006  0.10899881  0.47140227] quat=[ 3.8268313e-01  7.7203123e-07 -7.4789236e-06  9.2387968e-01] speed=0.0009 ang_speed=0.0015 ang_vel_vec=[-0.00030349 -0.00075817  0.00130519] |com_force|=0.0000N
### kotek_magnet[tick=8460] sensor1: d=0.3726m in_range=False f_mag=0.000N tau_mag=0.0000Nm misalign_deg=82.3 pos=[0.22366574 0.12836069 0.55234915] bottom_world=[0.22634243 0.12414426 0.53298276] quat=[ 0.9263139  -0.12336047 -0.02494917  0.35510898] speed=0.0405 ang_speed=1.7054 ang_vel_vec=[-0.1668661  0.9241677  1.4235507] |com_force|=0.0000N
### kotek_magnet[tick=8460] sensor2: d=0.3208m in_range=False f_mag=0.000N tau_mag=0.0000Nm misalign_deg=90.0 pos=[ 0.10902438 -0.10904735  0.49140102] bottom_world=[ 0.10902461 -0.10904699  0.47140102] quat=[ 9.2300087e-01  1.0589166e-05 -1.7652496e-06 -3.8479784e-01] speed=0.0009 ang_speed=0.0030 ang_vel_vec=[-0.00182884  0.00228401 -0.0007622 ] |com_force|=0.0000N
### kotek_magnet[tick=8460] sensor3: d=0.5470m in_range=False f_mag=0.000N tau_mag=0.0000Nm misalign_deg=90.0 pos=[-0.10910643 -0.10914588  0.49140114] bottom_world=[-0.10910664 -0.10914567  0.47140114] quat=[-3.8058302e-01  2.8143293e-06 -6.8508416e-06  9.2474687e-01] speed=0.0011 ang_speed=0.0031 ang_vel_vec=[ 2.7288669e-03 -1.8890425e-05  1.5366661e-03] |com_force|=0.0000N
### kotek_magnet[tick=8460] sensor4: d=0.5249m in_range=False f_mag=0.000N tau_mag=0.0000Nm misalign_deg=90.0 pos=[-0.10900036  0.10899878  0.49140233] bottom_world=[-0.10900019  0.10899906  0.47140233] quat=[ 3.8268268e-01 -1.0322436e-06 -8.0369973e-06  9.2387986e-01] speed=0.0005 ang_speed=0.0037 ang_vel_vec=[-0.00090316  0.00354047  0.00056839] |com_force|=0.0000N
### kotek_magnet[tick=8520] sensor1: d=0.3638m in_range=False f_mag=0.000N tau_mag=0.0000Nm misalign_deg=80.7 pos=[0.23381126 0.12611184 0.5485325 ] bottom_world=[0.23703885 0.12131165 0.52938723] quat=[ 0.90805906 -0.14371346 -0.02674002  0.39250493] speed=0.0129 ang_speed=2.6663 ang_vel_vec=[-0.3226214  2.4494188 -1.0025756] |com_force|=0.0000N
### kotek_magnet[tick=8520] sensor2: d=0.3208m in_range=False f_mag=0.000N tau_mag=0.0000Nm misalign_deg=90.0 pos=[ 0.10902449 -0.10904564  0.49140117] bottom_world=[ 0.10902439 -0.10904573  0.47140117] quat=[ 9.2300045e-01 -3.0438171e-06  1.4810371e-06 -3.8479900e-01] speed=0.0011 ang_speed=0.0024 ang_vel_vec=[7.9237732e-05 1.8190398e-03 1.5031435e-03] |com_force|=0.0000N
### kotek_magnet[tick=8520] sensor3: d=0.5470m in_range=False f_mag=0.000N tau_mag=0.0000Nm misalign_deg=90.0 pos=[-0.10910641 -0.10914588  0.4914012 ] bottom_world=[-0.10910662 -0.10914567  0.4714012 ] quat=[-3.8058281e-01  2.7577396e-06 -6.8974059e-06  9.2474687e-01] speed=0.0011 ang_speed=0.0026 ang_vel_vec=[ 0.0021423  -0.00018388  0.00151979] |com_force|=0.0000N
### kotek_magnet[tick=8520] sensor4: d=0.5249m in_range=False f_mag=0.000N tau_mag=0.0000Nm misalign_deg=90.0 pos=[-0.10900016  0.10899854  0.49140227] bottom_world=[-0.10900007  0.10899883  0.47140227] quat=[ 3.8268301e-01  7.3318131e-07 -7.4989666e-06  9.2387968e-01] speed=0.0009 ang_speed=0.0016 ang_vel_vec=[-0.00031029 -0.0007288   0.00144329] |com_force|=0.0000N
### kotek_magnet[tick=8580] sensor1: d=0.3543m in_range=False f_mag=0.000N tau_mag=0.0000Nm misalign_deg=79.2 pos=[0.24388027 0.12273785 0.5444842 ] bottom_world=[0.24763244 0.11735629 0.52559081] quat=[ 0.88875353 -0.16418213 -0.02663833  0.42714384] speed=0.0456 ang_speed=1.6271 ang_vel_vec=[-0.20652995  0.82516235  1.3870504 ] |com_force|=0.0000N
### kotek_magnet[tick=8580] sensor2: d=0.3208m in_range=False f_mag=0.000N tau_mag=0.0000Nm misalign_deg=90.0 pos=[ 0.10902449 -0.10904558  0.491401  ] bottom_world=[ 0.10902438 -0.10904567  0.47140099] quat=[ 9.2300045e-01 -3.0238807e-06  1.5921173e-06 -3.8479897e-01] speed=0.0011 ang_speed=0.0019 ang_vel_vec=[0.00033783 0.00118707 0.00149621] |com_force|=0.0000N
### kotek_magnet[tick=8580] sensor3: d=0.5470m in_range=False f_mag=0.000N tau_mag=0.0000Nm misalign_deg=90.0 pos=[-0.10910665 -0.10914601  0.49140114] bottom_world=[-0.10910683 -0.10914575  0.47140114] quat=[-3.8058329e-01  1.7620312e-06 -7.5578409e-06  9.2474669e-01] speed=0.0007 ang_speed=0.0045 ang_vel_vec=[-0.00407228 -0.00194699  0.00054966] |com_force|=0.0000N
### kotek_magnet[tick=8580] sensor4: d=0.5249m in_range=False f_mag=0.000N tau_mag=0.0000Nm misalign_deg=90.0 pos=[-0.10900012  0.10899857  0.49140236] bottom_world=[-0.10900005  0.10899886  0.47140236] quat=[ 3.8268313e-01  9.5329216e-07 -7.4214522e-06  9.2387968e-01] speed=0.0009 ang_speed=0.0020 ang_vel_vec=[-8.8469795e-05 -1.4043739e-03  1.3957338e-03] |com_force|=0.0000N
### kotek_magnet[tick=8640] sensor1: d=0.3444m in_range=False f_mag=0.000N tau_mag=0.0000Nm misalign_deg=77.5 pos=[0.253499   0.11852827 0.54017323] bottom_world=[0.25784105 0.11261746 0.52156654] quat=[ 0.86683685 -0.18471463 -0.0267059   0.4623431 ] speed=0.0468 ang_speed=1.6819 ang_vel_vec=[-0.24152413  0.97005713  1.352622  ] |com_force|=0.0000N
### kotek_magnet[tick=8640] sensor2: d=0.3208m in_range=False f_mag=0.000N tau_mag=0.0000Nm misalign_deg=90.0 pos=[ 0.10902473 -0.10904583  0.49140105] bottom_world=[ 0.10902457 -0.10904591  0.47140105] quat=[ 9.2300057e-01 -3.2692260e-06  2.8889765e-06 -3.8479856e-01] speed=0.0007 ang_speed=0.0036 ang_vel_vec=[ 0.00126123 -0.00336083  0.00065808] |com_force|=0.0000N
### kotek_magnet[tick=8640] sensor3: d=0.5470m in_range=False f_mag=0.000N tau_mag=0.0000Nm misalign_deg=90.0 pos=[-0.10910641 -0.10914585  0.49140108] bottom_world=[-0.10910662 -0.10914565  0.47140108] quat=[-3.8058278e-01  2.7594781e-06 -6.5765644e-06  9.2474681e-01] speed=0.0011 ang_speed=0.0032 ang_vel_vec=[0.00281148 0.00019092 0.00158693] |com_force|=0.0000N
### kotek_magnet[tick=8640] sensor4: d=0.5249m in_range=False f_mag=0.000N tau_mag=0.0000Nm misalign_deg=90.0 pos=[-0.10900005  0.10900025  0.49140227] bottom_world=[-0.10900026  0.10900011  0.47140227] quat=[3.8268197e-01 3.5411533e-06 5.2808541e-06 9.2388010e-01] speed=0.0011 ang_speed=0.0010 ang_vel_vec=[ 0.00055118 -0.00034533 -0.00070186] |com_force|=0.0000N
### still playing, 1249s left
### kotek_magnet[tick=8700] sensor1: d=0.3340m in_range=False f_mag=0.000N tau_mag=0.0000Nm misalign_deg=75.7 pos=[0.2627005  0.11334513 0.5356845 ] bottom_world=[0.2676568  0.10695061 0.51739395] quat=[ 0.8430037  -0.20506082 -0.02618606  0.4965975 ] speed=0.0472 ang_speed=1.5691 ang_vel_vec=[-0.30565774  0.869167    1.2701322 ] |com_force|=0.0000N
### kotek_magnet[tick=8700] sensor2: d=0.3208m in_range=False f_mag=0.000N tau_mag=0.0000Nm misalign_deg=90.0 pos=[ 0.10902453 -0.10904564  0.49140105] bottom_world=[ 0.10902443 -0.10904572  0.47140105] quat=[ 9.2300051e-01 -2.9007738e-06  1.4438517e-06 -3.8479894e-01] speed=0.0010 ang_speed=0.0025 ang_vel_vec=[0.00010215 0.00185464 0.00159983] |com_force|=0.0000N
### kotek_magnet[tick=8700] sensor3: d=0.5470m in_range=False f_mag=0.000N tau_mag=0.0000Nm misalign_deg=90.0 pos=[-0.10910749 -0.10914605  0.49140102] bottom_world=[-0.10910743 -0.10914592  0.47140102] quat=[-3.8058370e-01 -2.4503058e-06 -2.4935900e-06  9.2474645e-01] speed=0.0004 ang_speed=0.0025 ang_vel_vec=[-0.00095304  0.0022577  -0.00063726] |com_force|=0.0000N
### kotek_magnet[tick=8700] sensor4: d=0.5249m in_range=False f_mag=0.000N tau_mag=0.0000Nm misalign_deg=90.0 pos=[-0.10900004  0.10900024  0.49140224] bottom_world=[-0.10900026  0.1090001   0.47140224] quat=[3.8268206e-01 3.6956590e-06 5.2829059e-06 9.2388016e-01] speed=0.0011 ang_speed=0.0010 ang_vel_vec=[ 0.00057489 -0.000412   -0.00065648] |com_force|=0.0000N
### kotek_magnet[tick=8760] sensor1: d=0.3231m in_range=False f_mag=0.000N tau_mag=0.0000Nm misalign_deg=73.7 pos=[0.2714635  0.10722787 0.5310212 ] bottom_world=[0.27706291 0.10039949 0.51307626] quat=[ 0.8172567  -0.22525382 -0.02525493  0.5298249 ] speed=0.0498 ang_speed=1.6414 ang_vel_vec=[-0.42714316  0.9904349   1.2373037 ] |com_force|=0.0000N
### kotek_magnet[tick=8760] sensor2: d=0.3208m in_range=False f_mag=0.000N tau_mag=0.0000Nm misalign_deg=90.0 pos=[ 0.10902452 -0.10904558  0.49140105] bottom_world=[ 0.10902442 -0.10904566  0.47140105] quat=[ 9.2300045e-01 -2.8946329e-06  1.4589968e-06 -3.8479891e-01] speed=0.0011 ang_speed=0.0024 ang_vel_vec=[-9.6170661e-05  1.8876889e-03  1.4018597e-03] |com_force|=0.0000N
### kotek_magnet[tick=8760] sensor3: d=0.5470m in_range=False f_mag=0.000N tau_mag=0.0000Nm misalign_deg=90.0 pos=[-0.10910719 -0.10914605  0.49140105] bottom_world=[-0.10910721 -0.1091459   0.47140105] quat=[-3.8058373e-01 -9.0396014e-07 -3.6115105e-06  9.2474651e-01] speed=0.0001 ang_speed=0.0009 ang_vel_vec=[-0.0006267  -0.00049627 -0.0004189 ] |com_force|=0.0000N
### kotek_magnet[tick=8760] sensor4: d=0.5249m in_range=False f_mag=0.000N tau_mag=0.0000Nm misalign_deg=90.0 pos=[-0.10899992  0.10900017  0.4914023 ] bottom_world=[-0.10900018  0.10900003  0.4714023 ] quat=[3.8268229e-01 4.6777632e-06 5.7701222e-06 9.2388004e-01] speed=0.0010 ang_speed=0.0031 ang_vel_vec=[ 0.00225686 -0.00212609 -0.00051047] |com_force|=0.0000N
### kotek_magnet[tick=8820] sensor1: d=0.3119m in_range=False f_mag=0.000N tau_mag=0.0000Nm misalign_deg=71.8 pos=[0.2796325  0.10028562 0.5261887 ] bottom_world=[0.28588912 0.09308774 0.50860899] quat=[ 0.7897207  -0.24482566 -0.02383831  0.5619905 ] speed=0.0503 ang_speed=1.1513 ang_vel_vec=[-0.36239585  1.003086    0.43367612] |com_force|=0.0000N
### kotek_magnet[tick=8820] sensor2: d=0.3208m in_range=False f_mag=0.000N tau_mag=0.0000Nm misalign_deg=90.0 pos=[ 0.10902452 -0.10904565  0.4914011 ] bottom_world=[ 0.10902444 -0.10904573  0.47140111] quat=[ 9.2300040e-01 -2.6638329e-06  1.2865452e-06 -3.8479891e-01] speed=0.0010 ang_speed=0.0027 ang_vel_vec=[-0.00022393  0.00235718  0.00125493] |com_force|=0.0000N
### kotek_magnet[tick=8820] sensor3: d=0.5470m in_range=False f_mag=0.000N tau_mag=0.0000Nm misalign_deg=90.0 pos=[-0.10910641 -0.1091459   0.4914012 ] bottom_world=[-0.10910661 -0.1091457   0.4714012 ] quat=[-3.8058293e-01  2.6828527e-06 -6.6118737e-06  9.2474687e-01] speed=0.0011 ang_speed=0.0032 ang_vel_vec=[0.00297249 0.00029222 0.00125676] |com_force|=0.0000N
### kotek_magnet[tick=8820] sensor4: d=0.5249m in_range=False f_mag=0.000N tau_mag=0.0000Nm misalign_deg=90.0 pos=[-0.10900036  0.10899957  0.49140227] bottom_world=[-0.10900035  0.10899963  0.47140227] quat=[ 3.8268211e-01  3.1778794e-07 -1.3288491e-06  9.2388016e-01] speed=0.0005 ang_speed=0.0021 ang_vel_vec=[ 0.00151584  0.00110108 -0.00097909] |com_force|=0.0000N
### kotek_magnet[tick=8880] sensor1: d=0.3002m in_range=False f_mag=0.000N tau_mag=0.0000Nm misalign_deg=69.7 pos=[0.28732014 0.09249754 0.5211911 ] bottom_world=[0.29425034 0.08498415 0.50400038] quat=[ 0.7606452  -0.26409608 -0.02201933  0.5926106 ] speed=0.0559 ang_speed=1.7112 ang_vel_vec=[-0.6898643  1.1282134  1.0860286] |com_force|=0.0000N
### kotek_magnet[tick=8880] sensor2: d=0.3208m in_range=False f_mag=0.000N tau_mag=0.0000Nm misalign_deg=90.0 pos=[ 0.10902455 -0.10904562  0.4914011 ] bottom_world=[ 0.10902444 -0.10904572  0.47140111] quat=[ 9.2300040e-01 -3.1557206e-06  1.5188161e-06 -3.8479897e-01] speed=0.0010 ang_speed=0.0020 ang_vel_vec=[0.00042537 0.00120099 0.00150986] |com_force|=0.0000N
### kotek_magnet[tick=8880] sensor3: d=0.5470m in_range=False f_mag=0.000N tau_mag=0.0000Nm misalign_deg=90.0 pos=[-0.10910638 -0.10914585  0.49140108] bottom_world=[-0.1091066  -0.10914563  0.47140108] quat=[-3.8058296e-01  2.8519903e-06 -7.0144806e-06  9.2474681e-01] speed=0.0011 ang_speed=0.0026 ang_vel_vec=[ 0.00207989 -0.00026208  0.00151202] |com_force|=0.0000N
### kotek_magnet[tick=8880] sensor4: d=0.5249m in_range=False f_mag=0.000N tau_mag=0.0000Nm misalign_deg=90.0 pos=[-0.10900033  0.10899959  0.4914023 ] bottom_world=[-0.1090003   0.10899965  0.4714023 ] quat=[ 3.8268232e-01 -1.8485485e-08 -1.7462839e-06  9.2387998e-01] speed=0.0005 ang_speed=0.0025 ang_vel_vec=[ 0.00140489  0.00190828 -0.00075652] |com_force|=0.0000N
### kotek_magnet[tick=8940] sensor1: d=0.2883m in_range=False f_mag=0.000N tau_mag=0.0000Nm misalign_deg=67.5 pos=[0.2942929  0.08402513 0.51611876] bottom_world=[0.30193233 0.07629763 0.49932815] quat=[ 0.72887236 -0.28251937 -0.02042838  0.62330616] speed=0.0372 ang_speed=2.4868 ang_vel_vec=[-1.4038049  1.1362624 -1.7095774] |com_force|=0.0000N
### kotek_magnet[tick=8940] sensor2: d=0.3208m in_range=False f_mag=0.000N tau_mag=0.0000Nm misalign_deg=90.0 pos=[ 0.10902453 -0.1090456   0.49140102] bottom_world=[ 0.10902444 -0.10904568  0.47140102] quat=[ 9.2300045e-01 -2.6529040e-06  1.2704750e-06 -3.8479891e-01] speed=0.0010 ang_speed=0.0025 ang_vel_vec=[-0.00016     0.00197548  0.00155576] |com_force|=0.0000N
### kotek_magnet[tick=8940] sensor3: d=0.5470m in_range=False f_mag=0.000N tau_mag=0.0000Nm misalign_deg=90.0 pos=[-0.10910641 -0.10914586  0.49140108] bottom_world=[-0.10910661 -0.10914566  0.47140108] quat=[-3.8058293e-01  2.7621984e-06 -6.6101666e-06  9.2474675e-01] speed=0.0011 ang_speed=0.0030 ang_vel_vec=[0.00252686 0.00013146 0.00155901] |com_force|=0.0000N
### kotek_magnet[tick=8940] sensor4: d=0.5249m in_range=False f_mag=0.000N tau_mag=0.0000Nm misalign_deg=90.0 pos=[-0.10900004  0.10900024  0.49140224] bottom_world=[-0.10900026  0.1090001   0.47140224] quat=[3.8268206e-01 3.5866310e-06 5.2720611e-06 9.2388010e-01] speed=0.0010 ang_speed=0.0013 ang_vel_vec=[ 0.00080779 -0.00069019 -0.00071421] |com_force|=0.0000N
### kotek_magnet[tick=9000] sensor1: d=0.2759m in_range=False f_mag=0.000N tau_mag=0.0000Nm misalign_deg=65.4 pos=[0.3007869  0.07463708 0.5109235 ] bottom_world=[0.30911395 0.06674163 0.49454296] quat=[ 0.69646806 -0.300269   -0.0180226   0.6514951 ] speed=0.0539 ang_speed=2.8796 ang_vel_vec=[-0.99000365  0.7602009  -2.5950463 ] |com_force|=0.0000N
### kotek_magnet[tick=9000] sensor2: d=0.3208m in_range=False f_mag=0.000N tau_mag=0.0000Nm misalign_deg=90.0 pos=[ 0.10902472 -0.10904587  0.4914011 ] bottom_world=[ 0.10902456 -0.10904593  0.47140111] quat=[ 9.2300063e-01 -2.9096454e-06  2.9831917e-06 -3.8479871e-01] speed=0.0007 ang_speed=0.0026 ang_vel_vec=[ 0.00055324 -0.00250841  0.00035816] |com_force|=0.0000N
### kotek_magnet[tick=9000] sensor3: d=0.5470m in_range=False f_mag=0.000N tau_mag=0.0000Nm misalign_deg=90.0 pos=[-0.10910723 -0.10914602  0.49140105] bottom_world=[-0.10910725 -0.10914588  0.47140105] quat=[-3.8058358e-01 -9.0230537e-07 -3.5230830e-06  9.2474657e-01] speed=0.0001 ang_speed=0.0006 ang_vel_vec=[-3.0658880e-04 -9.2878290e-05 -5.2948185e-04] |com_force|=0.0000N
### kotek_magnet[tick=9000] sensor4: d=0.5249m in_range=False f_mag=0.000N tau_mag=0.0000Nm misalign_deg=90.0 pos=[-0.10899998  0.10900024  0.4914023 ] bottom_world=[-0.10900022  0.10900009  0.4714023 ] quat=[3.8268214e-01 3.9473962e-06 5.8116166e-06 9.2388016e-01] speed=0.0011 ang_speed=0.0021 ang_vel_vec=[ 0.00130997 -0.0012793  -0.00100589] |com_force|=0.0000N
### kotek_magnet[tick=9060] sensor1: d=0.2633m in_range=False f_mag=0.000N tau_mag=0.0000Nm misalign_deg=63.2 pos=[0.30672997 0.06468906 0.50573415] bottom_world=[0.3157378  0.05665268 0.48978812] quat=[ 0.66424656 -0.31798884 -0.01524915  0.67633355] speed=0.0550 ang_speed=2.9565 ang_vel_vec=[-1.5424957   2.402256    0.76868963] |com_force|=0.0000N
### kotek_magnet[tick=9060] sensor2: d=0.3208m in_range=False f_mag=0.000N tau_mag=0.0000Nm misalign_deg=90.0 pos=[ 0.10902453 -0.10904563  0.49140102] bottom_world=[ 0.10902445 -0.1090457   0.47140102] quat=[ 9.2300045e-01 -2.3910973e-06  1.1919028e-06 -3.8479885e-01] speed=0.0010 ang_speed=0.0026 ang_vel_vec=[-0.00018561  0.00203832  0.00156343] |com_force|=0.0000N
### kotek_magnet[tick=9060] sensor3: d=0.5470m in_range=False f_mag=0.000N tau_mag=0.0000Nm misalign_deg=90.0 pos=[-0.10910743 -0.10914605  0.49140114] bottom_world=[-0.10910739 -0.10914593  0.47140114] quat=[-3.8058382e-01 -2.3075700e-06 -2.3609323e-06  9.2474639e-01] speed=0.0004 ang_speed=0.0023 ang_vel_vec=[-0.00015436  0.00220725 -0.00067185] |com_force|=0.0000N
### kotek_magnet[tick=9060] sensor4: d=0.5249m in_range=False f_mag=0.000N tau_mag=0.0000Nm misalign_deg=90.0 pos=[-0.10900003  0.10899934  0.4914023 ] bottom_world=[-0.10900012  0.10899937  0.4714023 ] quat=[3.8268271e-01 2.4190897e-06 2.0170773e-07 9.2387986e-01] speed=0.0002 ang_speed=0.0021 ang_vel_vec=[ 0.00172096 -0.00112027  0.0004808 ] |com_force|=0.0000N
### kotek_magnet[tick=9120] sensor1: d=0.2506m in_range=False f_mag=0.000N tau_mag=0.0000Nm misalign_deg=61.0 pos=[0.3119458  0.05419792 0.50047624] bottom_world=[0.32164128 0.04613344 0.4849533 ] quat=[ 0.6292328  -0.33432138 -0.01247839  0.70152664] speed=0.0570 ang_speed=1.4481 ang_vel_vec=[-1.1142977   0.75732124  0.5307852 ] |com_force|=0.0000N
### kotek_magnet[tick=9120] sensor2: d=0.3208m in_range=False f_mag=0.000N tau_mag=0.0000Nm misalign_deg=90.0 pos=[ 0.10902449 -0.10904565  0.49140105] bottom_world=[ 0.10902441 -0.10904572  0.47140105] quat=[ 9.2300034e-01 -2.4120347e-06  1.3240173e-06 -3.8479909e-01] speed=0.0010 ang_speed=0.0025 ang_vel_vec=[-0.00026512  0.00200439  0.00147553] |com_force|=0.0000N
### kotek_magnet[tick=9120] sensor3: d=0.5470m in_range=False f_mag=0.000N tau_mag=0.0000Nm misalign_deg=90.0 pos=[-0.10910811 -0.10914575  0.4914011 ] bottom_world=[-0.10910785 -0.10914587  0.47140111] quat=[-3.805841e-01 -4.931506e-06  5.137950e-06  9.247464e-01] speed=0.0009 ang_speed=0.0029 ang_vel_vec=[ 0.00202324  0.00185815 -0.00084926] |com_force|=0.0000N
### kotek_magnet[tick=9120] sensor4: d=0.5249m in_range=False f_mag=0.000N tau_mag=0.0000Nm misalign_deg=90.0 pos=[-0.10900009  0.10899963  0.49140215] bottom_world=[-0.10900019  0.10899966  0.47140215] quat=[3.8268238e-01 2.5537729e-06 2.8838986e-07 9.2387998e-01] speed=0.0004 ang_speed=0.0018 ang_vel_vec=[ 0.00152072 -0.00087594 -0.000262  ] |com_force|=0.0000N
### kotek_magnet[tick=9180] sensor1: d=0.2375m in_range=False f_mag=0.000N tau_mag=0.0000Nm misalign_deg=58.6 pos=[0.31662872 0.04288573 0.4950912 ] bottom_world=[0.32705    0.03487998 0.48001456] quat=[ 0.59254056 -0.3506749  -0.01054347  0.72512877] speed=0.0677 ang_speed=3.8402 ang_vel_vec=[-2.1733267   3.135809   -0.43649316] |com_force|=0.0000N
### kotek_magnet[tick=9180] sensor2: d=0.3208m in_range=False f_mag=0.000N tau_mag=0.0000Nm misalign_deg=90.0 pos=[ 0.10902474 -0.10904595  0.49140102] bottom_world=[ 0.10902458 -0.10904601  0.47140102] quat=[ 9.2300063e-01 -2.9950465e-06  3.1657946e-06 -3.8479859e-01] speed=0.0007 ang_speed=0.0030 ang_vel_vec=[ 0.00063495 -0.00284593  0.00050005] |com_force|=0.0000N
### kotek_magnet[tick=9180] sensor3: d=0.5470m in_range=False f_mag=0.000N tau_mag=0.0000Nm misalign_deg=90.0 pos=[-0.10910802 -0.10914571  0.49140108] bottom_world=[-0.10910775 -0.10914585  0.47140108] quat=[-3.8058379e-01 -4.6668883e-06  5.8702417e-06  9.2474639e-01] speed=0.0009 ang_speed=0.0045 ang_vel_vec=[ 0.00321946  0.00311823 -0.00057364] |com_force|=0.0000N
### kotek_magnet[tick=9180] sensor4: d=0.5249m in_range=False f_mag=0.000N tau_mag=0.0000Nm misalign_deg=90.0 pos=[-0.10900031  0.10899955  0.49140236] bottom_world=[-0.1090003   0.10899961  0.47140236] quat=[ 3.8268211e-01  3.2509098e-07 -1.3979023e-06  9.2388004e-01] speed=0.0005 ang_speed=0.0024 ang_vel_vec=[ 0.00174181  0.00134384 -0.00085169] |com_force|=0.0000N
### kotek_magnet[tick=9240] sensor1: d=0.2247m in_range=False f_mag=0.000N tau_mag=0.0000Nm misalign_deg=56.3 pos=[0.3204404  0.03141707 0.48992255] bottom_world=[0.33153199 0.02355007 0.4752567 ] quat=[ 0.5548357  -0.3650912  -0.00788015  0.74753183] speed=0.0646 ang_speed=3.5579 ang_vel_vec=[-2.218639   0.8647113 -2.6436086] |com_force|=0.0000N
### kotek_magnet[tick=9240] sensor2: d=0.3208m in_range=False f_mag=0.000N tau_mag=0.0000Nm misalign_deg=90.0 pos=[ 0.10902449 -0.10904571  0.49140108] bottom_world=[ 0.10902442 -0.10904577  0.47140108] quat=[ 9.2300045e-01 -2.1199198e-06  1.2295914e-06 -3.8479891e-01] speed=0.0009 ang_speed=0.0025 ang_vel_vec=[-0.00012411  0.00172342  0.00179438] |com_force|=0.0000N
### kotek_magnet[tick=9240] sensor3: d=0.5470m in_range=False f_mag=0.000N tau_mag=0.0000Nm misalign_deg=90.0 pos=[-0.10910642 -0.10914589  0.4914011 ] bottom_world=[-0.10910662 -0.10914569  0.47140111] quat=[-3.8058296e-01  2.6170339e-06 -6.7253213e-06  9.2474681e-01] speed=0.0011 ang_speed=0.0028 ang_vel_vec=[2.1756743e-03 3.7249760e-05 1.7886535e-03] |com_force|=0.0000N
### kotek_magnet[tick=9240] sensor4: d=0.5249m in_range=False f_mag=0.000N tau_mag=0.0000Nm misalign_deg=90.0 pos=[-0.109      0.1090002  0.4914023] bottom_world=[-0.10900022  0.10900006  0.4714023 ] quat=[3.8268217e-01 3.7146692e-06 5.3231138e-06 9.2388010e-01] speed=0.0010 ang_speed=0.0013 ang_vel_vec=[ 0.00093372 -0.00082462 -0.00046056] |com_force|=0.0000N
### kotek_magnet[tick=9300] sensor1: d=0.2120m in_range=False f_mag=0.000N tau_mag=0.0000Nm misalign_deg=54.0 pos=[0.32372767 0.01965805 0.48478958] bottom_world=[0.3354909  0.01197174 0.47055768] quat=[ 0.51773435 -0.37969604 -0.00577053  0.7666478 ] speed=0.0778 ang_speed=3.3735 ang_vel_vec=[-2.1748643  0.7287325 -2.4738004] |com_force|=0.0000N
### kotek_magnet[tick=9300] sensor2: d=0.3208m in_range=False f_mag=0.000N tau_mag=0.0000Nm misalign_deg=90.0 pos=[ 0.10902473 -0.1090459   0.49140108] bottom_world=[ 0.10902458 -0.10904595  0.47140108] quat=[ 9.2300057e-01 -2.6160283e-06  3.0730037e-06 -3.8479856e-01] speed=0.0006 ang_speed=0.0027 ang_vel_vec=[ 0.00044198 -0.00262178  0.00047041] |com_force|=0.0000N
### kotek_magnet[tick=9300] sensor3: d=0.5470m in_range=False f_mag=0.000N tau_mag=0.0000Nm misalign_deg=90.0 pos=[-0.10910636 -0.10914589  0.49140114] bottom_world=[-0.10910655 -0.10914569  0.47140114] quat=[-3.8058302e-01  2.5568238e-06 -6.3465059e-06  9.2474687e-01] speed=0.0011 ang_speed=0.0035 ang_vel_vec=[0.00314305 0.0006534  0.00139075] |com_force|=0.0000N
### kotek_magnet[tick=9300] sensor4: d=0.5249m in_range=False f_mag=0.000N tau_mag=0.0000Nm misalign_deg=90.0 pos=[-0.10900012  0.1089985   0.4914023 ] bottom_world=[-0.10900003  0.1089988   0.4714023 ] quat=[ 3.8268307e-01  7.3930249e-07 -7.7237401e-06  9.2387968e-01] speed=0.0010 ang_speed=0.0018 ang_vel_vec=[-7.7260294e-05 -1.2531274e-03  1.2557447e-03] |com_force|=0.0000N
### kotek_magnet[tick=9360] sensor1: d=0.1991m in_range=False f_mag=0.000N tau_mag=0.0000Nm misalign_deg=51.7 pos=[0.32641536 0.00742278 0.47967955] bottom_world=[ 3.38816646e-01 -5.43581801e-05  4.65884605e-01] quat=[ 0.4805787  -0.3938493  -0.00299575  0.7835292 ] speed=0.0863 ang_speed=1.7977 ang_vel_vec=[-1.7444987  -0.24504727  0.35816002] |com_force|=0.0000N
### kotek_magnet[tick=9360] sensor2: d=0.3208m in_range=False f_mag=0.000N tau_mag=0.0000Nm misalign_deg=90.0 pos=[ 0.10902452 -0.10904565  0.49140108] bottom_world=[ 0.10902444 -0.10904572  0.47140108] quat=[ 9.2300045e-01 -2.3004482e-06  1.2717364e-06 -3.8479888e-01] speed=0.0010 ang_speed=0.0023 ang_vel_vec=[-4.3144788e-05  1.5855682e-03  1.6495435e-03] |com_force|=0.0000N
### kotek_magnet[tick=9360] sensor3: d=0.5470m in_range=False f_mag=0.000N tau_mag=0.0000Nm misalign_deg=90.0 pos=[-0.10910695 -0.10914566  0.491401  ] bottom_world=[-0.10910696 -0.10914565  0.47140099] quat=[-3.8058305e-01  1.7665650e-07 -4.3657272e-07  9.2474675e-01] speed=0.0007 ang_speed=0.0097 ang_vel_vec=[0.00834822 0.00471201 0.00152289] |com_force|=0.0000N
### kotek_magnet[tick=9360] sensor4: d=0.5249m in_range=False f_mag=0.000N tau_mag=0.0000Nm misalign_deg=90.0 pos=[-0.10900002  0.10900021  0.49140233] bottom_world=[-0.10900024  0.10900007  0.47140233] quat=[3.826821e-01 3.700474e-06 5.431280e-06 9.238801e-01] speed=0.0010 ang_speed=0.0017 ang_vel_vec=[ 0.00124841 -0.00099901 -0.00067022] |com_force|=0.0000N
### kotek_magnet[tick=9420] sensor1: d=0.1864m in_range=False f_mag=0.000N tau_mag=0.0000Nm misalign_deg=49.3 pos=[ 0.3283303  -0.00519947  0.4746152 ] bottom_world=[ 0.34136829 -0.01237857  0.46125586] quat=[ 4.4131726e-01 -4.0745148e-01 -4.2245514e-04  7.9951376e-01] speed=0.0724 ang_speed=1.4410 ang_vel_vec=[-1.4036515  -0.00469986 -0.3260081 ] |com_force|=0.0000N
### kotek_magnet[tick=9420] sensor2: d=0.3208m in_range=False f_mag=0.000N tau_mag=0.0000Nm misalign_deg=90.0 pos=[ 0.10902451 -0.10904572  0.49140108] bottom_world=[ 0.10902443 -0.10904578  0.47140108] quat=[ 9.2300051e-01 -2.0190123e-06  1.2294778e-06 -3.8479897e-01] speed=0.0009 ang_speed=0.0022 ang_vel_vec=[-0.0002293   0.00153874  0.00160524] |com_force|=0.0000N
### kotek_magnet[tick=9420] sensor3: d=0.5470m in_range=False f_mag=0.000N tau_mag=0.0000Nm misalign_deg=90.0 pos=[-0.10910665 -0.10914612  0.49140102] bottom_world=[-0.10910683 -0.10914586  0.47140102] quat=[-3.8058323e-01  1.6150741e-06 -7.7387695e-06  9.2474663e-01] speed=0.0007 ang_speed=0.0037 ang_vel_vec=[-0.0034752  -0.00119097  0.0006515 ] |com_force|=0.0000N
### kotek_magnet[tick=9420] sensor4: d=0.5249m in_range=False f_mag=0.000N tau_mag=0.0000Nm misalign_deg=90.0 pos=[-0.10900003  0.10900014  0.4914023 ] bottom_world=[-0.10900026  0.10899999  0.4714023 ] quat=[3.8268206e-01 3.9127453e-06 5.5372775e-06 9.2388010e-01] speed=0.0010 ang_speed=0.0021 ang_vel_vec=[ 0.00144544 -0.00138775 -0.00069838] |com_force|=0.0000N
### kotek_magnet[tick=9480] sensor1: d=0.1740m in_range=False f_mag=0.000N tau_mag=0.0000Nm misalign_deg=46.9 pos=[ 0.32958218 -0.01804731  0.46963638] bottom_world=[ 0.34325342 -0.02483135  0.45671066] quat=[ 0.40091434 -0.42054188  0.00122808  0.8138862 ] speed=0.1000 ang_speed=3.4241 ang_vel_vec=[-2.2886398  -0.65349716 -2.4615765 ] |com_force|=0.0000N
### kotek_magnet[tick=9480] sensor2: d=0.3208m in_range=False f_mag=0.000N tau_mag=0.0000Nm misalign_deg=90.0 pos=[ 0.10902453 -0.10904572  0.49140102] bottom_world=[ 0.10902446 -0.10904577  0.47140102] quat=[ 9.2300045e-01 -1.7757148e-06  1.1273526e-06 -3.8479888e-01] speed=0.0009 ang_speed=0.0024 ang_vel_vec=[-0.00050977  0.00186556  0.00147834] |com_force|=0.0000N
### kotek_magnet[tick=9480] sensor3: d=0.5470m in_range=False f_mag=0.000N tau_mag=0.0000Nm misalign_deg=90.0 pos=[-0.1091064 -0.1091459  0.4914011] bottom_world=[-0.10910659 -0.1091457   0.47140111] quat=[-3.8058293e-01  2.4297949e-06 -6.3671905e-06  9.2474687e-01] speed=0.0010 ang_speed=0.0031 ang_vel_vec=[0.00266868 0.00066844 0.00150117] |com_force|=0.0000N
### kotek_magnet[tick=9480] sensor4: d=0.5249m in_range=False f_mag=0.000N tau_mag=0.0000Nm misalign_deg=90.0 pos=[-0.10900032  0.10899956  0.4914024 ] bottom_world=[-0.10900032  0.10899961  0.47140239] quat=[ 3.8268217e-01  5.1770388e-07 -1.2544037e-06  9.2388010e-01] speed=0.0005 ang_speed=0.0026 ang_vel_vec=[ 2.4944509e-03 -3.6977548e-05 -8.6214294e-04] |com_force|=0.0000N
### kotek_magnet[tick=9540] sensor1: d=0.1619m in_range=False f_mag=0.000N tau_mag=0.0000Nm misalign_deg=44.5 pos=[ 0.33026996 -0.03102323  0.46482134] bottom_world=[ 0.34452935 -0.03743196  0.45234745] quat=[ 0.36230603 -0.43374982  0.00371915  0.8249738 ] speed=0.0980 ang_speed=2.4915 ang_vel_vec=[-2.4795697   0.0797594  -0.23046255] |com_force|=0.0000N
### kotek_magnet[tick=9540] sensor2: d=0.3208m in_range=False f_mag=0.000N tau_mag=0.0000Nm misalign_deg=90.0 pos=[ 0.10902451 -0.1090457   0.4914011 ] bottom_world=[ 0.10902445 -0.10904574  0.47140111] quat=[ 9.2300040e-01 -1.5768136e-06  9.1234222e-07 -3.8479888e-01] speed=0.0009 ang_speed=0.0026 ang_vel_vec=[-0.00069994  0.00213185  0.0013735 ] |com_force|=0.0000N
### kotek_magnet[tick=9540] sensor3: d=0.5470m in_range=False f_mag=0.000N tau_mag=0.0000Nm misalign_deg=90.0 pos=[-0.10910638 -0.10914589  0.49140114] bottom_world=[-0.10910656 -0.10914571  0.47140114] quat=[-3.8058293e-01  2.4616606e-06 -6.0429111e-06  9.2474687e-01] speed=0.0010 ang_speed=0.0035 ang_vel_vec=[0.00303049 0.00086832 0.00140431] |com_force|=0.0000N
### kotek_magnet[tick=9540] sensor4: d=0.5249m in_range=False f_mag=0.000N tau_mag=0.0000Nm misalign_deg=90.0 pos=[-0.10900003  0.10899931  0.49140236] bottom_world=[-0.10900013  0.10899934  0.47140236] quat=[3.8268262e-01 2.6097300e-06 2.0920277e-07 9.2387992e-01] speed=0.0002 ang_speed=0.0032 ang_vel_vec=[ 0.00242449 -0.00205731  0.00023783] |com_force|=0.0000N
### kotek_magnet[tick=9600] sensor1: d=0.1504m in_range=False f_mag=0.000N tau_mag=0.0000Nm misalign_deg=42.1 pos=[ 0.33031383 -0.04412404  0.46017507] bottom_world=[ 0.34514395 -0.0500831   0.44815187] quat=[ 0.3216372  -0.44651872  0.00641901  0.8349427 ] speed=0.0865 ang_speed=1.8540 ang_vel_vec=[-1.6436682  -0.2687989  -0.81453514] |com_force|=0.0000N
### kotek_magnet[tick=9600] sensor2: d=0.3208m in_range=False f_mag=0.000N tau_mag=0.0000Nm misalign_deg=90.0 pos=[ 0.10902449 -0.10904575  0.49140093] bottom_world=[ 0.10902443 -0.1090458   0.47140093] quat=[ 9.2300045e-01 -1.7119884e-06  1.0140118e-06 -3.8479897e-01] speed=0.0009 ang_speed=0.0027 ang_vel_vec=[-0.00055816  0.00217517  0.00153249] |com_force|=0.0000N
### kotek_magnet[tick=9600] sensor3: d=0.5470m in_range=False f_mag=0.000N tau_mag=0.0000Nm misalign_deg=90.0 pos=[-0.10910746 -0.10914613  0.49140105] bottom_world=[-0.10910742 -0.109146    0.47140105] quat=[-3.8058394e-01 -2.2756344e-06 -2.5047689e-06  9.2474639e-01] speed=0.0004 ang_speed=0.0022 ang_vel_vec=[-0.00025182  0.00211867 -0.00069714] |com_force|=0.0000N
### kotek_magnet[tick=9600] sensor4: d=0.5249m in_range=False f_mag=0.000N tau_mag=0.0000Nm misalign_deg=90.0 pos=[-0.10900031  0.10899951  0.49140227] bottom_world=[-0.1090003   0.10899957  0.47140227] quat=[ 3.8268223e-01  2.8447246e-07 -1.4847942e-06  9.2388004e-01] speed=0.0004 ang_speed=0.0023 ang_vel_vec=[ 0.00185872  0.00118755 -0.0007429 ] |com_force|=0.0000N
### kotek_magnet[tick=9660] sensor1: d=0.1395m in_range=False f_mag=0.000N tau_mag=0.0000Nm misalign_deg=39.8 pos=[ 0.32974124 -0.0574951   0.45570937] bottom_world=[ 0.34511071 -0.06294894  0.44413202] quat=[ 0.28084305 -0.45878884  0.00889539  0.8429478 ] speed=0.1087 ang_speed=3.3516 ang_vel_vec=[-1.9999093 -1.5894725 -2.1695688] |com_force|=0.0000N
### kotek_magnet[tick=9660] sensor2: d=0.3208m in_range=False f_mag=0.000N tau_mag=0.0000Nm misalign_deg=90.0 pos=[ 0.10902452 -0.10904571  0.49140102] bottom_world=[ 0.10902446 -0.10904575  0.47140102] quat=[ 9.2300051e-01 -1.7270262e-06  1.0123382e-06 -3.8479900e-01] speed=0.0009 ang_speed=0.0024 ang_vel_vec=[-0.00038798  0.00181435  0.00153551] |com_force|=0.0000N
### kotek_magnet[tick=9660] sensor3: d=0.5470m in_range=False f_mag=0.000N tau_mag=0.0000Nm misalign_deg=90.0 pos=[-0.10910747 -0.10914611  0.49140102] bottom_world=[-0.10910743 -0.10914598  0.47140102] quat=[-3.8058397e-01 -2.2587924e-06 -2.5994739e-06  9.2474645e-01] speed=0.0004 ang_speed=0.0022 ang_vel_vec=[-0.00026183  0.0020628  -0.00068071] |com_force|=0.0000N
### kotek_magnet[tick=9660] sensor4: d=0.5249m in_range=False f_mag=0.000N tau_mag=0.0000Nm misalign_deg=90.0 pos=[-0.10900003  0.10900021  0.49140233] bottom_world=[-0.10900027  0.10900006  0.47140233] quat=[3.8268214e-01 3.9006818e-06 5.6971930e-06 9.2388016e-01] speed=0.0010 ang_speed=0.0025 ang_vel_vec=[ 0.00175119 -0.00158483 -0.00077008] |com_force|=0.0000N
### kotek_magnet[tick=9720] sensor1: d=0.1297m in_range=False f_mag=0.000N tau_mag=0.0000Nm misalign_deg=37.4 pos=[ 0.32881984 -0.07041389  0.45158082] bottom_world=[ 0.34470254 -0.07537893  0.44048631] quat=[ 0.24180077 -0.47169492  0.01187637  0.84787685] speed=0.1121 ang_speed=2.6255 ang_vel_vec=[-2.5347505  -0.68240863 -0.05170131] |com_force|=0.0000N
### kotek_magnet[tick=9720] sensor2: d=0.3208m in_range=False f_mag=0.000N tau_mag=0.0000Nm misalign_deg=90.0 pos=[ 0.10902472 -0.10904592  0.49140108] bottom_world=[ 0.10902455 -0.10904597  0.47140108] quat=[ 9.2300057e-01 -2.7142366e-06  3.4120976e-06 -3.8479868e-01] speed=0.0006 ang_speed=0.0026 ang_vel_vec=[ 6.0729537e-05 -2.4780529e-03  6.7699619e-04] |com_force|=0.0000N
### kotek_magnet[tick=9720] sensor3: d=0.5470m in_range=False f_mag=0.000N tau_mag=0.0000Nm misalign_deg=90.0 pos=[-0.10910812 -0.10914585  0.49140108] bottom_world=[-0.10910787 -0.10914595  0.47140108] quat=[-3.8058394e-01 -4.7807489e-06  4.5878396e-06  9.2474633e-01] speed=0.0009 ang_speed=0.0018 ang_vel_vec=[ 0.00131054  0.0010751  -0.00066905] |com_force|=0.0000N
### kotek_magnet[tick=9720] sensor4: d=0.5249m in_range=False f_mag=0.000N tau_mag=0.0000Nm misalign_deg=90.0 pos=[-0.10900001  0.1090002   0.4914023 ] bottom_world=[-0.10900025  0.10900006  0.4714023 ] quat=[3.8268223e-01 4.0060763e-06 5.5368755e-06 9.2388016e-01] speed=0.0010 ang_speed=0.0025 ang_vel_vec=[ 0.00167792 -0.00177896 -0.0006926 ] |com_force|=0.0000N
### kotek_magnet[tick=9780] sensor1: d=0.1208m in_range=False f_mag=0.000N tau_mag=0.0000Nm misalign_deg=35.1 pos=[ 0.3273186  -0.08356955  0.44768763] bottom_world=[ 0.34368624 -0.08798723  0.43707702] quat=[ 0.20093217 -0.4842486   0.01543428  0.85140556] speed=0.0998 ang_speed=2.6347 ang_vel_vec=[-2.1854367 -0.8583128 -1.1953901] |com_force|=0.0000N
### kotek_magnet[tick=9780] sensor2: d=0.3208m in_range=False f_mag=0.000N tau_mag=0.0000Nm misalign_deg=90.0 pos=[ 0.10902449 -0.10904576  0.49140102] bottom_world=[ 0.10902442 -0.10904581  0.47140102] quat=[ 9.2300045e-01 -1.7136887e-06  1.0543470e-06 -3.8479897e-01] speed=0.0009 ang_speed=0.0024 ang_vel_vec=[-0.00052727  0.00181816  0.00144752] |com_force|=0.0000N
### kotek_magnet[tick=9780] sensor3: d=0.5470m in_range=False f_mag=0.000N tau_mag=0.0000Nm misalign_deg=90.0 pos=[-0.10910803 -0.10914577  0.4914012 ] bottom_world=[-0.10910779 -0.10914589  0.4714012 ] quat=[-3.8058367e-01 -4.3446712e-06  5.1602033e-06  9.2474645e-01] speed=0.0009 ang_speed=0.0036 ang_vel_vec=[ 0.00256583  0.00247477 -0.0005128 ] |com_force|=0.0000N
### kotek_magnet[tick=9780] sensor4: d=0.5249m in_range=False f_mag=0.000N tau_mag=0.0000Nm misalign_deg=90.0 pos=[-0.10900033  0.10899948  0.4914023 ] bottom_world=[-0.10900032  0.10899954  0.4714023 ] quat=[ 3.8268220e-01  3.2819494e-07 -1.4772331e-06  9.2388010e-01] speed=0.0004 ang_speed=0.0024 ang_vel_vec=[ 0.00197552  0.00101442 -0.00084987] |com_force|=0.0000N
### kotek_magnet[tick=9840] sensor1: d=0.1132m in_range=False f_mag=0.000N tau_mag=0.0000Nm misalign_deg=32.8 pos=[ 0.3252664  -0.09689566  0.4440181 ] bottom_world=[ 0.34208001 -0.10072629  0.43388752] quat=[ 0.15890916 -0.4963302   0.01980047  0.8532363 ] speed=0.1029 ang_speed=4.3040 ang_vel_vec=[-1.2533369 -2.557903  -3.2265956] |com_force|=0.0000N
### kotek_magnet[tick=9840] sensor2: d=0.3208m in_range=False f_mag=0.000N tau_mag=0.0000Nm misalign_deg=90.0 pos=[ 0.10902443 -0.10904738  0.49140105] bottom_world=[ 0.10902462 -0.10904702  0.47140105] quat=[ 9.2300087e-01  9.9734234e-06 -1.0291283e-06 -3.8479802e-01] speed=0.0010 ang_speed=0.0010 ang_vel_vec=[ 2.9966954e-04 -9.8879871e-05 -9.6944172e-04] |com_force|=0.0000N
### kotek_magnet[tick=9840] sensor3: d=0.5470m in_range=False f_mag=0.000N tau_mag=0.0000Nm misalign_deg=90.0 pos=[-0.10910665 -0.10914613  0.49140102] bottom_world=[-0.10910683 -0.10914586  0.47140102] quat=[-3.8058332e-01  1.4480822e-06 -7.9118463e-06  9.2474669e-01] speed=0.0007 ang_speed=0.0027 ang_vel_vec=[-0.00265582 -0.00045157  0.00035851] |com_force|=0.0000N
### kotek_magnet[tick=9840] sensor4: d=0.5249m in_range=False f_mag=0.000N tau_mag=0.0000Nm misalign_deg=90.0 pos=[-0.10900033  0.10899953  0.4914024 ] bottom_world=[-0.10900032  0.10899959  0.47140239] quat=[ 3.8268211e-01  4.1601342e-07 -1.5765509e-06  9.2388010e-01] speed=0.0004 ang_speed=0.0026 ang_vel_vec=[ 0.00234798  0.00044941 -0.00100553] |com_force|=0.0000N
### kotek_magnet[tick=9900] sensor1: d=0.1076m in_range=False f_mag=0.000N tau_mag=0.0000Nm misalign_deg=30.6 pos=[ 0.32289702 -0.10947891  0.44085196] bottom_world=[ 0.34010858 -0.11279073  0.43121899] quat=[ 0.1207767  -0.50847447  0.02509258  0.8521955 ] speed=0.1145 ang_speed=3.3056 ang_vel_vec=[-1.307749  -2.5491872 -1.6487805] |com_force|=0.0000N
### kotek_magnet[tick=9900] sensor2: d=0.3208m in_range=False f_mag=0.000N tau_mag=0.0000Nm misalign_deg=90.0 pos=[ 0.10902445 -0.10904739  0.49140102] bottom_world=[ 0.10902464 -0.10904705  0.47140102] quat=[ 9.2300081e-01  9.7743405e-06 -1.1449637e-06 -3.8479793e-01] speed=0.0010 ang_speed=0.0008 ang_vel_vec=[ 2.7245565e-04  2.4531901e-05 -7.9236121e-04] |com_force|=0.0000N
### kotek_magnet[tick=9900] sensor3: d=0.5470m in_range=False f_mag=0.000N tau_mag=0.0000Nm misalign_deg=90.0 pos=[-0.10910638 -0.10914614  0.49140105] bottom_world=[-0.10910659 -0.10914584  0.47140105] quat=[-3.8058314e-01  1.8426043e-06 -8.9595915e-06  9.2474681e-01] speed=0.0009 ang_speed=0.0021 ang_vel_vec=[-0.00108922  0.00163744  0.0007624 ] |com_force|=0.0000N
### kotek_magnet[tick=9900] sensor4: d=0.5249m in_range=False f_mag=0.000N tau_mag=0.0000Nm misalign_deg=90.0 pos=[-0.10900003  0.10900015  0.49140233] bottom_world=[-0.10900025  0.10900001  0.47140233] quat=[3.8268217e-01 3.7626937e-06 5.3299709e-06 9.2388010e-01] speed=0.0010 ang_speed=0.0023 ang_vel_vec=[ 0.00153244 -0.00151161 -0.00081693] |com_force|=0.0000N
### kotek_magnet[tick=9960] sensor1: d=0.1036m in_range=False f_mag=0.000N tau_mag=0.0000Nm misalign_deg=28.4 pos=[ 0.32011044 -0.12210879  0.43797246] bottom_world=[ 0.33770738 -0.12488726  0.42888248] quat=[ 0.08267861 -0.5213311   0.03105498  0.8487719 ] speed=0.1231 ang_speed=2.6396 ang_vel_vec=[-2.2604415 -1.3497803  0.1900056] |com_force|=0.0000N
### kotek_magnet[tick=9960] sensor2: d=0.3208m in_range=False f_mag=0.000N tau_mag=0.0000Nm misalign_deg=90.0 pos=[ 0.10902435 -0.10904729  0.4914009 ] bottom_world=[ 0.10902456 -0.10904695  0.4714009 ] quat=[ 9.2300069e-01  9.9262234e-06 -1.7759298e-06 -3.8479820e-01] speed=0.0009 ang_speed=0.0013 ang_vel_vec=[-0.00078115  0.00091557 -0.00042641] |com_force|=0.0000N
### kotek_magnet[tick=9960] sensor3: d=0.5470m in_range=False f_mag=0.000N tau_mag=0.0000Nm misalign_deg=90.0 pos=[-0.10910641 -0.10914591  0.4914011 ] bottom_world=[-0.10910659 -0.10914572  0.47140111] quat=[-3.8058275e-01  2.3016114e-06 -6.1904761e-06  9.2474687e-01] speed=0.0010 ang_speed=0.0025 ang_vel_vec=[0.0019842  0.00045111 0.00150537] |com_force|=0.0000N
### kotek_magnet[tick=9960] sensor4: d=0.5249m in_range=False f_mag=0.000N tau_mag=0.0000Nm misalign_deg=90.0 pos=[-0.10900002  0.10900015  0.4914023 ] bottom_world=[-0.10900025  0.10900001  0.4714023 ] quat=[3.8268209e-01 3.8868807e-06 5.4064049e-06 9.2388010e-01] speed=0.0010 ang_speed=0.0027 ang_vel_vec=[ 0.00186395 -0.00178521 -0.00079573] |com_force|=0.0000N
### kotek_magnet[tick=10020] sensor1: d=0.1017m in_range=False f_mag=0.000N tau_mag=0.0000Nm misalign_deg=26.3 pos=[ 0.31686056 -0.13463049  0.43549085] bottom_world=[ 0.33479575 -0.1368547   0.42692454] quat=[ 0.04350752 -0.5332617   0.03839589  0.8439578 ] speed=0.1161 ang_speed=2.9054 ang_vel_vec=[-2.031839  -1.7281467 -1.151741 ] |com_force|=0.0000N
### kotek_magnet[tick=10020] sensor2: d=0.3208m in_range=False f_mag=0.000N tau_mag=0.0000Nm misalign_deg=90.0 pos=[ 0.10902467 -0.1090468   0.49140105] bottom_world=[ 0.10902466 -0.10904664  0.47140105] quat=[ 9.2300081e-01  3.7185901e-06  1.9034604e-06 -3.8479805e-01] speed=0.0005 ang_speed=0.0012 ang_vel_vec=[-9.4382331e-04  9.0384136e-05 -7.6819136e-04] |com_force|=0.0000N
### kotek_magnet[tick=10020] sensor3: d=0.5470m in_range=False f_mag=0.000N tau_mag=0.0000Nm misalign_deg=90.0 pos=[-0.10910644 -0.10914594  0.49140114] bottom_world=[-0.10910661 -0.10914575  0.47140114] quat=[-3.8058287e-01  2.2627050e-06 -6.0182401e-06  9.2474687e-01] speed=0.0010 ang_speed=0.0029 ang_vel_vec=[0.00240099 0.00061843 0.00147058] |com_force|=0.0000N
### kotek_magnet[tick=10020] sensor4: d=0.5249m in_range=False f_mag=0.000N tau_mag=0.0000Nm misalign_deg=90.0 pos=[-0.10900032  0.10899948  0.4914022 ] bottom_world=[-0.10900031  0.10899954  0.47140221] quat=[ 3.8268226e-01  4.4638085e-07 -1.6211325e-06  9.2388004e-01] speed=0.0004 ang_speed=0.0028 ang_vel_vec=[ 0.00259261  0.00054447 -0.00083261] |com_force|=0.0000N
### kotek_magnet[tick=10080] sensor1: d=0.1016m in_range=False f_mag=0.000N tau_mag=0.0000Nm misalign_deg=25.0 pos=[ 0.31470242 -0.14206298  0.43423277] bottom_world=[ 0.33282377 -0.14398368  0.42599095] quat=[ 0.0212435  -0.54042804  0.04349657  0.83999664] speed=0.1249 ang_speed=2.8024 ang_vel_vec=[-2.3888671  -1.3704673  -0.51839525] |com_force|=0.0000N
### kotek_magnet[tick=10080] sensor2: d=0.3208m in_range=False f_mag=0.000N tau_mag=0.0000Nm misalign_deg=90.0 pos=[ 0.10902448 -0.10904573  0.49140093] bottom_world=[ 0.10902442 -0.10904577  0.47140093] quat=[ 9.2300045e-01 -1.5497982e-06  1.0057915e-06 -3.8479885e-01] speed=0.0009 ang_speed=0.0026 ang_vel_vec=[-0.00057199  0.0021178   0.00135107] |com_force|=0.0000N
### kotek_magnet[tick=10080] sensor3: d=0.5470m in_range=False f_mag=0.000N tau_mag=0.0000Nm misalign_deg=90.0 pos=[-0.10910643 -0.10914591  0.49140102] bottom_world=[-0.1091066  -0.10914573  0.47140102] quat=[-3.8058296e-01  2.2538377e-06 -5.8863488e-06  9.2474681e-01] speed=0.0010 ang_speed=0.0028 ang_vel_vec=[0.00235182 0.00057247 0.00137896] |com_force|=0.0000N
### kotek_magnet[tick=10080] sensor4: d=0.5249m in_range=False f_mag=0.000N tau_mag=0.0000Nm misalign_deg=90.0 pos=[-0.10900005  0.10900015  0.4914023 ] bottom_world=[-0.10900028  0.10900001  0.4714023 ] quat=[3.8268211e-01 3.8867233e-06 5.3593171e-06 9.2388010e-01] speed=0.0010 ang_speed=0.0030 ang_vel_vec=[ 0.00216775 -0.00183372 -0.00091939] |com_force|=0.0000N
### kotek_magnet[tick=10140] sensor1: d=0.0958m in_range=True f_mag=1.664N tau_mag=0.0019Nm misalign_deg=25.9 pos=[ 0.31232193 -0.14721487  0.42417124] bottom_world=[ 0.33030743 -0.14940274  0.41570158] quat=[ 0.03137863 -0.5350108   0.04496547  0.84306407] speed=0.1181 ang_speed=1.7481 ang_vel_vec=[-1.5294118  -0.81070346  0.24386844] |com_force|=0.3679N
### kotek_magnet[tick=10140] sensor2: d=0.3208m in_range=False f_mag=0.000N tau_mag=0.0000Nm misalign_deg=90.0 pos=[ 0.10902447 -0.10904573  0.49140102] bottom_world=[ 0.10902441 -0.10904577  0.47140102] quat=[ 9.2300045e-01 -1.4440852e-06  9.7117095e-07 -3.8479897e-01] speed=0.0009 ang_speed=0.0026 ang_vel_vec=[-0.00072029  0.00197641  0.0014552 ] |com_force|=0.0000N
### kotek_magnet[tick=10140] sensor3: d=0.5470m in_range=False f_mag=0.000N tau_mag=0.0000Nm misalign_deg=90.0 pos=[-0.10910643 -0.10914589  0.49140108] bottom_world=[-0.10910661 -0.1091457   0.47140108] quat=[-3.8058293e-01  2.3070788e-06 -6.0226566e-06  9.2474675e-01] speed=0.0010 ang_speed=0.0031 ang_vel_vec=[0.00258861 0.00075103 0.00149038] |com_force|=0.0000N
### kotek_magnet[tick=10140] sensor4: d=0.5249m in_range=False f_mag=0.000N tau_mag=0.0000Nm misalign_deg=90.0 pos=[-0.10900032  0.10899954  0.49140224] bottom_world=[-0.10900031  0.1089996   0.47140224] quat=[ 3.8268223e-01  2.8608045e-07 -1.5094388e-06  9.2388004e-01] speed=0.0004 ang_speed=0.0024 ang_vel_vec=[ 0.00199301  0.00101866 -0.00082705] |com_force|=0.0000N
### kotek_magnet[tick=10200] sensor1: d=0.0732m in_range=True f_mag=1.446N tau_mag=0.0014Nm misalign_deg=25.5 pos=[ 0.3255734  -0.15111455  0.4048582 ] bottom_world=[ 0.34362045 -0.15321524  0.39649808] quat=[ 0.02728134 -0.53756315  0.04497683  0.8415811 ] speed=0.1258 ang_speed=1.8158 ang_vel_vec=[-1.5771317  -0.75062037  0.4961834 ] |com_force|=0.3885N
### kotek_magnet[tick=10200] sensor2: d=0.3208m in_range=False f_mag=0.000N tau_mag=0.0000Nm misalign_deg=90.0 pos=[ 0.10902448 -0.10904578  0.49140102] bottom_world=[ 0.10902443 -0.10904581  0.47140102] quat=[ 9.2300045e-01 -1.0989206e-06  8.5518354e-07 -3.8479897e-01] speed=0.0009 ang_speed=0.0029 ang_vel_vec=[-0.00117131  0.00224656  0.00144689] |com_force|=0.0000N
### kotek_magnet[tick=10200] sensor3: d=0.5470m in_range=False f_mag=0.000N tau_mag=0.0000Nm misalign_deg=90.0 pos=[-0.10910644 -0.10914593  0.49140102] bottom_world=[-0.10910661 -0.10914575  0.47140102] quat=[-3.8058275e-01  2.2088777e-06 -5.7953157e-06  9.2474681e-01] speed=0.0010 ang_speed=0.0035 ang_vel_vec=[0.00303412 0.00105831 0.00147232] |com_force|=0.0000N
### kotek_magnet[tick=10200] sensor4: d=0.5249m in_range=False f_mag=0.000N tau_mag=0.0000Nm misalign_deg=90.0 pos=[-0.10900002  0.10900015  0.4914023 ] bottom_world=[-0.10900025  0.10900001  0.4714023 ] quat=[3.8268226e-01 3.9448814e-06 5.4293791e-06 9.2388010e-01] speed=0.0010 ang_speed=0.0022 ang_vel_vec=[ 0.00143356 -0.00150291 -0.00082791] |com_force|=0.0000N
### kotek_magnet[tick=10260] sensor1: d=0.0526m in_range=True f_mag=1.024N tau_mag=0.0009Nm misalign_deg=25.1 pos=[ 0.3384851  -0.15457706  0.38730592] bottom_world=[ 0.35660183 -0.15655996  0.37906869] quat=[ 0.02227019 -0.540437    0.0446918   0.8399015 ] speed=0.1366 ang_speed=2.4127 ang_vel_vec=[-1.8243091 -1.5726361 -0.1415773] |com_force|=0.3650N
### kotek_magnet[tick=10260] sensor2: d=0.3208m in_range=False f_mag=0.000N tau_mag=0.0000Nm misalign_deg=90.0 pos=[ 0.10902447 -0.10904572  0.49140105] bottom_world=[ 0.10902441 -0.10904577  0.47140105] quat=[ 9.2300040e-01 -1.6754034e-06  1.0645042e-06 -3.8479897e-01] speed=0.0010 ang_speed=0.0025 ang_vel_vec=[-0.00066269  0.00195727  0.00144244] |com_force|=0.0000N
### kotek_magnet[tick=10260] sensor3: d=0.5470m in_range=False f_mag=0.000N tau_mag=0.0000Nm misalign_deg=90.0 pos=[-0.10910642 -0.10914592  0.491401  ] bottom_world=[-0.1091066  -0.10914572  0.47140099] quat=[-3.8058290e-01  2.3429727e-06 -6.1876531e-06  9.2474681e-01] speed=0.0010 ang_speed=0.0026 ang_vel_vec=[0.00210576 0.00045435 0.00146332] |com_force|=0.0000N
### kotek_magnet[tick=10260] sensor4: d=0.5249m in_range=False f_mag=0.000N tau_mag=0.0000Nm misalign_deg=90.0 pos=[-0.1090003   0.10899955  0.4914023 ] bottom_world=[-0.10900029  0.10899962  0.4714023 ] quat=[ 3.8268232e-01  2.7969719e-07 -1.7440848e-06  9.2388004e-01] speed=0.0005 ang_speed=0.0021 ang_vel_vec=[ 0.00166815  0.00088686 -0.00080933] |com_force|=0.0000N
### still playing, 1219s left
### kotek_magnet[tick=10320] sensor1: d=0.0138m in_range=True f_mag=0.222N tau_mag=0.0001Nm misalign_deg=15.1 pos=[ 0.36970603 -0.15176646  0.36332798] bottom_world=[ 0.38901892 -0.15048032  0.35829226] quat=[ 0.0142533  -0.60945976 -0.05163109  0.7910057 ] speed=0.0360 ang_speed=0.7577 ang_vel_vec=[-0.23288375 -0.16614017 -0.7016066 ] |com_force|=0.4415N
### kotek_magnet[tick=10320] sensor2: d=0.3208m in_range=False f_mag=0.000N tau_mag=0.0000Nm misalign_deg=90.0 pos=[ 0.10902447 -0.10904577  0.49140096] bottom_world=[ 0.1090244  -0.10904581  0.47140096] quat=[ 9.2300040e-01 -1.5849381e-06  9.9897352e-07 -3.8479897e-01] speed=0.0009 ang_speed=0.0025 ang_vel_vec=[-0.00045285  0.00192629  0.00152681] |com_force|=0.0000N
### kotek_magnet[tick=10320] sensor3: d=0.5470m in_range=False f_mag=0.000N tau_mag=0.0000Nm misalign_deg=90.0 pos=[-0.10910806 -0.10914577  0.49140102] bottom_world=[-0.10910782 -0.10914589  0.47140102] quat=[-3.8058379e-01 -4.3342247e-06  4.9773694e-06  9.2474645e-01] speed=0.0009 ang_speed=0.0029 ang_vel_vec=[ 0.00213775  0.00184644 -0.00042149] |com_force|=0.0000N
### kotek_magnet[tick=10320] sensor4: d=0.5249m in_range=False f_mag=0.000N tau_mag=0.0000Nm misalign_deg=90.0 pos=[-0.10900005  0.10900019  0.4914024 ] bottom_world=[-0.10900028  0.10900004  0.47140239] quat=[3.8268211e-01 3.9270785e-06 5.6481640e-06 9.2388004e-01] speed=0.0010 ang_speed=0.0024 ang_vel_vec=[ 0.00165844 -0.00150589 -0.00074973] |com_force|=0.0000N
### kotek_magnet[tick=10340]: welded sensor 1 at d=0.0144m misalign_deg=14.5 pos=[ 0.37032607 -0.15041827  0.3650547 ] wall_pos=[0.425 0.    0.5  ] local_pos1=[-0.05467393 -0.15041827 -0.1349453 ] quat=[ 0.0286555  -0.6117284  -0.02233383  0.7902331 ]
### kotek_magnet[tick=10380] sensor2: d=0.3208m in_range=False f_mag=0.000N tau_mag=0.0000Nm misalign_deg=90.0 pos=[ 0.10902448 -0.10904576  0.49140096] bottom_world=[ 0.10902442 -0.1090458   0.47140096] quat=[ 9.2300045e-01 -1.6203712e-06  1.0531378e-06 -3.8479888e-01] speed=0.0009 ang_speed=0.0025 ang_vel_vec=[-0.00065618  0.00198903  0.00131571] |com_force|=0.0000N
### kotek_magnet[tick=10380] sensor3: d=0.5470m in_range=False f_mag=0.000N tau_mag=0.0000Nm misalign_deg=90.0 pos=[-0.10910644 -0.10914597  0.491401  ] bottom_world=[-0.10910663 -0.10914577  0.47140099] quat=[-3.8058293e-01  2.4180040e-06 -6.3549037e-06  9.2474681e-01] speed=0.0010 ang_speed=0.0025 ang_vel_vec=[0.00199684 0.00036579 0.00137761] |com_force|=0.0000N
### kotek_magnet[tick=10380] sensor4: d=0.5249m in_range=False f_mag=0.000N tau_mag=0.0000Nm misalign_deg=90.0 pos=[-0.10900032  0.10899949  0.49140236] bottom_world=[-0.1090003   0.10899956  0.47140236] quat=[ 3.8268232e-01  2.7874199e-07 -1.6760259e-06  9.2388004e-01] speed=0.0004 ang_speed=0.0024 ang_vel_vec=[ 0.00197851  0.00096448 -0.00096382] |com_force|=0.0000N
### kotek_magnet[tick=10440] sensor2: d=0.3208m in_range=False f_mag=0.000N tau_mag=0.0000Nm misalign_deg=90.0 pos=[ 0.10902442 -0.10904654  0.49140084] bottom_world=[ 0.1090245  -0.10904635  0.47140084] quat=[ 9.2300063e-01  5.2572186e-06  5.3665506e-08 -3.8479856e-01] speed=0.0001 ang_speed=0.0007 ang_vel_vec=[-0.00046141  0.00020217  0.00046003] |com_force|=0.0000N
### kotek_magnet[tick=10440] sensor3: d=0.5470m in_range=False f_mag=0.000N tau_mag=0.0000Nm misalign_deg=90.0 pos=[-0.10910668 -0.1091461   0.491401  ] bottom_world=[-0.10910685 -0.10914583  0.47140099] quat=[-3.8058335e-01  1.4046001e-06 -7.8368357e-06  9.2474669e-01] speed=0.0007 ang_speed=0.0029 ang_vel_vec=[-0.00271529 -0.00061228  0.00061758] |com_force|=0.0000N
### kotek_magnet[tick=10440] sensor4: d=0.5249m in_range=False f_mag=0.000N tau_mag=0.0000Nm misalign_deg=90.0 pos=[-0.10900033  0.10899953  0.49140224] bottom_world=[-0.10900031  0.10899959  0.47140224] quat=[ 3.8268232e-01  1.6047935e-07 -1.7037028e-06  9.2387998e-01] speed=0.0004 ang_speed=0.0023 ang_vel_vec=[ 0.00188787  0.00111424 -0.00071411] |com_force|=0.0000N
### kotek_magnet[tick=10500] sensor2: d=0.3208m in_range=False f_mag=0.000N tau_mag=0.0000Nm misalign_deg=90.0 pos=[ 0.10902467 -0.10904679  0.49140108] bottom_world=[ 0.10902466 -0.10904663  0.47140108] quat=[ 9.2300075e-01  3.5656724e-06  1.9720760e-06 -3.8479817e-01] speed=0.0005 ang_speed=0.0015 ang_vel_vec=[-0.00131039 -0.00031117 -0.00069791] |com_force|=0.0000N
### kotek_magnet[tick=10500] sensor3: d=0.5470m in_range=False f_mag=0.000N tau_mag=0.0000Nm misalign_deg=90.0 pos=[-0.10910643 -0.10914593  0.49140117] bottom_world=[-0.10910661 -0.10914574  0.47140117] quat=[-3.805828e-01  2.291528e-06 -6.029620e-06  9.247468e-01] speed=0.0010 ang_speed=0.0030 ang_vel_vec=[0.00256592 0.00061829 0.00152155] |com_force|=0.0000N
### kotek_magnet[tick=10500] sensor4: d=0.5249m in_range=False f_mag=0.000N tau_mag=0.0000Nm misalign_deg=90.0 pos=[-0.10900006  0.1090001   0.49140236] bottom_world=[-0.10900027  0.10899997  0.47140236] quat=[3.8268223e-01 3.7106076e-06 5.2068922e-06 9.2388016e-01] speed=0.0010 ang_speed=0.0019 ang_vel_vec=[ 0.00123956 -0.00115077 -0.00075882] |com_force|=0.0000N
### kotek_magnet[tick=10560] sensor2: d=0.3208m in_range=False f_mag=0.000N tau_mag=0.0000Nm misalign_deg=90.0 pos=[ 0.10902475 -0.10904568  0.49140102] bottom_world=[ 0.10902457 -0.10904575  0.47140102] quat=[ 9.2300057e-01 -3.2358803e-06  3.5106864e-06 -3.8479871e-01] speed=0.0008 ang_speed=0.0023 ang_vel_vec=[-0.00210484 -0.00016725  0.00084914] |com_force|=0.0000N
### kotek_magnet[tick=10560] sensor3: d=0.5470m in_range=False f_mag=0.000N tau_mag=0.0000Nm misalign_deg=90.0 pos=[-0.10910643 -0.10914591  0.491401  ] bottom_world=[-0.10910661 -0.10914572  0.47140099] quat=[-3.8058287e-01  2.3139005e-06 -6.0932812e-06  9.2474687e-01] speed=0.0010 ang_speed=0.0030 ang_vel_vec=[0.00246289 0.00060007 0.0015989 ] |com_force|=0.0000N
### kotek_magnet[tick=10560] sensor4: d=0.5249m in_range=False f_mag=0.000N tau_mag=0.0000Nm misalign_deg=90.0 pos=[-0.10900032  0.1089995   0.4914023 ] bottom_world=[-0.1090003   0.10899956  0.4714023 ] quat=[ 3.8268229e-01  2.9615629e-07 -1.5976616e-06  9.2387998e-01] speed=0.0004 ang_speed=0.0025 ang_vel_vec=[ 0.00206761  0.0011662  -0.00070384] |com_force|=0.0000N
### kotek_magnet[tick=10620] sensor2: d=0.3208m in_range=False f_mag=0.000N tau_mag=0.0000Nm misalign_deg=90.0 pos=[ 0.10902434 -0.10904729  0.491401  ] bottom_world=[ 0.10902456 -0.10904695  0.47140099] quat=[ 9.2300069e-01  9.9835361e-06 -1.8639032e-06 -3.8479817e-01] speed=0.0009 ang_speed=0.0018 ang_vel_vec=[-0.00115125  0.00129431 -0.00064491] |com_force|=0.0000N
### kotek_magnet[tick=10620] sensor3: d=0.5470m in_range=False f_mag=0.000N tau_mag=0.0000Nm misalign_deg=90.0 pos=[-0.1091064  -0.10914617  0.49140105] bottom_world=[-0.1091066  -0.10914587  0.47140105] quat=[-3.8058308e-01  1.7900952e-06 -8.8938978e-06  9.2474681e-01] speed=0.0010 ang_speed=0.0021 ang_vel_vec=[-0.00089569  0.00183071  0.00058082] |com_force|=0.0000N
### kotek_magnet[tick=10620] sensor4: d=0.5249m in_range=False f_mag=0.000N tau_mag=0.0000Nm misalign_deg=90.0 pos=[-0.10900017  0.10899843  0.49140224] bottom_world=[-0.10900006  0.10899875  0.47140224] quat=[ 3.8268310e-01  4.8805737e-07 -8.5167530e-06  9.2387968e-01] speed=0.0010 ang_speed=0.0016 ang_vel_vec=[-0.00050736 -0.00107646  0.00112488] |com_force|=0.0000N
### kotek_magnet[tick=10680] sensor2: d=0.3208m in_range=False f_mag=0.000N tau_mag=0.0000Nm misalign_deg=90.0 pos=[ 0.10902436 -0.10904732  0.49140105] bottom_world=[ 0.10902458 -0.10904698  0.47140105] quat=[ 9.2300093e-01  9.7612756e-06 -1.8238147e-06 -3.8479799e-01] speed=0.0010 ang_speed=0.0013 ang_vel_vec=[-0.00063363  0.00098127 -0.00061295] |com_force|=0.0000N
### kotek_magnet[tick=10680] sensor3: d=0.5470m in_range=False f_mag=0.000N tau_mag=0.0000Nm misalign_deg=90.0 pos=[-0.10910642 -0.10914598  0.49140096] bottom_world=[-0.1091066  -0.10914579  0.47140096] quat=[-3.8058302e-01  2.3556365e-06 -6.0697794e-06  9.2474675e-01] speed=0.0010 ang_speed=0.0028 ang_vel_vec=[0.00238368 0.00068384 0.00133899] |com_force|=0.0000N
### kotek_magnet[tick=10680] sensor4: d=0.5249m in_range=False f_mag=0.000N tau_mag=0.0000Nm misalign_deg=90.0 pos=[-0.10900018  0.1089984   0.4914024 ] bottom_world=[-0.10900007  0.10899872  0.47140239] quat=[ 3.8268295e-01  4.0424644e-07 -8.6818309e-06  9.2387980e-01] speed=0.0011 ang_speed=0.0017 ang_vel_vec=[-0.00042259 -0.00127285  0.00112221] |com_force|=0.0000N
### kotek_magnet[tick=10740] sensor2: d=0.3208m in_range=False f_mag=0.000N tau_mag=0.0000Nm misalign_deg=90.0 pos=[ 0.10902435 -0.10904728  0.491401  ] bottom_world=[ 0.10902457 -0.10904694  0.47140099] quat=[ 9.2300081e-01  9.9706249e-06 -1.8232406e-06 -3.8479817e-01] speed=0.0010 ang_speed=0.0013 ang_vel_vec=[-0.00081757  0.0009764  -0.00039205] |com_force|=0.0000N
### kotek_magnet[tick=10740] sensor3: d=0.5470m in_range=False f_mag=0.000N tau_mag=0.0000Nm misalign_deg=90.0 pos=[-0.10910664 -0.10914616  0.49140114] bottom_world=[-0.10910681 -0.10914589  0.47140114] quat=[-3.8058332e-01  1.3552490e-06 -7.8298699e-06  9.2474663e-01] speed=0.0007 ang_speed=0.0026 ang_vel_vec=[-0.00254997 -0.00032297  0.00057155] |com_force|=0.0000N
### kotek_magnet[tick=10740] sensor4: d=0.5249m in_range=False f_mag=0.000N tau_mag=0.0000Nm misalign_deg=90.0 pos=[-0.10900017  0.10899842  0.4914023 ] bottom_world=[-0.10900006  0.10899874  0.4714023 ] quat=[ 3.8268298e-01  6.0324379e-07 -8.3391515e-06  9.2387968e-01] speed=0.0010 ang_speed=0.0021 ang_vel_vec=[-0.00025214 -0.00162759  0.00133122] |com_force|=0.0000N
### kotek_magnet[tick=10800] sensor2: d=0.3208m in_range=False f_mag=0.000N tau_mag=0.0000Nm misalign_deg=90.0 pos=[ 0.10902446 -0.10904741  0.49140102] bottom_world=[ 0.10902465 -0.10904707  0.47140102] quat=[ 9.2300087e-01  9.6224212e-06 -1.1251136e-06 -3.8479796e-01] speed=0.0010 ang_speed=0.0010 ang_vel_vec=[ 0.0006995  -0.0002224  -0.00073365] |com_force|=0.0000N
### kotek_magnet[tick=10800] sensor3: d=0.5470m in_range=False f_mag=0.000N tau_mag=0.0000Nm misalign_deg=90.0 pos=[-0.10910812 -0.10914587  0.491401  ] bottom_world=[-0.10910789 -0.10914596  0.47140099] quat=[-3.8058403e-01 -4.5251677e-06  4.1717626e-06  9.2474633e-01] speed=0.0009 ang_speed=0.0016 ang_vel_vec=[ 0.00116562  0.00068505 -0.00077897] |com_force|=0.0000N
### kotek_magnet[tick=10800] sensor4: d=0.5249m in_range=False f_mag=0.000N tau_mag=0.0000Nm misalign_deg=90.0 pos=[-0.10900017  0.10899839  0.49140245] bottom_world=[-0.10900004  0.10899872  0.47140245] quat=[ 3.8268316e-01  2.0656455e-07 -9.0159265e-06  9.2387968e-01] speed=0.0011 ang_speed=0.0017 ang_vel_vec=[-0.00085757 -0.0004516   0.00133822] |com_force|=0.0000N
### kotek_magnet[tick=10860] sensor2: d=0.3208m in_range=False f_mag=0.000N tau_mag=0.0000Nm misalign_deg=90.0 pos=[ 0.10902468 -0.10904683  0.49140105] bottom_world=[ 0.10902466 -0.10904666  0.47140105] quat=[ 9.2300087e-01  3.8302546e-06  2.0434084e-06 -3.8479814e-01] speed=0.0006 ang_speed=0.0011 ang_vel_vec=[-0.00091693 -0.00050566 -0.00034749] |com_force|=0.0000N
### kotek_magnet[tick=10860] sensor3: d=0.5470m in_range=False f_mag=0.000N tau_mag=0.0000Nm misalign_deg=90.0 pos=[-0.10910748 -0.10914618  0.491401  ] bottom_world=[-0.10910743 -0.10914604  0.47140099] quat=[-3.8058385e-01 -2.4741146e-06 -2.6662190e-06  9.2474651e-01] speed=0.0005 ang_speed=0.0020 ang_vel_vec=[-2.5784211e-05  1.9511764e-03 -3.5667309e-04] |com_force|=0.0000N
### kotek_magnet[tick=10860] sensor4: d=0.5249m in_range=False f_mag=0.000N tau_mag=0.0000Nm misalign_deg=90.0 pos=[-0.10900017  0.10899835  0.49140242] bottom_world=[-0.10900005  0.10899869  0.47140242] quat=[ 3.8268328e-01  4.2981773e-07 -8.9996975e-06  9.2387968e-01] speed=0.0011 ang_speed=0.0023 ang_vel_vec=[-0.00056519 -0.00142503  0.00168756] |com_force|=0.0000N
### kotek_magnet[tick=10920] sensor2: d=0.3208m in_range=False f_mag=0.000N tau_mag=0.0000Nm misalign_deg=90.0 pos=[ 0.10902432 -0.10904742  0.49140096] bottom_world=[ 0.10902454 -0.10904708  0.47140096] quat=[ 9.2300087e-01  9.9103054e-06 -1.7938910e-06 -3.8479814e-01] speed=0.0010 ang_speed=0.0008 ang_vel_vec=[-0.0003985   0.00060877 -0.00038882] |com_force|=0.0000N
### kotek_magnet[tick=10920] sensor3: d=0.5470m in_range=False f_mag=0.000N tau_mag=0.0000Nm misalign_deg=90.0 pos=[-0.10910749 -0.10914622  0.49140108] bottom_world=[-0.10910745 -0.10914609  0.47140108] quat=[-3.8058373e-01 -2.3016769e-06 -2.6190091e-06  9.2474645e-01] speed=0.0005 ang_speed=0.0020 ang_vel_vec=[ 0.00045307  0.00183858 -0.00067058] |com_force|=0.0000N
### kotek_magnet[tick=10920] sensor4: d=0.5249m in_range=False f_mag=0.000N tau_mag=0.0000Nm misalign_deg=90.0 pos=[-0.10900042  0.10899825  0.49140236] bottom_world=[-0.1090002   0.10899862  0.47140236] quat=[ 3.8268292e-01 -1.6557204e-06 -1.0775777e-05  9.2387974e-01] speed=0.0011 ang_speed=0.0044 ang_vel_vec=[-0.00035855  0.00437635  0.00061532] |com_force|=0.0000N
### kotek_magnet[tick=10980] sensor2: d=0.3208m in_range=False f_mag=0.000N tau_mag=0.0000Nm misalign_deg=90.0 pos=[ 0.10902472 -0.10904606  0.491401  ] bottom_world=[ 0.10902455 -0.10904609  0.47140099] quat=[ 9.2300057e-01 -2.4305061e-06  3.6291017e-06 -3.8479871e-01] speed=0.0004 ang_speed=0.0027 ang_vel_vec=[-6.554845e-05 -2.604361e-03  6.324068e-04] |com_force|=0.0000N
### kotek_magnet[tick=10980] sensor3: d=0.5470m in_range=False f_mag=0.000N tau_mag=0.0000Nm misalign_deg=90.0 pos=[-0.10910805 -0.10914586  0.491401  ] bottom_world=[-0.10910782 -0.10914595  0.47140099] quat=[-3.8058364e-01 -4.3978143e-06  4.1852209e-06  9.2474657e-01] speed=0.0009 ang_speed=0.0017 ang_vel_vec=[ 0.00116241  0.00122323 -0.00039049] |com_force|=0.0000N
### kotek_magnet[tick=10980] sensor4: d=0.5249m in_range=False f_mag=0.000N tau_mag=0.0000Nm misalign_deg=90.0 pos=[-0.10900021  0.10899835  0.49140242] bottom_world=[-0.10900008  0.1089987   0.47140242] quat=[ 3.8268307e-01  4.7171287e-07 -9.1553757e-06  9.2387968e-01] speed=0.0011 ang_speed=0.0024 ang_vel_vec=[-0.00035582 -0.00196386  0.00136847] |com_force|=0.0000N
### kotek_magnet[tick=11040] sensor2: d=0.3208m in_range=False f_mag=0.000N tau_mag=0.0000Nm misalign_deg=90.0 pos=[ 0.10902437 -0.1090461   0.49140087] bottom_world=[ 0.10902445 -0.10904601  0.47140087] quat=[ 9.2300057e-01  2.8839918e-06 -9.7952307e-07 -3.8479859e-01] speed=0.0006 ang_speed=0.0054 ang_vel_vec=[-0.0034071   0.00408112  0.00082928] |com_force|=0.0000N
### kotek_magnet[tick=11040] sensor3: d=0.5470m in_range=False f_mag=0.000N tau_mag=0.0000Nm misalign_deg=90.0 pos=[-0.10910726 -0.10914601  0.491401  ] bottom_world=[-0.10910721 -0.10914594  0.47140099] quat=[-3.8058352e-01 -1.6600670e-06 -1.2014978e-06  9.2474657e-01] speed=0.0001 ang_speed=0.0020 ang_vel_vec=[1.5824202e-03 1.1962008e-03 8.2402672e-05] |com_force|=0.0000N
### kotek_magnet[tick=11040] sensor4: d=0.5249m in_range=False f_mag=0.000N tau_mag=0.0000Nm misalign_deg=90.0 pos=[-0.10900037  0.10899943  0.4914023 ] bottom_world=[-0.10900036  0.1089995   0.4714023 ] quat=[ 3.8268217e-01  3.3332961e-07 -1.6910101e-06  9.2388016e-01] speed=0.0004 ang_speed=0.0032 ang_vel_vec=[ 0.00302864  0.00016967 -0.00101746] |com_force|=0.0000N
### kotek_magnet[tick=11100] sensor2: d=0.3208m in_range=False f_mag=0.000N tau_mag=0.0000Nm misalign_deg=90.0 pos=[ 0.10902467 -0.10904595  0.49140108] bottom_world=[ 0.10902452 -0.109046    0.47140108] quat=[ 9.2300057e-01 -2.4910996e-06  3.0092510e-06 -3.8479865e-01] speed=0.0005 ang_speed=0.0031 ang_vel_vec=[ 0.00072867 -0.00299939  0.00053268] |com_force|=0.0000N
### kotek_magnet[tick=11100] sensor3: d=0.5470m in_range=False f_mag=0.000N tau_mag=0.0000Nm misalign_deg=90.0 pos=[-0.10910816 -0.10914587  0.49140108] bottom_world=[-0.10910791 -0.10914598  0.47140108] quat=[-3.8058403e-01 -4.8293882e-06  4.7942081e-06  9.2474639e-01] speed=0.0010 ang_speed=0.0016 ang_vel_vec=[ 0.0010955   0.00075075 -0.00080727] |com_force|=0.0000N
### kotek_magnet[tick=11100] sensor4: d=0.5249m in_range=False f_mag=0.000N tau_mag=0.0000Nm misalign_deg=90.0 pos=[-0.10900008  0.10900018  0.49140227] bottom_world=[-0.10900031  0.10900003  0.47140227] quat=[3.8268197e-01 3.9198098e-06 5.6540939e-06 9.2388010e-01] speed=0.0009 ang_speed=0.0030 ang_vel_vec=[ 0.00198617 -0.00210212 -0.00083895] |com_force|=0.0000N
### kotek_magnet[tick=11160] sensor2: d=0.3208m in_range=False f_mag=0.000N tau_mag=0.0000Nm misalign_deg=90.0 pos=[ 0.10902447 -0.10904571  0.49140108] bottom_world=[ 0.1090244  -0.10904577  0.47140108] quat=[ 9.2300051e-01 -2.0650934e-06  1.1106490e-06 -3.8479888e-01] speed=0.0009 ang_speed=0.0022 ang_vel_vec=[-0.00012065  0.00175581  0.00132251] |com_force|=0.0000N
### kotek_magnet[tick=11160] sensor3: d=0.5470m in_range=False f_mag=0.000N tau_mag=0.0000Nm misalign_deg=90.0 pos=[-0.10910818 -0.10914584  0.491401  ] bottom_world=[-0.10910793 -0.10914594  0.47140099] quat=[-3.8058403e-01 -4.7577973e-06  4.6722162e-06  9.2474633e-01] speed=0.0010 ang_speed=0.0016 ang_vel_vec=[ 0.00109881  0.00066275 -0.00095809] |com_force|=0.0000N
### kotek_magnet[tick=11160] sensor4: d=0.5249m in_range=False f_mag=0.000N tau_mag=0.0000Nm misalign_deg=90.0 pos=[-0.10900022  0.10899839  0.49140242] bottom_world=[-0.10900009  0.10899872  0.47140242] quat=[ 3.826830e-01  2.268773e-07 -8.834484e-06  9.238797e-01] speed=0.0010 ang_speed=0.0015 ang_vel_vec=[-0.00060118 -0.00068096  0.00119734] |com_force|=0.0000N
### kotek_magnet[tick=11220] sensor2: d=0.3208m in_range=False f_mag=0.000N tau_mag=0.0000Nm misalign_deg=90.0 pos=[ 0.10902444 -0.10904571  0.49140102] bottom_world=[ 0.10902438 -0.10904576  0.47140102] quat=[ 9.2300045e-01 -1.7172306e-06  1.0384279e-06 -3.8479888e-01] speed=0.0009 ang_speed=0.0025 ang_vel_vec=[-0.00037885  0.00212709  0.00130681] |com_force|=0.0000N
### kotek_magnet[tick=11220] sensor3: d=0.5470m in_range=False f_mag=0.000N tau_mag=0.0000Nm misalign_deg=90.0 pos=[-0.10910818 -0.10914585  0.49140105] bottom_world=[-0.10910792 -0.10914595  0.47140105] quat=[-3.8058400e-01 -4.9322198e-06  4.7756475e-06  9.2474639e-01] speed=0.0010 ang_speed=0.0017 ang_vel_vec=[ 0.00117254  0.00080292 -0.00096662] |com_force|=0.0000N
### kotek_magnet[tick=11220] sensor4: d=0.5249m in_range=False f_mag=0.000N tau_mag=0.0000Nm misalign_deg=90.0 pos=[-0.10900019  0.10899845  0.49140218] bottom_world=[-0.10900009  0.10899876  0.47140218] quat=[ 3.8268319e-01  6.0311305e-07 -8.2312426e-06  9.2387974e-01] speed=0.0010 ang_speed=0.0021 ang_vel_vec=[ 4.9471560e-05 -1.7895252e-03  1.1652787e-03] |com_force|=0.0000N
### kotek_magnet[tick=11280] sensor2: d=0.3208m in_range=False f_mag=0.000N tau_mag=0.0000Nm misalign_deg=93.0 pos=[ 0.11026709 -0.10751139  0.4915845 ] bottom_world=[ 0.10923132 -0.10937151  0.47169815] quat=[ 0.92114323 -0.05297017  0.00593955 -0.385557  ] speed=0.3926 ang_speed=3.7607 ang_vel_vec=[0.95157367 1.55741    3.28819   ] |com_force|=0.0000N
### kotek_magnet[tick=11280] sensor3: d=0.5470m in_range=False f_mag=0.000N tau_mag=0.0000Nm misalign_deg=90.0 pos=[-0.10910821 -0.10914572  0.49140114] bottom_world=[-0.10910795 -0.10914584  0.47140114] quat=[-3.8058397e-01 -4.8825982e-06  5.1901443e-06  9.2474645e-01] speed=0.0011 ang_speed=0.0024 ang_vel_vec=[ 0.00194108  0.00123805 -0.00079663] |com_force|=0.0000N
### kotek_magnet[tick=11280] sensor4: d=0.5249m in_range=False f_mag=0.000N tau_mag=0.0000Nm misalign_deg=90.0 pos=[-0.10900042  0.10899851  0.49140224] bottom_world=[-0.10900021  0.10899884  0.47140224] quat=[ 3.8268292e-01 -1.7651200e-06 -9.6385202e-06  9.2387974e-01] speed=0.0007 ang_speed=0.0033 ang_vel_vec=[0.00118305 0.00298204 0.00071237] |com_force|=0.0000N
### kotek_magnet[tick=11340] sensor2: d=0.3214m in_range=False f_mag=0.000N tau_mag=0.0000Nm misalign_deg=90.0 pos=[ 0.10928345 -0.11369854  0.4914015 ] bottom_world=[ 0.10927575 -0.1137023   0.4714015 ] quat=[ 9.2880911e-01 -1.5849162e-04  1.4384574e-04 -3.7055844e-01] speed=0.0188 ang_speed=0.4289 ang_vel_vec=[ 0.28883746 -0.2947485   0.11684357] |com_force|=0.0000N
### kotek_magnet[tick=11340] sensor3: d=0.5470m in_range=False f_mag=0.000N tau_mag=0.0000Nm misalign_deg=90.0 pos=[-0.10910753 -0.10914617  0.49140117] bottom_world=[-0.10910748 -0.10914604  0.47140117] quat=[-3.8058373e-01 -2.5042707e-06 -2.6202881e-06  9.2474645e-01] speed=0.0005 ang_speed=0.0019 ang_vel_vec=[-0.00068173  0.00164069 -0.00063426] |com_force|=0.0000N
### kotek_magnet[tick=11340] sensor4: d=0.5249m in_range=False f_mag=0.000N tau_mag=0.0000Nm misalign_deg=90.0 pos=[-0.10900038  0.10899863  0.49140236] bottom_world=[-0.10900023  0.10899893  0.47140236] quat=[ 3.8268262e-01 -6.4127494e-07 -8.3815903e-06  9.2387986e-01] speed=0.0006 ang_speed=0.0045 ang_vel_vec=[-0.00165413  0.00415412  0.00053381] |com_force|=0.0000N
### kotek_magnet[tick=11400] sensor2: d=0.3176m in_range=False f_mag=0.000N tau_mag=0.0000Nm misalign_deg=89.9 pos=[ 0.11316039 -0.11245872  0.49132523] bottom_world=[ 0.11318556 -0.11249732  0.47132528] quat=[ 9.4613737e-01 -7.0941017e-04 -9.0774841e-04 -3.2376337e-01] speed=0.1036 ang_speed=5.8389 ang_vel_vec=[-1.5003707   0.30629674 -5.6345086 ] |com_force|=0.0000N
### kotek_magnet[tick=11400] sensor3: d=0.5470m in_range=False f_mag=0.000N tau_mag=0.0000Nm misalign_deg=90.0 pos=[-0.10910822 -0.10914589  0.49140105] bottom_world=[-0.10910797 -0.10914598  0.47140105] quat=[-3.8058397e-01 -4.8409638e-06  4.2388228e-06  9.2474639e-01] speed=0.0011 ang_speed=0.0013 ang_vel_vec=[ 0.00038451  0.00028775 -0.00115552] |com_force|=0.0000N
### kotek_magnet[tick=11400] sensor4: d=0.5249m in_range=False f_mag=0.000N tau_mag=0.0000Nm misalign_deg=90.0 pos=[-0.10900036  0.10899921  0.49140224] bottom_world=[-0.10900031  0.10899935  0.47140224] quat=[ 3.8268244e-01  3.8665203e-07 -3.7863665e-06  9.2387998e-01] speed=0.0002 ang_speed=0.0007 ang_vel_vec=[ 2.9526898e-04  2.6184789e-05 -6.2619080e-04] |com_force|=0.0000N
### kotek_magnet[tick=11460] sensor2: d=0.3053m in_range=False f_mag=0.000N tau_mag=0.0000Nm misalign_deg=89.9 pos=[ 0.12702414 -0.11278007  0.49163178] bottom_world=[ 0.12706875 -0.11251788  0.47163354] quat=[ 9.9441576e-01  6.6360417e-03 -4.1855662e-04 -1.0532404e-01] speed=0.0631 ang_speed=5.4334 ang_vel_vec=[-3.500311   0.7363261 -4.0898724] |com_force|=0.0000N
### kotek_magnet[tick=11460] sensor3: d=0.5470m in_range=False f_mag=0.000N tau_mag=0.0000Nm misalign_deg=90.0 pos=[-0.10910824 -0.10914578  0.49140102] bottom_world=[-0.10910796 -0.10914591  0.47140102] quat=[-3.8058403e-01 -5.2763758e-06  5.6395693e-06  9.2474639e-01] speed=0.0010 ang_speed=0.0012 ang_vel_vec=[ 0.00065428  0.00063671 -0.00080383] |com_force|=0.0000N
### kotek_magnet[tick=11460] sensor4: d=0.5249m in_range=False f_mag=0.000N tau_mag=0.0000Nm misalign_deg=90.0 pos=[-0.10900021  0.10899852  0.49140233] bottom_world=[-0.10900012  0.10899881  0.47140233] quat=[ 3.8268301e-01  7.7313905e-07 -7.5793923e-06  9.2387968e-01] speed=0.0009 ang_speed=0.0015 ang_vel_vec=[-0.00043918 -0.00070053  0.00125992] |com_force|=0.0000N
### kotek_magnet[tick=11520] sensor2: d=0.3052m in_range=False f_mag=0.000N tau_mag=0.0000Nm misalign_deg=89.8 pos=[ 0.12749037 -0.11099058  0.49354735] bottom_world=[ 0.12755199 -0.11021321  0.47356256] quat=[ 9.9667716e-01  1.9498732e-02  1.6756460e-06 -7.9085946e-02] speed=0.1039 ang_speed=6.5109 ang_vel_vec=[ 0.064173    0.72895885 -6.4696546 ] |com_force|=0.0000N
### kotek_magnet[tick=11520] sensor3: d=0.5470m in_range=False f_mag=0.000N tau_mag=0.0000Nm misalign_deg=90.0 pos=[-0.10910667 -0.1091462   0.49140114] bottom_world=[-0.10910683 -0.10914593  0.47140114] quat=[-3.8058326e-01  1.2479827e-06 -7.9454749e-06  9.2474675e-01] speed=0.0006 ang_speed=0.0026 ang_vel_vec=[-0.00254747 -0.00027283  0.00040655] |com_force|=0.0000N
### kotek_magnet[tick=11520] sensor4: d=0.5249m in_range=False f_mag=0.000N tau_mag=0.0000Nm misalign_deg=90.0 pos=[-0.10900037  0.10899863  0.49140233] bottom_world=[-0.10900022  0.10899894  0.47140233] quat=[ 3.8268280e-01 -5.5804230e-07 -8.3914802e-06  9.2387986e-01] speed=0.0007 ang_speed=0.0041 ang_vel_vec=[-0.00135864  0.00382983  0.00036934] |com_force|=0.0000N
### kotek_magnet[tick=11580] sensor2: d=0.3142m in_range=False f_mag=0.000N tau_mag=0.0000Nm misalign_deg=89.8 pos=[ 0.12536104 -0.10819978  0.5114681 ] bottom_world=[ 0.12544299 -0.10746864  0.49148165] quat=[ 0.9997321   0.01830853 -0.00179197 -0.01404824] speed=0.1142 ang_speed=6.2031 ang_vel_vec=[ 3.8115554   0.16502322 -4.8911138 ] |com_force|=0.0000N
### kotek_magnet[tick=11580] sensor3: d=0.5470m in_range=False f_mag=0.000N tau_mag=0.0000Nm misalign_deg=90.0 pos=[-0.10910649 -0.10914594  0.49140102] bottom_world=[-0.10910666 -0.10914575  0.47140102] quat=[-3.8058293e-01  2.1690762e-06 -5.9573636e-06  9.2474687e-01] speed=0.0009 ang_speed=0.0028 ang_vel_vec=[0.00233021 0.00061202 0.00145109] |com_force|=0.0000N
### kotek_magnet[tick=11580] sensor4: d=0.5249m in_range=False f_mag=0.000N tau_mag=0.0000Nm misalign_deg=90.0 pos=[-0.1090002   0.10899843  0.49140236] bottom_world=[-0.10900009  0.10899875  0.47140236] quat=[ 3.8268307e-01  4.7256512e-07 -8.5239872e-06  9.2387968e-01] speed=0.0010 ang_speed=0.0017 ang_vel_vec=[-0.00033948 -0.00106498  0.00129027] |com_force|=0.0000N
### kotek_magnet[tick=11640] sensor2: d=0.3250m in_range=False f_mag=0.000N tau_mag=0.0000Nm misalign_deg=89.8 pos=[ 0.12550952 -0.10883872  0.5342083 ] bottom_world=[ 0.12558059 -0.10816194  0.51421988] quat=[ 0.9997757   0.01694313 -0.00156341 -0.01261413] speed=0.1109 ang_speed=5.5426 ang_vel_vec=[ 2.2325714  -0.02605625 -5.0729556 ] |com_force|=0.0000N
### kotek_magnet[tick=11640] sensor3: d=0.5470m in_range=False f_mag=0.000N tau_mag=0.0000Nm misalign_deg=90.0 pos=[-0.10910648 -0.10914596  0.491401  ] bottom_world=[-0.10910665 -0.10914578  0.47140099] quat=[-3.8058302e-01  2.1881460e-06 -5.7809834e-06  9.2474681e-01] speed=0.0009 ang_speed=0.0029 ang_vel_vec=[0.00243442 0.00055728 0.00147303] |com_force|=0.0000N
### kotek_magnet[tick=11640] sensor4: d=0.5249m in_range=False f_mag=0.000N tau_mag=0.0000Nm misalign_deg=90.0 pos=[-0.10900038  0.10899917  0.49140227] bottom_world=[-0.10900032  0.10899931  0.47140227] quat=[ 3.8268259e-01  1.0182523e-07 -3.7963769e-06  9.2387998e-01] speed=0.0002 ang_speed=0.0014 ang_vel_vec=[-0.000172    0.0012747  -0.00041456] |com_force|=0.0000N
### kotek_magnet[tick=11700] sensor2: d=0.3386m in_range=False f_mag=0.000N tau_mag=0.0000Nm misalign_deg=89.8 pos=[ 0.12565476 -0.10961785  0.559606  ] bottom_world=[ 0.12571519 -0.10902601  0.53961487] quat=[ 0.9998239   0.01481402 -0.00134171 -0.01143973] speed=0.1102 ang_speed=5.6348 ang_vel_vec=[ 2.3203216  -0.05866375 -5.1345015 ] |com_force|=0.0000N
### kotek_magnet[tick=11700] sensor3: d=0.5470m in_range=False f_mag=0.000N tau_mag=0.0000Nm misalign_deg=90.0 pos=[-0.10910644 -0.10914616  0.49140102] bottom_world=[-0.10910663 -0.10914587  0.47140102] quat=[-3.8058311e-01  1.5277444e-06 -8.6568998e-06  9.2474675e-01] speed=0.0009 ang_speed=0.0022 ang_vel_vec=[-0.00079608  0.00178421  0.0009122 ] |com_force|=0.0000N
### kotek_magnet[tick=11700] sensor4: d=0.5249m in_range=False f_mag=0.000N tau_mag=0.0000Nm misalign_deg=90.0 pos=[-0.1090002   0.10899842  0.49140233] bottom_world=[-0.1090001   0.10899873  0.47140233] quat=[ 3.8268298e-01  6.7248652e-07 -8.2949273e-06  9.2387968e-01] speed=0.0010 ang_speed=0.0025 ang_vel_vec=[ 1.5225497e-05 -2.0204866e-03  1.4467548e-03] |com_force|=0.0000N
### kotek_magnet[tick=11760] sensor2: d=0.3505m in_range=False f_mag=0.000N tau_mag=0.0000Nm misalign_deg=89.9 pos=[ 0.12579915 -0.11004333  0.58006394] bottom_world=[ 0.12583066 -0.10961725  0.5600685 ] quat=[ 9.9992448e-01  1.0657355e-02 -7.2315295e-04 -6.0772793e-03] speed=0.0522 ang_speed=4.4812 ang_vel_vec=[ 3.8643692   0.25668162 -2.2544048 ] |com_force|=0.0000N
### kotek_magnet[tick=11760] sensor3: d=0.5470m in_range=False f_mag=0.000N tau_mag=0.0000Nm misalign_deg=90.0 pos=[-0.10910673 -0.10914615  0.4914011 ] bottom_world=[-0.1091069  -0.10914588  0.47140111] quat=[-3.8058326e-01  1.3404291e-06 -7.7053610e-06  9.2474669e-01] speed=0.0006 ang_speed=0.0026 ang_vel_vec=[-0.00254112 -0.00043096  0.00055807] |com_force|=0.0000N
### kotek_magnet[tick=11760] sensor4: d=0.5249m in_range=False f_mag=0.000N tau_mag=0.0000Nm misalign_deg=90.0 pos=[-0.10900006  0.10900014  0.4914024 ] bottom_world=[-0.10900029  0.10899999  0.47140239] quat=[3.8268203e-01 3.7818681e-06 5.6368963e-06 9.2388022e-01] speed=0.0009 ang_speed=0.0029 ang_vel_vec=[ 0.00201208 -0.0019268  -0.00082024] |com_force|=0.0000N
### kotek_magnet[tick=11820] sensor2: d=0.3501m in_range=False f_mag=0.000N tau_mag=0.0000Nm misalign_deg=90.5 pos=[ 0.12499256 -0.11214595  0.57746524] bottom_world=[ 0.12483245 -0.11170822  0.55747067] quat=[0.9999309  0.01095009 0.0039865  0.00152732] speed=0.0458 ang_speed=4.2477 ang_vel_vec=[ 2.784439   1.0742235 -3.0226185] |com_force|=0.0000N
### kotek_magnet[tick=11820] sensor3: d=0.5470m in_range=False f_mag=0.000N tau_mag=0.0000Nm misalign_deg=90.0 pos=[-0.10910729 -0.10914611  0.49140096] bottom_world=[-0.10910731 -0.10914595  0.47140096] quat=[-3.8058358e-01 -1.0455641e-06 -3.8710227e-06  9.2474663e-01] speed=0.0002 ang_speed=0.0006 ang_vel_vec=[-0.00018021  0.00045377 -0.00027012] |com_force|=0.0000N
### kotek_magnet[tick=11820] sensor4: d=0.5249m in_range=False f_mag=0.000N tau_mag=0.0000Nm misalign_deg=90.0 pos=[-0.1090001   0.10900016  0.4914023 ] bottom_world=[-0.10900033  0.10900001  0.4714023 ] quat=[3.8268203e-01 3.9417937e-06 5.6685308e-06 9.2388016e-01] speed=0.0010 ang_speed=0.0029 ang_vel_vec=[ 0.00199571 -0.00200087 -0.00074442] |com_force|=0.0000N
### kotek_magnet[tick=11880] sensor2: d=0.3459m in_range=False f_mag=0.000N tau_mag=0.0000Nm misalign_deg=92.6 pos=[ 0.12508084 -0.12210047  0.56542945] bottom_world=[ 0.12417657 -0.12317292  0.54547871] quat=[ 0.9976288  -0.02544058  0.02417033  0.05920713] speed=0.0441 ang_speed=3.7180 ang_vel_vec=[ 3.0802827  0.7001017 -1.9609462] |com_force|=0.0000N
### kotek_magnet[tick=11880] sensor3: d=0.5470m in_range=False f_mag=0.000N tau_mag=0.0000Nm misalign_deg=90.0 pos=[-0.10910753 -0.10914618  0.49140102] bottom_world=[-0.10910747 -0.10914605  0.47140102] quat=[-3.8058373e-01 -2.6581465e-06 -2.4351441e-06  9.2474645e-01] speed=0.0005 ang_speed=0.0021 ang_vel_vec=[-0.00033846  0.00194827 -0.00058556] |com_force|=0.0000N
### kotek_magnet[tick=11880] sensor4: d=0.5249m in_range=False f_mag=0.000N tau_mag=0.0000Nm misalign_deg=90.0 pos=[-0.1090004   0.10899835  0.49140233] bottom_world=[-0.1090002   0.10899869  0.47140233] quat=[ 3.8268286e-01 -1.2968746e-06 -9.8502360e-06  9.2387980e-01] speed=0.0010 ang_speed=0.0031 ang_vel_vec=[0.00021361 0.00304307 0.00071877] |com_force|=0.0000N
### kotek_magnet[tick=11940] sensor2: d=0.3403m in_range=False f_mag=0.000N tau_mag=0.0000Nm misalign_deg=94.4 pos=[ 0.12689307 -0.13389449  0.5509489 ] bottom_world=[ 0.12537222 -0.13693967  0.5312407 ] quat=[ 0.9868412  -0.07042132  0.04832578  0.13729538] speed=0.0578 ang_speed=4.0768 ang_vel_vec=[ 2.1203756  1.1801915 -3.275909 ] |com_force|=0.0000N
### kotek_magnet[tick=11940] sensor3: d=0.5470m in_range=False f_mag=0.000N tau_mag=0.0000Nm misalign_deg=90.0 pos=[-0.10910817 -0.10914584  0.49140102] bottom_world=[-0.10910793 -0.10914593  0.47140102] quat=[-3.8058394e-01 -4.7209192e-06  4.3021605e-06  9.2474645e-01] speed=0.0010 ang_speed=0.0014 ang_vel_vec=[ 0.0009728   0.00051323 -0.0008504 ] |com_force|=0.0000N
### kotek_magnet[tick=11940] sensor4: d=0.5249m in_range=False f_mag=0.000N tau_mag=0.0000Nm misalign_deg=90.0 pos=[-0.10900031  0.10899924  0.4914023 ] bottom_world=[-0.10900026  0.1089994   0.4714023 ] quat=[ 3.8268259e-01  3.0979868e-07 -3.9398969e-06  9.2387986e-01] speed=0.0002 ang_speed=0.0022 ang_vel_vec=[-0.00116132  0.00181853 -0.00044825] |com_force|=0.0000N
### still playing, 1189s left
### kotek_magnet[tick=12000] sensor2: d=0.3341m in_range=False f_mag=0.000N tau_mag=0.0000Nm misalign_deg=94.9 pos=[ 0.13080138 -0.14472003  0.5374268 ] bottom_world=[ 0.12908521 -0.14982773  0.51816635] quat=[ 0.96632    -0.11616515  0.0706652   0.2184902 ] speed=0.0551 ang_speed=3.1533 ang_vel_vec=[ 1.7183565  0.6908133 -2.5521305] |com_force|=0.0000N
### kotek_magnet[tick=12000] sensor3: d=0.5470m in_range=False f_mag=0.000N tau_mag=0.0000Nm misalign_deg=90.0 pos=[-0.10910751 -0.10914613  0.49140102] bottom_world=[-0.10910746 -0.10914599  0.47140102] quat=[-3.8058373e-01 -2.3221849e-06 -2.6499470e-06  9.2474651e-01] speed=0.0005 ang_speed=0.0020 ang_vel_vec=[-0.00031675  0.00184772 -0.00075552] |com_force|=0.0000N
### kotek_magnet[tick=12000] sensor4: d=0.5249m in_range=False f_mag=0.000N tau_mag=0.0000Nm misalign_deg=90.0 pos=[-0.10900003  0.10900016  0.49140233] bottom_world=[-0.10900027  0.10900001  0.47140233] quat=[3.8268220e-01 3.9676142e-06 5.6065355e-06 9.2388004e-01] speed=0.0009 ang_speed=0.0032 ang_vel_vec=[ 0.00217622 -0.00220992 -0.00087729] |com_force|=0.0000N
### kotek_magnet[tick=12060] sensor2: d=0.3266m in_range=False f_mag=0.000N tau_mag=0.0000Nm misalign_deg=94.1 pos=[ 0.13713358 -0.15442033  0.5247075 ] bottom_world=[ 0.13570701 -0.16153412  0.50606993] quat=[ 0.93521184 -0.16102998  0.09016749  0.30218866] speed=0.0610 ang_speed=3.0595 ang_vel_vec=[ 1.2688127  0.8538603 -2.649811 ] |com_force|=0.0000N
### kotek_magnet[tick=12060] sensor3: d=0.5470m in_range=False f_mag=0.000N tau_mag=0.0000Nm misalign_deg=90.0 pos=[-0.10910809 -0.10914582  0.49140096] bottom_world=[-0.10910785 -0.10914594  0.47140096] quat=[-3.8058391e-01 -4.3885743e-06  5.0875879e-06  9.2474645e-01] speed=0.0009 ang_speed=0.0029 ang_vel_vec=[ 0.00209558  0.00188186 -0.00049153] |com_force|=0.0000N
### kotek_magnet[tick=12060] sensor4: d=0.5249m in_range=False f_mag=0.000N tau_mag=0.0000Nm misalign_deg=90.0 pos=[-0.10900004  0.1090001   0.49140233] bottom_world=[-0.10900028  0.10899995  0.47140233] quat=[3.8268200e-01 4.0986874e-06 5.6928420e-06 9.2388016e-01] speed=0.0009 ang_speed=0.0037 ang_vel_vec=[ 0.00253149 -0.00253709 -0.0008773 ] |com_force|=0.0000N
### kotek_magnet[tick=12120] sensor2: d=0.3171m in_range=False f_mag=0.000N tau_mag=0.0000Nm misalign_deg=91.8 pos=[ 0.14613107 -0.1624079   0.513002  ] bottom_world=[ 0.14550933 -0.17137129  0.49513382] quat=[ 0.89296055 -0.20501888  0.10612816  0.38642684] speed=0.0685 ang_speed=3.0676 ang_vel_vec=[ 0.9762442  0.6900851 -2.825071 ] |com_force|=0.0000N
### kotek_magnet[tick=12120] sensor3: d=0.5470m in_range=False f_mag=0.000N tau_mag=0.0000Nm misalign_deg=90.0 pos=[-0.10910807 -0.10914581  0.49140105] bottom_world=[-0.10910783 -0.10914593  0.47140105] quat=[-3.8058367e-01 -4.4290723e-06  4.8762904e-06  9.2474645e-01] speed=0.0009 ang_speed=0.0031 ang_vel_vec=[ 0.00215268  0.00212359 -0.00063321] |com_force|=0.0000N
### kotek_magnet[tick=12120] sensor4: d=0.5249m in_range=False f_mag=0.000N tau_mag=0.0000Nm misalign_deg=90.0 pos=[-0.10900002  0.1090001   0.4914023 ] bottom_world=[-0.10900025  0.10899995  0.4714023 ] quat=[3.8268203e-01 3.9800539e-06 5.7569196e-06 9.2388010e-01] speed=0.0009 ang_speed=0.0033 ang_vel_vec=[ 0.00222533 -0.00226298 -0.00096639] |com_force|=0.0000N
### kotek_magnet[tick=12180] sensor2: d=0.3055m in_range=False f_mag=0.000N tau_mag=0.0000Nm misalign_deg=88.0 pos=[ 0.15765652 -0.16836204  0.50223625] bottom_world=[ 0.15833736 -0.17888317  0.48524089] quat=[ 0.8398742  -0.24747428  0.11778139  0.4685032 ] speed=0.0690 ang_speed=3.0914 ang_vel_vec=[ 0.6614783  0.6913105 -2.9395626] |com_force|=0.0000N
### kotek_magnet[tick=12180] sensor3: d=0.5470m in_range=False f_mag=0.000N tau_mag=0.0000Nm misalign_deg=90.0 pos=[-0.10910748 -0.10914615  0.49140102] bottom_world=[-0.10910743 -0.10914603  0.47140102] quat=[-3.8058379e-01 -2.2522536e-06 -2.2879940e-06  9.2474645e-01] speed=0.0005 ang_speed=0.0021 ang_vel_vec=[ 0.00026581  0.00191448 -0.00070465] |com_force|=0.0000N
### kotek_magnet[tick=12180] sensor4: d=0.5249m in_range=False f_mag=0.000N tau_mag=0.0000Nm misalign_deg=90.0 pos=[-0.10900005  0.10900015  0.49140236] bottom_world=[-0.10900028  0.10899999  0.47140236] quat=[3.8268200e-01 3.9288770e-06 5.8763503e-06 9.2388016e-01] speed=0.0009 ang_speed=0.0032 ang_vel_vec=[ 0.00224069 -0.00218005 -0.00082675] |com_force|=0.0000N
### kotek_magnet[tick=12240] sensor2: d=0.2910m in_range=False f_mag=0.000N tau_mag=0.0000Nm misalign_deg=83.0 pos=[ 0.17182235 -0.17159295  0.4923378 ] bottom_world=[ 0.17426894 -0.18327719  0.47629121] quat=[ 0.77561206 -0.28855908  0.12477618  0.5473487 ] speed=0.0764 ang_speed=3.0411 ang_vel_vec=[ 0.5014895   0.54059005 -2.950314  ] |com_force|=0.0000N
### kotek_magnet[tick=12240] sensor3: d=0.5470m in_range=False f_mag=0.000N tau_mag=0.0000Nm misalign_deg=90.0 pos=[-0.10910749 -0.10914613  0.4914011 ] bottom_world=[-0.10910744 -0.10914599  0.47140111] quat=[-3.8058391e-01 -2.4655155e-06 -2.7033911e-06  9.2474639e-01] speed=0.0004 ang_speed=0.0021 ang_vel_vec=[-0.00049393  0.00194044 -0.00048547] |com_force|=0.0000N
### kotek_magnet[tick=12240] sensor4: d=0.5249m in_range=False f_mag=0.000N tau_mag=0.0000Nm misalign_deg=90.0 pos=[-0.10900004  0.10900013  0.49140236] bottom_world=[-0.10900027  0.10899999  0.47140236] quat=[3.8268206e-01 3.9163460e-06 5.4176558e-06 9.2388010e-01] speed=0.0009 ang_speed=0.0028 ang_vel_vec=[ 0.00199295 -0.0018323  -0.00057982] |com_force|=0.0000N
### kotek_magnet[tick=12300] sensor2: d=0.2737m in_range=False f_mag=0.000N tau_mag=0.0000Nm misalign_deg=76.8 pos=[ 0.18812269 -0.17157155  0.48336887] bottom_world=[ 0.19268472 -0.18390125  0.46829683] quat=[ 0.7017296  -0.32733998  0.12667839  0.6199813 ] speed=0.0722 ang_speed=3.1317 ang_vel_vec=[ 0.25801483  0.44745126 -3.0888598 ] |com_force|=0.0000N
### kotek_magnet[tick=12300] sensor3: d=0.5470m in_range=False f_mag=0.000N tau_mag=0.0000Nm misalign_deg=90.0 pos=[-0.10910803 -0.10914581  0.49140105] bottom_world=[-0.1091078  -0.10914592  0.47140105] quat=[-3.8058376e-01 -4.2875486e-06  4.7797384e-06  9.2474651e-01] speed=0.0009 ang_speed=0.0027 ang_vel_vec=[ 0.00202061  0.00181009 -0.00040402] |com_force|=0.0000N
### kotek_magnet[tick=12300] sensor4: d=0.5249m in_range=False f_mag=0.000N tau_mag=0.0000Nm misalign_deg=90.0 pos=[-0.10900003  0.10900012  0.4914024 ] bottom_world=[-0.10900026  0.10899998  0.47140239] quat=[3.8268217e-01 3.8145770e-06 5.3855738e-06 9.2388010e-01] speed=0.0009 ang_speed=0.0030 ang_vel_vec=[ 0.00212826 -0.00194168 -0.00075936] |com_force|=0.0000N
### kotek_magnet[tick=12360] sensor2: d=0.2528m in_range=False f_mag=0.000N tau_mag=0.0000Nm misalign_deg=69.6 pos=[ 0.2066973  -0.16774903  0.4748934 ] bottom_world=[ 0.21368448 -0.18013703  0.46083221] quat=[ 0.61606634 -0.3649942   0.1234895   0.6870167 ] speed=0.0895 ang_speed=3.6409 ang_vel_vec=[ 0.04259585  0.3719281  -3.6215982 ] |com_force|=0.0000N
### kotek_magnet[tick=12360] sensor3: d=0.5470m in_range=False f_mag=0.000N tau_mag=0.0000Nm misalign_deg=90.0 pos=[-0.10910805 -0.10914577  0.49140102] bottom_world=[-0.10910781 -0.10914589  0.47140102] quat=[-3.8058382e-01 -4.2613028e-06  5.0526050e-06  9.2474645e-01] speed=0.0009 ang_speed=0.0031 ang_vel_vec=[ 0.00229261  0.00208982 -0.00046506] |com_force|=0.0000N
### kotek_magnet[tick=12360] sensor4: d=0.5249m in_range=False f_mag=0.000N tau_mag=0.0000Nm misalign_deg=90.0 pos=[-0.10900003  0.10900016  0.49140218] bottom_world=[-0.10900025  0.10900001  0.47140218] quat=[3.8268214e-01 3.7923037e-06 5.5701125e-06 9.2388010e-01] speed=0.0009 ang_speed=0.0026 ang_vel_vec=[ 0.00185575 -0.00169624 -0.00079512] |com_force|=0.0000N
### kotek_magnet[tick=12420] sensor2: d=0.2294m in_range=False f_mag=0.000N tau_mag=0.0000Nm misalign_deg=61.7 pos=[ 0.22621237 -0.15976723  0.46731943] bottom_world=[ 0.23569008 -0.17155986  0.45423865] quat=[ 0.5236516  -0.3996888   0.11501942  0.7435109 ] speed=0.0924 ang_speed=3.6487 ang_vel_vec=[-0.03032725 -0.44740242 -3.6210227 ] |com_force|=0.0000N
### kotek_magnet[tick=12420] sensor3: d=0.5470m in_range=False f_mag=0.000N tau_mag=0.0000Nm misalign_deg=90.0 pos=[-0.10910729 -0.10914586  0.49140096] bottom_world=[-0.10910721 -0.10914583  0.47140096] quat=[-3.8058341e-01 -2.1545291e-06 -3.9171482e-08  9.2474657e-01] speed=0.0001 ang_speed=0.0020 ang_vel_vec=[0.00133345 0.00147074 0.00037012] |com_force|=0.0000N
### kotek_magnet[tick=12420] sensor4: d=0.5249m in_range=False f_mag=0.000N tau_mag=0.0000Nm misalign_deg=90.0 pos=[-0.10900036  0.10899945  0.49140233] bottom_world=[-0.10900035  0.10899952  0.47140233] quat=[ 3.8268223e-01  2.7482196e-07 -1.5714299e-06  9.2388010e-01] speed=0.0004 ang_speed=0.0026 ang_vel_vec=[ 0.00233285  0.00096574 -0.00080252] |com_force|=0.0000N
### kotek_magnet[tick=12480] sensor2: d=0.2031m in_range=False f_mag=0.000N tau_mag=0.0000Nm misalign_deg=53.5 pos=[ 0.24647304 -0.14693433  0.46042567] bottom_world=[ 0.25838078 -0.15747191  0.4482945 ] quat=[ 0.42438334 -0.43173438  0.10161749  0.7894163 ] speed=0.0938 ang_speed=3.2488 ang_vel_vec=[ 0.79575086 -1.7747893  -2.6022289 ] |com_force|=0.0000N
### kotek_magnet[tick=12480] sensor3: d=0.5470m in_range=False f_mag=0.000N tau_mag=0.0000Nm misalign_deg=90.0 pos=[-0.10910751 -0.10914614  0.49140105] bottom_world=[-0.10910746 -0.10914602  0.47140105] quat=[-3.8058376e-01 -2.3701828e-06 -2.4015999e-06  9.2474645e-01] speed=0.0004 ang_speed=0.0021 ang_vel_vec=[-0.00014283  0.00197684 -0.0006876 ] |com_force|=0.0000N
### kotek_magnet[tick=12480] sensor4: d=0.5249m in_range=False f_mag=0.000N tau_mag=0.0000Nm misalign_deg=90.0 pos=[-0.10900003  0.10900014  0.4914022 ] bottom_world=[-0.10900026  0.109       0.47140221] quat=[3.8268217e-01 3.8664957e-06 5.4606257e-06 9.2388010e-01] speed=0.0010 ang_speed=0.0025 ang_vel_vec=[ 0.0016801  -0.0016241  -0.00079885] |com_force|=0.0000N
### kotek_magnet[tick=12540] sensor2: d=0.1748m in_range=False f_mag=0.000N tau_mag=0.0000Nm misalign_deg=44.9 pos=[ 0.26651308 -0.12896466  0.45421213] bottom_world=[ 0.28067219 -0.13759137  0.44302733] quat=[ 0.3196263  -0.46212852  0.08256717  0.82307905] speed=0.0966 ang_speed=3.5042 ang_vel_vec=[ 0.94831514 -0.641769   -3.31188   ] |com_force|=0.0000N
### kotek_magnet[tick=12540] sensor3: d=0.5470m in_range=False f_mag=0.000N tau_mag=0.0000Nm misalign_deg=90.0 pos=[-0.10910814 -0.10914584  0.4914011 ] bottom_world=[-0.10910789 -0.10914594  0.47140111] quat=[-3.8058385e-01 -4.6984437e-06  4.6751725e-06  9.2474645e-01] speed=0.0009 ang_speed=0.0017 ang_vel_vec=[ 0.00134605  0.00089032 -0.00067104] |com_force|=0.0000N
### kotek_magnet[tick=12540] sensor4: d=0.5249m in_range=False f_mag=0.000N tau_mag=0.0000Nm misalign_deg=90.0 pos=[-0.10900032  0.10899949  0.49140218] bottom_world=[-0.1090003   0.10899955  0.47140218] quat=[ 3.8268229e-01  2.4418810e-07 -1.5634873e-06  9.2387998e-01] speed=0.0004 ang_speed=0.0024 ang_vel_vec=[ 0.00189962  0.00137355 -0.00065066] |com_force|=0.0000N
### kotek_magnet[tick=12600] sensor2: d=0.1469m in_range=False f_mag=0.000N tau_mag=0.0000Nm misalign_deg=37.0 pos=[ 0.28481802 -0.1062533   0.44881856] bottom_world=[ 0.30079534 -0.11248817  0.43853013] quat=[ 0.21551028 -0.4890865   0.05986313  0.84306955] speed=0.1051 ang_speed=2.6944 ang_vel_vec=[ 1.6746252 -1.4542135 -1.530007 ] |com_force|=0.0000N
### kotek_magnet[tick=12600] sensor3: d=0.5470m in_range=False f_mag=0.000N tau_mag=0.0000Nm misalign_deg=90.0 pos=[-0.10910814 -0.10914584  0.49140102] bottom_world=[-0.1091079  -0.10914594  0.47140102] quat=[-3.8058397e-01 -4.7291724e-06  4.6587616e-06  9.2474645e-01] speed=0.0009 ang_speed=0.0018 ang_vel_vec=[ 0.00138781  0.00092358 -0.00078543] |com_force|=0.0000N
### kotek_magnet[tick=12600] sensor4: d=0.5249m in_range=False f_mag=0.000N tau_mag=0.0000Nm misalign_deg=90.0 pos=[-0.10900004  0.10900018  0.49140236] bottom_world=[-0.10900027  0.10900004  0.47140236] quat=[3.826821e-01 3.840554e-06 5.361119e-06 9.238801e-01] speed=0.0010 ang_speed=0.0025 ang_vel_vec=[ 0.00171927 -0.00159952 -0.00081275] |com_force|=0.0000N
### kotek_magnet[tick=12660] sensor2: d=0.1223m in_range=False f_mag=0.000N tau_mag=0.0000Nm misalign_deg=29.9 pos=[ 0.3007444  -0.078805    0.44426933] bottom_world=[ 0.31808875 -0.08214495  0.4348875 ] quat=[ 0.10996844 -0.5142462   0.03170431  0.8499722 ] speed=0.0976 ang_speed=2.2918 ang_vel_vec=[ 0.15526596 -1.1739023  -1.9622133 ] |com_force|=0.0000N
### kotek_magnet[tick=12660] sensor3: d=0.5470m in_range=False f_mag=0.000N tau_mag=0.0000Nm misalign_deg=90.0 pos=[-0.10910747 -0.10914613  0.491401  ] bottom_world=[-0.10910742 -0.109146    0.47140099] quat=[-3.8058388e-01 -2.4189771e-06 -2.5023251e-06  9.2474645e-01] speed=0.0004 ang_speed=0.0022 ang_vel_vec=[-1.8889397e-06  2.0580313e-03 -8.9506811e-04] |com_force|=0.0000N
### kotek_magnet[tick=12660] sensor4: d=0.5249m in_range=False f_mag=0.000N tau_mag=0.0000Nm misalign_deg=90.0 pos=[-0.10900032  0.10899954  0.49140233] bottom_world=[-0.10900031  0.10899959  0.47140233] quat=[ 3.8268217e-01  4.8311733e-07 -1.4063747e-06  9.2388004e-01] speed=0.0005 ang_speed=0.0027 ang_vel_vec=[ 0.00253593  0.0001684  -0.00098368] |com_force|=0.0000N
### kotek_magnet[tick=12720] sensor2: d=0.1086m in_range=False f_mag=0.000N tau_mag=0.0000Nm misalign_deg=25.6 pos=[ 0.31152356 -0.05209127  0.44118774] bottom_world=[ 0.32956435 -0.05276046  0.43258065] quat=[ 0.02239917 -0.5336581   0.00564992  0.8453848 ] speed=0.0836 ang_speed=2.2406 ang_vel_vec=[ 0.44960338 -0.7096792  -2.0771432 ] |com_force|=0.0000N
### kotek_magnet[tick=12720] sensor3: d=0.5470m in_range=False f_mag=0.000N tau_mag=0.0000Nm misalign_deg=90.0 pos=[-0.10910815 -0.10914582  0.49140117] bottom_world=[-0.1091079  -0.10914594  0.47140117] quat=[-3.8058406e-01 -4.6291643e-06  5.1145375e-06  9.2474633e-01] speed=0.0010 ang_speed=0.0027 ang_vel_vec=[ 0.0020897   0.00135819 -0.00098515] |com_force|=0.0000N
### kotek_magnet[tick=12720] sensor4: d=0.5249m in_range=False f_mag=0.000N tau_mag=0.0000Nm misalign_deg=90.0 pos=[-0.10900033  0.10899953  0.4914023 ] bottom_world=[-0.10900031  0.10899959  0.4714023 ] quat=[ 3.8268220e-01 -6.5470047e-08 -1.5731875e-06  9.2388010e-01] speed=0.0004 ang_speed=0.0028 ang_vel_vec=[ 0.00206163  0.00156656 -0.00092897] |com_force|=0.0000N
### kotek_magnet[tick=12780] sensor2: d=0.1049m in_range=False f_mag=0.000N tau_mag=0.0000Nm misalign_deg=25.8 pos=[ 0.3109036  -0.04962455  0.43584824] bottom_world=[ 0.32890702 -0.04997509  0.42714454] quat=[ 0.01279352 -0.5314152   0.00231968  0.8470116 ] speed=0.0591 ang_speed=2.3547 ang_vel_vec=[ 0.63830984 -0.75372094 -2.137592  ] |com_force|=0.0000N
### kotek_magnet[tick=12780] sensor3: d=0.5470m in_range=False f_mag=0.000N tau_mag=0.0000Nm misalign_deg=90.0 pos=[-0.10910812 -0.10914585  0.4914011 ] bottom_world=[-0.10910788 -0.10914595  0.47140111] quat=[-3.8058394e-01 -4.6395544e-06  4.7188378e-06  9.2474645e-01] speed=0.0009 ang_speed=0.0022 ang_vel_vec=[ 0.00172201  0.00111871 -0.00078393] |com_force|=0.0000N
### kotek_magnet[tick=12780] sensor4: d=0.5249m in_range=False f_mag=0.000N tau_mag=0.0000Nm misalign_deg=90.0 pos=[-0.10900033  0.10899949  0.49140224] bottom_world=[-0.10900032  0.10899955  0.47140224] quat=[ 3.8268226e-01  2.0655897e-07 -1.5493151e-06  9.2388004e-01] speed=0.0004 ang_speed=0.0025 ang_vel_vec=[ 0.00197688  0.00130261 -0.0007489 ] |com_force|=0.0000N
### kotek_magnet[tick=12840] sensor2: d=0.0900m in_range=True f_mag=1.793N tau_mag=0.0018Nm misalign_deg=25.7 pos=[ 0.31886885 -0.05026865  0.4228081 ] bottom_world=[ 0.33688406 -0.05057303  0.41412713] quat=[ 0.01157739 -0.5319517   0.00171367  0.84669393] speed=0.0675 ang_speed=2.4868 ang_vel_vec=[ 0.36446324 -1.0660429  -2.2169678 ] |com_force|=0.4157N
### kotek_magnet[tick=12840] sensor3: d=0.5470m in_range=False f_mag=0.000N tau_mag=0.0000Nm misalign_deg=90.0 pos=[-0.10910812 -0.10914584  0.49140114] bottom_world=[-0.10910788 -0.10914594  0.47140114] quat=[-3.8058400e-01 -4.6206314e-06  4.6651658e-06  9.2474639e-01] speed=0.0009 ang_speed=0.0022 ang_vel_vec=[ 0.00162913  0.00109078 -0.00089051] |com_force|=0.0000N
### kotek_magnet[tick=12840] sensor4: d=0.5249m in_range=False f_mag=0.000N tau_mag=0.0000Nm misalign_deg=90.0 pos=[-0.10900006  0.10900015  0.49140233] bottom_world=[-0.10900029  0.10900001  0.47140233] quat=[3.8268200e-01 3.8859157e-06 5.5236578e-06 9.2388016e-01] speed=0.0010 ang_speed=0.0025 ang_vel_vec=[ 0.00166412 -0.00162828 -0.00090436] |com_force|=0.0000N
### kotek_magnet[tick=12900] sensor2: d=0.0673m in_range=True f_mag=1.326N tau_mag=0.0013Nm misalign_deg=25.2 pos=[ 0.33270836 -0.05103723  0.40445343] bottom_world=[ 0.35079768 -0.05126815  0.39592563] quat=[ 0.00810632 -0.5355392   0.00169535  0.8444699 ] speed=0.0670 ang_speed=3.4161 ang_vel_vec=[ 1.1559031 -1.5024816 -2.8418634] |com_force|=0.4219N
### kotek_magnet[tick=12900] sensor3: d=0.5470m in_range=False f_mag=0.000N tau_mag=0.0000Nm misalign_deg=90.0 pos=[-0.10910746 -0.10914608  0.49140108] bottom_world=[-0.10910741 -0.10914596  0.47140108] quat=[-3.8058382e-01 -2.4192325e-06 -2.3762298e-06  9.2474651e-01] speed=0.0004 ang_speed=0.0022 ang_vel_vec=[-7.8450510e-05  2.0940611e-03 -5.6536886e-04] |com_force|=0.0000N
### kotek_magnet[tick=12900] sensor4: d=0.5249m in_range=False f_mag=0.000N tau_mag=0.0000Nm misalign_deg=90.0 pos=[-0.10900038  0.10899845  0.4914023 ] bottom_world=[-0.10900019  0.10899878  0.4714023 ] quat=[ 3.8268289e-01 -1.2655345e-06 -9.4648767e-06  9.2387974e-01] speed=0.0009 ang_speed=0.0029 ang_vel_vec=[0.00051068 0.00274186 0.00073689] |com_force|=0.0000N
### kotek_magnet[tick=12960] sensor2: d=0.0523m in_range=True f_mag=1.017N tau_mag=0.0009Nm misalign_deg=24.9 pos=[ 0.34212968 -0.05158182  0.39243308] bottom_world=[ 0.36027659 -0.05176476  0.38402737] quat=[ 0.00565381 -0.5383809   0.00181524  0.84268063] speed=0.0778 ang_speed=3.4107 ang_vel_vec=[ 1.2304053 -1.5038085 -2.8031192] |com_force|=0.3634N
### kotek_magnet[tick=12960] sensor3: d=0.5470m in_range=False f_mag=0.000N tau_mag=0.0000Nm misalign_deg=90.0 pos=[-0.10910814 -0.10914582  0.49140102] bottom_world=[-0.1091079  -0.10914592  0.47140102] quat=[-3.8058397e-01 -4.5927663e-06  4.4562744e-06  9.2474633e-01] speed=0.0009 ang_speed=0.0017 ang_vel_vec=[ 0.00130945  0.00087327 -0.00073356] |com_force|=0.0000N
### kotek_magnet[tick=12960] sensor4: d=0.5249m in_range=False f_mag=0.000N tau_mag=0.0000Nm misalign_deg=90.0 pos=[-0.10900008  0.10900017  0.49140224] bottom_world=[-0.10900029  0.10900003  0.47140224] quat=[3.8268211e-01 3.5879757e-06 5.1786728e-06 9.2388016e-01] speed=0.0010 ang_speed=0.0018 ang_vel_vec=[ 0.00119521 -0.00111106 -0.00073385] |com_force|=0.0000N
### kotek_magnet[tick=13020] sensor2: d=0.0148m in_range=True f_mag=0.244N tau_mag=0.0001Nm misalign_deg=15.5 pos=[ 0.37001398 -0.05017704  0.3656162 ] bottom_world=[ 0.38928274 -0.05004082  0.36025929] quat=[ 0.00769005 -0.6049584  -0.01012052  0.79615563] speed=0.0001 ang_speed=0.0031 ang_vel_vec=[-2.3252502e-04 -3.1030308e-03 -4.6731580e-05] |com_force|=0.4907N
### kotek_magnet[tick=13020] sensor3: d=0.5470m in_range=False f_mag=0.000N tau_mag=0.0000Nm misalign_deg=90.0 pos=[-0.10910813 -0.10914581  0.49140105] bottom_world=[-0.10910788 -0.10914592  0.47140105] quat=[-3.8058394e-01 -4.7134154e-06  4.7624026e-06  9.2474645e-01] speed=0.0009 ang_speed=0.0020 ang_vel_vec=[ 0.00148494  0.00107342 -0.0007166 ] |com_force|=0.0000N
### kotek_magnet[tick=13020] sensor4: d=0.5249m in_range=False f_mag=0.000N tau_mag=0.0000Nm misalign_deg=90.0 pos=[-0.10900031  0.10899955  0.4914023 ] bottom_world=[-0.1090003   0.10899961  0.4714023 ] quat=[ 3.8268223e-01  3.4535122e-07 -1.4405630e-06  9.2388016e-01] speed=0.0004 ang_speed=0.0022 ang_vel_vec=[ 0.00184163  0.00088393 -0.0007076 ] |com_force|=0.0000N
### kotek_magnet[tick=13080] sensor2: d=0.0148m in_range=True f_mag=0.244N tau_mag=0.0001Nm misalign_deg=15.5 pos=[ 0.3700202  -0.05017686  0.36561063] bottom_world=[ 0.38928997 -0.05004075  0.36025733] quat=[ 0.0076914  -0.60503316 -0.01011962  0.79609877] speed=0.0000 ang_speed=0.0005 ang_vel_vec=[-5.2848127e-04  6.8518704e-05  1.2317050e-04] |com_force|=0.4905N
### kotek_magnet[tick=13080] sensor3: d=0.5470m in_range=False f_mag=0.000N tau_mag=0.0000Nm misalign_deg=90.0 pos=[-0.10910816 -0.10914585  0.491401  ] bottom_world=[-0.10910791 -0.10914595  0.47140099] quat=[-3.8058394e-01 -4.8106408e-06  4.7638396e-06  9.2474639e-01] speed=0.0009 ang_speed=0.0020 ang_vel_vec=[ 0.00143764  0.00111223 -0.00091378] |com_force|=0.0000N
### kotek_magnet[tick=13080] sensor4: d=0.5249m in_range=False f_mag=0.000N tau_mag=0.0000Nm misalign_deg=90.0 pos=[-0.10900018  0.10899846  0.49140233] bottom_world=[-0.10900008  0.10899877  0.47140233] quat=[ 3.8268295e-01  6.9681334e-07 -7.9782085e-06  9.2387974e-01] speed=0.0010 ang_speed=0.0021 ang_vel_vec=[ 3.9400667e-05 -1.7268498e-03  1.2037990e-03] |com_force|=0.0000N
### kotek_magnet[tick=13140] sensor2: d=0.0148m in_range=True f_mag=0.244N tau_mag=0.0001Nm misalign_deg=15.5 pos=[ 0.37002027 -0.05017682  0.36561063] bottom_world=[ 0.38929004 -0.05004071  0.36025735] quat=[ 0.00769169 -0.6050336  -0.01011986  0.7960985 ] speed=0.0000 ang_speed=0.0006 ang_vel_vec=[-5.9864501e-04  1.0566445e-04  9.0989226e-05] |com_force|=0.4905N
### kotek_magnet[tick=13140] sensor3: d=0.5470m in_range=False f_mag=0.000N tau_mag=0.0000Nm misalign_deg=90.0 pos=[-0.1091075  -0.10914611  0.49140093] bottom_world=[-0.10910745 -0.10914598  0.47140093] quat=[-3.8058367e-01 -2.3770108e-06 -2.5755778e-06  9.2474645e-01] speed=0.0004 ang_speed=0.0021 ang_vel_vec=[-0.0002042   0.00197011 -0.00068728] |com_force|=0.0000N
### kotek_magnet[tick=13140] sensor4: d=0.5249m in_range=False f_mag=0.000N tau_mag=0.0000Nm misalign_deg=90.0 pos=[-0.10900016  0.10899847  0.49140224] bottom_world=[-0.10900006  0.10899878  0.47140224] quat=[ 3.8268307e-01  6.6401958e-07 -8.0838327e-06  9.2387968e-01] speed=0.0010 ang_speed=0.0020 ang_vel_vec=[-0.00014858 -0.00141648  0.00135019] |com_force|=0.0000N
### kotek_magnet[tick=13200] sensor2: d=0.0148m in_range=True f_mag=0.244N tau_mag=0.0001Nm misalign_deg=15.5 pos=[ 0.37002027 -0.05017683  0.36561063] bottom_world=[ 0.38929004 -0.05004073  0.36025735] quat=[ 0.00769167 -0.6050336  -0.01011978  0.7960985 ] speed=0.0000 ang_speed=0.0007 ang_vel_vec=[-6.43196283e-04  1.11931266e-04  8.25224779e-05] |com_force|=0.4905N
### kotek_magnet[tick=13200] sensor3: d=0.5470m in_range=False f_mag=0.000N tau_mag=0.0000Nm misalign_deg=90.0 pos=[-0.10910816 -0.10914577  0.49140102] bottom_world=[-0.1091079  -0.10914588  0.47140102] quat=[-3.8058394e-01 -4.7706812e-06  5.0281337e-06  9.2474639e-01] speed=0.0010 ang_speed=0.0022 ang_vel_vec=[ 0.00164758  0.00121745 -0.00075816] |com_force|=0.0000N
### kotek_magnet[tick=13200] sensor4: d=0.5249m in_range=False f_mag=0.000N tau_mag=0.0000Nm misalign_deg=90.0 pos=[-0.10900018  0.10899848  0.49140224] bottom_world=[-0.10900007  0.10899879  0.47140224] quat=[ 3.8268322e-01  4.6726345e-07 -8.1634844e-06  9.2387974e-01] speed=0.0010 ang_speed=0.0017 ang_vel_vec=[-0.00046511 -0.00079747  0.00136917] |com_force|=0.0000N
### kotek_magnet[tick=13260] sensor2: d=0.0148m in_range=True f_mag=0.244N tau_mag=0.0001Nm misalign_deg=15.5 pos=[ 0.37002027 -0.05017683  0.36561063] bottom_world=[ 0.38929004 -0.05004072  0.36025735] quat=[ 0.00769165 -0.6050336  -0.01011982  0.7960985 ] speed=0.0000 ang_speed=0.0006 ang_vel_vec=[-6.0075993e-04  1.0426175e-04  9.0439593e-05] |com_force|=0.4905N
### kotek_magnet[tick=13260] sensor3: d=0.5470m in_range=False f_mag=0.000N tau_mag=0.0000Nm misalign_deg=90.0 pos=[-0.10910745 -0.10914613  0.49140105] bottom_world=[-0.1091074  -0.10914601  0.47140105] quat=[-3.8058370e-01 -2.4100784e-06 -2.4421581e-06  9.2474645e-01] speed=0.0004 ang_speed=0.0024 ang_vel_vec=[-0.00022923  0.00223644 -0.00075964] |com_force|=0.0000N
### kotek_magnet[tick=13260] sensor4: d=0.5249m in_range=False f_mag=0.000N tau_mag=0.0000Nm misalign_deg=90.0 pos=[-0.10900013  0.10899843  0.49140227] bottom_world=[-0.10900003  0.10899874  0.47140227] quat=[ 3.8268307e-01  6.5306688e-07 -8.1559219e-06  9.2387974e-01] speed=0.0010 ang_speed=0.0019 ang_vel_vec=[-0.00027793 -0.00139898  0.00130557] |com_force|=0.0000N
### kotek_magnet[tick=13320] sensor2: d=0.0148m in_range=True f_mag=0.244N tau_mag=0.0001Nm misalign_deg=15.5 pos=[ 0.37002027 -0.05017683  0.36561063] bottom_world=[ 0.38929004 -0.05004072  0.36025735] quat=[ 0.00769169 -0.6050336  -0.01011985  0.7960985 ] speed=0.0000 ang_speed=0.0006 ang_vel_vec=[-5.95860532e-04  1.04620514e-04  9.21809115e-05] |com_force|=0.4905N
### kotek_magnet[tick=13320] sensor3: d=0.5470m in_range=False f_mag=0.000N tau_mag=0.0000Nm misalign_deg=90.0 pos=[-0.10910744 -0.1091461   0.49140114] bottom_world=[-0.10910739 -0.10914597  0.47140114] quat=[-3.8058388e-01 -2.4027572e-06 -2.4913415e-06  9.2474639e-01] speed=0.0004 ang_speed=0.0024 ang_vel_vec=[-0.00028817  0.0022043  -0.00080216] |com_force|=0.0000N
### kotek_magnet[tick=13320] sensor4: d=0.5249m in_range=False f_mag=0.000N tau_mag=0.0000Nm misalign_deg=90.0 pos=[-0.10900015  0.10899847  0.49140224] bottom_world=[-0.10900004  0.10899879  0.47140224] quat=[ 3.8268307e-01  5.4874067e-07 -8.3266941e-06  9.2387974e-01] speed=0.0010 ang_speed=0.0017 ang_vel_vec=[-0.0004275  -0.00112413  0.00124606] |com_force|=0.0000N
### kotek_magnet[tick=13380] sensor2: d=0.0148m in_range=True f_mag=0.244N tau_mag=0.0001Nm misalign_deg=15.5 pos=[ 0.37002027 -0.05017683  0.36561063] bottom_world=[ 0.38929004 -0.05004072  0.36025735] quat=[ 0.0076917  -0.6050336  -0.01011987  0.7960985 ] speed=0.0000 ang_speed=0.0006 ang_vel_vec=[-6.10824267e-04  1.06748565e-04  8.84940964e-05] |com_force|=0.4905N
### kotek_magnet[tick=13380] sensor3: d=0.5470m in_range=False f_mag=0.000N tau_mag=0.0000Nm misalign_deg=90.0 pos=[-0.10910746 -0.10914615  0.4914011 ] bottom_world=[-0.10910742 -0.10914602  0.47140111] quat=[-3.8058379e-01 -2.2906813e-06 -2.6149635e-06  9.2474645e-01] speed=0.0004 ang_speed=0.0023 ang_vel_vec=[-0.0003869   0.00211154 -0.00075534] |com_force|=0.0000N
### kotek_magnet[tick=13380] sensor4: d=0.5249m in_range=False f_mag=0.000N tau_mag=0.0000Nm misalign_deg=90.0 pos=[-0.10900017  0.1089984   0.49140236] bottom_world=[-0.10900005  0.10899872  0.47140236] quat=[ 3.8268310e-01  4.5306385e-07 -8.5345409e-06  9.2387974e-01] speed=0.0010 ang_speed=0.0016 ang_vel_vec=[-0.00074757 -0.00068851  0.00128472] |com_force|=0.0000N
### kotek_magnet[tick=13440] sensor2: d=0.0148m in_range=True f_mag=0.244N tau_mag=0.0001Nm misalign_deg=15.5 pos=[ 0.37002027 -0.05017682  0.36561063] bottom_world=[ 0.38929004 -0.05004071  0.36025735] quat=[ 0.00769173 -0.6050336  -0.01011988  0.7960985 ] speed=0.0000 ang_speed=0.0006 ang_vel_vec=[-6.0666527e-04  1.0559846e-04  9.0454385e-05] |com_force|=0.4905N
### kotek_magnet[tick=13440] sensor3: d=0.5470m in_range=False f_mag=0.000N tau_mag=0.0000Nm misalign_deg=90.0 pos=[-0.10910808 -0.10914583  0.49140105] bottom_world=[-0.10910783 -0.10914593  0.47140105] quat=[-3.8058391e-01 -4.7657522e-06  4.8624788e-06  9.2474639e-01] speed=0.0009 ang_speed=0.0027 ang_vel_vec=[ 0.0020193   0.00149463 -0.0010167 ] |com_force|=0.0000N
### kotek_magnet[tick=13440] sensor4: d=0.5249m in_range=False f_mag=0.000N tau_mag=0.0000Nm misalign_deg=90.0 pos=[-0.10900017  0.10899845  0.49140233] bottom_world=[-0.10900006  0.10899876  0.47140233] quat=[ 3.8268295e-01  5.4089458e-07 -8.3445311e-06  9.2387968e-01] speed=0.0010 ang_speed=0.0016 ang_vel_vec=[-0.00033205 -0.00112126  0.00108454] |com_force|=0.0000N
### kotek_magnet[tick=13500] sensor2: d=0.0148m in_range=True f_mag=0.244N tau_mag=0.0001Nm misalign_deg=15.5 pos=[ 0.37002027 -0.05017683  0.36561063] bottom_world=[ 0.38929004 -0.05004072  0.36025735] quat=[ 0.00769165 -0.6050336  -0.01011982  0.7960985 ] speed=0.0000 ang_speed=0.0006 ang_vel_vec=[-5.8600737e-04  1.0128073e-04  9.4139330e-05] |com_force|=0.4905N
### kotek_magnet[tick=13500] sensor3: d=0.5470m in_range=False f_mag=0.000N tau_mag=0.0000Nm misalign_deg=90.0 pos=[-0.10910813 -0.10914581  0.4914011 ] bottom_world=[-0.10910788 -0.10914592  0.47140111] quat=[-3.8058400e-01 -4.8516877e-06  4.7661997e-06  9.2474639e-01] speed=0.0009 ang_speed=0.0022 ang_vel_vec=[ 0.00165943  0.00125114 -0.0007544 ] |com_force|=0.0000N
### kotek_magnet[tick=13500] sensor4: d=0.5249m in_range=False f_mag=0.000N tau_mag=0.0000Nm misalign_deg=90.0 pos=[-0.10900033  0.10899869  0.4914024 ] bottom_world=[-0.10900018  0.10899898  0.47140239] quat=[ 3.8268250e-01 -4.3812418e-07 -8.2688721e-06  9.2387986e-01] speed=0.0006 ang_speed=0.0050 ang_vel_vec=[-0.00199543  0.00459667  0.00049865] |com_force|=0.0000N
### kotek_magnet[tick=13560] sensor2: d=0.0148m in_range=True f_mag=0.244N tau_mag=0.0001Nm misalign_deg=15.5 pos=[ 0.37002027 -0.05017683  0.36561063] bottom_world=[ 0.38929004 -0.05004072  0.36025735] quat=[ 0.00769169 -0.6050336  -0.01011984  0.7960985 ] speed=0.0000 ang_speed=0.0006 ang_vel_vec=[-5.9584429e-04  1.0461068e-04  9.2171686e-05] |com_force|=0.4905N
### kotek_magnet[tick=13560] sensor3: d=0.5470m in_range=False f_mag=0.000N tau_mag=0.0000Nm misalign_deg=90.0 pos=[-0.10910813 -0.10914585  0.49140102] bottom_world=[-0.10910787 -0.10914595  0.47140102] quat=[-3.8058409e-01 -4.8549505e-06  4.8267570e-06  9.2474639e-01] speed=0.0009 ang_speed=0.0021 ang_vel_vec=[ 0.0015658   0.00126143 -0.00062486] |com_force|=0.0000N
### kotek_magnet[tick=13560] sensor4: d=0.5249m in_range=False f_mag=0.000N tau_mag=0.0000Nm misalign_deg=90.0 pos=[-0.10900007  0.10899929  0.4914022 ] bottom_world=[-0.10900015  0.10899938  0.47140221] quat=[ 3.8268262e-01  2.7026565e-06 -1.3682975e-06  9.2387986e-01] speed=0.0003 ang_speed=0.0058 ang_vel_vec=[ 0.00290751 -0.00501918  0.00046977] |com_force|=0.0000N
### kotek_magnet[tick=13620] sensor2: d=0.0148m in_range=True f_mag=0.244N tau_mag=0.0001Nm misalign_deg=15.5 pos=[ 0.37002027 -0.05017682  0.36561063] bottom_world=[ 0.38929004 -0.05004072  0.36025735] quat=[ 0.00769171 -0.6050336  -0.01011985  0.7960985 ] speed=0.0000 ang_speed=0.0006 ang_vel_vec=[-6.08243921e-04  1.05623476e-04  8.98139479e-05] |com_force|=0.4905N
### kotek_magnet[tick=13620] sensor3: d=0.5470m in_range=False f_mag=0.000N tau_mag=0.0000Nm misalign_deg=90.0 pos=[-0.10910746 -0.10914613  0.49140108] bottom_world=[-0.10910742 -0.10914599  0.47140108] quat=[-3.8058388e-01 -2.4215872e-06 -2.6859784e-06  9.2474645e-01] speed=0.0004 ang_speed=0.0025 ang_vel_vec=[-0.00042148  0.00229439 -0.0009376 ] |com_force|=0.0000N
### kotek_magnet[tick=13620] sensor4: d=0.5249m in_range=False f_mag=0.000N tau_mag=0.0000Nm misalign_deg=90.0 pos=[-0.10900033  0.10899867  0.49140233] bottom_world=[-0.10900018  0.10899897  0.47140233] quat=[ 3.8268262e-01 -4.3987802e-07 -8.3243704e-06  9.2387986e-01] speed=0.0007 ang_speed=0.0051 ang_vel_vec=[-0.00217036  0.00459983  0.00023682] |com_force|=0.0000N
### still playing, 1159s left
### kotek_magnet[tick=13680] sensor2: d=0.0148m in_range=True f_mag=0.244N tau_mag=0.0001Nm misalign_deg=15.5 pos=[ 0.37002027 -0.05017683  0.36561063] bottom_world=[ 0.38929004 -0.05004072  0.36025735] quat=[ 0.00769171 -0.6050336  -0.01011987  0.7960985 ] speed=0.0000 ang_speed=0.0006 ang_vel_vec=[-6.1284576e-04  1.0689171e-04  8.8201923e-05] |com_force|=0.4905N
### kotek_magnet[tick=13680] sensor3: d=0.5470m in_range=False f_mag=0.000N tau_mag=0.0000Nm misalign_deg=90.0 pos=[-0.10910816 -0.1091459   0.4914011 ] bottom_world=[-0.10910792 -0.10914599  0.47140111] quat=[-3.8058397e-01 -4.7116991e-06  4.4066383e-06  9.2474645e-01] speed=0.0009 ang_speed=0.0017 ang_vel_vec=[ 0.00126001  0.00080005 -0.00074239] |com_force|=0.0000N
### kotek_magnet[tick=13680] sensor4: d=0.5249m in_range=False f_mag=0.000N tau_mag=0.0000Nm misalign_deg=90.0 pos=[-0.10900032  0.10899921  0.49140233] bottom_world=[-0.10900027  0.10899935  0.47140233] quat=[ 3.8268253e-01  3.0160132e-07 -3.7977898e-06  9.2387998e-01] speed=0.0001 ang_speed=0.0021 ang_vel_vec=[-0.00102435  0.00184868 -0.00033706] |com_force|=0.0000N
### kotek_magnet[tick=13740] sensor2: d=0.0148m in_range=True f_mag=0.244N tau_mag=0.0001Nm misalign_deg=15.5 pos=[ 0.37002027 -0.05017682  0.36561063] bottom_world=[ 0.38929004 -0.05004071  0.36025735] quat=[ 0.00769171 -0.6050336  -0.01011989  0.7960985 ] speed=0.0000 ang_speed=0.0006 ang_vel_vec=[-6.1108265e-04  1.0657392e-04  8.8655361e-05] |com_force|=0.4905N
### kotek_magnet[tick=13740] sensor3: d=0.5470m in_range=False f_mag=0.000N tau_mag=0.0000Nm misalign_deg=90.0 pos=[-0.10910814 -0.10914589  0.49140108] bottom_world=[-0.10910789 -0.10914598  0.47140108] quat=[-3.8058397e-01 -4.7909502e-06  4.5939214e-06  9.2474639e-01] speed=0.0009 ang_speed=0.0016 ang_vel_vec=[ 0.00126085  0.00066159 -0.00075275] |com_force|=0.0000N
### kotek_magnet[tick=13740] sensor4: d=0.5249m in_range=False f_mag=0.000N tau_mag=0.0000Nm misalign_deg=90.0 pos=[-0.10900018  0.10899839  0.49140233] bottom_world=[-0.10900006  0.10899872  0.47140233] quat=[ 3.8268316e-01  4.4420457e-07 -8.7124163e-06  9.2387974e-01] speed=0.0010 ang_speed=0.0021 ang_vel_vec=[-0.00011366 -0.00165917  0.00135643] |com_force|=0.0000N
### kotek_magnet[tick=13800] sensor2: d=0.0148m in_range=True f_mag=0.244N tau_mag=0.0001Nm misalign_deg=15.5 pos=[ 0.37002027 -0.05017683  0.36561063] bottom_world=[ 0.38929004 -0.05004072  0.36025735] quat=[ 0.00769165 -0.6050336  -0.01011979  0.7960985 ] speed=0.0000 ang_speed=0.0006 ang_vel_vec=[-5.8766047e-04  1.0477886e-04  9.2634225e-05] |com_force|=0.4905N
### kotek_magnet[tick=13800] sensor3: d=0.5470m in_range=False f_mag=0.000N tau_mag=0.0000Nm misalign_deg=90.0 pos=[-0.1091075  -0.10914614  0.49140096] bottom_world=[-0.10910745 -0.10914601  0.47140096] quat=[-3.8058373e-01 -2.4572234e-06 -2.4852648e-06  9.2474651e-01] speed=0.0005 ang_speed=0.0021 ang_vel_vec=[ 0.00021789  0.00197861 -0.00071554] |com_force|=0.0000N
### kotek_magnet[tick=13800] sensor4: d=0.5249m in_range=False f_mag=0.000N tau_mag=0.0000Nm misalign_deg=90.0 pos=[-0.10900019  0.10899839  0.49140233] bottom_world=[-0.10900007  0.10899872  0.47140233] quat=[ 3.8268298e-01  4.0067417e-07 -8.7920953e-06  9.2387980e-01] speed=0.0011 ang_speed=0.0022 ang_vel_vec=[-0.00018861 -0.00179119  0.00132364] |com_force|=0.0000N
### kotek_magnet[tick=13860] sensor2: d=0.0148m in_range=True f_mag=0.244N tau_mag=0.0001Nm misalign_deg=15.5 pos=[ 0.37002027 -0.05017683  0.36561063] bottom_world=[ 0.38929004 -0.05004072  0.36025735] quat=[ 0.00769167 -0.6050336  -0.01011983  0.7960985 ] speed=0.0000 ang_speed=0.0006 ang_vel_vec=[-5.96210011e-04  1.03227285e-04  9.21989995e-05] |com_force|=0.4905N
### kotek_magnet[tick=13860] sensor3: d=0.5470m in_range=False f_mag=0.000N tau_mag=0.0000Nm misalign_deg=90.0 pos=[-0.10910647 -0.10914592  0.49140108] bottom_world=[-0.10910663 -0.10914573  0.47140108] quat=[-3.8058302e-01  2.1290598e-06 -5.9149788e-06  9.2474687e-01] speed=0.0010 ang_speed=0.0031 ang_vel_vec=[0.00256765 0.00081849 0.00153347] |com_force|=0.0000N
### kotek_magnet[tick=13860] sensor4: d=0.5249m in_range=False f_mag=0.000N tau_mag=0.0000Nm misalign_deg=90.0 pos=[-0.10900019  0.10899842  0.4914024 ] bottom_world=[-0.10900009  0.10899874  0.47140239] quat=[ 3.8268295e-01  6.2203907e-07 -8.3670129e-06  9.2387980e-01] speed=0.0010 ang_speed=0.0023 ang_vel_vec=[-0.00011953 -0.0018879   0.00132946] |com_force|=0.0000N
### kotek_magnet[tick=13920] sensor2: d=0.0148m in_range=True f_mag=0.244N tau_mag=0.0001Nm misalign_deg=15.5 pos=[ 0.37002027 -0.05017682  0.36561063] bottom_world=[ 0.38929004 -0.05004072  0.36025735] quat=[ 0.0076917  -0.6050336  -0.01011984  0.7960985 ] speed=0.0000 ang_speed=0.0006 ang_vel_vec=[-6.08257484e-04  1.05652245e-04  8.98124781e-05] |com_force|=0.4905N
### kotek_magnet[tick=13920] sensor3: d=0.5470m in_range=False f_mag=0.000N tau_mag=0.0000Nm misalign_deg=90.0 pos=[-0.10910644 -0.10914595  0.49140108] bottom_world=[-0.10910661 -0.10914577  0.47140108] quat=[-3.8058302e-01  2.1546712e-06 -5.6482340e-06  9.2474681e-01] speed=0.0010 ang_speed=0.0033 ang_vel_vec=[0.00274438 0.00101764 0.00161615] |com_force|=0.0000N
### kotek_magnet[tick=13920] sensor4: d=0.5249m in_range=False f_mag=0.000N tau_mag=0.0000Nm misalign_deg=90.0 pos=[-0.1090002   0.1089984   0.49140236] bottom_world=[-0.10900008  0.10899873  0.47140236] quat=[ 3.8268304e-01  3.8609161e-07 -8.7893404e-06  9.2387974e-01] speed=0.0011 ang_speed=0.0022 ang_vel_vec=[-0.00036255 -0.0017279   0.00136647] |com_force|=0.0000N
### kotek_magnet[tick=13980] sensor2: d=0.0148m in_range=True f_mag=0.244N tau_mag=0.0001Nm misalign_deg=15.5 pos=[ 0.37002027 -0.05017682  0.36561063] bottom_world=[ 0.38929004 -0.05004071  0.36025735] quat=[ 0.00769171 -0.6050336  -0.01011987  0.7960985 ] speed=0.0000 ang_speed=0.0006 ang_vel_vec=[-6.0646440e-04  1.0549688e-04  9.0283902e-05] |com_force|=0.4905N
### kotek_magnet[tick=13980] sensor3: d=0.5470m in_range=False f_mag=0.000N tau_mag=0.0000Nm misalign_deg=90.0 pos=[-0.10910644 -0.10914593  0.491401  ] bottom_world=[-0.10910661 -0.10914575  0.47140099] quat=[-3.8058302e-01  2.2015256e-06 -5.8101746e-06  9.2474681e-01] speed=0.0010 ang_speed=0.0029 ang_vel_vec=[0.00239251 0.00071795 0.00150956] |com_force|=0.0000N
### kotek_magnet[tick=13980] sensor4: d=0.5249m in_range=False f_mag=0.000N tau_mag=0.0000Nm misalign_deg=90.0 pos=[-0.10900021  0.10899839  0.49140233] bottom_world=[-0.1090001   0.10899872  0.47140233] quat=[ 3.8268298e-01  4.5563388e-07 -8.6830514e-06  9.2387974e-01] speed=0.0010 ang_speed=0.0021 ang_vel_vec=[-0.00019607 -0.00162228  0.0012861 ] |com_force|=0.0000N
### kotek_magnet[tick=14040] sensor2: d=0.0148m in_range=True f_mag=0.244N tau_mag=0.0001Nm misalign_deg=15.5 pos=[ 0.37002027 -0.05017683  0.36561063] bottom_world=[ 0.38929004 -0.05004073  0.36025735] quat=[ 0.00769166 -0.6050336  -0.01011976  0.7960985 ] speed=0.0000 ang_speed=0.0007 ang_vel_vec=[-6.4320583e-04  1.1182616e-04  8.2517588e-05] |com_force|=0.4905N
### kotek_magnet[tick=14040] sensor3: d=0.5470m in_range=False f_mag=0.000N tau_mag=0.0000Nm misalign_deg=90.0 pos=[-0.1091067 -0.1091462  0.491401 ] bottom_world=[-0.10910686 -0.10914593  0.47140099] quat=[-3.8058323e-01  1.3099725e-06 -7.7154746e-06  9.2474669e-01] speed=0.0006 ang_speed=0.0025 ang_vel_vec=[-0.00236071 -0.00027361  0.00066948] |com_force|=0.0000N
### kotek_magnet[tick=14040] sensor4: d=0.5249m in_range=False f_mag=0.000N tau_mag=0.0000Nm misalign_deg=90.0 pos=[-0.10900043  0.10899831  0.4914023 ] bottom_world=[-0.10900021  0.10899867  0.4714023 ] quat=[ 3.8268292e-01 -1.5793776e-06 -1.0229908e-05  9.2387974e-01] speed=0.0010 ang_speed=0.0041 ang_vel_vec=[-8.7458466e-05  4.0314980e-03  7.1619236e-04] |com_force|=0.0000N
### kotek_magnet[tick=14100] sensor2: d=0.0148m in_range=True f_mag=0.244N tau_mag=0.0001Nm misalign_deg=15.5 pos=[ 0.37002027 -0.05017683  0.36561063] bottom_world=[ 0.38929004 -0.05004072  0.36025735] quat=[ 0.00769165 -0.6050336  -0.01011982  0.7960985 ] speed=0.0000 ang_speed=0.0006 ang_vel_vec=[-5.8600900e-04  1.0128517e-04  9.4146533e-05] |com_force|=0.4905N
### kotek_magnet[tick=14100] sensor3: d=0.5470m in_range=False f_mag=0.000N tau_mag=0.0000Nm misalign_deg=90.0 pos=[-0.10910725 -0.10914616  0.49140093] bottom_world=[-0.10910727 -0.109146    0.47140093] quat=[-3.8058370e-01 -9.7297755e-07 -3.9092547e-06  9.2474657e-01] speed=0.0002 ang_speed=0.0006 ang_vel_vec=[ 6.8146524e-05  5.5126561e-04 -3.2079671e-04] |com_force|=0.0000N
### kotek_magnet[tick=14100] sensor4: d=0.5249m in_range=False f_mag=0.000N tau_mag=0.0000Nm misalign_deg=90.0 pos=[-0.10900019  0.10899843  0.4914023 ] bottom_world=[-0.10900008  0.10899875  0.4714023 ] quat=[ 3.8268304e-01  5.1524034e-07 -8.5549154e-06  9.2387980e-01] speed=0.0010 ang_speed=0.0020 ang_vel_vec=[-0.00035334 -0.00140248  0.00135749] |com_force|=0.0000N
### kotek_magnet[tick=14160] sensor2: d=0.0148m in_range=True f_mag=0.244N tau_mag=0.0001Nm misalign_deg=15.5 pos=[ 0.37002027 -0.05017683  0.36561063] bottom_world=[ 0.38929004 -0.05004072  0.36025735] quat=[ 0.00769166 -0.6050336  -0.01011983  0.7960985 ] speed=0.0000 ang_speed=0.0006 ang_vel_vec=[-5.96187660e-04  1.03480015e-04  9.22174659e-05] |com_force|=0.4905N
### kotek_magnet[tick=14160] sensor3: d=0.5470m in_range=False f_mag=0.000N tau_mag=0.0000Nm misalign_deg=90.0 pos=[-0.10910671 -0.10914615  0.49140105] bottom_world=[-0.10910688 -0.10914588  0.47140105] quat=[-3.8058326e-01  1.2994024e-06 -7.9135561e-06  9.2474669e-01] speed=0.0006 ang_speed=0.0031 ang_vel_vec=[-0.00297772 -0.00063523  0.00079068] |com_force|=0.0000N
### kotek_magnet[tick=14160] sensor4: d=0.5249m in_range=False f_mag=0.000N tau_mag=0.0000Nm misalign_deg=90.0 pos=[-0.10900038  0.10899866  0.49140236] bottom_world=[-0.10900023  0.10899896  0.47140236] quat=[ 3.8268274e-01 -5.6640135e-07 -8.3907025e-06  9.2387986e-01] speed=0.0007 ang_speed=0.0048 ang_vel_vec=[-0.0018231   0.00440459  0.00070231] |com_force|=0.0000N
### kotek_magnet[tick=14220] sensor2: d=0.0148m in_range=True f_mag=0.244N tau_mag=0.0001Nm misalign_deg=15.5 pos=[ 0.37002027 -0.05017683  0.36561063] bottom_world=[ 0.38929004 -0.05004072  0.36025735] quat=[ 0.00769168 -0.6050336  -0.01011986  0.7960985 ] speed=0.0000 ang_speed=0.0006 ang_vel_vec=[-5.9860444e-04  1.0494987e-04  9.0851434e-05] |com_force|=0.4905N
### kotek_magnet[tick=14220] sensor3: d=0.5470m in_range=False f_mag=0.000N tau_mag=0.0000Nm misalign_deg=90.0 pos=[-0.10910643 -0.10914616  0.4914011 ] bottom_world=[-0.10910662 -0.10914587  0.47140111] quat=[-3.8058305e-01  1.5381307e-06 -8.6256632e-06  9.2474675e-01] speed=0.0009 ang_speed=0.0022 ang_vel_vec=[-0.00064299  0.00193831  0.00077692] |com_force|=0.0000N
### kotek_magnet[tick=14220] sensor4: d=0.5249m in_range=False f_mag=0.000N tau_mag=0.0000Nm misalign_deg=90.0 pos=[-0.10900036  0.10899867  0.49140233] bottom_world=[-0.10900022  0.10899897  0.47140233] quat=[ 3.8268277e-01 -4.8366684e-07 -8.2068709e-06  9.2387986e-01] speed=0.0007 ang_speed=0.0043 ang_vel_vec=[-0.00157177  0.00393893  0.00042694] |com_force|=0.0000N
### kotek_magnet[tick=14280] sensor2: d=0.0148m in_range=True f_mag=0.244N tau_mag=0.0001Nm misalign_deg=15.5 pos=[ 0.37002027 -0.05017682  0.36561063] bottom_world=[ 0.38929004 -0.05004071  0.36025735] quat=[ 0.00769173 -0.6050336  -0.01011988  0.7960985 ] speed=0.0000 ang_speed=0.0006 ang_vel_vec=[-6.11062336e-04  1.06620515e-04  8.86350172e-05] |com_force|=0.4905N
### kotek_magnet[tick=14280] sensor3: d=0.5470m in_range=False f_mag=0.000N tau_mag=0.0000Nm misalign_deg=90.0 pos=[-0.10910645 -0.10914615  0.49140105] bottom_world=[-0.10910664 -0.10914586  0.47140105] quat=[-3.8058308e-01  1.6043716e-06 -8.5309875e-06  9.2474675e-01] speed=0.0009 ang_speed=0.0021 ang_vel_vec=[-0.00045872  0.00191465  0.00081757] |com_force|=0.0000N
### kotek_magnet[tick=14280] sensor4: d=0.5249m in_range=False f_mag=0.000N tau_mag=0.0000Nm misalign_deg=90.0 pos=[-0.10900018  0.10899843  0.49140236] bottom_world=[-0.10900007  0.10899875  0.47140236] quat=[ 3.8268307e-01  5.8899019e-07 -8.2215793e-06  9.2387968e-01] speed=0.0010 ang_speed=0.0021 ang_vel_vec=[-4.0824132e-05 -1.5537044e-03  1.3400930e-03] |com_force|=0.0000N
### kotek_magnet[tick=14340] sensor2: d=0.0148m in_range=True f_mag=0.244N tau_mag=0.0001Nm misalign_deg=15.5 pos=[ 0.37002027 -0.05017683  0.36561063] bottom_world=[ 0.38929004 -0.05004073  0.36025735] quat=[ 0.00769163 -0.6050336  -0.0101198   0.7960985 ] speed=0.0000 ang_speed=0.0006 ang_vel_vec=[-5.7397434e-04  9.8876088e-05  9.6528063e-05] |com_force|=0.4905N
### kotek_magnet[tick=14340] sensor3: d=0.5470m in_range=False f_mag=0.000N tau_mag=0.0000Nm misalign_deg=90.0 pos=[-0.10910648 -0.10914593  0.49140108] bottom_world=[-0.10910665 -0.10914575  0.47140108] quat=[-3.8058305e-01  2.2358995e-06 -5.8855449e-06  9.2474687e-01] speed=0.0009 ang_speed=0.0030 ang_vel_vec=[0.00253446 0.00064886 0.00155034] |com_force|=0.0000N
### kotek_magnet[tick=14340] sensor4: d=0.5249m in_range=False f_mag=0.000N tau_mag=0.0000Nm misalign_deg=90.0 pos=[-0.10900023  0.10899843  0.4914024 ] bottom_world=[-0.10900012  0.10899875  0.47140239] quat=[ 3.8268301e-01  4.6784902e-07 -8.4035873e-06  9.2387974e-01] speed=0.0010 ang_speed=0.0017 ang_vel_vec=[-0.00046498 -0.00080716  0.00137114] |com_force|=0.0000N
### kotek_magnet[tick=14400] sensor2: d=0.0148m in_range=True f_mag=0.244N tau_mag=0.0001Nm misalign_deg=15.5 pos=[ 0.37002027 -0.05017683  0.36561063] bottom_world=[ 0.38929004 -0.05004072  0.36025735] quat=[ 0.00769164 -0.6050336  -0.01011981  0.7960985 ] speed=0.0000 ang_speed=0.0006 ang_vel_vec=[-5.8887841e-04  1.0135099e-04  9.2818882e-05] |com_force|=0.4905N
### kotek_magnet[tick=14400] sensor3: d=0.5474m in_range=False f_mag=0.000N tau_mag=0.0000Nm misalign_deg=87.9 pos=[-0.11003616 -0.10799754  0.49134925] bottom_world=[-0.10931851 -0.10952025  0.47142022] quat=[-0.38339514 -0.0019616   0.04207531  0.9226234 ] speed=0.3264 ang_speed=3.9721 ang_vel_vec=[ 0.32402587 -0.7816323  -3.8809304 ] |com_force|=0.0000N
### kotek_magnet[tick=14400] sensor4: d=0.5249m in_range=False f_mag=0.000N tau_mag=0.0000Nm misalign_deg=90.0 pos=[-0.10900027  0.10899936  0.49140233] bottom_world=[-0.10900021  0.10899949  0.47140233] quat=[ 3.8268244e-01  2.7398483e-08 -3.6461413e-06  9.2388004e-01] speed=0.0002 ang_speed=0.0039 ang_vel_vec=[-0.0012868   0.00369067 -0.00019162] |com_force|=0.0000N
### kotek_magnet[tick=14460] sensor2: d=0.0148m in_range=True f_mag=0.244N tau_mag=0.0001Nm misalign_deg=15.5 pos=[ 0.37002027 -0.05017683  0.36561063] bottom_world=[ 0.38929004 -0.05004072  0.36025735] quat=[ 0.00769168 -0.6050336  -0.01011984  0.7960985 ] speed=0.0000 ang_speed=0.0006 ang_vel_vec=[-6.1279192e-04  1.0640892e-04  8.8037610e-05] |com_force|=0.4905N
### kotek_magnet[tick=14460] sensor3: d=0.5523m in_range=False f_mag=0.000N tau_mag=0.0000Nm misalign_deg=73.6 pos=[-0.11641583 -0.10896363  0.49709484] bottom_world=[-0.11076146 -0.11576433  0.47915665] quat=[-0.33101514 -0.07717129  0.21351786  0.9159059 ] speed=0.0577 ang_speed=2.1715 ang_vel_vec=[ 1.6714528   1.3863124  -0.00227282] |com_force|=0.0000N
### kotek_magnet[tick=14460] sensor4: d=0.5249m in_range=False f_mag=0.000N tau_mag=0.0000Nm misalign_deg=90.0 pos=[-0.10900012  0.10899944  0.49140233] bottom_world=[-0.10900024  0.10899947  0.47140233] quat=[3.8268244e-01 3.0895219e-06 4.3202272e-07 9.2388004e-01] speed=0.0002 ang_speed=0.0050 ang_vel_vec=[ 0.00383096 -0.00324179 -0.00026178] |com_force|=0.0000N
### kotek_magnet[tick=14520] sensor2: d=0.0148m in_range=True f_mag=0.244N tau_mag=0.0001Nm misalign_deg=15.5 pos=[ 0.37002027 -0.05017682  0.36561063] bottom_world=[ 0.38929004 -0.05004072  0.36025735] quat=[ 0.00769172 -0.6050336  -0.01011986  0.7960985 ] speed=0.0000 ang_speed=0.0006 ang_vel_vec=[-6.0624466e-04  1.0598498e-04  9.0243338e-05] |com_force|=0.4905N
### kotek_magnet[tick=14520] sensor3: d=0.5511m in_range=False f_mag=0.000N tau_mag=0.0000Nm misalign_deg=85.8 pos=[-0.11249527 -0.11329582  0.49342912] bottom_world=[-0.11102611 -0.11533304  0.47358747] quat=[-0.3076453  -0.01927907  0.05989096  0.9494187 ] speed=0.2847 ang_speed=10.9806 ang_vel_vec=[-5.157011  -2.7759519  9.288349 ] |com_force|=0.0000N
### kotek_magnet[tick=14520] sensor4: d=0.5249m in_range=False f_mag=0.000N tau_mag=0.0000Nm misalign_deg=90.0 pos=[-0.10900001  0.10900023  0.4914023 ] bottom_world=[-0.10900025  0.10900007  0.4714023 ] quat=[3.8268214e-01 4.0115265e-06 5.8395221e-06 9.2388016e-01] speed=0.0010 ang_speed=0.0029 ang_vel_vec=[ 0.00186836 -0.00186635 -0.0011014 ] |com_force|=0.0000N
### kotek_magnet[tick=14580] sensor2: d=0.0148m in_range=True f_mag=0.244N tau_mag=0.0001Nm misalign_deg=15.5 pos=[ 0.37002027 -0.05017684  0.36561063] bottom_world=[ 0.38929004 -0.05004073  0.36025735] quat=[ 0.00769162 -0.6050336  -0.01011977  0.7960985 ] speed=0.0000 ang_speed=0.0006 ang_vel_vec=[-5.6312926e-04  1.0129170e-04  9.7322132e-05] |com_force|=0.4905N
### kotek_magnet[tick=14580] sensor3: d=0.5591m in_range=False f_mag=0.000N tau_mag=0.0000Nm misalign_deg=89.3 pos=[-0.12137882 -0.1110363   0.49188325] bottom_world=[-0.12114217 -0.11165875  0.47189434] quat=[-0.18620533 -0.00291514  0.01639304  0.98236984] speed=0.1481 ang_speed=8.9539 ang_vel_vec=[-3.8994896 -1.0441387  7.9922943] |com_force|=0.0000N
### kotek_magnet[tick=14580] sensor4: d=0.5249m in_range=False f_mag=0.000N tau_mag=0.0000Nm misalign_deg=90.0 pos=[-0.10900034  0.1089987   0.49140233] bottom_world=[-0.1090002   0.108999    0.47140233] quat=[ 3.8268274e-01 -3.0844942e-07 -8.1215449e-06  9.2387980e-01] speed=0.0007 ang_speed=0.0051 ang_vel_vec=[-0.002172    0.00456396  0.00030175] |com_force|=0.0000N
### kotek_magnet[tick=14640] sensor2: d=0.0148m in_range=True f_mag=0.244N tau_mag=0.0001Nm misalign_deg=15.5 pos=[ 0.37002027 -0.05017683  0.36561063] bottom_world=[ 0.38929004 -0.05004073  0.36025735] quat=[ 0.00769164 -0.6050336  -0.01011978  0.7960985 ] speed=0.0000 ang_speed=0.0006 ang_vel_vec=[-5.6518207e-04  1.0156140e-04  9.7047006e-05] |com_force|=0.4905N
### kotek_magnet[tick=14640] sensor3: d=0.5641m in_range=False f_mag=0.000N tau_mag=0.0000Nm misalign_deg=89.8 pos=[-0.12817994 -0.1065316   0.49246222] bottom_world=[-0.12811419 -0.10597904  0.47246996] quat=[-0.05882381 -0.00245363 -0.01369466  0.99817145] speed=0.1230 ang_speed=6.9698 ang_vel_vec=[-1.7413056e+00 -3.1032683e-03  6.7487283e+00] |com_force|=0.0000N
### kotek_magnet[tick=14640] sensor4: d=0.5249m in_range=False f_mag=0.000N tau_mag=0.0000Nm misalign_deg=90.0 pos=[-0.10900036  0.10899861  0.4914024 ] bottom_world=[-0.10900021  0.10899891  0.47140239] quat=[ 3.8268274e-01 -5.3066429e-07 -8.3487394e-06  9.2387980e-01] speed=0.0007 ang_speed=0.0045 ang_vel_vec=[-0.00165804  0.00417606  0.00043506] |com_force|=0.0000N
### kotek_magnet[tick=14700] sensor2: d=0.0148m in_range=True f_mag=0.244N tau_mag=0.0001Nm misalign_deg=15.5 pos=[ 0.37002027 -0.05017683  0.36561063] bottom_world=[ 0.38929004 -0.05004072  0.36025735] quat=[ 0.00769167 -0.6050336  -0.01011981  0.7960985 ] speed=0.0000 ang_speed=0.0006 ang_vel_vec=[-5.96185972e-04  1.03491024e-04  9.21927058e-05] |com_force|=0.4905N
### kotek_magnet[tick=14700] sensor3: d=0.5679m in_range=False f_mag=0.000N tau_mag=0.0000Nm misalign_deg=89.7 pos=[-0.12817514 -0.10634813  0.5092897 ] bottom_world=[-0.12807953 -0.10579371  0.4892976 ] quat=[-0.05084651 -0.00309232 -0.01372228  0.9986074 ] speed=0.1311 ang_speed=6.8190 ang_vel_vec=[-2.3558083 -0.4843524  6.380742 ] |com_force|=0.0000N
### kotek_magnet[tick=14700] sensor4: d=0.5249m in_range=False f_mag=0.000N tau_mag=0.0000Nm misalign_deg=90.0 pos=[-0.10900021  0.1089984   0.49140227] bottom_world=[-0.1090001   0.10899871  0.47140227] quat=[ 3.8268304e-01  4.6529561e-07 -8.3513269e-06  9.2387974e-01] speed=0.0010 ang_speed=0.0019 ang_vel_vec=[-0.00033064 -0.00116896  0.00141535] |com_force|=0.0000N
### kotek_magnet[tick=14760] sensor2: d=0.0148m in_range=True f_mag=0.244N tau_mag=0.0001Nm misalign_deg=15.5 pos=[ 0.37002027 -0.05017683  0.36561063] bottom_world=[ 0.38929004 -0.05004072  0.36025735] quat=[ 0.00769169 -0.6050336  -0.01011986  0.7960985 ] speed=0.0000 ang_speed=0.0006 ang_vel_vec=[-6.1098713e-04  1.0611347e-04  8.8471701e-05] |com_force|=0.4905N
### kotek_magnet[tick=14760] sensor3: d=0.5739m in_range=False f_mag=0.000N tau_mag=0.0000Nm misalign_deg=89.7 pos=[-0.12806179 -0.10682069  0.5318307 ] bottom_world=[-0.12796686 -0.10627457  0.51183841] quat=[-0.04441998 -0.00297768 -0.01353538  0.99891686] speed=0.1355 ang_speed=7.5671 ang_vel_vec=[-1.6057458 -2.0421207  7.1071863] |com_force|=0.0000N
### kotek_magnet[tick=14760] sensor4: d=0.5249m in_range=False f_mag=0.000N tau_mag=0.0000Nm misalign_deg=90.0 pos=[-0.10900037  0.10899945  0.4914023 ] bottom_world=[-0.10900035  0.10899951  0.4714023 ] quat=[ 3.8268220e-01  2.3395113e-07 -1.7475663e-06  9.2388004e-01] speed=0.0004 ang_speed=0.0027 ang_vel_vec=[ 0.00234412  0.00099602 -0.00084615] |com_force|=0.0000N
### kotek_magnet[tick=14820] sensor2: d=0.0148m in_range=True f_mag=0.244N tau_mag=0.0001Nm misalign_deg=15.5 pos=[ 0.37002027 -0.05017684  0.36561063] bottom_world=[ 0.38929004 -0.05004074  0.36025735] quat=[ 0.00769165 -0.6050336  -0.01011974  0.7960985 ] speed=0.0000 ang_speed=0.0007 ang_vel_vec=[-6.5082533e-04  1.1251879e-04  8.1791375e-05] |com_force|=0.4905N
### kotek_magnet[tick=14820] sensor3: d=0.5816m in_range=False f_mag=0.000N tau_mag=0.0000Nm misalign_deg=89.7 pos=[-0.128045  -0.1075542  0.5567909] bottom_world=[-0.12794415 -0.10706385  0.53679715] quat=[-0.04342048 -0.0030513  -0.01213863  0.9989785 ] speed=0.1305 ang_speed=7.7095 ang_vel_vec=[-2.4299684 -1.203502   7.21683  ] |com_force|=0.0000N
### kotek_magnet[tick=14820] sensor4: d=0.5249m in_range=False f_mag=0.000N tau_mag=0.0000Nm misalign_deg=90.0 pos=[-0.10900008  0.10900015  0.49140236] bottom_world=[-0.10900031  0.109       0.47140236] quat=[3.8268203e-01 3.9936372e-06 5.6380745e-06 9.2388016e-01] speed=0.0009 ang_speed=0.0032 ang_vel_vec=[ 0.00205608 -0.00223362 -0.00103407] |com_force|=0.0000N
### kotek_magnet[tick=14880] sensor2: d=0.0148m in_range=True f_mag=0.244N tau_mag=0.0001Nm misalign_deg=15.5 pos=[ 0.37002027 -0.05017684  0.36561063] bottom_world=[ 0.38929004 -0.05004073  0.36025735] quat=[ 0.00769167 -0.6050336  -0.01011974  0.7960985 ] speed=0.0000 ang_speed=0.0007 ang_vel_vec=[-6.4881856e-04  1.1283841e-04  8.2179533e-05] |com_force|=0.4905N
### kotek_magnet[tick=14880] sensor3: d=0.5891m in_range=False f_mag=0.000N tau_mag=0.0000Nm misalign_deg=89.7 pos=[-0.12800042 -0.10815049  0.57857853] bottom_world=[-0.127887   -0.10771747  0.55858354] quat=[-0.04283175 -0.00329686 -0.01069465  0.9990197 ] speed=0.1156 ang_speed=7.6002 ang_vel_vec=[-2.425874  -1.0466751  7.126179 ] |com_force|=0.0000N
### kotek_magnet[tick=14880] sensor4: d=0.5249m in_range=False f_mag=0.000N tau_mag=0.0000Nm misalign_deg=90.0 pos=[-0.10900006  0.10900016  0.4914024 ] bottom_world=[-0.10900028  0.10900002  0.47140239] quat=[3.8268200e-01 3.8106089e-06 5.4575980e-06 9.2388010e-01] speed=0.0010 ang_speed=0.0028 ang_vel_vec=[ 0.00190031 -0.00183323 -0.00083823] |com_force|=0.0000N
### kotek_magnet[tick=14940] sensor2: d=0.0148m in_range=True f_mag=0.244N tau_mag=0.0001Nm misalign_deg=15.5 pos=[ 0.37002027 -0.05017683  0.36561063] bottom_world=[ 0.38929004 -0.05004072  0.36025735] quat=[ 0.00769164 -0.6050336  -0.0101198   0.7960985 ] speed=0.0000 ang_speed=0.0006 ang_vel_vec=[-5.8768073e-04  1.0477975e-04  9.2659080e-05] |com_force|=0.4905N
### kotek_magnet[tick=14940] sensor3: d=0.5879m in_range=False f_mag=0.000N tau_mag=0.0000Nm misalign_deg=89.2 pos=[-0.12653099 -0.11051194  0.5776334 ] bottom_world=[-0.12626257 -0.1099606   0.55764278] quat=[-0.04255492 -0.00729198 -0.01348714  0.99897647] speed=0.1396 ang_speed=6.9465 ang_vel_vec=[-1.925382  -0.5953251  6.6477566] |com_force|=0.0000N
### kotek_magnet[tick=14940] sensor4: d=0.5249m in_range=False f_mag=0.000N tau_mag=0.0000Nm misalign_deg=90.0 pos=[-0.10900009  0.10900013  0.49140227] bottom_world=[-0.1090003   0.109       0.47140227] quat=[3.8268214e-01 3.7316463e-06 5.1738530e-06 9.2388010e-01] speed=0.0009 ang_speed=0.0025 ang_vel_vec=[ 0.00176539 -0.00163359 -0.00064209] |com_force|=0.0000N
### kotek_magnet[tick=15000] sensor2: d=0.0148m in_range=True f_mag=0.244N tau_mag=0.0001Nm misalign_deg=15.5 pos=[ 0.37002027 -0.05017683  0.36561063] bottom_world=[ 0.38929004 -0.05004072  0.36025735] quat=[ 0.00769168 -0.6050336  -0.01011983  0.7960985 ] speed=0.0000 ang_speed=0.0006 ang_vel_vec=[-5.96344704e-04  1.03032355e-04  9.22205727e-05] |com_force|=0.4905N
### kotek_magnet[tick=15000] sensor3: d=0.5766m in_range=False f_mag=0.000N tau_mag=0.0000Nm misalign_deg=87.3 pos=[-0.10992499 -0.13439113  0.5678213 ] bottom_world=[-0.10899141 -0.13493649  0.54785057] quat=[-0.06068197 -0.02247704  0.01503127  0.9977908 ] speed=0.1794 ang_speed=7.7680 ang_vel_vec=[-2.6969802  -0.95315164  7.2221646 ] |com_force|=0.0000N
### kotek_magnet[tick=15000] sensor4: d=0.5249m in_range=False f_mag=0.000N tau_mag=0.0000Nm misalign_deg=90.0 pos=[-0.10900007  0.10900014  0.49140227] bottom_world=[-0.1090003   0.10899999  0.47140227] quat=[3.8268217e-01 3.9566476e-06 5.6365902e-06 9.2388010e-01] speed=0.0009 ang_speed=0.0032 ang_vel_vec=[ 0.00209397 -0.00221836 -0.00080337] |com_force|=0.0000N
### kotek_magnet[tick=15060] sensor2: d=0.0148m in_range=True f_mag=0.244N tau_mag=0.0001Nm misalign_deg=15.5 pos=[ 0.37002027 -0.05017682  0.36561063] bottom_world=[ 0.38929004 -0.05004071  0.36025735] quat=[ 0.0076917  -0.6050336  -0.01011989  0.7960985 ] speed=0.0000 ang_speed=0.0006 ang_vel_vec=[-5.9885648e-04  1.0490463e-04  9.1033246e-05] |com_force|=0.4905N
### kotek_magnet[tick=15060] sensor3: d=0.5580m in_range=False f_mag=0.000N tau_mag=0.0000Nm misalign_deg=84.0 pos=[-0.08298945 -0.16181467  0.5553876 ] bottom_world=[-0.08091589 -0.16365484  0.5355807 ] quat=[-0.08264396 -0.04796572  0.050262    0.99415445] speed=0.1968 ang_speed=7.8427 ang_vel_vec=[-3.0703812 -0.6820611  7.1843743] |com_force|=0.0000N
### kotek_magnet[tick=15060] sensor4: d=0.5249m in_range=False f_mag=0.000N tau_mag=0.0000Nm misalign_deg=90.0 pos=[-0.10900036  0.10899942  0.49140224] bottom_world=[-0.10900034  0.10899948  0.47140224] quat=[ 3.8268223e-01  2.5140457e-07 -1.6885065e-06  9.2388010e-01] speed=0.0004 ang_speed=0.0026 ang_vel_vec=[ 0.00236552  0.00087526 -0.00079714] |com_force|=0.0000N
### kotek_magnet[tick=15120] sensor2: d=0.0148m in_range=True f_mag=0.244N tau_mag=0.0001Nm misalign_deg=15.5 pos=[ 0.37002027 -0.05017682  0.36561063] bottom_world=[ 0.38929004 -0.05004071  0.36025735] quat=[ 0.00769172 -0.6050336  -0.01011989  0.7960985 ] speed=0.0000 ang_speed=0.0006 ang_vel_vec=[-6.1104260e-04  1.0684613e-04  8.8677247e-05] |com_force|=0.4905N
### kotek_magnet[tick=15120] sensor3: d=0.5357m in_range=False f_mag=0.000N tau_mag=0.0000Nm misalign_deg=80.1 pos=[-0.05141079 -0.18366833  0.5435176 ] bottom_world=[-0.04798443 -0.18654092  0.52402379] quat=[-0.10066426 -0.0784408   0.08063503  0.98854023] speed=0.1851 ang_speed=7.7942 ang_vel_vec=[-3.467865   -0.40120292  6.968693  ] |com_force|=0.0000N
### kotek_magnet[tick=15120] sensor4: d=0.5249m in_range=False f_mag=0.000N tau_mag=0.0000Nm misalign_deg=90.0 pos=[-0.10900011  0.10899923  0.4914022 ] bottom_world=[-0.10900016  0.10899933  0.47140221] quat=[ 3.8268271e-01  2.1002543e-06 -1.7202348e-06  9.2387986e-01] speed=0.0002 ang_speed=0.0043 ang_vel_vec=[ 0.00242891 -0.00355096  0.00037557] |com_force|=0.0000N
### kotek_magnet[tick=15180] sensor2: d=0.0148m in_range=True f_mag=0.244N tau_mag=0.0001Nm misalign_deg=15.5 pos=[ 0.37002027 -0.05017683  0.36561063] bottom_world=[ 0.38929004 -0.05004073  0.36025735] quat=[ 0.00769165 -0.6050336  -0.01011977  0.7960985 ] speed=0.0000 ang_speed=0.0007 ang_vel_vec=[-6.43229985e-04  1.11799665e-04  8.25313764e-05] |com_force|=0.4905N
### kotek_magnet[tick=15180] sensor3: d=0.5099m in_range=False f_mag=0.000N tau_mag=0.0000Nm misalign_deg=75.8 pos=[-0.01632961 -0.19951695  0.5322371 ] bottom_world=[-0.01141078 -0.20316382  0.51319754] quat=[-0.11437915 -0.11295254  0.1060771   0.9812782 ] speed=0.1854 ang_speed=7.7947 ang_vel_vec=[-3.9117477  -0.23418105  6.7379804 ] |com_force|=0.0000N
### kotek_magnet[tick=15180] sensor4: d=0.5249m in_range=False f_mag=0.000N tau_mag=0.0000Nm misalign_deg=90.0 pos=[-0.10900036  0.10899918  0.4914022 ] bottom_world=[-0.10900031  0.10899932  0.47140221] quat=[ 3.8268256e-01  2.5966921e-07 -3.8112305e-06  9.2387992e-01] speed=0.0002 ang_speed=0.0017 ang_vel_vec=[-0.00073429  0.0013904  -0.00051334] |com_force|=0.0000N
### kotek_magnet[tick=15240] sensor2: d=0.0148m in_range=True f_mag=0.244N tau_mag=0.0001Nm misalign_deg=15.5 pos=[ 0.37002027 -0.05017683  0.36561063] bottom_world=[ 0.38929004 -0.05004072  0.36025735] quat=[ 0.00769166 -0.6050336  -0.01011982  0.7960985 ] speed=0.0000 ang_speed=0.0006 ang_vel_vec=[-5.7753606e-04  1.0321832e-04  9.4760930e-05] |com_force|=0.4905N
### kotek_magnet[tick=15240] sensor3: d=0.4813m in_range=False f_mag=0.000N tau_mag=0.0000Nm misalign_deg=71.1 pos=[ 0.02086808 -0.20903015  0.5216314 ] bottom_world=[ 0.02733606 -0.21318804  0.50316856] quat=[-0.12400253 -0.1501702   0.12600538  0.9727255 ] speed=0.1846 ang_speed=7.7758 ang_vel_vec=[-4.357841  -0.1586194  6.4379153] |com_force|=0.0000N
### kotek_magnet[tick=15240] sensor4: d=0.5249m in_range=False f_mag=0.000N tau_mag=0.0000Nm misalign_deg=90.0 pos=[-0.10900015  0.10899915  0.49140227] bottom_world=[-0.1090002   0.10899925  0.47140227] quat=[ 3.8268259e-01  2.0699897e-06 -1.8556493e-06  9.2387992e-01] speed=0.0002 ang_speed=0.0027 ang_vel_vec=[ 0.00125949 -0.00233713  0.00022936] |com_force|=0.0000N
### kotek_magnet[tick=15300] sensor2: d=0.0148m in_range=True f_mag=0.244N tau_mag=0.0001Nm misalign_deg=15.5 pos=[ 0.37002027 -0.05017683  0.36561063] bottom_world=[ 0.38929004 -0.05004072  0.36025735] quat=[ 0.0076917  -0.6050336  -0.01011986  0.7960985 ] speed=0.0000 ang_speed=0.0006 ang_vel_vec=[-6.1099936e-04  1.0611297e-04  8.8488057e-05] |com_force|=0.4905N
### kotek_magnet[tick=15300] sensor3: d=0.4502m in_range=False f_mag=0.000N tau_mag=0.0000Nm misalign_deg=66.4 pos=[ 0.05904854 -0.21221572  0.51167715] bottom_world=[ 0.06706023 -0.21664129  0.49389437] quat=[-0.12976176 -0.1890412   0.14033556  0.9631881 ] speed=0.1825 ang_speed=7.7496 ang_vel_vec=[-4.7773004 -0.1591689  6.099853 ] |com_force|=0.0000N
### kotek_magnet[tick=15300] sensor4: d=0.5249m in_range=False f_mag=0.000N tau_mag=0.0000Nm misalign_deg=90.0 pos=[-0.10900021  0.10899831  0.49140233] bottom_world=[-0.10900007  0.10899866  0.47140233] quat=[ 3.8268307e-01  8.0063671e-08 -9.3945609e-06  9.2387980e-01] speed=0.0011 ang_speed=0.0016 ang_vel_vec=[-0.00086329 -0.00055771  0.00124353] |com_force|=0.0000N
### still playing, 1129s left
### kotek_magnet[tick=15360] sensor2: d=0.0148m in_range=True f_mag=0.244N tau_mag=0.0001Nm misalign_deg=15.5 pos=[ 0.37002027 -0.05017682  0.36561063] bottom_world=[ 0.38929004 -0.05004071  0.36025735] quat=[ 0.00769171 -0.6050336  -0.01011987  0.7960985 ] speed=0.0000 ang_speed=0.0006 ang_vel_vec=[-6.1103667e-04  1.0662960e-04  8.8638066e-05] |com_force|=0.4905N
### kotek_magnet[tick=15360] sensor3: d=0.4173m in_range=False f_mag=0.000N tau_mag=0.0000Nm misalign_deg=61.6 pos=[ 0.09691283 -0.20929809  0.5025128 ] bottom_world=[ 0.10641035 -0.21378548  0.4854934 ] quat=[-0.13184737 -0.22850044  0.1493392   0.9529436 ] speed=0.1732 ang_speed=7.7025 ang_vel_vec=[-5.223701   -0.24381983  5.65522   ] |com_force|=0.0000N
### kotek_magnet[tick=15360] sensor4: d=0.5249m in_range=False f_mag=0.000N tau_mag=0.0000Nm misalign_deg=90.0 pos=[-0.10900018  0.10899842  0.49140236] bottom_world=[-0.10900006  0.10899874  0.47140236] quat=[ 3.8268316e-01  3.3774006e-07 -8.6250875e-06  9.2387968e-01] speed=0.0010 ang_speed=0.0018 ang_vel_vec=[-0.00046192 -0.00091192  0.00143801] |com_force|=0.0000N
### kotek_magnet[tick=15420] sensor2: d=0.0148m in_range=True f_mag=0.244N tau_mag=0.0001Nm misalign_deg=15.5 pos=[ 0.37002027 -0.05017682  0.36561063] bottom_world=[ 0.38929004 -0.05004071  0.36025735] quat=[ 0.00769172 -0.6050336  -0.01011989  0.7960985 ] speed=0.0000 ang_speed=0.0006 ang_vel_vec=[-6.1124103e-04  1.0621833e-04  8.8671979e-05] |com_force|=0.4905N
### kotek_magnet[tick=15420] sensor3: d=0.3830m in_range=False f_mag=0.000N tau_mag=0.0000Nm misalign_deg=57.1 pos=[ 0.13343924 -0.20068003  0.4938616 ] bottom_world=[ 0.14431212 -0.20504501  0.47765272] quat=[-0.13071725 -0.26723072  0.15285935  0.9424091 ] speed=0.1734 ang_speed=7.6810 ang_vel_vec=[-5.534228   -0.38253796  5.3126664 ] |com_force|=0.0000N
### kotek_magnet[tick=15420] sensor4: d=0.5249m in_range=False f_mag=0.000N tau_mag=0.0000Nm misalign_deg=90.0 pos=[-0.1090002   0.10899841  0.4914024 ] bottom_world=[-0.10900008  0.10899874  0.47140239] quat=[ 3.8268310e-01  4.5246509e-07 -8.6549408e-06  9.2387974e-01] speed=0.0010 ang_speed=0.0020 ang_vel_vec=[-0.00027987 -0.00148965  0.0012913 ] |com_force|=0.0000N
### kotek_magnet[tick=15480] sensor2: d=0.0148m in_range=True f_mag=0.244N tau_mag=0.0001Nm misalign_deg=15.5 pos=[ 0.37002027 -0.05017683  0.36561063] bottom_world=[ 0.38929004 -0.05004073  0.36025735] quat=[ 0.00769167 -0.6050336  -0.01011978  0.7960985 ] speed=0.0000 ang_speed=0.0007 ang_vel_vec=[-6.4319983e-04  1.1193469e-04  8.2533232e-05] |com_force|=0.4905N
### kotek_magnet[tick=15480] sensor3: d=0.3483m in_range=False f_mag=0.000N tau_mag=0.0000Nm misalign_deg=52.7 pos=[ 0.1674957  -0.18707222  0.48599422] bottom_world=[ 0.17961338 -0.19118328  0.47062344] quat=[-0.12692799 -0.30445608  0.15177931  0.9317505 ] speed=0.1677 ang_speed=7.6061 ang_vel_vec=[-5.8137517  -0.55414104  4.8730006 ] |com_force|=0.0000N
### kotek_magnet[tick=15480] sensor4: d=0.5249m in_range=False f_mag=0.000N tau_mag=0.0000Nm misalign_deg=90.0 pos=[-0.10900036  0.10899866  0.49140242] bottom_world=[-0.1090002   0.10899896  0.47140242] quat=[ 3.8268277e-01 -5.9222253e-07 -8.5458414e-06  9.2387986e-01] speed=0.0007 ang_speed=0.0048 ang_vel_vec=[-0.00193278  0.00441669  0.00052272] |com_force|=0.0000N
### kotek_magnet[tick=15540] sensor2: d=0.0148m in_range=True f_mag=0.244N tau_mag=0.0001Nm misalign_deg=15.5 pos=[ 0.37002027 -0.05017683  0.36561063] bottom_world=[ 0.38929004 -0.05004072  0.36025735] quat=[ 0.00769169 -0.6050336  -0.01011984  0.7960985 ] speed=0.0000 ang_speed=0.0006 ang_vel_vec=[-5.9584453e-04  1.0461299e-04  9.2174800e-05] |com_force|=0.4905N
### kotek_magnet[tick=15540] sensor3: d=0.3121m in_range=False f_mag=0.000N tau_mag=0.0000Nm misalign_deg=48.5 pos=[ 0.19953117 -0.16844524  0.47849682] bottom_world=[ 0.2127784  -0.17218746  0.46398797] quat=[-0.11757132 -0.34093994  0.14504713  0.92135674] speed=0.1523 ang_speed=7.6345 ang_vel_vec=[-6.422858    0.42311984  4.1052313 ] |com_force|=0.0000N
### kotek_magnet[tick=15540] sensor4: d=0.5249m in_range=False f_mag=0.000N tau_mag=0.0000Nm misalign_deg=90.0 pos=[-0.10900033  0.10899866  0.49140233] bottom_world=[-0.10900019  0.10899896  0.47140233] quat=[ 3.8268274e-01 -5.3813704e-07 -8.3038449e-06  9.2387980e-01] speed=0.0007 ang_speed=0.0049 ang_vel_vec=[-0.0019548   0.00450287  0.0004996 ] |com_force|=0.0000N
### kotek_magnet[tick=15600] sensor2: d=0.0148m in_range=True f_mag=0.244N tau_mag=0.0001Nm misalign_deg=15.5 pos=[ 0.37002027 -0.05017682  0.36561063] bottom_world=[ 0.38929004 -0.05004072  0.36025735] quat=[ 0.0076917  -0.6050336  -0.01011985  0.7960985 ] speed=0.0000 ang_speed=0.0006 ang_vel_vec=[-6.0826755e-04  1.0562932e-04  8.9825655e-05] |com_force|=0.4905N
### kotek_magnet[tick=15600] sensor3: d=0.2765m in_range=False f_mag=0.000N tau_mag=0.0000Nm misalign_deg=44.7 pos=[ 0.22776078 -0.1462492   0.47164214] bottom_world=[ 0.24198775 -0.14958142  0.45798602] quat=[-0.10712049 -0.37449002  0.13547783  0.911004  ] speed=0.1454 ang_speed=8.0592 ang_vel_vec=[-6.6317577 -0.9651079  4.476451 ] |com_force|=0.0000N
### kotek_magnet[tick=15600] sensor4: d=0.5249m in_range=False f_mag=0.000N tau_mag=0.0000Nm misalign_deg=90.0 pos=[-0.10900033  0.10899869  0.49140233] bottom_world=[-0.10900017  0.10899898  0.47140233] quat=[ 3.8268265e-01 -6.2471128e-07 -8.3343293e-06  9.2387980e-01] speed=0.0007 ang_speed=0.0049 ang_vel_vec=[-0.00175926  0.00453975  0.00021513] |com_force|=0.0000N
### kotek_magnet[tick=15660] sensor2: d=0.0148m in_range=True f_mag=0.244N tau_mag=0.0001Nm misalign_deg=15.5 pos=[ 0.37002027 -0.05017682  0.36561063] bottom_world=[ 0.38929004 -0.05004071  0.36025735] quat=[ 0.00769171 -0.6050336  -0.01011987  0.7960985 ] speed=0.0000 ang_speed=0.0006 ang_vel_vec=[-5.9427595e-04  1.0413485e-04  9.2772978e-05] |com_force|=0.4905N
### kotek_magnet[tick=15660] sensor3: d=0.2416m in_range=False f_mag=0.000N tau_mag=0.0000Nm misalign_deg=41.0 pos=[ 0.2521218  -0.12100266  0.4652394 ] bottom_world=[ 0.26721299 -0.12386448  0.45243057] quat=[-0.09701496 -0.40572008  0.12316783  0.9004494 ] speed=0.1602 ang_speed=7.5017 ang_vel_vec=[-6.585994  -1.325367   3.3381133] |com_force|=0.0000N
### kotek_magnet[tick=15660] sensor4: d=0.5249m in_range=False f_mag=0.000N tau_mag=0.0000Nm misalign_deg=90.0 pos=[-0.10900004  0.10900014  0.49140233] bottom_world=[-0.10900027  0.109       0.47140233] quat=[3.8268206e-01 3.8875364e-06 5.4559905e-06 9.2388010e-01] speed=0.0010 ang_speed=0.0027 ang_vel_vec=[ 0.00182068 -0.00173246 -0.0008801 ] |com_force|=0.0000N
### kotek_magnet[tick=15720] sensor2: d=0.0148m in_range=True f_mag=0.244N tau_mag=0.0001Nm misalign_deg=15.5 pos=[ 0.37002027 -0.05017682  0.36561063] bottom_world=[ 0.38929004 -0.05004071  0.36025735] quat=[ 0.00769174 -0.6050336  -0.0101199   0.7960985 ] speed=0.0000 ang_speed=0.0006 ang_vel_vec=[-6.1309879e-04  1.0688897e-04  8.8381021e-05] |com_force|=0.4905N
### kotek_magnet[tick=15720] sensor3: d=0.2077m in_range=False f_mag=0.000N tau_mag=0.0000Nm misalign_deg=37.6 pos=[ 0.27248025 -0.09318989  0.45930764] bottom_world=[ 0.28832041 -0.09555819  0.4473293 ] quat=[-0.08551411 -0.43453243  0.10827339  0.8900257 ] speed=0.1569 ang_speed=7.5656 ang_vel_vec=[-6.824762  -1.437981   2.9312832] |com_force|=0.0000N
### kotek_magnet[tick=15720] sensor4: d=0.5249m in_range=False f_mag=0.000N tau_mag=0.0000Nm misalign_deg=90.0 pos=[-0.10900032  0.10899951  0.4914024 ] bottom_world=[-0.10900031  0.10899957  0.47140239] quat=[ 3.8268211e-01  2.9549128e-07 -1.5132775e-06  9.2388004e-01] speed=0.0004 ang_speed=0.0024 ang_vel_vec=[ 0.00197799  0.00094712 -0.00097665] |com_force|=0.0000N
### kotek_magnet[tick=15780] sensor2: d=0.0148m in_range=True f_mag=0.244N tau_mag=0.0001Nm misalign_deg=15.5 pos=[ 0.37002027 -0.05017683  0.36561063] bottom_world=[ 0.38929004 -0.05004072  0.36025735] quat=[ 0.00769167 -0.6050336  -0.01011983  0.7960985 ] speed=0.0000 ang_speed=0.0006 ang_vel_vec=[-6.12735865e-04  1.06582746e-04  8.80490188e-05] |com_force|=0.4905N
### kotek_magnet[tick=15780] sensor3: d=0.1759m in_range=False f_mag=0.000N tau_mag=0.0000Nm misalign_deg=34.5 pos=[ 0.2886488  -0.06369986  0.45391694] bottom_world=[ 0.30513597 -0.06555764  0.44274902] quat=[-0.07376523 -0.4609109   0.09145128  0.8796343 ] speed=0.1593 ang_speed=7.4371 ang_vel_vec=[-6.8585553 -1.5058521  2.45016  ] |com_force|=0.0000N
### kotek_magnet[tick=15780] sensor4: d=0.5249m in_range=False f_mag=0.000N tau_mag=0.0000Nm misalign_deg=90.0 pos=[-0.10900014  0.10899848  0.49140224] bottom_world=[-0.10900004  0.10899879  0.47140224] quat=[ 3.8268307e-01  6.1774915e-07 -8.1651160e-06  9.2387968e-01] speed=0.0010 ang_speed=0.0017 ang_vel_vec=[-0.00035229 -0.00105705  0.00130114] |com_force|=0.0000N
### kotek_magnet[tick=15840] sensor2: d=0.0148m in_range=True f_mag=0.244N tau_mag=0.0001Nm misalign_deg=15.5 pos=[ 0.37002027 -0.05017683  0.36561063] bottom_world=[ 0.38929004 -0.05004072  0.36025735] quat=[ 0.00769167 -0.6050336  -0.01011984  0.7960985 ] speed=0.0000 ang_speed=0.0006 ang_vel_vec=[-5.9623120e-04  1.0323019e-04  9.2211587e-05] |com_force|=0.4905N
### kotek_magnet[tick=15840] sensor3: d=0.1476m in_range=False f_mag=0.000N tau_mag=0.0000Nm misalign_deg=31.6 pos=[ 0.30063418 -0.033091    0.44910046] bottom_world=[ 0.31767755 -0.03441478  0.43871918] quat=[-0.06242324 -0.48492712  0.07289456  0.86927295] speed=0.1527 ang_speed=7.3818 ang_vel_vec=[-6.930109  -1.5627716  2.0054345] |com_force|=0.0000N
### kotek_magnet[tick=15840] sensor4: d=0.5249m in_range=False f_mag=0.000N tau_mag=0.0000Nm misalign_deg=90.0 pos=[-0.10900031  0.10899867  0.4914023 ] bottom_world=[-0.10900016  0.10899896  0.4714023 ] quat=[ 3.826827e-01 -6.669125e-07 -8.182417e-06  9.238798e-01] speed=0.0006 ang_speed=0.0043 ang_vel_vec=[-0.0015377   0.00398039  0.00034516] |com_force|=0.0000N
### kotek_magnet[tick=15900] sensor2: d=0.0148m in_range=True f_mag=0.244N tau_mag=0.0001Nm misalign_deg=15.5 pos=[ 0.37002027 -0.05017683  0.36561063] bottom_world=[ 0.38929004 -0.05004072  0.36025735] quat=[ 0.0076917  -0.6050336  -0.01011986  0.7960985 ] speed=0.0000 ang_speed=0.0006 ang_vel_vec=[-6.1099994e-04  1.0611740e-04  8.8490160e-05] |com_force|=0.4905N
### kotek_magnet[tick=15900] sensor3: d=0.1247m in_range=False f_mag=0.000N tau_mag=0.0000Nm misalign_deg=28.8 pos=[ 0.30858746 -0.00204949  0.44498414] bottom_world=[ 0.32611282 -0.00282543  0.43537894] quat=[-0.0508223 -0.5070541  0.052594   0.8588057] speed=0.1497 ang_speed=7.2959 ang_vel_vec=[-6.9425297 -1.6312592  1.5398455] |com_force|=0.0000N
### kotek_magnet[tick=15900] sensor4: d=0.5249m in_range=False f_mag=0.000N tau_mag=0.0000Nm misalign_deg=90.0 pos=[-0.10900012  0.1089985   0.4914022 ] bottom_world=[-0.10900003  0.1089988   0.47140221] quat=[ 3.8268298e-01  6.2110234e-07 -7.8622588e-06  9.2387968e-01] speed=0.0010 ang_speed=0.0019 ang_vel_vec=[-0.0003482  -0.00108531  0.00148219] |com_force|=0.0000N
### kotek_magnet[tick=15960] sensor2: d=0.0148m in_range=True f_mag=0.244N tau_mag=0.0001Nm misalign_deg=15.5 pos=[ 0.37002027 -0.05017682  0.36561063] bottom_world=[ 0.38929004 -0.05004071  0.36025735] quat=[ 0.00769172 -0.6050336  -0.01011987  0.7960985 ] speed=0.0000 ang_speed=0.0006 ang_vel_vec=[-6.0664810e-04  1.0559072e-04  9.0433001e-05] |com_force|=0.4905N
### kotek_magnet[tick=15960] sensor3: d=0.1102m in_range=False f_mag=0.000N tau_mag=0.0000Nm misalign_deg=26.2 pos=[0.31261134 0.02868265 0.44160765] bottom_world=[0.33055299 0.02847995 0.4327727 ] quat=[-0.04076326 -0.52739453  0.03132512  0.8480638 ] speed=0.1474 ang_speed=7.2477 ang_vel_vec=[-6.9504666 -1.7261279  1.1140834] |com_force|=0.0000N
### kotek_magnet[tick=15960] sensor4: d=0.5249m in_range=False f_mag=0.000N tau_mag=0.0000Nm misalign_deg=90.0 pos=[-0.10900015  0.10899854  0.49140236] bottom_world=[-0.10900006  0.10899883  0.47140236] quat=[ 3.8268295e-01  7.8159377e-07 -7.4640084e-06  9.2387974e-01] speed=0.0009 ang_speed=0.0018 ang_vel_vec=[-4.4024549e-05 -1.3377789e-03  1.2645035e-03] |com_force|=0.0000N
### kotek_magnet[tick=16020] sensor2: d=0.0148m in_range=True f_mag=0.244N tau_mag=0.0001Nm misalign_deg=15.5 pos=[ 0.37002027 -0.05017683  0.36561063] bottom_world=[ 0.38929004 -0.05004072  0.36025735] quat=[ 0.00769165 -0.6050336  -0.0101198   0.7960985 ] speed=0.0000 ang_speed=0.0006 ang_vel_vec=[-6.00887113e-04  1.03709914e-04  9.04088811e-05] |com_force|=0.4905N
### kotek_magnet[tick=16020] sensor3: d=0.1067m in_range=False f_mag=0.000N tau_mag=0.0000Nm misalign_deg=24.8 pos=[0.3132757  0.04618118 0.4400936 ] bottom_world=[0.33142957 0.04633033 0.43170227] quat=[-0.03564215 -0.5384043   0.01836834  0.8417322 ] speed=0.1588 ang_speed=7.3583 ang_vel_vec=[-7.059479   -1.8650037   0.91069615] |com_force|=0.0000N
### kotek_magnet[tick=16020] sensor4: d=0.5249m in_range=False f_mag=0.000N tau_mag=0.0000Nm misalign_deg=90.0 pos=[-0.10900016  0.10899847  0.49140233] bottom_world=[-0.10900006  0.10899877  0.47140233] quat=[ 3.8268313e-01  5.9150949e-07 -7.8164558e-06  9.2387974e-01] speed=0.0009 ang_speed=0.0015 ang_vel_vec=[-0.00055968 -0.00025191  0.00139469] |com_force|=0.0000N
### kotek_magnet[tick=16080] sensor2: d=0.0148m in_range=True f_mag=0.244N tau_mag=0.0001Nm misalign_deg=15.5 pos=[ 0.37002027 -0.05017683  0.36561063] bottom_world=[ 0.38929004 -0.05004072  0.36025735] quat=[ 0.00769164 -0.6050336  -0.01011982  0.7960985 ] speed=0.0000 ang_speed=0.0006 ang_vel_vec=[-5.8602449e-04  1.0128359e-04  9.4161274e-05] |com_force|=0.4905N
### kotek_magnet[tick=16080] sensor3: d=0.0999m in_range=True f_mag=1.381N tau_mag=0.0020Nm misalign_deg=25.5 pos=[0.31365603 0.04770998 0.43148237] bottom_world=[0.33170648 0.04796035 0.42287317] quat=[-0.04041234 -0.53333104  0.01810469  0.84474677] speed=0.1476 ang_speed=7.3969 ang_vel_vec=[-7.0685167 -1.9053913  1.0583378] |com_force|=0.3098N
### kotek_magnet[tick=16080] sensor4: d=0.5249m in_range=False f_mag=0.000N tau_mag=0.0000Nm misalign_deg=90.0 pos=[-0.10900014  0.10899853  0.49140233] bottom_world=[-0.10900005  0.10899882  0.47140233] quat=[ 3.8268313e-01  7.3763232e-07 -7.5914154e-06  9.2387968e-01] speed=0.0009 ang_speed=0.0018 ang_vel_vec=[-0.00016058 -0.00104115  0.00143393] |com_force|=0.0000N
### kotek_magnet[tick=16140] sensor2: d=0.0148m in_range=True f_mag=0.244N tau_mag=0.0001Nm misalign_deg=15.5 pos=[ 0.37002027 -0.05017683  0.36561063] bottom_world=[ 0.38929004 -0.05004072  0.36025735] quat=[ 0.00769169 -0.6050336  -0.01011984  0.7960985 ] speed=0.0000 ang_speed=0.0006 ang_vel_vec=[-5.9584674e-04  1.0461788e-04  9.2170041e-05] |com_force|=0.4905N
### kotek_magnet[tick=16140] sensor3: d=0.0797m in_range=True f_mag=1.581N tau_mag=0.0015Nm misalign_deg=25.3 pos=[0.32448903 0.05035654 0.41376355] bottom_world=[0.34257069 0.05062495 0.40522065] quat=[-0.03967801 -0.53491265  0.01720067  0.8437998 ] speed=0.1670 ang_speed=6.8378 ang_vel_vec=[-6.4996457 -1.2866951  1.68963  ] |com_force|=0.3413N
### kotek_magnet[tick=16140] sensor4: d=0.5249m in_range=False f_mag=0.000N tau_mag=0.0000Nm misalign_deg=90.0 pos=[-0.10900036  0.10899872  0.4914023 ] bottom_world=[-0.1090002   0.10899901  0.4714023 ] quat=[ 3.8268265e-01 -8.8706958e-07 -8.0685677e-06  9.2387992e-01] speed=0.0006 ang_speed=0.0041 ang_vel_vec=[-0.00105077  0.00392805  0.00031441] |com_force|=0.0000N
### kotek_magnet[tick=16200] sensor2: d=0.0148m in_range=True f_mag=0.244N tau_mag=0.0001Nm misalign_deg=15.5 pos=[ 0.37002027 -0.05017682  0.36561063] bottom_world=[ 0.38929004 -0.05004071  0.36025735] quat=[ 0.0076917  -0.6050336  -0.01011987  0.7960985 ] speed=0.0000 ang_speed=0.0006 ang_vel_vec=[-5.9865048e-04  1.0552825e-04  9.0991954e-05] |com_force|=0.4905N
### kotek_magnet[tick=16200] sensor3: d=0.0582m in_range=True f_mag=1.138N tau_mag=0.0011Nm misalign_deg=24.8 pos=[0.33776385 0.05240234 0.39629036] bottom_world=[0.35591736 0.05266095 0.38790091] quat=[-0.03756971 -0.5385128   0.01635706  0.8416205 ] speed=0.1708 ang_speed=7.2277 ang_vel_vec=[-6.800157  -2.0240102  1.3784829] |com_force|=0.3221N
### kotek_magnet[tick=16200] sensor4: d=0.5249m in_range=False f_mag=0.000N tau_mag=0.0000Nm misalign_deg=90.0 pos=[-0.10900014  0.1089985   0.49140227] bottom_world=[-0.10900006  0.10899879  0.47140227] quat=[ 3.8268304e-01  8.0377089e-07 -7.3928823e-06  9.2387974e-01] speed=0.0009 ang_speed=0.0017 ang_vel_vec=[ 3.0866911e-06 -1.1050927e-03  1.3279197e-03] |com_force|=0.0000N
### kotek_magnet[tick=16260] sensor2: d=0.0148m in_range=True f_mag=0.244N tau_mag=0.0001Nm misalign_deg=15.5 pos=[ 0.37002027 -0.05017683  0.36561063] bottom_world=[ 0.38929004 -0.05004072  0.36025735] quat=[ 0.00769165 -0.6050336  -0.01011977  0.7960985 ] speed=0.0000 ang_speed=0.0006 ang_vel_vec=[-5.7532062e-04  1.0327535e-04  9.4936557e-05] |com_force|=0.4905N
### kotek_magnet[tick=16260] sensor3: d=0.0203m in_range=True f_mag=0.356N tau_mag=0.0002Nm misalign_deg=24.1 pos=[0.36492687 0.05146826 0.3694572 ] bottom_world=[0.38317975 0.05097844 0.36129675] quat=[ 0.01225615 -0.54400814  0.00664882  0.8389641 ] speed=0.0817 ang_speed=1.8504 ang_vel_vec=[ 0.21236071 -1.6475729   0.81508493] |com_force|=0.6114N
### kotek_magnet[tick=16260] sensor4: d=0.5249m in_range=False f_mag=0.000N tau_mag=0.0000Nm misalign_deg=90.0 pos=[-0.10900017  0.10899853  0.49140224] bottom_world=[-0.10900009  0.10899882  0.47140224] quat=[ 3.8268292e-01  8.8848077e-07 -7.4677664e-06  9.2387980e-01] speed=0.0009 ang_speed=0.0022 ang_vel_vec=[ 0.00014718 -0.00173431  0.00129718] |com_force|=0.0000N
### kotek_magnet[tick=16320] sensor2: d=0.0148m in_range=True f_mag=0.244N tau_mag=0.0001Nm misalign_deg=15.5 pos=[ 0.37002027 -0.05017683  0.36561063] bottom_world=[ 0.38929004 -0.05004073  0.36025735] quat=[ 0.00769162 -0.6050336  -0.0101198   0.7960985 ] speed=0.0000 ang_speed=0.0006 ang_vel_vec=[-5.739907e-04  9.888181e-05  9.654512e-05] |com_force|=0.4905N
### kotek_magnet[tick=16320] sensor3: d=0.0148m in_range=True f_mag=0.244N tau_mag=0.0001Nm misalign_deg=15.5 pos=[0.3700223  0.05014497 0.3655987 ] bottom_world=[0.38929238 0.05006161 0.36024547] quat=[-0.00469617 -0.6050874   0.00618707  0.79612124] speed=0.0002 ang_speed=0.0054 ang_vel_vec=[-0.00526918 -0.00036521 -0.00088435] |com_force|=0.4906N
### kotek_magnet[tick=16320] sensor4: d=0.5249m in_range=False f_mag=0.000N tau_mag=0.0000Nm misalign_deg=90.0 pos=[-0.10900018  0.10899846  0.49140224] bottom_world=[-0.10900009  0.10899875  0.47140224] quat=[ 3.8268289e-01  7.2033384e-07 -7.7349641e-06  9.2387974e-01] speed=0.0010 ang_speed=0.0016 ang_vel_vec=[-0.00044484 -0.00068388  0.00134684] |com_force|=0.0000N
### kotek_magnet[tick=16380] sensor2: d=0.0148m in_range=True f_mag=0.244N tau_mag=0.0001Nm misalign_deg=15.5 pos=[ 0.37002027 -0.05017683  0.36561063] bottom_world=[ 0.38929004 -0.05004072  0.36025735] quat=[ 0.00769167 -0.6050336  -0.01011983  0.7960985 ] speed=0.0000 ang_speed=0.0006 ang_vel_vec=[-6.1274570e-04  1.0662749e-04  8.8046880e-05] |com_force|=0.4905N
### kotek_magnet[tick=16380] sensor3: d=0.0148m in_range=True f_mag=0.244N tau_mag=0.0001Nm misalign_deg=15.5 pos=[0.37002468 0.05014487 0.36559638] bottom_world=[0.38929516 0.05006156 0.36024458] quat=[-0.00469718 -0.6051171   0.00618641  0.79609865] speed=0.0002 ang_speed=0.0051 ang_vel_vec=[-0.00488406  0.0009201  -0.00109344] |com_force|=0.4905N
### kotek_magnet[tick=16380] sensor4: d=0.5249m in_range=False f_mag=0.000N tau_mag=0.0000Nm misalign_deg=90.0 pos=[-0.10900016  0.10899851  0.4914023 ] bottom_world=[-0.10900007  0.10899881  0.4714023 ] quat=[ 3.8268298e-01  6.5032151e-07 -7.8308412e-06  9.2387974e-01] speed=0.0010 ang_speed=0.0015 ang_vel_vec=[-0.00034109 -0.00085646  0.00122558] |com_force|=0.0000N
### kotek_magnet[tick=16440] sensor2: d=0.0148m in_range=True f_mag=0.244N tau_mag=0.0001Nm misalign_deg=15.5 pos=[ 0.37002027 -0.05017683  0.36561063] bottom_world=[ 0.38929004 -0.05004072  0.36025735] quat=[ 0.0076917  -0.6050336  -0.01011985  0.7960985 ] speed=0.0000 ang_speed=0.0006 ang_vel_vec=[-6.2299467e-04  1.0865400e-04  8.6081986e-05] |com_force|=0.4905N
### kotek_magnet[tick=16440] sensor3: d=0.0148m in_range=True f_mag=0.244N tau_mag=0.0001Nm misalign_deg=15.5 pos=[0.3700247  0.05014487 0.36559638] bottom_world=[0.38929519 0.05006157 0.36024459] quat=[-0.00469718 -0.6051173   0.00618638  0.79609853] speed=0.0002 ang_speed=0.0051 ang_vel_vec=[-0.00484944  0.00092594 -0.00107799] |com_force|=0.4905N
### kotek_magnet[tick=16440] sensor4: d=0.5249m in_range=False f_mag=0.000N tau_mag=0.0000Nm misalign_deg=90.0 pos=[-0.10900035  0.10899872  0.49140233] bottom_world=[-0.1090002   0.108999    0.47140233] quat=[ 3.8268274e-01 -7.8286695e-07 -7.9884503e-06  9.2387980e-01] speed=0.0006 ang_speed=0.0040 ang_vel_vec=[-0.0011231   0.00377798  0.00046499] |com_force|=0.0000N
### kotek_magnet[tick=16500] sensor2: d=0.0148m in_range=True f_mag=0.244N tau_mag=0.0001Nm misalign_deg=15.5 pos=[ 0.37002027 -0.05017684  0.36561063] bottom_world=[ 0.38929004 -0.05004073  0.36025735] quat=[ 0.00769166 -0.6050336  -0.01011974  0.7960985 ] speed=0.0000 ang_speed=0.0007 ang_vel_vec=[-6.48797548e-04  1.12644746e-04  8.21682479e-05] |com_force|=0.4905N
### kotek_magnet[tick=16500] sensor3: d=0.0148m in_range=True f_mag=0.244N tau_mag=0.0001Nm misalign_deg=15.5 pos=[0.37002468 0.05014487 0.3655964 ] bottom_world=[0.38929516 0.05006156 0.36024461] quat=[-0.00469713 -0.605117    0.00618638  0.79609865] speed=0.0002 ang_speed=0.0051 ang_vel_vec=[-0.00486154  0.00091837 -0.00108289] |com_force|=0.4905N
### kotek_magnet[tick=16500] sensor4: d=0.5249m in_range=False f_mag=0.000N tau_mag=0.0000Nm misalign_deg=90.0 pos=[-0.10900015  0.1089985   0.4914023 ] bottom_world=[-0.10900005  0.1089988   0.4714023 ] quat=[ 3.8268304e-01  6.0332383e-07 -7.8994335e-06  9.2387974e-01] speed=0.0009 ang_speed=0.0015 ang_vel_vec=[-0.00058748 -0.00040263  0.0013519 ] |com_force|=0.0000N
### kotek_magnet[tick=16560] sensor2: d=0.0148m in_range=True f_mag=0.244N tau_mag=0.0001Nm misalign_deg=15.5 pos=[ 0.37002027 -0.05017684  0.36561063] bottom_world=[ 0.38929004 -0.05004073  0.36025735] quat=[ 0.00769162 -0.6050336  -0.01011978  0.7960985 ] speed=0.0000 ang_speed=0.0006 ang_vel_vec=[-5.6314119e-04  1.0134623e-04  9.7344702e-05] |com_force|=0.4905N
### kotek_magnet[tick=16560] sensor3: d=0.0148m in_range=True f_mag=0.244N tau_mag=0.0001Nm misalign_deg=15.5 pos=[0.3700247  0.05014488 0.36559635] bottom_world=[0.38929519 0.05006157 0.36024458] quat=[-0.00469724 -0.60511756  0.00618653  0.79609823] speed=0.0002 ang_speed=0.0051 ang_vel_vec=[-0.00488702  0.00094026 -0.00109463] |com_force|=0.4905N
### kotek_magnet[tick=16560] sensor4: d=0.5249m in_range=False f_mag=0.000N tau_mag=0.0000Nm misalign_deg=90.0 pos=[-0.10900002  0.10900021  0.4914023 ] bottom_world=[-0.10900023  0.10900007  0.4714023 ] quat=[3.8268214e-01 3.5640332e-06 5.0810308e-06 9.2388016e-01] speed=0.0010 ang_speed=0.0014 ang_vel_vec=[ 0.00091566 -0.00074687 -0.00077399] |com_force|=0.0000N
### kotek_magnet[tick=16620] sensor2: d=0.0148m in_range=True f_mag=0.244N tau_mag=0.0001Nm misalign_deg=15.5 pos=[ 0.37002027 -0.05017683  0.36561063] bottom_world=[ 0.38929004 -0.05004072  0.36025735] quat=[ 0.00769165 -0.6050336  -0.0101198   0.7960985 ] speed=0.0000 ang_speed=0.0006 ang_vel_vec=[-6.0070696e-04  1.0421200e-04  9.0392197e-05] |com_force|=0.4905N
### kotek_magnet[tick=16620] sensor3: d=0.0148m in_range=True f_mag=0.244N tau_mag=0.0001Nm misalign_deg=15.5 pos=[0.37002468 0.05014488 0.3655964 ] bottom_world=[0.38929516 0.05006157 0.36024461] quat=[-0.00469713 -0.60511714  0.00618634  0.79609853] speed=0.0002 ang_speed=0.0051 ang_vel_vec=[-0.00486184  0.00096016 -0.00108237] |com_force|=0.4905N
### kotek_magnet[tick=16620] sensor4: d=0.5249m in_range=False f_mag=0.000N tau_mag=0.0000Nm misalign_deg=90.0 pos=[-0.10900003  0.10900022  0.49140233] bottom_world=[-0.10900024  0.10900008  0.47140233] quat=[3.8268206e-01 3.6623005e-06 5.2025853e-06 9.2388010e-01] speed=0.0010 ang_speed=0.0015 ang_vel_vec=[ 0.00100852 -0.00086591 -0.0006971 ] |com_force|=0.0000N
### kotek_magnet[tick=16680] sensor2: d=0.0148m in_range=True f_mag=0.244N tau_mag=0.0001Nm misalign_deg=15.5 pos=[ 0.37002027 -0.05017682  0.36561063] bottom_world=[ 0.38929004 -0.05004072  0.36025735] quat=[ 0.00769168 -0.6050336  -0.01011982  0.7960985 ] speed=0.0000 ang_speed=0.0006 ang_vel_vec=[-6.081598e-04  1.059045e-04  8.981368e-05] |com_force|=0.4905N
### kotek_magnet[tick=16680] sensor3: d=0.0148m in_range=True f_mag=0.244N tau_mag=0.0001Nm misalign_deg=15.5 pos=[0.37002474 0.05014468 0.3655965 ] bottom_world=[0.38929522 0.05006141 0.36024469] quat=[-0.00469927 -0.60511684  0.00618674  0.7960989 ] speed=0.0002 ang_speed=0.0039 ang_vel_vec=[-0.00382953  0.00046786  0.0001949 ] |com_force|=0.4905N
### kotek_magnet[tick=16680] sensor4: d=0.5249m in_range=False f_mag=0.000N tau_mag=0.0000Nm misalign_deg=90.0 pos=[-0.1090003  0.1089996  0.4914023] bottom_world=[-0.10900029  0.10899965  0.4714023 ] quat=[ 3.8268223e-01  3.4866218e-07 -1.3455132e-06  9.2388004e-01] speed=0.0005 ang_speed=0.0022 ang_vel_vec=[ 0.00161433  0.00120248 -0.00080319] |com_force|=0.0000N
### kotek_magnet[tick=16740] sensor2: d=0.0148m in_range=True f_mag=0.244N tau_mag=0.0001Nm misalign_deg=15.5 pos=[ 0.37002027 -0.05017682  0.36561063] bottom_world=[ 0.38929004 -0.05004071  0.36025735] quat=[ 0.00769171 -0.6050336  -0.01011989  0.7960985 ] speed=0.0000 ang_speed=0.0006 ang_vel_vec=[-6.1107770e-04  1.0657629e-04  8.8651788e-05] |com_force|=0.4905N
### kotek_magnet[tick=16740] sensor3: d=0.0148m in_range=True f_mag=0.244N tau_mag=0.0001Nm misalign_deg=15.5 pos=[0.37002474 0.05014495 0.3655964 ] bottom_world=[0.38929522 0.05006161 0.36024463] quat=[-0.00469627 -0.60511744  0.0061867   0.7960983 ] speed=0.0002 ang_speed=0.0055 ang_vel_vec=[-0.00532439  0.00100595 -0.00092852] |com_force|=0.4905N
### kotek_magnet[tick=16740] sensor4: d=0.5249m in_range=False f_mag=0.000N tau_mag=0.0000Nm misalign_deg=90.0 pos=[-0.10900002  0.10900021  0.4914023 ] bottom_world=[-0.10900023  0.10900007  0.4714023 ] quat=[3.8268223e-01 3.4774016e-06 5.0658796e-06 9.2388016e-01] speed=0.0010 ang_speed=0.0012 ang_vel_vec=[ 0.00075561 -0.0005792  -0.00065572] |com_force|=0.0000N
### kotek_magnet[tick=16800] sensor2: d=0.0148m in_range=True f_mag=0.244N tau_mag=0.0001Nm misalign_deg=15.5 pos=[ 0.37002027 -0.05017684  0.36561063] bottom_world=[ 0.38929004 -0.05004074  0.36025735] quat=[ 0.00769165 -0.6050336  -0.01011975  0.7960985 ] speed=0.0000 ang_speed=0.0007 ang_vel_vec=[-6.5337500e-04  1.1360085e-04  8.0419260e-05] |com_force|=0.4905N
### kotek_magnet[tick=16800] sensor3: d=0.0148m in_range=True f_mag=0.244N tau_mag=0.0001Nm misalign_deg=15.5 pos=[0.37002462 0.05014488 0.36559638] bottom_world=[0.3892951  0.05006157 0.36024457] quat=[-0.00469724 -0.6051169   0.00618647  0.79609877] speed=0.0002 ang_speed=0.0051 ang_vel_vec=[-0.00489659  0.0009237  -0.00109451] |com_force|=0.4905N
### kotek_magnet[tick=16800] sensor4: d=0.5249m in_range=False f_mag=0.000N tau_mag=0.0000Nm misalign_deg=90.0 pos=[-0.10900033  0.10899875  0.49140233] bottom_world=[-0.10900019  0.10899902  0.47140233] quat=[ 3.8268265e-01 -6.7768957e-07 -7.8109751e-06  9.2387986e-01] speed=0.0006 ang_speed=0.0037 ang_vel_vec=[-0.00126845  0.00348253  0.00032744] |com_force|=0.0000N
### kotek_magnet[tick=16860] sensor2: d=0.0148m in_range=True f_mag=0.244N tau_mag=0.0001Nm misalign_deg=15.5 pos=[ 0.37002027 -0.05017683  0.36561063] bottom_world=[ 0.38929004 -0.05004072  0.36025735] quat=[ 0.00769164 -0.6050336  -0.01011977  0.7960985 ] speed=0.0000 ang_speed=0.0006 ang_vel_vec=[-5.8769586e-04  1.0446758e-04  9.2593225e-05] |com_force|=0.4905N
### kotek_magnet[tick=16860] sensor3: d=0.0148m in_range=True f_mag=0.244N tau_mag=0.0001Nm misalign_deg=15.5 pos=[0.37002465 0.05014488 0.3655964 ] bottom_world=[0.38929513 0.05006158 0.36024461] quat=[-0.00469716 -0.60511696  0.00618636  0.7960987 ] speed=0.0002 ang_speed=0.0051 ang_vel_vec=[-0.00486864  0.00094613 -0.00107612] |com_force|=0.4905N
### kotek_magnet[tick=16860] sensor4: d=0.5249m in_range=False f_mag=0.000N tau_mag=0.0000Nm misalign_deg=90.0 pos=[-0.10900015  0.10899854  0.4914022 ] bottom_world=[-0.10900006  0.10899884  0.47140221] quat=[ 3.8268298e-01  7.1956458e-07 -7.6982524e-06  9.2387968e-01] speed=0.0009 ang_speed=0.0016 ang_vel_vec=[-0.00046122 -0.00076738  0.00138521] |com_force|=0.0000N
### kotek_magnet[tick=16920] sensor2: d=0.0148m in_range=True f_mag=0.244N tau_mag=0.0001Nm misalign_deg=15.5 pos=[ 0.37002027 -0.05017683  0.36561063] bottom_world=[ 0.38929004 -0.05004072  0.36025735] quat=[ 0.00769165 -0.6050336  -0.01011981  0.7960985 ] speed=0.0000 ang_speed=0.0006 ang_vel_vec=[-6.0274318e-04  1.0396569e-04  9.0013018e-05] |com_force|=0.4905N
### kotek_magnet[tick=16920] sensor3: d=0.0148m in_range=True f_mag=0.244N tau_mag=0.0001Nm misalign_deg=15.5 pos=[0.37002468 0.05014471 0.36559656] bottom_world=[0.38929515 0.05006144 0.36024473] quat=[-0.00469893 -0.6051164   0.00618661  0.7960992 ] speed=0.0002 ang_speed=0.0041 ang_vel_vec=[-0.00406213  0.0005791   0.0001398 ] |com_force|=0.4905N
### kotek_magnet[tick=16920] sensor4: d=0.5249m in_range=False f_mag=0.000N tau_mag=0.0000Nm misalign_deg=90.0 pos=[-0.10900017  0.10899855  0.4914022 ] bottom_world=[-0.10900008  0.10899884  0.47140221] quat=[ 3.8268298e-01  7.2726095e-07 -7.5311264e-06  9.2387974e-01] speed=0.0009 ang_speed=0.0014 ang_vel_vec=[-0.00023475 -0.00101527  0.00096067] |com_force|=0.0000N
### kotek_magnet[tick=16980] sensor2: d=0.0148m in_range=True f_mag=0.244N tau_mag=0.0001Nm misalign_deg=15.5 pos=[ 0.37002027 -0.05017682  0.36561063] bottom_world=[ 0.38929004 -0.05004071  0.36025735] quat=[ 0.00769171 -0.6050336  -0.01011986  0.7960985 ] speed=0.0000 ang_speed=0.0006 ang_vel_vec=[-6.06446003e-04  1.05499676e-04  9.02791580e-05] |com_force|=0.4905N
### kotek_magnet[tick=16980] sensor3: d=0.0148m in_range=True f_mag=0.244N tau_mag=0.0001Nm misalign_deg=15.5 pos=[0.3700247  0.05014493 0.3655964 ] bottom_world=[0.38929519 0.05006159 0.36024461] quat=[-0.00469645 -0.605117    0.0061868   0.79609865] speed=0.0002 ang_speed=0.0054 ang_vel_vec=[-0.00522895  0.00088789 -0.0008606 ] |com_force|=0.4905N
### kotek_magnet[tick=16980] sensor4: d=0.5249m in_range=False f_mag=0.000N tau_mag=0.0000Nm misalign_deg=90.0 pos=[-0.10900014  0.10899857  0.4914022 ] bottom_world=[-0.10900005  0.10899886  0.47140221] quat=[ 3.8268310e-01  7.7208313e-07 -7.5743801e-06  9.2387974e-01] speed=0.0009 ang_speed=0.0014 ang_vel_vec=[-0.00041916 -0.00049408  0.00128352] |com_force|=0.0000N
### still playing, 1099s left
### kotek_magnet[tick=17040] sensor2: d=0.0148m in_range=True f_mag=0.244N tau_mag=0.0001Nm misalign_deg=15.5 pos=[ 0.37002027 -0.05017682  0.36561063] bottom_world=[ 0.38929004 -0.05004071  0.36025735] quat=[ 0.00769171 -0.6050336  -0.01011988  0.7960985 ] speed=0.0000 ang_speed=0.0006 ang_vel_vec=[-6.1101891e-04  1.0683522e-04  8.8655055e-05] |com_force|=0.4905N
### kotek_magnet[tick=17040] sensor3: d=0.0148m in_range=True f_mag=0.244N tau_mag=0.0001Nm misalign_deg=15.5 pos=[0.3700247  0.05014487 0.36559635] bottom_world=[0.3892952  0.05006156 0.36024458] quat=[-0.00469719 -0.60511756  0.00618641  0.7960983 ] speed=0.0002 ang_speed=0.0051 ang_vel_vec=[-0.0048597   0.00094075 -0.00108958] |com_force|=0.4905N
### kotek_magnet[tick=17040] sensor4: d=0.5249m in_range=False f_mag=0.000N tau_mag=0.0000Nm misalign_deg=90.0 pos=[-0.10900034  0.10899878  0.49140233] bottom_world=[-0.10900019  0.10899905  0.47140233] quat=[ 3.8268277e-01 -8.5947761e-07 -7.7863260e-06  9.2387986e-01] speed=0.0005 ang_speed=0.0036 ang_vel_vec=[-0.00096524  0.00338677  0.00048247] |com_force|=0.0000N
### kotek_magnet[tick=17100] sensor2: d=0.0148m in_range=True f_mag=0.244N tau_mag=0.0001Nm misalign_deg=15.5 pos=[ 0.37002027 -0.05017683  0.36561063] bottom_world=[ 0.38929004 -0.05004073  0.36025735] quat=[ 0.00769165 -0.6050336  -0.01011973  0.7960985 ] speed=0.0000 ang_speed=0.0007 ang_vel_vec=[-6.3658867e-04  1.1098317e-04  8.4538893e-05] |com_force|=0.4905N
### kotek_magnet[tick=17100] sensor3: d=0.0148m in_range=True f_mag=0.244N tau_mag=0.0001Nm misalign_deg=15.5 pos=[0.37002474 0.05014471 0.3655965 ] bottom_world=[0.38929522 0.05006144 0.36024469] quat=[-0.00469899 -0.6051169   0.00618662  0.7960988 ] speed=0.0002 ang_speed=0.0041 ang_vel_vec=[-0.00403427  0.00059155  0.00014798] |com_force|=0.4905N
### kotek_magnet[tick=17100] sensor4: d=0.5249m in_range=False f_mag=0.000N tau_mag=0.0000Nm misalign_deg=90.0 pos=[-0.10900013  0.10899857  0.49140227] bottom_world=[-0.10900005  0.10899886  0.47140227] quat=[ 3.8268295e-01  8.0837259e-07 -7.3484443e-06  9.2387974e-01] speed=0.0008 ang_speed=0.0017 ang_vel_vec=[-0.00017202 -0.000885    0.0014128 ] |com_force|=0.0000N
### kotek_magnet[tick=17160] sensor2: d=0.0148m in_range=True f_mag=0.244N tau_mag=0.0001Nm misalign_deg=15.5 pos=[ 0.37002027 -0.05017683  0.36561063] bottom_world=[ 0.38929004 -0.05004072  0.36025735] quat=[ 0.00769163 -0.6050336  -0.01011977  0.7960985 ] speed=0.0000 ang_speed=0.0006 ang_vel_vec=[-5.75338956e-04  1.03088176e-04  9.49526875e-05] |com_force|=0.4905N
### kotek_magnet[tick=17160] sensor3: d=0.0148m in_range=True f_mag=0.244N tau_mag=0.0001Nm misalign_deg=15.5 pos=[0.37002468 0.05014478 0.36559647] bottom_world=[0.38929515 0.0500615  0.36024463] quat=[-0.00469831 -0.6051162   0.00618636  0.79609925] speed=0.0002 ang_speed=0.0045 ang_vel_vec=[-0.00440157  0.00079989 -0.00036759] |com_force|=0.4905N
### kotek_magnet[tick=17160] sensor4: d=0.5249m in_range=False f_mag=0.000N tau_mag=0.0000Nm misalign_deg=90.0 pos=[-0.10900015  0.10899857  0.49140224] bottom_world=[-0.10900008  0.10899885  0.47140224] quat=[ 3.8268307e-01  9.9599833e-07 -7.1671948e-06  9.2387974e-01] speed=0.0008 ang_speed=0.0019 ang_vel_vec=[ 9.8057208e-05 -1.2991296e-03  1.3328524e-03] |com_force|=0.0000N
### kotek_magnet[tick=17220] sensor2: d=0.0148m in_range=True f_mag=0.244N tau_mag=0.0001Nm misalign_deg=15.5 pos=[ 0.37002027 -0.05017683  0.36561063] bottom_world=[ 0.38929004 -0.05004072  0.36025735] quat=[ 0.00769168 -0.6050336  -0.01011986  0.7960985 ] speed=0.0000 ang_speed=0.0006 ang_vel_vec=[-5.98591694e-04  1.04947234e-04  9.08493676e-05] |com_force|=0.4905N
### kotek_magnet[tick=17220] sensor3: d=0.0148m in_range=True f_mag=0.244N tau_mag=0.0001Nm misalign_deg=15.5 pos=[0.3700247  0.05014487 0.36559638] bottom_world=[0.38929519 0.05006156 0.36024459] quat=[-0.00469718 -0.6051173   0.00618641  0.79609853] speed=0.0002 ang_speed=0.0051 ang_vel_vec=[-0.00488455  0.00093237 -0.00109536] |com_force|=0.4905N
### kotek_magnet[tick=17220] sensor4: d=0.5249m in_range=False f_mag=0.000N tau_mag=0.0000Nm misalign_deg=90.0 pos=[-0.1090004   0.1089985   0.49140218] bottom_world=[-0.10900021  0.10899881  0.47140218] quat=[ 3.8268298e-01 -1.4719477e-06 -9.1363745e-06  9.2387980e-01] speed=0.0008 ang_speed=0.0025 ang_vel_vec=[0.00099955 0.00224131 0.00068688] |com_force|=0.0000N
### kotek_magnet[tick=17280] sensor2: d=0.0148m in_range=True f_mag=0.244N tau_mag=0.0001Nm misalign_deg=15.5 pos=[ 0.37002027 -0.05017682  0.36561063] bottom_world=[ 0.38929004 -0.05004072  0.36025735] quat=[ 0.00769171 -0.6050336  -0.01011986  0.7960985 ] speed=0.0000 ang_speed=0.0006 ang_vel_vec=[-6.1101193e-04  1.0662616e-04  8.8617191e-05] |com_force|=0.4905N
### kotek_magnet[tick=17280] sensor3: d=0.0148m in_range=True f_mag=0.244N tau_mag=0.0001Nm misalign_deg=15.5 pos=[0.37002462 0.05014487 0.3655964 ] bottom_world=[0.3892951  0.05006156 0.36024461] quat=[-0.00469718 -0.60511696  0.00618639  0.7960987 ] speed=0.0002 ang_speed=0.0051 ang_vel_vec=[-0.00485445  0.00093116 -0.00107451] |com_force|=0.4905N
### kotek_magnet[tick=17280] sensor4: d=0.5249m in_range=False f_mag=0.000N tau_mag=0.0000Nm misalign_deg=90.0 pos=[-0.10900037  0.10899875  0.49140224] bottom_world=[-0.10900021  0.10899903  0.47140224] quat=[ 3.8268274e-01 -1.0208489e-06 -7.9378788e-06  9.2387986e-01] speed=0.0005 ang_speed=0.0038 ang_vel_vec=[-0.00090808  0.00362819  0.0005451 ] |com_force|=0.0000N
### kotek_magnet[tick=17340] sensor2: d=0.0148m in_range=True f_mag=0.244N tau_mag=0.0001Nm misalign_deg=15.5 pos=[ 0.37002027 -0.05017683  0.36561063] bottom_world=[ 0.38929004 -0.05004072  0.36025735] quat=[ 0.00769171 -0.6050336  -0.01011989  0.7960985 ] speed=0.0000 ang_speed=0.0006 ang_vel_vec=[-6.13032898e-04  1.06630396e-04  8.82573149e-05] |com_force|=0.4905N
### kotek_magnet[tick=17340] sensor3: d=0.0148m in_range=True f_mag=0.244N tau_mag=0.0001Nm misalign_deg=15.5 pos=[0.37002468 0.05014488 0.36559635] bottom_world=[0.38929517 0.05006158 0.36024458] quat=[-0.00469719 -0.6051176   0.00618637  0.79609835] speed=0.0002 ang_speed=0.0051 ang_vel_vec=[-0.00490191  0.00095747 -0.00110037] |com_force|=0.4905N
### kotek_magnet[tick=17340] sensor4: d=0.5249m in_range=False f_mag=0.000N tau_mag=0.0000Nm misalign_deg=90.0 pos=[-0.10900018  0.10899856  0.49140227] bottom_world=[-0.10900009  0.10899885  0.47140227] quat=[ 3.8268307e-01  6.8218469e-07 -7.5596981e-06  9.2387974e-01] speed=0.0009 ang_speed=0.0016 ang_vel_vec=[-0.00031388 -0.0006251   0.0014554 ] |com_force|=0.0000N
### kotek_magnet[tick=17400] sensor2: d=0.0148m in_range=True f_mag=0.244N tau_mag=0.0001Nm misalign_deg=15.5 pos=[ 0.37002027 -0.05017684  0.36561063] bottom_world=[ 0.38929004 -0.05004073  0.36025735] quat=[ 0.00769165 -0.6050336  -0.01011974  0.7960985 ] speed=0.0000 ang_speed=0.0007 ang_vel_vec=[-6.4898230e-04  1.1219097e-04  8.2200269e-05] |com_force|=0.4905N
### kotek_magnet[tick=17400] sensor3: d=0.0148m in_range=True f_mag=0.244N tau_mag=0.0001Nm misalign_deg=15.5 pos=[0.37002462 0.05014488 0.36559638] bottom_world=[0.3892951  0.05006158 0.36024457] quat=[-0.00469713 -0.60511684  0.00618643  0.7960988 ] speed=0.0002 ang_speed=0.0051 ang_vel_vec=[-0.00491333  0.00093023 -0.00111305] |com_force|=0.4905N
### kotek_magnet[tick=17400] sensor4: d=0.5249m in_range=False f_mag=0.000N tau_mag=0.0000Nm misalign_deg=90.0 pos=[-0.10900019  0.1089985   0.49140224] bottom_world=[-0.10900011  0.10899879  0.47140224] quat=[ 3.8268307e-01  7.9759218e-07 -7.4511713e-06  9.2387980e-01] speed=0.0009 ang_speed=0.0017 ang_vel_vec=[-0.00025117 -0.00090079  0.00137113] |com_force|=0.0000N
### kotek_magnet[tick=17460] sensor2: d=0.0148m in_range=True f_mag=0.244N tau_mag=0.0001Nm misalign_deg=15.5 pos=[ 0.37002027 -0.05017683  0.36561063] bottom_world=[ 0.38929004 -0.05004072  0.36025735] quat=[ 0.00769168 -0.6050336  -0.01011984  0.7960985 ] speed=0.0000 ang_speed=0.0006 ang_vel_vec=[-6.1278784e-04  1.0640602e-04  8.8033827e-05] |com_force|=0.4905N
### kotek_magnet[tick=17460] sensor3: d=0.0148m in_range=True f_mag=0.244N tau_mag=0.0001Nm misalign_deg=15.5 pos=[0.37002465 0.05014488 0.36559638] bottom_world=[0.38929513 0.05006158 0.36024458] quat=[-0.00469708 -0.60511714  0.0061863   0.7960986 ] speed=0.0002 ang_speed=0.0051 ang_vel_vec=[-0.00488171  0.00093675 -0.0010949 ] |com_force|=0.4905N
### kotek_magnet[tick=17460] sensor4: d=0.5249m in_range=False f_mag=0.000N tau_mag=0.0000Nm misalign_deg=90.0 pos=[-0.10900018  0.10899855  0.4914024 ] bottom_world=[-0.10900008  0.10899884  0.47140239] quat=[ 3.8268295e-01  6.2234847e-07 -7.6043189e-06  9.2387968e-01] speed=0.0009 ang_speed=0.0015 ang_vel_vec=[-1.3167954e-05 -8.8408362e-04  1.2576882e-03] |com_force|=0.0000N
### kotek_magnet[tick=17520] sensor2: d=0.0148m in_range=True f_mag=0.244N tau_mag=0.0001Nm misalign_deg=15.5 pos=[ 0.37002027 -0.05017682  0.36561063] bottom_world=[ 0.38929004 -0.05004072  0.36025735] quat=[ 0.0076917  -0.6050336  -0.01011984  0.7960985 ] speed=0.0000 ang_speed=0.0006 ang_vel_vec=[-6.0824218e-04  1.0564764e-04  8.9808971e-05] |com_force|=0.4905N
### kotek_magnet[tick=17520] sensor3: d=0.0148m in_range=True f_mag=0.244N tau_mag=0.0001Nm misalign_deg=15.5 pos=[0.3700246  0.05014488 0.36559644] bottom_world=[0.38929506 0.05006158 0.36024462] quat=[-0.00469721 -0.60511667  0.00618644  0.79609895] speed=0.0002 ang_speed=0.0051 ang_vel_vec=[-0.00489312  0.00092214 -0.00108895] |com_force|=0.4905N
### kotek_magnet[tick=17520] sensor4: d=0.5249m in_range=False f_mag=0.000N tau_mag=0.0000Nm misalign_deg=90.0 pos=[-0.1090002   0.10899851  0.49140227] bottom_world=[-0.10900011  0.1089988   0.47140227] quat=[ 3.8268307e-01  8.0690285e-07 -7.4194068e-06  9.2387974e-01] speed=0.0009 ang_speed=0.0016 ang_vel_vec=[ 3.5978250e-05 -1.0599904e-03  1.1626905e-03] |com_force|=0.0000N
### kotek_magnet[tick=17580] sensor2: d=0.0148m in_range=True f_mag=0.244N tau_mag=0.0001Nm misalign_deg=15.5 pos=[ 0.37002027 -0.05017682  0.36561063] bottom_world=[ 0.38929004 -0.05004071  0.36025735] quat=[ 0.0076917  -0.6050336  -0.01011985  0.7960985 ] speed=0.0000 ang_speed=0.0006 ang_vel_vec=[-5.986261e-04  1.056625e-04  9.097717e-05] |com_force|=0.4905N
### kotek_magnet[tick=17580] sensor3: d=0.0148m in_range=True f_mag=0.244N tau_mag=0.0001Nm misalign_deg=15.5 pos=[0.37002462 0.05014488 0.3655964 ] bottom_world=[0.3892951  0.05006158 0.3602446 ] quat=[-0.00469709 -0.6051169   0.00618629  0.7960988 ] speed=0.0002 ang_speed=0.0051 ang_vel_vec=[-0.00488295  0.00092431 -0.00109332] |com_force|=0.4905N
### kotek_magnet[tick=17580] sensor4: d=0.5249m in_range=False f_mag=0.000N tau_mag=0.0000Nm misalign_deg=90.0 pos=[-0.10900018  0.10899854  0.49140227] bottom_world=[-0.10900009  0.10899882  0.47140227] quat=[ 3.8268295e-01  7.7637480e-07 -7.3080382e-06  9.2387974e-01] speed=0.0009 ang_speed=0.0018 ang_vel_vec=[ 3.2178268e-05 -1.1342076e-03  1.3785056e-03] |com_force|=0.0000N
### kotek_magnet[tick=17640] sensor2: d=0.0148m in_range=True f_mag=0.244N tau_mag=0.0001Nm misalign_deg=15.5 pos=[ 0.37002027 -0.05017682  0.36561063] bottom_world=[ 0.38929004 -0.05004071  0.36025735] quat=[ 0.0076917  -0.6050336  -0.01011989  0.7960985 ] speed=0.0000 ang_speed=0.0006 ang_vel_vec=[-6.006826e-04  1.051671e-04  9.060951e-05] |com_force|=0.4905N
### kotek_magnet[tick=17640] sensor3: d=0.0148m in_range=True f_mag=0.244N tau_mag=0.0001Nm misalign_deg=15.5 pos=[0.37002468 0.05014487 0.36559638] bottom_world=[0.38929516 0.05006156 0.36024458] quat=[-0.0046972  -0.605117    0.00618639  0.79609865] speed=0.0002 ang_speed=0.0051 ang_vel_vec=[-0.0048909   0.00092369 -0.0010997 ] |com_force|=0.4905N
### kotek_magnet[tick=17640] sensor4: d=0.5249m in_range=False f_mag=0.000N tau_mag=0.0000Nm misalign_deg=90.0 pos=[-0.10900037  0.10899875  0.4914023 ] bottom_world=[-0.10900021  0.10899903  0.4714023 ] quat=[ 3.8268277e-01 -9.7567056e-07 -8.1454446e-06  9.2387986e-01] speed=0.0005 ang_speed=0.0035 ang_vel_vec=[-0.00083109  0.00339004  0.00044838] |com_force|=0.0000N
### kotek_magnet[tick=17700] sensor2: d=0.0148m in_range=True f_mag=0.244N tau_mag=0.0001Nm misalign_deg=15.5 pos=[ 0.37002027 -0.05017683  0.36561063] bottom_world=[ 0.38929004 -0.05004072  0.36025735] quat=[ 0.00769167 -0.6050336  -0.01011981  0.7960985 ] speed=0.0000 ang_speed=0.0006 ang_vel_vec=[-5.9617305e-04  1.0349659e-04  9.2181792e-05] |com_force|=0.4905N
### kotek_magnet[tick=17700] sensor3: d=0.0148m in_range=True f_mag=0.244N tau_mag=0.0001Nm misalign_deg=15.5 pos=[0.3700248  0.05014478 0.36559635] bottom_world=[0.38929528 0.0500615  0.36024456] quat=[-0.00469835 -0.6051173   0.00618638  0.7960984 ] speed=0.0002 ang_speed=0.0045 ang_vel_vec=[-0.00439832  0.00084262 -0.00036963] |com_force|=0.4905N
### kotek_magnet[tick=17700] sensor4: d=0.5358m in_range=False f_mag=0.000N tau_mag=0.0000Nm misalign_deg=63.8 pos=[-0.12608203  0.10774608  0.49603915] bottom_world=[-0.11726279  0.1232703   0.48702696] quat=[ 0.21756306 -0.13388085 -0.5067258   0.82339007] speed=0.0419 ang_speed=0.4641 ang_vel_vec=[ 0.39878306 -0.2243489  -0.0774616 ] |com_force|=0.0000N
### kotek_magnet[tick=17760] sensor2: d=0.0148m in_range=True f_mag=0.244N tau_mag=0.0001Nm misalign_deg=15.5 pos=[ 0.37002027 -0.05017683  0.36561063] bottom_world=[ 0.38929004 -0.05004072  0.36025735] quat=[ 0.00769166 -0.6050336  -0.01011982  0.7960985 ] speed=0.0000 ang_speed=0.0006 ang_vel_vec=[-5.96186263e-04  1.03476814e-04  9.22050749e-05] |com_force|=0.4905N
### kotek_magnet[tick=17760] sensor3: d=0.0148m in_range=True f_mag=0.244N tau_mag=0.0001Nm misalign_deg=15.5 pos=[0.37002474 0.05014478 0.36559644] bottom_world=[0.38929522 0.0500615  0.36024463] quat=[-0.00469843 -0.6051169   0.0061865   0.7960988 ] speed=0.0002 ang_speed=0.0045 ang_vel_vec=[-0.00440922  0.00082945 -0.00037037] |com_force|=0.4905N
### kotek_magnet[tick=17760] sensor4: d=0.5392m in_range=False f_mag=0.000N tau_mag=0.0000Nm misalign_deg=64.3 pos=[-0.1295657   0.11485779  0.4943488 ] bottom_world=[-0.12088882  0.13173206  0.48802657] quat=[ 0.19082712 -0.13757005 -0.5683476   0.7884419 ] speed=0.0538 ang_speed=2.6195 ang_vel_vec=[-2.2850566  0.7592575  1.0314394] |com_force|=0.0000N
### kotek_magnet[tick=17820] sensor2: d=0.0148m in_range=True f_mag=0.244N tau_mag=0.0001Nm misalign_deg=15.5 pos=[ 0.37002027 -0.05017683  0.36561063] bottom_world=[ 0.38929004 -0.05004072  0.36025735] quat=[ 0.0076917  -0.6050336  -0.01011983  0.7960985 ] speed=0.0000 ang_speed=0.0006 ang_vel_vec=[-6.2296132e-04  1.0847619e-04  8.6065535e-05] |com_force|=0.4905N
### kotek_magnet[tick=17820] sensor3: d=0.0148m in_range=True f_mag=0.244N tau_mag=0.0001Nm misalign_deg=15.5 pos=[0.37002468 0.05014478 0.36559647] bottom_world=[0.38929515 0.0500615  0.36024463] quat=[-0.00469829 -0.6051162   0.00618634  0.79609925] speed=0.0002 ang_speed=0.0045 ang_vel_vec=[-0.00441553  0.00080494 -0.00037352] |com_force|=0.4905N
### kotek_magnet[tick=17820] sensor4: d=0.5497m in_range=False f_mag=0.000N tau_mag=0.0000Nm misalign_deg=73.5 pos=[-0.13560236  0.11391719  0.4967923 ] bottom_world=[-0.1299059   0.13301103  0.49506732] quat=[ 0.08262324 -0.11940431 -0.6652957   0.7323235 ] speed=0.0770 ang_speed=5.0768 ang_vel_vec=[-3.526438    0.13280225 -3.649782  ] |com_force|=0.0000N
### kotek_magnet[tick=17880] sensor2: d=0.0148m in_range=True f_mag=0.244N tau_mag=0.0001Nm misalign_deg=15.5 pos=[ 0.37002027 -0.05017683  0.36561063] bottom_world=[ 0.38929004 -0.05004072  0.36025735] quat=[ 0.0076917  -0.6050336  -0.01011986  0.7960985 ] speed=0.0000 ang_speed=0.0006 ang_vel_vec=[-6.1100203e-04  1.0611483e-04  8.8483117e-05] |com_force|=0.4905N
### kotek_magnet[tick=17880] sensor3: d=0.0148m in_range=True f_mag=0.244N tau_mag=0.0001Nm misalign_deg=15.5 pos=[0.37002477 0.05014478 0.3655964 ] bottom_world=[0.38929525 0.0500615  0.36024461] quat=[-0.00469827 -0.6051171   0.00618625  0.7960986 ] speed=0.0002 ang_speed=0.0044 ang_vel_vec=[-0.00435295  0.0008228  -0.0003566 ] |com_force|=0.4905N
### kotek_magnet[tick=17880] sensor4: d=0.5505m in_range=False f_mag=0.000N tau_mag=0.0000Nm misalign_deg=73.9 pos=[-0.13633509  0.11150245  0.4966138 ] bottom_world=[-0.13079814  0.13062164  0.49466468] quat=[ 0.07826297 -0.11764834 -0.66138554  0.7366159 ] speed=0.0872 ang_speed=4.6583 ang_vel_vec=[-3.1212428  -0.49888143 -3.4217482 ] |com_force|=0.0000N
### kotek_magnet[tick=17940] sensor2: d=0.0148m in_range=True f_mag=0.244N tau_mag=0.0001Nm misalign_deg=15.5 pos=[ 0.37002027 -0.05017683  0.36561063] bottom_world=[ 0.38929004 -0.05004072  0.36025735] quat=[ 0.00769164 -0.6050336  -0.01011979  0.7960985 ] speed=0.0000 ang_speed=0.0006 ang_vel_vec=[-5.8767787e-04  1.0479449e-04  9.2646995e-05] |com_force|=0.4905N
### kotek_magnet[tick=17940] sensor3: d=0.0148m in_range=True f_mag=0.244N tau_mag=0.0001Nm misalign_deg=15.5 pos=[0.37002477 0.05014479 0.3655964 ] bottom_world=[0.38929525 0.05006151 0.36024461] quat=[-0.00469821 -0.6051171   0.00618622  0.7960986 ] speed=0.0002 ang_speed=0.0045 ang_vel_vec=[-0.00441419  0.00084306 -0.00037538] |com_force|=0.4905N
### kotek_magnet[tick=17940] sensor4: d=0.5545m in_range=False f_mag=0.000N tau_mag=0.0000Nm misalign_deg=73.9 pos=[-0.13638212  0.11201659  0.511201  ] bottom_world=[-0.1308304   0.13113259  0.50926271] quat=[ 0.07876597 -0.11771536 -0.66157776  0.7363789 ] speed=0.1027 ang_speed=4.7204 ang_vel_vec=[-3.1671498  -0.43093857 -3.4735546 ] |com_force|=0.0000N
### kotek_magnet[tick=18000] sensor2: d=0.0148m in_range=True f_mag=0.244N tau_mag=0.0001Nm misalign_deg=15.5 pos=[ 0.37002027 -0.05017683  0.36561063] bottom_world=[ 0.38929004 -0.05004072  0.36025735] quat=[ 0.00769164 -0.6050336  -0.01011981  0.7960985 ] speed=0.0000 ang_speed=0.0006 ang_vel_vec=[-5.8886985e-04  1.0134848e-04  9.2812181e-05] |com_force|=0.4905N
### kotek_magnet[tick=18000] sensor3: d=0.0148m in_range=True f_mag=0.244N tau_mag=0.0001Nm misalign_deg=15.5 pos=[0.3700247  0.05014478 0.36559647] bottom_world=[0.38929518 0.05006151 0.36024465] quat=[-0.00469825 -0.60511655  0.00618623  0.7960991 ] speed=0.0002 ang_speed=0.0045 ang_vel_vec=[-0.00440589  0.00081809 -0.00037269] |com_force|=0.4905N
### kotek_magnet[tick=18000] sensor4: d=0.5611m in_range=False f_mag=0.000N tau_mag=0.0000Nm misalign_deg=73.8 pos=[-0.13623041  0.11282098  0.53336185] bottom_world=[-0.13064148  0.1319299   0.53146103] quat=[ 0.07962226 -0.11826028 -0.6621887   0.73565006] speed=0.1053 ang_speed=4.7716 ang_vel_vec=[-3.2302442  -0.33687466 -3.4957538 ] |com_force|=0.0000N
### kotek_magnet[tick=18060] sensor2: d=0.0148m in_range=True f_mag=0.244N tau_mag=0.0001Nm misalign_deg=15.5 pos=[ 0.37002027 -0.05017682  0.36561063] bottom_world=[ 0.38929004 -0.05004072  0.36025735] quat=[ 0.00769168 -0.6050336  -0.01011981  0.7960985 ] speed=0.0000 ang_speed=0.0006 ang_vel_vec=[-6.0816447e-04  1.0581392e-04  8.9792142e-05] |com_force|=0.4905N
### kotek_magnet[tick=18060] sensor3: d=0.0148m in_range=True f_mag=0.244N tau_mag=0.0001Nm misalign_deg=15.5 pos=[0.37002468 0.05014478 0.3655965 ] bottom_world=[0.38929515 0.0500615  0.36024466] quat=[-0.00469832 -0.60511625  0.00618639  0.79609925] speed=0.0002 ang_speed=0.0045 ang_vel_vec=[-0.00441629  0.00080662 -0.00037443] |com_force|=0.4905N
### kotek_magnet[tick=18060] sensor4: d=0.5692m in_range=False f_mag=0.000N tau_mag=0.0000Nm misalign_deg=73.6 pos=[-0.1360623   0.11375365  0.5575576 ] bottom_world=[-0.13042872  0.13285392  0.55570217] quat=[ 0.0807153  -0.11885525 -0.66293895  0.73475885] speed=0.1027 ang_speed=4.7831 ang_vel_vec=[-3.271795  -0.3096009 -3.4752324] |com_force|=0.0000N
### kotek_magnet[tick=18120] sensor2: d=0.0148m in_range=True f_mag=0.244N tau_mag=0.0001Nm misalign_deg=15.5 pos=[ 0.37002027 -0.05017683  0.36561063] bottom_world=[ 0.38929004 -0.05004072  0.36025735] quat=[ 0.00769169 -0.6050336  -0.01011984  0.7960985 ] speed=0.0000 ang_speed=0.0006 ang_vel_vec=[-5.9584517e-04  1.0460970e-04  9.2164511e-05] |com_force|=0.4905N
### kotek_magnet[tick=18120] sensor3: d=0.0148m in_range=True f_mag=0.244N tau_mag=0.0001Nm misalign_deg=15.5 pos=[0.37002468 0.05014495 0.36559647] bottom_world=[0.38929516 0.05006161 0.36024466] quat=[-0.0046964  -0.6051169   0.00618693  0.7960988 ] speed=0.0002 ang_speed=0.0055 ang_vel_vec=[-0.00535534  0.00099566 -0.00093606] |com_force|=0.4905N
### kotek_magnet[tick=18120] sensor4: d=0.5781m in_range=False f_mag=0.000N tau_mag=0.0000Nm misalign_deg=73.5 pos=[-0.13591373  0.1146308   0.581581  ] bottom_world=[-0.13023952  0.13372345  0.57977155] quat=[ 0.08171323 -0.11939718 -0.6637079   0.7338659 ] speed=0.0971 ang_speed=4.8193 ang_vel_vec=[-3.335961   -0.21820045 -3.4712436 ] |com_force|=0.0000N
### kotek_magnet[tick=18180] sensor2: d=0.0148m in_range=True f_mag=0.244N tau_mag=0.0001Nm misalign_deg=15.5 pos=[ 0.37002027 -0.05017683  0.36561063] bottom_world=[ 0.38929004 -0.05004073  0.36025735] quat=[ 0.00769165 -0.6050336  -0.01011976  0.7960985 ] speed=0.0000 ang_speed=0.0007 ang_vel_vec=[-6.4323487e-04  1.1201377e-04  8.2529172e-05] |com_force|=0.4905N
### kotek_magnet[tick=18180] sensor3: d=0.0148m in_range=True f_mag=0.244N tau_mag=0.0001Nm misalign_deg=15.5 pos=[0.3700247  0.05014477 0.36559653] bottom_world=[0.38929519 0.05006149 0.36024472] quat=[-0.00469839 -0.60511684  0.00618644  0.7960989 ] speed=0.0002 ang_speed=0.0045 ang_vel_vec=[-0.00438649  0.00085779 -0.00034528] |com_force|=0.4905N
### kotek_magnet[tick=18180] sensor4: d=0.5799m in_range=False f_mag=0.000N tau_mag=0.0000Nm misalign_deg=73.5 pos=[-0.1364518   0.11441508  0.5850247 ] bottom_world=[-0.13078171  0.13348696  0.58299651] quat=[ 0.08002415 -0.12061772 -0.65935296  0.73776776] speed=0.0785 ang_speed=4.8730 ang_vel_vec=[-3.4252117  -0.28507182 -3.4544375 ] |com_force|=0.0000N
### kotek_magnet[tick=18240] sensor2: d=0.0148m in_range=True f_mag=0.244N tau_mag=0.0001Nm misalign_deg=15.5 pos=[ 0.37002027 -0.05017683  0.36561063] bottom_world=[ 0.38929004 -0.05004073  0.36025735] quat=[ 0.00769165 -0.6050336  -0.01011978  0.7960985 ] speed=0.0000 ang_speed=0.0006 ang_vel_vec=[-5.65167691e-04  1.01548416e-04  9.70481051e-05] |com_force|=0.4905N
### kotek_magnet[tick=18240] sensor3: d=0.0148m in_range=True f_mag=0.244N tau_mag=0.0001Nm misalign_deg=15.5 pos=[0.37002468 0.05014487 0.36559635] bottom_world=[0.38929516 0.05006156 0.36024456] quat=[-0.00469717 -0.6051173   0.0061864   0.79609853] speed=0.0002 ang_speed=0.0051 ang_vel_vec=[-0.00488837  0.00092826 -0.00109471] |com_force|=0.4905N
### kotek_magnet[tick=18240] sensor4: d=0.5767m in_range=False f_mag=0.000N tau_mag=0.0000Nm misalign_deg=67.9 pos=[-0.13598923  0.1251567   0.5831987 ] bottom_world=[-0.12847743  0.14353599  0.58079569] quat=[ 0.11725692 -0.15163864 -0.64570105  0.7391392 ] speed=0.0928 ang_speed=4.8709 ang_vel_vec=[-3.2841482  -0.23981519 -3.5892305 ] |com_force|=0.0000N
### kotek_magnet[tick=18300] sensor2: d=0.0148m in_range=True f_mag=0.244N tau_mag=0.0001Nm misalign_deg=15.5 pos=[ 0.37002027 -0.05017683  0.36561063] bottom_world=[ 0.38929004 -0.05004072  0.36025735] quat=[ 0.00769164 -0.6050336  -0.0101198   0.7960985 ] speed=0.0000 ang_speed=0.0006 ang_vel_vec=[-6.0089421e-04  1.0370493e-04  9.0425390e-05] |com_force|=0.4905N
### kotek_magnet[tick=18300] sensor3: d=0.0148m in_range=True f_mag=0.244N tau_mag=0.0001Nm misalign_deg=15.5 pos=[0.3700247  0.05014488 0.36559632] bottom_world=[0.3892952  0.05006157 0.36024455] quat=[-0.00469719 -0.6051176   0.00618644  0.79609823] speed=0.0002 ang_speed=0.0051 ang_vel_vec=[-0.00488965  0.00094167 -0.00109984] |com_force|=0.4905N
### kotek_magnet[tick=18300] sensor4: d=0.5708m in_range=False f_mag=0.000N tau_mag=0.0000Nm misalign_deg=58.8 pos=[-0.13367203  0.14279723  0.5807498 ] bottom_world=[-0.12331205  0.15964169  0.57776066] quat=[ 0.17899811 -0.20082518 -0.62043583  0.73667383] speed=0.0959 ang_speed=4.9115 ang_vel_vec=[-3.3522396   0.04313231 -3.589335  ] |com_force|=0.0000N
### kotek_magnet[tick=18360] sensor2: d=0.0148m in_range=True f_mag=0.244N tau_mag=0.0001Nm misalign_deg=15.5 pos=[ 0.37002027 -0.05017683  0.36561063] bottom_world=[ 0.38929004 -0.05004072  0.36025735] quat=[ 0.00769167 -0.6050336  -0.01011982  0.7960985 ] speed=0.0000 ang_speed=0.0006 ang_vel_vec=[-6.1274390e-04  1.0659802e-04  8.8033499e-05] |com_force|=0.4905N
### kotek_magnet[tick=18360] sensor3: d=0.0148m in_range=True f_mag=0.244N tau_mag=0.0001Nm misalign_deg=15.5 pos=[0.37002462 0.0501447  0.3655966 ] bottom_world=[0.38929508 0.05006143 0.36024472] quat=[-0.00469909 -0.6051157   0.00618669  0.7960997 ] speed=0.0002 ang_speed=0.0040 ang_vel_vec=[-0.00395937  0.00050187  0.00016616] |com_force|=0.4905N
### kotek_magnet[tick=18360] sensor4: d=0.5638m in_range=False f_mag=0.000N tau_mag=0.0000Nm misalign_deg=49.6 pos=[-0.12950261  0.16040094  0.57805544] bottom_world=[-0.11655305  0.17520705  0.5744377 ] quat=[ 0.24144974 -0.24860774 -0.5897039   0.7294831 ] speed=0.0924 ang_speed=4.8565 ang_vel_vec=[-3.3310893   0.32475227 -3.5190823 ] |com_force|=0.0000N
### kotek_magnet[tick=18420] sensor2: d=0.0148m in_range=True f_mag=0.244N tau_mag=0.0001Nm misalign_deg=15.5 pos=[ 0.37002027 -0.05017682  0.36561063] bottom_world=[ 0.38929004 -0.05004071  0.36025735] quat=[ 0.00769172 -0.6050336  -0.01011989  0.7960985 ] speed=0.0000 ang_speed=0.0006 ang_vel_vec=[-6.1102211e-04  1.0684373e-04  8.8650115e-05] |com_force|=0.4905N
### kotek_magnet[tick=18420] sensor3: d=0.0148m in_range=True f_mag=0.244N tau_mag=0.0001Nm misalign_deg=15.5 pos=[0.3700247  0.05014477 0.36559647] bottom_world=[0.38929518 0.05006149 0.36024465] quat=[-0.00469835 -0.6051166   0.00618646  0.796099  ] speed=0.0002 ang_speed=0.0045 ang_vel_vec=[-0.00444274  0.00080559 -0.00038026] |com_force|=0.4905N
### kotek_magnet[tick=18420] sensor4: d=0.5557m in_range=False f_mag=0.000N tau_mag=0.0000Nm misalign_deg=40.7 pos=[-0.12350885  0.17759854  0.57513714] bottom_world=[-0.10834545  0.18992059  0.57086649] quat=[ 0.30356488 -0.294066   -0.5538582   0.7173665 ] speed=0.0886 ang_speed=4.8101 ang_vel_vec=[-3.2974558   0.64177024 -3.4426537 ] |com_force|=0.0000N
### kotek_magnet[tick=18480] sensor2: d=0.0148m in_range=True f_mag=0.244N tau_mag=0.0001Nm misalign_deg=15.5 pos=[ 0.37002027 -0.05017684  0.36561063] bottom_world=[ 0.38929004 -0.05004073  0.36025735] quat=[ 0.00769167 -0.6050336  -0.01011974  0.7960985 ] speed=0.0000 ang_speed=0.0007 ang_vel_vec=[-6.4880028e-04  1.1264762e-04  8.2171216e-05] |com_force|=0.4905N
### kotek_magnet[tick=18480] sensor3: d=0.0148m in_range=True f_mag=0.244N tau_mag=0.0001Nm misalign_deg=15.5 pos=[0.3700247  0.05014493 0.36559644] bottom_world=[0.38929519 0.0500616  0.36024464] quat=[-0.00469646 -0.605117    0.00618683  0.79609865] speed=0.0002 ang_speed=0.0054 ang_vel_vec=[-0.00525372  0.00090639 -0.00086849] |com_force|=0.4905N
### kotek_magnet[tick=18480] sensor4: d=0.5468m in_range=False f_mag=0.000N tau_mag=0.0000Nm misalign_deg=32.4 pos=[-0.11585245  0.19393104  0.5720215 ] bottom_world=[-0.09895672  0.2034323   0.56709602] quat=[ 0.36388493 -0.33613774 -0.5136874   0.7005174 ] speed=0.0872 ang_speed=4.8193 ang_vel_vec=[-3.2509513  0.9738368 -3.421754 ] |com_force|=0.0000N
### kotek_magnet[tick=18540] sensor2: d=0.0148m in_range=True f_mag=0.244N tau_mag=0.0001Nm misalign_deg=15.5 pos=[ 0.37002027 -0.05017683  0.36561063] bottom_world=[ 0.38929004 -0.05004072  0.36025735] quat=[ 0.00769164 -0.6050336  -0.01011977  0.7960985 ] speed=0.0000 ang_speed=0.0006 ang_vel_vec=[-5.7533092e-04  1.0314992e-04  9.4931544e-05] |com_force|=0.4905N
### kotek_magnet[tick=18540] sensor3: d=0.0148m in_range=True f_mag=0.244N tau_mag=0.0001Nm misalign_deg=15.5 pos=[0.3700247  0.05014488 0.36559632] bottom_world=[0.3892952  0.05006157 0.36024455] quat=[-0.00469714 -0.6051176   0.00618637  0.79609823] speed=0.0002 ang_speed=0.0051 ang_vel_vec=[-0.00488515  0.00094006 -0.00109546] |com_force|=0.4905N
### kotek_magnet[tick=18540] sensor4: d=0.5370m in_range=False f_mag=0.000N tau_mag=0.0000Nm misalign_deg=25.1 pos=[-0.10661492  0.20934685  0.56866395] bottom_world=[-0.08851045  0.2157626   0.56309022] quat=[ 0.42232367 -0.37470758 -0.469309    0.67895955] speed=0.0792 ang_speed=4.7692 ang_vel_vec=[-3.1369498  1.388007  -3.313283 ] |com_force|=0.0000N
### kotek_magnet[tick=18600] sensor2: d=0.0148m in_range=True f_mag=0.244N tau_mag=0.0001Nm misalign_deg=15.5 pos=[ 0.37002027 -0.05017683  0.36561063] bottom_world=[ 0.38929004 -0.05004072  0.36025735] quat=[ 0.00769165 -0.6050336  -0.01011979  0.7960985 ] speed=0.0000 ang_speed=0.0006 ang_vel_vec=[-6.0087972e-04  1.0385328e-04  9.0414658e-05] |com_force|=0.4905N
### kotek_magnet[tick=18600] sensor3: d=0.0148m in_range=True f_mag=0.244N tau_mag=0.0001Nm misalign_deg=15.5 pos=[0.37002468 0.05014494 0.36559644] bottom_world=[0.38929516 0.0500616  0.36024463] quat=[-0.00469647 -0.60511684  0.00618678  0.7960988 ] speed=0.0002 ang_speed=0.0054 ang_vel_vec=[-0.00524978  0.00087209 -0.00086546] |com_force|=0.4905N
### kotek_magnet[tick=18600] sensor4: d=0.5265m in_range=False f_mag=0.000N tau_mag=0.0000Nm misalign_deg=20.4 pos=[-0.09595011  0.22368433  0.56508   ] bottom_world=[-0.07719995  0.22684038  0.5588775 ] quat=[ 0.47849357 -0.40947857 -0.42102876  0.652768  ] speed=0.0740 ang_speed=4.7691 ang_vel_vec=[-2.9715075  1.7940657 -3.2704306] |com_force|=0.0000N
### kotek_magnet[tick=18660] sensor2: d=0.0148m in_range=True f_mag=0.244N tau_mag=0.0001Nm misalign_deg=15.5 pos=[ 0.37002027 -0.05017682  0.36561063] bottom_world=[ 0.38929004 -0.05004072  0.36025735] quat=[ 0.00769171 -0.6050336  -0.01011986  0.7960985 ] speed=0.0000 ang_speed=0.0006 ang_vel_vec=[-6.1101496e-04  1.0665004e-04  8.8623652e-05] |com_force|=0.4905N
### kotek_magnet[tick=18660] sensor3: d=0.0148m in_range=True f_mag=0.244N tau_mag=0.0001Nm misalign_deg=15.5 pos=[0.37002462 0.05014486 0.3655964 ] bottom_world=[0.38929509 0.05006156 0.3602446 ] quat=[-0.00469721 -0.60511684  0.0061864   0.79609877] speed=0.0002 ang_speed=0.0051 ang_vel_vec=[-0.00488404  0.00092597 -0.00109413] |com_force|=0.4905N
### kotek_magnet[tick=18660] sensor4: d=0.5154m in_range=False f_mag=0.000N tau_mag=0.0000Nm misalign_deg=19.9 pos=[-0.08396152  0.23689549  0.56125563] bottom_world=[-0.06515528  0.23669797  0.55445222] quat=[ 0.53230476 -0.44025725 -0.36890128  0.62188196] speed=0.0693 ang_speed=4.7622 ang_vel_vec=[-2.724972  2.188697 -3.234554] |com_force|=0.0000N
### still playing, 1069s left
### kotek_magnet[tick=18720] sensor2: d=0.0148m in_range=True f_mag=0.244N tau_mag=0.0001Nm misalign_deg=15.5 pos=[ 0.37002027 -0.05017682  0.36561063] bottom_world=[ 0.38929004 -0.05004071  0.36025735] quat=[ 0.00769172 -0.6050336  -0.01011989  0.7960985 ] speed=0.0000 ang_speed=0.0006 ang_vel_vec=[-6.11078809e-04  1.06575855e-04  8.86537237e-05] |com_force|=0.4905N
### kotek_magnet[tick=18720] sensor3: d=0.0148m in_range=True f_mag=0.244N tau_mag=0.0001Nm misalign_deg=15.5 pos=[0.37002465 0.05014477 0.36559647] bottom_world=[0.38929512 0.0500615  0.36024464] quat=[-0.00469828 -0.60511637  0.00618627  0.79609925] speed=0.0002 ang_speed=0.0045 ang_vel_vec=[-0.00437712  0.00085    -0.00034434] |com_force|=0.4905N
### kotek_magnet[tick=18720] sensor4: d=0.5038m in_range=False f_mag=0.000N tau_mag=0.0000Nm misalign_deg=24.1 pos=[-0.07086432  0.24876368  0.5572013 ] bottom_world=[-0.05260165  0.24525145  0.54984341] quat=[ 0.5828346  -0.466494   -0.31374413  0.5867297 ] speed=0.0646 ang_speed=4.7293 ang_vel_vec=[-2.426526   2.5072317 -3.1925278] |com_force|=0.0000N
### kotek_magnet[tick=18780] sensor2: d=0.0148m in_range=True f_mag=0.244N tau_mag=0.0001Nm misalign_deg=15.5 pos=[ 0.37002027 -0.05017684  0.36561063] bottom_world=[ 0.38929004 -0.05004073  0.36025735] quat=[ 0.00769166 -0.6050336  -0.01011974  0.7960985 ] speed=0.0000 ang_speed=0.0007 ang_vel_vec=[-6.4880494e-04  1.1278822e-04  8.2180508e-05] |com_force|=0.4905N
### kotek_magnet[tick=18780] sensor3: d=0.0148m in_range=True f_mag=0.244N tau_mag=0.0001Nm misalign_deg=15.5 pos=[0.37002465 0.05014488 0.3655964 ] bottom_world=[0.38929513 0.05006157 0.36024462] quat=[-0.0046971  -0.6051172   0.00618634  0.79609865] speed=0.0002 ang_speed=0.0051 ang_vel_vec=[-0.00486585  0.00092687 -0.00107707] |com_force|=0.4905N
### kotek_magnet[tick=18780] sensor4: d=0.4919m in_range=False f_mag=0.000N tau_mag=0.0000Nm misalign_deg=31.0 pos=[-0.05684467  0.2592315   0.5529367 ] bottom_world=[-0.03971011  0.25254555  0.54508144] quat=[ 0.62976676 -0.48795345 -0.25597012  0.5475168 ] speed=0.0601 ang_speed=4.7323 ang_vel_vec=[-2.0793686  2.8336318 -3.168894 ] |com_force|=0.0000N
### kotek_magnet[tick=18840] sensor2: d=0.0148m in_range=True f_mag=0.244N tau_mag=0.0001Nm misalign_deg=15.5 pos=[ 0.37002027 -0.05017683  0.36561063] bottom_world=[ 0.38929004 -0.05004072  0.36025735] quat=[ 0.00769164 -0.6050336  -0.01011976  0.7960985 ] speed=0.0000 ang_speed=0.0006 ang_vel_vec=[-5.7531946e-04  1.0314040e-04  9.4921183e-05] |com_force|=0.4905N
### kotek_magnet[tick=18840] sensor3: d=0.0148m in_range=True f_mag=0.244N tau_mag=0.0001Nm misalign_deg=15.5 pos=[0.37002462 0.05014487 0.36559644] bottom_world=[0.3892951  0.05006157 0.36024464] quat=[-0.00469722 -0.60511696  0.00618647  0.79609877] speed=0.0002 ang_speed=0.0051 ang_vel_vec=[-0.00487885  0.00093417 -0.00108324] |com_force|=0.4905N
### kotek_magnet[tick=18840] sensor4: d=0.4797m in_range=False f_mag=0.000N tau_mag=0.0000Nm misalign_deg=39.4 pos=[-0.04222089  0.26830533  0.54851514] bottom_world=[-0.02676098  0.25868027  0.54024777] quat=[ 0.6725498  -0.5048371  -0.19609995  0.5043424 ] speed=0.0743 ang_speed=7.1295 ang_vel_vec=[-1.2832395  6.174198  -3.3260767] |com_force|=0.0000N
### kotek_magnet[tick=18900] sensor2: d=0.0148m in_range=True f_mag=0.244N tau_mag=0.0001Nm misalign_deg=15.5 pos=[ 0.37002027 -0.05017682  0.36561063] bottom_world=[ 0.38929004 -0.05004072  0.36025735] quat=[ 0.0076917  -0.6050336  -0.01011984  0.7960985 ] speed=0.0000 ang_speed=0.0006 ang_vel_vec=[-6.0819823e-04  1.0582806e-04  8.9815738e-05] |com_force|=0.4905N
### kotek_magnet[tick=18900] sensor3: d=0.0148m in_range=True f_mag=0.244N tau_mag=0.0001Nm misalign_deg=15.5 pos=[0.37002477 0.05014479 0.36559638] bottom_world=[0.38929525 0.05006151 0.36024458] quat=[-0.00469831 -0.6051171   0.00618637  0.7960987 ] speed=0.0002 ang_speed=0.0045 ang_vel_vec=[-0.00438857  0.0008294  -0.00036657] |com_force|=0.4905N
### kotek_magnet[tick=18900] sensor4: d=0.4672m in_range=False f_mag=0.000N tau_mag=0.0000Nm misalign_deg=48.4 pos=[-0.02685768  0.27591863  0.5438677 ] bottom_world=[-0.01357898  0.26369672  0.5352479 ] quat=[ 0.71122813 -0.5161654  -0.13445479  0.45787534] speed=0.0696 ang_speed=7.2037 ang_vel_vec=[-0.12354302  6.268394   -3.5476692 ] |com_force|=0.0000N
### kotek_magnet[tick=18960] sensor2: d=0.0148m in_range=True f_mag=0.244N tau_mag=0.0001Nm misalign_deg=15.5 pos=[ 0.37002027 -0.05017682  0.36561063] bottom_world=[ 0.38929004 -0.05004071  0.36025735] quat=[ 0.00769171 -0.6050336  -0.01011987  0.7960985 ] speed=0.0000 ang_speed=0.0006 ang_vel_vec=[-6.0645596e-04  1.0550373e-04  9.0282723e-05] |com_force|=0.4905N
### kotek_magnet[tick=18960] sensor3: d=0.0148m in_range=True f_mag=0.244N tau_mag=0.0001Nm misalign_deg=15.5 pos=[0.37002474 0.05014477 0.36559644] bottom_world=[0.38929521 0.0500615  0.36024463] quat=[-0.00469835 -0.6051168   0.00618641  0.7960988 ] speed=0.0002 ang_speed=0.0045 ang_vel_vec=[-0.00440936  0.00082532 -0.00037162] |com_force|=0.4905N
### kotek_magnet[tick=18960] sensor4: d=0.4545m in_range=False f_mag=0.000N tau_mag=0.0000Nm misalign_deg=57.8 pos=[-0.01099951  0.28207308  0.5390313 ] bottom_world=[-3.53963407e-04  2.67674473e-01  5.30123320e-01] quat=[ 0.745754   -0.5217356  -0.07135683  0.40810695] speed=0.0596 ang_speed=5.0027 ang_vel_vec=[-0.50458765  3.976925   -2.9927115 ] |com_force|=0.0000N
### kotek_magnet[tick=19020] sensor2: d=0.0148m in_range=True f_mag=0.244N tau_mag=0.0001Nm misalign_deg=15.5 pos=[ 0.37002027 -0.05017682  0.36561063] bottom_world=[ 0.38929004 -0.05004071  0.36025735] quat=[ 0.00769171 -0.6050336  -0.01011989  0.7960985 ] speed=0.0000 ang_speed=0.0006 ang_vel_vec=[-6.11225609e-04  1.06372994e-04  8.86896451e-05] |com_force|=0.4905N
### kotek_magnet[tick=19020] sensor3: d=0.0148m in_range=True f_mag=0.244N tau_mag=0.0001Nm misalign_deg=15.5 pos=[0.3700246  0.05014487 0.3655964 ] bottom_world=[0.38929506 0.05006156 0.36024458] quat=[-0.00469722 -0.6051165   0.00618646  0.7960991 ] speed=0.0002 ang_speed=0.0051 ang_vel_vec=[-0.00487928  0.00092979 -0.00108559] |com_force|=0.4905N
### kotek_magnet[tick=19020] sensor4: d=0.4417m in_range=False f_mag=0.000N tau_mag=0.0000Nm misalign_deg=67.4 pos=[0.00509778 0.2867972  0.53404576] bottom_world=[0.01276917 0.27071975 0.52495369] quat=[ 0.7751497  -0.5221457  -0.00788828  0.35559064] speed=0.0615 ang_speed=5.0394 ang_vel_vec=[ 0.06877619  4.0501647  -2.9978013 ] |com_force|=0.0000N
### kotek_magnet[tick=19080] sensor2: d=0.0148m in_range=True f_mag=0.244N tau_mag=0.0001Nm misalign_deg=15.5 pos=[ 0.37002027 -0.05017684  0.36561063] bottom_world=[ 0.38929004 -0.05004073  0.36025735] quat=[ 0.00769166 -0.6050336  -0.01011973  0.7960985 ] speed=0.0000 ang_speed=0.0007 ang_vel_vec=[-6.48787012e-04  1.12782436e-04  8.21659632e-05] |com_force|=0.4905N
### kotek_magnet[tick=19080] sensor3: d=0.0148m in_range=True f_mag=0.244N tau_mag=0.0001Nm misalign_deg=15.5 pos=[0.3700247  0.05014488 0.36559635] bottom_world=[0.3892952  0.05006157 0.36024458] quat=[-0.00469717 -0.6051176   0.00618638  0.79609835] speed=0.0002 ang_speed=0.0051 ang_vel_vec=[-0.0048776   0.00094171 -0.00109298] |com_force|=0.4905N
### kotek_magnet[tick=19080] sensor4: d=0.4291m in_range=False f_mag=0.000N tau_mag=0.0000Nm misalign_deg=77.1 pos=[0.02117303 0.29013953 0.52895385] bottom_world=[0.02564109 0.27293596 0.51978467] quat=[ 0.79909766 -0.51742095  0.05519173  0.30111867] speed=0.0771 ang_speed=7.1112 ang_vel_vec=[ 2.5060153  5.626737  -3.5536916] |com_force|=0.0000N
### kotek_magnet[tick=19140] sensor2: d=0.0148m in_range=True f_mag=0.244N tau_mag=0.0001Nm misalign_deg=15.5 pos=[ 0.37002027 -0.05017683  0.36561063] bottom_world=[ 0.38929004 -0.05004072  0.36025735] quat=[ 0.00769167 -0.6050336  -0.01011983  0.7960985 ] speed=0.0000 ang_speed=0.0006 ang_vel_vec=[-6.0088903e-04  1.0368101e-04  9.0439171e-05] |com_force|=0.4905N
### kotek_magnet[tick=19140] sensor3: d=0.0148m in_range=True f_mag=0.244N tau_mag=0.0001Nm misalign_deg=15.5 pos=[0.37002468 0.05014488 0.36559638] bottom_world=[0.38929516 0.05006157 0.36024458] quat=[-0.00469714 -0.605117    0.00618635  0.7960987 ] speed=0.0002 ang_speed=0.0051 ang_vel_vec=[-0.00486642  0.00091647 -0.00108273] |com_force|=0.4905N
### kotek_magnet[tick=19140] sensor4: d=0.4161m in_range=False f_mag=0.000N tau_mag=0.0000Nm misalign_deg=87.0 pos=[0.03754984 0.2921491  0.523687  ] bottom_world=[0.03861244 0.274406   0.51451893] quat=[ 0.8183456  -0.5066911   0.11858445  0.24395154] speed=0.0861 ang_speed=7.4003 ang_vel_vec=[ 3.3822381  5.455056  -3.6833644] |com_force|=0.0000N
### kotek_magnet[tick=19200] sensor2: d=0.0148m in_range=True f_mag=0.244N tau_mag=0.0001Nm misalign_deg=15.5 pos=[ 0.37002027 -0.05017683  0.36561063] bottom_world=[ 0.38929004 -0.05004072  0.36025735] quat=[ 0.00769168 -0.6050336  -0.01011986  0.7960985 ] speed=0.0000 ang_speed=0.0006 ang_vel_vec=[-5.9859693e-04  1.0495105e-04  9.0847701e-05] |com_force|=0.4905N
### kotek_magnet[tick=19200] sensor3: d=0.0148m in_range=True f_mag=0.244N tau_mag=0.0001Nm misalign_deg=15.5 pos=[0.3700246  0.05014487 0.3655964 ] bottom_world=[0.38929506 0.05006156 0.36024458] quat=[-0.00469722 -0.60511637  0.00618647  0.7960991 ] speed=0.0002 ang_speed=0.0051 ang_vel_vec=[-0.00487544  0.00091763 -0.00108379] |com_force|=0.4905N
### kotek_magnet[tick=19200] sensor4: d=0.4033m in_range=False f_mag=0.000N tau_mag=0.0000Nm misalign_deg=96.8 pos=[0.05369839 0.29287055 0.51834875] bottom_world=[0.05132231 0.27521375 0.50926077] quat=[ 0.83227444 -0.49002534  0.18076374  0.18579276] speed=0.0602 ang_speed=4.9357 ang_vel_vec=[ 1.4501959  3.2385592 -3.430671 ] |com_force|=0.0000N
### kotek_magnet[tick=19260] sensor2: d=0.0148m in_range=True f_mag=0.244N tau_mag=0.0001Nm misalign_deg=15.5 pos=[ 0.37002027 -0.05017682  0.36561063] bottom_world=[ 0.38929004 -0.05004071  0.36025735] quat=[ 0.0076917  -0.6050336  -0.01011986  0.7960985 ] speed=0.0000 ang_speed=0.0006 ang_vel_vec=[-5.9864181e-04  1.0566232e-04  9.0986148e-05] |com_force|=0.4905N
### kotek_magnet[tick=19260] sensor3: d=0.0148m in_range=True f_mag=0.244N tau_mag=0.0001Nm misalign_deg=15.5 pos=[0.37002462 0.05014487 0.3655964 ] bottom_world=[0.38929509 0.05006157 0.36024459] quat=[-0.00469719 -0.6051167   0.00618637  0.7960989 ] speed=0.0002 ang_speed=0.0051 ang_vel_vec=[-0.0048764  0.0009238 -0.0010805] |com_force|=0.4905N
### kotek_magnet[tick=19260] sensor4: d=0.3904m in_range=False f_mag=0.000N tau_mag=0.0000Nm misalign_deg=106.6 pos=[0.06962732 0.2924147  0.51297665] bottom_world=[0.06390474 0.2754396  0.50408293] quat=[ 0.8404109  -0.4686491   0.24088404  0.12669829] speed=0.0923 ang_speed=6.9986 ang_vel_vec=[ 4.35099    3.8880584 -3.8642597] |com_force|=0.0000N
### kotek_magnet[tick=19320] sensor2: d=0.0148m in_range=True f_mag=0.244N tau_mag=0.0001Nm misalign_deg=15.5 pos=[ 0.37002027 -0.05017682  0.36561063] bottom_world=[ 0.38929004 -0.05004071  0.36025735] quat=[ 0.00769171 -0.6050336  -0.01011988  0.7960985 ] speed=0.0000 ang_speed=0.0006 ang_vel_vec=[-6.1120349e-04  1.0635226e-04  8.8677523e-05] |com_force|=0.4905N
### kotek_magnet[tick=19320] sensor3: d=0.0148m in_range=True f_mag=0.244N tau_mag=0.0001Nm misalign_deg=15.5 pos=[0.37002462 0.05014488 0.36559644] bottom_world=[0.3892951  0.05006157 0.36024463] quat=[-0.00469712 -0.6051168   0.00618631  0.7960989 ] speed=0.0002 ang_speed=0.0051 ang_vel_vec=[-0.00486282  0.0009333  -0.00107335] |com_force|=0.4905N
### kotek_magnet[tick=19320] sensor4: d=0.3777m in_range=False f_mag=0.000N tau_mag=0.0000Nm misalign_deg=116.3 pos=[0.08509111 0.29084376 0.50756305] bottom_world=[0.07622437 0.27513807 0.49891941] quat=[ 0.8434948  -0.44148675  0.29832605  0.06787959] speed=0.0849 ang_speed=4.6168 ang_vel_vec=[ 1.8004931  2.8844738 -3.1230118] |com_force|=0.0000N
### kotek_magnet[tick=19380] sensor2: d=0.0148m in_range=True f_mag=0.244N tau_mag=0.0001Nm misalign_deg=15.5 pos=[ 0.37002027 -0.05017683  0.36561063] bottom_world=[ 0.38929004 -0.05004072  0.36025735] quat=[ 0.00769166 -0.6050336  -0.0101198   0.7960985 ] speed=0.0000 ang_speed=0.0006 ang_vel_vec=[-5.7730789e-04  1.0373341e-04  9.4708310e-05] |com_force|=0.4905N
### kotek_magnet[tick=19380] sensor3: d=0.0148m in_range=True f_mag=0.244N tau_mag=0.0001Nm misalign_deg=15.5 pos=[0.37002474 0.05014478 0.3655964 ] bottom_world=[0.38929522 0.05006151 0.3602446 ] quat=[-0.00469829 -0.60511684  0.00618635  0.7960988 ] speed=0.0002 ang_speed=0.0045 ang_vel_vec=[-0.00442456  0.00083206 -0.00037731] |com_force|=0.4905N
### kotek_magnet[tick=19380] sensor4: d=0.3644m in_range=False f_mag=0.000N tau_mag=0.0000Nm misalign_deg=126.2 pos=[0.10083723 0.28817204 0.501978  ] bottom_world=[0.0890186  0.27431659 0.4937108 ] quat=[ 0.8406118  -0.40904155  0.3549724   0.0071586 ] speed=0.0891 ang_speed=5.2924 ang_vel_vec=[ 3.148288   2.0970635 -3.7014296] |com_force|=0.0000N
### kotek_magnet[tick=19440] sensor2: d=0.0148m in_range=True f_mag=0.244N tau_mag=0.0001Nm misalign_deg=15.5 pos=[ 0.37002027 -0.05017683  0.36561063] bottom_world=[ 0.38929004 -0.05004072  0.36025735] quat=[ 0.00769169 -0.6050336  -0.01011984  0.7960985 ] speed=0.0000 ang_speed=0.0006 ang_vel_vec=[-6.1279093e-04  1.0640715e-04  8.8031149e-05] |com_force|=0.4905N
### kotek_magnet[tick=19440] sensor3: d=0.0148m in_range=True f_mag=0.244N tau_mag=0.0001Nm misalign_deg=15.5 pos=[0.37002474 0.05014478 0.3655964 ] bottom_world=[0.38929521 0.0500615  0.3602446 ] quat=[-0.00469838 -0.6051168   0.00618649  0.7960988 ] speed=0.0002 ang_speed=0.0045 ang_vel_vec=[-0.00444908  0.00083196 -0.00038292] |com_force|=0.4905N
### kotek_magnet[tick=19440] sensor4: d=0.3516m in_range=False f_mag=0.000N tau_mag=0.0000Nm misalign_deg=135.7 pos=[0.11563203 0.2846642  0.4965477 ] bottom_world=[0.10132035 0.27311079 0.48869314] quat=[ 0.8329159  -0.37174904  0.40674147 -0.05113861] speed=0.0984 ang_speed=4.9429 ang_vel_vec=[ 2.9007564  1.3813219 -3.7563698] |com_force|=0.0000N
### kotek_magnet[tick=19500] sensor2: d=0.0148m in_range=True f_mag=0.244N tau_mag=0.0001Nm misalign_deg=15.5 pos=[ 0.37002027 -0.05017683  0.36561063] bottom_world=[ 0.38929004 -0.05004072  0.36025735] quat=[ 0.0076917  -0.6050336  -0.01011984  0.7960985 ] speed=0.0000 ang_speed=0.0006 ang_vel_vec=[-6.2297418e-04  1.0848613e-04  8.6068496e-05] |com_force|=0.4905N
### kotek_magnet[tick=19500] sensor3: d=0.0148m in_range=True f_mag=0.244N tau_mag=0.0001Nm misalign_deg=15.5 pos=[0.37002477 0.05014478 0.3655965 ] bottom_world=[0.38929524 0.05006151 0.36024469] quat=[-0.00469836 -0.6051169   0.00618633  0.7960987 ] speed=0.0002 ang_speed=0.0045 ang_vel_vec=[-0.00437665  0.0008267  -0.00035904] |com_force|=0.4905N
### kotek_magnet[tick=19500] sensor4: d=0.3382m in_range=False f_mag=0.000N tau_mag=0.0000Nm misalign_deg=145.0 pos=[0.13043101 0.28021255 0.49099118] bottom_world=[0.1140471  0.27139836 0.48365105] quat=[ 0.81943613 -0.32989976  0.4557005  -0.10967071] speed=0.1315 ang_speed=6.6049 ang_vel_vec=[ 5.0739546   0.22748101 -4.2222595 ] |com_force|=0.0000N
### kotek_magnet[tick=19560] sensor2: d=0.0148m in_range=True f_mag=0.244N tau_mag=0.0001Nm misalign_deg=15.5 pos=[ 0.37002027 -0.05017682  0.36561063] bottom_world=[ 0.38929004 -0.05004072  0.36025735] quat=[ 0.0076917  -0.6050336  -0.01011986  0.7960985 ] speed=0.0000 ang_speed=0.0006 ang_vel_vec=[-5.98621904e-04  1.05521176e-04  9.09750379e-05] |com_force|=0.4905N
### kotek_magnet[tick=19560] sensor3: d=0.0148m in_range=True f_mag=0.244N tau_mag=0.0001Nm misalign_deg=15.5 pos=[0.3700248  0.05014478 0.3655964 ] bottom_world=[0.38929528 0.05006151 0.36024462] quat=[-0.0046983  -0.6051172   0.00618632  0.7960986 ] speed=0.0002 ang_speed=0.0045 ang_vel_vec=[-0.00439172  0.0008441  -0.00036845] |com_force|=0.4905N
### kotek_magnet[tick=19560] sensor4: d=0.3250m in_range=False f_mag=0.000N tau_mag=0.0000Nm misalign_deg=153.4 pos=[0.14442348 0.27514046 0.48573095] bottom_world=[0.12654301 0.26930807 0.47892861] quat=[ 0.80178463 -0.2844988   0.49900106 -0.16492324] speed=0.1295 ang_speed=4.7639 ang_vel_vec=[ 3.3125503  0.9767764 -3.2814152] |com_force|=0.0000N
### kotek_magnet[tick=19620] sensor2: d=0.0148m in_range=True f_mag=0.244N tau_mag=0.0001Nm misalign_deg=15.5 pos=[ 0.37002027 -0.05017683  0.36561063] bottom_world=[ 0.38929004 -0.05004073  0.36025735] quat=[ 0.00769167 -0.6050336  -0.01011976  0.7960985 ] speed=0.0000 ang_speed=0.0007 ang_vel_vec=[-6.55429671e-04  1.13458154e-04  8.01237766e-05] |com_force|=0.4905N
### kotek_magnet[tick=19620] sensor3: d=0.0148m in_range=True f_mag=0.244N tau_mag=0.0001Nm misalign_deg=15.5 pos=[0.37002477 0.05014478 0.36559644] bottom_world=[0.38929525 0.05006151 0.36024464] quat=[-0.00469831 -0.60511696  0.00618634  0.79609865] speed=0.0002 ang_speed=0.0045 ang_vel_vec=[-0.00436413  0.00083745 -0.00035856] |com_force|=0.4905N
### kotek_magnet[tick=19620] sensor4: d=0.3113m in_range=False f_mag=0.000N tau_mag=0.0000Nm misalign_deg=160.4 pos=[0.15827559 0.26929688 0.48037082] bottom_world=[0.13943905 0.26666326 0.47418625] quat=[ 0.7790574  -0.23544417  0.5384717  -0.21836609] speed=0.1469 ang_speed=6.7905 ang_vel_vec=[ 4.7467    -1.2570767 -4.6903205] |com_force|=0.0000N
### kotek_magnet[tick=19680] sensor2: d=0.0148m in_range=True f_mag=0.244N tau_mag=0.0001Nm misalign_deg=15.5 pos=[ 0.37002027 -0.05017683  0.36561063] bottom_world=[ 0.38929004 -0.05004072  0.36025735] quat=[ 0.00769167 -0.6050336  -0.01011981  0.7960985 ] speed=0.0000 ang_speed=0.0006 ang_vel_vec=[-5.9618201e-04  1.0349434e-04  9.2184921e-05] |com_force|=0.4905N
### kotek_magnet[tick=19680] sensor3: d=0.0148m in_range=True f_mag=0.244N tau_mag=0.0001Nm misalign_deg=15.5 pos=[0.3700246  0.05014488 0.36559644] bottom_world=[0.38929506 0.05006157 0.36024462] quat=[-0.00469715 -0.60511667  0.00618638  0.79609895] speed=0.0002 ang_speed=0.0051 ang_vel_vec=[-0.00487996  0.00092033 -0.00107835] |com_force|=0.4905N
### kotek_magnet[tick=19680] sensor4: d=0.2975m in_range=False f_mag=0.000N tau_mag=0.0000Nm misalign_deg=163.8 pos=[0.17171445 0.2629537  0.47527018] bottom_world=[0.15250931 0.26361274 0.46972691] quat=[ 0.7524968  -0.18279448  0.57271665 -0.26894307] speed=0.1586 ang_speed=6.1581 ang_vel_vec=[ 4.1488895 -1.483018  -4.3022823] |com_force|=0.0000N
### kotek_magnet[tick=19740] sensor2: d=0.0148m in_range=True f_mag=0.244N tau_mag=0.0001Nm misalign_deg=15.5 pos=[ 0.37002027 -0.05017682  0.36561063] bottom_world=[ 0.38929004 -0.05004072  0.36025735] quat=[ 0.00769168 -0.6050336  -0.01011982  0.7960985 ] speed=0.0000 ang_speed=0.0006 ang_vel_vec=[-6.0817751e-04  1.0582278e-04  8.9803565e-05] |com_force|=0.4905N
### kotek_magnet[tick=19740] sensor3: d=0.0148m in_range=True f_mag=0.244N tau_mag=0.0001Nm misalign_deg=15.5 pos=[0.37002465 0.05014488 0.36559644] bottom_world=[0.38929513 0.05006158 0.36024463] quat=[-0.00469715 -0.6051168   0.00618638  0.79609895] speed=0.0002 ang_speed=0.0051 ang_vel_vec=[-0.00486981  0.00090975 -0.00108891] |com_force|=0.4905N
### kotek_magnet[tick=19740] sensor4: d=0.2831m in_range=False f_mag=0.000N tau_mag=0.0000Nm misalign_deg=161.8 pos=[0.18504824 0.2559444  0.47025532] bottom_world=[0.16605165 0.2598996  0.46540908] quat=[ 0.72181153 -0.12704808  0.60224825 -0.31645545] speed=0.1603 ang_speed=5.6323 ang_vel_vec=[ 3.0040557 -1.4524789 -4.537539 ] |com_force|=0.0000N
### kotek_magnet[tick=19800] sensor2: d=0.0148m in_range=True f_mag=0.244N tau_mag=0.0001Nm misalign_deg=15.5 pos=[ 0.37002027 -0.05017683  0.36561063] bottom_world=[ 0.38929004 -0.05004072  0.36025735] quat=[ 0.00769171 -0.6050336  -0.01011984  0.7960985 ] speed=0.0000 ang_speed=0.0006 ang_vel_vec=[-6.2296429e-04  1.0863884e-04  8.6062202e-05] |com_force|=0.4905N
### kotek_magnet[tick=19800] sensor3: d=0.0148m in_range=True f_mag=0.244N tau_mag=0.0001Nm misalign_deg=15.5 pos=[0.37002462 0.05014488 0.3655964 ] bottom_world=[0.3892951  0.05006158 0.3602446 ] quat=[-0.00469719 -0.60511684  0.00618647  0.7960988 ] speed=0.0002 ang_speed=0.0051 ang_vel_vec=[-0.004904    0.00092582 -0.00110011] |com_force|=0.4905N
### kotek_magnet[tick=19800] sensor4: d=0.2682m in_range=False f_mag=0.000N tau_mag=0.0000Nm misalign_deg=155.7 pos=[0.19818541 0.24831747 0.46547207] bottom_world=[0.17996315 0.25546032 0.4613576 ] quat=[ 0.68766046 -0.06875104  0.6264275  -0.36053443] speed=0.1482 ang_speed=4.4798 ang_vel_vec=[ 2.2603052  -0.15903133 -3.8645506 ] |com_force|=0.0000N
### kotek_magnet[tick=19860] sensor2: d=0.0148m in_range=True f_mag=0.244N tau_mag=0.0001Nm misalign_deg=15.5 pos=[ 0.37002027 -0.05017682  0.36561063] bottom_world=[ 0.38929004 -0.05004071  0.36025735] quat=[ 0.00769173 -0.6050336  -0.01011988  0.7960985 ] speed=0.0000 ang_speed=0.0006 ang_vel_vec=[-6.0665503e-04  1.0559707e-04  9.0441717e-05] |com_force|=0.4905N
### kotek_magnet[tick=19860] sensor3: d=0.0148m in_range=True f_mag=0.244N tau_mag=0.0001Nm misalign_deg=15.5 pos=[0.3700247  0.05014477 0.36559644] bottom_world=[0.38929518 0.05006149 0.36024461] quat=[-0.00469842 -0.6051165   0.00618647  0.79609907] speed=0.0002 ang_speed=0.0045 ang_vel_vec=[-0.0044107   0.00080866 -0.00036851] |com_force|=0.4905N
### kotek_magnet[tick=19860] sensor4: d=0.2529m in_range=False f_mag=0.000N tau_mag=0.0000Nm misalign_deg=147.8 pos=[0.21113706 0.24005345 0.46088478] bottom_world=[0.19421586 0.25018042 0.4575505 ] quat=[ 0.65029067 -0.00827667  0.64542586 -0.40059838] speed=0.1490 ang_speed=4.5697 ang_vel_vec=[ 2.1637757  -0.24383086 -4.017584  ] |com_force|=0.0000N
### kotek_magnet[tick=19920] sensor2: d=0.0148m in_range=True f_mag=0.244N tau_mag=0.0001Nm misalign_deg=15.5 pos=[ 0.37002027 -0.05017683  0.36561063] bottom_world=[ 0.38929004 -0.05004072  0.36025735] quat=[ 0.00769165 -0.6050336  -0.0101198   0.7960985 ] speed=0.0000 ang_speed=0.0006 ang_vel_vec=[-5.87686896e-04  1.04805804e-04  9.26449211e-05] |com_force|=0.4905N
### kotek_magnet[tick=19920] sensor3: d=0.0148m in_range=True f_mag=0.244N tau_mag=0.0001Nm misalign_deg=15.5 pos=[0.3700247  0.05014478 0.36559647] bottom_world=[0.38929518 0.0500615  0.36024465] quat=[-0.00469834 -0.60511655  0.00618642  0.79609907] speed=0.0002 ang_speed=0.0045 ang_vel_vec=[-0.00442153  0.00082097 -0.00037564] |com_force|=0.4905N
### kotek_magnet[tick=19920] sensor4: d=0.2371m in_range=False f_mag=0.000N tau_mag=0.0000Nm misalign_deg=139.2 pos=[0.2239031  0.23112333 0.45653102] bottom_world=[0.20875905 0.24394398 0.4540233 ] quat=[ 0.6101266   0.05391339  0.65909064 -0.43639246] speed=0.1501 ang_speed=4.6513 ang_vel_vec=[ 2.0776045 -0.3179804 -4.1493864] |com_force|=0.0000N
### kotek_magnet[tick=19980] sensor2: d=0.0148m in_range=True f_mag=0.244N tau_mag=0.0001Nm misalign_deg=15.5 pos=[ 0.37002027 -0.05017683  0.36561063] bottom_world=[ 0.38929004 -0.05004072  0.36025735] quat=[ 0.00769165 -0.6050336  -0.01011981  0.7960985 ] speed=0.0000 ang_speed=0.0006 ang_vel_vec=[-6.0090376e-04  1.0370139e-04  9.0432506e-05] |com_force|=0.4905N
### kotek_magnet[tick=19980] sensor3: d=0.0148m in_range=True f_mag=0.244N tau_mag=0.0001Nm misalign_deg=15.5 pos=[0.3700247  0.05014478 0.36559647] bottom_world=[0.38929518 0.05006151 0.36024464] quat=[-0.00469829 -0.6051165   0.00618637  0.79609907] speed=0.0002 ang_speed=0.0045 ang_vel_vec=[-0.00443473  0.0008218  -0.00038028] |com_force|=0.4905N
### kotek_magnet[tick=19980] sensor4: d=0.2208m in_range=False f_mag=0.000N tau_mag=0.0000Nm misalign_deg=130.3 pos=[0.23654762 0.22141401 0.45239258] bottom_world=[0.22360461 0.2365742  0.45076551] quat=[ 0.5673061   0.11770805  0.66743404 -0.46780393] speed=0.1545 ang_speed=4.7293 ang_vel_vec=[ 1.9986284  -0.39435765 -4.268043  ] |com_force|=0.0000N
### kotek_magnet[tick=20040] sensor2: d=0.0148m in_range=True f_mag=0.244N tau_mag=0.0001Nm misalign_deg=15.5 pos=[ 0.37002027 -0.05017682  0.36561063] bottom_world=[ 0.38929004 -0.05004072  0.36025735] quat=[ 0.00769168 -0.6050336  -0.01011981  0.7960985 ] speed=0.0000 ang_speed=0.0006 ang_vel_vec=[-6.0816569e-04  1.0583422e-04  8.9788824e-05] |com_force|=0.4905N
### kotek_magnet[tick=20040] sensor3: d=0.0148m in_range=True f_mag=0.244N tau_mag=0.0001Nm misalign_deg=15.5 pos=[0.3700247  0.05014478 0.3655965 ] bottom_world=[0.38929518 0.0500615  0.36024466] quat=[-0.0046983  -0.6051163   0.00618629  0.7960992 ] speed=0.0002 ang_speed=0.0044 ang_vel_vec=[-0.00435416  0.00080158 -0.00035422] |com_force|=0.4905N
### kotek_magnet[tick=20040] sensor4: d=0.2046m in_range=False f_mag=0.000N tau_mag=0.0000Nm misalign_deg=121.5 pos=[0.24874854 0.21120118 0.44862553] bottom_world=[0.23829145 0.22823469 0.44791219] quat=[ 0.523402    0.1810996   0.6703502  -0.49384618] speed=0.1534 ang_speed=4.7871 ang_vel_vec=[ 1.911212  -0.4457647 -4.3663154] |com_force|=0.0000N
### kotek_magnet[tick=20100] sensor2: d=0.0148m in_range=True f_mag=0.244N tau_mag=0.0001Nm misalign_deg=15.5 pos=[ 0.37002027 -0.05017682  0.36561063] bottom_world=[ 0.38929004 -0.05004071  0.36025735] quat=[ 0.00769171 -0.6050336  -0.01011988  0.7960985 ] speed=0.0000 ang_speed=0.0006 ang_vel_vec=[-5.98657178e-04  1.05537125e-04  9.09965311e-05] |com_force|=0.4905N
### kotek_magnet[tick=20100] sensor3: d=0.0148m in_range=True f_mag=0.244N tau_mag=0.0001Nm misalign_deg=15.5 pos=[0.37002474 0.05014479 0.3655964 ] bottom_world=[0.38929521 0.05006152 0.36024459] quat=[-0.00469822 -0.60511667  0.00618623  0.7960989 ] speed=0.0002 ang_speed=0.0045 ang_vel_vec=[-0.00438664  0.00081015 -0.00036725] |com_force|=0.4905N
### kotek_magnet[tick=20100] sensor4: d=0.1880m in_range=False f_mag=0.000N tau_mag=0.0000Nm misalign_deg=112.6 pos=[0.2608932  0.20004608 0.445084  ] bottom_world=[0.25320565 0.21850765 0.44535274] quat=[ 0.47726268  0.24579602  0.66805893 -0.51526886] speed=0.1576 ang_speed=4.8438 ang_vel_vec=[ 1.8519435 -0.4780709 -4.4501395] |com_force|=0.0000N
### kotek_magnet[tick=20160] sensor2: d=0.0148m in_range=True f_mag=0.244N tau_mag=0.0001Nm misalign_deg=15.5 pos=[ 0.37002027 -0.05017683  0.36561063] bottom_world=[ 0.38929004 -0.05004073  0.36025735] quat=[ 0.00769165 -0.6050336  -0.01011977  0.7960985 ] speed=0.0000 ang_speed=0.0007 ang_vel_vec=[-6.4323656e-04  1.1201450e-04  8.2531813e-05] |com_force|=0.4905N
### kotek_magnet[tick=20160] sensor3: d=0.0148m in_range=True f_mag=0.244N tau_mag=0.0001Nm misalign_deg=15.5 pos=[0.3700247  0.05014478 0.36559647] bottom_world=[0.38929518 0.05006151 0.36024465] quat=[-0.00469832 -0.6051166   0.00618642  0.79609907] speed=0.0002 ang_speed=0.0045 ang_vel_vec=[-0.00444304  0.00082628 -0.00038367] |com_force|=0.4905N
### kotek_magnet[tick=20160] sensor4: d=0.1716m in_range=False f_mag=0.000N tau_mag=0.0000Nm misalign_deg=103.9 pos=[0.27268547 0.18815398 0.4419033 ] bottom_world=[0.2678953  0.20752851 0.44320021] quat=[ 0.43044397  0.30981854  0.66063255 -0.53131455] speed=0.1609 ang_speed=4.8811 ang_vel_vec=[ 1.8105185 -0.4975676 -4.5054665] |com_force|=0.0000N
### kotek_magnet[tick=20220] sensor2: d=0.0148m in_range=True f_mag=0.244N tau_mag=0.0001Nm misalign_deg=15.5 pos=[ 0.37002027 -0.05017683  0.36561063] bottom_world=[ 0.38929004 -0.05004072  0.36025735] quat=[ 0.00769164 -0.6050336  -0.01011977  0.7960985 ] speed=0.0000 ang_speed=0.0006 ang_vel_vec=[-5.7533890e-04  1.0308416e-04  9.4941992e-05] |com_force|=0.4905N
### kotek_magnet[tick=20220] sensor3: d=0.0148m in_range=True f_mag=0.244N tau_mag=0.0001Nm misalign_deg=15.5 pos=[0.37002468 0.05014478 0.36559644] bottom_world=[0.38929515 0.05006151 0.36024461] quat=[-0.00469828 -0.60511637  0.00618635  0.7960991 ] speed=0.0002 ang_speed=0.0045 ang_vel_vec=[-0.00444758  0.00081175 -0.0003834 ] |com_force|=0.4905N
### kotek_magnet[tick=20220] sensor4: d=0.1558m in_range=False f_mag=0.000N tau_mag=0.0000Nm misalign_deg=95.3 pos=[0.28409722 0.1755095  0.4390934 ] bottom_world=[0.28225327 0.19528273 0.44146386] quat=[ 0.38304272  0.37290445  0.648231   -0.5422334 ] speed=0.1700 ang_speed=5.0814 ang_vel_vec=[ 1.9749346 -1.229692  -4.517551 ] |com_force|=0.0000N
### kotek_magnet[tick=20280] sensor2: d=0.0148m in_range=True f_mag=0.244N tau_mag=0.0001Nm misalign_deg=15.5 pos=[ 0.37002027 -0.05017683  0.36561063] bottom_world=[ 0.38929004 -0.05004072  0.36025735] quat=[ 0.00769165 -0.6050336  -0.0101198   0.7960985 ] speed=0.0000 ang_speed=0.0006 ang_vel_vec=[-6.0089468e-04  1.0385207e-04  9.0428912e-05] |com_force|=0.4905N
### kotek_magnet[tick=20280] sensor3: d=0.0148m in_range=True f_mag=0.244N tau_mag=0.0001Nm misalign_deg=15.5 pos=[0.37002462 0.05014489 0.36559638] bottom_world=[0.3892951  0.05006158 0.36024457] quat=[-0.00469714 -0.60511684  0.00618644  0.7960988 ] speed=0.0002 ang_speed=0.0051 ang_vel_vec=[-0.00490854  0.00092816 -0.00110873] |com_force|=0.4905N
### kotek_magnet[tick=20280] sensor4: d=0.1411m in_range=False f_mag=0.000N tau_mag=0.0000Nm misalign_deg=87.0 pos=[0.2951305  0.16198231 0.43669176] bottom_world=[0.2961747  0.18164573 0.44019316] quat=[ 0.3357798   0.43483958  0.6312285  -0.54746413] speed=0.1744 ang_speed=5.1001 ang_vel_vec=[ 1.8767945 -1.2684865 -4.5694485] |com_force|=0.0000N
### kotek_magnet[tick=20340] sensor2: d=0.0148m in_range=True f_mag=0.244N tau_mag=0.0001Nm misalign_deg=15.5 pos=[ 0.37002027 -0.05017683  0.36561063] bottom_world=[ 0.38929004 -0.05004072  0.36025735] quat=[ 0.00769171 -0.6050336  -0.01011986  0.7960985 ] speed=0.0000 ang_speed=0.0006 ang_vel_vec=[-6.22994383e-04  1.08662854e-04  8.60939326e-05] |com_force|=0.4905N
### kotek_magnet[tick=20340] sensor3: d=0.0148m in_range=True f_mag=0.244N tau_mag=0.0001Nm misalign_deg=15.5 pos=[0.37002465 0.05014488 0.36559638] bottom_world=[0.38929513 0.05006158 0.36024458] quat=[-0.00469715 -0.6051171   0.00618634  0.79609853] speed=0.0002 ang_speed=0.0051 ang_vel_vec=[-0.00487342  0.0009327  -0.00108638] |com_force|=0.4905N
### kotek_magnet[tick=20340] sensor4: d=0.1312m in_range=False f_mag=0.000N tau_mag=0.0000Nm misalign_deg=81.0 pos=[0.30318168 0.15115    0.43518415] bottom_world=[0.30632483 0.1704075  0.43957385] quat=[ 0.30020556  0.48065463  0.61539704 -0.5478452 ] speed=0.1740 ang_speed=4.9784 ang_vel_vec=[ 1.7829461 -1.2557852 -4.4753523] |com_force|=0.0000N
### kotek_magnet[tick=20400] sensor2: d=0.0148m in_range=True f_mag=0.244N tau_mag=0.0001Nm misalign_deg=15.5 pos=[ 0.37002027 -0.05017682  0.36561063] bottom_world=[ 0.38929004 -0.05004071  0.36025735] quat=[ 0.00769173 -0.6050336  -0.01011989  0.7960985 ] speed=0.0000 ang_speed=0.0006 ang_vel_vec=[-6.1102700e-04  1.0684541e-04  8.8655797e-05] |com_force|=0.4905N
### kotek_magnet[tick=20400] sensor3: d=0.0148m in_range=True f_mag=0.244N tau_mag=0.0001Nm misalign_deg=15.5 pos=[0.37002462 0.05014488 0.3655964 ] bottom_world=[0.3892951  0.05006157 0.3602446 ] quat=[-0.00469719 -0.6051169   0.00618643  0.7960988 ] speed=0.0002 ang_speed=0.0051 ang_vel_vec=[-0.00487649  0.00092407 -0.00108861] |com_force|=0.4905N
### kotek_magnet[tick=20400] sensor4: d=0.1304m in_range=False f_mag=0.000N tau_mag=0.0000Nm misalign_deg=81.4 pos=[0.29975387 0.15481687 0.42916974] bottom_world=[0.30275873 0.1741194  0.4334573 ] quat=[ 0.30124077  0.4751768   0.61757255 -0.5496046 ] speed=0.1619 ang_speed=6.9594 ang_vel_vec=[ 0.47165596 -1.0439993  -6.8644953 ] |com_force|=0.0000N
### still playing, 1039s left
### kotek_magnet[tick=20460] sensor2: d=0.0148m in_range=True f_mag=0.244N tau_mag=0.0001Nm misalign_deg=15.5 pos=[ 0.37002027 -0.05017684  0.36561063] bottom_world=[ 0.38929004 -0.05004073  0.36025735] quat=[ 0.00769166 -0.6050336  -0.01011974  0.7960985 ] speed=0.0000 ang_speed=0.0007 ang_vel_vec=[-6.4900290e-04  1.1212407e-04  8.2203842e-05] |com_force|=0.4905N
### kotek_magnet[tick=20460] sensor3: d=0.0148m in_range=True f_mag=0.244N tau_mag=0.0001Nm misalign_deg=15.5 pos=[0.37002465 0.05014487 0.36559638] bottom_world=[0.38929513 0.05006157 0.36024459] quat=[-0.00469717 -0.6051173   0.00618638  0.79609853] speed=0.0002 ang_speed=0.0051 ang_vel_vec=[-0.00487674  0.00094501 -0.00108864] |com_force|=0.4905N
### kotek_magnet[tick=20460] sensor4: d=0.1131m in_range=False f_mag=0.000N tau_mag=0.0000Nm misalign_deg=81.0 pos=[0.3107556  0.1576782  0.41378865] bottom_world=[0.31387067 0.17694319 0.4181655 ] quat=[ 0.29987353  0.47910357  0.616345   -0.54831976] speed=0.1493 ang_speed=6.9702 ang_vel_vec=[ 0.49213362 -1.2001733  -6.848469  ] |com_force|=0.0000N
### kotek_magnet[tick=20520] sensor2: d=0.0148m in_range=True f_mag=0.244N tau_mag=0.0001Nm misalign_deg=15.5 pos=[ 0.37002027 -0.05017683  0.36561063] bottom_world=[ 0.38929004 -0.05004072  0.36025735] quat=[ 0.00769164 -0.6050336  -0.01011977  0.7960985 ] speed=0.0000 ang_speed=0.0006 ang_vel_vec=[-5.7532353e-04  1.0312688e-04  9.4942057e-05] |com_force|=0.4905N
### kotek_magnet[tick=20520] sensor3: d=0.0148m in_range=True f_mag=0.244N tau_mag=0.0001Nm misalign_deg=15.5 pos=[0.37002477 0.05014469 0.36559653] bottom_world=[0.38929525 0.05006142 0.36024473] quat=[-0.00469904 -0.60511696  0.00618671  0.79609865] speed=0.0002 ang_speed=0.0041 ang_vel_vec=[-0.00405365  0.00059569  0.00014013] |com_force|=0.4905N
### kotek_magnet[tick=20520] sensor4: d=0.0909m in_range=True f_mag=1.458N tau_mag=0.0018Nm misalign_deg=80.7 pos=[0.32451326 0.16114347 0.39171717] bottom_world=[0.32773662 0.18039928 0.3960558 ] quat=[ 0.29835424  0.48003212  0.6148455  -0.55001724] speed=0.1771 ang_speed=7.3457 ang_vel_vec=[ 0.6809477 -4.635138  -5.6578417] |com_force|=0.2848N
### kotek_magnet[tick=20580] sensor2: d=0.0148m in_range=True f_mag=0.244N tau_mag=0.0001Nm misalign_deg=15.5 pos=[ 0.37002027 -0.05017682  0.36561063] bottom_world=[ 0.38929004 -0.05004072  0.36025735] quat=[ 0.00769169 -0.6050336  -0.01011983  0.7960985 ] speed=0.0000 ang_speed=0.0006 ang_vel_vec=[-6.08206785e-04  1.05888124e-04  8.98254293e-05] |com_force|=0.4905N
### kotek_magnet[tick=20580] sensor3: d=0.0148m in_range=True f_mag=0.244N tau_mag=0.0001Nm misalign_deg=15.5 pos=[0.3700247  0.05014487 0.36559635] bottom_world=[0.3892952  0.05006156 0.36024458] quat=[-0.0046972  -0.6051176   0.00618638  0.79609835] speed=0.0002 ang_speed=0.0050 ang_vel_vec=[-0.00484481  0.00093498 -0.00107442] |com_force|=0.4905N
### kotek_magnet[tick=20580] sensor4: d=0.1062m in_range=False f_mag=0.000N tau_mag=0.0000Nm misalign_deg=96.4 pos=[0.30735916 0.15211076 0.3964106 ] bottom_world=[0.30512403 0.17158622 0.39244695] quat=[ 0.2784377   0.15892836  0.612903   -0.7221941 ] speed=0.1754 ang_speed=5.6679 ang_vel_vec=[-0.31810987  3.2595606   4.625971  ] |com_force|=0.0000N
### kotek_magnet[tick=20640] sensor2: d=0.0148m in_range=True f_mag=0.244N tau_mag=0.0001Nm misalign_deg=15.5 pos=[ 0.37002027 -0.05017682  0.36561063] bottom_world=[ 0.38929004 -0.05004072  0.36025735] quat=[ 0.00769172 -0.6050336  -0.01011987  0.7960985 ] speed=0.0000 ang_speed=0.0006 ang_vel_vec=[-6.110132e-04  1.066261e-04  8.861688e-05] |com_force|=0.4905N
### kotek_magnet[tick=20640] sensor3: d=0.0148m in_range=True f_mag=0.244N tau_mag=0.0001Nm misalign_deg=15.5 pos=[0.37002465 0.05014488 0.36559635] bottom_world=[0.38929513 0.05006157 0.36024456] quat=[-0.00469725 -0.6051172   0.00618655  0.7960985 ] speed=0.0002 ang_speed=0.0051 ang_vel_vec=[-0.00490992  0.00095224 -0.00110505] |com_force|=0.4905N
### kotek_magnet[tick=20640] sensor4: d=0.1502m in_range=False f_mag=0.000N tau_mag=0.0000Nm misalign_deg=139.6 pos=[0.30195725 0.14531271 0.24999003] bottom_world=[0.28673586 0.15816828 0.25173473] quat=[ 0.2860501  -0.30885962  0.66949475 -0.61201143] speed=0.2303 ang_speed=5.1296 ang_vel_vec=[-8.4300060e-04  5.0663137e+00  8.0342090e-01] |com_force|=0.0000N
### kotek_magnet[tick=20700] sensor2: d=0.0148m in_range=True f_mag=0.244N tau_mag=0.0001Nm misalign_deg=15.5 pos=[ 0.37002027 -0.05017682  0.36561063] bottom_world=[ 0.38929004 -0.05004071  0.36025735] quat=[ 0.00769171 -0.6050336  -0.01011989  0.7960985 ] speed=0.0000 ang_speed=0.0006 ang_vel_vec=[-5.9882767e-04  1.0504929e-04  9.1029025e-05] |com_force|=0.4905N
### kotek_magnet[tick=20700] sensor3: d=0.0148m in_range=True f_mag=0.244N tau_mag=0.0001Nm misalign_deg=15.5 pos=[0.37002465 0.05014487 0.36559638] bottom_world=[0.38929513 0.05006157 0.36024459] quat=[-0.00469714 -0.6051172   0.00618636  0.79609865] speed=0.0002 ang_speed=0.0051 ang_vel_vec=[-0.00488593  0.00093227 -0.00109021] |com_force|=0.4905N
### kotek_magnet[tick=20700] sensor4: d=0.2283m in_range=False f_mag=0.000N tau_mag=0.0000Nm misalign_deg=89.0 pos=[0.3266251  0.14281471 0.11899573] bottom_world=[0.32696224 0.15623084 0.13382454] quat=[-0.22988267 -0.5783842   0.73225135 -0.2764662 ] speed=0.2626 ang_speed=2.0797 ang_vel_vec=[-1.3329785   1.5504469   0.38022417] |com_force|=0.0000N
### kotek_magnet[tick=20760] sensor2: d=0.0148m in_range=True f_mag=0.244N tau_mag=0.0001Nm misalign_deg=15.5 pos=[ 0.37002027 -0.05017684  0.36561063] bottom_world=[ 0.38929004 -0.05004073  0.36025735] quat=[ 0.00769166 -0.6050336  -0.01011974  0.7960985 ] speed=0.0000 ang_speed=0.0007 ang_vel_vec=[-6.48810586e-04  1.12655965e-04  8.21670110e-05] |com_force|=0.4905N
### kotek_magnet[tick=20760] sensor3: d=0.0148m in_range=True f_mag=0.244N tau_mag=0.0001Nm misalign_deg=15.5 pos=[0.3700247  0.05014488 0.36559635] bottom_world=[0.3892952  0.05006158 0.36024458] quat=[-0.0046971  -0.6051176   0.00618633  0.7960983 ] speed=0.0002 ang_speed=0.0051 ang_vel_vec=[-0.0048582   0.00093452 -0.00108165] |com_force|=0.4905N
### kotek_magnet[tick=20760] sensor4: d=0.3047m in_range=False f_mag=0.000N tau_mag=0.0000Nm misalign_deg=86.2 pos=[0.3276094  0.1447358  0.04595607] bottom_world=[0.32895033 0.16300902 0.05397426] quat=[-0.41728708 -0.59676224  0.586796   -0.35414246] speed=0.0012 ang_speed=0.0531 ang_vel_vec=[ 0.01220034  0.01135719 -0.05042274] |com_force|=0.0000N
### kotek_magnet[tick=20820] sensor2: d=0.0148m in_range=True f_mag=0.244N tau_mag=0.0001Nm misalign_deg=15.5 pos=[ 0.37002027 -0.05017683  0.36561063] bottom_world=[ 0.38929004 -0.05004072  0.36025735] quat=[ 0.00769166 -0.6050336  -0.01011982  0.7960985 ] speed=0.0000 ang_speed=0.0006 ang_vel_vec=[-6.007485e-04  1.042554e-04  9.042396e-05] |com_force|=0.4905N
### kotek_magnet[tick=20820] sensor3: d=0.0148m in_range=True f_mag=0.244N tau_mag=0.0001Nm misalign_deg=15.5 pos=[0.3700247  0.05014471 0.36559656] bottom_world=[0.38929518 0.05006144 0.36024472] quat=[-0.00469895 -0.60511625  0.00618661  0.7960993 ] speed=0.0002 ang_speed=0.0041 ang_vel_vec=[-0.0040607   0.00059716  0.00013967] |com_force|=0.4905N
### kotek_magnet[tick=20820] sensor4: d=0.3047m in_range=False f_mag=0.000N tau_mag=0.0000Nm misalign_deg=86.2 pos=[0.32760948 0.14473584 0.04595605] bottom_world=[0.32895038 0.16300907 0.05397423] quat=[-0.4172866  -0.5967626   0.58679557 -0.35414305] speed=0.0013 ang_speed=0.0574 ang_vel_vec=[ 0.01350174  0.01339965 -0.05415133] |com_force|=0.0000N
### kotek_magnet[tick=20880] sensor2: d=0.0148m in_range=True f_mag=0.244N tau_mag=0.0001Nm misalign_deg=15.5 pos=[ 0.37002027 -0.05017682  0.36561063] bottom_world=[ 0.38929004 -0.05004072  0.36025735] quat=[ 0.00769171 -0.6050336  -0.01011985  0.7960985 ] speed=0.0000 ang_speed=0.0006 ang_vel_vec=[-6.0824683e-04  1.0562684e-04  8.9810543e-05] |com_force|=0.4905N
### kotek_magnet[tick=20880] sensor3: d=0.0148m in_range=True f_mag=0.244N tau_mag=0.0001Nm misalign_deg=15.5 pos=[0.3700247  0.05014477 0.36559647] bottom_world=[0.38929518 0.05006149 0.36024465] quat=[-0.00469837 -0.60511655  0.00618643  0.79609907] speed=0.0002 ang_speed=0.0045 ang_vel_vec=[-0.00441437  0.00081871 -0.00037284] |com_force|=0.4905N
### kotek_magnet[tick=20880] sensor4: d=0.3047m in_range=False f_mag=0.000N tau_mag=0.0000Nm misalign_deg=86.2 pos=[0.32760948 0.14473583 0.04595606] bottom_world=[0.32895043 0.16300905 0.05397424] quat=[-0.41728753 -0.59676236  0.5867956  -0.35414207] speed=0.0013 ang_speed=0.0540 ang_vel_vec=[ 0.01384534  0.01111467 -0.05104928] |com_force|=0.0000N
### kotek_magnet[tick=20940] sensor2: d=0.0148m in_range=True f_mag=0.244N tau_mag=0.0001Nm misalign_deg=15.5 pos=[ 0.37002027 -0.05017683  0.36561063] bottom_world=[ 0.38929004 -0.05004072  0.36025735] quat=[ 0.00769171 -0.6050336  -0.01011987  0.7960985 ] speed=0.0000 ang_speed=0.0006 ang_vel_vec=[-6.1284576e-04  1.0689171e-04  8.8201923e-05] |com_force|=0.4905N
### kotek_magnet[tick=20940] sensor3: d=0.0148m in_range=True f_mag=0.244N tau_mag=0.0001Nm misalign_deg=15.5 pos=[0.3700247  0.05014478 0.36559647] bottom_world=[0.38929518 0.05006151 0.36024465] quat=[-0.00469829 -0.60511655  0.00618628  0.796099  ] speed=0.0002 ang_speed=0.0044 ang_vel_vec=[-0.00434503  0.00080274 -0.00035394] |com_force|=0.4905N
### kotek_magnet[tick=20940] sensor4: d=0.3047m in_range=False f_mag=0.000N tau_mag=0.0000Nm misalign_deg=86.2 pos=[0.3276095  0.1447358  0.04595613] bottom_world=[0.32895052 0.16300902 0.05397432] quat=[-0.41728836 -0.59676194  0.58679616 -0.35414127] speed=0.0013 ang_speed=0.0526 ang_vel_vec=[ 0.01401943  0.01058392 -0.04957806] |com_force|=0.0000N
